,label,n_lambdas,n_nonzeros,log_lambda,sum_counts,sum_counts_2,mean_lambda,mean_count,var_count
0,"(0.0, 0.0, 0.0, 0.0, 0.0, 0.0, 0.0)",346104.0,1,-inf,2.0,4.0,0.0,5.778609897603032e-06,1.1557186402873715e-05
1,"(1.0, 1.0, 1.0, 1.0, 1.0, 3.0, 14.0)",20189400.0,1,-21.11707720084433,2.0,4.0,6.74481275759755e-10,9.906188395890913e-08,1.981237581045614e-07
2,"(1.0, 1.0, 1.0, 1.0, 1.0, 4.0, 14.0)",28690199.99999999,1,-21.353878606679224,1.0,1.0,5.322655448414562e-10,3.485510731887545e-08,3.485510610399694e-08
3,"(1.0, 1.0, 1.0, 1.0, 1.0, 6.0, 14.0)",28690199.99999999,3,-21.31835161819632,3.0,3.0,5.515152541707836e-10,1.0456532195662634e-07,1.0456531102271978e-07
4,"(1.0, 1.0, 1.0, 1.0, 1.0, 7.0, 14.0)",28690199.99999999,2,-21.11437115217312,2.0,2.0,6.763089266606491e-10,6.97102146377509e-08,6.971020977823688e-08
5,"(1.0, 1.0, 1.0, 1.0, 1.0, 8.0, 14.0)",24439800.0,2,-20.975578386111017,2.0,2.0,7.770018488347589e-10,8.183373022692493e-08,8.183372353016554e-08
6,"(1.0, 1.0, 1.0, 1.0, 1.0, 9.0, 14.0)",24439800.0,1,-21.62043850524552,1.0,1.0,4.0772079357997407e-10,4.091686511346247e-08,4.091686343927262e-08
7,"(1.0, 1.0, 1.0, 1.0, 1.0, 11.0, 12.0)",24439800.0,1,-21.467532875821924,1.0,1.0,4.75082389278622e-10,4.091686511346247e-08,4.091686343927262e-08
8,"(1.0, 1.0, 1.0, 1.0, 1.0, 11.0, 14.0)",24439800.0,2,-21.276012873159047,2.0,2.0,5.753670832581569e-10,8.183373022692493e-08,8.183372353016554e-08
9,"(1.0, 1.0, 1.0, 1.0, 1.0, 12.0, 12.0)",12751199.999999998,1,-21.55324435290016,1.0,1.0,4.360586545252046e-10,7.842399146746974e-08,7.84239853171473e-08
10,"(1.0, 1.0, 1.0, 1.0, 1.0, 12.0, 14.0)",25502400.0,1,-21.36172435023728,1.0,1.0,5.281058650997509e-10,3.921199573373486e-08,3.9211994196154254e-08
11,"(1.0, 1.0, 1.0, 1.0, 1.0, 13.0, 14.0)",25502400.0,1,-21.24683797692509,1.0,1.0,5.924006259359851e-10,3.921199573373486e-08,3.9211994196154254e-08
12,"(1.0, 1.0, 1.0, 1.0, 1.0, 14.0, 14.0)",12751199.999999998,4,-21.170204347574405,5.0,7.0,6.395832346371554e-10,3.921199573373487e-07,5.489677865142272e-07
13,"(1.0, 1.0, 1.0, 1.0, 2.0, 2.0, 14.0)",50473499.99999999,1,-21.277790447126137,2.0,4.0,5.743452341846598e-10,3.9624753583563657e-08,7.924950559700621e-08
14,"(1.0, 1.0, 1.0, 1.0, 2.0, 3.0, 14.0)",100947000.0,7,-21.079303666428864,8.0,10.0,7.004461222197631e-10,7.92495071671273e-08,9.906187767842475e-08
15,"(1.0, 1.0, 1.0, 1.0, 2.0, 4.0, 6.0)",149189040.00000003,1,-21.464252342885665,1.0,1.0,4.766434718955404e-10,6.70290525362989e-09,6.702905208700952e-09
16,"(1.0, 1.0, 1.0, 1.0, 2.0, 4.0, 14.0)",143450999.99999994,4,-21.31610507226376,4.0,4.0,5.527556513046671e-10,2.788408585510036e-08,2.7884085077578117e-08
17,"(1.0, 1.0, 1.0, 1.0, 2.0, 6.0, 13.0)",143450999.99999994,1,-21.357211713131527,1.0,1.0,5.304944004657051e-10,6.97102146377509e-09,6.97102141517995e-09
18,"(1.0, 1.0, 1.0, 1.0, 2.0, 6.0, 14.0)",143450999.99999994,4,-21.28057808378084,6.0,10.0,5.727463978801058e-10,4.1826128782650537e-08,6.971021288832585e-08
19,"(1.0, 1.0, 1.0, 1.0, 2.0, 7.0, 14.0)",143450999.99999994,3,-21.07659761775765,3.0,3.0,7.023441304111135e-10,2.0913064391325268e-08,2.0913063953969008e-08
20,"(1.0, 1.0, 1.0, 1.0, 2.0, 8.0, 14.0)",122199000.0,6,-20.937804851695542,7.0,9.0,8.069133295966459e-10,5.7283611158847454e-08,7.365035392282033e-08
21,"(1.0, 1.0, 1.0, 1.0, 2.0, 9.0, 14.0)",122199000.0,7,-21.58266497083004,9.0,15.0,4.2341642247928627e-10,7.365035720423244e-08,1.2275058991601227e-07
22,"(1.0, 1.0, 1.0, 1.0, 2.0, 11.0, 14.0)",122199000.0,4,-21.23823933874357,6.0,12.0,5.975164275199632e-10,4.910023813615496e-08,9.820047386147654e-08
23,"(1.0, 1.0, 1.0, 1.0, 2.0, 12.0, 14.0)",127512000.0,4,-21.32395081582181,4.0,4.0,5.484358404374654e-10,3.136959658698789e-08,3.13695956029363e-08
24,"(1.0, 1.0, 1.0, 1.0, 2.0, 13.0, 13.0)",63755999.99999999,1,-21.285698071860303,1.0,1.0,5.698214374213854e-10,1.5684798293493948e-08,1.568479804748105e-08
25,"(1.0, 1.0, 1.0, 1.0, 2.0, 13.0, 14.0)",127512000.0,4,-21.20906444250961,6.0,12.0,6.152056938423088e-10,4.7054394880481834e-08,9.410878754684759e-08
26,"(1.0, 1.0, 1.0, 1.0, 2.0, 14.0, 14.0)",63755999.99999999,9,-21.13243081315893,12.0,20.0,6.642046453161192e-10,1.8821757952192736e-07,3.1369593044402173e-07
27,"(1.0, 1.0, 1.0, 1.0, 3.0, 3.0, 14.0)",50473499.99999999,2,-20.88081688573159,3.0,5.0,8.542332049280324e-10,5.9437130375345485e-08,9.906188042613667e-08
28,"(1.0, 1.0, 1.0, 1.0, 3.0, 4.0, 12.0)",143450999.99999994,2,-21.30913829422936,2.0,2.0,5.566200227134102e-10,1.394204292755018e-08,1.3942042733169619e-08
29,"(1.0, 1.0, 1.0, 1.0, 3.0, 4.0, 14.0)",143450999.99999994,7,-21.11761829156648,9.0,15.0,6.741164189184065e-10,6.27391931739758e-08,1.0456531802041998e-07
30,"(1.0, 1.0, 1.0, 1.0, 3.0, 6.0, 14.0)",143450999.99999994,6,-21.082091303083565,6.0,6.0,6.984962519624102e-10,4.1826128782650537e-08,4.182612703322549e-08
31,"(1.0, 1.0, 1.0, 1.0, 3.0, 7.0, 12.0)",143450999.99999994,2,-21.06963083972325,3.0,5.0,7.072542902082192e-10,2.0913064391325268e-08,3.485510688151918e-08
32,"(1.0, 1.0, 1.0, 1.0, 3.0, 7.0, 14.0)",143450999.99999994,6,-20.87811083706037,7.0,9.0,8.565479320267321e-10,4.8797150246425626e-08,6.273919079281394e-08
33,"(1.0, 1.0, 1.0, 1.0, 3.0, 8.0, 13.0)",122199000.0,1,-20.81595170034896,2.0,4.0,9.114797844857586e-10,1.6366746045384987e-08,3.2733491822899596e-08
34,"(1.0, 1.0, 1.0, 1.0, 3.0, 8.0, 14.0)",122199000.0,5,-20.73931807099828,6.0,8.0,9.840759164403248e-10,4.910023813615496e-08,6.546698177070657e-08
35,"(1.0, 1.0, 1.0, 1.0, 3.0, 9.0, 14.0)",122199000.0,6,-21.384178190132765,10.0,18.0,5.163799985749119e-10,8.183373022692493e-08,1.4730070771170548e-07
36,"(1.0, 1.0, 1.0, 1.0, 3.0, 11.0, 14.0)",122199000.0,7,-21.03975255804629,9.0,15.0,7.287046878923083e-10,7.365035720423244e-08,1.2275058991601227e-07
37,"(1.0, 1.0, 1.0, 1.0, 3.0, 12.0, 14.0)",127512000.0,5,-21.125464035124534,6.0,8.0,6.68848168064108e-10,4.7054394880481834e-08,6.27391909598597e-08
38,"(1.0, 1.0, 1.0, 1.0, 3.0, 13.0, 14.0)",127512000.0,3,-21.01057766181234,3.0,3.0,7.502777371019609e-10,2.3527197440240917e-08,2.3527196886711897e-08
39,"(1.0, 1.0, 1.0, 1.0, 3.0, 14.0, 14.0)",63755999.99999999,17,-20.933944032461653,19.0,23.0,8.100346977414799e-10,2.98011167576385e-07,3.607502719397048e-07
40,"(1.0, 1.0, 1.0, 1.0, 4.0, 4.0, 14.0)",93243150.0,3,-21.35441969740137,3.0,3.0,5.319776187975056e-10,3.217394521742348e-08,3.217394418226073e-08
41,"(1.0, 1.0, 1.0, 1.0, 4.0, 6.0, 14.0)",186486300.0,7,-21.31889270891845,8.0,10.0,5.512169151051676e-10,4.2898593623231303e-08,5.362324018874979e-08
42,"(1.0, 1.0, 1.0, 1.0, 4.0, 7.0, 13.0)",186486300.0,1,-21.191545872245943,1.0,1.0,6.260781751175122e-10,5.362324202903913e-09,5.362324174149392e-09
43,"(1.0, 1.0, 1.0, 1.0, 4.0, 7.0, 14.0)",186486300.0,6,-21.11491224289525,8.0,14.0,6.759430811618676e-10,4.2898593623231303e-08,7.507253700036544e-08
44,"(1.0, 1.0, 1.0, 1.0, 4.0, 8.0, 11.0)",145172411.99999997,1,-21.0819280024178,1.0,1.0,6.986103261793342e-10,6.888361130212538e-09,6.888361082763019e-09
45,"(1.0, 1.0, 1.0, 1.0, 4.0, 8.0, 14.0)",164968649.99999994,4,-20.97611947683316,5.0,7.0,7.765815340677334e-10,3.030878897293517e-08,4.243230364348655e-08
46,"(1.0, 1.0, 1.0, 1.0, 4.0, 9.0, 11.0)",145172411.99999997,1,-21.726788121552296,1.0,1.0,3.665859444480932e-10,6.888361130212538e-09,6.888361082763019e-09
47,"(1.0, 1.0, 1.0, 1.0, 4.0, 9.0, 13.0)",164968649.99999994,1,-21.697613225318342,1.0,1.0,3.7743859402006414e-10,6.061757794587034e-09,6.061757757842127e-09
48,"(1.0, 1.0, 1.0, 1.0, 4.0, 9.0, 14.0)",164968649.99999994,4,-21.62097959596765,4.0,4.0,4.0750023931666224e-10,2.4247031178348136e-08,2.4247030590429615e-08
49,"(1.0, 1.0, 1.0, 1.0, 4.0, 11.0, 14.0)",164968649.99999994,8,-21.276553963881184,8.0,8.0,5.750558416801414e-10,4.849406235669627e-08,4.849406000502219e-08
50,"(1.0, 1.0, 1.0, 1.0, 4.0, 12.0, 13.0)",172141199.9999999,1,-21.438899070310107,1.0,1.0,4.888824370884115e-10,5.809184553145909e-09,5.809184519399284e-09
51,"(1.0, 1.0, 1.0, 1.0, 4.0, 12.0, 14.0)",172141199.9999999,8,-21.362265440959423,10.0,14.0,5.278201892110935e-10,5.8091845531459085e-08,8.13285803693802e-08
52,"(1.0, 1.0, 1.0, 1.0, 4.0, 13.0, 14.0)",172141199.9999999,9,-21.24737906764723,12.0,18.0,5.920801701591431e-10,6.971021463775091e-08,1.0456531709711234e-07
53,"(1.0, 1.0, 1.0, 1.0, 4.0, 14.0, 14.0)",86070599.99999996,14,-21.170745438296542,15.0,17.0,6.392372556942979e-10,1.7427553659437726e-07,1.9751224443499823e-07
54,"(1.0, 1.0, 1.0, 1.0, 6.0, 6.0, 12.0)",93243150.0,1,-21.474885723098424,2.0,4.0,4.716019921213214e-10,2.1449296811615652e-08,4.289859316315897e-08
55,"(1.0, 1.0, 1.0, 1.0, 6.0, 6.0, 14.0)",93243150.0,4,-21.283365720435548,4.0,4.0,5.711520123437904e-10,4.2898593623231303e-08,4.2898591782941966e-08
56,"(1.0, 1.0, 1.0, 1.0, 6.0, 7.0, 13.0)",186486300.0,2,-21.156018883763032,2.0,2.0,6.487206756611837e-10,1.0724648405807826e-08,1.0724648290789743e-08
57,"(1.0, 1.0, 1.0, 1.0, 6.0, 7.0, 14.0)",186486300.0,11,-21.07938525441235,11.0,11.0,7.003889765643407e-10,5.898556623194304e-08,5.898556275264602e-08
58,"(1.0, 1.0, 1.0, 1.0, 6.0, 8.0, 12.0)",164968649.99999994,2,-21.132112491013125,3.0,5.0,6.644161100192334e-10,1.8185273383761103e-08,3.0308788642231004e-08
59,"(1.0, 1.0, 1.0, 1.0, 6.0, 8.0, 13.0)",164968649.99999994,1,-21.017226117700936,2.0,4.0,7.453060938510879e-10,1.2123515589174068e-08,2.4247031031368507e-08
60,"(1.0, 1.0, 1.0, 1.0, 6.0, 8.0, 14.0)",164968649.99999994,9,-20.940592488350248,12.0,18.0,8.046670807393347e-10,7.274109353504441e-08,1.0911163501129994e-07
61,"(1.0, 1.0, 1.0, 1.0, 6.0, 9.0, 14.0)",164968649.99999994,6,-21.585452607484747,7.0,9.0,4.2223773497930867e-10,4.243230456210924e-08,5.4555818350782844e-08
62,"(1.0, 1.0, 1.0, 1.0, 6.0, 11.0, 13.0)",164968649.99999994,1,-21.31766060474896,1.0,1.0,5.518964903323281e-10,6.061757794587034e-09,6.061757757842127e-09
63,"(1.0, 1.0, 1.0, 1.0, 6.0, 11.0, 14.0)",164968649.99999994,5,-21.24102697539828,5.0,5.0,5.958530882946516e-10,3.030878897293517e-08,3.030878805431248e-08
64,"(1.0, 1.0, 1.0, 1.0, 6.0, 12.0, 14.0)",172141199.9999999,8,-21.326738452476512,9.0,11.0,5.46909129532212e-10,5.228266097831318e-08,6.390102735112837e-08
65,"(1.0, 1.0, 1.0, 1.0, 6.0, 13.0, 14.0)",172141199.9999999,5,-21.21185207916432,5.0,5.0,6.134931120369033e-10,2.9045922765729543e-08,2.9045921922063912e-08
66,"(1.0, 1.0, 1.0, 1.0, 6.0, 14.0, 14.0)",86070599.99999996,17,-21.135218449813635,20.0,28.0,6.62355662444182e-10,2.3236738212583634e-07,3.2531428098157064e-07
67,"(1.0, 1.0, 1.0, 1.0, 7.0, 7.0, 14.0)",93243150.0,3,-20.87540478838915,3.0,3.0,8.588689313722935e-10,3.217394521742348e-08,3.217394418226073e-08
68,"(1.0, 1.0, 1.0, 1.0, 7.0, 8.0, 12.0)",164968649.99999994,1,-20.928132024989928,1.0,1.0,8.147563332563832e-10,6.061757794587034e-09,6.061757757842127e-09
69,"(1.0, 1.0, 1.0, 1.0, 7.0, 8.0, 14.0)",164968649.99999994,8,-20.73661202232705,9.0,11.0,9.867424800646691e-10,5.455582015128331e-08,6.667933276411987e-08
70,"(1.0, 1.0, 1.0, 1.0, 7.0, 9.0, 14.0)",164968649.99999994,4,-21.381472141461547,5.0,7.0,5.17779240338204e-10,3.030878897293517e-08,4.243230364348655e-08
71,"(1.0, 1.0, 1.0, 1.0, 7.0, 11.0, 12.0)",164968649.99999994,2,-21.22856651203796,2.0,2.0,6.03324143610279e-10,1.2123515589174068e-08,1.2123515442194438e-08
72,"(1.0, 1.0, 1.0, 1.0, 7.0, 11.0, 14.0)",164968649.99999994,10,-21.03704650937508,10.0,10.0,7.306792686956231e-10,6.061757794587034e-08,6.061757427137959e-08
73,"(1.0, 1.0, 1.0, 1.0, 7.0, 12.0, 14.0)",172141199.9999999,4,-21.122757986453315,4.0,4.0,6.706605548580187e-10,2.3236738212583635e-08,2.3236737672637632e-08
74,"(1.0, 1.0, 1.0, 1.0, 7.0, 13.0, 13.0)",86070599.99999996,2,-21.084505242491808,4.0,8.0,6.968121578017018e-10,4.647347642516727e-08,9.294695069055053e-08
75,"(1.0, 1.0, 1.0, 1.0, 7.0, 13.0, 14.0)",172141199.9999999,16,-21.00787161314112,21.0,35.0,7.523107746842067e-10,1.2199287561606408e-07,2.033214444778451e-07
76,"(1.0, 1.0, 1.0, 1.0, 7.0, 14.0, 14.0)",86070599.99999996,21,-20.93123798379044,23.0,27.0,8.122296595562717e-10,2.672224894447118e-07,3.136958944620202e-07
77,"(1.0, 1.0, 1.0, 1.0, 8.0, 8.0, 11.0)",56455938.0,1,-20.7036277818496,1.0,1.0,1.0198321501687298e-09,1.7712928620546523e-08,1.7712928306798683e-08
78,"(1.0, 1.0, 1.0, 1.0, 8.0, 8.0, 14.0)",67209450.0,5,-20.597819256264952,5.0,5.0,1.1336546082863508e-09,7.439430020629539e-08,7.439429467178349e-08
79,"(1.0, 1.0, 1.0, 1.0, 8.0, 9.0, 14.0)",134418900.0,6,-21.242679375399447,7.0,9.0,5.948693136692983e-10,5.2076010144406775e-08,6.695486747375503e-08
80,"(1.0, 1.0, 1.0, 1.0, 8.0, 11.0, 12.0)",134418900.0,1,-21.08977374597585,1.0,1.0,6.931506543119444e-10,7.43943002062954e-09,7.439429965284421e-09
81,"(1.0, 1.0, 1.0, 1.0, 8.0, 11.0, 13.0)",134418900.0,1,-20.974887372663662,1.0,1.0,7.775389531126905e-10,7.43943002062954e-09,7.439429965284421e-09
82,"(1.0, 1.0, 1.0, 1.0, 8.0, 11.0, 14.0)",134418900.0,8,-20.89825374331297,9.0,11.0,8.394671729160936e-10,6.695487018566586e-08,8.183372574397029e-08
83,"(1.0, 1.0, 1.0, 1.0, 8.0, 12.0, 13.0)",146638799.99999997,1,-21.0605988497419,1.0,1.0,7.136711387051864e-10,6.819477518910412e-09,6.819477472405139e-09
84,"(1.0, 1.0, 1.0, 1.0, 8.0, 12.0, 14.0)",146638799.99999997,5,-20.98396522039121,5.0,5.0,7.705125136204238e-10,3.4097387594552065e-08,3.4097386431920226e-08
85,"(1.0, 1.0, 1.0, 1.0, 8.0, 13.0, 14.0)",146638799.99999997,6,-20.869078847079024,8.0,14.0,8.643193070276327e-10,5.45558201512833e-08,9.547268228840827e-08
86,"(1.0, 1.0, 1.0, 1.0, 8.0, 14.0, 14.0)",73319399.99999999,18,-20.792445217728336,19.0,21.0,9.33159274223684e-10,2.5914014571859567e-07,2.864179886406222e-07
87,"(1.0, 1.0, 1.0, 1.0, 9.0, 9.0, 14.0)",67209450.0,1,-21.887539494533943,2.0,4.0,3.1214930699245016e-10,2.975772008251816e-08,5.951543927951441e-08
88,"(1.0, 1.0, 1.0, 1.0, 9.0, 11.0, 14.0)",134418900.0,8,-21.54311386244748,9.0,11.0,4.404985939724231e-10,6.695487018566586e-08,8.183372574397029e-08
89,"(1.0, 1.0, 1.0, 1.0, 9.0, 12.0, 14.0)",146638799.99999997,4,-21.62882533952571,4.0,4.0,4.0431560618259135e-10,2.727791007564165e-08,2.727790933155727e-08
90,"(1.0, 1.0, 1.0, 1.0, 9.0, 13.0, 14.0)",146638799.99999997,2,-21.51393896621352,3.0,5.0,4.535394018640817e-10,2.0458432556731237e-08,3.4097387176004604e-08
91,"(1.0, 1.0, 1.0, 1.0, 9.0, 14.0, 14.0)",73319399.99999999,11,-21.437305336862835,12.0,14.0,4.89662206587499e-10,1.636674604538499e-07,1.9094534374245394e-07
92,"(1.0, 1.0, 1.0, 1.0, 11.0, 11.0, 14.0)",67209450.0,2,-21.198688230361007,2.0,2.0,6.216224317819065e-10,2.975772008251816e-08,2.9757719196996253e-08
93,"(1.0, 1.0, 1.0, 1.0, 11.0, 12.0, 14.0)",146638799.99999997,13,-21.28439970743924,19.0,31.0,5.705617537983161e-10,1.2957007285929784e-07,2.11403786297819e-07
94,"(1.0, 1.0, 1.0, 1.0, 11.0, 13.0, 14.0)",146638799.99999997,4,-21.16951333412705,4.0,4.0,6.400253479885356e-10,2.727791007564165e-08,2.727790933155727e-08
95,"(1.0, 1.0, 1.0, 1.0, 11.0, 14.0, 14.0)",73319399.99999999,10,-21.092879704776365,12.0,18.0,6.910010968835692e-10,1.636674604538499e-07,2.4550116389373724e-07
96,"(1.0, 1.0, 1.0, 1.0, 12.0, 13.0, 14.0)",146638799.99999997,3,-21.255224811205284,4.0,6.0,5.874530363663498e-10,2.727791007564165e-08,4.0916864369378096e-08
97,"(1.0, 1.0, 1.0, 1.0, 12.0, 14.0, 14.0)",73319399.99999999,11,-21.1785911818546,11.0,11.0,6.34241587106644e-10,1.5002850541602908e-07,1.5002848290747664e-07
98,"(1.0, 1.0, 1.0, 1.0, 13.0, 13.0, 14.0)",73319399.99999999,2,-21.14033843789309,2.0,2.0,6.589730761382263e-10,2.727791007564165e-08,2.727790933155727e-08
99,"(1.0, 1.0, 1.0, 1.0, 13.0, 14.0, 14.0)",73319399.99999999,7,-21.063704808542408,8.0,10.0,7.114579443756794e-10,1.091116403025666e-07,1.3638953847285822e-07
100,"(1.0, 1.0, 1.0, 1.0, 14.0, 14.0, 14.0)",24439800.0,6,-20.987071179191723,6.0,6.0,7.681230462124288e-10,2.455011906807748e-07,2.4550113040994017e-07
101,"(1.0, 1.0, 1.0, 2.0, 2.0, 3.0, 14.0)",201894000.0,3,-21.04153013201339,3.0,3.0,7.274105119968721e-10,1.485928259383637e-08,1.4859282373038091e-08
102,"(1.0, 1.0, 1.0, 2.0, 2.0, 4.0, 14.0)",286901999.9999999,4,-21.27833153784828,4.0,4.0,5.740345453701323e-10,1.394204292755018e-08,1.3942042733169619e-08
103,"(1.0, 1.0, 1.0, 2.0, 2.0, 6.0, 14.0)",286901999.9999999,7,-21.242804549365367,12.0,30.0,5.947948561782693e-10,4.1826128782650537e-08,1.045653202072013e-07
104,"(1.0, 1.0, 1.0, 2.0, 2.0, 7.0, 12.0)",286901999.9999999,1,-21.230344086005047,1.0,1.0,6.022526429368755e-10,3.485510731887545e-09,3.48551071973876e-09
105,"(1.0, 1.0, 1.0, 2.0, 2.0, 7.0, 14.0)",286901999.9999999,5,-21.03882408334217,6.0,8.0,7.293815859545249e-10,2.0913064391325268e-08,2.78840854177441e-08
106,"(1.0, 1.0, 1.0, 2.0, 2.0, 8.0, 14.0)",244398000.0,5,-20.90003131728007,6.0,8.0,8.379762833990516e-10,2.455011906807748e-08,3.273349148806163e-08
107,"(1.0, 1.0, 1.0, 2.0, 2.0, 9.0, 14.0)",244398000.0,3,-21.544891436414566,3.0,3.0,4.397162706640099e-10,1.227505953403874e-08,1.2275059383361654e-08
108,"(1.0, 1.0, 1.0, 2.0, 2.0, 11.0, 14.0)",244398000.0,3,-21.200465804328097,5.0,11.0,6.205184334398666e-10,2.0458432556731234e-08,4.500855120626125e-08
109,"(1.0, 1.0, 1.0, 2.0, 2.0, 12.0, 14.0)",255024000.0,4,-21.28617728140633,5.0,7.0,5.695484389659984e-10,1.960599786686743e-08,2.7448396629219255e-08
110,"(1.0, 1.0, 1.0, 2.0, 2.0, 13.0, 14.0)",255024000.0,1,-21.171290908094143,1.0,1.0,6.388886661589904e-10,3.921199573373486e-09,3.92119955799768e-09
111,"(1.0, 1.0, 1.0, 2.0, 2.0, 14.0, 14.0)",127512000.0,10,-21.09465727874345,13.0,21.0,6.897738823779425e-10,1.0195118890771065e-07,1.6469037168764151e-07
112,"(1.0, 1.0, 1.0, 2.0, 3.0, 3.0, 14.0)",201894000.0,5,-20.84304335131612,7.0,11.0,8.871177857223844e-10,3.4671659385618196e-08,5.448403497527606e-08
113,"(1.0, 1.0, 1.0, 2.0, 3.0, 4.0, 14.0)",573803999.9999998,11,-21.079844757151005,13.0,17.0,7.000672198411958e-10,2.265581975726904e-08,2.9626840707757963e-08
114,"(1.0, 1.0, 1.0, 2.0, 3.0, 6.0, 14.0)",573803999.9999998,12,-21.04431776866809,13.0,15.0,7.253855794899524e-10,2.265581975726904e-08,2.6141329975870415e-08
115,"(1.0, 1.0, 1.0, 2.0, 3.0, 7.0, 12.0)",573803999.9999998,2,-21.03185730530777,2.0,2.0,7.344807673743322e-10,3.485510731887545e-09,3.48551071973876e-09
116,"(1.0, 1.0, 1.0, 2.0, 3.0, 7.0, 13.0)",573803999.9999998,1,-20.916970931995586,2.0,4.0,8.239008408821766e-10,3.485510731887545e-09,6.971021451626305e-09
117,"(1.0, 1.0, 1.0, 2.0, 3.0, 7.0, 14.0)",573803999.9999998,14,-20.840337302644897,17.0,23.0,8.895216206078745e-10,2.9626841221044133e-08,4.008337253895704e-08
118,"(1.0, 1.0, 1.0, 2.0, 3.0, 8.0, 12.0)",488796000.0,1,-20.893064539245675,1.0,1.0,8.438346614782754e-10,2.0458432556731234e-09,2.0458432514876486e-09
119,"(1.0, 1.0, 1.0, 2.0, 3.0, 8.0, 13.0)",488796000.0,1,-20.778178165933483,1.0,1.0,9.465681309026734e-10,2.0458432556731234e-09,2.0458432514876486e-09
120,"(1.0, 1.0, 1.0, 2.0, 3.0, 8.0, 14.0)",488796000.0,6,-20.7015445365828,6.0,6.0,1.021958925196336e-09,1.227505953403874e-08,1.2275059383361654e-08
121,"(1.0, 1.0, 1.0, 2.0, 3.0, 9.0, 12.0)",488796000.0,1,-21.53792465838017,1.0,1.0,4.4279037217758385e-10,2.0458432556731234e-09,2.0458432514876486e-09
122,"(1.0, 1.0, 1.0, 2.0, 3.0, 9.0, 14.0)",488796000.0,7,-21.346404655717294,7.0,7.0,5.362585746894455e-10,1.4320902789711863e-08,1.4320902584623607e-08
123,"(1.0, 1.0, 1.0, 2.0, 3.0, 11.0, 14.0)",488796000.0,12,-21.001979023630824,14.0,18.0,7.567569200532343e-10,2.8641805579423727e-08,3.6825177781763196e-08
124,"(1.0, 1.0, 1.0, 2.0, 3.0, 12.0, 12.0)",255024000.0,1,-21.27921050337193,1.0,1.0,5.735302104743304e-10,3.921199573373486e-09,3.92119955799768e-09
125,"(1.0, 1.0, 1.0, 2.0, 3.0, 12.0, 14.0)",510048000.0,7,-21.08769050070906,7.0,7.0,6.945961622827517e-10,1.3724198506807203e-08,1.3724198318453579e-08
126,"(1.0, 1.0, 1.0, 2.0, 3.0, 13.0, 14.0)",510048000.0,19,-20.97280412739687,22.0,34.0,7.791604458536205e-10,4.313319530710835e-08,6.666039088687674e-08
127,"(1.0, 1.0, 1.0, 2.0, 3.0, 14.0, 14.0)",255024000.0,22,-20.89617049804618,24.0,30.0,8.412178118026482e-10,9.410878976096367e-08,1.1763597834474029e-07
128,"(1.0, 1.0, 1.0, 2.0, 4.0, 4.0, 14.0)",372972600.0,8,-21.316646162985894,8.0,8.0,5.524566412532168e-10,2.1449296811615652e-08,2.1449296351543317e-08
129,"(1.0, 1.0, 1.0, 2.0, 4.0, 6.0, 6.0)",372972600.0,1,-21.42926644512489,2.0,4.0,4.936144124480872e-10,5.362324202903913e-09,1.0724648377053306e-08
130,"(1.0, 1.0, 1.0, 2.0, 4.0, 6.0, 7.0)",745945200.0,1,-21.2252859791017,3.0,9.0,6.053066183435317e-10,4.021743152177935e-09,1.2065229440359386e-08
131,"(1.0, 1.0, 1.0, 2.0, 4.0, 6.0, 11.0)",686269584.0000001,1,-21.386927700087625,2.0,4.0,5.149621567067221e-10,2.914306632012996e-09,5.828613255532809e-09
132,"(1.0, 1.0, 1.0, 2.0, 4.0, 6.0, 12.0)",745945200.0,1,-21.47263917716586,1.0,1.0,4.726626586304309e-10,1.3405810507259782e-09,1.3405810489288206e-09
133,"(1.0, 1.0, 1.0, 2.0, 4.0, 6.0, 14.0)",745945200.0,14,-21.281119174502983,15.0,17.0,5.724365739470581e-10,2.0108715760889673e-08,2.278987745798118e-08
134,"(1.0, 1.0, 1.0, 2.0, 4.0, 7.0, 12.0)",745945200.0,1,-21.268658711142663,1.0,1.0,5.796140232087321e-10,1.3405810507259782e-09,1.3405810489288206e-09
135,"(1.0, 1.0, 1.0, 2.0, 4.0, 7.0, 14.0)",745945200.0,12,-21.077138708479787,13.0,15.0,7.019642013157243e-10,1.7427553659437717e-08,2.0108715457170046e-08
136,"(1.0, 1.0, 1.0, 2.0, 4.0, 8.0, 14.0)",659874599.9999998,11,-20.938345942417683,12.0,14.0,8.064768343828342e-10,1.8185273383761103e-08,2.121615195035045e-08
137,"(1.0, 1.0, 1.0, 2.0, 4.0, 9.0, 14.0)",659874599.9999998,13,-21.583206061552183,14.0,16.0,4.2318737775405675e-10,2.121615228105462e-08,2.424703072822302e-08
138,"(1.0, 1.0, 1.0, 2.0, 4.0, 11.0, 11.0)",290344823.99999994,1,-21.344588955050355,1.0,1.0,5.372331442367049e-10,3.444180565106269e-09,3.4441805532438894e-09
139,"(1.0, 1.0, 1.0, 2.0, 4.0, 11.0, 12.0)",659874599.9999998,2,-21.43030043212859,2.0,2.0,4.931042853386278e-10,3.030878897293517e-09,3.03087888810729e-09
140,"(1.0, 1.0, 1.0, 2.0, 4.0, 11.0, 13.0)",659874599.9999998,2,-21.3154140588164,2.0,2.0,5.53137744893522e-10,3.030878897293517e-09,3.03087888810729e-09
141,"(1.0, 1.0, 1.0, 2.0, 4.0, 11.0, 14.0)",659874599.9999998,16,-21.23878042946572,16.0,16.0,5.971932043791063e-10,2.4247031178348136e-08,2.4247030590429615e-08
142,"(1.0, 1.0, 1.0, 2.0, 4.0, 12.0, 14.0)",688564799.9999996,10,-21.324491906543948,12.0,16.0,5.481391671633335e-10,1.7427553659437727e-08,2.3236737908864007e-08
143,"(1.0, 1.0, 1.0, 2.0, 4.0, 13.0, 13.0)",344282399.9999998,1,-21.28623916258244,1.0,1.0,5.695131957292021e-10,2.9045922765729543e-09,2.904592268136298e-09
144,"(1.0, 1.0, 1.0, 2.0, 4.0, 13.0, 14.0)",688564799.9999996,10,-21.209605533231755,11.0,13.0,6.148729017926249e-10,1.597525752115125e-08,1.887984954251535e-08
145,"(1.0, 1.0, 1.0, 2.0, 4.0, 14.0, 14.0)",344282399.9999998,28,-21.13297190388107,37.0,67.0,6.638453475600431e-10,1.0746991423319932e-07,1.9460767098060548e-07
146,"(1.0, 1.0, 1.0, 2.0, 6.0, 6.0, 9.0)",343134792.00000006,1,-21.69582634369118,1.0,1.0,3.78113635038683e-10,2.914306632012996e-09,2.9143066235198126e-09
147,"(1.0, 1.0, 1.0, 2.0, 6.0, 6.0, 14.0)",372972600.0,1,-21.24559218602007,1.0,1.0,5.931390931402598e-10,2.6811621014519565e-09,2.6811620942633264e-09
148,"(1.0, 1.0, 1.0, 2.0, 6.0, 7.0, 7.0)",372972600.0,1,-20.985778524595588,1.0,1.0,7.69116606024992e-10,2.6811621014519565e-09,2.6811620942633264e-09
149,"(1.0, 1.0, 1.0, 2.0, 6.0, 7.0, 12.0)",745945200.0,2,-21.23313172265975,3.0,5.0,6.00576119249153e-10,4.021743152177935e-09,6.702905237455473e-09
150,"(1.0, 1.0, 1.0, 2.0, 6.0, 7.0, 14.0)",745945200.0,14,-21.041611719996872,18.0,26.0,7.273511664610074e-10,2.4130458913067608e-08,3.4855106736596385e-08
151,"(1.0, 1.0, 1.0, 2.0, 6.0, 8.0, 12.0)",659874599.9999998,1,-21.094338956597653,1.0,1.0,6.899934876310499e-10,1.5154394486467585e-09,1.5154394463502017e-09
152,"(1.0, 1.0, 1.0, 2.0, 6.0, 8.0, 14.0)",659874599.9999998,14,-20.902818953934776,15.0,17.0,8.356435628948806e-10,2.2731591729701378e-08,2.5762470110269635e-08
153,"(1.0, 1.0, 1.0, 2.0, 6.0, 9.0, 14.0)",659874599.9999998,5,-21.54767907306927,8.0,14.0,4.3849220838335255e-10,1.2123515589174068e-08,2.121615213407499e-08
154,"(1.0, 1.0, 1.0, 2.0, 6.0, 11.0, 11.0)",290344823.99999994,1,-21.30906196656744,1.0,1.0,5.566625098397719e-10,3.444180565106269e-09,3.4441805532438894e-09
155,"(1.0, 1.0, 1.0, 2.0, 6.0, 11.0, 12.0)",659874599.9999998,1,-21.39477344364568,1.0,1.0,5.109377037400455e-10,1.5154394486467585e-09,1.5154394463502017e-09
156,"(1.0, 1.0, 1.0, 2.0, 6.0, 11.0, 14.0)",659874599.9999998,18,-21.2032534409828,21.0,29.0,6.187910622700909e-10,3.182422842158193e-08,4.3947742997974484e-08
157,"(1.0, 1.0, 1.0, 2.0, 6.0, 12.0, 13.0)",688564799.9999996,1,-21.36559854741172,1.0,1.0,5.260638370132324e-10,1.4522961382864772e-09,1.452296136177313e-09
158,"(1.0, 1.0, 1.0, 2.0, 6.0, 12.0, 14.0)",688564799.9999996,11,-21.28896491806104,12.0,14.0,5.679629557631719e-10,1.7427553659437727e-08,2.0332145632291053e-08
159,"(1.0, 1.0, 1.0, 2.0, 6.0, 13.0, 13.0)",344282399.9999998,1,-21.250712174099533,1.0,1.0,5.901099891591998e-10,2.9045922765729543e-09,2.904592268136298e-09
160,"(1.0, 1.0, 1.0, 2.0, 6.0, 13.0, 14.0)",688564799.9999996,11,-21.174078544748845,14.0,22.0,6.371101567656404e-10,2.033214593601068e-08,3.195051462890634e-08
161,"(1.0, 1.0, 1.0, 2.0, 6.0, 14.0, 14.0)",344282399.9999998,25,-21.09744491539816,31.0,45.0,6.878537210195089e-10,9.004236057376159e-08,1.3070664433815624e-07
162,"(1.0, 1.0, 1.0, 2.0, 7.0, 7.0, 13.0)",372972600.0,1,-20.914264883324364,1.0,1.0,8.261333759698194e-10,2.6811621014519565e-09,2.6811620942633264e-09
163,"(1.0, 1.0, 1.0, 2.0, 7.0, 7.0, 14.0)",372972600.0,13,-20.83763125397368,15.0,19.0,8.919319691967836e-10,4.021743152177935e-08,5.0942078310145374e-08
164,"(1.0, 1.0, 1.0, 2.0, 7.0, 8.0, 11.0)",580689647.9999999,1,-20.80464701349622,1.0,1.0,9.218422398218631e-10,1.7220902825531345e-09,1.7220902795875396e-09
165,"(1.0, 1.0, 1.0, 2.0, 7.0, 8.0, 14.0)",659874599.9999998,15,-20.69883848791158,18.0,24.0,1.0247281409143192e-09,2.7277910075641656e-08,3.637054602343783e-08
166,"(1.0, 1.0, 1.0, 2.0, 7.0, 9.0, 12.0)",659874599.9999998,1,-21.53521860970895,1.0,1.0,4.4399020714959143e-10,1.5154394486467585e-09,1.5154394463502017e-09
167,"(1.0, 1.0, 1.0, 2.0, 7.0, 9.0, 14.0)",659874599.9999998,14,-21.343698607046072,17.0,23.0,5.377116816953343e-10,2.5762470626994897e-08,3.485510665517055e-08
168,"(1.0, 1.0, 1.0, 2.0, 7.0, 11.0, 12.0)",659874599.9999998,1,-21.190792977622483,1.0,1.0,6.265497235002701e-10,1.5154394486467585e-09,1.5154394463502017e-09
169,"(1.0, 1.0, 1.0, 2.0, 7.0, 11.0, 14.0)",659874599.9999998,19,-20.9992729749596,21.0,25.0,7.588075143638658e-10,3.182422842158193e-08,3.788598520338745e-08
170,"(1.0, 1.0, 1.0, 2.0, 7.0, 12.0, 14.0)",688564799.9999996,19,-21.08498445203784,22.0,30.0,6.964783187597082e-10,3.19505150423025e-08,4.35688831277589e-08
171,"(1.0, 1.0, 1.0, 2.0, 7.0, 13.0, 14.0)",688564799.9999996,20,-20.97009807872565,26.0,42.0,7.812717472966546e-10,3.775969959544841e-08,6.099643638223712e-08
172,"(1.0, 1.0, 1.0, 2.0, 7.0, 14.0, 14.0)",344282399.9999998,39,-20.89346444937496,55.0,101.0,8.43497270917156e-10,1.597525752115125e-07,2.933637944129831e-07
173,"(1.0, 1.0, 1.0, 2.0, 8.0, 8.0, 12.0)",268837800.0,1,-20.75156572451236,1.0,1.0,9.720968033410826e-10,3.71971501031477e-09,3.71971499647849e-09
174,"(1.0, 1.0, 1.0, 2.0, 8.0, 8.0, 13.0)",268837800.0,2,-20.636679351200165,2.0,2.0,1.0904456716474012e-09,7.43943002062954e-09,7.439429965284421e-09
175,"(1.0, 1.0, 1.0, 2.0, 8.0, 8.0, 14.0)",268837800.0,4,-20.56004572184948,4.0,4.0,1.177295801749701e-09,1.487886004125908e-08,1.4878859819878603e-08
176,"(1.0, 1.0, 1.0, 2.0, 8.0, 9.0, 14.0)",537675600.0,17,-21.204905840983976,18.0,20.0,6.177694162344833e-10,3.347743509283293e-08,3.7197148982409035e-08
177,"(1.0, 1.0, 1.0, 2.0, 8.0, 11.0, 13.0)",537675600.0,1,-20.93711383824819,1.0,1.0,8.074711102530164e-10,1.859857505157385e-09,1.859857501698315e-09
178,"(1.0, 1.0, 1.0, 2.0, 8.0, 11.0, 14.0)",537675600.0,24,-20.860480208897503,30.0,42.0,8.717833202078494e-10,5.5795725154721547e-08,7.811401210344722e-08
179,"(1.0, 1.0, 1.0, 2.0, 8.0, 12.0, 13.0)",586555199.9999999,5,-21.022825315326426,6.0,8.0,7.411446390162955e-10,1.0229216278365618e-08,1.363895493318396e-08
180,"(1.0, 1.0, 1.0, 2.0, 8.0, 12.0, 14.0)",586555199.9999999,6,-20.94619168597574,9.0,17.0,8.001741807869937e-10,1.5343824417548427e-08,2.8982779219936308e-08
181,"(1.0, 1.0, 1.0, 2.0, 8.0, 13.0, 14.0)",586555199.9999999,15,-20.83130531266355,17.0,21.0,8.975921626367351e-10,2.8982779455369255e-08,3.580225613427816e-08
182,"(1.0, 1.0, 1.0, 2.0, 8.0, 14.0, 14.0)",293277599.99999994,35,-20.754671683312864,44.0,66.0,9.69082194768306e-10,1.5002850541602908e-07,2.2504273561549117e-07
183,"(1.0, 1.0, 1.0, 2.0, 9.0, 9.0, 13.0)",268837800.0,1,-21.92639958946916,1.0,1.0,3.0025182117168667e-10,3.71971501031477e-09,3.71971499647849e-09
184,"(1.0, 1.0, 1.0, 2.0, 9.0, 9.0, 14.0)",268837800.0,5,-21.849765960118468,6.0,8.0,3.241658137806169e-10,2.231829006188862e-08,2.9757719584412087e-08
185,"(1.0, 1.0, 1.0, 2.0, 9.0, 11.0, 13.0)",537675600.0,1,-21.581973957382687,1.0,1.0,4.2370911003492227e-10,1.859857505157385e-09,1.859857501698315e-09
186,"(1.0, 1.0, 1.0, 2.0, 9.0, 11.0, 14.0)",537675600.0,8,-21.505340328032,9.0,11.0,4.5745603781764234e-10,1.6738717546416465e-08,2.045843227654657e-08
187,"(1.0, 1.0, 1.0, 2.0, 9.0, 12.0, 14.0)",586555199.9999999,8,-21.59105180511024,9.0,11.0,4.19880148910767e-10,1.5343824417548427e-08,1.8753562941570688e-08
188,"(1.0, 1.0, 1.0, 2.0, 9.0, 13.0, 14.0)",586555199.9999999,9,-21.476165431798044,9.0,9.0,4.709988649451022e-10,1.5343824417548427e-08,1.534382418211548e-08
189,"(1.0, 1.0, 1.0, 2.0, 9.0, 14.0, 14.0)",293277599.99999994,20,-21.39953180244736,23.0,29.0,5.085122539768713e-10,7.842399146746975e-08,9.888241787387853e-08
190,"(1.0, 1.0, 1.0, 2.0, 11.0, 11.0, 14.0)",268837800.0,10,-21.16091469594553,10.0,10.0,6.455524229875747e-10,3.7197150103147696e-08,3.719714871951972e-08
191,"(1.0, 1.0, 1.0, 2.0, 11.0, 12.0, 12.0)",293277599.99999994,1,-21.438146175686644,1.0,1.0,4.892506526431633e-10,3.409738759455206e-09,3.4097387478288877e-09
192,"(1.0, 1.0, 1.0, 2.0, 11.0, 12.0, 14.0)",586555199.9999999,11,-21.246626173023767,12.0,14.0,5.925261119884529e-10,2.0458432556731237e-08,2.386817089763898e-08
193,"(1.0, 1.0, 1.0, 2.0, 11.0, 13.0, 13.0)",293277599.99999994,1,-21.208373429062263,1.0,1.0,6.156309561637083e-10,3.409738759455206e-09,3.4097387478288877e-09
194,"(1.0, 1.0, 1.0, 2.0, 11.0, 13.0, 14.0)",586555199.9999999,6,-21.13173979971157,6.0,6.0,6.646637782730847e-10,1.0229216278365618e-08,1.0229216173728753e-08
195,"(1.0, 1.0, 1.0, 2.0, 11.0, 14.0, 14.0)",293277599.99999994,28,-21.055106170360887,33.0,43.0,7.176018907515297e-10,1.1252137906202181e-07,1.4661875399551314e-07
196,"(1.0, 1.0, 1.0, 2.0, 12.0, 12.0, 14.0)",293277599.99999994,2,-21.332337650102005,2.0,2.0,5.438554343322637e-10,6.819477518910412e-09,6.819477472405139e-09
197,"(1.0, 1.0, 1.0, 2.0, 12.0, 13.0, 14.0)",586555199.9999999,8,-21.21745127678981,12.0,26.0,6.100676417525991e-10,2.0458432556731237e-08,4.4326603454370224e-08
198,"(1.0, 1.0, 1.0, 2.0, 12.0, 14.0, 14.0)",293277599.99999994,18,-21.140817647439125,21.0,27.0,6.586573656013533e-10,7.160451394855933e-08,9.206294137808415e-08
199,"(1.0, 1.0, 1.0, 2.0, 13.0, 13.0, 14.0)",293277599.99999994,3,-21.10256490347762,3.0,3.0,6.843409185945421e-10,1.0229216278365618e-08,1.0229216173728753e-08
200,"(1.0, 1.0, 1.0, 2.0, 13.0, 14.0, 14.0)",293277599.99999994,23,-21.025931274126933,24.0,26.0,7.388462455077793e-10,8.183373022692495e-08,8.865320104907597e-08
201,"(1.0, 1.0, 1.0, 2.0, 14.0, 14.0, 14.0)",97759200.0,10,-20.949297644776248,10.0,10.0,7.976927283875753e-10,1.0229216278365616e-07,1.0229215231996959e-07
202,"(1.0, 1.0, 1.0, 3.0, 3.0, 3.0, 14.0)",67297999.99999999,1,-20.64455657061884,1.0,1.0,1.081889734566248e-09,1.4859282593836373e-08,1.4859282373038094e-08
203,"(1.0, 1.0, 1.0, 3.0, 3.0, 4.0, 14.0)",286901999.9999999,3,-20.881357976453728,3.0,3.0,8.537711122945967e-10,1.0456532195662634e-08,1.0456532086323568e-08
204,"(1.0, 1.0, 1.0, 3.0, 3.0, 6.0, 12.0)",286901999.9999999,1,-21.037350990633698,1.0,1.0,7.304568244190206e-10,3.485510731887545e-09,3.48551071973876e-09
205,"(1.0, 1.0, 1.0, 3.0, 3.0, 6.0, 13.0)",286901999.9999999,1,-20.922464617321506,1.0,1.0,8.193869990883461e-10,3.485510731887545e-09,3.48551071973876e-09
206,"(1.0, 1.0, 1.0, 3.0, 3.0, 6.0, 14.0)",286901999.9999999,8,-20.84583098797082,11.0,19.0,8.846482673250704e-10,3.834061805076299e-08,6.622470243586035e-08
207,"(1.0, 1.0, 1.0, 3.0, 3.0, 7.0, 13.0)",286901999.9999999,1,-20.718484151298306,1.0,1.0,1.0047931361505503e-09,3.485510731887545e-09,3.48551071973876e-09
208,"(1.0, 1.0, 1.0, 3.0, 3.0, 7.0, 14.0)",286901999.9999999,9,-20.641850521947624,9.0,9.0,1.0848213455969968e-09,3.13695965869879e-08,3.136959560293631e-08
209,"(1.0, 1.0, 1.0, 3.0, 3.0, 8.0, 14.0)",244398000.0,5,-20.50305775588552,7.0,13.0,1.2463360425334482e-09,2.8641805579423727e-08,5.319192382714818e-08
210,"(1.0, 1.0, 1.0, 3.0, 3.0, 9.0, 13.0)",244398000.0,1,-21.2245515043707,1.0,1.0,6.057513640664647e-10,4.091686511346247e-09,4.0916864946043485e-09
211,"(1.0, 1.0, 1.0, 3.0, 3.0, 9.0, 14.0)",244398000.0,3,-21.14791787502002,4.0,6.0,6.539973117066943e-10,1.6366746045384987e-08,2.4550118800207106e-08
212,"(1.0, 1.0, 1.0, 3.0, 3.0, 11.0, 13.0)",244398000.0,2,-20.88012587228424,2.0,2.0,8.54823695554797e-10,8.183373022692493e-09,8.183372955724899e-09
213,"(1.0, 1.0, 1.0, 3.0, 3.0, 11.0, 14.0)",244398000.0,4,-20.80349224293355,4.0,4.0,9.22907370976522e-10,1.6366746045384987e-08,1.6366745777514612e-08
214,"(1.0, 1.0, 1.0, 3.0, 3.0, 12.0, 13.0)",255024000.0,1,-20.96583734936247,1.0,1.0,7.846076363846866e-10,3.921199573373486e-09,3.92119955799768e-09
215,"(1.0, 1.0, 1.0, 3.0, 3.0, 12.0, 14.0)",255024000.0,4,-20.889203720011785,4.0,4.0,8.470988517391572e-10,1.5684798293493945e-08,1.5684798047481047e-08
216,"(1.0, 1.0, 1.0, 3.0, 3.0, 13.0, 14.0)",255024000.0,5,-20.7743173466996,5.0,5.0,9.502297231732908e-10,1.960599786686743e-08,1.960599748247228e-08
217,"(1.0, 1.0, 1.0, 3.0, 3.0, 14.0, 14.0)",127512000.0,9,-20.69768371734891,12.0,18.0,1.0259121503042098e-09,9.410878976096367e-08,1.411631757849812e-07
218,"(1.0, 1.0, 1.0, 3.0, 4.0, 4.0, 14.0)",372972600.0,7,-21.118159382288617,7.0,7.0,6.737517594443153e-10,1.8768134710163695e-08,1.8768134357920816e-08
219,"(1.0, 1.0, 1.0, 3.0, 4.0, 6.0, 11.0)",686269584.0000001,1,-21.188440919390352,2.0,4.0,6.280251393871207e-10,2.914306632012996e-09,5.828613255532809e-09
220,"(1.0, 1.0, 1.0, 3.0, 4.0, 6.0, 12.0)",745945200.0,1,-21.274152396468587,1.0,1.0,5.764385367030379e-10,1.3405810507259782e-09,1.3405810489288206e-09
221,"(1.0, 1.0, 1.0, 3.0, 4.0, 6.0, 13.0)",745945200.0,1,-21.159266023156395,1.0,1.0,6.466176055287748e-10,1.3405810507259782e-09,1.3405810489288206e-09
222,"(1.0, 1.0, 1.0, 3.0, 4.0, 6.0, 14.0)",745945200.0,15,-21.08263239380571,17.0,21.0,6.981184043551567e-10,2.278987786234163e-08,2.815220154586701e-08
223,"(1.0, 1.0, 1.0, 3.0, 4.0, 7.0, 9.0)",686269584.0000001,1,-21.32888608545362,1.0,1.0,5.457358298097045e-10,1.457153316006498e-09,1.4571533138832022e-09
224,"(1.0, 1.0, 1.0, 3.0, 4.0, 7.0, 12.0)",745945200.0,1,-21.07017193044539,1.0,1.0,7.068717049895836e-10,1.3405810507259782e-09,1.3405810489288206e-09
225,"(1.0, 1.0, 1.0, 3.0, 4.0, 7.0, 13.0)",745945200.0,3,-20.955285557133195,3.0,3.0,7.929304864152046e-10,4.021743152177935e-09,4.021743136003516e-09
226,"(1.0, 1.0, 1.0, 3.0, 4.0, 7.0, 14.0)",745945200.0,21,-20.87865192778252,25.0,35.0,8.560845872547176e-10,3.3514526268149456e-08,4.6920335652185766e-08
227,"(1.0, 1.0, 1.0, 3.0, 4.0, 8.0, 12.0)",659874599.9999998,1,-20.931379164383287,1.0,1.0,8.121149965856901e-10,1.5154394486467585e-09,1.5154394463502017e-09
228,"(1.0, 1.0, 1.0, 3.0, 4.0, 8.0, 14.0)",659874599.9999998,18,-20.73985916172041,19.0,21.0,9.835435861245525e-10,2.8793349524288414e-08,3.1824227592524955e-08
229,"(1.0, 1.0, 1.0, 3.0, 4.0, 9.0, 14.0)",659874599.9999998,14,-21.38471928085491,16.0,20.0,5.161006657276031e-10,2.4247031178348136e-08,3.030878838501665e-08
230,"(1.0, 1.0, 1.0, 3.0, 4.0, 11.0, 12.0)",659874599.9999998,3,-21.23181365143132,4.0,6.0,6.013682432756806e-10,6.061757794587034e-09,9.092636655135643e-09
231,"(1.0, 1.0, 1.0, 3.0, 4.0, 11.0, 14.0)",659874599.9999998,21,-21.04029364876844,28.0,46.0,7.283104992020404e-10,4.243230456210924e-08,6.971021283725043e-08
232,"(1.0, 1.0, 1.0, 3.0, 4.0, 12.0, 12.0)",344282399.9999998,1,-21.31752512850955,1.0,1.0,5.519712642583111e-10,2.9045922765729543e-09,2.904592268136298e-09
233,"(1.0, 1.0, 1.0, 3.0, 4.0, 12.0, 13.0)",688564799.9999996,2,-21.20263875519736,2.0,2.0,6.191715412657606e-10,2.9045922765729543e-09,2.904592268136298e-09
234,"(1.0, 1.0, 1.0, 3.0, 4.0, 12.0, 14.0)",688564799.9999996,12,-21.126005125846675,17.0,29.0,6.684863584205957e-10,2.4689034350870112e-08,4.211658740075943e-08
235,"(1.0, 1.0, 1.0, 3.0, 4.0, 13.0, 14.0)",688564799.9999996,13,-21.01111875253448,13.0,13.0,7.49871878592428e-10,1.8879849797724204e-08,1.8879849441275475e-08
236,"(1.0, 1.0, 1.0, 3.0, 4.0, 14.0, 14.0)",344282399.9999998,26,-20.9344851231838,32.0,46.0,8.095965140411723e-10,9.294695285033454e-08,1.3361123608321985e-07
237,"(1.0, 1.0, 1.0, 3.0, 6.0, 6.0, 14.0)",372972600.0,5,-21.0471054053228,6.0,8.0,7.233662838986206e-10,1.608697260871174e-08,2.1449296552824964e-08
238,"(1.0, 1.0, 1.0, 3.0, 6.0, 7.0, 13.0)",745945200.0,2,-20.919758568650288,2.0,2.0,8.216073029587269e-10,2.6811621014519565e-09,2.6811620942633264e-09
239,"(1.0, 1.0, 1.0, 3.0, 6.0, 7.0, 14.0)",745945200.0,19,-20.8431249392996,22.0,28.0,8.870454105236511e-10,2.949278311597152e-08,3.7536268550503136e-08
240,"(1.0, 1.0, 1.0, 3.0, 6.0, 8.0, 8.0)",290344823.99999994,1,-20.50970621177412,1.0,1.0,1.2380773166406626e-09,3.444180565106269e-09,3.4441805532438894e-09
241,"(1.0, 1.0, 1.0, 3.0, 6.0, 8.0, 9.0)",580689647.9999999,1,-21.15456633090861,1.0,1.0,6.496636614328728e-10,1.7220902825531345e-09,1.7220902795875396e-09
242,"(1.0, 1.0, 1.0, 3.0, 6.0, 8.0, 11.0)",580689647.9999999,1,-20.810140698822146,1.0,1.0,9.167918140631319e-10,1.7220902825531345e-09,1.7220902795875396e-09
243,"(1.0, 1.0, 1.0, 3.0, 6.0, 8.0, 12.0)",659874599.9999998,1,-20.89585217590038,1.0,1.0,8.414856326859855e-10,1.5154394486467585e-09,1.5154394463502017e-09
244,"(1.0, 1.0, 1.0, 3.0, 6.0, 8.0, 13.0)",659874599.9999998,3,-20.780965802588184,3.0,3.0,9.439331173213914e-10,4.546318345940276e-09,4.5463183252712656e-09
245,"(1.0, 1.0, 1.0, 3.0, 6.0, 8.0, 14.0)",659874599.9999998,26,-20.704332173237503,30.0,40.0,1.019114042129296e-09,4.5463183459402755e-08,6.061757587896929e-08
246,"(1.0, 1.0, 1.0, 3.0, 6.0, 9.0, 13.0)",659874599.9999998,1,-21.425825921722684,1.0,1.0,4.953156292457475e-10,1.5154394486467585e-09,1.5154394463502017e-09
247,"(1.0, 1.0, 1.0, 3.0, 6.0, 9.0, 14.0)",659874599.9999998,11,-21.349192292371995,15.0,23.0,5.347657623062122e-10,2.2731591729701378e-08,3.4855106802150184e-08
248,"(1.0, 1.0, 1.0, 3.0, 6.0, 11.0, 13.0)",659874599.9999998,1,-21.08140028963621,2.0,4.0,6.989790890696973e-10,3.030878897293517e-09,6.061757785400807e-09
249,"(1.0, 1.0, 1.0, 3.0, 6.0, 11.0, 14.0)",659874599.9999998,20,-21.00476666028553,28.0,50.0,7.546502943419183e-10,4.243230456210924e-08,7.577197063183746e-08
250,"(1.0, 1.0, 1.0, 3.0, 6.0, 12.0, 13.0)",688564799.9999996,1,-21.16711176671445,1.0,1.0,6.415642591673302e-10,1.4522961382864772e-09,1.452296136177313e-09
251,"(1.0, 1.0, 1.0, 3.0, 6.0, 12.0, 14.0)",688564799.9999996,16,-21.090478137363764,21.0,31.0,6.926625768794716e-10,3.049821890401602e-08,4.502117935673944e-08
252,"(1.0, 1.0, 1.0, 3.0, 6.0, 13.0, 14.0)",688564799.9999996,12,-20.97559176405157,12.0,12.0,7.769914542197467e-10,1.7427553659437727e-08,1.74275533557181e-08
253,"(1.0, 1.0, 1.0, 3.0, 6.0, 14.0, 14.0)",344282399.9999998,27,-20.898958134700884,29.0,33.0,8.388760676782159e-10,8.423317602061568e-08,9.585153803167956e-08
254,"(1.0, 1.0, 1.0, 3.0, 7.0, 7.0, 14.0)",372972600.0,9,-20.639144473276403,10.0,12.0,1.087760900453229e-09,2.6811621014519565e-08,3.217394449856046e-08
255,"(1.0, 1.0, 1.0, 3.0, 7.0, 8.0, 12.0)",659874599.9999998,3,-20.69187170987718,4.0,6.0,1.0318921203691417e-09,6.061757794587034e-09,9.092636655135643e-09
256,"(1.0, 1.0, 1.0, 3.0, 7.0, 8.0, 13.0)",659874599.9999998,1,-20.576985336564988,1.0,1.0,1.1575208275515492e-09,1.5154394486467585e-09,1.5154394463502017e-09
257,"(1.0, 1.0, 1.0, 3.0, 7.0, 8.0, 14.0)",659874599.9999998,24,-20.500351707214303,31.0,51.0,1.249713255916271e-09,4.6978622908049513e-08,7.728740967399368e-08
258,"(1.0, 1.0, 1.0, 3.0, 7.0, 9.0, 11.0)",580689647.9999999,1,-21.25102035193344,2.0,4.0,5.899281583605231e-10,3.444180565106269e-09,6.8883611183501585e-09
259,"(1.0, 1.0, 1.0, 3.0, 7.0, 9.0, 14.0)",659874599.9999998,23,-21.1452118263488,29.0,43.0,6.557694569372368e-10,4.3947744010756e-08,6.51638943604064e-08
260,"(1.0, 1.0, 1.0, 3.0, 7.0, 11.0, 11.0)",290344823.99999994,1,-20.90659471984697,1.0,1.0,8.324943175633526e-10,3.444180565106269e-09,3.4441805532438894e-09
261,"(1.0, 1.0, 1.0, 3.0, 7.0, 11.0, 12.0)",659874599.9999998,1,-20.99230619692521,1.0,1.0,7.641124154649608e-10,1.5154394486467585e-09,1.5154394463502017e-09
262,"(1.0, 1.0, 1.0, 3.0, 7.0, 11.0, 14.0)",659874599.9999998,19,-20.80078619426233,23.0,31.0,9.254081853780987e-10,3.485510731887545e-08,4.697862169317101e-08
263,"(1.0, 1.0, 1.0, 3.0, 7.0, 12.0, 14.0)",688564799.9999996,18,-20.886497671340564,24.0,42.0,8.493942467859503e-10,3.4855107318875454e-08,6.099643659315353e-08
264,"(1.0, 1.0, 1.0, 3.0, 7.0, 13.0, 14.0)",688564799.9999996,22,-20.77161129802837,29.0,49.0,9.528045733167163e-10,4.211658801030784e-08,7.11625090022304e-08
265,"(1.0, 1.0, 1.0, 3.0, 7.0, 14.0, 14.0)",344282399.9999998,33,-20.694977668677687,36.0,42.0,1.0286920781289477e-09,1.0456532195662635e-07,1.2199286468215752e-07
266,"(1.0, 1.0, 1.0, 3.0, 8.0, 8.0, 11.0)",225823752.0,1,-20.46736746673685,1.0,1.0,1.291621454051447e-09,4.428232155136631e-09,4.42823213552739e-09
267,"(1.0, 1.0, 1.0, 3.0, 8.0, 8.0, 14.0)",268837800.0,9,-20.361558941152204,11.0,15.0,1.4357780476960613e-09,4.091686511346247e-08,5.57957234805317e-08
268,"(1.0, 1.0, 1.0, 3.0, 8.0, 9.0, 14.0)",537675600.0,10,-21.0064190602867,12.0,16.0,7.534043398857361e-10,2.231829006188862e-08,2.9757719584412087e-08
269,"(1.0, 1.0, 1.0, 3.0, 8.0, 11.0, 11.0)",225823752.0,1,-20.767801953784872,1.0,1.0,9.564410558426988e-10,4.428232155136631e-09,4.42823213552739e-09
270,"(1.0, 1.0, 1.0, 3.0, 8.0, 11.0, 12.0)",537675600.0,2,-20.853513430863103,3.0,5.0,8.778780467462007e-10,5.579572515472155e-09,9.299287494655295e-09
271,"(1.0, 1.0, 1.0, 3.0, 8.0, 11.0, 13.0)",537675600.0,2,-20.738627057550914,2.0,2.0,9.847561611338612e-10,3.71971501031477e-09,3.71971499647849e-09
272,"(1.0, 1.0, 1.0, 3.0, 8.0, 11.0, 14.0)",537675600.0,24,-20.66199342820023,30.0,48.0,1.063188496588325e-09,5.5795725154721547e-08,8.927315713439153e-08
273,"(1.0, 1.0, 1.0, 3.0, 8.0, 12.0, 12.0)",293277599.99999994,1,-20.939224907941345,1.0,1.0,8.057682804926187e-10,3.409738759455206e-09,3.4097387478288877e-09
274,"(1.0, 1.0, 1.0, 3.0, 8.0, 12.0, 14.0)",586555199.9999999,16,-20.747704905278468,20.0,28.0,9.758571477106115e-10,3.4097387594552065e-08,4.773634146974105e-08
275,"(1.0, 1.0, 1.0, 3.0, 8.0, 13.0, 14.0)",586555199.9999999,21,-20.632818531966272,24.0,30.0,1.0946638227899246e-09,4.0916865113462474e-08,5.1146079717638244e-08
276,"(1.0, 1.0, 1.0, 3.0, 8.0, 14.0, 14.0)",293277599.99999994,30,-20.55618490261559,32.0,36.0,1.1818499136695837e-09,1.091116403025666e-07,1.2275058343503737e-07
277,"(1.0, 1.0, 1.0, 3.0, 9.0, 9.0, 14.0)",268837800.0,9,-21.651279179421195,10.0,12.0,3.953383325991765e-10,3.7197150103147696e-08,4.4636578740149263e-08
278,"(1.0, 1.0, 1.0, 3.0, 9.0, 11.0, 14.0)",537675600.0,10,-21.306853547334725,14.0,24.0,5.57893212486141e-10,2.6038005072203388e-08,4.463657944579953e-08
279,"(1.0, 1.0, 1.0, 3.0, 9.0, 12.0, 14.0)",586555199.9999999,15,-21.39256502441296,19.0,29.0,5.120673152605063e-10,3.239251821482446e-08,4.944121096282525e-08
280,"(1.0, 1.0, 1.0, 3.0, 9.0, 13.0, 14.0)",586555199.9999999,6,-21.27767865110077,7.0,9.0,5.744094472883471e-10,1.1934085658093222e-08,1.5343824275126027e-08
281,"(1.0, 1.0, 1.0, 3.0, 9.0, 14.0, 14.0)",293277599.99999994,29,-21.201045021750083,37.0,55.0,6.201591224222008e-10,1.2616033409984264e-07,1.8753561585360642e-07
282,"(1.0, 1.0, 1.0, 3.0, 11.0, 11.0, 14.0)",268837800.0,10,-20.962427915248256,13.0,19.0,7.872872698475958e-10,4.8356295134092004e-08,7.067458285764935e-08
283,"(1.0, 1.0, 1.0, 3.0, 11.0, 12.0, 13.0)",586555199.9999999,2,-21.12477302167718,2.0,2.0,6.693105108666286e-10,3.409738759455206e-09,3.4097387478288877e-09
284,"(1.0, 1.0, 1.0, 3.0, 11.0, 12.0, 14.0)",586555199.9999999,13,-21.04813939232649,18.0,34.0,7.226187191149003e-10,3.0687648835096854e-08,5.7965557969006716e-08
285,"(1.0, 1.0, 1.0, 3.0, 11.0, 13.0, 14.0)",586555199.9999999,11,-20.933253019014305,13.0,17.0,8.105946360506074e-10,2.2163301936458842e-08,2.8982778964157302e-08
286,"(1.0, 1.0, 1.0, 3.0, 11.0, 14.0, 14.0)",293277599.99999994,33,-20.856619389663614,40.0,58.0,8.751556237565522e-10,1.3638955037820826e-07,1.977648294462925e-07
287,"(1.0, 1.0, 1.0, 3.0, 12.0, 12.0, 14.0)",293277599.99999994,2,-21.13385086940473,2.0,2.0,6.632621067483301e-10,6.819477518910412e-09,6.819477472405139e-09
288,"(1.0, 1.0, 1.0, 3.0, 12.0, 13.0, 14.0)",586555199.9999999,6,-21.018964496092536,8.0,14.0,7.440115953325288e-10,1.3638955037820825e-08,2.386817113016535e-08
289,"(1.0, 1.0, 1.0, 3.0, 12.0, 14.0, 14.0)",293277599.99999994,18,-20.94233086674185,21.0,27.0,8.032694800051584e-10,7.160451394855933e-08,9.206294137808415e-08
290,"(1.0, 1.0, 1.0, 3.0, 13.0, 13.0, 14.0)",293277599.99999994,5,-20.904078122780348,7.0,11.0,8.345920087355367e-10,2.3868171316186445e-08,3.7507125784317665e-08
291,"(1.0, 1.0, 1.0, 3.0, 13.0, 14.0, 14.0)",293277599.99999994,20,-20.82744449342966,22.0,26.0,9.010643020608137e-10,7.501425270801454e-08,8.865320211869727e-08
292,"(1.0, 1.0, 1.0, 3.0, 14.0, 14.0, 14.0)",97759200.0,19,-20.75081086407897,21.0,25.0,9.72830877782367e-10,2.1481354184567794e-07,2.5573036081428264e-07
293,"(1.0, 1.0, 1.0, 4.0, 4.0, 4.0, 14.0)",148004999.99999997,5,-21.354960788123503,5.0,5.0,5.316898485055301e-10,3.378264247829466e-08,3.3782641337027726e-08
294,"(1.0, 1.0, 1.0, 4.0, 4.0, 6.0, 14.0)",444015000.0,7,-21.3194337996406,13.0,27.0,5.509187374243764e-10,2.9278290147855364e-08,6.080875560371209e-08
295,"(1.0, 1.0, 1.0, 4.0, 4.0, 7.0, 14.0)",444015000.0,9,-21.115453333617403,9.0,9.0,6.755774335651306e-10,2.026958548697679e-08,2.0269585076120693e-08
296,"(1.0, 1.0, 1.0, 4.0, 4.0, 8.0, 14.0)",408493800.0,21,-20.9766605675553,24.0,30.0,7.7616144666761e-10,5.8752421701382006e-08,7.344052367488045e-08
297,"(1.0, 1.0, 1.0, 4.0, 4.0, 9.0, 14.0)",408493800.0,3,-21.6215206866898,3.0,3.0,4.072798043609278e-10,7.344052712672751e-09,7.344052658737641e-09
298,"(1.0, 1.0, 1.0, 4.0, 4.0, 11.0, 14.0)",408493800.0,3,-21.27709505460333,3.0,3.0,5.747447684664978e-10,7.344052712672751e-09,7.344052658737641e-09
299,"(1.0, 1.0, 1.0, 4.0, 4.0, 12.0, 14.0)",426254400.0,10,-21.362806531681564,10.0,10.0,5.275346678571967e-10,2.346016838770462e-08,2.346016783732512e-08
300,"(1.0, 1.0, 1.0, 4.0, 4.0, 13.0, 14.0)",426254400.0,13,-21.24792015836937,15.0,21.0,5.917598877310457e-10,3.519025258155693e-08,4.9266352375825824e-08
301,"(1.0, 1.0, 1.0, 4.0, 4.0, 14.0, 14.0)",213127200.0,16,-21.171286529018687,21.0,33.0,6.388914639067932e-10,9.85327072283594e-08,1.548371016501561e-07
302,"(1.0, 1.0, 1.0, 4.0, 6.0, 6.0, 12.0)",444015000.0,1,-21.475426813820565,1.0,1.0,4.713468816840109e-10,2.2521761652196435e-09,2.252176160147346e-09
303,"(1.0, 1.0, 1.0, 4.0, 6.0, 6.0, 13.0)",444015000.0,1,-21.360540440508373,1.0,1.0,5.287314650251828e-10,2.2521761652196435e-09,2.252176160147346e-09
304,"(1.0, 1.0, 1.0, 4.0, 6.0, 6.0, 14.0)",444015000.0,8,-21.283906811157685,9.0,11.0,5.708430508846088e-10,2.026958548697679e-08,2.477393740655998e-08
305,"(1.0, 1.0, 1.0, 4.0, 6.0, 7.0, 12.0)",888029999.9999999,2,-21.271446347797365,3.0,5.0,5.780005198874234e-10,3.3782642478294657e-09,5.63044040163644e-09
306,"(1.0, 1.0, 1.0, 4.0, 6.0, 7.0, 14.0)",888029999.9999999,30,-21.07992634513449,34.0,42.0,7.000101050983957e-10,3.8286994808733944e-08,4.7295698003718546e-08
307,"(1.0, 1.0, 1.0, 4.0, 6.0, 8.0, 14.0)",816987600.0,20,-20.941133579072392,22.0,26.0,8.042318006211684e-10,2.6928193279800086e-08,3.182422769645432e-08
308,"(1.0, 1.0, 1.0, 4.0, 6.0, 9.0, 13.0)",816987600.0,1,-21.662627327557573,1.0,1.0,3.9087733454424883e-10,1.2240087854454583e-09,1.2240087839472607e-09
309,"(1.0, 1.0, 1.0, 4.0, 6.0, 9.0, 14.0)",816987600.0,12,-21.585993698206885,16.0,24.0,4.2200932785843476e-10,1.9584140567127333e-08,2.937621046715244e-08
310,"(1.0, 1.0, 1.0, 4.0, 6.0, 11.0, 12.0)",816987600.0,4,-21.43308806878329,4.0,4.0,4.917316039156683e-10,4.896035141781833e-09,4.8960351178106735e-09
311,"(1.0, 1.0, 1.0, 4.0, 6.0, 11.0, 14.0)",816987600.0,22,-21.24156806612041,24.0,28.0,5.955307649277786e-10,2.9376210850691003e-08,3.427224512951107e-08
312,"(1.0, 1.0, 1.0, 4.0, 6.0, 12.0, 13.0)",852508800.0,2,-21.403913172549338,2.0,2.0,5.062891472737324e-10,2.346016838770462e-09,2.346016833266667e-09
313,"(1.0, 1.0, 1.0, 4.0, 6.0, 12.0, 14.0)",852508800.0,16,-21.327279543198653,17.0,19.0,5.4661328212373e-10,1.9941143129548927e-08,2.2287159570670198e-08
314,"(1.0, 1.0, 1.0, 4.0, 6.0, 13.0, 14.0)",852508800.0,20,-21.21239316988646,23.0,31.0,6.131612463986885e-10,2.697919364586031e-08,3.636326027306527e-08
315,"(1.0, 1.0, 1.0, 4.0, 6.0, 14.0, 14.0)",426254400.0,43,-21.135759540535773,50.0,70.0,6.619973648849626e-10,1.173008419385231e-07,1.6422116495444484e-07
316,"(1.0, 1.0, 1.0, 4.0, 7.0, 7.0, 14.0)",444015000.0,13,-20.87594587911129,19.0,31.0,8.584043310687881e-10,4.279134713917323e-08,6.981745929070956e-08
317,"(1.0, 1.0, 1.0, 4.0, 7.0, 8.0, 8.0)",359474544.00000006,1,-20.54252715158581,1.0,1.0,1.1981020567763048e-09,2.7818381487396776e-09,2.7818381410010544e-09
318,"(1.0, 1.0, 1.0, 4.0, 7.0, 8.0, 12.0)",816987600.0,1,-20.92867311571207,2.0,4.0,8.143155954139845e-10,2.4480175708909167e-09,4.896035135789043e-09
319,"(1.0, 1.0, 1.0, 4.0, 7.0, 8.0, 14.0)",816987600.0,32,-20.737153113049192,38.0,50.0,9.862087072863359e-10,4.651233384692742e-08,6.120043710887572e-08
320,"(1.0, 1.0, 1.0, 4.0, 7.0, 9.0, 13.0)",816987600.0,1,-21.458646861534376,1.0,1.0,4.793227904077789e-10,1.2240087854454583e-09,1.2240087839472607e-09
321,"(1.0, 1.0, 1.0, 4.0, 7.0, 9.0, 14.0)",816987600.0,17,-21.382013232183688,19.0,23.0,5.174991505789586e-10,2.325616692346371e-08,2.8152201524396242e-08
322,"(1.0, 1.0, 1.0, 4.0, 7.0, 11.0, 12.0)",816987600.0,1,-21.22910760276009,1.0,1.0,6.029977788181775e-10,1.2240087854454583e-09,1.2240087839472607e-09
323,"(1.0, 1.0, 1.0, 4.0, 7.0, 11.0, 14.0)",816987600.0,19,-21.03758760009722,21.0,25.0,7.302840118670187e-10,2.5704184494354625e-08,3.060021897543136e-08
324,"(1.0, 1.0, 1.0, 4.0, 7.0, 12.0, 12.0)",426254400.0,2,-21.314819079838333,2.0,2.0,5.534669481485061e-10,4.692033677540924e-09,4.692033655525743e-09
325,"(1.0, 1.0, 1.0, 4.0, 7.0, 12.0, 14.0)",852508800.0,17,-21.123299077175453,20.0,26.0,6.702977648140964e-10,2.346016838770462e-08,3.04982183536365e-08
326,"(1.0, 1.0, 1.0, 4.0, 7.0, 13.0, 13.0)",426254400.0,1,-21.08504633321395,1.0,1.0,6.964352211956869e-10,2.346016838770462e-09,2.346016833266667e-09
327,"(1.0, 1.0, 1.0, 4.0, 7.0, 13.0, 14.0)",852508800.0,22,-21.008412703863264,25.0,31.0,7.519038164144568e-10,2.9325210484630775e-08,3.636326014097419e-08
328,"(1.0, 1.0, 1.0, 4.0, 7.0, 14.0, 14.0)",426254400.0,35,-20.931779074512576,38.0,46.0,8.117902885037609e-10,8.914863987327755e-08,1.0791676663596125e-07
329,"(1.0, 1.0, 1.0, 4.0, 8.0, 8.0, 11.0)",290344823.99999994,1,-20.70416887257173,1.0,1.0,1.019280477720025e-09,3.444180565106269e-09,3.4441805532438894e-09
330,"(1.0, 1.0, 1.0, 4.0, 8.0, 8.0, 14.0)",345648599.99999994,12,-20.598360346987093,15.0,23.0,1.1330413642209938e-09,4.339667512033899e-08,6.65415666345817e-08
331,"(1.0, 1.0, 1.0, 4.0, 8.0, 9.0, 13.0)",691297199.9999999,1,-21.31985409547228,1.0,1.0,5.506872372281336e-10,1.4465558373446329e-09,1.4465558352521091e-09
332,"(1.0, 1.0, 1.0, 4.0, 8.0, 9.0, 14.0)",691297199.9999999,18,-21.24322046612159,21.0,27.0,5.945475224697529e-10,3.037767258423729e-08,3.90570066855021e-08
333,"(1.0, 1.0, 1.0, 4.0, 8.0, 11.0, 12.0)",691297199.9999999,1,-21.090314836698,1.0,1.0,6.927756983755827e-10,1.4465558373446329e-09,1.4465558352521091e-09
334,"(1.0, 1.0, 1.0, 4.0, 8.0, 11.0, 14.0)",691297199.9999999,34,-20.89879483403512,41.0,59.0,8.390130678843699e-10,5.930878933112995e-08,8.534679088580085e-08
335,"(1.0, 1.0, 1.0, 4.0, 8.0, 12.0, 13.0)",754142399.9999999,2,-21.06113994046404,2.0,2.0,7.132850823285541e-10,2.652019035131827e-09,2.652019028098622e-09
336,"(1.0, 1.0, 1.0, 4.0, 8.0, 12.0, 14.0)",754142399.9999999,19,-20.98450631111336,24.0,36.0,7.700957092226676e-10,3.1824228421581924e-08,4.773634161959137e-08
337,"(1.0, 1.0, 1.0, 4.0, 8.0, 13.0, 14.0)",754142399.9999999,20,-20.86961993780116,21.0,23.0,8.638517583741624e-10,2.7846199868884184e-08,3.049821812860517e-08
338,"(1.0, 1.0, 1.0, 4.0, 8.0, 14.0, 14.0)",377071200.0,31,-20.79298630845048,37.0,51.0,9.32654486978282e-10,9.812470429987759e-08,1.3525296116326557e-07
339,"(1.0, 1.0, 1.0, 4.0, 9.0, 9.0, 14.0)",345648599.99999994,6,-21.888080585256084,8.0,12.0,3.1198045158568055e-10,2.3144893397514126e-08,3.4717339560585103e-08
340,"(1.0, 1.0, 1.0, 4.0, 9.0, 11.0, 14.0)",691297199.9999999,13,-21.54365495316961,15.0,19.0,4.402603087428904e-10,2.1698337560169495e-08,2.748456043873017e-08
341,"(1.0, 1.0, 1.0, 4.0, 9.0, 12.0, 12.0)",377071200.0,1,-21.82088643291073,1.0,1.0,3.3366406153119626e-10,2.6520190351318266e-09,2.6520190280986217e-09
342,"(1.0, 1.0, 1.0, 4.0, 9.0, 12.0, 14.0)",754142399.9999999,14,-21.62936643024785,16.0,20.0,4.040968939361904e-10,2.1216152281054616e-08,2.6520189901193153e-08
343,"(1.0, 1.0, 1.0, 4.0, 9.0, 13.0, 14.0)",754142399.9999999,6,-21.51448005693566,6.0,6.0,4.53294062283079e-10,7.956057105395481e-09,7.956057042096636e-09
344,"(1.0, 1.0, 1.0, 4.0, 9.0, 14.0, 14.0)",377071200.0,17,-21.43784642758497,20.0,28.0,4.89397326579055e-10,5.3040380702636533e-08,7.425653017040916e-08
345,"(1.0, 1.0, 1.0, 4.0, 11.0, 11.0, 11.0)",96781608.0,1,-21.305037846667787,1.0,1.0,5.589070997434711e-10,1.0332541695318805e-08,1.0332541588557387e-08
346,"(1.0, 1.0, 1.0, 4.0, 11.0, 11.0, 14.0)",345648599.99999994,7,-21.199229321083145,8.0,10.0,6.212861686340357e-10,2.3144893397514126e-08,2.893111621120657e-08
347,"(1.0, 1.0, 1.0, 4.0, 11.0, 12.0, 12.0)",377071200.0,1,-21.47646080082426,1.0,1.0,4.708597670126366e-10,2.6520190351318266e-09,2.6520190280986217e-09
348,"(1.0, 1.0, 1.0, 4.0, 11.0, 12.0, 14.0)",754142399.9999999,15,-21.284940798161383,18.0,26.0,5.702531116361608e-10,2.386817131618644e-08,3.447624688702415e-08
349,"(1.0, 1.0, 1.0, 4.0, 11.0, 13.0, 13.0)",377071200.0,2,-21.24668805419988,2.0,2.0,5.924894469102167e-10,5.304038070263653e-09,5.3040380421308336e-09
350,"(1.0, 1.0, 1.0, 4.0, 11.0, 13.0, 14.0)",754142399.9999999,20,-21.17005442484919,21.0,23.0,6.396791298869524e-10,2.7846199868884184e-08,3.049821812860517e-08
351,"(1.0, 1.0, 1.0, 4.0, 11.0, 14.0, 14.0)",377071200.0,26,-21.093420795498503,33.0,49.0,6.9062730373818e-10,8.751662815935027e-08,1.2994892506229931e-07
352,"(1.0, 1.0, 1.0, 4.0, 12.0, 12.0, 14.0)",377071200.0,3,-21.370652275239618,4.0,6.0,5.234119601369637e-10,1.0608076140527306e-08,1.591211409825968e-08
353,"(1.0, 1.0, 1.0, 4.0, 12.0, 13.0, 14.0)",754142399.9999999,14,-21.255765901927425,14.0,14.0,5.871352569601759e-10,1.8564133245922787e-08,1.8564132901295743e-08
354,"(1.0, 1.0, 1.0, 4.0, 12.0, 14.0, 14.0)",377071200.0,17,-21.17913227257674,17.0,17.0,6.338984976978833e-10,4.5084323597241054e-08,4.508432156464482e-08
355,"(1.0, 1.0, 1.0, 4.0, 13.0, 13.0, 14.0)",377071200.0,3,-21.14087952861524,3.0,3.0,6.586166083699784e-10,7.95605710539548e-09,7.956057042096634e-09
356,"(1.0, 1.0, 1.0, 4.0, 13.0, 14.0, 14.0)",377071200.0,39,-21.06424589926455,46.0,60.0,7.110730852140349e-10,1.2199287561606403e-07,1.5912112722564788e-07
357,"(1.0, 1.0, 1.0, 4.0, 14.0, 14.0, 14.0)",125690399.99999996,19,-20.98761226991386,21.0,25.0,7.677075343835988e-10,1.6707719921330515e-07,1.9890139972009657e-07
358,"(1.0, 1.0, 1.0, 6.0, 6.0, 6.0, 14.0)",148004999.99999997,4,-21.24837982267477,4.0,4.0,5.91487939340561e-10,2.702611398263573e-08,2.702611325222489e-08
359,"(1.0, 1.0, 1.0, 6.0, 6.0, 7.0, 14.0)",444015000.0,11,-21.04439935665157,18.0,36.0,7.25326399157511e-10,4.053917097395358e-08,8.107834030448277e-08
360,"(1.0, 1.0, 1.0, 6.0, 6.0, 8.0, 14.0)",408493800.0,12,-20.90560659058948,18.0,34.0,8.333173361126215e-10,4.40643162760365e-08,8.32325954686272e-08
361,"(1.0, 1.0, 1.0, 6.0, 6.0, 9.0, 11.0)",359474544.00000006,1,-21.656275235308613,2.0,4.0,3.933681259245232e-10,5.563676297479355e-09,1.1127352564004217e-08
362,"(1.0, 1.0, 1.0, 6.0, 6.0, 9.0, 14.0)",408493800.0,4,-21.55046670972397,4.0,4.0,4.3727155359194884e-10,9.792070283563667e-09,9.792070187679026e-09
363,"(1.0, 1.0, 1.0, 6.0, 6.0, 11.0, 12.0)",408493800.0,1,-21.39756108030038,2.0,4.0,5.095153784529475e-10,4.896035141781833e-09,9.792070259592507e-09
364,"(1.0, 1.0, 1.0, 6.0, 6.0, 11.0, 14.0)",408493800.0,10,-21.206041077637504,12.0,16.0,6.170684996781043e-10,2.9376210850691003e-08,3.91682802712929e-08
365,"(1.0, 1.0, 1.0, 6.0, 6.0, 12.0, 13.0)",426254400.0,1,-21.368386184066424,1.0,1.0,5.245994042799759e-10,2.346016838770462e-09,2.346016833266667e-09
366,"(1.0, 1.0, 1.0, 6.0, 6.0, 12.0, 14.0)",426254400.0,7,-21.291752554715742,9.0,13.0,5.663818861568312e-10,2.111415154893416e-08,3.049821845820861e-08
367,"(1.0, 1.0, 1.0, 6.0, 6.0, 13.0, 13.0)",213127200.0,1,-21.253499810754235,1.0,1.0,5.884672676422585e-10,4.692033677540924e-09,4.692033655525743e-09
368,"(1.0, 1.0, 1.0, 6.0, 6.0, 13.0, 14.0)",426254400.0,9,-21.176866181403547,9.0,9.0,6.353365983063575e-10,2.111415154893416e-08,2.1114151103126762e-08
369,"(1.0, 1.0, 1.0, 6.0, 6.0, 14.0, 14.0)",213127200.0,10,-21.100232552052866,12.0,16.0,6.85938904919483e-10,5.6304404130491086e-08,7.507253567046886e-08
370,"(1.0, 1.0, 1.0, 6.0, 7.0, 7.0, 14.0)",444015000.0,11,-20.84041889062838,13.0,17.0,8.894490492930976e-10,2.9278290147855364e-08,3.8286993951515664e-08
371,"(1.0, 1.0, 1.0, 6.0, 7.0, 8.0, 13.0)",816987600.0,2,-20.778259753916966,2.0,2.0,9.464909054680193e-10,2.4480175708909167e-09,2.4480175648981267e-09
372,"(1.0, 1.0, 1.0, 6.0, 7.0, 8.0, 14.0)",816987600.0,32,-20.70162612456628,39.0,55.0,1.021875549029726e-09,4.7736342632372876e-08,6.732048092074181e-08
373,"(1.0, 1.0, 1.0, 6.0, 7.0, 9.0, 12.0)",816987600.0,1,-21.53800624636365,1.0,1.0,4.4275424727771227e-10,1.2240087854454583e-09,1.2240087839472607e-09
374,"(1.0, 1.0, 1.0, 6.0, 7.0, 9.0, 14.0)",816987600.0,17,-21.346486243700777,22.0,34.0,5.362148242184913e-10,2.6928193279800086e-08,4.161629798001799e-08
375,"(1.0, 1.0, 1.0, 6.0, 7.0, 11.0, 12.0)",816987600.0,1,-21.193580614277185,1.0,1.0,6.248055626978171e-10,1.2240087854454583e-09,1.2240087839472607e-09
376,"(1.0, 1.0, 1.0, 6.0, 7.0, 11.0, 13.0)",816987600.0,1,-21.078694240964992,1.0,1.0,7.008731220217742e-10,1.2240087854454583e-09,1.2240087839472607e-09
377,"(1.0, 1.0, 1.0, 6.0, 7.0, 11.0, 14.0)",816987600.0,22,-21.002060611614308,26.0,34.0,7.566951803007849e-10,3.182422842158192e-08,4.1616297692364075e-08
378,"(1.0, 1.0, 1.0, 6.0, 7.0, 12.0, 13.0)",852508800.0,1,-21.164405718043227,1.0,1.0,6.433027143897268e-10,1.173008419385231e-09,1.1730084180092822e-09
379,"(1.0, 1.0, 1.0, 6.0, 7.0, 12.0, 14.0)",852508800.0,15,-21.087772088692542,19.0,29.0,6.945394938942967e-10,2.2287159968319387e-08,3.4017243665454204e-08
380,"(1.0, 1.0, 1.0, 6.0, 7.0, 13.0, 13.0)",426254400.0,2,-21.04951934473104,2.0,2.0,7.216222273895947e-10,4.692033677540924e-09,4.692033655525743e-09
381,"(1.0, 1.0, 1.0, 6.0, 7.0, 13.0, 14.0)",852508800.0,22,-20.97288571538035,24.0,30.0,7.790968783172444e-10,2.8152202065245543e-08,3.5190251789010446e-08
382,"(1.0, 1.0, 1.0, 6.0, 7.0, 14.0, 14.0)",426254400.0,48,-20.896252086029666,53.0,65.0,8.411491813374612e-10,1.2433889245483448e-07,1.5249107905991986e-07
383,"(1.0, 1.0, 1.0, 6.0, 8.0, 8.0, 12.0)",345648599.99999994,1,-20.75435336116706,1.0,1.0,9.693907241952756e-10,2.8931116746892657e-09,2.8931116663191707e-09
384,"(1.0, 1.0, 1.0, 6.0, 8.0, 8.0, 14.0)",345648599.99999994,13,-20.562833358504182,16.0,22.0,1.1740184989063882e-09,4.628978679502825e-08,6.364845470041949e-08
385,"(1.0, 1.0, 1.0, 6.0, 8.0, 9.0, 14.0)",691297199.9999999,16,-21.20769347763868,20.0,30.0,6.160496976545559e-10,2.893111674689266e-08,4.3396674283329474e-08
386,"(1.0, 1.0, 1.0, 6.0, 8.0, 11.0, 13.0)",691297199.9999999,2,-20.939901474902896,2.0,2.0,8.052233086711238e-10,2.8931116746892657e-09,2.8931116663191707e-09
387,"(1.0, 1.0, 1.0, 6.0, 8.0, 11.0, 14.0)",691297199.9999999,21,-20.86326784555221,22.0,24.0,8.693564892025682e-10,3.1824228421581924e-08,3.471733908348968e-08
388,"(1.0, 1.0, 1.0, 6.0, 8.0, 12.0, 14.0)",754142399.9999999,23,-20.948979322630443,27.0,37.0,7.979466920675561e-10,3.5802256974279664e-08,4.9062350868137195e-08
389,"(1.0, 1.0, 1.0, 6.0, 8.0, 13.0, 14.0)",754142399.9999999,21,-20.83409294931825,24.0,36.0,8.950934861423718e-10,3.1824228421581924e-08,4.773634161959137e-08
390,"(1.0, 1.0, 1.0, 6.0, 8.0, 14.0, 14.0)",377071200.0,26,-20.75745931996757,28.0,32.0,9.663845075535874e-10,7.425653298369115e-08,8.486460361018576e-08
391,"(1.0, 1.0, 1.0, 6.0, 9.0, 9.0, 14.0)",345648599.99999994,3,-21.852553596773173,3.0,3.0,3.2326341563935927e-10,8.679335024067798e-09,8.679334948736941e-09
392,"(1.0, 1.0, 1.0, 6.0, 9.0, 11.0, 14.0)",691297199.9999999,16,-21.508127964686704,20.0,28.0,4.561825923749557e-10,2.893111674689266e-08,4.0503562608640205e-08
393,"(1.0, 1.0, 1.0, 6.0, 9.0, 12.0, 13.0)",754142399.9999999,2,-21.670473071115623,2.0,2.0,3.87822610176399e-10,2.652019035131827e-09,2.652019028098622e-09
394,"(1.0, 1.0, 1.0, 6.0, 9.0, 12.0, 14.0)",754142399.9999999,11,-21.593839441764946,12.0,14.0,4.1871130552932246e-10,1.5912114210790962e-08,1.8564132992727408e-08
395,"(1.0, 1.0, 1.0, 6.0, 9.0, 13.0, 14.0)",754142399.9999999,7,-21.478953068452743,9.0,13.0,4.696877195923492e-10,1.193408565809322e-08,1.7238123585934477e-08
396,"(1.0, 1.0, 1.0, 6.0, 9.0, 14.0, 14.0)",377071200.0,19,-21.40231943910206,26.0,46.0,5.070966805472022e-10,6.895249491342749e-08,1.2199287086161748e-07
397,"(1.0, 1.0, 1.0, 6.0, 11.0, 11.0, 14.0)",345648599.99999994,10,-21.163702332600234,14.0,24.0,6.437553633291413e-10,4.050356344564972e-08,6.943467855200373e-08
398,"(1.0, 1.0, 1.0, 6.0, 11.0, 12.0, 14.0)",754142399.9999999,13,-21.249413809678472,16.0,22.0,5.908766645779778e-10,2.1216152281054616e-08,2.917220893632498e-08
399,"(1.0, 1.0, 1.0, 6.0, 11.0, 13.0, 13.0)",377071200.0,1,-21.211161065716965,1.0,1.0,6.139171905322773e-10,2.6520190351318266e-09,2.6520190280986217e-09
400,"(1.0, 1.0, 1.0, 6.0, 11.0, 13.0, 14.0)",754142399.9999999,12,-21.13452743636628,14.0,20.0,6.628135172875707e-10,1.8564133245922787e-08,2.6520190006691226e-08
401,"(1.0, 1.0, 1.0, 6.0, 11.0, 14.0, 14.0)",377071200.0,36,-21.057893807015592,42.0,58.0,7.156042630411154e-10,1.1138479947553671e-07,1.538170916310724e-07
402,"(1.0, 1.0, 1.0, 6.0, 12.0, 12.0, 14.0)",377071200.0,4,-21.335125286756707,6.0,12.0,5.423414741545077e-10,1.591211421079096e-08,3.182422816838654e-08
403,"(1.0, 1.0, 1.0, 6.0, 12.0, 13.0, 13.0)",377071200.0,1,-21.2968725427952,1.0,1.0,5.634894286439187e-10,2.6520190351318266e-09,2.6520190280986217e-09
404,"(1.0, 1.0, 1.0, 6.0, 12.0, 13.0, 14.0)",754142399.9999999,6,-21.220238913444515,7.0,9.0,6.083693630243815e-10,9.282066622961394e-09,1.193408557193646e-08
405,"(1.0, 1.0, 1.0, 6.0, 12.0, 14.0, 14.0)",377071200.0,21,-21.14360528409383,22.0,24.0,6.568238249959686e-10,5.8344418772900184e-08,6.364845343909263e-08
406,"(1.0, 1.0, 1.0, 6.0, 13.0, 13.0, 14.0)",377071200.0,8,-21.105352540132323,9.0,11.0,6.824358812751428e-10,2.3868171316186438e-08,2.917220881676049e-08
407,"(1.0, 1.0, 1.0, 6.0, 13.0, 14.0, 14.0)",377071200.0,23,-21.028718910781635,27.0,37.0,7.367894787227666e-10,7.160451394855931e-08,9.812469917267117e-08
408,"(1.0, 1.0, 1.0, 6.0, 14.0, 14.0, 14.0)",125690399.99999996,14,-20.95208528143096,14.0,14.0,7.954721474231658e-10,1.1138479947553675e-07,1.113847870689632e-07
409,"(1.0, 1.0, 1.0, 7.0, 7.0, 7.0, 12.0)",148004999.99999997,2,-20.82795842726806,3.0,5.0,9.00601333603177e-10,2.0269585486976796e-08,3.3782642067438563e-08
410,"(1.0, 1.0, 1.0, 7.0, 7.0, 7.0, 14.0)",148004999.99999997,6,-20.636438424605185,6.0,6.0,1.0907084206604233e-09,4.053917097395359e-08,4.053916933052921e-08
411,"(1.0, 1.0, 1.0, 7.0, 7.0, 8.0, 12.0)",408493800.0,1,-20.68916566120596,2.0,4.0,1.034688252198452e-09,4.896035141781833e-09,9.792070259592507e-09
412,"(1.0, 1.0, 1.0, 7.0, 7.0, 8.0, 14.0)",408493800.0,13,-20.497645658543085,13.0,13.0,1.253099620579201e-09,3.182422842158192e-08,3.1824227408800405e-08
413,"(1.0, 1.0, 1.0, 7.0, 7.0, 9.0, 14.0)",408493800.0,10,-21.14250577767758,12.0,16.0,6.575464041733233e-10,2.9376210850691003e-08,3.91682802712929e-08
414,"(1.0, 1.0, 1.0, 7.0, 7.0, 11.0, 12.0)",408493800.0,1,-20.989600148253988,2.0,4.0,7.661829410595244e-10,4.896035141781833e-09,9.792070259592507e-09
415,"(1.0, 1.0, 1.0, 7.0, 7.0, 11.0, 13.0)",408493800.0,1,-20.8747137749418,1.0,1.0,8.59462626455403e-10,2.4480175708909167e-09,2.4480175648981267e-09
416,"(1.0, 1.0, 1.0, 7.0, 7.0, 11.0, 14.0)",408493800.0,14,-20.79808014559111,16.0,20.0,9.279157762697812e-10,3.9168281134254667e-08,4.896034988366409e-08
417,"(1.0, 1.0, 1.0, 7.0, 7.0, 12.0, 14.0)",426254400.0,13,-20.88379162266935,17.0,27.0,8.516958616952835e-10,3.9882286259097854e-08,6.334245305620572e-08
418,"(1.0, 1.0, 1.0, 7.0, 7.0, 13.0, 14.0)",426254400.0,12,-20.76890524935716,14.0,18.0,9.553864005658635e-10,3.284423574278647e-08,4.22283020191245e-08
419,"(1.0, 1.0, 1.0, 7.0, 7.0, 14.0, 14.0)",213127200.0,26,-20.69227162000647,32.0,46.0,1.0314795387611532e-09,1.5014507768130956e-07,2.1583352662333814e-07
420,"(1.0, 1.0, 1.0, 7.0, 8.0, 8.0, 14.0)",345648599.99999994,17,-20.358852892480986,18.0,20.0,1.4396685946047308e-09,5.207601014440679e-08,5.786223078187449e-08
421,"(1.0, 1.0, 1.0, 7.0, 8.0, 9.0, 12.0)",691297199.9999999,1,-21.19523301427836,1.0,1.0,6.237739865082484e-10,1.4465558373446329e-09,1.4465558352521091e-09
422,"(1.0, 1.0, 1.0, 7.0, 8.0, 9.0, 14.0)",691297199.9999999,19,-21.00371301161548,21.0,25.0,7.554458496652067e-10,3.037767258423729e-08,3.6163895010812834e-08
423,"(1.0, 1.0, 1.0, 7.0, 8.0, 11.0, 12.0)",691297199.9999999,1,-20.85080738219189,1.0,1.0,8.802568445878542e-10,1.4465558373446329e-09,1.4465558352521091e-09
424,"(1.0, 1.0, 1.0, 7.0, 8.0, 11.0, 13.0)",691297199.9999999,1,-20.7359210088797,2.0,4.0,9.874245680263022e-10,2.8931116746892657e-09,5.7862233410084365e-09
425,"(1.0, 1.0, 1.0, 7.0, 8.0, 11.0, 14.0)",691297199.9999999,44,-20.65928737952901,52.0,70.0,1.0660694326253209e-09,7.522090354192091e-08,1.0125890295593997e-07
426,"(1.0, 1.0, 1.0, 7.0, 8.0, 12.0, 14.0)",754142399.9999999,26,-20.744998856607246,34.0,50.0,9.785014408278005e-10,4.508432359724106e-08,6.630047384569944e-08
427,"(1.0, 1.0, 1.0, 7.0, 8.0, 13.0, 13.0)",377071200.0,1,-20.706746112645742,1.0,1.0,1.0166569294352458e-09,2.6520190351318266e-09,2.6520190280986217e-09
428,"(1.0, 1.0, 1.0, 7.0, 8.0, 13.0, 14.0)",754142399.9999999,41,-20.630112483295058,47.0,59.0,1.0976300479377573e-09,6.232244732559793e-08,7.823455765230146e-08
429,"(1.0, 1.0, 1.0, 7.0, 8.0, 14.0, 14.0)",377071200.0,49,-20.55347885394437,61.0,95.0,1.1850523881297019e-09,1.6177316114304142e-07,2.5194178216696785e-07
430,"(1.0, 1.0, 1.0, 7.0, 9.0, 9.0, 14.0)",345648599.99999994,8,-21.648573130749977,9.0,11.0,3.9640958614720257e-10,2.6038005072203394e-08,3.182422774360421e-08
431,"(1.0, 1.0, 1.0, 7.0, 9.0, 11.0, 12.0)",691297199.9999999,1,-21.495667501326384,1.0,1.0,4.619024005770308e-10,1.4465558373446329e-09,1.4465558352521091e-09
432,"(1.0, 1.0, 1.0, 7.0, 9.0, 11.0, 14.0)",691297199.9999999,17,-21.304147498663507,22.0,34.0,5.594049431583634e-10,3.1824228421581924e-08,4.918289745693601e-08
433,"(1.0, 1.0, 1.0, 7.0, 9.0, 12.0, 13.0)",754142399.9999999,1,-21.466492605092427,1.0,1.0,4.755768607297852e-10,1.3260095175659135e-09,1.3260095158076123e-09
434,"(1.0, 1.0, 1.0, 7.0, 9.0, 12.0, 14.0)",754142399.9999999,13,-21.389858975741745,15.0,19.0,5.134548708883499e-10,1.9890142763488702e-08,2.5194180438134576e-08
435,"(1.0, 1.0, 1.0, 7.0, 9.0, 13.0, 13.0)",377071200.0,1,-21.35160623178024,1.0,1.0,5.334764269731767e-10,2.6520190351318266e-09,2.6520190280986217e-09
436,"(1.0, 1.0, 1.0, 7.0, 9.0, 13.0, 14.0)",754142399.9999999,8,-21.27497260242955,8.0,8.0,5.759659322221065e-10,1.0608076140527308e-08,1.0608076027996028e-08
437,"(1.0, 1.0, 1.0, 7.0, 9.0, 14.0, 14.0)",377071200.0,28,-21.198338973078865,31.0,39.0,6.218395758603173e-10,8.221259008908663e-08,1.0342873561123127e-07
438,"(1.0, 1.0, 1.0, 7.0, 11.0, 11.0, 13.0)",345648599.99999994,2,-21.03635549592772,2.0,2.0,7.311843523857133e-10,5.7862233493785315e-09,5.7862233158981505e-09
439,"(1.0, 1.0, 1.0, 7.0, 11.0, 11.0, 14.0)",345648599.99999994,6,-20.95972186657704,6.0,6.0,7.894205926538969e-10,1.7358670048135596e-08,1.735866974681217e-08
440,"(1.0, 1.0, 1.0, 7.0, 11.0, 12.0, 12.0)",377071200.0,1,-21.23695334631816,1.0,1.0,5.982853234109918e-10,2.6520190351318266e-09,2.6520190280986217e-09
441,"(1.0, 1.0, 1.0, 7.0, 11.0, 12.0, 13.0)",754142399.9999999,1,-21.12206697300596,1.0,1.0,6.711241504769924e-10,1.3260095175659135e-09,1.3260095158076123e-09
442,"(1.0, 1.0, 1.0, 7.0, 11.0, 12.0, 14.0)",754142399.9999999,22,-21.04543334365528,26.0,34.0,7.245768086875215e-10,3.447624745671375e-08,4.5084322408629425e-08
443,"(1.0, 1.0, 1.0, 7.0, 11.0, 13.0, 14.0)",754142399.9999999,24,-20.93054697034308,31.0,45.0,8.127911151377058e-10,4.110629504454332e-08,5.967042660073861e-08
444,"(1.0, 1.0, 1.0, 7.0, 11.0, 14.0, 14.0)",377071200.0,47,-20.8539133409924,57.0,89.0,8.775270446123524e-10,1.511650850025141e-07,2.3602967127584965e-07
445,"(1.0, 1.0, 1.0, 7.0, 12.0, 12.0, 13.0)",377071200.0,2,-21.207778450084195,2.0,2.0,6.159973526291622e-10,5.304038070263653e-09,5.3040380421308336e-09
446,"(1.0, 1.0, 1.0, 7.0, 12.0, 12.0, 14.0)",377071200.0,6,-21.13114482073351,6.0,6.0,6.650593569174549e-10,1.591211421079096e-08,1.591211395759558e-08
447,"(1.0, 1.0, 1.0, 7.0, 12.0, 13.0, 13.0)",377071200.0,2,-21.092892076772003,2.0,2.0,6.909925478738971e-10,5.304038070263653e-09,5.3040380421308336e-09
448,"(1.0, 1.0, 1.0, 7.0, 12.0, 13.0, 14.0)",754142399.9999999,7,-21.01625844742132,8.0,10.0,7.460276534669183e-10,1.0608076140527308e-08,1.3260095063127855e-08
449,"(1.0, 1.0, 1.0, 7.0, 12.0, 14.0, 14.0)",377071200.0,28,-20.93962481807064,32.0,42.0,8.054461100192956e-10,8.486460912421845e-08,1.1138479227353483e-07
450,"(1.0, 1.0, 1.0, 7.0, 13.0, 13.0, 14.0)",377071200.0,9,-20.901372074109126,9.0,9.0,8.368535138231797e-10,2.3868171316186438e-08,2.3868170746496837e-08
451,"(1.0, 1.0, 1.0, 7.0, 13.0, 14.0, 14.0)",377071200.0,24,-20.82473844475844,27.0,33.0,9.035059280074708e-10,7.160451394855931e-08,8.751662303214385e-08
452,"(1.0, 1.0, 1.0, 7.0, 14.0, 14.0, 14.0)",125690399.99999996,15,-20.74810481540776,15.0,15.0,9.754669705755937e-10,1.1934085658093224e-07,1.193408423386922e-07
453,"(1.0, 1.0, 1.0, 8.0, 8.0, 8.0, 14.0)",89612599.99999999,4,-20.22006012641889,5.0,7.0,1.654015074502334e-09,5.579572515472155e-08,7.811401210344723e-08
454,"(1.0, 1.0, 1.0, 8.0, 8.0, 9.0, 14.0)",268837799.99999994,7,-20.86492024555338,8.0,10.0,8.67921150742017e-10,2.9757720082518166e-08,3.7197149217625796e-08
455,"(1.0, 1.0, 1.0, 8.0, 8.0, 11.0, 14.0)",268837799.99999994,13,-20.520494613466912,16.0,24.0,1.2247922324877553e-09,5.951544016503633e-08,8.927315670546687e-08
456,"(1.0, 1.0, 1.0, 8.0, 8.0, 12.0, 14.0)",307243200.0,9,-20.60620609054515,11.0,15.0,1.1241865937874348e-09,3.580225697427966e-08,4.882125822857975e-08
457,"(1.0, 1.0, 1.0, 8.0, 8.0, 13.0, 14.0)",307243200.0,15,-20.491319717232955,15.0,15.0,1.2610517811665108e-09,4.8821259510381354e-08,4.882125712686597e-08
458,"(1.0, 1.0, 1.0, 8.0, 8.0, 14.0, 14.0)",153621600.0,25,-20.41468608788227,28.0,34.0,1.3614900827781686e-09,1.822660355054237e-07,2.2132300989282112e-07
459,"(1.0, 1.0, 1.0, 8.0, 9.0, 9.0, 12.0)",268837799.99999994,1,-21.70130036735076,1.0,1.0,3.7604948680693644e-10,3.7197150103147707e-09,3.719714996478491e-09
460,"(1.0, 1.0, 1.0, 8.0, 9.0, 9.0, 14.0)",268837799.99999994,7,-21.50978036468788,7.0,7.0,4.5542941870224094e-10,2.6038005072203394e-08,2.6038004394225686e-08
461,"(1.0, 1.0, 1.0, 8.0, 9.0, 11.0, 11.0)",215070240.0,1,-21.27116325818605,2.0,4.0,5.781641689925262e-10,9.299287525786924e-09,1.8598574965097098e-08
462,"(1.0, 1.0, 1.0, 8.0, 9.0, 11.0, 14.0)",537675599.9999999,13,-21.165354732601408,14.0,16.0,6.426925003452577e-10,2.6038005072203394e-08,2.9757719404540458e-08
463,"(1.0, 1.0, 1.0, 8.0, 9.0, 12.0, 14.0)",614486400.0,16,-21.25106620967964,20.0,34.0,5.899011062050424e-10,3.2547506340254236e-08,5.5330759719092035e-08
464,"(1.0, 1.0, 1.0, 8.0, 9.0, 13.0, 13.0)",307243200.0,1,-21.21281346571814,1.0,1.0,6.129035914321282e-10,3.2547506340254234e-09,3.2547506234320216e-09
465,"(1.0, 1.0, 1.0, 8.0, 9.0, 13.0, 14.0)",614486400.0,14,-21.13617983636745,14.0,14.0,6.617191886141784e-10,2.2783254438177963e-08,2.278325391910128e-08
466,"(1.0, 1.0, 1.0, 8.0, 9.0, 14.0, 14.0)",307243200.0,26,-21.05954620701677,28.0,32.0,7.144227749702992e-10,9.113301775271185e-08,1.0415201198358663e-07
467,"(1.0, 1.0, 1.0, 8.0, 11.0, 11.0, 12.0)",268837799.99999994,1,-21.01244910317781,1.0,1.0,7.488749493360977e-10,3.7197150103147707e-09,3.719714996478491e-09
468,"(1.0, 1.0, 1.0, 8.0, 11.0, 11.0, 14.0)",268837799.99999994,16,-20.82092910051493,18.0,22.0,9.06954256879252e-10,6.695487018566587e-08,8.18337257439703e-08
469,"(1.0, 1.0, 1.0, 8.0, 11.0, 12.0, 12.0)",307243200.0,1,-21.09816058025605,2.0,4.0,6.873616243931414e-10,6.509501268050847e-09,1.3019002493728086e-08
470,"(1.0, 1.0, 1.0, 8.0, 11.0, 12.0, 13.0)",614486400.0,1,-20.98327420694386,2.0,4.0,7.710451321307681e-10,3.2547506340254234e-09,6.509501257457445e-09
471,"(1.0, 1.0, 1.0, 8.0, 11.0, 12.0, 14.0)",614486400.0,11,-20.906640577593173,14.0,22.0,8.324561421255502e-10,2.2783254438177963e-08,3.580225645520297e-08
472,"(1.0, 1.0, 1.0, 8.0, 11.0, 13.0, 14.0)",614486400.0,22,-20.791754204280984,26.0,34.0,9.338043226736023e-10,4.2311758242330506e-08,5.5330758988147316e-08
473,"(1.0, 1.0, 1.0, 8.0, 11.0, 14.0, 14.0)",307243200.0,21,-20.715120574930296,26.0,36.0,1.0081785249131068e-09,8.462351648466101e-08,1.171710156637757e-07
474,"(1.0, 1.0, 1.0, 8.0, 12.0, 12.0, 14.0)",321208799.99999994,5,-20.99235205467141,6.0,8.0,7.640773757951694e-10,1.8679438421363305e-08,2.4905917546229652e-08
475,"(1.0, 1.0, 1.0, 8.0, 12.0, 13.0, 14.0)",642417599.9999999,13,-20.87746568135922,15.0,19.0,8.571007171054364e-10,2.3349298026704128e-08,2.957577695530218e-08
476,"(1.0, 1.0, 1.0, 8.0, 12.0, 14.0, 14.0)",321208799.99999994,29,-20.80083205200853,34.0,46.0,9.253657492174218e-10,1.0585015105439205e-07,1.4320901669286416e-07
477,"(1.0, 1.0, 1.0, 8.0, 13.0, 13.0, 13.0)",107069600.0,1,-20.83921293739771,1.0,1.0,8.905223302808715e-10,9.33971921068165e-09,9.339719123451296e-09
478,"(1.0, 1.0, 1.0, 8.0, 13.0, 13.0, 14.0)",321208799.99999994,8,-20.762579308047027,9.0,11.0,9.614492753409146e-10,2.8019157632044955e-08,3.424563632075953e-08
479,"(1.0, 1.0, 1.0, 8.0, 13.0, 14.0, 14.0)",321208799.99999994,29,-20.685945678696346,37.0,57.0,1.0380253000079345e-09,1.151898702650737e-07,1.7745465173424516e-07
480,"(1.0, 1.0, 1.0, 8.0, 14.0, 14.0, 14.0)",107069600.0,10,-20.60931204934565,15.0,25.0,1.1207003334362225e-09,1.4009578816022476e-07,2.334929606402114e-07
481,"(1.0, 1.0, 1.0, 9.0, 9.0, 9.0, 14.0)",89612599.99999999,4,-22.15464048382237,6.0,10.0,2.389801829833688e-10,6.695487018566586e-08,1.1159144582648846e-07
482,"(1.0, 1.0, 1.0, 9.0, 9.0, 11.0, 14.0)",268837799.99999994,6,-21.8102148517359,8.0,12.0,3.3724385168663296e-10,2.9757720082518166e-08,4.463657923825534e-08
483,"(1.0, 1.0, 1.0, 9.0, 9.0, 12.0, 14.0)",307243200.0,5,-21.89592632881413,5.0,5.0,3.0954230999104877e-10,1.6273753170127118e-08,1.6273752905292076e-08
484,"(1.0, 1.0, 1.0, 9.0, 9.0, 13.0, 14.0)",307243200.0,8,-21.781039955501942,13.0,27.0,3.472278387927601e-10,4.2311758242330506e-08,8.787826532840155e-08
485,"(1.0, 1.0, 1.0, 9.0, 9.0, 14.0, 14.0)",153621600.0,8,-21.70440632615126,10.0,14.0,3.748833045884384e-10,6.509501268050847e-08,9.113301351535117e-08
486,"(1.0, 1.0, 1.0, 9.0, 11.0, 11.0, 14.0)",268837799.99999994,7,-21.46578921964944,9.0,15.0,4.759114922443148e-10,3.347743509283294e-08,5.57957240339829e-08
487,"(1.0, 1.0, 1.0, 9.0, 11.0, 12.0, 14.0)",614486400.0,9,-21.551500696727672,13.0,21.0,4.3681965415777893e-10,2.1155879121165253e-08,3.417488120969572e-08
488,"(1.0, 1.0, 1.0, 9.0, 11.0, 13.0, 14.0)",614486400.0,14,-21.43661432341548,16.0,20.0,4.900006866905953e-10,2.6038005072203388e-08,3.2547505662276525e-08
489,"(1.0, 1.0, 1.0, 9.0, 11.0, 14.0, 14.0)",307243200.0,23,-21.35998069406479,26.0,32.0,5.290275034278324e-10,8.462351648466101e-08,1.04152013127674e-07
490,"(1.0, 1.0, 1.0, 9.0, 12.0, 12.0, 14.0)",321208799.99999994,6,-21.637212173805903,8.0,12.0,4.0093885810298167e-10,2.490591789515107e-08,3.735887622242186e-08
491,"(1.0, 1.0, 1.0, 9.0, 12.0, 13.0, 13.0)",321208799.99999994,2,-21.5989594298444,2.0,2.0,4.165729873891772e-10,6.226479473787768e-09,6.2264794350187214e-09
492,"(1.0, 1.0, 1.0, 9.0, 12.0, 13.0, 14.0)",642417599.9999999,10,-21.52232580049371,11.0,13.0,4.497515483139018e-10,1.7122818552916362e-08,2.023605799661933e-08
493,"(1.0, 1.0, 1.0, 9.0, 12.0, 14.0, 14.0)",321208799.99999994,12,-21.44569217114303,16.0,26.0,4.855726639369842e-10,4.981183579030214e-08,8.0944230678022e-08
494,"(1.0, 1.0, 1.0, 9.0, 13.0, 13.0, 13.0)",107069600.0,1,-21.48407305653221,1.0,1.0,4.672890698359475e-10,9.33971921068165e-09,9.339719123451296e-09
495,"(1.0, 1.0, 1.0, 9.0, 13.0, 13.0, 14.0)",321208799.99999994,6,-21.40743942718152,10.0,20.0,5.045069868453532e-10,3.113239736893884e-08,6.226479376865151e-08
496,"(1.0, 1.0, 1.0, 9.0, 13.0, 14.0, 14.0)",321208799.99999994,18,-21.33080579783084,19.0,21.0,5.446891789382777e-10,5.9151555000983795e-08,6.53780309758651e-08
497,"(1.0, 1.0, 1.0, 9.0, 14.0, 14.0, 14.0)",107069600.0,16,-21.25417216848015,18.0,22.0,5.880717401113075e-10,1.681149457922697e-07,2.054737943723613e-07
498,"(1.0, 1.0, 1.0, 11.0, 11.0, 11.0, 12.0)",89612599.99999999,1,-21.31288359022584,2.0,4.0,5.545392150234679e-10,2.2318290061888623e-08,4.4636579625671176e-08
499,"(1.0, 1.0, 1.0, 11.0, 11.0, 11.0, 14.0)",89612599.99999999,8,-21.121363587562964,9.0,11.0,6.715963754935128e-10,1.004323052784988e-07,1.2275058525373948e-07
500,"(1.0, 1.0, 1.0, 11.0, 11.0, 12.0, 13.0)",307243200.0,2,-21.283708693991883,2.0,2.0,5.709561558956197e-10,6.509501268050847e-09,6.50950122567724e-09
501,"(1.0, 1.0, 1.0, 11.0, 11.0, 12.0, 14.0)",307243200.0,10,-21.2070750646412,10.0,10.0,6.164307886183382e-10,3.2547506340254236e-08,3.254750528091407e-08
502,"(1.0, 1.0, 1.0, 11.0, 11.0, 13.0, 13.0)",153621600.0,2,-21.16882232067969,2.0,2.0,6.404677669517679e-10,1.3019002536101694e-08,1.3019002366607266e-08
503,"(1.0, 1.0, 1.0, 11.0, 11.0, 13.0, 14.0)",307243200.0,12,-21.092188691329007,17.0,29.0,6.914787529480304e-10,5.53307607784322e-08,9.438776532524419e-08
504,"(1.0, 1.0, 1.0, 11.0, 11.0, 14.0, 14.0)",153621600.0,9,-21.01555506197832,9.0,9.0,7.465525830507137e-10,5.8585511412457624e-08,5.858550798019548e-08
505,"(1.0, 1.0, 1.0, 11.0, 12.0, 12.0, 13.0)",321208799.99999994,2,-21.36942017107012,2.0,2.0,5.240572556494241e-10,6.226479473787768e-09,6.2264794350187214e-09
506,"(1.0, 1.0, 1.0, 11.0, 12.0, 12.0, 14.0)",321208799.99999994,3,-21.29278654171944,3.0,3.0,5.657965573107742e-10,9.339719210681652e-09,9.339719123451298e-09
507,"(1.0, 1.0, 1.0, 11.0, 12.0, 13.0, 14.0)",642417599.9999999,13,-21.177900168407245,13.0,13.0,6.346800080321385e-10,2.0236058289810247e-08,2.0236057880312192e-08
508,"(1.0, 1.0, 1.0, 11.0, 12.0, 14.0, 14.0)",321208799.99999994,18,-21.10126653905656,18.0,18.0,6.852300195587503e-10,5.603831526408991e-08,5.603831212379713e-08
509,"(1.0, 1.0, 1.0, 11.0, 13.0, 13.0, 14.0)",321208799.99999994,4,-21.063013795095053,5.0,7.0,7.119497412820389e-10,1.556619868446942e-08,2.1792677915950643e-08
510,"(1.0, 1.0, 1.0, 11.0, 13.0, 14.0, 14.0)",321208799.99999994,22,-20.986380165744364,25.0,31.0,7.68654012998054e-10,7.78309934223471e-08,9.651042578604687e-08
511,"(1.0, 1.0, 1.0, 11.0, 14.0, 14.0, 14.0)",107069600.0,15,-20.909746536393683,17.0,23.0,8.298745788348442e-10,1.5877522658158806e-07,2.1481351663610536e-07
512,"(1.0, 1.0, 1.0, 12.0, 12.0, 12.0, 14.0)",102414400.0,1,-21.37849801879767,1.0,1.0,5.193214715673991e-10,9.764251902076271e-09,9.764251806735655e-09
513,"(1.0, 1.0, 1.0, 12.0, 12.0, 13.0, 14.0)",307243199.99999994,2,-21.26361164548548,2.0,2.0,5.825467678917267e-10,6.5095012680508485e-09,6.509501225677242e-09
514,"(1.0, 1.0, 1.0, 12.0, 12.0, 14.0, 14.0)",153621599.99999997,7,-21.186978016134795,7.0,7.0,6.289445517498029e-10,4.556650887635594e-08,4.556650680004921e-08
515,"(1.0, 1.0, 1.0, 12.0, 13.0, 13.0, 14.0)",307243199.99999994,6,-21.148725272173287,6.0,6.0,6.534694892488268e-10,1.9528503804152546e-08,1.9528503422790086e-08
516,"(1.0, 1.0, 1.0, 12.0, 13.0, 14.0, 14.0)",307243199.99999994,8,-21.072091642822603,9.0,11.0,7.055160163109247e-10,2.929275570622882e-08,3.5802256116214126e-08
517,"(1.0, 1.0, 1.0, 12.0, 14.0, 14.0, 14.0)",102414400.0,8,-20.99545801347192,8.0,8.0,7.617078646524259e-10,7.811401521661017e-08,7.811400911481079e-08
518,"(1.0, 1.0, 1.0, 13.0, 13.0, 13.0, 14.0)",102414400.0,1,-21.0338388988611,1.0,1.0,7.330267661162068e-10,9.764251902076271e-09,9.764251806735655e-09
519,"(1.0, 1.0, 1.0, 13.0, 13.0, 14.0, 14.0)",153621599.99999997,7,-20.95720526951041,9.0,13.0,7.914097481032723e-10,5.858551141245764e-08,8.462351305239887e-08
520,"(1.0, 1.0, 1.0, 13.0, 14.0, 14.0, 14.0)",102414400.0,14,-20.88057164015973,16.0,20.0,8.544427275300728e-10,1.5622803043322034e-07,1.9528501363432792e-07
521,"(1.0, 1.0, 1.0, 14.0, 14.0, 14.0, 14.0)",25603600.0,5,-20.80393801080904,5.0,5.0,9.224960601998639e-10,1.9528503804152542e-07,1.9528499990527934e-07
522,"(1.0, 1.0, 2.0, 2.0, 2.0, 2.0, 14.0)",50473499.99999999,1,-21.20224337829519,1.0,1.0,6.194163957933801e-10,1.9812376791781828e-08,1.9812376399251554e-08
523,"(1.0, 1.0, 2.0, 2.0, 2.0, 3.0, 14.0)",201894000.0,1,-21.00375659759792,1.0,1.0,7.554129235332335e-10,4.953094197945456e-09,4.953094173412314e-09
524,"(1.0, 1.0, 2.0, 2.0, 2.0, 4.0, 14.0)",286901999.9999999,7,-21.240558003432803,8.0,10.0,5.961325922232362e-10,2.788408585510036e-08,3.48551065413532e-08
525,"(1.0, 1.0, 2.0, 2.0, 2.0, 7.0, 14.0)",286901999.9999999,2,-21.0010505489267,2.0,2.0,7.574598759985824e-10,6.97102146377509e-09,6.97102141517995e-09
526,"(1.0, 1.0, 2.0, 2.0, 2.0, 11.0, 14.0)",244398000.0,1,-21.162692269912625,1.0,1.0,6.444059251003636e-10,4.091686511346247e-09,4.0916864946043485e-09
527,"(1.0, 1.0, 2.0, 2.0, 2.0, 12.0, 14.0)",255024000.0,2,-21.24840374699086,2.0,2.0,5.914737885654118e-10,7.842399146746972e-09,7.842399085243748e-09
528,"(1.0, 1.0, 2.0, 2.0, 2.0, 13.0, 14.0)",255024000.0,1,-21.133517373678668,1.0,1.0,6.634833387140957e-10,3.921199573373486e-09,3.92119955799768e-09
529,"(1.0, 1.0, 2.0, 2.0, 2.0, 14.0, 14.0)",127512000.0,5,-21.056883744327983,7.0,11.0,7.163274333685062e-10,5.489679402722881e-08,8.626638760055871e-08
530,"(1.0, 1.0, 2.0, 2.0, 3.0, 3.0, 14.0)",302840999.99999994,2,-20.80526981690064,2.0,2.0,9.212682920834168e-10,6.60412559726061e-09,6.604125553646135e-09
531,"(1.0, 1.0, 2.0, 2.0, 3.0, 4.0, 7.0)",895134240.0000001,1,-20.986238027334245,1.0,1.0,7.687632760224456e-10,1.1171508756049818e-09,1.1171508743569557e-09
532,"(1.0, 1.0, 2.0, 2.0, 3.0, 4.0, 14.0)",860705999.9999996,4,-21.04207122273553,4.0,4.0,7.270170233837621e-10,4.647347642516726e-09,4.647347620918886e-09
533,"(1.0, 1.0, 2.0, 2.0, 3.0, 6.0, 14.0)",860705999.9999996,3,-21.00654423425262,3.0,3.0,7.533100391786915e-10,3.485510731887545e-09,3.48551071973876e-09
534,"(1.0, 1.0, 2.0, 2.0, 3.0, 7.0, 13.0)",860705999.9999996,1,-20.879197397580107,1.0,1.0,8.556177463035857e-10,1.1618369106291816e-09,1.1618369092793165e-09
535,"(1.0, 1.0, 2.0, 2.0, 3.0, 7.0, 14.0)",860705999.9999996,4,-20.802563768229422,4.0,4.0,9.237646650510716e-10,4.647347642516726e-09,4.647347620918886e-09
536,"(1.0, 1.0, 2.0, 2.0, 3.0, 8.0, 12.0)",733193999.9999999,1,-20.8552910048302,1.0,1.0,8.763189397085948e-10,1.3638955037820824e-09,1.3638955019218715e-09
537,"(1.0, 1.0, 2.0, 2.0, 3.0, 8.0, 14.0)",733193999.9999999,12,-20.663771002167323,14.0,18.0,1.0613002791149836e-09,1.9094537052949156e-08,2.455011870347614e-08
538,"(1.0, 1.0, 2.0, 2.0, 3.0, 9.0, 14.0)",733193999.9999999,4,-21.30863112130182,4.0,4.0,5.569023969200815e-10,5.4555820151283295e-09,5.455581985364954e-09
539,"(1.0, 1.0, 2.0, 2.0, 3.0, 11.0, 14.0)",733193999.9999999,8,-20.96420548921535,8.0,8.0,7.858890515784592e-10,1.0911164030256659e-08,1.0911163911203159e-08
540,"(1.0, 1.0, 2.0, 2.0, 3.0, 12.0, 13.0)",765071999.9999999,1,-21.126550595644268,1.0,1.0,6.681218187337073e-10,1.307066524457829e-09,1.3070665227494062e-09
541,"(1.0, 1.0, 2.0, 2.0, 3.0, 12.0, 14.0)",765071999.9999999,4,-21.049916966293587,4.0,4.0,7.213353518696963e-10,5.228266097831316e-09,5.22826607049655e-09
542,"(1.0, 1.0, 2.0, 2.0, 3.0, 13.0, 14.0)",765071999.9999999,4,-20.93503059298139,4.0,4.0,8.091550240152129e-10,5.228266097831316e-09,5.22826607049655e-09
543,"(1.0, 1.0, 2.0, 2.0, 3.0, 14.0, 14.0)",382536000.0,13,-20.858396963630707,15.0,19.0,8.736013517286165e-10,3.921199573373486e-08,4.966852639181689e-08
544,"(1.0, 1.0, 2.0, 2.0, 4.0, 4.0, 14.0)",559458900.0,9,-21.27887262857042,10.0,12.0,5.737240246209705e-10,1.787441400967971e-08,2.1449296492120975e-08
545,"(1.0, 1.0, 2.0, 2.0, 4.0, 6.0, 13.0)",1118917800.0,1,-21.3199792694382,1.0,1.0,5.506183098367159e-10,8.937207004839856e-10,8.937206996852489e-10
546,"(1.0, 1.0, 2.0, 2.0, 4.0, 6.0, 14.0)",1118917800.0,10,-21.243345640087508,11.0,13.0,5.944731052560836e-10,9.830927705323841e-09,1.1618369009644673e-08
547,"(1.0, 1.0, 2.0, 2.0, 4.0, 7.0, 7.0)",559458900.0,1,-20.983531978663024,3.0,9.0,7.708464041158381e-10,5.362324202903913e-09,1.6086972579957217e-08
548,"(1.0, 1.0, 2.0, 2.0, 4.0, 7.0, 14.0)",1118917800.0,8,-21.03936517406431,11.0,17.0,7.289870311000764e-10,9.830927705323841e-09,1.519325181158061e-08
549,"(1.0, 1.0, 2.0, 2.0, 4.0, 8.0, 13.0)",989811899.9999996,2,-20.977206037352897,3.0,5.0,7.757381894878922e-10,3.030878897293517e-09,5.051464819636302e-09
550,"(1.0, 1.0, 2.0, 2.0, 4.0, 8.0, 14.0)",989811899.9999996,11,-20.90057240800221,16.0,28.0,8.37522984855611e-10,1.616468745223209e-08,2.828820278010904e-08
551,"(1.0, 1.0, 2.0, 2.0, 4.0, 9.0, 14.0)",989811899.9999996,2,-21.545432527136708,2.0,2.0,4.3947840862785307e-10,2.0205859315290113e-09,2.020585927446244e-09
552,"(1.0, 1.0, 2.0, 2.0, 4.0, 11.0, 13.0)",989811899.9999996,1,-21.277640524400923,4.0,16.0,5.744313480424333e-10,4.041171863058023e-09,1.616468743590102e-08
553,"(1.0, 1.0, 2.0, 2.0, 4.0, 11.0, 14.0)",989811899.9999996,7,-21.20100689505024,8.0,10.0,6.201827674936669e-10,8.082343726116045e-09,1.0102929592320778e-08
554,"(1.0, 1.0, 2.0, 2.0, 4.0, 12.0, 14.0)",1032847199.9999996,8,-21.28671837212848,9.0,11.0,5.692403449507836e-10,8.713776829718862e-09,1.0650171604837592e-08
555,"(1.0, 1.0, 2.0, 2.0, 4.0, 13.0, 14.0)",1032847199.9999996,6,-21.17183199881628,7.0,9.0,6.385430629390329e-10,6.777381978670226e-09,8.713776783785956e-09
556,"(1.0, 1.0, 2.0, 2.0, 4.0, 14.0, 14.0)",516423599.99999976,16,-21.0951983694656,20.0,28.0,6.894007530873101e-10,3.8727897020972726e-08,5.4219054329511806e-08
557,"(1.0, 1.0, 2.0, 2.0, 6.0, 6.0, 14.0)",559458900.0,6,-21.2078186516046,7.0,9.0,6.159725890967895e-10,1.2512089806775797e-08,1.6086972452159347e-08
558,"(1.0, 1.0, 2.0, 2.0, 6.0, 7.0, 12.0)",1118917800.0,1,-21.19535818824428,1.0,1.0,6.23695911131124e-10,8.937207004839856e-10,8.937206996852489e-10
559,"(1.0, 1.0, 2.0, 2.0, 6.0, 7.0, 14.0)",1118917800.0,5,-21.0038381855814,7.0,11.0,7.553512934302796e-10,6.256044903387899e-09,9.830927666185742e-09
560,"(1.0, 1.0, 2.0, 2.0, 6.0, 8.0, 14.0)",989811899.9999996,4,-20.8650454195193,4.0,4.0,8.678125164087102e-10,4.041171863058023e-09,4.041171846726953e-09
561,"(1.0, 1.0, 2.0, 2.0, 6.0, 9.0, 12.0)",989811899.9999996,1,-21.70142554131668,1.0,1.0,3.760024181472376e-10,1.0102929657645057e-09,1.0102929647438138e-09
562,"(1.0, 1.0, 2.0, 2.0, 6.0, 9.0, 13.0)",989811899.9999996,1,-21.58653916800448,1.0,1.0,4.217791972861281e-10,1.0102929657645057e-09,1.0102929647438138e-09
563,"(1.0, 1.0, 2.0, 2.0, 6.0, 9.0, 14.0)",989811899.9999996,3,-21.5099055386538,3.0,3.0,4.553724143635095e-10,3.030878897293517e-09,3.03087888810729e-09
564,"(1.0, 1.0, 2.0, 2.0, 6.0, 11.0, 14.0)",989811899.9999996,11,-21.165479906567327,12.0,14.0,6.426120570109333e-10,1.2123515589174068e-08,1.414410137372345e-08
565,"(1.0, 1.0, 2.0, 2.0, 6.0, 12.0, 14.0)",1032847199.9999996,6,-21.25119138364556,10.0,20.0,5.898272705653246e-10,9.68197425524318e-09,1.9363948416745733e-08
566,"(1.0, 1.0, 2.0, 2.0, 6.0, 13.0, 14.0)",1032847199.9999996,4,-21.136305010333373,4.0,4.0,6.616363637828766e-10,3.872789702097272e-09,3.872789687098772e-09
567,"(1.0, 1.0, 2.0, 2.0, 6.0, 14.0, 14.0)",516423599.99999976,16,-21.059671380982685,17.0,19.0,7.143333534349563e-10,3.291871246782682e-08,3.679150108628246e-08
568,"(1.0, 1.0, 2.0, 2.0, 7.0, 7.0, 14.0)",559458900.0,4,-20.799857719558204,4.0,4.0,9.262678024738229e-10,7.1497656038718844e-09,7.149765552752736e-09
569,"(1.0, 1.0, 2.0, 2.0, 7.0, 8.0, 14.0)",989811899.9999996,13,-20.6610649534961,16.0,22.0,1.0641760986239335e-09,1.616468745223209e-08,2.2226444985522006e-08
570,"(1.0, 1.0, 2.0, 2.0, 7.0, 9.0, 13.0)",989811899.9999996,1,-21.382558701981285,1.0,1.0,5.172169473956894e-10,1.0102929657645057e-09,1.0102929647438138e-09
571,"(1.0, 1.0, 2.0, 2.0, 7.0, 9.0, 14.0)",989811899.9999996,8,-21.3059250726306,8.0,8.0,5.584114427661613e-10,8.082343726116045e-09,8.082343660791766e-09
572,"(1.0, 1.0, 2.0, 2.0, 7.0, 11.0, 14.0)",989811899.9999996,7,-20.96149944054413,8.0,10.0,7.88018585614087e-10,8.082343726116045e-09,1.0102929592320778e-08
573,"(1.0, 1.0, 2.0, 2.0, 7.0, 12.0, 14.0)",1032847199.9999996,6,-21.047210917622365,6.0,6.0,7.232899638849989e-10,5.809184553145908e-09,5.809184519399283e-09
574,"(1.0, 1.0, 2.0, 2.0, 7.0, 13.0, 14.0)",1032847199.9999996,9,-20.932324544310173,11.0,15.0,8.113476021663892e-10,1.0650171680767498e-08,1.4522961269438613e-08
575,"(1.0, 1.0, 2.0, 2.0, 7.0, 14.0, 14.0)",516423599.99999976,16,-20.85569091495949,19.0,27.0,8.759685609527938e-10,3.679150216992409e-08,5.2282659624698544e-08
576,"(1.0, 1.0, 2.0, 2.0, 8.0, 8.0, 14.0)",403256700.0,4,-20.522272187434005,4.0,4.0,1.2226170075845348e-09,9.919240027506053e-09,9.91923992911473e-09
577,"(1.0, 1.0, 2.0, 2.0, 8.0, 9.0, 14.0)",806513400.0,8,-21.167132306568497,9.0,11.0,6.415510816664164e-10,1.115914503094431e-08,1.3638954913294306e-08
578,"(1.0, 1.0, 2.0, 2.0, 8.0, 11.0, 14.0)",806513400.0,11,-20.822706674482028,11.0,11.0,9.053435106373017e-10,1.3638955037820823e-08,1.3638954851799729e-08
579,"(1.0, 1.0, 2.0, 2.0, 8.0, 12.0, 14.0)",879832799.9999999,9,-20.908418151560262,10.0,12.0,8.309777041642735e-10,1.1365795864850687e-08,1.3638954908639509e-08
580,"(1.0, 1.0, 2.0, 2.0, 8.0, 13.0, 14.0)",879832799.9999999,11,-20.79353177824808,11.0,11.0,9.32145890848563e-10,1.2502375451335756e-08,1.2502375295026364e-08
581,"(1.0, 1.0, 2.0, 2.0, 8.0, 14.0, 14.0)",439916400.0,10,-20.71689814889739,10.0,10.0,1.0063880048754115e-09,2.273159172970137e-08,2.2731591212976108e-08
582,"(1.0, 1.0, 2.0, 2.0, 9.0, 9.0, 14.0)",403256700.0,2,-21.811992425703,2.0,2.0,3.366449082861187e-10,4.9596200137530265e-09,4.9596199891551955e-09
583,"(1.0, 1.0, 2.0, 2.0, 9.0, 11.0, 13.0)",806513400.0,1,-21.54420042296721,1.0,1.0,4.4002022552641336e-10,1.2399050034382566e-09,1.2399050019008922e-09
584,"(1.0, 1.0, 2.0, 2.0, 9.0, 11.0, 14.0)",806513400.0,4,-21.467566793616527,5.0,7.0,4.750662758049911e-10,6.199525017191283e-09,8.679334985633686e-09
585,"(1.0, 1.0, 2.0, 2.0, 9.0, 12.0, 14.0)",879832799.9999999,6,-21.55327827069476,7.0,9.0,4.360438646281472e-10,7.956057105395481e-09,1.0229216215066773e-08
586,"(1.0, 1.0, 2.0, 2.0, 9.0, 13.0, 14.0)",879832799.9999999,6,-21.43839189738257,6.0,6.0,4.89130447912123e-10,6.819477518910412e-09,6.819477472405139e-09
587,"(1.0, 1.0, 2.0, 2.0, 9.0, 14.0, 14.0)",439916400.0,13,-21.361758268031885,14.0,16.0,5.280879532172572e-10,3.182422842158192e-08,3.637054575474068e-08
588,"(1.0, 1.0, 2.0, 2.0, 11.0, 11.0, 14.0)",403256700.0,5,-21.123141161530057,6.0,8.0,6.704036236763996e-10,1.487886004125908e-08,1.983847983363163e-08
589,"(1.0, 1.0, 2.0, 2.0, 11.0, 12.0, 14.0)",879832799.9999999,5,-21.20885263860829,6.0,8.0,6.15336010608693e-10,6.819477518910412e-09,9.092636645375276e-09
590,"(1.0, 1.0, 2.0, 2.0, 11.0, 13.0, 14.0)",879832799.9999999,6,-21.093966265296103,6.0,6.0,6.902506901276055e-10,6.819477518910412e-09,6.819477472405139e-09
591,"(1.0, 1.0, 2.0, 2.0, 11.0, 14.0, 14.0)",439916400.0,11,-21.01733263594541,12.0,14.0,7.452267093823961e-10,2.7277910075641646e-08,3.182422767749754e-08
592,"(1.0, 1.0, 2.0, 2.0, 12.0, 12.0, 14.0)",439916400.0,3,-21.294564115686526,3.0,3.0,5.647917054436833e-10,6.8194775189104115e-09,6.819477472405138e-09
593,"(1.0, 1.0, 2.0, 2.0, 12.0, 13.0, 14.0)",879832799.9999999,4,-21.17967774237433,4.0,4.0,6.335528194997309e-10,4.546318345940275e-09,4.546318325271265e-09
594,"(1.0, 1.0, 2.0, 2.0, 12.0, 14.0, 14.0)",439916400.0,6,-21.10304411302365,8.0,14.0,6.840130544576997e-10,1.8185273383761096e-08,3.182422809087775e-08
595,"(1.0, 1.0, 2.0, 2.0, 13.0, 13.0, 14.0)",439916400.0,2,-21.064791369062146,2.0,2.0,7.106853220883178e-10,4.546318345940274e-09,4.546318325271264e-09
596,"(1.0, 1.0, 2.0, 2.0, 13.0, 14.0, 14.0)",439916400.0,8,-20.98815773971146,9.0,11.0,7.672888873002522e-10,2.0458432556731234e-08,2.5004750484124044e-08
597,"(1.0, 1.0, 2.0, 2.0, 14.0, 14.0, 14.0)",146638799.99999997,6,-20.911524110360773,6.0,6.0,8.28400725717111e-10,4.0916865113462474e-08,4.0916863439272624e-08
598,"(1.0, 1.0, 2.0, 3.0, 3.0, 3.0, 14.0)",201894000.0,2,-20.606783036203367,2.0,2.0,1.1235381862790575e-09,9.906188395890912e-09,9.906188297758344e-09
599,"(1.0, 1.0, 2.0, 3.0, 3.0, 4.0, 14.0)",860705999.9999996,12,-20.843584442038257,14.0,18.0,8.866379043604714e-10,1.6265716748808542e-08,2.0913064126751728e-08
600,"(1.0, 1.0, 2.0, 3.0, 3.0, 6.0, 14.0)",860705999.9999996,8,-20.808057453555342,9.0,11.0,9.187037070499769e-10,1.0456532195662634e-08,1.2780205907581931e-08
601,"(1.0, 1.0, 2.0, 3.0, 3.0, 7.0, 14.0)",860705999.9999996,12,-20.60407698753215,15.0,23.0,1.1265826526744135e-09,1.7427553659437724e-08,2.672224864075155e-08
602,"(1.0, 1.0, 2.0, 3.0, 3.0, 8.0, 11.0)",645210720.0000001,1,-20.57109274705469,1.0,1.0,1.1643617582415752e-09,1.5498812542978204e-09,1.5498812518956885e-09
603,"(1.0, 1.0, 2.0, 3.0, 3.0, 8.0, 12.0)",733193999.9999999,1,-20.656804224132927,1.0,1.0,1.0687199381361453e-09,1.3638955037820824e-09,1.3638955019218715e-09
604,"(1.0, 1.0, 2.0, 3.0, 3.0, 8.0, 14.0)",733193999.9999999,7,-20.46528422147005,8.0,10.0,1.2943150230403661e-09,1.0911164030256659e-08,1.3638954918767325e-08
605,"(1.0, 1.0, 2.0, 3.0, 3.0, 9.0, 13.0)",733193999.9999999,1,-21.18677796995523,1.0,1.0,6.290703822900782e-10,1.3638955037820824e-09,1.3638955019218715e-09
606,"(1.0, 1.0, 2.0, 3.0, 3.0, 11.0, 14.0)",733193999.9999999,6,-20.76571870851808,6.0,6.0,9.58435634021667e-10,8.183373022692495e-09,8.1833729557249e-09
607,"(1.0, 1.0, 2.0, 3.0, 3.0, 12.0, 14.0)",765071999.9999999,15,-20.85143018559632,15.0,15.0,8.797087883116422e-10,1.9605997866867434e-08,1.9605997482472282e-08
608,"(1.0, 1.0, 2.0, 3.0, 3.0, 13.0, 14.0)",765071999.9999999,8,-20.73654381228412,8.0,8.0,9.868097881071143e-10,1.0456532195662633e-08,1.0456532086323566e-08
609,"(1.0, 1.0, 2.0, 3.0, 3.0, 14.0, 14.0)",382536000.0,20,-20.65991018293344,22.0,28.0,1.0654056876660888e-09,5.751092707614447e-08,7.319572206213168e-08
610,"(1.0, 1.0, 2.0, 3.0, 4.0, 4.0, 14.0)",1118917800.0,4,-21.080385847873146,5.0,7.0,6.996885224277326e-10,4.468603502419927e-09,6.2560448834194816e-09
611,"(1.0, 1.0, 2.0, 3.0, 4.0, 6.0, 11.0)",2058808752.0,1,-21.15066738497488,1.0,1.0,6.522016093696939e-10,4.85717772002166e-10,4.857177717662443e-10
612,"(1.0, 1.0, 2.0, 3.0, 4.0, 6.0, 13.0)",2237835600.0,1,-21.12149248874092,1.0,1.0,6.715098115088207e-10,4.468603502419928e-10,4.468603500423086e-10
613,"(1.0, 1.0, 2.0, 3.0, 4.0, 6.0, 14.0)",2237835600.0,21,-21.04485885939023,24.0,30.0,7.249931862526593e-10,1.0724648405807826e-08,1.34058103922417e-08
614,"(1.0, 1.0, 2.0, 3.0, 4.0, 7.0, 12.0)",2237835600.0,2,-21.032398396029915,4.0,10.0,7.340834541464568e-10,1.7874414009679711e-09,4.46860349922498e-09
615,"(1.0, 1.0, 2.0, 3.0, 4.0, 7.0, 14.0)",2237835600.0,27,-20.840878393367035,34.0,50.0,8.890404389050404e-10,1.5193251908227752e-08,2.2343017281264734e-08
616,"(1.0, 1.0, 2.0, 3.0, 4.0, 8.0, 8.0)",871034471.9999999,1,-20.50745966584155,1.0,1.0,1.2408618408101729e-09,1.1480601883687563e-09,1.148060187050714e-09
617,"(1.0, 1.0, 2.0, 3.0, 4.0, 8.0, 12.0)",1979623799.9999995,2,-20.893605629967816,3.0,5.0,8.433781938782571e-10,1.5154394486467585e-09,2.5257324121147074e-09
618,"(1.0, 1.0, 2.0, 3.0, 4.0, 8.0, 13.0)",1979623799.9999995,1,-20.778719256655624,1.0,1.0,9.46056090211894e-10,5.051464828822528e-10,5.051464826270798e-10
619,"(1.0, 1.0, 2.0, 3.0, 4.0, 8.0, 14.0)",1979623799.9999995,15,-20.70208562730494,18.0,24.0,1.0214061022806698e-09,9.09263669188055e-09,1.2123515506498026e-08
620,"(1.0, 1.0, 2.0, 3.0, 4.0, 9.0, 13.0)",1979623799.9999995,2,-21.42357937579012,3.0,5.0,4.964296294157135e-10,1.5154394486467585e-09,2.5257324121147074e-09
621,"(1.0, 1.0, 2.0, 3.0, 4.0, 9.0, 14.0)",1979623799.9999995,11,-21.34694574643943,13.0,17.0,5.359684886385274e-10,6.566904277469286e-09,8.587490165874065e-09
622,"(1.0, 1.0, 2.0, 3.0, 4.0, 11.0, 12.0)",1979623799.9999995,1,-21.19404011701584,3.0,9.0,6.245185287821149e-10,1.5154394486467585e-09,4.546318343643718e-09
623,"(1.0, 1.0, 2.0, 3.0, 4.0, 11.0, 14.0)",1979623799.9999995,28,-21.00252011435296,30.0,34.0,7.563475566662333e-10,1.5154394486467583e-08,1.7174980188340923e-08
624,"(1.0, 1.0, 2.0, 3.0, 4.0, 12.0, 13.0)",2065694399.999999,1,-21.164865220781884,2.0,4.0,6.430071829346356e-10,9.68197425524318e-10,1.93639485011123e-09
625,"(1.0, 1.0, 2.0, 3.0, 4.0, 12.0, 14.0)",2065694399.999999,9,-21.0882315914312,10.0,12.0,6.942204244070125e-10,4.840987127621591e-09,5.809184529710752e-09
626,"(1.0, 1.0, 2.0, 3.0, 4.0, 13.0, 14.0)",2065694399.999999,10,-20.973345218119007,12.0,16.0,7.78738963405717e-10,5.809184553145909e-09,7.745579370447919e-09
627,"(1.0, 1.0, 2.0, 3.0, 4.0, 14.0, 14.0)",1032847199.9999996,41,-20.896711588768323,45.0,53.0,8.407627597727003e-10,4.356888414859431e-08,5.1314461654541186e-08
628,"(1.0, 1.0, 2.0, 3.0, 6.0, 6.0, 14.0)",1118917800.0,11,-21.009331870907324,15.0,25.0,7.512130087385672e-10,1.3405810507259782e-08,2.2343017332383884e-08
629,"(1.0, 1.0, 2.0, 3.0, 6.0, 7.0, 13.0)",2237835600.0,2,-20.88198503423481,2.0,2.0,8.532359162923157e-10,8.937207004839856e-10,8.937206996852489e-10
630,"(1.0, 1.0, 2.0, 3.0, 6.0, 7.0, 14.0)",2237835600.0,24,-20.805351404884128,31.0,47.0,9.211931307273882e-10,1.3852670857501776e-08,2.100243626947717e-08
631,"(1.0, 1.0, 2.0, 3.0, 6.0, 8.0, 14.0)",1979623799.9999995,17,-20.666558638822025,20.0,28.0,1.0583458793649948e-09,1.0102929657645056e-08,1.4144101418633891e-08
632,"(1.0, 1.0, 2.0, 3.0, 6.0, 9.0, 14.0)",1979623799.9999995,14,-21.311418757956524,20.0,34.0,5.553521171975482e-10,1.0102929657645056e-08,1.7174980315927408e-08
633,"(1.0, 1.0, 2.0, 3.0, 6.0, 11.0, 14.0)",1979623799.9999995,26,-20.96699312587005,32.0,50.0,7.837013291560751e-10,1.616468745223209e-08,2.525732388281552e-08
634,"(1.0, 1.0, 2.0, 3.0, 6.0, 12.0, 12.0)",1032847199.9999996,1,-21.24422460561117,1.0,1.0,5.939508134636852e-10,9.68197425524318e-10,9.681974245869118e-10
635,"(1.0, 1.0, 2.0, 3.0, 6.0, 12.0, 13.0)",2065694399.999999,1,-21.129338232298974,1.0,1.0,6.662619314114524e-10,4.84098712762159e-10,4.840987125278075e-10
636,"(1.0, 1.0, 2.0, 3.0, 6.0, 12.0, 14.0)",2065694399.999999,11,-21.05270460294829,16.0,32.0,7.193273311189629e-10,7.745579404194544e-09,1.5491158748395087e-08
637,"(1.0, 1.0, 2.0, 3.0, 6.0, 13.0, 13.0)",1032847199.9999996,1,-21.01445185898678,2.0,4.0,7.473766365592462e-10,1.936394851048636e-09,3.872789698347647e-09
638,"(1.0, 1.0, 2.0, 3.0, 6.0, 13.0, 14.0)",2065694399.999999,18,-20.937818229636097,23.0,33.0,8.06902534830296e-10,1.1134270393529658e-08,1.5975257397179273e-08
639,"(1.0, 1.0, 2.0, 3.0, 6.0, 14.0, 14.0)",1032847199.9999996,42,-20.86118460028541,46.0,54.0,8.711694597693595e-10,4.453708157411863e-08,5.228265899476154e-08
640,"(1.0, 1.0, 2.0, 3.0, 7.0, 7.0, 8.0)",1029404376.0,1,-20.406744977397544,1.0,1.0,1.3723448684324969e-09,9.71435544004332e-10,9.71435543060645e-10
641,"(1.0, 1.0, 2.0, 3.0, 7.0, 7.0, 14.0)",1118917800.0,12,-20.60137093886093,13.0,15.0,1.1296353687009307e-09,1.1618369106291812e-08,1.3405810372273282e-08
642,"(1.0, 1.0, 2.0, 3.0, 7.0, 8.0, 12.0)",1979623799.9999995,1,-20.654098175461705,1.0,1.0,1.0716158627940174e-09,5.051464828822528e-10,5.051464826270798e-10
643,"(1.0, 1.0, 2.0, 3.0, 7.0, 8.0, 13.0)",1979623799.9999995,1,-20.53921180214952,1.0,1.0,1.2020807755319924e-09,5.051464828822528e-10,5.051464826270798e-10
644,"(1.0, 1.0, 2.0, 3.0, 7.0, 8.0, 14.0)",1979623799.9999995,28,-20.46257817279883,33.0,45.0,1.2978222457060292e-09,1.666983393511434e-08,2.2731591451818015e-08
645,"(1.0, 1.0, 2.0, 3.0, 7.0, 9.0, 13.0)",1979623799.9999995,1,-21.18407192128401,1.0,1.0,6.307749826878101e-10,5.051464828822528e-10,5.051464826270798e-10
646,"(1.0, 1.0, 2.0, 3.0, 7.0, 9.0, 14.0)",1979623799.9999995,24,-21.107438291933327,29.0,39.0,6.810139727962728e-10,1.464924800358533e-08,1.9700712617807392e-08
647,"(1.0, 1.0, 2.0, 3.0, 7.0, 11.0, 12.0)",1979623799.9999995,2,-20.95453266250973,2.0,2.0,7.935277043080661e-10,1.0102929657645057e-09,1.0102929647438138e-09
648,"(1.0, 1.0, 2.0, 3.0, 7.0, 11.0, 13.0)",1979623799.9999995,1,-20.839646289197542,1.0,1.0,8.901365044314556e-10,5.051464828822528e-10,5.051464826270798e-10
649,"(1.0, 1.0, 2.0, 3.0, 7.0, 11.0, 14.0)",1979623799.9999995,24,-20.76301265984685,26.0,30.0,9.61032719831065e-10,1.3133808554938572e-08,1.5154394313970657e-08
650,"(1.0, 1.0, 2.0, 3.0, 7.0, 12.0, 13.0)",2065694399.999999,1,-20.925357766275777,2.0,4.0,8.170198164060121e-10,9.68197425524318e-10,1.93639485011123e-09
651,"(1.0, 1.0, 2.0, 3.0, 7.0, 12.0, 14.0)",2065694399.999999,21,-20.84872413692509,26.0,38.0,8.820925469381274e-10,1.2586566531816135e-08,1.8395750926540387e-08
652,"(1.0, 1.0, 2.0, 3.0, 7.0, 13.0, 14.0)",2065694399.999999,22,-20.7338377636129,23.0,25.0,9.894837597399344e-10,1.1134270393529658e-08,1.2102467695082e-08
653,"(1.0, 1.0, 2.0, 3.0, 7.0, 14.0, 14.0)",1032847199.9999996,34,-20.657204134262216,40.0,52.0,1.0682926316553013e-09,3.872789702097272e-08,5.034626462741453e-08
654,"(1.0, 1.0, 2.0, 3.0, 8.0, 8.0, 14.0)",806513400.0,12,-20.32378540673673,14.0,18.0,1.4910497919221595e-09,1.7358670048135593e-08,2.2318289760565195e-08
655,"(1.0, 1.0, 2.0, 3.0, 8.0, 9.0, 12.0)",1613026800.0,2,-21.1601655285341,2.0,2.0,6.46036231029226e-10,1.2399050034382566e-09,1.2399050019008922e-09
656,"(1.0, 1.0, 2.0, 3.0, 8.0, 9.0, 13.0)",1613026800.0,1,-21.04527915522192,1.0,1.0,7.246885386640154e-10,6.199525017191283e-10,6.199525013347872e-10
657,"(1.0, 1.0, 2.0, 3.0, 8.0, 9.0, 14.0)",1613026800.0,19,-20.968645525871224,22.0,28.0,7.8240741040894e-10,1.3638955037820823e-08,1.73586698621145e-08
658,"(1.0, 1.0, 2.0, 3.0, 8.0, 11.0, 13.0)",1613026800.0,1,-20.700853523135443,1.0,1.0,1.0226653566049862e-09,6.199525017191283e-10,6.199525013347872e-10
659,"(1.0, 1.0, 2.0, 3.0, 8.0, 11.0, 14.0)",1613026800.0,17,-20.624219893784755,24.0,40.0,1.104117025020597e-09,1.487886004125908e-08,2.4798099847384658e-08
660,"(1.0, 1.0, 2.0, 3.0, 8.0, 12.0, 12.0)",879832799.9999999,1,-20.90145137352587,1.0,1.0,8.367871544587981e-10,1.1365795864850687e-09,1.1365795851932556e-09
661,"(1.0, 1.0, 2.0, 3.0, 8.0, 12.0, 13.0)",1759665599.9999998,1,-20.78656500021368,1.0,1.0,9.386626183046646e-10,5.682897932425344e-10,5.68289792919581e-10
662,"(1.0, 1.0, 2.0, 3.0, 8.0, 12.0, 14.0)",1759665599.9999998,18,-20.709931370863,21.0,27.0,1.0134237665595429e-09,1.193408565809322e-08,1.5343824275126027e-08
663,"(1.0, 1.0, 2.0, 3.0, 8.0, 13.0, 14.0)",1759665599.9999998,21,-20.5950449975508,23.0,27.0,1.1368040260921624e-09,1.307066524457829e-08,1.5343824246706136e-08
664,"(1.0, 1.0, 2.0, 3.0, 8.0, 14.0, 14.0)",879832799.9999999,40,-20.51841136820012,50.0,78.0,1.2273464346999734e-09,5.682897932425343e-08,8.865320451630247e-08
665,"(1.0, 1.0, 2.0, 3.0, 9.0, 9.0, 14.0)",806513400.0,2,-21.613505645005723,2.0,2.0,4.105572860002648e-10,2.4798100068765133e-09,2.4798100007270557e-09
666,"(1.0, 1.0, 2.0, 3.0, 9.0, 11.0, 14.0)",1613026800.0,17,-21.26908001291925,22.0,34.0,5.793698822231461e-10,1.3638955037820823e-08,2.1078384872429267e-08
667,"(1.0, 1.0, 2.0, 3.0, 9.0, 12.0, 13.0)",1759665599.9999998,1,-21.431425119348173,2.0,4.0,4.925500090031673e-10,1.1365795864850687e-09,2.273159171678324e-09
668,"(1.0, 1.0, 2.0, 3.0, 9.0, 12.0, 14.0)",1759665599.9999998,14,-21.35479148999749,15.0,17.0,5.317798702205416e-10,8.524346898638015e-09,9.660926412458593e-09
669,"(1.0, 1.0, 2.0, 3.0, 9.0, 13.0, 13.0)",879832799.9999999,1,-21.31653874603598,2.0,4.0,5.525159876479265e-10,2.2731591729701374e-09,4.546318340773022e-09
670,"(1.0, 1.0, 2.0, 3.0, 9.0, 13.0, 14.0)",1759665599.9999998,12,-21.239905116685296,15.0,21.0,5.965219263741792e-10,8.524346898638015e-09,1.193408558542873e-08
671,"(1.0, 1.0, 2.0, 3.0, 9.0, 14.0, 14.0)",879832799.9999999,20,-21.16327148733461,23.0,31.0,6.440327820376279e-10,2.614133048915658e-08,3.523396649766797e-08
672,"(1.0, 1.0, 2.0, 3.0, 11.0, 11.0, 14.0)",806513400.0,12,-20.924654380832784,14.0,18.0,8.175946984096232e-10,1.7358670048135593e-08,2.2318289760565195e-08
673,"(1.0, 1.0, 2.0, 3.0, 11.0, 12.0, 12.0)",879832799.9999999,1,-21.201885860573896,1.0,1.0,6.196378877230224e-10,1.1365795864850687e-09,1.1365795851932556e-09
674,"(1.0, 1.0, 2.0, 3.0, 11.0, 12.0, 13.0)",1759665599.9999998,3,-21.086999487261703,3.0,3.0,6.950763034442644e-10,1.704869379727603e-09,1.7048693768210234e-09
675,"(1.0, 1.0, 2.0, 3.0, 11.0, 12.0, 14.0)",1759665599.9999998,10,-21.01036585791102,11.0,13.0,7.504366656840073e-10,6.251187725667878e-09,7.387767273075599e-09
676,"(1.0, 1.0, 2.0, 3.0, 11.0, 13.0, 14.0)",1759665599.9999998,19,-20.895479484598827,21.0,25.0,8.417993055096053e-10,1.193408565809322e-08,1.4207244688640957e-08
677,"(1.0, 1.0, 2.0, 3.0, 11.0, 14.0, 14.0)",879832799.9999999,46,-20.818845855248146,56.0,84.0,9.088456344597485e-10,6.364845684316385e-08,9.54726812136197e-08
678,"(1.0, 1.0, 2.0, 3.0, 12.0, 12.0, 14.0)",879832799.9999999,6,-21.096077334989253,9.0,15.0,6.887950598241089e-10,1.0229216278365618e-08,1.7048693692639164e-08
679,"(1.0, 1.0, 2.0, 3.0, 12.0, 13.0, 14.0)",1759665599.9999998,14,-20.981190961677065,16.0,20.0,7.726530825487844e-10,9.09263669188055e-09,1.1365795782174645e-08
680,"(1.0, 1.0, 2.0, 3.0, 12.0, 14.0, 14.0)",879832799.9999999,27,-20.904557332326377,30.0,36.0,8.341921600912067e-10,3.409738759455206e-08,4.0916863950830635e-08
681,"(1.0, 1.0, 2.0, 3.0, 13.0, 13.0, 14.0)",879832799.9999999,5,-20.86630458836487,6.0,8.0,8.667204815966469e-10,6.819477518910412e-09,9.092636645375276e-09
682,"(1.0, 1.0, 2.0, 3.0, 13.0, 14.0, 14.0)",879832799.9999999,24,-20.789670959014185,28.0,38.0,9.35751693830517e-10,3.1824228421581924e-08,4.3190023273651095e-08
683,"(1.0, 1.0, 2.0, 3.0, 14.0, 14.0, 14.0)",293277599.99999994,24,-20.7130373296635,27.0,33.0,1.010280997275638e-09,9.206294650529057e-08,1.1252137058643569e-07
684,"(1.0, 1.0, 2.0, 4.0, 4.0, 4.0, 14.0)",444015000.0,4,-21.317187253708035,5.0,7.0,5.521577929495631e-10,1.1260880826098217e-08,1.5765233029730066e-08
685,"(1.0, 1.0, 2.0, 4.0, 4.0, 6.0, 12.0)",1332044999.9999998,2,-21.473180267888,2.0,2.0,4.724069744315556e-10,1.501450776813096e-09,1.5014507745587416e-09
686,"(1.0, 1.0, 2.0, 4.0, 4.0, 6.0, 14.0)",1332044999.9999998,12,-21.28166026522512,15.0,23.0,5.721269176115233e-10,1.1260880826098219e-08,1.7266683806543168e-08
687,"(1.0, 1.0, 2.0, 4.0, 4.0, 7.0, 14.0)",1332044999.9999998,9,-21.077679799201924,10.0,12.0,7.015844777408359e-10,7.50725388406548e-09,9.008704604519715e-09
688,"(1.0, 1.0, 2.0, 4.0, 4.0, 8.0, 14.0)",1225481400.0,15,-20.938887033139828,16.0,18.0,8.060405752886432e-10,1.3056093711418224e-08,1.468810525488392e-08
689,"(1.0, 1.0, 2.0, 4.0, 4.0, 9.0, 14.0)",1225481400.0,7,-21.58374715227432,7.0,7.0,4.229584569292808e-10,5.712040998745472e-09,5.71204096611806e-09
690,"(1.0, 1.0, 2.0, 4.0, 4.0, 11.0, 14.0)",1225481400.0,11,-21.23932152018785,12.0,14.0,5.968701560839969e-10,9.792070283563667e-09,1.1424081901606304e-08
691,"(1.0, 1.0, 2.0, 4.0, 4.0, 12.0, 12.0)",639381600.0,1,-21.516552999928965,1.0,1.0,4.523553827834412e-10,1.5640112258469747e-09,1.5640112234008436e-09
692,"(1.0, 1.0, 2.0, 4.0, 4.0, 12.0, 14.0)",1278763200.0,11,-21.32503299726609,13.0,19.0,5.478426543729336e-10,1.0166072968005335e-08,1.485810654219722e-08
693,"(1.0, 1.0, 2.0, 4.0, 4.0, 13.0, 14.0)",1278763200.0,6,-21.210146623953896,7.0,9.0,6.145402897649254e-10,5.474039290464411e-09,7.038050486346279e-09
694,"(1.0, 1.0, 2.0, 4.0, 4.0, 14.0, 14.0)",639381600.0,17,-21.13351299460321,18.0,20.0,6.634862441640637e-10,2.8152202065245543e-08,3.1280223724393013e-08
695,"(1.0, 1.0, 2.0, 4.0, 6.0, 6.0, 14.0)",1332044999.9999998,17,-21.246133276742214,20.0,28.0,5.928182378937473e-10,1.501450776813096e-08,2.10203106499479e-08
696,"(1.0, 1.0, 2.0, 4.0, 6.0, 7.0, 8.0)",2450962800.0,1,-20.84752684925563,1.0,1.0,8.831492979591443e-10,4.080029284818195e-10,4.080029283153531e-10
697,"(1.0, 1.0, 2.0, 4.0, 6.0, 7.0, 12.0)",2664089999.9999995,2,-21.233672813381894,2.0,2.0,6.002512409853193e-10,7.50725388406548e-10,7.507253878429593e-10
698,"(1.0, 1.0, 2.0, 4.0, 6.0, 7.0, 14.0)",2664089999.9999995,19,-21.042152810719017,22.0,28.0,7.269577099505277e-10,8.257979272472028e-09,1.051015536949745e-08
699,"(1.0, 1.0, 2.0, 4.0, 6.0, 8.0, 14.0)",2450962800.0,18,-20.90336004465692,21.0,27.0,8.351915262234318e-10,8.56806149811821e-09,1.1016078995597448e-08
700,"(1.0, 1.0, 2.0, 4.0, 6.0, 9.0, 12.0)",2450962800.0,2,-21.73974016645429,2.0,2.0,3.6186852291053656e-10,8.16005856963639e-10,8.160058562977734e-10
701,"(1.0, 1.0, 2.0, 4.0, 6.0, 9.0, 14.0)",2450962800.0,11,-21.548220163791413,14.0,20.0,4.3825500849677987e-10,5.712040998745472e-09,8.160058537008976e-09
702,"(1.0, 1.0, 2.0, 4.0, 6.0, 11.0, 12.0)",2450962800.0,2,-21.39531453436782,2.0,2.0,5.106613148714294e-10,8.16005856963639e-10,8.160058562977734e-10
703,"(1.0, 1.0, 2.0, 4.0, 6.0, 11.0, 14.0)",2450962800.0,19,-21.203794531704943,24.0,34.0,6.184563307355813e-10,9.792070283563667e-09,1.3872099472497221e-08
704,"(1.0, 1.0, 2.0, 4.0, 6.0, 12.0, 12.0)",1278763200.0,2,-21.48102601144605,2.0,2.0,4.687150921738626e-10,1.5640112258469747e-09,1.5640112234008436e-09
705,"(1.0, 1.0, 2.0, 4.0, 6.0, 12.0, 13.0)",2557526400.0,2,-21.366139638133863,2.0,2.0,5.257792657481492e-10,7.820056129234873e-10,7.820056123119546e-10
706,"(1.0, 1.0, 2.0, 4.0, 6.0, 12.0, 14.0)",2557526400.0,12,-21.28950600878317,17.0,29.0,5.676557194061619e-10,6.647047709849643e-09,1.1339081343207322e-08
707,"(1.0, 1.0, 2.0, 4.0, 6.0, 13.0, 13.0)",1278763200.0,1,-21.25125326482167,1.0,1.0,5.897907724894025e-10,7.820056129234873e-10,7.820056123119546e-10
708,"(1.0, 1.0, 2.0, 4.0, 6.0, 13.0, 14.0)",2557526400.0,14,-21.174619635470982,16.0,22.0,6.367655156203068e-10,6.256044903387899e-09,8.602061703020261e-09
709,"(1.0, 1.0, 2.0, 4.0, 6.0, 14.0, 14.0)",1278763200.0,48,-21.0979860061203,54.0,66.0,6.874816304293365e-10,4.222830309786832e-08,5.161236866972058e-08
710,"(1.0, 1.0, 2.0, 4.0, 7.0, 7.0, 7.0)",426254400.0,1,-20.782339149294533,1.0,1.0,9.42637659643584e-10,2.346016838770462e-09,2.346016833266667e-09
711,"(1.0, 1.0, 2.0, 4.0, 7.0, 7.0, 14.0)",1332044999.9999998,14,-20.838172344695817,16.0,20.0,8.914494836294772e-10,1.2011606214504768e-08,1.5014507623852273e-08
712,"(1.0, 1.0, 2.0, 4.0, 7.0, 8.0, 9.0)",2156847264.0000005,1,-21.14961373630483,1.0,1.0,6.528891628843262e-10,4.636396914566129e-10,4.6363969124165117e-10
713,"(1.0, 1.0, 2.0, 4.0, 7.0, 8.0, 14.0)",2450962800.0,34,-20.69937957863372,41.0,55.0,1.0241738200070282e-09,1.6728120067754597e-08,2.244016078667007e-08
714,"(1.0, 1.0, 2.0, 4.0, 7.0, 9.0, 13.0)",2450962800.0,1,-21.420873327118898,1.0,1.0,4.977748113978431e-10,4.080029284818195e-10,4.080029283153531e-10
715,"(1.0, 1.0, 2.0, 4.0, 7.0, 9.0, 14.0)",2450962800.0,19,-21.344239697768213,24.0,38.0,5.374208095943765e-10,9.792070283563667e-09,1.55041111864245e-08
716,"(1.0, 1.0, 2.0, 4.0, 7.0, 11.0, 13.0)",2450962800.0,2,-21.076447695032428,3.0,5.0,7.024494356508148e-10,1.2240087854454583e-09,2.0400146409109e-09
717,"(1.0, 1.0, 2.0, 4.0, 7.0, 11.0, 14.0)",2450962800.0,25,-20.999814065681743,27.0,31.0,7.583970417194346e-10,1.1016079069009125e-08,1.2648090661582405e-08
718,"(1.0, 1.0, 2.0, 4.0, 7.0, 12.0, 12.0)",1278763200.0,1,-21.27704554542285,3.0,9.0,5.747732243133756e-10,2.346016838770462e-09,7.038050510807591e-09
719,"(1.0, 1.0, 2.0, 4.0, 7.0, 12.0, 13.0)",2557526400.0,2,-21.162159172110663,2.0,2.0,6.447495480667926e-10,7.820056129234873e-10,7.820056123119546e-10
720,"(1.0, 1.0, 2.0, 4.0, 7.0, 12.0, 14.0)",2557526400.0,19,-21.08552554275998,24.0,36.0,6.9610156274204e-10,9.384067355081848e-09,1.4076100944562051e-08
721,"(1.0, 1.0, 2.0, 4.0, 7.0, 13.0, 14.0)",2557526400.0,15,-20.970639169447782,18.0,24.0,7.808491227521483e-10,7.038050516311386e-09,9.384067305547692e-09
722,"(1.0, 1.0, 2.0, 4.0, 7.0, 14.0, 14.0)",1278763200.0,35,-20.894005540097105,40.0,52.0,8.430409858266555e-10,3.1280224516939494e-08,4.06642908935689e-08
723,"(1.0, 1.0, 2.0, 4.0, 8.0, 8.0, 14.0)",1036945800.0,14,-20.56058681257161,20.0,34.0,1.1766589502269343e-09,1.9287411164595103e-08,3.2788598607807445e-08
724,"(1.0, 1.0, 2.0, 4.0, 8.0, 9.0, 12.0)",2073891600.0,1,-21.39696693436899,1.0,1.0,5.098181948917059e-10,4.821852791148776e-10,4.821852788823749e-10
725,"(1.0, 1.0, 2.0, 4.0, 8.0, 9.0, 14.0)",2073891600.0,21,-21.20544693170612,24.0,32.0,6.174352373536336e-10,1.1572446698757061e-08,1.542992879775456e-08
726,"(1.0, 1.0, 2.0, 4.0, 8.0, 11.0, 12.0)",2073891600.0,1,-21.05254130228252,1.0,1.0,7.194448073427518e-10,4.821852791148776e-10,4.821852788823749e-10
727,"(1.0, 1.0, 2.0, 4.0, 8.0, 11.0, 13.0)",2073891600.0,1,-20.93765492897033,2.0,4.0,8.07034313310908e-10,9.643705582297552e-10,1.9287411155294996e-09
728,"(1.0, 1.0, 2.0, 4.0, 8.0, 11.0, 14.0)",2073891600.0,27,-20.861021299619644,33.0,45.0,8.713117339385509e-10,1.591211421079096e-08,2.169833730697411e-08
729,"(1.0, 1.0, 2.0, 4.0, 8.0, 12.0, 14.0)",2262427199.9999995,17,-20.94673277669788,21.0,29.0,7.997413310777176e-10,9.282066622961395e-09,1.2818091916980404e-08
730,"(1.0, 1.0, 2.0, 4.0, 8.0, 13.0, 14.0)",2262427199.9999995,22,-20.83184640338569,23.0,25.0,8.971066152197137e-10,1.0166072968005337e-08,1.105007920970024e-08
731,"(1.0, 1.0, 2.0, 4.0, 8.0, 14.0, 14.0)",1131213599.9999998,34,-20.755212774035,36.0,40.0,9.685579752216848e-10,3.1824228421581924e-08,3.5360252788976185e-08
732,"(1.0, 1.0, 2.0, 4.0, 9.0, 9.0, 14.0)",1036945800.0,6,-21.85030705084061,6.0,6.0,3.239904581122859e-10,5.786223349378531e-09,5.78622331589815e-09
733,"(1.0, 1.0, 2.0, 4.0, 9.0, 11.0, 14.0)",2073891600.0,14,-21.50588141875414,21.0,43.0,4.5720857955451454e-10,1.0125890861412429e-08,2.0733966899406068e-08
734,"(1.0, 1.0, 2.0, 4.0, 9.0, 12.0, 14.0)",2262427199.9999995,11,-21.591592895832378,12.0,14.0,4.196530171127776e-10,5.304038070263654e-09,6.188044387174777e-09
735,"(1.0, 1.0, 2.0, 4.0, 9.0, 13.0, 14.0)",2262427199.9999995,15,-21.476706522520185,18.0,24.0,4.707440807660355e-10,7.956057105395481e-09,1.0608076077228463e-08
736,"(1.0, 1.0, 2.0, 4.0, 9.0, 14.0, 14.0)",1131213599.9999998,24,-21.4000728931695,24.0,24.0,5.082371771416225e-10,2.1216152281054616e-08,2.12161518309295e-08
737,"(1.0, 1.0, 2.0, 4.0, 11.0, 11.0, 14.0)",1036945800.0,8,-21.16145578666768,9.0,11.0,6.452032150459423e-10,8.679335024067796e-09,1.060807606519645e-08
738,"(1.0, 1.0, 2.0, 4.0, 11.0, 12.0, 13.0)",2262427199.9999995,1,-21.3238008930966,2.0,4.0,5.485180695971228e-10,8.840063450439424e-10,1.7680126893064175e-09
739,"(1.0, 1.0, 2.0, 4.0, 11.0, 12.0, 14.0)",2262427199.9999995,10,-21.247167263745908,13.0,19.0,5.922055883306386e-10,5.746041242785626e-09,8.398060244900462e-09
740,"(1.0, 1.0, 2.0, 4.0, 11.0, 13.0, 14.0)",2262427199.9999995,21,-21.13228089043372,25.0,33.0,6.643042321516208e-10,1.1050079313049279e-08,1.4586104571120796e-08
741,"(1.0, 1.0, 2.0, 4.0, 11.0, 14.0, 14.0)",1131213599.9999998,44,-21.05564726108303,51.0,67.0,7.17213708056749e-10,4.508432359724106e-08,5.92284230853479e-08
742,"(1.0, 1.0, 2.0, 4.0, 12.0, 12.0, 13.0)",1131213599.9999998,1,-21.40951237017483,1.0,1.0,5.034622558299232e-10,8.840063450439424e-10,8.840063442624752e-10
743,"(1.0, 1.0, 2.0, 4.0, 12.0, 12.0, 14.0)",1131213599.9999998,6,-21.332878740824142,9.0,21.0,5.435612388029761e-10,7.956057105395481e-09,1.8564133182623946e-08
744,"(1.0, 1.0, 2.0, 4.0, 12.0, 13.0, 13.0)",1131213599.9999998,1,-21.294625996862635,3.0,9.0,5.647567565500445e-10,2.652019035131827e-09,7.956057098362275e-09
745,"(1.0, 1.0, 2.0, 4.0, 12.0, 13.0, 14.0)",2262427199.9999995,13,-21.21799236751195,18.0,28.0,6.097376291032114e-10,7.956057105395481e-09,1.2376088767316348e-08
746,"(1.0, 1.0, 2.0, 4.0, 12.0, 14.0, 14.0)",1131213599.9999998,23,-21.141358738161266,27.0,37.0,6.583010686149463e-10,2.3868171316186445e-08,3.2708234196936265e-08
747,"(1.0, 1.0, 2.0, 4.0, 13.0, 13.0, 14.0)",1131213599.9999998,9,-21.10310599419976,11.0,17.0,6.83970728235028e-10,9.724069795483366e-09,1.5028107771189486e-08
748,"(1.0, 1.0, 2.0, 4.0, 13.0, 14.0, 14.0)",1131213599.9999998,30,-21.02647236484908,32.0,36.0,7.384465707991308e-10,2.8288203041406157e-08,3.182422762135949e-08
749,"(1.0, 1.0, 2.0, 4.0, 14.0, 14.0, 14.0)",377071200.0,19,-20.94983873549839,21.0,25.0,7.972612210059738e-10,5.5692399737768355e-08,6.630047277665229e-08
750,"(1.0, 1.0, 2.0, 6.0, 6.0, 6.0, 14.0)",444015000.0,2,-21.2106062882593,2.0,2.0,6.142578724430422e-10,4.504352330439287e-09,4.504352310150097e-09
751,"(1.0, 1.0, 2.0, 6.0, 6.0, 7.0, 8.0)",1225481400.0,1,-20.81199986077272,1.0,1.0,9.150889330621086e-10,8.16005856963639e-10,8.160058562977734e-10
752,"(1.0, 1.0, 2.0, 6.0, 6.0, 7.0, 14.0)",1332044999.9999998,15,-21.006625822236103,22.0,38.0,7.532485806388299e-10,1.6515958544944057e-08,2.8527564486671937e-08
753,"(1.0, 1.0, 2.0, 6.0, 6.0, 8.0, 14.0)",1225481400.0,7,-20.867833056174007,7.0,7.0,8.653967391475788e-10,5.712040998745472e-09,5.71204096611806e-09
754,"(1.0, 1.0, 2.0, 6.0, 6.0, 9.0, 14.0)",1225481400.0,4,-21.5126931753085,7.0,15.0,4.541047692176253e-10,5.712040998745472e-09,1.2240087821827171e-08
755,"(1.0, 1.0, 2.0, 6.0, 6.0, 11.0, 13.0)",1225481400.0,1,-21.24490117257272,1.0,1.0,5.93549101874227e-10,8.16005856963639e-10,8.160058562977734e-10
756,"(1.0, 1.0, 2.0, 6.0, 6.0, 11.0, 14.0)",1225481400.0,14,-21.16826754322203,19.0,31.0,6.408231826104139e-10,1.550411128230914e-08,2.529618132549534e-08
757,"(1.0, 1.0, 2.0, 6.0, 6.0, 12.0, 14.0)",1278763200.0,14,-21.253979020300267,15.0,17.0,5.88185336067623e-10,1.173008419385231e-08,1.329409528210441e-08
758,"(1.0, 1.0, 2.0, 6.0, 6.0, 13.0, 14.0)",1278763200.0,10,-21.139092646988075,11.0,13.0,6.597945303769966e-10,8.60206174215836e-09,1.0166072894009869e-08
759,"(1.0, 1.0, 2.0, 6.0, 6.0, 14.0, 14.0)",639381600.0,17,-21.062459017637387,18.0,20.0,7.123448245310001e-10,2.8152202065245543e-08,3.1280223724393013e-08
760,"(1.0, 1.0, 2.0, 6.0, 7.0, 7.0, 11.0)",1225481400.0,1,-20.90845388179755,1.0,1.0,8.309480136641517e-10,8.16005856963639e-10,8.160058562977734e-10
761,"(1.0, 1.0, 2.0, 6.0, 7.0, 7.0, 13.0)",1332044999.9999998,1,-20.879278985563595,1.0,1.0,8.555479410247034e-10,7.50725388406548e-10,7.507253878429593e-10
762,"(1.0, 1.0, 2.0, 6.0, 7.0, 7.0, 14.0)",1332044999.9999998,16,-20.802645356212903,21.0,33.0,9.236893000293215e-10,1.5765233156537506e-08,2.477393756887351e-08
763,"(1.0, 1.0, 2.0, 6.0, 7.0, 8.0, 13.0)",2450962800.0,1,-20.74048621950149,1.0,1.0,9.829270407908174e-10,4.080029284818195e-10,4.080029283153531e-10
764,"(1.0, 1.0, 2.0, 6.0, 7.0, 8.0, 14.0)",2450962800.0,29,-20.663852590150807,35.0,49.0,1.0612136932975687e-09,1.4280102496863681e-08,1.999214329168783e-08
765,"(1.0, 1.0, 2.0, 6.0, 7.0, 9.0, 11.0)",2156847264.0000005,1,-21.414521234869945,1.0,1.0,5.009467865930579e-10,4.636396914566129e-10,4.6363969124165117e-10
766,"(1.0, 1.0, 2.0, 6.0, 7.0, 9.0, 12.0)",2450962800.0,1,-21.50023271194818,2.0,4.0,4.597985248036287e-10,8.16005856963639e-10,1.6320117132614125e-09
767,"(1.0, 1.0, 2.0, 6.0, 7.0, 9.0, 14.0)",2450962800.0,11,-21.308712709285302,12.0,14.0,5.56856962230007e-10,4.896035141781833e-09,5.712040974774312e-09
768,"(1.0, 1.0, 2.0, 6.0, 7.0, 11.0, 12.0)",2450962800.0,1,-21.15580707986171,1.0,1.0,6.48858091783279e-10,4.080029284818195e-10,4.080029283153531e-10
769,"(1.0, 1.0, 2.0, 6.0, 7.0, 11.0, 14.0)",2450962800.0,27,-20.96428707719884,32.0,44.0,7.858249350910963e-10,1.3056093711418224e-08,1.7952128682738475e-08
770,"(1.0, 1.0, 2.0, 6.0, 7.0, 12.0, 13.0)",2557526400.0,1,-21.12663218362776,1.0,1.0,6.680673102454394e-10,3.9100280646174367e-10,3.910028063088605e-10
771,"(1.0, 1.0, 2.0, 6.0, 7.0, 12.0, 14.0)",2557526400.0,24,-21.049998554277067,31.0,49.0,7.212765019736789e-10,1.2121087000314053e-08,1.915913736970469e-08
772,"(1.0, 1.0, 2.0, 6.0, 7.0, 13.0, 13.0)",1278763200.0,1,-21.011745810315563,1.0,1.0,7.494018129906893e-10,7.820056129234873e-10,7.820056123119546e-10
773,"(1.0, 1.0, 2.0, 6.0, 7.0, 13.0, 14.0)",2557526400.0,31,-20.93511218096488,35.0,45.0,8.090890093815118e-10,1.3685098226161027e-08,1.759512610349655e-08
774,"(1.0, 1.0, 2.0, 6.0, 7.0, 14.0, 14.0)",1278763200.0,50,-20.85847855161419,60.0,86.0,8.73530079263488e-10,4.692033677540924e-08,6.725248050990192e-08
775,"(1.0, 1.0, 2.0, 6.0, 8.0, 8.0, 12.0)",1036945800.0,1,-20.716579826751584,2.0,4.0,1.006708411458186e-09,1.9287411164595104e-09,3.8574822291989786e-09
776,"(1.0, 1.0, 2.0, 6.0, 8.0, 8.0, 13.0)",1036945800.0,1,-20.601693453439395,1.0,1.0,1.1292711035697413e-09,9.643705582297552e-10,9.643705572997446e-10
777,"(1.0, 1.0, 2.0, 6.0, 8.0, 8.0, 14.0)",1036945800.0,13,-20.525059824088707,15.0,19.0,1.2192135416167768e-09,1.4465558373446326e-08,1.832304039711297e-08
778,"(1.0, 1.0, 2.0, 6.0, 8.0, 9.0, 11.0)",1742068943.9999998,1,-21.275728468807845,1.0,1.0,5.755307434319036e-10,5.740300941843781e-10,5.740300938548676e-10
779,"(1.0, 1.0, 2.0, 6.0, 8.0, 9.0, 14.0)",2073891600.0,14,-21.169919943223203,19.0,31.0,6.397651607611065e-10,9.161520303182674e-09,1.494774356862775e-08
780,"(1.0, 1.0, 2.0, 6.0, 8.0, 11.0, 14.0)",2073891600.0,29,-20.825494311136733,36.0,50.0,9.028232562907045e-10,1.7358670048135593e-08,2.4109263654420453e-08
781,"(1.0, 1.0, 2.0, 6.0, 8.0, 12.0, 13.0)",2262427199.9999995,1,-20.987839417565656,1.0,1.0,7.675331712237387e-10,4.420031725219712e-10,4.420031723266044e-10
782,"(1.0, 1.0, 2.0, 6.0, 8.0, 12.0, 14.0)",2262427199.9999995,17,-20.91120578821497,23.0,41.0,8.286644659886624e-10,1.0166072968005337e-08,1.8122129970051777e-08
783,"(1.0, 1.0, 2.0, 6.0, 8.0, 13.0, 14.0)",2262427199.9999995,25,-20.796319414902776,30.0,40.0,9.295510252473163e-10,1.3260095175659135e-08,1.7680126725048726e-08
784,"(1.0, 1.0, 2.0, 6.0, 8.0, 14.0, 14.0)",1131213599.9999998,42,-20.71968578555209,46.0,54.0,1.0035864674326105e-09,4.066429187202135e-08,4.7736340978788254e-08
785,"(1.0, 1.0, 2.0, 6.0, 9.0, 9.0, 12.0)",1036945800.0,2,-22.00630006502057,2.0,2.0,2.771949504577581e-10,1.9287411164595104e-09,1.9287411127394682e-09
786,"(1.0, 1.0, 2.0, 6.0, 9.0, 9.0, 14.0)",1036945800.0,3,-21.8147800623577,4.0,6.0,3.3570777140558977e-10,3.857482232919021e-09,5.786223334498361e-09
787,"(1.0, 1.0, 2.0, 6.0, 9.0, 11.0, 12.0)",2073891600.0,1,-21.661874432934106,2.0,4.0,3.911717348001406e-10,9.643705582297552e-10,1.9287411155294996e-09
788,"(1.0, 1.0, 2.0, 6.0, 9.0, 11.0, 14.0)",2073891600.0,18,-21.47035443027123,24.0,38.0,4.737438077777172e-10,1.1572446698757061e-08,1.8323040472443824e-08
789,"(1.0, 1.0, 2.0, 6.0, 9.0, 12.0, 14.0)",2262427199.9999995,13,-21.556065907349463,17.0,29.0,4.3483002542543274e-10,7.51405393287351e-09,1.2818091946676158e-08
790,"(1.0, 1.0, 2.0, 6.0, 9.0, 13.0, 13.0)",1131213599.9999998,2,-21.51781316338796,4.0,10.0,4.517857000816288e-10,3.5360253801757696e-09,8.84006343793595e-09
791,"(1.0, 1.0, 2.0, 6.0, 9.0, 13.0, 14.0)",2262427199.9999995,16,-21.441179534037275,19.0,27.0,4.877688286781863e-10,8.398060277917452e-09,1.1934085587565806e-08
792,"(1.0, 1.0, 2.0, 6.0, 9.0, 14.0, 14.0)",1131213599.9999998,23,-21.364545904686587,29.0,41.0,5.266178858407949e-10,2.5636184006274328e-08,3.624425948958771e-08
793,"(1.0, 1.0, 2.0, 6.0, 11.0, 11.0, 14.0)",1036945800.0,19,-21.12592879818476,23.0,37.0,6.685373843686771e-10,2.2180522839284368e-08,3.568171016252534e-08
794,"(1.0, 1.0, 2.0, 6.0, 11.0, 12.0, 12.0)",1131213599.9999998,1,-21.40316027792588,1.0,1.0,5.066704731817292e-10,8.840063450439424e-10,8.840063442624752e-10
795,"(1.0, 1.0, 2.0, 6.0, 11.0, 12.0, 13.0)",2262427199.9999995,2,-21.28827390461368,2.0,2.0,5.683555614354849e-10,8.840063450439424e-10,8.840063442624752e-10
796,"(1.0, 1.0, 2.0, 6.0, 11.0, 12.0, 14.0)",2262427199.9999995,19,-21.211640275263,23.0,33.0,6.13623066033361e-10,1.0166072968005337e-08,1.458610458987601e-08
797,"(1.0, 1.0, 2.0, 6.0, 11.0, 13.0, 14.0)",2262427199.9999995,19,-21.096753901950805,22.0,28.0,6.883292014533133e-10,9.724069795483366e-09,1.237608873605766e-08
798,"(1.0, 1.0, 2.0, 6.0, 11.0, 14.0, 14.0)",1131213599.9999998,24,-21.02012027260012,27.0,33.0,7.431521809504183e-10,2.3868171316186445e-08,2.9172208816760498e-08
799,"(1.0, 1.0, 2.0, 6.0, 12.0, 12.0, 14.0)",1131213599.9999998,8,-21.297351752341232,12.0,22.0,5.632194638206507e-10,1.0608076140527308e-08,1.9448139478435454e-08
800,"(1.0, 1.0, 2.0, 6.0, 12.0, 13.0, 14.0)",2262427199.9999995,15,-21.18246537902904,16.0,18.0,6.317891637951452e-10,7.072050760351539e-09,7.956057055381579e-09
801,"(1.0, 1.0, 2.0, 6.0, 12.0, 14.0, 14.0)",1131213599.9999998,23,-21.105831749678355,28.0,40.0,6.821089298316639e-10,2.4752177661230386e-08,3.53602531890874e-08
802,"(1.0, 1.0, 2.0, 6.0, 13.0, 13.0, 14.0)",1131213599.9999998,5,-21.06757900571685,7.0,11.0,7.087069484091438e-10,6.188044415307597e-09,9.724069757191473e-09
803,"(1.0, 1.0, 2.0, 6.0, 13.0, 14.0, 14.0)",1131213599.9999998,32,-20.990945376366163,40.0,64.0,7.651529431745243e-10,3.53602538017577e-08,5.657640483246477e-08
804,"(1.0, 1.0, 2.0, 6.0, 14.0, 14.0, 14.0)",377071200.0,24,-20.914311747015475,30.0,46.0,8.260946612176367e-10,7.95605710539548e-08,1.2199286928617956e-07
805,"(1.0, 1.0, 2.0, 7.0, 7.0, 7.0, 14.0)",444015000.0,7,-20.59866489018971,8.0,10.0,1.1326963567127488e-09,1.8017409321757148e-08,2.2521761327569397e-08
806,"(1.0, 1.0, 2.0, 7.0, 7.0, 8.0, 11.0)",1078423632.0000002,1,-20.56568064971225,1.0,1.0,1.1706804807663235e-09,9.272793829132258e-10,9.272793820533788e-10
807,"(1.0, 1.0, 2.0, 7.0, 7.0, 8.0, 12.0)",1225481400.0,1,-20.651392126790487,1.0,1.0,1.0745196345775217e-09,8.16005856963639e-10,8.160058562977734e-10
808,"(1.0, 1.0, 2.0, 7.0, 7.0, 8.0, 13.0)",1225481400.0,1,-20.53650575347829,1.0,1.0,1.2053380698280992e-09,8.16005856963639e-10,8.160058562977734e-10
809,"(1.0, 1.0, 2.0, 7.0, 7.0, 8.0, 14.0)",1225481400.0,18,-20.45987212412761,22.0,30.0,1.3013389719396812e-09,1.7952128853200057e-08,2.4480175386630238e-08
810,"(1.0, 1.0, 2.0, 7.0, 7.0, 9.0, 14.0)",1225481400.0,12,-21.104732243262102,13.0,15.0,6.828593254333896e-10,1.0608076140527306e-08,1.2240087741923304e-08
811,"(1.0, 1.0, 2.0, 7.0, 7.0, 11.0, 13.0)",1225481400.0,1,-20.836940240526324,1.0,1.0,8.925485191792553e-10,8.16005856963639e-10,8.160058562977734e-10
812,"(1.0, 1.0, 2.0, 7.0, 7.0, 11.0, 14.0)",1225481400.0,12,-20.76030661117564,13.0,15.0,9.636368429984716e-10,1.0608076140527306e-08,1.2240087741923304e-08
813,"(1.0, 1.0, 2.0, 7.0, 7.0, 12.0, 14.0)",1278763200.0,8,-20.84601808825387,10.0,14.0,8.844827648671155e-10,7.820056129234874e-09,1.0948078519775544e-08
814,"(1.0, 1.0, 2.0, 7.0, 7.0, 13.0, 13.0)",639381600.0,1,-20.807765344292367,1.0,1.0,9.189721081120458e-10,1.5640112258469747e-09,1.5640112234008436e-09
815,"(1.0, 1.0, 2.0, 7.0, 7.0, 13.0, 14.0)",1278763200.0,14,-20.73113171494168,17.0,23.0,9.921649770693242e-10,1.3294095419699285e-08,1.7986128920507233e-08
816,"(1.0, 1.0, 2.0, 7.0, 7.0, 14.0, 14.0)",639381600.0,19,-20.654498085591,22.0,28.0,1.0711873984351005e-09,3.440824696863344e-08,4.379231313978783e-08
817,"(1.0, 1.0, 2.0, 7.0, 8.0, 8.0, 14.0)",1036945800.0,17,-20.32107935806551,18.0,20.0,1.4950901094126965e-09,1.7358670048135593e-08,1.9287410863271678e-08
818,"(1.0, 1.0, 2.0, 7.0, 8.0, 9.0, 11.0)",1742068943.9999998,1,-21.07174800278465,1.0,1.0,7.057585015229746e-10,5.740300941843781e-10,5.740300938548676e-10
819,"(1.0, 1.0, 2.0, 7.0, 8.0, 9.0, 12.0)",2073891600.0,2,-21.157459479862883,3.0,5.0,6.47786804013367e-10,1.4465558373446327e-09,2.410926393481864e-09
820,"(1.0, 1.0, 2.0, 7.0, 8.0, 9.0, 14.0)",2073891600.0,21,-20.965939477200006,27.0,41.0,7.845275101950953e-10,1.3019002536101694e-08,1.9769596274215552e-08
821,"(1.0, 1.0, 2.0, 7.0, 8.0, 11.0, 11.0)",871034471.9999999,1,-20.72732237069818,1.0,1.0,9.959516828671864e-10,1.1480601883687563e-09,1.148060187050714e-09
822,"(1.0, 1.0, 2.0, 7.0, 8.0, 11.0, 12.0)",2073891600.0,1,-20.813033847776413,1.0,1.0,9.141432320036562e-10,4.821852791148776e-10,4.821852788823749e-10
823,"(1.0, 1.0, 2.0, 7.0, 8.0, 11.0, 14.0)",2073891600.0,28,-20.621513845113537,30.0,34.0,1.1071088656364891e-09,1.4465558373446326e-08,1.639429928065346e-08
824,"(1.0, 1.0, 2.0, 7.0, 8.0, 12.0, 13.0)",2262427199.9999995,1,-20.78385895154246,1.0,1.0,9.41206124909877e-10,4.420031725219712e-10,4.420031723266044e-10
825,"(1.0, 1.0, 2.0, 7.0, 8.0, 12.0, 14.0)",2262427199.9999995,25,-20.70722532219177,29.0,39.0,1.0161698544444377e-09,1.2818092003137164e-08,1.7238123564053392e-08
826,"(1.0, 1.0, 2.0, 7.0, 8.0, 13.0, 13.0)",1131213599.9999998,1,-20.668972578230267,1.0,1.0,1.0557941776050486e-09,8.840063450439424e-10,8.840063442624752e-10
827,"(1.0, 1.0, 2.0, 7.0, 8.0, 13.0, 14.0)",2262427199.9999995,21,-20.59233894887958,26.0,38.0,1.1398844391104412e-09,1.1492082485571251e-08,1.6796120423766943e-08
828,"(1.0, 1.0, 2.0, 7.0, 8.0, 14.0, 14.0)",1131213599.9999998,45,-20.51570531952889,50.0,60.0,1.2306721916894119e-09,4.4200317252197116e-08,5.3040378748968494e-08
829,"(1.0, 1.0, 2.0, 7.0, 9.0, 9.0, 14.0)",1036945800.0,6,-21.610799596334505,6.0,6.0,4.116697785491258e-10,5.786223349378531e-09,5.78622331589815e-09
830,"(1.0, 1.0, 2.0, 7.0, 9.0, 11.0, 14.0)",2073891600.0,19,-21.266373964248032,20.0,22.0,5.809398085135478e-10,9.643705582297551e-09,1.0608076047526249e-08
831,"(1.0, 1.0, 2.0, 7.0, 9.0, 12.0, 12.0)",1131213599.9999998,1,-21.543605443989147,2.0,4.0,4.4028210620954984e-10,1.7680126900878848e-09,3.536025377049901e-09
832,"(1.0, 1.0, 2.0, 7.0, 9.0, 12.0, 13.0)",2262427199.9999995,1,-21.428719070676955,1.0,1.0,4.938846783261644e-10,4.420031725219712e-10,4.420031723266044e-10
833,"(1.0, 1.0, 2.0, 7.0, 9.0, 12.0, 14.0)",2262427199.9999995,18,-21.352085441326267,19.0,21.0,5.332208412212488e-10,8.398060277917452e-09,9.28206655243398e-09
834,"(1.0, 1.0, 2.0, 7.0, 9.0, 13.0, 13.0)",1131213599.9999998,1,-21.313832697364763,2.0,4.0,5.540131475823492e-10,1.7680126900878848e-09,3.536025377049901e-09
835,"(1.0, 1.0, 2.0, 7.0, 9.0, 13.0, 14.0)",2262427199.9999995,18,-21.23719906801408,20.0,24.0,5.981383297871809e-10,8.840063450439424e-09,1.0608076062380586e-08
836,"(1.0, 1.0, 2.0, 7.0, 9.0, 14.0, 14.0)",1131213599.9999998,25,-21.16056543866339,28.0,34.0,6.457779262493412e-10,2.4752177661230386e-08,3.005621511882374e-08
837,"(1.0, 1.0, 2.0, 7.0, 11.0, 11.0, 14.0)",1036945800.0,19,-20.921948332161563,25.0,41.0,8.19810145658974e-10,2.4109263955743878e-08,3.953919230616335e-08
838,"(1.0, 1.0, 2.0, 7.0, 11.0, 12.0, 14.0)",2262427199.9999995,23,-21.0076598092398,23.0,23.0,7.524701339171471e-10,1.0166072968005337e-08,1.0166072864656298e-08
839,"(1.0, 1.0, 2.0, 7.0, 11.0, 13.0, 13.0)",1131213599.9999998,1,-20.969407065278297,1.0,1.0,7.818118031515117e-10,8.840063450439424e-10,8.840063442624752e-10
840,"(1.0, 1.0, 2.0, 7.0, 11.0, 13.0, 14.0)",2262427199.9999995,27,-20.89277343592761,31.0,39.0,8.440803403053567e-10,1.3702098348181108e-08,1.7238123540609377e-08
841,"(1.0, 1.0, 2.0, 7.0, 11.0, 14.0, 14.0)",1131213599.9999998,43,-20.81613980657692,51.0,71.0,9.113083455865056e-10,4.508432359724106e-08,6.276444846552367e-08
842,"(1.0, 1.0, 2.0, 7.0, 12.0, 12.0, 14.0)",1131213599.9999998,8,-21.093371286318035,9.0,11.0,6.906614969764291e-10,7.956057105395481e-09,9.724069732184521e-09
843,"(1.0, 1.0, 2.0, 7.0, 12.0, 13.0, 14.0)",2262427199.9999995,11,-20.978484913005843,14.0,20.0,7.747467509027559e-10,6.188044415307597e-09,8.840063412147532e-09
844,"(1.0, 1.0, 2.0, 7.0, 12.0, 14.0, 14.0)",1131213599.9999998,20,-20.90185128365516,26.0,42.0,8.364525817036469e-10,2.2984164971142503e-08,3.7128265963573744e-08
845,"(1.0, 1.0, 2.0, 7.0, 13.0, 13.0, 14.0)",1131213599.9999998,13,-20.86359853969365,15.0,19.0,8.690690456353349e-10,1.3260095175659135e-08,1.679612038000478e-08
846,"(1.0, 1.0, 2.0, 7.0, 13.0, 14.0, 14.0)",1131213599.9999998,27,-20.786964910342967,36.0,56.0,9.382873126648882e-10,3.1824228421581924e-08,4.950435430967926e-08
847,"(1.0, 1.0, 2.0, 7.0, 14.0, 14.0, 14.0)",377071200.0,20,-20.71033128099228,24.0,36.0,1.0130185691567172e-09,6.364845684316383e-08,9.547268121361969e-08
848,"(1.0, 1.0, 2.0, 8.0, 8.0, 8.0, 14.0)",268837799.99999994,8,-20.18228659200341,9.0,11.0,1.7176880762526475e-09,3.347743509283294e-08,4.091686399272381e-08
849,"(1.0, 1.0, 2.0, 8.0, 8.0, 9.0, 14.0)",806513399.9999999,10,-20.827146711137907,10.0,10.0,9.01332663008284e-10,1.2399050034382568e-08,1.2399049880646126e-08
850,"(1.0, 1.0, 2.0, 8.0, 8.0, 11.0, 14.0)",806513399.9999999,17,-20.48272107905144,21.0,33.0,1.2719418619954627e-09,2.603800507220339e-08,4.091686443548476e-08
851,"(1.0, 1.0, 2.0, 8.0, 8.0, 12.0, 12.0)",460864800.0,2,-20.759952558792552,3.0,5.0,9.63978081323723e-10,6.509501268050847e-09,1.0849168737711137e-08
852,"(1.0, 1.0, 2.0, 8.0, 8.0, 12.0, 13.0)",921729600.0,1,-20.64506618548036,1.0,1.0,1.0813385279424591e-09,1.0849168780084746e-09,1.0849168768314298e-09
853,"(1.0, 1.0, 2.0, 8.0, 8.0, 12.0, 14.0)",921729600.0,9,-20.56843255612967,12.0,18.0,1.1674633063503136e-09,1.3019002536101694e-08,1.9528503634658116e-08
854,"(1.0, 1.0, 2.0, 8.0, 8.0, 13.0, 14.0)",921729600.0,8,-20.453546182817483,11.0,19.0,1.30959725908097e-09,1.1934085658093219e-08,2.0613420539738618e-08
855,"(1.0, 1.0, 2.0, 8.0, 8.0, 14.0, 14.0)",460864800.0,18,-20.376912553466795,22.0,30.0,1.4139020358251165e-09,4.7736342632372876e-08,6.509501040175007e-08
856,"(1.0, 1.0, 2.0, 8.0, 9.0, 9.0, 14.0)",806513399.9999999,7,-21.4720068302724,11.0,19.0,4.729616399142513e-10,1.3638955037820825e-08,2.3558194879305783e-08
857,"(1.0, 1.0, 2.0, 8.0, 9.0, 11.0, 14.0)",1613026799.9999998,18,-21.127581198185933,21.0,27.0,6.674336053873057e-10,1.3019002536101695e-08,1.673871737692204e-08
858,"(1.0, 1.0, 2.0, 8.0, 9.0, 12.0, 13.0)",1843459200.0,1,-21.28992630461485,1.0,1.0,5.674171862042342e-10,5.424584390042373e-10,5.424584387099761e-10
859,"(1.0, 1.0, 2.0, 8.0, 9.0, 12.0, 14.0)",1843459200.0,11,-21.21329267526417,11.0,11.0,6.12609952543215e-10,5.9670428290466095e-09,5.96704279344101e-09
860,"(1.0, 1.0, 2.0, 8.0, 9.0, 13.0, 14.0)",1843459200.0,11,-21.09840630195197,11.0,11.0,6.871927454785401e-10,5.9670428290466095e-09,5.96704279344101e-09
861,"(1.0, 1.0, 2.0, 8.0, 9.0, 14.0, 14.0)",921729600.0,21,-21.02177267260129,23.0,27.0,7.419252102880877e-10,2.4953088194194913e-08,2.9292755083572202e-08
862,"(1.0, 1.0, 2.0, 8.0, 11.0, 11.0, 14.0)",806513399.9999999,11,-20.783155566099467,12.0,14.0,9.41868388482968e-10,1.4878860041259081e-08,1.735866982675512e-08
863,"(1.0, 1.0, 2.0, 8.0, 11.0, 12.0, 13.0)",1843459200.0,1,-20.945500672528382,1.0,1.0,8.007273029915777e-10,5.424584390042373e-10,5.424584387099761e-10
864,"(1.0, 1.0, 2.0, 8.0, 11.0, 12.0, 14.0)",1843459200.0,17,-20.8688670431777,18.0,20.0,8.645023926172862e-10,9.764251902076271e-09,1.0849168684744129e-08
865,"(1.0, 1.0, 2.0, 8.0, 11.0, 13.0, 14.0)",1843459200.0,14,-20.75398066986551,18.0,32.0,9.69752075017958e-10,9.764251902076271e-09,1.7358669952794977e-08
866,"(1.0, 1.0, 2.0, 8.0, 11.0, 14.0, 14.0)",921729600.0,31,-20.677347040514825,39.0,57.0,1.0469893882304943e-09,4.2311758242330506e-08,6.184026025619817e-08
867,"(1.0, 1.0, 2.0, 8.0, 12.0, 12.0, 14.0)",963626400.0,6,-20.954578520255936,9.0,15.0,7.934913157503505e-10,9.33971921068165e-09,1.5566198597239062e-08
868,"(1.0, 1.0, 2.0, 8.0, 12.0, 13.0, 14.0)",1927252800.0,13,-20.839692146943744,14.0,16.0,8.900956857134853e-10,7.2642260527523945e-09,8.301972578948043e-09
869,"(1.0, 1.0, 2.0, 8.0, 12.0, 14.0, 14.0)",963626400.0,25,-20.76305851759306,29.0,39.0,9.60988650046979e-10,3.009465078997421e-08,4.0472115673932474e-08
870,"(1.0, 1.0, 2.0, 8.0, 13.0, 13.0, 14.0)",963626400.0,9,-20.72480577363155,11.0,15.0,9.984612484089552e-10,1.1415212368610906e-08,1.5566198554162345e-08
871,"(1.0, 1.0, 2.0, 8.0, 13.0, 14.0, 14.0)",963626400.0,22,-20.648172144280867,23.0,25.0,1.077985145455027e-09,2.3868171316186438e-08,2.5943663904426092e-08
872,"(1.0, 1.0, 2.0, 8.0, 14.0, 14.0, 14.0)",321208799.99999994,14,-20.571538514930182,15.0,17.0,1.1638428388416895e-09,4.6698596053408257e-08,5.292507334643715e-08
873,"(1.0, 1.0, 2.0, 9.0, 9.0, 11.0, 14.0)",806513399.9999999,5,-21.77244131732043,5.0,5.0,3.502263986354159e-10,6.199525017191284e-09,6.199524978757174e-09
874,"(1.0, 1.0, 2.0, 9.0, 9.0, 12.0, 14.0)",921729600.0,5,-21.858152794398663,6.0,8.0,3.2145845776363223e-10,6.509501268050847e-09,8.679334981694189e-09
875,"(1.0, 1.0, 2.0, 9.0, 9.0, 13.0, 14.0)",921729600.0,6,-21.743266421086474,7.0,9.0,3.605947295351887e-10,7.594418146059322e-09,9.764251844401085e-09
876,"(1.0, 1.0, 2.0, 9.0, 9.0, 14.0, 14.0)",460864800.0,6,-21.666632791735783,7.0,9.0,3.893148207681836e-10,1.5188836292118643e-08,1.9528503573451793e-08
877,"(1.0, 1.0, 2.0, 9.0, 11.0, 11.0, 14.0)",806513399.9999999,8,-21.42801568523396,11.0,19.0,4.942321918230577e-10,1.3638955037820825e-08,2.3558194879305783e-08
878,"(1.0, 1.0, 2.0, 9.0, 11.0, 12.0, 14.0)",1843459200.0,8,-21.5137271623122,13.0,27.0,4.5363547345260786e-10,7.051959707055084e-09,1.464637780338427e-08
879,"(1.0, 1.0, 2.0, 9.0, 11.0, 13.0, 14.0)",1843459200.0,15,-21.398840789000005,16.0,18.0,5.088637642176786e-10,8.679335024067796e-09,9.764251826745414e-09
880,"(1.0, 1.0, 2.0, 9.0, 11.0, 14.0, 14.0)",921729600.0,12,-21.32220715964932,14.0,18.0,5.493929581754881e-10,1.5188836292118643e-08,1.9528503573451793e-08
881,"(1.0, 1.0, 2.0, 9.0, 12.0, 12.0, 14.0)",963626400.0,9,-21.59943863939043,9.0,9.0,4.163734094606446e-10,9.33971921068165e-09,9.339719123451296e-09
882,"(1.0, 1.0, 2.0, 9.0, 12.0, 13.0, 13.0)",963626400.0,2,-21.561185895428927,2.0,2.0,4.326093905417543e-10,2.0754931579292558e-09,2.075493153621584e-09
883,"(1.0, 1.0, 2.0, 9.0, 12.0, 13.0, 14.0)",1927252800.0,11,-21.48455226607824,11.0,11.0,4.670651940989066e-10,5.707606184305453e-09,5.707606151728685e-09
884,"(1.0, 1.0, 2.0, 9.0, 12.0, 14.0, 14.0)",963626400.0,10,-21.407918636727555,12.0,16.0,5.042652801999064e-10,1.2452958947575534e-08,1.660394510835786e-08
885,"(1.0, 1.0, 2.0, 9.0, 13.0, 13.0, 14.0)",963626400.0,3,-21.36966589276605,3.0,3.0,5.239284992315724e-10,3.1132397368938834e-09,3.1132397272016217e-09
886,"(1.0, 1.0, 2.0, 9.0, 13.0, 14.0, 14.0)",963626400.0,18,-21.293032263415363,26.0,54.0,5.656575459009241e-10,2.6981411053080323e-08,5.6038314536093356e-08
887,"(1.0, 1.0, 2.0, 9.0, 14.0, 14.0, 14.0)",321208799.99999994,13,-21.216398634064674,13.0,13.0,6.107101631309283e-10,4.0472116579620494e-08,4.047211494162827e-08
888,"(1.0, 1.0, 2.0, 11.0, 11.0, 11.0, 14.0)",268837799.99999994,4,-21.08359005314749,4.0,4.0,6.974501647675707e-10,1.4878860041259083e-08,1.4878859819878606e-08
889,"(1.0, 1.0, 2.0, 11.0, 11.0, 12.0, 13.0)",921729600.0,1,-21.24593515957641,1.0,1.0,5.929356969978246e-10,1.0849168780084746e-09,1.0849168768314298e-09
890,"(1.0, 1.0, 2.0, 11.0, 11.0, 12.0, 14.0)",921729600.0,7,-21.169301530225727,7.0,7.0,6.401609222112528e-10,7.594418146059322e-09,7.594418088384135e-09
891,"(1.0, 1.0, 2.0, 11.0, 11.0, 13.0, 14.0)",921729600.0,9,-21.05441515691353,11.0,15.0,7.180979346746586e-10,1.1934085658093219e-08,1.627375302770472e-08
892,"(1.0, 1.0, 2.0, 11.0, 11.0, 14.0, 14.0)",460864800.0,16,-20.977781527562847,17.0,19.0,7.752918881876893e-10,3.6887173852288135e-08,4.122684000365844e-08
893,"(1.0, 1.0, 2.0, 11.0, 12.0, 12.0, 12.0)",321208799.99999994,1,-21.44653300996684,1.0,1.0,4.851645471936121e-10,3.113239736893884e-09,3.113239727201622e-09
894,"(1.0, 1.0, 2.0, 11.0, 12.0, 12.0, 14.0)",963626400.0,8,-21.25501300730396,8.0,8.0,5.875774743890623e-10,8.301972631717023e-09,8.301972562794273e-09
895,"(1.0, 1.0, 2.0, 11.0, 12.0, 13.0, 14.0)",1927252800.0,13,-21.14012663399177,14.0,16.0,6.591126639887203e-10,7.2642260527523945e-09,8.301972578948043e-09
896,"(1.0, 1.0, 2.0, 11.0, 12.0, 14.0, 14.0)",963626400.0,20,-21.063493004641085,26.0,40.0,7.11608649903371e-10,2.6981411053080323e-08,4.150986243058857e-08
897,"(1.0, 1.0, 2.0, 11.0, 13.0, 13.0, 14.0)",963626400.0,5,-21.02524026067958,6.0,8.0,7.393569746389764e-10,6.226479473787767e-09,8.301972592947976e-09
898,"(1.0, 1.0, 2.0, 11.0, 13.0, 14.0, 14.0)",963626400.0,30,-20.948606631328893,35.0,47.0,7.982441352825968e-10,3.632113026376197e-08,4.8774087892113e-08
899,"(1.0, 1.0, 2.0, 11.0, 14.0, 14.0, 14.0)",321208799.99999994,16,-20.871973001978205,17.0,19.0,8.618214494077079e-10,5.2925075527196026e-08,5.915155219992017e-08
900,"(1.0, 1.0, 2.0, 12.0, 12.0, 12.0, 14.0)",307243199.99999994,1,-21.3407244843822,1.0,1.0,5.393132826928383e-10,3.2547506340254243e-09,3.2547506234320224e-09
901,"(1.0, 1.0, 2.0, 12.0, 12.0, 13.0, 14.0)",921729600.0,4,-21.225838111070004,4.0,4.0,6.049725014557128e-10,4.339667512033898e-09,4.339667493201184e-09
902,"(1.0, 1.0, 2.0, 12.0, 12.0, 14.0, 14.0)",460864800.0,5,-21.149204481719323,5.0,5.0,6.531564154515028e-10,1.0849168780084744e-08,1.0849168662380282e-08
903,"(1.0, 1.0, 2.0, 12.0, 13.0, 13.0, 14.0)",921729600.0,5,-21.110951737757816,6.0,8.0,6.786254654996649e-10,6.509501268050847e-09,8.679334981694189e-09
904,"(1.0, 1.0, 2.0, 12.0, 13.0, 14.0, 14.0)",921729600.0,15,-21.034318108407128,19.0,27.0,7.326755768457353e-10,2.0613420682161017e-08,2.92927552813157e-08
905,"(1.0, 1.0, 2.0, 12.0, 14.0, 14.0, 14.0)",307243199.99999994,9,-20.957684479056443,14.0,26.0,7.910305878530197e-10,4.556650887635594e-08,8.46235144083543e-08
906,"(1.0, 1.0, 2.0, 13.0, 13.0, 13.0, 14.0)",307243199.99999994,1,-20.996065364445624,1.0,1.0,7.612453810982877e-10,3.2547506340254243e-09,3.2547506234320224e-09
907,"(1.0, 1.0, 2.0, 13.0, 13.0, 14.0, 14.0)",460864800.0,6,-20.91943173509494,8.0,14.0,8.218758756815514e-10,1.7358670048135593e-08,3.037767228291386e-08
908,"(1.0, 1.0, 2.0, 13.0, 14.0, 14.0, 14.0)",307243199.99999994,16,-20.84279810574425,18.0,22.0,8.873353741112622e-10,5.858551141245764e-08,7.160451051629717e-08
909,"(1.0, 1.0, 2.0, 14.0, 14.0, 14.0, 14.0)",76810799.99999999,3,-20.76616447639357,3.0,3.0,9.580084894160396e-10,3.905700760830509e-08,3.9057006082855246e-08
910,"(1.0, 1.0, 3.0, 3.0, 3.0, 3.0, 14.0)",50473499.99999999,2,-20.40829625550609,2.0,2.0,1.370217630276306e-09,3.9624753583563657e-08,3.962475201344256e-08
911,"(1.0, 1.0, 3.0, 3.0, 3.0, 4.0, 14.0)",286901999.9999999,6,-20.645097661340984,6.0,6.0,1.081304492417318e-09,2.0913064391325268e-08,2.0913063953969008e-08
912,"(1.0, 1.0, 3.0, 3.0, 3.0, 6.0, 14.0)",286901999.9999999,7,-20.60957067285807,7.0,7.0,1.1204105314560382e-09,2.4398575123212813e-08,2.4398574527922346e-08
913,"(1.0, 1.0, 3.0, 3.0, 3.0, 7.0, 14.0)",286901999.9999999,1,-20.40559020683488,1.0,1.0,1.3739305272482415e-09,3.485510731887545e-09,3.48551071973876e-09
914,"(1.0, 1.0, 3.0, 3.0, 3.0, 8.0, 12.0)",244398000.0,1,-20.458317443435654,1.0,1.0,1.3033637120173772e-09,4.091686511346247e-09,4.0916864946043485e-09
915,"(1.0, 1.0, 3.0, 3.0, 3.0, 8.0, 13.0)",244398000.0,1,-20.34343107012345,1.0,1.0,1.4620429914663256e-09,4.091686511346247e-09,4.0916864946043485e-09
916,"(1.0, 1.0, 3.0, 3.0, 3.0, 8.0, 14.0)",244398000.0,4,-20.266797440772777,5.0,7.0,1.5784895300931914e-09,2.0458432556731234e-08,2.8641805160876263e-08
917,"(1.0, 1.0, 3.0, 3.0, 3.0, 9.0, 14.0)",244398000.0,6,-20.91165755990727,7.0,9.0,8.282901833920228e-10,2.8641805579423727e-08,3.6825177781763196e-08
918,"(1.0, 1.0, 3.0, 3.0, 3.0, 11.0, 14.0)",244398000.0,2,-20.5672319278208,2.0,2.0,1.1688658376363905e-09,8.183373022692493e-09,8.183372955724899e-09
919,"(1.0, 1.0, 3.0, 3.0, 3.0, 12.0, 13.0)",255024000.0,1,-20.72957703424972,1.0,1.0,9.937086764713093e-10,3.921199573373486e-09,3.92119955799768e-09
920,"(1.0, 1.0, 3.0, 3.0, 3.0, 12.0, 14.0)",255024000.0,2,-20.65294340489904,2.0,2.0,1.0728540480191875e-09,7.842399146746972e-09,7.842399085243748e-09
921,"(1.0, 1.0, 3.0, 3.0, 3.0, 14.0, 14.0)",127512000.0,4,-20.46142340223616,5.0,7.0,1.2993217982838955e-09,3.921199573373486e-08,5.4896792489648205e-08
922,"(1.0, 1.0, 3.0, 3.0, 4.0, 4.0, 13.0)",559458900.0,1,-20.95853269652656,1.0,1.0,7.903599063710915e-10,1.7874414009679711e-09,1.7874413977730243e-09
923,"(1.0, 1.0, 3.0, 3.0, 4.0, 4.0, 14.0)",559458900.0,2,-20.88189906717588,2.0,2.0,8.533092696275522e-10,3.5748828019359422e-09,3.574882789156155e-09
924,"(1.0, 1.0, 3.0, 3.0, 4.0, 6.0, 12.0)",1118917800.0,1,-21.03789208135584,1.0,1.0,7.300616879203902e-10,8.937207004839856e-10,8.937206996852489e-10
925,"(1.0, 1.0, 3.0, 3.0, 4.0, 6.0, 13.0)",1118917800.0,1,-20.923005708043647,1.0,1.0,8.189437563133874e-10,8.937207004839856e-10,8.937206996852489e-10
926,"(1.0, 1.0, 3.0, 3.0, 4.0, 6.0, 14.0)",1118917800.0,19,-20.84637207869296,23.0,33.0,8.841697218352037e-10,2.0555576111131665e-08,2.9492782693439813e-08
927,"(1.0, 1.0, 3.0, 3.0, 4.0, 7.0, 14.0)",1118917800.0,19,-20.64239161266976,24.0,36.0,1.0842345176096287e-09,2.1449296811615652e-08,3.2173944757351146e-08
928,"(1.0, 1.0, 3.0, 3.0, 4.0, 8.0, 8.0)",435517236.0,1,-20.30897288514428,2.0,4.0,1.513300386029697e-09,4.592240753475024e-09,9.184481485861373e-09
929,"(1.0, 1.0, 3.0, 3.0, 4.0, 8.0, 14.0)",989811899.9999996,10,-20.503598846607662,12.0,16.0,1.2456618440818763e-09,1.2123515589174068e-08,1.6164687305252462e-08
930,"(1.0, 1.0, 3.0, 3.0, 4.0, 9.0, 14.0)",989811899.9999996,8,-21.14845896574216,9.0,11.0,6.536435355501542e-10,9.092636691880551e-09,1.1113222540733521e-08
931,"(1.0, 1.0, 3.0, 3.0, 4.0, 11.0, 13.0)",989811899.9999996,1,-20.880666963006377,2.0,4.0,8.543612834987877e-10,2.0205859315290113e-09,4.041171858975255e-09
932,"(1.0, 1.0, 3.0, 3.0, 4.0, 11.0, 14.0)",989811899.9999996,13,-20.80403333365569,16.0,24.0,9.224081294403565e-10,1.616468745223209e-08,2.4247030917051015e-08
933,"(1.0, 1.0, 3.0, 3.0, 4.0, 12.0, 14.0)",1032847199.9999996,7,-20.889744810733927,7.0,7.0,8.466406183938308e-10,6.777381978670226e-09,6.777381932737319e-09
934,"(1.0, 1.0, 3.0, 3.0, 4.0, 13.0, 14.0)",1032847199.9999996,10,-20.77485843742173,14.0,24.0,9.49715701764838e-10,1.3554763957340452e-08,2.3236738028852004e-08
935,"(1.0, 1.0, 3.0, 3.0, 4.0, 14.0, 14.0)",516423599.99999976,14,-20.698224808071046,15.0,17.0,1.025357188913722e-09,2.9045922765729543e-08,3.291871162416119e-08
936,"(1.0, 1.0, 3.0, 3.0, 6.0, 6.0, 13.0)",559458900.0,1,-20.887478719560736,1.0,1.0,8.485613586904098e-10,1.7874414009679711e-09,1.7874413977730243e-09
937,"(1.0, 1.0, 3.0, 3.0, 6.0, 6.0, 14.0)",559458900.0,5,-20.81084509021005,6.0,8.0,9.161462611924365e-10,1.0724648405807826e-08,1.4299531092725686e-08
938,"(1.0, 1.0, 3.0, 3.0, 6.0, 7.0, 12.0)",1118917800.0,1,-20.79838462684973,1.0,1.0,9.276332863149599e-10,8.937207004839856e-10,8.937206996852489e-10
939,"(1.0, 1.0, 3.0, 3.0, 6.0, 7.0, 14.0)",1118917800.0,27,-20.60686462418685,30.0,36.0,1.1234465228034417e-09,2.6811621014519565e-08,3.217394449856046e-08
940,"(1.0, 1.0, 3.0, 3.0, 6.0, 8.0, 14.0)",989811899.9999996,14,-20.468071858124752,17.0,23.0,1.2907119673776785e-09,1.7174980417996598e-08,2.323673791760368e-08
941,"(1.0, 1.0, 3.0, 3.0, 6.0, 9.0, 14.0)",989811899.9999996,7,-21.11293197725925,9.0,13.0,6.77282954231829e-10,9.092636691880551e-09,1.3133808472262532e-08
942,"(1.0, 1.0, 3.0, 3.0, 6.0, 11.0, 14.0)",989811899.9999996,12,-20.76850634517278,13.0,15.0,9.557675842215713e-10,1.3133808554938574e-08,1.515439431397066e-08
943,"(1.0, 1.0, 3.0, 3.0, 6.0, 12.0, 13.0)",1032847199.9999996,1,-20.9308514516017,1.0,1.0,8.12543673148609e-10,9.68197425524318e-10,9.681974245869118e-10
944,"(1.0, 1.0, 3.0, 3.0, 6.0, 12.0, 14.0)",1032847199.9999996,12,-20.854217822251016,14.0,18.0,8.772598947464661e-10,1.3554763957340452e-08,1.7427553475706096e-08
945,"(1.0, 1.0, 3.0, 3.0, 6.0, 13.0, 14.0)",1032847199.9999996,9,-20.739331448938824,11.0,15.0,9.840627516192835e-10,1.0650171680767498e-08,1.4522961269438613e-08
946,"(1.0, 1.0, 3.0, 3.0, 6.0, 14.0, 14.0)",516423599.99999976,24,-20.66269781958814,26.0,30.0,1.0624398594653292e-09,5.034626612726454e-08,5.8091842996712574e-08
947,"(1.0, 1.0, 3.0, 3.0, 7.0, 7.0, 14.0)",559458900.0,6,-20.40288415816365,6.0,6.0,1.3776534851066033e-09,1.0724648405807826e-08,1.0724648290789743e-08
948,"(1.0, 1.0, 3.0, 3.0, 7.0, 8.0, 12.0)",989811899.9999996,1,-20.455611394764432,1.0,1.0,1.3068954540361419e-09,1.0102929657645057e-09,1.0102929647438138e-09
949,"(1.0, 1.0, 3.0, 3.0, 7.0, 8.0, 13.0)",989811899.9999996,1,-20.340725021452243,1.0,1.0,1.4660047088431143e-09,1.0102929657645057e-09,1.0102929647438138e-09
950,"(1.0, 1.0, 3.0, 3.0, 7.0, 8.0, 14.0)",989811899.9999996,19,-20.264091392101555,24.0,36.0,1.5827667842074567e-09,2.4247031178348136e-08,3.6370546179603684e-08
951,"(1.0, 1.0, 3.0, 3.0, 7.0, 9.0, 14.0)",989811899.9999996,9,-20.90895151123605,10.0,12.0,8.305346123395529e-10,1.0102929657645057e-08,1.212351548710488e-08
952,"(1.0, 1.0, 3.0, 3.0, 7.0, 11.0, 13.0)",989811899.9999996,2,-20.641159508500262,2.0,2.0,1.0855712307953285e-09,2.0205859315290113e-09,2.020585927446244e-09
953,"(1.0, 1.0, 3.0, 3.0, 7.0, 11.0, 14.0)",989811899.9999996,12,-20.56452587914958,12.0,12.0,1.1720331289726547e-09,1.2123515589174068e-08,1.2123515442194438e-08
954,"(1.0, 1.0, 3.0, 3.0, 7.0, 12.0, 14.0)",1032847199.9999996,10,-20.65023735622782,12.0,16.0,1.0757611749297002e-09,1.1618369106291816e-08,1.549115867340259e-08
955,"(1.0, 1.0, 3.0, 3.0, 7.0, 13.0, 14.0)",1032847199.9999996,6,-20.535350982915624,7.0,9.0,1.206730762714811e-09,6.777381978670226e-09,8.713776783785956e-09
956,"(1.0, 1.0, 3.0, 3.0, 7.0, 14.0, 14.0)",516423599.99999976,29,-20.458717353564943,31.0,35.0,1.3028425878751504e-09,6.002824038250771e-08,6.777381618331262e-08
957,"(1.0, 1.0, 3.0, 3.0, 8.0, 8.0, 12.0)",403256700.0,1,-20.31681862870233,1.0,1.0,1.5014738738312566e-09,2.4798100068765133e-09,2.4798100007270557e-09
958,"(1.0, 1.0, 3.0, 3.0, 8.0, 8.0, 13.0)",403256700.0,2,-20.20193225539014,2.0,2.0,1.6842722671071908e-09,4.9596200137530265e-09,4.9596199891551955e-09
959,"(1.0, 1.0, 3.0, 3.0, 8.0, 8.0, 14.0)",403256700.0,18,-20.125298626039456,20.0,24.0,1.8184185793255358e-09,4.9596200137530265e-08,5.951543770525325e-08
960,"(1.0, 1.0, 3.0, 3.0, 8.0, 9.0, 12.0)",806513400.0,1,-20.961678747836828,1.0,1.0,7.878773008019826e-10,1.2399050034382566e-09,1.2399050019008922e-09
961,"(1.0, 1.0, 3.0, 3.0, 8.0, 9.0, 14.0)",806513400.0,13,-20.77015874517395,14.0,16.0,9.541895779721022e-10,1.7358670048135593e-08,1.983847975368868e-08
962,"(1.0, 1.0, 3.0, 3.0, 8.0, 11.0, 12.0)",806513400.0,1,-20.61725311575036,1.0,1.0,1.1118360203005602e-09,1.2399050034382566e-09,1.2399050019008922e-09
963,"(1.0, 1.0, 3.0, 3.0, 8.0, 11.0, 13.0)",806513400.0,1,-20.50236674243817,1.0,1.0,1.2471975751297806e-09,1.2399050034382566e-09,1.2399050019008922e-09
964,"(1.0, 1.0, 3.0, 3.0, 8.0, 11.0, 14.0)",806513400.0,10,-20.42573311308748,13.0,21.0,1.3465324383693727e-09,1.6118765044697335e-08,2.60380048123888e-08
965,"(1.0, 1.0, 3.0, 3.0, 8.0, 12.0, 12.0)",439916400.0,1,-20.7029645928286,2.0,4.0,1.0205087159746954e-09,4.546318345940274e-09,9.092636671211538e-09
966,"(1.0, 1.0, 3.0, 3.0, 8.0, 12.0, 14.0)",879832799.9999999,20,-20.51144459016572,24.0,38.0,1.235926939412467e-09,2.727791007564165e-08,4.319002354234823e-08
967,"(1.0, 1.0, 3.0, 3.0, 8.0, 13.0, 14.0)",879832799.9999999,14,-20.396558216853528,21.0,39.0,1.386396063563501e-09,2.386817131618644e-08,4.4326603303228074e-08
968,"(1.0, 1.0, 3.0, 3.0, 8.0, 14.0, 14.0)",439916400.0,25,-20.31992458750284,30.0,46.0,1.4968175926910398e-09,6.819477518910412e-08,1.0456531730609894e-07
969,"(1.0, 1.0, 3.0, 3.0, 9.0, 9.0, 14.0)",403256700.0,3,-21.415018864308447,4.0,6.0,5.00697562740632e-10,9.919240027506053e-09,1.4878859942867757e-08
970,"(1.0, 1.0, 3.0, 3.0, 9.0, 11.0, 12.0)",806513400.0,1,-21.26211323488485,1.0,1.0,5.834203164478627e-10,1.2399050034382566e-09,1.2399050019008922e-09
971,"(1.0, 1.0, 3.0, 3.0, 9.0, 11.0, 14.0)",806513400.0,9,-21.070593232221977,12.0,18.0,7.065739614088062e-10,1.487886004125908e-08,2.2318289840508144e-08
972,"(1.0, 1.0, 3.0, 3.0, 9.0, 12.0, 13.0)",879832799.9999999,1,-21.2329383386509,1.0,1.0,6.006922722974215e-10,1.1365795864850687e-09,1.1365795851932556e-09
973,"(1.0, 1.0, 3.0, 3.0, 9.0, 12.0, 14.0)",879832799.9999999,4,-21.15630470930021,7.0,15.0,6.485352812220802e-10,7.956057105395481e-09,1.7048693733977184e-08
974,"(1.0, 1.0, 3.0, 3.0, 9.0, 13.0, 14.0)",879832799.9999999,8,-21.04141833598802,8.0,8.0,7.274918381468102e-10,9.09263669188055e-09,9.092636609204508e-09
975,"(1.0, 1.0, 3.0, 3.0, 9.0, 14.0, 14.0)",439916400.0,11,-20.96478470663734,11.0,11.0,7.854339827526527e-10,2.500475090267151e-08,2.500475027743394e-08
976,"(1.0, 1.0, 3.0, 3.0, 11.0, 11.0, 12.0)",403256700.0,1,-20.917687602798388,1.0,1.0,8.233105867393309e-10,2.4798100068765133e-09,2.4798100007270557e-09
977,"(1.0, 1.0, 3.0, 3.0, 11.0, 11.0, 13.0)",403256700.0,1,-20.8028012294862,1.0,1.0,9.235453327752319e-10,2.4798100068765133e-09,2.4798100007270557e-09
978,"(1.0, 1.0, 3.0, 3.0, 11.0, 11.0, 14.0)",403256700.0,6,-20.72616760013551,6.0,6.0,9.97102442856403e-10,1.487886004125908e-08,1.4878859819878603e-08
979,"(1.0, 1.0, 3.0, 3.0, 11.0, 12.0, 14.0)",879832799.9999999,10,-20.811879077213742,13.0,19.0,9.151994674354571e-10,1.4775534624305893e-08,2.159501192489988e-08
980,"(1.0, 1.0, 3.0, 3.0, 11.0, 13.0, 14.0)",879832799.9999999,15,-20.69699270390156,16.0,18.0,1.0266213143886084e-09,1.81852733837611e-08,2.0458432226027068e-08
981,"(1.0, 1.0, 3.0, 3.0, 11.0, 14.0, 14.0)",439916400.0,21,-20.62035907455087,28.0,46.0,1.10838806081051e-09,6.364845684316383e-08,1.0456531790550024e-07
982,"(1.0, 1.0, 3.0, 3.0, 12.0, 12.0, 14.0)",439916400.0,1,-20.89759055429198,1.0,1.0,8.400240829765606e-10,2.273159172970137e-09,2.2731591678028845e-09
983,"(1.0, 1.0, 3.0, 3.0, 12.0, 13.0, 13.0)",439916400.0,1,-20.85933781033048,1.0,1.0,8.72779813311381e-10,2.273159172970137e-09,2.2731591678028845e-09
984,"(1.0, 1.0, 3.0, 3.0, 12.0, 13.0, 14.0)",879832799.9999999,9,-20.78270418097979,10.0,12.0,9.422936298248113e-10,1.1365795864850687e-08,1.3638954908639509e-08
985,"(1.0, 1.0, 3.0, 3.0, 12.0, 14.0, 14.0)",439916400.0,11,-20.706070551629104,11.0,11.0,1.0173439752686291e-09,2.500475090267151e-08,2.500475027743394e-08
986,"(1.0, 1.0, 3.0, 3.0, 13.0, 13.0, 14.0)",439916400.0,4,-20.6678178076676,4.0,4.0,1.0570140818607831e-09,9.092636691880548e-09,9.092636609204506e-09
987,"(1.0, 1.0, 3.0, 3.0, 13.0, 14.0, 14.0)",439916400.0,21,-20.59118417831691,23.0,27.0,1.1412015044133308e-09,5.228266097831315e-08,6.137529493671706e-08
988,"(1.0, 1.0, 3.0, 3.0, 14.0, 14.0, 14.0)",146638799.99999997,7,-20.514550548966227,7.0,7.0,1.2320941565722427e-09,4.773634263237289e-08,4.7736340353614485e-08
989,"(1.0, 1.0, 3.0, 4.0, 4.0, 4.0, 14.0)",444015000.0,1,-21.11870047301076,1.0,1.0,6.733872972307048e-10,2.2521761652196435e-09,2.252176160147346e-09
990,"(1.0, 1.0, 3.0, 4.0, 4.0, 6.0, 12.0)",1332044999.9999998,1,-21.274693487190728,1.0,1.0,5.761267155283236e-10,7.50725388406548e-10,7.507253878429593e-10
991,"(1.0, 1.0, 3.0, 4.0, 4.0, 6.0, 13.0)",1332044999.9999998,1,-21.159807113878536,1.0,1.0,6.462678213826623e-10,7.50725388406548e-10,7.507253878429593e-10
992,"(1.0, 1.0, 3.0, 4.0, 4.0, 6.0, 14.0)",1332044999.9999998,6,-21.083173484527848,9.0,15.0,6.977407611424398e-10,6.756528495658931e-09,1.1260880780447542e-08
993,"(1.0, 1.0, 3.0, 4.0, 4.0, 7.0, 8.0)",1225481400.0,1,-20.684567057041267,3.0,9.0,1.0394573310527397e-09,2.4480175708909167e-09,7.3440527066799604e-09
994,"(1.0, 1.0, 3.0, 4.0, 4.0, 7.0, 11.0)",1225481400.0,2,-20.985001544089293,3.0,5.0,7.697144268524304e-10,2.4480175708909167e-09,4.080029278825404e-09
995,"(1.0, 1.0, 3.0, 4.0, 4.0, 7.0, 12.0)",1332044999.9999998,1,-21.070713021167528,2.0,4.0,7.064893267282664e-10,1.501450776813096e-09,3.0029015513718374e-09
996,"(1.0, 1.0, 3.0, 4.0, 4.0, 7.0, 14.0)",1332044999.9999998,18,-20.87919301850465,23.0,35.0,8.556214931264621e-10,1.7266683933350604e-08,2.6275388296090802e-08
997,"(1.0, 1.0, 3.0, 4.0, 4.0, 8.0, 14.0)",1225481400.0,18,-20.740400252442555,18.0,18.0,9.830115437698477e-10,1.4688105425345502e-08,1.468810520960506e-08
998,"(1.0, 1.0, 3.0, 4.0, 4.0, 9.0, 14.0)",1225481400.0,6,-21.385260371577047,7.0,9.0,5.158214839838262e-10,5.712040998745472e-09,7.344052680045339e-09
999,"(1.0, 1.0, 3.0, 4.0, 4.0, 11.0, 14.0)",1225481400.0,11,-21.040834739490577,12.0,14.0,7.279165237459312e-10,9.792070283563667e-09,1.1424081901606304e-08
1000,"(1.0, 1.0, 3.0, 4.0, 4.0, 12.0, 12.0)",639381600.0,2,-21.31806621923169,3.0,5.0,5.516726785166067e-10,4.692033677540924e-09,7.820056107219693e-09
1001,"(1.0, 1.0, 3.0, 4.0, 4.0, 12.0, 13.0)",1278763200.0,1,-21.2031798459195,1.0,1.0,6.188366039132868e-10,7.820056129234873e-10,7.820056123119546e-10
1002,"(1.0, 1.0, 3.0, 4.0, 4.0, 12.0, 14.0)",1278763200.0,7,-21.126546216568816,11.0,21.0,6.68124744495969e-10,8.60206174215836e-09,1.642211779739777e-08
1003,"(1.0, 1.0, 3.0, 4.0, 4.0, 13.0, 14.0)",1278763200.0,12,-21.011659843256624,18.0,34.0,7.494662396297611e-10,1.4076101032622771e-08,2.658819064126195e-08
1004,"(1.0, 1.0, 3.0, 4.0, 4.0, 14.0, 14.0)",639381600.0,26,-20.93502621390593,31.0,43.0,8.091585673738799e-10,4.8484348001256214e-08,6.725248036068792e-08
1005,"(1.0, 1.0, 3.0, 4.0, 6.0, 6.0, 14.0)",1332044999.9999998,18,-21.04764649604494,21.0,27.0,7.229749829878867e-10,1.5765233156537506e-08,2.026958523843422e-08
1006,"(1.0, 1.0, 3.0, 4.0, 6.0, 7.0, 11.0)",2450962800.0,1,-20.949474555606383,1.0,1.0,7.975516203869387e-10,4.080029284818195e-10,4.080029283153531e-10
1007,"(1.0, 1.0, 3.0, 4.0, 6.0, 7.0, 12.0)",2664089999.9999995,6,-21.03518603268462,7.0,9.0,7.320399458047718e-10,2.627538859422918e-09,3.3782642409255052e-09
1008,"(1.0, 1.0, 3.0, 4.0, 6.0, 7.0, 13.0)",2664089999.9999995,1,-20.920299659372425,1.0,1.0,8.211628591229172e-10,3.75362694203274e-10,3.7536269406237686e-10
1009,"(1.0, 1.0, 3.0, 4.0, 6.0, 7.0, 14.0)",2664089999.9999995,34,-20.843666030021744,43.0,63.0,8.865655683126873e-10,1.614059585074078e-08,2.3647849474287426e-08
1010,"(1.0, 1.0, 3.0, 4.0, 6.0, 8.0, 12.0)",2450962800.0,1,-20.89639326662252,2.0,4.0,8.410304357798414e-10,8.16005856963639e-10,1.6320117132614125e-09
1011,"(1.0, 1.0, 3.0, 4.0, 6.0, 8.0, 14.0)",2450962800.0,22,-20.70487326395964,28.0,42.0,1.0185627581370771e-09,1.1424081997490944e-08,1.713612286572677e-08
1012,"(1.0, 1.0, 3.0, 4.0, 6.0, 9.0, 12.0)",2450962800.0,1,-21.541253385757017,1.0,1.0,4.4131889417678176e-10,4.080029284818195e-10,4.080029283153531e-10
1013,"(1.0, 1.0, 3.0, 4.0, 6.0, 9.0, 13.0)",2450962800.0,2,-21.42636701244482,2.0,2.0,4.95047691050206e-10,8.16005856963639e-10,8.160058562977734e-10
1014,"(1.0, 1.0, 3.0, 4.0, 6.0, 9.0, 14.0)",2450962800.0,19,-21.34973338309414,21.0,25.0,5.34476483783728e-10,8.56806149811821e-09,1.020007313863381e-08
1015,"(1.0, 1.0, 3.0, 4.0, 6.0, 11.0, 12.0)",2450962800.0,1,-21.196827753670547,1.0,1.0,6.227800223277133e-10,4.080029284818195e-10,4.080029283153531e-10
1016,"(1.0, 1.0, 3.0, 4.0, 6.0, 11.0, 14.0)",2450962800.0,29,-21.00530775100767,40.0,68.0,7.542420705222096e-10,1.6320117139272778e-08,2.77441988704175e-08
1017,"(1.0, 1.0, 3.0, 4.0, 6.0, 12.0, 12.0)",1278763200.0,3,-21.28253923074878,4.0,6.0,5.71624258718065e-10,3.1280224516939493e-09,4.6920336677563996e-09
1018,"(1.0, 1.0, 3.0, 4.0, 6.0, 12.0, 14.0)",2557526400.0,15,-21.091019228085905,16.0,18.0,6.922878849658486e-10,6.256044903387899e-09,7.038050477173288e-09
1019,"(1.0, 1.0, 3.0, 4.0, 6.0, 13.0, 13.0)",1278763200.0,1,-21.0527664841244,1.0,1.0,7.192828196749281e-10,7.820056129234873e-10,7.820056123119546e-10
1020,"(1.0, 1.0, 3.0, 4.0, 6.0, 13.0, 14.0)",2557526400.0,26,-20.97613285477372,29.0,35.0,7.765711450756212e-10,1.1339081387390566e-08,1.368509809758626e-08
1021,"(1.0, 1.0, 3.0, 4.0, 6.0, 14.0, 14.0)",1278763200.0,51,-20.89949922542303,56.0,66.0,8.384222824015392e-10,4.3792314323715287e-08,5.161236853518337e-08
1022,"(1.0, 1.0, 3.0, 4.0, 7.0, 7.0, 8.0)",1225481400.0,1,-20.44505960253516,2.0,4.0,1.3207585549863496e-09,1.632011713927278e-09,3.2640234251910935e-09
1023,"(1.0, 1.0, 3.0, 4.0, 7.0, 7.0, 13.0)",1332044999.9999998,1,-20.71631919334923,1.0,1.0,1.0069708274923503e-09,7.50725388406548e-10,7.507253878429593e-10
1024,"(1.0, 1.0, 3.0, 4.0, 7.0, 7.0, 14.0)",1332044999.9999998,18,-20.639685563998544,22.0,36.0,1.087172482330236e-09,1.6515958544944057e-08,2.702611370985884e-08
1025,"(1.0, 1.0, 3.0, 4.0, 7.0, 8.0, 11.0)",2156847264.0000005,1,-20.606701323521087,2.0,4.0,1.123629997348917e-09,9.272793829132258e-10,1.8545587649666047e-09
1026,"(1.0, 1.0, 3.0, 4.0, 7.0, 8.0, 13.0)",2450962800.0,1,-20.577526427287133,2.0,4.0,1.156894673189507e-09,8.16005856963639e-10,1.6320117132614125e-09
1027,"(1.0, 1.0, 3.0, 4.0, 7.0, 8.0, 14.0)",2450962800.0,43,-20.500892797936444,50.0,68.0,1.2490372305801706e-09,2.0400146424090975e-08,2.774419872059775e-08
1028,"(1.0, 1.0, 3.0, 4.0, 7.0, 9.0, 12.0)",2450962800.0,1,-21.337272919733817,1.0,1.0,5.411779735530933e-10,4.080029284818195e-10,4.080029283153531e-10
1029,"(1.0, 1.0, 3.0, 4.0, 7.0, 9.0, 13.0)",2450962800.0,1,-21.222386546421625,1.0,1.0,6.070642109135927e-10,4.080029284818195e-10,4.080029283153531e-10
1030,"(1.0, 1.0, 3.0, 4.0, 7.0, 9.0, 14.0)",2450962800.0,28,-21.14575291707094,31.0,37.0,6.554147221487309e-10,1.2648090782936403e-08,1.509610819385312e-08
1031,"(1.0, 1.0, 3.0, 4.0, 7.0, 11.0, 14.0)",2450962800.0,36,-20.80132728498447,51.0,103.0,9.249075910404867e-10,2.0808149352572794e-08,4.202430120064832e-08
1032,"(1.0, 1.0, 3.0, 4.0, 7.0, 12.0, 13.0)",2557526400.0,1,-20.9636723914134,1.0,1.0,7.863081189964663e-10,3.9100280646174367e-10,3.910028063088605e-10
1033,"(1.0, 1.0, 3.0, 4.0, 7.0, 12.0, 14.0)",2557526400.0,21,-20.88703876206271,27.0,47.0,8.489347717596188e-10,1.055707577446708e-08,1.8377131792250104e-08
1034,"(1.0, 1.0, 3.0, 4.0, 7.0, 13.0, 14.0)",2557526400.0,23,-20.77215238875052,28.0,40.0,9.52289159057583e-10,1.0948078580928822e-08,1.564011213860932e-08
1035,"(1.0, 1.0, 3.0, 4.0, 7.0, 14.0, 14.0)",1278763200.0,60,-20.69551875939983,74.0,108.0,1.0281356129521774e-09,5.786841535633806e-08,8.445660284698314e-08
1036,"(1.0, 1.0, 3.0, 4.0, 8.0, 8.0, 12.0)",1036945800.0,1,-20.55362003453722,1.0,1.0,1.1848850935406375e-09,9.643705582297552e-10,9.643705572997446e-10
1037,"(1.0, 1.0, 3.0, 4.0, 8.0, 8.0, 13.0)",1036945800.0,1,-20.43873366122503,1.0,1.0,1.329140078652808e-09,9.643705582297552e-10,9.643705572997446e-10
1038,"(1.0, 1.0, 3.0, 4.0, 8.0, 8.0, 14.0)",1036945800.0,17,-20.362100031874345,22.0,34.0,1.4350013716604472e-09,2.1216152281054613e-08,3.2788598529686555e-08
1039,"(1.0, 1.0, 3.0, 4.0, 8.0, 9.0, 12.0)",2073891600.0,1,-21.19848015367172,3.0,9.0,6.217517903772854e-10,1.4465558373446327e-09,4.3396675099413744e-09
1040,"(1.0, 1.0, 3.0, 4.0, 8.0, 9.0, 14.0)",2073891600.0,19,-21.00696015100884,23.0,33.0,7.529967900580619e-10,1.1090261419642184e-08,1.591211408779706e-08
1041,"(1.0, 1.0, 3.0, 4.0, 8.0, 11.0, 14.0)",2073891600.0,28,-20.66253451892237,31.0,37.0,1.0626133707685888e-09,1.4947743652561204e-08,1.784085510381543e-08
1042,"(1.0, 1.0, 3.0, 4.0, 8.0, 12.0, 12.0)",1131213599.9999998,1,-20.93976599866349,1.0,1.0,8.053324046866577e-10,8.840063450439424e-10,8.840063442624752e-10
1043,"(1.0, 1.0, 3.0, 4.0, 8.0, 12.0, 14.0)",2262427199.9999995,12,-20.748245996000605,13.0,15.0,9.75329263291414e-10,5.746041242785626e-09,6.630047554812577e-09
1044,"(1.0, 1.0, 3.0, 4.0, 8.0, 13.0, 14.0)",2262427199.9999995,28,-20.633359622688417,31.0,37.0,1.0940716705700291e-09,1.3702098348181108e-08,1.6354117195565435e-08
1045,"(1.0, 1.0, 3.0, 4.0, 8.0, 14.0, 14.0)",1131213599.9999998,49,-20.55672599333773,56.0,72.0,1.1812105986256558e-09,4.950435532246077e-08,6.364845439248265e-08
1046,"(1.0, 1.0, 3.0, 4.0, 9.0, 9.0, 13.0)",1036945800.0,1,-21.72845389949402,1.0,1.0,3.6597580199009535e-10,9.643705582297552e-10,9.643705572997446e-10
1047,"(1.0, 1.0, 3.0, 4.0, 9.0, 9.0, 14.0)",1036945800.0,9,-21.651820270143336,11.0,15.0,3.951244765582779e-10,1.0608076140527306e-08,1.4465558260915046e-08
1048,"(1.0, 1.0, 3.0, 4.0, 9.0, 11.0, 12.0)",2073891600.0,1,-21.498914640719743,1.0,1.0,4.604049715922826e-10,4.821852791148776e-10,4.821852788823749e-10
1049,"(1.0, 1.0, 3.0, 4.0, 9.0, 11.0, 13.0)",2073891600.0,1,-21.38402826740755,1.0,1.0,5.164574214751252e-10,4.821852791148776e-10,4.821852788823749e-10
1050,"(1.0, 1.0, 3.0, 4.0, 9.0, 11.0, 14.0)",2073891600.0,16,-21.307394638056863,19.0,25.0,5.575914232999487e-10,9.161520303182674e-09,1.2054631893938485e-08
1051,"(1.0, 1.0, 3.0, 4.0, 9.0, 12.0, 12.0)",1131213599.9999998,1,-21.58462611779798,1.0,1.0,4.225868543645449e-10,8.840063450439424e-10,8.840063442624752e-10
1052,"(1.0, 1.0, 3.0, 4.0, 9.0, 12.0, 14.0)",2262427199.9999995,21,-21.393106115135105,23.0,27.0,5.117903153349086e-10,1.0166072968005337e-08,1.1934085554744183e-08
1053,"(1.0, 1.0, 3.0, 4.0, 9.0, 13.0, 13.0)",1131213599.9999998,1,-21.3548533711736,1.0,1.0,5.317469640748856e-10,8.840063450439424e-10,8.840063442624752e-10
1054,"(1.0, 1.0, 3.0, 4.0, 9.0, 13.0, 14.0)",2262427199.9999995,14,-21.27821974182291,15.0,17.0,5.740987237381075e-10,6.6300475878295675e-09,7.51405388891598e-09
1055,"(1.0, 1.0, 3.0, 4.0, 9.0, 14.0, 14.0)",1131213599.9999998,28,-21.201586112472228,32.0,42.0,6.198236508432692e-10,2.8288203041406157e-08,3.712826569162315e-08
1056,"(1.0, 1.0, 3.0, 4.0, 11.0, 11.0, 12.0)",1036945800.0,1,-21.15448900863328,1.0,1.0,6.49713896847508e-10,9.643705582297552e-10,9.643705572997446e-10
1057,"(1.0, 1.0, 3.0, 4.0, 11.0, 11.0, 14.0)",1036945800.0,15,-20.9629690059704,17.0,21.0,7.868613912400911e-10,1.6394299489905838e-08,2.02517814540518e-08
1058,"(1.0, 1.0, 3.0, 4.0, 11.0, 12.0, 12.0)",1131213599.9999998,1,-21.24020048571151,2.0,4.0,5.963457582922482e-10,1.7680126900878848e-09,3.536025377049901e-09
1059,"(1.0, 1.0, 3.0, 4.0, 11.0, 12.0, 14.0)",2262427199.9999995,13,-21.048680483048635,15.0,19.0,7.222278225951165e-10,6.6300475878295675e-09,8.398060233959921e-09
1060,"(1.0, 1.0, 3.0, 4.0, 11.0, 13.0, 14.0)",2262427199.9999995,26,-20.933794109736443,29.0,35.0,8.101561494548388e-10,1.2818092003137164e-08,1.547011087396551e-08
1061,"(1.0, 1.0, 3.0, 4.0, 11.0, 14.0, 14.0)",1131213599.9999998,45,-20.85716048038576,56.0,90.0,8.746822132586663e-10,4.950435532246077e-08,7.956056860327362e-08
1062,"(1.0, 1.0, 3.0, 4.0, 12.0, 12.0, 12.0)",377071200.0,1,-21.325911962789743,3.0,9.0,5.473613311316085e-10,7.95605710539548e-09,2.3868171252887593e-08
1063,"(1.0, 1.0, 3.0, 4.0, 12.0, 12.0, 13.0)",1131213599.9999998,1,-21.21102558947756,1.0,1.0,6.140003673586704e-10,8.840063450439424e-10,8.840063442624752e-10
1064,"(1.0, 1.0, 3.0, 4.0, 12.0, 12.0, 14.0)",1131213599.9999998,5,-21.13439196012687,5.0,5.0,6.629033188531753e-10,4.420031725219712e-09,4.420031705683032e-09
1065,"(1.0, 1.0, 3.0, 4.0, 12.0, 13.0, 14.0)",2262427199.9999995,16,-21.01950558681468,17.0,19.0,7.436091264570332e-10,7.51405393287351e-09,8.398060221456446e-09
1066,"(1.0, 1.0, 3.0, 4.0, 12.0, 14.0, 14.0)",1131213599.9999998,27,-20.942871957464,29.0,33.0,8.028349559112224e-10,2.5636184006274328e-08,2.917220872923617e-08
1067,"(1.0, 1.0, 3.0, 4.0, 13.0, 13.0, 14.0)",1131213599.9999998,5,-20.904619213502485,7.0,11.0,8.341405408963844e-10,6.188044415307597e-09,9.724069757191473e-09
1068,"(1.0, 1.0, 3.0, 4.0, 13.0, 14.0, 14.0)",1131213599.9999998,38,-20.8279855841518,44.0,56.0,9.005768764095573e-10,3.8896279181933465e-08,4.950435380954024e-08
1069,"(1.0, 1.0, 3.0, 4.0, 14.0, 14.0, 14.0)",377071200.0,19,-20.75135195480112,20.0,22.0,9.723046304068056e-10,5.3040380702636533e-08,5.83444159596182e-08
1070,"(1.0, 1.0, 3.0, 6.0, 6.0, 6.0, 14.0)",444015000.0,5,-21.012119507562023,6.0,8.0,7.491218159170092e-10,1.3513056991317861e-08,1.801740913915444e-08
1071,"(1.0, 1.0, 3.0, 6.0, 6.0, 7.0, 12.0)",1332044999.9999998,1,-20.999659044201707,2.0,4.0,7.58514618664538e-10,1.501450776813096e-09,3.0029015513718374e-09
1072,"(1.0, 1.0, 3.0, 6.0, 6.0, 7.0, 14.0)",1332044999.9999998,12,-20.80813904153883,14.0,18.0,9.186287549247342e-10,1.0510155437691672e-08,1.3513056880854496e-08
1073,"(1.0, 1.0, 3.0, 6.0, 6.0, 8.0, 9.0)",1078423632.0000002,1,-21.11958043314784,2.0,4.0,6.727950038878127e-10,1.8545587658264517e-09,3.7091175282135154e-09
1074,"(1.0, 1.0, 3.0, 6.0, 6.0, 8.0, 14.0)",1225481400.0,20,-20.66934627547673,27.0,43.0,1.055399703939498e-09,2.203215813801825e-08,3.508825136402048e-08
1075,"(1.0, 1.0, 3.0, 6.0, 6.0, 9.0, 13.0)",1225481400.0,1,-21.39084002396191,1.0,1.0,5.129513939091082e-10,8.16005856963639e-10,8.160058562977734e-10
1076,"(1.0, 1.0, 3.0, 6.0, 6.0, 9.0, 14.0)",1225481400.0,10,-21.314206394611222,13.0,21.0,5.538061530736432e-10,1.0608076140527306e-08,1.713612288370514e-08
1077,"(1.0, 1.0, 3.0, 6.0, 6.0, 11.0, 12.0)",1225481400.0,2,-21.16130076518764,2.0,2.0,6.453032431563179e-10,1.632011713927278e-09,1.6320117112638158e-09
1078,"(1.0, 1.0, 3.0, 6.0, 6.0, 11.0, 14.0)",1225481400.0,16,-20.96978076252476,24.0,42.0,7.815196968164876e-10,1.9584140567127333e-08,3.4272245608934275e-08
1079,"(1.0, 1.0, 3.0, 6.0, 6.0, 12.0, 14.0)",1278763200.0,8,-21.05549223960299,9.0,11.0,7.173249002056402e-10,7.038050516311386e-09,8.602061692624204e-09
1080,"(1.0, 1.0, 3.0, 6.0, 6.0, 13.0, 14.0)",1278763200.0,10,-20.9406058662908,13.0,19.0,8.046563160229703e-10,1.0166072968005335e-08,1.485810654219722e-08
1081,"(1.0, 1.0, 3.0, 6.0, 6.0, 14.0, 14.0)",639381600.0,16,-20.86397223694012,17.0,19.0,8.687443376010165e-10,2.658819083939857e-08,2.9716212584160627e-08
1082,"(1.0, 1.0, 3.0, 6.0, 7.0, 7.0, 14.0)",1332044999.9999998,15,-20.60415857551564,18.0,26.0,1.1264907408170484e-09,1.3513056991317863e-08,1.9518859915967538e-08
1083,"(1.0, 1.0, 3.0, 6.0, 7.0, 8.0, 11.0)",2156847264.0000005,1,-20.57117433503817,1.0,1.0,1.1642667641889179e-09,4.636396914566129e-10,4.6363969124165117e-10
1084,"(1.0, 1.0, 3.0, 6.0, 7.0, 8.0, 12.0)",2450962800.0,2,-20.65688581211641,2.0,2.0,1.068632746988407e-09,8.16005856963639e-10,8.160058562977734e-10
1085,"(1.0, 1.0, 3.0, 6.0, 7.0, 8.0, 13.0)",2450962800.0,2,-20.54199943880422,2.0,2.0,1.1987344773988617e-09,8.16005856963639e-10,8.160058562977734e-10
1086,"(1.0, 1.0, 3.0, 6.0, 7.0, 8.0, 14.0)",2450962800.0,34,-20.46536580945353,36.0,40.0,1.2942094267953989e-09,1.4688105425345502e-08,1.6320116923532338e-08
1087,"(1.0, 1.0, 3.0, 6.0, 7.0, 9.0, 12.0)",2450962800.0,3,-21.301745931250903,3.0,3.0,5.607500063237617e-10,1.2240087854454583e-09,1.2240087839472607e-09
1088,"(1.0, 1.0, 3.0, 6.0, 7.0, 9.0, 14.0)",2450962800.0,31,-21.11022592858803,37.0,49.0,6.791181968782207e-10,1.509610835382732e-08,1.9992143267716668e-08
1089,"(1.0, 1.0, 3.0, 6.0, 7.0, 11.0, 12.0)",2450962800.0,1,-20.95732029916444,1.0,1.0,7.913187177494477e-10,4.080029284818195e-10,4.080029283153531e-10
1090,"(1.0, 1.0, 3.0, 6.0, 7.0, 11.0, 13.0)",2450962800.0,3,-20.842433925852248,4.0,6.0,8.876585826614316e-10,1.632011713927278e-09,2.4480175682274542e-09
1091,"(1.0, 1.0, 3.0, 6.0, 7.0, 11.0, 14.0)",2450962800.0,50,-20.76580029650156,58.0,76.0,9.583574403808656e-10,2.366416985194553e-08,3.100822200462534e-08
1092,"(1.0, 1.0, 3.0, 6.0, 7.0, 12.0, 14.0)",2557526400.0,29,-20.851511773579794,35.0,53.0,8.796370175734149e-10,1.3685098226161027e-08,2.0723148555190502e-08
1093,"(1.0, 1.0, 3.0, 6.0, 7.0, 13.0, 14.0)",2557526400.0,26,-20.73662540026761,28.0,32.0,9.867292795707227e-10,1.0948078580928822e-08,1.2512089686915373e-08
1094,"(1.0, 1.0, 3.0, 6.0, 7.0, 14.0, 14.0)",1278763200.0,57,-20.65999177091692,70.0,104.0,1.0653187669103364e-09,5.474039290464411e-08,8.132858074753206e-08
1095,"(1.0, 1.0, 3.0, 6.0, 8.0, 8.0, 14.0)",1036945800.0,16,-20.326573043391434,17.0,19.0,1.4868990749015678e-09,1.6394299489905838e-08,1.832304033759229e-08
1096,"(1.0, 1.0, 3.0, 6.0, 8.0, 9.0, 11.0)",1742068943.9999998,1,-21.07724168811057,1.0,1.0,7.018919170234194e-10,5.740300941843781e-10,5.740300938548676e-10
1097,"(1.0, 1.0, 3.0, 6.0, 8.0, 9.0, 12.0)",2073891600.0,1,-21.162953165188807,1.0,1.0,6.442378245678327e-10,4.821852791148776e-10,4.821852788823749e-10
1098,"(1.0, 1.0, 3.0, 6.0, 8.0, 9.0, 14.0)",2073891600.0,27,-20.97143316252593,32.0,44.0,7.80229380021883e-10,1.5429928931676083e-08,2.1216152042971905e-08
1099,"(1.0, 1.0, 3.0, 6.0, 8.0, 11.0, 13.0)",2073891600.0,1,-20.703641159790145,2.0,4.0,1.0198185070061191e-09,9.643705582297552e-10,1.9287411155294996e-09
1100,"(1.0, 1.0, 3.0, 6.0, 8.0, 11.0, 14.0)",2073891600.0,25,-20.62700753043946,30.0,42.0,1.1010434339485174e-09,1.4465558373446326e-08,2.025178151357248e-08
1101,"(1.0, 1.0, 3.0, 6.0, 8.0, 12.0, 12.0)",1131213599.9999998,2,-20.90423901018057,5.0,13.0,8.344577441980296e-10,4.420031725219712e-09,1.149208246603457e-08
1102,"(1.0, 1.0, 3.0, 6.0, 8.0, 12.0, 13.0)",2262427199.9999995,2,-20.78935263686838,2.0,2.0,9.360496117320552e-10,8.840063450439424e-10,8.840063442624752e-10
1103,"(1.0, 1.0, 3.0, 6.0, 8.0, 12.0, 14.0)",2262427199.9999995,23,-20.7127190075177,32.0,58.0,1.0106026432813607e-09,1.4144101520703078e-08,2.5636183806218722e-08
1104,"(1.0, 1.0, 3.0, 6.0, 8.0, 13.0, 13.0)",1131213599.9999998,1,-20.67446626355619,1.0,1.0,1.0500098797283078e-09,8.840063450439424e-10,8.840063442624752e-10
1105,"(1.0, 1.0, 3.0, 6.0, 8.0, 13.0, 14.0)",2262427199.9999995,20,-20.597832634205503,23.0,31.0,1.1336394424238402e-09,1.0166072968005337e-08,1.3702098244832068e-08
1106,"(1.0, 1.0, 3.0, 6.0, 8.0, 14.0, 14.0)",1131213599.9999998,54,-20.52119900485481,62.0,84.0,1.2239298031667777e-09,5.480839339272443e-08,7.425652997973118e-08
1107,"(1.0, 1.0, 3.0, 6.0, 9.0, 9.0, 13.0)",1036945800.0,1,-21.69292691101111,1.0,1.0,3.7921154095188875e-10,9.643705582297552e-10,9.643705572997446e-10
1108,"(1.0, 1.0, 3.0, 6.0, 9.0, 9.0, 14.0)",1036945800.0,10,-21.616293281660425,11.0,13.0,4.0941439518323154e-10,1.0608076140527306e-08,1.2536817144455536e-08
1109,"(1.0, 1.0, 3.0, 6.0, 9.0, 11.0, 12.0)",2073891600.0,2,-21.46338765223684,7.0,37.0,4.770557992906424e-10,3.375296953804143e-09,1.784085531585784e-08
1110,"(1.0, 1.0, 3.0, 6.0, 9.0, 11.0, 14.0)",2073891600.0,16,-21.27186764957396,17.0,19.0,5.777570585304747e-10,8.197149744952919e-09,9.16152023598941e-09
1111,"(1.0, 1.0, 3.0, 6.0, 9.0, 12.0, 13.0)",2262427199.9999995,2,-21.43421275600288,4.0,8.0,4.911788705496175e-10,1.7680126900878848e-09,3.536025377049901e-09
1112,"(1.0, 1.0, 3.0, 6.0, 9.0, 12.0, 14.0)",2262427199.9999995,12,-21.35757912665219,12.0,12.0,5.302995254523872e-10,5.304038070263654e-09,5.304038042130834e-09
1113,"(1.0, 1.0, 3.0, 6.0, 9.0, 13.0, 14.0)",2262427199.9999995,14,-21.24269275334,15.0,17.0,5.948613555962159e-10,6.6300475878295675e-09,7.51405388891598e-09
1114,"(1.0, 1.0, 3.0, 6.0, 9.0, 14.0, 14.0)",1131213599.9999998,32,-21.16605912398932,34.0,38.0,6.422399526869863e-10,3.005621573149404e-08,3.3592240208293704e-08
1115,"(1.0, 1.0, 3.0, 6.0, 11.0, 11.0, 14.0)",1036945800.0,15,-20.927442017487486,17.0,21.0,8.153187152405733e-10,1.6394299489905838e-08,2.02517814540518e-08
1116,"(1.0, 1.0, 3.0, 6.0, 11.0, 12.0, 13.0)",2262427199.9999995,4,-21.08978712391641,4.0,4.0,6.931413814457194e-10,1.7680126900878848e-09,1.768012686962016e-09
1117,"(1.0, 1.0, 3.0, 6.0, 11.0, 12.0, 14.0)",2262427199.9999995,17,-21.01315349456572,20.0,26.0,7.48347634011154e-10,8.840063450439424e-09,1.149208240742453e-08
1118,"(1.0, 1.0, 3.0, 6.0, 11.0, 13.0, 14.0)",2262427199.9999995,22,-20.89826712125353,24.0,28.0,8.39455942649273e-10,1.0608076140527308e-08,1.2376088718083913e-08
1119,"(1.0, 1.0, 3.0, 6.0, 11.0, 14.0, 14.0)",1131213599.9999998,50,-20.821633491902844,60.0,88.0,9.063156310591445e-10,5.304038070263654e-08,7.779255555058494e-08
1120,"(1.0, 1.0, 3.0, 6.0, 12.0, 12.0, 14.0)",1131213599.9999998,7,-21.09886497164396,9.0,15.0,6.868776232676638e-10,7.956057105395481e-09,1.326009511236029e-08
1121,"(1.0, 1.0, 3.0, 6.0, 12.0, 13.0, 14.0)",2262427199.9999995,17,-20.983978598331767,18.0,20.0,7.705022058187662e-10,7.956057105395481e-09,8.84006338714058e-09
1122,"(1.0, 1.0, 3.0, 6.0, 12.0, 14.0, 14.0)",1131213599.9999998,34,-20.90734496898108,38.0,46.0,8.318699736584741e-10,3.359224111166981e-08,4.066429074358269e-08
1123,"(1.0, 1.0, 3.0, 6.0, 13.0, 13.0, 14.0)",1131213599.9999998,10,-20.86909222501957,11.0,13.0,8.643077442926723e-10,9.724069795483366e-09,1.1492082391013718e-08
1124,"(1.0, 1.0, 3.0, 6.0, 13.0, 14.0, 14.0)",1131213599.9999998,26,-20.79245859566889,35.0,57.0,9.331467905578887e-10,3.0940222076537986e-08,5.038836071020738e-08
1125,"(1.0, 1.0, 3.0, 6.0, 14.0, 14.0, 14.0)",377071200.0,25,-20.7158249663182,31.0,43.0,1.0074686226965462e-09,8.221259008908663e-08,1.1403681175175858e-07
1126,"(1.0, 1.0, 3.0, 7.0, 7.0, 7.0, 14.0)",444015000.0,7,-20.40017810949244,8.0,10.0,1.381386531113461e-09,1.8017409321757148e-08,2.2521761327569397e-08
1127,"(1.0, 1.0, 3.0, 7.0, 7.0, 8.0, 14.0)",1225481400.0,21,-20.261385343430337,23.0,27.0,1.5870556284541873e-09,1.8768134710163695e-08,2.203215778577537e-08
1128,"(1.0, 1.0, 3.0, 7.0, 7.0, 9.0, 14.0)",1225481400.0,12,-20.90624546256484,14.0,18.0,8.32785123046105e-10,1.1424081997490944e-08,1.4688105294835853e-08
1129,"(1.0, 1.0, 3.0, 7.0, 7.0, 11.0, 12.0)",1225481400.0,1,-20.75333983314124,1.0,1.0,9.703737269284781e-10,8.16005856963639e-10,8.160058562977734e-10
1130,"(1.0, 1.0, 3.0, 7.0, 7.0, 11.0, 13.0)",1225481400.0,1,-20.63845345982905,1.0,1.0,1.088512817625464e-09,8.16005856963639e-10,8.160058562977734e-10
1131,"(1.0, 1.0, 3.0, 7.0, 7.0, 11.0, 14.0)",1225481400.0,27,-20.561819830478363,30.0,36.0,1.1752090027604593e-09,2.4480175708909168e-08,2.9376210251412e-08
1132,"(1.0, 1.0, 3.0, 7.0, 7.0, 12.0, 14.0)",1278763200.0,15,-20.6475313075566,17.0,21.0,1.0786761793207379e-09,1.3294095419699285e-08,1.642211769466026e-08
1133,"(1.0, 1.0, 3.0, 7.0, 7.0, 13.0, 14.0)",1278763200.0,17,-20.53264493424441,20.0,26.0,1.2100006571431345e-09,1.5640112258469747e-08,2.0332145691397558e-08
1134,"(1.0, 1.0, 3.0, 7.0, 7.0, 14.0, 14.0)",639381600.0,40,-20.45601130489372,48.0,64.0,1.3063729177968825e-09,7.507253884065478e-08,1.0009671281832029e-07
1135,"(1.0, 1.0, 3.0, 7.0, 8.0, 8.0, 11.0)",871034471.9999999,1,-20.22840110295288,1.0,1.0,1.6402763504189611e-09,1.1480601883687563e-09,1.148060187050714e-09
1136,"(1.0, 1.0, 3.0, 7.0, 8.0, 8.0, 13.0)",1036945800.0,1,-20.19922620671892,1.0,1.0,1.6888361621135782e-09,9.643705582297552e-10,9.643705572997446e-10
1137,"(1.0, 1.0, 3.0, 7.0, 8.0, 8.0, 14.0)",1036945800.0,35,-20.12259257736824,42.0,64.0,1.8233459723817298e-09,4.0503563445649715e-08,6.171971408616568e-08
1138,"(1.0, 1.0, 3.0, 7.0, 8.0, 9.0, 12.0)",2073891600.0,2,-20.95897269916561,4.0,10.0,7.900122224230263e-10,1.9287411164595104e-09,4.8218527874287335e-09
1139,"(1.0, 1.0, 3.0, 7.0, 8.0, 9.0, 14.0)",2073891600.0,43,-20.767452696502733,49.0,63.0,9.567751581868305e-10,2.3627078676629002e-08,3.037767202599844e-08
1140,"(1.0, 1.0, 3.0, 7.0, 8.0, 11.0, 12.0)",2073891600.0,3,-20.61454706707914,3.0,3.0,1.114848777180824e-09,1.4465558373446327e-09,1.446555835252109e-09
1141,"(1.0, 1.0, 3.0, 7.0, 8.0, 11.0, 14.0)",2073891600.0,35,-20.423027064416264,44.0,64.0,1.3501811552611846e-09,2.1216152281054613e-08,3.0859857413227045e-08
1142,"(1.0, 1.0, 3.0, 7.0, 8.0, 12.0, 13.0)",2262427199.9999995,2,-20.585372170845183,2.0,2.0,1.1478534880480146e-09,8.840063450439424e-10,8.840063442624752e-10
1143,"(1.0, 1.0, 3.0, 7.0, 8.0, 12.0, 14.0)",2262427199.9999995,35,-20.508738541494505,39.0,47.0,1.2392759471098492e-09,1.7238123728356876e-08,2.0774148811379738e-08
1144,"(1.0, 1.0, 3.0, 7.0, 8.0, 13.0, 14.0)",2262427199.9999995,32,-20.393852168182303,41.0,61.0,1.3901527994517243e-09,1.8122130073400818e-08,2.6962193195428645e-08
1145,"(1.0, 1.0, 3.0, 7.0, 8.0, 14.0, 14.0)",1131213599.9999998,67,-20.31721853883162,72.0,82.0,1.5008735392681806e-09,6.364845684316385e-08,7.248851624247721e-08
1146,"(1.0, 1.0, 3.0, 7.0, 9.0, 9.0, 14.0)",1036945800.0,14,-21.41231281563723,16.0,20.0,5.020543095985637e-10,1.5429928931676083e-08,1.9287410926512395e-08
1147,"(1.0, 1.0, 3.0, 7.0, 9.0, 11.0, 12.0)",2073891600.0,3,-21.25940718621364,4.0,6.0,5.85001218253854e-10,1.9287411164595104e-09,2.893111670969223e-09
1148,"(1.0, 1.0, 3.0, 7.0, 9.0, 11.0, 13.0)",2073891600.0,1,-21.144520812901447,1.0,1.0,6.562227590512334e-10,4.821852791148776e-10,4.821852788823749e-10
1149,"(1.0, 1.0, 3.0, 7.0, 9.0, 11.0, 14.0)",2073891600.0,34,-21.06788718355076,39.0,51.0,7.084885742876677e-10,1.8805225885480224e-08,2.4591448881222237e-08
1150,"(1.0, 1.0, 3.0, 7.0, 9.0, 12.0, 13.0)",2262427199.9999995,1,-21.23023228997968,2.0,4.0,6.023199761523465e-10,8.840063450439424e-10,1.7680126893064175e-09
1151,"(1.0, 1.0, 3.0, 7.0, 9.0, 12.0, 14.0)",2262427199.9999995,25,-21.153598660629,27.0,31.0,6.502926259158236e-10,1.1934085658093222e-08,1.3702098205758706e-08
1152,"(1.0, 1.0, 3.0, 7.0, 9.0, 13.0, 14.0)",2262427199.9999995,17,-21.038712287316805,19.0,23.0,7.294631324750127e-10,8.398060277917452e-09,1.0166072897477921e-08
1153,"(1.0, 1.0, 3.0, 7.0, 9.0, 14.0, 14.0)",1131213599.9999998,26,-20.96207865796612,30.0,40.0,7.875622836822189e-10,2.652019035131827e-08,3.5360253098437204e-08
1154,"(1.0, 1.0, 3.0, 7.0, 11.0, 11.0, 14.0)",1036945800.0,17,-20.72346155146429,22.0,32.0,9.998043046329583e-10,2.1216152281054613e-08,3.0859857413227045e-08
1155,"(1.0, 1.0, 3.0, 7.0, 11.0, 12.0, 12.0)",1131213599.9999998,1,-21.0006930312054,1.0,1.0,7.577307297420457e-10,8.840063450439424e-10,8.840063442624752e-10
1156,"(1.0, 1.0, 3.0, 7.0, 11.0, 12.0, 13.0)",2262427199.9999995,1,-20.88580665789321,1.0,1.0,8.499813924720042e-10,4.420031725219712e-10,4.420031723266044e-10
1157,"(1.0, 1.0, 3.0, 7.0, 11.0, 12.0, 14.0)",2262427199.9999995,27,-20.809173028542524,30.0,36.0,9.176793956280917e-10,1.3260095175659135e-08,1.591211403496084e-08
1158,"(1.0, 1.0, 3.0, 7.0, 11.0, 13.0, 14.0)",2262427199.9999995,27,-20.694286655230336,31.0,39.0,1.0294031638447194e-09,1.3702098348181108e-08,1.7238123540609377e-08
1159,"(1.0, 1.0, 3.0, 7.0, 11.0, 14.0, 14.0)",1131213599.9999998,65,-20.617653025879648,79.0,127.0,1.1113914747090008e-09,6.983650125847145e-08,1.1226880094344377e-07
1160,"(1.0, 1.0, 3.0, 7.0, 12.0, 12.0, 13.0)",1131213599.9999998,1,-20.971518134971447,1.0,1.0,7.801630848400699e-10,8.840063450439424e-10,8.840063442624752e-10
1161,"(1.0, 1.0, 3.0, 7.0, 12.0, 12.0, 14.0)",1131213599.9999998,9,-20.89488450562076,11.0,17.0,8.42300307428161e-10,9.724069795483366e-09,1.5028107771189486e-08
1162,"(1.0, 1.0, 3.0, 7.0, 12.0, 13.0, 13.0)",1131213599.9999998,1,-20.85663176165926,1.0,1.0,8.751447964019646e-10,8.840063450439424e-10,8.840063442624752e-10
1163,"(1.0, 1.0, 3.0, 7.0, 12.0, 13.0, 14.0)",2262427199.9999995,10,-20.77999813230857,12.0,16.0,9.448469754303225e-10,5.304038070263654e-09,7.07205073221872e-09
1164,"(1.0, 1.0, 3.0, 7.0, 12.0, 14.0, 14.0)",1131213599.9999998,43,-20.70336450295788,49.0,63.0,1.020100685795299e-09,4.331631090715318e-08,5.569239786146558e-08
1165,"(1.0, 1.0, 3.0, 7.0, 13.0, 13.0, 14.0)",1131213599.9999998,6,-20.66511175899637,9.0,15.0,1.0598782870039242e-09,7.956057105395481e-09,1.326009511236029e-08
1166,"(1.0, 1.0, 3.0, 7.0, 13.0, 14.0, 14.0)",1131213599.9999998,30,-20.588478129645694,35.0,45.0,1.1442938333372123e-09,3.0940222076537986e-08,3.978028456968007e-08
1167,"(1.0, 1.0, 3.0, 7.0, 14.0, 14.0, 14.0)",377071200.0,28,-20.511844500295005,32.0,40.0,1.2354327785268967e-09,8.486460912421845e-08,1.0608075420327118e-07
1168,"(1.0, 1.0, 3.0, 8.0, 8.0, 8.0, 12.0)",268837799.99999994,1,-20.17531981396901,1.0,1.0,1.7296966096350602e-09,3.7197150103147707e-09,3.719714996478491e-09
1169,"(1.0, 1.0, 3.0, 8.0, 8.0, 8.0, 13.0)",268837799.99999994,1,-20.060433440656823,1.0,1.0,1.9402802012691394e-09,3.7197150103147707e-09,3.719714996478491e-09
1170,"(1.0, 1.0, 3.0, 8.0, 8.0, 8.0, 14.0)",268837799.99999994,3,-19.98379981130613,3.0,3.0,2.094816637422418e-09,1.1159145030944311e-08,1.1159144906417794e-08
1171,"(1.0, 1.0, 3.0, 8.0, 8.0, 9.0, 12.0)",806513399.9999999,1,-20.82017993310351,1.0,1.0,9.076339720305844e-10,1.2399050034382568e-09,1.2399050019008925e-09
1172,"(1.0, 1.0, 3.0, 8.0, 8.0, 9.0, 13.0)",806513399.9999999,1,-20.70529355979132,1.0,1.0,1.0181347504067631e-09,1.2399050034382568e-09,1.2399050019008925e-09
1173,"(1.0, 1.0, 3.0, 8.0, 8.0, 9.0, 14.0)",806513399.9999999,7,-20.62865993044064,7.0,7.0,1.0992255721080428e-09,8.679335024067798e-09,8.679334948736941e-09
1174,"(1.0, 1.0, 3.0, 8.0, 8.0, 11.0, 12.0)",806513399.9999999,2,-20.47575430101704,2.0,2.0,1.280834137910647e-09,2.4798100068765137e-09,2.479810000727056e-09
1175,"(1.0, 1.0, 3.0, 8.0, 8.0, 11.0, 13.0)",806513399.9999999,1,-20.36086792770485,1.0,1.0,1.4367705325051182e-09,1.2399050034382568e-09,1.2399050019008925e-09
1176,"(1.0, 1.0, 3.0, 8.0, 8.0, 11.0, 14.0)",806513399.9999999,21,-20.284234298354164,27.0,43.0,1.5512042094132966e-09,3.347743509283293e-08,5.331591402710638e-08
1177,"(1.0, 1.0, 3.0, 8.0, 8.0, 12.0, 12.0)",460864800.0,1,-20.561465778095275,1.0,1.0,1.1756251619752465e-09,2.169833756016949e-09,2.1698337513087706e-09
1178,"(1.0, 1.0, 3.0, 8.0, 8.0, 12.0, 14.0)",921729600.0,11,-20.3699457754324,11.0,11.0,1.4237867698646635e-09,1.1934085658093219e-08,1.1934085515670818e-08
1179,"(1.0, 1.0, 3.0, 8.0, 8.0, 13.0, 14.0)",921729600.0,4,-20.25505940212021,4.0,4.0,1.5971270713077258e-09,4.339667512033898e-09,4.339667493201184e-09
1180,"(1.0, 1.0, 3.0, 8.0, 8.0, 14.0, 14.0)",460864800.0,27,-20.17842577276952,35.0,53.0,1.7243325777713685e-09,7.594418146059321e-08,1.1500118330137959e-07
1181,"(1.0, 1.0, 3.0, 8.0, 9.0, 9.0, 14.0)",806513399.9999999,8,-21.27352004957513,10.0,14.0,5.768031610933916e-10,1.2399050034382568e-08,1.7358669894399156e-08
1182,"(1.0, 1.0, 3.0, 8.0, 9.0, 11.0, 13.0)",1613026799.9999998,1,-21.005728046839344,1.0,1.0,7.539251323324616e-10,6.199525017191284e-10,6.199525013347873e-10
1183,"(1.0, 1.0, 3.0, 8.0, 9.0, 11.0, 14.0)",1613026799.9999998,18,-20.92909441748866,21.0,27.0,8.139725950653327e-10,1.3019002536101695e-08,1.673871737692204e-08
1184,"(1.0, 1.0, 3.0, 8.0, 9.0, 12.0, 14.0)",1843459200.0,11,-21.01480589456689,11.0,11.0,7.471120854711741e-10,5.9670428290466095e-09,5.96704279344101e-09
1185,"(1.0, 1.0, 3.0, 8.0, 9.0, 13.0, 14.0)",1843459200.0,19,-20.899919521254706,21.0,25.0,8.38069971053742e-10,1.1391627219088982e-08,1.356146084533676e-08
1186,"(1.0, 1.0, 3.0, 8.0, 9.0, 14.0, 14.0)",921729600.0,31,-20.823285891904018,42.0,68.0,9.048192717418624e-10,4.5566508876355927e-08,7.377434562826954e-08
1187,"(1.0, 1.0, 3.0, 8.0, 11.0, 11.0, 11.0)",215070240.0,1,-20.690477310986832,1.0,1.0,1.0333319932420099e-09,4.649643762893462e-09,4.6496437412742744e-09
1188,"(1.0, 1.0, 3.0, 8.0, 11.0, 11.0, 14.0)",806513399.9999999,24,-20.58466878540219,29.0,43.0,1.1486611554996606e-09,3.595724509970945e-08,5.331591385492157e-08
1189,"(1.0, 1.0, 3.0, 8.0, 11.0, 12.0, 13.0)",1843459200.0,2,-20.74701389183111,2.0,2.0,9.765317111617465e-10,1.0849168780084746e-09,1.0849168768314298e-09
1190,"(1.0, 1.0, 3.0, 8.0, 11.0, 12.0, 14.0)",1843459200.0,25,-20.67038026248043,25.0,25.0,1.054308998346797e-09,1.3561460975105931e-08,1.3561460791192708e-08
1191,"(1.0, 1.0, 3.0, 8.0, 11.0, 13.0, 14.0)",1843459200.0,20,-20.55549388916824,27.0,43.0,1.1826668700841068e-09,1.4646377853114406e-08,2.3325712662665818e-08
1192,"(1.0, 1.0, 3.0, 8.0, 11.0, 14.0, 14.0)",921729600.0,31,-20.478860259817548,33.0,37.0,1.2768620915473796e-09,3.580225697427966e-08,4.014192320451195e-08
1193,"(1.0, 1.0, 3.0, 8.0, 12.0, 12.0, 12.0)",321208799.99999994,1,-20.94761174222154,2.0,4.0,7.990386948615951e-10,6.226479473787768e-09,1.2452958908806488e-08
1194,"(1.0, 1.0, 3.0, 8.0, 12.0, 12.0, 14.0)",963626400.0,10,-20.756091739558663,13.0,19.0,9.67707020188652e-10,1.3490705526540161e-08,1.971718481832879e-08
1195,"(1.0, 1.0, 3.0, 8.0, 12.0, 13.0, 13.0)",963626400.0,1,-20.717838995597155,1.0,1.0,1.0054415933262445e-09,1.0377465789646279e-09,1.0377465778877099e-09
1196,"(1.0, 1.0, 3.0, 8.0, 12.0, 13.0, 14.0)",1927252800.0,18,-20.64120536624647,18.0,18.0,1.08552145008676e-09,9.33971921068165e-09,9.339719123451296e-09
1197,"(1.0, 1.0, 3.0, 8.0, 12.0, 14.0, 14.0)",963626400.0,26,-20.564571736895783,32.0,44.0,1.1719793834072215e-09,3.320789052686809e-08,4.566084837167963e-08
1198,"(1.0, 1.0, 3.0, 8.0, 13.0, 13.0, 14.0)",963626400.0,9,-20.52631899293428,10.0,12.0,1.2176793120388283e-09,1.0377465789646278e-08,1.2452958839883737e-08
1199,"(1.0, 1.0, 3.0, 8.0, 13.0, 14.0, 14.0)",963626400.0,33,-20.44968536358359,38.0,50.0,1.314663150320001e-09,3.9434370000655855e-08,5.188732739316185e-08
1200,"(1.0, 1.0, 3.0, 8.0, 14.0, 14.0, 14.0)",321208799.99999994,32,-20.37305173423291,33.0,35.0,1.419371407333383e-09,1.0273691131749817e-07,1.0896338023641299e-07
1201,"(1.0, 1.0, 3.0, 9.0, 9.0, 9.0, 14.0)",268837799.99999994,3,-21.918380168709625,3.0,3.0,3.026693474836896e-10,1.1159145030944311e-08,1.1159144906417794e-08
1202,"(1.0, 1.0, 3.0, 9.0, 9.0, 11.0, 14.0)",806513399.9999999,8,-21.573954536623155,10.0,14.0,4.2712067276299175e-10,1.2399050034382568e-08,1.7358669894399156e-08
1203,"(1.0, 1.0, 3.0, 9.0, 9.0, 12.0, 14.0)",921729600.0,5,-21.65966601370139,8.0,16.0,3.920365605800226e-10,8.679335024067796e-09,1.7358669972804737e-08
1204,"(1.0, 1.0, 3.0, 9.0, 9.0, 13.0, 14.0)",921729600.0,2,-21.5447796403892,3.0,5.0,4.397654319433252e-10,3.2547506340254234e-09,5.42458437944897e-09
1205,"(1.0, 1.0, 3.0, 9.0, 9.0, 14.0, 14.0)",460864800.0,10,-21.46814601103852,11.0,13.0,4.747911888167223e-10,2.3868171316186438e-08,2.8207838258530736e-08
1206,"(1.0, 1.0, 3.0, 9.0, 11.0, 11.0, 13.0)",806513399.9999999,1,-21.30616253388737,1.0,1.0,5.582788574257312e-10,1.2399050034382568e-09,1.2399050019008925e-09
1207,"(1.0, 1.0, 3.0, 9.0, 11.0, 11.0, 14.0)",806513399.9999999,7,-21.22952890453669,9.0,13.0,6.027437882897641e-10,1.1159145030944311e-08,1.611876492017082e-08
1208,"(1.0, 1.0, 3.0, 9.0, 11.0, 12.0, 12.0)",921729600.0,1,-21.5067603842778,1.0,1.0,4.568068855394209e-10,1.0849168780084746e-09,1.0849168768314298e-09
1209,"(1.0, 1.0, 3.0, 9.0, 11.0, 12.0, 14.0)",1843459200.0,17,-21.31524038161492,21.0,29.0,5.532338206519315e-10,1.1391627219088982e-08,1.573129460135371e-08
1210,"(1.0, 1.0, 3.0, 9.0, 11.0, 13.0, 14.0)",1843459200.0,15,-21.20035400830273,19.0,27.0,6.205878088122643e-10,1.0306710341080509e-08,1.4646377746886128e-08
1211,"(1.0, 1.0, 3.0, 9.0, 11.0, 14.0, 14.0)",921729600.0,24,-21.123720378952044,27.0,33.0,6.700154266538959e-10,2.9292755706228812e-08,3.580225611621412e-08
1212,"(1.0, 1.0, 3.0, 9.0, 12.0, 12.0, 13.0)",963626400.0,2,-21.477585488043843,2.0,2.0,4.70330494739133e-10,2.0754931579292558e-09,2.075493153621584e-09
1213,"(1.0, 1.0, 3.0, 9.0, 12.0, 12.0, 14.0)",963626400.0,3,-21.400951858693155,3.0,3.0,5.077906504546055e-10,3.1132397368938834e-09,3.1132397272016217e-09
1214,"(1.0, 1.0, 3.0, 9.0, 12.0, 13.0, 14.0)",1927252800.0,13,-21.286065485380966,17.0,31.0,5.696121157770686e-10,8.820845921199336e-09,1.6085071896144408e-08
1215,"(1.0, 1.0, 3.0, 9.0, 12.0, 14.0, 14.0)",963626400.0,26,-21.20943185603028,31.0,43.0,6.149797004714497e-10,3.217014394790346e-08,4.4623101860560835e-08
1216,"(1.0, 1.0, 3.0, 9.0, 13.0, 13.0, 14.0)",963626400.0,4,-21.17117911206877,4.0,4.0,6.389600953651986e-10,4.1509863158585115e-09,4.150986298627824e-09
1217,"(1.0, 1.0, 3.0, 9.0, 13.0, 14.0, 14.0)",963626400.0,24,-21.09454548271809,30.0,46.0,6.898510006670694e-10,3.1132397368938833e-08,4.773634166314671e-08
1218,"(1.0, 1.0, 3.0, 9.0, 14.0, 14.0, 14.0)",321208799.99999994,20,-21.0179118533674,24.0,34.0,7.447951860739631e-10,7.471775368545322e-08,1.0585014547164934e-07
1219,"(1.0, 1.0, 3.0, 11.0, 11.0, 11.0, 14.0)",268837799.99999994,10,-20.885103272450216,12.0,16.0,8.50579467324198e-10,4.4636580123777245e-08,5.951543817261205e-08
1220,"(1.0, 1.0, 3.0, 11.0, 11.0, 12.0, 14.0)",921729600.0,8,-20.97081474952845,9.0,11.0,7.80712033235632e-10,9.764251902076271e-09,1.1934085562752603e-08
1221,"(1.0, 1.0, 3.0, 11.0, 11.0, 13.0, 14.0)",921729600.0,11,-20.855928376216266,12.0,14.0,8.757605770524493e-10,1.3019002536101694e-08,1.5188836122624217e-08
1222,"(1.0, 1.0, 3.0, 11.0, 11.0, 14.0, 14.0)",460864800.0,22,-20.77929474686557,26.0,34.0,9.45511800825545e-10,5.6415677656440674e-08,7.377434452184759e-08
1223,"(1.0, 1.0, 3.0, 11.0, 12.0, 12.0, 13.0)",963626400.0,1,-21.133159855957373,1.0,1.0,6.637205881733855e-10,1.0377465789646279e-09,1.0377465778877099e-09
1224,"(1.0, 1.0, 3.0, 11.0, 12.0, 12.0, 14.0)",963626400.0,8,-21.05652622660669,10.0,16.0,7.165835789057408e-10,1.0377465789646278e-08,1.660394515574225e-08
1225,"(1.0, 1.0, 3.0, 11.0, 12.0, 13.0, 13.0)",963626400.0,1,-21.018273482645185,1.0,1.0,7.445258950234254e-10,1.0377465789646279e-09,1.0377465778877099e-09
1226,"(1.0, 1.0, 3.0, 11.0, 12.0, 13.0, 14.0)",1927252800.0,26,-20.941639853294497,31.0,41.0,8.038247418422953e-10,1.608507197395173e-08,2.127380461004533e-08
1227,"(1.0, 1.0, 3.0, 11.0, 12.0, 14.0, 14.0)",963626400.0,23,-20.86500622394381,24.0,26.0,8.678465314863265e-10,2.4905917895151067e-08,2.6981410432775576e-08
1228,"(1.0, 1.0, 3.0, 11.0, 13.0, 13.0, 14.0)",963626400.0,8,-20.826753479982305,9.0,11.0,9.01687164788945e-10,9.33971921068165e-09,1.1415212281380551e-08
1229,"(1.0, 1.0, 3.0, 11.0, 13.0, 14.0, 14.0)",963626400.0,33,-20.75011985063162,36.0,42.0,9.735033493175915e-10,3.73588768427266e-08,4.3585354920828684e-08
1230,"(1.0, 1.0, 3.0, 11.0, 14.0, 14.0, 14.0)",321208799.99999994,20,-20.67348622128093,22.0,26.0,1.0510394382229037e-09,6.849127421166545e-08,8.094422846818635e-08
1231,"(1.0, 1.0, 3.0, 12.0, 12.0, 13.0, 14.0)",921729600.0,6,-21.02735133037273,7.0,9.0,7.377977868934529e-10,7.594418146059322e-09,9.764251844401085e-09
1232,"(1.0, 1.0, 3.0, 12.0, 12.0, 14.0, 14.0)",460864800.0,8,-20.950717701022047,9.0,11.0,7.965607637633406e-10,1.9528503804152542e-08,2.386817093482398e-08
1233,"(1.0, 1.0, 3.0, 12.0, 13.0, 13.0, 14.0)",921729600.0,10,-20.912464957060543,10.0,10.0,8.276216941603338e-10,1.0849168780084744e-08,1.0849168662380282e-08
1234,"(1.0, 1.0, 3.0, 12.0, 13.0, 14.0, 14.0)",921729600.0,25,-20.83583132770985,32.0,50.0,8.935388266523414e-10,3.4717340096271186e-08,5.424584269513002e-08
1235,"(1.0, 1.0, 3.0, 12.0, 14.0, 14.0, 14.0)",307243199.99999994,19,-20.759197698359166,19.0,19.0,9.647060249493195e-10,6.184026204648306e-08,6.184025822226506e-08
1236,"(1.0, 1.0, 3.0, 13.0, 13.0, 13.0, 13.0)",76810799.99999999,1,-20.874212213099035,1.0,1.0,8.598938082372403e-10,1.3019002536101697e-08,1.301900236660727e-08
1237,"(1.0, 1.0, 3.0, 13.0, 13.0, 13.0, 14.0)",307243199.99999994,5,-20.797578583748347,8.0,16.0,9.283813001512059e-10,2.6038005072203394e-08,5.207600946642908e-08
1238,"(1.0, 1.0, 3.0, 13.0, 13.0, 14.0, 14.0)",460864800.0,7,-20.720944954397662,8.0,10.0,1.0023235778814314e-09,1.7358670048135593e-08,2.1698337258846064e-08
1239,"(1.0, 1.0, 3.0, 13.0, 14.0, 14.0, 14.0)",307243199.99999994,12,-20.64431132504697,13.0,15.0,1.0821550957709002e-09,4.231175824233051e-08,4.8821257720096474e-08
1240,"(1.0, 1.0, 3.0, 14.0, 14.0, 14.0, 14.0)",76810799.99999999,7,-20.56767769569629,8.0,10.0,1.1683449109100404e-09,1.0415202028881358e-07,1.3019001451337365e-07
1241,"(1.0, 1.0, 4.0, 4.0, 4.0, 4.0, 14.0)",121094999.99999996,2,-21.35550187884565,3.0,5.0,5.31402233881263e-10,2.4773937817416087e-08,4.128989574861215e-08
1242,"(1.0, 1.0, 4.0, 4.0, 4.0, 6.0, 13.0)",484379999.9999998,1,-21.396608519713425,1.0,1.0,5.100009539542357e-10,2.064494818118007e-09,2.0644948138558684e-09
1243,"(1.0, 1.0, 4.0, 4.0, 4.0, 6.0, 14.0)",484379999.9999998,4,-21.319974890362737,4.0,4.0,5.506207210411254e-10,8.257979272472028e-09,8.257979204277806e-09
1244,"(1.0, 1.0, 4.0, 4.0, 4.0, 7.0, 8.0)",445629600.0,1,-20.92136846287616,1.0,1.0,8.202856662388683e-10,2.244016106650007e-09,2.2440161016143988e-09
1245,"(1.0, 1.0, 4.0, 4.0, 4.0, 7.0, 14.0)",484379999.9999998,2,-21.11599442433954,2.0,2.0,6.752119837634079e-10,4.128989636236014e-09,4.128989619187459e-09
1246,"(1.0, 1.0, 4.0, 4.0, 4.0, 8.0, 14.0)",464197500.0,2,-20.97720165827744,3.0,5.0,7.757415865113961e-10,6.46276638715202e-09,1.0771277270152683e-08
1247,"(1.0, 1.0, 4.0, 4.0, 4.0, 9.0, 14.0)",464197500.0,3,-21.622061777411936,4.0,6.0,4.0705948864824346e-10,8.617021849536028e-09,1.2925532700050975e-08
1248,"(1.0, 1.0, 4.0, 4.0, 4.0, 11.0, 14.0)",464197500.0,5,-21.277636145325467,5.0,5.0,5.744338635261584e-10,1.0771277311920033e-08,1.0771277195899618e-08
1249,"(1.0, 1.0, 4.0, 4.0, 4.0, 12.0, 14.0)",484380000.0,1,-21.3633476224037,1.0,1.0,5.272493009544675e-10,2.0644948181180067e-09,2.064494813855868e-09
1250,"(1.0, 1.0, 4.0, 4.0, 4.0, 13.0, 14.0)",484380000.0,2,-21.24846124909152,2.0,2.0,5.914397785579169e-10,4.128989636236013e-09,4.128989619187458e-09
1251,"(1.0, 1.0, 4.0, 4.0, 4.0, 14.0, 14.0)",242190000.0,6,-21.171827619740824,9.0,17.0,6.3854585917341e-10,3.716090672612412e-08,7.019282243507923e-08
1252,"(1.0, 1.0, 4.0, 4.0, 6.0, 6.0, 14.0)",726569999.9999998,5,-21.284447901879822,5.0,5.0,5.705342565563855e-10,6.88164939372669e-09,6.881649346369592e-09
1253,"(1.0, 1.0, 4.0, 4.0, 6.0, 7.0, 14.0)",1453139999.9999995,18,-21.08046743585663,24.0,42.0,6.996314385808305e-10,1.6515958544944057e-08,2.8902927180875214e-08
1254,"(1.0, 1.0, 4.0, 4.0, 6.0, 8.0, 8.0)",612740700.0000001,1,-20.747048708331143,1.0,1.0,9.76497712337256e-10,1.6320117139272776e-09,1.6320117112638153e-09
1255,"(1.0, 1.0, 4.0, 4.0, 6.0, 8.0, 13.0)",1392592499.9999998,1,-21.01830829914521,1.0,1.0,7.444999736888296e-10,7.180851541280024e-10,7.180851536123561e-10
1256,"(1.0, 1.0, 4.0, 4.0, 6.0, 8.0, 14.0)",1392592499.9999998,14,-20.94167466979453,14.0,14.0,8.037967559653322e-10,1.0053192157792033e-08,1.005319205672536e-08
1257,"(1.0, 1.0, 4.0, 4.0, 6.0, 9.0, 13.0)",1392592499.9999998,1,-21.66316841827971,1.0,1.0,3.9066589165508475e-10,7.180851541280024e-10,7.180851536123561e-10
1258,"(1.0, 1.0, 4.0, 4.0, 6.0, 9.0, 14.0)",1392592499.9999998,14,-21.586534788929026,14.0,14.0,4.217810442931029e-10,1.0053192157792033e-08,1.005319205672536e-08
1259,"(1.0, 1.0, 4.0, 4.0, 6.0, 11.0, 13.0)",1392592499.9999998,1,-21.31874278619324,1.0,1.0,5.512995612423745e-10,7.180851541280024e-10,7.180851536123561e-10
1260,"(1.0, 1.0, 4.0, 4.0, 6.0, 11.0, 14.0)",1392592499.9999998,9,-21.24210915684256,9.0,9.0,5.952086159199019e-10,6.462766387152021e-09,6.462766345384672e-09
1261,"(1.0, 1.0, 4.0, 4.0, 6.0, 12.0, 14.0)",1453139999.9999998,10,-21.3278206339208,10.0,10.0,5.463175947522308e-10,6.8816493937266895e-09,6.881649346369591e-09
1262,"(1.0, 1.0, 4.0, 4.0, 6.0, 13.0, 14.0)",1453139999.9999998,12,-21.2129342606086,13.0,15.0,6.12829560281321e-10,8.946144211844696e-09,1.0322474010556539e-08
1263,"(1.0, 1.0, 4.0, 4.0, 6.0, 14.0, 14.0)",726569999.9999999,17,-21.13630063125792,17.0,17.0,6.616392611447796e-10,2.3397607938670744e-08,2.3397607391222687e-08
1264,"(1.0, 1.0, 4.0, 4.0, 7.0, 7.0, 13.0)",726569999.9999998,1,-20.95312059918412,1.0,1.0,7.946490071661804e-10,1.376329878745338e-09,1.3763298768510541e-09
1265,"(1.0, 1.0, 4.0, 4.0, 7.0, 7.0, 14.0)",726569999.9999998,6,-20.87648696983344,8.0,12.0,8.579399820881839e-10,1.1010639029962704e-08,1.6515958423709885e-08
1266,"(1.0, 1.0, 4.0, 4.0, 7.0, 8.0, 13.0)",1392592499.9999998,1,-20.81432783312201,1.0,1.0,9.129611090475026e-10,7.180851541280024e-10,7.180851536123561e-10
1267,"(1.0, 1.0, 4.0, 4.0, 7.0, 8.0, 14.0)",1392592499.9999998,16,-20.737694203771333,17.0,19.0,9.85675223249376e-10,1.220744762017604e-08,1.3643617779410269e-08
1268,"(1.0, 1.0, 4.0, 4.0, 7.0, 9.0, 14.0)",1392592499.9999998,11,-21.38255432290583,12.0,14.0,5.172192123326883e-10,8.61702184953603e-09,1.0053192083538968e-08
1269,"(1.0, 1.0, 4.0, 4.0, 7.0, 11.0, 12.0)",1392592499.9999998,1,-21.22964869348224,1.0,1.0,6.026715905712585e-10,7.180851541280024e-10,7.180851536123561e-10
1270,"(1.0, 1.0, 4.0, 4.0, 7.0, 11.0, 14.0)",1392592499.9999998,16,-21.03812869081936,24.0,44.0,7.298889688503634e-10,1.723404369907206e-08,3.159574648461984e-08
1271,"(1.0, 1.0, 4.0, 4.0, 7.0, 12.0, 12.0)",726569999.9999999,1,-21.315360170560474,1.0,1.0,5.531675533250366e-10,1.3763298787453378e-09,1.376329876851054e-09
1272,"(1.0, 1.0, 4.0, 4.0, 7.0, 12.0, 14.0)",1453139999.9999998,10,-21.1238401678976,13.0,19.0,6.699351710193946e-10,8.946144211844696e-09,1.3075133768047213e-08
1273,"(1.0, 1.0, 4.0, 4.0, 7.0, 13.0, 14.0)",1453139999.9999998,5,-21.0089537945854,6.0,8.0,7.514970782864953e-10,4.128989636236013e-09,5.505319497932796e-09
1274,"(1.0, 1.0, 4.0, 4.0, 7.0, 14.0, 14.0)",726569999.9999999,29,-20.93232016523472,32.0,38.0,8.113511551265366e-10,4.404255611985081e-08,5.230053345257609e-08
1275,"(1.0, 1.0, 4.0, 4.0, 8.0, 8.0, 14.0)",612740700.0000001,6,-20.59890143770924,7.0,9.0,1.1324284518865466e-09,1.1424081997490943e-08,1.468810529483585e-08
1276,"(1.0, 1.0, 4.0, 4.0, 8.0, 9.0, 12.0)",1225481400.0000002,1,-21.43528155950661,1.0,1.0,4.90654177298756e-10,8.160058569636388e-10,8.160058562977732e-10
1277,"(1.0, 1.0, 4.0, 4.0, 8.0, 9.0, 14.0)",1225481400.0000002,10,-21.24376155684373,10.0,10.0,5.942259053413415e-10,8.160058569636387e-09,8.160058503049832e-09
1278,"(1.0, 1.0, 4.0, 4.0, 8.0, 11.0, 13.0)",1225481400.0000002,2,-20.975969554107948,4.0,10.0,7.766979700156482e-10,3.264023427854555e-09,8.160058558982537e-09
1279,"(1.0, 1.0, 4.0, 4.0, 8.0, 11.0, 14.0)",1225481400.0000002,19,-20.89933592475726,21.0,27.0,8.385592084982075e-10,1.7136122996236416e-08,2.2032157844371535e-08
1280,"(1.0, 1.0, 4.0, 4.0, 8.0, 12.0, 13.0)",1336888800.0,1,-21.061681031186183,1.0,1.0,7.12899234786941e-10,7.480053688833357e-10,7.480053683238237e-10
1281,"(1.0, 1.0, 4.0, 4.0, 8.0, 12.0, 14.0)",1336888800.0,12,-20.98504740183549,13.0,15.0,7.696791302929156e-10,9.724069795483365e-09,1.1220080438692501e-08
1282,"(1.0, 1.0, 4.0, 4.0, 8.0, 13.0, 14.0)",1336888800.0,15,-20.870161028523302,15.0,15.0,8.633844626384956e-10,1.1220080533250035e-08,1.1220080407359828e-08
1283,"(1.0, 1.0, 4.0, 4.0, 8.0, 14.0, 14.0)",668444400.0,17,-20.793527399172618,23.0,43.0,9.321499727946992e-10,3.440824696863344e-08,6.43284605400394e-08
1284,"(1.0, 1.0, 4.0, 4.0, 9.0, 9.0, 14.0)",612740700.0000001,4,-21.888621675978225,4.0,4.0,3.1181168752029074e-10,6.52804685570911e-09,6.528046813093715e-09
1285,"(1.0, 1.0, 4.0, 4.0, 9.0, 11.0, 14.0)",1225481400.0000002,12,-21.544196043891755,18.0,36.0,4.400221524124021e-10,1.4688105425345498e-08,2.9376210634950557e-08
1286,"(1.0, 1.0, 4.0, 4.0, 9.0, 12.0, 14.0)",1336888800.0,6,-21.62990752097,6.0,6.0,4.038783000009397e-10,4.488032213300014e-09,4.488032193157581e-09
1287,"(1.0, 1.0, 4.0, 4.0, 9.0, 13.0, 14.0)",1336888800.0,5,-21.5150211476578,5.0,5.0,4.530488554171387e-10,3.740026844416678e-09,3.740026830428877e-09
1288,"(1.0, 1.0, 4.0, 4.0, 9.0, 14.0, 14.0)",668444400.0,15,-21.43838751830712,19.0,27.0,4.891325898559487e-10,2.8424204017566758e-08,4.039228911176475e-08
1289,"(1.0, 1.0, 4.0, 4.0, 11.0, 11.0, 14.0)",612740700.0000001,8,-21.19977041180529,11.0,19.0,6.209500873858135e-10,1.7952128853200054e-08,3.100822224233934e-08
1290,"(1.0, 1.0, 4.0, 4.0, 11.0, 12.0, 13.0)",1336888800.0,3,-21.362115518234205,3.0,3.0,5.27899327384442e-10,2.244016106650007e-09,2.2440161016143988e-09
1291,"(1.0, 1.0, 4.0, 4.0, 11.0, 12.0, 14.0)",1336888800.0,7,-21.285481888883524,7.0,7.0,5.699446364322441e-10,5.23603758218335e-09,5.23603755476726e-09
1292,"(1.0, 1.0, 4.0, 4.0, 11.0, 13.0, 14.0)",1336888800.0,6,-21.17059551557133,8.0,14.0,6.393330990701004e-10,5.9840429510666854e-09,1.0472075128557931e-08
1293,"(1.0, 1.0, 4.0, 4.0, 11.0, 14.0, 14.0)",668444400.0,20,-21.093961886220644,23.0,31.0,6.902537127940819e-10,3.440824696863344e-08,4.637633168683936e-08
1294,"(1.0, 1.0, 4.0, 4.0, 12.0, 12.0, 14.0)",668444400.0,3,-21.37119336596176,4.0,6.0,5.231288233897175e-10,5.9840429510666854e-09,8.976064390791259e-09
1295,"(1.0, 1.0, 4.0, 4.0, 12.0, 13.0, 14.0)",1336888800.0,6,-21.256306992649566,7.0,9.0,5.868176494549791e-10,5.23603758218335e-09,6.7320482925339315e-09
1296,"(1.0, 1.0, 4.0, 4.0, 12.0, 14.0, 14.0)",668444400.0,14,-21.17967336329888,15.0,17.0,6.335555938814053e-10,2.244016106650007e-08,2.5432182038472585e-08
1297,"(1.0, 1.0, 4.0, 4.0, 13.0, 14.0, 14.0)",668444400.0,9,-21.06478698998669,13.0,23.0,7.106884342397829e-10,1.944813959096673e-08,3.4408246590403304e-08
1298,"(1.0, 1.0, 4.0, 4.0, 14.0, 14.0, 14.0)",222814800.0,13,-20.988153360636005,16.0,22.0,7.672922473235432e-10,7.180851541280023e-08,9.873670353613743e-08
1299,"(1.0, 1.0, 4.0, 6.0, 6.0, 6.0, 14.0)",484379999.9999998,2,-21.248920913396915,3.0,5.0,5.911679772763821e-10,6.193484454354022e-09,1.0322474052230786e-08
1300,"(1.0, 1.0, 4.0, 6.0, 6.0, 7.0, 12.0)",1453139999.9999995,1,-21.2364604500366,1.0,1.0,5.98580288709891e-10,6.88164939372669e-10,6.88164938899098e-10
1301,"(1.0, 1.0, 4.0, 6.0, 6.0, 7.0, 14.0)",1453139999.9999995,14,-21.04494044737372,17.0,23.0,7.249340379334797e-10,1.1698803969335374e-08,1.5827793468709372e-08
1302,"(1.0, 1.0, 4.0, 6.0, 6.0, 8.0, 14.0)",1392592499.9999998,13,-20.90614768131162,16.0,24.0,8.328665578004311e-10,1.1489362466048038e-08,1.723404356706661e-08
1303,"(1.0, 1.0, 4.0, 6.0, 6.0, 9.0, 12.0)",1392592499.9999998,3,-21.74252780310899,4.0,6.0,3.60861169671633e-10,2.8723406165120096e-09,4.308510916517674e-09
1304,"(1.0, 1.0, 4.0, 6.0, 6.0, 9.0, 14.0)",1392592499.9999998,10,-21.551007800446115,12.0,16.0,4.370350140116998e-10,8.61702184953603e-09,1.1489362391794973e-08
1305,"(1.0, 1.0, 4.0, 6.0, 6.0, 11.0, 12.0)",1392592499.9999998,2,-21.39810217102252,2.0,2.0,5.092397589831738e-10,1.4361703082560048e-09,1.4361703061934196e-09
1306,"(1.0, 1.0, 4.0, 6.0, 6.0, 11.0, 14.0)",1392592499.9999998,9,-21.206582168359645,10.0,12.0,6.16734699954114e-10,7.180851541280024e-09,8.6170217979714e-09
1307,"(1.0, 1.0, 4.0, 6.0, 6.0, 12.0, 12.0)",726569999.9999999,1,-21.48381364810076,1.0,1.0,4.674103042845267e-10,1.3763298787453378e-09,1.376329876851054e-09
1308,"(1.0, 1.0, 4.0, 6.0, 6.0, 12.0, 13.0)",1453139999.9999998,1,-21.368927274788568,1.0,1.0,5.243156251915172e-10,6.881649393726689e-10,6.881649388990979e-10
1309,"(1.0, 1.0, 4.0, 6.0, 6.0, 12.0, 14.0)",1453139999.9999998,7,-21.29229364543788,9.0,13.0,5.660755050705017e-10,6.193484454354021e-09,8.946144173485446e-09
1310,"(1.0, 1.0, 4.0, 6.0, 6.0, 13.0, 14.0)",1453139999.9999998,8,-21.17740727212569,9.0,11.0,6.349929165574632e-10,6.193484454354021e-09,7.569814294740109e-09
1311,"(1.0, 1.0, 4.0, 6.0, 6.0, 14.0, 14.0)",726569999.9999999,17,-21.100773642775003,19.0,25.0,6.855678501382807e-10,2.615026769616142e-08,3.4408246284796947e-08
1312,"(1.0, 1.0, 4.0, 6.0, 7.0, 7.0, 14.0)",1453139999.9999995,11,-20.84095998135052,15.0,25.0,8.889679068473068e-10,1.0322474090590037e-08,1.7204123377763254e-08
1313,"(1.0, 1.0, 4.0, 6.0, 7.0, 8.0, 12.0)",2785184999.9999995,2,-20.8936872179513,2.0,2.0,8.433093871590433e-10,7.180851541280024e-10,7.180851536123561e-10
1314,"(1.0, 1.0, 4.0, 6.0, 7.0, 8.0, 13.0)",2785184999.9999995,3,-20.778800844639107,4.0,6.0,9.459789065519034e-10,1.4361703082560048e-09,2.154255460321422e-09
1315,"(1.0, 1.0, 4.0, 6.0, 7.0, 8.0, 14.0)",2785184999.9999995,18,-20.70216721528842,22.0,30.0,1.0213227712159233e-09,7.898936695408026e-09,1.0771277249526835e-08
1316,"(1.0, 1.0, 4.0, 6.0, 7.0, 9.0, 14.0)",2785184999.9999995,24,-21.34702733442292,28.0,36.0,5.359247618341417e-10,1.0053192157792033e-08,1.292553267323737e-08
1317,"(1.0, 1.0, 4.0, 6.0, 7.0, 11.0, 11.0)",1225481400.0000002,2,-21.10841022792109,2.0,2.0,6.80352392366937e-10,1.6320117139272776e-09,1.6320117112638153e-09
1318,"(1.0, 1.0, 4.0, 6.0, 7.0, 11.0, 12.0)",2785184999.9999995,3,-21.19412170499933,4.0,6.0,6.244675776532292e-10,1.4361703082560048e-09,2.154255460321422e-09
1319,"(1.0, 1.0, 4.0, 6.0, 7.0, 11.0, 13.0)",2785184999.9999995,3,-21.079235331687133,4.0,6.0,7.004939886600726e-10,1.4361703082560048e-09,2.154255460321422e-09
1320,"(1.0, 1.0, 4.0, 6.0, 7.0, 11.0, 14.0)",2785184999.9999995,27,-21.00260170233645,40.0,78.0,7.562858503115519e-10,1.4361703082560048e-08,2.800532080473358e-08
1321,"(1.0, 1.0, 4.0, 6.0, 7.0, 12.0, 14.0)",2906279999.9999995,20,-21.088313179414683,25.0,35.0,6.941637866730024e-10,8.602061742158361e-09,1.204288636502624e-08
1322,"(1.0, 1.0, 4.0, 6.0, 7.0, 13.0, 14.0)",2906279999.9999995,16,-20.97342680610249,19.0,25.0,7.786754302558384e-10,6.537566924040355e-09,8.60206169941858e-09
1323,"(1.0, 1.0, 4.0, 6.0, 7.0, 14.0, 14.0)",1453139999.9999998,55,-20.896793176751807,62.0,76.0,8.406941664327763e-10,4.266622624110547e-08,5.230053357191598e-08
1324,"(1.0, 1.0, 4.0, 6.0, 8.0, 8.0, 14.0)",1225481400.0000002,21,-20.563374449226323,28.0,44.0,1.1733834202220948e-09,2.2848163994981886e-08,3.590425718436151e-08
1325,"(1.0, 1.0, 4.0, 6.0, 8.0, 9.0, 13.0)",2450962800.0000005,1,-21.284868197711504,1.0,1.0,5.702945137714993e-10,4.080029284818194e-10,4.08002928315353e-10
1326,"(1.0, 1.0, 4.0, 6.0, 8.0, 9.0, 14.0)",2450962800.0000005,39,-21.20823456836081,50.0,78.0,6.157164490457818e-10,2.0400146424090968e-08,3.1824228005415936e-08
1327,"(1.0, 1.0, 4.0, 6.0, 8.0, 11.0, 12.0)",2450962800.0000005,1,-21.055328938937222,1.0,1.0,7.174420494044267e-10,4.080029284818194e-10,4.08002928315353e-10
1328,"(1.0, 1.0, 4.0, 6.0, 8.0, 11.0, 14.0)",2450962800.0000005,31,-20.863808936274346,41.0,69.0,8.688862157138153e-10,1.6728120067754593e-08,2.815220178541554e-08
1329,"(1.0, 1.0, 4.0, 6.0, 8.0, 12.0, 13.0)",2673777600.0,1,-21.02615404270327,1.0,1.0,7.386816721131074e-10,3.7400268444166784e-10,3.7400268430178984e-10
1330,"(1.0, 1.0, 4.0, 6.0, 8.0, 12.0, 14.0)",2673777600.0,33,-20.949520413352584,44.0,72.0,7.975150473057345e-10,1.6456118115433385e-08,2.692819300899626e-08
1331,"(1.0, 1.0, 4.0, 6.0, 8.0, 13.0, 14.0)",2673777600.0,21,-20.83463404004039,24.0,30.0,8.946092903703047e-10,8.976064426600029e-09,1.1220080452680302e-08
1332,"(1.0, 1.0, 4.0, 6.0, 8.0, 14.0, 14.0)",1336888800.0,43,-20.758000410689707,52.0,72.0,9.658617473056473e-10,3.889627918193346e-08,5.385638504667964e-08
1333,"(1.0, 1.0, 4.0, 6.0, 9.0, 9.0, 12.0)",1225481400.0000002,2,-22.04461469015819,3.0,5.0,2.6677521856023775e-10,2.4480175708909162e-09,4.080029278825403e-09
1334,"(1.0, 1.0, 4.0, 6.0, 9.0, 9.0, 14.0)",1225481400.0000002,7,-21.853094687495314,11.0,19.0,3.230885481182123e-10,8.976064426600027e-09,1.5504111201739402e-08
1335,"(1.0, 1.0, 4.0, 6.0, 9.0, 11.0, 12.0)",2450962800.0000005,1,-21.70018905807172,3.0,9.0,3.7646762638916806e-10,1.2240087854454581e-09,3.672026354838177e-09
1336,"(1.0, 1.0, 4.0, 6.0, 9.0, 11.0, 13.0)",2450962800.0000005,1,-21.58530268475953,1.0,1.0,4.223010427567451e-10,4.080029284818194e-10,4.08002928315353e-10
1337,"(1.0, 1.0, 4.0, 6.0, 9.0, 11.0, 14.0)",2450962800.0000005,17,-21.508669055408845,19.0,23.0,4.5593582297495654e-10,7.752055641154568e-09,9.384067294987479e-09
1338,"(1.0, 1.0, 4.0, 6.0, 9.0, 12.0, 12.0)",1336888800.0,1,-21.78590053514996,1.0,1.0,3.455442052584299e-10,7.480053688833357e-10,7.480053683238237e-10
1339,"(1.0, 1.0, 4.0, 6.0, 9.0, 12.0, 13.0)",2673777600.0,2,-21.671014161837768,3.0,5.0,3.876128197231471e-10,1.1220080533250036e-09,1.8700134209494373e-09
1340,"(1.0, 1.0, 4.0, 6.0, 9.0, 12.0, 14.0)",2673777600.0,15,-21.59438053248708,16.0,18.0,4.1848480601056825e-10,5.9840429510666854e-09,6.732048284141251e-09
1341,"(1.0, 1.0, 4.0, 6.0, 9.0, 13.0, 14.0)",2673777600.0,12,-21.479494159174887,12.0,12.0,4.694336446699631e-10,4.488032213300014e-09,4.488032193157581e-09
1342,"(1.0, 1.0, 4.0, 6.0, 9.0, 14.0, 14.0)",1336888800.0,30,-21.402860529824203,32.0,36.0,5.068223694584149e-10,2.3936171804266742e-08,2.6928192706859764e-08
1343,"(1.0, 1.0, 4.0, 6.0, 11.0, 11.0, 14.0)",1225481400.0000002,12,-21.16424342332237,13.0,15.0,6.43407127496803e-10,1.0608076140527305e-08,1.2240087741923302e-08
1344,"(1.0, 1.0, 4.0, 6.0, 11.0, 12.0, 13.0)",2673777600.0,1,-21.32658852975129,2.0,4.0,5.469911297860569e-10,7.480053688833357e-10,1.4960107372071594e-09
1345,"(1.0, 1.0, 4.0, 6.0, 11.0, 12.0, 14.0)",2673777600.0,24,-21.24995490040061,27.0,33.0,5.905570331794376e-10,1.0098072479925032e-08,1.2342088484603972e-08
1346,"(1.0, 1.0, 4.0, 6.0, 11.0, 13.0, 14.0)",2673777600.0,26,-21.13506852708842,29.0,35.0,6.624549720543542e-10,1.0846077848808368e-08,1.309009383782097e-08
1347,"(1.0, 1.0, 4.0, 6.0, 11.0, 14.0, 14.0)",1336888800.0,36,-21.058434897737733,46.0,70.0,7.152171609517784e-10,3.440824696863344e-08,5.236037463790604e-08
1348,"(1.0, 1.0, 4.0, 6.0, 12.0, 12.0, 13.0)",1336888800.0,1,-21.412300006829533,1.0,1.0,5.020607403568535e-10,7.480053688833357e-10,7.480053683238237e-10
1349,"(1.0, 1.0, 4.0, 6.0, 12.0, 12.0, 14.0)",1336888800.0,4,-21.335666377478844,4.0,4.0,5.42048097593438e-10,2.9920214755333427e-09,2.9920214665811503e-09
1350,"(1.0, 1.0, 4.0, 6.0, 12.0, 13.0, 14.0)",2673777600.0,12,-21.220780004166656,14.0,18.0,6.080402690492917e-10,5.23603758218335e-09,6.7320482925339315e-09
1351,"(1.0, 1.0, 4.0, 6.0, 12.0, 14.0, 14.0)",1336888800.0,26,-21.144146374815968,29.0,35.0,6.564685198530115e-10,2.1692155697616735e-08,2.618018744036713e-08
1352,"(1.0, 1.0, 4.0, 6.0, 13.0, 13.0, 14.0)",1336888800.0,11,-21.105893630854464,14.0,20.0,6.820667214348178e-10,1.04720751643667e-08,1.4960107268002353e-08
1353,"(1.0, 1.0, 4.0, 6.0, 13.0, 14.0, 14.0)",1336888800.0,25,-21.02926000150378,31.0,45.0,7.363909166105107e-10,2.3188166435383407e-08,3.3660241062059046e-08
1354,"(1.0, 1.0, 4.0, 6.0, 14.0, 14.0, 14.0)",445629600.0,14,-20.95262637215309,18.0,28.0,7.950418412523191e-10,4.039228991970013e-08,6.283244935466311e-08
1355,"(1.0, 1.0, 4.0, 7.0, 7.0, 7.0, 14.0)",484379999.9999998,3,-20.63697951532733,3.0,3.0,1.0901184080929975e-09,6.193484454354022e-09,6.193484415994772e-09
1356,"(1.0, 1.0, 4.0, 7.0, 7.0, 8.0, 12.0)",1392592499.9999998,1,-20.689706751928103,1.0,1.0,1.0341285434251435e-09,7.180851541280024e-10,7.180851536123561e-10
1357,"(1.0, 1.0, 4.0, 7.0, 7.0, 8.0, 14.0)",1392592499.9999998,21,-20.498186749265223,29.0,51.0,1.2524217634082431e-09,2.0824469469712068e-08,3.662234242686959e-08
1358,"(1.0, 1.0, 4.0, 7.0, 7.0, 9.0, 12.0)",1392592499.9999998,1,-21.3345668710626,1.0,1.0,5.426444107196357e-10,7.180851541280024e-10,7.180851536123561e-10
1359,"(1.0, 1.0, 4.0, 7.0, 7.0, 9.0, 13.0)",1392592499.9999998,2,-21.219680497750407,4.0,10.0,6.087091808954947e-10,2.8723406165120096e-09,7.180851533029683e-09
1360,"(1.0, 1.0, 4.0, 7.0, 7.0, 9.0, 14.0)",1392592499.9999998,11,-21.14304686839972,13.0,17.0,6.571907081552362e-10,9.335107003664031e-09,1.2207447533031818e-08
1361,"(1.0, 1.0, 4.0, 7.0, 7.0, 11.0, 12.0)",1392592499.9999998,1,-20.99014123897613,1.0,1.0,7.657684787196299e-10,7.180851541280024e-10,7.180851536123561e-10
1362,"(1.0, 1.0, 4.0, 7.0, 7.0, 11.0, 13.0)",1392592499.9999998,2,-20.875254865663937,2.0,2.0,8.589977049958915e-10,1.4361703082560048e-09,1.4361703061934196e-09
1363,"(1.0, 1.0, 4.0, 7.0, 7.0, 11.0, 14.0)",1392592499.9999998,14,-20.79862123631325,17.0,23.0,9.274138254650251e-10,1.220744762017604e-08,1.6515958395922275e-08
1364,"(1.0, 1.0, 4.0, 7.0, 7.0, 12.0, 12.0)",726569999.9999999,2,-21.075852716054364,2.0,2.0,7.028675026563871e-10,2.7526597574906757e-09,2.75265974991354e-09
1365,"(1.0, 1.0, 4.0, 7.0, 7.0, 12.0, 13.0)",1453139999.9999998,1,-20.96096634274217,3.0,9.0,7.884387885846694e-10,2.0644948181180067e-09,6.193484450091882e-09
1366,"(1.0, 1.0, 4.0, 7.0, 7.0, 12.0, 14.0)",1453139999.9999998,17,-20.884332713391487,23.0,41.0,8.512351416233563e-10,1.5827793605571387e-08,2.8214762263760377e-08
1367,"(1.0, 1.0, 4.0, 7.0, 7.0, 13.0, 14.0)",1453139999.9999998,15,-20.76944634007929,19.0,27.0,9.548695896818643e-10,1.307513384808071e-08,1.8580453192102937e-08
1368,"(1.0, 1.0, 4.0, 7.0, 7.0, 14.0, 14.0)",726569999.9999999,28,-20.69281271072861,34.0,46.0,1.0309215657232818e-09,4.679521587734149e-08,6.331117223249332e-08
1369,"(1.0, 1.0, 4.0, 7.0, 8.0, 8.0, 12.0)",1225481400.0000002,1,-20.550913985866003,1.0,1.0,1.188095792468094e-09,8.160058569636388e-10,8.160058562977732e-10
1370,"(1.0, 1.0, 4.0, 7.0, 8.0, 8.0, 14.0)",1225481400.0000002,19,-20.359393983203127,22.0,28.0,1.4388898139997133e-09,1.7952128853200054e-08,2.2848163672702955e-08
1371,"(1.0, 1.0, 4.0, 7.0, 8.0, 9.0, 13.0)",2450962800.0000005,1,-21.080887731688307,1.0,1.0,6.993374481892803e-10,4.080029284818194e-10,4.08002928315353e-10
1372,"(1.0, 1.0, 4.0, 7.0, 8.0, 9.0, 14.0)",2450962800.0000005,23,-21.00425410233762,25.0,29.0,7.550371954943363e-10,1.0200073212045484e-08,1.1832084821931268e-08
1373,"(1.0, 1.0, 4.0, 7.0, 8.0, 11.0, 12.0)",2450962800.0000005,1,-20.85134847291403,1.0,1.0,8.797806746133419e-10,4.080029284818194e-10,4.08002928315353e-10
1374,"(1.0, 1.0, 4.0, 7.0, 8.0, 11.0, 14.0)",2450962800.0000005,36,-20.65982847025115,43.0,57.0,1.0654927483794906e-09,1.7544125924718235e-08,2.325616661566735e-08
1375,"(1.0, 1.0, 4.0, 7.0, 8.0, 12.0, 12.0)",1336888800.0,2,-20.937059949992264,2.0,2.0,8.075146246353059e-10,1.4960107377666714e-09,1.4960107355286232e-09
1376,"(1.0, 1.0, 4.0, 7.0, 8.0, 12.0, 14.0)",2673777600.0,25,-20.745539947329387,32.0,46.0,9.779721259931543e-10,1.1968085902133371e-08,1.7204123341081638e-08
1377,"(1.0, 1.0, 4.0, 7.0, 8.0, 13.0, 13.0)",1336888800.0,1,-20.707287203367883,1.0,1.0,1.0161069746042743e-09,7.480053688833357e-10,7.480053683238237e-10
1378,"(1.0, 1.0, 4.0, 7.0, 8.0, 13.0, 14.0)",2673777600.0,35,-20.630653574017195,39.0,47.0,1.0970362911551087e-09,1.4586104693225046e-08,1.7578125956003938e-08
1379,"(1.0, 1.0, 4.0, 7.0, 8.0, 14.0, 14.0)",1336888800.0,59,-20.55401994466651,66.0,82.0,1.1844113407252757e-09,4.936835434630016e-08,6.133643781119912e-08
1380,"(1.0, 1.0, 4.0, 7.0, 9.0, 9.0, 14.0)",1225481400.0000002,6,-21.64911422147212,6.0,6.0,3.9619515061773873e-10,4.8960351417818325e-09,4.896035117810673e-09
1381,"(1.0, 1.0, 4.0, 7.0, 9.0, 11.0, 12.0)",2450962800.0000005,1,-21.496208592048525,1.0,1.0,4.616525370790504e-10,4.080029284818194e-10,4.08002928315353e-10
1382,"(1.0, 1.0, 4.0, 7.0, 9.0, 11.0, 14.0)",2450962800.0000005,21,-21.30468858938565,24.0,30.0,5.591023362099898e-10,9.792070283563665e-09,1.2240087758569942e-08
1383,"(1.0, 1.0, 4.0, 7.0, 9.0, 12.0, 12.0)",1336888800.0,1,-21.58192006912676,1.0,1.0,4.2373194359510727e-10,7.480053688833357e-10,7.480053683238237e-10
1384,"(1.0, 1.0, 4.0, 7.0, 9.0, 12.0, 13.0)",2673777600.0,1,-21.46703369581457,1.0,1.0,4.753196001097217e-10,3.7400268444166784e-10,3.7400268430178984e-10
1385,"(1.0, 1.0, 4.0, 7.0, 9.0, 12.0, 14.0)",2673777600.0,26,-21.390400066463883,30.0,38.0,5.131771203723662e-10,1.1220080533250035e-08,1.4212101882893172e-08
1386,"(1.0, 1.0, 4.0, 7.0, 9.0, 13.0, 14.0)",2673777600.0,21,-21.27551369315169,23.0,27.0,5.7565436670012e-10,8.60206174215836e-09,1.0098072405929565e-08
1387,"(1.0, 1.0, 4.0, 7.0, 9.0, 14.0, 14.0)",1336888800.0,42,-21.19888006380101,51.0,73.0,6.215031952495779e-10,3.814827381305012e-08,5.4604390473192715e-08
1388,"(1.0, 1.0, 4.0, 7.0, 11.0, 11.0, 12.0)",1225481400.0000002,2,-21.15178295996205,2.0,2.0,6.514744352517336e-10,1.6320117139272776e-09,1.6320117112638153e-09
1389,"(1.0, 1.0, 4.0, 7.0, 11.0, 11.0, 14.0)",1225481400.0000002,12,-20.96026295729918,17.0,27.0,7.889935600374599e-10,1.3872099568381859e-08,2.2032157945583102e-08
1390,"(1.0, 1.0, 4.0, 7.0, 11.0, 12.0, 12.0)",1336888800.0,2,-21.23749443704029,3.0,5.0,5.979616843402529e-10,2.244016106650007e-09,3.74002683938107e-09
1391,"(1.0, 1.0, 4.0, 7.0, 11.0, 12.0, 13.0)",2673777600.0,4,-21.1226080637281,4.0,4.0,6.707611096536326e-10,1.4960107377666714e-09,1.4960107355286232e-09
1392,"(1.0, 1.0, 4.0, 7.0, 11.0, 12.0, 14.0)",2673777600.0,26,-21.045974434377413,32.0,46.0,7.241848529502367e-10,1.1968085902133371e-08,1.7204123341081638e-08
1393,"(1.0, 1.0, 4.0, 7.0, 11.0, 13.0, 14.0)",2673777600.0,31,-20.931088061065225,34.0,40.0,8.123514403689596e-10,1.2716091271016707e-08,1.4960107215967736e-08
1394,"(1.0, 1.0, 4.0, 7.0, 11.0, 14.0, 14.0)",1336888800.0,50,-20.854454431714537,58.0,80.0,8.770523513077411e-10,4.338431139523347e-08,5.984042762846838e-08
1395,"(1.0, 1.0, 4.0, 7.0, 12.0, 12.0, 13.0)",1336888800.0,1,-21.208319540806336,1.0,1.0,6.156641323361256e-10,7.480053688833357e-10,7.480053683238237e-10
1396,"(1.0, 1.0, 4.0, 7.0, 12.0, 12.0, 14.0)",1336888800.0,6,-21.131685911455648,7.0,9.0,6.646995968099619e-10,5.23603758218335e-09,6.7320482925339315e-09
1397,"(1.0, 1.0, 4.0, 7.0, 12.0, 13.0, 14.0)",2673777600.0,20,-21.01679953814346,23.0,29.0,7.456240940161501e-10,8.60206174215836e-09,1.0846077774812901e-08
1398,"(1.0, 1.0, 4.0, 7.0, 12.0, 14.0, 14.0)",1336888800.0,28,-20.94016590879277,32.0,40.0,8.050104084896462e-10,2.3936171804266742e-08,2.992021418239311e-08
1399,"(1.0, 1.0, 4.0, 7.0, 13.0, 13.0, 14.0)",1336888800.0,4,-20.901913164831267,5.0,7.0,8.364008226356045e-10,3.740026844416678e-09,5.236037568195549e-09
1400,"(1.0, 1.0, 4.0, 7.0, 13.0, 14.0, 14.0)",1336888800.0,36,-20.825279535480583,42.0,58.0,9.030171815724318e-10,3.14162254931001e-08,4.338431040825425e-08
1401,"(1.0, 1.0, 4.0, 7.0, 14.0, 14.0, 14.0)",445629600.0,26,-20.74864590612989,30.0,40.0,9.749392972205233e-10,6.732048319950022e-08,8.976063973395282e-08
1402,"(1.0, 1.0, 4.0, 8.0, 8.0, 8.0, 14.0)",329937299.9999999,7,-20.220601217141024,8.0,10.0,1.6531203443781655e-09,2.4247031178348136e-08,3.030878838501665e-08
1403,"(1.0, 1.0, 4.0, 8.0, 8.0, 9.0, 14.0)",989811899.9999996,10,-20.865461336275523,15.0,27.0,8.674516536915045e-10,1.5154394486467586e-08,2.7277909845985983e-08
1404,"(1.0, 1.0, 4.0, 8.0, 8.0, 11.0, 13.0)",989811899.9999996,1,-20.59766933353973,3.0,9.0,1.1338245816157985e-09,3.030878897293517e-09,9.092636682694325e-09
1405,"(1.0, 1.0, 4.0, 8.0, 8.0, 11.0, 14.0)",989811899.9999996,26,-20.521035704189053,30.0,38.0,1.2241296880386977e-09,3.030878897293517e-08,3.8391131780428525e-08
1406,"(1.0, 1.0, 4.0, 8.0, 8.0, 12.0, 13.0)",1131213599.9999998,1,-20.683380810617976,1.0,1.0,1.0406911152352218e-09,8.840063450439424e-10,8.840063442624752e-10
1407,"(1.0, 1.0, 4.0, 8.0, 8.0, 12.0, 14.0)",1131213599.9999998,9,-20.606747181267288,9.0,9.0,1.1235784713911155e-09,7.956057105395481e-09,7.956057042096636e-09
1408,"(1.0, 1.0, 4.0, 8.0, 8.0, 13.0, 14.0)",1131213599.9999998,11,-20.491860807955096,12.0,14.0,1.2603696223191372e-09,1.0608076140527308e-08,1.2376088718083913e-08
1409,"(1.0, 1.0, 4.0, 8.0, 8.0, 14.0, 14.0)",565606799.9999999,29,-20.41522717860441,36.0,54.0,1.3607535923981152e-09,6.364845684316385e-08,9.547268121361972e-08
1410,"(1.0, 1.0, 4.0, 8.0, 9.0, 9.0, 12.0)",989811899.9999996,1,-21.70184145807289,1.0,1.0,3.758460649583639e-10,1.0102929657645057e-09,1.0102929647438138e-09
1411,"(1.0, 1.0, 4.0, 8.0, 9.0, 9.0, 14.0)",989811899.9999996,8,-21.51032145541001,9.0,11.0,4.551830567272962e-10,9.092636691880551e-09,1.1113222540733521e-08
1412,"(1.0, 1.0, 4.0, 8.0, 9.0, 11.0, 12.0)",1979623799.9999995,3,-21.357415825986426,4.0,6.0,5.303861307891105e-10,2.0205859315290113e-09,3.0308788932107495e-09
1413,"(1.0, 1.0, 4.0, 8.0, 9.0, 11.0, 14.0)",1979623799.9999995,29,-21.165895823323545,37.0,55.0,6.423448394626548e-10,1.8690419866643353e-08,2.7783056209192107e-08
1414,"(1.0, 1.0, 4.0, 8.0, 9.0, 12.0, 12.0)",1131213599.9999998,1,-21.44312730306466,1.0,1.0,4.868196923104427e-10,8.840063450439424e-10,8.840063442624752e-10
1415,"(1.0, 1.0, 4.0, 8.0, 9.0, 12.0, 14.0)",2262427199.9999995,16,-21.251607300401783,17.0,19.0,5.895820025292967e-10,7.51405393287351e-09,8.398060221456446e-09
1416,"(1.0, 1.0, 4.0, 8.0, 9.0, 13.0, 14.0)",2262427199.9999995,22,-21.13672092708959,28.0,42.0,6.613612353518846e-10,1.2376088830615193e-08,1.8564133092755216e-08
1417,"(1.0, 1.0, 4.0, 8.0, 9.0, 14.0, 14.0)",1131213599.9999998,34,-21.060087297738907,43.0,67.0,7.140363120002719e-10,3.801227283688952e-08,5.922842367301125e-08
1418,"(1.0, 1.0, 4.0, 8.0, 11.0, 11.0, 14.0)",989811899.9999996,12,-20.82147019123708,12.0,12.0,9.064636450901555e-10,1.2123515589174068e-08,1.2123515442194438e-08
1419,"(1.0, 1.0, 4.0, 8.0, 11.0, 12.0, 14.0)",2262427199.9999995,23,-20.90718166831532,30.0,50.0,8.320058296713832e-10,1.3260095175659135e-08,2.2100158450268434e-08
1420,"(1.0, 1.0, 4.0, 8.0, 11.0, 13.0, 14.0)",2262427199.9999995,20,-20.79229529500312,27.0,49.0,9.332991864928865e-10,1.1934085658093222e-08,2.165815531115419e-08
1421,"(1.0, 1.0, 4.0, 8.0, 11.0, 14.0, 14.0)",1131213599.9999998,36,-20.71566166565244,43.0,69.0,1.007633156427231e-09,3.801227283688952e-08,6.099643636309914e-08
1422,"(1.0, 1.0, 4.0, 8.0, 12.0, 12.0, 14.0)",1182632399.9999998,4,-20.992893145393552,7.0,15.0,7.636640524489271e-10,5.918999005946397e-09,1.2683569263422015e-08
1423,"(1.0, 1.0, 4.0, 8.0, 12.0, 13.0, 13.0)",1182632399.9999998,1,-20.954640401432044,1.0,1.0,7.934422150937188e-10,8.455712865637709e-10,8.455712858487801e-10
1424,"(1.0, 1.0, 4.0, 8.0, 12.0, 13.0, 14.0)",2365264799.9999995,16,-20.87800677208136,20.0,30.0,8.56637073307461e-10,8.455712865637709e-09,1.2683569226957485e-08
1425,"(1.0, 1.0, 4.0, 8.0, 12.0, 14.0, 14.0)",1182632399.9999998,32,-20.801373142730675,38.0,50.0,9.248651778354082e-10,3.21317088894233e-08,4.227856329574183e-08
1426,"(1.0, 1.0, 4.0, 8.0, 13.0, 13.0, 13.0)",394210800.0,1,-20.839754028119856,1.0,1.0,8.900406072497786e-10,2.536713859691312e-09,2.536713853256395e-09
1427,"(1.0, 1.0, 4.0, 8.0, 13.0, 13.0, 14.0)",1182632399.9999998,7,-20.763120398769168,9.0,13.0,9.609291847789965e-10,7.610141579073939e-09,1.0992426667414767e-08
1428,"(1.0, 1.0, 4.0, 8.0, 13.0, 14.0, 14.0)",1182632399.9999998,23,-20.68648676941848,31.0,51.0,1.037463786077449e-09,2.6212709883476898e-08,4.312413492764616e-08
1429,"(1.0, 1.0, 4.0, 8.0, 14.0, 14.0, 14.0)",394210800.0,26,-20.609853140067795,33.0,51.0,1.120094096912766e-09,8.371155736981331e-08,1.293723998366321e-07
1430,"(1.0, 1.0, 4.0, 9.0, 9.0, 9.0, 14.0)",329937299.9999999,1,-22.15518157454452,1.0,1.0,2.3885090800147914e-10,3.030878897293517e-09,3.03087888810729e-09
1431,"(1.0, 1.0, 4.0, 9.0, 9.0, 11.0, 12.0)",989811899.9999996,1,-22.00227594512092,1.0,1.0,2.783126635714586e-10,1.0102929657645057e-09,1.0102929647438138e-09
1432,"(1.0, 1.0, 4.0, 9.0, 9.0, 11.0, 14.0)",989811899.9999996,5,-21.810755942458044,6.0,8.0,3.370614215274693e-10,6.061757794587034e-09,8.082343689371137e-09
1433,"(1.0, 1.0, 4.0, 9.0, 9.0, 12.0, 14.0)",1131213599.9999998,6,-21.89646741953628,7.0,9.0,3.0937486482459873e-10,6.188044415307597e-09,7.956057067103588e-09
1434,"(1.0, 1.0, 4.0, 9.0, 9.0, 13.0, 14.0)",1131213599.9999998,5,-21.781581046224087,5.0,5.0,3.4704000785209145e-10,4.420031725219712e-09,4.420031705683032e-09
1435,"(1.0, 1.0, 4.0, 9.0, 9.0, 14.0, 14.0)",565606799.9999999,11,-21.7049474168734,13.0,17.0,3.746805135795558e-10,2.2984164971142503e-08,3.00562152032222e-08
1436,"(1.0, 1.0, 4.0, 9.0, 11.0, 11.0, 12.0)",989811899.9999996,1,-21.65785031303445,1.0,1.0,3.9274902824280046e-10,1.0102929657645057e-09,1.0102929647438138e-09
1437,"(1.0, 1.0, 4.0, 9.0, 11.0, 11.0, 14.0)",989811899.9999996,12,-21.46633031037157,12.0,12.0,4.756540506072279e-10,1.2123515589174068e-08,1.2123515442194438e-08
1438,"(1.0, 1.0, 4.0, 9.0, 11.0, 12.0, 13.0)",2262427199.9999995,3,-21.628675416800498,3.0,3.0,4.043762268242091e-10,1.3260095175659135e-09,1.3260095158076123e-09
1439,"(1.0, 1.0, 4.0, 9.0, 11.0, 12.0, 14.0)",2262427199.9999995,15,-21.55204178744981,16.0,18.0,4.365833590299827e-10,7.072050760351539e-09,7.956057055381579e-09
1440,"(1.0, 1.0, 4.0, 9.0, 11.0, 13.0, 14.0)",2262427199.9999995,16,-21.43715541413762,17.0,19.0,4.897356235832453e-10,7.51405393287351e-09,8.398060221456446e-09
1441,"(1.0, 1.0, 4.0, 9.0, 11.0, 14.0, 14.0)",1131213599.9999998,18,-21.360521784786933,19.0,21.0,5.287413289841206e-10,1.6796120555834904e-08,1.8564132963813124e-08
1442,"(1.0, 1.0, 4.0, 9.0, 12.0, 12.0, 14.0)",1182632399.9999998,10,-21.637753264528044,12.0,16.0,4.0072197248940463e-10,1.0146855438765252e-08,1.352914048206166e-08
1443,"(1.0, 1.0, 4.0, 9.0, 12.0, 13.0, 14.0)",2365264799.9999995,8,-21.52286689121585,10.0,14.0,4.4950825775091125e-10,4.2278564328188544e-09,5.918998988071627e-09
1444,"(1.0, 1.0, 4.0, 9.0, 12.0, 14.0, 14.0)",1182632399.9999998,21,-21.446233261865167,26.0,38.0,4.85309996143566e-10,2.1984853450658044e-08,3.213170840608952e-08
1445,"(1.0, 1.0, 4.0, 9.0, 13.0, 13.0, 14.0)",1182632399.9999998,6,-21.407980517903663,7.0,9.0,5.042340766367635e-10,5.918999005946397e-09,7.610141544039389e-09
1446,"(1.0, 1.0, 4.0, 9.0, 13.0, 14.0, 14.0)",1182632399.9999998,18,-21.33134688855298,21.0,27.0,5.443945323995486e-10,1.775699701783919e-08,2.2830424421910872e-08
1447,"(1.0, 1.0, 4.0, 9.0, 14.0, 14.0, 14.0)",394210800.0,14,-21.25471325920229,17.0,23.0,5.877536260208328e-10,4.312413561475231e-08,5.834441691320911e-08
1448,"(1.0, 1.0, 4.0, 11.0, 11.0, 11.0, 14.0)",329937299.9999999,7,-21.121904678285105,9.0,15.0,6.712330792226944e-10,2.7277910075641656e-08,4.546318271531838e-08
1449,"(1.0, 1.0, 4.0, 11.0, 11.0, 12.0, 12.0)",565606799.9999999,1,-21.399136158026216,1.0,1.0,5.087134838183474e-10,1.7680126900878848e-09,1.768012686962016e-09
1450,"(1.0, 1.0, 4.0, 11.0, 11.0, 12.0, 13.0)",1131213599.9999998,1,-21.284249784714028,1.0,1.0,5.706473003838747e-10,8.840063450439424e-10,8.840063442624752e-10
1451,"(1.0, 1.0, 4.0, 11.0, 11.0, 12.0, 14.0)",1131213599.9999998,15,-21.20761615536334,20.0,36.0,6.160973338605483e-10,1.768012690087885e-08,3.1824228108995036e-08
1452,"(1.0, 1.0, 4.0, 11.0, 11.0, 13.0, 14.0)",1131213599.9999998,7,-21.09272978205115,7.0,7.0,6.911047014172828e-10,6.188044415307597e-09,6.188044377015703e-09
1453,"(1.0, 1.0, 4.0, 11.0, 11.0, 14.0, 14.0)",565606799.9999999,16,-21.016096152700463,20.0,30.0,7.461487396422458e-10,3.53602538017577e-08,5.3040379452288994e-08
1454,"(1.0, 1.0, 4.0, 11.0, 12.0, 12.0, 14.0)",1182632399.9999998,6,-21.29332763244157,7.0,9.0,5.654904928547863e-10,5.918999005946397e-09,7.610141544039389e-09
1455,"(1.0, 1.0, 4.0, 11.0, 12.0, 13.0, 14.0)",2365264799.9999995,11,-21.178441259129382,13.0,17.0,6.343366814620536e-10,5.496213362664511e-09,7.187355905583692e-09
1456,"(1.0, 1.0, 4.0, 11.0, 12.0, 14.0, 14.0)",1182632399.9999998,10,-21.101807629778698,10.0,10.0,6.848593482450852e-10,8.455712865637709e-09,8.455712794138629e-09
1457,"(1.0, 1.0, 4.0, 11.0, 13.0, 13.0, 14.0)",1182632399.9999998,7,-21.0635548858172,7.0,7.0,7.115646160856272e-10,5.918999005946397e-09,5.918998970911848e-09
1458,"(1.0, 1.0, 4.0, 11.0, 13.0, 14.0, 14.0)",1182632399.9999998,30,-20.98692125646651,42.0,70.0,7.68238213945731e-10,3.551399403567838e-08,5.91899887982202e-08
1459,"(1.0, 1.0, 4.0, 11.0, 14.0, 14.0, 14.0)",394210800.0,8,-20.91028762711582,12.0,22.0,8.294256628627855e-10,3.044056631629575e-08,5.580770398658079e-08
1460,"(1.0, 1.0, 4.0, 12.0, 12.0, 13.0, 14.0)",1131213599.9999995,4,-21.26415273620762,6.0,12.0,5.822316425038076e-10,5.304038070263656e-09,1.0608076112394492e-08
1461,"(1.0, 1.0, 4.0, 12.0, 12.0, 14.0, 14.0)",565606799.9999998,10,-21.187519106856936,12.0,16.0,6.286043277424377e-10,2.1216152281054623e-08,2.8288202591281046e-08
1462,"(1.0, 1.0, 4.0, 12.0, 13.0, 13.0, 14.0)",1131213599.9999995,3,-21.149266362895432,3.0,3.0,6.531159986148654e-10,2.652019035131828e-09,2.652019028098623e-09
1463,"(1.0, 1.0, 4.0, 12.0, 13.0, 14.0, 14.0)",1131213599.9999995,17,-21.072632733544744,22.0,32.0,7.051343714017483e-10,1.9448139590966736e-08,2.828820266317603e-08
1464,"(1.0, 1.0, 4.0, 12.0, 14.0, 14.0, 14.0)",377071199.9999998,11,-20.99599910419405,12.0,14.0,7.612958230798806e-10,3.182422842158193e-08,3.7128265479064076e-08
1465,"(1.0, 1.0, 4.0, 13.0, 13.0, 13.0, 14.0)",377071199.9999998,2,-21.03437998958324,2.0,2.0,7.326302394221124e-10,5.304038070263656e-09,5.304038042130836e-09
1466,"(1.0, 1.0, 4.0, 13.0, 13.0, 14.0, 14.0)",565606799.9999998,11,-20.95774636023255,15.0,23.0,7.909816394644129e-10,2.6520190351318277e-08,4.066429116870086e-08
1467,"(1.0, 1.0, 4.0, 13.0, 14.0, 14.0, 14.0)",377071199.9999998,15,-20.881112730881867,16.0,18.0,8.539805215565674e-10,4.2432304562109245e-08,4.7736340831872435e-08
1468,"(1.0, 1.0, 4.0, 14.0, 14.0, 14.0, 14.0)",94267799.99999996,7,-20.80447910153118,7.0,7.0,9.219970411599429e-10,7.425653298369118e-08,7.425652746965848e-08
1469,"(1.0, 1.0, 6.0, 6.0, 6.0, 7.0, 12.0)",484379999.9999998,1,-21.200933461553685,1.0,1.0,6.2022831135499e-10,2.064494818118007e-09,2.0644948138558684e-09
1470,"(1.0, 1.0, 6.0, 6.0, 6.0, 7.0, 14.0)",484379999.9999998,4,-21.00941345889081,4.0,4.0,7.511517212842113e-10,8.257979272472028e-09,8.257979204277806e-09
1471,"(1.0, 1.0, 6.0, 6.0, 6.0, 8.0, 14.0)",464197500.0,4,-20.87062069282871,4.0,4.0,8.629876868180054e-10,8.617021849536028e-09,8.617021775282962e-09
1472,"(1.0, 1.0, 6.0, 6.0, 6.0, 9.0, 14.0)",464197500.0,3,-21.515480811963204,4.0,6.0,4.5284065288500193e-10,8.617021849536028e-09,1.2925532700050975e-08
1473,"(1.0, 1.0, 6.0, 6.0, 6.0, 11.0, 14.0)",464197500.0,6,-21.17105517987673,7.0,9.0,6.390392879975998e-10,1.5079788236688046e-08,1.9388298934056047e-08
1474,"(1.0, 1.0, 6.0, 6.0, 6.0, 12.0, 14.0)",484380000.0,2,-21.256766656954973,3.0,5.0,5.865479723129686e-10,6.193484454354019e-09,1.0322474052230783e-08
1475,"(1.0, 1.0, 6.0, 6.0, 6.0, 13.0, 14.0)",484380000.0,3,-21.141880283642777,3.0,3.0,6.579578241837077e-10,6.193484454354019e-09,6.19348441599477e-09
1476,"(1.0, 1.0, 6.0, 6.0, 6.0, 14.0, 14.0)",242190000.0,4,-21.065246654292093,5.0,7.0,7.103618312039297e-10,2.0644948181180067e-08,2.8902927027438204e-08
1477,"(1.0, 1.0, 6.0, 6.0, 7.0, 7.0, 11.0)",668444399.9999999,1,-20.91124151845225,1.0,1.0,8.286348581396188e-10,1.4960107377666716e-09,1.4960107355286234e-09
1478,"(1.0, 1.0, 6.0, 6.0, 7.0, 7.0, 14.0)",726569999.9999998,6,-20.80543299286761,7.0,9.0,9.211179755033795e-10,9.634309151217367e-09,1.238696881588813e-08
1479,"(1.0, 1.0, 6.0, 6.0, 7.0, 8.0, 14.0)",1392592499.9999998,10,-20.666640226805512,11.0,13.0,1.0582595345812614e-09,7.898936695408026e-09,9.33510694127083e-09
1480,"(1.0, 1.0, 6.0, 6.0, 7.0, 9.0, 14.0)",1392592499.9999998,10,-21.311500345940004,10.0,10.0,5.553068089865124e-10,7.180851541280024e-09,7.180851489715395e-09
1481,"(1.0, 1.0, 6.0, 6.0, 7.0, 11.0, 12.0)",1392592499.9999998,1,-21.15859471651641,1.0,1.0,6.47051829953459e-10,7.180851541280024e-10,7.180851536123561e-10
1482,"(1.0, 1.0, 6.0, 6.0, 7.0, 11.0, 13.0)",1392592499.9999998,2,-21.043708343204223,2.0,2.0,7.258277826644671e-10,1.4361703082560048e-09,1.4361703061934196e-09
1483,"(1.0, 1.0, 6.0, 6.0, 7.0, 11.0, 14.0)",1392592499.9999998,14,-20.96707471385353,17.0,23.0,7.836373911533002e-10,1.220744762017604e-08,1.6515958395922275e-08
1484,"(1.0, 1.0, 6.0, 6.0, 7.0, 12.0, 13.0)",1453139999.9999998,2,-21.129419820282457,2.0,2.0,6.662075746614554e-10,1.3763298787453378e-09,1.376329876851054e-09
1485,"(1.0, 1.0, 6.0, 6.0, 7.0, 12.0, 14.0)",1453139999.9999998,14,-21.052786190931773,16.0,20.0,7.192686450466238e-10,1.1010639029962703e-08,1.3763298666219208e-08
1486,"(1.0, 1.0, 6.0, 6.0, 7.0, 13.0, 14.0)",1453139999.9999998,15,-20.93789981761958,16.0,18.0,8.068367039651514e-10,1.1010639029962703e-08,1.238696878747387e-08
1487,"(1.0, 1.0, 6.0, 6.0, 7.0, 14.0, 14.0)",726569999.9999999,25,-20.861266188268896,32.0,48.0,8.71098385709295e-10,4.404255611985081e-08,6.606383224002946e-08
1488,"(1.0, 1.0, 6.0, 6.0, 8.0, 8.0, 14.0)",612740700.0000001,9,-20.52784746074341,11.0,15.0,1.2158195500637553e-09,1.7952128853200054e-08,2.4480175386630235e-08
1489,"(1.0, 1.0, 6.0, 6.0, 8.0, 9.0, 14.0)",1225481400.0000002,9,-21.17270757987791,13.0,27.0,6.379842114216954e-10,1.0608076140527305e-08,2.203215802548697e-08
1490,"(1.0, 1.0, 6.0, 6.0, 8.0, 11.0, 12.0)",1225481400.0000002,1,-21.019801950454315,1.0,1.0,7.433887804027431e-10,8.160058569636388e-10,8.160058562977732e-10
1491,"(1.0, 1.0, 6.0, 6.0, 8.0, 11.0, 14.0)",1225481400.0000002,11,-20.82828194779144,15.0,25.0,9.003100177142509e-10,1.2240087854454582e-08,2.0400146274271218e-08
1492,"(1.0, 1.0, 6.0, 6.0, 8.0, 12.0, 13.0)",1336888800.0,2,-20.99062705422036,2.0,2.0,7.653965470714627e-10,1.4960107377666714e-09,1.4960107355286232e-09
1493,"(1.0, 1.0, 6.0, 6.0, 8.0, 12.0, 14.0)",1336888800.0,10,-20.91399342486968,15.0,31.0,8.263576673009345e-10,1.1220080533250035e-08,2.3188166309493202e-08
1494,"(1.0, 1.0, 6.0, 6.0, 8.0, 13.0, 13.0)",668444400.0,1,-20.87574068090817,1.0,1.0,8.585804921684254e-10,1.4960107377666714e-09,1.4960107355286232e-09
1495,"(1.0, 1.0, 6.0, 6.0, 8.0, 13.0, 14.0)",1336888800.0,16,-20.79910705155748,20.0,30.0,9.269633831156416e-10,1.4960107377666713e-08,2.2440160842695258e-08
1496,"(1.0, 1.0, 6.0, 6.0, 8.0, 14.0, 14.0)",668444400.0,29,-20.7224734222068,36.0,54.0,1.0007927287831162e-09,5.385638655960017e-08,8.078457693888987e-08
1497,"(1.0, 1.0, 6.0, 6.0, 9.0, 9.0, 14.0)",612740700.0000001,2,-21.8175676990124,3.0,5.0,3.3477324328435245e-10,4.8960351417818325e-09,8.160058545665227e-09
1498,"(1.0, 1.0, 6.0, 6.0, 9.0, 11.0, 14.0)",1225481400.0000002,8,-21.47314206692593,9.0,11.0,4.724250211771669e-10,7.344052712672749e-09,8.976064372664916e-09
1499,"(1.0, 1.0, 6.0, 6.0, 9.0, 12.0, 14.0)",1336888800.0,9,-21.55885354400417,17.0,43.0,4.3361956525342805e-10,1.2716091271016707e-08,3.216423070028445e-08
1500,"(1.0, 1.0, 6.0, 6.0, 9.0, 13.0, 14.0)",1336888800.0,5,-21.443967170691977,5.0,5.0,4.864109998583344e-10,3.740026844416678e-09,3.740026830428877e-09
1501,"(1.0, 1.0, 6.0, 6.0, 9.0, 14.0, 14.0)",668444400.0,18,-21.36733354134129,19.0,21.0,5.251519107714535e-10,2.8424204017566758e-08,3.1416224685164726e-08
1502,"(1.0, 1.0, 6.0, 6.0, 11.0, 11.0, 12.0)",612740700.0000001,1,-21.32023643750234,1.0,1.0,5.504767265980183e-10,1.6320117139272776e-09,1.6320117112638153e-09
1503,"(1.0, 1.0, 6.0, 6.0, 11.0, 11.0, 14.0)",612740700.0000001,9,-21.128716434839465,12.0,20.0,6.666763402135898e-10,1.958414056712733e-08,3.2640233895006986e-08
1504,"(1.0, 1.0, 6.0, 6.0, 11.0, 12.0, 12.0)",668444400.0,2,-21.40594791458058,2.0,2.0,5.052600268181975e-10,2.9920214755333427e-09,2.9920214665811503e-09
1505,"(1.0, 1.0, 6.0, 6.0, 11.0, 12.0, 14.0)",1336888800.0,7,-21.214427911917703,11.0,23.0,6.119148898757253e-10,8.228059057716693e-09,1.7204123416615765e-08
1506,"(1.0, 1.0, 6.0, 6.0, 11.0, 13.0, 14.0)",1336888800.0,18,-21.099541538605507,24.0,42.0,6.864130617323481e-10,1.7952128853200057e-08,3.141622517082117e-08
1507,"(1.0, 1.0, 6.0, 6.0, 11.0, 14.0, 14.0)",668444400.0,22,-21.022907909254823,23.0,25.0,7.410834274969334e-10,3.440824696863344e-08,3.7400267260239325e-08
1508,"(1.0, 1.0, 6.0, 6.0, 12.0, 12.0, 14.0)",668444400.0,2,-21.300139388995937,2.0,2.0,5.616515989327884e-10,2.9920214755333427e-09,2.9920214665811503e-09
1509,"(1.0, 1.0, 6.0, 6.0, 12.0, 13.0, 14.0)",1336888800.0,10,-21.18525301568374,14.0,24.0,6.300304176756035e-10,1.04720751643667e-08,1.7952128743535697e-08
1510,"(1.0, 1.0, 6.0, 6.0, 12.0, 14.0, 14.0)",668444400.0,10,-21.10861938633306,11.0,13.0,6.802101058217024e-10,1.6456118115433385e-08,1.9448139320162904e-08
1511,"(1.0, 1.0, 6.0, 6.0, 13.0, 13.0, 13.0)",222814800.0,1,-21.14700027172224,1.0,1.0,6.545976972123882e-10,4.488032213300014e-09,4.488032193157581e-09
1512,"(1.0, 1.0, 6.0, 6.0, 13.0, 13.0, 14.0)",668444400.0,6,-21.07036664237156,6.0,6.0,7.067340820371999e-10,8.976064426600029e-09,8.976064346030296e-09
1513,"(1.0, 1.0, 6.0, 6.0, 13.0, 14.0, 14.0)",668444400.0,15,-20.993733013020865,16.0,18.0,7.630229449935165e-10,2.3936171804266742e-08,2.6928192706859764e-08
1514,"(1.0, 1.0, 6.0, 6.0, 14.0, 14.0, 14.0)",222814800.0,10,-20.91709938367018,11.0,13.0,8.237950162362872e-10,4.936835434630016e-08,5.834441633566577e-08
1515,"(1.0, 1.0, 6.0, 7.0, 7.0, 7.0, 14.0)",484379999.9999998,5,-20.60145252684441,8.0,16.0,1.129543207788793e-09,1.6515958544944057e-08,3.3031916817111224e-08
1516,"(1.0, 1.0, 6.0, 7.0, 7.0, 8.0, 11.0)",1225481400.0000002,1,-20.56846828636696,1.0,1.0,1.1674215933545627e-09,8.160058569636388e-10,8.160058562977732e-10
1517,"(1.0, 1.0, 6.0, 7.0, 7.0, 8.0, 12.0)",1392592499.9999998,2,-20.654179763445192,2.0,2.0,1.0715284353832606e-09,1.4361703082560048e-09,1.4361703061934196e-09
1518,"(1.0, 1.0, 6.0, 7.0, 7.0, 8.0, 14.0)",1392592499.9999998,19,-20.46265976078232,23.0,33.0,1.2977163633254959e-09,1.6515958544944053e-08,2.3696809813447193e-08
1519,"(1.0, 1.0, 6.0, 7.0, 7.0, 9.0, 11.0)",1225481400.0000002,1,-21.21332840550145,1.0,1.0,6.125880642352906e-10,8.160058569636388e-10,8.160058562977732e-10
1520,"(1.0, 1.0, 6.0, 7.0, 7.0, 9.0, 14.0)",1392592499.9999998,9,-21.107519879916808,11.0,15.0,6.809584125060673e-10,7.898936695408026e-09,1.0771277249526835e-08
1521,"(1.0, 1.0, 6.0, 7.0, 7.0, 11.0, 13.0)",1392592499.9999998,2,-20.839727877181023,3.0,5.0,8.900638829515971e-10,2.1542554623840073e-09,3.5904257659991953e-09
1522,"(1.0, 1.0, 6.0, 7.0, 7.0, 11.0, 14.0)",1392592499.9999998,23,-20.76309424783033,27.0,41.0,9.60954314307913e-10,1.9388299161456064e-08,2.9441490943341953e-08
1523,"(1.0, 1.0, 6.0, 7.0, 7.0, 12.0, 12.0)",726569999.9999999,2,-21.040325727571453,3.0,5.0,7.28287136247734e-10,4.128989636236013e-09,6.881649376678134e-09
1524,"(1.0, 1.0, 6.0, 7.0, 7.0, 12.0, 14.0)",1453139999.9999998,12,-20.848805724908576,16.0,26.0,8.820205817217617e-10,1.1010639029962703e-08,1.789228830245522e-08
1525,"(1.0, 1.0, 6.0, 7.0, 7.0, 13.0, 14.0)",1453139999.9999998,14,-20.733919351596384,15.0,17.0,9.89403033048496e-10,1.0322474090590035e-08,1.1698803862781901e-08
1526,"(1.0, 1.0, 6.0, 7.0, 7.0, 14.0, 14.0)",726569999.9999999,23,-20.6572857222457,23.0,23.0,1.068205475369215e-09,3.1655587211142774e-08,3.1655586209066574e-08
1527,"(1.0, 1.0, 6.0, 7.0, 8.0, 8.0, 12.0)",1225481400.0000002,1,-20.515386997383093,2.0,4.0,1.2310640042602452e-09,1.6320117139272776e-09,3.2640234251910927e-09
1528,"(1.0, 1.0, 6.0, 7.0, 8.0, 8.0, 14.0)",1225481400.0000002,30,-20.323866994720213,41.0,75.0,1.4909281451388878e-09,3.345624013550919e-08,6.120043815295291e-08
1529,"(1.0, 1.0, 6.0, 7.0, 8.0, 9.0, 14.0)",2450962800.0000005,24,-20.96872711385471,27.0,33.0,7.823435779700745e-10,1.1016079069009124e-08,1.3464096518546041e-08
1530,"(1.0, 1.0, 6.0, 7.0, 8.0, 11.0, 13.0)",2450962800.0000005,1,-20.700935111118927,1.0,1.0,1.022581922804406e-09,4.080029284818194e-10,4.08002928315353e-10
1531,"(1.0, 1.0, 6.0, 7.0, 8.0, 11.0, 14.0)",2450962800.0000005,43,-20.62430148176824,51.0,69.0,1.1040269460137275e-09,2.080814935257279e-08,2.815220163226646e-08
1532,"(1.0, 1.0, 6.0, 7.0, 8.0, 12.0, 13.0)",2673777600.0,3,-20.786646588197165,3.0,3.0,9.385860378385308e-10,1.1220080533250036e-09,1.1220080520661015e-09
1533,"(1.0, 1.0, 6.0, 7.0, 8.0, 12.0, 14.0)",2673777600.0,22,-20.71001295884648,22.0,22.0,1.0133410867309043e-09,8.228059057716693e-09,8.228058990015736e-09
1534,"(1.0, 1.0, 6.0, 7.0, 8.0, 13.0, 14.0)",2673777600.0,24,-20.595126585534285,27.0,33.0,1.1367112803275784e-09,1.0098072479925032e-08,1.2342088484603972e-08
1535,"(1.0, 1.0, 6.0, 7.0, 8.0, 14.0, 14.0)",1336888800.0,64,-20.5184929561836,72.0,88.0,1.2272463020641998e-09,5.385638655960017e-08,6.582446956122316e-08
1536,"(1.0, 1.0, 6.0, 7.0, 9.0, 9.0, 14.0)",1225481400.0000002,10,-21.613587232989204,14.0,22.0,4.1052379082561727e-10,1.1424081997490943e-08,1.7952128722690405e-08
1537,"(1.0, 1.0, 6.0, 7.0, 9.0, 11.0, 12.0)",2450962800.0000005,1,-21.46068160356561,1.0,1.0,4.783484837471144e-10,4.080029284818194e-10,4.08002928315353e-10
1538,"(1.0, 1.0, 6.0, 7.0, 9.0, 11.0, 13.0)",2450962800.0000005,1,-21.345795230253422,1.0,1.0,5.365854839233684e-10,4.080029284818194e-10,4.08002928315353e-10
1539,"(1.0, 1.0, 6.0, 7.0, 9.0, 11.0, 14.0)",2450962800.0000005,27,-21.26916160090273,33.0,47.0,5.793226145310304e-10,1.346409663990004e-08,1.9176137457363612e-08
1540,"(1.0, 1.0, 6.0, 7.0, 9.0, 12.0, 13.0)",2673777600.0,2,-21.431506707331657,2.0,2.0,4.925098244804772e-10,7.480053688833357e-10,7.480053683238237e-10
1541,"(1.0, 1.0, 6.0, 7.0, 9.0, 12.0, 14.0)",2673777600.0,20,-21.35487307798097,25.0,39.0,5.317364851431494e-10,9.350067111041696e-09,1.4586104605801292e-08
1542,"(1.0, 1.0, 6.0, 7.0, 9.0, 13.0, 13.0)",1336888800.0,1,-21.31662033401947,1.0,1.0,5.524709108215384e-10,7.480053688833357e-10,7.480053683238237e-10
1543,"(1.0, 1.0, 6.0, 7.0, 9.0, 13.0, 14.0)",2673777600.0,21,-21.23998670466878,23.0,27.0,5.964732593384521e-10,8.60206174215836e-09,1.0098072405929565e-08
1544,"(1.0, 1.0, 6.0, 7.0, 9.0, 14.0, 14.0)",1336888800.0,47,-21.163353075318096,52.0,62.0,6.439802388451197e-10,3.889627918193346e-08,4.637633135784628e-08
1545,"(1.0, 1.0, 6.0, 7.0, 11.0, 11.0, 12.0)",1225481400.0000002,1,-21.116255971479145,1.0,1.0,6.750354070929959e-10,8.160058569636388e-10,8.160058562977732e-10
1546,"(1.0, 1.0, 6.0, 7.0, 11.0, 11.0, 13.0)",1225481400.0000002,1,-21.00136959816696,1.0,1.0,7.572182475483534e-10,8.160058569636388e-10,8.160058562977732e-10
1547,"(1.0, 1.0, 6.0, 7.0, 11.0, 11.0, 14.0)",1225481400.0000002,21,-20.924735968816268,27.0,41.0,8.175279952279988e-10,2.2032158138018247e-08,3.345623965009319e-08
1548,"(1.0, 1.0, 6.0, 7.0, 11.0, 12.0, 13.0)",2673777600.0,1,-21.087081075245187,1.0,1.0,6.950195958836581e-10,3.7400268444166784e-10,3.7400268430178984e-10
1549,"(1.0, 1.0, 6.0, 7.0, 11.0, 12.0, 14.0)",2673777600.0,24,-21.010447445894503,29.0,39.0,7.503754415673319e-10,1.0846077848808368e-08,1.4586104575587641e-08
1550,"(1.0, 1.0, 6.0, 7.0, 11.0, 13.0, 13.0)",1336888800.0,1,-20.972194701933,1.0,1.0,7.796354307890213e-10,7.480053688833357e-10,7.480053683238237e-10
1551,"(1.0, 1.0, 6.0, 7.0, 11.0, 13.0, 14.0)",2673777600.0,24,-20.89556107258231,35.0,59.0,8.417306276034547e-10,1.3090093955458374e-08,2.2066158210707844e-08
1552,"(1.0, 1.0, 6.0, 7.0, 11.0, 14.0, 14.0)",1336888800.0,51,-20.818927443231622,56.0,66.0,9.087714866019695e-10,4.18883006574668e-08,4.936835259167043e-08
1553,"(1.0, 1.0, 6.0, 7.0, 12.0, 12.0, 13.0)",1336888800.0,3,-21.172792552323425,3.0,3.0,6.379300026462083e-10,2.244016106650007e-09,2.2440161016143988e-09
1554,"(1.0, 1.0, 6.0, 7.0, 12.0, 12.0, 14.0)",1336888800.0,6,-21.09615892297274,8.0,14.0,6.887388647165957e-10,5.9840429510666854e-09,1.0472075128557931e-08
1555,"(1.0, 1.0, 6.0, 7.0, 12.0, 13.0, 14.0)",2673777600.0,24,-20.981272549660545,27.0,35.0,7.725900459134003e-10,1.0098072479925032e-08,1.3090093853487307e-08
1556,"(1.0, 1.0, 6.0, 7.0, 12.0, 14.0, 14.0)",1336888800.0,37,-20.904638920309864,48.0,84.0,8.341241028113897e-10,3.5904257706400114e-08,6.283244969708448e-08
1557,"(1.0, 1.0, 6.0, 7.0, 13.0, 13.0, 14.0)",1336888800.0,5,-20.86638617634836,6.0,8.0,8.6664977050493e-10,4.488032213300014e-09,5.984042930924252e-09
1558,"(1.0, 1.0, 6.0, 7.0, 13.0, 14.0, 14.0)",1336888800.0,32,-20.78975254699767,41.0,63.0,9.35675350851153e-10,3.0668220124216764e-08,4.712433729911042e-08
1559,"(1.0, 1.0, 6.0, 7.0, 14.0, 14.0, 14.0)",445629600.0,33,-20.713118917646984,37.0,47.0,1.0101985738487443e-09,8.302859594605026e-08,1.0546875011880259e-07
1560,"(1.0, 1.0, 6.0, 8.0, 8.0, 8.0, 13.0)",329937299.9999999,1,-20.2617078580088,1.0,1.0,1.5865438624076188e-09,3.030878897293517e-09,3.03087888810729e-09
1561,"(1.0, 1.0, 6.0, 8.0, 8.0, 8.0, 14.0)",329937299.9999999,1,-20.18507422865812,1.0,1.0,1.7129064538193768e-09,3.030878897293517e-09,3.03087888810729e-09
1562,"(1.0, 1.0, 6.0, 8.0, 8.0, 9.0, 13.0)",989811899.9999996,1,-20.906567977143297,1.0,1.0,8.325165810098891e-10,1.0102929657645057e-09,1.0102929647438138e-09
1563,"(1.0, 1.0, 6.0, 8.0, 8.0, 9.0, 14.0)",989811899.9999996,10,-20.82993434779261,10.0,10.0,8.988235738780437e-10,1.0102929657645057e-08,1.010292955557587e-08
1564,"(1.0, 1.0, 6.0, 8.0, 8.0, 11.0, 14.0)",989811899.9999996,19,-20.48550871570614,23.0,33.0,1.2684010877273086e-09,2.323673821258363e-08,3.3339667330282686e-08
1565,"(1.0, 1.0, 6.0, 8.0, 8.0, 12.0, 12.0)",565606799.9999999,2,-20.76274019544725,2.0,2.0,9.612946027093305e-10,3.5360253801757696e-09,3.536025367672294e-09
1566,"(1.0, 1.0, 6.0, 8.0, 8.0, 12.0, 14.0)",1131213599.9999998,22,-20.571220192784377,25.0,31.0,1.1642133747632955e-09,2.2100158626098558e-08,2.7404196207945204e-08
1567,"(1.0, 1.0, 6.0, 8.0, 8.0, 13.0, 13.0)",565606799.9999999,1,-20.53296744882288,1.0,1.0,1.209610477213986e-09,1.7680126900878848e-09,1.768012686962016e-09
1568,"(1.0, 1.0, 6.0, 8.0, 8.0, 13.0, 14.0)",1131213599.9999998,18,-20.456333819472185,21.0,29.0,1.3059516614202951e-09,1.856413324592279e-08,2.5636183661647284e-08
1569,"(1.0, 1.0, 6.0, 8.0, 8.0, 14.0, 14.0)",565606799.9999999,21,-20.3797001901215,25.0,45.0,1.4099660792411428e-09,4.4200317252197116e-08,7.956056910028677e-08
1570,"(1.0, 1.0, 6.0, 8.0, 9.0, 9.0, 14.0)",989811899.9999996,6,-21.474794466927108,7.0,9.0,4.716450306772446e-10,7.07205076035154e-09,9.092636641866649e-09
1571,"(1.0, 1.0, 6.0, 8.0, 9.0, 11.0, 11.0)",791849519.9999998,1,-21.23617736042528,1.0,1.0,5.987497645584593e-10,1.262866207205632e-09,1.2628662056108009e-09
1572,"(1.0, 1.0, 6.0, 8.0, 9.0, 11.0, 12.0)",1979623799.9999995,1,-21.321888837503515,1.0,1.0,5.495678699584949e-10,5.051464828822528e-10,5.051464826270798e-10
1573,"(1.0, 1.0, 6.0, 8.0, 9.0, 11.0, 14.0)",1979623799.9999995,12,-21.13036883484064,13.0,15.0,6.655756338822574e-10,6.566904277469286e-09,7.577197200109559e-09
1574,"(1.0, 1.0, 6.0, 8.0, 9.0, 12.0, 14.0)",2262427199.9999995,18,-21.21608031191888,23.0,33.0,6.109045966451196e-10,1.0166072968005337e-08,1.458610458987601e-08
1575,"(1.0, 1.0, 6.0, 8.0, 9.0, 13.0, 13.0)",1131213599.9999998,1,-21.177827567957365,2.0,4.0,6.347260877589354e-10,1.7680126900878848e-09,3.536025377049901e-09
1576,"(1.0, 1.0, 6.0, 8.0, 9.0, 13.0, 14.0)",2262427199.9999995,14,-21.10119393860668,15.0,17.0,6.852797693723488e-10,6.6300475878295675e-09,7.51405388891598e-09
1577,"(1.0, 1.0, 6.0, 8.0, 9.0, 14.0, 14.0)",1131213599.9999998,34,-21.024560309256,45.0,73.0,7.398598724200726e-10,3.978028552697741e-08,6.453246160573668e-08
1578,"(1.0, 1.0, 6.0, 8.0, 11.0, 11.0, 13.0)",989811899.9999996,1,-20.862576832104857,1.0,1.0,8.699574338336474e-10,1.0102929657645057e-09,1.0102929647438138e-09
1579,"(1.0, 1.0, 6.0, 8.0, 11.0, 11.0, 14.0)",989811899.9999996,21,-20.78594320275417,26.0,38.0,9.392464578322222e-10,2.6267617109877148e-08,3.83911320090635e-08
1580,"(1.0, 1.0, 6.0, 8.0, 11.0, 12.0, 14.0)",2262427199.9999995,27,-20.871654679832403,35.0,59.0,8.620958299291626e-10,1.5470111038268993e-08,2.6078186939471966e-08
1581,"(1.0, 1.0, 6.0, 8.0, 11.0, 13.0, 14.0)",2262427199.9999995,23,-20.75676830652021,26.0,32.0,9.6705252302088e-10,1.1492082485571251e-08,1.4144101388635119e-08
1582,"(1.0, 1.0, 6.0, 8.0, 11.0, 14.0, 14.0)",1131213599.9999998,53,-20.680134677169526,62.0,90.0,1.0440748264917483e-09,5.480839339272443e-08,7.956056804999484e-08
1583,"(1.0, 1.0, 6.0, 8.0, 12.0, 12.0, 13.0)",1182632399.9999998,1,-21.03399978626133,1.0,1.0,7.329088408321073e-10,8.455712865637709e-10,8.455712858487801e-10
1584,"(1.0, 1.0, 6.0, 8.0, 12.0, 12.0, 14.0)",1182632399.9999998,11,-20.95736615691064,13.0,19.0,7.912824304885572e-10,1.0992426725329022e-08,1.6065854323878204e-08
1585,"(1.0, 1.0, 6.0, 8.0, 12.0, 13.0, 14.0)",2365264799.9999995,13,-20.84247978359845,17.0,27.0,8.876178775727634e-10,7.187355935792053e-09,1.1415212316952822e-08
1586,"(1.0, 1.0, 6.0, 8.0, 12.0, 14.0, 14.0)",1182632399.9999998,30,-20.76584615424776,31.0,33.0,9.583134932762598e-10,2.6212709883476898e-08,2.7903851769498283e-08
1587,"(1.0, 1.0, 6.0, 8.0, 13.0, 13.0, 14.0)",1182632399.9999998,12,-20.727593410286257,12.0,12.0,9.956817771125409e-10,1.0146855438765252e-08,1.0146855335806577e-08
1588,"(1.0, 1.0, 6.0, 8.0, 13.0, 14.0, 14.0)",1182632399.9999998,31,-20.65095978093557,41.0,63.0,1.0749842991282177e-09,3.466842274911461e-08,5.327098985161803e-08
1589,"(1.0, 1.0, 6.0, 8.0, 14.0, 14.0, 14.0)",394210800.0,23,-20.574326151584884,30.0,52.0,1.1606029857484937e-09,7.610141579073937e-08,1.3190911491252277e-07
1590,"(1.0, 1.0, 6.0, 9.0, 9.0, 9.0, 14.0)",329937299.9999999,3,-22.1196545860616,3.0,3.0,2.4748909733504995e-10,9.092636691880551e-09,9.09263660920451e-09
1591,"(1.0, 1.0, 6.0, 9.0, 9.0, 11.0, 12.0)",989811899.9999996,1,-21.96674895663801,2.0,4.0,2.883780114571993e-10,2.0205859315290113e-09,4.041171858975255e-09
1592,"(1.0, 1.0, 6.0, 9.0, 9.0, 11.0, 14.0)",989811899.9999996,9,-21.77522895397513,12.0,20.0,3.492514542158867e-10,1.2123515589174068e-08,2.0205859168310486e-08
1593,"(1.0, 1.0, 6.0, 9.0, 9.0, 12.0, 14.0)",1131213599.9999998,10,-21.86094043105337,11.0,13.0,3.2056359623769176e-10,9.724069795483366e-09,1.1492082391013718e-08
1594,"(1.0, 1.0, 6.0, 9.0, 9.0, 13.0, 14.0)",1131213599.9999998,8,-21.746054057741176,8.0,8.0,3.5959092222471245e-10,7.072050760351539e-09,7.072050710337638e-09
1595,"(1.0, 1.0, 6.0, 9.0, 9.0, 14.0, 14.0)",565606799.9999999,10,-21.66942042839049,10.0,10.0,3.882310637657766e-10,1.768012690087885e-08,1.768012658829196e-08
1596,"(1.0, 1.0, 6.0, 9.0, 11.0, 11.0, 14.0)",989811899.9999996,12,-21.430803321888664,13.0,15.0,4.928563705850024e-10,1.3133808554938574e-08,1.515439431397066e-08
1597,"(1.0, 1.0, 6.0, 9.0, 11.0, 12.0, 12.0)",1131213599.9999998,1,-21.70803480162978,1.0,1.0,3.7352551455405874e-10,8.840063450439424e-10,8.840063442624752e-10
1598,"(1.0, 1.0, 6.0, 9.0, 11.0, 12.0, 13.0)",2262427199.9999995,2,-21.593148428317583,2.0,2.0,4.1900074066227315e-10,8.840063450439424e-10,8.840063442624752e-10
1599,"(1.0, 1.0, 6.0, 9.0, 11.0, 12.0, 14.0)",2262427199.9999995,14,-21.516514798966902,17.0,25.0,4.523726635243262e-10,7.51405393287351e-09,1.1050079256588273e-08
1600,"(1.0, 1.0, 6.0, 9.0, 11.0, 13.0, 13.0)",1131213599.9999998,1,-21.478262055005395,1.0,1.0,4.700123922863212e-10,8.840063450439424e-10,8.840063442624752e-10
1601,"(1.0, 1.0, 6.0, 9.0, 11.0, 13.0, 14.0)",2262427199.9999995,12,-21.401628425654707,15.0,21.0,5.074472122696882e-10,6.6300475878295675e-09,9.282066579003864e-09
1602,"(1.0, 1.0, 6.0, 9.0, 11.0, 14.0, 14.0)",1131213599.9999998,33,-21.324994796304026,37.0,45.0,5.478635828891319e-10,3.270823476662587e-08,3.978028445714879e-08
1603,"(1.0, 1.0, 6.0, 9.0, 12.0, 12.0, 14.0)",1182632399.9999998,3,-21.602226276045137,3.0,3.0,4.152143279819891e-10,2.536713859691313e-09,2.536713853256396e-09
1604,"(1.0, 1.0, 6.0, 9.0, 12.0, 13.0, 13.0)",1182632399.9999998,1,-21.56397353208363,1.0,1.0,4.314051120727755e-10,8.455712865637709e-10,8.455712858487801e-10
1605,"(1.0, 1.0, 6.0, 9.0, 12.0, 13.0, 14.0)",2365264799.9999995,12,-21.48733990273294,12.0,12.0,4.657649991212656e-10,5.073427719382626e-09,5.073427693642957e-09
1606,"(1.0, 1.0, 6.0, 9.0, 12.0, 14.0, 14.0)",1182632399.9999998,16,-21.41070627338226,17.0,19.0,5.028615293038878e-10,1.4374711871584106e-08,1.606585423807931e-08
1607,"(1.0, 1.0, 6.0, 9.0, 13.0, 13.0, 14.0)",1182632399.9999998,3,-21.37245352942076,5.0,9.0,5.224700107551192e-10,4.2278564328188544e-09,7.61014156119917e-09
1608,"(1.0, 1.0, 6.0, 9.0, 13.0, 14.0, 14.0)",1182632399.9999998,16,-21.295819900070065,19.0,31.0,5.640828939903615e-10,1.606585444471165e-08,2.621270962536522e-08
1609,"(1.0, 1.0, 6.0, 9.0, 14.0, 14.0, 14.0)",394210800.0,19,-21.21918627071938,22.0,28.0,6.090100957807374e-10,5.580770491320887e-08,7.102798495685682e-08
1610,"(1.0, 1.0, 6.0, 11.0, 11.0, 11.0, 13.0)",329937299.9999999,1,-21.16301131915288,1.0,1.0,6.442003606738761e-10,3.030878897293517e-09,3.03087888810729e-09
1611,"(1.0, 1.0, 6.0, 11.0, 11.0, 11.0, 14.0)",329937299.9999999,3,-21.086377689802195,3.0,3.0,6.95508634521164e-10,9.092636691880551e-09,9.09263660920451e-09
1612,"(1.0, 1.0, 6.0, 11.0, 11.0, 12.0, 13.0)",1131213599.9999998,1,-21.24872279623112,1.0,1.0,5.91285109403108e-10,8.840063450439424e-10,8.840063442624752e-10
1613,"(1.0, 1.0, 6.0, 11.0, 11.0, 12.0, 14.0)",1131213599.9999998,11,-21.17208916688044,13.0,17.0,6.383788711689992e-10,1.1492082485571251e-08,1.502810773367906e-08
1614,"(1.0, 1.0, 6.0, 11.0, 11.0, 13.0, 13.0)",565606799.9999999,1,-21.133836422918925,1.0,1.0,6.632716886241511e-10,1.7680126900878848e-09,1.768012686962016e-09
1615,"(1.0, 1.0, 6.0, 11.0, 11.0, 13.0, 14.0)",1131213599.9999998,12,-21.05720279356824,16.0,26.0,7.16098926099588e-10,1.4144101520703078e-08,2.2984164771086896e-08
1616,"(1.0, 1.0, 6.0, 11.0, 11.0, 14.0, 14.0)",565606799.9999999,18,-20.980569164217552,21.0,29.0,7.731336656697954e-10,3.712826649184558e-08,5.1272366634040486e-08
1617,"(1.0, 1.0, 6.0, 11.0, 12.0, 12.0, 14.0)",1182632399.9999998,8,-21.257800643958667,8.0,8.0,5.859418027722733e-10,6.7645702925101674e-09,6.764570246750756e-09
1618,"(1.0, 1.0, 6.0, 11.0, 12.0, 13.0, 14.0)",2365264799.9999995,21,-21.14291427064647,23.0,27.0,6.57277855944265e-10,9.724069795483366e-09,1.1415212274053374e-08
1619,"(1.0, 1.0, 6.0, 11.0, 12.0, 14.0, 14.0)",1182632399.9999998,32,-21.06628064129579,39.0,53.0,7.096277059059566e-10,3.297728017598707e-08,4.481527710037885e-08
1620,"(1.0, 1.0, 6.0, 11.0, 13.0, 13.0, 14.0)",1182632399.9999998,12,-21.028027897334283,12.0,12.0,7.372987861092914e-10,1.0146855438765252e-08,1.0146855335806577e-08
1621,"(1.0, 1.0, 6.0, 11.0, 13.0, 14.0, 14.0)",1182632399.9999998,30,-20.951394267983595,34.0,42.0,7.96022019336603e-10,2.8749423743168213e-08,3.5513993209149015e-08
1622,"(1.0, 1.0, 6.0, 11.0, 14.0, 14.0, 14.0)",394210800.0,20,-20.87476063863291,23.0,31.0,8.594223498081191e-10,5.8344418772900184e-08,7.863812624635948e-08
1623,"(1.0, 1.0, 6.0, 12.0, 12.0, 12.0, 13.0)",377071199.9999998,1,-21.42014575038759,1.0,1.0,4.981371125530097e-10,2.652019035131828e-09,2.652019028098623e-09
1624,"(1.0, 1.0, 6.0, 12.0, 12.0, 12.0, 14.0)",377071199.9999998,1,-21.343512121036905,1.0,1.0,5.378119667515252e-10,2.652019035131828e-09,2.652019028098623e-09
1625,"(1.0, 1.0, 6.0, 12.0, 12.0, 13.0, 14.0)",1131213599.9999995,1,-21.22862574772471,1.0,1.0,6.032884063487713e-10,8.840063450439426e-10,8.840063442624754e-10
1626,"(1.0, 1.0, 6.0, 12.0, 12.0, 14.0, 14.0)",565606799.9999998,8,-21.151992118374025,8.0,8.0,6.513381881425241e-10,1.4144101520703082e-08,1.4144101320647474e-08
1627,"(1.0, 1.0, 6.0, 12.0, 13.0, 13.0, 14.0)",1131213599.9999995,4,-21.11373937441252,4.0,4.0,6.767363386002706e-10,3.5360253801757704e-09,3.536025367672295e-09
1628,"(1.0, 1.0, 6.0, 12.0, 13.0, 14.0, 14.0)",1131213599.9999995,18,-21.03710574506184,20.0,24.0,7.306359876892439e-10,1.7680126900878852e-08,2.1216151968467734e-08
1629,"(1.0, 1.0, 6.0, 12.0, 14.0, 14.0, 14.0)",377071199.9999998,21,-20.96047211571115,24.0,30.0,7.888285526543309e-10,6.364845684316386e-08,7.956056700282877e-08
1630,"(1.0, 1.0, 6.0, 13.0, 13.0, 13.0, 14.0)",377071199.9999998,1,-20.99885300110033,1.0,1.0,7.59126260611977e-10,2.652019035131828e-09,2.652019028098623e-09
1631,"(1.0, 1.0, 6.0, 13.0, 13.0, 14.0, 14.0)",565606799.9999998,13,-20.92221937174964,17.0,27.0,8.19587974764706e-10,3.005621573149405e-08,4.773634172899679e-08
1632,"(1.0, 1.0, 6.0, 13.0, 14.0, 14.0, 14.0)",377071199.9999998,21,-20.84558574239896,25.0,35.0,8.848652500012192e-10,6.63004758782957e-08,9.282066183386087e-08
1633,"(1.0, 1.0, 6.0, 14.0, 14.0, 14.0, 14.0)",94267799.99999996,9,-20.76895211304827,10.0,12.0,9.55341628681792e-10,1.060807614052731e-07,1.2729690243319977e-07
1634,"(1.0, 1.0, 7.0, 7.0, 7.0, 7.0, 14.0)",121094999.99999996,2,-20.39747206082121,2.0,2.0,1.3851296926048534e-09,1.6515958544944057e-08,1.651595827216717e-08
1635,"(1.0, 1.0, 7.0, 7.0, 7.0, 8.0, 14.0)",464197500.0,11,-20.25867929475912,14.0,22.0,1.5913560942393254e-09,3.015957647337609e-08,4.7393619262848096e-08
1636,"(1.0, 1.0, 7.0, 7.0, 7.0, 9.0, 14.0)",464197500.0,4,-20.90353941389361,4.0,4.0,8.35041731991523e-10,8.617021849536028e-09,8.617021775282962e-09
1637,"(1.0, 1.0, 7.0, 7.0, 7.0, 11.0, 14.0)",464197500.0,8,-20.55911378180714,10.0,14.0,1.1783934822557917e-09,2.1542554623840067e-08,3.015957600929443e-08
1638,"(1.0, 1.0, 7.0, 7.0, 7.0, 12.0, 13.0)",484380000.0,1,-20.721458888236064,1.0,1.0,1.0018085822259124e-09,2.0644948181180067e-09,2.064494813855868e-09
1639,"(1.0, 1.0, 7.0, 7.0, 7.0, 12.0, 14.0)",484380000.0,6,-20.64482525888538,6.0,6.0,1.0815990825380225e-09,1.2386968908708038e-08,1.238696875527104e-08
1640,"(1.0, 1.0, 7.0, 7.0, 7.0, 13.0, 14.0)",484380000.0,4,-20.529938885573188,4.0,4.0,1.2132794120479729e-09,8.257979272472027e-09,8.257979204277804e-09
1641,"(1.0, 1.0, 7.0, 7.0, 7.0, 14.0, 14.0)",242190000.0,19,-20.4533052562225,23.0,31.0,1.309912813900648e-09,9.49667616334283e-08,1.2799866970463059e-07
1642,"(1.0, 1.0, 7.0, 7.0, 8.0, 8.0, 12.0)",612740700.0000001,1,-20.311406531359893,1.0,1.0,1.5096220260010947e-09,1.6320117139272776e-09,1.6320117112638153e-09
1643,"(1.0, 1.0, 7.0, 7.0, 8.0, 8.0, 14.0)",612740700.0000001,13,-20.119886528697016,14.0,16.0,1.8282867172605689e-09,2.2848163994981886e-08,2.6112186900797843e-08
1644,"(1.0, 1.0, 7.0, 7.0, 8.0, 9.0, 14.0)",1225481400.0000002,11,-20.764746647831515,11.0,11.0,9.593677445827215e-10,8.976064426600027e-09,8.976064346030294e-09
1645,"(1.0, 1.0, 7.0, 7.0, 8.0, 11.0, 13.0)",1225481400.0000002,1,-20.49695464509573,1.0,1.0,1.2539658285140945e-09,8.160058569636388e-10,8.160058562977732e-10
1646,"(1.0, 1.0, 7.0, 7.0, 8.0, 11.0, 14.0)",1225481400.0000002,19,-20.42032101574505,23.0,33.0,1.3538397591297755e-09,1.8768134710163692e-08,2.69281929275572e-08
1647,"(1.0, 1.0, 7.0, 7.0, 8.0, 12.0, 13.0)",1336888800.0,1,-20.582666122173965,1.0,1.0,1.1509638419405937e-09,7.480053688833357e-10,7.480053683238237e-10
1648,"(1.0, 1.0, 7.0, 7.0, 8.0, 12.0, 14.0)",1336888800.0,14,-20.50603249282328,16.0,20.0,1.2426340296580301e-09,1.1968085902133371e-08,1.4960107234431632e-08
1649,"(1.0, 1.0, 7.0, 7.0, 8.0, 13.0, 13.0)",668444400.0,1,-20.467779748861773,1.0,1.0,1.2910890513713698e-09,1.4960107377666714e-09,1.4960107355286232e-09
1650,"(1.0, 1.0, 7.0, 7.0, 8.0, 13.0, 14.0)",1336888800.0,22,-20.391146119511088,25.0,33.0,1.3939197150172303e-09,1.870013422208339e-08,2.4684176823455058e-08
1651,"(1.0, 1.0, 7.0, 7.0, 8.0, 14.0, 14.0)",668444400.0,39,-20.314512490160404,49.0,73.0,1.50494047629781e-09,7.33045261505669e-08,1.0920877848341347e-07
1652,"(1.0, 1.0, 7.0, 7.0, 9.0, 9.0, 14.0)",612740700.0000001,6,-21.409606766966007,9.0,15.0,5.034147328515379e-10,1.4688105425345498e-08,2.4480175493168725e-08
1653,"(1.0, 1.0, 7.0, 7.0, 9.0, 11.0, 14.0)",1225481400.0000002,18,-21.065181134879538,20.0,24.0,7.104083752185633e-10,1.6320117139272774e-08,1.9584140300781105e-08
1654,"(1.0, 1.0, 7.0, 7.0, 9.0, 12.0, 14.0)",1336888800.0,13,-21.150892611957776,16.0,22.0,6.520547325099131e-10,1.1968085902133371e-08,1.6456117972198304e-08
1655,"(1.0, 1.0, 7.0, 7.0, 9.0, 13.0, 14.0)",1336888800.0,13,-21.036006238645584,16.0,22.0,7.314397684457303e-10,1.1968085902133371e-08,1.6456117972198304e-08
1656,"(1.0, 1.0, 7.0, 7.0, 9.0, 14.0, 14.0)",668444400.0,16,-20.959372609294896,19.0,25.0,7.89696351697181e-10,2.8424204017566758e-08,3.740026763623141e-08
1657,"(1.0, 1.0, 7.0, 7.0, 11.0, 11.0, 14.0)",612740700.0000001,14,-20.720755502793068,17.0,23.0,1.0025134876803737e-09,2.7744199136763717e-08,3.7536268650586795e-08
1658,"(1.0, 1.0, 7.0, 7.0, 11.0, 12.0, 14.0)",1336888800.0,10,-20.806466979871303,10.0,10.0,9.201660437151999e-10,7.480053688833357e-09,7.480053632882154e-09
1659,"(1.0, 1.0, 7.0, 7.0, 11.0, 13.0, 14.0)",1336888800.0,16,-20.69158060655912,18.0,22.0,1.032192551315361e-09,1.3464096639900043e-08,1.6456117934151486e-08
1660,"(1.0, 1.0, 7.0, 7.0, 11.0, 14.0, 14.0)",668444400.0,28,-20.614946977208422,30.0,34.0,1.1144030269981591e-09,4.488032213300014e-08,5.086436306982351e-08
1661,"(1.0, 1.0, 7.0, 7.0, 12.0, 12.0, 14.0)",668444400.0,9,-20.892178456949544,11.0,15.0,8.445826997954843e-10,1.6456118115433385e-08,2.2440160795696245e-08
1662,"(1.0, 1.0, 7.0, 7.0, 12.0, 13.0, 14.0)",1336888800.0,12,-20.77729208363735,16.0,24.0,9.474072398704495e-10,1.1968085902133371e-08,1.7952128709964976e-08
1663,"(1.0, 1.0, 7.0, 7.0, 12.0, 14.0, 14.0)",668444400.0,25,-20.700658454286664,32.0,46.0,1.0228648662172076e-09,4.7872343608533484e-08,6.881649164550559e-08
1664,"(1.0, 1.0, 7.0, 7.0, 13.0, 13.0, 14.0)",668444400.0,5,-20.66240571032516,5.0,5.0,1.0627502533218903e-09,7.480053688833357e-09,7.480053632882154e-09
1665,"(1.0, 1.0, 7.0, 7.0, 13.0, 14.0, 14.0)",668444400.0,19,-20.585772080974472,21.0,25.0,1.1473945415859905e-09,3.14162254931001e-08,3.740026745718756e-08
1666,"(1.0, 1.0, 7.0, 7.0, 14.0, 14.0, 14.0)",222814800.0,11,-20.509138451623787,11.0,11.0,1.2387804471899466e-09,4.936835434630016e-08,4.936835190906575e-08
1667,"(1.0, 1.0, 7.0, 8.0, 8.0, 8.0, 14.0)",329937299.9999999,4,-19.98109376263492,4.0,4.0,2.1004929899798415e-09,1.2123515589174068e-08,1.2123515442194438e-08
1668,"(1.0, 1.0, 7.0, 8.0, 8.0, 9.0, 12.0)",989811899.9999996,1,-20.81747388443229,1.0,1.0,9.100933998995075e-10,1.0102929657645057e-09,1.0102929647438138e-09
1669,"(1.0, 1.0, 7.0, 8.0, 8.0, 9.0, 14.0)",989811899.9999996,21,-20.62595388176941,26.0,38.0,1.1022041582888112e-09,2.6267617109877148e-08,3.83911320090635e-08
1670,"(1.0, 1.0, 7.0, 8.0, 8.0, 11.0, 14.0)",989811899.9999996,23,-20.281528249682943,27.0,35.0,1.555407528130518e-09,2.7277910075641656e-08,3.536025305767332e-08
1671,"(1.0, 1.0, 7.0, 8.0, 8.0, 12.0, 13.0)",1131213599.9999998,2,-20.443873356111865,2.0,2.0,1.3223262297386888e-09,1.7680126900878848e-09,1.768012686962016e-09
1672,"(1.0, 1.0, 7.0, 8.0, 8.0, 12.0, 14.0)",1131213599.9999998,21,-20.36723972676118,26.0,38.0,1.4276448238480008e-09,2.2984164971142503e-08,3.359224058339797e-08
1673,"(1.0, 1.0, 7.0, 8.0, 8.0, 13.0, 13.0)",565606799.9999999,1,-20.32898698279968,1.0,1.0,1.4833141193022027e-09,1.7680126900878848e-09,1.768012686962016e-09
1674,"(1.0, 1.0, 7.0, 8.0, 8.0, 13.0, 14.0)",1131213599.9999998,15,-20.25235335344899,15.0,15.0,1.6014548278157796e-09,1.3260095175659135e-08,1.3260094999829012e-08
1675,"(1.0, 1.0, 7.0, 8.0, 8.0, 14.0, 14.0)",565606799.9999999,34,-20.1757197240983,42.0,60.0,1.7290050247353904e-09,7.425653298369116e-08,1.0608075589124038e-07
1676,"(1.0, 1.0, 7.0, 8.0, 9.0, 9.0, 12.0)",989811899.9999996,2,-21.462334003566788,5.0,13.0,4.775587133999697e-10,5.051464828822529e-09,1.3133808529421276e-08
1677,"(1.0, 1.0, 7.0, 8.0, 9.0, 9.0, 14.0)",989811899.9999996,7,-21.27081400090391,8.0,10.0,5.783661323053444e-10,8.082343726116045e-09,1.0102929592320778e-08
1678,"(1.0, 1.0, 7.0, 8.0, 9.0, 11.0, 14.0)",1979623799.9999995,31,-20.92638836881744,42.0,68.0,8.161782274529813e-10,2.1216152281054616e-08,3.434996038586807e-08
1679,"(1.0, 1.0, 7.0, 8.0, 9.0, 12.0, 12.0)",1131213599.9999998,1,-21.20361984855856,1.0,1.0,6.185643740697349e-10,8.840063450439424e-10,8.840063442624752e-10
1680,"(1.0, 1.0, 7.0, 8.0, 9.0, 12.0, 14.0)",2262427199.9999995,16,-21.01209984589568,17.0,19.0,7.491365450450031e-10,7.51405393287351e-09,8.398060221456446e-09
1681,"(1.0, 1.0, 7.0, 8.0, 9.0, 13.0, 13.0)",1131213599.9999998,1,-20.97384710193417,1.0,1.0,7.783482249845948e-10,8.840063450439424e-10,8.840063442624752e-10
1682,"(1.0, 1.0, 7.0, 8.0, 9.0, 13.0, 14.0)",2262427199.9999995,16,-20.897213472583484,17.0,19.0,8.403409004222251e-10,7.51405393287351e-09,8.398060221456446e-09
1683,"(1.0, 1.0, 7.0, 8.0, 9.0, 14.0, 14.0)",1131213599.9999998,32,-20.8205798432328,37.0,47.0,9.07271072579902e-10,3.270823476662587e-08,4.1548297147236675e-08
1684,"(1.0, 1.0, 7.0, 8.0, 11.0, 11.0, 13.0)",989811899.9999996,1,-20.658596366081657,1.0,1.0,1.0668063555215712e-09,1.0102929657645057e-09,1.0102929647438138e-09
1685,"(1.0, 1.0, 7.0, 8.0, 11.0, 11.0, 14.0)",989811899.9999996,24,-20.58196273673097,31.0,51.0,1.1517736979395003e-09,3.131908193869968e-08,5.15249402731049e-08
1686,"(1.0, 1.0, 7.0, 8.0, 11.0, 12.0, 12.0)",1131213599.9999998,2,-20.859194216472083,4.0,10.0,8.729051481307449e-10,3.5360253801757696e-09,8.84006343793595e-09
1687,"(1.0, 1.0, 7.0, 8.0, 11.0, 12.0, 13.0)",2262427199.9999995,1,-20.74430784315989,1.0,1.0,9.791778321525047e-10,4.420031725219712e-10,4.420031723266044e-10
1688,"(1.0, 1.0, 7.0, 8.0, 11.0, 12.0, 14.0)",2262427199.9999995,27,-20.667674213809207,32.0,44.0,1.0571658734890854e-09,1.4144101520703078e-08,1.9448139390911126e-08
1689,"(1.0, 1.0, 7.0, 8.0, 11.0, 13.0, 13.0)",1131213599.9999998,1,-20.6294214698477,1.0,1.0,1.0983887871804254e-09,8.840063450439424e-10,8.840063442624752e-10
1690,"(1.0, 1.0, 7.0, 8.0, 11.0, 13.0, 14.0)",2262427199.9999995,20,-20.55278784049701,22.0,26.0,1.1858715582619162e-09,9.724069795483366e-09,1.1492082391013718e-08
1691,"(1.0, 1.0, 7.0, 8.0, 11.0, 14.0, 14.0)",1131213599.9999998,60,-20.47615421114633,66.0,80.0,1.280322021771998e-09,5.83444187729002e-08,7.07205041994442e-08
1692,"(1.0, 1.0, 7.0, 8.0, 12.0, 12.0, 13.0)",1182632399.9999998,1,-20.83001932023813,1.0,1.0,8.98747201885683e-10,8.455712865637709e-10,8.455712858487801e-10
1693,"(1.0, 1.0, 7.0, 8.0, 12.0, 12.0, 14.0)",1182632399.9999998,13,-20.75338569088744,17.0,31.0,9.703292287966881e-10,1.4374711871584106e-08,2.6212709676844557e-08
1694,"(1.0, 1.0, 7.0, 8.0, 12.0, 13.0, 14.0)",2365264799.9999995,25,-20.638499317575253,29.0,39.0,1.0884629020254538e-09,1.226078365517468e-08,1.648863993766672e-08
1695,"(1.0, 1.0, 7.0, 8.0, 12.0, 14.0, 14.0)",1182632399.9999998,47,-20.561865688224565,57.0,79.0,1.1751551115599512e-09,4.8197563334134945e-08,6.680012931553279e-08
1696,"(1.0, 1.0, 7.0, 8.0, 13.0, 13.0, 14.0)",1182632399.9999998,17,-20.523612944263057,17.0,17.0,1.2209788738971614e-09,1.4374711871584106e-08,1.4374711664951766e-08
1697,"(1.0, 1.0, 7.0, 8.0, 13.0, 14.0, 14.0)",1182632399.9999998,34,-20.44697931491237,43.0,65.0,1.3182255105773081e-09,3.635956532224215e-08,5.496213230462712e-08
1698,"(1.0, 1.0, 7.0, 8.0, 14.0, 14.0, 14.0)",394210800.0,26,-20.370345685561688,29.0,35.0,1.4232174969500362e-09,7.356470193104805e-08,8.878497967743056e-08
1699,"(1.0, 1.0, 7.0, 9.0, 9.0, 9.0, 14.0)",329937299.9999999,2,-21.915674120038403,2.0,2.0,3.0348949464786505e-10,6.061757794587034e-09,6.061757757842127e-09
1700,"(1.0, 1.0, 7.0, 9.0, 9.0, 11.0, 14.0)",989811899.9999996,10,-21.571248487951934,11.0,13.0,4.2827804734168495e-10,1.1113222623409564e-08,1.3133808431434857e-08
1701,"(1.0, 1.0, 7.0, 9.0, 9.0, 12.0, 14.0)",1131213599.9999998,5,-21.65695996503017,5.0,5.0,3.9309886727241117e-10,4.420031725219712e-09,4.420031705683032e-09
1702,"(1.0, 1.0, 7.0, 9.0, 9.0, 13.0, 14.0)",1131213599.9999998,7,-21.54207359171798,7.0,7.0,4.4095707019447034e-10,6.188044415307597e-09,6.188044377015703e-09
1703,"(1.0, 1.0, 7.0, 9.0, 9.0, 14.0, 14.0)",565606799.9999999,21,-21.46543996236729,25.0,33.0,4.760777368280155e-10,4.4200317252197116e-08,5.834441681923215e-08
1704,"(1.0, 1.0, 7.0, 9.0, 11.0, 11.0, 14.0)",989811899.9999996,13,-21.226822855865464,13.0,13.0,6.043770511649137e-10,1.3133808554938574e-08,1.3133808382441646e-08
1705,"(1.0, 1.0, 7.0, 9.0, 11.0, 12.0, 12.0)",1131213599.9999998,2,-21.50405433560658,2.0,2.0,4.5804470124446573e-10,1.7680126900878848e-09,1.768012686962016e-09
1706,"(1.0, 1.0, 7.0, 9.0, 11.0, 12.0, 13.0)",2262427199.9999995,1,-21.389167962294387,1.0,1.0,5.138097977242306e-10,4.420031725219712e-10,4.420031723266044e-10
1707,"(1.0, 1.0, 7.0, 9.0, 11.0, 12.0, 14.0)",2262427199.9999995,13,-21.312534332943702,16.0,24.0,5.547329257080108e-10,7.072050760351539e-09,1.0608076090513406e-08
1708,"(1.0, 1.0, 7.0, 9.0, 11.0, 13.0, 13.0)",1131213599.9999998,1,-21.2742815889822,1.0,1.0,5.763640699699145e-10,8.840063450439424e-10,8.840063442624752e-10
1709,"(1.0, 1.0, 7.0, 9.0, 11.0, 13.0, 14.0)",2262427199.9999995,20,-21.19764795963151,25.0,37.0,6.222694238676067e-10,1.1050079313049279e-08,1.6354117261208682e-08
1710,"(1.0, 1.0, 7.0, 9.0, 11.0, 14.0, 14.0)",1131213599.9999998,31,-21.121014330280826,37.0,49.0,6.718309763839618e-10,3.270823476662587e-08,4.331630983732456e-08
1711,"(1.0, 1.0, 7.0, 9.0, 12.0, 12.0, 14.0)",1182632399.9999998,10,-21.39824581002194,13.0,19.0,5.091666175468349e-10,1.0992426725329022e-08,1.6065854323878204e-08
1712,"(1.0, 1.0, 7.0, 9.0, 12.0, 13.0, 14.0)",2365264799.9999995,15,-21.283359436709745,16.0,18.0,5.711556013177037e-10,6.7645702925101674e-09,7.610141533314528e-09
1713,"(1.0, 1.0, 7.0, 9.0, 12.0, 14.0, 14.0)",1182632399.9999998,25,-21.20672580735906,29.0,37.0,6.166461191608888e-10,2.452156731034936e-08,3.128613700155226e-08
1714,"(1.0, 1.0, 7.0, 9.0, 13.0, 13.0, 13.0)",394210800.0,1,-21.24510669274824,1.0,1.0,5.934271280930959e-10,2.536713859691312e-09,2.536713853256395e-09
1715,"(1.0, 1.0, 7.0, 9.0, 13.0, 13.0, 14.0)",1182632399.9999998,6,-21.16847306339756,7.0,9.0,6.406914940502314e-10,5.918999005946397e-09,7.610141544039389e-09
1716,"(1.0, 1.0, 7.0, 9.0, 13.0, 14.0, 14.0)",1182632399.9999998,23,-21.091839434046868,28.0,40.0,6.917202991163654e-10,2.3675996023785587e-08,3.382285090199805e-08
1717,"(1.0, 1.0, 7.0, 9.0, 14.0, 14.0, 14.0)",394210800.0,27,-21.015205804696183,35.0,57.0,7.468133675146266e-10,8.878498508919593e-08,1.4459268211963122e-07
1718,"(1.0, 1.0, 7.0, 11.0, 11.0, 11.0, 14.0)",329937299.9999999,6,-20.882397223779,7.0,9.0,8.528842938414176e-10,2.121615228105462e-08,2.727790962551654e-08
1719,"(1.0, 1.0, 7.0, 11.0, 11.0, 12.0, 12.0)",565606799.9999999,2,-21.15962870352012,2.0,2.0,6.463831325423545e-10,3.5360253801757696e-09,3.536025367672294e-09
1720,"(1.0, 1.0, 7.0, 11.0, 11.0, 12.0, 13.0)",1131213599.9999998,1,-21.04474233020792,1.0,1.0,7.250776740383848e-10,8.840063450439424e-10,8.840063442624752e-10
1721,"(1.0, 1.0, 7.0, 11.0, 11.0, 12.0, 14.0)",1131213599.9999998,12,-20.96810870085724,18.0,34.0,7.82827539035663e-10,1.5912114210790962e-08,3.005621547829866e-08
1722,"(1.0, 1.0, 7.0, 11.0, 11.0, 13.0, 13.0)",565606799.9999999,1,-20.92985595689573,3.0,9.0,8.133529588265692e-10,5.304038070263654e-09,1.5912114182658142e-08
1723,"(1.0, 1.0, 7.0, 11.0, 11.0, 13.0, 14.0)",1131213599.9999998,9,-20.85322232754504,10.0,12.0,8.781336371582661e-10,8.840063450439424e-09,1.0608076062380586e-08
1724,"(1.0, 1.0, 7.0, 11.0, 11.0, 14.0, 14.0)",565606799.9999999,28,-20.77658869819436,36.0,52.0,9.480738667518945e-10,6.364845684316385e-08,9.193665583344395e-08
1725,"(1.0, 1.0, 7.0, 11.0, 12.0, 12.0, 14.0)",1182632399.9999998,13,-21.05382017793547,17.0,27.0,7.185253149785195e-10,1.4374711871584106e-08,2.2830424530589474e-08
1726,"(1.0, 1.0, 7.0, 11.0, 12.0, 13.0, 14.0)",2365264799.9999995,21,-20.938933804623275,23.0,27.0,8.060028764568404e-10,9.724069795483366e-09,1.1415212274053374e-08
1727,"(1.0, 1.0, 7.0, 11.0, 12.0, 14.0, 14.0)",1182632399.9999998,38,-20.8623001752726,46.0,68.0,8.701981467973967e-10,3.8896279181933465e-08,5.749884597341589e-08
1728,"(1.0, 1.0, 7.0, 11.0, 13.0, 13.0, 14.0)",1182632399.9999998,14,-20.824047431311087,15.0,17.0,9.041304785150366e-10,1.2683569298456565e-08,1.4374711710711177e-08
1729,"(1.0, 1.0, 7.0, 11.0, 13.0, 14.0, 14.0)",1182632399.9999998,45,-20.7474138019604,52.0,68.0,9.761412643159089e-10,4.396970690131609e-08,5.74988455530013e-08
1730,"(1.0, 1.0, 7.0, 11.0, 14.0, 14.0, 14.0)",394210800.0,38,-20.67078017260972,44.0,56.0,1.05388745379454e-09,1.1161540982641774e-07,1.4205596368471378e-07
1731,"(1.0, 1.0, 7.0, 12.0, 12.0, 12.0, 14.0)",377071199.9999998,3,-21.139531655013705,3.0,3.0,6.595049388540468e-10,7.956057105395483e-09,7.956057042096638e-09
1732,"(1.0, 1.0, 7.0, 12.0, 12.0, 13.0, 14.0)",1131213599.9999995,4,-21.02464528170152,4.0,4.0,7.397970073883059e-10,3.5360253801757704e-09,3.536025367672295e-09
1733,"(1.0, 1.0, 7.0, 12.0, 12.0, 14.0, 14.0)",565606799.9999998,12,-20.94801165235083,12.0,12.0,7.987192150796843e-10,2.1216152281054623e-08,2.1216151830929506e-08
1734,"(1.0, 1.0, 7.0, 12.0, 13.0, 13.0, 14.0)",1131213599.9999995,9,-20.90975890838932,9.0,9.0,8.298643116936877e-10,7.956057105395483e-09,7.956057042096638e-09
1735,"(1.0, 1.0, 7.0, 12.0, 13.0, 14.0, 14.0)",1131213599.9999995,18,-20.83312527903864,20.0,24.0,8.959600607179951e-10,1.7680126900878852e-08,2.1216151968467734e-08
1736,"(1.0, 1.0, 7.0, 12.0, 14.0, 14.0, 14.0)",377071199.9999998,16,-20.756491649687952,17.0,19.0,9.673201017205582e-10,4.5084323597241074e-08,5.0388359634908494e-08
1737,"(1.0, 1.0, 7.0, 13.0, 13.0, 13.0, 14.0)",377071199.9999998,3,-20.794872535077133,3.0,3.0,9.308969473316048e-10,7.956057105395483e-09,7.956057042096638e-09
1738,"(1.0, 1.0, 7.0, 13.0, 13.0, 14.0, 14.0)",565606799.9999998,15,-20.718238905726444,15.0,15.0,1.0050395874371359e-09,2.6520190351318277e-08,2.652018964799778e-08
1739,"(1.0, 1.0, 7.0, 13.0, 14.0, 14.0, 14.0)",377071199.9999998,21,-20.64160527637576,22.0,24.0,1.0850874258544375e-09,5.834441877290021e-08,6.364845343909266e-08
1740,"(1.0, 1.0, 7.0, 14.0, 14.0, 14.0, 14.0)",94267799.99999996,12,-20.56497164702507,13.0,15.0,1.1715107906842122e-09,1.3790498982685504e-07,1.5912112309012344e-07
1741,"(1.0, 1.0, 8.0, 8.0, 8.0, 9.0, 14.0)",244398000.0,5,-20.48716111570732,5.0,5.0,1.2663069124525628e-09,2.0458432556731234e-08,2.045843213818377e-08
1742,"(1.0, 1.0, 8.0, 8.0, 8.0, 11.0, 12.0)",244398000.0,1,-20.334255486283723,1.0,1.0,1.4755198238620005e-09,4.091686511346247e-09,4.0916864946043485e-09
1743,"(1.0, 1.0, 8.0, 8.0, 8.0, 11.0, 14.0)",244398000.0,8,-20.142735483620847,9.0,11.0,1.7869859133994865e-09,3.682517860211622e-08,4.5008550268714934e-08
1744,"(1.0, 1.0, 8.0, 8.0, 8.0, 12.0, 12.0)",146638799.99999997,1,-20.41996696336196,1.0,1.0,1.3543191741868282e-09,6.819477518910412e-09,6.819477472405139e-09
1745,"(1.0, 1.0, 8.0, 8.0, 8.0, 12.0, 14.0)",293277599.99999994,3,-20.22844696069908,3.0,3.0,1.6402011327670528e-09,1.0229216278365618e-08,1.0229216173728753e-08
1746,"(1.0, 1.0, 8.0, 8.0, 8.0, 13.0, 14.0)",293277599.99999994,3,-20.11356058738689,3.0,3.0,1.839889010754659e-09,1.0229216278365618e-08,1.0229216173728753e-08
1747,"(1.0, 1.0, 8.0, 8.0, 8.0, 14.0, 14.0)",146638799.99999997,7,-20.036926958036204,7.0,7.0,1.986429644655679e-09,4.773634263237289e-08,4.7736340353614485e-08
1748,"(1.0, 1.0, 8.0, 8.0, 9.0, 9.0, 14.0)",366597000.0,5,-21.132021234841808,6.0,8.0,6.644767448562042e-10,1.6366746045384987e-08,2.182232779264294e-08
1749,"(1.0, 1.0, 8.0, 8.0, 9.0, 11.0, 14.0)",733193999.9999999,11,-20.78759560275534,12.0,14.0,9.376957285495816e-10,1.636674604538499e-08,1.909453678507878e-08
1750,"(1.0, 1.0, 8.0, 8.0, 9.0, 12.0, 14.0)",879832799.9999999,10,-20.873307079833577,14.0,28.0,8.606724790751153e-10,1.5912114210790962e-08,3.1824228168386544e-08
1751,"(1.0, 1.0, 8.0, 8.0, 9.0, 13.0, 14.0)",879832799.9999999,12,-20.758420706521385,14.0,20.0,9.654558849363835e-10,1.5912114210790962e-08,2.2731591476505995e-08
1752,"(1.0, 1.0, 8.0, 8.0, 9.0, 14.0, 14.0)",439916400.0,13,-20.681787077170696,19.0,33.0,1.042351021846857e-09,4.31900242864326e-08,7.501425084263632e-08
1753,"(1.0, 1.0, 8.0, 8.0, 11.0, 11.0, 13.0)",366597000.0,1,-20.51980360001956,1.0,1.0,1.2256388728768736e-09,2.7277910075641643e-09,2.7277910001233207e-09
1754,"(1.0, 1.0, 8.0, 8.0, 11.0, 11.0, 14.0)",366597000.0,5,-20.44316997066887,7.0,11.0,1.3232566619474537e-09,1.9094537052949152e-08,3.000570071860446e-08
1755,"(1.0, 1.0, 8.0, 8.0, 11.0, 12.0, 13.0)",879832799.9999999,1,-20.60551507709779,1.0,1.0,1.124963690302231e-09,1.1365795864850687e-09,1.1365795851932556e-09
1756,"(1.0, 1.0, 8.0, 8.0, 11.0, 12.0, 14.0)",879832799.9999999,20,-20.528881447747107,27.0,45.0,1.2145630581602428e-09,3.0687648835096854e-08,5.11460804500963e-08
1757,"(1.0, 1.0, 8.0, 8.0, 11.0, 13.0, 14.0)",879832799.9999999,10,-20.413995074434915,11.0,13.0,1.3624312158641686e-09,1.2502375451335756e-08,1.4775534467996501e-08
1758,"(1.0, 1.0, 8.0, 8.0, 11.0, 14.0, 14.0)",439916400.0,16,-20.337361445084227,20.0,30.0,1.4709440298721138e-09,4.546318345940274e-08,6.819477312220306e-08
1759,"(1.0, 1.0, 8.0, 8.0, 12.0, 12.0, 14.0)",481813200.00000006,1,-20.614592924825345,2.0,4.0,1.1147976539007515e-09,4.150986315858511e-09,8.301972614486335e-09
1760,"(1.0, 1.0, 8.0, 8.0, 12.0, 13.0, 14.0)",963626400.0,13,-20.49970655151315,20.0,38.0,1.250519775685572e-09,2.0754931579292557e-08,3.9434369569888667e-08
1761,"(1.0, 1.0, 8.0, 8.0, 12.0, 14.0, 14.0)",481813200.00000006,18,-20.423072922162465,20.0,24.0,1.3501192404160894e-09,4.150986315858511e-08,4.981183406723339e-08
1762,"(1.0, 1.0, 8.0, 8.0, 13.0, 13.0, 14.0)",481813200.00000006,3,-20.38482017820096,3.0,3.0,1.4027655188444667e-09,6.226479473787766e-09,6.22647943501872e-09
1763,"(1.0, 1.0, 8.0, 8.0, 13.0, 14.0, 14.0)",481813200.00000006,18,-20.30818654885028,21.0,27.0,1.5144908170251636e-09,4.358535631651436e-08,5.60383133644066e-08
1764,"(1.0, 1.0, 8.0, 8.0, 14.0, 14.0, 14.0)",160604400.00000003,17,-20.23155291949959,18.0,20.0,1.6351146389333845e-09,1.1207663052817978e-07,1.2452957691458418e-07
1765,"(1.0, 1.0, 8.0, 9.0, 9.0, 9.0, 14.0)",244398000.0,2,-21.776881353976307,2.0,2.0,3.4867482765259915e-10,8.183373022692493e-09,8.183372955724899e-09
1766,"(1.0, 1.0, 8.0, 9.0, 9.0, 11.0, 14.0)",733193999.9999999,7,-21.43245572188984,8.0,10.0,4.920426472010789e-10,1.0911164030256659e-08,1.3638954918767325e-08
1767,"(1.0, 1.0, 8.0, 9.0, 9.0, 12.0, 14.0)",879832799.9999999,3,-21.518167198968072,3.0,3.0,4.5162578017955174e-10,3.409738759455206e-09,3.4097387478288877e-09
1768,"(1.0, 1.0, 8.0, 9.0, 9.0, 13.0, 13.0)",439916400.0,1,-21.479914455006565,1.0,1.0,4.692363851224458e-10,2.273159172970137e-09,2.2731591678028845e-09
1769,"(1.0, 1.0, 8.0, 9.0, 9.0, 13.0, 14.0)",879832799.9999999,4,-21.40328082565588,4.0,4.0,5.066093988875873e-10,4.546318345940275e-09,4.546318325271265e-09
1770,"(1.0, 1.0, 8.0, 9.0, 9.0, 14.0, 14.0)",439916400.0,8,-21.3266471963052,9.0,11.0,5.46959040642743e-10,2.0458432556731234e-08,2.5004750484124044e-08
1771,"(1.0, 1.0, 8.0, 9.0, 11.0, 11.0, 13.0)",733193999.9999999,1,-21.164663719154053,1.0,1.0,6.431367629835611e-10,1.3638955037820824e-09,1.3638955019218715e-09
1772,"(1.0, 1.0, 8.0, 9.0, 11.0, 11.0, 14.0)",733193999.9999999,13,-21.088030089803368,16.0,24.0,6.943603250472343e-10,2.1822328060513318e-08,3.273349161455598e-08
1773,"(1.0, 1.0, 8.0, 9.0, 11.0, 12.0, 13.0)",1759665599.9999998,1,-21.250375196232287,1.0,1.0,5.903088766732502e-10,5.682897932425344e-10,5.68289792919581e-10
1774,"(1.0, 1.0, 8.0, 9.0, 11.0, 12.0, 14.0)",1759665599.9999998,12,-21.173741566881603,15.0,21.0,6.373248849647591e-10,8.524346898638015e-09,1.193408558542873e-08
1775,"(1.0, 1.0, 8.0, 9.0, 11.0, 13.0, 14.0)",1759665599.9999998,29,-21.05885519356941,35.0,49.0,7.149166213224871e-10,1.9890142763488702e-08,2.7846199473266405e-08
1776,"(1.0, 1.0, 8.0, 9.0, 11.0, 14.0, 14.0)",879832799.9999999,24,-20.98222156421873,27.0,33.0,7.718571945106476e-10,3.0687648835096854e-08,3.7507125412275476e-08
1777,"(1.0, 1.0, 8.0, 9.0, 12.0, 12.0, 14.0)",963626400.0,6,-21.25945304395984,7.0,9.0,5.849743920315596e-10,7.2642260527523945e-09,9.339719157912671e-09
1778,"(1.0, 1.0, 8.0, 9.0, 12.0, 13.0, 13.0)",963626400.0,1,-21.221200299998333,1.0,1.0,6.07784765955922e-10,1.0377465789646279e-09,1.0377465778877099e-09
1779,"(1.0, 1.0, 8.0, 9.0, 12.0, 13.0, 14.0)",1927252800.0,6,-21.14456667064765,8.0,14.0,6.56192666844483e-10,4.1509863158585115e-09,7.264226035521707e-09
1780,"(1.0, 1.0, 8.0, 9.0, 12.0, 14.0, 14.0)",963626400.0,23,-21.06793304129696,25.0,31.0,7.084560853433821e-10,2.5943664474115693e-08,3.217014327482973e-08
1781,"(1.0, 1.0, 8.0, 9.0, 13.0, 13.0, 14.0)",963626400.0,5,-21.029680297335453,6.0,8.0,7.360814796098728e-10,6.226479473787767e-09,8.301972592947976e-09
1782,"(1.0, 1.0, 8.0, 9.0, 13.0, 14.0, 14.0)",963626400.0,14,-20.95304666798477,14.0,14.0,7.947077586921033e-10,1.4528452105504789e-08,1.4528451894428869e-08
1783,"(1.0, 1.0, 8.0, 9.0, 14.0, 14.0, 14.0)",321208800.00000006,15,-20.876413038634084,19.0,29.0,8.580034129647668e-10,5.9151555000983775e-08,9.028394887101614e-08
1784,"(1.0, 1.0, 8.0, 11.0, 11.0, 11.0, 14.0)",244398000.0,2,-20.7436044577169,2.0,2.0,9.7986681386719e-10,8.183373022692493e-09,8.183372955724899e-09
1785,"(1.0, 1.0, 8.0, 11.0, 11.0, 12.0, 13.0)",879832799.9999999,1,-20.90594956414582,1.0,1.0,8.330315793086075e-10,1.1365795864850687e-09,1.1365795851932556e-09
1786,"(1.0, 1.0, 8.0, 11.0, 11.0, 12.0, 14.0)",879832799.9999999,8,-20.829315934795133,10.0,14.0,8.993795899646347e-10,1.1365795864850687e-08,1.5912114081609646e-08
1787,"(1.0, 1.0, 8.0, 11.0, 11.0, 13.0, 14.0)",879832799.9999999,17,-20.714429561482945,18.0,20.0,1.0088754305890186e-09,2.0458432556731237e-08,2.273159131115391e-08
1788,"(1.0, 1.0, 8.0, 11.0, 11.0, 14.0, 14.0)",439916400.0,18,-20.637795932132256,22.0,32.0,1.089228780308221e-09,5.000950180534302e-08,7.274109103409411e-08
1789,"(1.0, 1.0, 8.0, 11.0, 12.0, 12.0, 12.0)",321208800.00000006,1,-21.106547414536248,1.0,1.0,6.816209430796413e-10,3.1132397368938826e-09,3.113239727201621e-09
1790,"(1.0, 1.0, 8.0, 11.0, 12.0, 12.0, 14.0)",963626400.0,3,-20.915027411873368,3.0,3.0,8.255036658018601e-10,3.1132397368938834e-09,3.1132397272016217e-09
1791,"(1.0, 1.0, 8.0, 11.0, 12.0, 13.0, 13.0)",963626400.0,2,-20.876774667911864,2.0,2.0,8.576931899064548e-10,2.0754931579292558e-09,2.075493153621584e-09
1792,"(1.0, 1.0, 8.0, 11.0, 12.0, 13.0, 14.0)",1927252800.0,14,-20.80014103856118,16.0,20.0,9.260054103756274e-10,8.301972631717023e-09,1.0377465720723528e-08
1793,"(1.0, 1.0, 8.0, 11.0, 12.0, 14.0, 14.0)",963626400.0,25,-20.72350740921049,31.0,45.0,9.997584569121501e-10,3.217014394790346e-08,4.669859501849009e-08
1794,"(1.0, 1.0, 8.0, 11.0, 13.0, 13.0, 13.0)",321208800.00000006,1,-20.76188829459967,2.0,4.0,9.621138793178219e-10,6.226479473787765e-09,1.2452958908806483e-08
1795,"(1.0, 1.0, 8.0, 11.0, 13.0, 13.0, 14.0)",963626400.0,8,-20.685254665248987,8.0,8.0,1.038742837334357e-09,8.301972631717023e-09,8.301972562794273e-09
1796,"(1.0, 1.0, 8.0, 11.0, 13.0, 14.0, 14.0)",963626400.0,25,-20.608621035898302,32.0,46.0,1.1214750200656873e-09,3.320789052686809e-08,4.773634152960888e-08
1797,"(1.0, 1.0, 8.0, 11.0, 14.0, 14.0, 14.0)",321208800.00000006,14,-20.53198740654761,17.0,23.0,1.210796527713148e-09,5.2925075527196006e-08,7.160451114749568e-08
1798,"(1.0, 1.0, 8.0, 12.0, 12.0, 12.0, 14.0)",321208799.99999994,2,-21.00073888895161,3.0,5.0,7.576959827152631e-10,9.339719210681652e-09,1.5566198597239065e-08
1799,"(1.0, 1.0, 8.0, 12.0, 12.0, 13.0, 14.0)",963626399.9999998,7,-20.885852515639414,9.0,13.0,8.499424151347427e-10,9.339719210681652e-09,1.349070543930981e-08
1800,"(1.0, 1.0, 8.0, 12.0, 12.0, 14.0, 14.0)",481813199.9999999,10,-20.80921888628873,12.0,16.0,9.176373138841639e-10,2.4905917895151074e-08,3.320788990656335e-08
1801,"(1.0, 1.0, 8.0, 12.0, 13.0, 13.0, 13.0)",321208799.99999994,1,-20.847599771677903,1.0,1.0,8.830848989212039e-10,3.113239736893884e-09,3.113239727201622e-09
1802,"(1.0, 1.0, 8.0, 12.0, 13.0, 13.0, 14.0)",963626399.9999998,5,-20.77096614232722,7.0,13.0,9.534194789528803e-10,7.264226052752396e-09,1.3490705473771185e-08
1803,"(1.0, 1.0, 8.0, 12.0, 13.0, 14.0, 14.0)",963626399.9999998,23,-20.694332512976537,23.0,23.0,1.0293559588180595e-09,2.3868171316186445e-08,2.3868170746496844e-08
1804,"(1.0, 1.0, 8.0, 12.0, 14.0, 14.0, 14.0)",321208799.99999994,12,-20.61769888362585,14.0,18.0,1.1113405099693964e-09,4.358535631651437e-08,5.603831336440662e-08
1805,"(1.0, 1.0, 8.0, 13.0, 13.0, 13.0, 13.0)",80302199.99999999,1,-20.73271339836572,1.0,1.0,9.905969265778157e-10,1.2452958947575535e-08,1.2452958792499349e-08
1806,"(1.0, 1.0, 8.0, 13.0, 13.0, 14.0, 14.0)",481813199.9999999,8,-20.579446139664345,9.0,11.0,1.1546758985522242e-09,1.8679438421363305e-08,2.2830424388300397e-08
1807,"(1.0, 1.0, 8.0, 13.0, 14.0, 14.0, 14.0)",321208799.99999994,16,-20.50281251031366,20.0,28.0,1.2466417384126787e-09,6.226479473787768e-08,8.717070875612408e-08
1808,"(1.0, 1.0, 8.0, 14.0, 14.0, 14.0, 14.0)",80302199.99999999,7,-20.42617888096297,7.0,7.0,1.3459323312292265e-09,8.717071263302874e-08,8.71707050342956e-08
1809,"(1.0, 1.0, 9.0, 9.0, 9.0, 9.0, 14.0)",61099499.99999999,1,-22.4217414731108,1.0,1.0,1.8296221256754407e-10,1.636674604538499e-08,1.6366745777514616e-08
1810,"(1.0, 1.0, 9.0, 9.0, 9.0, 11.0, 12.0)",244398000.0,1,-22.26883584368721,1.0,1.0,2.1319031666517555e-10,4.091686511346247e-09,4.0916864946043485e-09
1811,"(1.0, 1.0, 9.0, 9.0, 9.0, 11.0, 14.0)",244398000.0,4,-22.07731584102433,5.0,7.0,2.5819245976425204e-10,2.0458432556731234e-08,2.8641805160876263e-08
1812,"(1.0, 1.0, 9.0, 9.0, 9.0, 12.0, 14.0)",293277599.99999994,2,-22.163027318102568,2.0,2.0,2.3698427715728974e-10,6.819477518910412e-09,6.819477472405139e-09
1813,"(1.0, 1.0, 9.0, 9.0, 9.0, 13.0, 14.0)",293277599.99999994,1,-22.048140944790376,1.0,1.0,2.6583615786665807e-10,3.409738759455206e-09,3.4097387478288877e-09
1814,"(1.0, 1.0, 9.0, 9.0, 11.0, 11.0, 14.0)",366597000.0,2,-21.73289020893786,2.0,2.0,3.6435581611970734e-10,5.455582015128329e-09,5.455581985364953e-09
1815,"(1.0, 1.0, 9.0, 9.0, 11.0, 12.0, 14.0)",879832799.9999999,4,-21.8186016860161,5.0,7.0,3.344272709978586e-10,5.6828979324253436e-09,7.956057073100153e-09
1816,"(1.0, 1.0, 9.0, 9.0, 11.0, 13.0, 14.0)",879832799.9999999,5,-21.703715312703903,5.0,5.0,3.7514244351702987e-10,5.6828979324253436e-09,5.682897900130015e-09
1817,"(1.0, 1.0, 9.0, 9.0, 11.0, 14.0, 14.0)",439916400.0,10,-21.62708168335321,13.0,19.0,4.0502120857015677e-10,2.9551069248611783e-08,4.3190023413166905e-08
1818,"(1.0, 1.0, 9.0, 9.0, 12.0, 12.0, 14.0)",481813200.00000006,1,-21.904313163094336,1.0,1.0,3.0695708601047865e-10,2.0754931579292553e-09,2.0754931536215837e-09
1819,"(1.0, 1.0, 9.0, 9.0, 12.0, 13.0, 14.0)",963626400.0,1,-21.78942678978214,1.0,1.0,3.443278742108786e-10,1.0377465789646279e-09,1.0377465778877099e-09
1820,"(1.0, 1.0, 9.0, 9.0, 12.0, 14.0, 14.0)",481813200.00000006,6,-21.712793160431456,6.0,6.0,3.717523681133433e-10,1.2452958947575532e-08,1.2452958792499345e-08
1821,"(1.0, 1.0, 9.0, 9.0, 13.0, 13.0, 14.0)",481813200.00000006,2,-21.674540416469952,2.0,2.0,3.862484052723071e-10,4.150986315858511e-09,4.150986298627823e-09
1822,"(1.0, 1.0, 9.0, 9.0, 13.0, 14.0, 14.0)",481813200.00000006,10,-21.597906787119264,10.0,10.0,4.170117207880887e-10,2.0754931579292553e-08,2.075493114852537e-08
1823,"(1.0, 1.0, 9.0, 9.0, 14.0, 14.0, 14.0)",160604400.00000003,5,-21.52127315776858,6.0,8.0,4.5022522527191457e-10,3.7358876842726596e-08,4.981183439461644e-08
1824,"(1.0, 1.0, 9.0, 11.0, 11.0, 11.0, 14.0)",244398000.0,4,-21.3884645768514,5.0,7.0,5.14171331190196e-10,2.0458432556731234e-08,2.8641805160876263e-08
1825,"(1.0, 1.0, 9.0, 11.0, 11.0, 12.0, 14.0)",879832799.9999999,5,-21.474176053929632,8.0,16.0,4.719367922997016e-10,9.09263669188055e-09,1.818527330108506e-08
1826,"(1.0, 1.0, 9.0, 11.0, 11.0, 13.0, 14.0)",879832799.9999999,12,-21.35928968061744,18.0,34.0,5.293931948810242e-10,2.0458432556731237e-08,3.864370552194487e-08
1827,"(1.0, 1.0, 9.0, 11.0, 11.0, 14.0, 14.0)",439916400.0,8,-21.282656051266752,9.0,11.0,5.71557485176413e-10,2.0458432556731234e-08,2.5004750484124044e-08
1828,"(1.0, 1.0, 9.0, 11.0, 12.0, 12.0, 14.0)",963626400.0,5,-21.559887531007867,5.0,5.0,4.331714399761885e-10,5.188732894823139e-09,5.18873286790019e-09
1829,"(1.0, 1.0, 9.0, 11.0, 12.0, 13.0, 14.0)",1927252800.0,10,-21.44500115769567,12.0,16.0,4.859083171345147e-10,6.226479473787767e-09,8.301972592947976e-09
1830,"(1.0, 1.0, 9.0, 11.0, 12.0, 14.0, 14.0)",963626400.0,20,-21.36836752834499,26.0,40.0,5.246091911516167e-10,2.6981411053080323e-08,4.150986243058857e-08
1831,"(1.0, 1.0, 9.0, 11.0, 13.0, 13.0, 13.0)",321208800.00000006,1,-21.40674841373417,1.0,1.0,5.048557284362318e-10,3.1132397368938826e-09,3.113239727201621e-09
1832,"(1.0, 1.0, 9.0, 11.0, 13.0, 13.0, 14.0)",963626400.0,3,-21.330114784383483,3.0,3.0,5.450656965599424e-10,3.1132397368938834e-09,3.1132397272016217e-09
1833,"(1.0, 1.0, 9.0, 11.0, 13.0, 14.0, 14.0)",963626400.0,25,-21.253481155032794,27.0,31.0,5.884782460260851e-10,2.801915763204495e-08,3.2170143162830264e-08
1834,"(1.0, 1.0, 9.0, 11.0, 14.0, 14.0, 14.0)",321208800.00000006,12,-21.17684752568211,14.0,20.0,6.35348451079515e-10,4.358535631651436e-08,6.226479283819437e-08
1835,"(1.0, 1.0, 9.0, 12.0, 12.0, 12.0, 14.0)",321208799.99999994,2,-21.6455990080861,2.0,2.0,3.9759031182270313e-10,6.226479473787768e-09,6.2264794350187214e-09
1836,"(1.0, 1.0, 9.0, 12.0, 12.0, 13.0, 14.0)",963626399.9999998,4,-21.53071263477391,4.0,4.0,4.4599533001846985e-10,4.150986315858512e-09,4.150986298627825e-09
1837,"(1.0, 1.0, 9.0, 12.0, 12.0, 14.0, 14.0)",481813199.9999999,4,-21.454079005423225,6.0,12.0,4.81517276177056e-10,1.2452958947575537e-08,2.490591774007489e-08
1838,"(1.0, 1.0, 9.0, 12.0, 13.0, 13.0, 14.0)",963626399.9999998,3,-21.41582626146172,3.0,3.0,5.002934641098185e-10,3.1132397368938842e-09,3.1132397272016225e-09
1839,"(1.0, 1.0, 9.0, 12.0, 13.0, 14.0, 14.0)",963626399.9999998,12,-21.33919263211103,14.0,18.0,5.401400640615876e-10,1.4528452105504792e-08,1.8679438210287383e-08
1840,"(1.0, 1.0, 9.0, 12.0, 14.0, 14.0, 14.0)",321208799.99999994,4,-21.262559002760348,7.0,15.0,5.831603043696991e-10,2.1792678158257186e-08,4.669859557848744e-08
1841,"(1.0, 1.0, 9.0, 13.0, 13.0, 13.0, 14.0)",321208799.99999994,2,-21.30093988814953,3.0,5.0,5.612021772080837e-10,9.339719210681652e-09,1.5566198597239065e-08
1842,"(1.0, 1.0, 9.0, 13.0, 13.0, 14.0, 14.0)",481813199.9999999,10,-21.22430625879884,11.0,13.0,6.058999401242163e-10,2.2830424737221815e-08,2.6981410531852034e-08
1843,"(1.0, 1.0, 9.0, 13.0, 14.0, 14.0, 14.0)",321208799.99999994,8,-21.147672629448152,9.0,11.0,6.541577213204738e-10,2.8019157632044955e-08,3.424563632075953e-08
1844,"(1.0, 1.0, 9.0, 14.0, 14.0, 14.0, 14.0)",80302199.99999999,2,-21.071039000097468,2.0,2.0,7.062590636260244e-10,2.490591789515107e-08,2.4905917274846324e-08
1845,"(1.0, 1.0, 11.0, 11.0, 11.0, 11.0, 14.0)",61099499.99999999,2,-21.044038944764925,2.0,2.0,7.255878625278887e-10,3.273349209076998e-08,3.2733491019288476e-08
1846,"(1.0, 1.0, 11.0, 11.0, 11.0, 12.0, 14.0)",293277599.99999994,4,-21.129750421843163,7.0,15.0,6.659873618008821e-10,2.3868171316186445e-08,5.114608082213849e-08
1847,"(1.0, 1.0, 11.0, 11.0, 11.0, 13.0, 14.0)",293277599.99999994,4,-21.014864048530967,4.0,4.0,7.470686392050931e-10,1.3638955037820825e-08,1.363895485179973e-08
1848,"(1.0, 1.0, 11.0, 11.0, 11.0, 14.0, 14.0)",146638799.99999997,8,-20.93823041918028,10.0,16.0,8.065700065793072e-10,6.819477518910413e-08,1.0911163565203923e-07
1849,"(1.0, 1.0, 11.0, 11.0, 12.0, 12.0, 14.0)",481813200.00000006,4,-21.2154618989214,5.0,7.0,6.112825048275268e-10,1.0377465789646277e-08,1.452845199781299e-08
1850,"(1.0, 1.0, 11.0, 11.0, 12.0, 13.0, 13.0)",481813200.00000006,1,-21.17720915495989,1.0,1.0,6.351187320170852e-10,2.0754931579292553e-09,2.0754931536215837e-09
1851,"(1.0, 1.0, 11.0, 11.0, 12.0, 13.0, 14.0)",963626400.0,4,-21.1005755256092,4.0,4.0,6.857036863530134e-10,4.1509863158585115e-09,4.150986298627824e-09
1852,"(1.0, 1.0, 11.0, 11.0, 12.0, 14.0, 14.0)",481813200.00000006,14,-21.02394189625852,18.0,28.0,7.403175528846784e-10,3.7358876842726596e-08,5.811380702633347e-08
1853,"(1.0, 1.0, 11.0, 11.0, 13.0, 13.0, 14.0)",481813200.00000006,3,-20.985689152297013,4.0,6.0,7.691853468156602e-10,8.301972631717021e-09,1.2452958878652782e-08
1854,"(1.0, 1.0, 11.0, 11.0, 13.0, 14.0, 14.0)",481813200.00000006,5,-20.909055522946325,5.0,5.0,8.304482315064687e-10,1.0377465789646277e-08,1.037746568195448e-08
1855,"(1.0, 1.0, 11.0, 11.0, 14.0, 14.0, 14.0)",160604400.00000003,8,-20.83242189359564,8.0,8.0,8.965904876727928e-10,4.981183579030212e-08,4.9811833309083136e-08
1856,"(1.0, 1.0, 11.0, 12.0, 12.0, 13.0, 14.0)",963626399.9999998,5,-21.18628700268744,5.0,5.0,6.293793110876773e-10,5.18873289482314e-09,5.188732867900191e-09
1857,"(1.0, 1.0, 11.0, 12.0, 12.0, 14.0, 14.0)",481813199.9999999,8,-21.109653373336755,9.0,11.0,6.79507140903426e-10,1.8679438421363305e-08,2.2830424388300397e-08
1858,"(1.0, 1.0, 11.0, 12.0, 13.0, 13.0, 14.0)",963626399.9999998,10,-21.071400629375248,12.0,16.0,7.060037058461274e-10,1.2452958947575537e-08,1.6603945108357864e-08
1859,"(1.0, 1.0, 11.0, 12.0, 13.0, 14.0, 14.0)",963626399.9999998,13,-20.994767000024563,13.0,13.0,7.622343969293499e-10,1.3490705526540165e-08,1.349070534454103e-08
1860,"(1.0, 1.0, 11.0, 12.0, 14.0, 14.0, 14.0)",321208799.99999994,9,-20.91813337067388,9.0,9.0,8.229436631156695e-10,2.8019157632044955e-08,2.801915684697176e-08
1861,"(1.0, 1.0, 11.0, 13.0, 13.0, 13.0, 14.0)",321208799.99999994,4,-20.95651425606306,4.0,4.0,7.919568118740191e-10,1.2452958947575535e-08,1.2452958792499349e-08
1862,"(1.0, 1.0, 11.0, 13.0, 13.0, 14.0, 14.0)",481813199.9999999,13,-20.87988062671237,15.0,21.0,8.55033362989814e-10,3.113239736893884e-08,4.3585355347288214e-08
1863,"(1.0, 1.0, 11.0, 13.0, 14.0, 14.0, 14.0)",321208799.99999994,13,-20.803246997361683,16.0,28.0,9.231337376790797e-10,4.981183579030214e-08,8.717071015180976e-08
1864,"(1.0, 1.0, 11.0, 14.0, 14.0, 14.0, 14.0)",80302199.99999999,10,-20.726613368011,14.0,24.0,9.966580656707e-10,1.743414252660575e-07,2.988709843468803e-07
1865,"(1.0, 1.0, 12.0, 12.0, 12.0, 13.0, 14.0)",293277599.99999994,4,-21.27199847976568,4.0,4.0,5.776814754081234e-10,1.3638955037820825e-08,1.363895485179973e-08
1866,"(1.0, 1.0, 12.0, 12.0, 12.0, 14.0, 14.0)",146638799.99999997,2,-21.19536485041499,2.0,2.0,6.23691755976335e-10,1.3638955037820825e-08,1.363895485179973e-08
1867,"(1.0, 1.0, 12.0, 12.0, 13.0, 13.0, 14.0)",439916400.0,2,-21.15711210645348,2.0,2.0,6.480118670122318e-10,4.546318345940274e-09,4.546318325271264e-09
1868,"(1.0, 1.0, 12.0, 12.0, 13.0, 14.0, 14.0)",439916400.0,3,-21.0804784771028,3.0,3.0,6.996237138205333e-10,6.8194775189104115e-09,6.819477472405138e-09
1869,"(1.0, 1.0, 12.0, 12.0, 14.0, 14.0, 14.0)",146638799.99999997,6,-21.00384484775212,7.0,9.0,7.553462611677727e-10,4.773634263237289e-08,6.13752953914353e-08
1870,"(1.0, 1.0, 12.0, 13.0, 13.0, 13.0, 14.0)",293277599.99999994,2,-21.042225733141294,2.0,2.0,7.269047003662426e-10,6.819477518910412e-09,6.819477472405139e-09
1871,"(1.0, 1.0, 12.0, 13.0, 13.0, 14.0, 14.0)",439916400.0,5,-20.965592103790605,8.0,16.0,7.848000815303566e-10,1.8185273383761096e-08,3.6370546436818024e-08
1872,"(1.0, 1.0, 12.0, 13.0, 14.0, 14.0, 14.0)",293277599.99999994,8,-20.88895847443992,11.0,19.0,8.473066244581062e-10,3.750712635400727e-08,6.478503502286439e-08
1873,"(1.0, 1.0, 12.0, 14.0, 14.0, 14.0, 14.0)",73319399.99999999,1,-20.81232484508924,1.0,1.0,9.147915918288775e-10,1.3638955037820825e-08,1.363895485179973e-08
1874,"(1.0, 1.0, 13.0, 13.0, 13.0, 14.0, 14.0)",146638799.99999997,2,-20.850705730478417,2.0,2.0,8.803463287524338e-10,1.3638955037820825e-08,1.363895485179973e-08
1875,"(1.0, 1.0, 13.0, 13.0, 14.0, 14.0, 14.0)",146638799.99999997,4,-20.77407210112773,5.0,7.0,9.50462791383465e-10,3.4097387594552065e-08,4.773634146974105e-08
1876,"(1.0, 1.0, 13.0, 14.0, 14.0, 14.0, 14.0)",73319399.99999999,11,-20.697438471777044,12.0,14.0,1.0261637815706598e-09,1.636674604538499e-07,1.9094534374245394e-07
1877,"(1.0, 1.0, 14.0, 14.0, 14.0, 14.0, 14.0)",14663879.999999998,1,-20.62080484242636,1.0,1.0,1.107894087126403e-09,6.819477518910412e-08,6.819477053857675e-08
1878,"(1.0, 2.0, 2.0, 2.0, 2.0, 6.0, 14.0)",143450999.99999994,1,-21.167257480534417,1.0,1.0,6.41470781199053e-10,6.97102146377509e-09,6.97102141517995e-09
1879,"(1.0, 2.0, 2.0, 2.0, 2.0, 14.0, 14.0)",63755999.99999999,1,-21.019110209912505,2.0,4.0,7.439031904591081e-10,3.1369596586987896e-08,6.27391921899242e-08
1880,"(1.0, 2.0, 2.0, 2.0, 3.0, 7.0, 14.0)",573803999.9999998,1,-20.764790233813947,1.0,1.0,9.593259305083206e-10,1.7427553659437726e-09,1.7427553629065763e-09
1881,"(1.0, 2.0, 2.0, 2.0, 3.0, 8.0, 14.0)",488796000.0,2,-20.62599746775185,2.0,2.0,1.1021561186846537e-09,4.091686511346247e-09,4.0916864946043485e-09
1882,"(1.0, 2.0, 2.0, 2.0, 3.0, 13.0, 14.0)",510048000.0,1,-20.89725705856592,1.0,1.0,8.403042741367015e-10,1.960599786686743e-09,1.9605997828427918e-09
1883,"(1.0, 2.0, 2.0, 2.0, 3.0, 14.0, 14.0)",255024000.0,2,-20.82062342921523,2.0,2.0,9.072315291406474e-10,7.842399146746972e-09,7.842399085243748e-09
1884,"(1.0, 2.0, 2.0, 2.0, 4.0, 7.0, 14.0)",745945200.0,1,-21.00159163964884,1.0,1.0,7.570501323515254e-10,1.3405810507259782e-09,1.3405810489288206e-09
1885,"(1.0, 2.0, 2.0, 2.0, 4.0, 9.0, 14.0)",659874599.9999998,1,-21.507658992721232,1.0,1.0,4.563965793949503e-10,1.5154394486467585e-09,1.5154394463502017e-09
1886,"(1.0, 2.0, 2.0, 2.0, 4.0, 11.0, 14.0)",659874599.9999998,2,-21.163233360634763,3.0,5.0,6.44057337350305e-10,4.546318345940276e-09,7.577197222564783e-09
1887,"(1.0, 2.0, 2.0, 2.0, 4.0, 14.0, 14.0)",344282399.9999998,1,-21.05742483505012,1.0,1.0,7.159399400842626e-10,2.9045922765729543e-09,2.904592268136298e-09
1888,"(1.0, 2.0, 2.0, 2.0, 6.0, 7.0, 12.0)",745945200.0,1,-21.157584653828803,1.0,1.0,6.477057230447573e-10,1.3405810507259782e-09,1.3405810489288206e-09
1889,"(1.0, 2.0, 2.0, 2.0, 6.0, 7.0, 14.0)",745945200.0,1,-20.96606465116593,3.0,9.0,7.84429313921205e-10,4.021743152177935e-09,1.2065229440359386e-08
1890,"(1.0, 2.0, 2.0, 2.0, 6.0, 8.0, 14.0)",659874599.9999998,1,-20.827271885103823,1.0,1.0,9.012198466852262e-10,1.5154394486467585e-09,1.5154394463502017e-09
1891,"(1.0, 2.0, 2.0, 2.0, 6.0, 11.0, 14.0)",659874599.9999998,2,-21.12770637215185,2.0,2.0,6.673500653045645e-10,3.030878897293517e-09,3.03087888810729e-09
1892,"(1.0, 2.0, 2.0, 2.0, 6.0, 13.0, 14.0)",688564799.9999996,1,-21.09853147591789,1.0,1.0,6.8710673222066e-10,1.4522961382864772e-09,1.452296136177313e-09
1893,"(1.0, 2.0, 2.0, 2.0, 6.0, 14.0, 14.0)",344282399.9999998,2,-21.02189784656721,4.0,8.0,7.418323463792933e-10,1.1618369106291817e-08,2.3236738077597136e-08
1894,"(1.0, 2.0, 2.0, 2.0, 7.0, 9.0, 14.0)",659874599.9999998,3,-21.268151538215125,3.0,3.0,5.799080623077574e-10,4.546318345940276e-09,4.5463183252712656e-09
1895,"(1.0, 2.0, 2.0, 2.0, 7.0, 11.0, 14.0)",659874599.9999998,2,-20.923725906128656,2.0,2.0,8.183541669244191e-10,3.030878897293517e-09,3.03087888810729e-09
1896,"(1.0, 2.0, 2.0, 2.0, 7.0, 13.0, 14.0)",688564799.9999996,1,-20.8945510098947,1.0,1.0,8.425812578260222e-10,1.4522961382864772e-09,1.452296136177313e-09
1897,"(1.0, 2.0, 2.0, 2.0, 7.0, 14.0, 14.0)",344282399.9999998,4,-20.817917380544014,5.0,7.0,9.096898665047058e-10,1.4522961382864771e-08,2.0332145725094272e-08
1898,"(1.0, 2.0, 2.0, 2.0, 8.0, 14.0, 14.0)",293277599.99999994,3,-20.67912461448192,4.0,6.0,1.0451299402928917e-09,1.3638955037820825e-08,2.0458432370710142e-08
1899,"(1.0, 2.0, 2.0, 2.0, 9.0, 14.0, 14.0)",293277599.99999994,2,-21.32398473361641,2.0,2.0,5.484172390187398e-10,6.819477518910412e-09,6.819477472405139e-09
1900,"(1.0, 2.0, 2.0, 2.0, 11.0, 13.0, 14.0)",586555199.9999999,1,-21.056192730880625,2.0,4.0,7.168225963201015e-10,3.409738759455206e-09,6.8194775072840935e-09
1901,"(1.0, 2.0, 2.0, 2.0, 12.0, 13.0, 14.0)",586555199.9999999,1,-21.141904207958863,1.0,1.0,6.57942083181048e-10,1.704869379727603e-09,1.7048693768210234e-09
1902,"(1.0, 2.0, 2.0, 2.0, 12.0, 14.0, 14.0)",293277599.99999994,1,-21.06527057860817,1.0,1.0,7.103448364862443e-10,3.409738759455206e-09,3.4097387478288877e-09
1903,"(1.0, 2.0, 2.0, 2.0, 13.0, 13.0, 14.0)",293277599.99999994,1,-21.02701783464667,1.0,1.0,7.380438803353535e-10,3.409738759455206e-09,3.4097387478288877e-09
1904,"(1.0, 2.0, 2.0, 3.0, 3.0, 4.0, 14.0)",860705999.9999996,1,-20.80581090762278,1.0,1.0,9.207699371977293e-10,1.1618369106291816e-09,1.1618369092793165e-09
1905,"(1.0, 2.0, 2.0, 3.0, 3.0, 6.0, 14.0)",860705999.9999996,1,-20.77028391913987,1.0,1.0,9.540701457534465e-10,1.1618369106291816e-09,1.1618369092793165e-09
1906,"(1.0, 2.0, 2.0, 3.0, 3.0, 8.0, 14.0)",733193999.9999999,1,-20.42751068705457,2.0,4.0,1.3441410034669974e-09,2.7277910075641647e-09,5.455582007687486e-09
1907,"(1.0, 2.0, 2.0, 3.0, 3.0, 13.0, 14.0)",765071999.9999999,1,-20.698770277868647,1.0,1.0,1.02479804004869e-09,1.307066524457829e-09,1.3070665227494062e-09
1908,"(1.0, 2.0, 2.0, 3.0, 3.0, 14.0, 14.0)",382536000.0,1,-20.62213664851796,1.0,1.0,1.1064195691362892e-09,2.6141330489156577e-09,2.6141330420819663e-09
1909,"(1.0, 2.0, 2.0, 3.0, 4.0, 4.0, 14.0)",1118917800.0,1,-21.04261231345767,1.0,1.0,7.266237476260976e-10,8.937207004839856e-10,8.937206996852489e-10
1910,"(1.0, 2.0, 2.0, 3.0, 4.0, 7.0, 14.0)",2237835600.0,1,-20.803104858951563,1.0,1.0,9.232649597665093e-10,4.468603502419928e-10,4.468603500423086e-10
1911,"(1.0, 2.0, 2.0, 3.0, 4.0, 8.0, 14.0)",1979623799.9999995,2,-20.664312092889464,2.0,2.0,1.0607261747158378e-09,1.0102929657645057e-09,1.0102929647438138e-09
1912,"(1.0, 2.0, 2.0, 3.0, 4.0, 9.0, 14.0)",1979623799.9999995,2,-21.30917221202396,2.0,2.0,5.566011437099786e-10,1.0102929657645057e-09,1.0102929647438138e-09
1913,"(1.0, 2.0, 2.0, 3.0, 4.0, 11.0, 11.0)",871034471.9999999,1,-21.07055510552213,1.0,1.0,7.066009012557142e-10,1.1480601883687563e-09,1.148060187050714e-09
1914,"(1.0, 2.0, 2.0, 3.0, 4.0, 11.0, 14.0)",1979623799.9999995,5,-20.96474657993749,7.0,11.0,7.854639293292426e-10,3.5360253801757696e-09,5.556611299201306e-09
1915,"(1.0, 2.0, 2.0, 3.0, 4.0, 12.0, 14.0)",2065694399.999999,1,-21.050458057015724,2.0,4.0,7.209451495801894e-10,9.68197425524318e-10,1.93639485011123e-09
1916,"(1.0, 2.0, 2.0, 3.0, 4.0, 13.0, 14.0)",2065694399.999999,1,-20.935571683703536,2.0,4.0,8.087173161694481e-10,9.68197425524318e-10,1.93639485011123e-09
1917,"(1.0, 2.0, 2.0, 3.0, 4.0, 14.0, 14.0)",1032847199.9999996,6,-20.858938054352848,7.0,9.0,8.731287820054225e-10,6.777381978670226e-09,8.713776783785956e-09
1918,"(1.0, 2.0, 2.0, 3.0, 6.0, 7.0, 14.0)",2237835600.0,3,-20.767577870468653,3.0,3.0,9.566554023411003e-10,1.3405810507259782e-09,1.3405810489288206e-09
1919,"(1.0, 2.0, 2.0, 3.0, 6.0, 8.0, 14.0)",1979623799.9999995,2,-20.62878510440656,2.0,2.0,1.0990879862950023e-09,1.0102929657645057e-09,1.0102929647438138e-09
1920,"(1.0, 2.0, 2.0, 3.0, 6.0, 9.0, 14.0)",1979623799.9999995,2,-21.27364522354105,2.0,2.0,5.767309648728005e-10,1.0102929657645057e-09,1.0102929647438138e-09
1921,"(1.0, 2.0, 2.0, 3.0, 6.0, 11.0, 14.0)",1979623799.9999995,3,-20.92921959145458,4.0,6.0,8.13870713264066e-10,2.0205859315290113e-09,3.0308788932107495e-09
1922,"(1.0, 2.0, 2.0, 3.0, 6.0, 12.0, 14.0)",2065694399.999999,4,-21.014931068532817,5.0,7.0,7.470185723412706e-10,2.4204935638107954e-09,3.388690983476324e-09
1923,"(1.0, 2.0, 2.0, 3.0, 6.0, 13.0, 14.0)",2065694399.999999,2,-20.900044695220625,2.0,2.0,8.37965073077132e-10,9.68197425524318e-10,9.681974245869118e-10
1924,"(1.0, 2.0, 2.0, 3.0, 6.0, 14.0, 14.0)",1032847199.9999996,4,-20.823411065869937,5.0,7.0,9.047060190134725e-10,4.84098712762159e-09,6.777381955235069e-09
1925,"(1.0, 2.0, 2.0, 3.0, 7.0, 7.0, 14.0)",1118917800.0,2,-20.563597404445453,4.0,8.0,1.1731218374262245e-09,3.5748828019359422e-09,7.149765591092097e-09
1926,"(1.0, 2.0, 2.0, 3.0, 7.0, 8.0, 14.0)",1979623799.9999995,1,-20.42480463838336,1.0,1.0,1.347783240255777e-09,5.051464828822528e-10,5.051464826270798e-10
1927,"(1.0, 2.0, 2.0, 3.0, 7.0, 9.0, 14.0)",1979623799.9999995,2,-21.06966475751785,3.0,5.0,7.072303021092883e-10,1.5154394486467585e-09,2.5257324121147074e-09
1928,"(1.0, 2.0, 2.0, 3.0, 7.0, 11.0, 13.0)",1979623799.9999995,1,-20.801872754782067,1.0,1.0,9.244032194562446e-10,5.051464828822528e-10,5.051464826270798e-10
1929,"(1.0, 2.0, 2.0, 3.0, 7.0, 11.0, 14.0)",1979623799.9999995,4,-20.72523912543138,4.0,4.0,9.980286571687652e-10,2.0205859315290113e-09,2.020585927446244e-09
1930,"(1.0, 2.0, 2.0, 3.0, 7.0, 12.0, 14.0)",2065694399.999999,4,-20.810950602509617,5.0,7.0,9.160496015931572e-10,2.4204935638107954e-09,3.388690983476324e-09
1931,"(1.0, 2.0, 2.0, 3.0, 7.0, 13.0, 14.0)",2065694399.999999,1,-20.696064229197425,1.0,1.0,1.0275749489540222e-09,4.84098712762159e-10,4.840987125278075e-10
1932,"(1.0, 2.0, 2.0, 3.0, 7.0, 14.0, 14.0)",1032847199.9999996,4,-20.61943059984674,5.0,7.0,1.1094176489866547e-09,4.84098712762159e-09,6.777381955235069e-09
1933,"(1.0, 2.0, 2.0, 3.0, 8.0, 9.0, 14.0)",1613026800.0,2,-20.93087199145576,4.0,10.0,8.125269837915447e-10,2.4798100068765133e-09,6.199525011041826e-09
1934,"(1.0, 2.0, 2.0, 3.0, 8.0, 11.0, 12.0)",1613026800.0,1,-20.77796636203216,2.0,4.0,9.467686389591108e-10,1.2399050034382566e-09,2.479810005339149e-09
1935,"(1.0, 2.0, 2.0, 3.0, 8.0, 11.0, 14.0)",1613026800.0,5,-20.586446359369283,5.0,5.0,1.1466211390099008e-09,3.0997625085956416e-09,3.099762498987114e-09
1936,"(1.0, 2.0, 2.0, 3.0, 8.0, 13.0, 14.0)",1759665599.9999998,1,-20.55727146313533,1.0,1.0,1.1805664596146589e-09,5.682897932425344e-10,5.68289792919581e-10
1937,"(1.0, 2.0, 2.0, 3.0, 8.0, 14.0, 14.0)",879832799.9999999,4,-20.48063783378464,4.0,4.0,1.2745943908338712e-09,4.546318345940275e-09,4.546318325271265e-09
1938,"(1.0, 2.0, 2.0, 3.0, 9.0, 14.0, 14.0)",879832799.9999999,1,-21.125497952919137,1.0,1.0,6.688254825940456e-10,1.1365795864850687e-09,1.1365795851932556e-09
1939,"(1.0, 2.0, 2.0, 3.0, 11.0, 11.0, 14.0)",806513400.0,1,-20.88688084641731,1.0,1.0,8.490688424276524e-10,1.2399050034382566e-09,1.2399050019008922e-09
1940,"(1.0, 2.0, 2.0, 3.0, 11.0, 12.0, 14.0)",1759665599.9999998,1,-20.972592323495547,1.0,1.0,7.793254925539589e-10,5.682897932425344e-10,5.68289792919581e-10
1941,"(1.0, 2.0, 2.0, 3.0, 11.0, 13.0, 14.0)",1759665599.9999998,1,-20.85770595018335,1.0,1.0,8.7420523063048e-10,5.682897932425344e-10,5.68289792919581e-10
1942,"(1.0, 2.0, 2.0, 3.0, 12.0, 12.0, 14.0)",879832799.9999999,1,-21.058303800573785,1.0,1.0,7.153109300394824e-10,1.1365795864850687e-09,1.1365795851932556e-09
1943,"(1.0, 2.0, 2.0, 3.0, 12.0, 13.0, 14.0)",1759665599.9999998,1,-20.943417427261583,1.0,1.0,8.023971531052883e-10,5.682897932425344e-10,5.68289792919581e-10
1944,"(1.0, 2.0, 2.0, 3.0, 12.0, 14.0, 14.0)",879832799.9999999,4,-20.866783797910905,5.0,7.0,8.663052403698472e-10,5.6828979324253436e-09,7.956057073100153e-09
1945,"(1.0, 2.0, 2.0, 3.0, 13.0, 13.0, 14.0)",879832799.9999999,1,-20.8285310539494,1.0,1.0,9.000857728763075e-10,1.1365795864850687e-09,1.1365795851932556e-09
1946,"(1.0, 2.0, 2.0, 3.0, 13.0, 14.0, 14.0)",879832799.9999999,6,-20.75189742459871,7.0,9.0,9.717744122190123e-10,7.956057105395481e-09,1.0229216215066773e-08
1947,"(1.0, 2.0, 2.0, 4.0, 4.0, 6.0, 14.0)",1332044999.9999998,1,-21.24388673080965,2.0,4.0,5.941515283832443e-10,1.501450776813096e-09,3.0029015513718374e-09
1948,"(1.0, 2.0, 2.0, 4.0, 4.0, 11.0, 14.0)",1225481400.0,2,-21.20154798577238,2.0,2.0,6.198472831240717e-10,1.632011713927278e-09,1.6320117112638158e-09
1949,"(1.0, 2.0, 2.0, 4.0, 4.0, 12.0, 14.0)",1278763200.0,2,-21.287259462850614,2.0,2.0,5.689324175972963e-10,1.5640112258469747e-09,1.5640112234008436e-09
1950,"(1.0, 2.0, 2.0, 4.0, 4.0, 13.0, 14.0)",1278763200.0,2,-21.172373089538425,2.0,2.0,6.381976466711834e-10,1.5640112258469747e-09,1.5640112234008436e-09
1951,"(1.0, 2.0, 2.0, 4.0, 4.0, 14.0, 14.0)",639381600.0,2,-21.095739460187737,3.0,5.0,6.890278256388699e-10,4.692033677540924e-09,7.820056107219693e-09
1952,"(1.0, 2.0, 2.0, 4.0, 6.0, 7.0, 14.0)",2664089999.9999995,1,-21.004379276303546,1.0,1.0,7.549426904090656e-10,3.75362694203274e-10,3.7536269406237686e-10
1953,"(1.0, 2.0, 2.0, 4.0, 6.0, 8.0, 14.0)",2450962800.0,2,-20.86558651024144,2.0,2.0,8.673430781233305e-10,8.16005856963639e-10,8.160058562977734e-10
1954,"(1.0, 2.0, 2.0, 4.0, 6.0, 11.0, 14.0)",2450962800.0,1,-21.16602099728947,2.0,4.0,6.422644396436961e-10,8.16005856963639e-10,1.6320117132614125e-09
1955,"(1.0, 2.0, 2.0, 4.0, 6.0, 12.0, 14.0)",2557526400.0,1,-21.251732474367707,1.0,1.0,5.895082068305497e-10,3.9100280646174367e-10,3.910028063088605e-10
1956,"(1.0, 2.0, 2.0, 4.0, 6.0, 14.0, 14.0)",1278763200.0,2,-21.060212471704823,6.0,26.0,7.13946938837004e-10,4.692033677540924e-09,2.033214591399549e-08
1957,"(1.0, 2.0, 2.0, 4.0, 7.0, 7.0, 14.0)",1332044999.9999998,2,-20.800398810280345,2.0,2.0,9.257667431311921e-10,1.501450776813096e-09,1.5014507745587416e-09
1958,"(1.0, 2.0, 2.0, 4.0, 7.0, 11.0, 14.0)",2450962800.0,1,-20.96204053126627,1.0,1.0,7.875923114054494e-10,4.080029284818195e-10,4.080029283153531e-10
1959,"(1.0, 2.0, 2.0, 4.0, 7.0, 12.0, 14.0)",2557526400.0,1,-21.047752008344503,1.0,1.0,7.228987042591484e-10,3.9100280646174367e-10,3.910028063088605e-10
1960,"(1.0, 2.0, 2.0, 4.0, 7.0, 14.0, 14.0)",1278763200.0,2,-20.85623200568163,2.0,2.0,8.754947107011236e-10,1.5640112258469747e-09,1.5640112234008436e-09
1961,"(1.0, 2.0, 2.0, 4.0, 8.0, 8.0, 14.0)",1036945800.0,3,-20.522813278156143,3.0,3.0,1.2219556398111226e-09,2.8931116746892653e-09,2.8931116663191703e-09
1962,"(1.0, 2.0, 2.0, 4.0, 8.0, 9.0, 14.0)",2073891600.0,1,-21.16767339729064,1.0,1.0,6.412040382278068e-10,4.821852791148776e-10,4.821852788823749e-10
1963,"(1.0, 2.0, 2.0, 4.0, 8.0, 11.0, 14.0)",2073891600.0,1,-20.82324776520417,2.0,4.0,9.04853770172305e-10,9.643705582297552e-10,1.9287411155294996e-09
1964,"(1.0, 2.0, 2.0, 4.0, 8.0, 12.0, 14.0)",2262427199.9999995,1,-20.908959242282407,1.0,1.0,8.305281914627847e-10,4.420031725219712e-10,4.420031723266044e-10
1965,"(1.0, 2.0, 2.0, 4.0, 8.0, 14.0, 14.0)",1131213599.9999998,4,-20.71743923961953,5.0,7.0,1.005843604961253e-09,4.420031725219712e-09,6.1880443957709165e-09
1966,"(1.0, 2.0, 2.0, 4.0, 9.0, 9.0, 14.0)",1036945800.0,1,-21.81253351642513,1.0,1.0,3.3646280212201363e-10,9.643705582297552e-10,9.643705572997446e-10
1967,"(1.0, 2.0, 2.0, 4.0, 9.0, 12.0, 14.0)",2262427199.9999995,1,-21.553819361416902,1.0,1.0,4.3580798915931924e-10,4.420031725219712e-10,4.420031723266044e-10
1968,"(1.0, 2.0, 2.0, 4.0, 9.0, 13.0, 14.0)",2262427199.9999995,2,-21.43893298810471,2.0,2.0,4.888658555555313e-10,8.840063450439424e-10,8.840063442624752e-10
1969,"(1.0, 2.0, 2.0, 4.0, 9.0, 14.0, 14.0)",1131213599.9999998,3,-21.362299358754026,3.0,3.0,5.278022870179316e-10,2.652019035131827e-09,2.652019028098622e-09
1970,"(1.0, 2.0, 2.0, 4.0, 11.0, 11.0, 14.0)",1036945800.0,1,-21.1236822522522,1.0,1.0,6.700409726179481e-10,9.643705582297552e-10,9.643705572997446e-10
1971,"(1.0, 2.0, 2.0, 4.0, 11.0, 12.0, 14.0)",2262427199.9999995,1,-21.20939372933044,2.0,4.0,6.150031480648852e-10,8.840063450439424e-10,1.7680126893064175e-09
1972,"(1.0, 2.0, 2.0, 4.0, 11.0, 13.0, 14.0)",2262427199.9999995,1,-21.09450735601824,1.0,1.0,6.89877302910518e-10,4.420031725219712e-10,4.420031723266044e-10
1973,"(1.0, 2.0, 2.0, 4.0, 11.0, 14.0, 14.0)",1131213599.9999998,4,-21.01787372666756,4.0,4.0,7.44823583197807e-10,3.5360253801757696e-09,3.536025367672294e-09
1974,"(1.0, 2.0, 2.0, 4.0, 12.0, 14.0, 14.0)",1131213599.9999998,3,-21.103585203745794,3.0,3.0,6.836430414544361e-10,2.652019035131827e-09,2.652019028098622e-09
1975,"(1.0, 2.0, 2.0, 4.0, 13.0, 14.0, 14.0)",1131213599.9999998,2,-20.9886988304336,2.0,2.0,7.668738267049803e-10,1.7680126900878848e-09,1.768012686962016e-09
1976,"(1.0, 2.0, 2.0, 6.0, 6.0, 6.0, 14.0)",444015000.0,1,-21.172832753843828,1.0,1.0,6.379043574056838e-10,2.2521761652196435e-09,2.252176160147346e-09
1977,"(1.0, 2.0, 2.0, 6.0, 6.0, 7.0, 14.0)",1332044999.9999998,1,-20.96885228782063,1.0,1.0,7.822456550505362e-10,7.50725388406548e-10,7.507253878429593e-10
1978,"(1.0, 2.0, 2.0, 6.0, 6.0, 12.0, 14.0)",1278763200.0,1,-21.216205485884792,1.0,1.0,6.108281320797497e-10,7.820056129234873e-10,7.820056123119546e-10
1979,"(1.0, 2.0, 2.0, 6.0, 6.0, 14.0, 14.0)",639381600.0,3,-21.02468548322192,4.0,6.0,7.397672670216304e-10,6.256044903387899e-09,9.384067315943749e-09
1980,"(1.0, 2.0, 2.0, 6.0, 7.0, 7.0, 14.0)",1332044999.9999998,2,-20.764871821797435,2.0,2.0,9.592476642329802e-10,1.501450776813096e-09,1.5014507745587416e-09
1981,"(1.0, 2.0, 2.0, 6.0, 7.0, 8.0, 14.0)",2450962800.0,1,-20.62607905573533,1.0,1.0,1.1020661996576557e-09,4.080029284818195e-10,4.080029283153531e-10
1982,"(1.0, 2.0, 2.0, 6.0, 7.0, 9.0, 14.0)",2450962800.0,1,-21.27093917486983,2.0,4.0,5.782937404536922e-10,8.16005856963639e-10,1.6320117132614125e-09
1983,"(1.0, 2.0, 2.0, 6.0, 7.0, 11.0, 14.0)",2450962800.0,2,-20.92651354278336,2.0,2.0,8.160760695812401e-10,8.16005856963639e-10,8.160058562977734e-10
1984,"(1.0, 2.0, 2.0, 6.0, 7.0, 12.0, 14.0)",2557526400.0,1,-21.0122250198616,1.0,1.0,7.490427785213308e-10,3.9100280646174367e-10,3.910028063088605e-10
1985,"(1.0, 2.0, 2.0, 6.0, 7.0, 13.0, 14.0)",2557526400.0,1,-20.897338646549404,1.0,1.0,8.4023571820217e-10,3.9100280646174367e-10,3.910028063088605e-10
1986,"(1.0, 2.0, 2.0, 6.0, 7.0, 14.0, 14.0)",1278763200.0,6,-20.82070501719872,8.0,12.0,9.071575129690847e-10,6.256044903387899e-09,9.384067315943749e-09
1987,"(1.0, 2.0, 2.0, 6.0, 8.0, 8.0, 14.0)",1036945800.0,3,-20.48728628967324,4.0,6.0,1.2661484137144245e-09,3.857482232919021e-09,5.786223334498361e-09
1988,"(1.0, 2.0, 2.0, 6.0, 8.0, 9.0, 13.0)",2073891600.0,1,-21.208780038158416,1.0,1.0,6.153806859015894e-10,4.821852791148776e-10,4.821852788823749e-10
1989,"(1.0, 2.0, 2.0, 6.0, 8.0, 11.0, 14.0)",2073891600.0,3,-20.78772077672125,3.0,3.0,9.375783608022663e-10,1.4465558373446327e-09,1.446555835252109e-09
1990,"(1.0, 2.0, 2.0, 6.0, 8.0, 13.0, 14.0)",2262427199.9999995,1,-20.758545880487304,1.0,1.0,9.653350425576633e-10,4.420031725219712e-10,4.420031723266044e-10
1991,"(1.0, 2.0, 2.0, 6.0, 8.0, 14.0, 14.0)",1131213599.9999998,1,-20.681912251136616,1.0,1.0,1.0422205548012813e-09,8.840063450439424e-10,8.840063442624752e-10
1992,"(1.0, 2.0, 2.0, 6.0, 9.0, 13.0, 14.0)",2262427199.9999995,1,-21.4034059996218,1.0,1.0,5.06545988548701e-10,4.420031725219712e-10,4.420031723266044e-10
1993,"(1.0, 2.0, 2.0, 6.0, 9.0, 14.0, 14.0)",1131213599.9999998,2,-21.326772370271115,3.0,5.0,5.468905798952731e-10,2.652019035131827e-09,4.420031718186507e-09
1994,"(1.0, 2.0, 2.0, 6.0, 11.0, 12.0, 14.0)",2262427199.9999995,1,-21.17386674084752,1.0,1.0,6.372451134740921e-10,4.420031725219712e-10,4.420031723266044e-10
1995,"(1.0, 2.0, 2.0, 6.0, 11.0, 13.0, 14.0)",2262427199.9999995,1,-21.05898036753533,1.0,1.0,7.148271379743039e-10,4.420031725219712e-10,4.420031723266044e-10
1996,"(1.0, 2.0, 2.0, 6.0, 11.0, 14.0, 14.0)",1131213599.9999998,1,-20.98234673818465,2.0,4.0,7.717605841311654e-10,1.7680126900878848e-09,3.536025377049901e-09
1997,"(1.0, 2.0, 2.0, 6.0, 12.0, 12.0, 14.0)",1131213599.9999998,1,-21.25957821792576,1.0,1.0,5.849011730495984e-10,8.840063450439424e-10,8.840063442624752e-10
1998,"(1.0, 2.0, 2.0, 6.0, 12.0, 14.0, 14.0)",1131213599.9999998,3,-21.06805821526288,3.0,3.0,7.08367410635498e-10,2.652019035131827e-09,2.652019028098622e-09
1999,"(1.0, 2.0, 2.0, 6.0, 13.0, 13.0, 14.0)",1131213599.9999998,2,-21.029805471301373,2.0,2.0,7.359893471382437e-10,1.7680126900878848e-09,1.768012686962016e-09
2000,"(1.0, 2.0, 2.0, 6.0, 13.0, 14.0, 14.0)",1131213599.9999998,1,-20.953171841950688,2.0,4.0,7.946082881958888e-10,1.7680126900878848e-09,3.536025377049901e-09
2001,"(1.0, 2.0, 2.0, 7.0, 7.0, 8.0, 14.0)",1225481400.0,1,-20.42209858971213,1.0,1.0,1.351435346462143e-09,8.16005856963639e-10,8.160058562977734e-10
2002,"(1.0, 2.0, 2.0, 7.0, 7.0, 9.0, 14.0)",1225481400.0,2,-21.066958708846634,2.0,2.0,7.091466934832896e-10,1.632011713927278e-09,1.6320117112638158e-09
2003,"(1.0, 2.0, 2.0, 7.0, 7.0, 11.0, 14.0)",1225481400.0,1,-20.722533076760165,2.0,4.0,1.000733028720578e-09,1.632011713927278e-09,3.2640234251910935e-09
2004,"(1.0, 2.0, 2.0, 7.0, 7.0, 12.0, 14.0)",1278763200.0,1,-20.8082445538384,1.0,1.0,9.185318334056476e-10,7.820056129234873e-10,7.820056123119546e-10
2005,"(1.0, 2.0, 2.0, 7.0, 7.0, 14.0, 14.0)",639381600.0,5,-20.616724551175523,6.0,8.0,1.1124238527739427e-09,9.384067355081848e-09,1.2512089718715077e-08
2006,"(1.0, 2.0, 2.0, 7.0, 8.0, 8.0, 14.0)",1036945800.0,1,-20.28330582365004,1.0,1.0,1.5526451321092918e-09,9.643705582297552e-10,9.643705572997446e-10
2007,"(1.0, 2.0, 2.0, 7.0, 8.0, 9.0, 14.0)",2073891600.0,3,-20.92816594278453,3.0,3.0,8.147286989870696e-10,1.4465558373446327e-09,1.446555835252109e-09
2008,"(1.0, 2.0, 2.0, 7.0, 8.0, 11.0, 14.0)",2073891600.0,3,-20.58374031069806,3.0,3.0,1.1497281535898732e-09,1.4465558373446327e-09,1.446555835252109e-09
2009,"(1.0, 2.0, 2.0, 7.0, 8.0, 12.0, 14.0)",2262427199.9999995,3,-20.6694517877763,3.0,3.0,1.0552883521643645e-09,1.3260095175659135e-09,1.3260095158076123e-09
2010,"(1.0, 2.0, 2.0, 7.0, 8.0, 13.0, 14.0)",2262427199.9999995,6,-20.554565414464108,8.0,14.0,1.1837654562822214e-09,3.5360253801757696e-09,6.188044402804121e-09
2011,"(1.0, 2.0, 2.0, 7.0, 8.0, 14.0, 14.0)",1131213599.9999998,6,-20.47793178511342,6.0,6.0,1.278048176239652e-09,5.304038070263654e-09,5.304038042130834e-09
2012,"(1.0, 2.0, 2.0, 7.0, 9.0, 11.0, 14.0)",2073891600.0,3,-21.22860042983256,3.0,3.0,6.033036805329322e-10,1.4465558373446327e-09,1.446555835252109e-09
2013,"(1.0, 2.0, 2.0, 7.0, 9.0, 13.0, 14.0)",2262427199.9999995,1,-21.199425533598603,1.0,1.0,6.211642764708436e-10,4.420031725219712e-10,4.420031723266044e-10
2014,"(1.0, 2.0, 2.0, 7.0, 9.0, 14.0, 14.0)",1131213599.9999998,5,-21.12279190424792,6.0,8.0,6.706378079168358e-10,5.304038070263654e-09,7.07205073221872e-09
2015,"(1.0, 2.0, 2.0, 7.0, 11.0, 14.0, 14.0)",1131213599.9999998,5,-20.77836627216145,6.0,8.0,9.463900922876671e-10,5.304038070263654e-09,7.07205073221872e-09
2016,"(1.0, 2.0, 2.0, 7.0, 12.0, 14.0, 14.0)",1131213599.9999998,1,-20.864077749239684,1.0,1.0,8.686526792238525e-10,8.840063450439424e-10,8.840063442624752e-10
2017,"(1.0, 2.0, 2.0, 7.0, 13.0, 14.0, 14.0)",1131213599.9999998,2,-20.74919137592749,5.0,13.0,9.744076422934306e-10,4.420031725219712e-09,1.149208246603457e-08
2018,"(1.0, 2.0, 2.0, 7.0, 14.0, 14.0, 14.0)",377071200.0,5,-20.672557746576807,6.0,8.0,1.0520157549268717e-09,1.591211421079096e-08,2.1216152027859233e-08
2019,"(1.0, 2.0, 2.0, 8.0, 8.0, 8.0, 14.0)",268837799.99999994,1,-20.144513057587936,1.0,1.0,1.7838122353197132e-09,3.7197150103147707e-09,3.719714996478491e-09
2020,"(1.0, 2.0, 2.0, 8.0, 8.0, 9.0, 14.0)",806513399.9999999,1,-20.789373176722435,1.0,1.0,9.360303856070928e-10,1.2399050034382568e-09,1.2399050019008925e-09
2021,"(1.0, 2.0, 2.0, 8.0, 8.0, 12.0, 14.0)",921729600.0,1,-20.5306590217142,1.0,1.0,1.2124060002196683e-09,1.0849168780084746e-09,1.0849168768314298e-09
2022,"(1.0, 2.0, 2.0, 8.0, 8.0, 13.0, 14.0)",921729600.0,2,-20.415772648402008,2.0,2.0,1.3600115448121625e-09,2.169833756016949e-09,2.1698337513087706e-09
2023,"(1.0, 2.0, 2.0, 8.0, 8.0, 14.0, 14.0)",460864800.0,1,-20.339139019051323,1.0,1.0,1.4683316406030142e-09,2.169833756016949e-09,2.1698337513087706e-09
2024,"(1.0, 2.0, 2.0, 8.0, 9.0, 9.0, 14.0)",806513399.9999999,1,-21.434233295856927,1.0,1.0,4.911687819109144e-10,1.2399050034382568e-09,1.2399050019008925e-09
2025,"(1.0, 2.0, 2.0, 8.0, 9.0, 11.0, 14.0)",1613026799.9999998,1,-21.089807663770458,1.0,1.0,6.931271445691215e-10,6.199525017191284e-10,6.199525013347873e-10
2026,"(1.0, 2.0, 2.0, 8.0, 9.0, 12.0, 14.0)",1843459200.0,1,-21.175519140848696,1.0,1.0,6.361929991440909e-10,5.424584390042373e-10,5.424584387099761e-10
2027,"(1.0, 2.0, 2.0, 8.0, 9.0, 13.0, 14.0)",1843459200.0,1,-21.060632767536504,1.0,1.0,7.136469329645946e-10,5.424584390042373e-10,5.424584387099761e-10
2028,"(1.0, 2.0, 2.0, 8.0, 9.0, 14.0, 14.0)",921729600.0,1,-20.983999138185816,1.0,1.0,7.704863799784452e-10,1.0849168780084746e-09,1.0849168768314298e-09
2029,"(1.0, 2.0, 2.0, 8.0, 11.0, 11.0, 14.0)",806513399.9999999,1,-20.745382031683988,1.0,1.0,9.781265752872721e-10,1.2399050034382568e-09,1.2399050019008925e-09
2030,"(1.0, 2.0, 2.0, 8.0, 11.0, 12.0, 14.0)",1843459200.0,1,-20.831093508762223,2.0,4.0,8.977822962933957e-10,1.0849168780084746e-09,2.1698337548399046e-09
2031,"(1.0, 2.0, 2.0, 8.0, 11.0, 13.0, 14.0)",1843459200.0,2,-20.71620713545004,2.0,2.0,1.007083672850311e-09,1.0849168780084746e-09,1.0849168768314298e-09
2032,"(1.0, 2.0, 2.0, 8.0, 11.0, 14.0, 14.0)",921729600.0,3,-20.639573506099342,5.0,11.0,1.0872943154207282e-09,5.424584390042372e-09,1.1934085628667103e-08
2033,"(1.0, 2.0, 2.0, 8.0, 12.0, 13.0, 14.0)",1927252800.0,1,-20.80191861252827,1.0,1.0,9.243608293799832e-10,5.188732894823139e-10,5.188732892130844e-10
2034,"(1.0, 2.0, 2.0, 8.0, 12.0, 14.0, 14.0)",963626400.0,2,-20.725284983177584,4.0,10.0,9.979828908732773e-10,4.1509863158585115e-09,1.0377465772415592e-08
2035,"(1.0, 2.0, 2.0, 8.0, 13.0, 14.0, 14.0)",963626400.0,4,-20.610398609865392,4.0,4.0,1.1194832860170262e-09,4.1509863158585115e-09,4.150986298627824e-09
2036,"(1.0, 2.0, 2.0, 8.0, 14.0, 14.0, 14.0)",321208799.99999994,1,-20.533764980514707,2.0,4.0,1.2086461591118791e-09,6.226479473787768e-09,1.2452958908806488e-08
2037,"(1.0, 2.0, 2.0, 9.0, 9.0, 12.0, 14.0)",921729600.0,1,-21.82037925998319,1.0,1.0,3.3383332983061835e-10,1.0849168780084746e-09,1.0849168768314298e-09
2038,"(1.0, 2.0, 2.0, 9.0, 9.0, 14.0, 14.0)",460864800.0,1,-21.628859257320315,2.0,4.0,4.043018929214691e-10,4.339667512033898e-09,8.679335005235083e-09
2039,"(1.0, 2.0, 2.0, 9.0, 11.0, 11.0, 14.0)",806513399.9999999,1,-21.390242150818487,2.0,4.0,5.132581654675079e-10,2.4798100068765137e-09,4.95962000760357e-09
2040,"(1.0, 2.0, 2.0, 9.0, 11.0, 12.0, 14.0)",1843459200.0,1,-21.47595362789672,2.0,4.0,4.710986349076785e-10,1.0849168780084746e-09,2.1698337548399046e-09
2041,"(1.0, 2.0, 2.0, 9.0, 11.0, 13.0, 14.0)",1843459200.0,1,-21.36106725458453,1.0,1.0,5.284529952042518e-10,5.424584390042373e-10,5.424584387099761e-10
2042,"(1.0, 2.0, 2.0, 9.0, 11.0, 14.0, 14.0)",921729600.0,1,-21.284433625233845,1.0,1.0,5.705424019301285e-10,1.0849168780084746e-09,1.0849168768314298e-09
2043,"(1.0, 2.0, 2.0, 9.0, 12.0, 12.0, 14.0)",963626400.0,1,-21.56166510497496,2.0,4.0,4.3240212965676704e-10,2.0754931579292558e-09,4.1509863115508394e-09
2044,"(1.0, 2.0, 2.0, 9.0, 12.0, 13.0, 14.0)",1927252800.0,1,-21.446778731662764,1.0,1.0,4.850453463839851e-10,5.188732894823139e-10,5.188732892130844e-10
2045,"(1.0, 2.0, 2.0, 9.0, 12.0, 14.0, 14.0)",963626400.0,2,-21.37014510231208,2.0,2.0,5.236774878416347e-10,2.0754931579292558e-09,2.075493153621584e-09
2046,"(1.0, 2.0, 2.0, 9.0, 13.0, 14.0, 14.0)",963626400.0,6,-21.255258728999888,7.0,9.0,5.874331115928275e-10,7.2642260527523945e-09,9.339719157912671e-09
2047,"(1.0, 2.0, 2.0, 11.0, 11.0, 12.0, 14.0)",921729600.0,1,-21.13152799581025,1.0,1.0,6.648045715641486e-10,1.0849168780084746e-09,1.0849168768314298e-09
2048,"(1.0, 2.0, 2.0, 11.0, 12.0, 12.0, 13.0)",963626400.0,1,-21.29387310223917,1.0,1.0,5.651821189820667e-10,1.0377465789646279e-09,1.0377465778877099e-09
2049,"(1.0, 2.0, 2.0, 11.0, 12.0, 13.0, 14.0)",1927252800.0,2,-21.1023530995763,2.0,2.0,6.844858800220911e-10,1.0377465789646279e-09,1.0377465778877099e-09
2050,"(1.0, 2.0, 2.0, 11.0, 12.0, 14.0, 14.0)",963626400.0,3,-21.02571947022561,3.0,3.0,7.390027525988766e-10,3.1132397368938834e-09,3.1132397272016217e-09
2051,"(1.0, 2.0, 2.0, 11.0, 14.0, 14.0, 14.0)",321208799.99999994,1,-20.834199467562733,1.0,1.0,8.949981474333261e-10,3.113239736893884e-09,3.113239727201622e-09
2052,"(1.0, 2.0, 2.0, 12.0, 13.0, 14.0, 14.0)",921729600.0,2,-20.996544573991656,2.0,2.0,7.608806724377075e-10,2.169833756016949e-09,2.1698337513087706e-09
2053,"(1.0, 2.0, 2.0, 12.0, 14.0, 14.0, 14.0)",307243199.99999994,1,-20.919910944640968,2.0,4.0,8.214821192697249e-10,6.5095012680508485e-09,1.301900249372809e-08
2054,"(1.0, 2.0, 3.0, 3.0, 3.0, 7.0, 14.0)",573803999.9999998,1,-20.3678166724194,1.0,1.0,1.4268213879271311e-09,1.7427553659437726e-09,1.7427553629065763e-09
2055,"(1.0, 2.0, 3.0, 3.0, 3.0, 11.0, 14.0)",488796000.0,2,-20.529458393405328,3.0,5.0,1.2138625233818833e-09,6.13752976701937e-09,1.0229216240696344e-08
2056,"(1.0, 2.0, 3.0, 3.0, 3.0, 13.0, 14.0)",510048000.0,2,-20.50028349717137,2.0,2.0,1.2497985018183912e-09,3.921199573373486e-09,3.92119955799768e-09
2057,"(1.0, 2.0, 3.0, 3.0, 3.0, 14.0, 14.0)",255024000.0,4,-20.42364986782069,5.0,7.0,1.3493405196436314e-09,1.960599786686743e-08,2.7448396629219255e-08
2058,"(1.0, 2.0, 3.0, 3.0, 4.0, 6.0, 14.0)",2237835600.0,1,-20.808598544277487,1.0,1.0,9.18206739462093e-10,4.468603502419928e-10,4.468603500423086e-10
2059,"(1.0, 2.0, 3.0, 3.0, 4.0, 7.0, 14.0)",2237835600.0,2,-20.60461807825429,2.0,2.0,1.1259732341435515e-09,8.937207004839856e-10,8.937206996852489e-10
2060,"(1.0, 2.0, 3.0, 3.0, 4.0, 9.0, 14.0)",1979623799.9999995,1,-21.110685431326687,2.0,4.0,6.788062118913507e-10,1.0102929657645057e-09,2.0205859305083193e-09
2061,"(1.0, 2.0, 3.0, 3.0, 4.0, 11.0, 13.0)",1979623799.9999995,1,-20.8428934285909,1.0,1.0,8.87250794808702e-10,5.051464828822528e-10,5.051464826270798e-10
2062,"(1.0, 2.0, 3.0, 3.0, 4.0, 11.0, 14.0)",1979623799.9999995,3,-20.766259799240217,5.0,11.0,9.579171736720238e-10,2.525732414411264e-09,5.5566113053254565e-09
2063,"(1.0, 2.0, 3.0, 3.0, 4.0, 12.0, 14.0)",2065694399.999999,2,-20.85197127631845,2.0,2.0,8.792329148050904e-10,9.68197425524318e-10,9.681974245869118e-10
2064,"(1.0, 2.0, 3.0, 3.0, 4.0, 13.0, 14.0)",2065694399.999999,2,-20.73708490300626,2.0,2.0,9.862759789188753e-10,9.68197425524318e-10,9.681974245869118e-10
2065,"(1.0, 2.0, 3.0, 3.0, 4.0, 14.0, 14.0)",1032847199.9999996,8,-20.66045127365557,10.0,14.0,1.0648293624693574e-09,9.68197425524318e-09,1.3554763863599827e-08
2066,"(1.0, 2.0, 3.0, 3.0, 6.0, 6.0, 14.0)",1118917800.0,1,-20.773071555794573,1.0,1.0,9.514142484022874e-10,8.937207004839856e-10,8.937206996852489e-10
2067,"(1.0, 2.0, 3.0, 3.0, 6.0, 7.0, 14.0)",2237835600.0,1,-20.569091089771376,2.0,4.0,1.1666947455769636e-09,8.937207004839856e-10,1.7874414001692343e-09
2068,"(1.0, 2.0, 3.0, 3.0, 6.0, 8.0, 14.0)",1979623799.9999995,3,-20.43029832370928,4.0,6.0,1.3403992444919462e-09,2.0205859315290113e-09,3.0308788932107495e-09
2069,"(1.0, 2.0, 3.0, 3.0, 6.0, 9.0, 14.0)",1979623799.9999995,1,-21.07515844284377,1.0,1.0,7.033556541697303e-10,5.051464828822528e-10,5.051464826270798e-10
2070,"(1.0, 2.0, 3.0, 3.0, 6.0, 11.0, 12.0)",1979623799.9999995,1,-20.922252813420183,1.0,1.0,8.195605668319598e-10,5.051464828822528e-10,5.051464826270798e-10
2071,"(1.0, 2.0, 3.0, 3.0, 6.0, 14.0, 14.0)",1032847199.9999996,3,-20.62492428517266,5.0,11.0,1.103339568345971e-09,4.84098712762159e-09,1.0650171657332341e-08
2072,"(1.0, 2.0, 3.0, 3.0, 7.0, 8.0, 14.0)",1979623799.9999995,5,-20.226317857686084,5.0,5.0,1.643697010161705e-09,2.525732414411264e-09,2.5257324080319395e-09
2073,"(1.0, 2.0, 3.0, 3.0, 7.0, 11.0, 14.0)",1979623799.9999995,6,-20.526752344734103,6.0,6.0,1.2171517428371354e-09,3.030878897293517e-09,3.03087888810729e-09
2074,"(1.0, 2.0, 3.0, 3.0, 7.0, 12.0, 14.0)",2065694399.999999,1,-20.612463821812344,1.0,1.0,1.1171737014720117e-09,4.84098712762159e-10,4.840987125278075e-10
2075,"(1.0, 2.0, 3.0, 3.0, 7.0, 13.0, 14.0)",2065694399.999999,2,-20.497577448500152,2.0,2.0,1.2531850974732782e-09,9.68197425524318e-10,9.681974245869118e-10
2076,"(1.0, 2.0, 3.0, 3.0, 7.0, 14.0, 14.0)",1032847199.9999996,6,-20.420943819149464,7.0,9.0,1.3529968456307017e-09,6.777381978670226e-09,8.713776783785956e-09
2077,"(1.0, 2.0, 3.0, 3.0, 8.0, 8.0, 14.0)",806513400.0,4,-20.08752509162398,4.0,4.0,1.8884204621191515e-09,4.9596200137530265e-09,4.9596199891551955e-09
2078,"(1.0, 2.0, 3.0, 3.0, 8.0, 11.0, 14.0)",1613026800.0,4,-20.38795957867201,6.0,12.0,1.3983685815985554e-09,3.71971501031477e-09,7.43943000679326e-09
2079,"(1.0, 2.0, 3.0, 3.0, 8.0, 12.0, 14.0)",1759665599.9999998,1,-20.473671055750245,1.0,1.0,1.283505210850011e-09,5.682897932425344e-10,5.68289792919581e-10
2080,"(1.0, 2.0, 3.0, 3.0, 8.0, 13.0, 14.0)",1759665599.9999998,5,-20.358784682438053,6.0,8.0,1.4397667978105624e-09,3.409738759455206e-09,4.546318334313956e-09
2081,"(1.0, 2.0, 3.0, 3.0, 8.0, 14.0, 14.0)",879832799.9999999,8,-20.282151053087368,10.0,14.0,1.5544391166230236e-09,1.1365795864850687e-08,1.5912114081609646e-08
2082,"(1.0, 2.0, 3.0, 3.0, 9.0, 12.0, 14.0)",1759665599.9999998,1,-21.11853117488474,1.0,1.0,6.735013100890218e-10,5.682897932425344e-10,5.68289792919581e-10
2083,"(1.0, 2.0, 3.0, 3.0, 9.0, 13.0, 14.0)",1759665599.9999998,2,-21.00364480157255,2.0,2.0,7.554973804164834e-10,1.1365795864850687e-09,1.1365795851932556e-09
2084,"(1.0, 2.0, 3.0, 3.0, 11.0, 11.0, 14.0)",806513400.0,1,-20.68839406572004,1.0,1.0,1.0354869210682041e-09,1.2399050034382566e-09,1.2399050019008922e-09
2085,"(1.0, 2.0, 3.0, 3.0, 11.0, 12.0, 14.0)",1759665599.9999998,4,-20.77410554279827,5.0,7.0,9.504310068514e-10,2.8414489662126718e-09,3.9780285446239085e-09
2086,"(1.0, 2.0, 3.0, 3.0, 11.0, 13.0, 14.0)",1759665599.9999998,3,-20.65921916948608,3.0,3.0,1.0661421517471488e-09,1.704869379727603e-09,1.7048693768210234e-09
2087,"(1.0, 2.0, 3.0, 3.0, 11.0, 14.0, 14.0)",879832799.9999999,7,-20.58258554013539,7.0,7.0,1.1510565926902745e-09,7.956057105395481e-09,7.956057042096636e-09
2088,"(1.0, 2.0, 3.0, 3.0, 12.0, 12.0, 13.0)",879832799.9999999,1,-20.93645064922719,2.0,4.0,8.080067938382142e-10,2.2731591729701374e-09,4.546318340773022e-09
2089,"(1.0, 2.0, 3.0, 3.0, 12.0, 12.0, 14.0)",879832799.9999999,1,-20.85981701987651,1.0,1.0,8.723616690906139e-10,1.1365795864850687e-09,1.1365795851932556e-09
2090,"(1.0, 2.0, 3.0, 3.0, 12.0, 13.0, 14.0)",1759665599.9999998,2,-20.74493064656432,2.0,2.0,9.78568186729427e-10,1.1365795864850687e-09,1.1365795851932556e-09
2091,"(1.0, 2.0, 3.0, 3.0, 12.0, 14.0, 14.0)",879832799.9999999,3,-20.66829701721363,3.0,3.0,1.0565076719703865e-09,3.409738759455206e-09,3.4097387478288877e-09
2092,"(1.0, 2.0, 3.0, 3.0, 13.0, 13.0, 14.0)",879832799.9999999,1,-20.630044273252125,1.0,1.0,1.097704919883932e-09,1.1365795864850687e-09,1.1365795851932556e-09
2093,"(1.0, 2.0, 3.0, 3.0, 13.0, 14.0, 14.0)",879832799.9999999,1,-20.55341064390144,1.0,1.0,1.1851332233608258e-09,1.1365795864850687e-09,1.1365795851932556e-09
2094,"(1.0, 2.0, 3.0, 3.0, 14.0, 14.0, 14.0)",293277599.99999994,4,-20.476777014550752,5.0,7.0,1.279524881114806e-09,1.7048693797276032e-08,2.3868171025528485e-08
2095,"(1.0, 2.0, 3.0, 4.0, 4.0, 7.0, 14.0)",2664089999.9999995,2,-20.84141948408918,2.0,2.0,8.885595174947277e-10,7.50725388406548e-10,7.507253878429593e-10
2096,"(1.0, 2.0, 3.0, 4.0, 4.0, 8.0, 14.0)",2450962800.0,2,-20.70262671802708,4.0,10.0,1.020853578411438e-09,1.632011713927278e-09,4.0800292821547324e-09
2097,"(1.0, 2.0, 3.0, 4.0, 4.0, 9.0, 14.0)",2450962800.0,2,-21.347486837161576,3.0,5.0,5.356785595080183e-10,1.2240087854454583e-09,2.0400146409109e-09
2098,"(1.0, 2.0, 3.0, 4.0, 4.0, 11.0, 14.0)",2450962800.0,1,-21.003061205075102,1.0,1.0,7.559384147220445e-10,4.080029284818195e-10,4.080029283153531e-10
2099,"(1.0, 2.0, 3.0, 4.0, 4.0, 12.0, 14.0)",2557526400.0,2,-21.08877268215334,2.0,2.0,6.938448897845574e-10,7.820056129234873e-10,7.820056123119546e-10
2100,"(1.0, 2.0, 3.0, 4.0, 4.0, 13.0, 14.0)",2557526400.0,2,-20.97388630884115,2.0,2.0,7.783177089563635e-10,7.820056129234873e-10,7.820056123119546e-10
2101,"(1.0, 2.0, 3.0, 4.0, 4.0, 14.0, 14.0)",1278763200.0,4,-20.897252679490464,5.0,7.0,8.403079539005809e-10,3.910028064617437e-09,5.4740392751760915e-09
2102,"(1.0, 2.0, 3.0, 4.0, 6.0, 6.0, 14.0)",2664089999.9999995,2,-21.009872961629465,2.0,2.0,7.508066442991157e-10,7.50725388406548e-10,7.507253878429593e-10
2103,"(1.0, 2.0, 3.0, 4.0, 6.0, 7.0, 13.0)",5328179999.999999,1,-20.88252612495696,2.0,4.0,8.527743631365296e-10,3.75362694203274e-10,7.507253882656508e-10
2104,"(1.0, 2.0, 3.0, 4.0, 6.0, 7.0, 14.0)",5328179999.999999,1,-20.805892495606265,1.0,1.0,9.206948164998154e-10,1.87681347101637e-10,1.876813470664127e-10
2105,"(1.0, 2.0, 3.0, 4.0, 6.0, 8.0, 14.0)",4901925600.0,9,-20.66709972954417,12.0,18.0,1.0577733731317243e-09,2.4480175708909167e-09,3.6720263503435855e-09
2106,"(1.0, 2.0, 3.0, 4.0, 6.0, 9.0, 14.0)",4901925600.0,3,-21.31195984867866,3.0,3.0,5.550517026025179e-10,6.120043927227292e-10,6.120043923481798e-10
2107,"(1.0, 2.0, 3.0, 4.0, 6.0, 11.0, 14.0)",4901925600.0,2,-20.967534216592192,2.0,2.0,7.832773903429618e-10,4.080029284818195e-10,4.080029283153531e-10
2108,"(1.0, 2.0, 3.0, 4.0, 6.0, 12.0, 14.0)",5115052800.0,3,-21.05324569367043,5.0,9.0,7.189382150569513e-10,9.775070161543592e-10,1.7595126281223265e-09
2109,"(1.0, 2.0, 3.0, 4.0, 6.0, 14.0, 14.0)",2557526400.0,9,-20.86172569100755,10.0,12.0,8.706982055644025e-10,3.910028064617437e-09,4.6920336622526045e-09
2110,"(1.0, 2.0, 3.0, 4.0, 7.0, 7.0, 14.0)",2664089999.9999995,3,-20.60191202958307,7.0,21.0,1.1290242988205588e-09,2.627538859422918e-09,7.882616571364793e-09
2111,"(1.0, 2.0, 3.0, 4.0, 7.0, 8.0, 13.0)",4901925600.0,1,-20.53975289287165,1.0,1.0,1.2014305167174718e-09,2.0400146424090975e-10,2.0400146419929315e-10
2112,"(1.0, 2.0, 3.0, 4.0, 7.0, 8.0, 14.0)",4901925600.0,3,-20.46311926352097,4.0,6.0,1.2971201960832868e-09,8.16005856963639e-10,1.2240087847795928e-09
2113,"(1.0, 2.0, 3.0, 4.0, 7.0, 9.0, 14.0)",4901925600.0,3,-21.107979382655465,3.0,3.0,6.806455821293209e-10,6.120043927227292e-10,6.120043923481798e-10
2114,"(1.0, 2.0, 3.0, 4.0, 7.0, 11.0, 14.0)",4901925600.0,4,-20.763553750568995,7.0,13.0,9.605128546024967e-10,1.428010249686368e-09,2.6520190330926134e-09
2115,"(1.0, 2.0, 3.0, 4.0, 7.0, 12.0, 14.0)",5115052800.0,3,-20.84926522764723,3.0,3.0,8.81615383950784e-10,5.865042096926155e-10,5.865042093486283e-10
2116,"(1.0, 2.0, 3.0, 4.0, 7.0, 13.0, 14.0)",5115052800.0,3,-20.73437885433504,3.0,3.0,9.889485040818246e-10,5.865042096926155e-10,5.865042093486283e-10
2117,"(1.0, 2.0, 3.0, 4.0, 7.0, 14.0, 14.0)",2557526400.0,17,-20.65774522498436,22.0,34.0,1.0677147447824893e-09,8.60206174215836e-09,1.3294095345703819e-08
2118,"(1.0, 2.0, 3.0, 4.0, 8.0, 8.0, 14.0)",2073891600.0,4,-20.32432649745887,4.0,4.0,1.4902432169482967e-09,1.9287411164595104e-09,1.9287411127394682e-09
2119,"(1.0, 2.0, 3.0, 4.0, 8.0, 11.0, 13.0)",4147783200.0,1,-20.70139461385758,1.0,1.0,1.0221121515492346e-09,2.410926395574388e-10,2.410926394993131e-10
2120,"(1.0, 2.0, 3.0, 4.0, 8.0, 11.0, 14.0)",4147783200.0,4,-20.624760984506896,5.0,7.0,1.1035197591442849e-09,1.205463197787194e-09,1.68764847544893e-09
2121,"(1.0, 2.0, 3.0, 4.0, 8.0, 12.0, 14.0)",4524854399.999999,1,-20.71047246158513,1.0,1.0,1.0128755606898012e-09,2.210015862609856e-10,2.210015862121439e-10
2122,"(1.0, 2.0, 3.0, 4.0, 8.0, 13.0, 14.0)",4524854399.999999,2,-20.59558608827294,2.0,2.0,1.1361890783670133e-09,4.420031725219712e-10,4.420031723266044e-10
2123,"(1.0, 2.0, 3.0, 4.0, 8.0, 14.0, 14.0)",2262427199.9999995,12,-20.518952458922257,13.0,15.0,1.226682508569642e-09,5.746041242785626e-09,6.630047554812577e-09
2124,"(1.0, 2.0, 3.0, 4.0, 9.0, 9.0, 14.0)",2073891600.0,1,-21.61404673572786,2.0,4.0,4.103351973523761e-10,9.643705582297552e-10,1.9287411155294996e-09
2125,"(1.0, 2.0, 3.0, 4.0, 9.0, 11.0, 14.0)",4147783200.0,3,-21.26962110364139,4.0,6.0,5.790564753536085e-10,9.643705582297552e-10,1.4465558364146221e-09
2126,"(1.0, 2.0, 3.0, 4.0, 9.0, 13.0, 14.0)",4524854399.999999,1,-21.24044620740744,1.0,1.0,5.961992412031114e-10,2.210015862609856e-10,2.210015862121439e-10
2127,"(1.0, 2.0, 3.0, 4.0, 9.0, 14.0, 14.0)",2262427199.9999995,2,-21.16381257805675,2.0,2.0,6.436843961372042e-10,8.840063450439424e-10,8.840063442624752e-10
2128,"(1.0, 2.0, 3.0, 4.0, 11.0, 11.0, 14.0)",2073891600.0,1,-20.92519547155492,1.0,1.0,8.17152425169609e-10,4.821852791148776e-10,4.821852788823749e-10
2129,"(1.0, 2.0, 3.0, 4.0, 11.0, 12.0, 14.0)",4524854399.999999,1,-21.01090694863316,1.0,1.0,7.500307212029519e-10,2.210015862609856e-10,2.210015862121439e-10
2130,"(1.0, 2.0, 3.0, 4.0, 11.0, 13.0, 14.0)",4524854399.999999,2,-20.896020575320968,2.0,2.0,8.413439389239168e-10,4.420031725219712e-10,4.420031723266044e-10
2131,"(1.0, 2.0, 3.0, 4.0, 11.0, 14.0, 14.0)",2262427199.9999995,10,-20.81938694597028,14.0,24.0,9.083539995406322e-10,6.188044415307597e-09,1.0608076102235415e-08
2132,"(1.0, 2.0, 3.0, 4.0, 12.0, 12.0, 14.0)",2262427199.9999995,1,-21.096618425711394,1.0,1.0,6.884224600220203e-10,4.420031725219712e-10,4.420031723266044e-10
2133,"(1.0, 2.0, 3.0, 4.0, 12.0, 13.0, 14.0)",4524854399.999999,2,-20.9817320523992,3.0,5.0,7.722351202223551e-10,6.630047587829568e-10,1.1050079308653527e-09
2134,"(1.0, 2.0, 3.0, 4.0, 12.0, 14.0, 14.0)",2262427199.9999995,7,-20.90509842304852,9.0,13.0,8.337409085479171e-10,3.9780285526977405e-09,5.7460412269609145e-09
2135,"(1.0, 2.0, 3.0, 4.0, 13.0, 14.0, 14.0)",2262427199.9999995,7,-20.79021204973633,9.0,13.0,9.352455042303525e-10,3.9780285526977405e-09,5.7460412269609145e-09
2136,"(1.0, 2.0, 3.0, 4.0, 14.0, 14.0, 14.0)",754142399.9999999,6,-20.71357842038564,7.0,9.0,1.0097344914692011e-09,9.282066622961394e-09,1.193408557193646e-08
2137,"(1.0, 2.0, 3.0, 6.0, 6.0, 7.0, 14.0)",2664089999.9999995,1,-20.77036550712336,2.0,4.0,9.539923082694936e-10,7.50725388406548e-10,1.5014507762495075e-09
2138,"(1.0, 2.0, 3.0, 6.0, 6.0, 8.0, 14.0)",2450962800.0,1,-20.63157274106125,1.0,1.0,1.0960283948336477e-09,4.080029284818195e-10,4.080029283153531e-10
2139,"(1.0, 2.0, 3.0, 6.0, 6.0, 11.0, 14.0)",2450962800.0,2,-20.932007228109285,3.0,5.0,8.116050967565506e-10,1.2240087854454583e-09,2.0400146409109e-09
2140,"(1.0, 2.0, 3.0, 6.0, 6.0, 12.0, 14.0)",2557526400.0,1,-21.01771870518752,1.0,1.0,7.44939055802179e-10,3.9100280646174367e-10,3.910028063088605e-10
2141,"(1.0, 2.0, 3.0, 6.0, 6.0, 13.0, 14.0)",2557526400.0,4,-20.902832331875327,4.0,4.0,8.356323837797514e-10,1.5640112258469747e-09,1.5640112234008436e-09
2142,"(1.0, 2.0, 3.0, 6.0, 6.0, 14.0, 14.0)",1278763200.0,4,-20.826198702524643,5.0,7.0,9.021875392872454e-10,3.910028064617437e-09,5.4740392751760915e-09
2143,"(1.0, 2.0, 3.0, 6.0, 7.0, 7.0, 14.0)",2664089999.9999995,1,-20.56638504110016,1.0,1.0,1.1698561538761429e-09,3.75362694203274e-10,3.7536269406237686e-10
2144,"(1.0, 2.0, 3.0, 6.0, 7.0, 8.0, 12.0)",4901925600.0,1,-20.61911227770093,2.0,4.0,1.1097708574073309e-09,4.080029284818195e-10,8.160058567971726e-10
2145,"(1.0, 2.0, 3.0, 6.0, 7.0, 8.0, 14.0)",4901925600.0,3,-20.42759227503806,5.0,11.0,1.3440313421865838e-09,1.0200073212045486e-09,2.244016105609592e-09
2146,"(1.0, 2.0, 3.0, 6.0, 7.0, 9.0, 12.0)",4901925600.0,1,-21.26397239683543,1.0,1.0,5.823366512610076e-10,2.0400146424090975e-10,2.0400146419929315e-10
2147,"(1.0, 2.0, 3.0, 6.0, 7.0, 9.0, 14.0)",4901925600.0,4,-21.072452394172554,4.0,4.0,7.052615463585772e-10,8.16005856963639e-10,8.160058562977734e-10
2148,"(1.0, 2.0, 3.0, 6.0, 7.0, 11.0, 14.0)",4901925600.0,5,-20.728026762086085,7.0,11.0,9.952503901002935e-10,1.428010249686368e-09,2.244016104610794e-09
2149,"(1.0, 2.0, 3.0, 6.0, 7.0, 12.0, 12.0)",2557526400.0,1,-21.0052582418272,1.0,1.0,7.542794133533966e-10,3.9100280646174367e-10,3.910028063088605e-10
2150,"(1.0, 2.0, 3.0, 6.0, 7.0, 13.0, 14.0)",5115052800.0,3,-20.698851865852127,9.0,33.0,1.0247144322538698e-09,1.7595126290778464e-09,6.451546303522886e-09
2151,"(1.0, 2.0, 3.0, 6.0, 7.0, 14.0, 14.0)",2557526400.0,17,-20.62221823650145,23.0,41.0,1.1063293022771439e-09,8.993064548620104e-09,1.6031114984056282e-08
2152,"(1.0, 2.0, 3.0, 6.0, 8.0, 8.0, 14.0)",2073891600.0,2,-20.28879950897596,2.0,2.0,1.5441387753482063e-09,9.643705582297552e-10,9.643705572997446e-10
2153,"(1.0, 2.0, 3.0, 6.0, 8.0, 9.0, 14.0)",4147783200.0,4,-20.93365962811045,7.0,13.0,8.102651078974146e-10,1.6876484769020714e-09,3.1342043113985467e-09
2154,"(1.0, 2.0, 3.0, 6.0, 8.0, 11.0, 14.0)",4147783200.0,6,-20.589233996023985,7.0,9.0,1.143429226906337e-09,1.6876484769020714e-09,2.1698337531687917e-09
2155,"(1.0, 2.0, 3.0, 6.0, 8.0, 12.0, 14.0)",4524854399.999999,6,-20.67494547310222,7.0,9.0,1.0495068255143352e-09,1.5470111038268992e-09,1.989014273955627e-09
2156,"(1.0, 2.0, 3.0, 6.0, 8.0, 13.0, 14.0)",4524854399.999999,4,-20.56005909979003,4.0,4.0,1.1772800520618038e-09,8.840063450439424e-10,8.840063442624752e-10
2157,"(1.0, 2.0, 3.0, 6.0, 8.0, 14.0, 14.0)",2262427199.9999995,5,-20.483425470439343,6.0,8.0,1.2710462325758173e-09,2.652019035131827e-09,3.5360253731425647e-09
2158,"(1.0, 2.0, 3.0, 6.0, 9.0, 9.0, 14.0)",2073891600.0,2,-21.57851974724495,3.0,5.0,4.2517522100819966e-10,1.4465558373446327e-09,2.410926393481864e-09
2159,"(1.0, 2.0, 3.0, 6.0, 9.0, 11.0, 12.0)",4147783200.0,1,-21.42561411782136,1.0,1.0,4.954205501393428e-10,2.410926395574388e-10,2.410926394993131e-10
2160,"(1.0, 2.0, 3.0, 6.0, 9.0, 11.0, 14.0)",4147783200.0,3,-21.23409411515848,3.0,3.0,5.999984073344665e-10,7.232779186723163e-10,7.232779181491854e-10
2161,"(1.0, 2.0, 3.0, 6.0, 9.0, 12.0, 14.0)",4524854399.999999,3,-21.31980559223672,4.0,6.0,5.507139479886953e-10,8.840063450439424e-10,1.3260095167844462e-09
2162,"(1.0, 2.0, 3.0, 6.0, 9.0, 13.0, 14.0)",4524854399.999999,3,-21.204919218924523,3.0,3.0,6.177611518072417e-10,6.630047587829568e-10,6.630047583433814e-10
2163,"(1.0, 2.0, 3.0, 6.0, 9.0, 14.0, 14.0)",2262427199.9999995,8,-21.12828558957384,8.0,8.0,6.669636364441419e-10,3.5360253801757696e-09,3.536025367672294e-09
2164,"(1.0, 2.0, 3.0, 6.0, 11.0, 11.0, 14.0)",2073891600.0,4,-20.88966848307201,5.0,7.0,8.46705242959005e-10,2.410926395574388e-09,3.375296947991577e-09
2165,"(1.0, 2.0, 3.0, 6.0, 11.0, 12.0, 14.0)",4524854399.999999,4,-20.97537996015025,6.0,12.0,7.771560414705377e-10,1.3260095175659135e-09,2.6520190333735256e-09
2166,"(1.0, 2.0, 3.0, 6.0, 11.0, 13.0, 14.0)",4524854399.999999,3,-20.860493586838057,5.0,11.0,8.717716576204261e-10,1.105007931304928e-09,2.431017447649799e-09
2167,"(1.0, 2.0, 3.0, 6.0, 11.0, 14.0, 14.0)",2262427199.9999995,6,-20.783859957487373,6.0,6.0,9.412051781088396e-10,2.652019035131827e-09,2.652019028098622e-09
2168,"(1.0, 2.0, 3.0, 6.0, 12.0, 12.0, 14.0)",2262427199.9999995,1,-21.061091437228484,1.0,1.0,7.1331967980196e-10,4.420031725219712e-10,4.420031723266044e-10
2169,"(1.0, 2.0, 3.0, 6.0, 12.0, 13.0, 14.0)",4524854399.999999,1,-20.94620506391629,1.0,1.0,8.001634761759786e-10,2.210015862609856e-10,2.210015862121439e-10
2170,"(1.0, 2.0, 3.0, 6.0, 12.0, 14.0, 14.0)",2262427199.9999995,2,-20.869571434565607,2.0,2.0,8.638936589956323e-10,8.840063450439424e-10,8.840063442624752e-10
2171,"(1.0, 2.0, 3.0, 6.0, 13.0, 13.0, 14.0)",2262427199.9999995,3,-20.8313186906041,4.0,6.0,8.975801547824648e-10,1.7680126900878848e-09,2.652019032005958e-09
2172,"(1.0, 2.0, 3.0, 6.0, 13.0, 14.0, 14.0)",2262427199.9999995,11,-20.75468506125341,14.0,22.0,9.690692305310366e-10,6.188044415307597e-09,9.724069757191473e-09
2173,"(1.0, 2.0, 3.0, 6.0, 14.0, 14.0, 14.0)",754142399.9999999,2,-20.67805143190273,2.0,2.0,1.046252157602131e-09,2.652019035131827e-09,2.652019028098622e-09
2174,"(1.0, 2.0, 3.0, 7.0, 7.0, 8.0, 14.0)",2450962800.0,10,-20.223611809014866,12.0,16.0,1.6481509578536453e-09,4.896035141781833e-09,6.528046831737952e-09
2175,"(1.0, 2.0, 3.0, 7.0, 7.0, 9.0, 14.0)",2450962800.0,1,-20.86847192814936,1.0,1.0,8.648440379948119e-10,4.080029284818195e-10,4.080029283153531e-10
2176,"(1.0, 2.0, 3.0, 7.0, 7.0, 11.0, 14.0)",2450962800.0,6,-20.524046296062888,9.0,17.0,1.2204498751341638e-09,3.6720263563363754e-09,6.936049770707153e-09
2177,"(1.0, 2.0, 3.0, 7.0, 7.0, 12.0, 14.0)",2557526400.0,1,-20.609757773141126,1.0,1.0,1.1202009219380743e-09,3.9100280646174367e-10,3.910028063088605e-10
2178,"(1.0, 2.0, 3.0, 7.0, 7.0, 13.0, 14.0)",2557526400.0,3,-20.49487139982893,4.0,6.0,1.2565808698315446e-09,1.5640112258469747e-09,2.346016836324331e-09
2179,"(1.0, 2.0, 3.0, 7.0, 7.0, 14.0, 14.0)",1278763200.0,11,-20.41823777047825,16.0,28.0,1.356663079213008e-09,1.2512089806775797e-08,2.1896157005305252e-08
2180,"(1.0, 2.0, 3.0, 7.0, 8.0, 8.0, 14.0)",2073891600.0,3,-20.084819042952763,3.0,3.0,1.893537540209986e-09,1.4465558373446327e-09,1.446555835252109e-09
2181,"(1.0, 2.0, 3.0, 7.0, 8.0, 9.0, 14.0)",4147783200.0,1,-20.72967916208726,2.0,4.0,9.936071963350985e-10,4.821852791148776e-10,9.643705579972525e-10
2182,"(1.0, 2.0, 3.0, 7.0, 8.0, 11.0, 14.0)",4147783200.0,3,-20.38525353000079,3.0,3.0,1.4021577595784363e-09,7.232779186723163e-10,7.232779181491854e-10
2183,"(1.0, 2.0, 3.0, 7.0, 8.0, 12.0, 12.0)",2262427199.9999995,1,-20.662485009741903,1.0,1.0,1.0626659811880678e-09,4.420031725219712e-10,4.420031723266044e-10
2184,"(1.0, 2.0, 3.0, 7.0, 8.0, 12.0, 14.0)",4524854399.999999,3,-20.470965007079023,3.0,3.0,1.286983142023533e-09,6.630047587829568e-10,6.630047583433814e-10
2185,"(1.0, 2.0, 3.0, 7.0, 8.0, 13.0, 14.0)",4524854399.999999,4,-20.356078633766835,7.0,15.0,1.4436681530885705e-09,1.5470111038268992e-09,3.3150237915215405e-09
2186,"(1.0, 2.0, 3.0, 7.0, 8.0, 14.0, 14.0)",2262427199.9999995,14,-20.279445004416147,16.0,20.0,1.5586512010114187e-09,7.072050760351539e-09,8.840063400425522e-09
2187,"(1.0, 2.0, 3.0, 7.0, 9.0, 9.0, 14.0)",2073891600.0,1,-21.37453928122176,1.0,1.0,5.213814036659688e-10,4.821852791148776e-10,4.821852788823749e-10
2188,"(1.0, 2.0, 3.0, 7.0, 9.0, 11.0, 14.0)",4147783200.0,7,-21.030113649135284,8.0,10.0,7.357625664816413e-10,1.9287411164595104e-09,2.4109263918543457e-09
2189,"(1.0, 2.0, 3.0, 7.0, 9.0, 12.0, 12.0)",2262427199.9999995,1,-21.3073451288764,2.0,4.0,5.576190298777338e-10,8.840063450439424e-10,1.7680126893064175e-09
2190,"(1.0, 2.0, 3.0, 7.0, 9.0, 13.0, 14.0)",4524854399.999999,2,-21.000938752901327,2.0,2.0,7.575445617357742e-10,4.420031725219712e-10,4.420031723266044e-10
2191,"(1.0, 2.0, 3.0, 7.0, 9.0, 14.0, 14.0)",2262427199.9999995,6,-20.92430512355065,7.0,9.0,8.178802991830495e-10,3.0940222076537983e-09,3.978028543124767e-09
2192,"(1.0, 2.0, 3.0, 7.0, 11.0, 11.0, 14.0)",2073891600.0,1,-20.68568801704881,2.0,4.0,1.0382927937768798e-09,9.643705582297552e-10,1.9287411155294996e-09
2193,"(1.0, 2.0, 3.0, 7.0, 11.0, 12.0, 14.0)",4524854399.999999,3,-20.771399494127053,3.0,3.0,9.530064024158768e-10,6.630047587829568e-10,6.630047583433814e-10
2194,"(1.0, 2.0, 3.0, 7.0, 11.0, 13.0, 14.0)",4524854399.999999,5,-20.65651312081486,8.0,16.0,1.069031091342888e-09,1.7680126900878848e-09,3.536025377049901e-09
2195,"(1.0, 2.0, 3.0, 7.0, 11.0, 14.0, 14.0)",2262427199.9999995,11,-20.579879491464176,13.0,17.0,1.1541756260781825e-09,5.746041242785626e-09,7.51405389985652e-09
2196,"(1.0, 2.0, 3.0, 7.0, 12.0, 12.0, 14.0)",2262427199.9999995,1,-20.857110971205287,1.0,1.0,8.747255191302305e-10,4.420031725219712e-10,4.420031723266044e-10
2197,"(1.0, 2.0, 3.0, 7.0, 12.0, 13.0, 14.0)",4524854399.999999,2,-20.74222459789309,2.0,2.0,9.81219825985179e-10,4.420031725219712e-10,4.420031723266044e-10
2198,"(1.0, 2.0, 3.0, 7.0, 12.0, 14.0, 14.0)",2262427199.9999995,7,-20.66559096854241,10.0,16.0,1.059370504887888e-09,4.420031725219712e-09,7.072050740814859e-09
2199,"(1.0, 2.0, 3.0, 7.0, 13.0, 13.0, 14.0)",2262427199.9999995,2,-20.627338224580903,2.0,2.0,1.1006793855330931e-09,8.840063450439424e-10,8.840063442624752e-10
2200,"(1.0, 2.0, 3.0, 7.0, 13.0, 14.0, 14.0)",2262427199.9999995,3,-20.55070459523022,3.0,3.0,1.1883445946489668e-09,1.3260095175659135e-09,1.3260095158076123e-09
2201,"(1.0, 2.0, 3.0, 7.0, 14.0, 14.0, 14.0)",754142399.9999999,6,-20.47407096587953,6.0,6.0,1.2829920267358035e-09,7.956057105395481e-09,7.956057042096636e-09
2202,"(1.0, 2.0, 3.0, 8.0, 8.0, 9.0, 14.0)",1613026799.9999998,1,-20.59088639602516,1.0,1.0,1.1415413846153081e-09,6.199525017191284e-10,6.199525013347873e-10
2203,"(1.0, 2.0, 3.0, 8.0, 8.0, 12.0, 14.0)",1843459200.0,4,-20.332172241016927,4.0,4.0,1.4785968975879102e-09,2.169833756016949e-09,2.1698337513087706e-09
2204,"(1.0, 2.0, 3.0, 8.0, 8.0, 13.0, 14.0)",1843459200.0,1,-20.21728586770473,2.0,4.0,1.6586101111992746e-09,1.0849168780084746e-09,2.1698337548399046e-09
2205,"(1.0, 2.0, 3.0, 8.0, 8.0, 14.0, 14.0)",921729600.0,5,-20.14065223835405,5.0,5.0,1.790712523719299e-09,5.424584390042372e-09,5.4245843606162565e-09
2206,"(1.0, 2.0, 3.0, 8.0, 9.0, 11.0, 14.0)",3226053599.9999995,2,-20.891320883073185,2.0,2.0,8.453073025110259e-10,6.199525017191284e-10,6.199525013347873e-10
2207,"(1.0, 2.0, 3.0, 8.0, 9.0, 13.0, 14.0)",3686918400.0,3,-20.86214598683923,3.0,3.0,8.703323316309821e-10,8.136876585063559e-10,8.136876578442683e-10
2208,"(1.0, 2.0, 3.0, 8.0, 9.0, 14.0, 14.0)",1843459200.0,5,-20.785512357488543,5.0,5.0,9.396512149094093e-10,2.712292195021186e-09,2.712292187664657e-09
2209,"(1.0, 2.0, 3.0, 8.0, 11.0, 11.0, 14.0)",1613026799.9999998,2,-20.546895250986715,3.0,5.0,1.1928800413442447e-09,1.8598575051573852e-09,3.099762505136572e-09
2210,"(1.0, 2.0, 3.0, 8.0, 11.0, 12.0, 14.0)",3686918400.0,4,-20.63260672806496,4.0,4.0,1.0948957014137481e-09,1.0849168780084746e-09,1.0849168768314298e-09
2211,"(1.0, 2.0, 3.0, 8.0, 11.0, 13.0, 14.0)",3686918400.0,1,-20.51772035475276,1.0,1.0,1.228194840687132e-09,2.7122921950211864e-10,2.7122921942855333e-10
2212,"(1.0, 2.0, 3.0, 8.0, 11.0, 14.0, 14.0)",1843459200.0,14,-20.44108672540208,14.0,14.0,1.3260162035281573e-09,7.594418146059322e-09,7.594418088384135e-09
2213,"(1.0, 2.0, 3.0, 8.0, 12.0, 12.0, 14.0)",1927252800.0,1,-20.718318205143188,1.0,1.0,1.0049598915440089e-09,5.188732894823139e-10,5.188732892130844e-10
2214,"(1.0, 2.0, 3.0, 8.0, 12.0, 13.0, 14.0)",3854505600.0,4,-20.603431831831,4.0,4.0,1.1273097084024591e-09,1.0377465789646279e-09,1.0377465778877099e-09
2215,"(1.0, 2.0, 3.0, 8.0, 12.0, 14.0, 14.0)",1927252800.0,3,-20.52679820248031,4.0,6.0,1.21709592828119e-09,2.0754931579292558e-09,3.1132397325862118e-09
2216,"(1.0, 2.0, 3.0, 8.0, 13.0, 14.0, 14.0)",1927252800.0,8,-20.41191182916812,10.0,14.0,1.365272452715004e-09,5.188732894823139e-09,7.264226025829446e-09
2217,"(1.0, 2.0, 3.0, 8.0, 14.0, 14.0, 14.0)",642417599.9999999,6,-20.33527819981743,10.0,18.0,1.4740115611606846e-09,1.556619868446942e-08,2.8019157389738412e-08
2218,"(1.0, 2.0, 3.0, 9.0, 9.0, 11.0, 14.0)",1613026799.9999998,2,-21.53618100220768,4.0,10.0,4.4356311985049084e-10,2.4798100068765137e-09,6.1995250110418264e-09
2219,"(1.0, 2.0, 3.0, 9.0, 9.0, 14.0, 14.0)",921729600.0,1,-21.43037247662304,1.0,1.0,4.930687611693543e-10,1.0849168780084746e-09,1.0849168768314298e-09
2220,"(1.0, 2.0, 3.0, 9.0, 11.0, 11.0, 14.0)",1613026799.9999998,1,-21.19175537012121,1.0,1.0,6.259470268081991e-10,6.199525017191284e-10,6.199525013347873e-10
2221,"(1.0, 2.0, 3.0, 9.0, 11.0, 12.0, 14.0)",3686918400.0,4,-21.27746684719945,4.0,4.0,5.745311223354093e-10,1.0849168780084746e-09,1.0849168768314298e-09
2222,"(1.0, 2.0, 3.0, 9.0, 11.0, 13.0, 14.0)",3686918400.0,2,-21.162580473887257,2.0,2.0,6.444779711486697e-10,5.424584390042373e-10,5.424584387099761e-10
2223,"(1.0, 2.0, 3.0, 9.0, 11.0, 14.0, 14.0)",1843459200.0,5,-21.08594684453657,5.0,5.0,6.958083556856355e-10,2.712292195021186e-09,2.712292187664657e-09
2224,"(1.0, 2.0, 3.0, 9.0, 12.0, 13.0, 14.0)",3854505600.0,2,-21.24829195096549,2.0,2.0,5.915399166804445e-10,5.188732894823139e-10,5.188732892130844e-10
2225,"(1.0, 2.0, 3.0, 9.0, 12.0, 14.0, 14.0)",1927252800.0,4,-21.171658321614807,4.0,4.0,6.386539729422154e-10,2.0754931579292558e-09,2.075493153621584e-09
2226,"(1.0, 2.0, 3.0, 9.0, 13.0, 13.0, 14.0)",1927252800.0,1,-21.1334055776533,1.0,1.0,6.635575176606407e-10,5.188732894823139e-10,5.188732892130844e-10
2227,"(1.0, 2.0, 3.0, 9.0, 13.0, 14.0, 14.0)",1927252800.0,5,-21.05677194830261,5.0,5.0,7.164075204050446e-10,2.5943664474115696e-09,2.5943664406808324e-09
2228,"(1.0, 2.0, 3.0, 9.0, 14.0, 14.0, 14.0)",642417599.9999999,3,-20.98013831895193,4.0,6.0,7.734668384171392e-10,6.226479473787768e-09,9.339719171912605e-09
2229,"(1.0, 2.0, 3.0, 11.0, 11.0, 12.0, 14.0)",1843459200.0,1,-20.93304121511298,1.0,1.0,8.107663413402002e-10,5.424584390042373e-10,5.424584387099761e-10
2230,"(1.0, 2.0, 3.0, 11.0, 11.0, 13.0, 14.0)",1843459200.0,2,-20.818154841800787,2.0,2.0,9.094738760514286e-10,1.0849168780084746e-09,1.0849168768314298e-09
2231,"(1.0, 2.0, 3.0, 11.0, 11.0, 14.0, 14.0)",921729600.0,1,-20.741521212450102,1.0,1.0,9.819102445138551e-10,1.0849168780084746e-09,1.0849168768314298e-09
2232,"(1.0, 2.0, 3.0, 11.0, 12.0, 12.0, 14.0)",1927252800.0,3,-21.01875269219121,4.0,6.0,7.441691965807426e-10,2.0754931579292558e-09,3.1132397325862118e-09
2233,"(1.0, 2.0, 3.0, 11.0, 12.0, 13.0, 14.0)",3854505600.0,2,-20.90386631887902,3.0,5.0,8.347687973005955e-10,7.783099342234709e-10,1.2971832231000185e-09
2234,"(1.0, 2.0, 3.0, 11.0, 12.0, 14.0, 14.0)",1927252800.0,3,-20.827232689528337,4.0,6.0,9.012551712080341e-10,2.0754931579292558e-09,3.1132397325862118e-09
2235,"(1.0, 2.0, 3.0, 11.0, 13.0, 13.0, 14.0)",1927252800.0,1,-20.78897994556683,2.0,4.0,9.363985342963305e-10,1.0377465789646279e-09,2.0754931568523377e-09
2236,"(1.0, 2.0, 3.0, 11.0, 13.0, 14.0, 14.0)",1927252800.0,7,-20.712346316216145,8.0,10.0,1.0109793562903088e-09,4.1509863158585115e-09,5.188732877592452e-09
2237,"(1.0, 2.0, 3.0, 11.0, 14.0, 14.0, 14.0)",642417599.9999999,2,-20.63571268686546,2.0,2.0,1.0915002762293119e-09,3.113239736893884e-09,3.113239727201622e-09
2238,"(1.0, 2.0, 3.0, 12.0, 12.0, 14.0, 14.0)",921729600.0,1,-20.91294416660657,1.0,1.0,8.272251849570772e-10,1.0849168780084746e-09,1.0849168768314298e-09
2239,"(1.0, 2.0, 3.0, 12.0, 13.0, 13.0, 14.0)",1843459200.0,2,-20.874691422645068,2.0,2.0,8.594818376337656e-10,1.0849168780084746e-09,1.0849168768314298e-09
2240,"(1.0, 2.0, 3.0, 12.0, 13.0, 14.0, 14.0)",1843459200.0,2,-20.798057793294383,2.0,2.0,9.27936517550358e-10,1.0849168780084746e-09,1.0849168768314298e-09
2241,"(1.0, 2.0, 3.0, 12.0, 14.0, 14.0, 14.0)",614486399.9999999,2,-20.72142416394369,2.0,2.0,1.001843369924009e-09,3.2547506340254243e-09,3.2547506234320224e-09
2242,"(1.0, 2.0, 3.0, 13.0, 13.0, 14.0, 14.0)",921729600.0,1,-20.683171419982187,1.0,1.0,1.0409090490253515e-09,1.0849168780084746e-09,1.0849168768314298e-09
2243,"(1.0, 2.0, 3.0, 13.0, 14.0, 14.0, 14.0)",614486399.9999999,3,-20.606537790631503,5.0,11.0,1.1238137628346471e-09,8.13687658506356e-09,1.790112842093107e-08
2244,"(1.0, 2.0, 3.0, 14.0, 14.0, 14.0, 14.0)",153621599.99999997,1,-20.52990416128081,1.0,1.0,1.2133215430484918e-09,6.5095012680508485e-09,6.509501225677242e-09
2245,"(1.0, 2.0, 4.0, 4.0, 4.0, 9.0, 14.0)",928395000.0,1,-21.584288242996465,1.0,1.0,4.227296599379307e-10,1.0771277311920035e-09,1.0771277300317993e-09
2246,"(1.0, 2.0, 4.0, 4.0, 4.0, 13.0, 14.0)",968760000.0,2,-21.21068771467604,2.0,2.0,6.142078576618236e-10,2.0644948181180067e-09,2.064494813855868e-09
2247,"(1.0, 2.0, 4.0, 4.0, 6.0, 6.0, 14.0)",1453139999.9999995,1,-21.24667436746435,1.0,1.0,5.924975562120745e-10,6.88164939372669e-10,6.88164938899098e-10
2248,"(1.0, 2.0, 4.0, 4.0, 6.0, 7.0, 14.0)",2906279999.999999,1,-21.042693901441154,1.0,1.0,7.26564466278133e-10,3.440824696863345e-10,3.4408246956794176e-10
2249,"(1.0, 2.0, 4.0, 4.0, 6.0, 8.0, 14.0)",2785184999.9999995,2,-20.90390113537906,2.0,2.0,8.347397340786763e-10,7.180851541280024e-10,7.180851536123561e-10
2250,"(1.0, 2.0, 4.0, 4.0, 6.0, 12.0, 14.0)",2906279999.9999995,3,-21.29004709950532,4.0,6.0,5.673486492469159e-10,1.3763298787453378e-09,2.0644948162237225e-09
2251,"(1.0, 2.0, 4.0, 4.0, 6.0, 14.0, 14.0)",1453139999.9999998,1,-21.09852709684244,3.0,9.0,6.871097411194723e-10,2.0644948181180067e-09,6.193484450091882e-09
2252,"(1.0, 2.0, 4.0, 4.0, 7.0, 8.0, 14.0)",2785184999.9999995,3,-20.69992066935586,4.0,6.0,1.0236197989565085e-09,1.4361703082560048e-09,2.154255460321422e-09
2253,"(1.0, 2.0, 4.0, 4.0, 7.0, 9.0, 14.0)",2785184999.9999995,1,-21.34478078849036,1.0,1.0,5.37130094839037e-10,3.590425770640012e-10,3.5904257693508965e-10
2254,"(1.0, 2.0, 4.0, 4.0, 7.0, 11.0, 14.0)",2785184999.9999995,1,-21.000355156403884,1.0,1.0,7.579867911178676e-10,3.590425770640012e-10,3.5904257693508965e-10
2255,"(1.0, 2.0, 4.0, 4.0, 7.0, 12.0, 14.0)",2906279999.9999995,1,-21.08606663348212,2.0,4.0,6.957250105284167e-10,6.881649393726689e-10,1.3763298782717668e-09
2256,"(1.0, 2.0, 4.0, 4.0, 7.0, 13.0, 14.0)",2906279999.9999995,1,-20.97118026016993,1.0,1.0,7.804267268239942e-10,3.4408246968633446e-10,3.440824695679417e-10
2257,"(1.0, 2.0, 4.0, 4.0, 7.0, 14.0, 14.0)",1453139999.9999998,2,-20.89454663081924,3.0,5.0,8.425849475610099e-10,2.0644948181180067e-09,3.440824692601206e-09
2258,"(1.0, 2.0, 4.0, 4.0, 8.0, 9.0, 14.0)",2450962800.0000005,4,-21.20598802242825,5.0,7.0,6.17101239244973e-10,2.040014642409097e-09,2.856020495211076e-09
2259,"(1.0, 2.0, 4.0, 4.0, 8.0, 12.0, 14.0)",2673777600.0,4,-20.947273867420023,7.0,19.0,7.993087155160442e-10,2.618018791091675e-09,7.106050997537667e-09
2260,"(1.0, 2.0, 4.0, 4.0, 8.0, 13.0, 14.0)",2673777600.0,2,-20.832387494107827,4.0,10.0,8.966213304568316e-10,1.4960107377666714e-09,3.74002684217863e-09
2261,"(1.0, 2.0, 4.0, 4.0, 8.0, 14.0, 14.0)",1336888800.0,2,-20.755753864757143,3.0,5.0,9.68034039248667e-10,2.244016106650007e-09,3.74002683938107e-09
2262,"(1.0, 2.0, 4.0, 4.0, 9.0, 11.0, 14.0)",2450962800.0000005,1,-21.50642250947628,1.0,1.0,4.569612551525382e-10,4.080029284818194e-10,4.08002928315353e-10
2263,"(1.0, 2.0, 4.0, 4.0, 9.0, 12.0, 14.0)",2673777600.0,1,-21.592133986554515,3.0,9.0,4.194260081804531e-10,1.1220080533250036e-09,3.366024158716109e-09
2264,"(1.0, 2.0, 4.0, 4.0, 9.0, 13.0, 14.0)",2673777600.0,1,-21.477247613242326,1.0,1.0,4.704894344110332e-10,3.7400268444166784e-10,3.7400268430178984e-10
2265,"(1.0, 2.0, 4.0, 4.0, 9.0, 14.0, 14.0)",1336888800.0,2,-21.40061398389164,2.0,2.0,5.079622491076378e-10,1.4960107377666714e-09,1.4960107355286232e-09
2266,"(1.0, 2.0, 4.0, 4.0, 11.0, 13.0, 14.0)",2673777600.0,1,-21.132821981155857,2.0,4.0,6.639448805246102e-10,7.480053688833357e-10,1.4960107372071594e-09
2267,"(1.0, 2.0, 4.0, 4.0, 11.0, 14.0, 14.0)",1336888800.0,1,-21.05618835180517,1.0,1.0,7.168257353472123e-10,7.480053688833357e-10,7.480053683238237e-10
2268,"(1.0, 2.0, 4.0, 4.0, 12.0, 13.0, 14.0)",2673777600.0,1,-21.21853345823409,1.0,1.0,6.094077949723048e-10,3.7400268444166784e-10,3.7400268430178984e-10
2269,"(1.0, 2.0, 4.0, 4.0, 12.0, 14.0, 14.0)",1336888800.0,4,-21.141899828883407,5.0,7.0,6.579449643653844e-10,3.740026844416678e-09,5.236037568195549e-09
2270,"(1.0, 2.0, 4.0, 4.0, 14.0, 14.0, 14.0)",445629600.0,2,-20.950379826220527,2.0,2.0,7.968299470458591e-10,4.488032213300014e-09,4.488032193157581e-09
2271,"(1.0, 2.0, 4.0, 6.0, 6.0, 6.0, 14.0)",968759999.9999996,1,-21.211147378981444,1.0,1.0,6.139255931119976e-10,1.0322474090590035e-09,1.0322474079934688e-09
2272,"(1.0, 2.0, 4.0, 6.0, 6.0, 9.0, 14.0)",2785184999.9999995,1,-21.513234266030643,2.0,4.0,4.538591238043404e-10,7.180851541280024e-10,1.4361703077403586e-09
2273,"(1.0, 2.0, 4.0, 6.0, 6.0, 11.0, 14.0)",2785184999.9999995,3,-21.16880863394417,3.0,3.0,6.404765329246926e-10,1.0771277311920037e-09,1.0771277300317995e-09
2274,"(1.0, 2.0, 4.0, 6.0, 6.0, 12.0, 14.0)",2906279999.9999995,1,-21.25452011102241,1.0,1.0,5.878671605280565e-10,3.4408246968633446e-10,3.440824695679417e-10
2275,"(1.0, 2.0, 4.0, 6.0, 6.0, 13.0, 14.0)",2906279999.9999995,2,-21.139633737710216,4.0,10.0,6.594376182477192e-10,1.3763298787453378e-09,3.4408246949690606e-09
2276,"(1.0, 2.0, 4.0, 6.0, 6.0, 14.0, 14.0)",1453139999.9999998,4,-21.06300010835953,4.0,4.0,7.11959485616536e-10,2.7526597574906757e-09,2.75265974991354e-09
2277,"(1.0, 2.0, 4.0, 6.0, 7.0, 7.0, 14.0)",2906279999.999999,3,-20.803186446935047,4.0,6.0,9.231896355130394e-10,1.376329878745338e-09,2.064494816223723e-09
2278,"(1.0, 2.0, 4.0, 6.0, 7.0, 8.0, 14.0)",5570369999.999999,8,-20.664393680872948,11.0,23.0,1.0606396357365327e-09,1.9747341738520064e-09,4.128989632336438e-09
2279,"(1.0, 2.0, 4.0, 6.0, 7.0, 11.0, 14.0)",5570369999.999999,6,-20.96482816792097,7.0,9.0,7.853998475253402e-10,1.2566490197240041e-09,1.6156915952088385e-09
2280,"(1.0, 2.0, 4.0, 6.0, 7.0, 13.0, 14.0)",5812559999.999999,1,-20.935653271687016,1.0,1.0,8.086513372459964e-10,1.7204123484316723e-10,1.7204123481356905e-10
2281,"(1.0, 2.0, 4.0, 6.0, 7.0, 14.0, 14.0)",2906279999.9999995,2,-20.85901964233633,2.0,2.0,8.730575480947321e-10,6.881649393726689e-10,6.881649388990979e-10
2282,"(1.0, 2.0, 4.0, 6.0, 8.0, 8.0, 14.0)",2450962800.0000005,3,-20.52560091481085,4.0,6.0,1.2185540149290764e-09,1.6320117139272776e-09,2.448017568227454e-09
2283,"(1.0, 2.0, 4.0, 6.0, 8.0, 9.0, 14.0)",4901925600.000001,4,-21.170461033945344,5.0,7.0,6.394190834063362e-10,1.0200073212045484e-09,1.4280102486459529e-09
2284,"(1.0, 2.0, 4.0, 6.0, 8.0, 11.0, 14.0)",4901925600.000001,3,-20.826035401858874,4.0,6.0,9.023348791430798e-10,8.160058569636388e-10,1.2240087847795926e-09
2285,"(1.0, 2.0, 4.0, 6.0, 8.0, 12.0, 14.0)",5347555200.0,4,-20.91174687893711,5.0,7.0,8.282162046203215e-10,9.350067111041696e-10,1.3090093946716e-09
2286,"(1.0, 2.0, 4.0, 6.0, 8.0, 13.0, 14.0)",5347555200.0,1,-20.79686050562492,1.0,1.0,9.290481898638437e-10,1.8700134222083392e-10,1.8700134218586442e-10
2287,"(1.0, 2.0, 4.0, 6.0, 8.0, 14.0, 14.0)",2673777600.0,4,-20.720226876274232,6.0,12.0,1.0030435829943282e-09,2.244016106650007e-09,4.488032208264406e-09
2288,"(1.0, 2.0, 4.0, 6.0, 9.0, 11.0, 13.0)",4901925600.000001,1,-21.54752915034405,1.0,1.0,4.385579532584223e-10,2.040014642409097e-10,2.040014641992931e-10
2289,"(1.0, 2.0, 4.0, 6.0, 9.0, 11.0, 14.0)",4901925600.000001,4,-21.47089552099337,5.0,7.0,4.734875387373096e-10,1.0200073212045484e-09,1.4280102486459529e-09
2290,"(1.0, 2.0, 4.0, 6.0, 9.0, 12.0, 14.0)",5347555200.0,2,-21.556606998071608,3.0,5.0,4.345948065760726e-10,5.610040266625018e-10,9.35006710789444e-10
2291,"(1.0, 2.0, 4.0, 6.0, 9.0, 13.0, 14.0)",5347555200.0,2,-21.44172062475941,2.0,2.0,4.875049728818418e-10,3.7400268444166784e-10,3.7400268430178984e-10
2292,"(1.0, 2.0, 4.0, 6.0, 9.0, 14.0, 14.0)",2673777600.0,4,-21.36508699540873,4.0,4.0,5.263330148661221e-10,1.4960107377666714e-09,1.4960107355286232e-09
2293,"(1.0, 2.0, 4.0, 6.0, 11.0, 11.0, 14.0)",2450962800.0000005,1,-21.126469888906904,1.0,1.0,6.681757428418493e-10,4.080029284818194e-10,4.08002928315353e-10
2294,"(1.0, 2.0, 4.0, 6.0, 11.0, 13.0, 14.0)",5347555200.0,2,-21.097294992672943,2.0,2.0,6.879568536546848e-10,3.7400268444166784e-10,3.7400268430178984e-10
2295,"(1.0, 2.0, 4.0, 6.0, 11.0, 14.0, 14.0)",2673777600.0,6,-21.02066136332226,8.0,12.0,7.427501769702873e-10,2.9920214755333427e-09,4.4880322043478215e-09
2296,"(1.0, 2.0, 4.0, 6.0, 12.0, 13.0, 14.0)",5347555200.0,4,-21.18300646975118,5.0,7.0,6.314474010109407e-10,9.350067111041696e-10,1.3090093946716e-09
2297,"(1.0, 2.0, 4.0, 6.0, 12.0, 14.0, 14.0)",2673777600.0,4,-21.106372840400496,5.0,7.0,6.817399468538779e-10,1.870013422208339e-09,2.618018787594725e-09
2298,"(1.0, 2.0, 4.0, 6.0, 13.0, 14.0, 14.0)",2673777600.0,5,-20.991486467088304,5.0,5.0,7.647390380061755e-10,1.870013422208339e-09,1.870013418711389e-09
2299,"(1.0, 2.0, 4.0, 6.0, 14.0, 14.0, 14.0)",891259200.0,1,-20.91485283773762,1.0,1.0,8.256477899706844e-10,1.1220080533250036e-09,1.1220080520661015e-09
2300,"(1.0, 2.0, 4.0, 7.0, 7.0, 7.0, 14.0)",968759999.9999996,1,-20.59920598091185,1.0,1.0,1.1320836310081749e-09,1.0322474090590035e-09,1.0322474079934688e-09
2301,"(1.0, 2.0, 4.0, 7.0, 7.0, 8.0, 14.0)",2785184999.9999995,1,-20.46041321484975,1.0,1.0,1.3006350199637208e-09,3.590425770640012e-10,3.5904257693508965e-10
2302,"(1.0, 2.0, 4.0, 7.0, 7.0, 9.0, 14.0)",2785184999.9999995,1,-21.105273333984247,1.0,1.0,6.824899365333335e-10,3.590425770640012e-10,3.5904257693508965e-10
2303,"(1.0, 2.0, 4.0, 7.0, 7.0, 11.0, 14.0)",2785184999.9999995,1,-20.760847701897777,1.0,1.0,9.63115569084173e-10,3.590425770640012e-10,3.5904257693508965e-10
2304,"(1.0, 2.0, 4.0, 7.0, 7.0, 13.0, 14.0)",2906279999.9999995,3,-20.73167280566382,3.0,3.0,9.916282710218249e-10,1.0322474090590033e-09,1.0322474079934686e-09
2305,"(1.0, 2.0, 4.0, 7.0, 7.0, 14.0, 14.0)",1453139999.9999998,2,-20.65503917631313,2.0,2.0,1.0706079456545438e-09,1.3763298787453378e-09,1.376329876851054e-09
2306,"(1.0, 2.0, 4.0, 7.0, 8.0, 9.0, 14.0)",4901925600.000001,5,-20.966480567922147,6.0,8.0,7.841031244640094e-10,1.2240087854454581e-09,1.63201171242908e-09
2307,"(1.0, 2.0, 4.0, 7.0, 8.0, 11.0, 14.0)",4901925600.000001,4,-20.62205493583568,4.0,4.0,1.1065099813408691e-09,8.160058569636388e-10,8.160058562977732e-10
2308,"(1.0, 2.0, 4.0, 7.0, 8.0, 12.0, 12.0)",2673777600.0,1,-20.89928641557679,1.0,1.0,8.386007259051344e-10,3.7400268444166784e-10,3.7400268430178984e-10
2309,"(1.0, 2.0, 4.0, 7.0, 8.0, 12.0, 14.0)",5347555200.0,3,-20.707766412913912,6.0,14.0,1.0156201630939348e-09,1.1220080533250036e-09,2.6180187898327732e-09
2310,"(1.0, 2.0, 4.0, 7.0, 8.0, 13.0, 14.0)",5347555200.0,3,-20.592880039601724,3.0,3.0,1.1392678250532387e-09,5.610040266625018e-10,5.610040263477763e-10
2311,"(1.0, 2.0, 4.0, 7.0, 8.0, 14.0, 14.0)",2673777600.0,7,-20.51624641025104,7.0,7.0,1.2300064665095846e-09,2.618018791091675e-09,2.618018784237653e-09
2312,"(1.0, 2.0, 4.0, 7.0, 9.0, 11.0, 14.0)",4901925600.000001,3,-21.266915054970173,3.0,3.0,5.806255524012394e-10,6.120043927227291e-10,6.120043923481797e-10
2313,"(1.0, 2.0, 4.0, 7.0, 9.0, 12.0, 14.0)",5347555200.0,1,-21.35262653204841,1.0,1.0,5.329323984151106e-10,1.8700134222083392e-10,1.8700134218586442e-10
2314,"(1.0, 2.0, 4.0, 7.0, 9.0, 13.0, 14.0)",5347555200.0,3,-21.237740158736216,3.0,3.0,5.978147702318093e-10,5.610040266625018e-10,5.610040263477763e-10
2315,"(1.0, 2.0, 4.0, 7.0, 9.0, 14.0, 14.0)",2673777600.0,3,-21.16110652938553,3.0,3.0,6.454285963229983e-10,1.1220080533250036e-09,1.1220080520661015e-09
2316,"(1.0, 2.0, 4.0, 7.0, 11.0, 11.0, 14.0)",2450962800.0000005,2,-20.922489422883704,2.0,2.0,8.193666739852648e-10,8.160058569636388e-10,8.160058562977732e-10
2317,"(1.0, 2.0, 4.0, 7.0, 11.0, 12.0, 14.0)",5347555200.0,2,-21.008200899961945,3.0,5.0,7.520630894429191e-10,5.610040266625018e-10,9.35006710789444e-10
2318,"(1.0, 2.0, 4.0, 7.0, 11.0, 13.0, 14.0)",5347555200.0,3,-20.893314526649743,3.0,3.0,8.436237398067689e-10,5.610040266625018e-10,5.610040263477763e-10
2319,"(1.0, 2.0, 4.0, 7.0, 11.0, 14.0, 14.0)",2673777600.0,7,-20.81668089729906,9.0,13.0,9.10815378477691e-10,3.3660241599750107e-09,4.862034886411564e-09
2320,"(1.0, 2.0, 4.0, 7.0, 12.0, 14.0, 14.0)",2673777600.0,2,-20.9023923743773,2.0,2.0,8.360001073980401e-10,7.480053688833357e-10,7.480053683238237e-10
2321,"(1.0, 2.0, 4.0, 7.0, 13.0, 13.0, 14.0)",2673777600.0,1,-20.864139630415792,1.0,1.0,8.685989276375551e-10,3.7400268444166784e-10,3.7400268430178984e-10
2322,"(1.0, 2.0, 4.0, 7.0, 13.0, 14.0, 14.0)",2673777600.0,4,-20.787506001065104,5.0,7.0,9.377797514360254e-10,1.870013422208339e-09,2.618018787594725e-09
2323,"(1.0, 2.0, 4.0, 7.0, 14.0, 14.0, 14.0)",891259200.0,4,-20.710872371714423,4.0,4.0,1.0124705824762107e-09,4.488032213300014e-09,4.488032193157581e-09
2324,"(1.0, 2.0, 4.0, 8.0, 8.0, 11.0, 14.0)",1979623799.9999995,1,-20.48326216977357,1.0,1.0,1.2712538122203097e-09,5.051464828822528e-10,5.051464826270798e-10
2325,"(1.0, 2.0, 4.0, 8.0, 8.0, 12.0, 14.0)",2262427199.9999995,2,-20.568973646851816,2.0,2.0,1.1668317736604512e-09,8.840063450439424e-10,8.840063442624752e-10
2326,"(1.0, 2.0, 4.0, 8.0, 8.0, 14.0, 14.0)",1131213599.9999998,2,-20.377453644188936,2.0,2.0,1.4131371934947205e-09,1.7680126900878848e-09,1.768012686962016e-09
2327,"(1.0, 2.0, 4.0, 8.0, 9.0, 11.0, 14.0)",3959247599.999999,4,-21.12812228890808,5.0,7.0,6.67072560943489e-10,1.262866207205632e-09,1.7680126884930537e-09
2328,"(1.0, 2.0, 4.0, 8.0, 9.0, 12.0, 14.0)",4524854399.999999,1,-21.21383376598631,1.0,1.0,6.122785646451485e-10,2.210015862609856e-10,2.210015862121439e-10
2329,"(1.0, 2.0, 4.0, 8.0, 9.0, 13.0, 14.0)",4524854399.999999,2,-21.09894739267412,3.0,5.0,6.868210124393531e-10,6.630047587829568e-10,1.1050079308653527e-09
2330,"(1.0, 2.0, 4.0, 8.0, 9.0, 14.0, 14.0)",2262427199.9999995,2,-21.02231376332343,2.0,2.0,7.415238700308151e-10,8.840063450439424e-10,8.840063442624752e-10
2331,"(1.0, 2.0, 4.0, 8.0, 11.0, 12.0, 14.0)",4524854399.999999,4,-20.86940813389984,4.0,4.0,8.64034744924699e-10,8.840063450439424e-10,8.840063442624752e-10
2332,"(1.0, 2.0, 4.0, 8.0, 11.0, 13.0, 14.0)",4524854399.999999,2,-20.75452176058765,3.0,5.0,9.692274931033912e-10,6.630047587829568e-10,1.1050079308653527e-09
2333,"(1.0, 2.0, 4.0, 8.0, 11.0, 14.0, 14.0)",2262427199.9999995,5,-20.67788813123696,6.0,8.0,1.0464230252270517e-09,2.652019035131827e-09,3.5360253731425647e-09
2334,"(1.0, 2.0, 4.0, 8.0, 12.0, 13.0, 14.0)",4730529599.999999,1,-20.840233237665885,1.0,1.0,8.896141934733675e-10,2.1139282164094273e-10,2.113928215962558e-10
2335,"(1.0, 2.0, 4.0, 8.0, 13.0, 14.0, 14.0)",2365264799.9999995,1,-20.648713235003008,1.0,1.0,1.0774020154715548e-09,4.2278564328188547e-10,4.227856431031378e-10
2336,"(1.0, 2.0, 4.0, 8.0, 14.0, 14.0, 14.0)",788421599.9999999,6,-20.57207960565232,7.0,9.0,1.1632132646233108e-09,8.878498508919595e-09,1.1415212289783171e-08
2337,"(1.0, 2.0, 4.0, 9.0, 9.0, 11.0, 14.0)",1979623799.9999995,1,-21.77298240804257,1.0,1.0,3.500369456407166e-10,5.051464828822528e-10,5.051464826270798e-10
2338,"(1.0, 2.0, 4.0, 9.0, 9.0, 13.0, 14.0)",2262427199.9999995,1,-21.74380751180861,1.0,1.0,3.603996678503799e-10,4.420031725219712e-10,4.420031723266044e-10
2339,"(1.0, 2.0, 4.0, 9.0, 9.0, 14.0, 14.0)",1131213599.9999998,2,-21.667173882457927,2.0,2.0,3.891042231120297e-10,1.7680126900878848e-09,1.768012686962016e-09
2340,"(1.0, 2.0, 4.0, 9.0, 11.0, 11.0, 14.0)",1979623799.9999995,1,-21.4285567759561,1.0,1.0,4.939648397068765e-10,5.051464828822528e-10,5.051464826270798e-10
2341,"(1.0, 2.0, 4.0, 9.0, 11.0, 12.0, 14.0)",4524854399.999999,2,-21.51426825303433,2.0,2.0,4.5339008190222617e-10,4.420031725219712e-10,4.420031723266044e-10
2342,"(1.0, 2.0, 4.0, 9.0, 11.0, 13.0, 14.0)",4524854399.999999,1,-21.399381879722142,1.0,1.0,5.085884972349498e-10,2.210015862609856e-10,2.210015862121439e-10
2343,"(1.0, 2.0, 4.0, 9.0, 11.0, 14.0, 14.0)",2262427199.9999995,5,-21.322748250371458,5.0,5.0,5.490957671539149e-10,2.210015862609856e-09,2.210015857725686e-09
2344,"(1.0, 2.0, 4.0, 9.0, 12.0, 12.0, 14.0)",2365264799.9999995,1,-21.59997973011257,1.0,1.0,4.1614817461357905e-10,4.2278564328188547e-10,4.227856431031378e-10
2345,"(1.0, 2.0, 4.0, 9.0, 12.0, 13.0, 14.0)",4730529599.999999,1,-21.48509335680038,1.0,1.0,4.668125378168941e-10,2.1139282164094273e-10,2.113928215962558e-10
2346,"(1.0, 2.0, 4.0, 9.0, 12.0, 14.0, 14.0)",2365264799.9999995,1,-21.408459727449696,1.0,1.0,5.039925007411649e-10,4.2278564328188547e-10,4.227856431031378e-10
2347,"(1.0, 2.0, 4.0, 9.0, 13.0, 14.0, 14.0)",2365264799.9999995,4,-21.2935733541375,4.0,4.0,5.653515566423701e-10,1.6911425731275419e-09,1.6911425702675787e-09
2348,"(1.0, 2.0, 4.0, 9.0, 14.0, 14.0, 14.0)",788421599.9999999,1,-21.21693972478682,1.0,1.0,6.103798029132234e-10,1.2683569298456563e-09,1.268356928236927e-09
2349,"(1.0, 2.0, 4.0, 11.0, 11.0, 11.0, 14.0)",659874599.9999998,1,-21.08413114386964,1.0,1.0,6.970728830352794e-10,1.5154394486467585e-09,1.5154394463502017e-09
2350,"(1.0, 2.0, 4.0, 11.0, 11.0, 12.0, 13.0)",2262427199.9999995,1,-21.24647625029856,1.0,1.0,5.926149517773036e-10,4.420031725219712e-10,4.420031723266044e-10
2351,"(1.0, 2.0, 4.0, 11.0, 11.0, 13.0, 14.0)",2262427199.9999995,3,-21.05495624763568,3.0,3.0,7.177094836477133e-10,1.3260095175659135e-09,1.3260095158076123e-09
2352,"(1.0, 2.0, 4.0, 11.0, 11.0, 14.0, 14.0)",1131213599.9999998,2,-20.97832261828499,2.0,2.0,7.74872498414227e-10,1.7680126900878848e-09,1.768012686962016e-09
2353,"(1.0, 2.0, 4.0, 11.0, 12.0, 13.0, 14.0)",4730529599.999999,3,-21.14066772471391,4.0,6.0,6.587561207112192e-10,8.455712865637709e-10,1.2683569291306658e-09
2354,"(1.0, 2.0, 4.0, 11.0, 12.0, 14.0, 14.0)",2365264799.9999995,2,-21.064034095363223,3.0,5.0,7.112237092184241e-10,1.2683569298456565e-09,2.113928214800698e-09
2355,"(1.0, 2.0, 4.0, 11.0, 13.0, 14.0, 14.0)",2365264799.9999995,11,-20.94914772205104,14.0,22.0,7.978123296205402e-10,5.918999005946397e-09,9.30128411716693e-09
2356,"(1.0, 2.0, 4.0, 11.0, 14.0, 14.0, 14.0)",788421599.9999999,4,-20.87251409270035,4.0,4.0,8.613552519562206e-10,5.073427719382625e-09,5.0734276936429565e-09
2357,"(1.0, 2.0, 4.0, 12.0, 12.0, 12.0, 14.0)",754142399.9999996,1,-21.341265575104337,1.0,1.0,5.390215442148575e-10,1.326009517565914e-09,1.3260095158076127e-09
2358,"(1.0, 2.0, 4.0, 12.0, 12.0, 13.0, 14.0)",2262427199.999999,1,-21.22637920179215,1.0,1.0,6.046452449937246e-10,4.420031725219713e-10,4.420031723266045e-10
2359,"(1.0, 2.0, 4.0, 12.0, 14.0, 14.0, 14.0)",754142399.9999996,3,-20.958225569778584,3.0,3.0,7.906026843187589e-10,3.978028552697741e-09,3.97802853687303e-09
2360,"(1.0, 2.0, 4.0, 13.0, 13.0, 14.0, 14.0)",1131213599.9999995,1,-20.91997282581708,1.0,1.0,8.214312865628394e-10,8.840063450439426e-10,8.840063442624754e-10
2361,"(1.0, 2.0, 4.0, 13.0, 14.0, 14.0, 14.0)",754142399.9999996,3,-20.843339196466392,3.0,3.0,8.868553750461345e-10,3.978028552697741e-09,3.97802853687303e-09
2362,"(1.0, 2.0, 6.0, 6.0, 6.0, 12.0, 14.0)",968760000.0,1,-21.21899312253949,1.0,1.0,6.091277363329351e-10,1.0322474090590033e-09,1.0322474079934686e-09
2363,"(1.0, 2.0, 6.0, 6.0, 6.0, 13.0, 14.0)",968760000.0,1,-21.104106749227302,1.0,1.0,6.832865834778048e-10,1.0322474090590033e-09,1.0322474079934686e-09
2364,"(1.0, 2.0, 6.0, 6.0, 7.0, 7.0, 14.0)",1453139999.9999995,1,-20.767659458452137,2.0,4.0,9.565773539398834e-10,1.376329878745338e-09,2.752659755596392e-09
2365,"(1.0, 2.0, 6.0, 6.0, 7.0, 8.0, 14.0)",2785184999.9999995,1,-20.62886669239004,2.0,4.0,1.0989983175805275e-09,7.180851541280024e-10,1.4361703077403586e-09
2366,"(1.0, 2.0, 6.0, 6.0, 7.0, 9.0, 14.0)",2785184999.9999995,3,-21.273726811524533,3.0,3.0,5.766839124758449e-10,1.0771277311920037e-09,1.0771277300317995e-09
2367,"(1.0, 2.0, 6.0, 6.0, 7.0, 13.0, 14.0)",2906279999.9999995,2,-20.90012628320411,2.0,2.0,8.378967079855126e-10,6.881649393726689e-10,6.881649388990979e-10
2368,"(1.0, 2.0, 6.0, 6.0, 7.0, 14.0, 14.0)",1453139999.9999998,2,-20.82349265385342,2.0,2.0,9.046322088847861e-10,1.3763298787453378e-09,1.376329876851054e-09
2369,"(1.0, 2.0, 6.0, 6.0, 8.0, 8.0, 14.0)",1225481400.0000002,2,-20.490073926327938,2.0,2.0,1.262623766985752e-09,1.6320117139272776e-09,1.6320117112638153e-09
2370,"(1.0, 2.0, 6.0, 6.0, 8.0, 9.0, 14.0)",2450962800.0000005,2,-21.13493404546244,3.0,5.0,6.625440660667547e-10,1.2240087854454581e-09,2.0400146409108994e-09
2371,"(1.0, 2.0, 6.0, 6.0, 8.0, 11.0, 14.0)",2450962800.0000005,1,-20.790508413375964,1.0,1.0,9.349683725366742e-10,4.080029284818194e-10,4.08002928315353e-10
2372,"(1.0, 2.0, 6.0, 6.0, 8.0, 12.0, 14.0)",2673777600.0,1,-20.8762198904542,1.0,1.0,8.581691507677789e-10,3.7400268444166784e-10,3.7400268430178984e-10
2373,"(1.0, 2.0, 6.0, 6.0, 8.0, 14.0, 14.0)",1336888800.0,2,-20.68469988779132,2.0,2.0,1.0393192683254973e-09,1.4960107377666714e-09,1.4960107355286232e-09
2374,"(1.0, 2.0, 6.0, 6.0, 9.0, 11.0, 14.0)",2450962800.0000005,1,-21.43536853251046,1.0,1.0,4.906115054867797e-10,4.080029284818194e-10,4.08002928315353e-10
2375,"(1.0, 2.0, 6.0, 6.0, 9.0, 13.0, 14.0)",2673777600.0,1,-21.406193636276505,1.0,1.0,5.051358887198608e-10,3.7400268444166784e-10,3.7400268430178984e-10
2376,"(1.0, 2.0, 6.0, 6.0, 11.0, 12.0, 14.0)",2673777600.0,2,-21.176654377502224,3.0,5.0,6.354711793284214e-10,1.1220080533250036e-09,1.8700134209494373e-09
2377,"(1.0, 2.0, 6.0, 6.0, 11.0, 14.0, 14.0)",1336888800.0,6,-20.985134374839348,6.0,6.0,7.696121918979071e-10,4.488032213300014e-09,4.488032193157581e-09
2378,"(1.0, 2.0, 6.0, 6.0, 12.0, 12.0, 14.0)",1336888800.0,1,-21.262365854580462,1.0,1.0,5.832729515995231e-10,7.480053688833357e-10,7.480053683238237e-10
2379,"(1.0, 2.0, 6.0, 6.0, 12.0, 14.0, 14.0)",1336888800.0,2,-21.070845851917586,3.0,5.0,7.063954894534649e-10,2.244016106650007e-09,3.74002683938107e-09
2380,"(1.0, 2.0, 6.0, 6.0, 13.0, 14.0, 14.0)",1336888800.0,2,-20.9559594786054,2.0,2.0,7.923962935566792e-10,1.4960107377666714e-09,1.4960107355286232e-09
2381,"(1.0, 2.0, 6.0, 6.0, 14.0, 14.0, 14.0)",445629600.0,1,-20.879325849254705,1.0,1.0,8.555078478297295e-10,2.244016106650007e-09,2.2440161016143988e-09
2382,"(1.0, 2.0, 6.0, 7.0, 7.0, 8.0, 14.0)",2785184999.9999995,2,-20.42488622636684,2.0,2.0,1.3476732818247405e-09,7.180851541280024e-10,7.180851536123561e-10
2383,"(1.0, 2.0, 6.0, 7.0, 7.0, 11.0, 14.0)",2785184999.9999995,1,-20.725320713414867,2.0,4.0,9.97947233344812e-10,7.180851541280024e-10,1.4361703077403586e-09
2384,"(1.0, 2.0, 6.0, 7.0, 7.0, 12.0, 14.0)",2906279999.9999995,1,-20.8110321904931,1.0,1.0,9.159748660021966e-10,3.4408246968633446e-10,3.440824695679417e-10
2385,"(1.0, 2.0, 6.0, 7.0, 7.0, 14.0, 14.0)",1453139999.9999998,8,-20.619512187830225,11.0,19.0,1.1093271375302062e-09,7.569814333099359e-09,1.3075133790778621e-08
2386,"(1.0, 2.0, 6.0, 7.0, 8.0, 8.0, 14.0)",2450962800.0000005,3,-20.28609346030474,3.0,3.0,1.5483229487645834e-09,1.2240087854454581e-09,1.2240087839472605e-09
2387,"(1.0, 2.0, 6.0, 7.0, 8.0, 11.0, 14.0)",4901925600.000001,2,-20.586527947352767,3.0,5.0,1.1465275923195437e-09,6.120043927227291e-10,1.020007320829999e-09
2388,"(1.0, 2.0, 6.0, 7.0, 8.0, 12.0, 14.0)",5347555200.0,2,-20.672239424431005,3.0,5.0,1.0523506881448992e-09,5.610040266625018e-10,9.35006710789444e-10
2389,"(1.0, 2.0, 6.0, 7.0, 8.0, 13.0, 14.0)",5347555200.0,2,-20.55735305111881,2.0,2.0,1.1804701435070263e-09,3.7400268444166784e-10,3.7400268430178984e-10
2390,"(1.0, 2.0, 6.0, 7.0, 8.0, 14.0, 14.0)",2673777600.0,5,-20.480719421768125,5.0,5.0,1.2744904034898797e-09,1.870013422208339e-09,1.870013418711389e-09
2391,"(1.0, 2.0, 6.0, 7.0, 9.0, 11.0, 13.0)",4901925600.000001,1,-21.30802169583795,1.0,1.0,5.572418908592719e-10,2.040014642409097e-10,2.040014641992931e-10
2392,"(1.0, 2.0, 6.0, 7.0, 9.0, 11.0, 14.0)",4901925600.000001,1,-21.231388066487263,1.0,1.0,6.016242310142529e-10,2.040014642409097e-10,2.040014641992931e-10
2393,"(1.0, 2.0, 6.0, 7.0, 9.0, 12.0, 14.0)",5347555200.0,1,-21.317099543565497,4.0,16.0,5.522062249122419e-10,7.480053688833357e-10,2.9920214749738307e-09
2394,"(1.0, 2.0, 6.0, 7.0, 9.0, 13.0, 14.0)",5347555200.0,1,-21.20221317025331,1.0,1.0,6.194351074324258e-10,1.8700134222083392e-10,1.8700134218586442e-10
2395,"(1.0, 2.0, 6.0, 7.0, 9.0, 14.0, 14.0)",2673777600.0,5,-21.12557954090262,7.0,11.0,6.687709166976091e-10,2.618018791091675e-09,4.114029522004324e-09
2396,"(1.0, 2.0, 6.0, 7.0, 11.0, 11.0, 14.0)",2450962800.0000005,2,-20.8869624344008,2.0,2.0,8.489995714388323e-10,8.160058569636388e-10,8.160058562977732e-10
2397,"(1.0, 2.0, 6.0, 7.0, 11.0, 12.0, 14.0)",5347555200.0,1,-20.972673911479028,1.0,1.0,7.792619115523048e-10,1.8700134222083392e-10,1.8700134218586442e-10
2398,"(1.0, 2.0, 6.0, 7.0, 11.0, 13.0, 14.0)",5347555200.0,4,-20.85778753816684,4.0,4.0,8.741339088980964e-10,7.480053688833357e-10,7.480053683238237e-10
2399,"(1.0, 2.0, 6.0, 7.0, 11.0, 14.0, 14.0)",2673777600.0,6,-20.78115390881615,7.0,9.0,9.437555743222348e-10,2.618018791091675e-09,3.3660241531209884e-09
2400,"(1.0, 2.0, 6.0, 7.0, 12.0, 13.0, 14.0)",5347555200.0,3,-20.94349901524508,3.0,3.0,8.023316898101472e-10,5.610040266625018e-10,5.610040263477763e-10
2401,"(1.0, 2.0, 6.0, 7.0, 12.0, 14.0, 14.0)",2673777600.0,2,-20.866865385894386,2.0,2.0,8.662345631554518e-10,7.480053688833357e-10,7.480053683238237e-10
2402,"(1.0, 2.0, 6.0, 7.0, 13.0, 13.0, 14.0)",2673777600.0,2,-20.82861264193288,5.0,17.0,9.000123396888127e-10,1.870013422208339e-09,6.3580456320114036e-09
2403,"(1.0, 2.0, 6.0, 7.0, 13.0, 14.0, 14.0)",2673777600.0,5,-20.7519790125822,6.0,8.0,9.716951303385796e-10,2.244016106650007e-09,2.9920214704977343e-09
2404,"(1.0, 2.0, 6.0, 7.0, 14.0, 14.0, 14.0)",891259200.0,3,-20.67534538323151,3.0,3.0,1.0490872010156902e-09,3.3660241599750107e-09,3.366024148644892e-09
2405,"(1.0, 2.0, 6.0, 8.0, 8.0, 9.0, 14.0)",1979623799.9999995,4,-20.792160813377137,4.0,4.0,9.33424706524896e-10,2.0205859315290113e-09,2.020585927446244e-09
2406,"(1.0, 2.0, 6.0, 8.0, 8.0, 11.0, 14.0)",1979623799.9999995,1,-20.447735181290668,1.0,1.0,1.3172294847135e-09,5.051464828822528e-10,5.051464826270798e-10
2407,"(1.0, 2.0, 6.0, 8.0, 8.0, 12.0, 14.0)",2262427199.9999995,2,-20.533446658368906,2.0,2.0,1.209030959192707e-09,8.840063450439424e-10,8.840063442624752e-10
2408,"(1.0, 2.0, 6.0, 8.0, 8.0, 13.0, 14.0)",2262427199.9999995,1,-20.41856028505672,1.0,1.0,1.356225606141402e-09,4.420031725219712e-10,4.420031723266044e-10
2409,"(1.0, 2.0, 6.0, 8.0, 8.0, 14.0, 14.0)",1131213599.9999998,1,-20.341926655706025,1.0,1.0,1.46424416534529e-09,8.840063450439424e-10,8.840063442624752e-10
2410,"(1.0, 2.0, 6.0, 8.0, 9.0, 9.0, 14.0)",1979623799.9999995,1,-21.43702093251164,1.0,1.0,4.898014884549139e-10,5.051464828822528e-10,5.051464826270798e-10
2411,"(1.0, 2.0, 6.0, 8.0, 9.0, 11.0, 14.0)",3959247599.999999,4,-21.092595300425163,5.0,7.0,6.911976485509581e-10,1.262866207205632e-09,1.7680126884930537e-09
2412,"(1.0, 2.0, 6.0, 8.0, 9.0, 12.0, 14.0)",4524854399.999999,3,-21.1783067775034,3.0,3.0,6.344219938267402e-10,6.630047587829568e-10,6.630047583433814e-10
2413,"(1.0, 2.0, 6.0, 8.0, 9.0, 13.0, 14.0)",4524854399.999999,2,-21.06342040419121,2.0,2.0,7.116603148869174e-10,4.420031725219712e-10,4.420031723266044e-10
2414,"(1.0, 2.0, 6.0, 8.0, 9.0, 14.0, 14.0)",2262427199.9999995,2,-20.98678677484052,2.0,2.0,7.683415348171124e-10,8.840063450439424e-10,8.840063442624752e-10
2415,"(1.0, 2.0, 6.0, 8.0, 11.0, 11.0, 14.0)",1979623799.9999995,3,-20.748169668338694,4.0,6.0,9.754037107348387e-10,2.0205859315290113e-09,3.0308788932107495e-09
2416,"(1.0, 2.0, 6.0, 8.0, 11.0, 12.0, 14.0)",4524854399.999999,2,-20.83388114541693,2.0,2.0,8.952830905135458e-10,4.420031725219712e-10,4.420031723266044e-10
2417,"(1.0, 2.0, 6.0, 8.0, 11.0, 13.0, 14.0)",4524854399.999999,2,-20.718994772104736,2.0,2.0,1.0042801988384503e-09,4.420031725219712e-10,4.420031723266044e-10
2418,"(1.0, 2.0, 6.0, 8.0, 11.0, 14.0, 14.0)",2262427199.9999995,2,-20.64236114275405,2.0,2.0,1.0842675546473022e-09,8.840063450439424e-10,8.840063442624752e-10
2419,"(1.0, 2.0, 6.0, 8.0, 12.0, 12.0, 13.0)",2365264799.9999995,1,-20.99622625184585,2.0,4.0,7.611229161597848e-10,8.455712865637709e-10,1.6911425724125511e-09
2420,"(1.0, 2.0, 6.0, 8.0, 12.0, 12.0, 14.0)",2365264799.9999995,2,-20.919592622495166,2.0,2.0,8.217436568450612e-10,8.455712865637709e-10,8.455712858487801e-10
2421,"(1.0, 2.0, 6.0, 8.0, 12.0, 13.0, 14.0)",4730529599.999999,4,-20.80470624918297,4.0,4.0,9.217876354809889e-10,8.455712865637709e-10,8.455712858487801e-10
2422,"(1.0, 2.0, 6.0, 8.0, 12.0, 14.0, 14.0)",2365264799.9999995,5,-20.72807261983229,6.0,8.0,9.952047512069505e-10,2.536713859691313e-09,3.3822851398201666e-09
2423,"(1.0, 2.0, 6.0, 8.0, 13.0, 14.0, 14.0)",2365264799.9999995,5,-20.61318624652009,5.0,5.0,1.116366919042093e-09,2.1139282164094272e-09,2.113928211940735e-09
2424,"(1.0, 2.0, 6.0, 8.0, 14.0, 14.0, 14.0)",788421599.9999999,4,-20.536552617169413,4.0,4.0,1.2052815845606622e-09,5.073427719382625e-09,5.0734276936429565e-09
2425,"(1.0, 2.0, 6.0, 9.0, 9.0, 11.0, 14.0)",1979623799.9999995,3,-21.73745541955966,3.0,3.0,3.6269624610345415e-10,1.5154394486467585e-09,1.5154394463502017e-09
2426,"(1.0, 2.0, 6.0, 9.0, 9.0, 12.0, 14.0)",2262427199.9999995,1,-21.823166896637893,1.0,1.0,3.329040196951193e-10,4.420031725219712e-10,4.420031723266044e-10
2427,"(1.0, 2.0, 6.0, 9.0, 11.0, 11.0, 14.0)",1979623799.9999995,3,-21.39302978747319,3.0,3.0,5.118293805839296e-10,1.5154394486467585e-09,1.5154394463502017e-09
2428,"(1.0, 2.0, 6.0, 9.0, 11.0, 12.0, 14.0)",4524854399.999999,6,-21.478741264551424,9.0,17.0,4.697872118198095e-10,1.9890142763488703e-09,3.757026962480578e-09
2429,"(1.0, 2.0, 6.0, 9.0, 11.0, 13.0, 14.0)",4524854399.999999,2,-21.363854891239235,3.0,5.0,5.269819116404029e-10,6.630047587829568e-10,1.1050079308653527e-09
2430,"(1.0, 2.0, 6.0, 9.0, 11.0, 14.0, 14.0)",2262427199.9999995,4,-21.287221261888547,4.0,4.0,5.689541517781301e-10,1.7680126900878848e-09,1.768012686962016e-09
2431,"(1.0, 2.0, 6.0, 9.0, 12.0, 13.0, 14.0)",4730529599.999999,2,-21.44956636831747,2.0,2.0,4.836950990710503e-10,4.2278564328188547e-10,4.227856431031378e-10
2432,"(1.0, 2.0, 6.0, 9.0, 12.0, 14.0, 14.0)",2365264799.9999995,1,-21.37293273896678,1.0,1.0,5.222196981193478e-10,4.2278564328188547e-10,4.227856431031378e-10
2433,"(1.0, 2.0, 6.0, 9.0, 13.0, 14.0, 14.0)",2365264799.9999995,2,-21.2580463656546,2.0,2.0,5.857978418466639e-10,8.455712865637709e-10,8.455712858487801e-10
2434,"(1.0, 2.0, 6.0, 9.0, 14.0, 14.0, 14.0)",788421599.9999999,3,-21.181412736303905,3.0,3.0,6.324545622141942e-10,3.8050707895369695e-09,3.805070775058405e-09
2435,"(1.0, 2.0, 6.0, 11.0, 11.0, 12.0, 14.0)",2262427199.9999995,2,-21.13431563246496,2.0,2.0,6.629539186446319e-10,8.840063450439424e-10,8.840063442624752e-10
2436,"(1.0, 2.0, 6.0, 11.0, 11.0, 14.0, 14.0)",1131213599.9999998,4,-20.94279562980208,5.0,7.0,8.028962367649963e-10,4.420031725219712e-09,6.1880443957709165e-09
2437,"(1.0, 2.0, 6.0, 11.0, 12.0, 13.0, 14.0)",4730529599.999999,2,-21.105140736231,2.0,2.0,6.825804391656216e-10,4.2278564328188547e-10,4.227856431031378e-10
2438,"(1.0, 2.0, 6.0, 11.0, 12.0, 14.0, 14.0)",2365264799.9999995,2,-21.028507106880312,2.0,2.0,7.369455501364973e-10,8.455712865637709e-10,8.455712858487801e-10
2439,"(1.0, 2.0, 6.0, 11.0, 13.0, 13.0, 14.0)",2365264799.9999995,2,-20.990254362918808,2.0,2.0,7.656818568697328e-10,8.455712865637709e-10,8.455712858487801e-10
2440,"(1.0, 2.0, 6.0, 11.0, 13.0, 14.0, 14.0)",2365264799.9999995,5,-20.913620733568123,5.0,5.0,8.266657010126895e-10,2.1139282164094272e-09,2.113928211940735e-09
2441,"(1.0, 2.0, 6.0, 11.0, 14.0, 14.0, 14.0)",788421599.9999999,5,-20.836987104217435,5.0,5.0,8.925066920412457e-10,6.341784649228282e-09,6.341784609010049e-09
2442,"(1.0, 2.0, 6.0, 12.0, 12.0, 14.0, 14.0)",1131213599.9999995,1,-21.11421858395855,1.0,1.0,6.764121177777298e-10,8.840063450439426e-10,8.840063442624754e-10
2443,"(1.0, 2.0, 6.0, 12.0, 13.0, 14.0, 14.0)",2262427199.999999,3,-20.99933221064636,5.0,11.0,7.587625672108827e-10,2.2100158626098565e-09,4.862034892857514e-09
2444,"(1.0, 2.0, 6.0, 12.0, 14.0, 14.0, 14.0)",754142399.9999996,1,-20.92269858129567,1.0,1.0,8.191953144741824e-10,1.326009517565914e-09,1.3260095158076127e-09
2445,"(1.0, 2.0, 6.0, 13.0, 13.0, 14.0, 14.0)",1131213599.9999995,4,-20.88444583733417,5.0,7.0,8.511388519944198e-10,4.420031725219713e-09,6.188044395770918e-09
2446,"(1.0, 2.0, 6.0, 13.0, 14.0, 14.0, 14.0)",754142399.9999996,1,-20.80781220798348,1.0,1.0,9.189290426961386e-10,1.326009517565914e-09,1.3260095158076127e-09
2447,"(1.0, 2.0, 6.0, 14.0, 14.0, 14.0, 14.0)",188535599.9999999,1,-20.7311785786328,1.0,1.0,9.921184816457794e-10,5.304038070263656e-09,5.304038042130836e-09
2448,"(1.0, 2.0, 7.0, 7.0, 7.0, 11.0, 14.0)",928395000.0,2,-20.52134024739167,3.0,5.0,1.223756944424232e-09,3.23138319357601e-09,5.385638645518179e-09
2449,"(1.0, 2.0, 7.0, 7.0, 7.0, 13.0, 14.0)",968760000.0,1,-20.49216535115772,1.0,1.0,1.259985843759408e-09,1.0322474090590033e-09,1.0322474079934686e-09
2450,"(1.0, 2.0, 7.0, 7.0, 7.0, 14.0, 14.0)",484380000.0,1,-20.415531721807028,1.0,1.0,1.3603392472373173e-09,2.0644948181180067e-09,2.064494813855868e-09
2451,"(1.0, 2.0, 7.0, 7.0, 8.0, 9.0, 14.0)",2450962800.0000005,1,-20.72697311341604,1.0,1.0,9.962995869955748e-10,4.080029284818194e-10,4.08002928315353e-10
2452,"(1.0, 2.0, 7.0, 7.0, 8.0, 11.0, 14.0)",2450962800.0000005,2,-20.382547481329567,2.0,2.0,1.405957205144383e-09,8.160058569636388e-10,8.160058562977732e-10
2453,"(1.0, 2.0, 7.0, 7.0, 8.0, 12.0, 14.0)",2673777600.0,1,-20.468258958407805,2.0,4.0,1.2904704973934974e-09,7.480053688833357e-10,1.4960107372071594e-09
2454,"(1.0, 2.0, 7.0, 7.0, 8.0, 13.0, 14.0)",2673777600.0,3,-20.353372585095613,3.0,3.0,1.4475800799209691e-09,1.1220080533250036e-09,1.1220080520661015e-09
2455,"(1.0, 2.0, 7.0, 7.0, 8.0, 14.0, 14.0)",1336888800.0,2,-20.27673895574493,2.0,2.0,1.5628746989410048e-09,1.4960107377666714e-09,1.4960107355286232e-09
2456,"(1.0, 2.0, 7.0, 7.0, 9.0, 11.0, 14.0)",2450962800.0000005,1,-21.027407600464063,1.0,1.0,7.377562721126316e-10,4.080029284818194e-10,4.08002928315353e-10
2457,"(1.0, 2.0, 7.0, 7.0, 9.0, 12.0, 14.0)",2673777600.0,2,-21.1131190775423,3.0,5.0,6.771562462533064e-10,1.1220080533250036e-09,1.8700134209494373e-09
2458,"(1.0, 2.0, 7.0, 7.0, 9.0, 13.0, 14.0)",2673777600.0,2,-20.99823270423011,2.0,2.0,7.595972903295635e-10,7.480053688833357e-10,7.480053683238237e-10
2459,"(1.0, 2.0, 7.0, 7.0, 9.0, 14.0, 14.0)",1336888800.0,3,-20.921599074879424,4.0,6.0,8.200965203286249e-10,2.9920214755333427e-09,4.4880322043478215e-09
2460,"(1.0, 2.0, 7.0, 7.0, 11.0, 12.0, 14.0)",2673777600.0,4,-20.76869344545583,5.0,7.0,9.55588776564037e-10,1.870013422208339e-09,2.618018787594725e-09
2461,"(1.0, 2.0, 7.0, 7.0, 11.0, 13.0, 14.0)",2673777600.0,2,-20.653807072143643,3.0,5.0,1.071927859136747e-09,1.1220080533250036e-09,1.8700134209494373e-09
2462,"(1.0, 2.0, 7.0, 7.0, 11.0, 14.0, 14.0)",1336888800.0,1,-20.577173442792954,1.0,1.0,1.1573031111524331e-09,7.480053688833357e-10,7.480053683238237e-10
2463,"(1.0, 2.0, 7.0, 7.0, 12.0, 13.0, 14.0)",2673777600.0,1,-20.73951854922188,1.0,1.0,9.838786504231398e-10,3.7400268444166784e-10,3.7400268430178984e-10
2464,"(1.0, 2.0, 7.0, 7.0, 12.0, 14.0, 14.0)",1336888800.0,5,-20.66288491987119,6.0,8.0,1.0622410952618989e-09,4.488032213300014e-09,5.984042930924252e-09
2465,"(1.0, 2.0, 7.0, 7.0, 13.0, 13.0, 14.0)",1336888800.0,1,-20.624632175909685,1.0,1.0,1.1036619111314569e-09,7.480053688833357e-10,7.480053683238237e-10
2466,"(1.0, 2.0, 7.0, 7.0, 13.0, 14.0, 14.0)",1336888800.0,1,-20.547998546559,1.0,1.0,1.1915646678326769e-09,7.480053688833357e-10,7.480053683238237e-10
2467,"(1.0, 2.0, 7.0, 8.0, 8.0, 8.0, 14.0)",659874599.9999998,1,-19.94332022821944,1.0,1.0,2.181353615671387e-09,1.5154394486467585e-09,1.5154394463502017e-09
2468,"(1.0, 2.0, 7.0, 8.0, 8.0, 9.0, 13.0)",1979623799.9999995,1,-20.664813976704625,1.0,1.0,1.0601939469858437e-09,5.051464828822528e-10,5.051464826270798e-10
2469,"(1.0, 2.0, 7.0, 8.0, 8.0, 9.0, 14.0)",1979623799.9999995,2,-20.58818034735394,2.0,2.0,1.144634634517102e-09,1.0102929657645057e-09,1.0102929647438138e-09
2470,"(1.0, 2.0, 7.0, 8.0, 8.0, 11.0, 14.0)",1979623799.9999995,2,-20.24375471526747,2.0,2.0,1.6152845315434915e-09,1.0102929657645057e-09,1.0102929647438138e-09
2471,"(1.0, 2.0, 7.0, 8.0, 8.0, 12.0, 14.0)",2262427199.9999995,2,-20.329466192345706,2.0,2.0,1.4826034713047306e-09,8.840063450439424e-10,8.840063442624752e-10
2472,"(1.0, 2.0, 7.0, 8.0, 8.0, 14.0, 14.0)",1131213599.9999998,2,-20.13794618968283,2.0,2.0,1.7955648413074255e-09,1.7680126900878848e-09,1.768012686962016e-09
2473,"(1.0, 2.0, 7.0, 8.0, 9.0, 9.0, 14.0)",1979623799.9999995,1,-21.23304046648844,1.0,1.0,6.00630928027157e-10,5.051464828822528e-10,5.051464826270798e-10
2474,"(1.0, 2.0, 7.0, 8.0, 9.0, 11.0, 14.0)",3959247599.999999,6,-20.888614834401963,7.0,9.0,8.475978429730017e-10,1.7680126900878848e-09,2.2731591698442686e-09
2475,"(1.0, 2.0, 7.0, 8.0, 9.0, 13.0, 14.0)",4524854399.999999,2,-20.85943993816801,3.0,5.0,8.726906827478418e-10,6.630047587829568e-10,1.1050079308653527e-09
2476,"(1.0, 2.0, 7.0, 8.0, 9.0, 14.0, 14.0)",2262427199.9999995,7,-20.782806308817324,7.0,7.0,9.421974003280122e-10,3.0940222076537983e-09,3.094022198080825e-09
2477,"(1.0, 2.0, 7.0, 8.0, 11.0, 11.0, 14.0)",1979623799.9999995,2,-20.544189202315497,3.0,5.0,1.1961124042883033e-09,1.5154394486467585e-09,2.5257324121147074e-09
2478,"(1.0, 2.0, 7.0, 8.0, 11.0, 12.0, 14.0)",4524854399.999999,3,-20.62990067939373,3.0,3.0,1.0978625548861935e-09,6.630047587829568e-10,6.630047583433814e-10
2479,"(1.0, 2.0, 7.0, 8.0, 11.0, 13.0, 14.0)",4524854399.999999,3,-20.51501430608154,3.0,3.0,1.231522896613571e-09,6.630047587829568e-10,6.630047583433814e-10
2480,"(1.0, 2.0, 7.0, 8.0, 11.0, 14.0, 14.0)",2262427199.9999995,6,-20.43838067673085,7.0,9.0,1.3296093273050398e-09,3.0940222076537983e-09,3.978028543124767e-09
2481,"(1.0, 2.0, 7.0, 8.0, 12.0, 13.0, 14.0)",4730529599.999999,5,-20.60072578315977,7.0,11.0,1.1303643945415832e-09,1.4797497514865992e-09,2.325321035860711e-09
2482,"(1.0, 2.0, 7.0, 8.0, 12.0, 14.0, 14.0)",2365264799.9999995,3,-20.524092153809093,4.0,6.0,1.2203939093367767e-09,1.6911425731275419e-09,2.5367138568313497e-09
2483,"(1.0, 2.0, 7.0, 8.0, 13.0, 14.0, 14.0)",2365264799.9999995,5,-20.409205780496897,6.0,8.0,1.3689719496734182e-09,2.536713859691313e-09,3.3822851398201666e-09
2484,"(1.0, 2.0, 7.0, 8.0, 14.0, 14.0, 14.0)",788421599.9999999,6,-20.332572151146213,8.0,12.0,1.47800570993028e-09,1.014685543876525e-08,1.5220283055189203e-08
2485,"(1.0, 2.0, 7.0, 9.0, 9.0, 11.0, 14.0)",1979623799.9999995,1,-21.533474953536462,1.0,1.0,4.4476504874716355e-10,5.051464828822528e-10,5.051464826270798e-10
2486,"(1.0, 2.0, 7.0, 9.0, 9.0, 12.0, 14.0)",2262427199.9999995,1,-21.619186430614697,1.0,1.0,4.082316101655851e-10,4.420031725219712e-10,4.420031723266044e-10
2487,"(1.0, 2.0, 7.0, 9.0, 9.0, 13.0, 14.0)",2262427199.9999995,1,-21.504300057302505,1.0,1.0,4.5793216355070886e-10,4.420031725219712e-10,4.420031723266044e-10
2488,"(1.0, 2.0, 7.0, 9.0, 9.0, 14.0, 14.0)",1131213599.9999998,1,-21.42766642795182,1.0,1.0,4.944048361620106e-10,8.840063450439424e-10,8.840063442624752e-10
2489,"(1.0, 2.0, 7.0, 9.0, 11.0, 11.0, 14.0)",1979623799.9999995,1,-21.18904932145,3.0,9.0,6.276431638079541e-10,1.5154394486467585e-09,4.546318343643718e-09
2490,"(1.0, 2.0, 7.0, 9.0, 11.0, 12.0, 14.0)",4524854399.999999,1,-21.274760798528227,1.0,1.0,5.760879369736651e-10,2.210015862609856e-10,2.210015862121439e-10
2491,"(1.0, 2.0, 7.0, 9.0, 11.0, 13.0, 14.0)",4524854399.999999,1,-21.15987442521604,1.0,1.0,6.462243216952474e-10,2.210015862609856e-10,2.210015862121439e-10
2492,"(1.0, 2.0, 7.0, 9.0, 11.0, 14.0, 14.0)",2262427199.9999995,7,-21.08324079586535,8.0,10.0,6.976937968592091e-10,3.5360253801757696e-09,4.420031712716237e-09
2493,"(1.0, 2.0, 7.0, 9.0, 12.0, 12.0, 14.0)",2365264799.9999995,2,-21.360472275606465,3.0,5.0,5.287675071820229e-10,1.2683569298456565e-09,2.113928214800698e-09
2494,"(1.0, 2.0, 7.0, 9.0, 12.0, 13.0, 14.0)",4730529599.999999,1,-21.24558590229428,1.0,1.0,5.931428202753858e-10,2.1139282164094273e-10,2.113928215962558e-10
2495,"(1.0, 2.0, 7.0, 9.0, 12.0, 14.0, 14.0)",2365264799.9999995,1,-21.168952272943585,2.0,4.0,6.403845421232462e-10,8.455712865637709e-10,1.6911425724125511e-09
2496,"(1.0, 2.0, 7.0, 9.0, 13.0, 13.0, 14.0)",2365264799.9999995,1,-21.13069952898208,1.0,1.0,6.653555683086512e-10,4.2278564328188547e-10,4.227856431031378e-10
2497,"(1.0, 2.0, 7.0, 9.0, 13.0, 14.0, 14.0)",2365264799.9999995,1,-21.0540658996314,1.0,1.0,7.183487794097527e-10,4.2278564328188547e-10,4.227856431031378e-10
2498,"(1.0, 2.0, 7.0, 11.0, 11.0, 14.0, 14.0)",1131213599.9999998,1,-20.73881516377888,1.0,1.0,9.84570939788114e-10,8.840063450439424e-10,8.840063442624752e-10
2499,"(1.0, 2.0, 7.0, 11.0, 12.0, 13.0, 14.0)",4730529599.999999,1,-20.901160270207804,1.0,1.0,8.370307814345661e-10,2.1139282164094273e-10,2.113928215962558e-10
2500,"(1.0, 2.0, 7.0, 11.0, 12.0, 14.0, 14.0)",2365264799.9999995,3,-20.824526640857115,5.0,11.0,9.036973143553661e-10,2.1139282164094272e-09,4.6506420716320475e-09
2501,"(1.0, 2.0, 7.0, 11.0, 13.0, 13.0, 14.0)",2365264799.9999995,3,-20.78627389689561,4.0,6.0,9.389359058829313e-10,1.6911425731275419e-09,2.5367138568313497e-09
2502,"(1.0, 2.0, 7.0, 11.0, 13.0, 14.0, 14.0)",2365264799.9999995,8,-20.709640267544927,8.0,8.0,1.0137188205241128e-09,3.3822851462550837e-09,3.382285134815231e-09
2503,"(1.0, 2.0, 7.0, 11.0, 14.0, 14.0, 14.0)",788421599.9999999,1,-20.63300663819424,1.0,1.0,1.0944579290728805e-09,1.2683569298456563e-09,1.268356928236927e-09
2504,"(1.0, 2.0, 7.0, 12.0, 12.0, 13.0, 14.0)",2262427199.999999,1,-20.98687174728604,1.0,1.0,7.682762497316597e-10,4.420031725219713e-10,4.420031723266045e-10
2505,"(1.0, 2.0, 7.0, 12.0, 12.0, 14.0, 14.0)",1131213599.9999995,1,-20.91023811793536,1.0,1.0,8.294667280641503e-10,8.840063450439426e-10,8.840063442624754e-10
2506,"(1.0, 2.0, 7.0, 12.0, 13.0, 14.0, 14.0)",2262427199.999999,2,-20.79535174462316,2.0,2.0,9.304509594974229e-10,8.840063450439426e-10,8.840063442624754e-10
2507,"(1.0, 2.0, 7.0, 13.0, 13.0, 14.0, 14.0)",1131213599.9999995,2,-20.68046537131097,2.0,2.0,1.0437296141463954e-09,1.7680126900878852e-09,1.7680126869620164e-09
2508,"(1.0, 2.0, 7.0, 13.0, 14.0, 14.0, 14.0)",754142399.9999996,2,-20.603831741960285,2.0,2.0,1.126858975963468e-09,2.652019035131828e-09,2.652019028098623e-09
2509,"(1.0, 2.0, 8.0, 8.0, 8.0, 8.0, 13.0)",122199000.0,1,-19.88116109150803,1.0,1.0,2.3212474739094244e-09,8.183373022692493e-09,8.183372955724899e-09
2510,"(1.0, 2.0, 8.0, 8.0, 8.0, 11.0, 14.0)",488796000.0,1,-20.104961949205368,1.0,1.0,1.8557777635740724e-09,2.0458432556731234e-09,2.0458432514876486e-09
2511,"(1.0, 2.0, 8.0, 8.0, 8.0, 14.0, 14.0)",293277599.99999994,2,-19.99915342362073,2.0,2.0,2.062899285223544e-09,6.819477518910412e-09,6.819477472405139e-09
2512,"(1.0, 2.0, 8.0, 8.0, 9.0, 9.0, 14.0)",733193999.9999999,1,-21.094247700426337,1.0,1.0,6.900564566680773e-10,1.3638955037820824e-09,1.3638955019218715e-09
2513,"(1.0, 2.0, 8.0, 8.0, 9.0, 11.0, 14.0)",1466387999.9999998,1,-20.749822068339867,1.0,1.0,9.737932845426258e-10,6.819477518910412e-10,6.819477514259885e-10
2514,"(1.0, 2.0, 8.0, 8.0, 9.0, 13.0, 14.0)",1759665599.9999998,1,-20.72064717210591,1.0,1.0,1.0026220965381098e-09,5.682897932425344e-10,5.68289792919581e-10
2515,"(1.0, 2.0, 8.0, 8.0, 9.0, 14.0, 14.0)",879832799.9999999,4,-20.644013542755225,4.0,4.0,1.0824773903797753e-09,4.546318345940275e-09,4.546318325271265e-09
2516,"(1.0, 2.0, 8.0, 8.0, 11.0, 12.0, 14.0)",1759665599.9999998,1,-20.491107913331632,1.0,1.0,1.261318905141483e-09,5.682897932425344e-10,5.68289792919581e-10
2517,"(1.0, 2.0, 8.0, 8.0, 11.0, 13.0, 14.0)",1759665599.9999998,3,-20.376221540019444,3.0,3.0,1.4148793987916947e-09,1.704869379727603e-09,1.7048693768210234e-09
2518,"(1.0, 2.0, 8.0, 8.0, 11.0, 14.0, 14.0)",879832799.9999999,2,-20.299587910668755,2.0,2.0,1.5275695245441153e-09,2.2731591729701374e-09,2.273159167802885e-09
2519,"(1.0, 2.0, 8.0, 8.0, 12.0, 13.0, 14.0)",1927252800.0,2,-20.46193301709768,2.0,2.0,1.2986598132786171e-09,1.0377465789646279e-09,1.0377465778877099e-09
2520,"(1.0, 2.0, 8.0, 8.0, 12.0, 14.0, 14.0)",963626400.0,3,-20.38529938774699,3.0,3.0,1.4020934612580627e-09,3.1132397368938834e-09,3.1132397272016217e-09
2521,"(1.0, 2.0, 8.0, 8.0, 13.0, 13.0, 14.0)",963626400.0,1,-20.34704664378549,1.0,1.0,1.4567664120125776e-09,1.0377465789646279e-09,1.0377465778877099e-09
2522,"(1.0, 2.0, 8.0, 8.0, 13.0, 14.0, 14.0)",963626400.0,2,-20.2704130144348,2.0,2.0,1.5727926898011972e-09,2.0754931579292558e-09,2.075493153621584e-09
2523,"(1.0, 2.0, 8.0, 9.0, 9.0, 12.0, 14.0)",1759665599.9999998,1,-21.4803936645526,1.0,1.0,4.69011576436884e-10,5.682897932425344e-10,5.68289792919581e-10
2524,"(1.0, 2.0, 8.0, 9.0, 9.0, 14.0, 14.0)",879832799.9999999,2,-21.28887366188972,2.0,2.0,5.680147882529477e-10,2.2731591729701374e-09,2.273159167802885e-09
2525,"(1.0, 2.0, 8.0, 9.0, 11.0, 11.0, 14.0)",1466387999.9999998,1,-21.050256555387893,1.0,1.0,7.210904358386242e-10,6.819477518910412e-10,6.819477514259885e-10
2526,"(1.0, 2.0, 8.0, 9.0, 11.0, 12.0, 14.0)",3519331199.9999995,3,-21.13596803246613,3.0,3.0,6.618593581636093e-10,8.524346898638015e-10,8.524346891371567e-10
2527,"(1.0, 2.0, 8.0, 9.0, 11.0, 13.0, 14.0)",3519331199.9999995,1,-21.021081659153936,1.0,1.0,7.42438067760626e-10,2.841448966212672e-10,2.8414489654052887e-10
2528,"(1.0, 2.0, 8.0, 9.0, 11.0, 14.0, 14.0)",1759665599.9999998,5,-20.94444802980325,8.0,20.0,8.015706265432158e-10,4.546318345940275e-09,1.1365795844181677e-08
2529,"(1.0, 2.0, 8.0, 9.0, 12.0, 12.0, 14.0)",1927252800.0,1,-21.22167950954437,1.0,1.0,6.074935794693851e-10,5.188732894823139e-10,5.188732892130844e-10
2530,"(1.0, 2.0, 8.0, 9.0, 12.0, 14.0, 14.0)",1927252800.0,2,-21.03015950688149,3.0,5.0,7.357288268422184e-10,1.5566198684469417e-09,2.594366444988504e-09
2531,"(1.0, 2.0, 8.0, 9.0, 13.0, 13.0, 14.0)",1927252800.0,1,-20.99190676291998,1.0,1.0,7.644176889117533e-10,5.188732894823139e-10,5.188732892130844e-10
2532,"(1.0, 2.0, 8.0, 9.0, 13.0, 14.0, 14.0)",1927252800.0,1,-20.915273133569293,1.0,1.0,8.253008465606708e-10,5.188732894823139e-10,5.188732892130844e-10
2533,"(1.0, 2.0, 8.0, 9.0, 14.0, 14.0, 14.0)",642417600.0000001,3,-20.83863950421861,3.0,3.0,8.910331317730511e-10,4.6698596053408245e-09,4.669859583533236e-09
2534,"(1.0, 2.0, 8.0, 11.0, 11.0, 13.0, 14.0)",1759665599.9999998,2,-20.676656027067462,2.0,2.0,1.047713122003093e-09,1.1365795864850687e-09,1.1365795851932556e-09
2535,"(1.0, 2.0, 8.0, 11.0, 11.0, 14.0, 14.0)",879832799.9999999,2,-20.60002239771678,2.0,2.0,1.131159756092053e-09,2.2731591729701374e-09,2.273159167802885e-09
2536,"(1.0, 2.0, 8.0, 11.0, 12.0, 12.0, 14.0)",1927252800.0,2,-20.877253877457896,3.0,5.0,8.572822736076547e-10,1.5566198684469417e-09,2.594366444988504e-09
2537,"(1.0, 2.0, 8.0, 11.0, 12.0, 14.0, 14.0)",1927252800.0,3,-20.68573387479502,3.0,3.0,1.038245181101166e-09,1.5566198684469417e-09,1.5566198660238764e-09
2538,"(1.0, 2.0, 8.0, 11.0, 13.0, 13.0, 14.0)",1927252800.0,3,-20.647481130833512,4.0,6.0,1.0787303051146068e-09,2.0754931579292558e-09,3.1132397325862118e-09
2539,"(1.0, 2.0, 8.0, 11.0, 13.0, 14.0, 14.0)",1927252800.0,1,-20.570847501482824,2.0,4.0,1.1646473478251913e-09,1.0377465789646279e-09,2.0754931568523377e-09
2540,"(1.0, 2.0, 8.0, 11.0, 14.0, 14.0, 14.0)",642417600.0000001,3,-20.49421387213214,4.0,6.0,1.2574073782530287e-09,6.226479473787765e-09,9.339719171912602e-09
2541,"(1.0, 2.0, 8.0, 12.0, 12.0, 13.0, 14.0)",1927252799.9999995,2,-20.84807898122394,3.0,5.0,8.826618175880838e-10,1.5566198684469421e-09,2.5943664449885045e-09
2542,"(1.0, 2.0, 8.0, 12.0, 12.0, 14.0, 14.0)",963626399.9999998,1,-20.77144535187325,1.0,1.0,9.529627006921889e-10,1.037746578964628e-09,1.03774657788771e-09
2543,"(1.0, 2.0, 8.0, 12.0, 13.0, 14.0, 14.0)",1927252799.9999995,2,-20.656558978561065,2.0,2.0,1.0689820691104492e-09,1.037746578964628e-09,1.03774657788771e-09
2544,"(1.0, 2.0, 8.0, 12.0, 14.0, 14.0, 14.0)",642417599.9999999,5,-20.579925349210377,5.0,5.0,1.1541226993988084e-09,7.78309934223471e-09,7.783099281658075e-09
2545,"(1.0, 2.0, 8.0, 13.0, 13.0, 13.0, 14.0)",642417599.9999999,1,-20.61830623459956,2.0,4.0,1.1106657411600287e-09,3.113239736893884e-09,6.226479464095506e-09
2546,"(1.0, 2.0, 8.0, 13.0, 14.0, 14.0, 14.0)",642417599.9999999,1,-20.46503897589818,1.0,1.0,1.2946324869950928e-09,1.556619868446942e-09,1.5566198660238766e-09
2547,"(1.0, 2.0, 9.0, 9.0, 9.0, 11.0, 14.0)",488796000.0,1,-22.03954230660886,1.0,1.0,2.6813184254008933e-10,2.0458432556731234e-09,2.0458432514876486e-09
2548,"(1.0, 2.0, 9.0, 9.0, 9.0, 14.0, 14.0)",293277599.99999994,1,-21.933733781024216,1.0,1.0,2.980577724222453e-10,3.409738759455206e-09,3.4097387478288877e-09
2549,"(1.0, 2.0, 9.0, 9.0, 11.0, 13.0, 14.0)",1759665599.9999998,1,-21.665941778288435,1.0,1.0,3.8958393551483216e-10,5.682897932425344e-10,5.68289792919581e-10
2550,"(1.0, 2.0, 9.0, 9.0, 11.0, 14.0, 14.0)",879832799.9999999,4,-21.589308148937747,4.0,4.0,4.2061291418381403e-10,4.546318345940275e-09,4.546318325271265e-09
2551,"(1.0, 2.0, 9.0, 9.0, 13.0, 14.0, 14.0)",963626400.0,2,-21.5601332527038,2.0,2.0,4.330650134315189e-10,2.0754931579292558e-09,2.075493153621584e-09
2552,"(1.0, 2.0, 9.0, 11.0, 11.0, 12.0, 14.0)",1759665599.9999998,1,-21.43640251951416,1.0,1.0,4.901044817393954e-10,5.682897932425344e-10,5.68289792919581e-10
2553,"(1.0, 2.0, 9.0, 11.0, 11.0, 13.0, 14.0)",1759665599.9999998,2,-21.321516146201965,2.0,2.0,5.497727272951422e-10,1.1365795864850687e-09,1.1365795851932556e-09
2554,"(1.0, 2.0, 9.0, 11.0, 11.0, 14.0, 14.0)",879832799.9999999,2,-21.24488251685128,2.0,2.0,5.935601750642217e-10,2.2731591729701374e-09,2.273159167802885e-09
2555,"(1.0, 2.0, 9.0, 11.0, 12.0, 13.0, 14.0)",3854505600.000001,1,-21.4072276232802,2.0,4.0,5.046138547105256e-10,5.188732894823137e-10,1.037746578695398e-09
2556,"(1.0, 2.0, 9.0, 11.0, 12.0, 14.0, 14.0)",1927252800.0,7,-21.33059399392951,8.0,10.0,5.448045584498729e-10,4.1509863158585115e-09,5.188732877592452e-09
2557,"(1.0, 2.0, 9.0, 11.0, 13.0, 14.0, 14.0)",1927252800.0,2,-21.215707620617323,2.0,2.0,6.111323179066012e-10,1.0377465789646279e-09,1.0377465778877099e-09
2558,"(1.0, 2.0, 9.0, 12.0, 12.0, 13.0, 14.0)",1927252799.9999995,3,-21.492939100358434,3.0,3.0,4.631643763389451e-10,1.5566198684469421e-09,1.5566198660238768e-09
2559,"(1.0, 2.0, 9.0, 12.0, 12.0, 14.0, 14.0)",963626399.9999998,1,-21.41630547100775,1.0,1.0,5.000537761409694e-10,1.037746578964628e-09,1.03774657788771e-09
2560,"(1.0, 2.0, 9.0, 12.0, 14.0, 14.0, 14.0)",642417599.9999999,2,-21.22478546834487,2.0,2.0,6.05609656647832e-10,3.113239736893884e-09,3.113239727201622e-09
2561,"(1.0, 2.0, 9.0, 13.0, 13.0, 14.0, 14.0)",963626399.9999998,1,-21.186532724383365,1.0,1.0,6.292246779351146e-10,1.037746578964628e-09,1.03774657788771e-09
2562,"(1.0, 2.0, 9.0, 13.0, 14.0, 14.0, 14.0)",642417599.9999999,4,-21.10989909503268,4.0,4.0,6.793401917687218e-10,6.226479473787768e-09,6.2264794350187214e-09
2563,"(1.0, 2.0, 11.0, 11.0, 11.0, 13.0, 14.0)",586555199.9999999,2,-20.977090514115496,2.0,2.0,7.758278104514698e-10,3.409738759455206e-09,3.4097387478288877e-09
2564,"(1.0, 2.0, 11.0, 11.0, 12.0, 12.0, 14.0)",963626400.0,1,-21.17768836450592,2.0,4.0,6.348144499710945e-10,2.0754931579292558e-09,4.1509863115508394e-09
2565,"(1.0, 2.0, 11.0, 11.0, 12.0, 14.0, 14.0)",963626400.0,1,-20.98616836184304,1.0,1.0,7.688168341592469e-10,1.0377465789646279e-09,1.0377465778877099e-09
2566,"(1.0, 2.0, 11.0, 11.0, 13.0, 14.0, 14.0)",963626400.0,1,-20.871281988530853,1.0,1.0,8.624171854255591e-10,1.0377465789646279e-09,1.0377465778877099e-09
2567,"(1.0, 2.0, 11.0, 12.0, 13.0, 14.0, 14.0)",1927252799.9999995,3,-20.956993465609088,3.0,3.0,7.915773895283924e-10,1.5566198684469421e-09,1.5566198660238768e-09
2568,"(1.0, 2.0, 11.0, 12.0, 14.0, 14.0, 14.0)",642417599.9999999,2,-20.8803598362584,3.0,5.0,8.546237210001113e-10,4.669859605340826e-09,7.78309932042712e-09
2569,"(1.0, 2.0, 11.0, 14.0, 14.0, 14.0, 14.0)",160604399.99999997,1,-20.688839833595523,1.0,1.0,1.0350254371283083e-09,6.226479473787768e-09,6.2264794350187214e-09
2570,"(1.0, 2.0, 14.0, 14.0, 14.0, 14.0, 14.0)",29327760.0,1,-20.583031308010884,2.0,4.0,1.150543602984038e-09,6.819477518910412e-08,1.3638954572768088e-07
2571,"(1.0, 3.0, 3.0, 3.0, 3.0, 8.0, 14.0)",122199000.0,1,-20.030537125660025,1.0,1.0,1.9991632365449893e-09,8.183373022692493e-09,8.183372955724899e-09
2572,"(1.0, 3.0, 3.0, 3.0, 3.0, 9.0, 14.0)",122199000.0,1,-20.675397244794524,2.0,4.0,1.0490327951245051e-09,1.6366746045384987e-08,3.2733491822899596e-08
2573,"(1.0, 3.0, 3.0, 3.0, 3.0, 14.0, 14.0)",63755999.99999999,1,-20.225163087123413,1.0,1.0,1.645596199435877e-09,1.5684798293493948e-08,1.568479804748105e-08
2574,"(1.0, 3.0, 3.0, 3.0, 4.0, 9.0, 14.0)",659874599.9999998,2,-20.912198650629414,2.0,2.0,8.278421244897353e-10,3.030878897293517e-09,3.03087888810729e-09
2575,"(1.0, 3.0, 3.0, 3.0, 4.0, 11.0, 14.0)",659874599.9999998,1,-20.567773018542944,1.0,1.0,1.1682335462551407e-09,1.5154394486467585e-09,1.5154394463502017e-09
2576,"(1.0, 3.0, 3.0, 3.0, 4.0, 13.0, 14.0)",688564799.9999996,2,-20.538598122308983,2.0,2.0,1.2028186946705247e-09,2.9045922765729543e-09,2.904592268136298e-09
2577,"(1.0, 3.0, 3.0, 3.0, 4.0, 14.0, 14.0)",344282399.9999998,1,-20.4619644929583,1.0,1.0,1.2986189374866453e-09,2.9045922765729543e-09,2.904592268136298e-09
2578,"(1.0, 3.0, 3.0, 3.0, 6.0, 7.0, 12.0)",745945200.0,1,-20.56212431173698,1.0,1.0,1.1748512281147622e-09,1.3405810507259782e-09,1.3405810489288206e-09
2579,"(1.0, 3.0, 3.0, 3.0, 6.0, 7.0, 14.0)",745945200.0,2,-20.370604309074103,2.0,2.0,1.4228494670346897e-09,2.6811621014519565e-09,2.6811620942633264e-09
2580,"(1.0, 3.0, 3.0, 3.0, 6.0, 8.0, 14.0)",659874599.9999998,2,-20.231811543012007,2.0,2.0,1.6346918145207797e-09,3.030878897293517e-09,3.03087888810729e-09
2581,"(1.0, 3.0, 3.0, 3.0, 6.0, 11.0, 14.0)",659874599.9999998,2,-20.53224603006003,2.0,2.0,1.210483427751577e-09,3.030878897293517e-09,3.03087888810729e-09
2582,"(1.0, 3.0, 3.0, 3.0, 6.0, 13.0, 14.0)",688564799.9999996,2,-20.50307113382608,2.0,2.0,1.2463193692354835e-09,2.9045922765729543e-09,2.904592268136298e-09
2583,"(1.0, 3.0, 3.0, 3.0, 6.0, 14.0, 14.0)",344282399.9999998,1,-20.426437504475388,1.0,1.0,1.3455842864904618e-09,2.9045922765729543e-09,2.904592268136298e-09
2584,"(1.0, 3.0, 3.0, 3.0, 7.0, 11.0, 14.0)",659874599.9999998,1,-20.32826556403684,1.0,1.0,1.4843845960236216e-09,1.5154394486467585e-09,1.5154394463502017e-09
2585,"(1.0, 3.0, 3.0, 3.0, 7.0, 12.0, 14.0)",688564799.9999996,4,-20.413977041115068,4.0,4.0,1.3624557852435871e-09,5.809184553145909e-09,5.809184519399284e-09
2586,"(1.0, 3.0, 3.0, 3.0, 7.0, 13.0, 14.0)",688564799.9999996,3,-20.29909066780288,3.0,3.0,1.5283292864697689e-09,4.356888414859432e-09,4.356888395876955e-09
2587,"(1.0, 3.0, 3.0, 3.0, 7.0, 14.0, 14.0)",344282399.9999998,4,-20.22245703845219,4.0,4.0,1.6500552933863073e-09,1.1618369106291817e-08,1.1618368971305317e-08
2588,"(1.0, 3.0, 3.0, 3.0, 8.0, 8.0, 14.0)",268837800.0,1,-19.889038310926708,1.0,1.0,2.3030343268880242e-09,3.71971501031477e-09,3.71971499647849e-09
2589,"(1.0, 3.0, 3.0, 3.0, 8.0, 9.0, 14.0)",537675600.0,1,-20.533898430061203,2.0,4.0,1.2084848765918504e-09,3.71971501031477e-09,7.43943000679326e-09
2590,"(1.0, 3.0, 3.0, 3.0, 8.0, 14.0, 14.0)",293277599.99999994,4,-20.08366427239009,4.0,4.0,1.8957254046183146e-09,1.3638955037820825e-08,1.363895485179973e-08
2591,"(1.0, 3.0, 3.0, 3.0, 9.0, 9.0, 14.0)",268837800.0,1,-21.1787585491957,1.0,1.0,6.341354446612326e-10,3.71971501031477e-09,3.71971499647849e-09
2592,"(1.0, 3.0, 3.0, 3.0, 9.0, 12.0, 14.0)",586555199.9999999,1,-20.920044394187464,1.0,1.0,8.213725001679262e-10,1.704869379727603e-09,1.7048693768210234e-09
2593,"(1.0, 3.0, 3.0, 3.0, 9.0, 14.0, 14.0)",293277599.99999994,2,-20.728524391524587,2.0,2.0,9.947552474165043e-10,6.819477518910412e-09,6.819477472405139e-09
2594,"(1.0, 3.0, 3.0, 3.0, 11.0, 12.0, 14.0)",586555199.9999999,1,-20.575618762101,1.0,1.0,1.1591037472985208e-09,1.704869379727603e-09,1.7048693768210234e-09
2595,"(1.0, 3.0, 3.0, 3.0, 11.0, 14.0, 14.0)",293277599.99999994,6,-20.38409875943812,7.0,9.0,1.4037778653285942e-09,2.3868171316186445e-08,3.068764826540725e-08
2596,"(1.0, 3.0, 3.0, 3.0, 12.0, 12.0, 14.0)",293277599.99999994,1,-20.661330239179232,1.0,1.0,1.0638938253838185e-09,3.409738759455206e-09,3.4097387478288877e-09
2597,"(1.0, 3.0, 3.0, 3.0, 12.0, 13.0, 14.0)",586555199.9999999,1,-20.54644386586704,1.0,1.0,1.1934186111865265e-09,1.704869379727603e-09,1.7048693768210234e-09
2598,"(1.0, 3.0, 3.0, 3.0, 12.0, 14.0, 14.0)",293277599.99999994,1,-20.46981023651636,1.0,1.0,1.2884701706938082e-09,3.409738759455206e-09,3.4097387478288877e-09
2599,"(1.0, 3.0, 3.0, 3.0, 13.0, 14.0, 14.0)",293277599.99999994,1,-20.354923863204164,1.0,1.0,1.4453362215068125e-09,3.409738759455206e-09,3.4097387478288877e-09
2600,"(1.0, 3.0, 3.0, 3.0, 14.0, 14.0, 14.0)",97759200.0,1,-20.278290233853475,1.0,1.0,1.5604521251627895e-09,1.0229216278365617e-08,1.0229216173728752e-08
2601,"(1.0, 3.0, 3.0, 4.0, 4.0, 4.0, 14.0)",444015000.0,1,-20.88244015789801,2.0,4.0,8.528476767917115e-10,4.504352330439287e-09,9.008704640589384e-09
2602,"(1.0, 3.0, 3.0, 4.0, 4.0, 6.0, 14.0)",1332044999.9999998,1,-20.846913169415103,1.0,1.0,8.836914352118141e-10,7.50725388406548e-10,7.507253878429593e-10
2603,"(1.0, 3.0, 3.0, 4.0, 4.0, 7.0, 14.0)",1332044999.9999998,3,-20.642932703391907,3.0,3.0,1.0836480070635346e-09,2.252176165219644e-09,2.2521761601473463e-09
2604,"(1.0, 3.0, 3.0, 4.0, 4.0, 11.0, 14.0)",1225481400.0,2,-20.80457442437784,2.0,2.0,9.219091579660708e-10,1.632011713927278e-09,1.6320117112638158e-09
2605,"(1.0, 3.0, 3.0, 4.0, 4.0, 12.0, 14.0)",1278763200.0,1,-20.890285901456068,1.0,1.0,8.461826329272476e-10,7.820056129234873e-10,7.820056123119546e-10
2606,"(1.0, 3.0, 3.0, 4.0, 4.0, 13.0, 14.0)",1278763200.0,1,-20.775399528143875,1.0,1.0,9.492019584133528e-10,7.820056129234873e-10,7.820056123119546e-10
2607,"(1.0, 3.0, 3.0, 4.0, 4.0, 14.0, 14.0)",639381600.0,4,-20.69876589879319,4.0,4.0,1.0248025277264605e-09,6.256044903387899e-09,6.256044864249801e-09
2608,"(1.0, 3.0, 3.0, 4.0, 6.0, 6.0, 14.0)",1332044999.9999998,3,-20.81138618093219,4.0,6.0,9.15650677040469e-10,3.002901553626192e-09,4.50435232142187e-09
2609,"(1.0, 3.0, 3.0, 4.0, 6.0, 7.0, 14.0)",2664089999.9999995,2,-20.607405714908992,2.0,2.0,1.1228388007443427e-09,7.50725388406548e-10,7.507253878429593e-10
2610,"(1.0, 3.0, 3.0, 4.0, 6.0, 11.0, 14.0)",2450962800.0,3,-20.76904743589492,3.0,3.0,9.55250567138417e-10,1.2240087854454583e-09,1.2240087839472607e-09
2611,"(1.0, 3.0, 3.0, 4.0, 6.0, 13.0, 14.0)",2557526400.0,2,-20.739872539660965,2.0,2.0,9.835304284249363e-10,7.820056129234873e-10,7.820056123119546e-10
2612,"(1.0, 3.0, 3.0, 4.0, 6.0, 14.0, 14.0)",1278763200.0,2,-20.66323891031028,2.0,2.0,1.0618651386166213e-09,1.5640112258469747e-09,1.5640112234008436e-09
2613,"(1.0, 3.0, 3.0, 4.0, 7.0, 8.0, 14.0)",2450962800.0,1,-20.264632482823696,1.0,1.0,1.5819105954439967e-09,4.080029284818195e-10,4.080029283153531e-10
2614,"(1.0, 3.0, 3.0, 4.0, 7.0, 9.0, 14.0)",2450962800.0,1,-20.909492601958192,1.0,1.0,8.300853393260901e-10,4.080029284818195e-10,4.080029283153531e-10
2615,"(1.0, 3.0, 3.0, 4.0, 7.0, 11.0, 14.0)",2450962800.0,3,-20.56506696987172,3.0,3.0,1.1713991242630315e-09,1.2240087854454583e-09,1.2240087839472607e-09
2616,"(1.0, 3.0, 3.0, 4.0, 7.0, 12.0, 14.0)",2557526400.0,1,-20.65077844694996,1.0,1.0,1.075179247990538e-09,3.9100280646174367e-10,3.910028063088605e-10
2617,"(1.0, 3.0, 3.0, 4.0, 7.0, 13.0, 14.0)",2557526400.0,6,-20.53589207363777,11.0,27.0,1.2060779885159375e-09,4.30103087107918e-09,1.0557075755968212e-08
2618,"(1.0, 3.0, 3.0, 4.0, 7.0, 14.0, 14.0)",1278763200.0,7,-20.45925844428708,7.0,7.0,1.3021378225266362e-09,5.474039290464411e-09,5.474039260499304e-09
2619,"(1.0, 3.0, 3.0, 4.0, 8.0, 8.0, 12.0)",1036945800.0,1,-20.31735971942448,1.0,1.0,1.5006616600090717e-09,9.643705582297552e-10,9.643705572997446e-10
2620,"(1.0, 3.0, 3.0, 4.0, 8.0, 8.0, 14.0)",1036945800.0,1,-20.1258397167616,2.0,4.0,1.8174349160528225e-09,1.9287411164595104e-09,3.8574822291989786e-09
2621,"(1.0, 3.0, 3.0, 4.0, 8.0, 9.0, 14.0)",2073891600.0,2,-20.77069983589609,2.0,2.0,9.536734145025268e-10,9.643705582297552e-10,9.643705572997446e-10
2622,"(1.0, 3.0, 3.0, 4.0, 8.0, 11.0, 14.0)",2073891600.0,3,-20.426274203809623,3.0,3.0,1.3458040392426856e-09,1.4465558373446327e-09,1.446555835252109e-09
2623,"(1.0, 3.0, 3.0, 4.0, 8.0, 12.0, 14.0)",2262427199.9999995,1,-20.51198568088786,1.0,1.0,1.2352583717065101e-09,4.420031725219712e-10,4.420031723266044e-10
2624,"(1.0, 3.0, 3.0, 4.0, 8.0, 14.0, 14.0)",1131213599.9999998,3,-20.320465678224984,3.0,3.0,1.4960078976578822e-09,2.652019035131827e-09,2.652019028098622e-09
2625,"(1.0, 3.0, 3.0, 4.0, 9.0, 9.0, 14.0)",1036945800.0,1,-21.415559955030588,1.0,1.0,5.004267132185244e-10,9.643705582297552e-10,9.643705572997446e-10
2626,"(1.0, 3.0, 3.0, 4.0, 9.0, 11.0, 14.0)",2073891600.0,2,-21.07113432294412,3.0,5.0,7.061917442101969e-10,1.4465558373446327e-09,2.410926393481864e-09
2627,"(1.0, 3.0, 3.0, 4.0, 9.0, 13.0, 14.0)",2262427199.9999995,3,-21.041959426710164,5.0,9.0,7.270983055407755e-10,2.210015862609856e-09,3.978028547813571e-09
2628,"(1.0, 3.0, 3.0, 4.0, 9.0, 14.0, 14.0)",1131213599.9999998,1,-20.96532579735948,1.0,1.0,7.850091066703502e-10,8.840063450439424e-10,8.840063442624752e-10
2629,"(1.0, 3.0, 3.0, 4.0, 11.0, 12.0, 14.0)",2262427199.9999995,1,-20.812420167935887,1.0,1.0,9.147043954462252e-10,4.420031725219712e-10,4.420031723266044e-10
2630,"(1.0, 3.0, 3.0, 4.0, 11.0, 13.0, 14.0)",2262427199.9999995,2,-20.69753379462369,2.0,2.0,1.0260659693798168e-09,8.840063450439424e-10,8.840063442624752e-10
2631,"(1.0, 3.0, 3.0, 4.0, 11.0, 14.0, 14.0)",1131213599.9999998,4,-20.620900165273007,4.0,4.0,1.1077884845414842e-09,3.5360253801757696e-09,3.536025367672294e-09
2632,"(1.0, 3.0, 3.0, 4.0, 12.0, 12.0, 14.0)",1131213599.9999998,1,-20.89813164501412,1.0,1.0,8.395696766874871e-10,8.840063450439424e-10,8.840063442624752e-10
2633,"(1.0, 3.0, 3.0, 4.0, 12.0, 13.0, 14.0)",2262427199.9999995,1,-20.78324527170193,2.0,4.0,9.417839014012775e-10,8.840063450439424e-10,1.7680126893064175e-09
2634,"(1.0, 3.0, 3.0, 4.0, 12.0, 14.0, 14.0)",1131213599.9999998,2,-20.706611642351245,2.0,2.0,1.0167936487840897e-09,1.7680126900878848e-09,1.768012686962016e-09
2635,"(1.0, 3.0, 3.0, 4.0, 13.0, 14.0, 14.0)",1131213599.9999998,5,-20.591725269039053,5.0,5.0,1.1405841778970862e-09,4.420031725219712e-09,4.420031705683032e-09
2636,"(1.0, 3.0, 3.0, 4.0, 14.0, 14.0, 14.0)",377071200.0,1,-20.515091639688364,1.0,1.0,1.2314276621885465e-09,2.6520190351318266e-09,2.6520190280986217e-09
2637,"(1.0, 3.0, 3.0, 6.0, 6.0, 8.0, 14.0)",1225481400.0,1,-20.433085960363982,1.0,1.0,1.336667901656425e-09,8.16005856963639e-10,8.160058562977734e-10
2638,"(1.0, 3.0, 3.0, 6.0, 6.0, 9.0, 14.0)",1225481400.0,1,-21.07794607949848,1.0,1.0,7.01397684488828e-10,8.16005856963639e-10,8.160058562977734e-10
2639,"(1.0, 3.0, 3.0, 6.0, 6.0, 12.0, 14.0)",1278763200.0,1,-20.819231924490246,1.0,1.0,9.08494824837226e-10,7.820056129234873e-10,7.820056123119546e-10
2640,"(1.0, 3.0, 3.0, 6.0, 6.0, 14.0, 14.0)",639381600.0,4,-20.62771192182737,4.0,4.0,1.10026814152264e-09,6.256044903387899e-09,6.256044864249801e-09
2641,"(1.0, 3.0, 3.0, 6.0, 7.0, 7.0, 14.0)",1332044999.9999998,2,-20.367898260402885,2.0,2.0,1.4267049811960582e-09,1.501450776813096e-09,1.5014507745587416e-09
2642,"(1.0, 3.0, 3.0, 6.0, 7.0, 8.0, 14.0)",2450962800.0,2,-20.229105494340786,2.0,2.0,1.6391213607140966e-09,8.16005856963639e-10,8.160058562977734e-10
2643,"(1.0, 3.0, 3.0, 6.0, 7.0, 9.0, 14.0)",2450962800.0,3,-20.87396561347528,3.0,3.0,8.601058838746314e-10,1.2240087854454583e-09,1.2240087839472607e-09
2644,"(1.0, 3.0, 3.0, 6.0, 7.0, 11.0, 14.0)",2450962800.0,4,-20.52953998138881,6.0,10.0,1.2137634908263621e-09,2.4480175708909167e-09,4.080029278825404e-09
2645,"(1.0, 3.0, 3.0, 6.0, 7.0, 13.0, 14.0)",2557526400.0,1,-20.50036508515485,1.0,1.0,1.2496965374384618e-09,3.9100280646174367e-10,3.910028063088605e-10
2646,"(1.0, 3.0, 3.0, 6.0, 7.0, 14.0, 14.0)",1278763200.0,9,-20.42373145580417,10.0,12.0,1.3492304341624927e-09,7.820056129234874e-09,9.38406729392857e-09
2647,"(1.0, 3.0, 3.0, 6.0, 8.0, 8.0, 14.0)",1036945800.0,3,-20.09031272827869,4.0,6.0,1.8831635625866034e-09,3.857482232919021e-09,5.786223334498361e-09
2648,"(1.0, 3.0, 3.0, 6.0, 8.0, 9.0, 14.0)",2073891600.0,3,-20.735172847413185,3.0,3.0,9.881635974613899e-10,1.4465558373446327e-09,1.446555835252109e-09
2649,"(1.0, 3.0, 3.0, 6.0, 8.0, 12.0, 14.0)",2262427199.9999995,1,-20.476458692404947,2.0,4.0,1.2799322470539336e-09,8.840063450439424e-10,1.7680126893064175e-09
2650,"(1.0, 3.0, 3.0, 6.0, 8.0, 13.0, 14.0)",2262427199.9999995,3,-20.36157231909276,5.0,11.0,1.4357588400711642e-09,2.210015862609856e-09,4.862034892857513e-09
2651,"(1.0, 3.0, 3.0, 6.0, 8.0, 14.0, 14.0)",1131213599.9999998,4,-20.28493868974207,5.0,7.0,1.5501119392653078e-09,4.420031725219712e-09,6.1880443957709165e-09
2652,"(1.0, 3.0, 3.0, 6.0, 9.0, 9.0, 14.0)",1036945800.0,1,-21.38003296654768,1.0,1.0,5.185249517076561e-10,9.643705582297552e-10,9.643705572997446e-10
2653,"(1.0, 3.0, 3.0, 6.0, 9.0, 11.0, 14.0)",2073891600.0,1,-21.035607334461208,1.0,1.0,7.317316010327325e-10,4.821852791148776e-10,4.821852788823749e-10
2654,"(1.0, 3.0, 3.0, 6.0, 9.0, 12.0, 14.0)",2262427199.9999995,1,-21.12131881153945,1.0,1.0,6.716264475818636e-10,4.420031725219712e-10,4.420031723266044e-10
2655,"(1.0, 3.0, 3.0, 6.0, 9.0, 13.0, 14.0)",2262427199.9999995,1,-21.00643243822725,1.0,1.0,7.533942609546842e-10,4.420031725219712e-10,4.420031723266044e-10
2656,"(1.0, 3.0, 3.0, 6.0, 9.0, 14.0, 14.0)",1131213599.9999998,3,-20.92979880887657,3.0,3.0,8.133994416652321e-10,2.652019035131827e-09,2.652019028098622e-09
2657,"(1.0, 3.0, 3.0, 6.0, 11.0, 11.0, 14.0)",1036945800.0,1,-20.69118170237473,2.0,4.0,1.0326043793776847e-09,1.9287411164595104e-09,3.8574822291989786e-09
2658,"(1.0, 3.0, 3.0, 6.0, 11.0, 12.0, 14.0)",2262427199.9999995,3,-20.776893179452976,4.0,6.0,9.47785239970637e-10,1.7680126900878848e-09,2.652019032005958e-09
2659,"(1.0, 3.0, 3.0, 6.0, 11.0, 13.0, 14.0)",2262427199.9999995,1,-20.66200680614078,1.0,1.0,1.063174273410962e-09,4.420031725219712e-10,4.420031723266044e-10
2660,"(1.0, 3.0, 3.0, 6.0, 11.0, 14.0, 14.0)",1131213599.9999998,7,-20.585373176790096,8.0,10.0,1.147852333371218e-09,7.072050760351539e-09,8.840063400425522e-09
2661,"(1.0, 3.0, 3.0, 6.0, 12.0, 14.0, 14.0)",1131213599.9999998,5,-20.67108465386833,5.0,5.0,1.0535666136635578e-09,4.420031725219712e-09,4.420031705683032e-09
2662,"(1.0, 3.0, 3.0, 6.0, 13.0, 13.0, 14.0)",1131213599.9999998,1,-20.632831909906827,1.0,1.0,1.0946491785403312e-09,8.840063450439424e-10,8.840063442624752e-10
2663,"(1.0, 3.0, 3.0, 6.0, 13.0, 14.0, 14.0)",1131213599.9999998,3,-20.55619828055614,3.0,3.0,1.1818341030574598e-09,2.652019035131827e-09,2.652019028098622e-09
2664,"(1.0, 3.0, 3.0, 6.0, 14.0, 14.0, 14.0)",377071200.0,6,-20.479564651205457,8.0,12.0,1.2759629975807442e-09,2.1216152281054613e-08,3.18242279714568e-08
2665,"(1.0, 3.0, 3.0, 7.0, 7.0, 7.0, 14.0)",444015000.0,1,-20.16391779437969,1.0,1.0,1.7495315083258112e-09,2.2521761652196435e-09,2.252176160147346e-09
2666,"(1.0, 3.0, 3.0, 7.0, 7.0, 8.0, 14.0)",1225481400.0,3,-20.02512502831759,4.0,6.0,2.0100122340184848e-09,3.264023427854556e-09,4.8960351311279844e-09
2667,"(1.0, 3.0, 3.0, 7.0, 7.0, 12.0, 14.0)",1278763200.0,2,-20.411270992443853,2.0,2.0,1.3661476498406101e-09,1.5640112258469747e-09,1.5640112234008436e-09
2668,"(1.0, 3.0, 3.0, 7.0, 7.0, 13.0, 14.0)",1278763200.0,1,-20.296384619131658,1.0,1.0,1.5324706207034644e-09,7.820056129234873e-10,7.820056123119546e-10
2669,"(1.0, 3.0, 3.0, 7.0, 7.0, 14.0, 14.0)",639381600.0,3,-20.219750989780973,3.0,3.0,1.6545264702030303e-09,4.692033677540924e-09,4.692033655525743e-09
2670,"(1.0, 3.0, 3.0, 7.0, 8.0, 8.0, 14.0)",1036945800.0,2,-19.88633226225549,2.0,2.0,2.309274889693266e-09,1.9287411164595104e-09,1.9287411127394682e-09
2671,"(1.0, 3.0, 3.0, 7.0, 8.0, 9.0, 14.0)",2073891600.0,2,-20.531192381389985,2.0,2.0,1.2117595241659257e-09,9.643705582297552e-10,9.643705572997446e-10
2672,"(1.0, 3.0, 3.0, 7.0, 8.0, 11.0, 14.0)",2073891600.0,6,-20.18676674930352,6.0,6.0,1.7100097763173793e-09,2.8931116746892653e-09,2.8931116663191703e-09
2673,"(1.0, 3.0, 3.0, 7.0, 8.0, 12.0, 14.0)",2262427199.9999995,2,-20.27247822638175,3.0,5.0,1.5695478912997437e-09,1.3260095175659135e-09,2.2100158608515547e-09
2674,"(1.0, 3.0, 3.0, 7.0, 8.0, 13.0, 14.0)",2262427199.9999995,1,-20.15759185306956,1.0,1.0,1.7606340218676527e-09,4.420031725219712e-10,4.420031723266044e-10
2675,"(1.0, 3.0, 3.0, 7.0, 8.0, 14.0, 14.0)",1131213599.9999998,8,-20.08095822371888,8.0,8.0,1.900862277009169e-09,7.072050760351539e-09,7.072050710337638e-09
2676,"(1.0, 3.0, 3.0, 7.0, 9.0, 9.0, 14.0)",1036945800.0,1,-21.17605250052448,2.0,4.0,6.358537699259653e-10,1.9287411164595104e-09,3.8574822291989786e-09
2677,"(1.0, 3.0, 3.0, 7.0, 9.0, 11.0, 14.0)",2073891600.0,1,-20.83162686843801,1.0,1.0,8.973035830934229e-10,4.821852791148776e-10,4.821852788823749e-10
2678,"(1.0, 3.0, 3.0, 7.0, 9.0, 12.0, 14.0)",2262427199.9999995,1,-20.91733834551625,1.0,1.0,8.235981841770377e-10,4.420031725219712e-10,4.420031723266044e-10
2679,"(1.0, 3.0, 3.0, 7.0, 9.0, 13.0, 14.0)",2262427199.9999995,3,-20.802451972204054,4.0,6.0,9.238679440419831e-10,1.7680126900878848e-09,2.652019032005958e-09
2680,"(1.0, 3.0, 3.0, 7.0, 9.0, 14.0, 14.0)",1131213599.9999998,4,-20.72581834285337,4.0,4.0,9.974507489662944e-10,3.5360253801757696e-09,3.536025367672294e-09
2681,"(1.0, 3.0, 3.0, 7.0, 11.0, 11.0, 14.0)",1036945800.0,2,-20.48720123635154,4.0,10.0,1.2662561084226046e-09,3.857482232919021e-09,9.643705567417383e-09
2682,"(1.0, 3.0, 3.0, 7.0, 11.0, 12.0, 14.0)",2262427199.9999995,1,-20.57291271342978,1.0,1.0,1.1622445861685133e-09,4.420031725219712e-10,4.420031723266044e-10
2683,"(1.0, 3.0, 3.0, 7.0, 11.0, 14.0, 14.0)",1131213599.9999998,6,-20.3813927107669,7.0,9.0,1.407581700916681e-09,6.188044415307597e-09,7.956057067103588e-09
2684,"(1.0, 3.0, 3.0, 7.0, 12.0, 12.0, 14.0)",1131213599.9999998,1,-20.65862419050801,1.0,1.0,1.066776672659654e-09,8.840063450439424e-10,8.840063442624752e-10
2685,"(1.0, 3.0, 3.0, 7.0, 12.0, 14.0, 14.0)",1131213599.9999998,1,-20.467104187845138,1.0,1.0,1.2919615554851809e-09,8.840063450439424e-10,8.840063442624752e-10
2686,"(1.0, 3.0, 3.0, 7.0, 13.0, 13.0, 14.0)",1131213599.9999998,1,-20.42885144388363,1.0,1.0,1.342340044830964e-09,8.840063450439424e-10,8.840063442624752e-10
2687,"(1.0, 3.0, 3.0, 7.0, 13.0, 14.0, 14.0)",1131213599.9999998,6,-20.352217814532946,6.0,6.0,1.4492526683264271e-09,5.304038070263654e-09,5.304038042130834e-09
2688,"(1.0, 3.0, 3.0, 7.0, 14.0, 14.0, 14.0)",377071200.0,1,-20.27558418518226,1.0,1.0,1.5646805030805415e-09,2.6520190351318266e-09,2.6520190280986217e-09
2689,"(1.0, 3.0, 3.0, 8.0, 8.0, 11.0, 14.0)",806513399.9999999,1,-20.047973983241416,1.0,1.0,1.9646062699255294e-09,1.2399050034382568e-09,1.2399050019008925e-09
2690,"(1.0, 3.0, 3.0, 8.0, 8.0, 14.0, 14.0)",460864800.0,1,-19.94216545765677,1.0,1.0,2.1838740335856664e-09,2.169833756016949e-09,2.1698337513087706e-09
2691,"(1.0, 3.0, 3.0, 8.0, 9.0, 11.0, 14.0)",1613026799.9999998,1,-20.69283410237591,1.0,1.0,1.0308995128486267e-09,6.199525017191284e-10,6.199525013347873e-10
2692,"(1.0, 3.0, 3.0, 8.0, 9.0, 13.0, 14.0)",1843459200.0,2,-20.66365920614196,3.0,5.0,1.0614189349004029e-09,1.6273753170127117e-09,2.712292192372836e-09
2693,"(1.0, 3.0, 3.0, 8.0, 9.0, 14.0, 14.0)",921729600.0,7,-20.58702557679127,8.0,10.0,1.1459571883742188e-09,8.679335024067796e-09,1.0849168704753887e-08
2694,"(1.0, 3.0, 3.0, 8.0, 11.0, 11.0, 14.0)",806513399.9999999,1,-20.34840847028944,2.0,4.0,1.454783899128324e-09,2.4798100068765137e-09,4.95962000760357e-09
2695,"(1.0, 3.0, 3.0, 8.0, 11.0, 12.0, 14.0)",1843459200.0,2,-20.43411994736768,2.0,2.0,1.3352865187069337e-09,1.0849168780084746e-09,1.0849168768314298e-09
2696,"(1.0, 3.0, 3.0, 8.0, 11.0, 13.0, 14.0)",1843459200.0,2,-20.319233574055488,3.0,5.0,1.4978522712230396e-09,1.6273753170127117e-09,2.712292192372836e-09
2697,"(1.0, 3.0, 3.0, 8.0, 11.0, 14.0, 14.0)",921729600.0,7,-20.2425999447048,7.0,7.0,1.6171508919724988e-09,7.594418146059322e-09,7.594418088384135e-09
2698,"(1.0, 3.0, 3.0, 8.0, 12.0, 13.0, 14.0)",1927252800.0,1,-20.404945051133723,1.0,1.0,1.3748172123551106e-09,5.188732894823139e-10,5.188732892130844e-10
2699,"(1.0, 3.0, 3.0, 8.0, 12.0, 14.0, 14.0)",963626400.0,3,-20.328311421783035,4.0,6.0,1.4843165270523195e-09,4.1509863158585115e-09,6.226479456557079e-09
2700,"(1.0, 3.0, 3.0, 8.0, 13.0, 13.0, 14.0)",963626400.0,1,-20.29005867782153,1.0,1.0,1.5421956675162058e-09,1.0377465789646279e-09,1.0377465778877099e-09
2701,"(1.0, 3.0, 3.0, 8.0, 13.0, 14.0, 14.0)",963626400.0,1,-20.21342504847085,1.0,1.0,1.6650260825011434e-09,1.0377465789646279e-09,1.0377465778877099e-09
2702,"(1.0, 3.0, 3.0, 8.0, 14.0, 14.0, 14.0)",321208799.99999994,4,-20.13679141912016,5.0,7.0,1.7976395043789033e-09,1.556619868446942e-08,2.1792677915950643e-08
2703,"(1.0, 3.0, 3.0, 9.0, 9.0, 12.0, 14.0)",921729600.0,1,-21.42340569858864,2.0,4.0,4.965158554120108e-10,2.169833756016949e-09,4.339667507325719e-09
2704,"(1.0, 3.0, 3.0, 9.0, 11.0, 13.0, 14.0)",1843459200.0,4,-20.96409369318998,4.0,4.0,7.859769157621482e-10,2.169833756016949e-09,2.1698337513087706e-09
2705,"(1.0, 3.0, 3.0, 9.0, 11.0, 14.0, 14.0)",921729600.0,6,-20.887460063839296,7.0,9.0,8.485771893624086e-10,7.594418146059322e-09,9.764251844401085e-09
2706,"(1.0, 3.0, 3.0, 9.0, 12.0, 13.0, 14.0)",1927252800.0,1,-21.04980517026821,2.0,4.0,7.214159988029177e-10,1.0377465789646279e-09,2.0754931568523377e-09
2707,"(1.0, 3.0, 3.0, 9.0, 13.0, 13.0, 14.0)",963626400.0,1,-20.934918796956023,1.0,1.0,8.092454893875452e-10,1.0377465789646279e-09,1.0377465778877099e-09
2708,"(1.0, 3.0, 3.0, 9.0, 13.0, 14.0, 14.0)",963626400.0,5,-20.85828516760533,5.0,5.0,8.736990223469944e-10,5.188732894823139e-09,5.18873286790019e-09
2709,"(1.0, 3.0, 3.0, 9.0, 14.0, 14.0, 14.0)",321208799.99999994,3,-20.781651538254653,4.0,6.0,9.432860505998037e-10,1.2452958947575535e-08,1.867943826628712e-08
2710,"(1.0, 3.0, 3.0, 11.0, 11.0, 14.0, 14.0)",460864800.0,1,-20.543034431752822,1.0,1.0,1.1974944374944791e-09,2.169833756016949e-09,2.1698337513087706e-09
2711,"(1.0, 3.0, 3.0, 11.0, 12.0, 13.0, 14.0)",1927252800.0,1,-20.70537953818175,1.0,1.0,1.0180472165827447e-09,5.188732894823139e-10,5.188732892130844e-10
2712,"(1.0, 3.0, 3.0, 11.0, 12.0, 14.0, 14.0)",963626400.0,3,-20.628745908831064,4.0,6.0,1.0991310665254178e-09,4.1509863158585115e-09,6.226479456557079e-09
2713,"(1.0, 3.0, 3.0, 11.0, 13.0, 14.0, 14.0)",963626400.0,2,-20.51385953551887,2.0,2.0,1.2329458444328382e-09,2.0754931579292558e-09,2.075493153621584e-09
2714,"(1.0, 3.0, 3.0, 11.0, 14.0, 14.0, 14.0)",321208799.99999994,1,-20.437225906168187,1.0,1.0,1.3311456078711235e-09,3.113239736893884e-09,3.113239727201622e-09
2715,"(1.0, 3.0, 3.0, 12.0, 12.0, 13.0, 14.0)",921729600.0,1,-20.791091015259983,1.0,1.0,9.34423816846324e-10,1.0849168780084746e-09,1.0849168768314298e-09
2716,"(1.0, 3.0, 3.0, 12.0, 12.0, 14.0, 14.0)",460864800.0,1,-20.7144573859093,1.0,1.0,1.008847359599431e-09,2.169833756016949e-09,2.1698337513087706e-09
2717,"(1.0, 3.0, 3.0, 12.0, 13.0, 13.0, 14.0)",921729600.0,1,-20.67620464194779,1.0,1.0,1.048186150867113e-09,1.0849168780084746e-09,1.0849168768314298e-09
2718,"(1.0, 3.0, 3.0, 13.0, 13.0, 14.0, 14.0)",460864800.0,3,-20.484684639284914,3.0,3.0,1.2694467779615159e-09,6.509501268050847e-09,6.50950122567724e-09
2719,"(1.0, 3.0, 3.0, 14.0, 14.0, 14.0, 14.0)",76810799.99999999,1,-20.331417380583545,1.0,1.0,1.4797134532516477e-09,1.3019002536101697e-08,1.301900236660727e-08
2720,"(1.0, 3.0, 4.0, 4.0, 4.0, 11.0, 14.0)",928395000.0,1,-21.04137583021272,2.0,4.0,7.275227614086199e-10,2.154255462384007e-09,4.308510920127197e-09
2721,"(1.0, 3.0, 4.0, 4.0, 4.0, 14.0, 14.0)",484380000.0,1,-20.93556730462808,1.0,1.0,8.087208576113523e-10,2.0644948181180067e-09,2.064494813855868e-09
2722,"(1.0, 3.0, 4.0, 4.0, 6.0, 6.0, 14.0)",1453139999.9999995,1,-21.04818758676708,1.0,1.0,7.225838937491731e-10,6.88164939372669e-10,6.88164938899098e-10
2723,"(1.0, 3.0, 4.0, 4.0, 6.0, 7.0, 14.0)",2906279999.999999,1,-20.84420712074388,2.0,4.0,8.860859856696671e-10,6.88164939372669e-10,1.376329878271767e-09
2724,"(1.0, 3.0, 4.0, 4.0, 6.0, 8.0, 14.0)",2785184999.9999995,2,-20.705414354681785,3.0,5.0,1.0180117723588165e-09,1.0771277311920037e-09,1.7952128841598018e-09
2725,"(1.0, 3.0, 4.0, 4.0, 6.0, 9.0, 14.0)",2785184999.9999995,1,-21.35027447381628,1.0,1.0,5.341873617448305e-10,3.590425770640012e-10,3.5904257693508965e-10
2726,"(1.0, 3.0, 4.0, 4.0, 6.0, 11.0, 14.0)",2785184999.9999995,1,-21.005848841729808,1.0,1.0,7.538340675288759e-10,3.590425770640012e-10,3.5904257693508965e-10
2727,"(1.0, 3.0, 4.0, 4.0, 6.0, 12.0, 14.0)",2906279999.9999995,1,-21.09156031880804,1.0,1.0,6.919133957397077e-10,3.4408246968633446e-10,3.440824695679417e-10
2728,"(1.0, 3.0, 4.0, 4.0, 6.0, 13.0, 14.0)",2906279999.9999995,1,-20.97667394549585,2.0,4.0,7.761510632953728e-10,6.881649393726689e-10,1.3763298782717668e-09
2729,"(1.0, 3.0, 4.0, 4.0, 6.0, 14.0, 14.0)",1453139999.9999998,7,-20.90004031614517,8.0,10.0,8.379687425974511e-10,5.505319514981351e-09,6.881649363418147e-09
2730,"(1.0, 3.0, 4.0, 4.0, 7.0, 9.0, 14.0)",2785184999.9999995,2,-21.14629400779308,2.0,2.0,6.550601792520079e-10,7.180851541280024e-10,7.180851536123561e-10
2731,"(1.0, 3.0, 4.0, 4.0, 7.0, 12.0, 14.0)",2906279999.9999995,2,-20.88757985278485,2.0,2.0,8.484755452837138e-10,6.881649393726689e-10,6.881649388990979e-10
2732,"(1.0, 3.0, 4.0, 4.0, 7.0, 13.0, 14.0)",2906279999.9999995,1,-20.772693479472657,1.0,1.0,9.51774023608899e-10,3.4408246968633446e-10,3.440824695679417e-10
2733,"(1.0, 3.0, 4.0, 4.0, 7.0, 14.0, 14.0)",1453139999.9999998,3,-20.69605985012197,4.0,6.0,1.027579448792113e-09,2.7526597574906757e-09,4.128989628658878e-09
2734,"(1.0, 3.0, 4.0, 4.0, 8.0, 8.0, 14.0)",1225481400.0000002,1,-20.36264112259649,1.0,1.0,1.4342251157633483e-09,8.160058569636388e-10,8.160058562977732e-10
2735,"(1.0, 3.0, 4.0, 4.0, 8.0, 9.0, 14.0)",2450962800.0000005,1,-21.00750124173098,1.0,1.0,7.52589460692168e-10,4.080029284818194e-10,4.08002928315353e-10
2736,"(1.0, 3.0, 4.0, 4.0, 8.0, 11.0, 14.0)",2450962800.0000005,2,-20.663075609644512,3.0,5.0,1.0620385560599201e-09,1.2240087854454581e-09,2.0400146409108994e-09
2737,"(1.0, 3.0, 4.0, 4.0, 8.0, 13.0, 14.0)",2673777600.0,1,-20.633900713410554,1.0,1.0,1.0934798386715446e-09,3.7400268444166784e-10,3.7400268430178984e-10
2738,"(1.0, 3.0, 4.0, 4.0, 8.0, 14.0, 14.0)",1336888800.0,4,-20.55726708405987,4.0,4.0,1.18057162941559e-09,2.9920214755333427e-09,2.9920214665811503e-09
2739,"(1.0, 3.0, 4.0, 4.0, 9.0, 11.0, 14.0)",2450962800.0000005,1,-21.307935728779007,2.0,4.0,5.572897973649104e-10,8.160058569636388e-10,1.632011713261412e-09
2740,"(1.0, 3.0, 4.0, 4.0, 9.0, 12.0, 14.0)",2673777600.0,1,-21.39364720585724,1.0,1.0,5.115134652508635e-10,3.7400268444166784e-10,3.7400268430178984e-10
2741,"(1.0, 3.0, 4.0, 4.0, 9.0, 13.0, 14.0)",2673777600.0,1,-21.278760832545053,1.0,1.0,5.737881682720154e-10,3.7400268444166784e-10,3.7400268430178984e-10
2742,"(1.0, 3.0, 4.0, 4.0, 9.0, 14.0, 14.0)",1336888800.0,2,-21.202127203194365,2.0,2.0,6.194883607358002e-10,1.4960107377666714e-09,1.4960107355286232e-09
2743,"(1.0, 3.0, 4.0, 4.0, 11.0, 11.0, 14.0)",1225481400.0000002,3,-20.96351009669253,3.0,3.0,7.864357430092278e-10,2.4480175708909162e-09,2.4480175648981263e-09
2744,"(1.0, 3.0, 4.0, 4.0, 11.0, 12.0, 14.0)",2673777600.0,1,-21.04922157377077,2.0,4.0,7.218371375286077e-10,7.480053688833357e-10,1.4960107372071594e-09
2745,"(1.0, 3.0, 4.0, 4.0, 11.0, 14.0, 14.0)",1336888800.0,3,-20.857701571107896,4.0,6.0,8.74209058849531e-10,2.9920214755333427e-09,4.4880322043478215e-09
2746,"(1.0, 3.0, 4.0, 6.0, 6.0, 7.0, 14.0)",2906279999.999999,1,-20.80868013226097,1.0,1.0,9.181318278817829e-10,3.440824696863345e-10,3.4408246956794176e-10
2747,"(1.0, 3.0, 4.0, 6.0, 6.0, 8.0, 14.0)",2785184999.9999995,3,-20.66988736619887,4.0,6.0,1.054828791423208e-09,1.4361703082560048e-09,2.154255460321422e-09
2748,"(1.0, 3.0, 4.0, 6.0, 6.0, 11.0, 14.0)",2785184999.9999995,1,-20.970321853246897,1.0,1.0,7.810969381450845e-10,3.590425770640012e-10,3.5904257693508965e-10
2749,"(1.0, 3.0, 4.0, 6.0, 6.0, 12.0, 14.0)",2906279999.9999995,1,-21.05603333032513,1.0,1.0,7.169368673473378e-10,3.4408246968633446e-10,3.440824695679417e-10
2750,"(1.0, 3.0, 4.0, 6.0, 6.0, 13.0, 14.0)",2906279999.9999995,1,-20.94114695701294,1.0,1.0,8.042210417279194e-10,3.4408246968633446e-10,3.440824695679417e-10
2751,"(1.0, 3.0, 4.0, 6.0, 6.0, 14.0, 14.0)",1453139999.9999998,1,-20.86451332766225,2.0,4.0,8.682743952522254e-10,1.3763298787453378e-09,2.7526597555963916e-09
2752,"(1.0, 3.0, 4.0, 6.0, 7.0, 7.0, 12.0)",2906279999.999999,1,-20.79621966890065,1.0,1.0,9.29643748870184e-10,3.440824696863345e-10,3.4408246956794176e-10
2753,"(1.0, 3.0, 4.0, 6.0, 7.0, 7.0, 14.0)",2906279999.999999,1,-20.60469966623777,1.0,1.0,1.1258813720053993e-09,3.440824696863345e-10,3.4408246956794176e-10
2754,"(1.0, 3.0, 4.0, 6.0, 7.0, 8.0, 14.0)",5570369999.999999,3,-20.465906900175675,3.0,3.0,1.2935093315066616e-09,5.385638655960018e-10,5.385638653059507e-10
2755,"(1.0, 3.0, 4.0, 6.0, 7.0, 9.0, 14.0)",5570369999.999999,4,-21.110767019310167,4.0,4.0,6.787508317205574e-10,7.180851541280024e-10,7.180851536123561e-10
2756,"(1.0, 3.0, 4.0, 6.0, 7.0, 11.0, 14.0)",5570369999.999999,5,-20.766341387223697,9.0,19.0,9.578390223296314e-10,1.6156915967880053e-09,3.4109044794975523e-09
2757,"(1.0, 3.0, 4.0, 6.0, 7.0, 12.0, 14.0)",5812559999.999999,1,-20.85205286430193,1.0,1.0,8.79161182890836e-10,1.7204123484316723e-10,1.7204123481356905e-10
2758,"(1.0, 3.0, 4.0, 6.0, 7.0, 13.0, 14.0)",5812559999.999999,3,-20.737166490989743,3.0,3.0,9.861955139331293e-10,5.161237045295017e-10,5.16123704263118e-10
2759,"(1.0, 3.0, 4.0, 6.0, 7.0, 14.0, 14.0)",2906279999.9999995,10,-20.66053286163906,10.0,10.0,1.0647424887328901e-09,3.4408246968633447e-09,3.4408246850240703e-09
2760,"(1.0, 3.0, 4.0, 6.0, 8.0, 8.0, 14.0)",2450962800.0000005,1,-20.32711413411357,1.0,1.0,1.4860947452346682e-09,4.080029284818194e-10,4.08002928315353e-10
2761,"(1.0, 3.0, 4.0, 6.0, 8.0, 9.0, 14.0)",4901925600.000001,1,-20.97197425324807,1.0,1.0,7.798073193400685e-10,2.040014642409097e-10,2.040014641992931e-10
2762,"(1.0, 3.0, 4.0, 6.0, 8.0, 11.0, 14.0)",4901925600.000001,4,-20.6275486211616,5.0,7.0,1.1004478307139573e-09,1.0200073212045484e-09,1.4280102486459529e-09
2763,"(1.0, 3.0, 4.0, 6.0, 8.0, 12.0, 14.0)",5347555200.0,3,-20.71326009823984,3.0,3.0,1.0100559634823317e-09,5.610040266625018e-10,5.610040263477763e-10
2764,"(1.0, 3.0, 4.0, 6.0, 8.0, 13.0, 14.0)",5347555200.0,2,-20.598373724927644,2.0,2.0,1.133026206562371e-09,3.7400268444166784e-10,3.7400268430178984e-10
2765,"(1.0, 3.0, 4.0, 6.0, 8.0, 14.0, 14.0)",2673777600.0,8,-20.52174009557696,8.0,8.0,1.2232677252439878e-09,2.9920214755333427e-09,2.9920214665811503e-09
2766,"(1.0, 3.0, 4.0, 6.0, 9.0, 11.0, 14.0)",4901925600.000001,3,-21.272408740296093,3.0,3.0,5.774445241088197e-10,6.120043927227291e-10,6.120043923481797e-10
2767,"(1.0, 3.0, 4.0, 6.0, 9.0, 12.0, 14.0)",5347555200.0,1,-21.35812021737433,1.0,1.0,5.300126629155368e-10,1.8700134222083392e-10,1.8700134218586442e-10
2768,"(1.0, 3.0, 4.0, 6.0, 9.0, 13.0, 14.0)",5347555200.0,4,-21.24323384406214,6.0,10.0,5.945395687015452e-10,1.1220080533250036e-09,1.8700134209494373e-09
2769,"(1.0, 3.0, 4.0, 6.0, 9.0, 14.0, 14.0)",2673777600.0,3,-21.16660021471145,3.0,3.0,6.41892536607491e-10,1.1220080533250036e-09,1.1220080520661015e-09
2770,"(1.0, 3.0, 4.0, 6.0, 11.0, 11.0, 14.0)",2450962800.0000005,2,-20.927983108209627,3.0,5.0,8.148776731808127e-10,1.2240087854454581e-09,2.0400146409108994e-09
2771,"(1.0, 3.0, 4.0, 6.0, 11.0, 12.0, 14.0)",5347555200.0,1,-21.013694585287865,1.0,1.0,7.47942819579995e-10,1.8700134222083392e-10,1.8700134218586442e-10
2772,"(1.0, 3.0, 4.0, 6.0, 11.0, 13.0, 14.0)",5347555200.0,1,-20.89880821197567,2.0,4.0,8.390018436925048e-10,3.7400268444166784e-10,7.480053687434577e-10
2773,"(1.0, 3.0, 4.0, 6.0, 11.0, 14.0, 14.0)",2673777600.0,8,-20.822174582624985,13.0,29.0,9.058253647310894e-10,4.862034897741682e-09,1.0846077825168985e-08
2774,"(1.0, 3.0, 4.0, 6.0, 12.0, 13.0, 14.0)",5347555200.0,1,-20.984519689053904,1.0,1.0,7.700854069969681e-10,1.8700134222083392e-10,1.8700134218586442e-10
2775,"(1.0, 3.0, 4.0, 6.0, 12.0, 14.0, 14.0)",2673777600.0,9,-20.907886059703223,11.0,17.0,8.314199782888357e-10,4.114029528858346e-09,6.358045618583115e-09
2776,"(1.0, 3.0, 4.0, 6.0, 13.0, 13.0, 14.0)",2673777600.0,1,-20.86963331574172,1.0,1.0,8.638402018939891e-10,3.7400268444166784e-10,3.7400268430178984e-10
2777,"(1.0, 3.0, 4.0, 6.0, 13.0, 14.0, 14.0)",2673777600.0,5,-20.792999686391028,7.0,11.0,9.326420100654617e-10,2.618018791091675e-09,4.114029522004324e-09
2778,"(1.0, 3.0, 4.0, 6.0, 14.0, 14.0, 14.0)",891259200.0,3,-20.716366057040343,3.0,3.0,1.0069236382282699e-09,3.3660241599750107e-09,3.366024148644892e-09
2779,"(1.0, 3.0, 4.0, 7.0, 7.0, 8.0, 14.0)",2785184999.9999995,1,-20.26192643415248,1.0,1.0,1.5861971196646256e-09,3.590425770640012e-10,3.5904257693508965e-10
2780,"(1.0, 3.0, 4.0, 7.0, 7.0, 9.0, 14.0)",2785184999.9999995,1,-20.90678655328697,1.0,1.0,8.323346326315795e-10,3.590425770640012e-10,3.5904257693508965e-10
2781,"(1.0, 3.0, 4.0, 7.0, 7.0, 11.0, 14.0)",2785184999.9999995,3,-20.5623609212005,3.0,3.0,1.1745732800798258e-09,1.0771277311920037e-09,1.0771277300317995e-09
2782,"(1.0, 3.0, 4.0, 7.0, 7.0, 13.0, 14.0)",2906279999.9999995,3,-20.533186024966547,5.0,9.0,1.2093461141133241e-09,1.7204123484316724e-09,3.096742224217192e-09
2783,"(1.0, 3.0, 4.0, 7.0, 7.0, 14.0, 14.0)",1453139999.9999998,4,-20.456552395615866,4.0,4.0,1.3056662427363026e-09,2.7526597574906757e-09,2.75265974991354e-09
2784,"(1.0, 3.0, 4.0, 7.0, 8.0, 8.0, 14.0)",2450962800.0000005,3,-20.12313366809037,3.0,3.0,1.8223596436635643e-09,1.2240087854454581e-09,1.2240087839472605e-09
2785,"(1.0, 3.0, 4.0, 7.0, 8.0, 11.0, 14.0)",4901925600.000001,2,-20.423568155138405,3.0,5.0,1.3494507823816774e-09,6.120043927227291e-10,1.020007320829999e-09
2786,"(1.0, 3.0, 4.0, 7.0, 8.0, 13.0, 14.0)",5347555200.0,6,-20.394393258904447,7.0,9.0,1.389400804136769e-09,1.3090093955458376e-09,1.6830120782739997e-09
2787,"(1.0, 3.0, 4.0, 7.0, 8.0, 14.0, 14.0)",2673777600.0,6,-20.317759629553763,7.0,9.0,1.500061650193607e-09,2.618018791091675e-09,3.3660241531209884e-09
2788,"(1.0, 3.0, 4.0, 7.0, 9.0, 9.0, 14.0)",2450962800.0000005,1,-21.412853906359366,2.0,4.0,5.017827261518986e-10,8.160058569636388e-10,1.632011713261412e-09
2789,"(1.0, 3.0, 4.0, 7.0, 9.0, 11.0, 14.0)",4901925600.000001,5,-21.068428274272897,5.0,5.0,7.081053213900245e-10,1.0200073212045484e-09,1.0200073201641334e-09
2790,"(1.0, 3.0, 4.0, 7.0, 9.0, 12.0, 14.0)",5347555200.0,3,-21.15413975135113,3.0,3.0,6.499408537881707e-10,5.610040266625018e-10,5.610040263477763e-10
2791,"(1.0, 3.0, 4.0, 7.0, 9.0, 13.0, 14.0)",5347555200.0,3,-21.039253378038943,4.0,6.0,7.290685335084364e-10,7.480053688833357e-10,1.1220080527654916e-09
2792,"(1.0, 3.0, 4.0, 7.0, 9.0, 14.0, 14.0)",2673777600.0,3,-20.96261974868825,3.0,3.0,7.87136256307543e-10,1.1220080533250036e-09,1.1220080520661015e-09
2793,"(1.0, 3.0, 4.0, 7.0, 11.0, 12.0, 14.0)",5347555200.0,1,-20.80971411926467,1.0,1.0,9.171829821356932e-10,1.8700134222083392e-10,1.8700134218586442e-10
2794,"(1.0, 3.0, 4.0, 7.0, 11.0, 13.0, 14.0)",5347555200.0,2,-20.69482774595248,3.0,5.0,1.0288463140101424e-09,5.610040266625018e-10,9.35006710789444e-10
2795,"(1.0, 3.0, 4.0, 7.0, 11.0, 14.0, 14.0)",2673777600.0,7,-20.61819411660179,8.0,10.0,1.1107902737601652e-09,2.9920214755333427e-09,3.7400268354644855e-09
2796,"(1.0, 3.0, 4.0, 7.0, 12.0, 12.0, 14.0)",2673777600.0,2,-20.895425596342903,3.0,5.0,8.418446698283078e-10,1.1220080533250036e-09,1.8700134209494373e-09
2797,"(1.0, 3.0, 4.0, 7.0, 12.0, 13.0, 14.0)",5347555200.0,4,-20.780539223030708,4.0,4.0,9.443358657888902e-10,7.480053688833357e-10,7.480053683238237e-10
2798,"(1.0, 3.0, 4.0, 7.0, 12.0, 14.0, 14.0)",2673777600.0,5,-20.703905593680027,10.0,26.0,1.0195488680837437e-09,3.740026844416678e-09,9.724069781495563e-09
2799,"(1.0, 3.0, 4.0, 7.0, 13.0, 14.0, 14.0)",2673777600.0,6,-20.58901922036783,7.0,9.0,1.1436748340430844e-09,2.618018791091675e-09,3.3660241531209884e-09
2800,"(1.0, 3.0, 4.0, 7.0, 14.0, 14.0, 14.0)",891259200.0,3,-20.512385591017143,3.0,3.0,1.2347644781344876e-09,3.3660241599750107e-09,3.366024148644892e-09
2801,"(1.0, 3.0, 4.0, 8.0, 8.0, 8.0, 14.0)",659874599.9999998,3,-19.98434090202828,3.0,3.0,2.093683458179342e-09,4.546318345940276e-09,4.5463183252712656e-09
2802,"(1.0, 3.0, 4.0, 8.0, 8.0, 9.0, 14.0)",1979623799.9999995,1,-20.62920102116277,1.0,1.0,1.0986309522356023e-09,5.051464828822528e-10,5.051464826270798e-10
2803,"(1.0, 3.0, 4.0, 8.0, 8.0, 11.0, 14.0)",1979623799.9999995,2,-20.2847753890763,2.0,2.0,1.5503650942466313e-09,1.0102929657645057e-09,1.0102929647438138e-09
2804,"(1.0, 3.0, 4.0, 8.0, 8.0, 12.0, 14.0)",2262427199.9999995,4,-20.37048686615454,5.0,7.0,1.423016580443149e-09,2.210015862609856e-09,3.094022202769628e-09
2805,"(1.0, 3.0, 4.0, 8.0, 8.0, 14.0, 14.0)",1131213599.9999998,4,-20.178966863491663,5.0,7.0,1.7233998097904529e-09,4.420031725219712e-09,6.1880443957709165e-09
2806,"(1.0, 3.0, 4.0, 8.0, 9.0, 9.0, 14.0)",1979623799.9999995,2,-21.27406114029727,4.0,8.0,5.764911426771701e-10,2.0205859315290113e-09,4.041171858975255e-09
2807,"(1.0, 3.0, 4.0, 8.0, 9.0, 11.0, 14.0)",3959247599.999999,2,-20.9296355082108,2.0,2.0,8.135322811816873e-10,5.051464828822528e-10,5.051464826270798e-10
2808,"(1.0, 3.0, 4.0, 8.0, 9.0, 12.0, 14.0)",4524854399.999999,1,-21.015346985289035,1.0,1.0,7.467079394030279e-10,2.210015862609856e-10,2.210015862121439e-10
2809,"(1.0, 3.0, 4.0, 8.0, 9.0, 13.0, 14.0)",4524854399.999999,4,-20.900460611976843,4.0,4.0,8.376166218304931e-10,8.840063450439424e-10,8.840063442624752e-10
2810,"(1.0, 3.0, 4.0, 8.0, 11.0, 12.0, 14.0)",4524854399.999999,1,-20.67092135320257,1.0,1.0,1.0537386758415447e-09,2.210015862609856e-10,2.210015862121439e-10
2811,"(1.0, 3.0, 4.0, 8.0, 11.0, 13.0, 14.0)",4524854399.999999,3,-20.556034979890377,3.0,3.0,1.1820271131122148e-09,6.630047587829568e-10,6.630047583433814e-10
2812,"(1.0, 3.0, 4.0, 8.0, 11.0, 14.0, 14.0)",2262427199.9999995,8,-20.47940135053969,9.0,11.0,1.2761713802017923e-09,3.9780285526977405e-09,4.862034881916972e-09
2813,"(1.0, 3.0, 4.0, 8.0, 12.0, 12.0, 14.0)",2365264799.9999995,3,-20.7566328302808,3.0,3.0,9.67183544534962e-10,1.2683569298456565e-09,1.2683569282369271e-09
2814,"(1.0, 3.0, 4.0, 8.0, 12.0, 13.0, 14.0)",4730529599.999999,4,-20.64174645696861,6.0,12.0,1.0849342433818098e-09,1.2683569298456565e-09,2.5367138580825836e-09
2815,"(1.0, 3.0, 4.0, 8.0, 12.0, 14.0, 14.0)",2365264799.9999995,1,-20.565112827617924,1.0,1.0,1.1713454077709545e-09,4.2278564328188547e-10,4.227856431031378e-10
2816,"(1.0, 3.0, 4.0, 8.0, 13.0, 14.0, 14.0)",2365264799.9999995,5,-20.45022645430573,5.0,5.0,1.313951990704908e-09,2.1139282164094272e-09,2.113928211940735e-09
2817,"(1.0, 3.0, 4.0, 8.0, 14.0, 14.0, 14.0)",788421599.9999999,6,-20.373592824955047,6.0,6.0,1.4186036063773276e-09,7.610141579073939e-09,7.610141521159684e-09
2818,"(1.0, 3.0, 4.0, 9.0, 9.0, 11.0, 14.0)",1979623799.9999995,2,-21.574495627345293,4.0,8.0,4.2688962424446863e-10,2.0205859315290113e-09,4.041171858975255e-09
2819,"(1.0, 3.0, 4.0, 9.0, 9.0, 13.0, 14.0)",2262427199.9999995,2,-21.54532073111134,2.0,2.0,4.395275433136531e-10,8.840063450439424e-10,8.840063442624752e-10
2820,"(1.0, 3.0, 4.0, 9.0, 9.0, 14.0, 14.0)",1131213599.9999998,1,-21.46868710176065,2.0,4.0,4.745343532014549e-10,1.7680126900878848e-09,3.536025377049901e-09
2821,"(1.0, 3.0, 4.0, 9.0, 11.0, 11.0, 14.0)",1979623799.9999995,3,-21.230069995258827,4.0,6.0,6.024177374375952e-10,2.0205859315290113e-09,3.0308788932107495e-09
2822,"(1.0, 3.0, 4.0, 9.0, 11.0, 12.0, 14.0)",4524854399.999999,1,-21.315781472337065,1.0,1.0,5.529345519374642e-10,2.210015862609856e-10,2.210015862121439e-10
2823,"(1.0, 3.0, 4.0, 9.0, 11.0, 13.0, 14.0)",4524854399.999999,2,-21.20089509902487,2.0,2.0,6.202521053378526e-10,4.420031725219712e-10,4.420031723266044e-10
2824,"(1.0, 3.0, 4.0, 9.0, 11.0, 14.0, 14.0)",2262427199.9999995,3,-21.124261469674185,5.0,11.0,6.696529855884339e-10,2.210015862609856e-09,4.862034892857513e-09
2825,"(1.0, 3.0, 4.0, 9.0, 12.0, 12.0, 14.0)",2365264799.9999995,1,-21.4014929494153,1.0,1.0,5.075159639667097e-10,4.2278564328188547e-10,4.227856431031378e-10
2826,"(1.0, 3.0, 4.0, 9.0, 12.0, 13.0, 14.0)",4730529599.999999,2,-21.286606576103104,4.0,10.0,5.69303987316248e-10,8.455712865637709e-10,2.1139282156944363e-09
2827,"(1.0, 3.0, 4.0, 9.0, 13.0, 13.0, 14.0)",2365264799.9999995,1,-21.171720202790915,1.0,1.0,6.386144535060105e-10,4.2278564328188547e-10,4.227856431031378e-10
2828,"(1.0, 3.0, 4.0, 9.0, 13.0, 14.0, 14.0)",2365264799.9999995,4,-21.095086573440227,5.0,7.0,6.894778296597408e-10,2.1139282164094272e-09,2.959499498504506e-09
2829,"(1.0, 3.0, 4.0, 11.0, 11.0, 12.0, 14.0)",2262427199.9999995,1,-20.971355840250595,1.0,1.0,7.802897114652813e-10,4.420031725219712e-10,4.420031723266044e-10
2830,"(1.0, 3.0, 4.0, 11.0, 11.0, 14.0, 14.0)",1131213599.9999998,5,-20.779835837587715,10.0,24.0,9.450003315505587e-10,8.840063450439424e-09,2.1216152202907896e-08
2831,"(1.0, 3.0, 4.0, 11.0, 12.0, 12.0, 14.0)",2365264799.9999995,3,-21.05706731732883,3.0,3.0,7.161959470610113e-10,1.2683569298456565e-09,1.2683569282369271e-09
2832,"(1.0, 3.0, 4.0, 11.0, 12.0, 13.0, 13.0)",2365264799.9999995,1,-21.01881457336732,1.0,1.0,7.441231479404211e-10,4.2278564328188547e-10,4.227856431031378e-10
2833,"(1.0, 3.0, 4.0, 11.0, 12.0, 13.0, 14.0)",4730529599.999999,1,-20.94218094401664,1.0,1.0,8.033899173826035e-10,2.1139282164094273e-10,2.113928215962558e-10
2834,"(1.0, 3.0, 4.0, 11.0, 12.0, 14.0, 14.0)",2365264799.9999995,2,-20.86554731466596,4.0,8.0,8.673770748006702e-10,1.6911425731275419e-09,3.3822851433951204e-09
2835,"(1.0, 3.0, 4.0, 11.0, 13.0, 14.0, 14.0)",2365264799.9999995,3,-20.75066094135376,3.0,3.0,9.729767381723534e-10,1.2683569298456565e-09,1.2683569282369271e-09
2836,"(1.0, 3.0, 4.0, 11.0, 14.0, 14.0, 14.0)",788421599.9999999,2,-20.67402731200308,2.0,2.0,1.0504708843677456e-09,2.5367138596913126e-09,2.5367138532563954e-09
2837,"(1.0, 3.0, 4.0, 12.0, 12.0, 13.0, 14.0)",2262427199.999999,1,-21.027892421094872,1.0,1.0,7.373986793425827e-10,4.420031725219713e-10,4.420031723266045e-10
2838,"(1.0, 3.0, 4.0, 12.0, 12.0, 14.0, 14.0)",1131213599.9999995,4,-20.951258791744188,4.0,4.0,7.96129868711617e-10,3.5360253801757704e-09,3.536025367672295e-09
2839,"(1.0, 3.0, 4.0, 12.0, 13.0, 13.0, 14.0)",2262427199.999999,1,-20.91300604778268,1.0,1.0,8.271739968735312e-10,4.420031725219713e-10,4.420031723266045e-10
2840,"(1.0, 3.0, 4.0, 12.0, 13.0, 14.0, 14.0)",2262427199.999999,1,-20.836372418432,1.0,1.0,8.930554718645493e-10,4.420031725219713e-10,4.420031723266045e-10
2841,"(1.0, 3.0, 4.0, 12.0, 14.0, 14.0, 14.0)",754142399.9999996,1,-20.75973878908131,1.0,1.0,9.64184172667069e-10,1.326009517565914e-09,1.3260095158076127e-09
2842,"(1.0, 3.0, 4.0, 13.0, 13.0, 14.0, 14.0)",1131213599.9999995,1,-20.721486045119804,1.0,1.0,1.0017813765961278e-09,8.840063450439426e-10,8.840063442624754e-10
2843,"(1.0, 3.0, 4.0, 13.0, 14.0, 14.0, 14.0)",754142399.9999996,1,-20.644852415769115,1.0,1.0,1.0815697100763235e-09,1.326009517565914e-09,1.3260095158076127e-09
2844,"(1.0, 3.0, 4.0, 14.0, 14.0, 14.0, 14.0)",188535599.9999999,1,-20.568218786418434,1.0,1.0,1.1677129013211644e-09,5.304038070263656e-09,5.304038042130836e-09
2845,"(1.0, 3.0, 6.0, 6.0, 6.0, 14.0, 14.0)",484380000.0,1,-20.828986339179345,1.0,1.0,8.996760703910571e-10,2.0644948181180067e-09,2.064494813855868e-09
2846,"(1.0, 3.0, 6.0, 6.0, 7.0, 8.0, 14.0)",2785184999.9999995,2,-20.43037991169276,2.0,2.0,1.3402898884816583e-09,7.180851541280024e-10,7.180851536123561e-10
2847,"(1.0, 3.0, 6.0, 6.0, 7.0, 9.0, 14.0)",2785184999.9999995,3,-21.07524003082726,3.0,3.0,7.032982711411442e-10,1.0771277311920037e-09,1.0771277300317995e-09
2848,"(1.0, 3.0, 6.0, 6.0, 7.0, 11.0, 14.0)",2785184999.9999995,2,-20.73081439874079,2.0,2.0,9.924798570461195e-10,7.180851541280024e-10,7.180851536123561e-10
2849,"(1.0, 3.0, 6.0, 6.0, 7.0, 12.0, 14.0)",2906279999.9999995,2,-20.816525875819025,2.0,2.0,9.109565853704708e-10,6.881649393726689e-10,6.881649388990979e-10
2850,"(1.0, 3.0, 6.0, 6.0, 7.0, 13.0, 14.0)",2906279999.9999995,2,-20.70163950250684,2.0,2.0,1.0218618785308116e-09,6.881649393726689e-10,6.881649388990979e-10
2851,"(1.0, 3.0, 6.0, 6.0, 7.0, 14.0, 14.0)",1453139999.9999998,3,-20.625005873156148,3.0,3.0,1.1032495527676323e-09,2.0644948181180067e-09,2.064494813855868e-09
2852,"(1.0, 3.0, 6.0, 6.0, 8.0, 8.0, 14.0)",1225481400.0000002,2,-20.291587145630665,2.0,2.0,1.5398402716149867e-09,1.6320117139272776e-09,1.6320117112638153e-09
2853,"(1.0, 3.0, 6.0, 6.0, 8.0, 9.0, 14.0)",2450962800.0000005,1,-20.93644726476516,1.0,1.0,8.080095285111554e-10,4.080029284818194e-10,4.08002928315353e-10
2854,"(1.0, 3.0, 6.0, 6.0, 8.0, 12.0, 14.0)",2673777600.0,1,-20.677733109756925,2.0,4.0,1.0465852558474536e-09,7.480053688833357e-10,1.4960107372071594e-09
2855,"(1.0, 3.0, 6.0, 6.0, 8.0, 13.0, 14.0)",2673777600.0,2,-20.562846736444733,2.0,2.0,1.1740027930617603e-09,7.480053688833357e-10,7.480053683238237e-10
2856,"(1.0, 3.0, 6.0, 6.0, 8.0, 14.0, 14.0)",1336888800.0,2,-20.48621310709405,4.0,8.0,1.2675079515203535e-09,2.9920214755333427e-09,5.984042942114493e-09
2857,"(1.0, 3.0, 6.0, 6.0, 9.0, 11.0, 14.0)",2450962800.0000005,1,-21.236881751813183,1.0,1.0,5.983281588859304e-10,4.080029284818194e-10,4.08002928315353e-10
2858,"(1.0, 3.0, 6.0, 6.0, 9.0, 12.0, 14.0)",2673777600.0,1,-21.32259322889142,1.0,1.0,5.491808953906032e-10,3.7400268444166784e-10,3.7400268430178984e-10
2859,"(1.0, 3.0, 6.0, 6.0, 9.0, 13.0, 14.0)",2673777600.0,1,-21.20770685557923,1.0,1.0,6.160414562334532e-10,3.7400268444166784e-10,3.7400268430178984e-10
2860,"(1.0, 3.0, 6.0, 6.0, 9.0, 14.0, 14.0)",1336888800.0,2,-21.131073226228544,2.0,2.0,6.651069732173991e-10,1.4960107377666714e-09,1.4960107355286232e-09
2861,"(1.0, 3.0, 6.0, 6.0, 11.0, 12.0, 14.0)",2673777600.0,2,-20.97816759680495,2.0,2.0,7.749926296069908e-10,7.480053688833357e-10,7.480053683238237e-10
2862,"(1.0, 3.0, 6.0, 6.0, 11.0, 13.0, 14.0)",2673777600.0,1,-20.863281223492763,1.0,1.0,8.693448590809287e-10,3.7400268444166784e-10,3.7400268430178984e-10
2863,"(1.0, 3.0, 6.0, 6.0, 11.0, 14.0, 14.0)",1336888800.0,5,-20.786647594142075,5.0,5.0,9.385850936731586e-10,3.740026844416678e-09,3.740026830428877e-09
2864,"(1.0, 3.0, 6.0, 6.0, 12.0, 13.0, 14.0)",2673777600.0,2,-20.948992700571,3.0,5.0,7.979360172555448e-10,1.1220080533250036e-09,1.8700134209494373e-09
2865,"(1.0, 3.0, 6.0, 6.0, 12.0, 14.0, 14.0)",1336888800.0,2,-20.87235907122031,2.0,2.0,8.61488790872652e-10,1.4960107377666714e-09,1.4960107355286232e-09
2866,"(1.0, 3.0, 6.0, 6.0, 13.0, 13.0, 14.0)",1336888800.0,1,-20.834106327258805,1.0,1.0,8.950815117150202e-10,7.480053688833357e-10,7.480053683238237e-10
2867,"(1.0, 3.0, 6.0, 6.0, 13.0, 14.0, 14.0)",1336888800.0,3,-20.75747269790812,5.0,9.0,9.663715794055723e-10,3.740026844416678e-09,6.73204830596222e-09
2868,"(1.0, 3.0, 6.0, 7.0, 7.0, 8.0, 14.0)",2785184999.9999995,1,-20.226399445669564,2.0,4.0,1.6435629097077604e-09,7.180851541280024e-10,1.4361703077403586e-09
2869,"(1.0, 3.0, 6.0, 7.0, 7.0, 11.0, 14.0)",2785184999.9999995,4,-20.5268339327176,5.0,7.0,1.2170524419317616e-09,1.795212885320006e-09,2.513298036225219e-09
2870,"(1.0, 3.0, 6.0, 7.0, 7.0, 12.0, 14.0)",2906279999.9999995,3,-20.61254540979583,3.0,3.0,1.117082557240695e-09,1.0322474090590033e-09,1.0322474079934686e-09
2871,"(1.0, 3.0, 6.0, 7.0, 7.0, 13.0, 14.0)",2906279999.9999995,1,-20.49765903648364,2.0,4.0,1.2530828567991009e-09,6.881649393726689e-10,1.3763298782717668e-09
2872,"(1.0, 3.0, 6.0, 7.0, 7.0, 14.0, 14.0)",1453139999.9999998,2,-20.42102540713295,2.0,2.0,1.3528864618494582e-09,1.3763298787453378e-09,1.376329876851054e-09
2873,"(1.0, 3.0, 6.0, 7.0, 8.0, 8.0, 14.0)",2450962800.0000005,5,-20.087606679607468,5.0,5.0,1.8882663959867288e-09,2.040014642409097e-09,2.040014638247437e-09
2874,"(1.0, 3.0, 6.0, 7.0, 8.0, 9.0, 14.0)",4901925600.000001,3,-20.73246679874196,3.0,3.0,9.908412375294648e-10,6.120043927227291e-10,6.120043923481797e-10
2875,"(1.0, 3.0, 6.0, 7.0, 8.0, 11.0, 14.0)",4901925600.000001,5,-20.38804116665549,8.0,14.0,1.3982544961798835e-09,1.6320117139272776e-09,2.8560204967092733e-09
2876,"(1.0, 3.0, 6.0, 7.0, 8.0, 12.0, 14.0)",5347555200.0,5,-20.47375264373373,5.0,5.0,1.2834004965198403e-09,9.350067111041696e-10,9.350067102299321e-10
2877,"(1.0, 3.0, 6.0, 7.0, 8.0, 13.0, 14.0)",5347555200.0,3,-20.358866270421537,3.0,3.0,1.4396493349326869e-09,5.610040266625018e-10,5.610040263477763e-10
2878,"(1.0, 3.0, 6.0, 7.0, 8.0, 14.0, 14.0)",2673777600.0,4,-20.28223264107085,4.0,4.0,1.5543122982435536e-09,1.4960107377666714e-09,1.4960107355286232e-09
2879,"(1.0, 3.0, 6.0, 7.0, 9.0, 11.0, 14.0)",4901925600.000001,2,-21.03290128578999,2.0,2.0,7.337143839029277e-10,4.080029284818194e-10,4.08002928315353e-10
2880,"(1.0, 3.0, 6.0, 7.0, 9.0, 12.0, 14.0)",5347555200.0,2,-21.118612762868224,2.0,2.0,6.73446362716811e-10,3.7400268444166784e-10,3.7400268430178984e-10
2881,"(1.0, 3.0, 6.0, 7.0, 9.0, 13.0, 14.0)",5347555200.0,3,-21.003726389556032,3.0,3.0,7.55435743423141e-10,5.610040266625018e-10,5.610040263477763e-10
2882,"(1.0, 3.0, 6.0, 7.0, 9.0, 14.0, 14.0)",2673777600.0,5,-20.927092760205348,5.0,5.0,8.156035209714777e-10,1.870013422208339e-09,1.870013418711389e-09
2883,"(1.0, 3.0, 6.0, 7.0, 11.0, 11.0, 14.0)",2450962800.0000005,4,-20.68847565370352,4.0,4.0,1.0354024412247109e-09,1.6320117139272776e-09,1.6320117112638153e-09
2884,"(1.0, 3.0, 6.0, 7.0, 11.0, 12.0, 14.0)",5347555200.0,2,-20.774187130781755,2.0,2.0,9.503534662653433e-10,3.7400268444166784e-10,3.7400268430178984e-10
2885,"(1.0, 3.0, 6.0, 7.0, 11.0, 13.0, 14.0)",5347555200.0,1,-20.65930075746957,1.0,1.0,1.0660551709072169e-09,1.8700134222083392e-10,1.8700134218586442e-10
2886,"(1.0, 3.0, 6.0, 7.0, 11.0, 14.0, 14.0)",2673777600.0,9,-20.58266712811888,9.0,9.0,1.1509626841349498e-09,3.3660241599750107e-09,3.366024148644892e-09
2887,"(1.0, 3.0, 6.0, 7.0, 12.0, 12.0, 14.0)",2673777600.0,2,-20.85989860785999,2.0,2.0,8.722904977645693e-10,7.480053688833357e-10,7.480053683238237e-10
2888,"(1.0, 3.0, 6.0, 7.0, 12.0, 13.0, 14.0)",5347555200.0,1,-20.7450122345478,1.0,1.0,9.78488350581253e-10,1.8700134222083392e-10,1.8700134218586442e-10
2889,"(1.0, 3.0, 6.0, 7.0, 12.0, 14.0, 14.0)",2673777600.0,5,-20.66837860519712,5.0,5.0,1.056421477156166e-09,1.870013422208339e-09,1.870013418711389e-09
2890,"(1.0, 3.0, 6.0, 7.0, 13.0, 14.0, 14.0)",2673777600.0,3,-20.553492231884924,5.0,9.0,1.185036534675343e-09,1.870013422208339e-09,3.3660241564780604e-09
2891,"(1.0, 3.0, 6.0, 7.0, 14.0, 14.0, 14.0)",891259200.0,5,-20.47685860253424,6.0,8.0,1.27942049151846e-09,6.7320483199500214e-09,8.976064381279554e-09
2892,"(1.0, 3.0, 6.0, 8.0, 8.0, 9.0, 14.0)",1979623799.9999995,3,-20.593674032679864,4.0,6.0,1.138363613302437e-09,2.0205859315290113e-09,3.0308788932107495e-09
2893,"(1.0, 3.0, 6.0, 8.0, 8.0, 11.0, 14.0)",1979623799.9999995,2,-20.249248400593395,4.0,10.0,1.606434997150971e-09,2.0205859315290113e-09,5.0514648247397604e-09
2894,"(1.0, 3.0, 6.0, 8.0, 8.0, 12.0, 14.0)",2262427199.9999995,1,-20.33495987767163,1.0,1.0,1.4744808463717446e-09,4.420031725219712e-10,4.420031723266044e-10
2895,"(1.0, 3.0, 6.0, 8.0, 8.0, 13.0, 14.0)",2262427199.9999995,2,-20.22007350435944,5.0,17.0,1.6539929473350053e-09,2.210015862609856e-09,7.51405392798934e-09
2896,"(1.0, 3.0, 6.0, 8.0, 8.0, 14.0, 14.0)",1131213599.9999998,3,-20.143439875008752,3.0,3.0,1.7857276191296293e-09,2.652019035131827e-09,2.652019028098622e-09
2897,"(1.0, 3.0, 6.0, 8.0, 9.0, 11.0, 14.0)",3959247599.999999,4,-20.894108519727887,4.0,4.0,8.429541742471901e-10,1.0102929657645057e-09,1.0102929647438138e-09
2898,"(1.0, 3.0, 6.0, 8.0, 9.0, 12.0, 13.0)",4524854399.999999,1,-21.05645362615681,1.0,1.0,7.166356050844848e-10,2.210015862609856e-10,2.210015862121439e-10
2899,"(1.0, 3.0, 6.0, 8.0, 9.0, 12.0, 14.0)",4524854399.999999,1,-20.979819996806125,2.0,4.0,7.737130892323179e-10,4.420031725219712e-10,8.840063448485756e-10
2900,"(1.0, 3.0, 6.0, 8.0, 9.0, 13.0, 14.0)",4524854399.999999,4,-20.864933623493933,6.0,10.0,8.679095398221248e-10,1.3260095175659135e-09,2.2100158608515547e-09
2901,"(1.0, 3.0, 6.0, 8.0, 9.0, 14.0, 14.0)",2262427199.9999995,2,-20.788299994143248,3.0,5.0,9.370354563262462e-10,1.3260095175659135e-09,2.2100158608515547e-09
2902,"(1.0, 3.0, 6.0, 8.0, 11.0, 11.0, 14.0)",1979623799.9999995,5,-20.54968288764142,5.0,5.0,1.1895593557990967e-09,2.525732414411264e-09,2.5257324080319395e-09
2903,"(1.0, 3.0, 6.0, 8.0, 11.0, 12.0, 14.0)",4524854399.999999,2,-20.63539436471966,2.0,2.0,1.091847780245562e-09,4.420031725219712e-10,4.420031723266044e-10
2904,"(1.0, 3.0, 6.0, 8.0, 11.0, 13.0, 14.0)",4524854399.999999,2,-20.520507991407463,2.0,2.0,1.2247758473996813e-09,4.420031725219712e-10,4.420031723266044e-10
2905,"(1.0, 3.0, 6.0, 8.0, 11.0, 14.0, 14.0)",2262427199.9999995,6,-20.44387436205678,8.0,12.0,1.3223248995520134e-09,3.5360253801757696e-09,5.304038057760179e-09
2906,"(1.0, 3.0, 6.0, 8.0, 12.0, 12.0, 14.0)",2365264799.9999995,1,-20.721105841797893,1.0,1.0,1.0021623296185506e-09,4.2278564328188547e-10,4.227856431031378e-10
2907,"(1.0, 3.0, 6.0, 8.0, 12.0, 13.0, 14.0)",4730529599.999999,2,-20.606219468485698,2.0,2.0,1.124171554586616e-09,4.2278564328188547e-10,4.227856431031378e-10
2908,"(1.0, 3.0, 6.0, 8.0, 12.0, 14.0, 14.0)",2365264799.9999995,1,-20.529585839135017,1.0,1.0,1.2137078316444592e-09,4.2278564328188547e-10,4.227856431031378e-10
2909,"(1.0, 3.0, 6.0, 8.0, 13.0, 14.0, 14.0)",2365264799.9999995,4,-20.41469946582282,4.0,4.0,1.3614718689666125e-09,1.6911425731275419e-09,1.6911425702675787e-09
2910,"(1.0, 3.0, 6.0, 8.0, 14.0, 14.0, 14.0)",788421599.9999999,1,-20.338065836472136,1.0,1.0,1.469908274396819e-09,1.2683569298456563e-09,1.268356928236927e-09
2911,"(1.0, 3.0, 6.0, 9.0, 9.0, 11.0, 14.0)",1979623799.9999995,1,-21.538968638862386,1.0,1.0,4.423283488849305e-10,5.051464828822528e-10,5.051464826270798e-10
2912,"(1.0, 3.0, 6.0, 9.0, 11.0, 11.0, 14.0)",1979623799.9999995,2,-21.19454300677592,4.0,8.0,6.242045437655533e-10,2.0205859315290113e-09,4.041171858975255e-09
2913,"(1.0, 3.0, 6.0, 9.0, 11.0, 14.0, 14.0)",2262427199.9999995,6,-21.08873448119128,7.0,9.0,6.938713958331422e-10,3.0940222076537983e-09,3.978028543124767e-09
2914,"(1.0, 3.0, 6.0, 9.0, 12.0, 12.0, 14.0)",2365264799.9999995,1,-21.365965960932385,2.0,4.0,5.258705895498208e-10,8.455712865637709e-10,1.6911425724125511e-09
2915,"(1.0, 3.0, 6.0, 9.0, 12.0, 13.0, 14.0)",4730529599.999999,1,-21.2510795876202,1.0,1.0,5.898932145958932e-10,2.1139282164094273e-10,2.113928215962558e-10
2916,"(1.0, 3.0, 6.0, 9.0, 12.0, 14.0, 14.0)",2365264799.9999995,3,-21.17444595826951,4.0,6.0,6.368761168772352e-10,1.6911425731275419e-09,2.5367138568313497e-09
2917,"(1.0, 3.0, 6.0, 9.0, 13.0, 14.0, 14.0)",2365264799.9999995,7,-21.05955958495732,9.0,13.0,7.14413217528817e-10,3.8050707895369695e-09,5.496213348185947e-09
2918,"(1.0, 3.0, 6.0, 9.0, 14.0, 14.0, 14.0)",788421599.9999999,2,-20.982925955606632,2.0,2.0,7.713136963903136e-10,2.5367138596913126e-09,2.5367138532563954e-09
2919,"(1.0, 3.0, 6.0, 11.0, 11.0, 13.0, 14.0)",2262427199.9999995,1,-20.820942478455493,1.0,1.0,9.069421237802695e-10,4.420031725219712e-10,4.420031723266044e-10
2920,"(1.0, 3.0, 6.0, 11.0, 11.0, 14.0, 14.0)",1131213599.9999998,3,-20.744308849104804,4.0,6.0,9.791768471540408e-10,3.5360253801757696e-09,5.304038057760179e-09
2921,"(1.0, 3.0, 6.0, 11.0, 12.0, 12.0, 14.0)",2365264799.9999995,2,-21.02154032884592,2.0,2.0,7.420976120051062e-10,8.455712865637709e-10,8.455712858487801e-10
2922,"(1.0, 3.0, 6.0, 11.0, 12.0, 13.0, 14.0)",4730529599.999999,6,-20.906653955533727,6.0,6.0,8.324450056512584e-10,1.2683569298456565e-09,1.2683569282369271e-09
2923,"(1.0, 3.0, 6.0, 11.0, 13.0, 14.0, 14.0)",2365264799.9999995,4,-20.71513395287085,5.0,7.0,1.0081650376509484e-09,2.1139282164094272e-09,2.959499498504506e-09
2924,"(1.0, 3.0, 6.0, 11.0, 14.0, 14.0, 14.0)",788421599.9999999,3,-20.63850032352016,3.0,3.0,1.0884618070922928e-09,3.8050707895369695e-09,3.805070775058405e-09
2925,"(1.0, 3.0, 6.0, 12.0, 12.0, 14.0, 14.0)",1131213599.9999995,1,-20.91573180326128,1.0,1.0,8.249223928748346e-10,8.840063450439426e-10,8.840063442624754e-10
2926,"(1.0, 3.0, 6.0, 12.0, 13.0, 14.0, 14.0)",2262427199.999999,5,-20.800845429949085,5.0,5.0,9.253533698122433e-10,2.2100158626098565e-09,2.2100158577256863e-09
2927,"(1.0, 3.0, 6.0, 12.0, 14.0, 14.0, 14.0)",754142399.9999996,3,-20.7242118005984,5.0,11.0,9.990544836305773e-10,6.630047587829569e-09,1.4586104649267522e-08
2928,"(1.0, 3.0, 6.0, 13.0, 13.0, 14.0, 14.0)",1131213599.9999995,1,-20.685959056636893,1.0,1.0,1.0380114134600712e-09,8.840063450439426e-10,8.840063442624754e-10
2929,"(1.0, 3.0, 6.0, 13.0, 14.0, 14.0, 14.0)",754142399.9999996,2,-20.60932542728621,3.0,5.0,1.1206853408740635e-09,3.978028552697741e-09,6.630047572004858e-09
2930,"(1.0, 3.0, 7.0, 7.0, 7.0, 9.0, 14.0)",928395000.0,2,-20.667279098780867,2.0,2.0,1.0575836581442118e-09,2.154255462384007e-09,2.1542554577431903e-09
2931,"(1.0, 3.0, 7.0, 7.0, 7.0, 11.0, 14.0)",928395000.0,1,-20.3228534666944,1.0,1.0,1.4924400086270457e-09,1.0771277311920035e-09,1.0771277300317993e-09
2932,"(1.0, 3.0, 7.0, 7.0, 7.0, 13.0, 13.0)",484380000.0,1,-20.370312199811124,1.0,1.0,1.4232651552540694e-09,2.0644948181180067e-09,2.064494813855868e-09
2933,"(1.0, 3.0, 7.0, 7.0, 7.0, 13.0, 14.0)",968760000.0,1,-20.29367857046044,1.0,1.0,1.536623176765714e-09,1.0322474090590033e-09,1.0322474079934686e-09
2934,"(1.0, 3.0, 7.0, 7.0, 8.0, 8.0, 14.0)",1225481400.0000002,1,-19.88362621358427,1.0,1.0,2.315532362634701e-09,8.160058569636388e-10,8.160058562977732e-10
2935,"(1.0, 3.0, 7.0, 7.0, 8.0, 11.0, 14.0)",2450962800.0000005,5,-20.18406070063229,6.0,8.0,1.7146434125954575e-09,2.4480175708909162e-09,3.264023421861765e-09
2936,"(1.0, 3.0, 7.0, 7.0, 8.0, 13.0, 14.0)",2673777600.0,2,-20.15488580439834,2.0,2.0,1.765404835338493e-09,7.480053688833357e-10,7.480053683238237e-10
2937,"(1.0, 3.0, 7.0, 7.0, 8.0, 14.0, 14.0)",1336888800.0,4,-20.07825217504765,4.0,4.0,1.9060130688516346e-09,2.9920214755333427e-09,2.9920214665811503e-09
2938,"(1.0, 3.0, 7.0, 7.0, 9.0, 9.0, 14.0)",1225481400.0000002,1,-21.173346451853263,1.0,1.0,6.375767513595658e-10,8.160058569636388e-10,8.160058562977732e-10
2939,"(1.0, 3.0, 7.0, 7.0, 9.0, 11.0, 14.0)",2450962800.0000005,5,-20.8289208197668,8.0,16.0,8.997350185697732e-10,3.264023427854555e-09,6.528046845055261e-09
2940,"(1.0, 3.0, 7.0, 7.0, 9.0, 12.0, 14.0)",2673777600.0,1,-20.914632296845028,1.0,1.0,8.258298991517735e-10,3.7400268444166784e-10,3.7400268430178984e-10
2941,"(1.0, 3.0, 7.0, 7.0, 9.0, 13.0, 14.0)",2673777600.0,3,-20.79974592353284,3.0,3.0,9.26371361321189e-10,1.1220080533250036e-09,1.1220080520661015e-09
2942,"(1.0, 3.0, 7.0, 7.0, 9.0, 14.0, 14.0)",1336888800.0,4,-20.72311229418215,4.0,4.0,1.0001535545525535e-09,2.9920214755333427e-09,2.9920214665811503e-09
2943,"(1.0, 3.0, 7.0, 7.0, 11.0, 11.0, 14.0)",1225481400.0000002,1,-20.484495187680324,1.0,1.0,1.269687299473417e-09,8.160058569636388e-10,8.160058562977732e-10
2944,"(1.0, 3.0, 7.0, 7.0, 11.0, 12.0, 14.0)",2673777600.0,1,-20.57020666475856,1.0,1.0,1.1653939358114417e-09,3.7400268444166784e-10,3.7400268430178984e-10
2945,"(1.0, 3.0, 7.0, 7.0, 11.0, 14.0, 14.0)",1336888800.0,3,-20.37868666209568,3.0,3.0,1.411395843808745e-09,2.244016106650007e-09,2.2440161016143988e-09
2946,"(1.0, 3.0, 7.0, 7.0, 12.0, 12.0, 14.0)",1336888800.0,1,-20.6559181418368,1.0,1.0,1.0696673316251578e-09,7.480053688833357e-10,7.480053683238237e-10
2947,"(1.0, 3.0, 7.0, 7.0, 12.0, 13.0, 14.0)",2673777600.0,1,-20.541031768524604,1.0,1.0,1.199895018545818e-09,3.7400268444166784e-10,3.7400268430178984e-10
2948,"(1.0, 3.0, 7.0, 7.0, 12.0, 14.0, 14.0)",1336888800.0,5,-20.46439813917392,7.0,11.0,1.2954624009284432e-09,5.23603758218335e-09,8.228059030300603e-09
2949,"(1.0, 3.0, 7.0, 7.0, 13.0, 14.0, 14.0)",1336888800.0,2,-20.349511765861724,2.0,2.0,1.4531797275941836e-09,1.4960107377666714e-09,1.4960107355286232e-09
2950,"(1.0, 3.0, 7.0, 7.0, 14.0, 14.0, 14.0)",445629600.0,4,-20.27287813651104,5.0,7.0,1.5689203386902948e-09,1.1220080533250035e-08,1.5708112620659845e-08
2951,"(1.0, 3.0, 7.0, 8.0, 8.0, 8.0, 14.0)",659874599.9999998,1,-19.74483344752217,1.0,1.0,2.660282684257175e-09,1.5154394486467585e-09,1.5154394463502017e-09
2952,"(1.0, 3.0, 7.0, 8.0, 8.0, 9.0, 14.0)",1979623799.9999995,2,-20.389693566656668,2.0,2.0,1.3959459283128042e-09,1.0102929657645057e-09,1.0102929647438138e-09
2953,"(1.0, 3.0, 7.0, 8.0, 8.0, 11.0, 12.0)",1979623799.9999995,1,-20.236787937233075,2.0,4.0,1.6265771512497672e-09,1.0102929657645057e-09,2.0205859305083193e-09
2954,"(1.0, 3.0, 7.0, 8.0, 8.0, 11.0, 14.0)",1979623799.9999995,5,-20.0452679345702,5.0,5.0,1.969929789715003e-09,2.525732414411264e-09,2.5257324080319395e-09
2955,"(1.0, 3.0, 7.0, 8.0, 8.0, 12.0, 14.0)",2262427199.9999995,3,-20.13097941164844,3.0,3.0,1.8081178191357019e-09,1.3260095175659135e-09,1.3260095158076123e-09
2956,"(1.0, 3.0, 7.0, 8.0, 8.0, 14.0, 14.0)",1131213599.9999998,6,-19.93945940898556,6.0,6.0,2.1897917061562304e-09,5.304038070263654e-09,5.304038042130834e-09
2957,"(1.0, 3.0, 7.0, 8.0, 9.0, 9.0, 14.0)",1979623799.9999995,3,-21.03455368579116,3.0,3.0,7.325029953789411e-10,1.5154394486467585e-09,1.5154394463502017e-09
2958,"(1.0, 3.0, 7.0, 8.0, 9.0, 11.0, 14.0)",3959247599.999999,4,-20.69012805370469,5.0,7.0,1.0336929549961116e-09,1.262866207205632e-09,1.7680126884930537e-09
2959,"(1.0, 3.0, 7.0, 8.0, 9.0, 12.0, 14.0)",4524854399.999999,3,-20.775839530782928,3.0,3.0,9.48784398917034e-10,6.630047587829568e-10,6.630047583433814e-10
2960,"(1.0, 3.0, 7.0, 8.0, 9.0, 13.0, 14.0)",4524854399.999999,2,-20.660953157470736,3.0,5.0,1.0642950759325196e-09,6.630047587829568e-10,1.1050079308653527e-09
2961,"(1.0, 3.0, 7.0, 8.0, 9.0, 14.0, 14.0)",2262427199.9999995,5,-20.584319528120048,5.0,5.0,1.1490624038383061e-09,2.210015862609856e-09,2.210015857725686e-09
2962,"(1.0, 3.0, 7.0, 8.0, 11.0, 11.0, 14.0)",1979623799.9999995,1,-20.34570242161822,1.0,1.0,1.458725946445887e-09,5.051464828822528e-10,5.051464826270798e-10
2963,"(1.0, 3.0, 7.0, 8.0, 11.0, 12.0, 14.0)",4524854399.999999,8,-20.43141389869646,9.0,11.0,1.3389047623803809e-09,1.9890142763488703e-09,2.4310174449146637e-09
2964,"(1.0, 3.0, 7.0, 8.0, 11.0, 13.0, 13.0)",2262427199.9999995,1,-20.393161154734955,1.0,1.0,1.3911137457051678e-09,4.420031725219712e-10,4.420031723266044e-10
2965,"(1.0, 3.0, 7.0, 8.0, 11.0, 13.0, 14.0)",4524854399.999999,2,-20.316527525384267,2.0,2.0,1.5019110214823916e-09,4.420031725219712e-10,4.420031723266044e-10
2966,"(1.0, 3.0, 7.0, 8.0, 11.0, 14.0, 14.0)",2262427199.9999995,3,-20.23989389603358,5.0,11.0,1.6215329072942403e-09,2.210015862609856e-09,4.862034892857513e-09
2967,"(1.0, 3.0, 7.0, 8.0, 12.0, 13.0, 14.0)",4730529599.999999,6,-20.4022390024625,7.0,9.0,1.3785425728759126e-09,1.4797497514865992e-09,1.9025353925788256e-09
2968,"(1.0, 3.0, 7.0, 8.0, 12.0, 14.0, 14.0)",2365264799.9999995,8,-20.325605373111816,8.0,8.0,1.4883385993253128e-09,3.3822851462550837e-09,3.382285134815231e-09
2969,"(1.0, 3.0, 7.0, 8.0, 13.0, 13.0, 14.0)",2365264799.9999995,1,-20.28735262915032,1.0,1.0,1.5463745756673864e-09,4.2278564328188547e-10,4.227856431031378e-10
2970,"(1.0, 3.0, 7.0, 8.0, 13.0, 14.0, 14.0)",2365264799.9999995,6,-20.210718999799624,6.0,6.0,1.6695378258646396e-09,2.536713859691313e-09,2.536713853256396e-09
2971,"(1.0, 3.0, 7.0, 8.0, 14.0, 14.0, 14.0)",788421599.9999999,5,-20.13408537044894,6.0,8.0,1.8025105920988303e-09,7.610141579073939e-09,1.0146855380850995e-08
2972,"(1.0, 3.0, 7.0, 9.0, 9.0, 11.0, 14.0)",1979623799.9999995,4,-21.33498817283919,5.0,7.0,5.424158418169657e-10,2.525732414411264e-09,3.536025373796445e-09
2973,"(1.0, 3.0, 7.0, 9.0, 9.0, 12.0, 14.0)",2262427199.9999995,1,-21.420699649917424,1.0,1.0,4.978612710418679e-10,4.420031725219712e-10,4.420031723266044e-10
2974,"(1.0, 3.0, 7.0, 9.0, 9.0, 13.0, 14.0)",2262427199.9999995,1,-21.30581327660523,1.0,1.0,5.584738744357242e-10,4.420031725219712e-10,4.420031723266044e-10
2975,"(1.0, 3.0, 7.0, 9.0, 11.0, 12.0, 14.0)",4524854399.999999,2,-21.07627401783096,2.0,2.0,7.025714456978456e-10,4.420031725219712e-10,4.420031723266044e-10
2976,"(1.0, 3.0, 7.0, 9.0, 11.0, 13.0, 14.0)",4524854399.999999,3,-20.96138764451876,3.0,3.0,7.881066878845282e-10,6.630047587829568e-10,6.630047583433814e-10
2977,"(1.0, 3.0, 7.0, 9.0, 11.0, 14.0, 14.0)",2262427199.9999995,5,-20.88475401516808,7.0,13.0,8.508765902803534e-10,3.0940222076537983e-09,5.746041233212652e-09
2978,"(1.0, 3.0, 7.0, 9.0, 12.0, 12.0, 14.0)",2365264799.9999995,1,-21.16198549490919,1.0,1.0,6.448615360885539e-10,4.2278564328188547e-10,4.227856431031378e-10
2979,"(1.0, 3.0, 7.0, 9.0, 12.0, 13.0, 14.0)",4730529599.999999,4,-21.047099121597,5.0,7.0,7.233708293482822e-10,1.0569641082047136e-09,1.479749750369426e-09
2980,"(1.0, 3.0, 7.0, 9.0, 12.0, 14.0, 14.0)",2365264799.9999995,5,-20.970465492246312,7.0,13.0,7.80984750219917e-10,2.9594995029731984e-09,5.4962133539058735e-09
2981,"(1.0, 3.0, 7.0, 9.0, 13.0, 13.0, 14.0)",2365264799.9999995,1,-20.932212748284805,1.0,1.0,8.114383126739465e-10,4.2278564328188547e-10,4.227856431031378e-10
2982,"(1.0, 3.0, 7.0, 9.0, 13.0, 14.0, 14.0)",2365264799.9999995,8,-20.85557911893412,9.0,11.0,8.760664962305416e-10,3.8050707895369695e-09,4.650642061622176e-09
2983,"(1.0, 3.0, 7.0, 9.0, 14.0, 14.0, 14.0)",788421599.9999999,2,-20.778945489583435,2.0,2.0,9.458420853811135e-10,2.5367138596913126e-09,2.5367138532563954e-09
2984,"(1.0, 3.0, 7.0, 11.0, 11.0, 11.0, 14.0)",659874599.9999998,2,-20.64613690866625,2.0,2.0,1.0801813333368975e-09,3.030878897293517e-09,3.03087888810729e-09
2985,"(1.0, 3.0, 7.0, 11.0, 11.0, 12.0, 14.0)",2262427199.9999995,1,-20.731848385744485,1.0,1.0,9.914541761342538e-10,4.420031725219712e-10,4.420031723266044e-10
2986,"(1.0, 3.0, 7.0, 11.0, 11.0, 13.0, 14.0)",2262427199.9999995,2,-20.616962012432296,3.0,5.0,1.1121597265689095e-09,1.3260095175659135e-09,2.2100158608515547e-09
2987,"(1.0, 3.0, 7.0, 11.0, 11.0, 14.0, 14.0)",1131213599.9999998,1,-20.540328383081608,1.0,1.0,1.2007393041292723e-09,8.840063450439424e-10,8.840063442624752e-10
2988,"(1.0, 3.0, 7.0, 11.0, 12.0, 12.0, 14.0)",2365264799.9999995,1,-20.81755986282272,1.0,1.0,9.100151548975808e-10,4.2278564328188547e-10,4.227856431031378e-10
2989,"(1.0, 3.0, 7.0, 11.0, 12.0, 13.0, 14.0)",4730529599.999999,5,-20.70267348951053,5.0,5.0,1.0208058326917675e-09,1.0569641082047136e-09,1.0569641070875404e-09
2990,"(1.0, 3.0, 7.0, 11.0, 12.0, 14.0, 14.0)",2365264799.9999995,1,-20.62603986015984,2.0,4.0,1.102109396623142e-09,8.455712865637709e-10,1.6911425724125511e-09
2991,"(1.0, 3.0, 7.0, 11.0, 13.0, 13.0, 14.0)",2365264799.9999995,1,-20.58778711619834,1.0,1.0,1.1450848290266278e-09,4.2278564328188547e-10,4.227856431031378e-10
2992,"(1.0, 3.0, 7.0, 11.0, 13.0, 14.0, 14.0)",2365264799.9999995,4,-20.51115348684765,7.0,15.0,1.2362867742174333e-09,2.9594995029731984e-09,6.341784640469645e-09
2993,"(1.0, 3.0, 7.0, 11.0, 14.0, 14.0, 14.0)",788421599.9999999,7,-20.43451985749697,11.0,25.0,1.3347526308632934e-09,1.395192622830222e-08,3.1708923051485165e-08
2994,"(1.0, 3.0, 7.0, 12.0, 12.0, 13.0, 14.0)",2262427199.999999,2,-20.788384966588765,2.0,2.0,9.369558375147362e-10,8.840063450439426e-10,8.840063442624754e-10
2995,"(1.0, 3.0, 7.0, 12.0, 12.0, 14.0, 14.0)",1131213599.9999995,1,-20.71175133723808,1.0,1.0,1.0115810467333912e-09,8.840063450439426e-10,8.840063442624754e-10
2996,"(1.0, 3.0, 7.0, 12.0, 13.0, 14.0, 14.0)",2262427199.999999,2,-20.59686496392589,2.0,2.0,1.1347369625532355e-09,8.840063450439426e-10,8.840063442624754e-10
2997,"(1.0, 3.0, 7.0, 12.0, 14.0, 14.0, 14.0)",754142399.9999996,6,-20.5202313345752,6.0,6.0,1.2251147368817387e-09,7.956057105395483e-09,7.956057042096638e-09
2998,"(1.0, 3.0, 7.0, 13.0, 14.0, 14.0, 14.0)",754142399.9999996,9,-20.40534496126301,9.0,9.0,1.3742675189472805e-09,1.1934085658093226e-08,1.1934085515670825e-08
2999,"(1.0, 3.0, 7.0, 14.0, 14.0, 14.0, 14.0)",188535599.9999999,3,-20.328711331912324,3.0,3.0,1.4837230525142292e-09,1.5912114210790965e-08,1.5912113957595586e-08
3000,"(1.0, 3.0, 8.0, 8.0, 8.0, 8.0, 14.0)",122199000.0,2,-19.60604068146008,3.0,5.0,3.0563614978396843e-09,2.455011906807748e-08,4.091686451075412e-08
3001,"(1.0, 3.0, 8.0, 8.0, 8.0, 9.0, 14.0)",488796000.0,1,-20.250900800594565,1.0,1.0,1.6037827158780764e-09,2.0458432556731234e-09,2.0458432514876486e-09
3002,"(1.0, 3.0, 8.0, 8.0, 8.0, 12.0, 14.0)",586555199.9999999,1,-19.992186645586333,1.0,1.0,2.0773212255476535e-09,1.704869379727603e-09,1.7048693768210234e-09
3003,"(1.0, 3.0, 8.0, 8.0, 8.0, 13.0, 14.0)",586555199.9999999,1,-19.87730027227414,1.0,1.0,2.3302267132596518e-09,1.704869379727603e-09,1.7048693768210234e-09
3004,"(1.0, 3.0, 8.0, 8.0, 8.0, 14.0, 14.0)",293277599.99999994,1,-19.800666642923453,1.0,1.0,2.5158210060121894e-09,3.409738759455206e-09,3.4097387478288877e-09
3005,"(1.0, 3.0, 8.0, 8.0, 9.0, 9.0, 14.0)",733193999.9999999,1,-20.895760919729064,1.0,1.0,8.415624269469639e-10,1.3638955037820824e-09,1.3638955019218715e-09
3006,"(1.0, 3.0, 8.0, 8.0, 9.0, 12.0, 14.0)",1759665599.9999998,1,-20.63704676472083,1.0,1.0,1.0900451007561755e-09,5.682897932425344e-10,5.68289792919581e-10
3007,"(1.0, 3.0, 8.0, 8.0, 9.0, 13.0, 14.0)",1759665599.9999998,3,-20.52216039140864,3.0,3.0,1.2227536989471596e-09,1.704869379727603e-09,1.7048693768210234e-09
3008,"(1.0, 3.0, 8.0, 8.0, 9.0, 14.0, 14.0)",879832799.9999999,2,-20.445526762057952,2.0,2.0,1.3201416941475051e-09,2.2731591729701374e-09,2.273159167802885e-09
3009,"(1.0, 3.0, 8.0, 8.0, 11.0, 11.0, 14.0)",733193999.9999999,1,-20.206909655556125,1.0,1.0,1.675909798985104e-09,1.3638955037820824e-09,1.3638955019218715e-09
3010,"(1.0, 3.0, 8.0, 8.0, 11.0, 12.0, 14.0)",1759665599.9999998,2,-20.29262113263436,2.0,2.0,1.5382489196467785e-09,1.1365795864850687e-09,1.1365795851932556e-09
3011,"(1.0, 3.0, 8.0, 8.0, 11.0, 13.0, 14.0)",1759665599.9999998,3,-20.177734759322167,3.0,3.0,1.7255245265492022e-09,1.704869379727603e-09,1.7048693768210234e-09
3012,"(1.0, 3.0, 8.0, 8.0, 11.0, 14.0, 14.0)",879832799.9999999,3,-20.10110112997148,3.0,3.0,1.86295643491664e-09,3.409738759455206e-09,3.4097387478288877e-09
3013,"(1.0, 3.0, 8.0, 8.0, 12.0, 12.0, 14.0)",963626400.0,2,-20.3783326097126,2.0,2.0,1.4118956403425718e-09,2.0754931579292558e-09,2.075493153621584e-09
3014,"(1.0, 3.0, 8.0, 8.0, 12.0, 13.0, 14.0)",1927252800.0,2,-20.263446236400405,2.0,2.0,1.5837882446869753e-09,1.0377465789646279e-09,1.0377465778877099e-09
3015,"(1.0, 3.0, 8.0, 8.0, 12.0, 14.0, 14.0)",963626400.0,1,-20.18681260704972,3.0,9.0,1.7099313609210457e-09,3.1132397368938834e-09,9.339719200989388e-09
3016,"(1.0, 3.0, 8.0, 8.0, 13.0, 13.0, 14.0)",963626400.0,2,-20.14855986308821,3.0,5.0,1.7766080808918958e-09,3.1132397368938834e-09,5.188732885130878e-09
3017,"(1.0, 3.0, 8.0, 8.0, 13.0, 14.0, 14.0)",963626400.0,4,-20.071926233737525,6.0,12.0,1.9181086131771498e-09,6.226479473787767e-09,1.2452958908806487e-08
3018,"(1.0, 3.0, 8.0, 8.0, 14.0, 14.0, 14.0)",321208800.00000006,4,-19.99529260438684,5.0,7.0,2.0708791609781264e-09,1.5566198684469413e-08,2.1792677915950636e-08
3019,"(1.0, 3.0, 8.0, 9.0, 9.0, 9.0, 14.0)",488796000.0,2,-21.54062103886356,2.0,2.0,4.415980490605984e-10,4.091686511346247e-09,4.0916864946043485e-09
3020,"(1.0, 3.0, 8.0, 9.0, 9.0, 12.0, 14.0)",1759665599.9999998,1,-21.281906883855324,1.0,1.0,5.719858378519629e-10,5.682897932425344e-10,5.68289792919581e-10
3021,"(1.0, 3.0, 8.0, 9.0, 9.0, 14.0, 14.0)",879832799.9999999,4,-21.090386881192444,6.0,10.0,6.927257894984811e-10,6.819477518910412e-09,1.1365795818345414e-08
3022,"(1.0, 3.0, 8.0, 9.0, 11.0, 12.0, 14.0)",3519331199.9999995,3,-20.93748125176885,3.0,3.0,8.071744889442435e-10,8.524346898638015e-10,8.524346891371567e-10
3023,"(1.0, 3.0, 8.0, 9.0, 11.0, 13.0, 14.0)",3519331199.9999995,3,-20.822594878456663,3.0,3.0,9.054447301012426e-10,8.524346898638015e-10,8.524346891371567e-10
3024,"(1.0, 3.0, 8.0, 9.0, 11.0, 14.0, 14.0)",1759665599.9999998,4,-20.74596124910597,4.0,4.0,9.775601913795097e-10,2.2731591729701374e-09,2.273159167802885e-09
3025,"(1.0, 3.0, 8.0, 9.0, 12.0, 13.0, 14.0)",3854505600.000001,3,-20.908306355534897,3.0,3.0,8.310706093618853e-10,7.783099342234706e-10,7.783099336177043e-10
3026,"(1.0, 3.0, 8.0, 9.0, 12.0, 14.0, 14.0)",1927252800.0,3,-20.831672726184213,3.0,3.0,8.972624357169141e-10,1.5566198684469417e-09,1.5566198660238764e-09
3027,"(1.0, 3.0, 8.0, 9.0, 13.0, 13.0, 14.0)",1927252800.0,3,-20.79341998222271,3.0,3.0,9.322501068795875e-10,1.5566198684469417e-09,1.5566198660238764e-09
3028,"(1.0, 3.0, 8.0, 9.0, 13.0, 14.0, 14.0)",1927252800.0,2,-20.71678635287202,3.0,5.0,1.006500521343665e-09,1.5566198684469417e-09,2.594366444988504e-09
3029,"(1.0, 3.0, 8.0, 11.0, 11.0, 12.0, 14.0)",1759665599.9999998,2,-20.59305561968239,4.0,10.0,1.1390678098764712e-09,2.2731591729701374e-09,5.682897927258091e-09
3030,"(1.0, 3.0, 8.0, 11.0, 11.0, 13.0, 14.0)",1759665599.9999998,2,-20.4781692463702,3.0,5.0,1.2777447253438373e-09,1.704869379727603e-09,2.8414489633060923e-09
3031,"(1.0, 3.0, 8.0, 11.0, 11.0, 14.0, 14.0)",879832799.9999999,2,-20.40153561701951,6.0,26.0,1.3795125607519032e-09,6.819477518910412e-09,2.955106920210651e-08
3032,"(1.0, 3.0, 8.0, 11.0, 12.0, 13.0, 14.0)",3854505600.000001,6,-20.563880723448428,6.0,6.0,1.1727895167954748e-09,1.5566198684469413e-09,1.556619866023876e-09
3033,"(1.0, 3.0, 8.0, 11.0, 12.0, 14.0, 14.0)",1927252800.0,4,-20.487247094097743,4.0,4.0,1.2661980421027642e-09,2.0754931579292558e-09,2.075493153621584e-09
3034,"(1.0, 3.0, 8.0, 11.0, 13.0, 14.0, 14.0)",1927252800.0,4,-20.37236072078555,7.0,15.0,1.4203525510153443e-09,3.6321130263761973e-09,7.783099329042463e-09
3035,"(1.0, 3.0, 8.0, 11.0, 14.0, 14.0, 14.0)",642417600.0000001,5,-20.295727091434863,6.0,8.0,1.5334785939299428e-09,9.339719210681649e-09,1.2452958860345176e-08
3036,"(1.0, 3.0, 8.0, 12.0, 12.0, 12.0, 14.0)",642417599.9999999,1,-20.764478573838858,1.0,1.0,9.596249605993604e-10,1.556619868446942e-09,1.5566198660238766e-09
3037,"(1.0, 3.0, 8.0, 12.0, 12.0, 14.0, 14.0)",963626399.9999998,3,-20.57295857117598,3.0,3.0,1.1621912894732996e-09,3.1132397368938842e-09,3.1132397272016225e-09
3038,"(1.0, 3.0, 8.0, 12.0, 13.0, 13.0, 14.0)",1927252799.9999995,1,-20.53470582721448,1.0,1.0,1.2075095431364233e-09,5.18873289482314e-10,5.188732892130845e-10
3039,"(1.0, 3.0, 8.0, 12.0, 14.0, 14.0, 14.0)",642417599.9999999,4,-20.381438568513104,5.0,7.0,1.4075171538722802e-09,7.78309934223471e-09,1.0896339018551958e-08
3040,"(1.0, 3.0, 8.0, 13.0, 13.0, 14.0, 14.0)",963626399.9999998,3,-20.3431858245516,5.0,9.0,1.4624015950070056e-09,5.18873289482314e-09,9.339719183758703e-09
3041,"(1.0, 3.0, 8.0, 13.0, 14.0, 14.0, 14.0)",642417599.9999999,1,-20.26655219520091,1.0,1.0,1.5788766951340025e-09,1.556619868446942e-09,1.5566198660238766e-09
3042,"(1.0, 3.0, 8.0, 14.0, 14.0, 14.0, 14.0)",160604399.99999997,2,-20.189918565850228,2.0,2.0,1.7046286238666895e-09,1.2452958947575535e-08,1.2452958792499349e-08
3043,"(1.0, 3.0, 9.0, 9.0, 9.0, 12.0, 14.0)",586555199.9999999,1,-21.92676700298982,1.0,1.0,3.001415248564049e-10,1.704869379727603e-09,1.7048693768210234e-09
3044,"(1.0, 3.0, 9.0, 9.0, 11.0, 12.0, 14.0)",1759665599.9999998,1,-21.58234137090335,1.0,1.0,4.2355346217438223e-10,5.682897932425344e-10,5.68289792919581e-10
3045,"(1.0, 3.0, 9.0, 9.0, 11.0, 13.0, 14.0)",1759665599.9999998,1,-21.46745499759116,1.0,1.0,4.751193892952944e-10,5.682897932425344e-10,5.68289792919581e-10
3046,"(1.0, 3.0, 9.0, 9.0, 13.0, 14.0, 14.0)",963626400.0,1,-21.36164647200652,1.0,1.0,5.281469946517075e-10,1.0377465789646279e-09,1.0377465778877099e-09
3047,"(1.0, 3.0, 9.0, 11.0, 11.0, 12.0, 14.0)",1759665599.9999998,2,-21.23791573881688,4.0,10.0,5.977098150805159e-10,2.2731591729701374e-09,5.682897927258091e-09
3048,"(1.0, 3.0, 9.0, 11.0, 11.0, 14.0, 14.0)",879832799.9999999,3,-21.046395736154004,3.0,3.0,7.23879816845747e-10,3.409738759455206e-09,3.4097387478288877e-09
3049,"(1.0, 3.0, 9.0, 11.0, 12.0, 13.0, 14.0)",3854505600.000001,2,-21.208740842582927,3.0,5.0,6.154048065744271e-10,7.783099342234706e-10,1.297183223100018e-09
3050,"(1.0, 3.0, 9.0, 11.0, 12.0, 14.0, 14.0)",1927252800.0,3,-21.13210721323224,4.0,6.0,6.644196166711329e-10,2.0754931579292558e-09,3.1132397325862118e-09
3051,"(1.0, 3.0, 9.0, 11.0, 13.0, 13.0, 14.0)",1927252800.0,1,-21.09385446927073,1.0,1.0,6.903278617249308e-10,5.188732894823139e-10,5.188732892130844e-10
3052,"(1.0, 3.0, 9.0, 11.0, 13.0, 14.0, 14.0)",1927252800.0,2,-21.01722083992005,2.0,2.0,7.453100274237245e-10,1.0377465789646279e-09,1.0377465778877099e-09
3053,"(1.0, 3.0, 9.0, 11.0, 14.0, 14.0, 14.0)",642417600.0000001,3,-20.94058721056936,3.0,3.0,8.04671327607083e-10,4.6698596053408245e-09,4.669859583533236e-09
3054,"(1.0, 3.0, 9.0, 12.0, 12.0, 14.0, 14.0)",963626399.9999998,1,-21.21781869031048,1.0,1.0,6.098435358247904e-10,1.037746578964628e-09,1.03774657788771e-09
3055,"(1.0, 3.0, 9.0, 12.0, 14.0, 14.0, 14.0)",642417599.9999999,1,-21.0262986876476,1.0,1.0,7.385748332708015e-10,1.556619868446942e-09,1.5566198660238766e-09
3056,"(1.0, 3.0, 9.0, 13.0, 13.0, 13.0, 14.0)",642417599.9999999,1,-21.064679573036777,1.0,1.0,7.107647783239781e-10,1.556619868446942e-09,1.5566198660238766e-09
3057,"(1.0, 3.0, 9.0, 13.0, 14.0, 14.0, 14.0)",642417599.9999999,3,-20.911412314335408,4.0,6.0,8.284933428026704e-10,6.226479473787768e-09,9.339719171912605e-09
3058,"(1.0, 3.0, 9.0, 14.0, 14.0, 14.0, 14.0)",160604399.99999997,2,-20.83477868498472,2.0,2.0,8.94479899017432e-10,1.2452958947575535e-08,1.2452958792499349e-08
3059,"(1.0, 3.0, 11.0, 11.0, 11.0, 13.0, 14.0)",586555199.9999999,1,-20.778603733418223,1.0,1.0,9.461653879872932e-10,1.704869379727603e-09,1.7048693768210234e-09
3060,"(1.0, 3.0, 11.0, 11.0, 11.0, 14.0, 14.0)",293277599.99999994,2,-20.70197010406753,2.0,2.0,1.0215241052362244e-09,6.819477518910412e-09,6.819477472405139e-09
3061,"(1.0, 3.0, 11.0, 11.0, 12.0, 13.0, 14.0)",1927252800.0,1,-20.864315210496457,1.0,1.0,8.684464323557338e-10,5.188732894823139e-10,5.188732892130844e-10
3062,"(1.0, 3.0, 11.0, 11.0, 12.0, 14.0, 14.0)",963626400.0,4,-20.78768158114577,5.0,7.0,9.376151104458845e-10,5.188732894823139e-09,7.264226025829446e-09
3063,"(1.0, 3.0, 11.0, 11.0, 13.0, 13.0, 14.0)",963626400.0,2,-20.749428837184265,3.0,5.0,9.741762857002828e-10,3.1132397368938834e-09,5.188732885130878e-09
3064,"(1.0, 3.0, 11.0, 11.0, 14.0, 14.0, 14.0)",321208800.00000006,1,-20.59616157848289,1.0,1.0,1.1355354007863255e-09,3.1132397368938826e-09,3.113239727201621e-09
3065,"(1.0, 3.0, 11.0, 12.0, 13.0, 13.0, 14.0)",1927252799.9999995,1,-20.835140314262503,1.0,1.0,8.941564873786417e-10,5.18873289482314e-10,5.188732892130845e-10
3066,"(1.0, 3.0, 11.0, 12.0, 13.0, 14.0, 14.0)",1927252799.9999995,2,-20.75850668491181,3.0,5.0,9.653728801617282e-10,1.5566198684469421e-09,2.5943664449885045e-09
3067,"(1.0, 3.0, 11.0, 12.0, 14.0, 14.0, 14.0)",642417599.9999999,1,-20.681873055561127,1.0,1.0,1.042261406036302e-09,1.556619868446942e-09,1.5566198660238766e-09
3068,"(1.0, 3.0, 11.0, 13.0, 13.0, 14.0, 14.0)",963626399.9999998,1,-20.643620311599623,2.0,4.0,1.0829031379180195e-09,2.075493157929256e-09,4.15098631155084e-09
3069,"(1.0, 3.0, 11.0, 13.0, 14.0, 14.0, 14.0)",642417599.9999999,3,-20.56698668224893,3.0,3.0,1.1691525319609989e-09,4.669859605340826e-09,4.6698595835332375e-09
3070,"(1.0, 3.0, 12.0, 12.0, 13.0, 14.0, 14.0)",879832799.9999999,1,-20.84421816199005,1.0,1.0,8.86076202230184e-10,1.1365795864850687e-09,1.1365795851932556e-09
3071,"(1.0, 3.0, 12.0, 13.0, 14.0, 14.0, 14.0)",586555199.9999999,2,-20.652698159327173,3.0,5.0,1.0731171929899756e-09,5.114608139182809e-09,8.5243468724788e-09
3072,"(1.0, 3.0, 13.0, 13.0, 13.0, 13.0, 14.0)",146638799.99999997,1,-20.69107904471636,1.0,1.0,1.0327103895665804e-09,6.819477518910412e-09,6.819477472405139e-09
3073,"(1.0, 4.0, 4.0, 4.0, 7.0, 7.0, 14.0)",484379999.9999998,1,-20.87702806055557,1.0,1.0,8.574758842945596e-10,2.064494818118007e-09,2.0644948138558684e-09
3074,"(1.0, 4.0, 4.0, 4.0, 8.0, 11.0, 14.0)",888029999.9999999,1,-20.8998770154794,2.0,4.0,8.381055946247198e-10,2.252176165219644e-09,4.504352325366991e-09
3075,"(1.0, 4.0, 4.0, 4.0, 8.0, 12.0, 14.0)",968759999.9999996,1,-20.985588492557635,1.0,1.0,7.692627767091748e-10,1.0322474090590035e-09,1.0322474079934688e-09
3076,"(1.0, 4.0, 4.0, 4.0, 8.0, 14.0, 14.0)",484379999.9999998,2,-20.79406848989476,2.0,2.0,9.31645731525215e-10,4.128989636236014e-09,4.128989619187459e-09
3077,"(1.0, 4.0, 4.0, 4.0, 9.0, 11.0, 14.0)",888029999.9999999,1,-21.544737134613897,1.0,1.0,4.397841249112389e-10,1.126088082609822e-09,1.1260880813417477e-09
3078,"(1.0, 4.0, 4.0, 4.0, 12.0, 14.0, 14.0)",484379999.9999998,1,-21.18021445402102,1.0,1.0,6.3321287555681e-10,2.064494818118007e-09,2.0644948138558684e-09
3079,"(1.0, 4.0, 4.0, 6.0, 6.0, 13.0, 14.0)",1516319999.999999,1,-21.17794836284783,1.0,1.0,6.346494207212766e-10,6.594914002321414e-10,6.594913997972125e-10
3080,"(1.0, 4.0, 4.0, 6.0, 7.0, 14.0, 14.0)",1516319999.999999,1,-20.897334267473948,2.0,4.0,8.402393976658371e-10,1.3189828004642828e-09,2.63796559918885e-09
3081,"(1.0, 4.0, 4.0, 6.0, 8.0, 8.0, 14.0)",1332044999.9999998,1,-20.56391553994846,1.0,1.0,1.1727486850800373e-09,7.50725388406548e-10,7.507253878429593e-10
3082,"(1.0, 4.0, 4.0, 6.0, 8.0, 12.0, 14.0)",2906279999.999999,1,-20.950061504074725,1.0,1.0,7.970836360397119e-10,3.440824696863345e-10,3.4408246956794176e-10
3083,"(1.0, 4.0, 4.0, 6.0, 8.0, 14.0, 14.0)",1453139999.9999995,2,-20.758541501411848,2.0,2.0,9.653392698419108e-10,1.376329878745338e-09,1.3763298768510541e-09
3084,"(1.0, 4.0, 4.0, 6.0, 9.0, 9.0, 14.0)",1332044999.9999998,2,-21.85363577821745,2.0,2.0,3.2291377519066677e-10,1.501450776813096e-09,1.5014507745587416e-09
3085,"(1.0, 4.0, 4.0, 6.0, 9.0, 12.0, 14.0)",2906279999.999999,1,-21.59492162320922,1.0,1.0,4.18258429015448e-10,3.440824696863345e-10,3.4408246956794176e-10
3086,"(1.0, 4.0, 4.0, 6.0, 9.0, 14.0, 14.0)",1453139999.9999995,1,-21.403401620546344,1.0,1.0,5.065482067566637e-10,6.88164939372669e-10,6.88164938899098e-10
3087,"(1.0, 4.0, 4.0, 6.0, 11.0, 12.0, 14.0)",2906279999.999999,1,-21.250495991122754,1.0,1.0,5.902375746836953e-10,3.440824696863345e-10,3.4408246956794176e-10
3088,"(1.0, 4.0, 4.0, 6.0, 11.0, 13.0, 14.0)",2906279999.999999,1,-21.13560961781056,1.0,1.0,6.620966207741614e-10,3.440824696863345e-10,3.4408246956794176e-10
3089,"(1.0, 4.0, 4.0, 6.0, 12.0, 13.0, 14.0)",2906279999.999999,1,-21.2213210948888,1.0,1.0,6.077113530957292e-10,3.440824696863345e-10,3.4408246956794176e-10
3090,"(1.0, 4.0, 4.0, 6.0, 13.0, 14.0, 14.0)",1453139999.9999995,1,-21.02980109222592,2.0,4.0,7.359925700981839e-10,1.376329878745338e-09,2.752659755596392e-09
3091,"(1.0, 4.0, 4.0, 7.0, 7.0, 8.0, 14.0)",1453139999.9999993,1,-20.498727839987367,1.0,1.0,1.2517442729202892e-09,6.881649393726691e-10,6.881649388990981e-10
3092,"(1.0, 4.0, 4.0, 7.0, 7.0, 9.0, 14.0)",1453139999.9999993,1,-21.14358795912186,1.0,1.0,6.568352045489013e-10,6.881649393726691e-10,6.881649388990981e-10
3093,"(1.0, 4.0, 4.0, 7.0, 8.0, 11.0, 14.0)",2664089999.9999995,3,-20.66036956097329,7.0,19.0,1.064916376087746e-09,2.627538859422918e-09,7.131891182958245e-09
3094,"(1.0, 4.0, 4.0, 7.0, 8.0, 12.0, 14.0)",2906279999.999999,2,-20.74608103805153,3.0,5.0,9.774430974883821e-10,1.0322474090590035e-09,1.7204123473661378e-09
3095,"(1.0, 4.0, 4.0, 7.0, 8.0, 14.0, 14.0)",1453139999.9999995,1,-20.55456103538865,1.0,1.0,1.1837706400918269e-09,6.88164939372669e-10,6.88164938899098e-10
3096,"(1.0, 4.0, 4.0, 7.0, 9.0, 12.0, 14.0)",2906279999.999999,2,-21.390941157186024,2.0,2.0,5.128995201039555e-10,6.88164939372669e-10,6.88164938899098e-10
3097,"(1.0, 4.0, 4.0, 7.0, 9.0, 14.0, 14.0)",1453139999.9999995,2,-21.199421154523147,3.0,5.0,6.211669966020367e-10,2.064494818118007e-09,3.4408246926012065e-09
3098,"(1.0, 4.0, 4.0, 7.0, 11.0, 11.0, 14.0)",1332044999.9999998,1,-20.96080404802132,1.0,1.0,7.88566758421905e-10,7.50725388406548e-10,7.507253878429593e-10
3099,"(1.0, 4.0, 4.0, 7.0, 11.0, 14.0, 14.0)",1453139999.9999995,3,-20.85499552243668,3.0,3.0,8.76577914785789e-10,2.064494818118007e-09,2.0644948138558684e-09
3100,"(1.0, 4.0, 4.0, 7.0, 12.0, 13.0, 14.0)",2906279999.999999,2,-21.0173406288656,2.0,2.0,7.452207528685904e-10,6.88164939372669e-10,6.88164938899098e-10
3101,"(1.0, 4.0, 4.0, 7.0, 12.0, 14.0, 14.0)",1453139999.9999995,1,-20.94070699951492,1.0,1.0,8.045749426502672e-10,6.88164939372669e-10,6.88164938899098e-10
3102,"(1.0, 4.0, 4.0, 7.0, 13.0, 13.0, 14.0)",1453139999.9999995,1,-20.90245425555341,1.0,1.0,8.359483763287736e-10,6.88164939372669e-10,6.88164938899098e-10
3103,"(1.0, 4.0, 4.0, 7.0, 13.0, 14.0, 14.0)",1453139999.9999995,2,-20.82582062620272,2.0,2.0,9.02528699522023e-10,1.376329878745338e-09,1.3763298768510541e-09
3104,"(1.0, 4.0, 4.0, 7.0, 14.0, 14.0, 14.0)",484379999.9999998,1,-20.749186996852035,1.0,1.0,9.744119093073638e-10,2.064494818118007e-09,2.0644948138558684e-09
3105,"(1.0, 4.0, 4.0, 8.0, 8.0, 8.0, 14.0)",372972600.0,1,-20.22114230786317,2.0,4.0,1.6522260982531929e-09,5.362324202903913e-09,1.0724648377053306e-08
3106,"(1.0, 4.0, 4.0, 8.0, 8.0, 12.0, 14.0)",1278763200.0,1,-20.60728827198943,1.0,1.0,1.1229706779551721e-09,7.820056129234873e-10,7.820056123119546e-10
3107,"(1.0, 4.0, 4.0, 8.0, 8.0, 14.0, 14.0)",639381600.0,2,-20.415768269326552,4.0,10.0,1.3600175004183783e-09,6.256044903387899e-09,1.564011221933165e-08
3108,"(1.0, 4.0, 4.0, 8.0, 9.0, 12.0, 14.0)",2557526400.0,1,-21.252148391123924,1.0,1.0,5.892630714708865e-10,3.9100280646174367e-10,3.910028063088605e-10
3109,"(1.0, 4.0, 4.0, 8.0, 9.0, 13.0, 14.0)",2557526400.0,1,-21.13726201781173,1.0,1.0,6.610034757223912e-10,3.9100280646174367e-10,3.910028063088605e-10
3110,"(1.0, 4.0, 4.0, 8.0, 9.0, 14.0, 14.0)",1278763200.0,1,-21.060628388461048,1.0,1.0,7.136500580852056e-10,7.820056129234873e-10,7.820056123119546e-10
3111,"(1.0, 4.0, 4.0, 8.0, 11.0, 11.0, 14.0)",1118917799.9999998,1,-20.82201128195922,1.0,1.0,9.059732986947452e-10,8.937207004839857e-10,8.93720699685249e-10
3112,"(1.0, 4.0, 4.0, 8.0, 11.0, 12.0, 14.0)",2557526400.0,2,-20.90772275903745,2.0,2.0,8.315557608112128e-10,7.820056129234873e-10,7.820056123119546e-10
3113,"(1.0, 4.0, 4.0, 8.0, 11.0, 14.0, 14.0)",1278763200.0,1,-20.71620275637457,1.0,1.0,1.0070880829553753e-09,7.820056129234873e-10,7.820056123119546e-10
3114,"(1.0, 4.0, 4.0, 8.0, 13.0, 13.0, 14.0)",1336888799.9999998,1,-20.76366148949131,1.0,1.0,9.60409375557134e-10,7.480053688833358e-10,7.480053683238238e-10
3115,"(1.0, 4.0, 4.0, 8.0, 13.0, 14.0, 14.0)",1336888799.9999998,2,-20.687027860140624,3.0,5.0,1.0369025758947453e-09,2.2440161066500076e-09,3.740026839381071e-09
3116,"(1.0, 4.0, 4.0, 8.0, 14.0, 14.0, 14.0)",445629600.0,1,-20.610394230789936,1.0,1.0,1.119488188329541e-09,2.244016106650007e-09,2.2440161016143988e-09
3117,"(1.0, 4.0, 4.0, 9.0, 11.0, 13.0, 14.0)",2557526400.0,1,-21.43769650485976,1.0,1.0,4.8947070386029e-10,3.9100280646174367e-10,3.910028063088605e-10
3118,"(1.0, 4.0, 4.0, 9.0, 11.0, 14.0, 14.0)",1278763200.0,2,-21.36106287550908,2.0,2.0,5.284553093448559e-10,1.5640112258469747e-09,1.5640112234008436e-09
3119,"(1.0, 4.0, 4.0, 9.0, 12.0, 13.0, 14.0)",2673777599.9999995,1,-21.523407981938,1.0,1.0,4.4926509879457195e-10,3.740026844416679e-10,3.740026843017899e-10
3120,"(1.0, 4.0, 4.0, 9.0, 14.0, 14.0, 14.0)",445629600.0,1,-21.25525434992443,1.0,1.0,5.874356840123809e-10,2.244016106650007e-09,2.2440161016143988e-09
3121,"(1.0, 4.0, 4.0, 11.0, 12.0, 13.0, 14.0)",2673777599.9999995,1,-21.178982349851523,1.0,1.0,6.339935406125378e-10,3.740026844416679e-10,3.740026843017899e-10
3122,"(1.0, 4.0, 4.0, 11.0, 12.0, 14.0, 14.0)",1336888799.9999998,1,-21.10234872050084,1.0,1.0,6.844888774439737e-10,7.480053688833358e-10,7.480053683238238e-10
3123,"(1.0, 4.0, 4.0, 11.0, 14.0, 14.0, 14.0)",445629600.0,1,-20.91082871783796,1.0,1.0,8.289769897292894e-10,2.244016106650007e-09,2.2440161016143988e-09
3124,"(1.0, 4.0, 4.0, 12.0, 14.0, 14.0, 14.0)",426254400.0,1,-20.9965401949162,1.0,1.0,7.608840043988806e-10,2.346016838770462e-09,2.346016833266667e-09
3125,"(1.0, 4.0, 4.0, 13.0, 14.0, 14.0, 14.0)",426254400.0,1,-20.881653821604004,1.0,1.0,8.535185656107761e-10,2.346016838770462e-09,2.346016833266667e-09
3126,"(1.0, 4.0, 6.0, 6.0, 6.0, 14.0, 14.0)",505439999.9999997,1,-21.06578774501424,2.0,4.0,7.099775649785173e-10,3.9569484013928485e-09,7.913896787128257e-09
3127,"(1.0, 4.0, 6.0, 6.0, 7.0, 11.0, 14.0)",2906279999.9999986,1,-20.96761580457568,1.0,1.0,7.832134869270832e-10,3.4408246968633457e-10,3.440824695679418e-10
3128,"(1.0, 4.0, 6.0, 6.0, 7.0, 14.0, 14.0)",1516319999.999999,1,-20.86180727899104,1.0,1.0,8.706271699514468e-10,6.594914002321414e-10,6.594913997972125e-10
3129,"(1.0, 4.0, 6.0, 6.0, 8.0, 8.0, 14.0)",1332044999.9999998,1,-20.52838855146556,1.0,1.0,1.215161859336627e-09,7.50725388406548e-10,7.507253878429593e-10
3130,"(1.0, 4.0, 6.0, 6.0, 8.0, 9.0, 14.0)",2664089999.9999995,1,-21.17324867060005,1.0,1.0,6.376390974614239e-10,3.75362694203274e-10,3.7536269406237686e-10
3131,"(1.0, 4.0, 6.0, 6.0, 8.0, 11.0, 14.0)",2664089999.9999995,1,-20.828823038513576,2.0,4.0,8.9982300008886e-10,7.50725388406548e-10,1.5014507762495075e-09
3132,"(1.0, 4.0, 6.0, 6.0, 8.0, 12.0, 14.0)",2906279999.999999,1,-20.91453451559181,1.0,1.0,8.259106537823368e-10,3.440824696863345e-10,3.4408246956794176e-10
3133,"(1.0, 4.0, 6.0, 6.0, 8.0, 14.0, 14.0)",1453139999.9999995,1,-20.723014512928938,1.0,1.0,1.0002513556020002e-09,6.88164939372669e-10,6.88164938899098e-10
3134,"(1.0, 4.0, 6.0, 6.0, 9.0, 13.0, 14.0)",2906279999.999999,1,-21.44450826141412,1.0,1.0,4.861478785718252e-10,3.440824696863345e-10,3.4408246956794176e-10
3135,"(1.0, 4.0, 6.0, 6.0, 12.0, 13.0, 14.0)",2906279999.999999,1,-21.185794106405886,1.0,1.0,6.29689606275189e-10,3.440824696863345e-10,3.4408246956794176e-10
3136,"(1.0, 4.0, 6.0, 6.0, 12.0, 14.0, 14.0)",1453139999.9999995,1,-21.1091604770552,1.0,1.0,6.798421500020533e-10,6.88164939372669e-10,6.88164938899098e-10
3137,"(1.0, 4.0, 6.0, 6.0, 13.0, 14.0, 14.0)",1453139999.9999995,1,-20.99427410374301,2.0,4.0,7.626101920356655e-10,1.376329878745338e-09,2.752659755596392e-09
3138,"(1.0, 4.0, 6.0, 7.0, 7.0, 9.0, 14.0)",2906279999.9999986,1,-21.108060970638952,1.0,1.0,6.80590051894136e-10,3.4408246968633457e-10,3.440824695679418e-10
3139,"(1.0, 4.0, 6.0, 7.0, 7.0, 12.0, 14.0)",3032639999.999998,1,-20.84934681563072,1.0,1.0,8.81543457663593e-10,3.297457001160707e-10,3.297457000073385e-10
3140,"(1.0, 4.0, 6.0, 7.0, 7.0, 14.0, 14.0)",1516319999.999999,2,-20.65782681296784,2.0,2.0,1.067627635643108e-09,1.3189828004642828e-09,1.3189827987245671e-09
3141,"(1.0, 4.0, 6.0, 7.0, 8.0, 8.0, 14.0)",2664089999.9999995,1,-20.32440808544236,1.0,1.0,1.4901216359691556e-09,3.75362694203274e-10,3.7536269406237686e-10
3142,"(1.0, 4.0, 6.0, 7.0, 8.0, 9.0, 14.0)",5328179999.999999,4,-20.96926820457685,4.0,4.0,7.81920373624809e-10,7.50725388406548e-10,7.507253878429593e-10
3143,"(1.0, 4.0, 6.0, 7.0, 8.0, 11.0, 14.0)",5328179999.999999,2,-20.62484257249038,2.0,2.0,1.103429728865146e-09,3.75362694203274e-10,3.7536269406237686e-10
3144,"(1.0, 4.0, 6.0, 7.0, 8.0, 13.0, 14.0)",5812559999.999998,1,-20.595667676256426,2.0,4.0,1.1360963827727235e-09,3.440824696863345e-10,6.881649392542763e-10
3145,"(1.0, 4.0, 6.0, 7.0, 8.0, 14.0, 14.0)",2906279999.999999,1,-20.519034046905738,1.0,1.0,1.2265824301000529e-09,3.440824696863345e-10,3.4408246956794176e-10
3146,"(1.0, 4.0, 6.0, 7.0, 9.0, 9.0, 14.0)",2664089999.9999995,1,-21.61412832371135,1.0,1.0,4.103017202967515e-10,3.75362694203274e-10,3.7536269406237686e-10
3147,"(1.0, 4.0, 6.0, 7.0, 9.0, 12.0, 14.0)",5812559999.999998,1,-21.35541416870312,1.0,1.0,5.314488452910545e-10,1.7204123484316726e-10,1.7204123481356908e-10
3148,"(1.0, 4.0, 6.0, 7.0, 9.0, 13.0, 14.0)",5812559999.999998,1,-21.24052779539092,1.0,1.0,5.961506004935449e-10,1.7204123484316726e-10,1.7204123481356908e-10
3149,"(1.0, 4.0, 6.0, 7.0, 11.0, 11.0, 14.0)",2664089999.9999995,1,-20.92527705953841,1.0,1.0,8.170857580706916e-10,3.75362694203274e-10,3.7536269406237686e-10
3150,"(1.0, 4.0, 6.0, 7.0, 11.0, 12.0, 14.0)",5812559999.999998,1,-21.010988536616644,1.0,1.0,7.499695302051169e-10,1.7204123484316726e-10,1.7204123481356908e-10
3151,"(1.0, 4.0, 6.0, 7.0, 11.0, 13.0, 14.0)",5812559999.999998,1,-20.89610216330445,1.0,1.0,8.412752981686921e-10,1.7204123484316726e-10,1.7204123481356908e-10
3152,"(1.0, 4.0, 6.0, 7.0, 12.0, 12.0, 14.0)",2906279999.999999,1,-21.09670001369488,1.0,1.0,6.883662953129359e-10,3.440824696863345e-10,3.4408246956794176e-10
3153,"(1.0, 4.0, 6.0, 7.0, 12.0, 13.0, 14.0)",5812559999.999998,1,-20.98181364038269,1.0,1.0,7.721721176862751e-10,1.7204123484316726e-10,1.7204123481356908e-10
3154,"(1.0, 4.0, 6.0, 7.0, 12.0, 14.0, 14.0)",2906279999.999999,2,-20.905180011032,3.0,5.0,8.336728880833076e-10,1.0322474090590035e-09,1.7204123473661378e-09
3155,"(1.0, 4.0, 6.0, 7.0, 13.0, 13.0, 14.0)",2906279999.999999,1,-20.86692726707049,1.0,1.0,8.66180961200394e-10,3.440824696863345e-10,3.4408246956794176e-10
3156,"(1.0, 4.0, 6.0, 7.0, 13.0, 14.0, 14.0)",2906279999.999999,1,-20.79029363771981,1.0,1.0,9.351692025482959e-10,3.440824696863345e-10,3.4408246956794176e-10
3157,"(1.0, 4.0, 6.0, 7.0, 14.0, 14.0, 14.0)",968759999.9999996,4,-20.713660008369125,4.0,4.0,1.0096521126287955e-09,4.128989636236014e-09,4.128989619187459e-09
3158,"(1.0, 4.0, 6.0, 8.0, 8.0, 8.0, 14.0)",745945199.9999999,1,-20.18561531938025,2.0,4.0,1.711979866735782e-09,2.681162101451957e-09,5.362324195715283e-09
3159,"(1.0, 4.0, 6.0, 8.0, 8.0, 11.0, 14.0)",2237835599.9999995,2,-20.486049806428284,3.0,5.0,1.2677149533140043e-09,1.3405810507259786e-09,2.234301749412807e-09
3160,"(1.0, 4.0, 6.0, 8.0, 8.0, 14.0, 14.0)",1278763200.0,1,-20.38024128084364,1.0,1.0,1.4092033660442579e-09,7.820056129234873e-10,7.820056123119546e-10
3161,"(1.0, 4.0, 6.0, 8.0, 9.0, 11.0, 14.0)",4475671199.999999,2,-21.130909925562776,2.0,2.0,6.652155944976549e-10,4.4686035024199283e-10,4.4686035004230864e-10
3162,"(1.0, 4.0, 6.0, 8.0, 9.0, 12.0, 14.0)",5115052800.0,2,-21.21662140264101,3.0,5.0,6.105741312497107e-10,5.865042096926155e-10,9.77507015810372e-10
3163,"(1.0, 4.0, 6.0, 8.0, 9.0, 13.0, 14.0)",5115052800.0,1,-21.10173502932882,1.0,1.0,6.849090711468002e-10,1.9550140323087183e-10,1.9550140319265102e-10
3164,"(1.0, 4.0, 6.0, 8.0, 9.0, 14.0, 14.0)",2557526400.0,1,-21.025101399978134,3.0,9.0,7.394596493956743e-10,1.173008419385231e-09,3.519025256779744e-09
3165,"(1.0, 4.0, 6.0, 8.0, 11.0, 11.0, 14.0)",2237835599.9999995,2,-20.786484293476303,2.0,2.0,9.387383777591953e-10,8.937207004839857e-10,8.93720699685249e-10
3166,"(1.0, 4.0, 6.0, 8.0, 11.0, 12.0, 14.0)",5115052800.0,1,-20.872195770554544,1.0,1.0,8.61629484053083e-10,1.9550140323087183e-10,1.9550140319265102e-10
3167,"(1.0, 4.0, 6.0, 8.0, 11.0, 13.0, 14.0)",5115052800.0,1,-20.757309397242352,1.0,1.0,9.665294014137377e-10,1.9550140323087183e-10,1.9550140319265102e-10
3168,"(1.0, 4.0, 6.0, 8.0, 11.0, 14.0, 14.0)",2557526400.0,1,-20.680675767891664,1.0,1.0,1.043510040104033e-09,3.9100280646174367e-10,3.910028063088605e-10
3169,"(1.0, 4.0, 6.0, 8.0, 12.0, 13.0, 13.0)",2673777599.9999995,1,-20.919654503671275,1.0,1.0,8.216928079544267e-10,3.740026844416679e-10,3.740026843017899e-10
3170,"(1.0, 4.0, 6.0, 8.0, 12.0, 13.0, 14.0)",5347555199.999999,2,-20.843020874320587,2.0,2.0,8.871377256889851e-10,3.740026844416679e-10,3.740026843017899e-10
3171,"(1.0, 4.0, 6.0, 8.0, 12.0, 14.0, 14.0)",2673777599.9999995,2,-20.766387244969906,3.0,5.0,9.577950989979572e-10,1.1220080533250038e-09,1.8700134209494377e-09
3172,"(1.0, 4.0, 6.0, 8.0, 13.0, 13.0, 14.0)",2673777599.9999995,1,-20.7281345010084,1.0,1.0,9.951431686718929e-10,3.740026844416679e-10,3.740026843017899e-10
3173,"(1.0, 4.0, 6.0, 8.0, 13.0, 14.0, 14.0)",2673777599.9999995,2,-20.65150087165771,2.0,2.0,1.0744027924356378e-09,7.480053688833358e-10,7.480053683238238e-10
3174,"(1.0, 4.0, 6.0, 8.0, 14.0, 14.0, 14.0)",891259199.9999999,1,-20.574867242307025,1.0,1.0,1.1599751641103656e-09,1.1220080533250038e-09,1.1220080520661017e-09
3175,"(1.0, 4.0, 6.0, 9.0, 9.0, 12.0, 14.0)",2557526400.0,1,-21.86148152177551,1.0,1.0,3.203901891686203e-10,3.9100280646174367e-10,3.910028063088605e-10
3176,"(1.0, 4.0, 6.0, 9.0, 9.0, 13.0, 14.0)",2557526400.0,1,-21.74659514846332,1.0,1.0,3.593964035438019e-10,3.9100280646174367e-10,3.910028063088605e-10
3177,"(1.0, 4.0, 6.0, 9.0, 9.0, 14.0, 14.0)",1278763200.0,1,-21.66996151911264,1.0,1.0,3.880210523618582e-10,7.820056129234873e-10,7.820056123119546e-10
3178,"(1.0, 4.0, 6.0, 9.0, 11.0, 13.0, 14.0)",5115052800.0,4,-21.402169516376848,5.0,7.0,5.071727115627429e-10,9.775070161543592e-10,1.3685098216605827e-09
3179,"(1.0, 4.0, 6.0, 9.0, 11.0, 14.0, 14.0)",2557526400.0,1,-21.325535887026163,2.0,4.0,5.475672191744926e-10,7.820056129234873e-10,1.564011225235442e-09
3180,"(1.0, 4.0, 6.0, 9.0, 12.0, 13.0, 14.0)",5347555199.999999,1,-21.48788099345509,1.0,1.0,4.655130461723885e-10,1.8700134222083395e-10,1.8700134218586445e-10
3181,"(1.0, 4.0, 6.0, 9.0, 13.0, 14.0, 14.0)",2673777599.9999995,1,-21.29636099079221,1.0,1.0,5.637777565308719e-10,3.740026844416679e-10,3.740026843017899e-10
3182,"(1.0, 4.0, 6.0, 9.0, 14.0, 14.0, 14.0)",891259199.9999999,2,-21.21972736144152,2.0,2.0,6.086806552048775e-10,2.2440161066500076e-09,2.244016101614399e-09
3183,"(1.0, 4.0, 6.0, 11.0, 11.0, 11.0, 14.0)",745945199.9999999,1,-21.086918780524336,1.0,1.0,6.951324030487146e-10,1.3405810507259784e-09,1.3405810489288208e-09
3184,"(1.0, 4.0, 6.0, 11.0, 11.0, 13.0, 14.0)",2557526400.0,3,-21.05774388429038,3.0,3.0,7.1571155642506e-10,1.173008419385231e-09,1.1730084180092822e-09
3185,"(1.0, 4.0, 6.0, 11.0, 11.0, 14.0, 14.0)",1278763200.0,3,-20.981110254939694,4.0,6.0,7.727154433746324e-10,3.1280224516939493e-09,4.6920336677563996e-09
3186,"(1.0, 4.0, 6.0, 11.0, 12.0, 12.0, 14.0)",2673777599.9999995,1,-21.258341734680805,1.0,1.0,5.856248408593892e-10,3.740026844416679e-10,3.740026843017899e-10
3187,"(1.0, 4.0, 6.0, 11.0, 12.0, 14.0, 14.0)",2673777599.9999995,1,-21.066821732017928,1.0,1.0,7.092438368014904e-10,3.740026844416679e-10,3.740026843017899e-10
3188,"(1.0, 4.0, 6.0, 11.0, 13.0, 13.0, 14.0)",2673777599.9999995,1,-21.028568988056424,1.0,1.0,7.368999484900804e-10,3.740026844416679e-10,3.740026843017899e-10
3189,"(1.0, 4.0, 6.0, 11.0, 13.0, 14.0, 14.0)",2673777599.9999995,3,-20.95193535870574,3.0,3.0,7.955914157156353e-10,1.1220080533250038e-09,1.1220080520661017e-09
3190,"(1.0, 4.0, 6.0, 12.0, 12.0, 14.0, 14.0)",1278763199.9999998,1,-21.152533209096163,1.0,1.0,6.509858504238781e-10,7.820056129234874e-10,7.820056123119547e-10
3191,"(1.0, 4.0, 6.0, 12.0, 14.0, 14.0, 14.0)",852508799.9999999,1,-20.96101320643329,2.0,4.0,7.884018402985891e-10,2.3460168387704623e-09,4.6920336720371295e-09
3192,"(1.0, 4.0, 7.0, 7.0, 7.0, 8.0, 14.0)",968759999.9999996,1,-20.259220385481257,1.0,1.0,1.590495259137062e-09,1.0322474090590035e-09,1.0322474079934688e-09
3193,"(1.0, 4.0, 7.0, 7.0, 7.0, 11.0, 14.0)",968759999.9999996,1,-20.559654872529286,1.0,1.0,1.1777560369489307e-09,1.0322474090590035e-09,1.0322474079934688e-09
3194,"(1.0, 4.0, 7.0, 7.0, 7.0, 14.0, 14.0)",505439999.9999997,1,-20.453846346944644,1.0,1.0,1.3092042239532394e-09,1.9784742006964242e-09,1.978474196782064e-09
3195,"(1.0, 4.0, 7.0, 7.0, 8.0, 8.0, 14.0)",1332044999.9999998,3,-20.12042761941916,5.0,9.0,1.827297715874306e-09,3.75362694203274e-09,6.756528481569216e-09
3196,"(1.0, 4.0, 7.0, 7.0, 8.0, 9.0, 14.0)",2664089999.9999995,1,-20.765287738553653,1.0,1.0,9.588487800131286e-10,3.75362694203274e-10,3.7536269406237686e-10
3197,"(1.0, 4.0, 7.0, 7.0, 8.0, 11.0, 14.0)",2664089999.9999995,1,-20.420862106467183,1.0,1.0,1.3531074071491536e-09,3.75362694203274e-10,3.7536269406237686e-10
3198,"(1.0, 4.0, 7.0, 7.0, 8.0, 12.0, 12.0)",1453139999.9999995,1,-20.69809358620829,1.0,1.0,1.0254917470223306e-09,6.88164939372669e-10,6.88164938899098e-10
3199,"(1.0, 4.0, 7.0, 7.0, 8.0, 12.0, 14.0)",2906279999.999999,3,-20.50657358354542,3.0,3.0,1.24196183378944e-09,1.0322474090590035e-09,1.0322474079934688e-09
3200,"(1.0, 4.0, 7.0, 7.0, 8.0, 14.0, 14.0)",1453139999.9999995,5,-20.31505358088254,6.0,8.0,1.5041263872365973e-09,4.128989636236014e-09,5.505319497932797e-09
3201,"(1.0, 4.0, 7.0, 7.0, 9.0, 12.0, 12.0)",1453139999.9999995,1,-21.3429537053428,1.0,1.0,5.381123732622854e-10,6.88164939372669e-10,6.88164938899098e-10
3202,"(1.0, 4.0, 7.0, 7.0, 9.0, 14.0, 14.0)",1453139999.9999995,7,-20.95991370001704,10.0,18.0,7.892691699104394e-10,6.88164939372669e-09,1.2386968861350946e-08
3203,"(1.0, 4.0, 7.0, 7.0, 11.0, 11.0, 14.0)",1332044999.9999998,1,-20.721296593515213,1.0,1.0,1.0019711836644321e-09,7.50725388406548e-10,7.507253878429593e-10
3204,"(1.0, 4.0, 7.0, 7.0, 11.0, 12.0, 14.0)",2906279999.999999,1,-20.807008070593447,1.0,1.0,9.19668285084546e-10,3.440824696863345e-10,3.4408246956794176e-10
3205,"(1.0, 4.0, 7.0, 7.0, 11.0, 13.0, 14.0)",2906279999.999999,2,-20.69212169728125,2.0,2.0,1.0316341925773816e-09,6.88164939372669e-10,6.88164938899098e-10
3206,"(1.0, 4.0, 7.0, 7.0, 11.0, 14.0, 14.0)",1453139999.9999995,4,-20.61548806793057,4.0,4.0,1.113800196967093e-09,2.752659757490676e-09,2.7526597499135404e-09
3207,"(1.0, 4.0, 7.0, 7.0, 12.0, 13.0, 14.0)",2906279999.999999,1,-20.777833174359493,1.0,1.0,9.468947452684042e-10,3.440824696863345e-10,3.4408246956794176e-10
3208,"(1.0, 4.0, 7.0, 7.0, 12.0, 14.0, 14.0)",1453139999.9999995,4,-20.701199545008805,5.0,7.0,1.0223115532378532e-09,3.440824696863345e-09,4.817154563769409e-09
3209,"(1.0, 4.0, 7.0, 7.0, 13.0, 14.0, 14.0)",1453139999.9999995,1,-20.586313171696613,1.0,1.0,1.1467738649812225e-09,6.88164939372669e-10,6.88164938899098e-10
3210,"(1.0, 4.0, 7.0, 8.0, 8.0, 8.0, 14.0)",745945199.9999999,2,-19.981634853357058,2.0,2.0,2.0993567401458924e-09,2.681162101451957e-09,2.681162094263327e-09
3211,"(1.0, 4.0, 7.0, 8.0, 8.0, 9.0, 14.0)",2237835599.9999995,3,-20.62649497249156,4.0,6.0,1.1016079271669552e-09,1.7874414009679713e-09,2.6811620982570106e-09
3212,"(1.0, 4.0, 7.0, 8.0, 8.0, 11.0, 14.0)",2237835599.9999995,2,-20.282069340405087,2.0,2.0,1.5545661392022926e-09,8.937207004839857e-10,8.93720699685249e-10
3213,"(1.0, 4.0, 7.0, 8.0, 8.0, 13.0, 14.0)",2557526400.0,3,-20.25289444417113,3.0,3.0,1.6005885298605498e-09,1.173008419385231e-09,1.1730084180092822e-09
3214,"(1.0, 4.0, 7.0, 8.0, 8.0, 14.0, 14.0)",1278763200.0,4,-20.176260814820445,5.0,7.0,1.728069729220647e-09,3.910028064617437e-09,5.4740392751760915e-09
3215,"(1.0, 4.0, 7.0, 8.0, 9.0, 11.0, 14.0)",4475671199.999999,3,-20.92692945953958,5.0,11.0,8.157367204449407e-10,1.1171508756049822e-09,2.4577319250829345e-09
3216,"(1.0, 4.0, 7.0, 8.0, 9.0, 13.0, 14.0)",5115052800.0,2,-20.897754563305625,3.0,5.0,8.398863227525417e-10,5.865042096926155e-10,9.77507015810372e-10
3217,"(1.0, 4.0, 7.0, 8.0, 9.0, 14.0, 14.0)",2557526400.0,1,-20.821120933954937,1.0,1.0,9.067802894111491e-10,3.9100280646174367e-10,3.910028063088605e-10
3218,"(1.0, 4.0, 7.0, 8.0, 11.0, 11.0, 14.0)",2237835599.9999995,3,-20.58250382745311,4.0,6.0,1.151150652454806e-09,1.7874414009679713e-09,2.6811620982570106e-09
3219,"(1.0, 4.0, 7.0, 8.0, 11.0, 12.0, 14.0)",5115052800.0,2,-20.668215304531348,2.0,2.0,1.0565940055733407e-09,3.9100280646174367e-10,3.910028063088605e-10
3220,"(1.0, 4.0, 7.0, 8.0, 11.0, 13.0, 14.0)",5115052800.0,3,-20.55332893121916,3.0,3.0,1.1852300677320196e-09,5.865042096926155e-10,5.865042093486283e-10
3221,"(1.0, 4.0, 7.0, 8.0, 11.0, 14.0, 14.0)",2557526400.0,7,-20.476695301868467,8.0,10.0,1.2796294387966779e-09,3.1280224516939493e-09,3.9100280548329125e-09
3222,"(1.0, 4.0, 7.0, 8.0, 12.0, 12.0, 14.0)",2673777599.9999995,1,-20.753926781609582,1.0,1.0,9.698043346740403e-10,3.740026844416679e-10,3.740026843017899e-10
3223,"(1.0, 4.0, 7.0, 8.0, 12.0, 13.0, 14.0)",5347555199.999999,1,-20.63904040829739,1.0,1.0,1.087874104158674e-09,1.8700134222083395e-10,1.8700134218586445e-10
3224,"(1.0, 4.0, 7.0, 8.0, 12.0, 14.0, 14.0)",2673777599.9999995,2,-20.562406778946706,2.0,2.0,1.1745194180314544e-09,7.480053688833358e-10,7.480053683238238e-10
3225,"(1.0, 4.0, 7.0, 8.0, 13.0, 13.0, 14.0)",2673777599.9999995,1,-20.5241540349852,1.0,1.0,1.2203183922629178e-09,3.740026844416679e-10,3.740026843017899e-10
3226,"(1.0, 4.0, 7.0, 8.0, 13.0, 14.0, 14.0)",2673777599.9999995,1,-20.44752040563452,1.0,1.0,1.3175124239235153e-09,3.740026844416679e-10,3.740026843017899e-10
3227,"(1.0, 4.0, 7.0, 9.0, 9.0, 9.0, 14.0)",745945199.9999999,1,-21.916215210760548,2.0,4.0,3.033253237177318e-10,2.681162101451957e-09,5.362324195715283e-09
3228,"(1.0, 4.0, 7.0, 9.0, 9.0, 11.0, 14.0)",2237835599.9999995,1,-21.57178957867408,1.0,1.0,4.2804637274790924e-10,4.4686035024199283e-10,4.4686035004230864e-10
3229,"(1.0, 4.0, 7.0, 9.0, 9.0, 12.0, 14.0)",2557526400.0,1,-21.65750105575232,1.0,1.0,3.92886222657644e-10,3.9100280646174367e-10,3.910028063088605e-10
3230,"(1.0, 4.0, 7.0, 9.0, 9.0, 14.0, 14.0)",1278763200.0,1,-21.46598105308944,1.0,1.0,4.758202052618504e-10,7.820056129234873e-10,7.820056123119546e-10
3231,"(1.0, 4.0, 7.0, 9.0, 11.0, 11.0, 14.0)",2237835599.9999995,1,-21.22736394658761,1.0,1.0,6.040501168084015e-10,4.4686035024199283e-10,4.4686035004230864e-10
3232,"(1.0, 4.0, 7.0, 9.0, 11.0, 12.0, 14.0)",5115052800.0,2,-21.313075423665843,2.0,2.0,5.544328460611219e-10,3.9100280646174367e-10,3.910028063088605e-10
3233,"(1.0, 4.0, 7.0, 9.0, 11.0, 13.0, 14.0)",5115052800.0,1,-21.19818905035365,1.0,1.0,6.219328107330146e-10,1.9550140323087183e-10,1.9550140319265102e-10
3234,"(1.0, 4.0, 7.0, 9.0, 11.0, 14.0, 14.0)",2557526400.0,8,-21.121555421002967,8.0,8.0,6.71467553207115e-10,3.1280224516939493e-09,3.1280224419094247e-09
3235,"(1.0, 4.0, 7.0, 9.0, 12.0, 13.0, 14.0)",5347555199.999999,1,-21.28390052743189,1.0,1.0,5.708466379170828e-10,1.8700134222083395e-10,1.8700134218586445e-10
3236,"(1.0, 4.0, 7.0, 9.0, 12.0, 14.0, 14.0)",2673777599.9999995,2,-21.2072668980812,2.0,2.0,6.163125479212566e-10,7.480053688833358e-10,7.480053683238238e-10
3237,"(1.0, 4.0, 7.0, 9.0, 13.0, 13.0, 14.0)",2673777599.9999995,2,-21.169014154119694,2.0,2.0,6.403449156006983e-10,7.480053688833358e-10,7.480053683238238e-10
3238,"(1.0, 4.0, 7.0, 9.0, 13.0, 14.0, 14.0)",2673777599.9999995,2,-21.09238052476901,2.0,2.0,6.913461169225831e-10,7.480053688833358e-10,7.480053683238238e-10
3239,"(1.0, 4.0, 7.0, 9.0, 14.0, 14.0, 14.0)",891259199.9999999,2,-21.015746895418324,2.0,2.0,7.464093830362766e-10,2.2440161066500076e-09,2.244016101614399e-09
3240,"(1.0, 4.0, 7.0, 11.0, 11.0, 11.0, 14.0)",745945199.9999999,1,-20.88293831450114,1.0,1.0,8.52422930893825e-10,1.3405810507259784e-09,1.3405810489288208e-09
3241,"(1.0, 4.0, 7.0, 11.0, 11.0, 13.0, 14.0)",2557526400.0,1,-20.853763418267185,1.0,1.0,8.776586157208328e-10,3.9100280646174367e-10,3.910028063088605e-10
3242,"(1.0, 4.0, 7.0, 11.0, 11.0, 14.0, 14.0)",1278763200.0,1,-20.777129788916497,1.0,1.0,9.475610115418048e-10,7.820056129234873e-10,7.820056123119546e-10
3243,"(1.0, 4.0, 7.0, 11.0, 12.0, 13.0, 13.0)",2673777599.9999995,1,-21.016108524696104,2.0,4.0,7.46139508350396e-10,7.480053688833358e-10,1.4960107372071596e-09
3244,"(1.0, 4.0, 7.0, 11.0, 12.0, 13.0, 14.0)",5347555199.999999,1,-20.93947489534542,1.0,1.0,8.055668737475159e-10,1.8700134222083395e-10,1.8700134218586445e-10
3245,"(1.0, 4.0, 7.0, 11.0, 12.0, 14.0, 14.0)",2673777599.9999995,3,-20.86284126599473,3.0,3.0,8.697274180187219e-10,1.1220080533250038e-09,1.1220080520661017e-09
3246,"(1.0, 4.0, 7.0, 11.0, 13.0, 13.0, 14.0)",2673777599.9999995,1,-20.824588522033228,1.0,1.0,9.036413942329237e-10,3.740026844416679e-10,3.740026843017899e-10
3247,"(1.0, 4.0, 7.0, 11.0, 13.0, 14.0, 14.0)",2673777599.9999995,3,-20.747954892682543,3.0,3.0,9.756132262054295e-10,1.1220080533250038e-09,1.1220080520661017e-09
3248,"(1.0, 4.0, 7.0, 12.0, 12.0, 14.0, 14.0)",1278763199.9999998,1,-20.94855274307297,1.0,1.0,7.982871524258972e-10,7.820056129234874e-10,7.820056123119547e-10
3249,"(1.0, 4.0, 7.0, 12.0, 13.0, 14.0, 14.0)",2557526399.9999995,1,-20.833666369760778,1.0,1.0,8.95475396177303e-10,3.910028064617437e-10,3.9100280630886053e-10
3250,"(1.0, 4.0, 7.0, 12.0, 14.0, 14.0, 14.0)",852508799.9999999,1,-20.75703274041009,1.0,1.0,9.667968353682311e-10,1.1730084193852312e-09,1.1730084180092824e-09
3251,"(1.0, 4.0, 7.0, 13.0, 13.0, 14.0, 14.0)",1278763199.9999998,2,-20.718779996448585,2.0,2.0,1.0044959169417843e-09,1.5640112258469749e-09,1.5640112234008438e-09
3252,"(1.0, 4.0, 7.0, 13.0, 14.0, 14.0, 14.0)",852508799.9999999,2,-20.6421463670979,3.0,5.0,1.0845004539324475e-09,3.5190252581556933e-09,5.865042084542617e-09
3253,"(1.0, 4.0, 8.0, 8.0, 8.0, 9.0, 14.0)",573803999.9999996,1,-20.487702206429454,1.0,1.0,1.2656219108715736e-09,1.7427553659437728e-09,1.7427553629065765e-09
3254,"(1.0, 4.0, 8.0, 8.0, 8.0, 12.0, 14.0)",688564799.9999996,1,-20.228988051421226,1.0,1.0,1.6393138752167234e-09,1.4522961382864772e-09,1.452296136177313e-09
3255,"(1.0, 4.0, 8.0, 8.0, 8.0, 13.0, 14.0)",688564799.9999996,1,-20.11410167810903,1.0,1.0,1.8388937331731861e-09,1.4522961382864772e-09,1.452296136177313e-09
3256,"(1.0, 4.0, 8.0, 8.0, 9.0, 12.0, 13.0)",2065694399.9999988,1,-20.9504817999064,2.0,4.0,7.967486955019755e-10,9.681974255243182e-10,1.9363948501112302e-09
3257,"(1.0, 4.0, 8.0, 8.0, 9.0, 13.0, 14.0)",2065694399.9999988,2,-20.75896179724353,3.0,5.0,9.64933627021603e-10,1.4522961382864774e-09,2.420493561701631e-09
3258,"(1.0, 4.0, 8.0, 8.0, 11.0, 11.0, 14.0)",860705999.9999995,1,-20.443711061391014,1.0,1.0,1.3225408537207175e-09,1.1618369106291818e-09,1.1618369092793167e-09
3259,"(1.0, 4.0, 8.0, 8.0, 11.0, 12.0, 14.0)",2065694399.9999988,1,-20.529422538469248,1.0,1.0,1.2139060471253346e-09,4.840987127621591e-10,4.840987125278076e-10
3260,"(1.0, 4.0, 8.0, 8.0, 11.0, 14.0, 14.0)",1032847199.9999994,3,-20.33790253580637,3.0,3.0,1.4701483309968092e-09,2.9045922765729548e-09,2.9045922681362986e-09
3261,"(1.0, 4.0, 8.0, 8.0, 13.0, 14.0, 14.0)",1131213599.9999998,1,-20.30872763957241,1.0,1.0,1.5136715617610193e-09,8.840063450439424e-10,8.840063442624752e-10
3262,"(1.0, 4.0, 8.0, 9.0, 9.0, 11.0, 14.0)",1721411999.999999,1,-21.43299681261197,1.0,1.0,4.917764795067148e-10,5.809184553145909e-10,5.809184549771247e-10
3263,"(1.0, 4.0, 8.0, 9.0, 9.0, 14.0, 14.0)",1032847199.9999994,3,-21.327188287027333,3.0,3.0,5.466631662351312e-10,2.9045922765729548e-09,2.9045922681362986e-09
3264,"(1.0, 4.0, 8.0, 9.0, 11.0, 12.0, 14.0)",4131388799.9999976,1,-21.174282657603744,1.0,1.0,6.369801276634151e-10,2.4204935638107955e-10,2.4204935632249164e-10
3265,"(1.0, 4.0, 8.0, 9.0, 11.0, 14.0, 14.0)",2065694399.9999988,2,-20.982762654940863,3.0,5.0,7.714396627153629e-10,1.4522961382864774e-09,2.420493561701631e-09
3266,"(1.0, 4.0, 8.0, 9.0, 12.0, 13.0, 14.0)",4524854399.999999,1,-21.145107761369783,1.0,1.0,6.558377031229698e-10,2.210015862609856e-10,2.210015862121439e-10
3267,"(1.0, 4.0, 8.0, 9.0, 12.0, 14.0, 14.0)",2262427199.9999995,3,-21.0684741320191,4.0,6.0,7.080728500204476e-10,1.7680126900878848e-09,2.652019032005958e-09
3268,"(1.0, 4.0, 8.0, 9.0, 13.0, 14.0, 14.0)",2262427199.9999995,3,-20.95358775870691,3.0,3.0,7.942778660130202e-10,1.3260095175659135e-09,1.3260095158076123e-09
3269,"(1.0, 4.0, 8.0, 11.0, 11.0, 11.0, 14.0)",573803999.9999996,1,-20.74414554843904,2.0,4.0,9.793367604417003e-10,3.4855107318875455e-09,6.971021451626306e-09
3270,"(1.0, 4.0, 8.0, 11.0, 11.0, 12.0, 14.0)",2065694399.9999988,1,-20.82985702551728,1.0,1.0,8.988930756488767e-10,4.840987127621591e-10,4.840987125278076e-10
3271,"(1.0, 4.0, 8.0, 11.0, 11.0, 13.0, 14.0)",2065694399.9999988,3,-20.71497065220508,3.0,3.0,1.0083296851159593e-09,1.4522961382864774e-09,1.4522961361773132e-09
3272,"(1.0, 4.0, 8.0, 11.0, 11.0, 14.0, 14.0)",1032847199.9999994,2,-20.6383370228544,2.0,2.0,1.0886395681438969e-09,1.9363948510486364e-09,1.9363948472990113e-09
3273,"(1.0, 4.0, 8.0, 11.0, 12.0, 12.0, 13.0)",2262427199.9999995,1,-20.9922021319462,1.0,1.0,7.641919369450655e-10,4.420031725219712e-10,4.420031723266044e-10
3274,"(1.0, 4.0, 8.0, 11.0, 12.0, 12.0, 14.0)",2262427199.9999995,1,-20.915568502595512,1.0,1.0,8.250571142505441e-10,4.420031725219712e-10,4.420031723266044e-10
3275,"(1.0, 4.0, 8.0, 11.0, 12.0, 13.0, 14.0)",4524854399.999999,2,-20.80068212928332,2.0,2.0,9.255044929725219e-10,4.420031725219712e-10,4.420031723266044e-10
3276,"(1.0, 4.0, 8.0, 11.0, 12.0, 14.0, 14.0)",2262427199.9999995,3,-20.72404849993264,3.0,3.0,9.992176432145579e-10,1.3260095175659135e-09,1.3260095158076123e-09
3277,"(1.0, 4.0, 8.0, 11.0, 13.0, 14.0, 14.0)",2262427199.9999995,2,-20.60916212662044,3.0,5.0,1.1208683644798766e-09,1.3260095175659135e-09,2.2100158608515547e-09
3278,"(1.0, 4.0, 8.0, 12.0, 14.0, 14.0, 14.0)",754142399.9999995,1,-20.618239974348,2.0,4.0,1.1107393365896373e-09,2.6520190351318282e-09,5.3040380632304516e-09
3279,"(1.0, 4.0, 8.0, 13.0, 13.0, 14.0, 14.0)",1131213599.9999993,1,-20.57998723038649,1.0,1.0,1.1540512831384757e-09,8.840063450439427e-10,8.840063442624755e-10
3280,"(1.0, 4.0, 8.0, 13.0, 14.0, 14.0, 14.0)",754142399.9999995,1,-20.5033536010358,1.0,1.0,1.2459673745966452e-09,1.3260095175659141e-09,1.3260095158076129e-09
3281,"(1.0, 4.0, 8.0, 14.0, 14.0, 14.0, 14.0)",188535599.99999988,1,-20.42671997168512,1.0,1.0,1.3452042567270972e-09,5.3040380702636565e-09,5.304038042130837e-09
3282,"(1.0, 4.0, 9.0, 9.0, 9.0, 13.0, 14.0)",688564799.9999996,1,-22.04868203551252,1.0,1.0,2.6569235529665265e-10,1.4522961382864772e-09,1.452296136177313e-09
3283,"(1.0, 4.0, 9.0, 9.0, 9.0, 14.0, 14.0)",344282399.9999998,1,-21.972048406161832,2.0,4.0,2.8685380902578753e-10,5.809184553145909e-09,1.1618369072545193e-08
3284,"(1.0, 4.0, 9.0, 9.0, 11.0, 13.0, 14.0)",2065694399.9999988,1,-21.704256403426047,1.0,1.0,3.74939512328403e-10,4.840987127621591e-10,4.840987125278076e-10
3285,"(1.0, 4.0, 9.0, 9.0, 12.0, 13.0, 14.0)",2262427199.9999995,1,-21.78996788050428,1.0,1.0,3.4414161198969414e-10,4.420031725219712e-10,4.420031723266044e-10
3286,"(1.0, 4.0, 9.0, 9.0, 12.0, 14.0, 14.0)",1131213599.9999998,1,-21.7133342511536,1.0,1.0,3.715512707668825e-10,8.840063450439424e-10,8.840063442624752e-10
3287,"(1.0, 4.0, 9.0, 9.0, 13.0, 14.0, 14.0)",1131213599.9999998,1,-21.598447877841405,2.0,4.0,4.167861406501098e-10,1.7680126900878848e-09,3.536025377049901e-09
3288,"(1.0, 4.0, 9.0, 11.0, 11.0, 11.0, 14.0)",573803999.9999996,1,-21.38900566757353,1.0,1.0,5.138931931090573e-10,1.7427553659437728e-09,1.7427553629065765e-09
3289,"(1.0, 4.0, 9.0, 11.0, 11.0, 13.0, 14.0)",2065694399.9999988,2,-21.359830771339578,2.0,2.0,5.291068226185854e-10,9.681974255243182e-10,9.68197424586912e-10
3290,"(1.0, 4.0, 9.0, 11.0, 11.0, 14.0, 14.0)",1032847199.9999994,2,-21.283197141988893,2.0,2.0,5.712483043789878e-10,1.9363948510486364e-09,1.9363948472990113e-09
3291,"(1.0, 4.0, 9.0, 11.0, 12.0, 13.0, 14.0)",4524854399.999999,4,-21.445542248417816,4.0,4.0,4.856454677713893e-10,8.840063450439424e-10,8.840063442624752e-10
3292,"(1.0, 4.0, 9.0, 11.0, 12.0, 14.0, 14.0)",2262427199.9999995,1,-21.368908619067128,1.0,1.0,5.243254067690086e-10,4.420031725219712e-10,4.420031723266044e-10
3293,"(1.0, 4.0, 9.0, 11.0, 13.0, 14.0, 14.0)",2262427199.9999995,2,-21.25402224575493,2.0,2.0,5.881599120385331e-10,8.840063450439424e-10,8.840063442624752e-10
3294,"(1.0, 4.0, 9.0, 11.0, 14.0, 14.0, 14.0)",754142399.9999999,4,-21.17738861640425,6.0,12.0,6.35004762918932e-10,7.956057105395481e-09,1.5912114147492117e-08
3295,"(1.0, 4.0, 9.0, 12.0, 12.0, 14.0, 14.0)",1131213599.9999993,1,-21.45462009614536,1.0,1.0,4.812568021227715e-10,8.840063450439427e-10,8.840063442624755e-10
3296,"(1.0, 4.0, 9.0, 12.0, 14.0, 14.0, 14.0)",754142399.9999995,1,-21.263100093482485,1.0,1.0,5.828448470926853e-10,1.3260095175659141e-09,1.3260095158076129e-09
3297,"(1.0, 4.0, 11.0, 11.0, 12.0, 12.0, 14.0)",1131213599.9999998,1,-21.21600298964353,1.0,1.0,6.109518350048184e-10,8.840063450439424e-10,8.840063442624752e-10
3298,"(1.0, 4.0, 11.0, 11.0, 12.0, 13.0, 14.0)",2262427199.9999995,1,-21.101116616331343,1.0,1.0,6.853327588119654e-10,4.420031725219712e-10,4.420031723266044e-10
3299,"(1.0, 4.0, 11.0, 11.0, 12.0, 14.0, 14.0)",1131213599.9999998,2,-21.02448298698065,3.0,5.0,7.399170822806172e-10,2.652019035131827e-09,4.420031718186507e-09
3300,"(1.0, 4.0, 11.0, 11.0, 13.0, 14.0, 14.0)",1131213599.9999998,2,-20.90959661366847,2.0,2.0,8.299990052202273e-10,1.7680126900878848e-09,1.768012686962016e-09
3301,"(1.0, 4.0, 11.0, 11.0, 14.0, 14.0, 14.0)",377071200.0,1,-20.83296298431778,3.0,9.0,8.961054821061926e-10,7.95605710539548e-09,2.3868171252887593e-08
3302,"(1.0, 4.0, 11.0, 13.0, 14.0, 14.0, 14.0)",754142399.9999995,2,-20.803788088083827,3.0,5.0,9.226343736911169e-10,3.978028552697742e-09,6.6300475720048596e-09
3303,"(1.0, 4.0, 12.0, 14.0, 14.0, 14.0, 14.0)",172141199.9999999,1,-20.812865935811374,1.0,1.0,9.142967404776637e-10,5.809184553145909e-09,5.809184519399284e-09
3304,"(1.0, 4.0, 13.0, 13.0, 13.0, 13.0, 14.0)",172141199.9999999,1,-20.927880450551243,1.0,1.0,8.149613309085911e-10,5.809184553145909e-09,5.809184519399284e-09
3305,"(1.0, 6.0, 6.0, 6.0, 7.0, 11.0, 14.0)",968759999.9999996,1,-20.932088816092765,2.0,4.0,8.115388822345153e-10,2.064494818118007e-09,4.128989631973875e-09
3306,"(1.0, 6.0, 6.0, 6.0, 8.0, 11.0, 14.0)",888029999.9999999,1,-20.79329605003067,1.0,1.0,9.323656498384601e-10,1.126088082609822e-09,1.1260880813417477e-09
3307,"(1.0, 6.0, 6.0, 6.0, 8.0, 13.0, 14.0)",968759999.9999996,1,-20.76412115379671,1.0,1.0,9.599680110961317e-10,1.0322474090590035e-09,1.0322474079934688e-09
3308,"(1.0, 6.0, 6.0, 6.0, 9.0, 13.0, 14.0)",968759999.9999996,1,-21.408981272931207,1.0,1.0,5.037297142631945e-10,1.0322474090590035e-09,1.0322474079934688e-09
3309,"(1.0, 6.0, 6.0, 6.0, 11.0, 14.0, 14.0)",484379999.9999998,1,-20.98792201149405,1.0,1.0,7.674697802618454e-10,2.064494818118007e-09,2.0644948138558684e-09
3310,"(1.0, 6.0, 6.0, 7.0, 7.0, 7.0, 14.0)",484379999.9999998,1,-20.56646662908364,1.0,1.0,1.169760711565112e-09,2.064494818118007e-09,2.0644948138558684e-09
3311,"(1.0, 6.0, 6.0, 7.0, 7.0, 8.0, 14.0)",1453139999.9999993,2,-20.427673863021543,2.0,2.0,1.343921689852853e-09,1.3763298787453383e-09,1.3763298768510543e-09
3312,"(1.0, 6.0, 6.0, 7.0, 7.0, 14.0, 14.0)",758159999.9999995,1,-20.622299824484926,1.0,1.0,1.106239042782405e-09,1.3189828004642828e-09,1.3189827987245671e-09
3313,"(1.0, 6.0, 6.0, 7.0, 8.0, 11.0, 14.0)",2664089999.9999995,2,-20.58931558400748,2.0,2.0,1.1433359406270164e-09,7.50725388406548e-10,7.507253878429593e-10
3314,"(1.0, 6.0, 6.0, 7.0, 8.0, 13.0, 14.0)",2906279999.999999,2,-20.560140687773515,2.0,2.0,1.1771840040745944e-09,6.88164939372669e-10,6.88164938899098e-10
3315,"(1.0, 6.0, 6.0, 7.0, 8.0, 14.0, 14.0)",1453139999.9999995,1,-20.48350705842283,1.0,1.0,1.2709425347070897e-09,6.88164939372669e-10,6.88164938899098e-10
3316,"(1.0, 6.0, 6.0, 7.0, 9.0, 11.0, 14.0)",2664089999.9999995,1,-21.234175703141965,1.0,1.0,5.999494566712386e-10,3.75362694203274e-10,3.7536269406237686e-10
3317,"(1.0, 6.0, 6.0, 7.0, 9.0, 14.0, 14.0)",1453139999.9999995,3,-21.128367177557323,4.0,6.0,6.669092224457816e-10,2.752659757490676e-09,4.1289896286588785e-09
3318,"(1.0, 6.0, 6.0, 7.0, 11.0, 13.0, 14.0)",2906279999.999999,3,-20.86057517482154,4.0,6.0,8.717005344302607e-10,1.376329878745338e-09,2.064494816223723e-09
3319,"(1.0, 6.0, 6.0, 7.0, 11.0, 14.0, 14.0)",1453139999.9999995,2,-20.783941545470853,2.0,2.0,9.41128390208844e-10,1.376329878745338e-09,1.3763298768510541e-09
3320,"(1.0, 6.0, 6.0, 7.0, 12.0, 13.0, 14.0)",2906279999.999999,1,-20.946286651899776,1.0,1.0,8.000981951146084e-10,3.440824696863345e-10,3.4408246956794176e-10
3321,"(1.0, 6.0, 6.0, 7.0, 12.0, 14.0, 14.0)",1453139999.9999995,3,-20.86965302254909,3.0,3.0,8.63823178529269e-10,2.064494818118007e-09,2.0644948138558684e-09
3322,"(1.0, 6.0, 6.0, 7.0, 13.0, 14.0, 14.0)",1453139999.9999995,1,-20.7547666492369,2.0,4.0,9.689901693519227e-10,1.376329878745338e-09,2.752659755596392e-09
3323,"(1.0, 6.0, 6.0, 7.0, 14.0, 14.0, 14.0)",484379999.9999998,1,-20.67813301988621,1.0,1.0,1.0461667994805262e-09,2.064494818118007e-09,2.0644948138558684e-09
3324,"(1.0, 6.0, 6.0, 8.0, 8.0, 11.0, 14.0)",1118917799.9999998,3,-20.45052281794537,3.0,3.0,1.3135626408080592e-09,2.6811621014519573e-09,2.6811620942633272e-09
3325,"(1.0, 6.0, 6.0, 8.0, 8.0, 14.0, 14.0)",639381600.0,1,-20.344714292360727,1.0,1.0,1.4601680686164488e-09,1.5640112258469747e-09,1.5640112234008436e-09
3326,"(1.0, 6.0, 6.0, 8.0, 9.0, 11.0, 14.0)",2237835599.9999995,3,-21.09538293707987,5.0,11.0,6.892735237766036e-10,2.2343017512099644e-09,4.915463847669817e-09
3327,"(1.0, 6.0, 6.0, 8.0, 9.0, 14.0, 14.0)",1278763200.0,1,-20.989574411495227,1.0,1.0,7.662026603788002e-10,7.820056129234873e-10,7.820056123119546e-10
3328,"(1.0, 6.0, 6.0, 8.0, 11.0, 12.0, 14.0)",2557526400.0,1,-20.83666878207164,1.0,1.0,8.927908419097908e-10,3.9100280646174367e-10,3.910028063088605e-10
3329,"(1.0, 6.0, 6.0, 8.0, 14.0, 14.0, 14.0)",445629600.0,3,-20.539340253824115,3.0,3.0,1.2019263761600185e-09,6.7320483199500214e-09,6.732048274629547e-09
3330,"(1.0, 6.0, 6.0, 9.0, 12.0, 13.0, 14.0)",2673777599.9999995,1,-21.45235400497217,1.0,1.0,4.823486105155606e-10,3.740026844416679e-10,3.740026843017899e-10
3331,"(1.0, 6.0, 6.0, 9.0, 12.0, 14.0, 14.0)",1336888799.9999998,2,-21.375720375621487,2.0,2.0,5.207659665262009e-10,1.4960107377666716e-09,1.4960107355286234e-09
3332,"(1.0, 6.0, 6.0, 9.0, 13.0, 13.0, 14.0)",1336888799.9999998,1,-21.337467631659983,2.0,4.0,5.410726100055664e-10,1.4960107377666716e-09,2.992021473295295e-09
3333,"(1.0, 6.0, 6.0, 9.0, 14.0, 14.0, 14.0)",445629600.0,2,-21.184200372958607,3.0,5.0,6.306939637886072e-10,6.7320483199500214e-09,1.122008048792956e-08
3334,"(1.0, 6.0, 6.0, 11.0, 11.0, 11.0, 14.0)",372972600.0,1,-21.05139179204142,1.0,1.0,7.20272292026639e-10,2.6811621014519565e-09,2.6811620942633264e-09
3335,"(1.0, 6.0, 6.0, 11.0, 11.0, 14.0, 14.0)",639381600.0,1,-20.94558326645678,1.0,1.0,8.006611705091572e-10,1.5640112258469747e-09,1.5640112234008436e-09
3336,"(1.0, 6.0, 6.0, 11.0, 12.0, 12.0, 14.0)",1336888799.9999998,1,-21.222814746197898,1.0,1.0,6.068043218004971e-10,7.480053688833358e-10,7.480053683238238e-10
3337,"(1.0, 6.0, 6.0, 11.0, 12.0, 13.0, 14.0)",2673777599.9999995,1,-21.107928372885706,2.0,4.0,6.806803025892867e-10,7.480053688833358e-10,1.4960107372071596e-09
3338,"(1.0, 6.0, 6.0, 11.0, 12.0, 14.0, 14.0)",1336888799.9999998,1,-21.031294743535017,2.0,4.0,7.348940744213518e-10,1.4960107377666716e-09,2.992021473295295e-09
3339,"(1.0, 6.0, 6.0, 11.0, 13.0, 14.0, 14.0)",1336888799.9999998,1,-20.916408370222825,2.0,4.0,8.243644663965704e-10,1.4960107377666716e-09,2.992021473295295e-09
3340,"(1.0, 6.0, 6.0, 11.0, 14.0, 14.0, 14.0)",445629600.0,2,-20.83977474087214,2.0,2.0,8.900221722500776e-10,4.488032213300014e-09,4.488032193157581e-09
3341,"(1.0, 6.0, 6.0, 12.0, 12.0, 13.0, 14.0)",1278763199.9999998,1,-21.193639849963937,1.0,1.0,6.247685530073822e-10,7.820056129234874e-10,7.820056123119547e-10
3342,"(1.0, 6.0, 6.0, 12.0, 13.0, 13.0, 14.0)",1278763199.9999998,1,-21.078753476651748,2.0,4.0,7.008316065506735e-10,1.5640112258469749e-09,3.1280224492478187e-09
3343,"(1.0, 6.0, 6.0, 12.0, 13.0, 14.0, 14.0)",1278763199.9999998,1,-21.00211984730106,1.0,1.0,7.566503582696627e-10,7.820056129234874e-10,7.820056123119547e-10
3344,"(1.0, 6.0, 6.0, 14.0, 14.0, 14.0, 14.0)",106563600.0,1,-20.7339662152875,1.0,1.0,9.893566670568168e-10,9.384067355081848e-09,9.384067267021128e-09
3345,"(1.0, 6.0, 7.0, 7.0, 7.0, 14.0, 14.0)",505439999.9999997,1,-20.41831935846173,1.0,1.0,1.3565523963233712e-09,1.9784742006964242e-09,1.978474196782064e-09
3346,"(1.0, 6.0, 7.0, 7.0, 8.0, 9.0, 14.0)",2664089999.9999995,1,-20.729760750070746,2.0,4.0,9.935261332345034e-10,7.50725388406548e-10,1.5014507762495075e-09
3347,"(1.0, 6.0, 7.0, 7.0, 8.0, 12.0, 14.0)",2906279999.999999,1,-20.47104659506251,1.0,1.0,1.2868781439475418e-09,3.440824696863345e-10,3.4408246956794176e-10
3348,"(1.0, 6.0, 7.0, 7.0, 8.0, 13.0, 14.0)",2906279999.999999,2,-20.356160221750315,3.0,5.0,1.4435503719199745e-09,1.0322474090590035e-09,1.7204123473661378e-09
3349,"(1.0, 6.0, 7.0, 7.0, 8.0, 14.0, 14.0)",1453139999.9999995,1,-20.27952659239964,1.0,1.0,1.5585240389904737e-09,6.88164939372669e-10,6.88164938899098e-10
3350,"(1.0, 6.0, 7.0, 7.0, 9.0, 11.0, 14.0)",2664089999.9999995,1,-21.030195237118768,3.0,9.0,7.357025395462907e-10,1.126088082609822e-09,3.378264246561391e-09
3351,"(1.0, 6.0, 7.0, 7.0, 9.0, 12.0, 14.0)",2906279999.999999,1,-21.115906714197003,2.0,4.0,6.75271209300049e-10,6.88164939372669e-10,1.376329878271767e-09
3352,"(1.0, 6.0, 7.0, 7.0, 9.0, 14.0, 14.0)",1453139999.9999995,1,-20.92438671153413,1.0,1.0,8.178135727007875e-10,6.88164939372669e-10,6.88164938899098e-10
3353,"(1.0, 6.0, 7.0, 7.0, 11.0, 11.0, 14.0)",1332044999.9999998,1,-20.6857696050323,1.0,1.0,1.0382080850172212e-09,7.50725388406548e-10,7.507253878429593e-10
3354,"(1.0, 6.0, 7.0, 7.0, 11.0, 12.0, 13.0)",2906279999.999999,1,-20.84811471146122,1.0,1.0,8.826302804353194e-10,3.440824696863345e-10,3.4408246956794176e-10
3355,"(1.0, 6.0, 7.0, 7.0, 11.0, 13.0, 14.0)",2906279999.999999,2,-20.656594708798345,5.0,17.0,1.0689438748098227e-09,1.7204123484316726e-09,5.8494019817078685e-09
3356,"(1.0, 6.0, 7.0, 7.0, 11.0, 14.0, 14.0)",1453139999.9999995,1,-20.579961079447656,1.0,1.0,1.1540814630576062e-09,6.88164939372669e-10,6.88164938899098e-10
3357,"(1.0, 6.0, 7.0, 7.0, 12.0, 12.0, 14.0)",1453139999.9999995,1,-20.85719255918877,2.0,4.0,8.746541549502921e-10,1.376329878745338e-09,2.752659755596392e-09
3358,"(1.0, 6.0, 7.0, 7.0, 13.0, 14.0, 14.0)",1453139999.9999995,3,-20.550786183213702,4.0,6.0,1.1882476439648646e-09,2.752659757490676e-09,4.1289896286588785e-09
3359,"(1.0, 6.0, 7.0, 8.0, 8.0, 8.0, 14.0)",745945199.9999999,2,-19.946107864874147,2.0,2.0,2.175281262065526e-09,2.681162101451957e-09,2.681162094263327e-09
3360,"(1.0, 6.0, 7.0, 8.0, 8.0, 11.0, 14.0)",2237835599.9999995,2,-20.246542351922173,2.0,2.0,1.6107879754697172e-09,8.937207004839857e-10,8.93720699685249e-10
3361,"(1.0, 6.0, 7.0, 8.0, 8.0, 12.0, 14.0)",2557526400.0,2,-20.332253829000408,3.0,5.0,1.4784762667697352e-09,1.173008419385231e-09,1.9550140309327696e-09
3362,"(1.0, 6.0, 7.0, 8.0, 8.0, 14.0, 14.0)",1278763200.0,2,-20.14073382633753,2.0,2.0,1.7905664290553614e-09,1.5640112258469747e-09,1.5640112234008436e-09
3363,"(1.0, 6.0, 7.0, 8.0, 9.0, 9.0, 14.0)",2237835599.9999995,2,-21.23582810314313,2.0,2.0,5.989589187961108e-10,8.937207004839857e-10,8.93720699685249e-10
3364,"(1.0, 6.0, 7.0, 8.0, 9.0, 11.0, 14.0)",4475671199.999999,1,-20.89140247105667,1.0,1.0,8.452383384061492e-10,2.2343017512099641e-10,2.2343017507107537e-10
3365,"(1.0, 6.0, 7.0, 8.0, 9.0, 12.0, 14.0)",5115052800.0,2,-20.977113948134907,2.0,2.0,7.758096299005225e-10,3.9100280646174367e-10,3.910028063088605e-10
3366,"(1.0, 6.0, 7.0, 8.0, 9.0, 14.0, 14.0)",2557526400.0,3,-20.78559394547203,4.0,6.0,9.39574553788959e-10,1.5640112258469747e-09,2.346016836324331e-09
3367,"(1.0, 6.0, 7.0, 8.0, 11.0, 11.0, 14.0)",2237835599.9999995,3,-20.546976838970203,4.0,6.0,1.1927827206372831e-09,1.7874414009679713e-09,2.6811620982570106e-09
3368,"(1.0, 6.0, 7.0, 8.0, 11.0, 12.0, 14.0)",5115052800.0,2,-20.63268831604844,2.0,2.0,1.0948063747253903e-09,3.9100280646174367e-10,3.910028063088605e-10
3369,"(1.0, 6.0, 7.0, 8.0, 11.0, 13.0, 14.0)",5115052800.0,2,-20.517801942736245,2.0,2.0,1.2280946388344442e-09,3.9100280646174367e-10,3.910028063088605e-10
3370,"(1.0, 6.0, 7.0, 8.0, 11.0, 14.0, 14.0)",2557526400.0,2,-20.44116831338556,2.0,2.0,1.3259080209533082e-09,7.820056129234873e-10,7.820056123119546e-10
3371,"(1.0, 6.0, 7.0, 8.0, 12.0, 12.0, 14.0)",2673777599.9999995,2,-20.71839979312667,2.0,2.0,1.0048779022376922e-09,7.480053688833358e-10,7.480053683238238e-10
3372,"(1.0, 6.0, 7.0, 8.0, 12.0, 13.0, 14.0)",5347555199.999999,2,-20.60351341981448,4.0,8.0,1.127217737228515e-09,7.480053688833358e-10,1.4960107372071596e-09
3373,"(1.0, 6.0, 7.0, 8.0, 12.0, 14.0, 14.0)",2673777599.9999995,1,-20.526879790463795,1.0,1.0,1.2169966319294448e-09,3.740026844416679e-10,3.740026843017899e-10
3374,"(1.0, 6.0, 7.0, 8.0, 13.0, 14.0, 14.0)",2673777599.9999995,2,-20.411993417151603,2.0,2.0,1.365161067432593e-09,7.480053688833358e-10,7.480053683238238e-10
3375,"(1.0, 6.0, 7.0, 8.0, 14.0, 14.0, 14.0)",891259199.9999999,1,-20.33535978780092,1.0,1.0,1.473891304435591e-09,1.1220080533250038e-09,1.1220080520661017e-09
3376,"(1.0, 6.0, 7.0, 9.0, 9.0, 11.0, 14.0)",2237835599.9999995,1,-21.536262590191164,1.0,1.0,4.4352693190626516e-10,4.4686035024199283e-10,4.4686035004230864e-10
3377,"(1.0, 6.0, 7.0, 9.0, 9.0, 13.0, 14.0)",2557526400.0,1,-21.50708769395721,1.0,1.0,4.566573926907257e-10,3.9100280646174367e-10,3.910028063088605e-10
3378,"(1.0, 6.0, 7.0, 9.0, 9.0, 14.0, 14.0)",1278763200.0,1,-21.43045406460652,1.0,1.0,4.93028534324451e-10,7.820056129234873e-10,7.820056123119546e-10
3379,"(1.0, 6.0, 7.0, 9.0, 11.0, 11.0, 14.0)",2237835599.9999995,3,-21.19183695810469,4.0,6.0,6.258959591357989e-10,1.7874414009679713e-09,2.6811620982570106e-09
3380,"(1.0, 6.0, 7.0, 9.0, 11.0, 12.0, 14.0)",5115052800.0,1,-21.277548435182933,1.0,1.0,5.744842494118489e-10,1.9550140323087183e-10,1.9550140319265102e-10
3381,"(1.0, 6.0, 7.0, 9.0, 11.0, 14.0, 14.0)",2557526400.0,5,-21.08602843252005,5.0,5.0,6.95751588400802e-10,1.9550140323087184e-09,1.9550140284866386e-09
3382,"(1.0, 6.0, 7.0, 9.0, 12.0, 13.0, 14.0)",5347555199.999999,1,-21.24837353894897,1.0,1.0,5.914916561002629e-10,1.8700134222083395e-10,1.8700134218586445e-10
3383,"(1.0, 6.0, 7.0, 9.0, 13.0, 14.0, 14.0)",2673777599.9999995,1,-21.0568535362861,1.0,1.0,7.163490725444536e-10,3.740026844416679e-10,3.740026843017899e-10
3384,"(1.0, 6.0, 7.0, 9.0, 14.0, 14.0, 14.0)",891259199.9999999,1,-20.98021990693541,1.0,1.0,7.734037353917632e-10,1.1220080533250038e-09,1.1220080520661017e-09
3385,"(1.0, 6.0, 7.0, 11.0, 11.0, 11.0, 14.0)",745945199.9999999,1,-20.847411326018225,1.0,1.0,8.832513281184699e-10,1.3405810507259784e-09,1.3405810489288208e-09
3386,"(1.0, 6.0, 7.0, 11.0, 11.0, 12.0, 14.0)",2557526400.0,1,-20.933122803096463,1.0,1.0,8.107001952477335e-10,3.9100280646174367e-10,3.910028063088605e-10
3387,"(1.0, 6.0, 7.0, 11.0, 11.0, 14.0, 14.0)",1278763200.0,3,-20.741602800433583,4.0,6.0,9.81830135705049e-10,3.1280224516939493e-09,4.6920336677563996e-09
3388,"(1.0, 6.0, 7.0, 11.0, 12.0, 12.0, 14.0)",2673777599.9999995,1,-21.018834280174698,3.0,9.0,7.441084837933708e-10,1.1220080533250038e-09,3.3660241587161092e-09
3389,"(1.0, 6.0, 7.0, 11.0, 12.0, 13.0, 14.0)",5347555199.999999,1,-20.903947906862506,2.0,4.0,8.347006929760335e-10,3.740026844416679e-10,7.480053687434578e-10
3390,"(1.0, 6.0, 7.0, 11.0, 12.0, 14.0, 14.0)",2673777599.9999995,2,-20.82731427751182,2.0,2.0,9.011816426155764e-10,7.480053688833358e-10,7.480053683238238e-10
3391,"(1.0, 6.0, 7.0, 11.0, 13.0, 13.0, 14.0)",2673777599.9999995,1,-20.78906153355032,1.0,1.0,9.363221385447033e-10,3.740026844416679e-10,3.740026843017899e-10
3392,"(1.0, 6.0, 7.0, 11.0, 13.0, 14.0, 14.0)",2673777599.9999995,3,-20.71242790419963,5.0,9.0,1.0108968758880358e-09,1.8700134222083396e-09,3.366024156478061e-09
3393,"(1.0, 6.0, 7.0, 11.0, 14.0, 14.0, 14.0)",891259199.9999999,3,-20.63579427484894,3.0,3.0,1.091411226555547e-09,3.366024159975011e-09,3.3660241486448925e-09
3394,"(1.0, 6.0, 7.0, 12.0, 12.0, 14.0, 14.0)",1278763199.9999998,2,-20.91302575459006,2.0,2.0,8.271576960755249e-10,1.5640112258469749e-09,1.5640112234008438e-09
3395,"(1.0, 6.0, 7.0, 12.0, 13.0, 14.0, 14.0)",2557526399.9999995,1,-20.798139381277863,1.0,1.0,9.2786081216946e-10,3.910028064617437e-10,3.9100280630886053e-10
3396,"(1.0, 6.0, 7.0, 12.0, 14.0, 14.0, 14.0)",852508799.9999999,3,-20.72150575192718,3.0,3.0,1.0017616348780308e-09,3.5190252581556933e-09,3.5190252457721543e-09
3397,"(1.0, 6.0, 7.0, 13.0, 13.0, 14.0, 14.0)",1278763199.9999998,1,-20.683253007965675,1.0,1.0,1.0408241268194106e-09,7.820056129234874e-10,7.820056123119547e-10
3398,"(1.0, 6.0, 7.0, 13.0, 14.0, 14.0, 14.0)",852508799.9999999,1,-20.606619378614987,2.0,4.0,1.123722076876213e-09,2.3460168387704623e-09,4.6920336720371295e-09
3399,"(1.0, 6.0, 8.0, 8.0, 8.0, 9.0, 13.0)",573803999.9999996,1,-20.528808847297228,1.0,1.0,1.2146512391856244e-09,1.7427553659437728e-09,1.7427553629065765e-09
3400,"(1.0, 6.0, 8.0, 8.0, 8.0, 13.0, 14.0)",688564799.9999996,2,-20.07857468962612,3.0,5.0,1.9053984509671147e-09,4.356888414859432e-09,7.261480672449909e-09
3401,"(1.0, 6.0, 8.0, 8.0, 9.0, 9.0, 14.0)",860705999.9999995,1,-21.09703533708104,1.0,1.0,6.88135508692111e-10,1.1618369106291818e-09,1.1618369092793167e-09
3402,"(1.0, 6.0, 8.0, 8.0, 9.0, 11.0, 14.0)",1721411999.999999,1,-20.75260970499457,1.0,1.0,9.710824828091217e-10,5.809184553145909e-10,5.809184549771247e-10
3403,"(1.0, 6.0, 8.0, 8.0, 9.0, 12.0, 14.0)",2065694399.9999988,1,-20.838321182072804,1.0,1.0,8.913168125000739e-10,4.840987127621591e-10,4.840987125278076e-10
3404,"(1.0, 6.0, 8.0, 8.0, 9.0, 13.0, 14.0)",2065694399.9999988,1,-20.72343480876061,1.0,1.0,9.998310424607326e-10,4.840987127621591e-10,4.840987125278076e-10
3405,"(1.0, 6.0, 8.0, 8.0, 9.0, 14.0, 14.0)",1032847199.9999994,1,-20.646801179409927,1.0,1.0,1.079464038744578e-09,9.681974255243182e-10,9.68197424586912e-10
3406,"(1.0, 6.0, 8.0, 8.0, 11.0, 11.0, 14.0)",860705999.9999995,2,-20.4081840729081,3.0,5.0,1.3703713534722566e-09,3.4855107318875455e-09,5.8091845409971236e-09
3407,"(1.0, 6.0, 8.0, 8.0, 11.0, 12.0, 14.0)",2065694399.9999988,1,-20.493895549986338,1.0,1.0,1.2578077025804901e-09,4.840987127621591e-10,4.840987125278076e-10
3408,"(1.0, 6.0, 8.0, 8.0, 11.0, 14.0, 14.0)",1032847199.9999994,1,-20.302375547323457,1.0,1.0,1.5233171455424184e-09,9.681974255243182e-10,9.68197424586912e-10
3409,"(1.0, 6.0, 8.0, 8.0, 12.0, 13.0, 14.0)",2262427199.9999995,1,-20.46472065375238,1.0,1.0,1.2950446627852379e-09,4.420031725219712e-10,4.420031723266044e-10
3410,"(1.0, 6.0, 8.0, 8.0, 12.0, 14.0, 14.0)",1131213599.9999998,1,-20.38808702440169,1.0,1.0,1.398190376850273e-09,8.840063450439424e-10,8.840063442624752e-10
3411,"(1.0, 6.0, 8.0, 8.0, 13.0, 13.0, 14.0)",1131213599.9999998,2,-20.34983428044019,3.0,5.0,1.4527111315154961e-09,2.652019035131827e-09,4.420031718186507e-09
3412,"(1.0, 6.0, 8.0, 8.0, 13.0, 14.0, 14.0)",1131213599.9999998,1,-20.273200651089503,2.0,4.0,1.5684144205959843e-09,1.7680126900878848e-09,3.536025377049901e-09
3413,"(1.0, 6.0, 8.0, 8.0, 14.0, 14.0, 14.0)",377071200.0,1,-20.19656702173881,1.0,1.0,1.6933330662698274e-09,2.6520190351318266e-09,2.6520190280986217e-09
3414,"(1.0, 6.0, 8.0, 9.0, 9.0, 11.0, 14.0)",1721411999.999999,2,-21.397469824129065,2.0,2.0,5.095618769972192e-10,1.1618369106291818e-09,1.1618369092793167e-09
3415,"(1.0, 6.0, 8.0, 9.0, 9.0, 12.0, 14.0)",2065694399.9999988,1,-21.483181301207303,1.0,1.0,4.677059632080601e-10,4.840987127621591e-10,4.840987125278076e-10
3416,"(1.0, 6.0, 8.0, 9.0, 9.0, 13.0, 14.0)",2065694399.9999988,1,-21.368294927895107,1.0,1.0,5.246472793975022e-10,4.840987127621591e-10,4.840987125278076e-10
3417,"(1.0, 6.0, 8.0, 9.0, 11.0, 12.0, 14.0)",4131388799.9999976,1,-21.13875566912084,2.0,4.0,6.600169039960462e-10,4.840987127621591e-10,9.681974252899665e-10
3418,"(1.0, 6.0, 8.0, 9.0, 11.0, 13.0, 14.0)",4131388799.9999976,3,-21.02386929580864,5.0,9.0,7.403713022231609e-10,1.2102467819053977e-09,2.1784442059650185e-09
3419,"(1.0, 6.0, 8.0, 9.0, 11.0, 14.0, 14.0)",2065694399.9999988,2,-20.94723566645796,2.0,2.0,7.993392504611907e-10,9.681974255243182e-10,9.68197424586912e-10
3420,"(1.0, 6.0, 8.0, 9.0, 12.0, 13.0, 14.0)",4524854399.999999,1,-21.10958077288688,1.0,1.0,6.795564752183745e-10,2.210015862609856e-10,2.210015862121439e-10
3421,"(1.0, 6.0, 8.0, 9.0, 12.0, 14.0, 14.0)",2262427199.9999995,1,-21.03294714353619,1.0,1.0,7.336807381863907e-10,4.420031725219712e-10,4.420031723266044e-10
3422,"(1.0, 6.0, 8.0, 9.0, 13.0, 13.0, 14.0)",2262427199.9999995,2,-20.994694399574684,2.0,2.0,7.622897374983313e-10,8.840063450439424e-10,8.840063442624752e-10
3423,"(1.0, 6.0, 8.0, 9.0, 13.0, 14.0, 14.0)",2262427199.9999995,1,-20.918060770224,1.0,1.0,8.230034113646857e-10,4.420031725219712e-10,4.420031723266044e-10
3424,"(1.0, 6.0, 8.0, 9.0, 14.0, 14.0, 14.0)",754142399.9999999,2,-20.841427140873314,2.0,2.0,8.885527140123578e-10,2.652019035131827e-09,2.652019028098622e-09
3425,"(1.0, 6.0, 8.0, 11.0, 11.0, 11.0, 14.0)",573803999.9999996,2,-20.70861855995613,3.0,5.0,1.0147550740198356e-09,5.228266097831319e-09,8.713776802384098e-09
3426,"(1.0, 6.0, 8.0, 11.0, 11.0, 13.0, 14.0)",2065694399.9999988,1,-20.67944366372217,2.0,4.0,1.0447965455669735e-09,9.681974255243182e-10,1.9363948501112302e-09
3427,"(1.0, 6.0, 8.0, 11.0, 11.0, 14.0, 14.0)",1032847199.9999994,2,-20.602810034371487,2.0,2.0,1.1280108846874523e-09,1.9363948510486364e-09,1.9363948472990113e-09
3428,"(1.0, 6.0, 8.0, 11.0, 12.0, 14.0, 14.0)",2262427199.9999995,2,-20.68852151144972,2.0,2.0,1.0353549610910193e-09,8.840063450439424e-10,8.840063442624752e-10
3429,"(1.0, 6.0, 8.0, 11.0, 13.0, 13.0, 14.0)",2262427199.9999995,1,-20.65026876748821,1.0,1.0,1.0757273844460196e-09,4.420031725219712e-10,4.420031723266044e-10
3430,"(1.0, 6.0, 8.0, 11.0, 13.0, 14.0, 14.0)",2262427199.9999995,3,-20.57363513813753,3.0,3.0,1.1614052551762441e-09,1.3260095175659135e-09,1.3260095158076123e-09
3431,"(1.0, 6.0, 8.0, 11.0, 14.0, 14.0, 14.0)",754142399.9999999,1,-20.497001508786845,1.0,1.0,1.2539070644238008e-09,1.3260095175659135e-09,1.3260095158076123e-09
3432,"(1.0, 6.0, 8.0, 12.0, 12.0, 13.0, 14.0)",2262427199.9999986,1,-20.850866617878644,2.0,4.0,8.80204703513465e-10,8.840063450439427e-10,1.7680126893064181e-09
3433,"(1.0, 6.0, 8.0, 12.0, 13.0, 14.0, 14.0)",2262427199.9999986,1,-20.659346615215767,2.0,4.0,1.0660062851406608e-09,8.840063450439427e-10,1.7680126893064181e-09
3434,"(1.0, 6.0, 8.0, 13.0, 13.0, 14.0, 14.0)",1131213599.9999993,4,-20.54446024190357,4.0,4.0,1.1957882544056679e-09,3.536025380175771e-09,3.5360253676722952e-09
3435,"(1.0, 6.0, 8.0, 13.0, 14.0, 14.0, 14.0)",754142399.9999995,1,-20.467826612552887,1.0,1.0,1.2910285475905914e-09,1.3260095175659141e-09,1.3260095158076129e-09
3436,"(1.0, 6.0, 9.0, 9.0, 11.0, 12.0, 14.0)",2065694399.9999988,1,-21.78361578825533,1.0,1.0,3.4633458887779044e-10,4.840987127621591e-10,4.840987125278076e-10
3437,"(1.0, 6.0, 9.0, 9.0, 11.0, 13.0, 14.0)",2065694399.9999988,1,-21.668729414943137,1.0,1.0,3.884994293629592e-10,4.840987127621591e-10,4.840987125278076e-10
3438,"(1.0, 6.0, 9.0, 9.0, 11.0, 14.0, 14.0)",1032847199.9999994,3,-21.59209578559245,3.0,3.0,4.194420309635222e-10,2.9045922765729548e-09,2.9045922681362986e-09
3439,"(1.0, 6.0, 9.0, 9.0, 12.0, 13.0, 14.0)",2262427199.9999995,1,-21.75444089202137,1.0,1.0,3.5658770410129553e-10,4.420031725219712e-10,4.420031723266044e-10
3440,"(1.0, 6.0, 9.0, 9.0, 12.0, 14.0, 14.0)",1131213599.9999998,1,-21.677807262670687,1.0,1.0,3.849886499707859e-10,8.840063450439424e-10,8.840063442624752e-10
3441,"(1.0, 6.0, 9.0, 9.0, 13.0, 14.0, 14.0)",1131213599.9999998,1,-21.56292088935849,1.0,1.0,4.3185946662013667e-10,8.840063450439424e-10,8.840063442624752e-10
3442,"(1.0, 6.0, 9.0, 11.0, 11.0, 12.0, 14.0)",2065694399.9999988,1,-21.43919015616886,1.0,1.0,4.887401510341167e-10,4.840987127621591e-10,4.840987125278076e-10
3443,"(1.0, 6.0, 9.0, 11.0, 11.0, 13.0, 14.0)",2065694399.9999988,1,-21.324303782856667,1.0,1.0,5.482422948246768e-10,4.840987127621591e-10,4.840987125278076e-10
3444,"(1.0, 6.0, 9.0, 11.0, 11.0, 14.0, 14.0)",1032847199.9999994,2,-21.24767015350598,2.0,2.0,5.919078490756964e-10,1.9363948510486364e-09,1.9363948472990113e-09
3445,"(1.0, 6.0, 9.0, 11.0, 12.0, 12.0, 14.0)",2262427199.9999995,1,-21.524901633247094,1.0,1.0,4.4859455429612635e-10,4.420031725219712e-10,4.420031723266044e-10
3446,"(1.0, 6.0, 9.0, 11.0, 12.0, 13.0, 13.0)",2262427199.9999995,1,-21.48664888928559,2.0,4.0,4.66086960225879e-10,8.840063450439424e-10,1.7680126893064175e-09
3447,"(1.0, 6.0, 9.0, 11.0, 12.0, 13.0, 14.0)",4524854399.999999,2,-21.4100152599349,2.0,2.0,5.032091334685404e-10,4.420031725219712e-10,4.420031723266044e-10
3448,"(1.0, 6.0, 9.0, 11.0, 12.0, 14.0, 14.0)",2262427199.9999995,1,-21.333381630584217,1.0,1.0,5.432879561432936e-10,4.420031725219712e-10,4.420031723266044e-10
3449,"(1.0, 6.0, 9.0, 11.0, 13.0, 14.0, 14.0)",2262427199.9999995,1,-21.218495257272025,2.0,4.0,6.094310753810278e-10,8.840063450439424e-10,1.7680126893064175e-09
3450,"(1.0, 6.0, 9.0, 13.0, 14.0, 14.0, 14.0)",754142399.9999995,2,-21.112686731687383,2.0,2.0,6.774490752466452e-10,2.6520190351318282e-09,2.6520190280986233e-09
3451,"(1.0, 6.0, 9.0, 14.0, 14.0, 14.0, 14.0)",188535599.99999988,1,-21.03605310233669,1.0,1.0,7.314054912815419e-10,5.3040380702636565e-09,5.304038042130837e-09
3452,"(1.0, 6.0, 11.0, 11.0, 11.0, 12.0, 14.0)",688564799.9999996,2,-21.09476452408239,2.0,2.0,6.89699911310733e-10,2.9045922765729543e-09,2.904592268136298e-09
3453,"(1.0, 6.0, 11.0, 11.0, 11.0, 13.0, 14.0)",688564799.9999996,1,-20.9798781507702,1.0,1.0,7.736680960573997e-10,1.4522961382864772e-09,1.452296136177313e-09
3454,"(1.0, 6.0, 11.0, 11.0, 12.0, 13.0, 14.0)",2262427199.9999995,1,-21.065589627848432,1.0,1.0,7.101182376558546e-10,4.420031725219712e-10,4.420031723266044e-10
3455,"(1.0, 6.0, 11.0, 11.0, 13.0, 13.0, 14.0)",1131213599.9999998,1,-20.950703254536243,1.0,1.0,7.965722713502274e-10,8.840063450439424e-10,8.840063442624752e-10
3456,"(1.0, 6.0, 11.0, 11.0, 14.0, 14.0, 14.0)",377071200.0,1,-20.79743599583487,1.0,1.0,9.28513685541759e-10,2.6520190351318266e-09,2.6520190280986217e-09
3457,"(1.0, 6.0, 11.0, 12.0, 12.0, 12.0, 14.0)",754142399.9999995,1,-21.266187478238862,3.0,9.0,5.810481557623145e-10,3.978028552697742e-09,1.1934085642268516e-08
3458,"(1.0, 6.0, 11.0, 12.0, 12.0, 13.0, 14.0)",2262427199.9999986,2,-21.151301104926667,2.0,2.0,6.517884271319911e-10,8.840063450439427e-10,8.840063442624755e-10
3459,"(1.0, 6.0, 11.0, 12.0, 12.0, 14.0, 14.0)",1131213599.9999993,3,-21.074667475575986,5.0,9.0,7.037010635589516e-10,4.420031725219714e-09,7.956057085858803e-09
3460,"(1.0, 6.0, 11.0, 12.0, 13.0, 13.0, 14.0)",2262427199.9999986,1,-21.03641473161448,1.0,1.0,7.311410414612383e-10,4.4200317252197136e-10,4.4200317232660453e-10
3461,"(1.0, 6.0, 11.0, 12.0, 13.0, 14.0, 14.0)",2262427199.9999986,3,-20.95978110226379,3.0,3.0,7.89373832167916e-10,1.3260095175659141e-09,1.3260095158076129e-09
3462,"(1.0, 6.0, 12.0, 12.0, 12.0, 13.0, 14.0)",688564799.9999996,1,-21.237012582004905,1.0,1.0,5.98249884618621e-10,1.4522961382864772e-09,1.452296136177313e-09
3463,"(1.0, 6.0, 12.0, 12.0, 14.0, 14.0, 14.0)",344282399.9999998,1,-20.968858949991343,1.0,1.0,7.822404436138034e-10,2.9045922765729543e-09,2.904592268136298e-09
3464,"(1.0, 6.0, 12.0, 13.0, 14.0, 14.0, 14.0)",688564799.9999996,1,-20.853972576679148,1.0,1.0,8.774750652347565e-10,1.4522961382864772e-09,1.452296136177313e-09
3465,"(1.0, 6.0, 14.0, 14.0, 14.0, 14.0, 14.0)",34428239.999999985,1,-20.58581894466559,1.0,1.0,1.1473407717025406e-09,2.9045922765729543e-08,2.9045921922063912e-08
3466,"(1.0, 7.0, 7.0, 7.0, 7.0, 11.0, 14.0)",242189999.99999988,2,-20.320147418023176,2.0,2.0,1.4964840932063241e-09,8.25797927247203e-09,8.257979204277808e-09
3467,"(1.0, 7.0, 7.0, 7.0, 7.0, 13.0, 14.0)",252719999.99999985,1,-20.29097252178922,1.0,1.0,1.5407869850644613e-09,3.9569484013928485e-09,3.956948385735408e-09
3468,"(1.0, 7.0, 7.0, 7.0, 8.0, 8.0, 14.0)",444015000.0,1,-19.88092016491305,1.0,1.0,2.3218067915339595e-09,2.2521761652196435e-09,2.252176160147346e-09
3469,"(1.0, 7.0, 7.0, 7.0, 8.0, 11.0, 14.0)",888029999.9999999,1,-20.18135465196108,1.0,1.0,1.7192896046994747e-09,1.126088082609822e-09,1.1260880813417477e-09
3470,"(1.0, 7.0, 7.0, 8.0, 8.0, 13.0, 14.0)",1278763200.0,1,-20.013386989665022,1.0,1.0,2.0337448500029737e-09,7.820056129234873e-10,7.820056123119546e-10
3471,"(1.0, 7.0, 7.0, 8.0, 9.0, 11.0, 14.0)",2237835599.9999995,1,-20.687422005033472,1.0,1.0,1.0364939665710046e-09,4.4686035024199283e-10,4.4686035004230864e-10
3472,"(1.0, 7.0, 7.0, 8.0, 9.0, 14.0, 14.0)",1278763200.0,1,-20.58161347944884,2.0,4.0,1.1521760335460997e-09,1.5640112258469747e-09,3.1280224492478183e-09
3473,"(1.0, 7.0, 7.0, 8.0, 11.0, 11.0, 14.0)",1118917799.9999998,1,-20.34299637294701,1.0,1.0,1.462678675581587e-09,8.937207004839857e-10,8.93720699685249e-10
3474,"(1.0, 7.0, 7.0, 8.0, 11.0, 12.0, 14.0)",2557526400.0,1,-20.42870785002524,1.0,1.0,1.342532810456921e-09,3.9100280646174367e-10,3.910028063088605e-10
3475,"(1.0, 7.0, 7.0, 8.0, 11.0, 13.0, 14.0)",2557526400.0,1,-20.31382147671305,1.0,1.0,1.5059807697914021e-09,3.9100280646174367e-10,3.910028063088605e-10
3476,"(1.0, 7.0, 7.0, 8.0, 11.0, 14.0, 14.0)",1278763200.0,1,-20.237187847362364,1.0,1.0,1.6259267966212815e-09,7.820056129234873e-10,7.820056123119546e-10
3477,"(1.0, 7.0, 7.0, 8.0, 12.0, 13.0, 13.0)",1336888799.9999998,1,-20.476166583141968,1.0,1.0,1.2803061817315163e-09,7.480053688833358e-10,7.480053683238238e-10
3478,"(1.0, 7.0, 7.0, 8.0, 12.0, 14.0, 14.0)",1336888799.9999998,1,-20.3228993244406,1.0,1.0,1.4923715702611414e-09,7.480053688833358e-10,7.480053683238238e-10
3479,"(1.0, 7.0, 7.0, 8.0, 13.0, 13.0, 14.0)",1336888799.9999998,1,-20.28464658047909,1.0,1.0,1.5505648074616989e-09,7.480053688833358e-10,7.480053683238238e-10
3480,"(1.0, 7.0, 7.0, 8.0, 13.0, 14.0, 14.0)",1336888799.9999998,1,-20.208012951128406,2.0,4.0,1.6740617947592385e-09,1.4960107377666716e-09,2.992021473295295e-09
3481,"(1.0, 7.0, 7.0, 9.0, 11.0, 11.0, 14.0)",1118917799.9999998,1,-20.98785649208149,1.0,1.0,7.675200660783351e-10,8.937207004839857e-10,8.93720699685249e-10
3482,"(1.0, 7.0, 7.0, 9.0, 11.0, 12.0, 14.0)",2557526400.0,1,-21.073567969159736,2.0,4.0,7.044752129065535e-10,7.820056129234873e-10,1.564011225235442e-09
3483,"(1.0, 7.0, 7.0, 9.0, 11.0, 14.0, 14.0)",1278763200.0,1,-20.882047966496856,1.0,1.0,8.531822219156158e-10,7.820056129234873e-10,7.820056123119546e-10
3484,"(1.0, 7.0, 7.0, 9.0, 12.0, 13.0, 14.0)",2673777599.9999995,1,-21.04439307292578,2.0,4.0,7.253309569240329e-10,7.480053688833358e-10,1.4960107372071596e-09
3485,"(1.0, 7.0, 7.0, 9.0, 13.0, 14.0, 14.0)",1336888799.9999998,3,-20.852873070262905,4.0,6.0,8.784403852896227e-10,2.992021475533343e-09,4.488032204347822e-09
3486,"(1.0, 7.0, 7.0, 11.0, 11.0, 11.0, 14.0)",372972600.0,1,-20.64343085999503,1.0,1.0,1.083108315090077e-09,2.6811621014519565e-09,2.6811620942633264e-09
3487,"(1.0, 7.0, 7.0, 11.0, 11.0, 14.0, 14.0)",639381600.0,1,-20.537622334410383,1.0,1.0,1.2039929634224387e-09,1.5640112258469747e-09,1.5640112234008436e-09
3488,"(1.0, 7.0, 7.0, 11.0, 12.0, 12.0, 14.0)",1336888799.9999998,1,-20.8148538141515,1.0,1.0,9.124810350894466e-10,7.480053688833358e-10,7.480053683238238e-10
3489,"(1.0, 7.0, 7.0, 11.0, 12.0, 13.0, 14.0)",2673777599.9999995,1,-20.69996744083931,2.0,4.0,1.0235719238596252e-09,7.480053688833358e-10,1.4960107372071596e-09
3490,"(1.0, 7.0, 7.0, 11.0, 12.0, 14.0, 14.0)",1336888799.9999998,1,-20.623333811488624,1.0,1.0,1.1050957971416085e-09,7.480053688833358e-10,7.480053683238238e-10
3491,"(1.0, 7.0, 7.0, 11.0, 13.0, 13.0, 14.0)",1336888799.9999998,1,-20.58508106752712,1.0,1.0,1.148187680646962e-09,7.480053688833358e-10,7.480053683238238e-10
3492,"(1.0, 7.0, 7.0, 11.0, 13.0, 14.0, 14.0)",1336888799.9999998,1,-20.508447438176432,3.0,9.0,1.2396367569639859e-09,2.2440161066500076e-09,6.732048314914414e-09
3493,"(1.0, 7.0, 7.0, 11.0, 14.0, 14.0, 14.0)",445629600.0,1,-20.431813808825744,1.0,1.0,1.3383694278537407e-09,2.244016106650007e-09,2.2440161016143988e-09
3494,"(1.0, 7.0, 7.0, 12.0, 12.0, 12.0, 14.0)",426254400.0,1,-20.90056529122974,1.0,1.0,8.375289453373415e-10,2.346016838770462e-09,2.346016833266667e-09
3495,"(1.0, 7.0, 7.0, 12.0, 12.0, 13.0, 14.0)",1278763199.9999998,1,-20.785678917917544,1.0,1.0,9.39494719233298e-10,7.820056129234874e-10,7.820056123119547e-10
3496,"(1.0, 7.0, 7.0, 12.0, 12.0, 14.0, 14.0)",639381599.9999999,1,-20.709045288566863,3.0,9.0,1.0143221413758068e-09,4.692033677540925e-09,1.4076101010607594e-08
3497,"(1.0, 7.0, 7.0, 13.0, 13.0, 14.0, 14.0)",639381599.9999999,1,-20.47927254194248,1.0,1.0,1.2763357726344285e-09,1.5640112258469749e-09,1.5640112234008438e-09
3498,"(1.0, 7.0, 8.0, 8.0, 8.0, 9.0, 14.0)",573803999.9999996,1,-20.248194751923347,1.0,1.0,1.6081285072749082e-09,1.7427553659437728e-09,1.7427553629065765e-09
3499,"(1.0, 7.0, 8.0, 8.0, 9.0, 11.0, 14.0)",1721411999.999999,1,-20.548629238971373,1.0,1.0,1.1908133939740885e-09,5.809184553145909e-10,5.809184549771247e-10
3500,"(1.0, 7.0, 8.0, 8.0, 9.0, 14.0, 14.0)",1032847199.9999994,1,-20.44282071338673,1.0,1.0,1.323718899688027e-09,9.681974255243182e-10,9.68197424586912e-10
3501,"(1.0, 7.0, 8.0, 8.0, 11.0, 12.0, 14.0)",2065694399.9999988,3,-20.28991508396314,4.0,6.0,1.5424171332426747e-09,1.9363948510486364e-09,2.9045922728233297e-09
3502,"(1.0, 7.0, 8.0, 8.0, 11.0, 13.0, 14.0)",2065694399.9999988,2,-20.17502871065095,2.0,2.0,1.730200203352711e-09,9.681974255243182e-10,9.68197424586912e-10
3503,"(1.0, 7.0, 8.0, 8.0, 11.0, 14.0, 14.0)",1032847199.9999994,2,-20.09839508130026,2.0,2.0,1.868004512793636e-09,1.9363948510486364e-09,1.9363948472990113e-09
3504,"(1.0, 7.0, 8.0, 8.0, 12.0, 12.0, 14.0)",1131213599.9999998,1,-20.375626561041376,1.0,1.0,1.4157214727737948e-09,8.840063450439424e-10,8.840063442624752e-10
3505,"(1.0, 7.0, 8.0, 8.0, 12.0, 13.0, 14.0)",2262427199.9999995,1,-20.260740187729184,1.0,1.0,1.5880798567987847e-09,4.420031725219712e-10,4.420031723266044e-10
3506,"(1.0, 7.0, 8.0, 8.0, 12.0, 14.0, 14.0)",1131213599.9999998,2,-20.1841065583785,2.0,2.0,1.7145647847158674e-09,1.7680126900878848e-09,1.768012686962016e-09
3507,"(1.0, 7.0, 8.0, 8.0, 14.0, 14.0, 14.0)",377071200.0,1,-19.99258655571562,1.0,1.0,2.0764906498366665e-09,2.6520190351318266e-09,2.6520190280986217e-09
3508,"(1.0, 7.0, 8.0, 9.0, 9.0, 13.0, 14.0)",2065694399.9999988,1,-21.16431446187191,1.0,1.0,6.433614224111334e-10,4.840987127621591e-10,4.840987125278076e-10
3509,"(1.0, 7.0, 8.0, 9.0, 9.0, 14.0, 14.0)",1032847199.9999994,1,-21.08768083252123,1.0,1.0,6.946028778013774e-10,9.681974255243182e-10,9.68197424586912e-10
3510,"(1.0, 7.0, 8.0, 9.0, 11.0, 11.0, 14.0)",1721411999.999999,1,-20.8490637260194,1.0,1.0,8.817930487850468e-10,5.809184553145909e-10,5.809184549771247e-10
3511,"(1.0, 7.0, 8.0, 9.0, 11.0, 13.0, 14.0)",4131388799.9999976,3,-20.819888829785445,5.0,9.0,9.078982257521333e-10,1.2102467819053977e-09,2.1784442059650185e-09
3512,"(1.0, 7.0, 8.0, 9.0, 11.0, 14.0, 14.0)",2065694399.9999988,7,-20.74325520043476,10.0,18.0,9.802090992568121e-10,4.840987127621591e-09,8.713776806283707e-09
3513,"(1.0, 7.0, 8.0, 9.0, 12.0, 13.0, 14.0)",4524854399.999999,1,-20.90560030686368,1.0,1.0,8.333225724667173e-10,2.210015862609856e-10,2.210015862121439e-10
3514,"(1.0, 7.0, 8.0, 9.0, 12.0, 14.0, 14.0)",2262427199.9999995,2,-20.828966677512994,3.0,5.0,8.996937596956763e-10,1.3260095175659135e-09,2.2100158608515547e-09
3515,"(1.0, 7.0, 8.0, 9.0, 13.0, 13.0, 14.0)",2262427199.9999995,1,-20.790713933551487,1.0,1.0,9.347762374171397e-10,4.420031725219712e-10,4.420031723266044e-10
3516,"(1.0, 7.0, 8.0, 9.0, 13.0, 14.0, 14.0)",2262427199.9999995,2,-20.7140803042008,2.0,2.0,1.0092278492187337e-09,8.840063450439424e-10,8.840063442624752e-10
3517,"(1.0, 7.0, 8.0, 9.0, 14.0, 14.0, 14.0)",754142399.9999999,5,-20.63744667485012,6.0,8.0,1.0896092678318064e-09,7.956057105395481e-09,1.0608076077228463e-08
3518,"(1.0, 7.0, 8.0, 11.0, 11.0, 12.0, 14.0)",2065694399.9999988,2,-20.590349571011167,2.0,2.0,1.142154357099837e-09,9.681974255243182e-10,9.68197424586912e-10
3519,"(1.0, 7.0, 8.0, 11.0, 11.0, 13.0, 14.0)",2065694399.9999988,1,-20.47546319769897,2.0,4.0,1.2812070472530294e-09,9.681974255243182e-10,1.9363948501112302e-09
3520,"(1.0, 7.0, 8.0, 11.0, 11.0, 14.0, 14.0)",1032847199.9999994,2,-20.39882956834829,2.0,2.0,1.3832506443208202e-09,1.9363948510486364e-09,1.9363948472990113e-09
3521,"(1.0, 7.0, 8.0, 11.0, 12.0, 13.0, 14.0)",4524854399.999999,2,-20.56117467477721,2.0,2.0,1.1759674401774422e-09,4.420031725219712e-10,4.420031723266044e-10
3522,"(1.0, 7.0, 8.0, 11.0, 12.0, 14.0, 14.0)",2262427199.9999995,2,-20.484541045426525,2.0,2.0,1.269629075810496e-09,8.840063450439424e-10,8.840063442624752e-10
3523,"(1.0, 7.0, 8.0, 11.0, 13.0, 13.0, 14.0)",2262427199.9999995,1,-20.446288301465017,3.0,9.0,1.3191367369303313e-09,1.3260095175659135e-09,3.978028550939439e-09
3524,"(1.0, 7.0, 8.0, 11.0, 13.0, 14.0, 14.0)",2262427199.9999995,2,-20.369654672114333,4.0,10.0,1.424201299250102e-09,1.7680126900878848e-09,4.420031722093843e-09
3525,"(1.0, 7.0, 8.0, 11.0, 14.0, 14.0, 14.0)",754142399.9999999,2,-20.293021042763648,2.0,2.0,1.5376338813106707e-09,2.652019035131827e-09,2.652019028098622e-09
3526,"(1.0, 7.0, 8.0, 12.0, 12.0, 12.0, 14.0)",754142399.9999995,1,-20.76177252516764,1.0,1.0,9.622252691428245e-10,1.3260095175659141e-09,1.3260095158076129e-09
3527,"(1.0, 7.0, 8.0, 12.0, 12.0, 13.0, 14.0)",2262427199.9999986,1,-20.646886151855448,1.0,1.0,1.0793723179422796e-09,4.4200317252197136e-10,4.4200317232660453e-10
3528,"(1.0, 7.0, 8.0, 12.0, 12.0, 14.0, 14.0)",1131213599.9999993,2,-20.57025252250476,2.0,2.0,1.1653404946974668e-09,1.7680126900878854e-09,1.7680126869620166e-09
3529,"(1.0, 7.0, 8.0, 12.0, 13.0, 13.0, 14.0)",2262427199.9999986,1,-20.531999778543256,1.0,1.0,1.210781547836446e-09,4.4200317252197136e-10,4.4200317232660453e-10
3530,"(1.0, 7.0, 8.0, 12.0, 13.0, 14.0, 14.0)",2262427199.9999986,3,-20.45536614919257,3.0,3.0,1.3072160036642115e-09,1.3260095175659141e-09,1.3260095158076129e-09
3531,"(1.0, 7.0, 8.0, 12.0, 14.0, 14.0, 14.0)",754142399.9999995,3,-20.378732519841883,5.0,11.0,1.4113311218603629e-09,6.630047587829571e-09,1.4586104649267525e-08
3532,"(1.0, 7.0, 8.0, 13.0, 13.0, 14.0, 14.0)",1131213599.9999993,1,-20.34047977588037,1.0,1.0,1.4663642840966183e-09,8.840063450439427e-10,8.840063442624755e-10
3533,"(1.0, 7.0, 9.0, 9.0, 11.0, 13.0, 14.0)",2065694399.9999988,1,-21.46474894891994,1.0,1.0,4.764068266357946e-10,4.840987127621591e-10,4.840987125278076e-10
3534,"(1.0, 7.0, 9.0, 9.0, 11.0, 14.0, 14.0)",1032847199.9999994,1,-21.38811531956925,1.0,1.0,5.143509406350159e-10,9.681974255243182e-10,9.68197424586912e-10
3535,"(1.0, 7.0, 9.0, 9.0, 12.0, 14.0, 14.0)",1131213599.9999998,1,-21.47382679664749,1.0,1.0,4.721016484480525e-10,8.840063450439424e-10,8.840063442624752e-10
3536,"(1.0, 7.0, 9.0, 9.0, 13.0, 14.0, 14.0)",1131213599.9999998,1,-21.35894042333529,1.0,1.0,5.295781216010787e-10,8.840063450439424e-10,8.840063442624752e-10
3537,"(1.0, 7.0, 9.0, 9.0, 14.0, 14.0, 14.0)",377071200.0,1,-21.28230679398461,1.0,1.0,5.71757140653809e-10,2.6520190351318266e-09,2.6520190280986217e-09
3538,"(1.0, 7.0, 9.0, 11.0, 11.0, 12.0, 14.0)",2065694399.9999988,1,-21.235209690145663,1.0,1.0,5.993294373313746e-10,4.840987127621591e-10,4.840987125278076e-10
3539,"(1.0, 7.0, 9.0, 11.0, 11.0, 13.0, 14.0)",2065694399.9999988,1,-21.12032331683347,1.0,1.0,6.722953810594513e-10,4.840987127621591e-10,4.840987125278076e-10
3540,"(1.0, 7.0, 9.0, 11.0, 11.0, 14.0, 14.0)",1032847199.9999994,2,-21.043689687482782,3.0,5.0,7.258413236317022e-10,2.9045922765729548e-09,4.840987119184934e-09
3541,"(1.0, 7.0, 9.0, 11.0, 12.0, 12.0, 14.0)",2262427199.9999995,1,-21.320921167223897,2.0,4.0,5.500999278396683e-10,8.840063450439424e-10,1.7680126893064175e-09
3542,"(1.0, 7.0, 9.0, 11.0, 12.0, 14.0, 14.0)",2262427199.9999995,2,-21.12940116456102,2.0,2.0,6.662200033603203e-10,8.840063450439424e-10,8.840063442624752e-10
3543,"(1.0, 7.0, 9.0, 11.0, 13.0, 14.0, 14.0)",2262427199.9999995,2,-21.01451479124883,3.0,5.0,7.473296039368566e-10,1.3260095175659135e-09,2.2100158608515547e-09
3544,"(1.0, 7.0, 9.0, 12.0, 12.0, 12.0, 14.0)",754142399.9999995,1,-21.40663264430213,1.0,1.0,5.04914178680485e-10,1.3260095175659141e-09,1.3260095158076129e-09
3545,"(1.0, 7.0, 9.0, 12.0, 13.0, 14.0, 14.0)",2262427199.9999986,2,-21.100226268327063,3.0,5.0,6.859432151850211e-10,1.3260095175659141e-09,2.2100158608515555e-09
3546,"(1.0, 7.0, 9.0, 13.0, 13.0, 14.0, 14.0)",1131213599.9999993,1,-20.985339895014874,1.0,1.0,7.694540373176759e-10,8.840063450439427e-10,8.840063442624755e-10
3547,"(1.0, 7.0, 11.0, 11.0, 12.0, 12.0, 14.0)",1131213599.9999998,2,-20.97649553513743,2.0,2.0,7.76289549038041e-10,1.7680126900878848e-09,1.768012686962016e-09
3548,"(1.0, 7.0, 11.0, 11.0, 12.0, 14.0, 14.0)",1131213599.9999998,2,-20.78497553247455,2.0,2.0,9.401557786050898e-10,1.7680126900878848e-09,1.768012686962016e-09
3549,"(1.0, 7.0, 11.0, 11.0, 13.0, 13.0, 14.0)",1131213599.9999998,1,-20.746722788513047,1.0,1.0,9.7681602416328e-10,8.840063450439424e-10,8.840063442624752e-10
3550,"(1.0, 7.0, 11.0, 12.0, 13.0, 13.0, 14.0)",2262427199.9999986,1,-20.83243426559128,1.0,1.0,8.965793951278058e-10,4.4200317252197136e-10,4.4200317232660453e-10
3551,"(1.0, 7.0, 11.0, 12.0, 13.0, 14.0, 14.0)",2262427199.9999986,3,-20.7558006362406,3.0,3.0,9.679887639194189e-10,1.3260095175659141e-09,1.3260095158076129e-09
3552,"(1.0, 7.0, 11.0, 13.0, 13.0, 13.0, 13.0)",188535599.99999988,1,-20.79418152162977,1.0,1.0,9.315404319429738e-10,5.3040380702636565e-09,5.304038042130837e-09
3553,"(1.0, 7.0, 11.0, 13.0, 13.0, 14.0, 14.0)",1131213599.9999993,1,-20.640914262928405,1.0,1.0,1.0858374949813388e-09,8.840063450439427e-10,8.840063442624755e-10
3554,"(1.0, 7.0, 12.0, 12.0, 12.0, 14.0, 14.0)",344282399.9999998,1,-20.956398486631024,1.0,1.0,7.920485015716561e-10,2.9045922765729543e-09,2.904592268136298e-09
3555,"(1.0, 7.0, 12.0, 13.0, 13.0, 14.0, 14.0)",1032847199.9999996,1,-20.72662574000664,1.0,1.0,9.966457350977363e-10,9.68197425524318e-10,9.681974245869118e-10
3556,"(1.0, 7.0, 13.0, 14.0, 14.0, 14.0, 14.0)",172141199.9999999,2,-20.458472107993074,3.0,5.0,1.3031621434338593e-09,1.7427553659437727e-08,2.9045922462009915e-08
3557,"(1.0, 8.0, 8.0, 8.0, 9.0, 13.0, 14.0)",510047999.9999998,1,-20.380661576675315,1.0,1.0,1.408611208192984e-09,1.960599786686744e-09,1.9605997828427926e-09
3558,"(1.0, 8.0, 8.0, 8.0, 11.0, 12.0, 14.0)",510047999.9999998,1,-20.15112231790104,1.0,1.0,1.772061430745115e-09,1.960599786686744e-09,1.9605997828427926e-09
3559,"(1.0, 8.0, 8.0, 8.0, 11.0, 13.0, 14.0)",510047999.9999998,1,-20.03623594458885,2.0,4.0,1.9878027686212845e-09,3.921199573373488e-09,7.84239913137117e-09
3560,"(1.0, 8.0, 8.0, 9.0, 9.0, 11.0, 14.0)",605681999.9999999,2,-21.05469659204377,3.0,5.0,7.178958651249594e-10,4.953094197945458e-09,8.255156972042621e-09
3561,"(1.0, 8.0, 8.0, 9.0, 11.0, 11.0, 14.0)",605681999.9999999,3,-20.7102709599573,4.0,6.0,1.0130796773282976e-09,6.60412559726061e-09,9.906188352276442e-09
3562,"(1.0, 8.0, 8.0, 9.0, 11.0, 13.0, 14.0)",1530143999.9999995,1,-20.681096063723345,1.0,1.0,1.0430715493382355e-09,6.535332622289146e-10,6.535332618018089e-10
3563,"(1.0, 8.0, 8.0, 9.0, 11.0, 14.0, 14.0)",765071999.9999998,1,-20.604462434372657,1.0,1.0,1.1261484986273978e-09,1.3070665244578293e-09,1.3070665227494064e-09
3564,"(1.0, 8.0, 8.0, 9.0, 12.0, 14.0, 14.0)",879832799.9999998,1,-20.69017391145089,1.0,1.0,1.0336455532538083e-09,1.136579586485069e-09,1.1365795851932558e-09
3565,"(1.0, 8.0, 8.0, 9.0, 13.0, 13.0, 14.0)",879832799.9999998,1,-20.65192116748939,1.0,1.0,1.0739513203030044e-09,1.136579586485069e-09,1.1365795851932558e-09
3566,"(1.0, 8.0, 8.0, 9.0, 13.0, 14.0, 14.0)",879832799.9999998,1,-20.575287538138703,1.0,1.0,1.1594877338236748e-09,1.136579586485069e-09,1.1365795851932558e-09
3567,"(1.0, 8.0, 8.0, 9.0, 14.0, 14.0, 14.0)",293277599.99999994,1,-20.49865390878801,1.0,1.0,1.2518368192966638e-09,3.409738759455206e-09,3.4097387478288877e-09
3568,"(1.0, 8.0, 8.0, 11.0, 11.0, 12.0, 14.0)",765071999.9999998,2,-20.451556804949067,3.0,5.0,1.3122051360510042e-09,3.921199573373488e-09,6.53533260691334e-09
3569,"(1.0, 8.0, 8.0, 11.0, 11.0, 14.0, 14.0)",382535999.9999999,1,-20.260036802286187,1.0,1.0,1.5891972819966109e-09,2.6141330489156585e-09,2.614133042081967e-09
3570,"(1.0, 8.0, 8.0, 11.0, 12.0, 14.0, 14.0)",879832799.9999998,1,-20.345748279364425,1.0,1.0,1.4586590540954305e-09,1.136579586485069e-09,1.1365795851932558e-09
3571,"(1.0, 8.0, 8.0, 11.0, 13.0, 14.0, 14.0)",879832799.9999998,1,-20.23086190605224,1.0,1.0,1.6362449156100587e-09,1.136579586485069e-09,1.1365795851932558e-09
3572,"(1.0, 8.0, 8.0, 11.0, 14.0, 14.0, 14.0)",293277599.99999994,1,-20.15422827670155,1.0,1.0,1.7665660196273573e-09,3.409738759455206e-09,3.4097387478288877e-09
3573,"(1.0, 8.0, 8.0, 12.0, 12.0, 14.0, 14.0)",460864800.0,2,-20.431459756442663,3.0,5.0,1.338843364633387e-09,6.509501268050847e-09,1.0849168737711137e-08
3574,"(1.0, 8.0, 8.0, 12.0, 13.0, 13.0, 14.0)",921729600.0,1,-20.39320701248116,1.0,1.0,1.3910499538267624e-09,1.0849168780084746e-09,1.0849168768314298e-09
3575,"(1.0, 8.0, 8.0, 12.0, 13.0, 14.0, 14.0)",921729600.0,1,-20.316573383130468,1.0,1.0,1.5018421488071366e-09,1.0849168780084746e-09,1.0849168768314298e-09
3576,"(1.0, 8.0, 8.0, 12.0, 14.0, 14.0, 14.0)",307243199.99999994,1,-20.239939753779783,1.0,1.0,1.6214585491546763e-09,3.2547506340254243e-09,3.2547506234320224e-09
3577,"(1.0, 8.0, 8.0, 13.0, 14.0, 14.0, 14.0)",307243199.99999994,1,-20.12505338046759,1.0,1.0,1.8188645931191304e-09,3.2547506340254243e-09,3.2547506234320224e-09
3578,"(1.0, 8.0, 9.0, 9.0, 11.0, 13.0, 14.0)",1530143999.9999995,1,-21.32595618285784,2.0,4.0,5.47337127311423e-10,1.3070665244578293e-09,2.6141330472072357e-09
3579,"(1.0, 8.0, 9.0, 9.0, 12.0, 14.0, 14.0)",879832799.9999998,1,-21.33503403058539,3.0,9.0,5.423909684192795e-10,3.4097387594552066e-09,1.0229216266739302e-08
3580,"(1.0, 8.0, 9.0, 9.0, 13.0, 14.0, 14.0)",879832799.9999998,1,-21.2201476572732,1.0,1.0,6.084248830164297e-10,1.136579586485069e-09,1.1365795851932558e-09
3581,"(1.0, 8.0, 9.0, 9.0, 14.0, 14.0, 14.0)",293277599.99999994,1,-21.14351402792252,1.0,1.0,6.568837669584579e-10,3.409738759455206e-09,3.4097387478288877e-09
3582,"(1.0, 8.0, 9.0, 11.0, 11.0, 12.0, 14.0)",1530143999.9999995,1,-21.096416924083563,1.0,1.0,6.885611922452654e-10,6.535332622289146e-10,6.535332618018089e-10
3583,"(1.0, 8.0, 9.0, 11.0, 12.0, 14.0, 14.0)",1759665599.9999995,4,-20.99060839849892,4.0,4.0,7.6541082622943e-10,2.273159172970138e-09,2.2731591678028853e-09
3584,"(1.0, 8.0, 9.0, 11.0, 13.0, 13.0, 14.0)",1759665599.9999995,1,-20.952355654537413,1.0,1.0,7.952571022201001e-10,5.682897932425345e-10,5.682897929195811e-10
3585,"(1.0, 8.0, 9.0, 11.0, 13.0, 14.0, 14.0)",1759665599.9999995,1,-20.87572202518673,1.0,1.0,8.58596509756331e-10,5.682897932425345e-10,5.682897929195811e-10
3586,"(1.0, 8.0, 9.0, 11.0, 14.0, 14.0, 14.0)",586555199.9999999,2,-20.799088395836044,2.0,2.0,9.269806764476086e-10,3.409738759455206e-09,3.4097387478288877e-09
3587,"(1.0, 8.0, 9.0, 12.0, 13.0, 14.0, 14.0)",1843459200.0,1,-20.961433502264967,1.0,1.0,7.880705479167051e-10,5.424584390042373e-10,5.424584387099761e-10
3588,"(1.0, 8.0, 9.0, 13.0, 14.0, 14.0, 14.0)",614486399.9999999,1,-20.769913499602087,1.0,1.0,9.544236174382176e-10,1.6273753170127121e-09,1.6273753143643617e-09
3589,"(1.0, 8.0, 11.0, 11.0, 12.0, 13.0, 14.0)",1759665599.9999995,1,-20.72281639576314,1.0,1.0,1.0004495421970928e-09,5.682897932425345e-10,5.682897929195811e-10
3590,"(1.0, 8.0, 11.0, 11.0, 12.0, 14.0, 14.0)",879832799.9999998,1,-20.64618276641245,1.0,1.0,1.080131799791219e-09,1.136579586485069e-09,1.1365795851932558e-09
3591,"(1.0, 8.0, 11.0, 11.0, 13.0, 13.0, 14.0)",879832799.9999998,1,-20.607930022450944,1.0,1.0,1.1222502421990414e-09,1.136579586485069e-09,1.1365795851932558e-09
3592,"(1.0, 8.0, 11.0, 11.0, 13.0, 14.0, 14.0)",879832799.9999998,2,-20.53129639310026,2.0,2.0,1.2116334935398207e-09,2.273159172970138e-09,2.2731591678028853e-09
3593,"(1.0, 8.0, 11.0, 11.0, 14.0, 14.0, 14.0)",293277599.99999994,2,-20.45466276374957,4.0,10.0,1.3081358038211432e-09,1.3638955037820825e-08,3.409738740853097e-08
3594,"(1.0, 8.0, 11.0, 12.0, 13.0, 14.0, 14.0)",1843459200.0,1,-20.617007870178497,1.0,1.0,1.112108726599814e-09,5.424584390042373e-10,5.424584387099761e-10
3595,"(1.0, 8.0, 11.0, 12.0, 14.0, 14.0, 14.0)",614486399.9999999,1,-20.54037424082781,1.0,1.0,1.2006842421935274e-09,1.6273753170127121e-09,1.6273753143643617e-09
3596,"(1.0, 8.0, 11.0, 13.0, 13.0, 14.0, 14.0)",921729600.0,1,-20.5021214968663,3.0,9.0,1.2475034823219848e-09,3.2547506340254234e-09,9.76425189148287e-09
3597,"(1.0, 8.0, 11.0, 13.0, 14.0, 14.0, 14.0)",614486399.9999999,1,-20.42548786751562,1.0,1.0,1.3468627099844204e-09,1.6273753170127121e-09,1.6273753143643617e-09
3598,"(1.0, 8.0, 12.0, 12.0, 13.0, 14.0, 14.0)",879832799.9999996,2,-20.70271934725673,2.0,2.0,1.0207590219103015e-09,2.273159172970138e-09,2.2731591678028853e-09
3599,"(1.0, 8.0, 12.0, 13.0, 13.0, 14.0, 14.0)",879832799.9999996,1,-20.58783297394454,1.0,1.0,1.1450323192211591e-09,1.136579586485069e-09,1.1365795851932558e-09
3600,"(1.0, 9.0, 9.0, 9.0, 11.0, 13.0, 14.0)",510047999.9999998,1,-21.970816301992336,1.0,1.0,2.8720746062298843e-10,1.960599786686744e-09,1.9605997828427926e-09
3601,"(1.0, 9.0, 9.0, 9.0, 11.0, 14.0, 14.0)",255023999.9999999,1,-21.894182672641648,1.0,1.0,3.100825161805703e-10,3.921199573373488e-09,3.921199557997682e-09
3602,"(1.0, 9.0, 9.0, 9.0, 12.0, 14.0, 14.0)",293277599.99999994,1,-21.979894149719883,1.0,1.0,2.846120332997447e-10,3.409738759455206e-09,3.4097387478288877e-09
3603,"(1.0, 9.0, 9.0, 11.0, 11.0, 11.0, 14.0)",201894000.0,1,-21.65556556613982,1.0,1.0,3.9364738623497317e-10,4.953094197945456e-09,4.953094173412314e-09
3604,"(1.0, 9.0, 9.0, 12.0, 13.0, 14.0, 14.0)",921729600.0,1,-21.60629362139946,1.0,1.0,4.1352893776954114e-10,1.0849168780084746e-09,1.0849168768314298e-09
3605,"(1.0, 9.0, 9.0, 13.0, 13.0, 14.0, 14.0)",460864800.0,1,-21.49140724808727,1.0,1.0,4.6387441944248525e-10,2.169833756016949e-09,2.1698337513087706e-09
3606,"(1.0, 9.0, 9.0, 14.0, 14.0, 14.0, 14.0)",76810799.99999999,1,-21.33813998938589,1.0,1.0,5.40708937928518e-10,1.3019002536101697e-08,1.301900236660727e-08
3607,"(1.0, 9.0, 11.0, 11.0, 12.0, 12.0, 14.0)",879832799.9999998,1,-21.482562888209824,1.0,1.0,4.679952881066246e-10,1.136579586485069e-09,1.1365795851932558e-09
3608,"(1.0, 9.0, 11.0, 12.0, 12.0, 12.0, 14.0)",614486399.9999999,1,-21.56827436528806,1.0,1.0,4.295536948144512e-10,1.6273753170127121e-09,1.6273753143643617e-09
3609,"(1.0, 9.0, 11.0, 12.0, 14.0, 14.0, 14.0)",614486399.9999999,2,-21.185234359962305,3.0,5.0,6.300421714572098e-10,4.882125951038136e-09,8.136876561228408e-09
3610,"(1.0, 9.0, 12.0, 12.0, 14.0, 14.0, 14.0)",293277599.9999999,1,-21.270945837040543,1.0,1.0,5.782898877749054e-10,3.409738759455207e-09,3.4097387478288886e-09
3611,"(1.0, 11.0, 11.0, 11.0, 12.0, 13.0, 14.0)",586555199.9999999,1,-21.02325088281116,1.0,1.0,7.408292990604212e-10,1.704869379727603e-09,1.7048693768210234e-09
3612,"(1.0, 11.0, 11.0, 11.0, 13.0, 14.0, 14.0)",293277599.99999994,1,-20.831730880148285,1.0,1.0,8.972102578666527e-10,3.409738759455206e-09,3.4097387478288877e-09
3613,"(1.0, 11.0, 11.0, 12.0, 12.0, 14.0, 14.0)",460864800.0,1,-21.032328730538715,1.0,1.0,7.341345962122694e-10,2.169833756016949e-09,2.1698337513087706e-09
3614,"(1.0, 11.0, 12.0, 13.0, 13.0, 13.0, 14.0)",586555199.9999998,1,-20.96490109034325,1.0,1.0,7.853425763542018e-10,1.7048693797276035e-09,1.7048693768210238e-09
3615,"(1.0, 11.0, 12.0, 13.0, 13.0, 14.0, 14.0)",879832799.9999996,1,-20.88826746099257,1.0,1.0,8.478923270705213e-10,1.136579586485069e-09,1.1365795851932558e-09
3616,"(1.0, 11.0, 12.0, 13.0, 14.0, 14.0, 14.0)",586555199.9999998,1,-20.81163383164188,1.0,1.0,9.154239435769801e-10,1.7048693797276035e-09,1.7048693768210238e-09
3617,"(1.0, 12.0, 13.0, 14.0, 14.0, 14.0, 14.0)",127511999.99999996,1,-20.70582530605724,1.0,1.0,1.0175935049704035e-09,7.842399146746976e-09,7.842399085243751e-09
3618,"(1.0, 13.0, 14.0, 14.0, 14.0, 14.0, 14.0)",25502400.0,1,-20.51430530339436,1.0,1.0,1.232396359263688e-09,3.921199573373486e-08,3.9211994196154254e-08
3619,"(2.0, 2.0, 2.0, 2.0, 3.0, 14.0, 14.0)",63755999.99999999,1,-20.78284989479976,1.0,1.0,9.421563346236215e-10,1.5684798293493948e-08,1.568479804748105e-08
3620,"(2.0, 2.0, 2.0, 3.0, 3.0, 14.0, 14.0)",127512000.0,1,-20.584363114102487,1.0,1.0,1.1490123219159936e-09,7.842399146746972e-09,7.842399085243748e-09
3621,"(2.0, 2.0, 2.0, 3.0, 4.0, 8.0, 14.0)",659874599.9999998,1,-20.62653855847399,1.0,1.0,1.1015599135495663e-09,1.5154394486467585e-09,1.5154394463502017e-09
3622,"(2.0, 2.0, 2.0, 3.0, 7.0, 8.0, 14.0)",659874599.9999998,1,-20.38703110396788,2.0,4.0,1.3996675343827035e-09,3.030878897293517e-09,6.061757785400807e-09
3623,"(2.0, 2.0, 2.0, 3.0, 12.0, 14.0, 14.0)",293277599.99999994,1,-20.829010263495427,1.0,1.0,8.996545465138506e-10,3.409738759455206e-09,3.4097387478288877e-09
3624,"(2.0, 2.0, 2.0, 11.0, 14.0, 14.0, 14.0)",107069600.0,1,-20.79642593314726,1.0,1.0,9.294520163771691e-10,9.33971921068165e-09,9.339719123451296e-09
3625,"(2.0, 2.0, 3.0, 3.0, 7.0, 8.0, 14.0)",989811899.9999996,1,-20.188544323270605,1.0,1.0,1.7069728074735895e-09,1.0102929657645057e-09,1.0102929647438138e-09
3626,"(2.0, 2.0, 3.0, 3.0, 8.0, 12.0, 14.0)",879832799.9999999,1,-20.43589752133477,1.0,1.0,1.332915056501854e-09,1.1365795864850687e-09,1.1365795851932556e-09
3627,"(2.0, 2.0, 3.0, 3.0, 8.0, 14.0, 14.0)",439916400.0,1,-20.244377518671893,1.0,1.0,1.6142788400446884e-09,2.273159172970137e-09,2.2731591678028845e-09
3628,"(2.0, 2.0, 3.0, 4.0, 6.0, 8.0, 14.0)",2450962800.0,2,-20.62932619512869,3.0,5.0,1.0984934408488313e-09,1.2240087854454583e-09,2.0400146409109e-09
3629,"(2.0, 2.0, 3.0, 4.0, 7.0, 8.0, 14.0)",2450962800.0,1,-20.42534572910549,1.0,1.0,1.3470541645148797e-09,4.080029284818195e-10,4.080029283153531e-10
3630,"(2.0, 2.0, 3.0, 7.0, 7.0, 14.0, 14.0)",639381600.0,1,-20.38046423606277,1.0,1.0,1.4088892118214466e-09,1.5640112258469747e-09,1.5640112234008436e-09
3631,"(2.0, 2.0, 3.0, 8.0, 9.0, 13.0, 14.0)",1843459200.0,1,-20.82437245242376,1.0,1.0,9.038366647713298e-10,5.424584390042373e-10,5.424584387099761e-10
3632,"(2.0, 2.0, 3.0, 8.0, 11.0, 14.0, 14.0)",921729600.0,1,-20.4033131909866,1.0,1.0,1.3770625533164723e-09,1.0849168780084746e-09,1.0849168768314298e-09
3633,"(2.0, 2.0, 3.0, 9.0, 11.0, 14.0, 14.0)",921729600.0,1,-21.048173310121093,2.0,4.0,7.225942098972607e-10,2.169833756016949e-09,4.339667507325719e-09
3634,"(2.0, 2.0, 3.0, 11.0, 14.0, 14.0, 14.0)",321208799.99999994,1,-20.597939152449985,1.0,1.0,1.1335186955715424e-09,3.113239736893884e-09,3.113239727201622e-09
3635,"(2.0, 2.0, 4.0, 6.0, 8.0, 14.0, 14.0)",1336888800.0,1,-20.68245334185876,2.0,4.0,1.0416567714713696e-09,1.4960107377666714e-09,2.9920214732952947e-09
3636,"(2.0, 2.0, 4.0, 6.0, 11.0, 11.0, 14.0)",1225481400.0000002,1,-21.088696354491425,2.0,4.0,6.938978513639176e-10,1.6320117139272776e-09,3.2640234251910927e-09
3637,"(2.0, 2.0, 4.0, 6.0, 12.0, 14.0, 14.0)",1336888800.0,1,-21.06859930598502,1.0,1.0,7.079842232806464e-10,7.480053688833357e-10,7.480053683238237e-10
3638,"(2.0, 2.0, 4.0, 8.0, 11.0, 14.0, 14.0)",1131213599.9999998,1,-20.64011459682149,1.0,1.0,1.0867061496942687e-09,8.840063450439424e-10,8.840063442624752e-10
3639,"(2.0, 2.0, 4.0, 9.0, 12.0, 14.0, 14.0)",1182632399.9999998,1,-21.37068619303422,3.0,9.0,5.233942074586745e-10,2.536713859691313e-09,7.610141572639021e-09
3640,"(2.0, 2.0, 4.0, 12.0, 13.0, 14.0, 14.0)",1131213599.9999995,1,-20.9970856647138,1.0,1.0,7.604690783301109e-10,8.840063450439426e-10,8.840063442624754e-10
3641,"(2.0, 2.0, 6.0, 7.0, 7.0, 12.0, 14.0)",1453139999.9999998,1,-20.77325865607763,1.0,1.0,9.512362551789174e-10,6.881649393726689e-10,6.881649388990979e-10
3642,"(2.0, 2.0, 6.0, 7.0, 8.0, 11.0, 14.0)",2450962800.0000005,1,-20.54875441293729,1.0,1.0,1.1906643444676523e-09,4.080029284818194e-10,4.08002928315353e-10
3643,"(2.0, 2.0, 6.0, 7.0, 9.0, 14.0, 14.0)",1336888800.0,1,-21.08780600648715,1.0,1.0,6.945159370458969e-10,7.480053688833357e-10,7.480053683238237e-10
3644,"(2.0, 2.0, 6.0, 8.0, 14.0, 14.0, 14.0)",394210800.0,1,-20.49877908275393,1.0,1.0,1.2516801317241152e-09,2.536713859691312e-09,2.536713853256395e-09
3645,"(2.0, 2.0, 6.0, 12.0, 13.0, 14.0, 14.0)",1131213599.9999995,1,-20.961558676230887,1.0,1.0,7.879719081744906e-10,8.840063450439426e-10,8.840063442624754e-10
3646,"(2.0, 2.0, 7.0, 7.0, 9.0, 13.0, 14.0)",1336888800.0,1,-20.96045916981464,1.0,1.0,7.888387648132385e-10,7.480053688833357e-10,7.480053683238237e-10
3647,"(2.0, 2.0, 7.0, 8.0, 11.0, 14.0, 14.0)",1131213599.9999998,1,-20.40060714231538,1.0,1.0,1.3807939980675983e-09,8.840063450439424e-10,8.840063442624752e-10
3648,"(2.0, 2.0, 8.0, 11.0, 12.0, 14.0, 14.0)",963626400.0,1,-20.647960340379544,1.0,1.0,1.0782134910957974e-09,1.0377465789646279e-09,1.0377465778877099e-09
3649,"(2.0, 2.0, 11.0, 12.0, 14.0, 14.0, 14.0)",321208799.99999994,1,-20.84258630184293,1.0,1.0,8.875233351100142e-10,3.113239736893884e-09,3.113239727201622e-09
3650,"(2.0, 3.0, 3.0, 3.0, 6.0, 9.0, 14.0)",659874599.9999998,1,-20.838898127731028,1.0,1.0,8.908027194511364e-10,1.5154394486467585e-09,1.5154394463502017e-09
3651,"(2.0, 3.0, 3.0, 4.0, 4.0, 4.0, 14.0)",444015000.0,1,-20.84466662348254,1.0,1.0,8.85678920263563e-10,2.2521761652196435e-09,2.252176160147346e-09
3652,"(2.0, 3.0, 3.0, 4.0, 4.0, 14.0, 14.0)",639381600.0,1,-20.660992364377712,1.0,1.0,1.064253349032479e-09,1.5640112258469747e-09,1.5640112234008436e-09
3653,"(2.0, 3.0, 3.0, 4.0, 6.0, 14.0, 14.0)",1278763200.0,2,-20.625465375894805,2.0,2.0,1.1027427230304574e-09,1.5640112258469747e-09,1.5640112234008436e-09
3654,"(2.0, 3.0, 3.0, 6.0, 8.0, 14.0, 14.0)",1131213599.9999998,3,-20.2471651553266,3.0,3.0,1.6097850835694488e-09,2.652019035131827e-09,2.652019028098622e-09
3655,"(2.0, 3.0, 3.0, 6.0, 9.0, 14.0, 14.0)",1131213599.9999998,1,-20.89202527446109,1.0,1.0,8.447120849846635e-10,8.840063450439424e-10,8.840063442624752e-10
3656,"(2.0, 3.0, 3.0, 7.0, 7.0, 11.0, 14.0)",1225481400.0,1,-20.28778598095014,1.0,1.0,1.5457045966406177e-09,8.16005856963639e-10,8.160058562977734e-10
3657,"(2.0, 3.0, 3.0, 7.0, 11.0, 14.0, 14.0)",1131213599.9999998,1,-20.343619176351424,1.0,1.0,1.4617679979388741e-09,8.840063450439424e-10,8.840063442624752e-10
3658,"(2.0, 3.0, 3.0, 9.0, 11.0, 12.0, 14.0)",1843459200.0,1,-21.0412065320867,1.0,1.0,7.276459400754262e-10,5.424584390042373e-10,5.424584387099761e-10
3659,"(2.0, 3.0, 3.0, 11.0, 12.0, 14.0, 14.0)",963626400.0,1,-20.59097237441559,1.0,1.0,1.141443240943627e-09,1.0377465789646279e-09,1.0377465778877099e-09
3660,"(2.0, 3.0, 4.0, 4.0, 6.0, 14.0, 14.0)",1453139999.9999998,2,-20.86226678172969,2.0,2.0,8.702272062817493e-10,1.3763298787453378e-09,1.376329876851054e-09
3661,"(2.0, 3.0, 4.0, 4.0, 9.0, 13.0, 14.0)",2673777600.0,1,-21.24098729812957,1.0,1.0,5.958767305867752e-10,3.7400268444166784e-10,3.7400268430178984e-10
3662,"(2.0, 3.0, 4.0, 4.0, 12.0, 14.0, 14.0)",1336888800.0,1,-20.90563951377066,2.0,4.0,8.332899011066102e-10,1.4960107377666714e-09,2.9920214732952947e-09
3663,"(2.0, 3.0, 4.0, 6.0, 8.0, 12.0, 14.0)",5347555200.0,1,-20.675486563824364,1.0,1.0,1.0489391007173836e-09,1.8700134222083392e-10,1.8700134218586442e-10
3664,"(2.0, 3.0, 4.0, 6.0, 8.0, 14.0, 14.0)",2673777600.0,1,-20.483966561161488,1.0,1.0,1.2703586672863286e-09,3.7400268444166784e-10,3.7400268430178984e-10
3665,"(2.0, 3.0, 4.0, 6.0, 12.0, 14.0, 14.0)",2673777600.0,1,-20.870112525287748,2.0,4.0,8.634263405940608e-10,7.480053688833357e-10,1.4960107372071594e-09
3666,"(2.0, 3.0, 4.0, 7.0, 8.0, 8.0, 14.0)",2450962800.0000005,1,-20.085360133674904,1.0,1.0,1.8925132417591378e-09,4.080029284818194e-10,4.08002928315353e-10
3667,"(2.0, 3.0, 4.0, 8.0, 9.0, 13.0, 14.0)",4524854399.999999,1,-20.862687077561368,1.0,1.0,8.698615302657723e-10,2.210015862609856e-10,2.210015862121439e-10
3668,"(2.0, 3.0, 4.0, 12.0, 14.0, 14.0, 14.0)",754142399.9999996,1,-20.72196525466584,1.0,1.0,1.001301428404484e-09,1.326009517565914e-09,1.3260095158076127e-09
3669,"(2.0, 3.0, 6.0, 6.0, 11.0, 13.0, 14.0)",2673777600.0,1,-20.825507689077284,1.0,1.0,9.028111784556424e-10,3.7400268444166784e-10,3.7400268430178984e-10
3670,"(2.0, 3.0, 6.0, 7.0, 8.0, 11.0, 12.0)",4901925600.000001,1,-20.541787634902896,1.0,1.0,1.1989884009278724e-09,2.040014642409097e-10,2.040014641992931e-10
3671,"(2.0, 3.0, 6.0, 7.0, 9.0, 11.0, 14.0)",4901925600.000001,1,-20.995127751374515,1.0,1.0,7.61959469434892e-10,2.040014642409097e-10,2.040014641992931e-10
3672,"(2.0, 3.0, 6.0, 7.0, 9.0, 14.0, 14.0)",2673777600.0,1,-20.88931922578988,1.0,1.0,8.470010125777675e-10,3.7400268444166784e-10,3.7400268430178984e-10
3673,"(2.0, 3.0, 6.0, 7.0, 14.0, 14.0, 14.0)",891259200.0,1,-20.439085068118764,1.0,1.0,1.328673091722449e-09,1.1220080533250036e-09,1.1220080520661015e-09
3674,"(2.0, 3.0, 6.0, 8.0, 8.0, 14.0, 14.0)",1131213599.9999998,1,-20.10566634059328,2.0,4.0,1.8544710299795053e-09,1.7680126900878848e-09,3.536025377049901e-09
3675,"(2.0, 3.0, 6.0, 9.0, 9.0, 11.0, 14.0)",1979623799.9999995,1,-21.501195104446907,1.0,1.0,4.593562310166805e-10,5.051464828822528e-10,5.051464826270798e-10
3676,"(2.0, 3.0, 6.0, 13.0, 14.0, 14.0, 14.0)",754142399.9999996,1,-20.571551892870733,1.0,1.0,1.1638272691255265e-09,1.326009517565914e-09,1.3260095158076127e-09
3677,"(2.0, 3.0, 7.0, 7.0, 8.0, 13.0, 14.0)",2673777600.0,1,-20.117112269982865,1.0,1.0,1.8333658998435011e-09,3.7400268444166784e-10,3.7400268430178984e-10
3678,"(2.0, 3.0, 7.0, 8.0, 8.0, 11.0, 14.0)",1979623799.9999995,1,-20.00749440015472,1.0,1.0,2.045764251493576e-09,5.051464828822528e-10,5.051464826270798e-10
3679,"(2.0, 3.0, 7.0, 8.0, 9.0, 14.0, 14.0)",2262427199.9999995,2,-20.546545993704576,2.0,2.0,1.1932967361480136e-09,8.840063450439424e-10,8.840063442624752e-10
3680,"(2.0, 3.0, 7.0, 9.0, 14.0, 14.0, 14.0)",788421599.9999999,1,-20.74117195516796,3.0,9.0,9.822532437111588e-10,3.8050707895369695e-09,1.1415212354132344e-08
3681,"(2.0, 3.0, 7.0, 13.0, 14.0, 14.0, 14.0)",754142399.9999996,1,-20.367571426847533,1.0,1.0,1.4271713524662398e-09,1.326009517565914e-09,1.3260095158076127e-09
3682,"(2.0, 3.0, 8.0, 11.0, 11.0, 14.0, 14.0)",879832799.9999999,1,-20.36376208260404,1.0,1.0,1.4326183075188962e-09,1.1365795864850687e-09,1.1365795851932556e-09
3683,"(2.0, 3.0, 8.0, 11.0, 12.0, 14.0, 14.0)",1927252800.0,1,-20.449473559682268,1.0,1.0,1.3149416305947272e-09,5.188732894823139e-10,5.188732892130844e-10
3684,"(2.0, 3.0, 11.0, 11.0, 11.0, 14.0, 14.0)",293277599.99999994,1,-20.66419656965206,1.0,1.0,1.0608487203158368e-09,3.409738759455206e-09,3.4097387478288877e-09
3685,"(2.0, 3.0, 11.0, 12.0, 14.0, 14.0, 14.0)",642417599.9999999,1,-20.64409952114565,1.0,1.0,1.0823843247169523e-09,1.556619868446942e-09,1.5566198660238766e-09
3686,"(2.0, 3.0, 12.0, 12.0, 14.0, 14.0, 14.0)",293277599.99999994,1,-20.72981099822389,1.0,1.0,9.934762116354525e-10,3.409738759455206e-09,3.4097387478288877e-09
3687,"(2.0, 4.0, 7.0, 7.0, 13.0, 14.0, 14.0)",1453139999.9999995,1,-20.54853963728113,1.0,1.0,1.1909200976472943e-09,6.88164939372669e-10,6.88164938899098e-10
3688,"(2.0, 4.0, 7.0, 8.0, 9.0, 14.0, 14.0)",2557526400.0,1,-20.783347399539466,3.0,9.0,9.416877239592817e-10,1.173008419385231e-09,3.519025256779744e-09
3689,"(2.0, 4.0, 8.0, 8.0, 14.0, 14.0, 14.0)",377071200.0,1,-20.19432047580625,3.0,9.0,1.6971414930834599e-09,7.95605710539548e-09,2.3868171252887593e-08
3690,"(2.0, 4.0, 9.0, 14.0, 14.0, 14.0, 14.0)",188535599.99999988,1,-21.033806556404137,1.0,1.0,7.330504743862313e-10,5.3040380702636565e-09,5.304038042130837e-09
3691,"(2.0, 6.0, 6.0, 7.0, 11.0, 12.0, 14.0)",2906279999.999999,1,-20.93768801371825,1.0,1.0,8.070076132257724e-10,3.440824696863345e-10,3.4408246956794176e-10
3692,"(2.0, 6.0, 6.0, 9.0, 11.0, 11.0, 14.0)",1118917799.9999998,1,-21.35804388971242,1.0,1.0,5.300531190868236e-10,8.937207004839857e-10,8.93720699685249e-10
3693,"(2.0, 6.0, 8.0, 9.0, 9.0, 13.0, 14.0)",2065694399.9999988,1,-21.33052139347964,1.0,1.0,5.448441129417284e-10,4.840987127621591e-10,4.840987125278076e-10
3694,"(2.0, 7.0, 7.0, 8.0, 9.0, 12.0, 14.0)",2557526400.0,1,-20.735359947696235,1.0,1.0,9.879787290676091e-10,3.9100280646174367e-10,3.910028063088605e-10
3695,"(2.0, 8.0, 9.0, 11.0, 14.0, 14.0, 14.0)",586555199.9999999,1,-20.76131486142057,1.0,1.0,9.6266574555238e-10,1.704869379727603e-09,1.7048693768210234e-09
3696,"(3.0, 3.0, 3.0, 4.0, 9.0, 14.0, 14.0)",377071200.0,1,-20.72906548224673,2.0,4.0,9.94217140176869e-10,5.304038070263653e-09,1.0608076112394487e-08
3697,"(3.0, 3.0, 3.0, 6.0, 9.0, 14.0, 14.0)",377071200.0,1,-20.693538493763818,2.0,4.0,1.0301736117992176e-09,5.304038070263653e-09,1.0608076112394487e-08
3698,"(3.0, 3.0, 4.0, 4.0, 7.0, 13.0, 14.0)",1453139999.9999998,1,-20.536433164359902,1.0,1.0,1.2054255674315973e-09,6.881649393726689e-10,6.881649388990979e-10
3699,"(3.0, 3.0, 4.0, 7.0, 14.0, 14.0, 14.0)",445629600.0,1,-20.2761252759044,1.0,1.0,1.5638340979888373e-09,2.244016106650007e-09,2.2440161016143988e-09
3700,"(3.0, 3.0, 4.0, 8.0, 14.0, 14.0, 14.0)",394210800.0,1,-20.1373325098423,1.0,1.0,1.7966670814295794e-09,2.536713859691312e-09,2.536713853256395e-09
3701,"(3.0, 3.0, 4.0, 9.0, 12.0, 13.0, 14.0)",2365264799.9999995,1,-21.05034626099036,1.0,1.0,7.210257528878995e-10,4.2278564328188547e-10,4.227856431031378e-10
3702,"(3.0, 3.0, 6.0, 6.0, 7.0, 11.0, 14.0)",1392592499.9999998,1,-20.49455408362804,1.0,1.0,1.2569796665682598e-09,7.180851541280024e-10,7.180851536123561e-10
3703,"(3.0, 3.0, 6.0, 7.0, 7.0, 12.0, 14.0)",1453139999.9999998,1,-20.37628509468308,1.0,1.0,1.4147894794648445e-09,6.881649393726689e-10,6.881649388990979e-10
3704,"(3.0, 3.0, 6.0, 7.0, 8.0, 14.0, 14.0)",1336888800.0,1,-20.045972325958104,1.0,1.0,1.9685426767289294e-09,7.480053688833357e-10,7.480053683238237e-10
3705,"(3.0, 3.0, 6.0, 7.0, 11.0, 13.0, 14.0)",2673777600.0,1,-20.42304044235681,2.0,4.0,1.3501630927387815e-09,7.480053688833357e-10,1.4960107372071594e-09
3706,"(3.0, 3.0, 6.0, 7.0, 11.0, 14.0, 14.0)",1336888800.0,1,-20.34640681300613,1.0,1.0,1.4576987942529398e-09,7.480053688833357e-10,7.480053683238237e-10
3707,"(3.0, 3.0, 6.0, 12.0, 12.0, 14.0, 14.0)",565606799.9999998,1,-20.67947148814853,1.0,1.0,1.044767475106869e-09,1.7680126900878852e-09,1.7680126869620164e-09
3708,"(3.0, 3.0, 7.0, 7.0, 8.0, 14.0, 14.0)",668444400.0,1,-19.841991859934907,1.0,1.0,2.4139730945174397e-09,1.4960107377666714e-09,1.4960107355286232e-09
3709,"(3.0, 3.0, 7.0, 7.0, 9.0, 12.0, 14.0)",1336888800.0,1,-20.67837198173228,1.0,1.0,1.045916835397955e-09,7.480053688833357e-10,7.480053683238237e-10
3710,"(3.0, 3.0, 7.0, 8.0, 11.0, 13.0, 14.0)",2262427199.9999995,1,-20.08026721027152,1.0,1.0,1.9021762523391917e-09,4.420031725219712e-10,4.420031723266044e-10
3711,"(3.0, 3.0, 7.0, 8.0, 12.0, 12.0, 14.0)",1182632399.9999998,1,-20.280865060661945,1.0,1.0,1.5564393994513965e-09,8.455712865637709e-10,8.455712858487801e-10
3712,"(3.0, 3.0, 7.0, 8.0, 12.0, 14.0, 14.0)",1182632399.9999998,1,-20.08934505799907,1.0,1.0,1.8849867259660273e-09,8.455712865637709e-10,8.455712858487801e-10
3713,"(3.0, 3.0, 7.0, 9.0, 11.0, 14.0, 14.0)",1131213599.9999998,1,-20.64849370005533,1.0,1.0,1.0776385688315648e-09,8.840063450439424e-10,8.840063442624752e-10
3714,"(3.0, 3.0, 7.0, 9.0, 14.0, 14.0, 14.0)",394210800.0,1,-20.542685174470687,1.0,1.0,1.1979127441911683e-09,2.536713859691312e-09,2.536713853256395e-09
3715,"(3.0, 3.0, 8.0, 11.0, 11.0, 12.0, 14.0)",879832799.9999999,1,-20.35679530456964,2.0,4.0,1.442633888932041e-09,2.2731591729701374e-09,4.546318340773022e-09
3716,"(3.0, 4.0, 6.0, 7.0, 8.0, 11.0, 14.0)",5328179999.999999,1,-20.388582257377635,1.0,1.0,1.397498118297785e-09,1.87681347101637e-10,1.876813470664127e-10
3717,"(3.0, 4.0, 6.0, 8.0, 9.0, 14.0, 14.0)",2557526400.0,1,-20.78884108486539,1.0,1.0,9.365285722820047e-10,3.9100280646174367e-10,3.910028063088605e-10
3718,"(3.0, 4.0, 6.0, 9.0, 11.0, 14.0, 14.0)",2557526400.0,1,-21.08927557191341,1.0,1.0,6.934960500157327e-10,3.9100280646174367e-10,3.910028063088605e-10
3719,"(3.0, 4.0, 8.0, 8.0, 8.0, 11.0, 14.0)",573803999.9999996,1,-19.90701625923024,1.0,1.0,2.2620004524503588e-09,1.7427553659437728e-09,1.7427553629065765e-09
3720,"(3.0, 4.0, 8.0, 12.0, 13.0, 14.0, 14.0)",2262427199.9999986,1,-20.45861328858593,1.0,1.0,1.302978175216539e-09,4.4200317252197136e-10,4.4200317232660453e-10
3721,"(3.0, 4.0, 9.0, 12.0, 14.0, 14.0, 14.0)",754142399.9999995,1,-21.026839778369737,1.0,1.0,7.381753053810794e-10,1.3260095175659141e-09,1.3260095158076129e-09
3722,"(3.0, 6.0, 7.0, 7.0, 11.0, 13.0, 14.0)",2906279999.999999,1,-20.4203343936856,1.0,1.0,1.3538216476631098e-09,3.440824696863345e-10,3.4408246956794176e-10
3723,"(3.0, 6.0, 7.0, 8.0, 14.0, 14.0, 14.0)",891259199.9999999,1,-20.099099472688167,1.0,1.0,1.866689169814774e-09,1.1220080533250038e-09,1.1220080520661017e-09
3724,"(3.0, 6.0, 7.0, 12.0, 13.0, 14.0, 14.0)",2557526399.9999995,1,-20.56187906616512,1.0,1.0,1.1751393905098844e-09,3.910028064617437e-10,3.9100280630886053e-10
3725,"(3.0, 6.0, 8.0, 12.0, 13.0, 13.0, 14.0)",2262427199.9999986,1,-20.499719929453704,1.0,1.0,1.2505030464182524e-09,4.4200317252197136e-10,4.4200317232660453e-10
3726,"(3.0, 6.0, 9.0, 11.0, 12.0, 14.0, 14.0)",2262427199.9999995,1,-21.09712131547147,1.0,1.0,6.880763464520493e-10,4.420031725219712e-10,4.420031723266044e-10
3727,"(3.0, 6.0, 11.0, 12.0, 13.0, 13.0, 14.0)",2262427199.9999986,1,-20.80015441650173,1.0,1.0,9.259930224131605e-10,4.4200317252197136e-10,4.4200317232660453e-10
3728,"(3.0, 7.0, 7.0, 8.0, 14.0, 14.0, 14.0)",445629600.0,1,-19.89511900666497,1.0,1.0,2.2890727668895035e-09,2.244016106650007e-09,2.2440161016143988e-09
3729,"(3.0, 7.0, 7.0, 11.0, 13.0, 13.0, 14.0)",1336888799.9999998,1,-20.34882075241437,1.0,1.0,1.4541842413536615e-09,7.480053688833358e-10,7.480053683238238e-10
3730,"(3.0, 7.0, 8.0, 9.0, 12.0, 14.0, 14.0)",2262427199.9999995,1,-20.592706362400246,1.0,1.0,1.1394657070841283e-09,4.420031725219712e-10,4.420031723266044e-10
3731,"(3.0, 7.0, 9.0, 9.0, 11.0, 13.0, 14.0)",2065694399.9999988,1,-21.228488633807192,1.0,1.0,6.033711312567973e-10,4.840987127621591e-10,4.840987125278076e-10
3732,"(3.0, 7.0, 9.0, 11.0, 12.0, 14.0, 14.0)",2262427199.9999995,1,-20.893140849448272,1.0,1.0,8.437702707411653e-10,4.420031725219712e-10,4.420031723266044e-10
3733,"(3.0, 8.0, 9.0, 9.0, 14.0, 14.0, 14.0)",293277599.99999994,1,-20.90725371280976,1.0,1.0,8.319458903911888e-10,3.409738759455206e-09,3.4097387478288877e-09
