,label,n_lambdas,n_nonzeros,log_lambda,sum_counts,sum_counts_2,mean_lambda,mean_count,var_count
0,"(0.0, 0.0, 0.0, 0.0, 0.0, 0.0)",177099.99999999997,1,-inf,2.0,4.0,0.0,1.1293054771315643e-05,2.258598200954522e-05
1,"(0.0, 0.0, 1.0, 3.0, 9.0, 11.0)",91079999.99999996,1,-inf,1.0,1.0,0.0,1.0979358805445767e-08,1.0979358684899448e-08
2,"(0.0, 2.0, 3.0, 4.0, 11.0, 13.0)",202859999.9999999,1,-inf,1.0,1.0,0.0,4.929508035098099e-09,4.92950801079805e-09
3,"(0.0, 2.0, 7.0, 11.0, 13.0, 13.0)",88199999.99999997,1,-inf,1.0,1.0,0.0,1.1337868480725628e-08,1.1337868352178366e-08
4,"(1.0, 1.0, 1.0, 1.0, 2.0, 13.0)",5578649.999999999,4,-16.43872072356047,4.0,4.0,7.256952830349225e-08,7.170193505597234e-07,7.170188364429743e-07
5,"(1.0, 1.0, 1.0, 1.0, 3.0, 9.0)",6641249.999999997,1,-16.61383447118362,1.0,1.0,6.091207103090432e-08,1.5057406361754194e-07,1.505740409449933e-07
6,"(1.0, 1.0, 1.0, 1.0, 8.0, 13.0)",6641249.999999997,1,-16.098735128129874,3.0,9.0,1.0195491531109664e-07,4.5172219085262583e-07,1.3551663685049398e-06
7,"(1.0, 1.0, 1.0, 1.0, 12.0, 13.0)",5312999.999999999,2,-16.48488109225614,3.0,5.0,6.92958309330729e-08,5.646527385657822e-07,9.410875787769217e-07
8,"(1.0, 1.0, 1.0, 2.0, 2.0, 12.0)",11157299.999999998,1,-16.515833562457185,1.0,1.0,6.718380856264848e-08,8.962741881996542e-08,8.962741078689122e-08
9,"(1.0, 1.0, 1.0, 2.0, 2.0, 13.0)",11157299.999999998,12,-16.400947189144993,14.0,18.0,7.536316650783421e-08,1.2547838634795158e-06,1.6132919642768334e-06
10,"(1.0, 1.0, 1.0, 2.0, 3.0, 3.0)",10625999.999999998,1,-16.07269963236697,1.0,1.0,1.0464421884237935e-07,9.41087897609637e-08,9.410878090449939e-08
11,"(1.0, 1.0, 1.0, 2.0, 3.0, 8.0)",26564999.99999999,1,-15.931200817633648,1.0,1.0,1.2055004999035735e-07,3.7643515904385486e-08,3.764351448735119e-08
12,"(1.0, 1.0, 1.0, 2.0, 3.0, 9.0)",26564999.99999999,2,-16.576060936768144,2.0,2.0,6.325694349618857e-08,7.528703180877097e-08,7.528702614063381e-08
13,"(1.0, 1.0, 1.0, 2.0, 3.0, 13.0)",22314600.0,25,-16.20246040844772,29.0,37.0,9.190959478152958e-08,1.2995975728894984e-06,1.6581055592155085e-06
14,"(1.0, 1.0, 1.0, 2.0, 4.0, 8.0)",35419999.999999985,1,-16.168002223468537,1.0,1.0,9.513182996296776e-08,2.8232636928289114e-08,2.8232636131207328e-08
15,"(1.0, 1.0, 1.0, 2.0, 4.0, 9.0)",35419999.999999985,2,-16.812862342603033,2.0,2.0,4.9919089980782444e-08,5.646527385657823e-08,5.6465270668251076e-08
16,"(1.0, 1.0, 1.0, 2.0, 4.0, 12.0)",29752800.0,1,-16.554148187594798,1.0,1.0,6.465837557073803e-08,3.3610282057487026e-08,3.3610280927835964e-08
17,"(1.0, 1.0, 1.0, 2.0, 4.0, 13.0)",29752800.0,25,-16.43926181428261,29.0,37.0,7.253027222652437e-08,9.746981796671238e-07,1.2435794860904785e-06
18,"(1.0, 1.0, 1.0, 2.0, 4.0, 14.0)",29752800.0,2,-16.36262818493192,3.0,5.0,7.83070511555585e-08,1.0083084617246108e-07,1.6805140012057559e-07
19,"(1.0, 1.0, 1.0, 2.0, 6.0, 13.0)",29752800.0,23,-16.403734825799695,25.0,29.0,7.515337393105774e-08,8.402570514371757e-07,9.746974736352114e-07
20,"(1.0, 1.0, 1.0, 2.0, 7.0, 9.0)",35419999.999999985,3,-16.573354888096926,4.0,6.0,6.342835167892677e-08,1.1293054771315646e-07,1.6939580881642608e-07
21,"(1.0, 1.0, 1.0, 2.0, 7.0, 13.0)",29752800.0,28,-16.1997543597765,36.0,52.0,9.215864343527423e-08,1.209970154069533e-06,1.7477332029615516e-06
22,"(1.0, 1.0, 1.0, 2.0, 7.0, 14.0)",29752800.0,1,-16.123120730425814,1.0,1.0,9.949875251224726e-08,3.3610282057487026e-08,3.3610280927835964e-08
23,"(1.0, 1.0, 1.0, 2.0, 8.0, 9.0)",30359999.99999999,2,-16.434562122034826,3.0,5.0,7.287194443286769e-08,9.88142292490119e-08,1.646903723174346e-07
24,"(1.0, 1.0, 1.0, 2.0, 8.0, 11.0)",30359999.99999999,1,-16.090136489948357,1.0,1.0,1.0283536866378942e-07,3.29380764163373e-08,3.293807533142042e-08
25,"(1.0, 1.0, 1.0, 2.0, 8.0, 13.0)",26564999.99999999,33,-16.060961593714403,36.0,42.0,1.0587977403888577e-07,1.3551665725578775e-06,1.581025831507751e-06
26,"(1.0, 1.0, 1.0, 2.0, 8.0, 14.0)",26564999.99999999,1,-15.984327964363716,1.0,1.0,1.1431272250168e-07,3.7643515904385486e-08,3.764351448735119e-08
27,"(1.0, 1.0, 1.0, 2.0, 9.0, 9.0)",15179999.999999994,3,-17.079422241169322,4.0,6.0,3.823852807871938e-08,2.635046113306984e-07,3.952568475613674e-07
28,"(1.0, 1.0, 1.0, 2.0, 9.0, 11.0)",30359999.99999999,1,-16.734996609082852,1.0,1.0,5.396141358295064e-08,3.29380764163373e-08,3.293807533142042e-08
29,"(1.0, 1.0, 1.0, 2.0, 9.0, 12.0)",26564999.99999999,9,-16.820708086161087,11.0,15.0,4.9528969994001806e-08,4.1407867494824033e-07,5.646525671046332e-07
30,"(1.0, 1.0, 1.0, 2.0, 9.0, 13.0)",26564999.99999999,163,-16.705821712848895,186.0,238.0,5.555892249155242e-08,7.0016939582157e-06,8.95910776152546e-06
31,"(1.0, 1.0, 1.0, 2.0, 9.0, 14.0)",26564999.99999999,5,-16.62918808349821,5.0,5.0,5.998399360898375e-08,1.8821757952192741e-07,1.8821754409607017e-07
32,"(1.0, 1.0, 1.0, 2.0, 11.0, 12.0)",26564999.99999999,1,-16.476282454074617,1.0,1.0,6.98942498174054e-08,3.7643515904385486e-08,3.764351448735119e-08
33,"(1.0, 1.0, 1.0, 2.0, 11.0, 13.0)",26564999.99999999,24,-16.361396080762425,26.0,30.0,7.840359306241799e-08,9.787314135140225e-07,1.1293045192163846e-06
34,"(1.0, 1.0, 1.0, 2.0, 11.0, 14.0)",26564999.99999999,1,-16.28476245141174,1.0,1.0,8.464816116425793e-08,3.7643515904385486e-08,3.764351448735119e-08
35,"(1.0, 1.0, 1.0, 2.0, 12.0, 12.0)",10625999.999999998,1,-16.561993931152855,1.0,1.0,6.415306738838463e-08,9.41087897609637e-08,9.410878090449939e-08
36,"(1.0, 1.0, 1.0, 2.0, 12.0, 13.0)",21252000.0,22,-16.447107557840663,23.0,25.0,7.196344480933587e-08,1.0822510822510822e-06,1.1763587007446408e-06
37,"(1.0, 1.0, 1.0, 2.0, 13.0, 13.0)",10625999.999999998,19,-16.33222118452847,22.0,28.0,8.072470420586587e-08,2.0703933747412013e-06,2.6350418267782573e-06
38,"(1.0, 1.0, 1.0, 2.0, 13.0, 14.0)",21252000.0,26,-16.255587555177783,32.0,50.0,8.715414057765466e-08,1.5057406361754187e-06,2.352717476769228e-06
39,"(1.0, 1.0, 1.0, 3.0, 3.0, 13.0)",11157299.999999998,2,-16.003973627750447,2.0,2.0,1.1208888909978114e-07,1.7925483763993084e-07,1.7925480550763403e-07
40,"(1.0, 1.0, 1.0, 3.0, 4.0, 13.0)",29752800.0,1,-16.240775033585336,1.0,1.0,8.84547218307356e-08,3.3610282057487026e-08,3.3610280927835964e-08
41,"(1.0, 1.0, 1.0, 3.0, 8.0, 13.0)",26564999.99999999,2,-15.862474813017126,2.0,2.0,1.2912630371578586e-07,7.528703180877097e-08,7.528702614063381e-08
42,"(1.0, 1.0, 1.0, 3.0, 9.0, 12.0)",26564999.99999999,1,-16.622221305463814,1.0,1.0,6.04033478559056e-08,3.7643515904385486e-08,3.764351448735119e-08
43,"(1.0, 1.0, 1.0, 3.0, 9.0, 13.0)",26564999.99999999,10,-16.507334932151622,11.0,13.0,6.775721203495568e-08,4.1407867494824033e-07,4.893655352958622e-07
44,"(1.0, 1.0, 1.0, 3.0, 11.0, 13.0)",26564999.99999999,3,-16.162909300065152,3.0,3.0,9.561756494180341e-08,1.1293054771315646e-07,1.1293053495984785e-07
45,"(1.0, 1.0, 1.0, 3.0, 12.0, 13.0)",21252000.0,2,-16.248620777143387,2.0,2.0,8.776344410663126e-08,9.410878976096367e-08,9.410878090449936e-08
46,"(1.0, 1.0, 1.0, 4.0, 6.0, 13.0)",36514799.99999998,1,-16.44204945093731,1.0,1.0,7.232836573281144e-08,2.7386155750545e-08,2.7386155000543472e-08
47,"(1.0, 1.0, 1.0, 4.0, 8.0, 13.0)",33809999.999999985,3,-16.099276218852015,3.0,3.0,1.0189976337479127e-07,8.873114463176579e-08,8.873113675854976e-08
48,"(1.0, 1.0, 1.0, 4.0, 9.0, 13.0)",33809999.999999985,13,-16.74413633798651,14.0,16.0,5.347046786450734e-08,4.1407867494824033e-07,4.732325999082685e-07
49,"(1.0, 1.0, 1.0, 4.0, 11.0, 13.0)",33809999.999999985,1,-16.39971070590004,1.0,1.0,7.545640943528658e-08,2.9577048210588596e-08,2.9577047335786815e-08
50,"(1.0, 1.0, 1.0, 4.0, 12.0, 13.0)",27047999.99999999,1,-16.485422182978276,1.0,1.0,6.925834574423073e-08,3.6971310263235745e-08,3.6971308896357965e-08
51,"(1.0, 1.0, 1.0, 6.0, 7.0, 9.0)",43469999.99999997,1,-16.576142524751628,1.0,1.0,6.325178270025968e-08,2.3004370830457804e-08,2.3004370301256725e-08
52,"(1.0, 1.0, 1.0, 6.0, 9.0, 13.0)",33809999.999999985,9,-16.7086093495036,9.0,9.0,5.540426007418664e-08,2.6619343389529735e-07,2.661933630363531e-07
53,"(1.0, 1.0, 1.0, 6.0, 11.0, 13.0)",33809999.999999985,4,-16.36418371741713,4.0,4.0,7.81853366836151e-08,1.1830819284235439e-07,1.1830817884552589e-07
54,"(1.0, 1.0, 1.0, 6.0, 12.0, 13.0)",27047999.99999999,2,-16.44989519449537,2.0,2.0,7.176311622416805e-08,7.394262052647149e-08,7.394261505896036e-08
55,"(1.0, 1.0, 1.0, 6.0, 13.0, 14.0)",27047999.99999999,1,-16.25837519183249,1.0,1.0,8.691152482017258e-08,3.6971310263235745e-08,3.6971308896357965e-08
56,"(1.0, 1.0, 1.0, 7.0, 7.0, 13.0)",18257399.99999999,1,-15.998561530408008,2.0,4.0,1.1269716963056604e-07,1.0954462300218e-07,2.1908923400433558e-07
57,"(1.0, 1.0, 1.0, 7.0, 8.0, 13.0)",33809999.999999985,1,-15.859768764345908,1.0,1.0,1.2947619898167012e-07,2.9577048210588596e-08,2.9577047335786815e-08
58,"(1.0, 1.0, 1.0, 7.0, 9.0, 13.0)",33809999.999999985,10,-16.504628883480404,12.0,16.0,6.794081465532285e-08,3.5492457852706317e-07,4.732326453979611e-07
59,"(1.0, 1.0, 1.0, 7.0, 9.0, 14.0)",33809999.999999985,1,-16.42799525412972,1.0,1.0,7.335205956691625e-08,2.9577048210588596e-08,2.9577047335786815e-08
60,"(1.0, 1.0, 1.0, 7.0, 11.0, 13.0)",33809999.999999985,2,-16.160203251393934,2.0,2.0,9.587666113170254e-08,5.915409642117719e-08,5.915409292197007e-08
61,"(1.0, 1.0, 1.0, 7.0, 12.0, 13.0)",27047999.99999999,1,-16.245914728472172,1.0,1.0,8.80012578806409e-08,3.6971310263235745e-08,3.6971308896357965e-08
62,"(1.0, 1.0, 1.0, 7.0, 13.0, 13.0)",13523999.999999994,1,-16.131028355159977,2.0,4.0,9.871505638703517e-08,1.4788524105294298e-07,2.9577046023584143e-07
63,"(1.0, 1.0, 1.0, 7.0, 13.0, 14.0)",27047999.99999999,1,-16.054394725809292,1.0,1.0,1.065773605010196e-07,3.6971310263235745e-08,3.6971308896357965e-08
64,"(1.0, 1.0, 1.0, 8.0, 9.0, 9.0)",15869999.999999994,1,-16.739436645738728,1.0,1.0,5.372235403794424e-08,6.301197227473222e-08,6.301196830422358e-08
65,"(1.0, 1.0, 1.0, 8.0, 9.0, 13.0)",28979999.99999999,13,-16.365836117418304,13.0,13.0,7.805624991404826e-08,4.48585231193927e-07,4.485850299652174e-07
66,"(1.0, 1.0, 1.0, 8.0, 12.0, 13.0)",24149999.99999999,3,-16.10712196241007,3.0,3.0,1.0110341203192769e-07,1.2422360248447211e-07,1.242235870529687e-07
67,"(1.0, 1.0, 1.0, 8.0, 13.0, 13.0)",12074999.999999994,1,-15.99223558909788,3.0,9.0,1.1341234500522843e-07,2.4844720496894423e-07,7.45341553180819e-07
68,"(1.0, 1.0, 1.0, 9.0, 9.0, 13.0)",14489999.999999994,6,-17.010696236552796,8.0,14.0,4.095891947562273e-08,5.521048999309871e-07,9.66183270059407e-07
69,"(1.0, 1.0, 1.0, 9.0, 11.0, 13.0)",28979999.99999999,13,-16.66627060446633,14.0,16.0,5.7800373204345955e-08,4.830917874396137e-07,5.521046665533121e-07
70,"(1.0, 1.0, 1.0, 9.0, 11.0, 14.0)",28979999.99999999,1,-16.589636975115646,1.0,1.0,6.24039679209676e-08,3.4506556245686694e-08,3.450655505498427e-08
71,"(1.0, 1.0, 1.0, 9.0, 12.0, 13.0)",24149999.99999999,3,-16.751982081544565,3.0,3.0,5.305259369603819e-08,1.2422360248447211e-07,1.242235870529687e-07
72,"(1.0, 1.0, 1.0, 9.0, 13.0, 13.0)",12074999.999999994,7,-16.637095708232373,8.0,10.0,5.951153317928821e-08,6.625258799171846e-07,8.281569109559392e-07
73,"(1.0, 1.0, 1.0, 9.0, 13.0, 14.0)",24149999.99999999,3,-16.560462078881688,3.0,3.0,6.425141571869067e-08,1.2422360248447211e-07,1.242235870529687e-07
74,"(1.0, 1.0, 1.0, 11.0, 11.0, 13.0)",14489999.999999994,1,-16.32184497237986,1.0,1.0,8.156668157591555e-08,6.901311249137339e-08,6.901310772856369e-08
75,"(1.0, 1.0, 1.0, 11.0, 12.0, 13.0)",24149999.99999999,1,-16.4075564494581,2.0,4.0,7.486671412107404e-08,8.281573498964808e-08,1.6563146312085018e-07
76,"(1.0, 1.0, 1.0, 11.0, 13.0, 13.0)",12074999.999999994,2,-16.292670076145903,3.0,5.0,8.398143485628144e-08,2.4844720496894423e-07,4.1407861322222673e-07
77,"(1.0, 1.0, 1.0, 11.0, 13.0, 14.0)",24149999.99999999,2,-16.21603644679522,2.0,2.0,9.067025827324882e-08,8.281573498964808e-08,8.281572813120212e-08
78,"(1.0, 1.0, 1.0, 13.0, 13.0, 14.0)",9176999.999999998,1,-16.18686155056126,1.0,1.0,9.335451978011387e-08,1.0896807235480006e-07,1.0896806048075927e-07
79,"(1.0, 1.0, 2.0, 2.0, 2.0, 9.0)",13282499.999999994,2,-16.736774183049945,2.0,2.0,5.386557838125263e-08,1.5057406361754194e-07,1.505740409449933e-07
80,"(1.0, 1.0, 2.0, 2.0, 2.0, 12.0)",11157299.999999998,1,-16.47806002804171,1.0,1.0,6.977011797792931e-08,8.962741881996542e-08,8.962741078689122e-08
81,"(1.0, 1.0, 2.0, 2.0, 2.0, 13.0)",11157299.999999998,24,-16.363173654729522,29.0,39.0,7.826434867173038e-08,2.5991951457789972e-06,3.4954625781632455e-06
82,"(1.0, 1.0, 2.0, 2.0, 2.0, 14.0)",11157299.999999998,1,-16.286540025378834,1.0,1.0,8.449782645173095e-08,8.962741881996542e-08,8.962741078689122e-08
83,"(1.0, 1.0, 2.0, 2.0, 3.0, 6.0)",44629199.99999999,1,-16.236200515303473,1.0,1.0,8.886028649711357e-08,2.2406854704991355e-08,2.2406854202924216e-08
84,"(1.0, 1.0, 2.0, 2.0, 3.0, 9.0)",39847499.99999999,4,-16.53828740235267,6.0,10.0,6.569208422497775e-08,1.5057406361754192e-07,2.5095675002335453e-07
85,"(1.0, 1.0, 2.0, 2.0, 3.0, 13.0)",33471900.0,39,-16.164686874032245,43.0,51.0,9.544774862281497e-08,1.2846596697528375e-06,1.5236644695889446e-06
86,"(1.0, 1.0, 2.0, 2.0, 4.0, 9.0)",53129999.99999998,3,-16.775088808187558,5.0,9.0,5.1840776398710924e-08,9.410878976096371e-08,1.6939581271327037e-07
87,"(1.0, 1.0, 2.0, 2.0, 4.0, 13.0)",44629199.99999999,43,-16.401488279867134,47.0,55.0,7.532239922803874e-08,1.0531221711345937e-06,1.2323758997082171e-06
88,"(1.0, 1.0, 2.0, 2.0, 6.0, 8.0)",53129999.99999998,1,-16.094701700570152,2.0,4.0,1.0236697352120011e-07,3.7643515904385486e-08,7.528703039173668e-08
89,"(1.0, 1.0, 2.0, 2.0, 6.0, 9.0)",53129999.99999998,6,-16.739561819704647,7.0,9.0,5.371562981868815e-08,1.317523056653492e-07,1.6939580421106464e-07
90,"(1.0, 1.0, 2.0, 2.0, 6.0, 12.0)",44629199.99999999,1,-16.480847664696416,2.0,4.0,6.957589507686418e-08,4.481370940998271e-08,8.962741681169686e-08
91,"(1.0, 1.0, 2.0, 2.0, 6.0, 13.0)",44629199.99999999,34,-16.365961291384224,42.0,62.0,7.804647991516922e-08,9.410878976096369e-07,1.3892241060630328e-06
92,"(1.0, 1.0, 2.0, 2.0, 7.0, 9.0)",53129999.99999998,10,-16.53558135368145,11.0,13.0,6.587009094099884e-08,2.0703933747412016e-07,2.446828105132184e-07
93,"(1.0, 1.0, 2.0, 2.0, 7.0, 12.0)",44629199.99999999,2,-16.276867198673216,3.0,5.0,8.53191250197349e-08,6.722056411497407e-08,1.1203426900635254e-07
94,"(1.0, 1.0, 2.0, 2.0, 7.0, 13.0)",44629199.99999999,52,-16.161980825361027,57.0,67.0,9.57063846591716e-08,1.2771907181845073e-06,1.50125763401829e-06
95,"(1.0, 1.0, 2.0, 2.0, 7.0, 14.0)",44629199.99999999,1,-16.08534719601034,1.0,1.0,1.0332905874133161e-07,2.2406854704991355e-08,2.2406854202924216e-08
96,"(1.0, 1.0, 2.0, 2.0, 8.0, 8.0)",22770000.0,1,-15.751928468484856,1.0,1.0,1.4421963324510401e-07,4.391743522178305e-08,4.391743329304193e-08
97,"(1.0, 1.0, 2.0, 2.0, 8.0, 9.0)",45539999.99999999,9,-16.39678858761935,11.0,15.0,7.567722445537196e-08,2.415458937198068e-07,3.2938070581895414e-07
98,"(1.0, 1.0, 2.0, 2.0, 8.0, 12.0)",39847499.99999999,1,-16.13807443261112,1.0,1.0,9.802194717231837e-08,2.509567726959032e-08,2.5095676639797302e-08
99,"(1.0, 1.0, 2.0, 2.0, 8.0, 13.0)",39847499.99999999,78,-16.023188059298924,100.0,150.0,1.0995572421710844e-07,2.509567726959032e-06,3.7643452925083715e-06
100,"(1.0, 1.0, 2.0, 2.0, 8.0, 14.0)",39847499.99999999,2,-15.94655442994824,2.0,2.0,1.1871330765482454e-07,5.019135453918064e-08,5.019135202000857e-08
101,"(1.0, 1.0, 2.0, 2.0, 9.0, 9.0)",22770000.0,4,-17.041648706753847,4.0,4.0,3.971055932125086e-08,1.756697408871322e-07,1.7566971002727432e-07
102,"(1.0, 1.0, 2.0, 2.0, 9.0, 11.0)",45539999.99999999,2,-16.697223074667377,3.0,5.0,5.603871338177507e-08,6.587615283267458e-08,1.0979358371479013e-07
103,"(1.0, 1.0, 2.0, 2.0, 9.0, 12.0)",39847499.99999999,17,-16.782934551745612,19.0,23.0,5.143563834408796e-08,4.7681786812221605e-07,5.77200349845298e-07
104,"(1.0, 1.0, 2.0, 2.0, 9.0, 13.0)",39847499.99999999,406,-16.668048178433423,478.0,644.0,5.7697720029485305e-08,1.1995733734864172e-05,1.6161472263988326e-05
105,"(1.0, 1.0, 2.0, 2.0, 9.0, 14.0)",39847499.99999999,20,-16.591414549082735,25.0,35.0,6.229313878482468e-08,6.27391931739758e-07,8.783483108150251e-07
106,"(1.0, 1.0, 2.0, 2.0, 11.0, 13.0)",39847499.99999999,77,-16.323622546346954,86.0,106.0,8.142181955578614e-08,2.1582282451847673e-06,2.6601371326274153e-06
107,"(1.0, 1.0, 2.0, 2.0, 12.0, 13.0)",31878000.0,28,-16.40933402342519,32.0,40.0,7.473375120976675e-08,1.0038270907836125e-06,1.2547828558106874e-06
108,"(1.0, 1.0, 2.0, 2.0, 12.0, 14.0)",31878000.0,3,-16.332700394074504,6.0,14.0,8.068602942441212e-08,1.8821757952192734e-07,4.391743167919733e-07
109,"(1.0, 1.0, 2.0, 2.0, 13.0, 13.0)",15938999.999999996,35,-16.294447650113,41.0,55.0,8.383228424635563e-08,2.5723069201330075e-06,3.4506490078057774e-06
110,"(1.0, 1.0, 2.0, 2.0, 13.0, 14.0)",31878000.0,41,-16.21781402076231,48.0,66.0,9.050922834625721e-08,1.5057406361754187e-06,2.0703911074863372e-06
111,"(1.0, 1.0, 2.0, 2.0, 14.0, 14.0)",15938999.999999996,1,-16.141180391411623,1.0,1.0,9.771796736161402e-08,6.273919317397579e-08,6.273918923776943e-08
112,"(1.0, 1.0, 2.0, 3.0, 3.0, 9.0)",39847499.99999999,4,-16.339800621655396,4.0,4.0,8.011516926964815e-08,1.0038270907836128e-07,1.00382699001673e-07
113,"(1.0, 1.0, 2.0, 3.0, 3.0, 13.0)",33471900.0,30,-15.966200093334972,31.0,33.0,1.1640386551194462e-07,9.261499944729759e-07,9.85900749265807e-07
114,"(1.0, 1.0, 2.0, 3.0, 3.0, 14.0)",33471900.0,1,-15.889566463984286,1.0,1.0,1.256750205332213e-07,2.98758062733218e-08,2.9875805380758e-08
115,"(1.0, 1.0, 2.0, 3.0, 4.0, 7.0)",114760799.99999993,1,-16.07053467441789,1.0,1.0,1.048710145888311e-07,8.713776829718865e-09,8.713776753788959e-09
116,"(1.0, 1.0, 2.0, 3.0, 4.0, 8.0)",106259999.99999996,1,-15.93174190835579,1.0,1.0,1.204848391208432e-07,9.410878976096371e-09,9.410878887531728e-09
117,"(1.0, 1.0, 2.0, 3.0, 4.0, 9.0)",106259999.99999996,7,-16.576602027490285,7.0,7.0,6.32227250094395e-08,6.58761528326746e-08,6.587614849300709e-08
118,"(1.0, 1.0, 2.0, 3.0, 4.0, 13.0)",89258399.99999999,68,-16.203001499169858,79.0,103.0,9.18598768046989e-08,8.850707608471585e-07,1.153952233956803e-06
119,"(1.0, 1.0, 2.0, 3.0, 4.0, 14.0)",89258399.99999999,1,-16.126367869819177,1.0,1.0,9.91761901792259e-08,1.1203427352495678e-08,1.1203427226978893e-08
120,"(1.0, 1.0, 2.0, 3.0, 6.0, 7.0)",114760799.99999993,1,-16.03500768593498,1.0,1.0,1.0866373904276579e-07,8.713776829718865e-09,8.713776753788959e-09
121,"(1.0, 1.0, 2.0, 3.0, 6.0, 9.0)",106259999.99999996,6,-16.541075039007374,7.0,9.0,6.550921356996143e-08,6.58761528326746e-08,8.469790644519984e-08
122,"(1.0, 1.0, 2.0, 3.0, 6.0, 11.0)",106259999.99999996,1,-16.196649406920905,1.0,1.0,9.244523637691541e-08,9.410878976096371e-09,9.410878887531728e-09
123,"(1.0, 1.0, 2.0, 3.0, 6.0, 12.0)",89258399.99999999,1,-16.28236088399914,3.0,9.0,8.48516937304125e-08,3.361028205748703e-08,1.0083084504281003e-07
124,"(1.0, 1.0, 2.0, 3.0, 6.0, 13.0)",89258399.99999999,61,-16.16747451068695,71.0,93.0,9.518204549409841e-08,7.954433420271931e-07,1.0419181110519876e-06
125,"(1.0, 1.0, 2.0, 3.0, 6.0, 14.0)",89258399.99999999,1,-16.090840881336263,2.0,4.0,1.0276295782151136e-07,2.2406854704991355e-08,4.481370890791557e-08
126,"(1.0, 1.0, 2.0, 3.0, 7.0, 8.0)",106259999.99999996,2,-15.692234453849682,3.0,5.0,1.5309082658914234e-07,2.8232636928289114e-08,4.705439408340007e-08
127,"(1.0, 1.0, 2.0, 3.0, 7.0, 9.0)",106259999.99999996,7,-16.337094572984178,8.0,10.0,8.03322584114133e-08,7.528703180877097e-08,9.410878409282655e-08
128,"(1.0, 1.0, 2.0, 3.0, 7.0, 11.0)",106259999.99999996,1,-15.992668940897708,1.0,1.0,1.1336320820892627e-07,9.410878976096371e-09,9.410878887531728e-09
129,"(1.0, 1.0, 2.0, 3.0, 7.0, 12.0)",89258399.99999999,1,-16.078380417975943,1.0,1.0,1.040514427809152e-07,1.1203427352495678e-08,1.1203427226978893e-08
130,"(1.0, 1.0, 2.0, 3.0, 7.0, 13.0)",89258399.99999999,84,-15.963494044663753,90.0,102.0,1.1671928661749203e-07,1.0083084617246109e-06,1.142748573268605e-06
131,"(1.0, 1.0, 2.0, 3.0, 8.0, 9.0)",91079999.99999996,5,-16.19830180692208,6.0,8.0,9.229260600615894e-08,6.587615283267461e-08,8.783486610389863e-08
132,"(1.0, 1.0, 2.0, 3.0, 8.0, 11.0)",91079999.99999996,2,-15.853876174835609,2.0,2.0,1.3024140137125923e-07,2.1958717610891534e-08,2.1958717128706257e-08
133,"(1.0, 1.0, 2.0, 3.0, 8.0, 12.0)",79694999.99999997,2,-15.939587651913843,2.0,2.0,1.1954324455525346e-07,2.5095677269590323e-08,2.5095676639797305e-08
134,"(1.0, 1.0, 2.0, 3.0, 8.0, 13.0)",79694999.99999997,96,-15.824701278601651,115.0,155.0,1.3409715282668638e-07,1.4430014430014436e-06,1.9449129061400855e-06
135,"(1.0, 1.0, 2.0, 3.0, 8.0, 14.0)",79694999.99999997,2,-15.748067649250968,2.0,2.0,1.4477751542719131e-07,2.5095677269590323e-08,2.5095676639797305e-08
136,"(1.0, 1.0, 2.0, 3.0, 9.0, 9.0)",45539999.99999999,3,-16.843161926056574,3.0,3.0,4.842924713606154e-08,6.587615283267458e-08,6.587614849300708e-08
137,"(1.0, 1.0, 2.0, 3.0, 9.0, 11.0)",91079999.99999996,8,-16.498736293970104,10.0,14.0,6.834234384859369e-08,1.0979358805445768e-07,1.5371101122160876e-07
138,"(1.0, 1.0, 2.0, 3.0, 9.0, 12.0)",79694999.99999997,17,-16.58444777104834,24.0,48.0,6.272863650232902e-08,3.011481272350839e-07,6.022961637799732e-07
139,"(1.0, 1.0, 2.0, 3.0, 9.0, 13.0)",79694999.99999997,494,-16.46956139773615,574.0,780.0,7.036559520328645e-08,7.202459376372423e-06,9.787262259719158e-06
140,"(1.0, 1.0, 2.0, 3.0, 9.0, 14.0)",79694999.99999997,16,-16.392927768385462,20.0,34.0,7.596996528519878e-08,2.509567726959032e-07,4.2662645060373373e-07
141,"(1.0, 1.0, 2.0, 3.0, 11.0, 12.0)",79694999.99999997,1,-16.24002213896187,1.0,1.0,8.852134399180862e-08,1.2547838634795161e-08,1.2547838477346907e-08
142,"(1.0, 1.0, 2.0, 3.0, 11.0, 13.0)",79694999.99999997,91,-16.12513576564968,107.0,143.0,9.92984608863164e-08,1.3426187339230823e-06,1.7943391221506433e-06
143,"(1.0, 1.0, 2.0, 3.0, 11.0, 14.0)",79694999.99999997,4,-16.048502136298993,4.0,4.0,1.0720723109942222e-07,5.0191354539180645e-08,5.0191352020008575e-08
144,"(1.0, 1.0, 2.0, 3.0, 12.0, 12.0)",31878000.0,1,-16.325733616040107,2.0,4.0,8.12501137254167e-08,6.273919317397578e-08,1.254783824117452e-07
145,"(1.0, 1.0, 2.0, 3.0, 12.0, 13.0)",63755999.99999999,35,-16.210847242727915,47.0,85.0,9.11419876376782e-08,7.371855197942156e-07,1.3332073115044949e-06
146,"(1.0, 1.0, 2.0, 3.0, 12.0, 14.0)",63755999.99999999,1,-16.134213613377227,2.0,4.0,9.840112368629602e-08,3.1369596586987896e-08,6.27391921899242e-08
147,"(1.0, 1.0, 2.0, 3.0, 13.0, 13.0)",31878000.0,52,-16.095960869415723,59.0,73.0,1.0223815733501092e-07,1.8508061986322855e-06,2.2899771253665315e-06
148,"(1.0, 1.0, 2.0, 3.0, 13.0, 14.0)",63755999.99999999,69,-16.01932724006504,79.0,101.0,1.1038106394360011e-07,1.2390990651860218e-06,1.5841630922763953e-06
149,"(1.0, 1.0, 2.0, 3.0, 14.0, 14.0)",31878000.0,1,-15.942693610714352,1.0,1.0,1.1917252418191636e-07,3.136959658698789e-08,3.13695956029363e-08
150,"(1.0, 1.0, 2.0, 4.0, 4.0, 9.0)",65204999.99999996,5,-16.813403433325174,6.0,8.0,4.989208653065312e-08,9.20174833218312e-08,1.2268996929522438e-07
151,"(1.0, 1.0, 2.0, 4.0, 4.0, 13.0)",54772199.99999997,18,-16.439802905004747,27.0,53.0,7.249103738491015e-08,4.9295080350981e-07,9.676439268520954e-07
152,"(1.0, 1.0, 2.0, 4.0, 6.0, 7.0)",135626399.99999997,1,-16.271809091769867,2.0,4.0,8.575177153873907e-08,1.4746391557985764e-08,2.9492782898515462e-08
153,"(1.0, 1.0, 2.0, 4.0, 6.0, 8.0)",130409999.99999993,2,-16.133016325707768,3.0,5.0,9.851900869539814e-08,2.30043708304578e-08,3.834061752156192e-08
154,"(1.0, 1.0, 2.0, 4.0, 6.0, 9.0)",130409999.99999993,6,-16.777876444842263,7.0,9.0,5.1696464388391385e-08,5.36768652710682e-08,6.901310961016754e-08
155,"(1.0, 1.0, 2.0, 4.0, 6.0, 12.0)",109544399.99999994,1,-16.51916228983403,1.0,1.0,6.696054377975866e-08,9.128718583515e-09,9.128718500181496e-09
156,"(1.0, 1.0, 2.0, 4.0, 6.0, 13.0)",109544399.99999994,64,-16.40427591652184,77.0,111.0,7.511272013737296e-08,7.02911330930655e-07,1.0132872686858257e-06
157,"(1.0, 1.0, 2.0, 4.0, 7.0, 9.0)",130409999.99999993,12,-16.573895978819067,15.0,21.0,6.339404046988817e-08,1.15021854152289e-07,1.6103058258317766e-07
158,"(1.0, 1.0, 2.0, 4.0, 7.0, 12.0)",109544399.99999994,3,-16.315181823810832,4.0,6.0,8.21119872022224e-08,3.651487433406e-08,5.477231016775395e-08
159,"(1.0, 1.0, 2.0, 4.0, 7.0, 13.0)",109544399.99999994,67,-16.20029545049864,82.0,126.0,9.210879073697888e-08,7.4855492384823e-07,1.150217981188416e-06
160,"(1.0, 1.0, 2.0, 4.0, 7.0, 14.0)",109544399.99999994,3,-16.123661821147955,3.0,3.0,9.94449292233526e-08,2.7386155750545e-08,2.7386155000543472e-08
161,"(1.0, 1.0, 2.0, 4.0, 8.0, 8.0)",57959999.99999997,1,-15.79024309362247,1.0,1.0,1.387984309097408e-07,1.725327812284335e-08,1.7253277825167746e-08
162,"(1.0, 1.0, 2.0, 4.0, 8.0, 9.0)",115919999.99999994,9,-16.435103212756964,10.0,12.0,7.283252476560084e-08,8.626639061421674e-08,1.0351966129516994e-07
163,"(1.0, 1.0, 2.0, 4.0, 8.0, 11.0)",115919999.99999994,2,-16.090677580670494,3.0,5.0,1.0277974045120995e-07,2.5879917184265024e-08,4.313319463733826e-08
164,"(1.0, 1.0, 2.0, 4.0, 8.0, 12.0)",101429999.99999996,3,-16.176389057748732,4.0,6.0,9.433731147487292e-08,3.9436064280784795e-08,5.9154094865974025e-08
165,"(1.0, 1.0, 2.0, 4.0, 8.0, 13.0)",101429999.99999996,106,-16.06150268443654,120.0,162.0,1.0582249897239227e-07,1.1830819284235438e-06,1.597159203688935e-06
166,"(1.0, 1.0, 2.0, 4.0, 8.0, 14.0)",101429999.99999996,1,-15.984869055085856,2.0,4.0,1.1425088567928601e-07,1.9718032140392398e-08,3.9436063891984007e-08
167,"(1.0, 1.0, 2.0, 4.0, 9.0, 9.0)",57959999.99999997,4,-17.079963331891463,4.0,4.0,3.8217843162660413e-08,6.90131124913734e-08,6.90131077285637e-08
168,"(1.0, 1.0, 2.0, 4.0, 9.0, 11.0)",115919999.99999994,9,-16.735537699804993,14.0,26.0,5.3932223460671644e-08,1.2077294685990344e-07,2.2429260101085885e-07
169,"(1.0, 1.0, 2.0, 4.0, 9.0, 12.0)",101429999.99999996,20,-16.821249176883228,23.0,29.0,4.9502177577078646e-08,2.2675736961451257e-07,2.859114146167851e-07
170,"(1.0, 1.0, 2.0, 4.0, 9.0, 13.0)",101429999.99999996,535,-16.706362803571036,643.0,905.0,5.552886820584094e-08,6.3393473331361556e-06,8.92236935620295e-06
171,"(1.0, 1.0, 2.0, 4.0, 9.0, 14.0)",101429999.99999996,19,-16.62972917422035,22.0,30.0,5.995154560601332e-08,2.1689835354431637e-07,2.957704350609902e-07
172,"(1.0, 1.0, 2.0, 4.0, 11.0, 12.0)",101429999.99999996,2,-16.47682354479676,3.0,5.0,6.985644091724321e-08,2.9577048210588596e-08,4.929507947617921e-08
173,"(1.0, 1.0, 2.0, 4.0, 11.0, 13.0)",101429999.99999996,107,-16.36193717148457,126.0,176.0,7.836118108102871e-08,1.2422360248447211e-06,1.7351852852041896e-06
174,"(1.0, 1.0, 2.0, 4.0, 11.0, 14.0)",101429999.99999996,1,-16.28530354213388,1.0,1.0,8.460237121898012e-08,9.859016070196199e-09,9.859015972996002e-09
175,"(1.0, 1.0, 2.0, 4.0, 12.0, 13.0)",81143999.99999997,60,-16.447648648562804,68.0,90.0,7.192451658981521e-08,8.380163659666768e-07,1.1091386056256427e-06
176,"(1.0, 1.0, 2.0, 4.0, 13.0, 13.0)",40571999.99999999,45,-16.332762275250612,54.0,72.0,8.068103663249731e-08,1.3309671694764866e-06,1.7746211211617092e-06
177,"(1.0, 1.0, 2.0, 4.0, 13.0, 14.0)",81143999.99999997,48,-16.256128645899928,51.0,59.0,8.710699503694921e-08,6.285122744750077e-07,7.271020401492904e-07
178,"(1.0, 1.0, 2.0, 4.0, 14.0, 14.0)",40571999.99999999,2,-16.17949501654924,2.0,2.0,9.404475823642206e-08,4.9295080350980984e-08,4.929507792097604e-08
179,"(1.0, 1.0, 2.0, 6.0, 6.0, 9.0)",65204999.99999996,4,-16.742349456359353,4.0,4.0,5.35660986761548e-08,6.13449888812208e-08,6.134498511801314e-08
180,"(1.0, 1.0, 2.0, 6.0, 6.0, 11.0)",65204999.99999996,1,-16.397923824272883,2.0,4.0,7.559136164286001e-08,3.06724944406104e-08,6.134498794041889e-08
181,"(1.0, 1.0, 2.0, 6.0, 6.0, 12.0)",54772199.99999997,1,-16.483635301351118,2.0,4.0,6.938221284473309e-08,3.651487433406e-08,7.302974733478396e-08
182,"(1.0, 1.0, 2.0, 6.0, 6.0, 13.0)",54772199.99999997,15,-16.368748928038926,21.0,35.0,7.782921765180566e-08,3.8340618050763e-07,6.390101538457508e-07
183,"(1.0, 1.0, 2.0, 6.0, 6.0, 14.0)",54772199.99999997,2,-16.29211529868824,2.0,2.0,8.402803878941227e-08,3.651487433406e-08,3.651487300072395e-08
184,"(1.0, 1.0, 2.0, 6.0, 7.0, 8.0)",130409999.99999993,1,-15.89350887120166,1.0,1.0,1.2518053379972715e-07,7.6681236101526e-09,7.668123551352482e-09
185,"(1.0, 1.0, 2.0, 6.0, 7.0, 9.0)",130409999.99999993,10,-16.538368990336153,12.0,16.0,6.568672475893197e-08,9.20174833218312e-08,1.2268996929522438e-07
186,"(1.0, 1.0, 2.0, 6.0, 7.0, 12.0)",109544399.99999994,1,-16.27965483532792,1.0,1.0,8.508161749562675e-08,9.128718583515e-09,9.128718500181496e-09
187,"(1.0, 1.0, 2.0, 6.0, 7.0, 13.0)",109544399.99999994,73,-16.16476846201573,84.0,108.0,9.54399615511468e-08,7.6681236101526e-07,9.85901019018423e-07
188,"(1.0, 1.0, 2.0, 6.0, 8.0, 9.0)",115919999.99999994,6,-16.399576224274057,8.0,12.0,7.546655761827517e-08,6.90131124913734e-08,1.035196639742504e-07
189,"(1.0, 1.0, 2.0, 6.0, 8.0, 12.0)",101429999.99999996,3,-16.140862069265822,3.0,3.0,9.77490781060247e-08,2.9577048210588596e-08,2.9577047335786815e-08
190,"(1.0, 1.0, 2.0, 6.0, 8.0, 13.0)",101429999.99999996,93,-16.02597569595363,110.0,150.0,1.0964963444164152e-07,1.084491767721582e-06,1.4788512344070356e-06
191,"(1.0, 1.0, 2.0, 6.0, 8.0, 14.0)",101429999.99999996,1,-15.949342066602943,1.0,1.0,1.1838283891439561e-07,9.859016070196199e-09,9.859015972996002e-09
192,"(1.0, 1.0, 2.0, 6.0, 9.0, 9.0)",57959999.99999997,3,-17.04443634340855,3.0,3.0,3.9600014860988915e-08,5.175983436853005e-08,5.175983168944959e-08
193,"(1.0, 1.0, 2.0, 6.0, 9.0, 11.0)",115919999.99999994,6,-16.70001071132208,8.0,14.0,5.588271534421413e-08,6.90131124913734e-08,1.2077294209709374e-07
194,"(1.0, 1.0, 2.0, 6.0, 9.0, 12.0)",101429999.99999996,18,-16.785722188400317,20.0,24.0,5.129245413877407e-08,1.9718032140392396e-07,2.3661634680462962e-07
195,"(1.0, 1.0, 2.0, 6.0, 9.0, 13.0)",101429999.99999996,497,-16.670835815088125,572.0,738.0,5.7537103724199694e-08,5.639357192152226e-06,7.275922057455254e-06
196,"(1.0, 1.0, 2.0, 6.0, 9.0, 14.0)",101429999.99999996,20,-16.59420218573744,27.0,43.0,6.211972996050438e-08,2.6619343389529735e-07,4.239376201594923e-07
197,"(1.0, 1.0, 2.0, 6.0, 11.0, 12.0)",101429999.99999996,4,-16.441296556313848,4.0,4.0,7.238284187531966e-08,3.9436064280784795e-08,3.943606272558163e-08
198,"(1.0, 1.0, 2.0, 6.0, 11.0, 13.0)",101429999.99999996,103,-16.326410183001656,128.0,188.0,8.119516117448444e-08,1.2619540569851134e-06,1.8534934286688435e-06
199,"(1.0, 1.0, 2.0, 6.0, 11.0, 14.0)",101429999.99999996,2,-16.24977655365097,3.0,5.0,8.766206777518432e-08,2.9577048210588596e-08,4.929507947617921e-08
200,"(1.0, 1.0, 2.0, 6.0, 12.0, 13.0)",81143999.99999997,59,-16.41212166007989,66.0,82.0,7.452571077084971e-08,8.133688257911864e-07,1.0105484856262635e-06
201,"(1.0, 1.0, 2.0, 6.0, 12.0, 14.0)",81143999.99999997,3,-16.33548803072921,3.0,3.0,8.046141930242274e-08,3.6971310263235745e-08,3.6971308896357965e-08
202,"(1.0, 1.0, 2.0, 6.0, 13.0, 13.0)",40571999.99999999,65,-16.2972352867677,76.0,102.0,8.359891572239278e-08,1.8732130533372772e-06,2.514045588972887e-06
203,"(1.0, 1.0, 2.0, 6.0, 13.0, 14.0)",81143999.99999997,49,-16.220601657417014,56.0,72.0,9.025727284708326e-08,6.901311249137338e-07,8.873109700366883e-07
204,"(1.0, 1.0, 2.0, 6.0, 14.0, 14.0)",40571999.99999999,1,-16.14396802806633,1.0,1.0,9.744594450057823e-08,2.4647540175490492e-08,2.4647539567989254e-08
205,"(1.0, 1.0, 2.0, 7.0, 7.0, 9.0)",65204999.99999996,5,-16.334388524312956,6.0,8.0,8.054993580251907e-08,9.20174833218312e-08,1.2268996929522438e-07
206,"(1.0, 1.0, 2.0, 7.0, 7.0, 12.0)",54772199.99999997,1,-16.075674369304725,1.0,1.0,1.0433339236198276e-07,1.825743716703e-08,1.825743683369599e-08
207,"(1.0, 1.0, 2.0, 7.0, 7.0, 13.0)",54772199.99999997,36,-15.960787995992533,51.0,87.0,1.1703556242381237e-07,9.3112929551853e-07,1.5883961665298451e-06
208,"(1.0, 1.0, 2.0, 7.0, 7.0, 14.0)",54772199.99999997,1,-15.884154366641848,2.0,4.0,1.2635702986358654e-07,3.651487433406e-08,7.302974733478396e-08
209,"(1.0, 1.0, 2.0, 7.0, 8.0, 9.0)",115919999.99999994,17,-16.19559575825086,20.0,26.0,9.254269251052256e-08,1.7253278122843348e-07,2.2429258582940292e-07
210,"(1.0, 1.0, 2.0, 7.0, 8.0, 11.0)",115919999.99999994,1,-15.851170126164387,1.0,1.0,1.305943182321205e-07,8.626639061421675e-09,8.626638987002773e-09
211,"(1.0, 1.0, 2.0, 7.0, 8.0, 12.0)",101429999.99999996,2,-15.936881603242623,2.0,2.0,1.1986717247802914e-07,1.9718032140392398e-08,1.9718031751591606e-08
212,"(1.0, 1.0, 2.0, 7.0, 8.0, 13.0)",101429999.99999996,132,-15.821995229930431,153.0,201.0,1.3446051766864699e-07,1.5084294587400183e-06,1.981659954750004e-06
213,"(1.0, 1.0, 2.0, 7.0, 8.0, 14.0)",101429999.99999996,5,-15.745361600579749,7.0,11.0,1.4516982099001447e-07,6.901311249137339e-08,1.0844917200934849e-07
214,"(1.0, 1.0, 2.0, 7.0, 9.0, 9.0)",57959999.99999997,7,-16.840455877385352,9.0,13.0,4.856047651238262e-08,1.5527950310559014e-07,2.2429259148523945e-07
215,"(1.0, 1.0, 2.0, 7.0, 9.0, 11.0)",115919999.99999994,10,-16.496030245298883,10.0,10.0,6.852753200843385e-08,8.626639061421674e-08,8.626638317232659e-08
216,"(1.0, 1.0, 2.0, 7.0, 9.0, 12.0)",101429999.99999996,19,-16.58174172237712,19.0,19.0,6.289861312456588e-08,1.8732130533372779e-07,1.8732127024445634e-07
217,"(1.0, 1.0, 2.0, 7.0, 9.0, 13.0)",101429999.99999996,607,-16.46685534906493,715.0,979.0,7.055626579428378e-08,7.0491964901902825e-06,9.65192704155092e-06
218,"(1.0, 1.0, 2.0, 7.0, 9.0, 14.0)",101429999.99999996,20,-16.390221719714244,26.0,38.0,7.61758221124893e-08,2.5633441782510115e-07,3.746425449601218e-07
219,"(1.0, 1.0, 2.0, 7.0, 11.0, 11.0)",57959999.99999997,2,-16.151604613212417,3.0,5.0,9.670462442784005e-08,5.175983436853005e-08,8.626638793513629e-08
220,"(1.0, 1.0, 2.0, 7.0, 11.0, 12.0)",101429999.99999996,2,-16.23731609029065,2.0,2.0,8.876121145723703e-08,1.9718032140392398e-08,1.9718031751591606e-08
221,"(1.0, 1.0, 2.0, 7.0, 11.0, 13.0)",101429999.99999996,130,-16.12242971697846,167.0,277.0,9.956753124900745e-08,1.6464556837227653e-06,2.7309447406280284e-06
222,"(1.0, 1.0, 2.0, 7.0, 11.0, 14.0)",101429999.99999996,3,-16.045796087627775,5.0,9.0,1.074977319621497e-07,4.929508035098099e-08,8.873114220176084e-08
223,"(1.0, 1.0, 2.0, 7.0, 12.0, 12.0)",40571999.99999999,2,-16.32302756736889,2.0,2.0,8.147027824129764e-08,4.9295080350980984e-08,4.929507792097604e-08
224,"(1.0, 1.0, 2.0, 7.0, 12.0, 13.0)",81143999.99999997,53,-16.208141194056694,63.0,87.0,9.13889562961162e-08,7.763975155279506e-07,1.0721673948407344e-06
225,"(1.0, 1.0, 2.0, 7.0, 12.0, 14.0)",81143999.99999997,3,-16.131507564706013,3.0,3.0,9.866776252241778e-08,3.6971310263235745e-08,3.6971308896357965e-08
226,"(1.0, 1.0, 2.0, 7.0, 13.0, 13.0)",40571999.99999999,55,-16.093254820744505,65.0,89.0,1.0251519343234232e-07,1.602090111406882e-06,2.1936285089259287e-06
227,"(1.0, 1.0, 2.0, 7.0, 13.0, 14.0)",81143999.99999997,59,-16.016621191393817,73.0,103.0,1.1068016498347959e-07,8.996352164054031e-07,1.2693475096942379e-06
228,"(1.0, 1.0, 2.0, 8.0, 8.0, 8.0)",15869999.999999994,1,-15.411942873054263,1.0,1.0,2.0261810759205913e-07,6.301197227473222e-08,6.301196830422358e-08
229,"(1.0, 1.0, 2.0, 8.0, 8.0, 9.0)",47609999.99999999,3,-16.056802992188757,3.0,3.0,1.0632100263982286e-07,6.301197227473221e-08,6.301196830422357e-08
230,"(1.0, 1.0, 2.0, 8.0, 8.0, 11.0)",47609999.99999999,1,-15.71237736010229,1.0,1.0,1.5003798222019844e-07,2.100399075824407e-08,2.100399031707644e-08
231,"(1.0, 1.0, 2.0, 8.0, 8.0, 13.0)",43469999.99999999,86,-15.683202463868334,102.0,136.0,1.5447980457640742e-07,2.3464458247066947e-06,3.128588927134251e-06
232,"(1.0, 1.0, 2.0, 8.0, 9.0, 9.0)",47609999.99999999,7,-16.701663111323256,10.0,18.0,5.579045099511227e-08,2.1003990758244069e-07,3.780717895316305e-07
233,"(1.0, 1.0, 2.0, 8.0, 9.0, 11.0)",95219999.99999996,8,-16.357237479236787,9.0,11.0,7.873032125946351e-08,9.451795841209834e-08,1.1552194023669796e-07
234,"(1.0, 1.0, 2.0, 8.0, 9.0, 12.0)",86939999.99999997,23,-16.44294895631502,33.0,57.0,7.226333523090163e-08,3.795721187025536e-07,6.556244245930538e-07
235,"(1.0, 1.0, 2.0, 8.0, 9.0, 13.0)",86939999.99999997,795,-16.32806258300283,947.0,1345.0,8.106110507771419e-08,1.0892569588221766e-05,1.547032073541063e-05
236,"(1.0, 1.0, 2.0, 8.0, 9.0, 14.0)",86939999.99999997,22,-16.251428953652145,23.0,25.0,8.751733458578284e-08,2.6455026455026466e-07,2.8755456539387995e-07
237,"(1.0, 1.0, 2.0, 8.0, 11.0, 12.0)",86939999.99999997,2,-16.09852332422855,2.0,2.0,1.0197651204697427e-07,2.3004370830457794e-08,2.3004370301256715e-08
238,"(1.0, 1.0, 2.0, 8.0, 11.0, 13.0)",86939999.99999997,155,-15.98363695091636,185.0,261.0,1.1439174142855887e-07,2.127904301817346e-06,3.0020658653980248e-06
239,"(1.0, 1.0, 2.0, 8.0, 11.0, 14.0)",86939999.99999997,2,-15.907003321565677,4.0,8.0,1.2350263790329057e-07,4.600874166091559e-08,9.201748120502686e-08
240,"(1.0, 1.0, 2.0, 8.0, 12.0, 12.0)",36224999.99999999,2,-16.184234801306786,2.0,2.0,9.360006104182886e-08,5.52104899930987e-08,5.5210486944900496e-08
241,"(1.0, 1.0, 2.0, 8.0, 12.0, 13.0)",72449999.99999997,80,-16.069348427994598,96.0,134.0,1.0499549127020629e-07,1.325051759834369e-06,1.8495496590066406e-06
242,"(1.0, 1.0, 2.0, 8.0, 12.0, 14.0)",72449999.99999997,2,-15.992714798643911,2.0,2.0,1.1335800974689125e-07,2.7605244996549357e-08,2.7605244234499804e-08
243,"(1.0, 1.0, 2.0, 8.0, 13.0, 13.0)",36224999.99999999,75,-15.954462054682406,86.0,114.0,1.1777826920588734e-07,2.374051069703244e-06,3.1469922934881447e-06
244,"(1.0, 1.0, 2.0, 8.0, 13.0, 14.0)",72449999.99999997,107,-15.87782842533172,127.0,175.0,1.2715889060658637e-07,1.752933057280884e-06,2.415455864423765e-06
245,"(1.0, 1.0, 2.0, 8.0, 14.0, 14.0)",36224999.99999999,1,-15.801194795981033,1.0,1.0,1.3728664523021833e-07,2.760524499654935e-08,2.7605244234499797e-08
246,"(1.0, 1.0, 2.0, 9.0, 9.0, 9.0)",15869999.999999994,3,-17.34652323045775,4.0,6.0,2.927525460592507e-08,2.520478890989289e-07,3.780717701202549e-07
247,"(1.0, 1.0, 2.0, 9.0, 9.0, 11.0)",47609999.99999999,5,-17.00209759837128,6.0,8.0,4.131262893499453e-08,1.2602394454946442e-07,1.6803191018391795e-07
248,"(1.0, 1.0, 2.0, 9.0, 9.0, 12.0)",43469999.99999999,13,-17.087809075449517,17.0,27.0,3.7919168958560516e-08,3.9107430411778244e-07,6.21117859483249e-07
249,"(1.0, 1.0, 2.0, 9.0, 9.0, 13.0)",43469999.99999999,425,-16.972922702137325,484.0,616.0,4.253567496695129e-08,1.113411548194157e-05,1.4170568463034434e-05
250,"(1.0, 1.0, 2.0, 9.0, 9.0, 14.0)",43469999.99999999,15,-16.89628907278664,19.0,29.0,4.5923490610520005e-08,4.37083045778698e-07,6.67126563041687e-07
251,"(1.0, 1.0, 2.0, 9.0, 11.0, 11.0)",47609999.99999999,1,-16.657671966284813,1.0,1.0,5.8299520618861255e-08,2.100399075824407e-08,2.100399031707644e-08
252,"(1.0, 1.0, 2.0, 9.0, 11.0, 12.0)",86939999.99999997,23,-16.743383443363047,26.0,34.0,5.351074065095642e-08,2.9905682079595134e-07,3.910742146828004e-07
253,"(1.0, 1.0, 2.0, 9.0, 11.0, 13.0)",86939999.99999997,647,-16.628497070050855,780.0,1088.0,6.00254576796589e-08,8.97170462387854e-06,1.2514297240285182e-05
254,"(1.0, 1.0, 2.0, 9.0, 11.0, 14.0)",86939999.99999997,26,-16.55186344070017,32.0,44.0,6.48062724827041e-08,3.680699332873247e-07,5.060960227945958e-07
255,"(1.0, 1.0, 2.0, 9.0, 12.0, 12.0)",36224999.99999999,8,-16.829094920441285,12.0,26.0,4.911531577992999e-08,3.312629399585922e-07,7.177362601751477e-07
256,"(1.0, 1.0, 2.0, 9.0, 12.0, 13.0)",72449999.99999997,371,-16.71420854712909,432.0,580.0,5.509490754392291e-08,5.962732919254661e-06,8.005485494815447e-06
257,"(1.0, 1.0, 2.0, 9.0, 12.0, 14.0)",72449999.99999997,26,-16.63757491777841,31.0,43.0,5.948302151656556e-08,4.27881297446515e-07,5.935125843434065e-07
258,"(1.0, 1.0, 2.0, 9.0, 13.0, 13.0)",36224999.99999999,413,-16.5993221738169,495.0,675.0,6.180249050773219e-08,1.3664596273291928e-05,1.86333536514795e-05
259,"(1.0, 1.0, 2.0, 9.0, 13.0, 14.0)",72449999.99999997,441,-16.522688544466213,507.0,657.0,6.672483967266937e-08,6.9979296066252615e-06,9.068274010347685e-06
260,"(1.0, 1.0, 2.0, 9.0, 14.0, 14.0)",36224999.99999999,11,-16.44605491511553,12.0,14.0,7.203923648977213e-08,3.312629399585922e-07,3.8647332021655553e-07
261,"(1.0, 1.0, 2.0, 11.0, 11.0, 12.0)",43469999.99999999,1,-16.398957811276578,1.0,1.0,7.551324155186917e-08,2.300437083045779e-08,2.3004370301256712e-08
262,"(1.0, 1.0, 2.0, 11.0, 11.0, 13.0)",43469999.99999999,68,-16.284071437964386,86.0,128.0,8.470667439630307e-08,1.97837589141937e-06,2.9445555523274293e-06
263,"(1.0, 1.0, 2.0, 11.0, 11.0, 14.0)",43469999.99999999,3,-16.2074378086137,3.0,3.0,9.145326057031918e-08,6.901311249137337e-08,6.901310772856368e-08
264,"(1.0, 1.0, 2.0, 11.0, 12.0, 12.0)",36224999.99999999,4,-16.484669288354816,7.0,15.0,6.931050961485608e-08,1.9323671497584545e-07,4.1407863760781225e-07
265,"(1.0, 1.0, 2.0, 11.0, 12.0, 13.0)",72449999.99999997,87,-16.36978291504262,103.0,139.0,7.774878484265175e-08,1.4216701173222918e-06,1.9185625061142574e-06
266,"(1.0, 1.0, 2.0, 11.0, 12.0, 14.0)",72449999.99999997,3,-16.29314928569194,5.0,9.0,8.394119979229185e-08,6.901311249137339e-08,1.242235977216624e-07
267,"(1.0, 1.0, 2.0, 11.0, 13.0, 13.0)",36224999.99999999,67,-16.25489654173043,79.0,115.0,8.721438607361284e-08,2.1808143547273986e-06,3.1745984186519253e-06
268,"(1.0, 1.0, 2.0, 11.0, 13.0, 14.0)",72449999.99999997,87,-16.178262912379743,101.0,133.0,9.416070258825632e-08,1.3940648723257424e-06,1.835746848853664e-06
269,"(1.0, 1.0, 2.0, 11.0, 14.0, 14.0)",36224999.99999999,3,-16.10162928302906,5.0,9.0,1.0166026857576603e-07,1.3802622498274675e-07,2.484471859177054e-07
270,"(1.0, 1.0, 2.0, 12.0, 12.0, 13.0)",27531000.0,17,-16.45549439212086,23.0,39.0,7.136242318082029e-08,8.35421888053467e-07,1.4165842426826695e-06
271,"(1.0, 1.0, 2.0, 12.0, 12.0, 14.0)",27531000.0,3,-16.378860762770174,3.0,3.0,7.704618707554618e-08,1.0896807235480005e-07,1.0896806048075926e-07
272,"(1.0, 1.0, 2.0, 12.0, 13.0, 13.0)",27531000.0,44,-16.340608018808666,51.0,67.0,8.005051061616499e-08,1.8524572300316008e-06,2.4336168509927453e-06
273,"(1.0, 1.0, 2.0, 12.0, 13.0, 14.0)",55061999.99999999,49,-16.26397438945798,58.0,80.0,8.642624985979559e-08,1.0533580327630672e-06,1.4529065218341891e-06
274,"(1.0, 1.0, 2.0, 13.0, 13.0, 13.0)",9176999.999999998,18,-16.225721645496478,19.0,21.0,8.979633768421401e-08,2.0703933747412013e-06,2.2883252329220752e-06
275,"(1.0, 1.0, 2.0, 13.0, 13.0, 14.0)",27531000.0,46,-16.14908801614579,53.0,69.0,9.694829748685348e-08,1.9251026116014673e-06,2.506261958140336e-06
276,"(1.0, 1.0, 2.0, 13.0, 14.0, 14.0)",27531000.0,45,-16.0724543867951,57.0,89.0,1.0466988552086304e-07,2.070393374741201e-06,3.232715193330342e-06
277,"(1.0, 1.0, 3.0, 3.0, 4.0, 13.0)",44629199.99999999,1,-16.004514718472585,1.0,1.0,1.1202825524752137e-07,2.2406854704991355e-08,2.2406854202924216e-08
278,"(1.0, 1.0, 3.0, 3.0, 6.0, 13.0)",44629199.99999999,2,-15.968987729989676,2.0,2.0,1.1607982569217446e-07,4.481370940998271e-08,4.481370740171416e-08
279,"(1.0, 1.0, 3.0, 3.0, 7.0, 9.0)",53129999.99999998,1,-16.138607792286905,1.0,1.0,9.796968015815263e-08,1.8821757952192743e-08,1.882175759793417e-08
280,"(1.0, 1.0, 3.0, 3.0, 8.0, 13.0)",39847499.99999999,3,-15.626214497904378,4.0,6.0,1.635389746578176e-07,1.0038270907836128e-07,1.5057405354085363e-07
281,"(1.0, 1.0, 3.0, 3.0, 9.0, 11.0)",45539999.99999999,1,-16.30024951327283,1.0,1.0,8.334730904507902e-08,2.1958717610891528e-08,2.195871712870625e-08
282,"(1.0, 1.0, 3.0, 3.0, 9.0, 12.0)",39847499.99999999,2,-16.385960990351066,2.0,2.0,7.650107909846914e-08,5.019135453918064e-08,5.019135202000857e-08
283,"(1.0, 1.0, 3.0, 3.0, 9.0, 13.0)",39847499.99999999,15,-16.271074617038874,17.0,21.0,8.581477718326674e-08,4.266265135830354e-07,5.270090406512146e-07
284,"(1.0, 1.0, 3.0, 3.0, 9.0, 14.0)",39847499.99999999,1,-16.19444098768819,1.0,1.0,9.264961981399299e-08,2.509567726959032e-08,2.5095676639797302e-08
285,"(1.0, 1.0, 3.0, 3.0, 11.0, 13.0)",39847499.99999999,3,-15.926648984952406,3.0,3.0,1.2110002439377596e-07,7.528703180877096e-08,7.52870261406338e-08
286,"(1.0, 1.0, 3.0, 3.0, 12.0, 13.0)",31878000.0,3,-16.012360462030642,5.0,11.0,1.1115274927429418e-07,1.5684798293493945e-07,3.4506553785557704e-07
287,"(1.0, 1.0, 3.0, 3.0, 13.0, 13.0)",15938999.999999996,3,-15.89747408871845,3.0,3.0,1.2468514855853767e-07,1.882175795219274e-07,1.8821754409607014e-07
288,"(1.0, 1.0, 3.0, 4.0, 4.0, 13.0)",54772199.99999997,2,-16.241316124307474,4.0,10.0,8.840687274793855e-08,7.302974866812e-08,1.825743663369558e-07
289,"(1.0, 1.0, 3.0, 4.0, 6.0, 13.0)",109544399.99999994,2,-16.205789135824567,2.0,2.0,9.160416143139023e-08,1.825743716703e-08,1.825743683369599e-08
290,"(1.0, 1.0, 3.0, 4.0, 7.0, 9.0)",130409999.99999993,2,-16.375409198121794,2.0,2.0,7.731257643673487e-08,1.53362472203052e-08,1.5336246985104722e-08
291,"(1.0, 1.0, 3.0, 4.0, 7.0, 13.0)",109544399.99999994,2,-16.001808669801367,3.0,5.0,1.1233181970362676e-07,2.7386155750545e-08,4.5643592167573475e-08
292,"(1.0, 1.0, 3.0, 4.0, 8.0, 13.0)",101429999.99999996,4,-15.863015903739267,4.0,4.0,1.2905645357019795e-07,3.9436064280784795e-08,3.943606272558163e-08
293,"(1.0, 1.0, 3.0, 4.0, 9.0, 11.0)",115919999.99999994,1,-16.53705091910772,4.0,16.0,6.577336162516409e-08,3.45065562456867e-08,1.3802622379204437e-07
294,"(1.0, 1.0, 3.0, 4.0, 9.0, 12.0)",101429999.99999996,1,-16.622762396185955,1.0,1.0,6.037067300562088e-08,9.859016070196199e-09,9.859015972996002e-09
295,"(1.0, 1.0, 3.0, 4.0, 9.0, 13.0)",101429999.99999996,27,-16.507876022873763,33.0,47.0,6.772055915332678e-08,3.2534753031647456e-07,4.6337364944820584e-07
296,"(1.0, 1.0, 3.0, 4.0, 9.0, 14.0)",101429999.99999996,1,-16.43124239352308,2.0,4.0,7.311426149539884e-08,1.9718032140392398e-08,3.9436063891984007e-08
297,"(1.0, 1.0, 3.0, 4.0, 11.0, 13.0)",101429999.99999996,5,-16.163450390787297,6.0,8.0,9.556584115943069e-08,5.915409642117719e-08,7.887212506236247e-08
298,"(1.0, 1.0, 3.0, 4.0, 12.0, 13.0)",81143999.99999997,3,-16.24916186786553,5.0,9.0,8.77159689666189e-08,6.161885043872624e-08,1.109139269928245e-07
299,"(1.0, 1.0, 3.0, 4.0, 13.0, 13.0)",40571999.99999999,4,-16.13427549455334,4.0,4.0,9.83950346974304e-08,9.859016070196197e-08,9.859015098194219e-08
300,"(1.0, 1.0, 3.0, 4.0, 13.0, 14.0)",81143999.99999997,4,-16.057641865202655,4.0,4.0,1.062318502189059e-07,4.929508035098099e-08,4.9295077920976045e-08
301,"(1.0, 1.0, 3.0, 6.0, 6.0, 12.0)",54772199.99999997,1,-16.285148520653845,1.0,1.0,8.461548742040132e-08,1.825743716703e-08,1.825743683369599e-08
302,"(1.0, 1.0, 3.0, 6.0, 7.0, 13.0)",109544399.99999994,4,-15.966281681318456,6.0,10.0,1.1639436874270417e-07,5.477231150109e-08,9.128718283514389e-08
303,"(1.0, 1.0, 3.0, 6.0, 8.0, 13.0)",101429999.99999996,2,-15.827488915256357,2.0,2.0,1.3372385923336303e-07,1.9718032140392398e-08,1.9718031751591606e-08
304,"(1.0, 1.0, 3.0, 6.0, 9.0, 12.0)",101429999.99999996,1,-16.587235407703044,1.0,1.0,6.255401535914568e-08,9.859016070196199e-09,9.859015972996002e-09
305,"(1.0, 1.0, 3.0, 6.0, 9.0, 13.0)",101429999.99999996,32,-16.472349034390852,38.0,52.0,7.016971463963507e-08,3.7464261066745557e-07,5.126686952931165e-07
306,"(1.0, 1.0, 3.0, 6.0, 9.0, 14.0)",101429999.99999996,1,-16.395715405040164,1.0,1.0,7.575848352941104e-08,9.859016070196199e-09,9.859015972996002e-09
307,"(1.0, 1.0, 3.0, 6.0, 11.0, 13.0)",101429999.99999996,3,-16.127923402304383,4.0,6.0,9.902203831883959e-08,3.9436064280784795e-08,5.9154094865974025e-08
308,"(1.0, 1.0, 3.0, 6.0, 12.0, 13.0)",81143999.99999997,2,-16.213634879382617,3.0,5.0,9.088827069178727e-08,3.6971310263235745e-08,6.161884907184846e-08
309,"(1.0, 1.0, 3.0, 6.0, 13.0, 13.0)",40571999.99999999,3,-16.09874850607043,3.0,3.0,1.0195355137342374e-07,7.394262052647148e-08,7.394261505896034e-08
310,"(1.0, 1.0, 3.0, 6.0, 13.0, 14.0)",81143999.99999997,3,-16.02211487671974,3.0,3.0,1.1007379012662682e-07,3.6971310263235745e-08,3.6971308896357965e-08
311,"(1.0, 1.0, 3.0, 7.0, 7.0, 13.0)",54772199.99999997,1,-15.76230121529526,1.0,1.0,1.4273141132256983e-07,1.825743716703e-08,1.825743683369599e-08
312,"(1.0, 1.0, 3.0, 7.0, 8.0, 9.0)",115919999.99999994,1,-15.997108977553584,2.0,4.0,1.1286098717401524e-07,1.725327812284335e-08,3.450655594801109e-08
313,"(1.0, 1.0, 3.0, 7.0, 8.0, 13.0)",101429999.99999996,7,-15.62350844923316,8.0,10.0,1.6398211839672834e-07,7.887212856156959e-08,9.859015448114931e-08
314,"(1.0, 1.0, 3.0, 7.0, 9.0, 12.0)",101429999.99999996,2,-16.383254941679848,3.0,5.0,7.670837509193697e-08,2.9577048210588596e-08,4.929507947617921e-08
315,"(1.0, 1.0, 3.0, 7.0, 9.0, 13.0)",101429999.99999996,39,-16.268368568367656,45.0,59.0,8.6047310628547e-08,4.4365572315882893e-07,5.816817513111751e-07
316,"(1.0, 1.0, 3.0, 7.0, 9.0, 14.0)",101429999.99999996,1,-16.191734939016968,1.0,1.0,9.29006737234295e-08,9.859016070196199e-09,9.859015972996002e-09
317,"(1.0, 1.0, 3.0, 7.0, 11.0, 13.0)",101429999.99999996,10,-15.923942936281186,13.0,19.0,1.2142817074362534e-07,1.2816720891255057e-07,1.8732128890689435e-07
318,"(1.0, 1.0, 3.0, 7.0, 12.0, 13.0)",81143999.99999997,1,-16.00965441335942,1.0,1.0,1.1145394136019753e-07,1.2323770087745248e-08,1.2323769935869939e-08
319,"(1.0, 1.0, 3.0, 7.0, 13.0, 14.0)",81143999.99999997,6,-15.818134410696544,7.0,9.0,1.349806488415927e-07,8.626639061421673e-08,1.1091392334781708e-07
320,"(1.0, 1.0, 3.0, 8.0, 8.0, 13.0)",43469999.99999999,4,-15.48471568317106,6.0,12.0,1.8839675797156885e-07,1.3802622498274675e-07,2.760524309142547e-07
321,"(1.0, 1.0, 3.0, 8.0, 9.0, 12.0)",86939999.99999997,1,-16.24446217561775,1.0,1.0,8.812917724129303e-08,1.1502185415228897e-08,1.1502185282928627e-08
322,"(1.0, 1.0, 3.0, 8.0, 9.0, 13.0)",86939999.99999997,35,-16.129575802305556,38.0,44.0,9.885854941433787e-08,4.370830457786981e-07,5.060959672284826e-07
323,"(1.0, 1.0, 3.0, 8.0, 9.0, 14.0)",86939999.99999997,2,-16.05294217295487,2.0,2.0,1.0673228223899908e-07,2.3004370830457794e-08,2.3004370301256715e-08
324,"(1.0, 1.0, 3.0, 8.0, 11.0, 12.0)",86939999.99999997,1,-15.90003654353128,1.0,1.0,1.2436605750233237e-07,1.1502185415228897e-08,1.1502185282928627e-08
325,"(1.0, 1.0, 3.0, 8.0, 11.0, 13.0)",86939999.99999997,4,-15.785150170219088,4.0,4.0,1.395071238143823e-07,4.600874166091559e-08,4.600873954411128e-08
326,"(1.0, 1.0, 3.0, 8.0, 12.0, 13.0)",72449999.99999997,3,-15.870861647297325,5.0,11.0,1.280478714429964e-07,6.901311249137339e-08,1.5182884271821177e-07
327,"(1.0, 1.0, 3.0, 8.0, 13.0, 13.0)",36224999.99999999,2,-15.75597527398513,2.0,2.0,1.4363718376480032e-07,5.52104899930987e-08,5.5210486944900496e-08
328,"(1.0, 1.0, 3.0, 8.0, 13.0, 14.0)",72449999.99999997,1,-15.679341644634444,1.0,1.0,1.5507737599249248e-07,1.3802622498274678e-08,1.3802622307762291e-08
329,"(1.0, 1.0, 3.0, 9.0, 9.0, 12.0)",43469999.99999999,2,-16.88932229475224,2.0,2.0,4.6244546439955844e-08,4.600874166091558e-08,4.600873954411127e-08
330,"(1.0, 1.0, 3.0, 9.0, 9.0, 13.0)",43469999.99999999,20,-16.774435921440052,24.0,32.0,5.187463360586033e-08,5.52104899930987e-07,7.361395617548287e-07
331,"(1.0, 1.0, 3.0, 9.0, 9.0, 14.0)",43469999.99999999,1,-16.697802292089364,1.0,1.0,5.600626418115702e-08,2.300437083045779e-08,2.3004370301256712e-08
332,"(1.0, 1.0, 3.0, 9.0, 11.0, 12.0)",86939999.99999997,1,-16.544896662665774,1.0,1.0,6.525933977545479e-08,1.1502185415228897e-08,1.1502185282928627e-08
333,"(1.0, 1.0, 3.0, 9.0, 11.0, 13.0)",86939999.99999997,32,-16.430010289353582,39.0,55.0,7.320440140131059e-08,4.48585231193927e-07,6.326199966088797e-07
334,"(1.0, 1.0, 3.0, 9.0, 11.0, 14.0)",86939999.99999997,2,-16.353376660002894,2.0,2.0,7.903487232808313e-08,2.3004370830457794e-08,2.3004370301256715e-08
335,"(1.0, 1.0, 3.0, 9.0, 12.0, 13.0)",72449999.99999997,26,-16.515721766431817,32.0,46.0,6.719131986527398e-08,4.416839199447897e-07,6.3492043983595e-07
336,"(1.0, 1.0, 3.0, 9.0, 12.0, 14.0)",72449999.99999997,3,-16.439088137081132,3.0,3.0,7.254287017518363e-08,4.140786749482403e-08,4.140786578021254e-08
337,"(1.0, 1.0, 3.0, 9.0, 13.0, 13.0)",36224999.99999999,21,-16.40083539311963,22.0,24.0,7.537159228128393e-08,6.073153899240858e-07,6.625255110852016e-07
338,"(1.0, 1.0, 3.0, 9.0, 13.0, 14.0)",72449999.99999997,22,-16.32420176376894,23.0,25.0,8.137467227495097e-08,3.174603174603176e-07,3.450654616758138e-07
339,"(1.0, 1.0, 3.0, 9.0, 14.0, 14.0)",36224999.99999999,2,-16.247568134418252,3.0,5.0,8.785587629810484e-08,8.281573498964805e-08,1.3802621812430078e-07
340,"(1.0, 1.0, 3.0, 11.0, 11.0, 13.0)",43469999.99999999,7,-16.085584657267113,8.0,10.0,1.0330452500620274e-07,1.8403496664366232e-07,2.3004367443570896e-07
341,"(1.0, 1.0, 3.0, 11.0, 12.0, 13.0)",72449999.99999997,1,-16.171296134345347,1.0,1.0,9.481898971033309e-08,1.3802622498274678e-08,1.3802622307762291e-08
342,"(1.0, 1.0, 3.0, 11.0, 13.0, 13.0)",36224999.99999999,1,-16.05640976103316,1.0,1.0,1.0636281959188066e-07,2.760524499654935e-08,2.7605244234499797e-08
343,"(1.0, 1.0, 3.0, 12.0, 13.0, 13.0)",27531000.0,2,-16.142121238111393,2.0,2.0,9.762607297055959e-08,7.26453815698667e-08,7.264537629251523e-08
344,"(1.0, 1.0, 3.0, 13.0, 13.0, 13.0)",9176999.999999998,1,-16.0272348647992,1.0,1.0,1.0951165392663794e-07,1.0896807235480006e-07,1.0896806048075927e-07
345,"(1.0, 1.0, 3.0, 13.0, 13.0, 14.0)",27531000.0,5,-15.950601235448516,5.0,5.0,1.1823386874076763e-07,1.8161345392466675e-07,1.8161342094122011e-07
346,"(1.0, 1.0, 3.0, 13.0, 14.0, 14.0)",27531000.0,1,-15.87396760609783,1.0,1.0,1.2765077702847785e-07,3.632269078493335e-08,3.6322689465595486e-08
347,"(1.0, 1.0, 4.0, 4.0, 6.0, 13.0)",61916399.99999999,1,-16.442590541659452,2.0,4.0,7.228924011137577e-08,3.230161960320691e-08,6.46032381630192e-08
348,"(1.0, 1.0, 4.0, 4.0, 7.0, 9.0)",73709999.99999999,1,-16.61221060395668,3.0,9.0,6.101106450114905e-08,4.070004070004071e-08,1.2210012044362882e-07
349,"(1.0, 1.0, 4.0, 4.0, 7.0, 13.0)",61916399.99999999,1,-16.238610075636256,1.0,1.0,8.864643002911204e-08,1.6150809801603456e-08,1.61508095407548e-08
350,"(1.0, 1.0, 4.0, 4.0, 8.0, 13.0)",59534999.99999995,1,-16.099817309574156,1.0,1.0,1.0184464127261473e-07,1.6796842193667606e-08,1.67968419115337e-08
351,"(1.0, 1.0, 4.0, 4.0, 9.0, 13.0)",59534999.99999995,11,-16.744677428708652,15.0,25.0,5.34415433165453e-08,2.519526329050141e-07,4.199209913615609e-07
352,"(1.0, 1.0, 4.0, 4.0, 9.0, 14.0)",59534999.99999995,1,-16.668043799357967,1.0,1.0,5.769797269270817e-08,1.6796842193667606e-08,1.67968419115337e-08
353,"(1.0, 1.0, 4.0, 4.0, 11.0, 13.0)",59534999.99999995,3,-16.400251796622182,4.0,6.0,7.541559171625548e-08,6.718736877467042e-08,1.007810486478631e-07
354,"(1.0, 1.0, 4.0, 4.0, 12.0, 13.0)",47627999.99999997,1,-16.48596327370042,1.0,1.0,6.922088083278952e-08,2.09960527420845e-08,2.099605230125027e-08
355,"(1.0, 1.0, 4.0, 4.0, 13.0, 14.0)",47627999.99999997,2,-16.29444327103754,2.0,2.0,8.383265135505809e-08,4.1992105484169e-08,4.199210372083208e-08
356,"(1.0, 1.0, 4.0, 6.0, 6.0, 13.0)",61916399.99999999,1,-16.407063553176542,1.0,1.0,7.49036247418833e-08,1.6150809801603456e-08,1.61508095407548e-08
357,"(1.0, 1.0, 4.0, 6.0, 8.0, 13.0)",119069999.9999999,2,-16.064290321091242,3.0,5.0,1.0552791508255486e-07,2.5195263290501407e-08,4.1992104849367724e-08
358,"(1.0, 1.0, 4.0, 6.0, 9.0, 13.0)",119069999.9999999,15,-16.70915044022574,18.0,24.0,5.5374289452237375e-08,1.5117157974300844e-07,2.0156208347116472e-07
359,"(1.0, 1.0, 4.0, 6.0, 11.0, 13.0)",119069999.9999999,4,-16.36472480813927,6.0,12.0,7.814304276678303e-08,5.0390526581002814e-08,1.0078105062280046e-07
360,"(1.0, 1.0, 4.0, 6.0, 12.0, 13.0)",95255999.99999994,5,-16.450436285217506,5.0,5.0,7.172429637126574e-08,5.2490131855211256e-08,5.2490129099997315e-08
361,"(1.0, 1.0, 4.0, 6.0, 13.0, 13.0)",47627999.99999997,1,-16.335549911905318,1.0,1.0,8.045644040921641e-08,2.09960527420845e-08,2.099605230125027e-08
362,"(1.0, 1.0, 4.0, 6.0, 13.0, 14.0)",95255999.99999994,1,-16.25891628255463,1.0,1.0,8.686451052109283e-08,1.049802637104225e-08,1.0498026260833694e-08
363,"(1.0, 1.0, 4.0, 7.0, 8.0, 9.0)",136079999.99999988,1,-16.233910383388473,1.0,1.0,8.906402147614138e-08,7.348618459729577e-09,7.348618405727384e-09
364,"(1.0, 1.0, 4.0, 7.0, 8.0, 13.0)",119069999.9999999,2,-15.860309855068047,3.0,5.0,1.2940615956221215e-07,2.5195263290501407e-08,4.1992104849367724e-08
365,"(1.0, 1.0, 4.0, 7.0, 9.0, 11.0)",136079999.99999988,1,-16.5343448704365,1.0,1.0,6.595158857963978e-08,7.348618459729577e-09,7.348618405727384e-09
366,"(1.0, 1.0, 4.0, 7.0, 9.0, 13.0)",119069999.9999999,17,-16.505169974202545,19.0,23.0,6.790406245489219e-08,1.5957000083984224e-07,1.931636597645923e-07
367,"(1.0, 1.0, 4.0, 7.0, 11.0, 13.0)",119069999.9999999,4,-16.160744342116075,4.0,4.0,9.582479719270781e-08,3.359368438733521e-08,3.359368325879958e-08
368,"(1.0, 1.0, 4.0, 7.0, 12.0, 13.0)",95255999.99999994,2,-16.24645581919431,2.0,2.0,8.795365409660965e-08,2.09960527420845e-08,2.099605230125027e-08
369,"(1.0, 1.0, 4.0, 7.0, 13.0, 13.0)",47627999.99999997,1,-16.13156944588212,1.0,1.0,9.866165703413823e-08,2.09960527420845e-08,2.099605230125027e-08
370,"(1.0, 1.0, 4.0, 7.0, 13.0, 14.0)",95255999.99999994,2,-16.054935816531433,2.0,2.0,1.0651970807906415e-07,2.09960527420845e-08,2.099605230125027e-08
371,"(1.0, 1.0, 4.0, 8.0, 8.0, 13.0)",52919999.99999998,3,-15.721517089005948,4.0,6.0,1.4867292337381285e-07,7.55857898715042e-08,1.1337867909404465e-07
372,"(1.0, 1.0, 4.0, 8.0, 9.0, 12.0)",105839999.99999996,1,-16.481263581452637,1.0,1.0,6.95469633132923e-08,9.448223733938024e-09,9.448223644669093e-09
373,"(1.0, 1.0, 4.0, 8.0, 9.0, 13.0)",105839999.99999996,18,-16.36637720814044,22.0,30.0,7.801402582597627e-08,2.078609221466365e-07,2.8344666881197774e-07
374,"(1.0, 1.0, 4.0, 8.0, 9.0, 14.0)",105839999.99999996,1,-16.28974357878976,1.0,1.0,8.422756627916887e-08,9.448223733938024e-09,9.448223644669093e-09
375,"(1.0, 1.0, 4.0, 8.0, 11.0, 13.0)",105839999.99999996,6,-16.021951576053976,8.0,12.0,1.1009176671759245e-07,7.55857898715042e-08,1.1337867909404465e-07
376,"(1.0, 1.0, 4.0, 8.0, 12.0, 13.0)",88199999.99999997,1,-16.10766305313221,2.0,4.0,1.0104872071151782e-07,2.2675736961451256e-08,4.535147340871346e-08
377,"(1.0, 1.0, 4.0, 8.0, 13.0, 13.0)",44099999.99999999,3,-15.99277667982002,3.0,3.0,1.1335099523696209e-07,6.802721088435375e-08,6.802720625665233e-08
378,"(1.0, 1.0, 4.0, 8.0, 13.0, 14.0)",88199999.99999997,2,-15.916143050469334,2.0,2.0,1.223789999689015e-07,2.2675736961451256e-08,2.2675736447262208e-08
379,"(1.0, 1.0, 4.0, 9.0, 9.0, 11.0)",57959999.99999998,1,-17.040412223508895,1.0,1.0,3.9759691131569625e-08,1.7253278122843347e-08,1.7253277825167743e-08
380,"(1.0, 1.0, 4.0, 9.0, 9.0, 13.0)",52919999.99999998,15,-17.01123732727494,16.0,18.0,4.093676297918331e-08,3.023431594860168e-07,3.4013596301038277e-07
381,"(1.0, 1.0, 4.0, 9.0, 11.0, 13.0)",105839999.99999996,19,-16.66681169518847,23.0,37.0,5.776910641851551e-08,2.1730914588057455e-07,3.49584230932442e-07
382,"(1.0, 1.0, 4.0, 9.0, 12.0, 13.0)",88199999.99999997,16,-16.752523172266706,20.0,32.0,5.302389519475033e-08,2.2675736961451254e-07,3.628117399643154e-07
383,"(1.0, 1.0, 4.0, 9.0, 13.0, 13.0)",44099999.99999999,21,-16.637636798954517,23.0,27.0,5.947934075112184e-08,5.215419501133788e-07,6.122446259531781e-07
384,"(1.0, 1.0, 4.0, 9.0, 13.0, 14.0)",88199999.99999997,10,-16.56100316960383,11.0,13.0,6.421665927780271e-08,1.247165532879819e-07,1.4739227469521448e-07
385,"(1.0, 1.0, 4.0, 9.0, 14.0, 14.0)",44099999.99999999,1,-16.48436954025314,1.0,1.0,6.933128842258775e-08,2.2675736961451252e-08,2.2675736447262204e-08
386,"(1.0, 1.0, 4.0, 11.0, 11.0, 13.0)",52919999.99999998,6,-16.322386063102,8.0,12.0,8.152255853963829e-08,1.511715797430084e-07,2.2675734676166604e-07
387,"(1.0, 1.0, 4.0, 11.0, 12.0, 13.0)",88199999.99999997,3,-16.408097540180236,3.0,3.0,7.482621539439693e-08,3.401360544217688e-08,3.401360428525152e-08
388,"(1.0, 1.0, 4.0, 11.0, 13.0, 13.0)",44099999.99999999,3,-16.293211166868048,5.0,11.0,8.39360055728386e-08,1.1337868480725626e-07,2.4943309372123757e-07
389,"(1.0, 1.0, 4.0, 11.0, 13.0, 14.0)",88199999.99999997,4,-16.21657753751736,5.0,7.0,9.062121070851083e-08,5.6689342403628135e-08,7.936507615139786e-08
390,"(1.0, 1.0, 4.0, 12.0, 13.0, 14.0)",67031999.99999999,2,-16.302289014595594,3.0,5.0,8.317749532454929e-08,4.4754744002864305e-08,7.459123800178674e-08
391,"(1.0, 1.0, 4.0, 13.0, 13.0, 13.0)",11171999.999999998,1,-16.26403627063409,1.0,1.0,8.642090186727935e-08,8.950948800572862e-08,8.950947999378018e-08
392,"(1.0, 1.0, 4.0, 13.0, 13.0, 14.0)",33516000.0,1,-16.187402641283406,1.0,1.0,9.330402017925544e-08,2.983649600190953e-08,2.983649511169304e-08
393,"(1.0, 1.0, 6.0, 6.0, 7.0, 13.0)",61916399.99999999,2,-16.16755609867043,2.0,2.0,9.517428009972876e-08,3.230161960320691e-08,3.2301618559812285e-08
394,"(1.0, 1.0, 6.0, 6.0, 8.0, 13.0)",59534999.99999995,3,-16.028763332608335,4.0,6.0,1.0934439674505738e-07,6.718736877467042e-08,1.007810486478631e-07
395,"(1.0, 1.0, 6.0, 6.0, 9.0, 13.0)",59534999.99999995,8,-16.673623451742827,10.0,14.0,5.737693453532545e-08,1.6796842193667606e-07,2.3515576249795572e-07
396,"(1.0, 1.0, 6.0, 6.0, 12.0, 13.0)",47627999.99999997,4,-16.414909296734596,6.0,10.0,7.431824946550356e-08,1.2597631645250702e-07,2.0996051155081272e-07
397,"(1.0, 1.0, 6.0, 6.0, 13.0, 13.0)",23813999.999999985,1,-16.300022923422404,1.0,1.0,8.33661968391795e-08,4.1992105484169e-08,4.199210372083208e-08
398,"(1.0, 1.0, 6.0, 6.0, 13.0, 14.0)",47627999.99999997,1,-16.22338929407172,1.0,1.0,9.00060187302401e-08,2.09960527420845e-08,2.099605230125027e-08
399,"(1.0, 1.0, 6.0, 7.0, 7.0, 13.0)",61916399.99999999,1,-15.963575632647236,1.0,1.0,1.1670976411472942e-07,1.6150809801603456e-08,1.61508095407548e-08
400,"(1.0, 1.0, 6.0, 7.0, 8.0, 12.0)",119069999.9999999,1,-15.939669239897327,1.0,1.0,1.1953349166085598e-07,8.398421096833803e-09,8.398421026300325e-09
401,"(1.0, 1.0, 6.0, 7.0, 8.0, 13.0)",119069999.9999999,5,-15.824782866585137,6.0,8.0,1.340862125566994e-07,5.0390526581002814e-08,6.718736623546526e-08
402,"(1.0, 1.0, 6.0, 7.0, 9.0, 12.0)",119069999.9999999,1,-16.584529359031826,2.0,4.0,6.272351880814389e-08,1.6796842193667606e-08,3.35936841052013e-08
403,"(1.0, 1.0, 6.0, 7.0, 9.0, 13.0)",119069999.9999999,24,-16.46964298571963,27.0,33.0,7.035985445045882e-08,2.2675736961451267e-07,2.771478447766108e-07
404,"(1.0, 1.0, 6.0, 7.0, 11.0, 13.0)",119069999.9999999,3,-16.125217353633165,4.0,6.0,9.929035965561565e-08,3.359368438733521e-08,5.039052545246718e-08
405,"(1.0, 1.0, 6.0, 7.0, 12.0, 13.0)",95255999.99999994,2,-16.2109288307114,2.0,2.0,9.11345518500357e-08,2.09960527420845e-08,2.099605230125027e-08
406,"(1.0, 1.0, 6.0, 7.0, 13.0, 13.0)",47627999.99999997,4,-16.096042457399207,9.0,25.0,1.022298162701888e-07,1.889644746787605e-07,5.249012828445399e-07
407,"(1.0, 1.0, 6.0, 7.0, 13.0, 14.0)",95255999.99999994,3,-16.019408828048523,3.0,3.0,1.103720585425494e-07,3.1494079113126755e-08,3.149407812124974e-08
408,"(1.0, 1.0, 6.0, 8.0, 8.0, 13.0)",52919999.99999998,2,-15.685990100523036,2.0,2.0,1.5404977067836732e-07,3.77928949357521e-08,3.779289350744919e-08
409,"(1.0, 1.0, 6.0, 8.0, 9.0, 13.0)",105839999.99999996,21,-16.330850219657535,25.0,35.0,8.083545083707323e-08,2.3620559334845058e-07,3.306877748947485e-07
410,"(1.0, 1.0, 6.0, 8.0, 11.0, 13.0)",105839999.99999996,10,-15.986424587571063,11.0,13.0,1.1407330286887115e-07,1.0393046107331826e-07,1.2282689773965356e-07
411,"(1.0, 1.0, 6.0, 8.0, 12.0, 13.0)",88199999.99999997,2,-16.0721360646493,2.0,2.0,1.047032095670324e-07,2.2675736961451256e-08,2.2675736447262208e-08
412,"(1.0, 1.0, 6.0, 8.0, 13.0, 13.0)",44099999.99999999,7,-15.95724969133711,10.0,16.0,1.1745040338323214e-07,2.2675736961451252e-07,3.6281173996431537e-07
413,"(1.0, 1.0, 6.0, 8.0, 13.0, 14.0)",88199999.99999997,1,-15.880616061986425,1.0,1.0,1.2680491143404652e-07,1.1337868480725628e-08,1.1337868352178366e-08
414,"(1.0, 1.0, 6.0, 9.0, 9.0, 12.0)",52919999.99999998,1,-17.090596712104222,1.0,1.0,3.781361128982559e-08,1.889644746787605e-08,1.8896447110800323e-08
415,"(1.0, 1.0, 6.0, 9.0, 9.0, 13.0)",52919999.99999998,13,-16.975710338792027,14.0,16.0,4.241726607744006e-08,2.6455026455026466e-07,3.023430894991743e-07
416,"(1.0, 1.0, 6.0, 9.0, 9.0, 14.0)",52919999.99999998,1,-16.899076709441346,1.0,1.0,4.579565087293731e-08,1.889644746787605e-08,1.8896447110800323e-08
417,"(1.0, 1.0, 6.0, 9.0, 11.0, 12.0)",105839999.99999996,1,-16.746171080017753,1.0,1.0,5.336177986962794e-08,9.448223733938024e-09,9.448223644669093e-09
418,"(1.0, 1.0, 6.0, 9.0, 11.0, 13.0)",105839999.99999996,21,-16.63128470670556,24.0,30.0,5.985836152350802e-08,2.2675736961451257e-07,2.83446660599236e-07
419,"(1.0, 1.0, 6.0, 9.0, 11.0, 14.0)",105839999.99999996,2,-16.554651077354876,4.0,10.0,6.462586771038037e-08,3.77928949357521e-08,9.448223591107734e-08
420,"(1.0, 1.0, 6.0, 9.0, 12.0, 13.0)",88199999.99999997,11,-16.716996183783795,12.0,14.0,5.4941536830396506e-08,1.3605442176870752e-07,1.587301402193531e-07
421,"(1.0, 1.0, 6.0, 9.0, 13.0, 13.0)",44099999.99999999,16,-16.602109810471603,19.0,27.0,6.16304475279103e-08,4.308390022675738e-07,6.122447123369379e-07
422,"(1.0, 1.0, 6.0, 9.0, 13.0, 14.0)",88199999.99999997,14,-16.52547618112092,18.0,28.0,6.653909407971464e-08,2.040816326530613e-07,3.174602758110048e-07
423,"(1.0, 1.0, 6.0, 11.0, 11.0, 13.0)",52919999.99999998,2,-16.28685907461909,2.0,2.0,8.447087178455982e-08,3.77928949357521e-08,3.779289350744919e-08
424,"(1.0, 1.0, 6.0, 11.0, 13.0, 13.0)",44099999.99999999,2,-16.257684178385134,3.0,5.0,8.69716026074423e-08,6.802721088435375e-08,1.1337868017955484e-07
425,"(1.0, 1.0, 6.0, 11.0, 13.0, 14.0)",88199999.99999997,2,-16.18105054903445,4.0,8.0,9.389858228012085e-08,4.535147392290251e-08,9.070294578904883e-08
426,"(1.0, 1.0, 6.0, 12.0, 12.0, 13.0)",33516000.0,1,-16.458282028775564,1.0,1.0,7.116376769249789e-08,2.983649600190953e-08,2.983649511169304e-08
427,"(1.0, 1.0, 6.0, 12.0, 13.0, 14.0)",67031999.99999999,3,-16.266762026112687,3.0,3.0,8.61856603715958e-08,4.4754744002864305e-08,4.4754741999877197e-08
428,"(1.0, 1.0, 6.0, 13.0, 13.0, 13.0)",11171999.999999998,1,-16.22850928215118,1.0,1.0,8.954636669784492e-08,8.950948800572862e-08,8.950947999378018e-08
429,"(1.0, 1.0, 6.0, 13.0, 14.0, 14.0)",33516000.0,1,-16.075242023449807,2.0,4.0,1.0437851022425758e-07,5.967299200381906e-08,1.1934598044677216e-07
430,"(1.0, 1.0, 7.0, 7.0, 7.0, 13.0)",20638800.0,1,-15.75959516662404,1.0,1.0,1.431181725298348e-07,4.845242940481036e-08,4.8452427057172444e-08
431,"(1.0, 1.0, 7.0, 7.0, 8.0, 9.0)",68039999.99999994,1,-15.994402928882366,1.0,1.0,1.1316680809491863e-07,1.4697236919459155e-08,1.469723670345038e-08
432,"(1.0, 1.0, 7.0, 7.0, 8.0, 13.0)",59534999.99999995,5,-15.62080240056194,5.0,5.0,1.6442646292813392e-07,8.398421096833803e-08,8.398420391499034e-08
433,"(1.0, 1.0, 7.0, 7.0, 9.0, 12.0)",59534999.99999995,1,-16.380548893008626,1.0,1.0,7.691623279812094e-08,1.6796842193667606e-08,1.67968419115337e-08
434,"(1.0, 1.0, 7.0, 7.0, 9.0, 13.0)",59534999.99999995,9,-16.265662519696434,11.0,17.0,8.628047417280293e-08,1.8476526413034366e-07,2.8554628315414647e-07
435,"(1.0, 1.0, 7.0, 7.0, 11.0, 13.0)",59534999.99999995,3,-15.921236887609966,4.0,6.0,1.217572062760117e-07,6.718736877467042e-08,1.007810486478631e-07
436,"(1.0, 1.0, 7.0, 7.0, 12.0, 13.0)",47627999.99999997,1,-16.006948364688203,1.0,1.0,1.1175594959030926e-07,2.09960527420845e-08,2.099605230125027e-08
437,"(1.0, 1.0, 7.0, 7.0, 13.0, 13.0)",23813999.999999985,1,-15.89206199137601,2.0,4.0,1.2536178608216114e-07,8.3984210968338e-08,1.6796841488332831e-07
438,"(1.0, 1.0, 7.0, 8.0, 8.0, 9.0)",57959999.99999998,1,-15.855610162820266,1.0,1.0,1.3001576003239832e-07,1.7253278122843347e-08,1.7253277825167743e-08
439,"(1.0, 1.0, 7.0, 8.0, 8.0, 13.0)",52919999.99999998,5,-15.48200963449984,7.0,11.0,1.8890725917717393e-07,1.3227513227513233e-07,2.078609046499259e-07
440,"(1.0, 1.0, 7.0, 8.0, 9.0, 12.0)",105839999.99999996,2,-16.241756126946527,2.0,2.0,8.836798204725197e-08,1.889644746787605e-08,1.8896447110800323e-08
441,"(1.0, 1.0, 7.0, 8.0, 9.0, 13.0)",105839999.99999996,31,-16.126869753634338,37.0,51.0,9.912642774305078e-08,3.495842781557069e-07,4.818592882216717e-07
442,"(1.0, 1.0, 7.0, 8.0, 11.0, 13.0)",105839999.99999996,3,-15.782444121547869,3.0,3.0,1.3988514812682023e-07,2.834467120181407e-08,2.8344670398393686e-08
443,"(1.0, 1.0, 7.0, 8.0, 11.0, 14.0)",105839999.99999996,1,-15.70581049219718,1.0,1.0,1.5102650402384548e-07,9.448223733938024e-09,9.448223644669093e-09
444,"(1.0, 1.0, 7.0, 8.0, 12.0, 13.0)",88199999.99999997,5,-15.868155598626103,5.0,5.0,1.283948444665806e-07,5.6689342403628135e-08,5.6689339189946594e-08
445,"(1.0, 1.0, 7.0, 8.0, 13.0, 13.0)",44099999.99999999,2,-15.753269225313913,3.0,5.0,1.4402639935572182e-07,6.802721088435375e-08,1.1337868017955484e-07
446,"(1.0, 1.0, 7.0, 8.0, 13.0, 14.0)",88199999.99999997,4,-15.676635595963225,7.0,15.0,1.5549759122474286e-07,7.93650793650794e-08,1.700680209120686e-07
447,"(1.0, 1.0, 7.0, 9.0, 9.0, 12.0)",52919999.99999998,1,-16.886616246081022,1.0,1.0,4.6369855903687726e-08,1.889644746787605e-08,1.8896447110800323e-08
448,"(1.0, 1.0, 7.0, 9.0, 9.0, 13.0)",52919999.99999998,26,-16.77172987276883,35.0,55.0,5.2015198991811025e-08,6.613756613756617e-07,1.039304173315417e-06
449,"(1.0, 1.0, 7.0, 9.0, 11.0, 13.0)",105839999.99999996,26,-16.42730424068236,29.0,35.0,7.340276434329196e-08,2.739984882842027e-07,3.3068775561265926e-07
450,"(1.0, 1.0, 7.0, 9.0, 11.0, 14.0)",105839999.99999996,1,-16.350670611331676,1.0,1.0,7.924903417482994e-08,9.448223733938024e-09,9.448223644669093e-09
451,"(1.0, 1.0, 7.0, 9.0, 12.0, 13.0)",88199999.99999997,15,-16.5130157177606,17.0,21.0,6.737338908008804e-08,1.9274376417233567e-07,2.3809520094507955e-07
452,"(1.0, 1.0, 7.0, 9.0, 13.0, 13.0)",44099999.99999999,16,-16.398129344448407,19.0,27.0,7.557582768927224e-08,4.308390022675738e-07,6.122447123369379e-07
453,"(1.0, 1.0, 7.0, 9.0, 13.0, 14.0)",88199999.99999997,22,-16.32149571509772,23.0,25.0,8.15951743087937e-08,2.6077097505668944e-07,2.8344664401663924e-07
454,"(1.0, 1.0, 7.0, 11.0, 11.0, 13.0)",52919999.99999998,3,-16.082878608595895,5.0,11.0,1.0358445065422293e-07,9.448223733938024e-08,2.0786091321974334e-07
455,"(1.0, 1.0, 7.0, 11.0, 12.0, 13.0)",88199999.99999997,2,-16.16859008567413,4.0,8.0,9.507592199028589e-08,4.535147392290251e-08,9.070294578904883e-08
456,"(1.0, 1.0, 7.0, 11.0, 13.0, 13.0)",44099999.99999999,3,-16.053703712361937,3.0,3.0,1.0665103234149412e-07,6.802721088435375e-08,6.802720625665233e-08
457,"(1.0, 1.0, 7.0, 11.0, 13.0, 14.0)",88199999.99999997,3,-15.977070083011252,4.0,6.0,1.1514540879255538e-07,4.535147392290251e-08,6.802720882759757e-08
458,"(1.0, 1.0, 7.0, 12.0, 12.0, 13.0)",33516000.0,2,-16.254301562752367,2.0,2.0,8.72662922399191e-08,5.967299200381906e-08,5.967298844295309e-08
459,"(1.0, 1.0, 7.0, 12.0, 13.0, 14.0)",67031999.99999999,2,-16.062781560089487,2.0,2.0,1.0568725165560613e-07,2.983649600190954e-08,2.9836495111693046e-08
460,"(1.0, 1.0, 7.0, 13.0, 13.0, 13.0)",11171999.999999998,2,-16.024528816127983,2.0,2.0,1.0980839911460853e-07,1.7901897601145725e-07,1.7901894396366348e-07
461,"(1.0, 1.0, 7.0, 13.0, 13.0, 14.0)",33516000.0,2,-15.947895186777297,2.0,2.0,1.1855424863045037e-07,5.967299200381906e-08,5.967298844295309e-08
462,"(1.0, 1.0, 8.0, 8.0, 9.0, 13.0)",43469999.99999999,12,-15.988076987572237,15.0,21.0,1.1388496379167628e-07,3.4506556245686686e-07,4.830916683693712e-07
463,"(1.0, 1.0, 8.0, 8.0, 11.0, 13.0)",43469999.99999999,3,-15.643651355485767,3.0,3.0,1.6071208649534956e-07,6.901311249137337e-08,6.901310772856368e-08
464,"(1.0, 1.0, 8.0, 8.0, 12.0, 13.0)",37799999.99999999,1,-15.729362832564004,1.0,1.0,1.4751103763183375e-07,2.645502645502646e-08,2.6455025755158035e-08
465,"(1.0, 1.0, 8.0, 8.0, 13.0, 13.0)",18900000.0,1,-15.614476459251811,1.0,1.0,1.654699120015628e-07,5.291005291005291e-08,5.2910050110579216e-08
466,"(1.0, 1.0, 8.0, 8.0, 13.0, 14.0)",37799999.99999999,6,-15.537842829901123,6.0,6.0,1.786490035959577e-07,1.5873015873015877e-07,1.5873013353489548e-07
467,"(1.0, 1.0, 8.0, 9.0, 9.0, 12.0)",43469999.99999999,1,-16.747823480018923,1.0,1.0,5.32736776745889e-08,2.300437083045779e-08,2.3004370301256712e-08
468,"(1.0, 1.0, 8.0, 9.0, 9.0, 13.0)",43469999.99999999,16,-16.632937106706734,17.0,19.0,5.975953324127011e-08,3.9107430411778244e-07,4.370828928395867e-07
469,"(1.0, 1.0, 8.0, 9.0, 9.0, 14.0)",43469999.99999999,1,-16.556303477356046,1.0,1.0,6.451916810599128e-08,2.300437083045779e-08,2.3004370301256712e-08
470,"(1.0, 1.0, 8.0, 9.0, 11.0, 11.0)",45539999.99999999,1,-16.31768637085422,1.0,1.0,8.190659118680661e-08,2.1958717610891528e-08,2.195871712870625e-08
471,"(1.0, 1.0, 8.0, 9.0, 11.0, 13.0)",86939999.99999997,29,-16.288511474620265,34.0,44.0,8.433140737315377e-08,3.910743041177825e-07,5.060960053309602e-07
472,"(1.0, 1.0, 8.0, 9.0, 12.0, 13.0)",75599999.99999997,16,-16.3742229516985,16.0,16.0,7.740434262190214e-08,2.1164021164021173e-07,2.1164016684863254e-07
473,"(1.0, 1.0, 8.0, 9.0, 12.0, 14.0)",75599999.99999997,1,-16.29758932234781,1.0,1.0,8.356932397034413e-08,1.3227513227513233e-08,1.3227513052546127e-08
474,"(1.0, 1.0, 8.0, 9.0, 13.0, 13.0)",37799999.99999999,20,-16.259336578386307,24.0,34.0,8.682800940057184e-08,6.349206349206351e-07,8.99470496346687e-07
475,"(1.0, 1.0, 8.0, 9.0, 13.0, 14.0)",75599999.99999997,16,-16.182702949035622,17.0,19.0,9.374355238362637e-08,2.2486772486772496e-07,2.5132270075725773e-07
476,"(1.0, 1.0, 8.0, 11.0, 11.0, 13.0)",43469999.99999999,2,-15.944085842533797,3.0,5.0,1.1900672384478032e-07,6.901311249137337e-08,1.1502184938947925e-07
477,"(1.0, 1.0, 8.0, 11.0, 12.0, 13.0)",75599999.99999997,8,-16.02979731961203,8.0,8.0,1.0923139449139486e-07,1.0582010582010586e-07,1.0582009462221107e-07
478,"(1.0, 1.0, 8.0, 11.0, 13.0, 13.0)",37799999.99999999,4,-15.91491094629984,4.0,4.0,1.2252987657378176e-07,1.0582010582010584e-07,1.0582009462221104e-07
479,"(1.0, 1.0, 8.0, 11.0, 13.0, 14.0)",75599999.99999997,8,-15.838277316949153,10.0,14.0,1.322889466481073e-07,1.3227513227513233e-07,1.8518516768847465e-07
480,"(1.0, 1.0, 8.0, 12.0, 13.0, 14.0)",59849999.99999998,1,-15.923988794027387,1.0,1.0,1.214226024490654e-07,1.6708437761069347e-08,1.6708437481897455e-08
481,"(1.0, 1.0, 8.0, 13.0, 13.0, 14.0)",29924999.99999999,1,-15.809102420715195,1.0,1.0,1.3620531497035355e-07,3.3416875522138694e-08,3.341687440545113e-08
482,"(1.0, 1.0, 8.0, 13.0, 14.0, 14.0)",29924999.99999999,1,-15.73246879136451,1.0,1.0,1.4705358520827242e-07,3.3416875522138694e-08,3.341687440545113e-08
483,"(1.0, 1.0, 9.0, 9.0, 9.0, 13.0)",14489999.999999994,4,-17.277797225841226,5.0,7.0,3.135797469933868e-08,3.450655624568669e-07,4.830916683693713e-07
484,"(1.0, 1.0, 9.0, 9.0, 11.0, 11.0)",22770000.0,1,-16.962546489988714,1.0,1.0,4.297933191304091e-08,4.391743522178305e-08,4.391743329304193e-08
485,"(1.0, 1.0, 9.0, 9.0, 11.0, 13.0)",43469999.99999999,17,-16.933371593754757,23.0,37.0,4.425172010782551e-08,5.291005291005292e-07,8.511614407795684e-07
486,"(1.0, 1.0, 9.0, 9.0, 11.0, 14.0)",43469999.99999999,1,-16.856737964404072,1.0,1.0,4.777621266031457e-08,2.300437083045779e-08,2.3004370301256712e-08
487,"(1.0, 1.0, 9.0, 9.0, 12.0, 12.0)",18900000.0,1,-17.133969444145187,1.0,1.0,3.6208590336787214e-08,5.291005291005291e-08,5.2910050110579216e-08
488,"(1.0, 1.0, 9.0, 9.0, 12.0, 13.0)",37799999.99999999,12,-17.019083070832995,14.0,18.0,4.061684029152156e-08,3.7037037037037047e-07,4.7619033901626503e-07
489,"(1.0, 1.0, 9.0, 9.0, 12.0, 14.0)",37799999.99999999,1,-16.94244944148231,1.0,1.0,4.385182755900611e-08,2.645502645502646e-08,2.6455025755158035e-08
490,"(1.0, 1.0, 9.0, 9.0, 13.0, 13.0)",18900000.0,9,-16.904196697520803,11.0,15.0,4.5561776913222665e-08,5.82010582010582e-07,7.936504549144761e-07
491,"(1.0, 1.0, 9.0, 9.0, 13.0, 14.0)",37799999.99999999,12,-16.827563068170114,14.0,18.0,4.919061084369019e-08,3.7037037037037047e-07,4.7619033901626503e-07
492,"(1.0, 1.0, 9.0, 9.0, 14.0, 14.0)",18900000.0,1,-16.750929438819433,1.0,1.0,5.310846852579884e-08,5.291005291005291e-08,5.2910050110579216e-08
493,"(1.0, 1.0, 9.0, 11.0, 11.0, 13.0)",43469999.99999999,17,-16.58894596166829,22.0,38.0,6.244710480433606e-08,5.060961582700714e-07,8.741658354240746e-07
494,"(1.0, 1.0, 9.0, 11.0, 12.0, 13.0)",75599999.99999997,16,-16.674657438746525,17.0,19.0,5.731763819181113e-08,2.2486772486772496e-07,2.5132270075725773e-07
495,"(1.0, 1.0, 9.0, 11.0, 12.0, 14.0)",75599999.99999997,1,-16.59802380939584,1.0,1.0,6.188278477687181e-08,1.3227513227513233e-08,1.3227513052546127e-08
496,"(1.0, 1.0, 9.0, 11.0, 13.0, 13.0)",37799999.99999999,18,-16.559771065434333,21.0,27.0,6.429582965451003e-08,5.555555555555556e-07,7.142854056437391e-07
497,"(1.0, 1.0, 9.0, 11.0, 13.0, 14.0)",75599999.99999997,23,-16.48313743608365,24.0,26.0,6.941676443899432e-08,3.174603174603176e-07,3.439152431342909e-07
498,"(1.0, 1.0, 9.0, 12.0, 12.0, 13.0)",29924999.99999999,3,-16.760368915824763,3.0,3.0,5.2609511012258094e-08,1.0025062656641608e-07,1.0025061651622795e-07
499,"(1.0, 1.0, 9.0, 12.0, 13.0, 13.0)",29924999.99999999,13,-16.645482542512568,14.0,16.0,5.9014506964358674e-08,4.678362573099417e-07,5.346697894834554e-07
500,"(1.0, 1.0, 9.0, 12.0, 13.0, 14.0)",59849999.99999998,12,-16.568848913161883,15.0,21.0,6.371480312861815e-08,2.506265664160402e-07,3.5087713016878047e-07
501,"(1.0, 1.0, 9.0, 12.0, 14.0, 14.0)",29924999.99999999,1,-16.4922152838112,1.0,1.0,6.878946121112758e-08,3.3416875522138694e-08,3.341687440545113e-08
502,"(1.0, 1.0, 9.0, 13.0, 13.0, 13.0)",9974999.999999996,8,-16.53059616920038,8.0,8.0,6.619928536182054e-08,8.020050125313286e-07,8.020043693192885e-07
503,"(1.0, 1.0, 9.0, 13.0, 13.0, 14.0)",29924999.99999999,9,-16.45396253984969,9.0,9.0,7.147182364212539e-08,3.0075187969924823e-07,3.007517892475551e-07
504,"(1.0, 1.0, 9.0, 13.0, 14.0, 14.0)",29924999.99999999,7,-16.377328910499006,7.0,7.0,7.71643008955675e-08,2.3391812865497085e-07,2.3391807393727993e-07
505,"(1.0, 1.0, 9.0, 14.0, 14.0, 14.0)",9974999.999999996,1,-16.30069528114832,1.0,1.0,8.3310163771898e-08,1.0025062656641608e-07,1.0025061651622795e-07
506,"(1.0, 1.0, 11.0, 11.0, 11.0, 13.0)",14489999.999999994,1,-16.24452032958182,1.0,1.0,8.812405232930439e-08,6.901311249137339e-08,6.901310772856369e-08
507,"(1.0, 1.0, 11.0, 11.0, 12.0, 13.0)",37799999.99999999,2,-16.330231806660056,2.0,2.0,8.088545599085284e-08,5.291005291005292e-08,5.291005011057922e-08
508,"(1.0, 1.0, 11.0, 11.0, 12.0, 14.0)",37799999.99999999,1,-16.25359817730937,1.0,1.0,8.73276956721535e-08,2.645502645502646e-08,2.6455025755158035e-08
509,"(1.0, 1.0, 11.0, 11.0, 13.0, 13.0)",18900000.0,3,-16.215345433347863,4.0,6.0,9.073293429348321e-08,2.1164021164021165e-07,3.174602726687383e-07
510,"(1.0, 1.0, 11.0, 11.0, 13.0, 14.0)",37799999.99999999,2,-16.13871180399718,2.0,2.0,9.795949069408536e-08,5.291005291005292e-08,5.291005011057922e-08
511,"(1.0, 1.0, 11.0, 12.0, 12.0, 13.0)",29924999.99999999,1,-16.415943283738294,1.0,1.0,7.424144507563195e-08,3.3416875522138694e-08,3.341687440545113e-08
512,"(1.0, 1.0, 11.0, 12.0, 13.0, 14.0)",59849999.99999998,2,-16.224423281075417,2.0,2.0,8.99130017740676e-08,3.3416875522138694e-08,3.341687440545113e-08
513,"(1.0, 1.0, 11.0, 13.0, 13.0, 13.0)",9974999.999999996,1,-16.18617053711391,1.0,1.0,9.34190513021599e-08,1.0025062656641608e-07,1.0025061651622795e-07
514,"(1.0, 1.0, 11.0, 13.0, 13.0, 14.0)",29924999.99999999,1,-16.10953690776322,1.0,1.0,1.0085954739525635e-07,3.3416875522138694e-08,3.341687440545113e-08
515,"(1.0, 1.0, 11.0, 13.0, 14.0, 14.0)",29924999.99999999,2,-16.032903278412537,2.0,2.0,1.088926526118632e-07,6.683375104427739e-08,6.683374657752711e-08
516,"(1.0, 1.0, 12.0, 12.0, 12.0, 13.0)",7181999.999999999,1,-16.50165476081653,4.0,16.0,6.814317975213506e-08,5.56947925368978e-07,2.2277913912849206e-06
517,"(1.0, 1.0, 12.0, 12.0, 13.0, 13.0)",10772999.999999998,1,-16.386768387504336,2.0,4.0,7.643933727342391e-08,1.8564930845632603e-07,3.712985824469863e-07
518,"(1.0, 1.0, 12.0, 12.0, 13.0, 14.0)",21546000.0,2,-16.31013475815365,2.0,2.0,8.252745936858604e-08,9.2824654228163e-08,9.282464561174657e-08
519,"(1.0, 1.0, 12.0, 13.0, 13.0, 13.0)",7181999.999999999,1,-16.271882014192144,1.0,1.0,8.574551853983863e-08,1.392369813422445e-07,1.3923696195530754e-07
520,"(1.0, 1.0, 12.0, 13.0, 13.0, 14.0)",21546000.0,2,-16.19524838484146,2.0,2.0,9.257484496526568e-08,9.2824654228163e-08,9.282464561174657e-08
521,"(1.0, 1.0, 13.0, 13.0, 13.0, 14.0)",7181999.999999999,1,-16.080362011529267,1.0,1.0,1.0384545926789034e-07,1.392369813422445e-07,1.3923696195530754e-07
522,"(1.0, 1.0, 13.0, 13.0, 14.0, 14.0)",10772999.999999998,3,-16.00372838217858,4.0,6.0,1.1211638177457907e-07,3.7129861691265207e-07,5.569477875063151e-07
523,"(1.0, 2.0, 2.0, 2.0, 2.0, 12.0)",5578649.999999999,1,-16.440286493626235,1.0,1.0,7.24559900190076e-08,1.7925483763993084e-07,1.7925480550763403e-07
524,"(1.0, 2.0, 2.0, 2.0, 2.0, 13.0)",5578649.999999999,6,-16.325400120314043,8.0,12.0,8.127721480988309e-08,1.4340387011194467e-06,2.151055995212174e-06
525,"(1.0, 2.0, 2.0, 2.0, 3.0, 4.0)",29752799.99999999,1,-16.23395396937091,1.0,1.0,8.906013961786358e-08,3.361028205748704e-08,3.361028092783598e-08
526,"(1.0, 2.0, 2.0, 2.0, 3.0, 8.0)",26564999.99999999,1,-15.855653748802702,1.0,1.0,1.3001009329126134e-07,3.7643515904385486e-08,3.764351448735119e-08
527,"(1.0, 2.0, 2.0, 2.0, 3.0, 9.0)",26564999.99999999,4,-16.500513867937197,5.0,7.0,6.822096818638692e-08,1.8821757952192741e-07,2.6350457590484117e-07
528,"(1.0, 2.0, 2.0, 2.0, 3.0, 13.0)",22314600.0,16,-16.12691333961677,18.0,22.0,9.912210731446836e-08,8.066467693796886e-07,9.859009563406087e-07
529,"(1.0, 2.0, 2.0, 2.0, 3.0, 14.0)",22314600.0,1,-16.050279710266086,1.0,1.0,1.0701683159107531e-07,4.4813709409982704e-08,4.481370740171415e-08
530,"(1.0, 2.0, 2.0, 2.0, 4.0, 13.0)",29752800.0,15,-16.36371474545166,17.0,21.0,7.822201201380932e-08,5.713747949772795e-07,7.058155967380713e-07
531,"(1.0, 2.0, 2.0, 2.0, 6.0, 9.0)",35419999.999999985,1,-16.701788285289172,1.0,1.0,5.5783467920159675e-08,2.8232636928289114e-08,2.8232636131207328e-08
532,"(1.0, 2.0, 2.0, 2.0, 6.0, 13.0)",29752800.0,20,-16.32818775696875,24.0,32.0,8.105095897273712e-08,8.066467693796886e-07,1.0755283751605742e-06
533,"(1.0, 2.0, 2.0, 2.0, 6.0, 14.0)",29752800.0,1,-16.251554127618064,1.0,1.0,8.750638037953104e-08,3.3610282057487026e-08,3.3610280927835964e-08
534,"(1.0, 2.0, 2.0, 2.0, 7.0, 9.0)",35419999.999999985,9,-16.497807819265976,11.0,15.0,6.840582745297777e-08,3.1055900621118023e-07,4.2348945747744037e-07
535,"(1.0, 2.0, 2.0, 2.0, 7.0, 13.0)",29752800.0,28,-16.124207290945552,32.0,40.0,9.939069980953538e-08,1.0755290258395848e-06,1.3444101255367957e-06
536,"(1.0, 2.0, 2.0, 2.0, 7.0, 14.0)",29752800.0,1,-16.047573661594868,2.0,4.0,1.0730681652571782e-07,6.722056411497405e-08,1.3444112371134386e-07
537,"(1.0, 2.0, 2.0, 2.0, 8.0, 8.0)",15179999.999999994,1,-15.71415493406938,1.0,1.0,1.4977151551123583e-07,6.58761528326746e-08,6.587614849300709e-08
538,"(1.0, 2.0, 2.0, 2.0, 8.0, 9.0)",30359999.99999999,4,-16.359015053203876,4.0,4.0,7.859049660112621e-08,1.317523056653492e-07,1.3175228830667914e-07
539,"(1.0, 2.0, 2.0, 2.0, 8.0, 12.0)",26564999.99999999,1,-16.100300898195645,1.0,1.0,1.0179540226960608e-07,3.7643515904385486e-08,3.764351448735119e-08
540,"(1.0, 2.0, 2.0, 2.0, 8.0, 13.0)",26564999.99999999,40,-15.985414524883453,43.0,49.0,1.1418858226565925e-07,1.618671183888576e-06,1.844529659218487e-06
541,"(1.0, 2.0, 2.0, 2.0, 9.0, 9.0)",15179999.999999994,3,-17.003875172338372,3.0,3.0,4.1239257911817497e-08,1.976284584980238e-07,1.9762841944101619e-07
542,"(1.0, 2.0, 2.0, 2.0, 9.0, 11.0)",30359999.99999999,3,-16.659449540251906,3.0,3.0,5.819598096067909e-08,9.88142292490119e-08,9.881421948475999e-08
543,"(1.0, 2.0, 2.0, 2.0, 9.0, 12.0)",26564999.99999999,11,-16.74516101733014,15.0,23.0,5.3415705842140474e-08,5.646527385657823e-07,8.658005469681509e-07
544,"(1.0, 2.0, 2.0, 2.0, 9.0, 13.0)",26564999.99999999,212,-16.63027464401795,237.0,297.0,5.991885276585503e-08,8.92151326933936e-06,1.1180044630203473e-05
545,"(1.0, 2.0, 2.0, 2.0, 9.0, 14.0)",26564999.99999999,7,-16.553641014667264,8.0,10.0,6.469117686562713e-08,3.011481272350839e-07,3.764350683536603e-07
546,"(1.0, 2.0, 2.0, 2.0, 11.0, 13.0)",26564999.99999999,50,-16.28584901193148,54.0,62.0,8.455623576456749e-08,2.0327498588368163e-06,2.3338938539999116e-06
547,"(1.0, 2.0, 2.0, 2.0, 11.0, 14.0)",26564999.99999999,4,-16.209215382580794,4.0,4.0,9.129084003514873e-08,1.5057406361754194e-07,1.505740409449933e-07
548,"(1.0, 2.0, 2.0, 2.0, 12.0, 13.0)",21252000.0,15,-16.371560489009717,18.0,26.0,7.761070338810032e-08,8.46979107848673e-07,1.2234135495189188e-06
549,"(1.0, 2.0, 2.0, 2.0, 12.0, 14.0)",21252000.0,1,-16.29492685965903,1.0,1.0,8.379212063963984e-08,4.7054394880481834e-08,4.7054392666365754e-08
550,"(1.0, 2.0, 2.0, 2.0, 13.0, 13.0)",10625999.999999998,19,-16.25667411569752,20.0,22.0,8.705949375843161e-08,1.8821757952192739e-06,2.070389832155477e-06
551,"(1.0, 2.0, 2.0, 2.0, 13.0, 14.0)",21252000.0,18,-16.180040486346837,18.0,18.0,9.399347364954998e-08,8.46979107848673e-07,8.469783904750639e-07
552,"(1.0, 2.0, 2.0, 2.0, 14.0, 14.0)",10625999.999999998,1,-16.103406856996152,1.0,1.0,1.0147972044522725e-07,9.41087897609637e-08,9.410878090449939e-08
553,"(1.0, 2.0, 2.0, 3.0, 3.0, 6.0)",44629199.99999999,1,-15.999940200190723,1.0,1.0,1.1254190450246213e-07,2.2406854704991355e-08,2.2406854202924216e-08
554,"(1.0, 2.0, 2.0, 3.0, 3.0, 9.0)",39847499.99999999,2,-16.30202708723992,2.0,2.0,8.319928463943542e-08,5.019135453918064e-08,5.019135202000857e-08
555,"(1.0, 2.0, 2.0, 3.0, 3.0, 12.0)",33471900.0,1,-16.04331293223169,1.0,1.0,1.0776499722860158e-07,2.98758062733218e-08,2.9875805380758e-08
556,"(1.0, 2.0, 2.0, 3.0, 3.0, 13.0)",33471900.0,26,-15.928426558919496,31.0,43.0,1.208849513537499e-07,9.261499944729759e-07,1.2846588119990251e-06
557,"(1.0, 2.0, 2.0, 3.0, 4.0, 7.0)",114760799.99999993,1,-16.032761140002414,1.0,1.0,1.0890813154042859e-07,8.713776829718865e-09,8.713776753788959e-09
558,"(1.0, 2.0, 2.0, 3.0, 4.0, 9.0)",106259999.99999996,9,-16.53882849307481,11.0,15.0,6.565654846258819e-08,1.0351966873706008e-07,1.4116317392512374e-07
559,"(1.0, 2.0, 2.0, 3.0, 4.0, 13.0)",89258399.99999999,71,-16.165227964754386,86.0,122.0,9.53961167016224e-08,9.634947523146283e-07,1.3668172086823347e-06
560,"(1.0, 2.0, 2.0, 3.0, 4.0, 14.0)",89258399.99999999,1,-16.088594335403698,1.0,1.0,1.0299407904143672e-07,1.1203427352495678e-08,1.1203427226978893e-08
561,"(1.0, 2.0, 2.0, 3.0, 6.0, 8.0)",106259999.99999996,1,-15.858441385457404,1.0,1.0,1.2964817706955258e-07,9.410878976096371e-09,9.410878887531728e-09
562,"(1.0, 2.0, 2.0, 3.0, 6.0, 9.0)",106259999.99999996,6,-16.5033015045919,8.0,14.0,6.803105773849564e-08,7.528703180877097e-08,1.3175229999721202e-07
563,"(1.0, 2.0, 2.0, 3.0, 6.0, 13.0)",89258399.99999999,72,-16.129700976271476,86.0,120.0,9.884617567209396e-08,9.634947523146283e-07,1.3444103539773434e-06
564,"(1.0, 2.0, 2.0, 3.0, 6.0, 14.0)",89258399.99999999,2,-16.05306734692079,4.0,10.0,1.0671892297207322e-07,4.481370940998271e-08,1.1203427151668822e-07
565,"(1.0, 2.0, 2.0, 3.0, 7.0, 7.0)",57380399.99999996,1,-15.793253685496309,1.0,1.0,1.383811938619165e-07,1.742755365943773e-08,1.7427553355718102e-08
566,"(1.0, 2.0, 2.0, 3.0, 7.0, 9.0)",106259999.99999996,10,-16.299321038568703,14.0,22.0,8.342473084971625e-08,1.317523056653492e-07,2.0703932011545012e-07
567,"(1.0, 2.0, 2.0, 3.0, 7.0, 12.0)",89258399.99999999,3,-16.04060688356047,4.0,6.0,1.0805700947764195e-07,4.481370940998271e-08,6.722056210670551e-08
568,"(1.0, 2.0, 2.0, 3.0, 7.0, 13.0)",89258399.99999999,72,-15.925720510248278,89.0,131.0,1.212125149173165e-07,9.971050343721153e-07,1.4676479889584842e-06
569,"(1.0, 2.0, 2.0, 3.0, 7.0, 14.0)",89258399.99999999,2,-15.849086880897593,2.0,2.0,1.3086666180818512e-07,2.2406854704991355e-08,2.2406854202924216e-08
570,"(1.0, 2.0, 2.0, 3.0, 8.0, 9.0)",91079999.99999996,14,-16.160528272506603,16.0,20.0,9.584550425621796e-08,1.7566974088713228e-07,2.1958714524905748e-07
571,"(1.0, 2.0, 2.0, 3.0, 8.0, 11.0)",91079999.99999996,1,-15.816102640420134,1.0,1.0,1.3525517730674754e-07,1.0979358805445767e-08,1.0979358684899448e-08
572,"(1.0, 2.0, 2.0, 3.0, 8.0, 12.0)",79694999.99999997,1,-15.90181411749837,1.0,1.0,1.241451840037763e-07,1.2547838634795161e-08,1.2547838477346907e-08
573,"(1.0, 2.0, 2.0, 3.0, 8.0, 13.0)",79694999.99999997,104,-15.786927744186178,115.0,139.0,1.392593598574859e-07,1.4430014430014436e-06,1.7441474879833628e-06
574,"(1.0, 2.0, 2.0, 3.0, 8.0, 14.0)",79694999.99999997,1,-15.710294114835492,1.0,1.0,1.5035087393843393e-07,1.2547838634795161e-08,1.2547838477346907e-08
575,"(1.0, 2.0, 2.0, 3.0, 9.0, 9.0)",45539999.99999999,2,-16.8053883916411,2.0,2.0,5.029358053011378e-08,4.3917435221783056e-08,4.391743329304194e-08
576,"(1.0, 2.0, 2.0, 3.0, 9.0, 11.0)",91079999.99999996,7,-16.46096275955463,9.0,15.0,7.097325226446827e-08,9.881422924901191e-08,1.6469037231743462e-07
577,"(1.0, 2.0, 2.0, 3.0, 9.0, 12.0)",79694999.99999997,24,-16.546674236632867,31.0,47.0,6.514343951312297e-08,3.8898299767865e-07,5.897482645276001e-07
578,"(1.0, 2.0, 2.0, 3.0, 9.0, 13.0)",79694999.99999997,492,-16.43178786332067,567.0,733.0,7.307439074911228e-08,7.114624505928856e-06,9.197515101422994e-06
579,"(1.0, 2.0, 2.0, 3.0, 9.0, 14.0)",79694999.99999997,13,-16.35515423396999,15.0,19.0,7.88945067885646e-08,1.8821757952192741e-07,2.384088986352508e-07
580,"(1.0, 2.0, 2.0, 3.0, 11.0, 11.0)",45539999.99999999,1,-16.116537127468163,1.0,1.0,1.0015597386190782e-07,2.1958717610891528e-08,2.195871712870625e-08
581,"(1.0, 2.0, 2.0, 3.0, 11.0, 12.0)",79694999.99999997,3,-16.202248604546398,5.0,9.0,9.192906365399207e-08,6.27391931739758e-08,1.129305437769501e-07
582,"(1.0, 2.0, 2.0, 3.0, 11.0, 13.0)",79694999.99999997,112,-16.087362231234206,137.0,197.0,1.0312105668443488e-07,1.719053892966937e-06,2.4719212559083595e-06
583,"(1.0, 2.0, 2.0, 3.0, 11.0, 14.0)",79694999.99999997,4,-16.01072860188352,5.0,7.0,1.1133428309469641e-07,6.27391931739758e-08,8.783486650735976e-08
584,"(1.0, 2.0, 2.0, 3.0, 12.0, 12.0)",31878000.0,1,-16.287960081624632,1.0,1.0,8.43779199426652e-08,3.136959658698789e-08,3.13695956029363e-08
585,"(1.0, 2.0, 2.0, 3.0, 12.0, 13.0)",63755999.99999999,53,-16.17307370831244,57.0,65.0,9.465059165697739e-08,8.94033502729155e-07,1.0195110897812026e-06
586,"(1.0, 2.0, 2.0, 3.0, 12.0, 14.0)",63755999.99999999,3,-16.096440078961756,3.0,3.0,1.0218917557124896e-07,4.705439488048184e-08,4.705439266636576e-08
587,"(1.0, 2.0, 2.0, 3.0, 13.0, 13.0)",31878000.0,53,-16.058187335000248,65.0,91.0,1.0617391975416483e-07,2.039023778154213e-06,2.85462913179793e-06
588,"(1.0, 2.0, 2.0, 3.0, 13.0, 14.0)",63755999.99999999,45,-15.981553705649564,52.0,66.0,1.1463029587989086e-07,8.156095112616853e-07,1.0351960221517259e-06
589,"(1.0, 2.0, 2.0, 4.0, 4.0, 9.0)",65204999.99999996,2,-16.7756298989097,3.0,5.0,5.181273342315414e-08,4.60087416609156e-08,7.668123398472168e-08
590,"(1.0, 2.0, 2.0, 4.0, 4.0, 12.0)",54772199.99999997,1,-16.516915743901468,1.0,1.0,6.711114281751796e-08,1.825743716703e-08,1.825743683369599e-08
591,"(1.0, 2.0, 2.0, 4.0, 4.0, 13.0)",54772199.99999997,29,-16.402029370589275,38.0,62.0,7.52816540010733e-08,6.9378261234714e-07,1.1319606230215467e-06
592,"(1.0, 2.0, 2.0, 4.0, 6.0, 8.0)",130409999.99999993,1,-16.095242791292293,1.0,1.0,1.0231159868433042e-07,7.6681236101526e-09,7.668123551352482e-09
593,"(1.0, 2.0, 2.0, 4.0, 6.0, 9.0)",130409999.99999993,8,-16.74010291042679,8.0,8.0,5.368657265174996e-08,6.13449888812208e-08,6.134498511801314e-08
594,"(1.0, 2.0, 2.0, 4.0, 6.0, 13.0)",109544399.99999994,47,-16.366502382106365,57.0,83.0,7.800426111212273e-08,5.20336959260355e-07,7.576833716811938e-07
595,"(1.0, 2.0, 2.0, 4.0, 6.0, 14.0)",109544399.99999994,4,-16.28986875275568,4.0,4.0,8.421702384049114e-08,3.651487433406e-08,3.651487300072395e-08
596,"(1.0, 2.0, 2.0, 4.0, 7.0, 7.0)",67813199.99999999,1,-16.030055091331196,1.0,1.0,1.0920324135574685e-07,1.4746391557985764e-08,1.47463913405297e-08
597,"(1.0, 2.0, 2.0, 4.0, 7.0, 8.0)",130409999.99999993,1,-15.891262325269096,2.0,4.0,1.2546207374657216e-07,1.53362472203052e-08,3.067249420540993e-08
598,"(1.0, 2.0, 2.0, 4.0, 7.0, 9.0)",130409999.99999993,10,-16.536122444403592,12.0,16.0,6.58344588868804e-08,9.20174833218312e-08,1.2268996929522438e-07
599,"(1.0, 2.0, 2.0, 4.0, 7.0, 11.0)",130409999.99999993,1,-16.191696812317122,1.0,1.0,9.290421578705515e-08,7.6681236101526e-09,7.668123551352482e-09
600,"(1.0, 2.0, 2.0, 4.0, 7.0, 13.0)",109544399.99999994,64,-16.162521916083165,76.0,104.0,9.56546128302745e-08,6.9378261234714e-07,9.493862513512468e-07
601,"(1.0, 2.0, 2.0, 4.0, 7.0, 14.0)",109544399.99999994,3,-16.085888286732484,3.0,3.0,1.0327316346988889e-07,2.7386155750545e-08,2.7386155000543472e-08
602,"(1.0, 2.0, 2.0, 4.0, 8.0, 8.0)",57959999.99999997,1,-15.752469559206997,1.0,1.0,1.4414161844804937e-07,1.725327812284335e-08,1.7253277825167746e-08
603,"(1.0, 2.0, 2.0, 4.0, 8.0, 9.0)",115919999.99999994,6,-16.397329678341492,6.0,6.0,7.563628728770137e-08,5.175983436853005e-08,5.175983168944959e-08
604,"(1.0, 2.0, 2.0, 4.0, 8.0, 12.0)",101429999.99999996,3,-16.138615523333257,4.0,6.0,9.796892275294196e-08,3.9436064280784795e-08,5.9154094865974025e-08
605,"(1.0, 2.0, 2.0, 4.0, 8.0, 13.0)",101429999.99999996,91,-16.02372915002107,114.0,170.0,1.0989624428835788e-07,1.1239278320023667e-06,1.6760314687195824e-06
606,"(1.0, 2.0, 2.0, 4.0, 8.0, 14.0)",101429999.99999996,3,-15.947095520670382,4.0,6.0,1.1864909036071544e-07,3.9436064280784795e-08,5.9154094865974025e-08
607,"(1.0, 2.0, 2.0, 4.0, 9.0, 9.0)",57959999.99999997,5,-17.042189797475988,5.0,5.0,3.968907811819505e-08,8.626639061421674e-08,8.626638317232659e-08
608,"(1.0, 2.0, 2.0, 4.0, 9.0, 11.0)",115919999.99999994,9,-16.69776416538952,9.0,9.0,5.600839955588804e-08,7.763975155279507e-08,7.763974552486405e-08
609,"(1.0, 2.0, 2.0, 4.0, 9.0, 12.0)",101429999.99999996,17,-16.783475642467756,17.0,17.0,5.1407814525676244e-08,1.6760327319333538e-07,1.6760324510247819e-07
610,"(1.0, 2.0, 2.0, 4.0, 9.0, 13.0)",101429999.99999996,539,-16.66858926915556,651.0,917.0,5.7666508773310937e-08,6.418219461697726e-06,9.040676542828856e-06
611,"(1.0, 2.0, 2.0, 4.0, 9.0, 14.0)",101429999.99999996,23,-16.59195563980488,29.0,43.0,6.225944166279714e-08,2.8591146603568975e-07,4.239376092730701e-07
612,"(1.0, 2.0, 2.0, 4.0, 11.0, 12.0)",101429999.99999996,4,-16.439050010381287,6.0,10.0,7.254563604814719e-08,5.915409642117719e-08,9.859015720275486e-08
613,"(1.0, 2.0, 2.0, 4.0, 11.0, 13.0)",101429999.99999996,94,-16.324163637069095,113.0,163.0,8.137777488180151e-08,1.1140688159321705e-06,1.607018378292654e-06
614,"(1.0, 2.0, 2.0, 4.0, 11.0, 14.0)",101429999.99999996,4,-16.24753000771841,7.0,15.0,8.785922601658623e-08,6.901311249137339e-08,1.4788523629013328e-07
615,"(1.0, 2.0, 2.0, 4.0, 12.0, 12.0)",40571999.99999999,2,-16.52476148745952,3.0,5.0,6.658666614619077e-08,7.394262052647148e-08,1.2323769540994133e-07
616,"(1.0, 2.0, 2.0, 4.0, 12.0, 13.0)",81143999.99999997,44,-16.40987511414733,48.0,56.0,7.469332440862621e-08,5.915409642117719e-07,6.901307749930215e-07
617,"(1.0, 2.0, 2.0, 4.0, 13.0, 13.0)",40571999.99999999,47,-16.294988740835137,57.0,77.0,8.378693564509447e-08,1.4049097900029579e-06,1.8978586197412498e-06
618,"(1.0, 2.0, 2.0, 4.0, 13.0, 14.0)",81143999.99999997,50,-16.218355111484453,57.0,71.0,9.046026788974984e-08,7.024548950014791e-07,8.74987182787033e-07
619,"(1.0, 2.0, 2.0, 4.0, 14.0, 14.0)",40571999.99999999,1,-16.141721482133768,1.0,1.0,9.766510737840076e-08,2.4647540175490492e-08,2.4647539567989254e-08
620,"(1.0, 2.0, 2.0, 6.0, 6.0, 9.0)",65204999.99999996,5,-16.704575921943878,6.0,8.0,5.562818042337839e-08,9.20174833218312e-08,1.2268996929522438e-07
621,"(1.0, 2.0, 2.0, 6.0, 6.0, 12.0)",54772199.99999997,1,-16.445861766935643,1.0,1.0,7.205315208102278e-08,1.825743716703e-08,1.825743683369599e-08
622,"(1.0, 2.0, 2.0, 6.0, 6.0, 13.0)",54772199.99999997,30,-16.330975393623454,35.0,47.0,8.082533297636465e-08,6.3901030084605e-07,8.580991385162454e-07
623,"(1.0, 2.0, 2.0, 6.0, 6.0, 14.0)",54772199.99999997,2,-16.254341764272766,2.0,2.0,8.726278407280878e-08,3.651487433406e-08,3.651487300072395e-08
624,"(1.0, 2.0, 2.0, 6.0, 7.0, 9.0)",130409999.99999993,9,-16.50059545592068,9.0,9.0,6.82154024022149e-08,6.90131124913734e-08,6.90131077285637e-08
625,"(1.0, 2.0, 2.0, 6.0, 7.0, 13.0)",109544399.99999994,65,-16.126994927600258,76.0,100.0,9.911402047151263e-08,6.9378261234714e-07,9.128713770171868e-07
626,"(1.0, 2.0, 2.0, 6.0, 7.0, 14.0)",109544399.99999994,1,-16.05036129824957,1.0,1.0,1.0700810065976134e-07,9.128718583515e-09,9.128718500181496e-09
627,"(1.0, 2.0, 2.0, 6.0, 8.0, 9.0)",115919999.99999994,7,-16.36180268985858,7.0,7.0,7.837171992869964e-08,6.038647342995172e-08,6.038646978342554e-08
628,"(1.0, 2.0, 2.0, 6.0, 8.0, 12.0)",101429999.99999996,5,-16.103088534850347,7.0,11.0,1.0151202882955938e-07,6.901311249137339e-08,1.0844917200934849e-07
629,"(1.0, 2.0, 2.0, 6.0, 8.0, 13.0)",101429999.99999996,98,-15.988202161538156,121.0,171.0,1.1387070925126715e-07,1.19294094449374e-06,1.685890324895453e-06
630,"(1.0, 2.0, 2.0, 6.0, 8.0, 14.0)",101429999.99999996,1,-15.91156853218747,1.0,1.0,1.2294010736109963e-07,9.859016070196199e-09,9.859015972996002e-09
631,"(1.0, 2.0, 2.0, 6.0, 9.0, 9.0)",57959999.99999997,5,-17.006662808993077,5.0,5.0,4.1124457929510744e-08,8.626639061421674e-08,8.626638317232659e-08
632,"(1.0, 2.0, 2.0, 6.0, 9.0, 11.0)",115919999.99999994,4,-16.662237176906608,4.0,4.0,5.803397761913284e-08,3.45065562456867e-08,3.4506555054984277e-08
633,"(1.0, 2.0, 2.0, 6.0, 9.0, 12.0)",101429999.99999996,14,-16.747948653984842,16.0,22.0,5.3267009614417725e-08,1.5774425712313918e-07,2.168983286610657e-07
634,"(1.0, 2.0, 2.0, 6.0, 9.0, 13.0)",101429999.99999996,570,-16.633062280672654,671.0,905.0,5.975205337164503e-08,6.615399783101649e-06,8.92236578001327e-06
635,"(1.0, 2.0, 2.0, 6.0, 9.0, 14.0)",101429999.99999996,22,-16.556428651321966,24.0,28.0,6.451109249128053e-08,2.3661638568470877e-07,2.7605239397817957e-07
636,"(1.0, 2.0, 2.0, 6.0, 11.0, 11.0)",57959999.99999997,1,-16.317811544820138,1.0,1.0,8.189633925560363e-08,1.725327812284335e-08,1.7253277825167746e-08
637,"(1.0, 2.0, 2.0, 6.0, 11.0, 12.0)",101429999.99999996,2,-16.403523021898373,2.0,2.0,7.516929339469663e-08,1.9718032140392398e-08,1.9718031751591606e-08
638,"(1.0, 2.0, 2.0, 6.0, 11.0, 13.0)",101429999.99999996,120,-16.288636648586184,150.0,226.0,8.432085193708797e-08,1.4788524105294298e-06,2.228135444859889e-06
639,"(1.0, 2.0, 2.0, 6.0, 11.0, 14.0)",101429999.99999996,2,-16.212003019235496,2.0,2.0,9.103670872068133e-08,1.9718032140392398e-08,1.9718031751591606e-08
640,"(1.0, 2.0, 2.0, 6.0, 12.0, 13.0)",81143999.99999997,39,-16.37434812566442,51.0,87.0,7.739465421973728e-08,6.285122744750077e-07,1.0721676026061574e-06
641,"(1.0, 2.0, 2.0, 6.0, 12.0, 14.0)",81143999.99999997,2,-16.29771449631373,2.0,2.0,8.355886392131011e-08,2.4647540175490495e-08,2.4647539567989257e-08
642,"(1.0, 2.0, 2.0, 6.0, 13.0, 13.0)",40571999.99999999,58,-16.259461752352227,68.0,94.0,8.681714147448716e-08,1.6760327319333534e-06,2.3168659674103876e-06
643,"(1.0, 2.0, 2.0, 6.0, 13.0, 14.0)",81143999.99999997,63,-16.182828123001542,76.0,108.0,9.373181886577593e-08,9.366065266686388e-07,1.330966292244701e-06
644,"(1.0, 2.0, 2.0, 6.0, 14.0, 14.0)",40571999.99999999,1,-16.106194493650854,1.0,1.0,1.0119722578597556e-07,2.4647540175490492e-08,2.4647539567989254e-08
645,"(1.0, 2.0, 2.0, 7.0, 7.0, 9.0)",65204999.99999996,8,-16.296614989897485,8.0,8.0,8.365078795459731e-08,1.226899777624416e-07,1.2268996270961097e-07
646,"(1.0, 2.0, 2.0, 7.0, 7.0, 13.0)",54772199.99999997,40,-15.92301446157706,42.0,46.0,1.2154096608423634e-07,7.6681236101526e-07,8.39841521682183e-07
647,"(1.0, 2.0, 2.0, 7.0, 7.0, 14.0)",54772199.99999997,2,-15.846380832226371,3.0,5.0,1.3122127294558442e-07,5.477231150109e-08,9.128718283514389e-08
648,"(1.0, 2.0, 2.0, 7.0, 8.0, 9.0)",115919999.99999994,7,-16.157822223835385,9.0,13.0,9.610521809631483e-08,7.763975155279507e-08,1.1214630177055074e-07
649,"(1.0, 2.0, 2.0, 7.0, 8.0, 11.0)",115919999.99999994,1,-15.813396591748916,1.0,1.0,1.356216800630731e-07,8.626639061421675e-09,8.626638987002773e-09
650,"(1.0, 2.0, 2.0, 7.0, 8.0, 12.0)",101429999.99999996,3,-15.89910806882715,3.0,3.0,1.2448158186319995e-07,2.9577048210588596e-08,2.9577047335786815e-08
651,"(1.0, 2.0, 2.0, 7.0, 8.0, 13.0)",101429999.99999996,131,-15.78422169551496,162.0,242.0,1.3963671280062797e-07,1.5971606033717842e-06,2.385879338065487e-06
652,"(1.0, 2.0, 2.0, 7.0, 8.0, 14.0)",101429999.99999996,6,-15.707588066164272,9.0,17.0,1.507582817050842e-07,8.873114463176579e-08,1.6760326532011935e-07
653,"(1.0, 2.0, 2.0, 7.0, 9.0, 9.0)",57959999.99999997,3,-16.80268234296988,3.0,3.0,5.042986171547621e-08,5.175983436853005e-08,5.175983168944959e-08
654,"(1.0, 2.0, 2.0, 7.0, 9.0, 11.0)",115919999.99999994,12,-16.45825671088341,15.0,23.0,7.116556943190153e-08,1.293995859213251e-07,1.9841268166844568e-07
655,"(1.0, 2.0, 2.0, 7.0, 9.0, 12.0)",101429999.99999996,27,-16.543968187961646,32.0,44.0,6.531995955925749e-08,3.1548851424627836e-07,4.337966075556301e-07
656,"(1.0, 2.0, 2.0, 7.0, 9.0, 13.0)",101429999.99999996,645,-16.429081814649457,760.0,1030.0,7.327240139949637e-08,7.4928522133491115e-06,1.0154730409467793e-05
657,"(1.0, 2.0, 2.0, 7.0, 9.0, 14.0)",101429999.99999996,30,-16.35244818529877,33.0,39.0,7.91082882849388e-08,3.2534753031647456e-07,3.845015208866363e-07
658,"(1.0, 2.0, 2.0, 7.0, 11.0, 12.0)",101429999.99999996,2,-16.199542555875176,2.0,2.0,9.217816506279988e-08,1.9718032140392398e-08,1.9718031751591606e-08
659,"(1.0, 2.0, 2.0, 7.0, 11.0, 13.0)",101429999.99999996,132,-16.084656182562988,156.0,212.0,1.034004851858987e-07,1.538006506950607e-06,2.090109041417579e-06
660,"(1.0, 2.0, 2.0, 7.0, 12.0, 13.0)",81143999.99999997,53,-16.170367659641222,64.0,90.0,9.490706762648098e-08,7.887212856156958e-07,1.109138685815806e-06
661,"(1.0, 2.0, 2.0, 7.0, 12.0, 14.0)",81143999.99999997,5,-16.093734030290534,6.0,8.0,1.0246607894204273e-07,7.394262052647149e-08,9.859015523445085e-08
662,"(1.0, 2.0, 2.0, 7.0, 13.0, 13.0)",40571999.99999999,66,-16.05548128632903,73.0,87.0,1.0646162063937042e-07,1.7992704328108057e-06,2.1443327578935826e-06
663,"(1.0, 2.0, 2.0, 7.0, 13.0, 14.0)",81143999.99999997,74,-15.978847656978344,84.0,104.0,1.1494091112017214e-07,1.0351966873706008e-06,1.2816710174933242e-06
664,"(1.0, 2.0, 2.0, 7.0, 14.0, 14.0)",40571999.99999999,1,-15.90221402762766,1.0,1.0,1.2409554701301995e-07,2.4647540175490492e-08,2.4647539567989254e-08
665,"(1.0, 2.0, 2.0, 8.0, 8.0, 8.0)",15869999.999999994,1,-15.37416933863879,1.0,1.0,2.1041809884862874e-07,6.301197227473222e-08,6.301196830422358e-08
666,"(1.0, 2.0, 2.0, 8.0, 8.0, 9.0)",47609999.99999999,1,-16.019029457773286,1.0,1.0,1.1041393836425459e-07,2.100399075824407e-08,2.100399031707644e-08
667,"(1.0, 2.0, 2.0, 8.0, 8.0, 11.0)",47609999.99999999,1,-15.674603825686816,1.0,1.0,1.5581384778018632e-07,2.100399075824407e-08,2.100399031707644e-08
668,"(1.0, 2.0, 2.0, 8.0, 8.0, 12.0)",43469999.99999999,1,-15.76031530276505,1.0,1.0,1.430151450627144e-07,2.300437083045779e-08,2.3004370301256712e-08
669,"(1.0, 2.0, 2.0, 8.0, 8.0, 13.0)",43469999.99999999,66,-15.64542892945286,82.0,118.0,1.604266626303703e-07,1.8863584080975388e-06,2.7145121996459756e-06
670,"(1.0, 2.0, 2.0, 8.0, 8.0, 14.0)",43469999.99999999,3,-15.568795300102174,3.0,3.0,1.732040772999854e-07,6.901311249137337e-08,6.901310772856368e-08
671,"(1.0, 2.0, 2.0, 8.0, 9.0, 9.0)",47609999.99999999,7,-16.66388957690778,11.0,21.0,5.793816145955955e-08,2.3104389834068477e-07,4.410837525418425e-07
672,"(1.0, 2.0, 2.0, 8.0, 9.0, 11.0)",95219999.99999996,10,-16.31946394482131,11.0,13.0,8.176112548890162e-08,1.1552194917034242e-07,1.3652592658326576e-07
673,"(1.0, 2.0, 2.0, 8.0, 9.0, 12.0)",86939999.99999997,25,-16.405175421899546,29.0,37.0,7.50451862197898e-08,3.33563377041638e-07,4.255807490989427e-07
674,"(1.0, 2.0, 2.0, 8.0, 9.0, 13.0)",86939999.99999997,715,-16.290289048587354,817.0,1051.0,8.41816352137821e-08,9.397285484242008e-06,1.2088708562431099e-05
675,"(1.0, 2.0, 2.0, 8.0, 9.0, 14.0)",86939999.99999997,26,-16.21365541923667,30.0,38.0,9.088640387914429e-08,3.450655624568669e-07,4.3708292670845573e-07
676,"(1.0, 2.0, 2.0, 8.0, 11.0, 12.0)",86939999.99999997,3,-16.060749789813077,3.0,3.0,1.05902202163197e-07,3.4506556245686694e-08,3.450655505498427e-08
677,"(1.0, 2.0, 2.0, 8.0, 11.0, 13.0)",86939999.99999997,182,-15.945863416500886,221.0,319.0,1.1879536849610088e-07,2.541982976765586e-06,3.669190685780564e-06
678,"(1.0, 2.0, 2.0, 8.0, 11.0, 14.0)",86939999.99999997,6,-15.8692297871502,9.0,17.0,1.2825699824776942e-07,1.0351966873706008e-07,1.9553714134256942e-07
679,"(1.0, 2.0, 2.0, 8.0, 12.0, 12.0)",36224999.99999999,1,-16.146461266891315,1.0,1.0,9.72032911105378e-08,2.760524499654935e-08,2.7605244234499797e-08
680,"(1.0, 2.0, 2.0, 8.0, 12.0, 13.0)",72449999.99999997,71,-16.031574893579123,84.0,114.0,1.090374000789478e-07,1.1594202898550729e-06,1.5734976205479046e-06
681,"(1.0, 2.0, 2.0, 8.0, 12.0, 14.0)",72449999.99999997,2,-15.954941264228436,2.0,2.0,1.1772184225621521e-07,2.7605244996549357e-08,2.7605244234499804e-08
682,"(1.0, 2.0, 2.0, 8.0, 13.0, 13.0)",36224999.99999999,84,-15.91668852026693,98.0,126.0,1.2231226412340708e-07,2.7053140096618365e-06,3.478253550841327e-06
683,"(1.0, 2.0, 2.0, 8.0, 13.0, 14.0)",72449999.99999997,85,-15.840054890916244,102.0,142.0,1.3205400213789843e-07,1.407867494824017e-06,1.9599704126641214e-06
684,"(1.0, 2.0, 2.0, 9.0, 9.0, 9.0)",15869999.999999994,2,-17.308749696042277,3.0,5.0,3.040223546994436e-08,1.8903591682419666e-07,3.1505982563908325e-07
685,"(1.0, 2.0, 2.0, 9.0, 9.0, 11.0)",47609999.99999999,1,-16.964324063955807,1.0,1.0,4.290300083367806e-08,2.100399075824407e-08,2.100399031707644e-08
686,"(1.0, 2.0, 2.0, 9.0, 9.0, 12.0)",43469999.99999999,21,-17.050035541034042,25.0,35.0,3.9378906145172965e-08,5.751092707614448e-07,8.051526483153493e-07
687,"(1.0, 2.0, 2.0, 9.0, 9.0, 13.0)",43469999.99999999,473,-16.93514916772185,546.0,714.0,4.4173129273367515e-08,1.2560386473429954e-05,1.64249630096385e-05
688,"(1.0, 2.0, 2.0, 9.0, 9.0, 14.0)",43469999.99999999,19,-16.858515538371165,21.0,25.0,4.7691362344641695e-08,4.830917874396136e-07,5.751090373837697e-07
689,"(1.0, 2.0, 2.0, 9.0, 11.0, 11.0)",47609999.99999999,4,-16.619898431869338,5.0,7.0,6.054382028434269e-08,1.0501995379122034e-07,1.4702792427851777e-07
690,"(1.0, 2.0, 2.0, 9.0, 11.0, 12.0)",86939999.99999997,23,-16.705609908947572,26.0,32.0,5.557069133438883e-08,2.9905682079595134e-07,3.680698438523426e-07
691,"(1.0, 2.0, 2.0, 9.0, 11.0, 13.0)",86939999.99999997,657,-16.590723535635384,778.0,1052.0,6.233619905730295e-08,8.948700253048082e-06,1.2100218977584581e-05
692,"(1.0, 2.0, 2.0, 9.0, 11.0, 14.0)",86939999.99999997,22,-16.514089906284696,24.0,28.0,6.730105621523067e-08,2.7605244996549355e-07,3.22061115421454e-07
693,"(1.0, 2.0, 2.0, 9.0, 12.0, 12.0)",36224999.99999999,9,-16.791321386025807,10.0,12.0,5.100606008802744e-08,2.760524499654935e-07,3.3126286375363706e-07
694,"(1.0, 2.0, 2.0, 9.0, 12.0, 13.0)",72449999.99999997,364,-16.67643501271362,437.0,601.0,5.7215842351927846e-08,6.0317460317460344e-06,8.295339739502889e-06
695,"(1.0, 2.0, 2.0, 9.0, 12.0, 14.0)",72449999.99999997,22,-16.59980138336293,27.0,39.0,6.177288125939637e-08,3.726708074534163e-07,5.383021385491817e-07
696,"(1.0, 2.0, 2.0, 9.0, 13.0, 13.0)",36224999.99999999,440,-16.561548639401426,503.0,641.0,6.418164058135299e-08,1.3885438233264324e-05,1.76947692373932e-05
697,"(1.0, 2.0, 2.0, 9.0, 13.0, 14.0)",72449999.99999997,439,-16.48491501005074,512.0,684.0,6.929348061117155e-08,7.066942719116635e-06,9.440943847140486e-06
698,"(1.0, 2.0, 2.0, 9.0, 14.0, 14.0)",36224999.99999999,10,-16.408281380700053,10.0,10.0,7.48124605684488e-08,2.760524499654935e-07,2.7605237376053836e-07
699,"(1.0, 2.0, 2.0, 11.0, 11.0, 12.0)",43469999.99999999,2,-16.361184276861103,2.0,2.0,7.842020100805807e-08,4.600874166091558e-08,4.600873954411127e-08
700,"(1.0, 2.0, 2.0, 11.0, 11.0, 13.0)",43469999.99999999,86,-16.246297903548914,104.0,144.0,8.796754445138453e-08,2.3924545663676103e-06,3.3126236757470698e-06
701,"(1.0, 2.0, 2.0, 11.0, 11.0, 14.0)",43469999.99999999,2,-16.169664274198226,2.0,2.0,9.497384735947967e-08,4.600874166091558e-08,4.600873954411127e-08
702,"(1.0, 2.0, 2.0, 11.0, 12.0, 13.0)",72449999.99999997,74,-16.33200938062715,87.0,113.0,8.074180382396877e-08,1.200828157349897e-06,1.559694900316775e-06
703,"(1.0, 2.0, 2.0, 11.0, 12.0, 14.0)",72449999.99999997,3,-16.25537575127646,5.0,9.0,8.717260211968973e-08,6.901311249137339e-08,1.242235977216624e-07
704,"(1.0, 2.0, 2.0, 11.0, 13.0, 13.0)",36224999.99999999,97,-16.217123007314957,114.0,152.0,9.05717930541919e-08,3.146997929606626e-06,4.195987335879532e-06
705,"(1.0, 2.0, 2.0, 11.0, 13.0, 14.0)",72449999.99999997,77,-16.140489377964272,86.0,104.0,9.778551512662789e-08,1.1870255348516223e-06,1.435471330790946e-06
706,"(1.0, 2.0, 2.0, 11.0, 14.0, 14.0)",36224999.99999999,1,-16.063855748613584,1.0,1.0,1.0557378457616227e-07,2.760524499654935e-08,2.7605244234499797e-08
707,"(1.0, 2.0, 2.0, 12.0, 12.0, 13.0)",27531000.0,14,-16.417720857705383,16.0,20.0,7.41095926390344e-08,5.811630525589336e-07,7.264534779481733e-07
708,"(1.0, 2.0, 2.0, 12.0, 13.0, 13.0)",27531000.0,36,-16.302834484393195,39.0,45.0,8.313213688496377e-08,1.4165849406124005e-06,1.6345190786091068e-06
709,"(1.0, 2.0, 2.0, 12.0, 13.0, 14.0)",55061999.99999999,42,-16.226200855042507,46.0,54.0,8.975331673084634e-08,8.354218880534671e-07,9.807119532634696e-07
710,"(1.0, 2.0, 2.0, 12.0, 14.0, 14.0)",27531000.0,1,-16.14956722569182,2.0,4.0,9.690185006713884e-08,7.26453815698667e-08,1.4529075786238194e-07
711,"(1.0, 2.0, 2.0, 13.0, 13.0, 13.0)",9176999.999999998,18,-16.187948111081,22.0,32.0,9.325313953244324e-08,2.3972975918056013e-06,3.4869725683178583e-06
712,"(1.0, 2.0, 2.0, 13.0, 13.0, 14.0)",27531000.0,37,-16.111314481730314,42.0,58.0,1.006804213415451e-07,1.5255530129672005e-06,2.106713738214139e-06
713,"(1.0, 2.0, 2.0, 13.0, 14.0, 14.0)",27531000.0,25,-16.03468085237963,27.0,31.0,1.0869925980330664e-07,9.807126511932004e-07,1.1260024525356294e-06
714,"(1.0, 2.0, 3.0, 3.0, 3.0, 9.0)",26564999.99999999,2,-16.103540306542648,2.0,2.0,1.0146617892613018e-07,7.528703180877097e-08,7.528702614063381e-08
715,"(1.0, 2.0, 3.0, 3.0, 3.0, 13.0)",22314600.0,7,-15.729939778222224,9.0,15.0,1.4742595632513774e-07,4.033233846898443e-07,6.722054784799879e-07
716,"(1.0, 2.0, 3.0, 3.0, 4.0, 9.0)",106259999.99999996,1,-16.340341712377537,1.0,1.0,8.007183142076493e-08,9.410878976096371e-09,9.410878887531728e-09
717,"(1.0, 2.0, 3.0, 3.0, 4.0, 13.0)",89258399.99999999,39,-15.966741184057112,48.0,68.0,1.1634089749753546e-07,5.377645129197925e-07,7.618327707790348e-07
718,"(1.0, 2.0, 3.0, 3.0, 6.0, 8.0)",106259999.99999996,2,-15.65995460476013,2.0,2.0,1.5811319999920492e-07,1.8821757952192743e-08,1.882175759793417e-08
719,"(1.0, 2.0, 3.0, 3.0, 6.0, 13.0)",89258399.99999999,40,-15.9312141955742,44.0,54.0,1.2054843728974252e-07,4.929508035098098e-07,6.049848340342719e-07
720,"(1.0, 2.0, 3.0, 3.0, 7.0, 9.0)",106259999.99999996,2,-16.10083425787143,2.0,2.0,1.0174112318327984e-07,1.8821757952192743e-08,1.882175759793417e-08
721,"(1.0, 2.0, 3.0, 3.0, 7.0, 11.0)",106259999.99999996,2,-15.75640862578496,3.0,5.0,1.4357495181783042e-07,2.8232636928289114e-08,4.705439408340007e-08
722,"(1.0, 2.0, 3.0, 3.0, 7.0, 13.0)",89258399.99999999,50,-15.727233729551005,62.0,90.0,1.4782543840355452e-07,6.946124958547319e-07,1.0083079792380914e-06
723,"(1.0, 2.0, 3.0, 3.0, 8.0, 9.0)",91079999.99999996,1,-15.96204149180933,1.0,1.0,1.1688895074365844e-07,1.0979358805445767e-08,1.0979358684899448e-08
724,"(1.0, 2.0, 3.0, 3.0, 8.0, 13.0)",79694999.99999997,59,-15.588440963488903,73.0,105.0,1.69834574728309e-07,9.159922203400468e-07,1.3175222176117442e-06
725,"(1.0, 2.0, 3.0, 3.0, 8.0, 14.0)",79694999.99999997,3,-15.51180733413822,3.0,3.0,1.833612962280955e-07,3.7643515904385486e-08,3.764351448735119e-08
726,"(1.0, 2.0, 3.0, 3.0, 9.0, 9.0)",45539999.99999999,4,-16.606901610943826,5.0,7.0,6.13358331507271e-08,1.0979358805445764e-07,1.537110112216087e-07
727,"(1.0, 2.0, 3.0, 3.0, 9.0, 11.0)",91079999.99999996,4,-16.262475978857356,4.0,4.0,8.655584894082787e-08,4.391743522178307e-08,4.391743329304195e-08
728,"(1.0, 2.0, 3.0, 3.0, 9.0, 12.0)",79694999.99999997,14,-16.34818745593559,18.0,28.0,7.944606637121384e-08,2.2586109542631291e-07,3.5133943076103006e-07
729,"(1.0, 2.0, 3.0, 3.0, 9.0, 13.0)",79694999.99999997,348,-16.2333010826234,405.0,531.0,8.91183047883198e-08,5.08187464709204e-06,6.662876489626302e-06
730,"(1.0, 2.0, 3.0, 3.0, 9.0, 14.0)",79694999.99999997,9,-16.156667453272714,12.0,24.0,9.621626167568018e-08,1.5057406361754194e-07,3.0114810456253525e-07
731,"(1.0, 2.0, 3.0, 3.0, 11.0, 12.0)",79694999.99999997,1,-16.00376182384912,2.0,4.0,1.1211263247816911e-07,2.5095677269590323e-08,5.019135390938763e-08
732,"(1.0, 2.0, 3.0, 3.0, 11.0, 13.0)",79694999.99999997,81,-15.888875450536933,99.0,143.0,1.2576189367420365e-07,1.242236024844721e-06,1.7943393816253667e-06
733,"(1.0, 2.0, 3.0, 3.0, 11.0, 14.0)",79694999.99999997,1,-15.812241821186245,1.0,1.0,1.357783824471065e-07,1.2547838634795161e-08,1.2547838477346907e-08
734,"(1.0, 2.0, 3.0, 3.0, 12.0, 13.0)",63755999.99999999,31,-15.974586927615167,37.0,55.0,1.1543168802654412e-07,5.80337536859276e-07,8.626635693505104e-07
735,"(1.0, 2.0, 3.0, 3.0, 12.0, 14.0)",63755999.99999999,1,-15.89795329826448,1.0,1.0,1.246254125592741e-07,1.5684798293493948e-08,1.568479804748105e-08
736,"(1.0, 2.0, 3.0, 3.0, 13.0, 13.0)",31878000.0,36,-15.859700554302975,43.0,61.0,1.2948503085996944e-07,1.3488926532404793e-06,1.9135435722948713e-06
737,"(1.0, 2.0, 3.0, 3.0, 13.0, 14.0)",63755999.99999999,46,-15.783066924952289,56.0,76.0,1.397980543043188e-07,8.783487044356611e-07,1.1920438988090935e-06
738,"(1.0, 2.0, 3.0, 4.0, 4.0, 6.0)",135626399.99999997,1,-16.275056231163227,2.0,4.0,8.547377517406288e-08,1.4746391557985764e-08,2.9492782898515462e-08
739,"(1.0, 2.0, 3.0, 4.0, 4.0, 9.0)",130409999.99999993,3,-16.577143118212426,4.0,6.0,6.318852503298781e-08,3.06724944406104e-08,4.6008740720113684e-08
740,"(1.0, 2.0, 3.0, 4.0, 4.0, 13.0)",109544399.99999994,38,-16.203542589892002,50.0,74.0,9.181018572252668e-08,4.5643592917575e-07,6.755249668463525e-07
741,"(1.0, 2.0, 3.0, 4.0, 6.0, 9.0)",260819999.99999985,13,-16.541616129729515,15.0,19.0,6.54737767304211e-08,5.75109270761445e-08,7.284717098894297e-08
742,"(1.0, 2.0, 3.0, 4.0, 6.0, 11.0)",260819999.99999985,3,-16.197190497643046,4.0,6.0,9.239522864778496e-08,1.53362472203052e-08,2.300437059525732e-08
743,"(1.0, 2.0, 3.0, 4.0, 6.0, 13.0)",219088799.99999988,64,-16.16801560140909,83.0,125.0,9.513055730351482e-08,3.788418212158725e-07,5.70544767948562e-07
744,"(1.0, 2.0, 3.0, 4.0, 6.0, 14.0)",219088799.99999988,2,-16.091381972058404,3.0,5.0,1.0270736877916817e-07,1.36930778752725e-08,2.282179627128712e-08
745,"(1.0, 2.0, 3.0, 4.0, 7.0, 8.0)",260819999.99999985,1,-15.692775544571822,1.0,1.0,1.530080129700913e-07,3.8340618050763e-09,3.83406179037627e-09
746,"(1.0, 2.0, 3.0, 4.0, 7.0, 9.0)",260819999.99999985,13,-16.337635663706315,13.0,13.0,8.028880312938374e-08,4.98428034659919e-08,4.984280098168684e-08
747,"(1.0, 2.0, 3.0, 4.0, 7.0, 11.0)",260819999.99999985,2,-15.993210031619848,3.0,5.0,1.133018850209327e-07,1.15021854152289e-08,1.917030889308123e-08
748,"(1.0, 2.0, 3.0, 4.0, 7.0, 13.0)",219088799.99999988,84,-15.964035135385892,104.0,152.0,1.1665614797781514e-07,4.7469336634278e-07,6.93782387013348e-07
749,"(1.0, 2.0, 3.0, 4.0, 8.0, 9.0)",231839999.99999988,5,-16.19884289764422,5.0,5.0,9.224268084156656e-08,2.1566597653554185e-08,2.1566597188436053e-08
750,"(1.0, 2.0, 3.0, 4.0, 8.0, 11.0)",231839999.99999988,2,-15.854417265557748,4.0,10.0,1.3017094801988516e-07,1.725327812284335e-08,4.313319500943276e-08
751,"(1.0, 2.0, 3.0, 4.0, 8.0, 12.0)",202859999.9999999,1,-15.940128742635984,1.0,1.0,1.1947857831146e-07,4.929508035098099e-09,4.92950801079805e-09
752,"(1.0, 2.0, 3.0, 4.0, 8.0, 13.0)",202859999.9999999,139,-15.825242369323792,167.0,237.0,1.340246137283127e-07,8.232278418613826e-07,1.16829272661417e-06
753,"(1.0, 2.0, 3.0, 4.0, 8.0, 14.0)",202859999.9999999,3,-15.748608739973108,4.0,6.0,1.4469919884691759e-07,1.9718032140392398e-08,2.9577047821787804e-08
754,"(1.0, 2.0, 3.0, 4.0, 9.0, 9.0)",115919999.99999994,9,-16.84370301677871,11.0,15.0,4.840304960801497e-08,9.489302967563843e-08,1.2939957691663802e-07
755,"(1.0, 2.0, 3.0, 4.0, 9.0, 11.0)",231839999.99999988,10,-16.499277384692242,12.0,16.0,6.83053744432112e-08,5.175983436853005e-08,6.901310981229295e-08
756,"(1.0, 2.0, 3.0, 4.0, 9.0, 12.0)",202859999.9999999,30,-16.58498886177048,35.0,45.0,6.269470380026809e-08,1.7253278122843348e-07,2.2182783181185386e-07
757,"(1.0, 2.0, 3.0, 4.0, 9.0, 13.0)",202859999.9999999,674,-16.470102488458288,805.0,1105.0,7.032753133149689e-08,3.96825396825397e-06,5.447090631743843e-06
758,"(1.0, 2.0, 3.0, 4.0, 9.0, 14.0)",202859999.9999999,17,-16.393468859107603,20.0,26.0,7.592886976102766e-08,9.859016070196198e-08,1.281671991925308e-07
759,"(1.0, 2.0, 3.0, 4.0, 11.0, 11.0)",115919999.99999994,1,-16.154851752605776,1.0,1.0,9.639112030359965e-08,8.626639061421675e-09,8.626638987002773e-09
760,"(1.0, 2.0, 3.0, 4.0, 11.0, 12.0)",202859999.9999999,6,-16.24056322968401,7.0,9.0,8.847345887012904e-08,3.4506556245686694e-08,4.436557112518047e-08
761,"(1.0, 2.0, 3.0, 4.0, 11.0, 13.0)",202859999.9999999,129,-16.12567685637182,151.0,201.0,9.924474594404728e-08,7.44355713299813e-07,9.9083056098929e-07
762,"(1.0, 2.0, 3.0, 4.0, 11.0, 14.0)",202859999.9999999,1,-16.049043227021134,2.0,4.0,1.0714923795251969e-07,9.859016070196199e-09,1.97180320431922e-08
763,"(1.0, 2.0, 3.0, 4.0, 12.0, 12.0)",81143999.99999997,1,-16.32627470676225,2.0,4.0,8.12061619347324e-08,2.4647540175490495e-08,4.9295079743479756e-08
764,"(1.0, 2.0, 3.0, 4.0, 12.0, 13.0)",162287999.99999994,65,-16.211388333450053,75.0,97.0,9.109268489360188e-08,4.621413782904468e-07,5.977026356809909e-07
765,"(1.0, 2.0, 3.0, 4.0, 12.0, 14.0)",162287999.99999994,5,-16.13475470409937,5.0,5.0,9.834789415352264e-08,3.080942521936312e-08,3.0809424270142435e-08
766,"(1.0, 2.0, 3.0, 4.0, 13.0, 13.0)",81143999.99999997,65,-16.096501960137864,70.0,82.0,1.0218285218053049e-07,8.626639061421673e-07,1.0105484030060953e-06
767,"(1.0, 2.0, 3.0, 4.0, 13.0, 14.0)",162287999.99999994,81,-16.019868330787176,95.0,137.0,1.1032135392972464e-07,5.853790791678993e-07,8.441779083418832e-07
768,"(1.0, 2.0, 3.0, 6.0, 6.0, 9.0)",130409999.99999993,7,-16.506089141246605,7.0,7.0,6.78416759547257e-08,5.36768652710682e-08,5.367686238986234e-08
769,"(1.0, 2.0, 3.0, 6.0, 6.0, 12.0)",109544399.99999994,1,-16.24737498623837,1.0,1.0,8.787284713959457e-08,9.128718583515e-09,9.128718500181496e-09
770,"(1.0, 2.0, 3.0, 6.0, 6.0, 13.0)",109544399.99999994,39,-16.13248861292618,48.0,66.0,9.857101215575448e-08,4.3817849200872e-07,6.024952345115991e-07
771,"(1.0, 2.0, 3.0, 6.0, 6.0, 14.0)",109544399.99999994,3,-16.055854983575493,4.0,6.0,1.0642184365762068e-07,3.651487433406e-08,5.477231016775395e-08
772,"(1.0, 2.0, 3.0, 6.0, 7.0, 9.0)",260819999.99999985,12,-16.30210867522341,14.0,18.0,8.319249685447869e-08,5.36768652710682e-08,6.901310961016754e-08
773,"(1.0, 2.0, 3.0, 6.0, 7.0, 13.0)",219088799.99999988,79,-15.92850814690298,94.0,128.0,1.208750889966658e-07,4.29049773425205e-07,5.842378052612519e-07
774,"(1.0, 2.0, 3.0, 6.0, 7.0, 14.0)",219088799.99999988,3,-15.851874517552297,3.0,3.0,1.305023611097526e-07,1.36930778752725e-08,1.3693077687772119e-08
775,"(1.0, 2.0, 3.0, 6.0, 8.0, 9.0)",231839999.99999988,4,-16.163315909161305,4.0,4.0,9.557869387334663e-08,1.725327812284335e-08,1.7253277825167746e-08
776,"(1.0, 2.0, 3.0, 6.0, 8.0, 12.0)",202859999.9999999,2,-15.904601754153074,2.0,2.0,1.2379959425146872e-07,9.859016070196199e-09,9.859015972996002e-09
777,"(1.0, 2.0, 3.0, 6.0, 8.0, 13.0)",202859999.9999999,142,-15.789715380840882,166.0,220.0,1.3887169594554394e-07,8.182983338262845e-07,1.0844910981094187e-06
778,"(1.0, 2.0, 3.0, 6.0, 8.0, 14.0)",202859999.9999999,4,-15.713081751490195,7.0,15.0,1.499323339708905e-07,3.4506556245686694e-08,7.394261933576907e-08
779,"(1.0, 2.0, 3.0, 6.0, 9.0, 9.0)",115919999.99999994,6,-16.808176028295804,10.0,24.0,5.015357553372548e-08,8.626639061421674e-08,2.0703933003223004e-07
780,"(1.0, 2.0, 3.0, 6.0, 9.0, 11.0)",231839999.99999988,3,-16.463750396209335,3.0,3.0,7.077568013255367e-08,1.2939958592132512e-08,1.2939958424689983e-08
781,"(1.0, 2.0, 3.0, 6.0, 9.0, 12.0)",202859999.9999999,31,-16.54946187328757,37.0,51.0,6.496209615045894e-08,1.8239179729862969e-07,2.5140487652323533e-07
782,"(1.0, 2.0, 3.0, 6.0, 9.0, 13.0)",202859999.9999999,700,-16.434575499975377,820.0,1086.0,7.287096956284814e-08,4.042196588780442e-06,5.353429386763274e-06
783,"(1.0, 2.0, 3.0, 6.0, 9.0, 14.0)",202859999.9999999,32,-16.357941870624693,37.0,49.0,7.867488382631871e-08,1.8239179729862969e-07,2.415458604530391e-07
784,"(1.0, 2.0, 3.0, 6.0, 11.0, 12.0)",202859999.9999999,2,-16.2050362412011,2.0,2.0,9.167315568145999e-08,9.859016070196199e-09,9.859015972996002e-09
785,"(1.0, 2.0, 3.0, 6.0, 11.0, 13.0)",202859999.9999999,137,-16.09014986788891,161.0,217.0,1.0283399294754269e-07,7.93650793650794e-07,1.0697026137347053e-06
786,"(1.0, 2.0, 3.0, 6.0, 11.0, 14.0)",202859999.9999999,3,-16.013516238538223,4.0,6.0,1.1102435574933243e-07,1.9718032140392398e-08,2.9577047821787804e-08
787,"(1.0, 2.0, 3.0, 6.0, 12.0, 12.0)",81143999.99999997,2,-16.290747718279334,2.0,2.0,8.414303250271176e-08,2.4647540175490495e-08,2.4647539567989257e-08
788,"(1.0, 2.0, 3.0, 6.0, 12.0, 13.0)",162287999.99999994,52,-16.175861344967146,57.0,67.0,9.438710761779367e-08,3.5122744750073957e-07,4.1284617457874594e-07
789,"(1.0, 2.0, 3.0, 6.0, 12.0, 14.0)",162287999.99999994,2,-16.099227715616458,2.0,2.0,1.0190470596288229e-07,1.2323770087745248e-08,1.2323769935869939e-08
790,"(1.0, 2.0, 3.0, 6.0, 13.0, 13.0)",81143999.99999997,71,-16.060974971654954,84.0,114.0,1.0587835759503771e-07,1.0351966873706008e-06,1.4049087183707768e-06
791,"(1.0, 2.0, 3.0, 6.0, 13.0, 14.0)",162287999.99999994,89,-15.984341342304267,104.0,138.0,1.1431119324310335e-07,6.408360445627529e-07,8.503397253835861e-07
792,"(1.0, 2.0, 3.0, 6.0, 14.0, 14.0)",81143999.99999997,1,-15.90770771295358,1.0,1.0,1.2341567434055606e-07,1.2323770087745248e-08,1.2323769935869939e-08
793,"(1.0, 2.0, 3.0, 7.0, 7.0, 9.0)",130409999.99999993,6,-16.098128209200212,6.0,6.0,1.0201681246054694e-07,4.60087416609156e-08,4.600873954411129e-08
794,"(1.0, 2.0, 3.0, 7.0, 7.0, 12.0)",109544399.99999994,1,-15.839414054191977,1.0,1.0,1.3213865431326924e-07,9.128718583515e-09,9.128718500181496e-09
795,"(1.0, 2.0, 3.0, 7.0, 7.0, 13.0)",109544399.99999994,66,-15.724527680879785,76.0,96.0,1.482260029638826e-07,6.9378261234714e-07,8.763565026831268e-07
796,"(1.0, 2.0, 3.0, 7.0, 7.0, 14.0)",109544399.99999994,2,-15.6478940515291,3.0,5.0,1.6003167836493987e-07,2.7386155750545e-08,4.5643592167573475e-08
797,"(1.0, 2.0, 3.0, 7.0, 8.0, 8.0)",115919999.99999994,1,-15.314475324003617,1.0,1.0,2.2336127167447229e-07,8.626639061421675e-09,8.626638987002773e-09
798,"(1.0, 2.0, 3.0, 7.0, 8.0, 9.0)",231839999.99999988,8,-15.95933544313811,11.0,19.0,1.1720568629112236e-07,4.744651483781921e-08,8.195306883233413e-08
799,"(1.0, 2.0, 3.0, 7.0, 8.0, 11.0)",231839999.99999988,2,-15.61490981105164,3.0,5.0,1.6539822085224555e-07,1.2939958592132512e-08,2.1566597486111657e-08
800,"(1.0, 2.0, 3.0, 7.0, 8.0, 12.0)",202859999.9999999,3,-15.700621288129875,3.0,3.0,1.5181224830330345e-07,1.4788524105294298e-08,1.4788523886593854e-08
801,"(1.0, 2.0, 3.0, 7.0, 8.0, 13.0)",202859999.9999999,159,-15.585734914817683,191.0,273.0,1.7029477773862466e-07,9.41536034703737e-07,1.3457548070916765e-06
802,"(1.0, 2.0, 3.0, 7.0, 8.0, 14.0)",202859999.9999999,5,-15.509101285467,5.0,5.0,1.8385815277591294e-07,2.4647540175490495e-08,2.4647539567989257e-08
803,"(1.0, 2.0, 3.0, 7.0, 9.0, 9.0)",115919999.99999994,8,-16.604195562272608,8.0,8.0,6.150203567516197e-08,6.90131124913734e-08,6.90131077285637e-08
804,"(1.0, 2.0, 3.0, 7.0, 9.0, 11.0)",231839999.99999988,10,-16.25976993018614,10.0,10.0,8.679039047812494e-08,4.313319530710837e-08,4.313319344663583e-08
805,"(1.0, 2.0, 3.0, 7.0, 9.0, 12.0)",202859999.9999999,32,-16.345481407264373,34.0,38.0,7.966134243593879e-08,1.6760327319333538e-07,1.873212772428706e-07
806,"(1.0, 2.0, 3.0, 7.0, 9.0, 13.0)",202859999.9999999,878,-16.23059503395218,1050.0,1438.0,8.935978984637348e-08,5.175983436853004e-06,7.088605763666528e-06
807,"(1.0, 2.0, 3.0, 7.0, 9.0, 14.0)",202859999.9999999,43,-16.153961404601496,51.0,73.0,9.647698016209718e-08,2.514049097900031e-07,3.598540233577326e-07
808,"(1.0, 2.0, 3.0, 7.0, 11.0, 12.0)",202859999.9999999,2,-16.001055775177903,3.0,5.0,1.1241642557238078e-07,1.4788524105294298e-08,2.464753995679005e-08
809,"(1.0, 2.0, 3.0, 7.0, 11.0, 13.0)",202859999.9999999,161,-15.886169401865711,188.0,248.0,1.2610267235336537e-07,9.267475105984427e-07,1.2225171338433803e-06
810,"(1.0, 2.0, 3.0, 7.0, 11.0, 14.0)",202859999.9999999,6,-15.809535772515028,8.0,12.0,1.3614630293937276e-07,3.9436064280784795e-08,5.9154094865974025e-08
811,"(1.0, 2.0, 3.0, 7.0, 12.0, 12.0)",81143999.99999997,2,-16.086767252256138,2.0,2.0,1.0318242980140496e-07,2.4647540175490495e-08,2.4647539567989257e-08
812,"(1.0, 2.0, 3.0, 7.0, 12.0, 13.0)",162287999.99999994,73,-15.971880878943947,80.0,94.0,1.1574447480980435e-07,4.929508035098099e-07,5.792169511235319e-07
813,"(1.0, 2.0, 3.0, 7.0, 12.0, 14.0)",162287999.99999994,3,-15.895247249593265,5.0,11.0,1.2496311170041333e-07,3.080942521936312e-08,6.778073453337817e-08
814,"(1.0, 2.0, 3.0, 7.0, 13.0, 13.0)",81143999.99999997,86,-15.856994505631755,98.0,126.0,1.2983589817357682e-07,1.2077294685990343e-06,1.552793572445432e-06
815,"(1.0, 2.0, 3.0, 7.0, 13.0, 14.0)",162287999.99999994,84,-15.78036087628107,104.0,150.0,1.4017686695498194e-07,6.408360445627529e-07,9.242823459100576e-07
816,"(1.0, 2.0, 3.0, 8.0, 8.0, 8.0)",31739999.99999999,2,-15.175682557941515,2.0,2.0,2.566166351020687e-07,6.301197227473222e-08,6.301196830422358e-08
817,"(1.0, 2.0, 3.0, 8.0, 8.0, 9.0)",95219999.99999996,8,-15.820542677076013,11.0,17.0,1.346559705958812e-07,1.1552194917034242e-07,1.7853390809975392e-07
818,"(1.0, 2.0, 3.0, 8.0, 8.0, 11.0)",95219999.99999996,1,-15.47611704498954,4.0,16.0,1.9002369823910228e-07,4.200798151648815e-08,1.680319243012821e-07
819,"(1.0, 2.0, 3.0, 8.0, 8.0, 12.0)",86939999.99999997,3,-15.561828522067778,3.0,3.0,1.7441496475561905e-07,3.4506556245686694e-08,3.450655505498427e-08
820,"(1.0, 2.0, 3.0, 8.0, 8.0, 13.0)",86939999.99999997,109,-15.446942148755586,128.0,170.0,1.956492838312169e-07,1.4722797331492988e-06,1.9553693529813e-06
821,"(1.0, 2.0, 3.0, 8.0, 9.0, 9.0)",95219999.99999996,5,-16.465402796210505,5.0,5.0,7.065882696929163e-08,5.250997689561019e-08,5.2509974138312516e-08
822,"(1.0, 2.0, 3.0, 8.0, 9.0, 11.0)",190440000.0,12,-16.120977164124035,14.0,18.0,9.97122634408627e-08,7.351396765385424e-08,9.451795300779486e-08
823,"(1.0, 2.0, 3.0, 8.0, 9.0, 12.0)",173879999.99999994,26,-16.206688641202273,28.0,32.0,9.152180004337142e-08,1.6103059581320456e-07,1.8403494071280955e-07
824,"(1.0, 2.0, 3.0, 8.0, 9.0, 13.0)",173879999.99999994,1004,-16.09180226789008,1180.0,1600.0,1.026642103704727e-07,6.786289394985049e-06,9.201702278459365e-06
825,"(1.0, 2.0, 3.0, 8.0, 9.0, 14.0)",173879999.99999994,37,-16.015168638539397,53.0,93.0,1.1084105059219131e-07,3.048079135035658e-07,5.348515289002796e-07
826,"(1.0, 2.0, 3.0, 8.0, 11.0, 12.0)",173879999.99999994,4,-15.862263009115804,6.0,12.0,1.2915365606724136e-07,3.4506556245686694e-08,6.901311130067097e-08
827,"(1.0, 2.0, 3.0, 8.0, 11.0, 13.0)",173879999.99999994,224,-15.747376635803612,271.0,393.0,1.4487759321079128e-07,1.5585461237635156e-06,2.2601770050264582e-06
828,"(1.0, 2.0, 3.0, 8.0, 11.0, 14.0)",173879999.99999994,5,-15.670743006452929,8.0,14.0,1.5641657965131304e-07,4.600874166091559e-08,8.051529578979797e-08
829,"(1.0, 2.0, 3.0, 8.0, 12.0, 12.0)",72449999.99999997,2,-15.94797448619404,2.0,2.0,1.185448477204298e-07,2.7605244996549357e-08,2.7605244234499804e-08
830,"(1.0, 2.0, 3.0, 8.0, 12.0, 13.0)",144899999.99999994,122,-15.833088112881848,138.0,176.0,1.3297720520071114e-07,9.523809523809528e-07,1.2146298728186933e-06
831,"(1.0, 2.0, 3.0, 8.0, 12.0, 14.0)",144899999.99999994,3,-15.756454483531163,4.0,6.0,1.435683679450908e-07,2.7605244996549357e-08,4.140786673277448e-08
832,"(1.0, 2.0, 3.0, 8.0, 13.0, 13.0)",72449999.99999997,122,-15.718201739569658,143.0,193.0,1.4916664404255306e-07,1.973775017253279e-06,2.663902246379194e-06
833,"(1.0, 2.0, 3.0, 8.0, 13.0, 14.0)",144899999.99999994,120,-15.641568110218971,141.0,187.0,1.6104723816921634e-07,9.730848861283647e-07,1.2905442566944868e-06
834,"(1.0, 2.0, 3.0, 8.0, 14.0, 14.0)",72449999.99999997,2,-15.564934480868285,2.0,2.0,1.7387407947941377e-07,2.7605244996549357e-08,2.7605244234499804e-08
835,"(1.0, 2.0, 3.0, 9.0, 9.0, 9.0)",31739999.99999999,5,-17.110262915345004,5.0,5.0,3.707722581169358e-08,1.5752993068683055e-07,1.575299058711515e-07
836,"(1.0, 2.0, 3.0, 9.0, 9.0, 11.0)",95219999.99999996,2,-16.765837283258534,2.0,2.0,5.2322608035917246e-08,2.1003990758244076e-08,2.1003990317076448e-08
837,"(1.0, 2.0, 3.0, 9.0, 9.0, 12.0)",86939999.99999997,15,-16.85154876033677,17.0,21.0,4.8024777546555136e-08,1.9553715205889124e-07,2.4154585548502905e-07
838,"(1.0, 2.0, 3.0, 9.0, 9.0, 13.0)",86939999.99999997,570,-16.736662387024577,684.0,956.0,5.387160067544785e-08,7.867494824016566e-06,1.099602735948402e-05
839,"(1.0, 2.0, 3.0, 9.0, 9.0, 14.0)",86939999.99999997,24,-16.660028757673892,26.0,32.0,5.816228259489948e-08,2.9905682079595134e-07,3.680698438523426e-07
840,"(1.0, 2.0, 3.0, 9.0, 11.0, 11.0)",95219999.99999996,1,-16.421411651172065,1.0,1.0,7.383657357710992e-08,1.0501995379122038e-08,1.0501995268830131e-08
841,"(1.0, 2.0, 3.0, 9.0, 11.0, 12.0)",173879999.99999994,27,-16.5071231282503,31.0,39.0,6.777156479673924e-08,1.782838739360479e-07,2.242925838118238e-07
842,"(1.0, 2.0, 3.0, 9.0, 11.0, 13.0)",173879999.99999994,900,-16.39223675493811,1070.0,1488.0,7.602247969479764e-08,6.15366919714746e-06,8.557588081285713e-06
843,"(1.0, 2.0, 3.0, 9.0, 11.0, 14.0)",173879999.99999994,33,-16.315603125587423,40.0,56.0,8.207740056235271e-08,2.3004370830457795e-07,3.220611387063014e-07
844,"(1.0, 2.0, 3.0, 9.0, 12.0, 12.0)",72449999.99999997,19,-16.592834605328534,20.0,22.0,6.220474180322062e-08,2.7605244996549355e-07,3.036576187570878e-07
845,"(1.0, 2.0, 3.0, 9.0, 12.0, 13.0)",144899999.99999994,526,-16.477948232016345,630.0,874.0,6.977791843583048e-08,4.347826086956524e-06,6.031727128154352e-06
846,"(1.0, 2.0, 3.0, 9.0, 12.0, 14.0)",144899999.99999994,36,-16.401314602665657,44.0,60.0,7.533548214761476e-08,3.0365769496204293e-07,4.140785827402446e-07
847,"(1.0, 2.0, 3.0, 9.0, 13.0, 13.0)",72449999.99999997,545,-16.363061858704153,646.0,882.0,7.827309880394584e-08,8.916494133885442e-06,1.2173833539610627e-05
848,"(1.0, 2.0, 3.0, 9.0, 13.0, 14.0)",144899999.99999994,618,-16.28642822935347,725.0,973.0,8.450727350094169e-08,5.003450655624571e-06,6.714950810892168e-06
849,"(1.0, 2.0, 3.0, 9.0, 14.0, 14.0)",72449999.99999997,18,-16.20979460000278,20.0,26.0,9.123797810088716e-08,2.7605244996549355e-07,3.588681087501865e-07
850,"(1.0, 2.0, 3.0, 11.0, 11.0, 13.0)",86939999.99999997,102,-16.04781112285164,126.0,190.0,1.0728133833936605e-07,1.449275362318841e-06,2.185413128494415e-06
851,"(1.0, 2.0, 3.0, 11.0, 11.0, 14.0)",86939999.99999997,2,-15.971177493500951,3.0,5.0,1.1582591642755924e-07,3.4506556245686694e-08,5.7510925885442064e-08
852,"(1.0, 2.0, 3.0, 11.0, 12.0, 12.0)",72449999.99999997,3,-16.248408973242064,5.0,11.0,8.778203471519876e-08,6.901311249137339e-08,1.5182884271821177e-07
853,"(1.0, 2.0, 3.0, 11.0, 12.0, 13.0)",144899999.99999994,97,-16.133522599929876,116.0,156.0,9.84691436846579e-08,8.005521048999313e-07,1.0766039139817522e-06
854,"(1.0, 2.0, 3.0, 11.0, 12.0, 14.0)",144899999.99999994,2,-16.056888970579188,2.0,2.0,1.0631186172411318e-07,1.3802622498274678e-08,1.3802622307762291e-08
855,"(1.0, 2.0, 3.0, 11.0, 13.0, 13.0)",72449999.99999997,128,-16.018636226617684,154.0,218.0,1.1045736510264582e-07,2.1256038647343006e-06,3.00896718643209e-06
856,"(1.0, 2.0, 3.0, 11.0, 13.0, 14.0)",144899999.99999994,121,-15.942002597266995,136.0,172.0,1.192549024576517e-07,9.385783298826781e-07,1.187024653922341e-06
857,"(1.0, 2.0, 3.0, 11.0, 14.0, 14.0)",72449999.99999997,1,-15.86536896791631,1.0,1.0,1.287531324594607e-07,1.3802622498274678e-08,1.3802622307762291e-08
858,"(1.0, 2.0, 3.0, 12.0, 12.0, 13.0)",55061999.99999999,24,-16.21923407700811,29.0,41.0,9.03807913666926e-08,5.266790163815336e-07,7.446148837003474e-07
859,"(1.0, 2.0, 3.0, 12.0, 12.0, 14.0)",55061999.99999999,1,-16.142600447657426,1.0,1.0,9.757930083217311e-08,1.8161345392466675e-08,1.8161345062632207e-08
860,"(1.0, 2.0, 3.0, 12.0, 13.0, 13.0)",55061999.99999999,44,-16.10434770369592,51.0,67.0,1.0138428848561455e-07,9.262286150158005e-07,1.2168092833958202e-06
861,"(1.0, 2.0, 3.0, 12.0, 13.0, 14.0)",110124000.0,50,-16.027714074345234,60.0,82.0,1.0945918746889224e-07,5.448403617740002e-07,7.446148642401138e-07
862,"(1.0, 2.0, 3.0, 12.0, 14.0, 14.0)",55061999.99999999,4,-15.951080444994547,6.0,10.0,1.1817722351575321e-07,1.0896807235480006e-07,1.8161344205062598e-07
863,"(1.0, 2.0, 3.0, 13.0, 13.0, 13.0)",18354000.0,27,-15.989461330383728,34.0,48.0,1.1372741703523452e-07,1.8524572300316008e-06,2.615230304917412e-06
864,"(1.0, 2.0, 3.0, 13.0, 13.0, 14.0)",55061999.99999999,54,-15.91282770103304,63.0,87.0,1.2278540242829583e-07,1.1441647597254007e-06,1.5800357400316034e-06
865,"(1.0, 2.0, 3.0, 13.0, 14.0, 14.0)",55061999.99999999,28,-15.836194071682357,35.0,49.0,1.3256482423062173e-07,6.356470887363337e-07,8.899055201836457e-07
866,"(1.0, 2.0, 4.0, 4.0, 4.0, 9.0)",49139999.99999999,1,-16.813944524047315,1.0,1.0,4.9865097687887816e-08,2.0350020350020355e-08,2.0350019935897026e-08
867,"(1.0, 2.0, 4.0, 4.0, 4.0, 12.0)",41277599.99999999,1,-16.55523036903908,1.0,1.0,6.458844132407509e-08,2.4226214702405182e-08,2.4226214115495702e-08
868,"(1.0, 2.0, 4.0, 4.0, 4.0, 13.0)",41277599.99999999,5,-16.44034399572689,10.0,28.0,7.245182376716166e-08,2.422621470240518e-07,6.783339529763973e-07
869,"(1.0, 2.0, 4.0, 4.0, 6.0, 9.0)",147419999.99999997,4,-16.778417535564405,4.0,4.0,5.166849947760251e-08,2.7133360466693807e-08,2.7133359730474557e-08
870,"(1.0, 2.0, 4.0, 4.0, 6.0, 13.0)",123832800.0,27,-16.404817007243977,32.0,44.0,7.507208833512908e-08,2.5841295682565524e-07,3.553177488580197e-07
871,"(1.0, 2.0, 4.0, 4.0, 7.0, 8.0)",147419999.99999997,1,-15.92957695040671,1.0,1.0,1.2074596629372283e-07,6.783340116673452e-09,6.7833400706597485e-09
872,"(1.0, 2.0, 4.0, 4.0, 7.0, 9.0)",147419999.99999997,4,-16.574437069541204,4.0,4.0,6.335974782130479e-08,2.7133360466693807e-08,2.7133359730474557e-08
873,"(1.0, 2.0, 4.0, 4.0, 7.0, 11.0)",147419999.99999997,1,-16.230011437454735,1.0,1.0,8.941195512699729e-08,6.783340116673452e-09,6.7833400706597485e-09
874,"(1.0, 2.0, 4.0, 4.0, 7.0, 13.0)",123832800.0,26,-16.20083654122078,31.0,43.0,9.205896500621945e-08,2.5033755192485353e-07,3.472423480655843e-07
875,"(1.0, 2.0, 4.0, 4.0, 7.0, 14.0)",123832800.0,2,-16.124202911870096,3.0,5.0,9.939113504986244e-08,2.422621470240518e-08,4.037702391709915e-08
876,"(1.0, 2.0, 4.0, 4.0, 8.0, 9.0)",136079999.99999988,8,-16.43564430347911,10.0,14.0,7.279312642218011e-08,7.348618459729577e-08,1.0288065303599475e-07
877,"(1.0, 2.0, 4.0, 4.0, 8.0, 11.0)",136079999.99999988,1,-16.09121867139264,1.0,1.0,1.0272414233039754e-07,7.348618459729577e-09,7.348618405727384e-09
878,"(1.0, 2.0, 4.0, 4.0, 8.0, 12.0)",119069999.9999999,1,-16.176930148470873,1.0,1.0,9.428628023839152e-08,8.398421096833803e-09,8.398421026300325e-09
879,"(1.0, 2.0, 4.0, 4.0, 8.0, 13.0)",119069999.9999999,63,-16.06204377515868,70.0,84.0,1.0576525488852253e-07,5.878894767783662e-07,7.054670265200025e-07
880,"(1.0, 2.0, 4.0, 4.0, 9.0, 9.0)",68039999.99999994,4,-17.0805044226136,5.0,7.0,3.8197169435990244e-08,7.348618459729577e-08,1.0288065303599475e-07
881,"(1.0, 2.0, 4.0, 4.0, 9.0, 11.0)",136079999.99999988,1,-16.73607879052713,1.0,1.0,5.3903049128624834e-08,7.348618459729577e-09,7.348618405727384e-09
882,"(1.0, 2.0, 4.0, 4.0, 9.0, 12.0)",119069999.9999999,12,-16.82179026760537,15.0,21.0,4.947539965336229e-08,1.2597631645250705e-07,1.7636682716347756e-07
883,"(1.0, 2.0, 4.0, 4.0, 9.0, 13.0)",119069999.9999999,269,-16.706903894293177,318.0,432.0,5.549883017782578e-08,2.670697908793149e-06,3.628110781204883e-06
884,"(1.0, 2.0, 4.0, 4.0, 9.0, 14.0)",119069999.9999999,14,-16.630270264942492,14.0,14.0,5.991911515560705e-08,1.1757789535567324e-07,1.1757788153111176e-07
885,"(1.0, 2.0, 4.0, 4.0, 11.0, 12.0)",119069999.9999999,1,-16.4773646355189,2.0,4.0,6.981865246959228e-08,1.6796842193667606e-08,3.35936841052013e-08
886,"(1.0, 2.0, 4.0, 4.0, 11.0, 13.0)",119069999.9999999,45,-16.362478262206707,57.0,83.0,7.831879204216209e-08,4.787100025195267e-07,6.970687218739391e-07
887,"(1.0, 2.0, 4.0, 4.0, 11.0, 14.0)",119069999.9999999,2,-16.285844632856023,4.0,10.0,8.455660604351491e-08,3.359368438733521e-08,8.39842098398024e-08
888,"(1.0, 2.0, 4.0, 4.0, 12.0, 12.0)",47627999.99999997,1,-16.563076112597138,1.0,1.0,6.408367968107956e-08,2.09960527420845e-08,2.099605230125027e-08
889,"(1.0, 2.0, 4.0, 4.0, 12.0, 13.0)",95255999.99999994,18,-16.448189739284942,20.0,24.0,7.188560942829558e-08,2.0996052742084503e-07,2.51952588821591e-07
890,"(1.0, 2.0, 4.0, 4.0, 13.0, 13.0)",47627999.99999997,27,-16.333303365972753,34.0,56.0,8.063739268085624e-08,7.138657932308731e-07,1.1757784439523614e-06
891,"(1.0, 2.0, 4.0, 4.0, 13.0, 14.0)",95255999.99999994,39,-16.256669736622065,46.0,60.0,8.705987499935867e-08,4.829092130679435e-07,6.298813490612269e-07
892,"(1.0, 2.0, 4.0, 6.0, 6.0, 9.0)",147419999.99999997,5,-16.742890547081494,6.0,8.0,5.353712239724465e-08,4.070004070004071e-08,5.42667192768943e-08
893,"(1.0, 2.0, 4.0, 6.0, 6.0, 13.0)",123832800.0,29,-16.36929001876107,38.0,58.0,7.778711637555469e-08,3.068653862304656e-07,4.6837339008013484e-07
894,"(1.0, 2.0, 4.0, 6.0, 6.0, 14.0)",123832800.0,1,-16.292656389410382,1.0,1.0,8.3982584295835e-08,8.075404900801726e-09,8.075404835589561e-09
895,"(1.0, 2.0, 4.0, 6.0, 7.0, 8.0)",294839999.99999994,1,-15.8940499619238,1.0,1.0,1.2511281809611732e-07,3.391670058336726e-09,3.3916700468333e-09
896,"(1.0, 2.0, 4.0, 6.0, 7.0, 9.0)",294839999.99999994,8,-16.538910081058297,10.0,14.0,6.56511918957151e-08,3.3916700583367256e-08,4.748337966637158e-08
897,"(1.0, 2.0, 4.0, 6.0, 7.0, 12.0)",247665600.0,1,-16.280195926050062,1.0,1.0,8.503559307459163e-08,4.037702450400863e-09,4.037702434097822e-09
898,"(1.0, 2.0, 4.0, 6.0, 7.0, 13.0)",247665600.0,50,-16.16530955273787,60.0,82.0,9.538833384232674e-08,2.4226214702405177e-07,3.310915422419229e-07
899,"(1.0, 2.0, 4.0, 6.0, 7.0, 14.0)",247665600.0,2,-16.088675923387186,2.0,2.0,1.0298567630500241e-07,8.075404900801726e-09,8.075404835589561e-09
900,"(1.0, 2.0, 4.0, 6.0, 8.0, 9.0)",272159999.99999976,5,-16.400117314996194,5.0,5.0,7.5425734409642e-08,1.8371546149323943e-08,1.8371545811810235e-08
901,"(1.0, 2.0, 4.0, 6.0, 8.0, 11.0)",272159999.99999976,1,-16.055691682909725,1.0,1.0,1.0643922383460089e-07,3.6743092298647886e-09,3.6743092163642403e-09
902,"(1.0, 2.0, 4.0, 6.0, 8.0, 12.0)",238139999.9999998,6,-16.141403159987963,8.0,14.0,9.769620129363009e-08,3.359368438733521e-08,5.8788946549300986e-08
903,"(1.0, 2.0, 4.0, 6.0, 8.0, 13.0)",238139999.9999998,127,-16.02651678667577,157.0,225.0,1.0959032009042872e-07,6.592760561014535e-07,9.448219387488846e-07
904,"(1.0, 2.0, 4.0, 6.0, 8.0, 14.0)",238139999.9999998,1,-15.949883157325086,1.0,1.0,1.1831880038548747e-07,4.199210548416901e-09,4.1992105307835325e-09
905,"(1.0, 2.0, 4.0, 6.0, 9.0, 9.0)",136079999.99999988,4,-17.044977434130693,4.0,4.0,3.957859345633515e-08,2.939447383891831e-08,2.9394472974883217e-08
906,"(1.0, 2.0, 4.0, 6.0, 9.0, 11.0)",272159999.99999976,9,-16.700551802044224,9.0,9.0,5.585248590458533e-08,3.3068783068783096e-08,3.306878197523868e-08
907,"(1.0, 2.0, 4.0, 6.0, 9.0, 12.0)",238139999.9999998,20,-16.78626327912246,21.0,23.0,5.1264707775050696e-08,8.818342151675493e-08,9.65818348372729e-08
908,"(1.0, 2.0, 4.0, 6.0, 9.0, 13.0)",238139999.9999998,592,-16.671376905810266,705.0,991.0,5.750597935250942e-08,2.9604434366339153e-06,4.161408889255808e-06
909,"(1.0, 2.0, 4.0, 6.0, 9.0, 14.0)",238139999.9999998,26,-16.59474327645958,31.0,41.0,6.208612664300238e-08,1.3017552700092395e-07,1.7216761553942514e-07
910,"(1.0, 2.0, 4.0, 6.0, 11.0, 12.0)",238139999.9999998,1,-16.44183764703599,1.0,1.0,7.2343686785322e-08,4.199210548416901e-09,4.1992105307835325e-09
911,"(1.0, 2.0, 4.0, 6.0, 11.0, 13.0)",238139999.9999998,114,-16.3269512737238,138.0,200.0,8.115123911007228e-08,5.794910556815324e-07,8.398417738734966e-07
912,"(1.0, 2.0, 4.0, 6.0, 11.0, 14.0)",238139999.9999998,3,-16.250317644373112,4.0,6.0,8.761464747412691e-08,1.6796842193667606e-08,2.51952630083675e-08
913,"(1.0, 2.0, 4.0, 6.0, 12.0, 12.0)",95255999.99999994,3,-16.527549124114223,4.0,6.0,6.640130519445434e-08,4.1992105484169e-08,6.298815646291659e-08
914,"(1.0, 2.0, 4.0, 6.0, 12.0, 13.0)",190511999.99999988,59,-16.412662750802035,65.0,77.0,7.448539650801077e-08,3.4118585705887314e-07,4.0417389887733757e-07
915,"(1.0, 2.0, 4.0, 6.0, 12.0, 14.0)",190511999.99999988,4,-16.336029121451347,5.0,7.0,8.041789415153778e-08,2.6245065927605628e-08,3.674309160984439e-08
916,"(1.0, 2.0, 4.0, 6.0, 13.0, 13.0)",95255999.99999994,53,-16.297776377489843,62.0,82.0,8.35536933605179e-08,6.508776350046196e-07,8.608377387837688e-07
917,"(1.0, 2.0, 4.0, 6.0, 13.0, 14.0)",190511999.99999988,70,-16.221142748139158,82.0,106.0,9.020844868448156e-08,4.304190812127323e-07,5.563952124046538e-07
918,"(1.0, 2.0, 4.0, 6.0, 14.0, 14.0)",95255999.99999994,1,-16.14450911878847,1.0,1.0,9.73932316665975e-08,1.049802637104225e-08,1.0498026260833694e-08
919,"(1.0, 2.0, 4.0, 7.0, 7.0, 9.0)",147419999.99999997,6,-16.334929615035097,7.0,9.0,8.050636276913242e-08,4.748338081671416e-08,6.105005879538962e-08
920,"(1.0, 2.0, 4.0, 7.0, 7.0, 13.0)",123832800.0,45,-15.961329086714674,54.0,74.0,1.1697225269652197e-07,4.360718646432932e-07,5.975797725006566e-07
921,"(1.0, 2.0, 4.0, 7.0, 7.0, 14.0)",123832800.0,1,-15.884695457363987,1.0,1.0,1.262886777410676e-07,8.075404900801726e-09,8.075404835589561e-09
922,"(1.0, 2.0, 4.0, 7.0, 8.0, 9.0)",272159999.99999976,8,-16.196136848972998,11.0,17.0,9.249263206304672e-08,4.0417401528512675e-08,6.246325527413506e-08
923,"(1.0, 2.0, 4.0, 7.0, 8.0, 12.0)",238139999.9999998,1,-15.937422693964766,2.0,4.0,1.1980233100725292e-07,8.398421096833803e-09,1.679684212313413e-08
924,"(1.0, 2.0, 4.0, 7.0, 8.0, 13.0)",238139999.9999998,135,-15.822536320652574,162.0,226.0,1.343877820101116e-07,6.80272108843538e-07,9.490211211720777e-07
925,"(1.0, 2.0, 4.0, 7.0, 8.0, 14.0)",238139999.9999998,2,-15.745902691301888,2.0,2.0,1.4509129219425953e-07,8.398421096833803e-09,8.398421026300325e-09
926,"(1.0, 2.0, 4.0, 7.0, 9.0, 9.0)",136079999.99999988,5,-16.840996968107493,6.0,8.0,4.8534207996545035e-08,4.4091710758377465e-08,5.878894573375766e-08
927,"(1.0, 2.0, 4.0, 7.0, 9.0, 11.0)",272159999.99999976,11,-16.496571336021027,15.0,23.0,6.849046242656047e-08,5.511463844797183e-08,8.450910924926677e-08
928,"(1.0, 2.0, 4.0, 7.0, 9.0, 12.0)",238139999.9999998,19,-16.582282813099262,25.0,39.0,6.286458847460999e-08,1.0498026371042253e-07,1.637692003674034e-07
929,"(1.0, 2.0, 4.0, 7.0, 9.0, 13.0)",238139999.9999998,722,-16.46739643978707,865.0,1207.0,7.051809878031336e-08,3.6323171243806196e-06,5.068433938211508e-06
930,"(1.0, 2.0, 4.0, 7.0, 9.0, 14.0)",238139999.9999998,33,-16.390762810436385,39.0,53.0,7.61346152312287e-08,1.6376921138825916e-07,2.2255813224574117e-07
931,"(1.0, 2.0, 4.0, 7.0, 11.0, 11.0)",136079999.99999988,1,-16.152145703934558,1.0,1.0,9.665231260677085e-08,7.348618459729577e-09,7.348618405727384e-09
932,"(1.0, 2.0, 4.0, 7.0, 11.0, 12.0)",238139999.9999998,1,-16.237857181012792,1.0,1.0,8.871319658060514e-08,4.199210548416901e-09,4.1992105307835325e-09
933,"(1.0, 2.0, 4.0, 7.0, 11.0, 13.0)",238139999.9999998,147,-16.1229708077006,182.0,264.0,9.951367075464313e-08,7.642563198118761e-07,1.1085910006943396e-06
934,"(1.0, 2.0, 4.0, 7.0, 12.0, 12.0)",95255999.99999994,2,-16.323568658091027,2.0,2.0,8.142620735386073e-08,2.09960527420845e-08,2.099605230125027e-08
935,"(1.0, 2.0, 4.0, 7.0, 12.0, 13.0)",190511999.99999988,63,-16.20868228477884,70.0,84.0,9.133951995573661e-08,3.674309229864788e-07,4.4091697257829134e-07
936,"(1.0, 2.0, 4.0, 7.0, 12.0, 14.0)",190511999.99999988,1,-16.13204865542815,1.0,1.0,9.861438875287081e-08,5.249013185521125e-09,5.249013157968986e-09
937,"(1.0, 2.0, 4.0, 7.0, 13.0, 13.0)",95255999.99999994,64,-16.093795911466643,73.0,93.0,1.0245973841674817e-07,7.663559250860843e-07,9.763158652055255e-07
938,"(1.0, 2.0, 4.0, 7.0, 13.0, 14.0)",190511999.99999988,68,-16.017162282115958,81.0,111.0,1.1062029317258345e-07,4.2517006802721117e-07,5.826402828232582e-07
939,"(1.0, 2.0, 4.0, 7.0, 14.0, 14.0)",95255999.99999994,3,-15.940528652765272,4.0,6.0,1.1943080717047864e-07,4.1992105484169e-08,6.298815646291659e-08
940,"(1.0, 2.0, 4.0, 8.0, 8.0, 9.0)",115919999.99999996,3,-16.057344082910898,4.0,6.0,1.062634888932063e-07,3.4506556245686694e-08,5.175983317782762e-08
941,"(1.0, 2.0, 4.0, 8.0, 8.0, 12.0)",105839999.99999996,2,-15.798629927902669,3.0,5.0,1.3763921932388862e-07,2.834467120181407e-08,4.7241117866269734e-08
942,"(1.0, 2.0, 4.0, 8.0, 8.0, 13.0)",105839999.99999996,115,-15.683743554590476,139.0,191.0,1.5439623959754892e-07,1.3133030990173853e-06,1.8046090084171327e-06
943,"(1.0, 2.0, 4.0, 8.0, 8.0, 14.0)",105839999.99999996,6,-15.607109925239788,6.0,6.0,1.666933524615904e-07,5.668934240362814e-08,5.66893391899466e-08
944,"(1.0, 2.0, 4.0, 8.0, 9.0, 9.0)",115919999.99999996,5,-16.702204202045394,5.0,5.0,5.5760271465363046e-08,4.3133195307108364e-08,4.3133193446635826e-08
945,"(1.0, 2.0, 4.0, 8.0, 9.0, 11.0)",231839999.9999999,8,-16.357778569958924,12.0,26.0,7.86877325362997e-08,5.175983436853004e-08,1.121463051194013e-07
946,"(1.0, 2.0, 4.0, 8.0, 9.0, 12.0)",211679999.9999999,26,-16.443490047037162,32.0,48.0,7.222424478734914e-08,1.511715797430084e-07,2.2675734676166604e-07
947,"(1.0, 2.0, 4.0, 8.0, 9.0, 13.0)",211679999.9999999,924,-16.32860367372497,1105.0,1533.0,8.101725553019165e-08,5.220143613000758e-06,7.242036242164154e-06
948,"(1.0, 2.0, 4.0, 8.0, 9.0, 14.0)",211679999.9999999,30,-16.251970044374282,38.0,58.0,8.74699925773281e-08,1.7951625094482246e-07,2.739984560581184e-07
949,"(1.0, 2.0, 4.0, 8.0, 11.0, 11.0)",115919999.99999996,1,-16.013352937872455,3.0,9.0,1.110424875809726e-07,2.587991718426502e-08,7.763975088302494e-08
950,"(1.0, 2.0, 4.0, 8.0, 11.0, 12.0)",211679999.9999999,2,-16.099064414950693,2.0,2.0,1.0192134842803645e-07,9.448223733938024e-09,9.448223644669093e-09
951,"(1.0, 2.0, 4.0, 8.0, 11.0, 13.0)",211679999.9999999,182,-15.9841780416385,210.0,272.0,1.1432986186132193e-07,9.920634920634924e-07,1.284957443625599e-06
952,"(1.0, 2.0, 4.0, 8.0, 11.0, 14.0)",211679999.9999999,4,-15.907544412287814,4.0,4.0,1.2343582984800104e-07,1.889644746787605e-08,1.8896447110800323e-08
953,"(1.0, 2.0, 4.0, 8.0, 12.0, 12.0)",88199999.99999997,2,-16.184775892028927,2.0,2.0,9.354942861681034e-08,2.2675736961451256e-08,2.2675736447262208e-08
954,"(1.0, 2.0, 4.0, 8.0, 12.0, 13.0)",176399999.99999994,124,-16.069889518716735,146.0,202.0,1.0493869455148824e-07,8.276643990929708e-07,1.145124031524931e-06
955,"(1.0, 2.0, 4.0, 8.0, 12.0, 14.0)",176399999.99999994,3,-15.99325588936605,3.0,3.0,1.1329668937097639e-07,1.700680272108844e-08,1.7006802431857102e-08
956,"(1.0, 2.0, 4.0, 8.0, 13.0, 13.0)",88199999.99999997,124,-15.955003145404543,147.0,199.0,1.1771455771555322e-07,1.6666666666666673e-06,2.256233049886622e-06
957,"(1.0, 2.0, 4.0, 8.0, 13.0, 14.0)",176399999.99999994,137,-15.878369516053858,161.0,211.0,1.2709010472202186e-07,9.12698412698413e-07,1.196144291698161e-06
958,"(1.0, 2.0, 4.0, 8.0, 14.0, 14.0)",88199999.99999997,5,-15.801735886703174,5.0,5.0,1.3721238079392104e-07,5.6689342403628135e-08,5.6689339189946594e-08
959,"(1.0, 2.0, 4.0, 9.0, 9.0, 9.0)",38639999.99999999,1,-17.34706432117989,1.0,1.0,2.925941832208899e-08,2.5879917184265014e-08,2.58799165144949e-08
960,"(1.0, 2.0, 4.0, 9.0, 9.0, 11.0)",115919999.99999996,9,-17.002638689093423,10.0,12.0,4.129028110141835e-08,8.626639061421673e-08,1.0351966129516993e-07
961,"(1.0, 2.0, 4.0, 9.0, 9.0, 12.0)",105839999.99999996,14,-17.088350166171658,18.0,32.0,3.789865679801608e-08,1.7006802721088442e-07,3.023431305628829e-07
962,"(1.0, 2.0, 4.0, 9.0, 9.0, 13.0)",105839999.99999996,547,-16.973463792859466,638.0,844.0,4.2512665533523535e-08,6.0279667422524594e-06,7.974264495060646e-06
963,"(1.0, 2.0, 4.0, 9.0, 9.0, 14.0)",105839999.99999996,20,-16.89683016350878,26.0,38.0,4.589864855733068e-08,2.4565381708238863e-07,3.5903244154384705e-07
964,"(1.0, 2.0, 4.0, 9.0, 11.0, 11.0)",115919999.99999996,2,-16.658213057006954,2.0,2.0,5.826798382205264e-08,1.7253278122843347e-08,1.7253277825167743e-08
965,"(1.0, 2.0, 4.0, 9.0, 11.0, 12.0)",211679999.9999999,26,-16.74392453408519,28.0,32.0,5.3481794317657726e-08,1.3227513227513233e-07,1.5117156224629778e-07
966,"(1.0, 2.0, 4.0, 9.0, 11.0, 13.0)",211679999.9999999,858,-16.629038160772996,1036.0,1452.0,5.999298724693334e-08,4.894179894179896e-06,6.859386477842169e-06
967,"(1.0, 2.0, 4.0, 9.0, 11.0, 14.0)",211679999.9999999,24,-16.55240453142231,26.0,30.0,6.477121589517963e-08,1.2282690854119431e-07,1.417233409226209e-07
968,"(1.0, 2.0, 4.0, 9.0, 12.0, 12.0)",88199999.99999997,15,-16.829636011163423,16.0,18.0,4.9088747126920667e-08,1.8140589569161004e-07,2.040815997449623e-07
969,"(1.0, 2.0, 4.0, 9.0, 12.0, 13.0)",176399999.99999994,443,-16.714749637851234,522.0,714.0,5.506510426447962e-08,2.9591836734693887e-06,4.047610290851036e-06
970,"(1.0, 2.0, 4.0, 9.0, 12.0, 14.0)",176399999.99999994,21,-16.638116008500546,26.0,36.0,5.945084451162273e-08,1.4739229024943314e-07,2.0408161092857406e-07
971,"(1.0, 2.0, 4.0, 9.0, 13.0, 13.0)",88199999.99999997,476,-16.59986326453904,547.0,699.0,6.17690587991228e-08,6.201814058956918e-06,7.925131605529591e-06
972,"(1.0, 2.0, 4.0, 9.0, 13.0, 14.0)",176399999.99999994,529,-16.523229635188354,642.0,914.0,6.66887452470462e-08,3.6394557823129265e-06,5.18139265005322e-06
973,"(1.0, 2.0, 4.0, 9.0, 14.0, 14.0)",88199999.99999997,15,-16.44659600583767,16.0,18.0,7.200026727116948e-08,1.8140589569161004e-07,2.040815997449623e-07
974,"(1.0, 2.0, 4.0, 11.0, 11.0, 12.0)",105839999.99999996,1,-16.39949890199872,1.0,1.0,7.547239308982521e-08,9.448223733938024e-09,9.448223644669093e-09
975,"(1.0, 2.0, 4.0, 11.0, 11.0, 13.0)",105839999.99999996,100,-16.28461252868653,123.0,175.0,8.466085279862215e-08,1.162131519274377e-06,1.653437802889486e-06
976,"(1.0, 2.0, 4.0, 11.0, 11.0, 14.0)",105839999.99999996,3,-16.207978899335842,3.0,3.0,9.140378944490553e-08,2.834467120181407e-08,2.8344670398393686e-08
977,"(1.0, 2.0, 4.0, 11.0, 12.0, 12.0)",88199999.99999997,3,-16.485210379076953,3.0,3.0,6.927301648566379e-08,3.401360544217688e-08,3.401360428525152e-08
978,"(1.0, 2.0, 4.0, 11.0, 12.0, 13.0)",176399999.99999994,93,-16.370324005764765,108.0,140.0,7.770672707607516e-08,6.122448979591839e-07,7.936504188069788e-07
979,"(1.0, 2.0, 4.0, 11.0, 12.0, 14.0)",176399999.99999994,6,-16.293690376414077,9.0,21.0,8.38957922737805e-08,5.102040816326532e-08,1.1904761644453703e-07
980,"(1.0, 2.0, 4.0, 11.0, 13.0, 13.0)",88199999.99999997,108,-16.255437632452573,135.0,203.0,8.716720794344651e-08,1.5306122448979597e-06,2.3015849588134582e-06
981,"(1.0, 2.0, 4.0, 11.0, 13.0, 14.0)",176399999.99999994,110,-16.178804003101888,138.0,210.0,9.410976688735554e-08,7.823129251700683e-07,1.190475578462678e-06
982,"(1.0, 2.0, 4.0, 11.0, 14.0, 14.0)",88199999.99999997,5,-16.1021703737512,6.0,8.0,1.0160527602695002e-07,6.802721088435376e-08,9.07029432181036e-08
983,"(1.0, 2.0, 4.0, 12.0, 12.0, 13.0)",67031999.99999999,18,-16.456035482843,20.0,24.0,7.132382008055919e-08,2.983649600190954e-07,3.5803786300126507e-07
984,"(1.0, 2.0, 4.0, 12.0, 12.0, 14.0)",67031999.99999999,1,-16.37940185349231,1.0,1.0,7.700450937526887e-08,1.491824800095477e-08,1.4918247778400645e-08
985,"(1.0, 2.0, 4.0, 12.0, 13.0, 13.0)",67031999.99999999,40,-16.341149109530807,48.0,66.0,8.000720774401562e-08,7.160759040458289e-07,9.846038552983144e-07
986,"(1.0, 2.0, 4.0, 12.0, 13.0, 14.0)",134063999.99999996,63,-16.264515480180123,80.0,118.0,8.637949806746821e-08,5.96729920038191e-07,8.801762759697341e-07
987,"(1.0, 2.0, 4.0, 12.0, 14.0, 14.0)",67031999.99999999,1,-16.187881850829434,1.0,1.0,9.325931871364264e-08,1.491824800095477e-08,1.4918247778400645e-08
988,"(1.0, 2.0, 4.0, 13.0, 13.0, 13.0)",22344000.0,19,-16.226262736218615,24.0,34.0,8.974776286188914e-08,1.0741138560687434e-06,1.5216601423768105e-06
989,"(1.0, 2.0, 4.0, 13.0, 13.0, 14.0)",67031999.99999999,53,-16.14962910686793,66.0,100.0,9.689585385221756e-08,9.846043680630148e-07,1.4918238306497152e-06
990,"(1.0, 2.0, 4.0, 13.0, 14.0, 14.0)",67031999.99999999,23,-16.072995477517246,25.0,29.0,1.0461326493673759e-07,3.7295620002386924e-07,4.3262905293136114e-07
991,"(1.0, 2.0, 6.0, 6.0, 6.0, 9.0)",49139999.99999999,1,-16.70736355859858,1.0,1.0,5.547332520891241e-08,2.0350020350020355e-08,2.0350019935897026e-08
992,"(1.0, 2.0, 6.0, 6.0, 6.0, 13.0)",41277599.99999999,7,-16.333763030278156,9.0,13.0,8.060033506744365e-08,2.1803593232164665e-07,3.149407435915996e-07
993,"(1.0, 2.0, 6.0, 6.0, 7.0, 9.0)",147419999.99999997,3,-16.503383092575383,6.0,18.0,6.802550744810206e-08,4.070004070004071e-08,1.2210012044362882e-07
994,"(1.0, 2.0, 6.0, 6.0, 7.0, 13.0)",123832800.0,26,-16.12978256425496,30.0,40.0,9.883811134092652e-08,2.4226214702405177e-07,3.230161373411212e-07
995,"(1.0, 2.0, 6.0, 6.0, 8.0, 9.0)",136079999.99999988,9,-16.364590326513284,11.0,17.0,7.815355227688613e-08,8.083480305702535e-08,1.249265072811374e-07
996,"(1.0, 2.0, 6.0, 6.0, 8.0, 12.0)",119069999.9999999,3,-16.105876171505052,4.0,6.0,1.0122944423168725e-07,3.359368438733521e-08,5.039052545246718e-08
997,"(1.0, 2.0, 6.0, 6.0, 8.0, 13.0)",119069999.9999999,51,-15.99098979819286,56.0,66.0,1.1355372111740579e-07,4.7031158142269294e-07,5.542955711980474e-07
998,"(1.0, 2.0, 6.0, 6.0, 8.0, 14.0)",119069999.9999999,3,-15.914356168842174,4.0,6.0,1.2259787224668475e-07,3.359368438733521e-08,5.039052545246718e-08
999,"(1.0, 2.0, 6.0, 6.0, 9.0, 9.0)",68039999.99999994,2,-17.00945044564778,2.0,2.0,4.1009977522206324e-08,2.939447383891831e-08,2.9394472974883217e-08
1000,"(1.0, 2.0, 6.0, 6.0, 9.0, 11.0)",136079999.99999988,6,-16.66502481356131,6.0,6.0,5.787242525516682e-08,4.4091710758377465e-08,4.409170881429851e-08
1001,"(1.0, 2.0, 6.0, 6.0, 9.0, 12.0)",119069999.9999999,7,-16.750736290639548,8.0,10.0,5.311872732053298e-08,6.718736877467042e-08,8.39842064541955e-08
1002,"(1.0, 2.0, 6.0, 6.0, 9.0, 13.0)",119069999.9999999,287,-16.635849917327356,335.0,445.0,5.958571830605011e-08,2.813471067439324e-06,3.7372894724715946e-06
1003,"(1.0, 2.0, 6.0, 6.0, 9.0, 14.0)",119069999.9999999,16,-16.559216287976668,18.0,22.0,6.433150942767606e-08,1.5117157974300844e-07,1.8476524127749713e-07
1004,"(1.0, 2.0, 6.0, 6.0, 11.0, 11.0)",68039999.99999994,1,-16.32059918147484,1.0,1.0,8.166835992780819e-08,1.4697236919459155e-08,1.469723670345038e-08
1005,"(1.0, 2.0, 6.0, 6.0, 11.0, 12.0)",119069999.9999999,2,-16.40631065855308,3.0,5.0,7.496004051312988e-08,2.5195263290501407e-08,4.1992104849367724e-08
1006,"(1.0, 2.0, 6.0, 6.0, 11.0, 13.0)",119069999.9999999,52,-16.291424285240886,62.0,82.0,8.408612336046919e-08,5.207021080036958e-07,6.886702588096866e-07
1007,"(1.0, 2.0, 6.0, 6.0, 11.0, 14.0)",119069999.9999999,1,-16.214790655890198,1.0,1.0,9.07832848454813e-08,8.398421096833803e-09,8.398421026300325e-09
1008,"(1.0, 2.0, 6.0, 6.0, 12.0, 12.0)",47627999.99999997,1,-16.492022135631313,1.0,1.0,6.88027490535758e-08,2.09960527420845e-08,2.099605230125027e-08
1009,"(1.0, 2.0, 6.0, 6.0, 12.0, 13.0)",95255999.99999994,30,-16.37713576231912,37.0,55.0,7.717920647928446e-08,3.884269757285633e-07,5.773912995318083e-07
1010,"(1.0, 2.0, 6.0, 6.0, 12.0, 14.0)",95255999.99999994,2,-16.300502132968436,2.0,2.0,8.332625653249019e-08,2.09960527420845e-08,2.099605230125027e-08
1011,"(1.0, 2.0, 6.0, 6.0, 13.0, 13.0)",47627999.99999997,27,-16.262249389006932,34.0,50.0,8.65754638398773e-08,7.138657932308731e-07,1.0498021274998543e-06
1012,"(1.0, 2.0, 6.0, 6.0, 13.0, 14.0)",95255999.99999994,33,-16.185615759656244,38.0,48.0,9.347089246476341e-08,3.9892500209960553e-07,5.039051066688707e-07
1013,"(1.0, 2.0, 6.0, 6.0, 14.0, 14.0)",47627999.99999997,1,-16.10898213030556,1.0,1.0,1.0091551752258816e-07,2.09960527420845e-08,2.099605230125027e-08
1014,"(1.0, 2.0, 6.0, 7.0, 7.0, 9.0)",147419999.99999997,8,-16.299402626552187,8.0,8.0,8.341792467180847e-08,5.4266720933387614e-08,5.4266717988510615e-08
1015,"(1.0, 2.0, 6.0, 7.0, 7.0, 11.0)",147419999.99999997,1,-15.95497699446572,1.0,1.0,1.1771763610200172e-07,6.783340116673452e-09,6.7833400706597485e-09
1016,"(1.0, 2.0, 6.0, 7.0, 7.0, 13.0)",123832800.0,43,-15.925802098231763,55.0,85.0,1.2120262583607175e-07,4.4414726954409496e-07,6.864092193013496e-07
1017,"(1.0, 2.0, 6.0, 7.0, 8.0, 8.0)",136079999.99999988,1,-15.515749741355592,1.0,1.0,1.8263983441304027e-07,7.348618459729577e-09,7.348618405727384e-09
1018,"(1.0, 2.0, 6.0, 7.0, 8.0, 9.0)",272159999.99999976,10,-16.160609860490087,10.0,10.0,9.583768473379358e-08,3.6743092298647885e-08,3.6743090948593054e-08
1019,"(1.0, 2.0, 6.0, 7.0, 8.0, 12.0)",238139999.9999998,4,-15.901895705481856,5.0,7.0,1.241350556617351e-07,2.0996052742084508e-08,2.9394473398084078e-08
1020,"(1.0, 2.0, 6.0, 7.0, 8.0, 13.0)",238139999.9999998,130,-15.787009332169664,157.0,227.0,1.392479984306179e-07,6.592760561014535e-07,9.532203598457184e-07
1021,"(1.0, 2.0, 6.0, 7.0, 8.0, 14.0)",238139999.9999998,4,-15.710375702818975,6.0,12.0,1.5033860761421338e-07,2.5195263290501407e-08,5.039052594620152e-08
1022,"(1.0, 2.0, 6.0, 7.0, 9.0, 9.0)",136079999.99999988,7,-16.805469979624583,7.0,7.0,5.02894773456837e-08,5.144032921810704e-08,5.144032657199957e-08
1023,"(1.0, 2.0, 6.0, 7.0, 9.0, 11.0)",272159999.99999976,11,-16.461044347538113,16.0,30.0,7.096746193614854e-08,5.878894767783662e-08,1.1022927343980329e-07
1024,"(1.0, 2.0, 6.0, 7.0, 9.0, 12.0)",238139999.9999998,29,-16.54675582461635,37.0,55.0,6.513812480806687e-08,1.5537079029142534e-07,2.309565560228471e-07
1025,"(1.0, 2.0, 6.0, 7.0, 9.0, 13.0)",238139999.9999998,699,-16.43186945130416,813.0,1079.0,7.306842900013334e-08,3.413958175862941e-06,4.53093652663141e-06
1026,"(1.0, 2.0, 6.0, 7.0, 9.0, 14.0)",238139999.9999998,28,-16.35523582195347,29.0,31.0,7.888807020742545e-08,1.2177710590409015e-07,1.3017551217126042e-07
1027,"(1.0, 2.0, 6.0, 7.0, 11.0, 12.0)",238139999.9999998,2,-16.20233019252988,2.0,2.0,9.192156365302412e-08,8.398421096833803e-09,8.398421026300325e-09
1028,"(1.0, 2.0, 6.0, 7.0, 11.0, 13.0)",238139999.9999998,141,-16.08744381921769,167.0,231.0,1.0311264358857369e-07,7.012681615856225e-07,9.700171449072697e-07
1029,"(1.0, 2.0, 6.0, 7.0, 11.0, 14.0)",238139999.9999998,4,-16.010810189867,5.0,7.0,1.1132519992559024e-07,2.0996052742084508e-08,2.9394473398084078e-08
1030,"(1.0, 2.0, 6.0, 7.0, 12.0, 12.0)",95255999.99999994,1,-16.288041669608116,1.0,1.0,8.437103599915387e-08,1.049802637104225e-08,1.0498026260833694e-08
1031,"(1.0, 2.0, 6.0, 7.0, 12.0, 13.0)",190511999.99999988,60,-16.173155296295924,74.0,122.0,9.464286962108549e-08,3.884269757285633e-07,6.403794577580618e-07
1032,"(1.0, 2.0, 6.0, 7.0, 13.0, 13.0)",95255999.99999994,61,-16.058268922983736,72.0,96.0,1.0616525759152213e-07,7.55857898715042e-07,1.0078099602988932e-06
1033,"(1.0, 2.0, 6.0, 7.0, 13.0, 14.0)",190511999.99999988,78,-15.981635293633047,90.0,120.0,1.1462094380671744e-07,4.724111866969013e-07,6.298813590902057e-07
1034,"(1.0, 2.0, 6.0, 8.0, 8.0, 9.0)",115919999.99999996,6,-16.021817094427988,8.0,12.0,1.101065730329549e-07,6.901311249137339e-08,1.0351966397425039e-07
1035,"(1.0, 2.0, 6.0, 8.0, 8.0, 12.0)",105839999.99999996,2,-15.763102939419756,2.0,2.0,1.4261702596566605e-07,1.889644746787605e-08,1.8896447110800323e-08
1036,"(1.0, 2.0, 6.0, 8.0, 8.0, 13.0)",105839999.99999996,98,-15.648216566107564,113.0,151.0,1.599800741376562e-07,1.0676492819349966e-06,1.4266806439496523e-06
1037,"(1.0, 2.0, 6.0, 8.0, 8.0, 14.0)",105839999.99999996,3,-15.571582936756878,3.0,3.0,1.7272191961780789e-07,2.834467120181407e-08,2.8344670398393686e-08
1038,"(1.0, 2.0, 6.0, 8.0, 9.0, 9.0)",115919999.99999996,2,-16.666677213562483,3.0,5.0,5.7776875824288e-08,2.587991718426502e-08,4.313319463733825e-08
1039,"(1.0, 2.0, 6.0, 8.0, 9.0, 11.0)",231839999.9999999,10,-16.322251581476017,11.0,13.0,8.153352256307845e-08,4.7446514837819206e-08,5.6073151648069104e-08
1040,"(1.0, 2.0, 6.0, 8.0, 9.0, 12.0)",211679999.9999999,20,-16.40796305855425,27.0,43.0,7.483627882216734e-08,1.275510204081633e-07,2.031367940104047e-07
1041,"(1.0, 2.0, 6.0, 8.0, 9.0, 13.0)",211679999.9999999,921,-16.29307668524206,1087.0,1473.0,8.394729418238525e-08,5.135109599395316e-06,6.958590410694756e-06
1042,"(1.0, 2.0, 6.0, 8.0, 9.0, 14.0)",211679999.9999999,31,-16.216443055891375,37.0,49.0,9.063339841576856e-08,1.7479213907785344e-07,2.3148145092918971e-07
1043,"(1.0, 2.0, 6.0, 8.0, 11.0, 11.0)",115919999.99999996,1,-15.977825949389546,1.0,1.0,1.1505840713439062e-07,8.626639061421674e-09,8.626638987002772e-09
1044,"(1.0, 2.0, 6.0, 8.0, 11.0, 12.0)",211679999.9999999,4,-16.063537426467782,5.0,7.0,1.0560739639921896e-07,2.362055933484506e-08,3.306878251085226e-08
1045,"(1.0, 2.0, 6.0, 8.0, 11.0, 13.0)",211679999.9999999,203,-15.94865105315559,237.0,313.0,1.1846467131841087e-07,1.1196145124716559e-06,1.478645760824644e-06
1046,"(1.0, 2.0, 6.0, 8.0, 11.0, 14.0)",211679999.9999999,11,-15.872017423804904,12.0,14.0,1.2789996221280884e-07,5.668934240362814e-08,6.613756292388462e-08
1047,"(1.0, 2.0, 6.0, 8.0, 12.0, 13.0)",176399999.99999994,107,-16.034362530233828,136.0,226.0,1.087338666927117e-07,7.709750566893427e-07,1.2811785439194578e-06
1048,"(1.0, 2.0, 6.0, 8.0, 12.0, 14.0)",176399999.99999994,1,-15.95772890088314,2.0,4.0,1.1739413351235222e-07,1.1337868480725628e-08,2.2675736832903994e-08
1049,"(1.0, 2.0, 6.0, 8.0, 13.0, 13.0)",88199999.99999997,95,-15.919476156921634,112.0,148.0,1.21971776770621e-07,1.2698412698412704e-06,1.6780029226505423e-06
1050,"(1.0, 2.0, 6.0, 8.0, 13.0, 14.0)",176399999.99999994,127,-15.842842527570948,139.0,165.0,1.316863961751196e-07,7.879818594104312e-07,9.353735287444535e-07
1051,"(1.0, 2.0, 6.0, 8.0, 14.0, 14.0)",88199999.99999997,1,-15.766208898220263,1.0,1.0,1.4217475055891353e-07,1.1337868480725628e-08,1.1337868352178366e-08
1052,"(1.0, 2.0, 6.0, 9.0, 9.0, 9.0)",38639999.99999999,4,-17.31153733269698,4.0,4.0,3.031760310091643e-08,1.0351966873706006e-07,1.0351965802073825e-07
1053,"(1.0, 2.0, 6.0, 9.0, 9.0, 11.0)",115919999.99999996,4,-16.96711170061051,4.0,4.0,4.278356939902086e-08,3.4506556245686694e-08,3.450655505498427e-08
1054,"(1.0, 2.0, 6.0, 9.0, 9.0, 12.0)",105839999.99999996,12,-17.052823177688744,13.0,15.0,3.926928492603304e-08,1.2282690854119431e-07,1.417233409226209e-07
1055,"(1.0, 2.0, 6.0, 9.0, 9.0, 13.0)",105839999.99999996,534,-16.937936804376555,640.0,890.0,4.405016211256505e-08,6.046863189720335e-06,8.408882558650405e-06
1056,"(1.0, 2.0, 6.0, 9.0, 9.0, 14.0)",105839999.99999996,19,-16.861303175025867,21.0,25.0,4.7558601285627243e-08,1.984126984126985e-07,2.362055539808517e-07
1057,"(1.0, 2.0, 6.0, 9.0, 11.0, 11.0)",115919999.99999996,4,-16.62268606852404,5.0,7.0,6.037528113380124e-08,4.3133195307108364e-08,6.038647156947919e-08
1058,"(1.0, 2.0, 6.0, 9.0, 11.0, 12.0)",211679999.9999999,27,-16.708397545602278,30.0,36.0,5.541599615545027e-08,1.4172335600907035e-07,1.7006800712537478e-07
1059,"(1.0, 2.0, 6.0, 9.0, 11.0, 13.0)",211679999.9999999,814,-16.593511172290086,979.0,1393.0,6.216267036374252e-08,4.6249055177626625e-06,6.580666440936785e-06
1060,"(1.0, 2.0, 6.0, 9.0, 11.0, 14.0)",211679999.9999999,19,-16.516877542939397,25.0,39.0,6.711370657670793e-08,1.1810279667422529e-07,1.8424034886352087e-07
1061,"(1.0, 2.0, 6.0, 9.0, 12.0, 12.0)",88199999.99999997,9,-16.794109022680512,12.0,20.0,5.0864071723247365e-08,1.3605442176870752e-07,2.2675735110370685e-07
1062,"(1.0, 2.0, 6.0, 9.0, 12.0, 13.0)",176399999.99999994,478,-16.67922264936832,573.0,803.0,5.7056567475941854e-08,3.2482993197278923e-06,4.552143643562869e-06
1063,"(1.0, 2.0, 6.0, 9.0, 12.0, 14.0)",176399999.99999994,35,-16.602589020017636,44.0,64.0,6.160092070446155e-08,2.494331065759638e-07,3.6281172916634544e-07
1064,"(1.0, 2.0, 6.0, 9.0, 13.0, 13.0)",88199999.99999997,537,-16.56433627605613,625.0,825.0,6.40029746310851e-08,7.086167800453517e-06,9.353691282824547e-06
1065,"(1.0, 2.0, 6.0, 9.0, 13.0, 14.0)",176399999.99999994,593,-16.487702646705443,689.0,907.0,6.910058455166592e-08,3.905895691609979e-06,5.141708099987918e-06
1066,"(1.0, 2.0, 6.0, 9.0, 14.0, 14.0)",88199999.99999997,23,-16.411069017354755,27.0,35.0,7.460420102197644e-08,3.0612244897959194e-07,3.9682530311444315e-07
1067,"(1.0, 2.0, 6.0, 11.0, 11.0, 13.0)",105839999.99999996,97,-16.249085540203616,116.0,160.0,8.772266437696203e-08,1.0959939531368108e-06,1.5117145962273384e-06
1068,"(1.0, 2.0, 6.0, 11.0, 11.0, 14.0)",105839999.99999996,4,-16.172451910852928,5.0,7.0,9.470946345568168e-08,4.724111866969012e-08,6.613756390584288e-08
1069,"(1.0, 2.0, 6.0, 11.0, 12.0, 13.0)",176399999.99999994,85,-16.33479701728185,103.0,151.0,8.0517038439727e-08,5.839002267573699e-07,8.5600872935531e-07
1070,"(1.0, 2.0, 6.0, 11.0, 12.0, 14.0)",176399999.99999994,5,-16.258163387931166,7.0,13.0,8.692993496980132e-08,3.96825396825397e-08,7.369614355001262e-08
1071,"(1.0, 2.0, 6.0, 11.0, 13.0, 13.0)",88199999.99999997,112,-16.219910643969662,135.0,197.0,9.031966339021139e-08,1.5306122448979597e-06,2.2335577479291048e-06
1072,"(1.0, 2.0, 6.0, 11.0, 13.0, 14.0)",176399999.99999994,107,-16.143277014618974,132.0,194.0,9.751330422917712e-08,7.482993197278914e-07,1.0997726826785139e-06
1073,"(1.0, 2.0, 6.0, 11.0, 14.0, 14.0)",88199999.99999997,3,-16.06664338526829,3.0,3.0,1.052798930462197e-07,3.401360544217688e-08,3.401360428525152e-08
1074,"(1.0, 2.0, 6.0, 12.0, 12.0, 13.0)",67031999.99999999,19,-16.420508494360085,21.0,25.0,7.39032897045368e-08,3.1328320802005017e-07,3.729561018775008e-07
1075,"(1.0, 2.0, 6.0, 12.0, 12.0, 14.0)",67031999.99999999,2,-16.343874865009404,3.0,5.0,7.978942460581055e-08,4.4754744002864305e-08,7.459123800178674e-08
1076,"(1.0, 2.0, 6.0, 12.0, 13.0, 13.0)",67031999.99999999,46,-16.305622121047897,56.0,80.0,8.290071739958138e-08,8.354218880534671e-07,1.1934591421466505e-06
1077,"(1.0, 2.0, 6.0, 12.0, 13.0, 14.0)",134063999.99999996,36,-16.22898849169721,41.0,59.0,8.950346550426285e-08,3.0582408401957283e-07,4.400882224997954e-07
1078,"(1.0, 2.0, 6.0, 12.0, 14.0, 14.0)",67031999.99999999,2,-16.152354862346524,2.0,2.0,9.66320990765418e-08,2.983649600190954e-08,2.9836495111693046e-08
1079,"(1.0, 2.0, 6.0, 13.0, 13.0, 13.0)",22344000.0,23,-16.190735747735705,25.0,29.0,9.299354565732391e-08,1.1188686000716075e-06,1.2978863242161207e-06
1080,"(1.0, 2.0, 6.0, 13.0, 13.0, 14.0)",67031999.99999999,41,-16.11410211838502,50.0,74.0,1.004001517350124e-07,7.459124000477385e-07,1.1039497956853443e-06
1081,"(1.0, 2.0, 6.0, 13.0, 14.0, 14.0)",67031999.99999999,41,-16.03746848903433,44.0,50.0,1.0839666771668752e-07,6.564029120420098e-07,7.459119691829556e-07
1082,"(1.0, 2.0, 6.0, 14.0, 14.0, 14.0)",22344000.0,2,-15.960834859683647,3.0,5.0,1.1703007783388061e-07,1.3426423200859292e-07,2.2377370198743753e-07
1083,"(1.0, 2.0, 7.0, 7.0, 7.0, 9.0)",49139999.99999999,3,-16.09542216052899,4.0,6.0,1.0229324877672278e-07,8.140008140008142e-08,1.2210011547414886e-07
1084,"(1.0, 2.0, 7.0, 7.0, 7.0, 11.0)",49139999.99999999,1,-15.75099652844252,1.0,1.0,1.4435409994393435e-07,2.0350020350020355e-08,2.0350019935897026e-08
1085,"(1.0, 2.0, 7.0, 7.0, 7.0, 12.0)",41277599.99999999,1,-15.836708005520755,1.0,1.0,1.3249671218570982e-07,2.4226214702405182e-08,2.4226214115495702e-08
1086,"(1.0, 2.0, 7.0, 7.0, 7.0, 13.0)",41277599.99999999,16,-15.721821632208565,18.0,22.0,1.486276529393376e-07,4.360718646432933e-07,5.329765332942429e-07
1087,"(1.0, 2.0, 7.0, 7.0, 8.0, 8.0)",68039999.99999994,1,-15.311769275332397,1.0,1.0,2.2396651668878676e-07,1.4697236919459155e-08,1.469723670345038e-08
1088,"(1.0, 2.0, 7.0, 7.0, 8.0, 9.0)",136079999.99999988,15,-15.95662939446689,19.0,27.0,1.1752328010111998e-07,1.3962375073486196e-07,1.984126789179068e-07
1089,"(1.0, 2.0, 7.0, 7.0, 8.0, 11.0)",136079999.99999988,1,-15.61220376238042,1.0,1.0,1.6584640261534576e-07,7.348618459729577e-09,7.348618405727384e-09
1090,"(1.0, 2.0, 7.0, 7.0, 8.0, 12.0)",119069999.9999999,1,-15.697915239458656,1.0,1.0,1.5222361597554413e-07,8.398421096833803e-09,8.398421026300325e-09
1091,"(1.0, 2.0, 7.0, 7.0, 8.0, 13.0)",119069999.9999999,83,-15.583028866146464,103.0,151.0,1.7075622776716994e-07,8.650373729738817e-07,1.2681608373322475e-06
1092,"(1.0, 2.0, 7.0, 7.0, 8.0, 14.0)",119069999.9999999,1,-15.50639523679578,1.0,1.0,1.84356355662539e-07,8.398421096833803e-09,8.398421026300325e-09
1093,"(1.0, 2.0, 7.0, 7.0, 9.0, 9.0)",68039999.99999994,4,-16.601489513601386,4.0,4.0,6.166868856079227e-08,5.878894767783662e-08,5.878894422169625e-08
1094,"(1.0, 2.0, 7.0, 7.0, 9.0, 11.0)",136079999.99999988,4,-16.257063881514917,5.0,7.0,8.702556755575137e-08,3.6743092298647885e-08,5.1440327868052207e-08
1095,"(1.0, 2.0, 7.0, 7.0, 9.0, 12.0)",119069999.9999999,17,-16.34277535859315,19.0,23.0,7.987720183708534e-08,1.5957000083984224e-07,1.931636597645923e-07
1096,"(1.0, 2.0, 7.0, 7.0, 9.0, 13.0)",119069999.9999999,437,-16.227888985280963,530.0,764.0,8.960192925970694e-08,4.451163181321916e-06,6.416373905127359e-06
1097,"(1.0, 2.0, 7.0, 7.0, 9.0, 14.0)",119069999.9999999,19,-16.151255355930275,20.0,22.0,9.673840512087145e-08,1.6796842193667606e-07,1.847652359169529e-07
1098,"(1.0, 2.0, 7.0, 7.0, 11.0, 13.0)",119069999.9999999,94,-15.883463353194491,113.0,161.0,1.2644437444505493e-07,9.490215839422197e-07,1.3521448959482755e-06
1099,"(1.0, 2.0, 7.0, 7.0, 11.0, 14.0)",119069999.9999999,2,-15.806829723843808,2.0,2.0,1.3651522039070023e-07,1.6796842193667606e-08,1.67968419115337e-08
1100,"(1.0, 2.0, 7.0, 7.0, 12.0, 12.0)",47627999.99999997,4,-16.08406120358492,6.0,12.0,1.034620246064217e-07,1.2597631645250702e-07,2.519526170349817e-07
1101,"(1.0, 2.0, 7.0, 7.0, 12.0, 13.0)",95255999.99999994,38,-15.969174830272728,46.0,62.0,1.160581091555793e-07,4.829092130679435e-07,6.508774018033115e-07
1102,"(1.0, 2.0, 7.0, 7.0, 12.0, 14.0)",95255999.99999994,1,-15.892541200922045,1.0,1.0,1.2530172590941608e-07,1.049802637104225e-08,1.0498026260833694e-08
1103,"(1.0, 2.0, 7.0, 7.0, 13.0, 13.0)",47627999.99999997,44,-15.854288456960536,47.0,53.0,1.301877162370195e-07,9.868144788779715e-07,1.1127898215276628e-06
1104,"(1.0, 2.0, 7.0, 7.0, 13.0, 14.0)",95255999.99999994,51,-15.777654827609853,59.0,77.0,1.4055670607933255e-07,6.193835558914928e-07,8.08347646934264e-07
1105,"(1.0, 2.0, 7.0, 8.0, 8.0, 9.0)",115919999.99999996,8,-15.817836628404793,8.0,8.0,1.350208496737977e-07,6.901311249137339e-08,6.901310772856369e-08
1106,"(1.0, 2.0, 7.0, 8.0, 8.0, 12.0)",105839999.99999996,3,-15.559122473396558,3.0,3.0,1.748875793098289e-07,2.834467120181407e-08,2.8344670398393686e-08
1107,"(1.0, 2.0, 7.0, 8.0, 8.0, 13.0)",105839999.99999996,129,-15.444236100084366,153.0,211.0,1.9617943730278931e-07,1.4455782312925176e-06,1.9935731181645e-06
1108,"(1.0, 2.0, 7.0, 8.0, 8.0, 14.0)",105839999.99999996,2,-15.36760247073368,2.0,2.0,2.1180443366542606e-07,1.889644746787605e-08,1.8896447110800323e-08
1109,"(1.0, 2.0, 7.0, 8.0, 9.0, 9.0)",115919999.99999996,4,-16.462696747539287,5.0,7.0,7.085029213431259e-08,4.3133195307108364e-08,6.038647156947919e-08
1110,"(1.0, 2.0, 7.0, 8.0, 9.0, 11.0)",231839999.9999999,18,-16.118271115452817,21.0,29.0,9.998245508984968e-08,9.057971014492758e-08,1.2508625818593037e-07
1111,"(1.0, 2.0, 7.0, 8.0, 9.0, 12.0)",211679999.9999999,30,-16.203982592531055,40.0,64.0,9.17697978845461e-08,1.8896447467876048e-07,3.023431237784441e-07
1112,"(1.0, 2.0, 7.0, 8.0, 9.0, 13.0)",211679999.9999999,1136,-16.08909621921886,1356.0,1894.0,1.0294240094939213e-07,6.40589569160998e-06,8.947426840539696e-06
1113,"(1.0, 2.0, 7.0, 8.0, 9.0, 14.0)",211679999.9999999,32,-16.01246258986818,36.0,44.0,1.1114139806402174e-07,1.7006802721088442e-07,2.0786089322350263e-07
1114,"(1.0, 2.0, 7.0, 8.0, 11.0, 12.0)",211679999.9999999,4,-15.859556960444586,4.0,4.0,1.2950362545015683e-07,1.889644746787605e-08,1.8896447110800323e-08
1115,"(1.0, 2.0, 7.0, 8.0, 11.0, 13.0)",211679999.9999999,246,-15.744670587132394,295.0,401.0,1.45270169955718e-07,1.3936130007558586e-06,1.8943669164973778e-06
1116,"(1.0, 2.0, 7.0, 8.0, 11.0, 14.0)",211679999.9999999,4,-15.668036957781707,5.0,7.0,1.5684042374156392e-07,2.362055933484506e-08,3.306878251085226e-08
1117,"(1.0, 2.0, 7.0, 8.0, 12.0, 12.0)",88199999.99999997,1,-15.94526843752282,1.0,1.0,1.1886607027399776e-07,1.1337868480725628e-08,1.1337868352178366e-08
1118,"(1.0, 2.0, 7.0, 8.0, 12.0, 13.0)",176399999.99999994,120,-15.830382064210628,144.0,202.0,1.3333753530566553e-07,8.163265306122452e-07,1.1451240501642838e-06
1119,"(1.0, 2.0, 7.0, 8.0, 12.0, 14.0)",176399999.99999994,5,-15.753748434859943,5.0,5.0,1.4395739706486886e-07,2.8344671201814068e-08,2.8344670398393682e-08
1120,"(1.0, 2.0, 7.0, 8.0, 13.0, 13.0)",88199999.99999997,129,-15.715495690898438,160.0,236.0,1.495708428856737e-07,1.8140589569161003e-06,2.675733670641349e-06
1121,"(1.0, 2.0, 7.0, 8.0, 13.0, 14.0)",176399999.99999994,128,-15.638862061547751,163.0,239.0,1.6148363001655992e-07,9.240362811791386e-07,1.3548744296036635e-06
1122,"(1.0, 2.0, 7.0, 8.0, 14.0, 14.0)",88199999.99999997,2,-15.562228432197063,2.0,2.0,1.7434522838958327e-07,2.2675736961451256e-08,2.2675736447262208e-08
1123,"(1.0, 2.0, 7.0, 9.0, 9.0, 9.0)",38639999.99999999,1,-17.107556866673782,1.0,1.0,3.717769446455772e-08,2.5879917184265014e-08,2.58799165144949e-08
1124,"(1.0, 2.0, 7.0, 9.0, 9.0, 11.0)",115919999.99999996,5,-16.763131234587313,5.0,5.0,5.246438730415066e-08,4.3133195307108364e-08,4.3133193446635826e-08
1125,"(1.0, 2.0, 7.0, 9.0, 9.0, 12.0)",105839999.99999996,17,-16.848842711665547,20.0,26.0,4.815491092623967e-08,1.8896447467876048e-07,2.4565378137481593e-07
1126,"(1.0, 2.0, 7.0, 9.0, 9.0, 13.0)",105839999.99999996,691,-16.73395633835336,821.0,1133.0,5.401757726967791e-08,7.756991685563117e-06,1.070477731963177e-05
1127,"(1.0, 2.0, 7.0, 9.0, 9.0, 14.0)",105839999.99999996,22,-16.65732270900267,23.0,25.0,5.8319885707103464e-08,2.1730914588057455e-07,2.362055461251857e-07
1128,"(1.0, 2.0, 7.0, 9.0, 11.0, 12.0)",211679999.9999999,37,-16.50441707957908,42.0,52.0,6.795520630897628e-08,1.984126984126985e-07,2.4565377771478974e-07
1129,"(1.0, 2.0, 7.0, 9.0, 11.0, 13.0)",211679999.9999999,989,-16.38953070626689,1182.0,1642.0,7.622847882108392e-08,5.583900226757372e-06,7.756960505621374e-06
1130,"(1.0, 2.0, 7.0, 9.0, 11.0, 14.0)",211679999.9999999,41,-16.3128970769162,46.0,56.0,8.229980678840022e-08,2.1730914588057455e-07,2.645502173269998e-07
1131,"(1.0, 2.0, 7.0, 9.0, 12.0, 12.0)",88199999.99999997,17,-16.590128556657316,19.0,23.0,6.237329882101001e-08,2.1541950113378692e-07,2.60770928651128e-07
1132,"(1.0, 2.0, 7.0, 9.0, 12.0, 13.0)",176399999.99999994,549,-16.475242183345124,627.0,801.0,6.996699659125979e-08,3.5544217687074843e-06,4.540803692616504e-06
1133,"(1.0, 2.0, 7.0, 9.0, 12.0, 14.0)",176399999.99999994,33,-16.39860855399444,37.0,47.0,7.553961970749239e-08,2.0975056689342412e-07,2.66439865301752e-07
1134,"(1.0, 2.0, 7.0, 9.0, 13.0, 13.0)",88199999.99999997,643,-16.360355810032935,758.0,1034.0,7.848519646282309e-08,8.594104308390026e-06,1.1723282150441435e-05
1135,"(1.0, 2.0, 7.0, 9.0, 13.0, 14.0)",176399999.99999994,648,-16.283722180682247,759.0,1027.0,8.473626398607078e-08,4.3027210884353755e-06,5.821976951443845e-06
1136,"(1.0, 2.0, 7.0, 9.0, 14.0, 14.0)",88199999.99999997,20,-16.20708855133156,24.0,32.0,9.148520686596247e-08,2.7210884353741504e-07,3.6281171733999737e-07
1137,"(1.0, 2.0, 7.0, 11.0, 11.0, 12.0)",105839999.99999996,4,-16.15999144749261,5.0,7.0,9.589697033328416e-08,4.724111866969012e-08,6.613756390584288e-08
1138,"(1.0, 2.0, 7.0, 11.0, 11.0, 13.0)",105839999.99999996,115,-16.04510507418042,138.0,196.0,1.0757204001146953e-07,1.3038548752834473e-06,1.8518501518143168e-06
1139,"(1.0, 2.0, 7.0, 11.0, 11.0, 14.0)",105839999.99999996,4,-15.968471444829731,4.0,4.0,1.1613977145677108e-07,3.77928949357521e-08,3.779289350744919e-08
1140,"(1.0, 2.0, 7.0, 11.0, 12.0, 12.0)",88199999.99999997,1,-16.245702924570846,1.0,1.0,8.801989886442849e-08,1.1337868480725628e-08,1.1337868352178366e-08
1141,"(1.0, 2.0, 7.0, 11.0, 12.0, 13.0)",176399999.99999994,108,-16.130816551258654,127.0,171.0,9.873596683547633e-08,7.199546485260774e-07,9.693872367673452e-07
1142,"(1.0, 2.0, 7.0, 11.0, 12.0, 14.0)",176399999.99999994,5,-16.05418292190797,7.0,11.0,1.0659993639251293e-07,3.96825396825397e-08,6.235827506928699e-08
1143,"(1.0, 2.0, 7.0, 11.0, 13.0, 13.0)",88199999.99999997,128,-16.015930177946466,149.0,193.0,1.1075667289679234e-07,1.6893424036281184e-06,2.1882057629022896e-06
1144,"(1.0, 2.0, 7.0, 11.0, 13.0, 14.0)",176399999.99999994,130,-15.939296548595776,160.0,224.0,1.1957804905600312e-07,9.070294784580502e-07,1.2698404471387956e-06
1145,"(1.0, 2.0, 7.0, 11.0, 14.0, 14.0)",88199999.99999997,1,-15.862662919245093,1.0,1.0,1.2910201653821891e-07,1.1337868480725628e-08,1.1337868352178366e-08
1146,"(1.0, 2.0, 7.0, 12.0, 12.0, 13.0)",67031999.99999999,24,-16.21652802833689,26.0,30.0,9.06256974014516e-08,3.8787444802482403e-07,4.4754728958205565e-07
1147,"(1.0, 2.0, 7.0, 12.0, 12.0, 14.0)",67031999.99999999,2,-16.139894398986208,2.0,2.0,9.7843712763956e-08,2.983649600190954e-08,2.9836495111693046e-08
1148,"(1.0, 2.0, 7.0, 12.0, 13.0, 13.0)",67031999.99999999,44,-16.1016416550247,54.0,74.0,1.0165901084314666e-07,8.055853920515575e-07,1.103949703102829e-06
1149,"(1.0, 2.0, 7.0, 12.0, 13.0, 14.0)",134063999.99999996,61,-16.025008025674012,74.0,104.0,1.097557904878035e-07,5.519751760353266e-07,7.757485913730532e-07
1150,"(1.0, 2.0, 7.0, 12.0, 14.0, 14.0)",67031999.99999999,4,-15.948374396323327,4.0,4.0,1.1849744991311489e-07,5.967299200381908e-08,5.96729884429531e-08
1151,"(1.0, 2.0, 7.0, 13.0, 13.0, 13.0)",22344000.0,20,-15.986755281712508,22.0,26.0,1.1403558573267889e-07,9.846043680630146e-07,1.1636223746287102e-06
1152,"(1.0, 2.0, 7.0, 13.0, 13.0, 14.0)",67031999.99999999,57,-15.910121652361822,62.0,74.0,1.2311811566946408e-07,9.249313760591957e-07,1.1039494965726026e-06
1153,"(1.0, 2.0, 7.0, 13.0, 14.0, 14.0)",67031999.99999999,33,-15.833488023011135,40.0,58.0,1.329240369013664e-07,5.967299200381908e-07,8.652580279687791e-07
1154,"(1.0, 2.0, 7.0, 14.0, 14.0, 14.0)",22344000.0,2,-15.75685439366045,2.0,2.0,1.4351096497928306e-07,8.950948800572861e-08,8.950947999378016e-08
1155,"(1.0, 2.0, 8.0, 8.0, 8.0, 9.0)",30359999.99999999,3,-15.679043862342692,4.0,6.0,1.5512356216528546e-07,1.317523056653492e-07,1.9762844113935374e-07
1156,"(1.0, 2.0, 8.0, 8.0, 8.0, 12.0)",28979999.99999999,1,-15.420329707334458,1.0,1.0,2.009258891982014e-07,3.4506556245686694e-08,3.450655505498427e-08
1157,"(1.0, 2.0, 8.0, 8.0, 8.0, 13.0)",28979999.99999999,38,-15.305443334022266,45.0,63.0,2.2538780648701238e-07,1.5527950310559013e-06,2.173910632305853e-06
1158,"(1.0, 2.0, 8.0, 8.0, 9.0, 9.0)",45539999.99999999,2,-16.323903981477187,3.0,5.0,8.139890781963058e-08,6.587615283267458e-08,1.0979358371479013e-07
1159,"(1.0, 2.0, 8.0, 8.0, 9.0, 11.0)",91079999.99999996,6,-15.979478349390718,7.0,9.0,1.1486844161504303e-07,7.685551163812037e-08,9.881422334224224e-08
1160,"(1.0, 2.0, 8.0, 8.0, 9.0, 12.0)",86939999.99999997,23,-16.065189826468952,28.0,38.0,1.0543303483448366e-07,3.2206119162640913e-07,4.37082942055287e-07
1161,"(1.0, 2.0, 8.0, 8.0, 9.0, 13.0)",86939999.99999997,651,-15.950303453156762,779.0,1085.0,1.1826908193583703e-07,8.960202438463312e-06,1.2479790890295615e-05
1162,"(1.0, 2.0, 8.0, 8.0, 9.0, 14.0)",86939999.99999997,29,-15.873669823806075,39.0,65.0,1.276887948296387e-07,4.48585231193927e-07,7.476418507611686e-07
1163,"(1.0, 2.0, 8.0, 8.0, 11.0, 12.0)",86939999.99999997,1,-15.720764194382486,1.0,1.0,1.4878490056669908e-07,1.1502185415228897e-08,1.1502185282928627e-08
1164,"(1.0, 2.0, 8.0, 8.0, 11.0, 13.0)",86939999.99999997,118,-15.605877821070294,145.0,209.0,1.6689886261514542e-07,1.6678168852081902e-06,2.4039539701696767e-06
1165,"(1.0, 2.0, 8.0, 8.0, 11.0, 14.0)",86939999.99999997,3,-15.529244191719608,3.0,3.0,1.8019176505764207e-07,3.4506556245686694e-08,3.450655505498427e-08
1166,"(1.0, 2.0, 8.0, 8.0, 12.0, 13.0)",75599999.99999997,82,-15.691589298148529,98.0,142.0,1.5318962587574527e-07,1.2962962962962969e-06,1.8783051979227911e-06
1167,"(1.0, 2.0, 8.0, 8.0, 12.0, 14.0)",75599999.99999997,4,-15.614955668797844,4.0,4.0,1.653906362365193e-07,5.291005291005293e-08,5.2910050110579236e-08
1168,"(1.0, 2.0, 8.0, 8.0, 13.0, 13.0)",37799999.99999999,81,-15.576702924836338,96.0,130.0,1.7183984547974972e-07,2.5396825396825403e-06,3.4391469891660374e-06
1169,"(1.0, 2.0, 8.0, 8.0, 13.0, 14.0)",75599999.99999997,96,-15.500069295485652,109.0,137.0,1.8552627968249973e-07,1.4417989417989424e-06,1.8121672333851243e-06
1170,"(1.0, 2.0, 8.0, 8.0, 14.0, 14.0)",37799999.99999999,1,-15.423435666134964,1.0,1.0,2.003027898258054e-07,2.645502645502646e-08,2.6455025755158035e-08
1171,"(1.0, 2.0, 8.0, 9.0, 9.0, 9.0)",30359999.99999999,4,-16.968764100611683,4.0,4.0,4.271293220541757e-08,1.317523056653492e-07,1.3175228830667914e-07
1172,"(1.0, 2.0, 8.0, 9.0, 9.0, 11.0)",91079999.99999996,3,-16.624338468525213,4.0,6.0,6.027559939891545e-08,4.391743522178307e-08,6.58761509039335e-08
1173,"(1.0, 2.0, 8.0, 9.0, 9.0, 12.0)",86939999.99999997,24,-16.71004994560345,29.0,43.0,5.5324502376316424e-08,3.33563377041638e-07,4.945938615903162e-07
1174,"(1.0, 2.0, 8.0, 9.0, 9.0, 13.0)",86939999.99999997,683,-16.595163572291256,811.0,1117.0,6.20600375857146e-08,9.328272371750636e-06,1.2847854092145237e-05
1175,"(1.0, 2.0, 8.0, 9.0, 9.0, 14.0)",86939999.99999997,23,-16.518529942940575,25.0,29.0,6.700289946193242e-08,2.8755463538072245e-07,3.335632943539697e-07
1176,"(1.0, 2.0, 8.0, 9.0, 11.0, 11.0)",91079999.99999996,3,-16.279912836438747,3.0,3.0,8.505966917526929e-08,3.2938076416337305e-08,3.293807533142043e-08
1177,"(1.0, 2.0, 8.0, 9.0, 11.0, 12.0)",173879999.99999994,23,-16.36562431351698,28.0,38.0,7.807278428326281e-08,1.6103059581320456e-07,2.1854149695849626e-07
1178,"(1.0, 2.0, 8.0, 9.0, 11.0, 13.0)",173879999.99999994,1151,-16.25073794020479,1350.0,1830.0,8.75778311404174e-08,7.763975155279505e-06,1.052443937562423e-05
1179,"(1.0, 2.0, 8.0, 9.0, 11.0, 14.0)",173879999.99999994,41,-16.174104310854105,47.0,61.0,9.455309476554733e-08,2.703013572578791e-07,3.508165821016576e-07
1180,"(1.0, 2.0, 8.0, 9.0, 12.0, 12.0)",75599999.99999997,12,-16.451335790595216,15.0,23.0,7.165980898868916e-08,1.984126984126985e-07,3.0423276486520544e-07
1181,"(1.0, 2.0, 8.0, 9.0, 12.0, 13.0)",151199999.99999994,659,-16.336449417283024,802.0,1148.0,8.038410194769227e-08,5.304232804232806e-06,7.592564457706954e-06
1182,"(1.0, 2.0, 8.0, 9.0, 12.0, 14.0)",151199999.99999994,32,-16.25981578793234,38.0,52.0,8.678641055768148e-08,2.513227513227514e-07,3.4391528075221873e-07
1183,"(1.0, 2.0, 8.0, 9.0, 13.0, 13.0)",75599999.99999997,761,-16.221563043970832,910.0,1260.0,9.017054241599903e-08,1.2037037037037042e-05,1.6666521776406044e-05
1184,"(1.0, 2.0, 8.0, 9.0, 13.0, 14.0)",151199999.99999994,837,-16.144929414620147,983.0,1323.0,9.735230629827774e-08,6.501322751322754e-06,8.749957732802485e-06
1185,"(1.0, 2.0, 8.0, 9.0, 14.0, 14.0)",75599999.99999997,19,-16.068295785269463,24.0,42.0,1.0510607220115927e-07,3.174603174603176e-07,5.555554547745026e-07
1186,"(1.0, 2.0, 8.0, 11.0, 11.0, 13.0)",86939999.99999997,147,-15.90631230811832,169.0,217.0,1.2358800937988789e-07,1.9438693351736837e-06,2.4959704564766783e-06
1187,"(1.0, 2.0, 8.0, 11.0, 11.0, 14.0)",86939999.99999997,2,-15.829678678767634,2.0,2.0,1.3343135597918416e-07,2.3004370830457794e-08,2.3004370301256715e-08
1188,"(1.0, 2.0, 8.0, 11.0, 12.0, 12.0)",75599999.99999997,1,-16.106910158508747,2.0,4.0,1.0112482839698785e-07,2.6455026455026466e-08,5.291005221018451e-08
1189,"(1.0, 2.0, 8.0, 11.0, 12.0, 13.0)",151199999.99999994,146,-15.992023785196556,174.0,244.0,1.1343636872642801e-07,1.1507936507936513e-06,1.6137552894305877e-06
1190,"(1.0, 2.0, 8.0, 11.0, 12.0, 14.0)",151199999.99999994,6,-15.91539015584587,7.0,9.0,1.2247117315399663e-07,4.6296296296296315e-08,5.9523807380462496e-08
1191,"(1.0, 2.0, 8.0, 11.0, 13.0, 13.0)",75599999.99999997,147,-15.877137411884364,177.0,249.0,1.2724678947609904e-07,2.3412698412698424e-06,3.2936453121063252e-06
1192,"(1.0, 2.0, 8.0, 11.0, 13.0, 14.0)",151199999.99999994,171,-15.800503782533678,206.0,290.0,1.373815449329238e-07,1.362433862433863e-06,1.9179875617633895e-06
1193,"(1.0, 2.0, 8.0, 11.0, 14.0, 14.0)",75599999.99999997,4,-15.723870153182991,8.0,22.0,1.4832349771545345e-07,1.0582010582010586e-07,2.9100527980739634e-07
1194,"(1.0, 2.0, 8.0, 12.0, 12.0, 12.0)",19950000.0,2,-16.19262163558698,2.0,2.0,9.281833552458097e-08,1.0025062656641604e-07,1.0025061651622791e-07
1195,"(1.0, 2.0, 8.0, 12.0, 12.0, 13.0)",59849999.99999998,52,-16.077735262274793,64.0,96.0,1.041185938215474e-07,1.0693400167084382e-06,1.6040088815745858e-06
1196,"(1.0, 2.0, 8.0, 12.0, 13.0, 13.0)",59849999.99999998,68,-15.9628488889626,81.0,109.0,1.1679461302670614e-07,1.353383458646617e-06,1.8212178843097728e-06
1197,"(1.0, 2.0, 8.0, 12.0, 13.0, 14.0)",119699999.99999996,93,-15.886215259611914,111.0,153.0,1.2609688970161178e-07,9.273182957393487e-07,1.2781946288025833e-06
1198,"(1.0, 2.0, 8.0, 12.0, 14.0, 14.0)",59849999.99999998,3,-15.809581630261228,3.0,3.0,1.3614005971991766e-07,5.012531328320804e-08,5.012531077066101e-08
1199,"(1.0, 2.0, 8.0, 13.0, 13.0, 13.0)",19950000.0,34,-15.847962515650408,38.0,46.0,1.3101388648638304e-07,1.9047619047619047e-06,2.305760782909655e-06
1200,"(1.0, 2.0, 8.0, 13.0, 13.0, 14.0)",59849999.99999998,80,-15.771328886299722,90.0,112.0,1.4144867785875861e-07,1.5037593984962412e-06,1.8713427679474383e-06
1201,"(1.0, 2.0, 8.0, 13.0, 14.0, 14.0)",59849999.99999998,52,-15.694695256949036,58.0,72.0,1.527145633533311e-07,9.69089390142022e-07,1.2030065796627467e-06
1202,"(1.0, 2.0, 9.0, 9.0, 9.0, 11.0)",30359999.99999999,2,-17.26919858765971,2.0,2.0,3.1628773158377594e-08,6.58761528326746e-08,6.587614849300709e-08
1203,"(1.0, 2.0, 9.0, 9.0, 9.0, 12.0)",28979999.99999999,5,-17.354910064737943,6.0,8.0,2.9030754620618937e-08,2.0703933747412016e-07,2.760524071002063e-07
1204,"(1.0, 2.0, 9.0, 9.0, 9.0, 13.0)",28979999.99999999,257,-17.240023691425755,307.0,435.0,3.2565132003220965e-08,1.0593512767425815e-05,1.5010239744360959e-05
1205,"(1.0, 2.0, 9.0, 9.0, 9.0, 14.0)",28979999.99999999,2,-17.163390062075067,2.0,2.0,3.515882926372325e-08,6.901311249137339e-08,6.901310772856369e-08
1206,"(1.0, 2.0, 9.0, 9.0, 11.0, 11.0)",45539999.99999999,2,-16.92477295557324,2.0,2.0,4.463386524729694e-08,4.3917435221783056e-08,4.391743329304194e-08
1207,"(1.0, 2.0, 9.0, 9.0, 11.0, 12.0)",86939999.99999997,19,-17.010484432651477,23.0,31.0,4.0967595653353186e-08,2.6455026455026466e-07,3.565676778852533e-07
1208,"(1.0, 2.0, 9.0, 9.0, 11.0, 13.0)",86939999.99999997,697,-16.895598059339285,825.0,1139.0,4.595523532683111e-08,9.48930296756384e-06,1.3100899141074904e-05
1209,"(1.0, 2.0, 9.0, 9.0, 11.0, 14.0)",86939999.99999997,23,-16.818964429988597,28.0,40.0,4.961540682440559e-08,3.2206119162640913e-07,4.6008731288574476e-07
1210,"(1.0, 2.0, 9.0, 9.0, 12.0, 12.0)",37799999.99999999,10,-17.096195909729712,12.0,18.0,3.7602477050053173e-08,3.1746031746031754e-07,4.7619037540942313e-07
1211,"(1.0, 2.0, 9.0, 9.0, 12.0, 13.0)",75599999.99999997,433,-16.98130953641752,492.0,622.0,4.2180427094835395e-08,6.5079365079365105e-06,8.22747087427564e-06
1212,"(1.0, 2.0, 9.0, 9.0, 12.0, 14.0)",75599999.99999997,23,-16.904675907066835,23.0,23.0,4.553994850540008e-08,3.0423280423280433e-07,3.0423271167520517e-07
1213,"(1.0, 2.0, 9.0, 9.0, 13.0, 13.0)",37799999.99999999,407,-16.86642316310533,486.0,674.0,4.731572410866485e-08,1.2857142857142859e-05,1.7830522524565385e-05
1214,"(1.0, 2.0, 9.0, 9.0, 13.0, 14.0)",75599999.99999997,514,-16.789789533754643,605.0,829.0,5.108425371226627e-08,8.002645502645506e-06,1.096554442327343e-05
1215,"(1.0, 2.0, 9.0, 9.0, 14.0, 14.0)",37799999.99999999,13,-16.713155904403955,15.0,19.0,5.5152933332395064e-08,3.968253968253969e-07,5.026453451751071e-07
1216,"(1.0, 2.0, 9.0, 11.0, 11.0, 11.0)",30359999.99999999,1,-16.58034732348677,1.0,1.0,6.298638005774774e-08,3.29380764163373e-08,3.293807533142042e-08
1217,"(1.0, 2.0, 9.0, 11.0, 11.0, 12.0)",86939999.99999997,16,-16.666058800565008,16.0,16.0,5.7812616845468245e-08,1.8403496664366235e-07,1.840349327747934e-07
1218,"(1.0, 2.0, 9.0, 11.0, 11.0, 13.0)",86939999.99999997,496,-16.551172427252816,620.0,924.0,6.485106996451122e-08,7.1313549574419166e-06,1.0627968467447973e-05
1219,"(1.0, 2.0, 9.0, 11.0, 11.0, 14.0)",86939999.99999997,18,-16.474538797902127,19.0,21.0,7.001622767033467e-08,2.1854152288934906e-07,2.4154584595940966e-07
1220,"(1.0, 2.0, 9.0, 11.0, 12.0, 12.0)",75599999.99999997,11,-16.751770277643242,13.0,17.0,5.306383163243567e-08,1.7195767195767203e-07,2.24867695298284e-07
1221,"(1.0, 2.0, 9.0, 11.0, 12.0, 13.0)",151199999.99999994,595,-16.63688390433105,701.0,969.0,5.9524139289153773e-08,4.636243386243388e-06,6.408708663977425e-06
1222,"(1.0, 2.0, 9.0, 11.0, 12.0, 14.0)",151199999.99999994,35,-16.560250274980366,42.0,58.0,6.426502586049508e-08,2.7777777777777787e-07,3.835978064373899e-07
1223,"(1.0, 2.0, 9.0, 11.0, 13.0, 13.0)",75599999.99999997,631,-16.52199753101886,727.0,953.0,6.67709633683672e-08,9.616402116402121e-06,1.2605727630630447e-05
1224,"(1.0, 2.0, 9.0, 11.0, 13.0, 14.0)",151199999.99999994,768,-16.445363901668173,913.0,1255.0,7.208903377423883e-08,6.038359788359791e-06,8.30022808847562e-06
1225,"(1.0, 2.0, 9.0, 11.0, 14.0, 14.0)",75599999.99999997,23,-16.368730272317485,24.0,26.0,7.783066962555389e-08,3.174603174603176e-07,3.439152431342909e-07
1226,"(1.0, 2.0, 9.0, 12.0, 12.0, 12.0)",19950000.0,5,-16.83748175472148,5.0,5.0,4.8705116307776855e-08,2.506265664160401e-07,2.506265036023643e-07
1227,"(1.0, 2.0, 9.0, 12.0, 12.0, 13.0)",59849999.99999998,156,-16.722595381409285,181.0,259.0,5.4634767939118056e-08,3.0242272347535515e-06,4.327476234166593e-06
1228,"(1.0, 2.0, 9.0, 12.0, 12.0, 14.0)",59849999.99999998,13,-16.645961752058604,16.0,22.0,5.898623342428297e-08,2.6733500417710955e-07,3.675855592755212e-07
1229,"(1.0, 2.0, 9.0, 12.0, 13.0, 13.0)",59849999.99999998,345,-16.607709008097096,408.0,558.0,6.128633076038144e-08,6.8170426065162936e-06,9.323261798606796e-06
1230,"(1.0, 2.0, 9.0, 12.0, 13.0, 14.0)",119699999.99999996,407,-16.531075378746408,467.0,595.0,6.616756963218201e-08,3.901420217209693e-06,4.970745012838419e-06
1231,"(1.0, 2.0, 9.0, 12.0, 14.0, 14.0)",59849999.99999998,20,-16.454441749395723,24.0,36.0,7.143758186711175e-08,4.010025062656643e-07,6.015035985954864e-07
1232,"(1.0, 2.0, 9.0, 13.0, 13.0, 13.0)",19950000.0,194,-16.492822634784904,229.0,311.0,6.874769454967546e-08,1.1478696741854637e-05,1.5588840670598805e-05
1233,"(1.0, 2.0, 9.0, 13.0, 13.0, 14.0)",59849999.99999998,419,-16.41618900543422,484.0,656.0,7.422320458297416e-08,8.086883876357564e-06,1.096066977357066e-05
1234,"(1.0, 2.0, 9.0, 13.0, 14.0, 14.0)",59849999.99999998,206,-16.33955537608353,239.0,321.0,8.013481956962676e-08,3.9933166248955736e-06,5.3633925747255935e-06
1235,"(1.0, 2.0, 9.0, 14.0, 14.0, 14.0)",19950000.0,2,-16.262921746732847,2.0,2.0,8.651727372236961e-08,1.0025062656641604e-07,1.0025061651622791e-07
1236,"(1.0, 2.0, 11.0, 11.0, 11.0, 12.0)",28979999.99999999,1,-16.321633168478538,1.0,1.0,8.158395954699751e-08,3.4506556245686694e-08,3.450655505498427e-08
1237,"(1.0, 2.0, 11.0, 11.0, 11.0, 13.0)",28979999.99999999,34,-16.206746795166346,40.0,56.0,9.151647784265485e-08,1.3802622498274677e-06,1.932365244634577e-06
1238,"(1.0, 2.0, 11.0, 11.0, 11.0, 14.0)",28979999.99999999,1,-16.130113165815658,1.0,1.0,9.880544070783947e-08,3.4506556245686694e-08,3.450655505498427e-08
1239,"(1.0, 2.0, 11.0, 11.0, 12.0, 12.0)",37799999.99999999,1,-16.407344645556773,1.0,1.0,7.488257286261673e-08,2.645502645502646e-08,2.6455025755158035e-08
1240,"(1.0, 2.0, 11.0, 11.0, 12.0, 13.0)",75599999.99999997,74,-16.29245827224458,90.0,132.0,8.399922433569673e-08,1.190476190476191e-06,1.7460303287981865e-06
1241,"(1.0, 2.0, 11.0, 11.0, 12.0, 14.0)",75599999.99999997,7,-16.215824642893896,8.0,10.0,9.068946462160298e-08,1.0582010582010586e-07,1.3227512107723755e-07
1242,"(1.0, 2.0, 11.0, 11.0, 13.0, 13.0)",37799999.99999999,63,-16.177571898932392,77.0,111.0,9.422579138598414e-08,2.0370370370370375e-06,2.9365037869880467e-06
1243,"(1.0, 2.0, 11.0, 11.0, 13.0, 14.0)",75599999.99999997,81,-16.100938269581704,97.0,135.0,1.0173054146537318e-07,1.2830687830687835e-06,1.7857126394487842e-06
1244,"(1.0, 2.0, 11.0, 12.0, 12.0, 12.0)",19950000.0,1,-16.49305612263501,2.0,4.0,6.873164467207389e-08,1.0025062656641604e-07,2.0050124308264396e-07
1245,"(1.0, 2.0, 11.0, 12.0, 12.0, 13.0)",59849999.99999998,30,-16.378169749322815,37.0,51.0,7.709944542588199e-08,6.182121971595658e-07,8.52129943628216e-07
1246,"(1.0, 2.0, 11.0, 12.0, 12.0, 14.0)",59849999.99999998,3,-16.301536119972134,3.0,3.0,8.32401427940842e-08,5.012531328320804e-08,5.012531077066101e-08
1247,"(1.0, 2.0, 11.0, 12.0, 13.0, 13.0)",59849999.99999998,80,-16.263283376010627,95.0,129.0,8.648599219965604e-08,1.587301587301588e-06,2.155385951651616e-06
1248,"(1.0, 2.0, 11.0, 12.0, 13.0, 14.0)",119699999.99999996,66,-16.18664974665994,73.0,89.0,9.337429472574079e-08,6.098579782790312e-07,7.435251084408322e-07
1249,"(1.0, 2.0, 11.0, 12.0, 14.0, 14.0)",59849999.99999998,1,-16.110016117309254,1.0,1.0,1.0081122611626983e-07,1.6708437761069347e-08,1.6708437481897455e-08
1250,"(1.0, 2.0, 11.0, 13.0, 13.0, 13.0)",19950000.0,35,-16.148397002698434,45.0,69.0,9.701531321583335e-08,2.255639097744361e-06,3.458641528633614e-06
1251,"(1.0, 2.0, 11.0, 13.0, 13.0, 14.0)",59849999.99999998,91,-16.07176337334775,102.0,126.0,1.0474223881496122e-07,1.7042606516290734e-06,2.105260253390369e-06
1252,"(1.0, 2.0, 11.0, 13.0, 14.0, 14.0)",59849999.99999998,58,-15.995129743997063,72.0,116.0,1.1308458663183374e-07,1.203007518796993e-06,1.938177333056954e-06
1253,"(1.0, 2.0, 11.0, 14.0, 14.0, 14.0)",19950000.0,1,-15.918496114646375,1.0,1.0,1.2209137286328555e-07,5.012531328320802e-08,5.012531077066099e-08
1254,"(1.0, 2.0, 12.0, 12.0, 12.0, 13.0)",14363999.999999998,3,-16.463881226401053,5.0,9.0,7.076642114244385e-08,3.480924533556113e-07,6.265662948717443e-07
1255,"(1.0, 2.0, 12.0, 12.0, 12.0, 14.0)",14363999.999999998,1,-16.38724759705037,1.0,1.0,7.640271558874135e-08,6.961849067112226e-08,6.961848582438802e-08
1256,"(1.0, 2.0, 12.0, 12.0, 13.0, 13.0)",21546000.0,3,-16.34899485308886,3.0,3.0,7.938194773147398e-08,1.392369813422445e-07,1.3923696195530754e-07
1257,"(1.0, 2.0, 12.0, 12.0, 13.0, 14.0)",43091999.99999999,14,-16.272361223738177,16.0,20.0,8.57044383126295e-08,3.7129861691265207e-07,4.6412313327815216e-07
1258,"(1.0, 2.0, 12.0, 13.0, 13.0, 13.0)",14363999.999999998,19,-16.234108479776673,23.0,31.0,8.904637996258615e-08,1.601225285435812e-06,2.1581706468823754e-06
1259,"(1.0, 2.0, 12.0, 13.0, 13.0, 14.0)",43091999.99999999,36,-16.157474850425984,43.0,61.0,9.613860829268357e-08,9.978650329527524e-07,1.415574981244862e-06
1260,"(1.0, 2.0, 12.0, 13.0, 14.0, 14.0)",43091999.99999999,20,-16.080841221075296,25.0,37.0,1.0379570745422153e-07,5.801540889260188e-07,8.586277150317411e-07
1261,"(1.0, 2.0, 13.0, 13.0, 13.0, 13.0)",3590999.9999999995,4,-16.119222106464477,4.0,4.0,9.988741787066866e-08,1.113895850737956e-06,1.1138946099739897e-06
1262,"(1.0, 2.0, 13.0, 13.0, 13.0, 14.0)",14363999.999999998,13,-16.042588477113792,15.0,21.0,1.0784309641863719e-07,1.0442773600668338e-06,1.4619872135783626e-06
1263,"(1.0, 2.0, 13.0, 13.0, 14.0, 14.0)",21546000.0,20,-15.965954847763108,21.0,23.0,1.1643241654537351e-07,9.746588693957115e-07,1.0674825736639628e-06
1264,"(1.0, 2.0, 13.0, 14.0, 14.0, 14.0)",14363999.999999998,14,-15.88932121841242,16.0,20.0,1.2570584555519687e-07,1.113895850737956e-06,1.3923685726584789e-06
1265,"(1.0, 2.0, 14.0, 14.0, 14.0, 14.0)",3590999.9999999995,2,-15.812687589061737,2.0,2.0,1.3571787029421428e-07,5.56947925368978e-07,5.569476151779864e-07
1266,"(1.0, 3.0, 3.0, 3.0, 4.0, 13.0)",29752800.0,3,-15.76825440335984,5.0,9.0,1.4188422860929527e-07,1.6805141028743513e-07,3.0249251027610675e-07
1267,"(1.0, 3.0, 3.0, 3.0, 6.0, 13.0)",29752800.0,1,-15.732727414876928,2.0,4.0,1.4701555861105032e-07,6.722056411497405e-08,1.3444112371134386e-07
1268,"(1.0, 3.0, 3.0, 3.0, 8.0, 13.0)",26564999.99999999,2,-15.38995418279163,2.0,2.0,2.07122758589896e-07,7.528703180877097e-08,7.528702614063381e-08
1269,"(1.0, 3.0, 3.0, 3.0, 9.0, 12.0)",26564999.99999999,1,-16.149700675238318,1.0,1.0,9.688891942200596e-08,3.7643515904385486e-08,3.764351448735119e-08
1270,"(1.0, 3.0, 3.0, 3.0, 9.0, 13.0)",26564999.99999999,8,-16.034814301926126,13.0,27.0,1.0868475490423907e-07,4.893657067570113e-07,1.0163746899396131e-06
1271,"(1.0, 3.0, 3.0, 3.0, 11.0, 13.0)",26564999.99999999,2,-15.690388669839658,2.0,2.0,1.5337366013345956e-07,7.528703180877097e-08,7.528702614063381e-08
1272,"(1.0, 3.0, 3.0, 3.0, 12.0, 13.0)",21252000.0,2,-15.776100146917893,2.0,2.0,1.4077539682949446e-07,9.410878976096367e-08,9.410878090449936e-08
1273,"(1.0, 3.0, 3.0, 4.0, 6.0, 13.0)",109544399.99999994,2,-15.969528820711815,2.0,2.0,1.1601703296527788e-07,1.825743716703e-08,1.825743683369599e-08
1274,"(1.0, 3.0, 3.0, 4.0, 7.0, 13.0)",109544399.99999994,2,-15.76554835468862,2.0,2.0,1.4226869419427271e-07,1.825743716703e-08,1.825743683369599e-08
1275,"(1.0, 3.0, 3.0, 4.0, 8.0, 13.0)",101429999.99999996,5,-15.62675558862652,6.0,8.0,1.63450509172007e-07,5.915409642117719e-08,7.887212506236247e-08
1276,"(1.0, 3.0, 3.0, 4.0, 9.0, 13.0)",101429999.99999996,23,-16.271615707761015,27.0,37.0,8.576835616363438e-08,2.6619343389529735e-07,3.6478352373831514e-07
1277,"(1.0, 3.0, 3.0, 4.0, 11.0, 13.0)",101429999.99999996,2,-15.927190075674549,2.0,2.0,1.2103451601871047e-07,1.9718032140392398e-08,1.9718031751591606e-08
1278,"(1.0, 3.0, 3.0, 4.0, 11.0, 14.0)",101429999.99999996,1,-15.85055644632386,1.0,1.0,1.3067448592864053e-07,9.859016070196199e-09,9.859015972996002e-09
1279,"(1.0, 3.0, 3.0, 4.0, 13.0, 13.0)",40571999.99999999,2,-15.898015179440591,2.0,2.0,1.2461770083077932e-07,4.9295080350980984e-08,4.929507792097604e-08
1280,"(1.0, 3.0, 3.0, 4.0, 13.0, 14.0)",81143999.99999997,1,-15.821381550089905,1.0,1.0,1.3454305870198066e-07,1.2323770087745248e-08,1.2323769935869939e-08
1281,"(1.0, 3.0, 3.0, 6.0, 6.0, 13.0)",54772199.99999997,2,-15.934001832228905,4.0,8.0,1.2021285999837705e-07,7.302974866812e-08,1.460594920028958e-07
1282,"(1.0, 3.0, 3.0, 6.0, 7.0, 12.0)",109544399.99999994,1,-15.8449077395179,1.0,1.0,1.3141471649111398e-07,9.128718583515e-09,9.128718500181496e-09
1283,"(1.0, 3.0, 3.0, 6.0, 7.0, 13.0)",109544399.99999994,2,-15.730021366205708,2.0,2.0,1.474139286293124e-07,1.825743716703e-08,1.825743683369599e-08
1284,"(1.0, 3.0, 3.0, 6.0, 8.0, 13.0)",101429999.99999996,3,-15.591228600143609,4.0,6.0,1.6936179691510063e-07,3.9436064280784795e-08,5.9154094865974025e-08
1285,"(1.0, 3.0, 3.0, 6.0, 9.0, 9.0)",57959999.99999997,1,-16.609689247598528,1.0,1.0,6.116508923056439e-08,1.725327812284335e-08,1.7253277825167746e-08
1286,"(1.0, 3.0, 3.0, 6.0, 9.0, 11.0)",115919999.99999994,1,-16.265263615512062,1.0,1.0,8.631489868056371e-08,8.626639061421675e-09,8.626638987002773e-09
1287,"(1.0, 3.0, 3.0, 6.0, 9.0, 13.0)",101429999.99999996,16,-16.236088719278104,19.0,25.0,8.88702212792813e-08,1.8732130533372779e-07,2.4647536666563353e-07
1288,"(1.0, 3.0, 3.0, 6.0, 9.0, 14.0)",101429999.99999996,1,-16.15945508992742,1.0,1.0,9.594841919506112e-08,9.859016070196199e-09,9.859015972996002e-09
1289,"(1.0, 3.0, 3.0, 6.0, 11.0, 13.0)",101429999.99999996,2,-15.891663087191636,2.0,2.0,1.2541180339858508e-07,1.9718032140392398e-08,1.9718031751591606e-08
1290,"(1.0, 3.0, 3.0, 6.0, 12.0, 13.0)",81143999.99999997,1,-15.977374564269873,1.0,1.0,1.1511035451051865e-07,1.2323770087745248e-08,1.2323769935869939e-08
1291,"(1.0, 3.0, 3.0, 6.0, 13.0, 13.0)",40571999.99999999,1,-15.86248819095768,1.0,1.0,1.291245762833255e-07,2.4647540175490492e-08,2.4647539567989254e-08
1292,"(1.0, 3.0, 3.0, 6.0, 13.0, 14.0)",81143999.99999997,1,-15.785854561606993,1.0,1.0,1.394088907991228e-07,1.2323770087745248e-08,1.2323769935869939e-08
1293,"(1.0, 3.0, 3.0, 7.0, 7.0, 13.0)",54772199.99999997,2,-15.526040900182512,2.0,2.0,1.8076989728238214e-07,3.651487433406e-08,3.651487300072395e-08
1294,"(1.0, 3.0, 3.0, 7.0, 8.0, 13.0)",101429999.99999996,5,-15.387248134120412,5.0,5.0,2.0768400188891436e-07,4.929508035098099e-08,4.9295077920976045e-08
1295,"(1.0, 3.0, 3.0, 7.0, 8.0, 14.0)",101429999.99999996,1,-15.310614504769726,1.0,1.0,2.2422529601590082e-07,9.859016070196199e-09,9.859015972996002e-09
1296,"(1.0, 3.0, 3.0, 7.0, 9.0, 12.0)",101429999.99999996,1,-16.1469946265671,1.0,1.0,9.715146061808186e-08,9.859016070196199e-09,9.859015972996002e-09
1297,"(1.0, 3.0, 3.0, 7.0, 9.0, 13.0)",101429999.99999996,29,-16.032108253254908,36.0,50.0,1.0897925943290959e-07,3.5492457852706317e-07,4.929506775383535e-07
1298,"(1.0, 3.0, 3.0, 7.0, 9.0, 14.0)",101429999.99999996,2,-15.95547462390422,2.0,2.0,1.1765907091393627e-07,1.9718032140392398e-08,1.9718031751591606e-08
1299,"(1.0, 3.0, 3.0, 7.0, 11.0, 13.0)",101429999.99999996,6,-15.687682621168438,7.0,9.0,1.537892587841434e-07,6.901311249137339e-08,8.87311398689561e-08
1300,"(1.0, 3.0, 3.0, 7.0, 12.0, 13.0)",81143999.99999997,1,-15.773394098246674,1.0,1.0,1.4115685779822191e-07,1.2323770087745248e-08,1.2323769935869939e-08
1301,"(1.0, 3.0, 3.0, 7.0, 13.0, 13.0)",40571999.99999999,1,-15.658507724934482,1.0,1.0,1.583421363802289e-07,2.4647540175490492e-08,2.4647539567989254e-08
1302,"(1.0, 3.0, 3.0, 7.0, 13.0, 14.0)",81143999.99999997,1,-15.581874095583796,1.0,1.0,1.7095352592751678e-07,1.2323770087745248e-08,1.2323769935869939e-08
1303,"(1.0, 3.0, 3.0, 7.0, 14.0, 14.0)",40571999.99999999,1,-15.505240466233111,1.0,1.0,1.8456936792157131e-07,2.4647540175490492e-08,2.4647539567989254e-08
1304,"(1.0, 3.0, 3.0, 8.0, 8.0, 13.0)",43469999.99999999,3,-15.248455368058313,4.0,6.0,2.3860523952844165e-07,9.201748332183116e-08,1.3802621651552951e-07
1305,"(1.0, 3.0, 3.0, 8.0, 9.0, 13.0)",86939999.99999997,26,-15.893315487192808,33.0,51.0,1.2520474405404622e-07,3.795721187025536e-07,5.866113121016805e-07
1306,"(1.0, 3.0, 3.0, 8.0, 9.0, 14.0)",86939999.99999997,1,-15.816681857842122,1.0,1.0,1.3517685783582803e-07,1.1502185415228897e-08,1.1502185282928627e-08
1307,"(1.0, 3.0, 3.0, 8.0, 11.0, 13.0)",86939999.99999997,6,-15.54888985510634,6.0,6.0,1.7668632439353363e-07,6.901311249137339e-08,6.901310772856369e-08
1308,"(1.0, 3.0, 3.0, 8.0, 12.0, 13.0)",72449999.99999997,3,-15.634601332184577,3.0,3.0,1.6217313591656407e-07,4.140786749482403e-08,4.140786578021254e-08
1309,"(1.0, 3.0, 3.0, 8.0, 13.0, 13.0)",36224999.99999999,1,-15.519714958872385,1.0,1.0,1.8191706166495192e-07,2.760524499654935e-08,2.7605244234499797e-08
1310,"(1.0, 3.0, 3.0, 8.0, 13.0, 14.0)",72449999.99999997,3,-15.443081329521696,3.0,3.0,1.9640611039450548e-07,4.140786749482403e-08,4.140786578021254e-08
1311,"(1.0, 3.0, 3.0, 9.0, 9.0, 13.0)",43469999.99999999,18,-16.5381756063273,22.0,30.0,6.569942874942896e-08,5.060961582700714e-07,6.901308687804123e-07
1312,"(1.0, 3.0, 3.0, 9.0, 11.0, 12.0)",86939999.99999997,1,-16.308636347553026,1.0,1.0,8.265121208158061e-08,1.1502185415228897e-08,1.1502185282928627e-08
1313,"(1.0, 3.0, 3.0, 9.0, 11.0, 13.0)",86939999.99999997,20,-16.193749974240834,23.0,29.0,9.271366407235024e-08,2.6455026455026466e-07,3.335633070547955e-07
1314,"(1.0, 3.0, 3.0, 9.0, 12.0, 13.0)",72449999.99999997,10,-16.27946145131907,13.0,19.0,8.509807251091485e-08,1.7943409247757081e-07,2.6224979527062534e-07
1315,"(1.0, 3.0, 3.0, 9.0, 12.0, 14.0)",72449999.99999997,1,-16.202827821968384,1.0,1.0,9.18758321565304e-08,1.3802622498274678e-08,1.3802622307762291e-08
1316,"(1.0, 3.0, 3.0, 9.0, 13.0, 13.0)",36224999.99999999,14,-16.164575078006877,16.0,22.0,9.545841989823337e-08,4.416839199447896e-07,6.073151948394006e-07
1317,"(1.0, 3.0, 3.0, 9.0, 13.0, 14.0)",72449999.99999997,13,-16.087941448656192,16.0,22.0,1.0306134446667745e-07,2.2084195997239485e-07,3.0365764619087167e-07
1318,"(1.0, 3.0, 3.0, 11.0, 13.0, 13.0)",36224999.99999999,2,-15.820149445920409,2.0,2.0,1.3470893193114867e-07,5.52104899930987e-08,5.5210486944900496e-08
1319,"(1.0, 3.0, 3.0, 11.0, 13.0, 14.0)",72449999.99999997,2,-15.743515816569722,3.0,5.0,1.4543802056743743e-07,4.140786749482403e-08,6.90131107767619e-08
1320,"(1.0, 3.0, 3.0, 12.0, 12.0, 13.0)",27531000.0,1,-16.020747296310837,1.0,1.0,1.1022442786667095e-07,3.632269078493335e-08,3.6322689465595486e-08
1321,"(1.0, 3.0, 3.0, 12.0, 13.0, 13.0)",27531000.0,1,-15.905860922998643,1.0,1.0,1.236438077606244e-07,3.632269078493335e-08,3.6322689465595486e-08
1322,"(1.0, 3.0, 3.0, 12.0, 13.0, 14.0)",55061999.99999999,3,-15.82922729364796,5.0,11.0,1.334915985030375e-07,9.080672696233339e-08,1.9977479107127177e-07
1323,"(1.0, 3.0, 3.0, 13.0, 13.0, 13.0)",9176999.999999998,1,-15.790974549686451,2.0,4.0,1.3869694307725093e-07,2.1793614470960012e-07,4.358722419230371e-07
1324,"(1.0, 3.0, 3.0, 13.0, 13.0, 14.0)",27531000.0,1,-15.714340920335768,1.0,1.0,1.4974366265645918e-07,3.632269078493335e-08,3.6322689465595486e-08
1325,"(1.0, 3.0, 4.0, 4.0, 6.0, 13.0)",123832800.0,1,-16.206330226546704,2.0,4.0,9.155460867700734e-08,1.6150809801603452e-08,3.2301619342358245e-08
1326,"(1.0, 3.0, 4.0, 4.0, 7.0, 13.0)",123832800.0,1,-16.002349760523508,1.0,1.0,1.1227105443942681e-07,8.075404900801726e-09,8.075404835589561e-09
1327,"(1.0, 3.0, 4.0, 4.0, 8.0, 13.0)",119069999.9999999,3,-15.863556994461408,3.0,3.0,1.2898664120965228e-07,2.5195263290501407e-08,2.5195262655700115e-08
1328,"(1.0, 3.0, 4.0, 4.0, 9.0, 12.0)",119069999.9999999,1,-16.623303486908096,1.0,1.0,6.033801583061211e-08,8.398421096833803e-09,8.398421026300325e-09
1329,"(1.0, 3.0, 4.0, 4.0, 9.0, 13.0)",119069999.9999999,11,-16.508417113595904,14.0,22.0,6.768392609886744e-08,1.1757789535567324e-07,1.8476525030578218e-07
1330,"(1.0, 3.0, 4.0, 4.0, 11.0, 13.0)",119069999.9999999,2,-16.163991481509434,2.0,2.0,9.551414535674695e-08,1.6796842193667606e-08,1.67968419115337e-08
1331,"(1.0, 3.0, 4.0, 4.0, 12.0, 13.0)",95255999.99999994,4,-16.24970295858767,4.0,4.0,8.766851950801637e-08,4.1992105484169e-08,4.199210372083208e-08
1332,"(1.0, 3.0, 4.0, 4.0, 13.0, 13.0)",47627999.99999997,1,-16.13481658527548,1.0,1.0,9.834180845846155e-08,2.09960527420845e-08,2.099605230125027e-08
1333,"(1.0, 3.0, 4.0, 4.0, 13.0, 14.0)",95255999.99999994,3,-16.058182955924792,3.0,3.0,1.061743846987889e-07,3.1494079113126755e-08,3.149407812124974e-08
1334,"(1.0, 3.0, 4.0, 6.0, 6.0, 13.0)",123832800.0,2,-16.170803238063794,3.0,5.0,9.486573715765701e-08,2.422621470240518e-08,4.037702391709915e-08
1335,"(1.0, 3.0, 4.0, 6.0, 7.0, 9.0)",294839999.99999994,1,-16.34042330036102,1.0,1.0,8.006529878800124e-08,3.391670058336726e-09,3.3916700468333e-09
1336,"(1.0, 3.0, 4.0, 6.0, 7.0, 13.0)",247665600.0,4,-15.966822772040596,4.0,4.0,1.1633140586551875e-07,1.6150809801603452e-08,1.6150809540754796e-08
1337,"(1.0, 3.0, 4.0, 6.0, 8.0, 13.0)",238139999.9999998,5,-15.828030005978496,5.0,5.0,1.3365152206605316e-07,2.0996052742084508e-08,2.0996052301250277e-08
1338,"(1.0, 3.0, 4.0, 6.0, 9.0, 12.0)",238139999.9999998,1,-16.587776498425185,1.0,1.0,6.25201771174071e-08,4.199210548416901e-09,4.1992105307835325e-09
1339,"(1.0, 3.0, 4.0, 6.0, 9.0, 13.0)",238139999.9999998,30,-16.47289012511299,34.0,42.0,7.013175672833145e-08,1.4277315864617464e-07,1.7636682264933503e-07
1340,"(1.0, 3.0, 4.0, 6.0, 11.0, 13.0)",238139999.9999998,6,-16.128464493026524,6.0,6.0,9.89684729057987e-08,2.5195263290501407e-08,2.5195262655700115e-08
1341,"(1.0, 3.0, 4.0, 6.0, 12.0, 13.0)",190511999.99999988,3,-16.21417597010476,3.0,3.0,9.083910519446128e-08,1.5747039556563378e-08,1.574703930859412e-08
1342,"(1.0, 3.0, 4.0, 6.0, 13.0, 13.0)",95255999.99999994,1,-16.099289596792566,1.0,1.0,1.0189840017493311e-07,1.049802637104225e-08,1.0498026260833694e-08
1343,"(1.0, 3.0, 4.0, 7.0, 7.0, 13.0)",123832800.0,1,-15.7628423060174,1.0,1.0,1.4265420157076906e-07,8.075404900801726e-09,8.075404835589561e-09
1344,"(1.0, 3.0, 4.0, 7.0, 8.0, 13.0)",238139999.9999998,4,-15.6240495399553,5.0,7.0,1.6389341319481224e-07,2.0996052742084508e-08,2.9394473398084078e-08
1345,"(1.0, 3.0, 4.0, 7.0, 9.0, 13.0)",238139999.9999998,38,-16.268909659089793,49.0,77.0,8.600076382125946e-08,2.0576131687242815e-07,3.2333916989038186e-07
1346,"(1.0, 3.0, 4.0, 7.0, 9.0, 14.0)",238139999.9999998,1,-16.192276029739112,1.0,1.0,9.285041962803528e-08,4.199210548416901e-09,4.1992105307835325e-09
1347,"(1.0, 3.0, 4.0, 7.0, 11.0, 13.0)",238139999.9999998,3,-15.924484027003327,6.0,12.0,1.213624848596432e-07,2.5195263290501407e-08,5.039052594620152e-08
1348,"(1.0, 3.0, 4.0, 7.0, 12.0, 13.0)",190511999.99999988,3,-16.010195504081562,6.0,18.0,1.1139365097933532e-07,3.1494079113126755e-08,9.448223634750323e-08
1349,"(1.0, 3.0, 4.0, 7.0, 13.0, 13.0)",95255999.99999994,3,-15.895309130769371,3.0,3.0,1.2495537907534577e-07,3.1494079113126755e-08,3.149407812124974e-08
1350,"(1.0, 3.0, 4.0, 7.0, 13.0, 14.0)",190511999.99999988,4,-15.818675501418683,4.0,4.0,1.3490763182103384e-07,2.09960527420845e-08,2.099605230125027e-08
1351,"(1.0, 3.0, 4.0, 8.0, 8.0, 13.0)",105839999.99999996,6,-15.4852567738932,6.0,6.0,1.8829484580809884e-07,5.668934240362814e-08,5.66893391899466e-08
1352,"(1.0, 3.0, 4.0, 8.0, 8.0, 14.0)",105839999.99999996,1,-15.408623144542515,1.0,1.0,2.0329186242362613e-07,9.448223733938024e-09,9.448223644669093e-09
1353,"(1.0, 3.0, 4.0, 8.0, 9.0, 12.0)",211679999.9999999,1,-16.245003266339886,1.0,1.0,8.808150426000523e-08,4.724111866969012e-09,4.724111844651779e-09
1354,"(1.0, 3.0, 4.0, 8.0, 9.0, 13.0)",211679999.9999999,32,-16.130116893027697,33.0,35.0,9.880507243969761e-08,1.5589569160997738e-07,1.6534389104044876e-07
1355,"(1.0, 3.0, 4.0, 8.0, 9.0, 14.0)",211679999.9999999,1,-16.05348326367701,1.0,1.0,1.0667454601300377e-07,4.724111866969012e-09,4.724111844651779e-09
1356,"(1.0, 3.0, 4.0, 8.0, 11.0, 13.0)",211679999.9999999,11,-15.785691260941228,13.0,17.0,1.3943165822272096e-07,6.141345427059716e-08,8.030989796686084e-08
1357,"(1.0, 3.0, 4.0, 8.0, 12.0, 13.0)",176399999.99999994,4,-15.871402738019462,4.0,4.0,1.2797860466926345e-07,2.2675736961451256e-08,2.2675736447262208e-08
1358,"(1.0, 3.0, 4.0, 8.0, 13.0, 13.0)",88199999.99999997,5,-15.756516364707272,6.0,8.0,1.4355948404050642e-07,6.802721088435376e-08,9.07029432181036e-08
1359,"(1.0, 3.0, 4.0, 8.0, 13.0, 14.0)",176399999.99999994,5,-15.679882735356584,6.0,8.0,1.549934877607479e-07,3.401360544217688e-08,4.5351472765977154e-08
1360,"(1.0, 3.0, 4.0, 9.0, 9.0, 12.0)",105839999.99999996,1,-16.889863385474385,1.0,1.0,4.621953071342651e-08,9.448223733938024e-09,9.448223644669093e-09
1361,"(1.0, 3.0, 4.0, 9.0, 9.0, 13.0)",105839999.99999996,20,-16.77497701216219,25.0,37.0,5.184657231543852e-08,2.3620559334845058e-07,3.4958422236262455e-07
1362,"(1.0, 3.0, 4.0, 9.0, 9.0, 14.0)",105839999.99999996,1,-16.698343382811508,1.0,1.0,5.5975967908481816e-08,9.448223733938024e-09,9.448223644669093e-09
1363,"(1.0, 3.0, 4.0, 9.0, 11.0, 11.0)",115919999.99999996,1,-16.45972627630968,2.0,4.0,7.106106377927833e-08,1.7253278122843347e-08,3.4506555948011086e-08
1364,"(1.0, 3.0, 4.0, 9.0, 11.0, 13.0)",211679999.9999999,39,-16.430551380075723,46.0,62.0,7.31648018933218e-08,2.1730914588057455e-07,2.9289488852881386e-07
1365,"(1.0, 3.0, 4.0, 9.0, 12.0, 12.0)",88199999.99999997,1,-16.63114923046615,1.0,1.0,5.986647145856385e-08,1.1337868480725628e-08,1.1337868352178366e-08
1366,"(1.0, 3.0, 4.0, 9.0, 12.0, 13.0)",176399999.99999994,14,-16.516262857153958,17.0,23.0,6.715497309982205e-08,9.637188208616783e-08,1.3038547824080506e-07
1367,"(1.0, 3.0, 4.0, 9.0, 13.0, 13.0)",88199999.99999997,16,-16.401376483841766,19.0,27.0,7.53308204436141e-08,2.1541950113378692e-07,3.061224025740305e-07
1368,"(1.0, 3.0, 4.0, 9.0, 13.0, 14.0)",176399999.99999994,21,-16.32474285449108,28.0,44.0,8.133065310502194e-08,1.587301587301588e-07,2.494330813807005e-07
1369,"(1.0, 3.0, 4.0, 11.0, 11.0, 13.0)",105839999.99999996,6,-16.086125747989254,8.0,14.0,1.0324864300614601e-07,7.55857898715042e-08,1.322751265619207e-07
1370,"(1.0, 3.0, 4.0, 11.0, 12.0, 13.0)",176399999.99999994,4,-16.171837225067488,7.0,15.0,9.476769791272738e-08,3.96825396825397e-08,8.503401203073825e-08
1371,"(1.0, 3.0, 4.0, 11.0, 13.0, 13.0)",88199999.99999997,4,-16.056950851755296,5.0,7.0,1.0630528322462015e-07,5.6689342403628135e-08,7.936507615139786e-08
1372,"(1.0, 3.0, 4.0, 11.0, 13.0, 14.0)",176399999.99999994,3,-15.980317222404611,3.0,3.0,1.1477212198484176e-07,1.700680272108844e-08,1.7006802431857102e-08
1373,"(1.0, 3.0, 4.0, 12.0, 13.0, 13.0)",67031999.99999999,3,-16.142662328833534,3.0,3.0,9.757326269709914e-08,4.4754744002864305e-08,4.4754741999877197e-08
1374,"(1.0, 3.0, 4.0, 12.0, 13.0, 14.0)",134063999.99999996,1,-16.06602869948285,1.0,1.0,1.0534462699344817e-07,7.459124000477386e-09,7.459123944838856e-09
1375,"(1.0, 3.0, 4.0, 13.0, 13.0, 14.0)",67031999.99999999,2,-15.951142326170656,2.0,2.0,1.1816991079643498e-07,2.983649600190954e-08,2.9836495111693046e-08
1376,"(1.0, 3.0, 4.0, 13.0, 14.0, 14.0)",67031999.99999999,3,-15.87450869681997,3.0,3.0,1.2758172506072818e-07,4.4754744002864305e-08,4.4754741999877197e-08
1377,"(1.0, 3.0, 6.0, 6.0, 8.0, 13.0)",119069999.9999999,1,-15.792503017495584,1.0,1.0,1.3848511119487924e-07,8.398421096833803e-09,8.398421026300325e-09
1378,"(1.0, 3.0, 6.0, 6.0, 8.0, 14.0)",119069999.9999999,1,-15.7158693881449,1.0,1.0,1.4951495911599196e-07,8.398421096833803e-09,8.398421026300325e-09
1379,"(1.0, 3.0, 6.0, 6.0, 9.0, 11.0)",136079999.99999988,1,-16.466538032864037,2.0,4.0,7.057865799301058e-08,1.4697236919459155e-08,2.9394473622909535e-08
1380,"(1.0, 3.0, 6.0, 6.0, 9.0, 12.0)",119069999.9999999,1,-16.55224950994227,1.0,1.0,6.478125760325182e-08,8.398421096833803e-09,8.398421026300325e-09
1381,"(1.0, 3.0, 6.0, 6.0, 9.0, 13.0)",119069999.9999999,14,-16.437363136630083,17.0,25.0,7.26681146512884e-08,1.4277315864617464e-07,2.0996050703667022e-07
1382,"(1.0, 3.0, 6.0, 6.0, 9.0, 14.0)",119069999.9999999,1,-16.360729507279395,1.0,1.0,7.845587224054894e-08,8.398421096833803e-09,8.398421026300325e-09
1383,"(1.0, 3.0, 6.0, 6.0, 11.0, 13.0)",119069999.9999999,3,-16.092937504543613,4.0,6.0,1.0254772832570736e-07,3.359368438733521e-08,5.039052545246718e-08
1384,"(1.0, 3.0, 6.0, 6.0, 12.0, 13.0)",95255999.99999994,1,-16.178648981621848,1.0,1.0,9.412435705357003e-08,1.049802637104225e-08,1.0498026260833694e-08
1385,"(1.0, 3.0, 6.0, 6.0, 13.0, 14.0)",95255999.99999994,3,-15.987128978958973,3.0,3.0,1.1399297890981362e-07,3.1494079113126755e-08,3.149407812124974e-08
1386,"(1.0, 3.0, 6.0, 7.0, 7.0, 9.0)",147419999.99999997,1,-16.100915845854914,1.0,1.0,1.0173282266881766e-07,6.783340116673452e-09,6.7833400706597485e-09
1387,"(1.0, 3.0, 6.0, 7.0, 8.0, 13.0)",238139999.9999998,5,-15.588522551472389,6.0,8.0,1.6982071883307573e-07,2.5195263290501407e-08,3.359368375253392e-08
1388,"(1.0, 3.0, 6.0, 7.0, 9.0, 13.0)",238139999.9999998,41,-16.233382670606886,47.0,63.0,8.911103410214464e-08,1.9736289577559436e-07,2.6455022559815216e-07
1389,"(1.0, 3.0, 6.0, 7.0, 9.0, 14.0)",238139999.9999998,3,-16.156749041256198,4.0,6.0,9.620841190513953e-08,1.6796842193667606e-08,2.51952630083675e-08
1390,"(1.0, 3.0, 6.0, 7.0, 11.0, 13.0)",238139999.9999998,3,-15.888957038520417,4.0,6.0,1.257516334334615e-07,1.6796842193667606e-08,2.51952630083675e-08
1391,"(1.0, 3.0, 6.0, 7.0, 12.0, 13.0)",190511999.99999988,2,-15.974668515598651,2.0,2.0,1.1542227057206869e-07,1.049802637104225e-08,1.0498026260833694e-08
1392,"(1.0, 3.0, 6.0, 7.0, 13.0, 13.0)",95255999.99999994,6,-15.85978214228646,7.0,9.0,1.2947446686836323e-07,7.348618459729576e-08,9.448223193916093e-08
1393,"(1.0, 3.0, 6.0, 7.0, 13.0, 14.0)",190511999.99999988,3,-15.783148512935774,5.0,11.0,1.3978664892825e-07,2.6245065927605628e-08,5.773914435192889e-08
1394,"(1.0, 3.0, 6.0, 8.0, 8.0, 13.0)",105839999.99999996,8,-15.44972978541029,10.0,14.0,1.9510464419754148e-07,9.448223733938024e-08,1.3227512334823915e-07
1395,"(1.0, 3.0, 6.0, 8.0, 9.0, 12.0)",211679999.9999999,1,-16.20947627785698,1.0,1.0,9.126702579287136e-08,4.724111866969012e-09,4.724111844651779e-09
1396,"(1.0, 3.0, 6.0, 8.0, 9.0, 13.0)",211679999.9999999,34,-16.094589904544783,38.0,46.0,1.0237841838170184e-07,1.7951625094482246e-07,2.173091136544902e-07
1397,"(1.0, 3.0, 6.0, 8.0, 9.0, 14.0)",211679999.9999999,2,-16.017956275194102,5.0,17.0,1.1053249628517504e-07,2.362055933484506e-08,8.030990118054238e-08
1398,"(1.0, 3.0, 6.0, 8.0, 11.0, 13.0)",211679999.9999999,5,-15.750164272458315,7.0,11.0,1.444742895147646e-07,3.306878306878308e-08,5.196522944311471e-08
1399,"(1.0, 3.0, 6.0, 8.0, 11.0, 14.0)",211679999.9999999,1,-15.67353064310763,1.0,1.0,1.559811542463548e-07,4.724111866969012e-09,4.724111844651779e-09
1400,"(1.0, 3.0, 6.0, 8.0, 12.0, 13.0)",176399999.99999994,5,-15.835875749536552,6.0,8.0,1.326070292669716e-07,3.401360544217688e-08,4.5351472765977154e-08
1401,"(1.0, 3.0, 6.0, 8.0, 13.0, 13.0)",88199999.99999997,7,-15.72098937622436,11.0,19.0,1.4875140068067107e-07,1.247165532879819e-07,2.1541948557956826e-07
1402,"(1.0, 3.0, 6.0, 8.0, 13.0, 14.0)",176399999.99999994,3,-15.644355746873677,3.0,3.0,1.6059892214636473e-07,1.700680272108844e-08,1.7006802431857102e-08
1403,"(1.0, 3.0, 6.0, 9.0, 9.0, 11.0)",115919999.99999996,1,-16.768624919913236,1.0,1.0,5.217695472446332e-08,8.626639061421674e-09,8.626638987002772e-09
1404,"(1.0, 3.0, 6.0, 9.0, 9.0, 12.0)",105839999.99999996,1,-16.85433639699147,1.0,1.0,4.7891088341370785e-08,9.448223733938024e-09,9.448223644669093e-09
1405,"(1.0, 3.0, 6.0, 9.0, 9.0, 13.0)",105839999.99999996,28,-16.739450023679282,34.0,48.0,5.372163534829278e-08,3.212396069538928e-07,4.5351463603414006e-07
1406,"(1.0, 3.0, 6.0, 9.0, 11.0, 12.0)",211679999.9999999,1,-16.509910764905005,1.0,1.0,6.758290537769239e-08,4.724111866969012e-09,4.724111844651779e-09
1407,"(1.0, 3.0, 6.0, 9.0, 11.0, 13.0)",211679999.9999999,40,-16.395024391592813,48.0,68.0,7.581085175176994e-08,2.2675736961451257e-07,3.2123955553498814e-07
1408,"(1.0, 3.0, 6.0, 9.0, 11.0, 14.0)",211679999.9999999,1,-16.318390762242124,1.0,1.0,8.184891720427486e-08,4.724111866969012e-09,4.724111844651779e-09
1409,"(1.0, 3.0, 6.0, 9.0, 12.0, 13.0)",176399999.99999994,19,-16.480735868671047,23.0,31.0,6.958367382020343e-08,1.3038548752834472e-07,1.7573694445087187e-07
1410,"(1.0, 3.0, 6.0, 9.0, 12.0, 14.0)",176399999.99999994,1,-16.404102239320363,1.0,1.0,7.512576663730877e-08,5.668934240362814e-09,5.668934208225998e-09
1411,"(1.0, 3.0, 6.0, 9.0, 13.0, 13.0)",88199999.99999997,16,-16.36584949535886,19.0,25.0,7.80552056891618e-08,2.1541950113378692e-07,2.8344666561257924e-07
1412,"(1.0, 3.0, 6.0, 9.0, 13.0, 14.0)",176399999.99999994,25,-16.28921586600817,30.0,40.0,8.427202597239904e-08,1.7006802721088442e-07,2.2675734069137867e-07
1413,"(1.0, 3.0, 6.0, 9.0, 14.0, 14.0)",88199999.99999997,1,-16.212582236657482,1.0,1.0,9.098399394108317e-08,1.1337868480725628e-08,1.1337868352178366e-08
1414,"(1.0, 3.0, 6.0, 11.0, 11.0, 13.0)",105839999.99999996,4,-16.050598759506343,6.0,10.0,1.0698269339843323e-07,5.668934240362814e-08,9.44822341256987e-08
1415,"(1.0, 3.0, 6.0, 11.0, 12.0, 13.0)",176399999.99999994,2,-16.136310236584578,2.0,2.0,9.819502973292488e-08,1.1337868480725628e-08,1.1337868352178366e-08
1416,"(1.0, 3.0, 6.0, 11.0, 13.0, 13.0)",88199999.99999997,2,-16.02142386327239,2.0,2.0,1.1014987888195413e-07,2.2675736961451256e-08,2.2675736447262208e-08
1417,"(1.0, 3.0, 6.0, 11.0, 13.0, 14.0)",176399999.99999994,6,-15.9447902339217,8.0,14.0,1.1892292605008885e-07,4.535147392290251e-08,7.93650773083232e-08
1418,"(1.0, 3.0, 6.0, 12.0, 12.0, 13.0)",67031999.99999999,1,-16.222021713662812,1.0,1.0,9.012919340457748e-08,1.491824800095477e-08,1.4918247778400645e-08
1419,"(1.0, 3.0, 6.0, 12.0, 13.0, 13.0)",67031999.99999999,2,-16.107135340350624,3.0,5.0,1.0110205948553885e-07,4.4754744002864305e-08,7.459123800178674e-08
1420,"(1.0, 3.0, 6.0, 12.0, 13.0, 14.0)",134063999.99999996,1,-16.030501710999935,1.0,1.0,1.0915447992998371e-07,7.459124000477386e-09,7.459123944838856e-09
1421,"(1.0, 3.0, 6.0, 12.0, 14.0, 14.0)",67031999.99999999,1,-15.95386808164925,2.0,4.0,1.1784824710212154e-07,2.983649600190954e-08,5.967299111360258e-08
1422,"(1.0, 3.0, 6.0, 13.0, 13.0, 14.0)",67031999.99999999,2,-15.915615337687743,3.0,5.0,1.2244359797448078e-07,4.4754744002864305e-08,7.459123800178674e-08
1423,"(1.0, 3.0, 6.0, 13.0, 14.0, 14.0)",67031999.99999999,1,-15.83898170833706,1.0,1.0,1.3219579626438855e-07,1.491824800095477e-08,1.4918247778400645e-08
1424,"(1.0, 3.0, 7.0, 7.0, 8.0, 13.0)",119069999.9999999,2,-15.384542085449192,2.0,2.0,2.0824676599637943e-07,1.6796842193667606e-08,1.67968419115337e-08
1425,"(1.0, 3.0, 7.0, 7.0, 8.0, 14.0)",119069999.9999999,1,-15.307908456098506,1.0,1.0,2.2483288228848704e-07,8.398421096833803e-09,8.398421026300325e-09
1426,"(1.0, 3.0, 7.0, 7.0, 9.0, 9.0)",68039999.99999994,1,-16.403002732904113,1.0,1.0,7.520841332670872e-08,1.4697236919459155e-08,1.469723670345038e-08
1427,"(1.0, 3.0, 7.0, 7.0, 9.0, 11.0)",136079999.99999988,1,-16.058577100817644,1.0,1.0,1.0613254485333059e-07,7.348618459729577e-09,7.348618405727384e-09
1428,"(1.0, 3.0, 7.0, 7.0, 9.0, 12.0)",119069999.9999999,1,-16.14428857789588,1.0,1.0,9.741471322553567e-08,8.398421096833803e-09,8.398421026300325e-09
1429,"(1.0, 3.0, 7.0, 7.0, 9.0, 13.0)",119069999.9999999,20,-16.02940220458369,29.0,51.0,1.0927456198442595e-07,2.435542118081803e-07,4.2831941661986984e-07
1430,"(1.0, 3.0, 7.0, 7.0, 9.0, 14.0)",119069999.9999999,1,-15.952768575233002,1.0,1.0,1.179778932662878e-07,8.398421096833803e-09,8.398421026300325e-09
1431,"(1.0, 3.0, 7.0, 7.0, 11.0, 13.0)",119069999.9999999,4,-15.684976572497218,7.0,13.0,1.542059835880292e-07,5.878894767783662e-08,1.0917947080269907e-07
1432,"(1.0, 3.0, 7.0, 7.0, 13.0, 13.0)",47627999.99999997,2,-15.655801676263264,2.0,2.0,1.5877119817720706e-07,4.1992105484169e-08,4.199210372083208e-08
1433,"(1.0, 3.0, 7.0, 7.0, 13.0, 14.0)",95255999.99999994,2,-15.579168046912576,2.0,2.0,1.7141676097480782e-07,2.09960527420845e-08,2.099605230125027e-08
1434,"(1.0, 3.0, 7.0, 8.0, 8.0, 13.0)",105839999.99999996,3,-15.245749319387093,3.0,3.0,2.3925179132558746e-07,2.834467120181407e-08,2.8344670398393686e-08
1435,"(1.0, 3.0, 7.0, 8.0, 9.0, 13.0)",211679999.9999999,38,-15.890609438521588,49.0,75.0,1.2554401301745756e-07,2.314814814814816e-07,3.5430833643899965e-07
1436,"(1.0, 3.0, 7.0, 8.0, 9.0, 14.0)",211679999.9999999,1,-15.813975809170902,1.0,1.0,1.355431483688398e-07,4.724111866969012e-09,4.724111844651779e-09
1437,"(1.0, 3.0, 7.0, 8.0, 11.0, 13.0)",211679999.9999999,16,-15.54618380643512,22.0,34.0,1.7716509368122194e-07,1.0393046107331826e-07,1.6061979267540565e-07
1438,"(1.0, 3.0, 7.0, 8.0, 12.0, 13.0)",176399999.99999994,4,-15.631895283513357,7.0,19.0,1.6261257862403708e-07,3.96825396825397e-08,1.077097489921895e-07
1439,"(1.0, 3.0, 7.0, 8.0, 13.0, 13.0)",88199999.99999997,10,-15.517008910201165,11.0,13.0,1.824100047511281e-07,1.247165532879819e-07,1.4739227469521448e-07
1440,"(1.0, 3.0, 7.0, 8.0, 13.0, 14.0)",176399999.99999994,6,-15.440375280850477,6.0,6.0,1.969383146491017e-07,3.401360544217688e-08,3.401360428525152e-08
1441,"(1.0, 3.0, 7.0, 9.0, 9.0, 11.0)",115919999.99999996,1,-16.56464445389004,1.0,1.0,6.398325337198316e-08,8.626639061421674e-09,8.626638987002772e-09
1442,"(1.0, 3.0, 7.0, 9.0, 9.0, 12.0)",105839999.99999996,1,-16.650355930968274,1.0,1.0,5.8727606005133226e-08,9.448223733938024e-09,9.448223644669093e-09
1443,"(1.0, 3.0, 7.0, 9.0, 9.0, 13.0)",105839999.99999996,22,-16.535469557656086,29.0,43.0,6.58774553670056e-08,2.739984882842027e-07,4.0627354548416344e-07
1444,"(1.0, 3.0, 7.0, 9.0, 11.0, 13.0)",211679999.9999999,32,-16.191043925569616,33.0,35.0,9.296489152336673e-08,1.5589569160997738e-07,1.6534389104044876e-07
1445,"(1.0, 3.0, 7.0, 9.0, 11.0, 14.0)",211679999.9999999,3,-16.114410296218928,4.0,6.0,1.0036921540091773e-07,1.889644746787605e-08,2.8344670844738346e-08
1446,"(1.0, 3.0, 7.0, 9.0, 12.0, 13.0)",176399999.99999994,16,-16.27675540264785,18.0,22.0,8.53286638919938e-08,1.0204081632653065e-07,1.247165428756537e-07
1447,"(1.0, 3.0, 7.0, 9.0, 12.0, 14.0)",176399999.99999994,3,-16.200121773297163,4.0,6.0,9.212478932324018e-08,2.2675736961451256e-08,3.401360492798783e-08
1448,"(1.0, 3.0, 7.0, 9.0, 13.0, 13.0)",88199999.99999997,23,-16.16186902933566,26.0,32.0,9.57170848506872e-08,2.947845804988663e-07,3.628117044852712e-07
1449,"(1.0, 3.0, 7.0, 9.0, 13.0, 14.0)",176399999.99999994,20,-16.085235399984974,25.0,37.0,1.0334061116514911e-07,1.4172335600907035e-07,2.0975054680791448e-07
1450,"(1.0, 3.0, 7.0, 9.0, 14.0, 14.0)",88199999.99999997,1,-16.008601770634286,1.0,1.0,1.115713243110737e-07,1.1337868480725628e-08,1.1337868352178366e-08
1451,"(1.0, 3.0, 7.0, 11.0, 11.0, 13.0)",105839999.99999996,6,-15.846618293483148,6.0,6.0,1.311901166765447e-07,5.668934240362814e-08,5.66893391899466e-08
1452,"(1.0, 3.0, 7.0, 11.0, 12.0, 13.0)",176399999.99999994,4,-15.93232977056138,5.0,7.0,1.2041403145219276e-07,2.8344671201814068e-08,3.9682538879119313e-08
1453,"(1.0, 3.0, 7.0, 11.0, 13.0, 13.0)",88199999.99999997,5,-15.81744339724919,6.0,8.0,1.3507395451910083e-07,6.802721088435376e-08,9.07029432181036e-08
1454,"(1.0, 3.0, 7.0, 11.0, 13.0, 14.0)",176399999.99999994,3,-15.740809767898504,4.0,6.0,1.4583211590984057e-07,2.2675736961451256e-08,3.401360492798783e-08
1455,"(1.0, 3.0, 7.0, 12.0, 13.0, 13.0)",67031999.99999999,3,-15.903154874327424,5.0,11.0,1.2397884703416076e-07,7.459124000477384e-08,1.6410072244664936e-07
1456,"(1.0, 3.0, 7.0, 12.0, 13.0, 14.0)",134063999.99999996,3,-15.82652124497674,3.0,3.0,1.3385332246637788e-07,2.237737200143216e-08,2.2377371500685382e-08
1457,"(1.0, 3.0, 7.0, 13.0, 13.0, 14.0)",67031999.99999999,4,-15.711634871664549,5.0,7.0,1.5014942505460714e-07,7.459124000477384e-08,1.0442773044283031e-07
1458,"(1.0, 3.0, 7.0, 13.0, 14.0, 14.0)",67031999.99999999,1,-15.635001242313862,1.0,1.0,1.621082942031062e-07,1.491824800095477e-08,1.4918247778400645e-08
1459,"(1.0, 3.0, 8.0, 8.0, 8.0, 13.0)",28979999.99999999,5,-15.106956553324991,6.0,8.0,2.7487303045799877e-07,2.0703933747412016e-07,2.760524071002063e-07
1460,"(1.0, 3.0, 8.0, 8.0, 9.0, 13.0)",86939999.99999997,19,-15.751816672459489,23.0,33.0,1.442357573281681e-07,2.6455026455026466e-07,3.795720487157111e-07
1461,"(1.0, 3.0, 8.0, 8.0, 11.0, 13.0)",86939999.99999997,2,-15.40739104037302,2.0,2.0,2.0354249354506123e-07,2.3004370830457794e-08,2.3004370301256715e-08
1462,"(1.0, 3.0, 8.0, 8.0, 12.0, 13.0)",75599999.99999997,3,-15.493102517451256,3.0,3.0,1.868233129178596e-07,3.96825396825397e-08,3.968253810783574e-08
1463,"(1.0, 3.0, 8.0, 8.0, 13.0, 13.0)",37799999.99999999,1,-15.378216144139063,1.0,1.0,2.09568298377201e-07,2.645502645502646e-08,2.6455025755158035e-08
1464,"(1.0, 3.0, 8.0, 8.0, 13.0, 14.0)",75599999.99999997,1,-15.301582514788375,1.0,1.0,2.2625967003616773e-07,1.3227513227513233e-08,1.3227513052546127e-08
1465,"(1.0, 3.0, 8.0, 9.0, 9.0, 13.0)",86939999.99999997,34,-16.396676791593983,40.0,52.0,7.568568534121489e-08,4.600874166091559e-07,5.981134299114718e-07
1466,"(1.0, 3.0, 8.0, 9.0, 9.0, 14.0)",86939999.99999997,2,-16.320043162243298,3.0,5.0,8.171378173306497e-08,3.4506556245686694e-08,5.7510925885442064e-08
1467,"(1.0, 3.0, 8.0, 9.0, 11.0, 12.0)",173879999.99999994,2,-16.167137532819705,3.0,5.0,9.521412514155113e-08,1.7253278122843347e-08,2.875546324039664e-08
1468,"(1.0, 3.0, 8.0, 9.0, 11.0, 13.0)",173879999.99999994,37,-16.052251159507513,41.0,49.0,1.0680606116947425e-07,2.357948010121924e-07,2.818034870739198e-07
1469,"(1.0, 3.0, 8.0, 9.0, 12.0, 13.0)",151199999.99999994,24,-16.13796263658575,29.0,43.0,9.803290624899033e-08,1.9179894179894186e-07,2.843914976047004e-07
1470,"(1.0, 3.0, 8.0, 9.0, 13.0, 13.0)",75599999.99999997,19,-16.02307626327356,19.0,19.0,1.099680175172003e-07,2.513227513227514e-07,2.5132268815962607e-07
1471,"(1.0, 3.0, 8.0, 9.0, 13.0, 14.0)",151199999.99999994,34,-15.946442633922873,42.0,58.0,1.1872658007266647e-07,2.7777777777777787e-07,3.835978064373899e-07
1472,"(1.0, 3.0, 8.0, 11.0, 12.0, 13.0)",151199999.99999994,6,-15.793537004499282,7.0,9.0,1.3834199339342238e-07,4.6296296296296315e-08,5.9523807380462496e-08
1473,"(1.0, 3.0, 8.0, 11.0, 13.0, 13.0)",75599999.99999997,5,-15.678650631187091,5.0,5.0,1.5518457357790452e-07,6.613756613756616e-08,6.613756176338851e-08
1474,"(1.0, 3.0, 8.0, 11.0, 13.0, 14.0)",151199999.99999994,12,-15.602017001836405,13.0,15.0,1.6754447444738068e-07,8.597883597883601e-08,9.920634181398902e-08
1475,"(1.0, 3.0, 8.0, 12.0, 12.0, 13.0)",59849999.99999998,2,-15.879248481577518,3.0,5.0,1.2697844598085366e-07,5.012531328320804e-08,8.35421862927997e-08
1476,"(1.0, 3.0, 8.0, 12.0, 13.0, 13.0)",59849999.99999998,3,-15.764362108265326,3.0,3.0,1.4243756006237144e-07,5.012531328320804e-08,5.012531077066101e-08
1477,"(1.0, 3.0, 8.0, 12.0, 13.0, 14.0)",119699999.99999996,1,-15.68772847891464,1.0,1.0,1.5378220651704739e-07,8.354218880534674e-09,8.3542188107417e-09
1478,"(1.0, 3.0, 8.0, 13.0, 13.0, 13.0)",19950000.0,1,-15.649475734953135,1.0,1.0,1.5977875898387362e-07,5.012531328320802e-08,5.012531077066099e-08
1479,"(1.0, 3.0, 8.0, 13.0, 13.0, 14.0)",59849999.99999998,4,-15.572842105602447,4.0,4.0,1.7250457042606096e-07,6.683375104427739e-08,6.683374657752711e-08
1480,"(1.0, 3.0, 8.0, 13.0, 14.0, 14.0)",59849999.99999998,1,-15.496208476251764,1.0,1.0,1.8624394761310603e-07,1.6708437761069347e-08,1.6708437481897455e-08
1481,"(1.0, 3.0, 9.0, 9.0, 9.0, 13.0)",28979999.99999999,8,-17.04153691072848,10.0,14.0,3.9714999052115514e-08,3.450655624568669e-07,4.830916683693713e-07
1482,"(1.0, 3.0, 9.0, 9.0, 11.0, 12.0)",86939999.99999997,1,-16.8119976519542,1.0,1.0,4.996227321846731e-08,1.1502185415228897e-08,1.1502185282928627e-08
1483,"(1.0, 3.0, 9.0, 9.0, 11.0, 13.0)",86939999.99999997,18,-16.697111278642012,18.0,18.0,5.6044978637406536e-08,2.0703933747412016e-07,2.070392946088329e-07
1484,"(1.0, 3.0, 9.0, 9.0, 12.0, 13.0)",75599999.99999997,14,-16.782822755720247,16.0,20.0,5.1441388965459266e-08,2.1164021164021173e-07,2.645502197586855e-07
1485,"(1.0, 3.0, 9.0, 9.0, 13.0, 13.0)",37799999.99999999,12,-16.667936382408055,13.0,15.0,5.7704170765834066e-08,3.43915343915344e-07,3.968252785476331e-07
1486,"(1.0, 3.0, 9.0, 9.0, 13.0, 14.0)",75599999.99999997,17,-16.59130275305737,19.0,25.0,6.230010329944362e-08,2.513227513227514e-07,3.3068776752470547e-07
1487,"(1.0, 3.0, 9.0, 11.0, 11.0, 13.0)",86939999.99999997,20,-16.352685646555543,25.0,39.0,7.9089505361578e-08,2.8755463538072245e-07,4.4858514850625867e-07
1488,"(1.0, 3.0, 9.0, 11.0, 12.0, 12.0)",75599999.99999997,1,-16.55328349694597,1.0,1.0,6.471430924263894e-08,1.3227513227513233e-08,1.3227513052546127e-08
1489,"(1.0, 3.0, 9.0, 11.0, 12.0, 13.0)",151199999.99999994,26,-16.438397123633777,32.0,48.0,7.259301559756964e-08,2.1164021164021173e-07,3.174602726687384e-07
1490,"(1.0, 3.0, 9.0, 11.0, 12.0, 14.0)",151199999.99999994,1,-16.361763494283093,1.0,1.0,7.837479181356607e-08,6.6137566137566165e-09,6.61375657001484e-09
1491,"(1.0, 3.0, 9.0, 11.0, 13.0, 13.0)",75599999.99999997,25,-16.32351075032159,30.0,42.0,8.143092270042869e-08,3.96825396825397e-07,5.555553980851602e-07
1492,"(1.0, 3.0, 9.0, 11.0, 13.0, 14.0)",151199999.99999994,25,-16.2468771209709,26.0,28.0,8.791660687046019e-08,1.7195767195767203e-07,1.851851556157443e-07
1493,"(1.0, 3.0, 9.0, 11.0, 14.0, 14.0)",75599999.99999997,2,-16.170243491620212,2.0,2.0,9.491885278090253e-08,2.6455026455026466e-08,2.6455025755158042e-08
1494,"(1.0, 3.0, 9.0, 12.0, 12.0, 13.0)",59849999.99999998,5,-16.52410860071201,5.0,5.0,6.663015389282043e-08,8.354218880534673e-08,8.354218182604942e-08
1495,"(1.0, 3.0, 9.0, 12.0, 12.0, 14.0)",59849999.99999998,1,-16.447474971361327,1.0,1.0,7.193700932339424e-08,1.6708437761069347e-08,1.6708437481897455e-08
1496,"(1.0, 3.0, 9.0, 12.0, 13.0, 13.0)",59849999.99999998,8,-16.409222227399823,9.0,11.0,7.474210661315437e-08,1.5037593984962411e-07,1.8379279275883953e-07
1497,"(1.0, 3.0, 9.0, 12.0, 13.0, 14.0)",119699999.99999996,10,-16.332588598049135,12.0,16.0,8.069505030604451e-08,1.0025062656641608e-07,1.3366749203836666e-07
1498,"(1.0, 3.0, 9.0, 13.0, 13.0, 13.0)",19950000.0,11,-16.29433585408763,11.0,11.0,8.384165688643414e-08,5.513784461152883e-07,5.513781420970974e-07
1499,"(1.0, 3.0, 9.0, 13.0, 13.0, 14.0)",59849999.99999998,11,-16.217702224736946,11.0,11.0,9.051934748387433e-08,1.8379281537176281e-07,1.8379278159196383e-07
1500,"(1.0, 3.0, 9.0, 13.0, 14.0, 14.0)",59849999.99999998,8,-16.14106859538626,10.0,16.0,9.77288924526513e-08,1.6708437761069345e-07,2.673349762599203e-07
1501,"(1.0, 3.0, 11.0, 11.0, 11.0, 13.0)",28979999.99999999,1,-16.008260014469073,2.0,4.0,1.1160946101537368e-07,6.901311249137339e-08,1.3802622021993708e-07
1502,"(1.0, 3.0, 11.0, 11.0, 12.0, 13.0)",75599999.99999997,3,-16.093971491547308,4.0,6.0,1.0244175010685272e-07,5.291005291005293e-08,7.93650765656057e-08
1503,"(1.0, 3.0, 11.0, 11.0, 13.0, 13.0)",37799999.99999999,1,-15.979085118235115,1.0,1.0,1.149136203473419e-07,2.645502645502646e-08,2.6455025755158035e-08
1504,"(1.0, 3.0, 11.0, 11.0, 13.0, 14.0)",75599999.99999997,3,-15.90245148888443,4.0,6.0,1.2406608262693e-07,5.291005291005293e-08,7.93650765656057e-08
1505,"(1.0, 3.0, 11.0, 12.0, 12.0, 13.0)",59849999.99999998,1,-16.179682968625542,1.0,1.0,9.402708398985384e-08,1.6708437761069347e-08,1.6708437481897455e-08
1506,"(1.0, 3.0, 11.0, 12.0, 13.0, 13.0)",59849999.99999998,2,-16.064796595313354,2.0,2.0,1.0547450254127266e-07,3.3416875522138694e-08,3.341687440545113e-08
1507,"(1.0, 3.0, 11.0, 12.0, 13.0, 14.0)",119699999.99999996,3,-15.988162965962667,3.0,3.0,1.1387517256671816e-07,2.506265664160402e-08,2.5062656013467262e-08
1508,"(1.0, 3.0, 11.0, 13.0, 13.0, 13.0)",19950000.0,2,-15.94991022200116,2.0,2.0,1.1831559816881529e-07,1.0025062656641604e-07,1.0025061651622791e-07
1509,"(1.0, 3.0, 11.0, 13.0, 13.0, 14.0)",59849999.99999998,2,-15.873276592650477,3.0,5.0,1.2773901591558725e-07,5.012531328320804e-08,8.35421862927997e-08
1510,"(1.0, 3.0, 11.0, 13.0, 14.0, 14.0)",59849999.99999998,3,-15.796642963299789,3.0,3.0,1.379129754624654e-07,5.012531328320804e-08,5.012531077066101e-08
1511,"(1.0, 3.0, 12.0, 12.0, 13.0, 13.0)",21546000.0,1,-16.150508072391588,1.0,1.0,9.681072315625033e-08,4.64123271140815e-08,4.6412324959977395e-08
1512,"(1.0, 3.0, 12.0, 13.0, 13.0, 13.0)",14363999.999999998,1,-16.0356216990794,1.0,1.0,1.0859703855825426e-07,6.961849067112226e-08,6.961848582438802e-08
1513,"(1.0, 3.0, 13.0, 13.0, 14.0, 14.0)",21546000.0,2,-15.767468067065831,2.0,2.0,1.4199584120456444e-07,9.2824654228163e-08,9.282464561174657e-08
1514,"(1.0, 3.0, 13.0, 14.0, 14.0, 14.0)",14363999.999999998,2,-15.690834437715148,2.0,2.0,1.533053063189249e-07,1.392369813422445e-07,1.3923696195530754e-07
1515,"(1.0, 4.0, 4.0, 4.0, 8.0, 13.0)",42997499.99999999,1,-16.100358400296294,1.0,1.0,1.0178954898842875e-07,2.3257166114308977e-08,2.3257165573413202e-08
1516,"(1.0, 4.0, 4.0, 4.0, 9.0, 13.0)",42997499.99999999,1,-16.745218519430793,1.0,1.0,5.3412634415154305e-08,2.3257166114308977e-08,2.3257165573413202e-08
1517,"(1.0, 4.0, 4.0, 6.0, 7.0, 13.0)",128992499.99999996,1,-16.203624177875483,1.0,1.0,9.180269542017412e-08,7.75238870476966e-09,7.752388644670129e-09
1518,"(1.0, 4.0, 4.0, 6.0, 8.0, 9.0)",147419999.99999994,1,-16.43843194013381,1.0,1.0,7.259048820683739e-08,6.783340116673453e-09,6.783340070659749e-09
1519,"(1.0, 4.0, 4.0, 6.0, 8.0, 13.0)",128992499.99999996,1,-16.064831411813387,1.0,1.0,1.0547083035217818e-07,7.75238870476966e-09,7.752388644670129e-09
1520,"(1.0, 4.0, 4.0, 6.0, 9.0, 13.0)",128992499.99999996,2,-16.70969153094788,2.0,2.0,5.534433504272719e-08,1.550477740953932e-08,1.5504777169141197e-08
1521,"(1.0, 4.0, 4.0, 6.0, 11.0, 13.0)",128992499.99999996,1,-16.365265898861413,1.0,1.0,7.810077172860667e-08,7.75238870476966e-09,7.752388644670129e-09
1522,"(1.0, 4.0, 4.0, 6.0, 12.0, 13.0)",103194000.0,1,-16.450977375939647,2.0,4.0,7.168549751774362e-08,1.9380971761924143e-08,3.876194314822622e-08
1523,"(1.0, 4.0, 4.0, 6.0, 13.0, 14.0)",103194000.0,2,-16.25945737327677,2.0,2.0,8.681752165413297e-08,1.9380971761924143e-08,1.9380971386302075e-08
1524,"(1.0, 4.0, 4.0, 7.0, 8.0, 13.0)",128992499.99999996,1,-15.860850945790189,1.0,1.0,1.293361580301828e-07,7.75238870476966e-09,7.752388644670129e-09
1525,"(1.0, 4.0, 4.0, 7.0, 9.0, 13.0)",128992499.99999996,6,-16.505711064924682,6.0,6.0,6.786733013535726e-08,4.651433222861796e-08,4.651433006503486e-08
1526,"(1.0, 4.0, 4.0, 7.0, 11.0, 13.0)",128992499.99999996,3,-16.161285432838216,4.0,6.0,9.577296130921831e-08,3.100955481907864e-08,4.651433126702547e-08
1527,"(1.0, 4.0, 4.0, 7.0, 13.0, 13.0)",51596999.99999999,2,-16.13211053660426,2.0,2.0,9.860828656732071e-08,3.876194352384829e-08,3.876194202136003e-08
1528,"(1.0, 4.0, 4.0, 8.0, 8.0, 13.0)",59534999.99999995,1,-15.722058179728087,1.0,1.0,1.4859249959458457e-07,1.6796842193667606e-08,1.67968419115337e-08
1529,"(1.0, 4.0, 4.0, 8.0, 9.0, 13.0)",119069999.9999999,7,-16.366918298862586,8.0,10.0,7.797182457878598e-08,6.718736877467042e-08,8.39842064541955e-08
1530,"(1.0, 4.0, 4.0, 8.0, 11.0, 13.0)",119069999.9999999,6,-16.022492666776117,8.0,14.0,1.1003221319741906e-07,6.718736877467042e-08,1.1757789084153071e-07
1531,"(1.0, 4.0, 4.0, 8.0, 12.0, 13.0)",99224999.99999993,1,-16.10820414385435,1.0,1.0,1.009940589760692e-07,1.0078105316200562e-08,1.0078105214632355e-08
1532,"(1.0, 4.0, 4.0, 8.0, 13.0, 13.0)",49612499.99999996,1,-15.99331777054216,1.0,1.0,1.132896786555068e-07,2.0156210632401124e-08,2.0156210226128296e-08
1533,"(1.0, 4.0, 4.0, 8.0, 13.0, 14.0)",99224999.99999993,3,-15.916684141191476,4.0,6.0,1.223127997392134e-07,4.031242126480225e-08,6.046863027211205e-08
1534,"(1.0, 4.0, 4.0, 9.0, 9.0, 11.0)",65204999.99999996,1,-17.040953314231036,2.0,4.0,3.973818335093817e-08,3.06724944406104e-08,6.134498794041889e-08
1535,"(1.0, 4.0, 4.0, 9.0, 9.0, 13.0)",59534999.99999995,5,-17.01177841799708,5.0,5.0,4.0914618468175945e-08,8.398421096833803e-08,8.398420391499034e-08
1536,"(1.0, 4.0, 4.0, 9.0, 11.0, 13.0)",119069999.9999999,9,-16.667352785910612,10.0,12.0,5.7737856546276487e-08,8.398421096833803e-08,1.0078104610865793e-07
1537,"(1.0, 4.0, 4.0, 9.0, 12.0, 13.0)",99224999.99999993,7,-16.753064262988847,7.0,7.0,5.299521221775486e-08,7.054673721340393e-08,7.05467322365618e-08
1538,"(1.0, 4.0, 4.0, 9.0, 13.0, 13.0)",49612499.99999996,5,-16.638177889676655,8.0,16.0,5.944716573726831e-08,1.61249685059209e-07,3.224993441169571e-07
1539,"(1.0, 4.0, 4.0, 9.0, 13.0, 14.0)",99224999.99999993,2,-16.56154426032597,3.0,5.0,6.418192163821539e-08,3.023431594860168e-08,5.0390525666888946e-08
1540,"(1.0, 4.0, 4.0, 11.0, 11.0, 13.0)",59534999.99999995,2,-16.322927153824143,2.0,2.0,8.147845937146862e-08,3.359368438733521e-08,3.359368325879958e-08
1541,"(1.0, 4.0, 4.0, 11.0, 13.0, 13.0)",49612499.99999996,3,-16.293752257590185,4.0,6.0,8.389060086411097e-08,8.06248425296045e-08,1.209372572940415e-07
1542,"(1.0, 4.0, 4.0, 12.0, 13.0, 13.0)",37705499.99999998,1,-16.379463734668423,1.0,1.0,7.699974439309565e-08,2.652132977947516e-08,2.6521329076094226e-08
1543,"(1.0, 4.0, 4.0, 12.0, 13.0, 14.0)",75410999.99999996,2,-16.30283010531774,2.0,2.0,8.31325009276611e-08,2.652132977947516e-08,2.6521329076094226e-08
1544,"(1.0, 4.0, 4.0, 13.0, 13.0, 14.0)",37705499.99999998,2,-16.187943732005543,2.0,2.0,9.325354789587188e-08,5.304265955895032e-08,5.3042656745426584e-08
1545,"(1.0, 4.0, 4.0, 13.0, 14.0, 14.0)",37705499.99999998,3,-16.11131010265486,3.0,3.0,1.0068086222967244e-07,7.956398933842547e-08,7.956398300799708e-08
1546,"(1.0, 4.0, 6.0, 6.0, 6.0, 13.0)",42997499.99999999,1,-16.372077655415772,2.0,4.0,7.75705761166904e-08,4.651433222861795e-08,9.302866229365281e-08
1547,"(1.0, 4.0, 6.0, 6.0, 9.0, 13.0)",128992499.99999996,11,-16.674164542464972,12.0,14.0,5.734589680625417e-08,9.302866445723592e-08,1.0853343321244283e-07
1548,"(1.0, 4.0, 6.0, 6.0, 12.0, 13.0)",103194000.0,1,-16.415450387456737,1.0,1.0,7.427804742768771e-08,9.690485880962071e-09,9.690485787056554e-09
1549,"(1.0, 4.0, 6.0, 6.0, 13.0, 14.0)",103194000.0,1,-16.22393038479386,1.0,1.0,8.995733048213589e-08,9.690485880962071e-09,9.690485787056554e-09
1550,"(1.0, 4.0, 6.0, 7.0, 7.0, 12.0)",128992499.99999996,1,-16.079003096681568,1.0,1.0,1.0398667233088874e-07,7.75238870476966e-09,7.752388644670129e-09
1551,"(1.0, 4.0, 6.0, 7.0, 8.0, 13.0)",257984999.9999999,3,-15.825323957307278,4.0,6.0,1.340136793764031e-07,1.550477740953932e-08,2.325716587391086e-08
1552,"(1.0, 4.0, 6.0, 7.0, 9.0, 12.0)",257984999.9999999,1,-16.585070449753964,1.0,1.0,6.268958887447098e-08,3.87619435238483e-09,3.876194337359947e-09
1553,"(1.0, 4.0, 6.0, 7.0, 9.0, 13.0)",257984999.9999999,10,-16.470184076441775,13.0,19.0,7.032179368409663e-08,5.039052658100279e-08,7.36476901561066e-08
1554,"(1.0, 4.0, 6.0, 7.0, 11.0, 13.0)",257984999.9999999,3,-16.125758444355306,6.0,14.0,9.923664909566124e-08,2.325716611430898e-08,5.426672039249184e-08
1555,"(1.0, 4.0, 6.0, 7.0, 12.0, 13.0)",206388000.0,1,-16.21146992143354,1.0,1.0,9.108525312830644e-08,4.845242940481036e-09,4.8452429170046565e-09
1556,"(1.0, 4.0, 6.0, 7.0, 13.0, 14.0)",206388000.0,1,-16.019949918770664,3.0,9.0,1.1031235340009444e-07,1.4535728821443107e-08,4.360718625304191e-08
1557,"(1.0, 4.0, 6.0, 8.0, 8.0, 13.0)",119069999.9999999,1,-15.686531191245178,1.0,1.0,1.539664383239201e-07,8.398421096833803e-09,8.398421026300325e-09
1558,"(1.0, 4.0, 6.0, 8.0, 9.0, 13.0)",238139999.9999998,13,-16.331391310379672,15.0,19.0,8.079172335593954e-08,6.298815822625352e-08,7.978499645241304e-08
1559,"(1.0, 4.0, 6.0, 8.0, 11.0, 13.0)",238139999.9999998,13,-15.986965678293204,15.0,19.0,1.1401159555917676e-07,6.298815822625352e-08,7.978499645241304e-08
1560,"(1.0, 4.0, 6.0, 8.0, 12.0, 13.0)",198449999.99999985,4,-16.07267715537144,5.0,7.0,1.0464657095645253e-07,2.5195263290501403e-08,3.5273367971900674e-08
1561,"(1.0, 4.0, 6.0, 8.0, 12.0, 14.0)",198449999.99999985,1,-15.996043526020754,1.0,1.0,1.1298129916771411e-07,5.039052658100281e-09,5.039052632708229e-09
1562,"(1.0, 4.0, 6.0, 8.0, 13.0, 13.0)",99224999.99999993,6,-15.957790782059249,8.0,14.0,1.173868692500651e-07,8.06248425296045e-08,1.4109346792644263e-07
1563,"(1.0, 4.0, 6.0, 8.0, 13.0, 14.0)",198449999.99999985,5,-15.881157152708562,7.0,13.0,1.267363170325188e-07,3.5273368606701966e-08,6.550768331109312e-08
1564,"(1.0, 4.0, 6.0, 9.0, 9.0, 13.0)",119069999.9999999,6,-16.97625142951417,9.0,17.0,4.239432069663298e-08,7.558578987150422e-08,1.42773152932963e-07
1565,"(1.0, 4.0, 6.0, 9.0, 11.0, 13.0)",238139999.9999998,5,-16.6318257974277,5.0,5.0,5.982598148050552e-08,2.0996052742084508e-08,2.0996052301250277e-08
1566,"(1.0, 4.0, 6.0, 9.0, 12.0, 13.0)",198449999.99999985,9,-16.717537274505936,10.0,12.0,5.491181651597573e-08,5.039052658100281e-08,6.04686293579982e-08
1567,"(1.0, 4.0, 6.0, 9.0, 12.0, 14.0)",198449999.99999985,1,-16.640903645155248,1.0,1.0,5.928534793763875e-08,5.039052658100281e-09,5.039052632708229e-09
1568,"(1.0, 4.0, 6.0, 9.0, 13.0, 13.0)",99224999.99999993,7,-16.602650901193744,11.0,21.0,6.159710888498014e-08,1.1085915847820618e-07,2.1164019935045879e-07
1569,"(1.0, 4.0, 6.0, 9.0, 13.0, 14.0)",198449999.99999985,11,-16.52601727184306,11.0,11.0,6.650310013212217e-08,5.542957923910309e-08,5.5429576166664834e-08
1570,"(1.0, 4.0, 6.0, 9.0, 14.0, 14.0)",99224999.99999993,1,-16.44938364249237,1.0,1.0,7.179983618129692e-08,1.0078105316200562e-08,1.0078105214632355e-08
1571,"(1.0, 4.0, 6.0, 11.0, 11.0, 13.0)",119069999.9999999,1,-16.287400165341232,2.0,4.0,8.442517774297186e-08,1.6796842193667606e-08,3.35936841052013e-08
1572,"(1.0, 4.0, 6.0, 11.0, 12.0, 13.0)",198449999.99999985,1,-16.373111642419467,1.0,1.0,7.749041060130946e-08,5.039052658100281e-09,5.039052632708229e-09
1573,"(1.0, 4.0, 6.0, 11.0, 13.0, 14.0)",198449999.99999985,3,-16.18159163975659,3.0,3.0,9.384778837172247e-08,1.511715797430084e-08,1.5117157745772375e-08
1574,"(1.0, 4.0, 6.0, 12.0, 12.0, 13.0)",75410999.99999996,1,-16.4588231194977,2.0,4.0,7.112527205380284e-08,2.652132977947516e-08,5.304265885556939e-08
1575,"(1.0, 4.0, 6.0, 12.0, 13.0, 14.0)",150821999.9999999,1,-16.267303116834825,1.0,1.0,8.613903872479518e-08,6.63033244486879e-09,6.630332400907481e-09
1576,"(1.0, 4.0, 6.0, 13.0, 13.0, 13.0)",25136999.999999985,1,-16.22905037287332,1.0,1.0,8.949792709591471e-08,3.9781994669212736e-08,3.978199308660564e-08
1577,"(1.0, 4.0, 6.0, 13.0, 13.0, 14.0)",75410999.99999996,3,-16.152416743522636,3.0,3.0,9.662611955361262e-08,3.9781994669212736e-08,3.978199308660564e-08
1578,"(1.0, 4.0, 6.0, 13.0, 14.0, 14.0)",75410999.99999996,2,-16.075783114171948,2.0,2.0,1.0432204725795553e-07,2.652132977947516e-08,2.6521329076094226e-08
1579,"(1.0, 4.0, 7.0, 7.0, 8.0, 11.0)",147419999.99999994,1,-15.650518387518035,1.0,1.0,1.596122520705172e-07,6.783340116673453e-09,6.783340070659749e-09
1580,"(1.0, 4.0, 7.0, 7.0, 9.0, 13.0)",128992499.99999996,6,-16.26620361041858,8.0,12.0,8.62338012370108e-08,6.201910963815728e-08,9.302866061086596e-08
1581,"(1.0, 4.0, 7.0, 7.0, 11.0, 13.0)",128992499.99999996,2,-15.921777978332107,2.0,2.0,1.2169134240211446e-07,1.550477740953932e-08,1.5504777169141197e-08
1582,"(1.0, 4.0, 7.0, 7.0, 13.0, 14.0)",103194000.0,4,-15.815969452747463,4.0,4.0,1.352731928287257e-07,3.8761943523848286e-08,3.876194202136002e-08
1583,"(1.0, 4.0, 7.0, 8.0, 8.0, 13.0)",119069999.9999999,1,-15.482550725221982,1.0,1.0,1.888050708609562e-07,8.398421096833803e-09,8.398421026300325e-09
1584,"(1.0, 4.0, 7.0, 8.0, 9.0, 13.0)",238139999.9999998,9,-16.127410844356476,10.0,12.0,9.907280586114007e-08,4.1992105484169016e-08,5.039052481766589e-08
1585,"(1.0, 4.0, 7.0, 8.0, 11.0, 13.0)",238139999.9999998,10,-15.782985212270008,10.0,10.0,1.3980947804503954e-07,4.1992105484169016e-08,4.199210372083209e-08
1586,"(1.0, 4.0, 7.0, 8.0, 12.0, 13.0)",198449999.99999985,3,-15.868696689348244,3.0,3.0,1.2832538999974736e-07,1.511715797430084e-08,1.5117157745772375e-08
1587,"(1.0, 4.0, 7.0, 8.0, 13.0, 13.0)",99224999.99999993,7,-15.753810316036052,8.0,10.0,1.4394848908744987e-07,8.06248425296045e-08,1.0078104666164039e-07
1588,"(1.0, 4.0, 7.0, 8.0, 13.0, 14.0)",198449999.99999985,4,-15.677176686685366,6.0,10.0,1.554134756799386e-07,3.023431594860168e-08,5.0390525666888946e-08
1589,"(1.0, 4.0, 7.0, 9.0, 9.0, 12.0)",119069999.9999999,1,-16.887157336803163,1.0,1.0,4.6344772391711024e-08,8.398421096833803e-09,8.398421026300325e-09
1590,"(1.0, 4.0, 7.0, 9.0, 9.0, 13.0)",119069999.9999999,11,-16.772270963490975,15.0,23.0,5.198706166333624e-08,1.2597631645250705e-07,1.9316366935714515e-07
1591,"(1.0, 4.0, 7.0, 9.0, 11.0, 13.0)",238139999.9999998,14,-16.427845331404505,18.0,28.0,7.336305753198843e-08,7.558578987150422e-08,1.175778896424616e-07
1592,"(1.0, 4.0, 7.0, 9.0, 11.0, 14.0)",238139999.9999998,1,-16.351211702053817,1.0,1.0,7.920616485684036e-08,4.199210548416901e-09,4.1992105307835325e-09
1593,"(1.0, 4.0, 7.0, 9.0, 12.0, 13.0)",198449999.99999985,3,-16.51355680848274,3.0,3.0,6.733694382532141e-08,1.511715797430084e-08,1.5117157745772375e-08
1594,"(1.0, 4.0, 7.0, 9.0, 13.0, 13.0)",99224999.99999993,9,-16.398670435170548,10.0,12.0,7.553494537161029e-08,1.0078105316200561e-07,1.2093725363758606e-07
1595,"(1.0, 4.0, 7.0, 9.0, 13.0, 14.0)",198449999.99999985,7,-16.322036805819863,8.0,10.0,8.155103585953304e-08,4.031242126480225e-08,5.03905249559115e-08
1596,"(1.0, 4.0, 7.0, 9.0, 14.0, 14.0)",99224999.99999993,1,-16.245403176469175,1.0,1.0,8.804628661666414e-08,1.0078105316200562e-08,1.0078105214632355e-08
1597,"(1.0, 4.0, 7.0, 11.0, 11.0, 13.0)",119069999.9999999,7,-16.083419699318036,9.0,13.0,1.0352841722996597e-07,7.558578987150422e-08,1.091794685456278e-07
1598,"(1.0, 4.0, 7.0, 11.0, 12.0, 14.0)",198449999.99999985,1,-16.092497547045586,1.0,1.0,1.0259285489384806e-07,5.039052658100281e-09,5.039052632708229e-09
1599,"(1.0, 4.0, 7.0, 11.0, 13.0, 13.0)",99224999.99999993,2,-16.05424480308408,4.0,10.0,1.0659334006717177e-07,4.031242126480225e-08,1.007810515369143e-07
1600,"(1.0, 4.0, 7.0, 11.0, 13.0, 14.0)",198449999.99999985,2,-15.977611173733392,2.0,2.0,1.1508312153320957e-07,1.0078105316200562e-08,1.0078105214632355e-08
1601,"(1.0, 4.0, 7.0, 12.0, 12.0, 13.0)",75410999.99999996,1,-16.254842653474505,1.0,1.0,8.721908603140522e-08,1.326066488973758e-08,1.3260664713892347e-08
1602,"(1.0, 4.0, 7.0, 13.0, 13.0, 13.0)",25136999.999999985,2,-16.025069906850124,2.0,2.0,1.0974899888054148e-07,7.956398933842547e-08,7.956398300799708e-08
1603,"(1.0, 4.0, 7.0, 13.0, 13.0, 14.0)",75410999.99999996,1,-15.948436277499438,1.0,1.0,1.1849011737842346e-07,1.326066488973758e-08,1.3260664713892347e-08
1604,"(1.0, 4.0, 7.0, 13.0, 14.0, 14.0)",75410999.99999996,1,-15.871802648148751,1.0,1.0,1.2792743496124813e-07,1.326066488973758e-08,1.3260664713892347e-08
1605,"(1.0, 4.0, 8.0, 8.0, 8.0, 13.0)",33809999.999999985,2,-15.343757959159882,2.0,2.0,2.1691550021777338e-07,5.915409642117719e-08,5.915409292197007e-08
1606,"(1.0, 4.0, 8.0, 8.0, 9.0, 13.0)",101429999.99999996,7,-15.988618078294378,7.0,7.0,1.1382335836294326e-07,6.901311249137339e-08,6.901310772856369e-08
1607,"(1.0, 4.0, 8.0, 8.0, 11.0, 13.0)",101429999.99999996,5,-15.644192446207908,8.0,14.0,1.6062515019874385e-07,7.887212856156959e-08,1.380262187619341e-07
1608,"(1.0, 4.0, 8.0, 8.0, 12.0, 13.0)",88199999.99999996,2,-15.729903923286145,2.0,2.0,1.4743124236814307e-07,2.267573696145126e-08,2.267573644726221e-08
1609,"(1.0, 4.0, 8.0, 8.0, 13.0, 13.0)",44099999.99999998,4,-15.615017549973953,4.0,4.0,1.6538040198608861e-07,9.070294784580504e-08,9.070293961878028e-08
1610,"(1.0, 4.0, 8.0, 8.0, 13.0, 14.0)",88199999.99999996,2,-15.538383920623266,2.0,2.0,1.7855236442522904e-07,2.267573696145126e-08,2.267573644726221e-08
1611,"(1.0, 4.0, 8.0, 9.0, 9.0, 13.0)",101429999.99999996,9,-16.63347819742887,10.0,12.0,5.972720665886962e-08,9.859016070196198e-08,1.183081831223346e-07
1612,"(1.0, 4.0, 8.0, 9.0, 11.0, 12.0)",202859999.9999999,1,-16.403938938654594,1.0,1.0,7.513803572676498e-08,4.929508035098099e-09,4.92950801079805e-09
1613,"(1.0, 4.0, 8.0, 9.0, 11.0, 13.0)",202859999.9999999,15,-16.289052565342402,17.0,21.0,8.428578877405274e-08,8.380163659666769e-08,1.0351966171434578e-07
1614,"(1.0, 4.0, 8.0, 9.0, 12.0, 13.0)",176399999.9999999,8,-16.37476404242064,10.0,14.0,7.736247117940214e-08,5.668934240362815e-08,7.936507615139787e-08
1615,"(1.0, 4.0, 8.0, 9.0, 13.0, 13.0)",88199999.99999996,7,-16.259877669108448,9.0,15.0,8.678104027868722e-08,1.0204081632653066e-07,1.7006801679855626e-07
1616,"(1.0, 4.0, 8.0, 9.0, 13.0, 14.0)",176399999.9999999,13,-16.18324403975776,14.0,16.0,9.369284233777628e-08,7.936507936507941e-08,9.070294154698921e-08
1617,"(1.0, 4.0, 8.0, 11.0, 11.0, 13.0)",101429999.99999996,4,-15.944626933255936,4.0,4.0,1.1894234782883886e-07,3.9436064280784795e-08,3.943606272558163e-08
1618,"(1.0, 4.0, 8.0, 11.0, 12.0, 13.0)",176399999.9999999,5,-16.03033841033417,6.0,8.0,1.0917230638472384e-07,3.4013605442176887e-08,4.535147276597716e-08
1619,"(1.0, 4.0, 8.0, 11.0, 13.0, 13.0)",88199999.99999996,11,-15.91545203702198,12.0,14.0,1.2246359472824562e-07,1.3605442176870755e-07,1.5873014021935313e-07
1620,"(1.0, 4.0, 8.0, 11.0, 13.0, 14.0)",176399999.9999999,7,-15.838818407671294,11.0,19.0,1.3221738568866578e-07,6.235827664399096e-08,1.0770974667833881e-07
1621,"(1.0, 4.0, 8.0, 12.0, 12.0, 13.0)",69824999.99999997,1,-16.11604988741241,1.0,1.0,1.0020478575478548e-07,1.4321518080916584e-08,1.4321517875810704e-08
1622,"(1.0, 4.0, 8.0, 12.0, 13.0, 13.0)",69824999.99999997,1,-16.001163514100213,1.0,1.0,1.1240431460026294e-07,1.4321518080916584e-08,1.4321517875810704e-08
1623,"(1.0, 4.0, 8.0, 12.0, 13.0, 14.0)",139649999.99999994,3,-15.924529884749528,3.0,3.0,1.213569195772208e-07,2.1482277121374874e-08,2.1482276659886644e-08
1624,"(1.0, 4.0, 8.0, 13.0, 13.0, 13.0)",23274999.99999999,3,-15.886277140788025,3.0,3.0,1.2608908691919833e-07,1.2889366272824926e-07,1.2889364611467296e-07
1625,"(1.0, 4.0, 8.0, 13.0, 13.0, 14.0)",69824999.99999997,3,-15.809643511437338,3.0,3.0,1.3613163547356028e-07,4.296455424274975e-08,4.2964552396796823e-08
1626,"(1.0, 4.0, 8.0, 13.0, 14.0, 14.0)",69824999.99999997,1,-15.733009882086652,1.0,1.0,1.4697403740088974e-07,1.4321518080916584e-08,1.4321517875810704e-08
1627,"(1.0, 4.0, 9.0, 9.0, 9.0, 13.0)",33809999.999999985,1,-17.278338316563367,1.0,1.0,3.134101177981678e-08,2.9577048210588596e-08,2.9577047335786815e-08
1628,"(1.0, 4.0, 9.0, 9.0, 11.0, 13.0)",101429999.99999996,15,-16.9339126844769,16.0,18.0,4.422778238945892e-08,1.5774425712313918e-07,1.7746226438028093e-07
1629,"(1.0, 4.0, 9.0, 9.0, 12.0, 13.0)",88199999.99999996,7,-17.019624161555136,9.0,13.0,4.059486884088724e-08,1.0204081632653066e-07,1.4739227983710499e-07
1630,"(1.0, 4.0, 9.0, 9.0, 13.0, 13.0)",44099999.99999998,8,-16.904737788242944,12.0,22.0,4.553713052701745e-08,2.721088435374151e-07,4.988661391087049e-07
1631,"(1.0, 4.0, 9.0, 9.0, 13.0, 14.0)",88199999.99999996,1,-16.82810415889226,1.0,1.0,4.9164001460240526e-08,1.133786848072563e-08,1.1337868352178367e-08
1632,"(1.0, 4.0, 9.0, 11.0, 11.0, 13.0)",101429999.99999996,5,-16.58948705239043,5.0,5.0,6.241332439525902e-08,4.929508035098099e-08,4.9295077920976045e-08
1633,"(1.0, 4.0, 9.0, 11.0, 12.0, 13.0)",176399999.9999999,7,-16.675198529468666,7.0,7.0,5.728663253876259e-08,3.9682539682539705e-08,3.968253810783575e-08
1634,"(1.0, 4.0, 9.0, 11.0, 13.0, 13.0)",88199999.99999996,6,-16.560312156156474,6.0,6.0,6.426104918815402e-08,6.802721088435377e-08,6.802720625665236e-08
1635,"(1.0, 4.0, 9.0, 11.0, 13.0, 14.0)",176399999.9999999,10,-16.48367852680579,11.0,13.0,6.937921383185407e-08,6.235827664399096e-08,7.369614123616191e-08
1636,"(1.0, 4.0, 9.0, 12.0, 12.0, 13.0)",69824999.99999997,2,-16.7609100065469,2.0,2.0,5.2581052194048766e-08,2.8643036161833167e-08,2.8643035341409648e-08
1637,"(1.0, 4.0, 9.0, 12.0, 13.0, 13.0)",69824999.99999997,5,-16.646023633234712,5.0,5.0,5.898258339971953e-08,7.160759040458291e-08,7.16075852769359e-08
1638,"(1.0, 4.0, 9.0, 12.0, 13.0, 14.0)",139649999.99999994,7,-16.569390003884024,10.0,18.0,6.368033696528374e-08,7.160759040458291e-08,1.2889365760060223e-07
1639,"(1.0, 4.0, 9.0, 13.0, 13.0, 13.0)",23274999.99999999,1,-16.531137259922517,1.0,1.0,6.616347523183738e-08,4.2964554242749754e-08,4.296455239679683e-08
1640,"(1.0, 4.0, 9.0, 13.0, 13.0, 14.0)",69824999.99999997,2,-16.454503630571832,2.0,2.0,7.14331613623019e-08,2.8643036161833167e-08,2.8643035341409648e-08
1641,"(1.0, 4.0, 9.0, 13.0, 14.0, 14.0)",69824999.99999997,1,-16.377870001221147,1.0,1.0,7.712255930228526e-08,1.4321518080916584e-08,1.4321517875810704e-08
1642,"(1.0, 4.0, 11.0, 11.0, 11.0, 13.0)",33809999.999999985,1,-16.245061420303962,1.0,1.0,8.807638212030852e-08,2.9577048210588596e-08,2.9577047335786815e-08
1643,"(1.0, 4.0, 11.0, 11.0, 12.0, 13.0)",88199999.99999996,4,-16.330772897382197,4.0,4.0,8.0841701459713e-08,4.535147392290252e-08,4.535147186614633e-08
1644,"(1.0, 4.0, 11.0, 11.0, 13.0, 13.0)",44099999.99999998,5,-16.215886524070008,5.0,5.0,9.06838528245053e-08,1.133786848072563e-07,1.1337867195253013e-07
1645,"(1.0, 4.0, 11.0, 11.0, 13.0, 14.0)",88199999.99999996,1,-16.13925289471932,2.0,4.0,9.790650006018819e-08,2.267573696145126e-08,4.535147340871347e-08
1646,"(1.0, 4.0, 11.0, 12.0, 13.0, 13.0)",69824999.99999997,1,-16.301598001148243,1.0,1.0,8.323499195552028e-08,1.4321518080916584e-08,1.4321517875810704e-08
1647,"(1.0, 4.0, 11.0, 12.0, 13.0, 14.0)",139649999.99999994,5,-16.224964371797554,6.0,8.0,8.986436384296144e-08,4.296455424274975e-08,5.728607047771341e-08
1648,"(1.0, 4.0, 11.0, 13.0, 13.0, 13.0)",23274999.99999999,1,-16.18671162783605,1.0,1.0,9.336851679333898e-08,4.2964554242749754e-08,4.296455239679683e-08
1649,"(1.0, 4.0, 11.0, 13.0, 13.0, 14.0)",69824999.99999997,2,-16.110077998485366,3.0,5.0,1.0080498799204566e-07,4.296455424274975e-08,7.160758855863e-08
1650,"(1.0, 4.0, 11.0, 13.0, 14.0, 14.0)",69824999.99999997,2,-16.033444369134678,2.0,2.0,1.0883374774570105e-07,2.8643036161833167e-08,2.8643035341409648e-08
1651,"(1.0, 4.0, 13.0, 14.0, 14.0, 14.0)",16757999.999999994,4,-15.927635843550036,4.0,4.0,1.2098057474318137e-07,2.3869196801527637e-07,2.386919110414208e-07
1652,"(1.0, 6.0, 6.0, 6.0, 9.0, 13.0)",42997499.99999999,1,-16.638637553982058,1.0,1.0,5.941984627649303e-08,2.3257166114308977e-08,2.3257165573413202e-08
1653,"(1.0, 6.0, 6.0, 6.0, 11.0, 12.0)",42997499.99999999,1,-16.40909829520778,1.0,1.0,7.475137014027761e-08,2.3257166114308977e-08,2.3257165573413202e-08
1654,"(1.0, 6.0, 6.0, 6.0, 11.0, 13.0)",42997499.99999999,1,-16.294211921895588,1.0,1.0,8.385204821065309e-08,2.3257166114308977e-08,2.3257165573413202e-08
1655,"(1.0, 6.0, 6.0, 6.0, 12.0, 13.0)",34397999.99999999,1,-16.379923398973826,1.0,1.0,7.696435849251378e-08,2.907145764288622e-08,2.9071456797736572e-08
1656,"(1.0, 6.0, 6.0, 7.0, 8.0, 13.0)",128992499.99999996,3,-15.789796968824367,3.0,3.0,1.3886036614610253e-07,2.325716611430898e-08,2.3257165573413205e-08
1657,"(1.0, 6.0, 6.0, 7.0, 9.0, 11.0)",147419999.99999994,1,-16.46383198419282,1.0,1.0,7.076990592308821e-08,6.783340116673453e-09,6.783340070659749e-09
1658,"(1.0, 6.0, 6.0, 7.0, 9.0, 13.0)",128992499.99999996,4,-16.43465708795886,4.0,4.0,7.286502440991681e-08,3.100955481907864e-08,3.1009553857486145e-08
1659,"(1.0, 6.0, 6.0, 7.0, 11.0, 13.0)",128992499.99999996,2,-16.09023145587239,2.0,2.0,1.0282560327167789e-07,1.550477740953932e-08,1.5504777169141197e-08
1660,"(1.0, 6.0, 6.0, 7.0, 13.0, 14.0)",103194000.0,2,-15.984422930287751,3.0,5.0,1.1430186720380855e-07,2.9071457642886214e-08,4.845242855966071e-08
1661,"(1.0, 6.0, 6.0, 8.0, 8.0, 13.0)",59534999.99999995,3,-15.651004202762268,3.0,3.0,1.595347288378039e-07,5.0390526581002814e-08,5.0390524041797646e-08
1662,"(1.0, 6.0, 6.0, 8.0, 9.0, 11.0)",130409999.99999993,1,-16.32503921813072,1.0,1.0,8.130655322799362e-08,7.6681236101526e-09,7.668123551352482e-09
1663,"(1.0, 6.0, 6.0, 8.0, 9.0, 13.0)",119069999.9999999,8,-16.295864321896765,10.0,14.0,8.371360549896022e-08,8.398421096833803e-08,1.1757788830232554e-07
1664,"(1.0, 6.0, 6.0, 8.0, 11.0, 12.0)",119069999.9999999,1,-16.066325063122484,1.0,1.0,1.0531341130220286e-07,8.398421096833803e-09,8.398421026300325e-09
1665,"(1.0, 6.0, 6.0, 8.0, 11.0, 13.0)",119069999.9999999,3,-15.951438689810294,3.0,3.0,1.1813489472057779e-07,2.5195263290501407e-08,2.5195262655700115e-08
1666,"(1.0, 6.0, 6.0, 8.0, 11.0, 14.0)",119069999.9999999,1,-15.874805060459607,1.0,1.0,1.2754392007862562e-07,8.398421096833803e-09,8.398421026300325e-09
1667,"(1.0, 6.0, 6.0, 8.0, 13.0, 13.0)",49612499.99999996,2,-15.922263793576338,2.0,2.0,1.2163223725113878e-07,4.031242126480225e-08,4.031241963971094e-08
1668,"(1.0, 6.0, 6.0, 8.0, 13.0, 14.0)",99224999.99999993,2,-15.845630164225652,2.0,2.0,1.313198135372055e-07,2.0156210632401124e-08,2.0156210226128296e-08
1669,"(1.0, 6.0, 6.0, 9.0, 9.0, 13.0)",59534999.99999995,5,-16.940724441031257,5.0,5.0,4.392753726218731e-08,8.398421096833803e-08,8.398420391499034e-08
1670,"(1.0, 6.0, 6.0, 9.0, 11.0, 13.0)",119069999.9999999,3,-16.596298808944788,3.0,3.0,6.198962473151633e-08,2.5195263290501407e-08,2.5195262655700115e-08
1671,"(1.0, 6.0, 6.0, 9.0, 12.0, 13.0)",99224999.99999993,5,-16.682010286023022,5.0,5.0,5.689773598215698e-08,5.039052658100281e-08,5.039052404179764e-08
1672,"(1.0, 6.0, 6.0, 9.0, 13.0, 13.0)",49612499.99999996,4,-16.567123912710834,4.0,4.0,6.382480604301472e-08,8.06248425296045e-08,8.062483602923927e-08
1673,"(1.0, 6.0, 6.0, 9.0, 13.0, 14.0)",99224999.99999993,6,-16.490490283360145,10.0,24.0,6.890822546749252e-08,1.0078105316200561e-07,2.418745174319928e-07
1674,"(1.0, 6.0, 6.0, 11.0, 11.0, 13.0)",59534999.99999995,3,-16.251873176858318,5.0,11.0,8.747846598862299e-08,8.398421096833803e-08,1.8476525707699596e-07
1675,"(1.0, 6.0, 6.0, 11.0, 12.0, 13.0)",99224999.99999993,1,-16.337584653936556,1.0,1.0,8.029289874720298e-08,1.0078105316200562e-08,1.0078105214632355e-08
1676,"(1.0, 6.0, 6.0, 11.0, 12.0, 14.0)",99224999.99999993,1,-16.26095102458587,1.0,1.0,8.668794334575706e-08,1.0078105316200562e-08,1.0078105214632355e-08
1677,"(1.0, 6.0, 6.0, 11.0, 13.0, 13.0)",49612499.99999996,4,-16.222698280624364,6.0,12.0,9.006823559339441e-08,1.2093726379440673e-07,2.418745129629917e-07
1678,"(1.0, 6.0, 6.0, 11.0, 13.0, 14.0)",99224999.99999993,3,-16.146064651273676,4.0,6.0,9.724185110011971e-08,4.031242126480225e-08,6.046863027211205e-08
1679,"(1.0, 6.0, 6.0, 12.0, 13.0, 13.0)",37705499.99999998,1,-16.3084097577026,2.0,4.0,8.266994212930306e-08,5.304265955895032e-08,1.060853163043769e-07
1680,"(1.0, 6.0, 6.0, 12.0, 13.0, 14.0)",75410999.99999996,1,-16.231776128351914,2.0,4.0,8.925430980223121e-08,2.652132977947516e-08,5.304265885556939e-08
1681,"(1.0, 6.0, 6.0, 13.0, 13.0, 14.0)",37705499.99999998,2,-16.116889755039722,2.0,2.0,1.0012066233034353e-07,5.304265955895032e-08,5.3042656745426584e-08
1682,"(1.0, 6.0, 6.0, 13.0, 14.0, 14.0)",37705499.99999998,1,-16.040256125689037,1.0,1.0,1.0809491797224265e-07,2.652132977947516e-08,2.6521329076094226e-08
1683,"(1.0, 6.0, 7.0, 7.0, 8.0, 13.0)",128992499.99999996,4,-15.585816502801167,4.0,4.0,1.7028088429788774e-07,3.100955481907864e-08,3.1009553857486145e-08
1684,"(1.0, 6.0, 7.0, 7.0, 9.0, 13.0)",128992499.99999996,7,-16.230676621935665,8.0,10.0,8.935249945872343e-08,6.201910963815728e-08,7.752388320132664e-08
1685,"(1.0, 6.0, 7.0, 7.0, 11.0, 13.0)",128992499.99999996,2,-15.886250989849197,2.0,2.0,1.2609238431031195e-07,1.550477740953932e-08,1.5504777169141197e-08
1686,"(1.0, 6.0, 7.0, 7.0, 12.0, 13.0)",103194000.0,2,-15.971962466927431,2.0,2.0,1.1573503183672702e-07,1.9380971761924143e-08,1.9380971386302075e-08
1687,"(1.0, 6.0, 7.0, 8.0, 8.0, 13.0)",119069999.9999999,2,-15.44702373673907,2.0,2.0,1.9563332185184077e-07,1.6796842193667606e-08,1.67968419115337e-08
1688,"(1.0, 6.0, 7.0, 8.0, 9.0, 13.0)",238139999.9999998,18,-16.091883855873565,22.0,30.0,1.0265583454626054e-07,9.238263206517183e-08,1.2597630791795633e-07
1689,"(1.0, 6.0, 7.0, 8.0, 11.0, 13.0)",238139999.9999998,5,-15.747458223787095,5.0,5.0,1.4486577342229213e-07,2.0996052742084508e-08,2.0996052301250277e-08
1690,"(1.0, 6.0, 7.0, 8.0, 12.0, 13.0)",198449999.99999985,1,-15.833169700865332,1.0,1.0,1.3296635630126545e-07,5.039052658100281e-09,5.039052632708229e-09
1691,"(1.0, 6.0, 7.0, 8.0, 13.0, 13.0)",99224999.99999993,5,-15.718283327553142,7.0,13.0,1.4915447433332034e-07,7.054673721340393e-08,1.3101536413376517e-07
1692,"(1.0, 6.0, 7.0, 8.0, 13.0, 14.0)",198449999.99999985,6,-15.641649698202457,7.0,9.0,1.6103409918580705e-07,3.5273368606701966e-08,4.5351472678691997e-08
1693,"(1.0, 6.0, 7.0, 9.0, 9.0, 13.0)",119069999.9999999,4,-16.73674397500806,4.0,4.0,5.386720557947764e-08,3.359368438733521e-08,3.359368325879958e-08
1694,"(1.0, 6.0, 7.0, 9.0, 9.0, 14.0)",119069999.9999999,1,-16.660110345657376,1.0,1.0,5.815753744512398e-08,8.398421096833803e-09,8.398421026300325e-09
1695,"(1.0, 6.0, 7.0, 9.0, 11.0, 11.0)",130409999.99999993,1,-16.42149323915555,1.0,1.0,7.383054964570796e-08,7.6681236101526e-09,7.668123551352482e-09
1696,"(1.0, 6.0, 7.0, 9.0, 11.0, 12.0)",238139999.9999998,1,-16.507204716233783,1.0,1.0,6.776603567698786e-08,4.199210548416901e-09,4.1992105307835325e-09
1697,"(1.0, 6.0, 7.0, 9.0, 11.0, 13.0)",238139999.9999998,16,-16.39231834292159,20.0,30.0,7.601627742699887e-08,8.398421096833803e-08,1.2597630939915935e-07
1698,"(1.0, 6.0, 7.0, 9.0, 11.0, 14.0)",238139999.9999998,1,-16.315684713570906,1.0,1.0,8.207070430592197e-08,4.199210548416901e-09,4.1992105307835325e-09
1699,"(1.0, 6.0, 7.0, 9.0, 12.0, 13.0)",198449999.99999985,10,-16.478029819999826,14.0,26.0,6.977222562840933e-08,7.054673721340393e-08,1.3101536413376517e-07
1700,"(1.0, 6.0, 7.0, 9.0, 13.0, 13.0)",99224999.99999993,7,-16.363143446687637,7.0,7.0,7.826671292016262e-08,7.054673721340393e-08,7.05467322365618e-08
1701,"(1.0, 6.0, 7.0, 9.0, 13.0, 14.0)",198449999.99999985,10,-16.28650981733695,10.0,10.0,8.45003790041652e-08,5.039052658100281e-08,5.039052404179764e-08
1702,"(1.0, 6.0, 7.0, 11.0, 11.0, 13.0)",119069999.9999999,3,-16.04789271083512,6.0,14.0,1.072725858283606e-07,5.0390526581002814e-08,1.1757789281646807e-07
1703,"(1.0, 6.0, 7.0, 11.0, 12.0, 13.0)",198449999.99999985,5,-16.133604187913356,5.0,5.0,9.846111011351553e-08,2.5195263290501403e-08,2.5195262655700112e-08
1704,"(1.0, 6.0, 7.0, 11.0, 13.0, 13.0)",99224999.99999993,2,-16.018717814601168,2.0,2.0,1.1044835347659134e-07,2.0156210632401124e-08,2.0156210226128296e-08
1705,"(1.0, 6.0, 7.0, 11.0, 13.0, 14.0)",198449999.99999985,7,-15.94208418525048,9.0,15.0,1.1924517308754485e-07,4.535147392290253e-08,7.558578781474803e-08
1706,"(1.0, 6.0, 7.0, 11.0, 14.0, 14.0)",99224999.99999993,1,-15.865450555899796,1.0,1.0,1.2874262817953322e-07,1.0078105316200562e-08,1.0078105214632355e-08
1707,"(1.0, 6.0, 7.0, 12.0, 13.0, 13.0)",75410999.99999996,3,-16.104429291679402,4.0,6.0,1.0137601708338853e-07,5.304265955895032e-08,7.956398652490174e-08
1708,"(1.0, 6.0, 7.0, 12.0, 13.0, 14.0)",150821999.9999999,1,-16.027795662328717,1.0,1.0,1.0945025727881593e-07,6.63033244486879e-09,6.630332400907481e-09
1709,"(1.0, 6.0, 7.0, 13.0, 13.0, 13.0)",25136999.999999985,1,-15.989542918367212,1.0,1.0,1.137181386231204e-07,3.9781994669212736e-08,3.978199308660564e-08
1710,"(1.0, 6.0, 7.0, 13.0, 13.0, 14.0)",75410999.99999996,2,-15.912909289016524,2.0,2.0,1.2277538502356595e-07,2.652132977947516e-08,2.6521329076094226e-08
1711,"(1.0, 6.0, 7.0, 13.0, 14.0, 14.0)",75410999.99999996,3,-15.83627565966584,3.0,3.0,1.325540089751353e-07,3.9781994669212736e-08,3.978199308660564e-08
1712,"(1.0, 6.0, 8.0, 8.0, 8.0, 13.0)",33809999.999999985,2,-15.30823097067697,4.0,8.0,2.2476038209804353e-07,1.1830819284235439e-07,2.3661637168788028e-07
1713,"(1.0, 6.0, 8.0, 8.0, 9.0, 13.0)",101429999.99999996,11,-15.953091089811466,18.0,38.0,1.1793984981088721e-07,1.7746228926353158e-07,3.7464257917459145e-07
1714,"(1.0, 6.0, 8.0, 8.0, 9.0, 14.0)",101429999.99999996,1,-15.87645746046078,1.0,1.0,1.273333405336725e-07,9.859016070196199e-09,9.859015972996002e-09
1715,"(1.0, 6.0, 8.0, 8.0, 11.0, 13.0)",101429999.99999996,2,-15.608665457724998,2.0,2.0,1.664342571046342e-07,1.9718032140392398e-08,1.9718031751591606e-08
1716,"(1.0, 6.0, 8.0, 8.0, 13.0, 13.0)",44099999.99999998,1,-15.579490561491042,1.0,1.0,1.7136148548445492e-07,2.267573696145126e-08,2.267573644726221e-08
1717,"(1.0, 6.0, 8.0, 8.0, 13.0, 14.0)",88199999.99999996,1,-15.502856932140356,1.0,1.0,1.8500982001024962e-07,1.133786848072563e-08,1.1337868352178367e-08
1718,"(1.0, 6.0, 8.0, 9.0, 9.0, 9.0)",35419999.99999998,1,-16.971551737266388,1.0,1.0,4.2594029875217145e-08,2.823263692828912e-08,2.8232636131207334e-08
1719,"(1.0, 6.0, 8.0, 9.0, 9.0, 12.0)",101429999.99999996,1,-16.712837582258153,1.0,1.0,5.517049252707268e-08,9.859016070196199e-09,9.859015972996002e-09
1720,"(1.0, 6.0, 8.0, 9.0, 9.0, 13.0)",101429999.99999996,11,-16.59795120894596,11.0,11.0,6.188727765797704e-08,1.0844917677215818e-07,1.0844916501093424e-07
1721,"(1.0, 6.0, 8.0, 9.0, 11.0, 12.0)",202859999.9999999,1,-16.368411950171684,1.0,1.0,7.785544879498823e-08,4.929508035098099e-09,4.92950801079805e-09
1722,"(1.0, 6.0, 8.0, 9.0, 11.0, 13.0)",202859999.9999999,13,-16.253525576859495,15.0,19.0,8.7334035932296e-08,7.394262052647149e-08,9.366064719935276e-08
1723,"(1.0, 6.0, 8.0, 9.0, 12.0, 13.0)",176399999.9999999,4,-16.33923705393773,4.0,4.0,8.016033231776653e-08,2.267573696145126e-08,2.267573644726221e-08
1724,"(1.0, 6.0, 8.0, 9.0, 13.0, 13.0)",88199999.99999996,11,-16.224350680625538,17.0,35.0,8.991952973541e-08,1.927437641723357e-07,3.968253596752384e-07
1725,"(1.0, 6.0, 8.0, 9.0, 13.0, 14.0)",176399999.9999999,10,-16.147717051274853,12.0,16.0,9.708130134798349e-08,6.802721088435377e-08,9.070294321810362e-08
1726,"(1.0, 6.0, 8.0, 9.0, 14.0, 14.0)",88199999.99999996,1,-16.071083421924165,1.0,1.0,1.0481348266778766e-07,1.133786848072563e-08,1.1337868352178367e-08
1727,"(1.0, 6.0, 8.0, 11.0, 11.0, 13.0)",101429999.99999996,2,-15.909099944773024,3.0,5.0,1.2324397066511596e-07,2.9577048210588596e-08,4.929507947617921e-08
1728,"(1.0, 6.0, 8.0, 11.0, 12.0, 13.0)",176399999.9999999,8,-15.994811421851258,11.0,19.0,1.1312058969008923e-07,6.235827664399096e-08,1.0770974667833881e-07
1729,"(1.0, 6.0, 8.0, 11.0, 13.0, 13.0)",88199999.99999996,5,-15.879925048539068,5.0,5.0,1.2689256561465918e-07,5.668934240362815e-08,5.668933918994661e-08
1730,"(1.0, 6.0, 8.0, 11.0, 13.0, 14.0)",176399999.9999999,3,-15.803291419188382,3.0,3.0,1.3699910839729825e-07,1.7006802721088443e-08,1.7006802431857106e-08
1731,"(1.0, 6.0, 8.0, 12.0, 12.0, 13.0)",69824999.99999997,1,-16.080522898929495,1.0,1.0,1.0382875318585842e-07,1.4321518080916584e-08,1.4321517875810704e-08
1732,"(1.0, 6.0, 8.0, 12.0, 13.0, 13.0)",69824999.99999997,5,-15.965636525617304,7.0,13.0,1.1646948546166478e-07,1.0025062656641609e-07,1.8617972500172747e-07
1733,"(1.0, 6.0, 8.0, 12.0, 13.0, 14.0)",139649999.99999994,2,-15.889002896266618,3.0,5.0,1.2574586687919273e-07,2.1482277121374874e-08,3.5803794740803225e-08
1734,"(1.0, 6.0, 8.0, 13.0, 13.0, 13.0)",23274999.99999999,2,-15.850750152305112,2.0,2.0,1.306491759505454e-07,8.592910848549951e-08,8.592910110168782e-08
1735,"(1.0, 6.0, 8.0, 13.0, 13.0, 14.0)",69824999.99999997,4,-15.774116522954426,4.0,4.0,1.410549194223141e-07,5.7286072323666335e-08,5.728606904197225e-08
1736,"(1.0, 6.0, 8.0, 13.0, 14.0, 14.0)",69824999.99999997,4,-15.69748289360374,4.0,4.0,1.5228944345402487e-07,5.7286072323666335e-08,5.728606904197225e-08
1737,"(1.0, 6.0, 9.0, 9.0, 9.0, 13.0)",33809999.999999985,2,-17.242811328080457,2.0,2.0,3.247447866057895e-08,5.915409642117719e-08,5.915409292197007e-08
1738,"(1.0, 6.0, 9.0, 9.0, 9.0, 14.0)",33809999.999999985,1,-17.166177698729772,1.0,1.0,3.5060955703873256e-08,2.9577048210588596e-08,2.9577047335786815e-08
1739,"(1.0, 6.0, 9.0, 9.0, 11.0, 13.0)",101429999.99999996,5,-16.898385695993987,6.0,8.0,4.582730721974206e-08,5.915409642117719e-08,7.887212506236247e-08
1740,"(1.0, 6.0, 9.0, 9.0, 12.0, 13.0)",88199999.99999996,3,-16.98409717307222,3.0,3.0,4.206300712829461e-08,3.4013605442176887e-08,3.401360428525153e-08
1741,"(1.0, 6.0, 9.0, 9.0, 13.0, 13.0)",44099999.99999998,6,-16.869210799760033,6.0,6.0,4.718400873439419e-08,1.3605442176870755e-07,1.3605440325790185e-07
1742,"(1.0, 6.0, 9.0, 9.0, 13.0, 14.0)",88199999.99999996,5,-16.792577170409345,6.0,8.0,5.094204767560929e-08,6.802721088435377e-08,9.070294321810362e-08
1743,"(1.0, 6.0, 9.0, 11.0, 11.0, 13.0)",101429999.99999996,10,-16.553960063907518,15.0,25.0,6.467054048698254e-08,1.4788524105294298e-07,2.464753798848604e-07
1744,"(1.0, 6.0, 9.0, 11.0, 11.0, 14.0)",101429999.99999996,1,-16.477326434556833,1.0,1.0,6.982131966023111e-08,9.859016070196199e-09,9.859015972996002e-09
1745,"(1.0, 6.0, 9.0, 11.0, 12.0, 13.0)",176399999.9999999,4,-16.639671540985752,4.0,4.0,5.9358438680480775e-08,2.267573696145126e-08,2.267573644726221e-08
1746,"(1.0, 6.0, 9.0, 11.0, 13.0, 13.0)",88199999.99999996,6,-16.524785167673564,6.0,6.0,6.658508937835325e-08,6.802721088435377e-08,6.802720625665236e-08
1747,"(1.0, 6.0, 9.0, 11.0, 13.0, 14.0)",176399999.9999999,3,-16.448151538322875,3.0,3.0,7.188835558018696e-08,1.7006802721088443e-08,1.7006802431857106e-08
1748,"(1.0, 6.0, 9.0, 12.0, 12.0, 13.0)",69824999.99999997,3,-16.72538301806399,4.0,6.0,5.448267814142684e-08,5.7286072323666335e-08,8.592910520380542e-08
1749,"(1.0, 6.0, 9.0, 12.0, 13.0, 13.0)",69824999.99999997,3,-16.610496644751798,3.0,3.0,6.111572464273565e-08,4.296455424274975e-08,4.2964552396796823e-08
1750,"(1.0, 6.0, 9.0, 12.0, 13.0, 14.0)",139649999.99999994,8,-16.533863015401113,9.0,11.0,6.598337534237936e-08,6.444683136412462e-08,7.876834529164714e-08
1751,"(1.0, 6.0, 9.0, 13.0, 13.0, 13.0)",23274999.99999999,1,-16.49561027143961,1.0,1.0,6.855631782473999e-08,4.2964554242749754e-08,4.296455239679683e-08
1752,"(1.0, 6.0, 9.0, 13.0, 13.0, 14.0)",69824999.99999997,5,-16.41897664208892,6.0,8.0,7.401658538068188e-08,8.59291084854995e-08,1.1457213726352099e-07
1753,"(1.0, 6.0, 9.0, 13.0, 14.0, 14.0)",69824999.99999997,1,-16.342343012738233,1.0,1.0,7.99117438807187e-08,1.4321518080916584e-08,1.4321517875810704e-08
1754,"(1.0, 6.0, 11.0, 11.0, 11.0, 13.0)",33809999.999999985,2,-16.209534431821048,2.0,2.0,9.126171840785695e-08,5.915409642117719e-08,5.915409292197007e-08
1755,"(1.0, 6.0, 11.0, 11.0, 12.0, 13.0)",88199999.99999996,2,-16.295245908899286,2.0,2.0,8.376539109145797e-08,2.267573696145126e-08,2.267573644726221e-08
1756,"(1.0, 6.0, 11.0, 11.0, 13.0, 13.0)",44099999.99999998,2,-16.180359535587094,3.0,5.0,9.396348988659567e-08,6.802721088435377e-08,1.1337868017955488e-07
1757,"(1.0, 6.0, 11.0, 11.0, 13.0, 14.0)",88199999.99999996,2,-16.103725906236406,3.0,5.0,1.0144734858190183e-07,3.4013605442176887e-08,5.668934124670279e-08
1758,"(1.0, 6.0, 11.0, 12.0, 12.0, 13.0)",69824999.99999997,3,-16.38095738597752,4.0,6.0,7.688481947432684e-08,5.7286072323666335e-08,8.592910520380542e-08
1759,"(1.0, 6.0, 11.0, 12.0, 13.0, 13.0)",69824999.99999997,2,-16.26607101266533,2.0,2.0,8.624523640343099e-08,2.8643036161833167e-08,2.8643035341409648e-08
1760,"(1.0, 6.0, 11.0, 12.0, 13.0, 14.0)",139649999.99999994,1,-16.189437383314644,1.0,1.0,9.311436358427015e-08,7.160759040458292e-09,7.1607589891818214e-09
1761,"(1.0, 6.0, 11.0, 13.0, 13.0, 13.0)",23274999.99999999,1,-16.15118463935314,1.0,1.0,9.674524637165111e-08,4.2964554242749754e-08,4.296455239679683e-08
1762,"(1.0, 6.0, 11.0, 13.0, 13.0, 14.0)",69824999.99999997,8,-16.074551010002452,8.0,8.0,1.0445066210452613e-07,1.1457214464733267e-07,1.1457213152055634e-07
1763,"(1.0, 6.0, 11.0, 13.0, 14.0, 14.0)",69824999.99999997,2,-15.997917380651767,2.0,2.0,1.1276978687059039e-07,2.8643036161833167e-08,2.8643035341409648e-08
1764,"(1.0, 6.0, 12.0, 13.0, 13.0, 13.0)",16757999.999999994,1,-16.236896116431375,1.0,1.0,8.87984966746271e-08,5.967299200381909e-08,5.967298844295312e-08
1765,"(1.0, 6.0, 12.0, 13.0, 13.0, 14.0)",50273999.99999999,1,-16.160262487080686,1.0,1.0,9.587098198004278e-08,1.989099733460636e-08,1.9890996938954585e-08
1766,"(1.0, 6.0, 12.0, 13.0, 14.0, 14.0)",50273999.99999999,1,-16.08362885773,1.0,1.0,1.0350676565500823e-07,1.989099733460636e-08,1.9890996938954585e-08
1767,"(1.0, 6.0, 13.0, 13.0, 13.0, 14.0)",16757999.999999994,3,-16.045376113768498,3.0,3.0,1.0754288768095238e-07,1.7901897601145727e-07,1.790189439636635e-07
1768,"(1.0, 6.0, 13.0, 13.0, 14.0, 14.0)",25137000.0,2,-15.968742484417811,2.0,2.0,1.1610829724652689e-07,7.956398933842543e-08,7.956398300799704e-08
1769,"(1.0, 6.0, 13.0, 14.0, 14.0, 14.0)",16757999.999999994,1,-15.892108855067123,1.0,1.0,1.2535591130379882e-07,5.967299200381909e-08,5.967298844295312e-08
1770,"(1.0, 7.0, 7.0, 7.0, 8.0, 9.0)",49139999.99999998,1,-15.755436565098398,3.0,9.0,1.4371458323817996e-07,6.105006105006108e-08,1.8315017942307327e-07
1771,"(1.0, 7.0, 7.0, 7.0, 8.0, 13.0)",42997499.99999999,1,-15.381836036777973,1.0,1.0,2.0881105503324574e-07,2.3257166114308977e-08,2.3257165573413202e-08
1772,"(1.0, 7.0, 7.0, 7.0, 9.0, 13.0)",42997499.99999999,2,-16.026696155912468,2.0,2.0,1.0957066472120167e-07,4.651433222861795e-08,4.6514330065034854e-08
1773,"(1.0, 7.0, 7.0, 7.0, 11.0, 11.0)",24569999.99999999,1,-15.711445420059956,1.0,1.0,1.5017787379885742e-07,4.0700040700040716e-08,4.07000390435474e-08
1774,"(1.0, 7.0, 7.0, 7.0, 11.0, 13.0)",42997499.99999999,1,-15.682270523826,1.0,1.0,1.5462383759666895e-07,2.3257166114308977e-08,2.3257165573413202e-08
1775,"(1.0, 7.0, 7.0, 7.0, 12.0, 13.0)",34397999.99999999,1,-15.767982000904237,2.0,4.0,1.4192288348618256e-07,5.814291528577244e-08,1.1628582719094629e-07
1776,"(1.0, 7.0, 7.0, 8.0, 8.0, 13.0)",59534999.99999995,3,-15.243043270715871,3.0,3.0,2.3990009509275424e-07,5.0390526581002814e-08,5.0390524041797646e-08
1777,"(1.0, 7.0, 7.0, 8.0, 9.0, 13.0)",119069999.9999999,5,-15.887903389850369,6.0,8.0,1.2588420130250003e-07,5.0390526581002814e-08,6.718736623546526e-08
1778,"(1.0, 7.0, 7.0, 8.0, 11.0, 13.0)",119069999.9999999,5,-15.5434777577639,5.0,5.0,1.7764516029642902e-07,4.1992105484169016e-08,4.199210372083209e-08
1779,"(1.0, 7.0, 7.0, 8.0, 12.0, 13.0)",99224999.99999993,3,-15.629189234842135,6.0,18.0,1.6305321209527074e-07,6.046863189720337e-08,1.8140589203515468e-07
1780,"(1.0, 7.0, 7.0, 8.0, 13.0, 13.0)",49612499.99999996,2,-15.514302861529943,2.0,2.0,1.829042835717541e-07,4.031242126480225e-08,4.031241963971094e-08
1781,"(1.0, 7.0, 7.0, 8.0, 13.0, 14.0)",99224999.99999993,5,-15.43766923217926,5.0,5.0,1.974719610246579e-07,5.039052658100281e-08,5.039052404179764e-08
1782,"(1.0, 7.0, 7.0, 9.0, 9.0, 13.0)",59534999.99999995,11,-16.532763508984864,13.0,17.0,6.60559643856807e-08,2.1835894851767888e-07,2.855462696117189e-07
1783,"(1.0, 7.0, 7.0, 9.0, 11.0, 13.0)",119069999.9999999,9,-16.188337876898395,9.0,9.0,9.321679972875538e-08,7.558578987150422e-08,7.558578415829259e-08
1784,"(1.0, 7.0, 7.0, 9.0, 12.0, 13.0)",99224999.99999993,6,-16.27404935397663,6.0,6.0,8.555988010961119e-08,6.046863189720337e-08,6.046862824074792e-08
1785,"(1.0, 7.0, 7.0, 9.0, 13.0, 13.0)",49612499.99999996,5,-16.15916298066444,5.0,5.0,9.597645071100961e-08,1.0078105316200561e-07,1.0078104300518493e-07
1786,"(1.0, 7.0, 7.0, 9.0, 13.0, 14.0)",99224999.99999993,4,-16.082529351313752,7.0,15.0,1.0362063459631544e-07,7.054673721340393e-08,1.511715747661663e-07
1787,"(1.0, 7.0, 7.0, 9.0, 14.0, 14.0)",49612499.99999996,1,-16.005895721963068,1.0,1.0,1.1187365061533164e-07,2.0156210632401124e-08,2.0156210226128296e-08
1788,"(1.0, 7.0, 7.0, 11.0, 11.0, 13.0)",59534999.99999995,2,-15.843912244811929,3.0,5.0,1.315456042839108e-07,5.0390526581002814e-08,8.398420842913286e-08
1789,"(1.0, 7.0, 7.0, 11.0, 12.0, 13.0)",99224999.99999993,1,-15.92962372189016,2.0,4.0,1.2074031895782697e-07,2.0156210632401124e-08,4.031242085852942e-08
1790,"(1.0, 7.0, 7.0, 11.0, 13.0, 13.0)",49612499.99999996,3,-15.814737348577973,5.0,9.0,1.3543996621362378e-07,1.0078105316200561e-07,1.8140588553478945e-07
1791,"(1.0, 7.0, 7.0, 11.0, 13.0, 14.0)",99224999.99999993,3,-15.738103719227285,3.0,3.0,1.462272791376449e-07,3.023431594860168e-08,3.023431503448782e-08
1792,"(1.0, 7.0, 7.0, 13.0, 13.0, 14.0)",37705499.99999998,2,-15.708928822993329,2.0,2.0,1.5055628695253246e-07,5.304265955895032e-08,5.3042656745426584e-08
1793,"(1.0, 7.0, 7.0, 13.0, 14.0, 14.0)",37705499.99999998,2,-15.632295193642642,2.0,2.0,1.625475612081242e-07,5.304265955895032e-08,5.3042656745426584e-08
1794,"(1.0, 7.0, 8.0, 8.0, 8.0, 13.0)",33809999.999999985,1,-15.104250504653772,1.0,1.0,2.7561785757152223e-07,2.9577048210588596e-08,2.9577047335786815e-08
1795,"(1.0, 7.0, 8.0, 8.0, 9.0, 9.0)",53129999.99999997,1,-16.122711152108693,1.0,1.0,9.95395133906731e-08,1.8821757952192746e-08,1.8821757597934173e-08
1796,"(1.0, 7.0, 8.0, 8.0, 9.0, 13.0)",101429999.99999996,12,-15.749110623788267,13.0,15.0,1.4462659488185124e-07,1.2816720891255057e-07,1.4788522462610954e-07
1797,"(1.0, 7.0, 8.0, 8.0, 11.0, 13.0)",101429999.99999996,7,-15.4046849917018,10.0,16.0,2.0409403535217822e-07,9.859016070196198e-08,1.577442474031194e-07
1798,"(1.0, 7.0, 8.0, 8.0, 12.0, 13.0)",88199999.99999996,3,-15.490396468780036,4.0,6.0,1.8732955053843532e-07,4.535147392290252e-08,6.802720882759758e-08
1799,"(1.0, 7.0, 8.0, 8.0, 13.0, 13.0)",44099999.99999998,6,-15.375510095467844,7.0,9.0,2.1013616838797004e-07,1.5873015873015882e-07,2.0408160745779803e-07
1800,"(1.0, 7.0, 8.0, 8.0, 13.0, 14.0)",88199999.99999996,3,-15.29887646611716,3.0,3.0,2.2687276887914505e-07,3.4013605442176887e-08,3.401360428525153e-08
1801,"(1.0, 7.0, 8.0, 9.0, 9.0, 13.0)",101429999.99999996,15,-16.393970742922765,18.0,24.0,7.589077185135294e-08,1.7746228926353158e-07,2.3661635419184467e-07
1802,"(1.0, 7.0, 8.0, 9.0, 11.0, 11.0)",106259999.99999994,1,-16.078720007070253,1.0,1.0,1.040161140446659e-07,9.410878976096373e-09,9.41087888753173e-09
1803,"(1.0, 7.0, 8.0, 9.0, 11.0, 13.0)",202859999.9999999,21,-16.0495451108363,22.0,24.0,1.070954749766963e-07,1.0844917677215818e-07,1.1830818108113044e-07
1804,"(1.0, 7.0, 8.0, 9.0, 11.0, 14.0)",202859999.9999999,1,-15.97291148148561,1.0,1.0,1.156252497072816e-07,4.929508035098099e-09,4.92950801079805e-09
1805,"(1.0, 7.0, 8.0, 9.0, 12.0, 13.0)",176399999.9999999,13,-16.135256587914533,13.0,13.0,9.82985473214158e-08,7.369614512471659e-08,7.369613969359478e-08
1806,"(1.0, 7.0, 8.0, 9.0, 13.0, 13.0)",88199999.99999996,13,-16.02037021460234,15.0,19.0,1.1026599931967361e-07,1.7006802721088445e-07,2.154194722106531e-07
1807,"(1.0, 7.0, 8.0, 9.0, 13.0, 14.0)",176399999.9999999,11,-15.943736585251656,15.0,23.0,1.1904829506881057e-07,8.503401360544222e-08,1.3038548029756128e-07
1808,"(1.0, 7.0, 8.0, 9.0, 14.0, 14.0)",88199999.99999996,1,-15.867102955900968,1.0,1.0,1.285300695249037e-07,1.133786848072563e-08,1.1337868352178367e-08
1809,"(1.0, 7.0, 8.0, 11.0, 11.0, 13.0)",101429999.99999996,9,-15.705119478749827,14.0,26.0,1.51130901434886e-07,1.3802622498274678e-07,2.5633439877386236e-07
1810,"(1.0, 7.0, 8.0, 11.0, 11.0, 14.0)",101429999.99999996,1,-15.62848584939914,2.0,4.0,1.6316794169592732e-07,1.9718032140392398e-08,3.9436063891984007e-08
1811,"(1.0, 7.0, 8.0, 11.0, 12.0, 13.0)",176399999.9999999,14,-15.790830955828062,16.0,20.0,1.387168605364324e-07,9.070294784580504e-08,1.1337867658023155e-07
1812,"(1.0, 7.0, 8.0, 11.0, 13.0, 13.0)",88199999.99999996,4,-15.675944582515871,6.0,12.0,1.5560507928488057e-07,6.802721088435377e-08,1.3605441714100612e-07
1813,"(1.0, 7.0, 8.0, 11.0, 13.0, 14.0)",176399999.9999999,12,-15.599310953165183,14.0,18.0,1.6799847194244812e-07,7.936507936507941e-08,1.0204081002771483e-07
1814,"(1.0, 7.0, 8.0, 12.0, 12.0, 13.0)",69824999.99999997,1,-15.876542432906298,2.0,4.0,1.27322521168012e-07,2.8643036161833167e-08,5.7286071503242815e-08
1815,"(1.0, 7.0, 8.0, 12.0, 13.0, 13.0)",69824999.99999997,2,-15.761656059594108,2.0,2.0,1.428235250169606e-07,2.8643036161833167e-08,2.8643035341409648e-08
1816,"(1.0, 7.0, 8.0, 12.0, 13.0, 14.0)",139649999.99999994,1,-15.68502243024342,1.0,1.0,1.5419891221131104e-07,7.160759040458292e-09,7.1607589891818214e-09
1817,"(1.0, 7.0, 8.0, 13.0, 13.0, 13.0)",23274999.99999999,2,-15.646769686281916,2.0,2.0,1.6021171361626525e-07,8.592910848549951e-08,8.592910110168782e-08
1818,"(1.0, 7.0, 8.0, 13.0, 13.0, 14.0)",69824999.99999997,2,-15.57013605693123,2.0,2.0,1.7297200835929822e-07,2.8643036161833167e-08,2.8643035341409648e-08
1819,"(1.0, 7.0, 8.0, 13.0, 14.0, 14.0)",69824999.99999997,2,-15.493502427580545,2.0,2.0,1.8674861531979497e-07,2.8643036161833167e-08,2.8643035341409648e-08
1820,"(1.0, 7.0, 9.0, 9.0, 9.0, 13.0)",33809999.999999985,4,-17.03883086205726,4.0,4.0,3.9822615314279556e-08,1.1830819284235439e-07,1.1830817884552589e-07
1821,"(1.0, 7.0, 9.0, 9.0, 11.0, 13.0)",101429999.99999996,7,-16.69440522997079,11.0,25.0,5.619684446286222e-08,1.0844917677215818e-07,2.46475389993681e-07
1822,"(1.0, 7.0, 9.0, 9.0, 11.0, 14.0)",101429999.99999996,1,-16.617771600620106,1.0,1.0,6.067272380269648e-08,9.859016070196199e-09,9.859015972996002e-09
1823,"(1.0, 7.0, 9.0, 9.0, 12.0, 13.0)",88199999.99999996,5,-16.780116707049025,7.0,11.0,5.158078038263454e-08,7.936507936507941e-08,1.247165469891661e-07
1824,"(1.0, 7.0, 9.0, 9.0, 13.0, 13.0)",44099999.99999998,9,-16.665230333736837,11.0,15.0,5.786053252630993e-08,2.4943310657596384e-07,3.4013599220489425e-07
1825,"(1.0, 7.0, 9.0, 9.0, 13.0, 14.0)",88199999.99999996,6,-16.58859670438615,6.0,6.0,6.24689187195503e-08,6.802721088435377e-08,6.802720625665236e-08
1826,"(1.0, 7.0, 9.0, 9.0, 14.0, 14.0)",44099999.99999998,1,-16.511963075035464,2.0,4.0,6.744434652783938e-08,4.535147392290252e-08,9.070294578904884e-08
1827,"(1.0, 7.0, 9.0, 11.0, 11.0, 13.0)",101429999.99999996,13,-16.34997959788432,19.0,31.0,7.930381524818399e-08,1.8732130533372779e-07,3.0562946308681074e-07
1828,"(1.0, 7.0, 9.0, 11.0, 12.0, 13.0)",176399999.9999999,10,-16.435691074962556,11.0,13.0,7.278972185929143e-08,6.235827664399096e-08,7.369614123616191e-08
1829,"(1.0, 7.0, 9.0, 11.0, 13.0, 13.0)",88199999.99999996,16,-16.320804701650367,21.0,35.0,8.165157715679892e-08,2.3809523809523822e-07,3.9682534013605464e-07
1830,"(1.0, 7.0, 9.0, 11.0, 13.0, 14.0)",176399999.9999999,12,-16.24417107229968,16.0,26.0,8.815483567165261e-08,9.070294784580504e-08,1.4739228202240843e-07
1831,"(1.0, 7.0, 9.0, 11.0, 14.0, 14.0)",88199999.99999996,1,-16.167537442948994,1.0,1.0,9.51760556611484e-08,1.133786848072563e-08,1.1337868352178367e-08
1832,"(1.0, 7.0, 9.0, 12.0, 12.0, 12.0)",23274999.99999999,1,-16.636288925352986,1.0,1.0,5.9559565438580216e-08,4.2964554242749754e-08,4.296455239679683e-08
1833,"(1.0, 7.0, 9.0, 12.0, 12.0, 13.0)",69824999.99999997,2,-16.521402552040794,2.0,2.0,6.681070250872098e-08,2.8643036161833167e-08,2.8643035341409648e-08
1834,"(1.0, 7.0, 9.0, 12.0, 13.0, 13.0)",69824999.99999997,4,-16.4065161787286,4.0,4.0,7.494463629543936e-08,5.7286072323666335e-08,5.728606904197225e-08
1835,"(1.0, 7.0, 9.0, 12.0, 13.0, 14.0)",139649999.99999994,3,-16.329882549377917,3.0,3.0,8.091371075918134e-08,2.1482277121374874e-08,2.1482276659886644e-08
1836,"(1.0, 7.0, 9.0, 12.0, 14.0, 14.0)",69824999.99999997,1,-16.253248920027232,1.0,1.0,8.7358200832564e-08,1.4321518080916584e-08,1.4321517875810704e-08
1837,"(1.0, 7.0, 9.0, 13.0, 13.0, 13.0)",23274999.99999999,2,-16.291629805416413,2.0,2.0,8.406884374135276e-08,8.592910848549951e-08,8.592910110168782e-08
1838,"(1.0, 7.0, 9.0, 13.0, 13.0, 14.0)",69824999.99999997,7,-16.214996176065725,7.0,7.0,9.076462896599043e-08,1.0025062656641609e-07,1.0025061651622796e-07
1839,"(1.0, 7.0, 9.0, 13.0, 14.0, 14.0)",69824999.99999997,4,-16.138362546715037,4.0,4.0,9.799370973484196e-08,5.7286072323666335e-08,5.728606904197225e-08
1840,"(1.0, 7.0, 11.0, 11.0, 11.0, 13.0)",33809999.999999985,5,-16.00555396579785,5.0,5.0,1.1191189065916787e-07,1.4788524105294298e-07,1.4788521918289845e-07
1841,"(1.0, 7.0, 11.0, 11.0, 11.0, 14.0)",33809999.999999985,1,-15.928920336447169,1.0,1.0,1.2082527581576988e-07,2.9577048210588596e-08,2.9577047335786815e-08
1842,"(1.0, 7.0, 11.0, 11.0, 12.0, 13.0)",88199999.99999996,1,-16.09126544287609,1.0,1.0,1.02719337882231e-07,1.133786848072563e-08,1.1337868352178367e-08
1843,"(1.0, 7.0, 11.0, 11.0, 13.0, 13.0)",44099999.99999998,6,-15.976379069563896,6.0,6.0,1.1522500331570814e-07,1.3605442176870755e-07,1.3605440325790185e-07
1844,"(1.0, 7.0, 11.0, 11.0, 13.0, 14.0)",88199999.99999996,6,-15.899745440213213,7.0,9.0,1.244022661442985e-07,7.936507936507941e-08,1.0204081002771483e-07
1845,"(1.0, 7.0, 11.0, 12.0, 12.0, 13.0)",69824999.99999997,1,-16.176976919954324,1.0,1.0,9.428187043232312e-08,1.4321518080916584e-08,1.4321517875810704e-08
1846,"(1.0, 7.0, 11.0, 12.0, 13.0, 14.0)",139649999.99999994,6,-15.985456917291447,6.0,6.0,1.1418374163929515e-07,4.296455424274975e-08,4.2964552396796823e-08
1847,"(1.0, 7.0, 11.0, 13.0, 13.0, 14.0)",69824999.99999997,6,-15.870570543979255,7.0,9.0,1.2808515202923309e-07,1.0025062656641609e-07,1.2889365267806112e-07
1848,"(1.0, 7.0, 12.0, 12.0, 13.0, 14.0)",50273999.99999999,1,-16.071168394369685,1.0,1.0,1.0480457678822438e-07,1.989099733460636e-08,1.9890996938954585e-08
1849,"(1.0, 7.0, 12.0, 13.0, 13.0, 14.0)",50273999.99999999,1,-15.956282021057492,1.0,1.0,1.1756411165509994e-07,1.989099733460636e-08,1.9890996938954585e-08
1850,"(1.0, 7.0, 12.0, 13.0, 14.0, 14.0)",50273999.99999999,1,-15.879648391706803,1.0,1.0,1.2692767616646312e-07,1.989099733460636e-08,1.9890996938954585e-08
1851,"(1.0, 7.0, 13.0, 13.0, 13.0, 13.0)",4189499.999999999,1,-15.918029277095986,1.0,1.0,1.2214838300691923e-07,2.386919680152763e-07,2.3869191104142073e-07
1852,"(1.0, 7.0, 13.0, 13.0, 13.0, 14.0)",16757999.999999994,2,-15.8413956477453,2.0,2.0,1.3187706847174364e-07,1.1934598400763818e-07,1.193459697641743e-07
1853,"(1.0, 8.0, 8.0, 8.0, 8.0, 13.0)",6641249.999999997,1,-14.965457738591674,1.0,1.0,3.16653494376252e-07,1.5057406361754194e-07,1.505740409449933e-07
1854,"(1.0, 8.0, 8.0, 8.0, 9.0, 13.0)",26564999.99999999,3,-15.61031785772617,5.0,11.0,1.6615946823109118e-07,1.8821757952192741e-07,4.140786395223831e-07
1855,"(1.0, 8.0, 8.0, 8.0, 11.0, 13.0)",26564999.99999999,3,-15.265892225639702,4.0,6.0,2.3448077727999524e-07,1.5057406361754194e-07,2.2586107275376428e-07
1856,"(1.0, 8.0, 8.0, 8.0, 12.0, 12.0)",12074999.999999994,1,-15.466490076030128,2.0,4.0,1.9186188436732436e-07,1.6563146997929615e-07,3.312629125248085e-07
1857,"(1.0, 8.0, 8.0, 8.0, 12.0, 13.0)",24149999.99999999,1,-15.351603702717936,1.0,1.0,2.1522029559545254e-07,4.140786749482404e-08,4.1407865780212546e-08
1858,"(1.0, 8.0, 8.0, 8.0, 13.0, 13.0)",12074999.999999994,3,-15.236717329405746,3.0,3.0,2.4142249925740083e-07,2.4844720496894423e-07,2.484471432429306e-07
1859,"(1.0, 8.0, 8.0, 8.0, 13.0, 14.0)",24149999.99999999,1,-15.16008370005506,1.0,1.0,2.6065094503448497e-07,4.140786749482404e-08,4.1407865780212546e-08
1860,"(1.0, 8.0, 8.0, 9.0, 9.0, 13.0)",39847499.99999999,11,-16.255177976860665,15.0,25.0,8.718984433512567e-08,3.764351590438548e-07,6.27391790036329e-07
1861,"(1.0, 8.0, 8.0, 9.0, 11.0, 12.0)",79694999.99999997,1,-16.025638718086388,1.0,1.0,1.0968659016788074e-07,1.2547838634795161e-08,1.2547838477346907e-08
1862,"(1.0, 8.0, 8.0, 9.0, 11.0, 13.0)",79694999.99999997,5,-15.910752344774195,6.0,8.0,1.230404904894647e-07,7.528703180877097e-08,1.0038270341022413e-07
1863,"(1.0, 8.0, 8.0, 9.0, 11.0, 14.0)",79694999.99999997,1,-15.83411871542351,2.0,4.0,1.328402291511045e-07,2.5095677269590323e-08,5.019135390938763e-08
1864,"(1.0, 8.0, 8.0, 9.0, 12.0, 13.0)",72449999.99999997,3,-15.996463821852432,4.0,6.0,1.129338235762119e-07,5.521048999309871e-08,8.281573194144985e-08
1865,"(1.0, 8.0, 8.0, 9.0, 13.0, 13.0)",36224999.99999999,9,-15.88157744854024,9.0,9.0,1.266830614790754e-07,2.484472049689442e-07,2.484471432429305e-07
1866,"(1.0, 8.0, 8.0, 9.0, 13.0, 14.0)",72449999.99999997,5,-15.804943819189557,11.0,31.0,1.3677291800039392e-07,1.5182884748102146e-07,4.278812743945161e-07
1867,"(1.0, 8.0, 8.0, 11.0, 11.0, 13.0)",39847499.99999999,2,-15.566326712687728,3.0,5.0,1.7363217488609607e-07,7.528703180877096e-08,1.254783806798144e-07
1868,"(1.0, 8.0, 8.0, 11.0, 12.0, 13.0)",72449999.99999997,7,-15.652038189765964,10.0,18.0,1.593698572537741e-07,1.3802622498274678e-07,2.484471859177054e-07
1869,"(1.0, 8.0, 8.0, 11.0, 13.0, 13.0)",36224999.99999999,6,-15.537151816453772,9.0,15.0,1.787724951220371e-07,2.484472049689442e-07,4.140786132222266e-07
1870,"(1.0, 8.0, 8.0, 11.0, 13.0, 14.0)",72449999.99999997,6,-15.460518187103084,6.0,6.0,1.9301109027974517e-07,8.281573498964806e-08,8.28157281312021e-08
1871,"(1.0, 8.0, 8.0, 12.0, 13.0, 13.0)",29924999.99999999,1,-15.622863293532008,1.0,1.0,1.6408794652943985e-07,3.3416875522138694e-08,3.341687440545113e-08
1872,"(1.0, 8.0, 8.0, 13.0, 14.0, 14.0)",29924999.99999999,1,-15.354709661518443,1.0,1.0,2.1455286726330665e-07,3.3416875522138694e-08,3.341687440545113e-08
1873,"(1.0, 8.0, 9.0, 9.0, 9.0, 13.0)",26564999.99999999,1,-16.90003809599516,1.0,1.0,4.5751644706822496e-08,3.7643515904385486e-08,3.764351448735119e-08
1874,"(1.0, 8.0, 9.0, 9.0, 11.0, 13.0)",79694999.99999997,11,-16.555612463908695,15.0,25.0,6.456376712625116e-08,1.8821757952192741e-07,3.1369593044402183e-07
1875,"(1.0, 8.0, 9.0, 9.0, 12.0, 13.0)",72449999.99999997,1,-16.64132394098693,1.0,1.0,5.926043578862372e-08,1.3802622498274678e-08,1.3802622307762291e-08
1876,"(1.0, 8.0, 9.0, 9.0, 13.0, 13.0)",36224999.99999999,5,-16.526437567674737,5.0,5.0,6.647515502935948e-08,1.3802622498274675e-07,1.3802620593150796e-07
1877,"(1.0, 8.0, 9.0, 9.0, 13.0, 14.0)",72449999.99999997,10,-16.449803938324052,12.0,18.0,7.176966535021595e-08,1.6563146997929613e-07,2.4844717753516035e-07
1878,"(1.0, 8.0, 9.0, 11.0, 11.0, 13.0)",79694999.99999997,3,-16.211186831822225,3.0,3.0,9.111104206732923e-08,3.7643515904385486e-08,3.764351448735119e-08
1879,"(1.0, 8.0, 9.0, 11.0, 12.0, 13.0)",144899999.99999994,9,-16.29689830890046,13.0,23.0,8.362709145374897e-08,8.971704623878541e-08,1.5873015068101042e-07
1880,"(1.0, 8.0, 9.0, 11.0, 13.0, 13.0)",72449999.99999997,15,-16.182011935588267,16.0,18.0,9.380835282533607e-08,2.2084195997239485e-07,2.484471561977729e-07
1881,"(1.0, 8.0, 9.0, 11.0, 13.0, 14.0)",144899999.99999994,16,-16.105378306237583,18.0,22.0,1.0127985540396004e-07,1.242236024844721e-07,1.5182883204951805e-07
1882,"(1.0, 8.0, 9.0, 12.0, 12.0, 13.0)",59849999.99999998,6,-16.382609785978694,7.0,9.0,7.675787990489283e-08,1.1695906432748543e-07,1.503759261702014e-07
1883,"(1.0, 8.0, 9.0, 12.0, 13.0, 13.0)",59849999.99999998,10,-16.267723412666506,12.0,16.0,8.610284245297806e-08,2.0050125313283215e-07,2.6733496397635704e-07
1884,"(1.0, 8.0, 9.0, 12.0, 13.0, 14.0)",119699999.99999996,3,-16.191089783315817,3.0,3.0,9.296062846071359e-08,2.506265664160402e-08,2.5062656013467262e-08
1885,"(1.0, 8.0, 9.0, 13.0, 13.0, 13.0)",19950000.0,2,-16.15283703935431,2.0,2.0,9.658551653157157e-08,1.0025062656641604e-07,1.0025061651622791e-07
1886,"(1.0, 8.0, 9.0, 13.0, 13.0, 14.0)",59849999.99999998,12,-16.076203410003625,14.0,18.0,1.0427821034922126e-07,2.3391812865497085e-07,3.0075182498155733e-07
1887,"(1.0, 8.0, 9.0, 13.0, 14.0, 14.0)",59849999.99999998,2,-15.99956978065294,2.0,2.0,1.1258359994463555e-07,3.3416875522138694e-08,3.341687440545113e-08
1888,"(1.0, 8.0, 11.0, 11.0, 11.0, 13.0)",26564999.99999999,1,-15.866761199735754,1.0,1.0,1.2857400297541549e-07,3.7643515904385486e-08,3.764351448735119e-08
1889,"(1.0, 8.0, 11.0, 11.0, 12.0, 13.0)",72449999.99999997,3,-15.95247267681399,4.0,6.0,1.1801280790372189e-07,5.521048999309871e-08,8.281573194144985e-08
1890,"(1.0, 8.0, 11.0, 11.0, 13.0, 13.0)",36224999.99999999,6,-15.837586303501798,6.0,6.0,1.3238039168041234e-07,1.656314699792961e-07,1.6563144254551224e-07
1891,"(1.0, 8.0, 11.0, 11.0, 13.0, 14.0)",72449999.99999997,3,-15.760952674151111,4.0,6.0,1.4292402034470692e-07,5.521048999309871e-08,8.281573194144985e-08
1892,"(1.0, 8.0, 11.0, 12.0, 12.0, 13.0)",59849999.99999998,1,-16.038184153892225,2.0,4.0,1.083191197833652e-07,3.3416875522138694e-08,6.683374992758982e-08
1893,"(1.0, 8.0, 11.0, 12.0, 13.0, 13.0)",59849999.99999998,2,-15.923297780580034,4.0,10.0,1.2150653609646997e-07,6.683375104427739e-08,1.6708437314394318e-07
1894,"(1.0, 8.0, 11.0, 12.0, 13.0, 14.0)",119699999.99999996,3,-15.846664151229348,3.0,3.0,1.3118410073141015e-07,2.506265664160402e-08,2.5062656013467262e-08
1895,"(1.0, 8.0, 11.0, 13.0, 13.0, 13.0)",19950000.0,1,-15.808411407267842,1.0,1.0,1.3629946720108136e-07,5.012531328320802e-08,5.012531077066099e-08
1896,"(1.0, 8.0, 11.0, 13.0, 13.0, 14.0)",59849999.99999998,5,-15.731777777917156,5.0,5.0,1.4715523633023436e-07,8.354218880534673e-08,8.354218182604942e-08
1897,"(1.0, 8.0, 11.0, 13.0, 14.0, 14.0)",59849999.99999998,3,-15.655144148566473,3.0,3.0,1.5887562896676712e-07,5.012531328320804e-08,5.012531077066101e-08
1898,"(1.0, 8.0, 12.0, 13.0, 13.0, 13.0)",14962499.999999994,4,-15.894122884346078,4.0,4.0,1.2510369489901052e-07,2.6733500417710955e-07,2.673349327091051e-07
1899,"(1.0, 8.0, 12.0, 13.0, 13.0, 14.0)",44887499.99999999,4,-15.817489254995392,4.0,4.0,1.3506776047399967e-07,8.91116680590365e-08,8.911166011814712e-08
1900,"(1.0, 8.0, 12.0, 13.0, 14.0, 14.0)",44887499.99999999,1,-15.740855625644706,1.0,1.0,1.458254285310164e-07,2.2277917014759125e-08,2.227791651845354e-08
1901,"(1.0, 8.0, 13.0, 13.0, 13.0, 13.0)",3740624.999999999,1,-15.779236511033886,1.0,1.0,1.40334565591465e-07,2.673350041771095e-07,2.6733493270910506e-07
1902,"(1.0, 8.0, 13.0, 13.0, 14.0, 14.0)",22443750.0,2,-15.625969252332515,2.0,2.0,1.6357908678563924e-07,8.911166805903649e-08,8.91116601181471e-08
1903,"(1.0, 8.0, 13.0, 14.0, 14.0, 14.0)",14962499.999999994,1,-15.549335622981827,1.0,1.0,1.7660758085805436e-07,6.683375104427739e-08,6.683374657752711e-08
1904,"(1.0, 9.0, 9.0, 9.0, 9.0, 13.0)",6641249.999999997,2,-17.544898215129656,2.0,2.0,2.4007532176956054e-08,3.011481272350839e-07,3.0114803654488935e-07
1905,"(1.0, 9.0, 9.0, 9.0, 11.0, 13.0)",26564999.99999999,3,-17.200472583043187,3.0,3.0,3.387892887089672e-08,1.1293054771315646e-07,1.1293053495984785e-07
1906,"(1.0, 9.0, 9.0, 9.0, 13.0, 14.0)",24149999.99999999,2,-17.094664057458544,3.0,5.0,3.766012263090834e-08,1.2422360248447211e-07,2.0703932204261678e-07
1907,"(1.0, 9.0, 9.0, 11.0, 11.0, 13.0)",39847499.99999999,5,-16.856046950956717,5.0,5.0,4.7809238074915205e-08,1.2547838634795158e-07,1.2547837060312613e-07
1908,"(1.0, 9.0, 9.0, 11.0, 12.0, 13.0)",72449999.99999997,2,-16.94175842803495,3.0,5.0,4.388214023356732e-08,4.140786749482403e-08,6.90131107767619e-08
1909,"(1.0, 9.0, 9.0, 11.0, 13.0, 13.0)",36224999.99999999,3,-16.826872054722763,4.0,6.0,4.9224613964220344e-08,1.104209799861974e-07,1.6563145778650328e-07
1910,"(1.0, 9.0, 9.0, 11.0, 13.0, 14.0)",72449999.99999997,7,-16.750238425372075,7.0,7.0,5.3145179874275715e-08,9.661835748792275e-08,9.661834815281575e-08
1911,"(1.0, 9.0, 9.0, 11.0, 14.0, 14.0)",36224999.99999999,1,-16.67360479602139,2.0,4.0,5.737800495341773e-08,5.52104899930987e-08,1.1042097693799919e-07
1912,"(1.0, 9.0, 9.0, 12.0, 13.0, 13.0)",29924999.99999999,2,-16.912583531800998,2.0,2.0,4.518125575514025e-08,6.683375104427739e-08,6.683374657752711e-08
1913,"(1.0, 9.0, 9.0, 12.0, 13.0, 14.0)",59849999.99999998,3,-16.83594990245031,3.0,3.0,4.8779782525017e-08,5.012531328320804e-08,5.012531077066101e-08
1914,"(1.0, 9.0, 9.0, 13.0, 13.0, 13.0)",9974999.999999996,1,-16.79769715848881,1.0,1.0,5.0681891565175586e-08,1.0025062656641608e-07,1.0025061651622795e-07
1915,"(1.0, 9.0, 9.0, 13.0, 13.0, 14.0)",29924999.99999999,2,-16.72106352913812,2.0,2.0,5.471852446740575e-08,6.683375104427739e-08,6.683374657752711e-08
1916,"(1.0, 9.0, 9.0, 13.0, 14.0, 14.0)",29924999.99999999,1,-16.644429899787433,2.0,4.0,5.907666086297757e-08,6.683375104427739e-08,1.336674976218045e-07
1917,"(1.0, 9.0, 11.0, 11.0, 11.0, 13.0)",26564999.99999999,2,-16.511621318870247,2.0,2.0,6.746739998818099e-08,7.528703180877097e-08,7.528702614063381e-08
1918,"(1.0, 9.0, 11.0, 11.0, 12.0, 13.0)",72449999.99999997,4,-16.597332795948482,5.0,7.0,6.192556139121836e-08,6.901311249137339e-08,9.661835272511305e-08
1919,"(1.0, 9.0, 11.0, 11.0, 13.0, 13.0)",36224999.99999999,4,-16.482446422636293,4.0,4.0,6.946474893374972e-08,1.104209799861974e-07,1.1042096779340458e-07
1920,"(1.0, 9.0, 11.0, 11.0, 13.0, 14.0)",72449999.99999997,4,-16.405812793285605,4.0,4.0,7.499736980545772e-08,5.521048999309871e-08,5.521048694490051e-08
1921,"(1.0, 9.0, 11.0, 12.0, 12.0, 13.0)",59849999.99999998,2,-16.68304427302672,2.0,2.0,5.6838934867644524e-08,3.3416875522138694e-08,3.341687440545113e-08
1922,"(1.0, 9.0, 11.0, 12.0, 12.0, 14.0)",59849999.99999998,1,-16.606410643676035,1.0,1.0,6.136595443082299e-08,1.6708437761069347e-08,1.6708437481897455e-08
1923,"(1.0, 9.0, 11.0, 12.0, 13.0, 13.0)",59849999.99999998,3,-16.568157899714528,6.0,18.0,6.37588461297761e-08,1.0025062656641608e-07,3.007518696490601e-07
1924,"(1.0, 9.0, 11.0, 12.0, 13.0, 14.0)",119699999.99999996,4,-16.491524270363843,4.0,4.0,6.883701208111395e-08,3.3416875522138694e-08,3.341687440545113e-08
1925,"(1.0, 9.0, 11.0, 13.0, 13.0, 13.0)",19950000.0,6,-16.45327152640234,6.0,6.0,7.152122870118302e-08,3.007518796992481e-07,3.00751789247555e-07
1926,"(1.0, 9.0, 11.0, 13.0, 13.0, 14.0)",59849999.99999998,5,-16.37663789705165,5.0,5.0,7.721764089234713e-08,8.354218880534673e-08,8.354218182604942e-08
1927,"(1.0, 9.0, 11.0, 13.0, 14.0, 14.0)",59849999.99999998,4,-16.300004267700963,4.0,4.0,8.33677521102326e-08,6.683375104427739e-08,6.683374657752711e-08
1928,"(1.0, 9.0, 12.0, 12.0, 13.0, 13.0)",22443750.0,1,-16.653869376792766,1.0,1.0,5.852163179453112e-08,4.4555834029518243e-08,4.45558320442959e-08
1929,"(1.0, 9.0, 12.0, 12.0, 13.0, 14.0)",44887499.99999999,1,-16.57723574744208,1.0,1.0,6.318267219966685e-08,2.2277917014759125e-08,2.227791651845354e-08
1930,"(1.0, 9.0, 12.0, 13.0, 13.0, 13.0)",14962499.999999994,4,-16.538983003480574,4.0,4.0,6.564640462632847e-08,2.6733500417710955e-07,2.673349327091051e-07
1931,"(1.0, 9.0, 13.0, 13.0, 13.0, 13.0)",3740624.999999999,2,-16.424096630168382,2.0,2.0,7.363858983792657e-08,5.34670008354219e-07,5.346697224822011e-07
1932,"(1.0, 9.0, 13.0, 13.0, 13.0, 14.0)",14962499.999999994,1,-16.347463000817697,1.0,1.0,7.950364233367515e-08,6.683375104427739e-08,6.683374657752711e-08
1933,"(1.0, 11.0, 11.0, 11.0, 11.0, 13.0)",6641249.999999997,1,-16.167195686783778,1.0,1.0,9.520858822373685e-08,1.5057406361754194e-07,1.505740409449933e-07
1934,"(1.0, 11.0, 11.0, 11.0, 12.0, 13.0)",24149999.99999999,1,-16.252907163862016,1.0,1.0,8.738806113846192e-08,4.140786749482404e-08,4.1407865780212546e-08
1935,"(1.0, 11.0, 11.0, 11.0, 13.0, 13.0)",12074999.999999994,3,-16.138020790549824,3.0,3.0,9.80272054126471e-08,2.4844720496894423e-07,2.484471432429306e-07
1936,"(1.0, 11.0, 11.0, 12.0, 12.0, 13.0)",29924999.99999999,1,-16.33861864094025,2.0,4.0,8.0209919840358e-08,6.683375104427739e-08,1.336674976218045e-07
1937,"(1.0, 11.0, 11.0, 12.0, 13.0, 14.0)",59849999.99999998,1,-16.147098638277374,1.0,1.0,9.714135625400257e-08,1.6708437761069347e-08,1.6708437481897455e-08
1938,"(1.0, 11.0, 11.0, 13.0, 13.0, 13.0)",9974999.999999996,1,-16.10884589431587,1.0,1.0,1.0092926678454377e-07,1.0025062656641608e-07,1.0025061651622795e-07
1939,"(1.0, 11.0, 11.0, 13.0, 13.0, 14.0)",29924999.99999999,3,-16.03221226496518,3.0,3.0,1.0896792490322371e-07,1.0025062656641608e-07,1.0025061651622795e-07
1940,"(1.0, 11.0, 11.0, 13.0, 14.0, 14.0)",29924999.99999999,2,-15.955578635614495,2.0,2.0,1.1764683362916254e-07,6.683375104427739e-08,6.683374657752711e-08
1941,"(1.0, 11.0, 12.0, 13.0, 13.0, 13.0)",14962499.999999994,1,-16.194557371394104,2.0,4.0,9.263883753534034e-08,1.3366750208855478e-07,2.6733498631010843e-07
1942,"(1.0, 11.0, 12.0, 13.0, 13.0, 14.0)",44887499.99999999,1,-16.117923742043416,1.0,1.0,1.0001719236920878e-07,2.2277917014759125e-08,2.227791651845354e-08
1943,"(1.0, 11.0, 12.0, 13.0, 14.0, 14.0)",44887499.99999999,1,-16.04129011269273,2.0,4.0,1.0798320699569569e-07,4.455583402951825e-08,8.911166607381416e-08
1944,"(1.0, 11.0, 13.0, 13.0, 13.0, 14.0)",14962499.999999994,1,-16.003037368731228,1.0,1.0,1.1219388247598324e-07,6.683375104427739e-08,6.683374657752711e-08
1945,"(1.0, 11.0, 13.0, 13.0, 14.0, 14.0)",22443750.0,2,-15.92640373938054,2.0,2.0,1.211297272806133e-07,8.911166805903649e-08,8.91116601181471e-08
1946,"(1.0, 11.0, 13.0, 14.0, 14.0, 14.0)",14962499.999999994,2,-15.849770110029857,2.0,2.0,1.3077728042985338e-07,1.3366750208855478e-07,1.3366748422155365e-07
1947,"(1.0, 12.0, 12.0, 12.0, 13.0, 13.0)",5087249.999999999,2,-16.395155221784535,2.0,2.0,7.580093405228205e-08,3.93139712025161e-07,3.931395574663278e-07
1948,"(1.0, 12.0, 13.0, 13.0, 13.0, 14.0)",10174499.999999998,1,-16.088748845809462,1.0,1.0,1.0297816661384221e-07,9.828492800629025e-08,9.828491834636318e-08
1949,"(1.0, 13.0, 13.0, 14.0, 14.0, 14.0)",5087249.999999999,1,-15.8205952137959,1.0,1.0,1.3464889639870216e-07,1.965698560125805e-07,1.965698173728722e-07
1950,"(2.0, 2.0, 2.0, 2.0, 8.0, 9.0)",7589999.999999997,1,-16.321241518788405,2.0,4.0,8.161591813735144e-08,2.635046113306984e-07,5.270091532267166e-07
1951,"(2.0, 2.0, 2.0, 2.0, 8.0, 13.0)",6641249.999999997,2,-15.947640990467978,4.0,10.0,1.1858438851346754e-07,6.022962544701678e-07,1.5057402734146412e-06
1952,"(2.0, 2.0, 2.0, 2.0, 9.0, 13.0)",6641249.999999997,1,-16.592501109602473,1.0,1.0,6.222549027832429e-08,1.5057406361754194e-07,1.505740409449933e-07
1953,"(2.0, 2.0, 2.0, 2.0, 11.0, 13.0)",6641249.999999997,1,-16.248075477516004,1.0,1.0,8.781131453067646e-08,1.5057406361754194e-07,1.505740409449933e-07
1954,"(2.0, 2.0, 2.0, 2.0, 13.0, 13.0)",2656499.9999999995,1,-16.21890058128205,1.0,1.0,9.041093800093879e-08,3.764351590438548e-07,3.764350173404258e-07
1955,"(2.0, 2.0, 2.0, 3.0, 3.0, 13.0)",11157299.999999998,1,-15.890653024504024,1.0,1.0,1.255385411775599e-07,8.962741881996542e-08,8.962741078689122e-08
1956,"(2.0, 2.0, 2.0, 3.0, 4.0, 9.0)",35419999.999999985,1,-16.50105495865934,1.0,1.0,6.818406443848397e-08,2.8232636928289114e-08,2.8232636131207328e-08
1957,"(2.0, 2.0, 2.0, 3.0, 4.0, 13.0)",29752800.0,6,-16.12745443033891,7.0,9.0,9.906848776966876e-08,2.3527197440240918e-07,3.024924831644813e-07
1958,"(2.0, 2.0, 2.0, 3.0, 6.0, 13.0)",29752800.0,1,-16.091927441856,2.0,4.0,1.0265136028836726e-07,6.722056411497405e-08,1.3444112371134386e-07
1959,"(2.0, 2.0, 2.0, 3.0, 7.0, 13.0)",29752800.0,3,-15.887946975832804,3.0,3.0,1.258787146354849e-07,1.0083084617246108e-07,1.0083083600560153e-07
1960,"(2.0, 2.0, 2.0, 3.0, 8.0, 13.0)",26564999.99999999,2,-15.749154209770705,2.0,2.0,1.4462029132700104e-07,7.528703180877097e-08,7.528702614063381e-08
1961,"(2.0, 2.0, 2.0, 3.0, 9.0, 12.0)",26564999.99999999,1,-16.508900702217392,1.0,1.0,6.765120283528504e-08,3.7643515904385486e-08,3.764351448735119e-08
1962,"(2.0, 2.0, 2.0, 3.0, 9.0, 13.0)",26564999.99999999,22,-16.3940143289052,28.0,42.0,7.588746414958923e-08,1.0540184453227935e-06,1.5810265570293072e-06
1963,"(2.0, 2.0, 2.0, 3.0, 9.0, 14.0)",26564999.99999999,2,-16.317380699554512,3.0,5.0,8.193163150784798e-08,1.1293054771315646e-07,1.882175667686188e-07
1964,"(2.0, 2.0, 2.0, 3.0, 11.0, 13.0)",26564999.99999999,5,-16.04958869681873,5.0,5.0,1.0709080721693058e-07,1.8821757952192741e-07,1.8821754409607017e-07
1965,"(2.0, 2.0, 2.0, 3.0, 12.0, 13.0)",21252000.0,2,-16.135300173896965,2.0,2.0,9.829426297602851e-08,9.410878976096367e-08,9.410878090449936e-08
1966,"(2.0, 2.0, 2.0, 3.0, 13.0, 14.0)",21252000.0,2,-15.943780171234089,2.0,2.0,1.1904310634499176e-07,9.410878976096367e-08,9.410878090449936e-08
1967,"(2.0, 2.0, 2.0, 4.0, 4.0, 13.0)",18257399.99999999,1,-16.3642558361738,1.0,1.0,7.817969825766426e-08,5.477231150109e-08,5.4772308501083894e-08
1968,"(2.0, 2.0, 2.0, 4.0, 6.0, 13.0)",36514799.99999998,2,-16.32872884769089,2.0,2.0,8.100711491369285e-08,5.477231150109e-08,5.4772308501083894e-08
1969,"(2.0, 2.0, 2.0, 4.0, 7.0, 9.0)",43469999.99999997,1,-16.498348909988117,1.0,1.0,6.836882370649736e-08,2.3004370830457804e-08,2.3004370301256725e-08
1970,"(2.0, 2.0, 2.0, 4.0, 7.0, 13.0)",36514799.99999998,1,-16.124748381667693,2.0,4.0,9.933693497114071e-08,5.477231150109e-08,1.0954462000217389e-07
1971,"(2.0, 2.0, 2.0, 4.0, 8.0, 13.0)",33809999.999999985,3,-15.985955615605592,3.0,3.0,1.1412681259622566e-07,8.873114463176579e-08,8.873113675854976e-08
1972,"(2.0, 2.0, 2.0, 4.0, 9.0, 12.0)",33809999.999999985,1,-16.745702108052278,1.0,1.0,5.33868109173857e-08,2.9577048210588596e-08,2.9577047335786815e-08
1973,"(2.0, 2.0, 2.0, 4.0, 9.0, 13.0)",33809999.999999985,19,-16.63081573474009,29.0,65.0,5.988644000045623e-08,8.577343981070693e-07,1.922507397979961e-06
1974,"(2.0, 2.0, 2.0, 4.0, 9.0, 14.0)",33809999.999999985,1,-16.5541821053894,1.0,1.0,6.465618253842767e-08,2.9577048210588596e-08,2.9577047335786815e-08
1975,"(2.0, 2.0, 2.0, 4.0, 13.0, 13.0)",13523999.999999994,2,-16.257215206419666,2.0,2.0,8.70123994163891e-08,1.4788524105294298e-07,1.4788521918289845e-07
1976,"(2.0, 2.0, 2.0, 4.0, 13.0, 14.0)",27047999.99999999,1,-16.180581577068978,1.0,1.0,9.394262841020057e-08,3.6971310263235745e-08,3.6971308896357965e-08
1977,"(2.0, 2.0, 2.0, 6.0, 6.0, 13.0)",18257399.99999999,1,-16.29320185920798,1.0,1.0,8.393678682428178e-08,5.477231150109e-08,5.4772308501083894e-08
1978,"(2.0, 2.0, 2.0, 6.0, 7.0, 13.0)",36514799.99999998,1,-16.08922139318478,1.0,1.0,1.0292951604724797e-07,2.7386155750545e-08,2.7386155000543472e-08
1979,"(2.0, 2.0, 2.0, 6.0, 8.0, 13.0)",33809999.999999985,3,-15.95042862712268,6.0,14.0,1.1825427865231786e-07,1.7746228926353158e-07,4.140786434553762e-07
1980,"(2.0, 2.0, 2.0, 6.0, 9.0, 11.0)",38639999.99999998,1,-16.624463642491133,1.0,1.0,6.026805493528558e-08,2.5879917184265024e-08,2.587991651449491e-08
1981,"(2.0, 2.0, 2.0, 6.0, 9.0, 12.0)",33809999.999999985,1,-16.71017511956937,1.0,1.0,5.5317577622349954e-08,2.9577048210588596e-08,2.9577047335786815e-08
1982,"(2.0, 2.0, 2.0, 6.0, 9.0, 13.0)",33809999.999999985,21,-16.595288746257175,24.0,30.0,6.205226977085912e-08,7.098491570541263e-07,8.873109424318321e-07
1983,"(2.0, 2.0, 2.0, 6.0, 11.0, 13.0)",33809999.999999985,3,-16.25086311417071,4.0,6.0,8.756686936204587e-08,1.1830819284235439e-07,1.774622752667031e-07
1984,"(2.0, 2.0, 2.0, 6.0, 12.0, 13.0)",27047999.99999999,2,-16.336574591248944,2.0,2.0,8.037404058057834e-08,7.394262052647149e-08,7.394261505896036e-08
1985,"(2.0, 2.0, 2.0, 6.0, 13.0, 14.0)",27047999.99999999,1,-16.145054588586067,2.0,4.0,9.734012108665851e-08,7.394262052647149e-08,1.4788523558543186e-07
1986,"(2.0, 2.0, 2.0, 7.0, 8.0, 13.0)",33809999.999999985,4,-15.746448161099485,4.0,4.0,1.4501217085758476e-07,1.1830819284235439e-07,1.1830817884552589e-07
1987,"(2.0, 2.0, 2.0, 7.0, 9.0, 9.0)",19319999.99999999,1,-16.764908808554406,1.0,1.0,5.237121081366591e-08,5.175983436853005e-08,5.175983168944959e-08
1988,"(2.0, 2.0, 2.0, 7.0, 9.0, 13.0)",33809999.999999985,28,-16.39130828023398,32.0,42.0,7.609309742245346e-08,9.464655427388351e-07,1.2422351290476975e-06
1989,"(2.0, 2.0, 2.0, 7.0, 9.0, 14.0)",33809999.999999985,2,-16.314674650883298,2.0,2.0,8.215364274154542e-08,5.915409642117719e-08,5.915409292197007e-08
1990,"(2.0, 2.0, 2.0, 7.0, 11.0, 13.0)",33809999.999999985,3,-16.046882648147513,3.0,3.0,1.0738099260431225e-07,8.873114463176579e-08,8.873113675854976e-08
1991,"(2.0, 2.0, 2.0, 7.0, 12.0, 13.0)",27047999.99999999,1,-16.132594125225747,1.0,1.0,9.856061225026e-08,3.6971310263235745e-08,3.6971308896357965e-08
1992,"(2.0, 2.0, 2.0, 7.0, 13.0, 14.0)",27047999.99999999,1,-15.94107412256287,1.0,1.0,1.1936567903659414e-07,3.6971310263235745e-08,3.6971308896357965e-08
1993,"(2.0, 2.0, 2.0, 8.0, 8.0, 13.0)",14489999.999999994,2,-15.607655395037384,3.0,5.0,1.6660245106659934e-07,2.0703933747412016e-07,3.4506551959157967e-07
1994,"(2.0, 2.0, 2.0, 8.0, 9.0, 12.0)",28979999.99999999,2,-16.36740188748407,2.0,2.0,7.793412740731951e-08,6.901311249137339e-08,6.901310772856369e-08
1995,"(2.0, 2.0, 2.0, 8.0, 9.0, 13.0)",28979999.99999999,20,-16.252515514171883,23.0,29.0,8.742229334860782e-08,7.93650793650794e-07,1.000689501243332e-06
1996,"(2.0, 2.0, 2.0, 8.0, 11.0, 13.0)",28979999.99999999,3,-15.908089882085411,3.0,3.0,1.2336851769092096e-07,1.0351966873706008e-07,1.0351965802073827e-07
1997,"(2.0, 2.0, 2.0, 8.0, 12.0, 13.0)",24149999.99999999,4,-15.993801359163648,7.0,15.0,1.132349063006881e-07,2.8985507246376827e-07,6.211179284063975e-07
1998,"(2.0, 2.0, 2.0, 9.0, 9.0, 9.0)",5289999.999999998,1,-17.270976161626802,1.0,1.0,3.157260061481674e-08,1.8903591682419666e-07,1.890358810896188e-07
1999,"(2.0, 2.0, 2.0, 9.0, 9.0, 13.0)",14489999.999999994,20,-16.897375633306375,22.0,28.0,4.587361905783091e-08,1.5182884748102146e-06,1.932364844558562e-06
2000,"(2.0, 2.0, 2.0, 9.0, 11.0, 13.0)",28979999.99999999,18,-16.55295000121991,20.0,26.0,6.473589478732971e-08,6.901311249137338e-07,8.971699861068845e-07
2001,"(2.0, 2.0, 2.0, 9.0, 11.0, 14.0)",28979999.99999999,1,-16.476316371869224,1.0,1.0,6.989187919879921e-08,3.4506556245686694e-08,3.450655505498427e-08
2002,"(2.0, 2.0, 2.0, 9.0, 12.0, 13.0)",24149999.99999999,13,-16.638661478298143,15.0,19.0,5.9418424714313975e-08,6.211180124223606e-07,7.867490966140714e-07
2003,"(2.0, 2.0, 2.0, 9.0, 12.0, 14.0)",24149999.99999999,2,-16.56202784894746,2.0,2.0,6.415089149472275e-08,8.281573498964808e-08,8.281572813120212e-08
2004,"(2.0, 2.0, 2.0, 9.0, 13.0, 13.0)",12074999.999999994,11,-16.52377510498595,12.0,14.0,6.665237847006522e-08,9.93788819875777e-07,1.1594193022388546e-06
2005,"(2.0, 2.0, 2.0, 9.0, 13.0, 14.0)",24149999.99999999,10,-16.447141475635267,13.0,21.0,7.196100400938939e-08,5.383022774327125e-07,8.695649276219629e-07
2006,"(2.0, 2.0, 2.0, 11.0, 11.0, 13.0)",14489999.999999994,1,-16.20852436913344,1.0,1.0,9.135394503392368e-08,6.901311249137339e-08,6.901310772856369e-08
2007,"(2.0, 2.0, 2.0, 11.0, 12.0, 14.0)",24149999.99999999,1,-16.21760221686099,2.0,4.0,9.052840058423237e-08,8.281573498964808e-08,1.6563146312085018e-07
2008,"(2.0, 2.0, 2.0, 11.0, 13.0, 13.0)",12074999.999999994,2,-16.17934947289948,2.0,2.0,9.405844684989761e-08,1.6563146997929615e-07,1.656314425455123e-07
2009,"(2.0, 2.0, 2.0, 11.0, 13.0, 14.0)",24149999.99999999,3,-16.102715843548797,3.0,3.0,1.0154986853053254e-07,1.2422360248447211e-07,1.242235870529687e-07
2010,"(2.0, 2.0, 2.0, 12.0, 13.0, 13.0)",9176999.999999998,4,-16.26506094997772,5.0,7.0,8.633239350836593e-08,5.448403617740003e-07,7.627762096325806e-07
2011,"(2.0, 2.0, 2.0, 12.0, 13.0, 14.0)",18354000.0,2,-16.188427320627035,3.0,5.0,9.32084624434802e-08,1.6345210853220006e-07,2.7242015417040834e-07
2012,"(2.0, 2.0, 3.0, 3.0, 3.0, 13.0)",11157299.999999998,1,-15.69216624380675,1.0,1.0,1.531012692771407e-07,8.962741881996542e-08,8.962741078689122e-08
2013,"(2.0, 2.0, 3.0, 3.0, 4.0, 13.0)",44629199.99999999,3,-15.928967649641638,3.0,3.0,1.208195593212322e-07,6.722056411497407e-08,6.722055959636983e-08
2014,"(2.0, 2.0, 3.0, 3.0, 6.0, 13.0)",44629199.99999999,3,-15.893440661158728,4.0,6.0,1.2518907266052674e-07,8.962741881996542e-08,1.3444112019687393e-07
2015,"(2.0, 2.0, 3.0, 3.0, 7.0, 13.0)",44629199.99999999,2,-15.68946019513553,2.0,2.0,1.5351612982669137e-07,4.481370940998271e-08,4.481370740171416e-08
2016,"(2.0, 2.0, 3.0, 3.0, 8.0, 13.0)",39847499.99999999,3,-15.55066742907343,3.0,3.0,1.763725303616284e-07,7.528703180877096e-08,7.52870261406338e-08
2017,"(2.0, 2.0, 3.0, 3.0, 9.0, 9.0)",22770000.0,1,-16.56912807652835,2.0,4.0,6.369701877216884e-08,8.78348704435661e-08,1.7566973317216773e-07
2018,"(2.0, 2.0, 3.0, 3.0, 9.0, 13.0)",39847499.99999999,32,-16.195527548207927,35.0,41.0,9.254900506683926e-08,8.783487044356611e-07,1.0289219965567564e-06
2019,"(2.0, 2.0, 3.0, 3.0, 11.0, 13.0)",39847499.99999999,5,-15.851101916121458,5.0,5.0,1.306032263799826e-07,1.2547838634795158e-07,1.2547837060312613e-07
2020,"(2.0, 2.0, 3.0, 3.0, 12.0, 13.0)",31878000.0,1,-15.936813393199692,1.0,1.0,1.1987534890186385e-07,3.136959658698789e-08,3.13695956029363e-08
2021,"(2.0, 2.0, 3.0, 3.0, 13.0, 14.0)",31878000.0,2,-15.745293390536816,2.0,2.0,1.4517972336745373e-07,6.273919317397578e-08,6.273918923776942e-08
2022,"(2.0, 2.0, 3.0, 4.0, 4.0, 13.0)",54772199.99999997,1,-16.165769055476527,1.0,1.0,9.534451271042635e-08,1.825743716703e-08,1.825743683369599e-08
2023,"(2.0, 2.0, 3.0, 4.0, 6.0, 9.0)",130409999.99999993,1,-16.50384259531404,1.0,1.0,6.799425672157819e-08,7.6681236101526e-09,7.668123551352482e-09
2024,"(2.0, 2.0, 3.0, 4.0, 6.0, 13.0)",109544399.99999994,2,-16.130242066993617,2.0,2.0,9.879270539095977e-08,1.825743716703e-08,1.825743683369599e-08
2025,"(2.0, 2.0, 3.0, 4.0, 7.0, 13.0)",109544399.99999994,3,-15.92626160097042,4.0,6.0,1.211469456911369e-07,3.651487433406e-08,5.477231016775395e-08
2026,"(2.0, 2.0, 3.0, 4.0, 8.0, 9.0)",115919999.99999994,2,-16.161069363228744,2.0,2.0,9.579365717135927e-08,1.725327812284335e-08,1.7253277825167746e-08
2027,"(2.0, 2.0, 3.0, 4.0, 8.0, 13.0)",101429999.99999996,3,-15.78746883490832,4.0,6.0,1.3918402829233895e-07,3.9436064280784795e-08,5.9154094865974025e-08
2028,"(2.0, 2.0, 3.0, 4.0, 9.0, 13.0)",101429999.99999996,48,-16.432328954042816,60.0,88.0,7.303486156965215e-08,5.915409642117719e-07,8.675930642565531e-07
2029,"(2.0, 2.0, 3.0, 4.0, 9.0, 14.0)",101429999.99999996,1,-16.355695324692128,1.0,1.0,7.885182925016499e-08,9.859016070196199e-09,9.859015972996002e-09
2030,"(2.0, 2.0, 3.0, 4.0, 11.0, 13.0)",101429999.99999996,8,-16.087903321956347,9.0,11.0,1.0306527393053184e-07,8.873114463176579e-08,1.0844916889894215e-07
2031,"(2.0, 2.0, 3.0, 4.0, 12.0, 13.0)",81143999.99999997,2,-16.17361479903458,2.0,2.0,9.459939095334871e-08,2.4647540175490495e-08,2.4647539567989257e-08
2032,"(2.0, 2.0, 3.0, 4.0, 13.0, 13.0)",40571999.99999999,4,-16.058728425722393,4.0,4.0,1.0611648557120519e-07,9.859016070196197e-08,9.859015098194219e-08
2033,"(2.0, 2.0, 3.0, 4.0, 13.0, 14.0)",81143999.99999997,1,-15.982094796371705,1.0,1.0,1.1456828726796918e-07,1.2323770087745248e-08,1.2323769935869939e-08
2034,"(2.0, 2.0, 3.0, 6.0, 6.0, 13.0)",54772199.99999997,1,-16.094715078510703,1.0,1.0,1.023656040710742e-07,1.825743716703e-08,1.825743683369599e-08
2035,"(2.0, 2.0, 3.0, 6.0, 7.0, 13.0)",109544399.99999994,1,-15.890734612487508,2.0,4.0,1.255282991589542e-07,1.825743716703e-08,3.6514874000725986e-08
2036,"(2.0, 2.0, 3.0, 6.0, 8.0, 12.0)",101429999.99999996,1,-15.8668282197376,1.0,1.0,1.2856538623424885e-07,9.859016070196199e-09,9.859015972996002e-09
2037,"(2.0, 2.0, 3.0, 6.0, 8.0, 13.0)",101429999.99999996,3,-15.751941846425408,3.0,3.0,1.4421770389632932e-07,2.9577048210588596e-08,2.9577047335786815e-08
2038,"(2.0, 2.0, 3.0, 6.0, 9.0, 12.0)",101429999.99999996,2,-16.511688338872094,2.0,2.0,6.74628784744268e-08,1.9718032140392398e-08,1.9718031751591606e-08
2039,"(2.0, 2.0, 3.0, 6.0, 9.0, 13.0)",101429999.99999996,43,-16.396801965559902,53.0,75.0,7.567621205673405e-08,5.225278517203986e-07,7.394259322293591e-07
2040,"(2.0, 2.0, 3.0, 6.0, 9.0, 14.0)",101429999.99999996,3,-16.320168336209218,4.0,6.0,8.170355393507553e-08,3.9436064280784795e-08,5.9154094865974025e-08
2041,"(2.0, 2.0, 3.0, 6.0, 11.0, 13.0)",101429999.99999996,3,-16.052376333473433,3.0,3.0,1.0679269266792505e-07,2.9577048210588596e-08,2.9577047335786815e-08
2042,"(2.0, 2.0, 3.0, 6.0, 12.0, 13.0)",81143999.99999997,2,-16.13808781055167,5.0,17.0,9.802063584930784e-08,6.161885043872624e-08,2.0950408769478647e-07
2043,"(2.0, 2.0, 3.0, 6.0, 13.0, 13.0)",40571999.99999999,3,-16.02320143723948,3.0,3.0,1.0995425324580554e-07,7.394262052647148e-08,7.394261505896034e-08
2044,"(2.0, 2.0, 3.0, 6.0, 13.0, 14.0)",81143999.99999997,4,-15.946567807888792,5.0,7.0,1.1871171952587488e-07,6.161885043872624e-08,8.6266386817334e-08
2045,"(2.0, 2.0, 3.0, 7.0, 8.0, 13.0)",101429999.99999996,7,-15.547961380402212,8.0,10.0,1.768504493574466e-07,7.887212856156959e-08,9.859015448114931e-08
2046,"(2.0, 2.0, 3.0, 7.0, 9.0, 9.0)",57959999.99999997,1,-16.566422027857133,1.0,1.0,6.386961943274671e-08,1.725327812284335e-08,1.7253277825167746e-08
2047,"(2.0, 2.0, 3.0, 7.0, 9.0, 13.0)",101429999.99999996,55,-16.192821499536706,63.0,81.0,9.279978633915465e-08,6.211180124223606e-07,7.985799158983068e-07
2048,"(2.0, 2.0, 3.0, 7.0, 9.0, 14.0)",101429999.99999996,1,-16.11618787018602,1.0,1.0,1.001909601743857e-07,9.859016070196199e-09,9.859015972996002e-09
2049,"(2.0, 2.0, 3.0, 7.0, 11.0, 12.0)",101429999.99999996,1,-15.963282240762428,1.0,1.0,1.1674401083600795e-07,9.859016070196199e-09,9.859015972996002e-09
2050,"(2.0, 2.0, 3.0, 7.0, 11.0, 13.0)",101429999.99999996,6,-15.848395867450238,7.0,9.0,1.3095712368289138e-07,6.901311249137339e-08,8.87311398689561e-08
2051,"(2.0, 2.0, 3.0, 7.0, 12.0, 13.0)",81143999.99999997,1,-15.934107344528474,2.0,4.0,1.2020017673221285e-07,2.4647540175490495e-08,4.9295079743479756e-08
2052,"(2.0, 2.0, 3.0, 7.0, 13.0, 13.0)",40571999.99999999,4,-15.819220971216282,5.0,7.0,1.3483406384878746e-07,1.2323770087745245e-07,1.725327660409025e-07
2053,"(2.0, 2.0, 3.0, 7.0, 13.0, 14.0)",81143999.99999997,4,-15.742587341865596,4.0,4.0,1.4557311879849233e-07,4.929508035098099e-08,4.9295077920976045e-08
2054,"(2.0, 2.0, 3.0, 7.0, 14.0, 14.0)",40571999.99999999,1,-15.665953712514913,3.0,9.0,1.5716750138515132e-07,7.394262052647148e-08,2.218278561119033e-07
2055,"(2.0, 2.0, 3.0, 8.0, 8.0, 9.0)",47609999.99999999,1,-15.782769142660538,1.0,1.0,1.39839689888174e-07,2.100399075824407e-08,2.100399031707644e-08
2056,"(2.0, 2.0, 3.0, 8.0, 8.0, 13.0)",43469999.99999999,5,-15.409168614340112,5.0,5.0,2.031810030905345e-07,1.1502185415228895e-07,1.1502184092226202e-07
2057,"(2.0, 2.0, 3.0, 8.0, 9.0, 11.0)",95219999.99999996,1,-16.083203629708564,1.0,1.0,1.0355078899148794e-07,1.0501995379122038e-08,1.0501995268830131e-08
2058,"(2.0, 2.0, 3.0, 8.0, 9.0, 12.0)",86939999.99999997,2,-16.168915106786798,4.0,10.0,9.504502532963806e-08,4.600874166091559e-08,1.1502185203548466e-07
2059,"(2.0, 2.0, 3.0, 8.0, 9.0, 13.0)",86939999.99999997,62,-16.05402873347461,71.0,91.0,1.0661637413692401e-07,8.166551644812518e-07,1.0466982058601721e-06
2060,"(2.0, 2.0, 3.0, 8.0, 9.0, 14.0)",86939999.99999997,1,-15.97739510412392,1.0,1.0,1.1510799018491923e-07,1.1502185415228897e-08,1.1502185282928627e-08
2061,"(2.0, 2.0, 3.0, 8.0, 11.0, 13.0)",86939999.99999997,3,-15.709603101388138,3.0,3.0,1.504548043186563e-07,3.4506556245686694e-08,3.450655505498427e-08
2062,"(2.0, 2.0, 3.0, 8.0, 12.0, 13.0)",72449999.99999997,3,-15.795314578466376,3.0,3.0,1.3809629870234843e-07,4.140786749482403e-08,4.140786578021254e-08
2063,"(2.0, 2.0, 3.0, 8.0, 13.0, 13.0)",36224999.99999999,3,-15.680428205154184,4.0,6.0,1.5490896654832965e-07,1.104209799861974e-07,1.6563145778650328e-07
2064,"(2.0, 2.0, 3.0, 8.0, 13.0, 14.0)",72449999.99999997,4,-15.603794575803496,4.0,4.0,1.6724691629543657e-07,5.521048999309871e-08,5.521048694490051e-08
2065,"(2.0, 2.0, 3.0, 9.0, 9.0, 13.0)",43469999.99999999,42,-16.6988888526091,50.0,68.0,5.594544303455194e-08,1.1502185415228896e-06,1.5642958934684366e-06
2066,"(2.0, 2.0, 3.0, 9.0, 9.0, 14.0)",43469999.99999999,1,-16.622255223258417,1.0,1.0,6.040129914230378e-08,2.300437083045779e-08,2.3004370301256712e-08
2067,"(2.0, 2.0, 3.0, 9.0, 11.0, 12.0)",86939999.99999997,1,-16.469349593834824,2.0,4.0,7.038050048931279e-08,2.3004370830457794e-08,4.600874113171451e-08
2068,"(2.0, 2.0, 3.0, 9.0, 11.0, 13.0)",86939999.99999997,55,-16.354463220522632,63.0,81.0,7.894904279406473e-08,7.246376811594205e-07,9.316764935337718e-07
2069,"(2.0, 2.0, 3.0, 9.0, 12.0, 13.0)",72449999.99999997,29,-16.440174697600867,32.0,38.0,7.246409076351296e-08,4.416839199447897e-07,5.244994598497526e-07
2070,"(2.0, 2.0, 3.0, 9.0, 12.0, 14.0)",72449999.99999997,1,-16.363541068250186,1.0,1.0,7.823559857375322e-08,1.3802622498274678e-08,1.3802622307762291e-08
2071,"(2.0, 2.0, 3.0, 9.0, 13.0, 13.0)",36224999.99999999,34,-16.325288324288678,40.0,54.0,8.128630178738612e-08,1.104209799861974e-06,1.4906820105343829e-06
2072,"(2.0, 2.0, 3.0, 9.0, 13.0, 14.0)",72449999.99999997,48,-16.24865469493799,52.0,62.0,8.776046741464208e-08,7.177363699102833e-07,8.557620797475333e-07
2073,"(2.0, 2.0, 3.0, 11.0, 11.0, 13.0)",43469999.99999999,3,-16.010037588436163,3.0,3.0,1.114112431686275e-07,6.901311249137337e-08,6.901310772856368e-08
2074,"(2.0, 2.0, 3.0, 11.0, 12.0, 13.0)",72449999.99999997,4,-16.0957490655144,5.0,7.0,1.0225981406900791e-07,6.901311249137339e-08,9.661835272511305e-08
2075,"(2.0, 2.0, 3.0, 11.0, 13.0, 13.0)",36224999.99999999,1,-15.980862692202209,1.0,1.0,1.1470953433008244e-07,2.760524499654935e-08,2.7605244234499797e-08
2076,"(2.0, 2.0, 3.0, 11.0, 13.0, 14.0)",72449999.99999997,4,-15.904229062851522,5.0,7.0,1.23845741882258e-07,6.901311249137339e-08,9.661835272511305e-08
2077,"(2.0, 2.0, 3.0, 12.0, 13.0, 13.0)",27531000.0,3,-16.066574169280443,3.0,3.0,1.0528718035021329e-07,1.0896807235480005e-07,1.0896806048075926e-07
2078,"(2.0, 2.0, 3.0, 12.0, 13.0, 14.0)",55061999.99999999,1,-15.98994053992976,3.0,9.0,1.1367293082754374e-07,5.448403617740003e-08,1.6345210556368988e-07
2079,"(2.0, 2.0, 3.0, 13.0, 13.0, 13.0)",9176999.999999998,3,-15.951687795968253,4.0,6.0,1.1810547025589287e-07,4.3587228941920025e-07,6.538082441441477e-07
2080,"(2.0, 2.0, 3.0, 13.0, 13.0, 14.0)",27531000.0,2,-15.875054166617566,3.0,5.0,1.2751215205969267e-07,1.0896807235480005e-07,1.8161344205062596e-07
2081,"(2.0, 2.0, 4.0, 4.0, 7.0, 13.0)",61916399.99999999,1,-16.16306300680531,1.0,1.0,9.56028690070555e-08,1.6150809801603456e-08,1.61508095407548e-08
2082,"(2.0, 2.0, 4.0, 4.0, 8.0, 9.0)",68039999.99999994,1,-16.397870769063633,1.0,1.0,7.559537226476071e-08,1.4697236919459155e-08,1.469723670345038e-08
2083,"(2.0, 2.0, 4.0, 4.0, 8.0, 13.0)",59534999.99999995,1,-16.024270240743206,5.0,25.0,1.0983679653494003e-07,8.398421096833803e-08,4.199210477883424e-07
2084,"(2.0, 2.0, 4.0, 4.0, 9.0, 13.0)",59534999.99999995,10,-16.669130359877705,12.0,16.0,5.763531440068912e-08,2.0156210632401125e-07,2.6874943447139896e-07
2085,"(2.0, 2.0, 4.0, 4.0, 13.0, 14.0)",47627999.99999997,1,-16.218896202206594,1.0,1.0,9.041133391812522e-08,2.09960527420845e-08,2.099605230125027e-08
2086,"(2.0, 2.0, 4.0, 6.0, 6.0, 12.0)",61916399.99999999,1,-16.446402857657784,1.0,1.0,7.201417533485955e-08,1.6150809801603456e-08,1.61508095407548e-08
2087,"(2.0, 2.0, 4.0, 6.0, 8.0, 13.0)",119069999.9999999,2,-15.988743252260296,2.0,2.0,1.1380911153344756e-07,1.6796842193667606e-08,1.67968419115337e-08
2088,"(2.0, 2.0, 4.0, 6.0, 9.0, 13.0)",119069999.9999999,34,-16.63360337139479,41.0,55.0,5.971973083543782e-08,3.443352649701859e-07,4.6191304175908446e-07
2089,"(2.0, 2.0, 4.0, 6.0, 9.0, 14.0)",119069999.9999999,1,-16.556969742044107,2.0,4.0,6.447619557970728e-08,1.6796842193667606e-08,3.35936841052013e-08
2090,"(2.0, 2.0, 4.0, 6.0, 11.0, 13.0)",119069999.9999999,3,-16.28917773930832,4.0,6.0,8.427523904789053e-08,3.359368438733521e-08,5.039052545246718e-08
2091,"(2.0, 2.0, 4.0, 7.0, 8.0, 9.0)",136079999.99999988,1,-16.158363314557526,1.0,1.0,9.605323052071939e-08,7.348618459729577e-09,7.348618405727384e-09
2092,"(2.0, 2.0, 4.0, 7.0, 9.0, 11.0)",136079999.99999988,1,-16.45879780160555,1.0,1.0,7.11270728185657e-08,7.348618459729577e-09,7.348618405727384e-09
2093,"(2.0, 2.0, 4.0, 7.0, 9.0, 12.0)",119069999.9999999,2,-16.544509278683787,2.0,2.0,6.528462509560667e-08,1.6796842193667606e-08,1.67968419115337e-08
2094,"(2.0, 2.0, 4.0, 7.0, 9.0, 13.0)",119069999.9999999,34,-16.429622905371595,39.0,51.0,7.323276510729242e-08,3.2753842277651833e-07,4.2831936865710555e-07
2095,"(2.0, 2.0, 4.0, 7.0, 9.0, 14.0)",119069999.9999999,1,-16.35298927602091,1.0,1.0,7.906549510264439e-08,8.398421096833803e-09,8.398421026300325e-09
2096,"(2.0, 2.0, 4.0, 7.0, 11.0, 13.0)",119069999.9999999,2,-16.085197273285125,3.0,5.0,1.0334455127672445e-07,2.5195263290501407e-08,4.1992104849367724e-08
2097,"(2.0, 2.0, 4.0, 7.0, 12.0, 13.0)",95255999.99999994,2,-16.17090875036336,3.0,5.0,9.485572818362371e-08,3.1494079113126755e-08,5.249013086333424e-08
2098,"(2.0, 2.0, 4.0, 7.0, 13.0, 13.0)",47627999.99999997,1,-16.05602237705117,1.0,1.0,1.0640403082624024e-07,2.09960527420845e-08,2.099605230125027e-08
2099,"(2.0, 2.0, 4.0, 7.0, 13.0, 14.0)",95255999.99999994,2,-15.979388747700485,4.0,8.0,1.1487873448268842e-07,4.1992105484169e-08,8.398420920500108e-08
2100,"(2.0, 2.0, 4.0, 8.0, 8.0, 13.0)",52919999.99999998,2,-15.645970020175,2.0,2.0,1.6033988073219456e-07,3.77928949357521e-08,3.779289350744919e-08
2101,"(2.0, 2.0, 4.0, 8.0, 9.0, 13.0)",105839999.99999996,25,-16.290830139309495,27.0,31.0,8.41360976330855e-08,2.551020408163266e-07,2.928948706750275e-07
2102,"(2.0, 2.0, 4.0, 8.0, 9.0, 14.0)",105839999.99999996,1,-16.21419650995881,2.0,4.0,9.083723939166007e-08,1.889644746787605e-08,3.779289457867637e-08
2103,"(2.0, 2.0, 4.0, 8.0, 11.0, 13.0)",105839999.99999996,3,-15.946404507223027,3.0,3.0,1.187311068116428e-07,2.834467120181407e-08,2.8344670398393686e-08
2104,"(2.0, 2.0, 4.0, 8.0, 12.0, 13.0)",88199999.99999997,1,-16.032115984301264,2.0,4.0,1.0897841691245986e-07,2.2675736961451256e-08,4.535147340871346e-08
2105,"(2.0, 2.0, 4.0, 8.0, 13.0, 13.0)",44099999.99999999,3,-15.917229610989072,3.0,3.0,1.222460999940984e-07,6.802721088435375e-08,6.802720625665233e-08
2106,"(2.0, 2.0, 4.0, 8.0, 13.0, 14.0)",88199999.99999997,2,-15.840595981638383,2.0,2.0,1.319825682703646e-07,2.2675736961451256e-08,2.2675736447262208e-08
2107,"(2.0, 2.0, 4.0, 9.0, 9.0, 11.0)",57959999.99999998,1,-16.964865154677945,2.0,4.0,4.2879792697394946e-08,3.4506556245686694e-08,6.901311130067097e-08
2108,"(2.0, 2.0, 4.0, 9.0, 9.0, 13.0)",52919999.99999998,18,-16.93569025844399,24.0,44.0,4.414923406826965e-08,4.5351473922902514e-07,8.314434829109274e-07
2109,"(2.0, 2.0, 4.0, 9.0, 11.0, 13.0)",105839999.99999996,18,-16.59126462635752,20.0,24.0,6.230247864206437e-08,1.8896447467876048e-07,2.2675733390693987e-07
2110,"(2.0, 2.0, 4.0, 9.0, 11.0, 14.0)",105839999.99999996,1,-16.514630997006837,2.0,4.0,6.726465008851925e-08,1.889644746787605e-08,3.779289457867637e-08
2111,"(2.0, 2.0, 4.0, 9.0, 12.0, 13.0)",88199999.99999997,16,-16.676976103435756,21.0,33.0,5.718489176476486e-08,2.3809523809523817e-07,3.741496031746033e-07
2112,"(2.0, 2.0, 4.0, 9.0, 13.0, 13.0)",44099999.99999999,19,-16.562089730123567,25.0,41.0,6.414692188493197e-08,5.668934240362813e-07,9.297048940513471e-07
2113,"(2.0, 2.0, 4.0, 9.0, 13.0, 14.0)",88199999.99999997,18,-16.48545610077288,19.0,21.0,6.925599669372276e-08,2.1541950113378692e-07,2.380951916896767e-07
2114,"(2.0, 2.0, 4.0, 9.0, 14.0, 14.0)",44099999.99999999,2,-16.408822471422194,2.0,2.0,7.477199118992468e-08,4.5351473922902504e-08,4.535147186614632e-08
2115,"(2.0, 2.0, 4.0, 11.0, 11.0, 13.0)",52919999.99999998,1,-16.24683899427105,2.0,4.0,8.791995890444266e-08,3.77928949357521e-08,7.558578844320129e-08
2116,"(2.0, 2.0, 4.0, 11.0, 12.0, 13.0)",88199999.99999997,3,-16.332550471349286,3.0,3.0,8.069812700065855e-08,3.401360544217688e-08,3.401360428525152e-08
2117,"(2.0, 2.0, 4.0, 11.0, 13.0, 14.0)",88199999.99999997,1,-16.14103046868641,1.0,1.0,9.773261860383288e-08,1.1337868480725628e-08,1.1337868352178366e-08
2118,"(2.0, 2.0, 4.0, 13.0, 14.0, 14.0)",33516000.0,2,-16.035221943101767,2.0,2.0,1.0864045955189374e-07,5.967299200381906e-08,5.967298844295309e-08
2119,"(2.0, 2.0, 6.0, 6.0, 7.0, 12.0)",61916399.99999999,1,-16.206895403151677,1.0,1.0,9.150287877374823e-08,1.6150809801603456e-08,1.61508095407548e-08
2120,"(2.0, 2.0, 6.0, 6.0, 7.0, 13.0)",61916399.99999999,1,-16.092009029839485,1.0,1.0,1.0264298551252464e-07,1.6150809801603456e-08,1.61508095407548e-08
2121,"(2.0, 2.0, 6.0, 6.0, 8.0, 9.0)",68039999.99999994,1,-16.32681679209781,1.0,1.0,8.116215319451451e-08,1.4697236919459155e-08,1.469723670345038e-08
2122,"(2.0, 2.0, 6.0, 6.0, 9.0, 13.0)",59534999.99999995,9,-16.59807638291188,12.0,20.0,6.187953146681346e-08,2.0156210632401125e-07,3.359368032460694e-07
2123,"(2.0, 2.0, 6.0, 6.0, 11.0, 13.0)",59534999.99999995,1,-16.253650750825415,2.0,4.0,8.732310466882766e-08,3.359368438733521e-08,6.71873676461348e-08
2124,"(2.0, 2.0, 6.0, 7.0, 7.0, 13.0)",61916399.99999999,2,-15.888028563816288,3.0,5.0,1.258684448639449e-07,4.8452429404810364e-08,8.075404666037936e-08
2125,"(2.0, 2.0, 6.0, 7.0, 8.0, 9.0)",136079999.99999988,1,-16.122836326074612,1.0,1.0,9.952705441480226e-08,7.348618459729577e-09,7.348618405727384e-09
2126,"(2.0, 2.0, 6.0, 7.0, 9.0, 11.0)",136079999.99999988,1,-16.42327081312264,1.0,1.0,7.369942695734668e-08,7.348618459729577e-09,7.348618405727384e-09
2127,"(2.0, 2.0, 6.0, 7.0, 9.0, 12.0)",119069999.9999999,3,-16.508982290200876,3.0,3.0,6.76456835352228e-08,2.5195263290501407e-08,2.5195262655700115e-08
2128,"(2.0, 2.0, 6.0, 7.0, 9.0, 13.0)",119069999.9999999,41,-16.394095916888684,45.0,53.0,7.588127289698691e-08,3.779289493575211e-07,4.451161753019008e-07
2129,"(2.0, 2.0, 6.0, 7.0, 9.0, 14.0)",119069999.9999999,1,-16.317462287538,2.0,4.0,8.192494714393502e-08,1.6796842193667606e-08,3.35936841052013e-08
2130,"(2.0, 2.0, 6.0, 7.0, 11.0, 13.0)",119069999.9999999,5,-16.049670284802218,6.0,8.0,1.070820702503403e-07,5.0390526581002814e-08,6.718736623546526e-08
2131,"(2.0, 2.0, 6.0, 8.0, 8.0, 13.0)",52919999.99999998,1,-15.610443031692087,2.0,4.0,1.661386706931602e-07,3.77928949357521e-08,7.558578844320129e-08
2132,"(2.0, 2.0, 6.0, 8.0, 9.0, 11.0)",115919999.99999996,2,-16.28447804706054,2.0,2.0,8.467223889335747e-08,1.7253278122843347e-08,1.7253277825167743e-08
2133,"(2.0, 2.0, 6.0, 8.0, 9.0, 12.0)",105839999.99999996,1,-16.370189524138777,1.0,1.0,7.77171779057891e-08,9.448223733938024e-09,9.448223644669093e-09
2134,"(2.0, 2.0, 6.0, 8.0, 9.0, 13.0)",105839999.99999996,32,-16.255303150826585,36.0,46.0,8.717893111956181e-08,3.4013605442176884e-07,4.346181760686136e-07
2135,"(2.0, 2.0, 6.0, 8.0, 11.0, 13.0)",105839999.99999996,4,-15.910877518740117,4.0,4.0,1.2302508998719232e-07,3.77928949357521e-08,3.779289350744919e-08
2136,"(2.0, 2.0, 6.0, 8.0, 12.0, 13.0)",88199999.99999997,1,-15.996588995818351,2.0,4.0,1.1291968808634451e-07,2.2675736961451256e-08,4.535147340871346e-08
2137,"(2.0, 2.0, 6.0, 8.0, 13.0, 14.0)",88199999.99999997,2,-15.805068993155476,2.0,2.0,1.3675579866328743e-07,2.2675736961451256e-08,2.2675736447262208e-08
2138,"(2.0, 2.0, 6.0, 9.0, 9.0, 13.0)",52919999.99999998,28,-16.90016326996108,30.0,34.0,4.574591815042257e-08,5.668934240362814e-07,6.424788925396314e-07
2139,"(2.0, 2.0, 6.0, 9.0, 11.0, 13.0)",105839999.99999996,35,-16.555737637874614,41.0,57.0,6.455568592925354e-08,3.8737717309145895e-07,5.385486027733931e-07
2140,"(2.0, 2.0, 6.0, 9.0, 12.0, 13.0)",88199999.99999997,17,-16.64144911495285,21.0,31.0,5.925301838909628e-08,2.3809523809523817e-07,3.5147386621315203e-07
2141,"(2.0, 2.0, 6.0, 9.0, 12.0, 14.0)",88199999.99999997,1,-16.56481548560216,1.0,1.0,6.39723111423727e-08,1.1337868480725628e-08,1.1337868352178366e-08
2142,"(2.0, 2.0, 6.0, 9.0, 13.0, 13.0)",44099999.99999999,9,-16.526562741640657,10.0,12.0,6.646683459133132e-08,2.2675736961451252e-07,2.721087921185103e-07
2143,"(2.0, 2.0, 6.0, 9.0, 13.0, 14.0)",88199999.99999997,19,-16.449929112289972,23.0,33.0,7.176068221881016e-08,2.6077097505668944e-07,3.7414959186244423e-07
2144,"(2.0, 2.0, 6.0, 11.0, 12.0, 13.0)",88199999.99999997,3,-16.29702348286638,3.0,3.0,8.36166241741825e-08,3.401360544217688e-08,3.401360428525152e-08
2145,"(2.0, 2.0, 6.0, 11.0, 12.0, 14.0)",88199999.99999997,1,-16.22038985351569,1.0,1.0,9.027639171424887e-08,1.1337868480725628e-08,1.1337868352178366e-08
2146,"(2.0, 2.0, 6.0, 11.0, 13.0, 14.0)",88199999.99999997,3,-16.105503480203502,3.0,3.0,1.0126717859621106e-07,3.401360544217688e-08,3.401360428525152e-08
2147,"(2.0, 2.0, 6.0, 12.0, 12.0, 13.0)",33516000.0,1,-16.382734959944614,1.0,1.0,7.674827241796572e-08,2.983649600190953e-08,2.983649511169304e-08
2148,"(2.0, 2.0, 6.0, 13.0, 13.0, 14.0)",33516000.0,1,-16.076328583969545,1.0,1.0,1.0426515824898148e-07,2.983649600190953e-08,2.983649511169304e-08
2149,"(2.0, 2.0, 7.0, 7.0, 9.0, 13.0)",59534999.99999995,15,-16.190115450865488,17.0,21.0,9.305124715682516e-08,2.855463172923493e-07,3.527336045303204e-07
2150,"(2.0, 2.0, 7.0, 7.0, 11.0, 13.0)",59534999.99999995,1,-15.845689818779018,1.0,1.0,1.313119799460378e-07,1.6796842193667606e-08,1.67968419115337e-08
2151,"(2.0, 2.0, 7.0, 7.0, 13.0, 14.0)",47627999.99999997,1,-15.739881293194376,1.0,1.0,1.4596758021837268e-07,2.09960527420845e-08,2.099605230125027e-08
2152,"(2.0, 2.0, 7.0, 8.0, 8.0, 13.0)",52919999.99999998,3,-15.406462565668892,3.0,3.0,2.0373156536214973e-07,5.668934240362814e-08,5.66893391899466e-08
2153,"(2.0, 2.0, 7.0, 8.0, 9.0, 13.0)",105839999.99999996,63,-16.051322684803388,71.0,87.0,1.0690527394666699e-07,6.708238851095996e-07,8.219950148479232e-07
2154,"(2.0, 2.0, 7.0, 8.0, 11.0, 12.0)",105839999.99999996,1,-15.82178342602911,1.0,1.0,1.344889999470852e-07,9.448223733938024e-09,9.448223644669093e-09
2155,"(2.0, 2.0, 7.0, 8.0, 11.0, 13.0)",105839999.99999996,3,-15.706897052716918,4.0,6.0,1.508624937068428e-07,3.77928949357521e-08,5.6689340975325234e-08
2156,"(2.0, 2.0, 7.0, 8.0, 12.0, 13.0)",88199999.99999997,1,-15.792608529795157,1.0,1.0,1.3847050008318e-07,1.1337868480725628e-08,1.1337868352178366e-08
2157,"(2.0, 2.0, 7.0, 8.0, 13.0, 13.0)",44099999.99999999,3,-15.677722156482965,3.0,3.0,1.55328725439265e-07,6.802721088435375e-08,6.802720625665233e-08
2158,"(2.0, 2.0, 7.0, 8.0, 13.0, 14.0)",88199999.99999997,5,-15.601088527132276,5.0,5.0,1.677001074932142e-07,5.6689342403628135e-08,5.6689339189946594e-08
2159,"(2.0, 2.0, 7.0, 9.0, 9.0, 12.0)",52919999.99999998,2,-16.811069177250076,3.0,5.0,5.000868346734823e-08,5.668934240362814e-08,9.44822341256987e-08
2160,"(2.0, 2.0, 7.0, 9.0, 9.0, 13.0)",52919999.99999998,24,-16.696182803937884,28.0,36.0,5.6097039147057974e-08,5.291005291005293e-07,6.802718288961678e-07
2161,"(2.0, 2.0, 7.0, 9.0, 9.0, 14.0)",52919999.99999998,1,-16.6195491745872,3.0,9.0,6.056496934748266e-08,5.668934240362814e-08,1.7006802399720288e-07
2162,"(2.0, 2.0, 7.0, 9.0, 11.0, 13.0)",105839999.99999996,34,-16.351757171851414,45.0,71.0,7.916297206737947e-08,4.2517006802721106e-07,6.708237043400129e-07
2163,"(2.0, 2.0, 7.0, 9.0, 11.0, 14.0)",105839999.99999996,1,-16.27512354250073,1.0,1.0,8.546802201356312e-08,9.448223733938024e-09,9.448223644669093e-09
2164,"(2.0, 2.0, 7.0, 9.0, 12.0, 12.0)",44099999.99999999,2,-16.55235502224184,2.0,2.0,6.477442274438027e-08,4.5351473922902504e-08,4.535147186614632e-08
2165,"(2.0, 2.0, 7.0, 9.0, 12.0, 13.0)",88199999.99999997,21,-16.437468648929652,24.0,30.0,7.266044767589338e-08,2.7210884353741504e-07,3.401359803785461e-07
2166,"(2.0, 2.0, 7.0, 9.0, 13.0, 13.0)",44099999.99999999,18,-16.322582275617457,22.0,30.0,8.15065643625411e-08,4.988662131519275e-07,6.80271859976039e-07
2167,"(2.0, 2.0, 7.0, 9.0, 13.0, 14.0)",88199999.99999997,18,-16.245948646266772,21.0,27.0,8.799827312267009e-08,2.3809523809523817e-07,3.0612239229024954e-07
2168,"(2.0, 2.0, 7.0, 11.0, 11.0, 13.0)",52919999.99999998,1,-16.007331539764948,1.0,1.0,1.1171313569888016e-07,1.889644746787605e-08,1.8896447110800323e-08
2169,"(2.0, 2.0, 7.0, 11.0, 11.0, 14.0)",52919999.99999998,1,-15.93069791041426,2.0,4.0,1.206106907278494e-07,3.77928949357521e-08,7.558578844320129e-08
2170,"(2.0, 2.0, 7.0, 11.0, 12.0, 13.0)",88199999.99999997,4,-16.093043016843183,6.0,10.0,1.0253690884988002e-07,6.802721088435376e-08,1.1337868017955485e-07
2171,"(2.0, 2.0, 7.0, 11.0, 13.0, 13.0)",44099999.99999999,2,-15.97815664353099,3.0,5.0,1.150203642838479e-07,6.802721088435375e-08,1.1337868017955484e-07
2172,"(2.0, 2.0, 7.0, 11.0, 13.0, 14.0)",88199999.99999997,1,-15.901523014180304,1.0,1.0,1.2418132833937446e-07,1.1337868480725628e-08,1.1337868352178366e-08
2173,"(2.0, 2.0, 7.0, 12.0, 12.0, 13.0)",33516000.0,1,-16.178754493921417,1.0,1.0,9.411442630012933e-08,2.983649600190953e-08,2.983649511169304e-08
2174,"(2.0, 2.0, 7.0, 12.0, 13.0, 13.0)",33516000.0,1,-16.063868120609225,1.0,1.0,1.0557247842583952e-07,2.983649600190953e-08,2.983649511169304e-08
2175,"(2.0, 2.0, 7.0, 12.0, 13.0, 14.0)",67031999.99999999,1,-15.98723449125854,1.0,1.0,1.1398095188298506e-07,1.491824800095477e-08,1.4918247778400645e-08
2176,"(2.0, 2.0, 7.0, 13.0, 13.0, 13.0)",11171999.999999998,1,-15.948981747297037,1.0,1.0,1.1842550222248972e-07,8.950948800572862e-08,8.950947999378018e-08
2177,"(2.0, 2.0, 7.0, 13.0, 13.0, 14.0)",33516000.0,2,-15.872348117946348,4.0,10.0,1.278576734373246e-07,1.1934598400763813e-07,2.983649457756315e-07
2178,"(2.0, 2.0, 8.0, 8.0, 9.0, 12.0)",43469999.99999999,1,-16.02741629205348,1.0,1.0,1.0949178733017995e-07,2.300437083045779e-08,2.3004370301256712e-08
2179,"(2.0, 2.0, 8.0, 8.0, 9.0, 13.0)",43469999.99999999,24,-15.912529918741289,27.0,33.0,1.2282197119131932e-07,6.211180124223604e-07,7.591438516175217e-07
2180,"(2.0, 2.0, 8.0, 8.0, 9.0, 14.0)",43469999.99999999,1,-15.835896289390602,1.0,1.0,1.326043055659167e-07,2.300437083045779e-08,2.3004370301256712e-08
2181,"(2.0, 2.0, 8.0, 8.0, 11.0, 13.0)",43469999.99999999,1,-15.56810428665482,1.0,1.0,1.7332380500850025e-07,2.300437083045779e-08,2.3004370301256712e-08
2182,"(2.0, 2.0, 8.0, 8.0, 12.0, 13.0)",37799999.99999999,3,-15.653815763733055,4.0,6.0,1.5908681718124146e-07,1.0582010582010584e-07,1.5873014753226399e-07
2183,"(2.0, 2.0, 8.0, 8.0, 13.0, 13.0)",18900000.0,1,-15.538929390420863,2.0,4.0,1.7845499606131063e-07,1.0582010582010582e-07,2.1164020044231686e-07
2184,"(2.0, 2.0, 8.0, 8.0, 13.0, 14.0)",37799999.99999999,4,-15.462295761070177,4.0,4.0,1.9266830354495223e-07,1.0582010582010584e-07,1.0582009462221104e-07
2185,"(2.0, 2.0, 8.0, 9.0, 9.0, 9.0)",15179999.999999994,1,-16.930990566196208,1.0,1.0,4.43572102104984e-08,6.58761528326746e-08,6.587614849300709e-08
2186,"(2.0, 2.0, 8.0, 9.0, 9.0, 13.0)",43469999.99999999,21,-16.557390037875784,25.0,33.0,6.444910219747935e-08,5.751092707614448e-07,7.591439066544337e-07
2187,"(2.0, 2.0, 8.0, 9.0, 9.0, 14.0)",43469999.99999999,2,-16.480756408525096,2.0,2.0,6.958224459637707e-08,4.600874166091558e-08,4.600873954411127e-08
2188,"(2.0, 2.0, 8.0, 9.0, 11.0, 12.0)",86939999.99999997,1,-16.327850779101507,1.0,1.0,8.10782759543803e-08,1.1502185415228897e-08,1.1502185282928627e-08
2189,"(2.0, 2.0, 8.0, 9.0, 11.0, 13.0)",86939999.99999997,34,-16.212964405789315,36.0,40.0,9.094922931051554e-08,4.1407867494824033e-07,4.600872451480069e-07
2190,"(2.0, 2.0, 8.0, 9.0, 12.0, 13.0)",75599999.99999997,21,-16.29867588286755,22.0,24.0,8.347857015594139e-08,2.910052910052911e-07,3.174602327762382e-07
2191,"(2.0, 2.0, 8.0, 9.0, 12.0, 14.0)",75599999.99999997,3,-16.222042253516864,3.0,3.0,9.012734218311107e-08,3.96825396825397e-08,3.968253810783574e-08
2192,"(2.0, 2.0, 8.0, 9.0, 13.0, 13.0)",37799999.99999999,29,-16.18378950955536,38.0,64.0,9.364174965805333e-08,1.0052910052910054e-06,1.6931206825116882e-06
2193,"(2.0, 2.0, 8.0, 9.0, 13.0, 14.0)",75599999.99999997,31,-16.107155880204672,36.0,52.0,1.0109998288531959e-07,4.761904761904764e-07,6.878304610733185e-07
2194,"(2.0, 2.0, 8.0, 11.0, 11.0, 13.0)",43469999.99999999,1,-15.868538773702848,1.0,1.0,1.283456561866617e-07,2.300437083045779e-08,2.3004370301256712e-08
2195,"(2.0, 2.0, 8.0, 11.0, 12.0, 13.0)",75599999.99999997,2,-15.95425025078108,2.0,2.0,1.1780321774480226e-07,2.6455026455026466e-08,2.6455025755158042e-08
2196,"(2.0, 2.0, 8.0, 11.0, 13.0, 13.0)",37799999.99999999,1,-15.839363877468893,1.0,1.0,1.3214528476428116e-07,2.645502645502646e-08,2.6455025755158035e-08
2197,"(2.0, 2.0, 8.0, 11.0, 13.0, 14.0)",75599999.99999997,5,-15.762730248118205,5.0,5.0,1.4267018799659452e-07,6.613756613756616e-08,6.613756176338851e-08
2198,"(2.0, 2.0, 8.0, 12.0, 12.0, 13.0)",29924999.99999999,1,-16.039961727859318,1.0,1.0,1.0812674556625483e-07,3.3416875522138694e-08,3.341687440545113e-08
2199,"(2.0, 2.0, 8.0, 12.0, 13.0, 13.0)",29924999.99999999,1,-15.925075354547126,1.0,1.0,1.212907410936849e-07,3.3416875522138694e-08,3.341687440545113e-08
2200,"(2.0, 2.0, 8.0, 13.0, 13.0, 13.0)",9974999.999999996,1,-15.810188981234935,2.0,4.0,1.3605740002634977e-07,2.0050125313283215e-07,4.010024660649118e-07
2201,"(2.0, 2.0, 8.0, 13.0, 13.0, 14.0)",29924999.99999999,2,-15.733555351884249,2.0,2.0,1.4689388936361074e-07,6.683375104427739e-08,6.683374657752711e-08
2202,"(2.0, 2.0, 8.0, 13.0, 14.0, 14.0)",29924999.99999999,2,-15.656921722533562,3.0,5.0,1.5859346664121034e-07,1.0025062656641608e-07,1.6708436756050534e-07
2203,"(2.0, 2.0, 9.0, 9.0, 9.0, 13.0)",14489999.999999994,15,-17.20225015701028,16.0,18.0,3.3818760062000273e-08,1.1042097998619742e-06,1.2422348055654388e-06
2204,"(2.0, 2.0, 9.0, 9.0, 9.0, 14.0)",14489999.999999994,1,-17.125616527659595,1.0,1.0,3.6512304350956767e-08,6.901311249137339e-08,6.901310772856369e-08
2205,"(2.0, 2.0, 9.0, 9.0, 11.0, 12.0)",43469999.99999999,2,-16.972710898236002,2.0,2.0,4.254468514301622e-08,4.600874166091558e-08,4.600873954411127e-08
2206,"(2.0, 2.0, 9.0, 9.0, 11.0, 13.0)",43469999.99999999,19,-16.85782452492381,25.0,41.0,4.772432910627052e-08,5.751092707614448e-07,9.43178873298096e-07
2207,"(2.0, 2.0, 9.0, 9.0, 12.0, 13.0)",37799999.99999999,21,-16.94353600200205,24.0,30.0,4.3804205771124676e-08,6.349206349206351e-07,7.936503905265812e-07
2208,"(2.0, 2.0, 9.0, 9.0, 13.0, 13.0)",18900000.0,15,-16.828649628689853,16.0,18.0,4.9137191295047565e-08,8.465608465608466e-07,9.523802357156854e-07
2209,"(2.0, 2.0, 9.0, 9.0, 13.0, 14.0)",37799999.99999999,18,-16.752015999339168,21.0,29.0,5.3050794299577994e-08,5.555555555555556e-07,7.67195458553792e-07
2210,"(2.0, 2.0, 9.0, 11.0, 11.0, 13.0)",43469999.99999999,17,-16.513398892837344,22.0,34.0,6.734757822191127e-08,5.060961582700714e-07,7.821483521022435e-07
2211,"(2.0, 2.0, 9.0, 11.0, 11.0, 14.0)",43469999.99999999,1,-16.436765263486656,1.0,1.0,7.271157395570278e-08,2.300437083045779e-08,2.3004370301256712e-08
2212,"(2.0, 2.0, 9.0, 11.0, 12.0, 13.0)",75599999.99999997,21,-16.59911036991558,26.0,36.0,6.18155819026885e-08,3.4391534391534406e-07,4.761903579127126e-07
2213,"(2.0, 2.0, 9.0, 11.0, 12.0, 14.0)",75599999.99999997,1,-16.52247674056489,1.0,1.0,6.673897375080077e-08,1.3227513227513233e-08,1.3227513052546127e-08
2214,"(2.0, 2.0, 9.0, 11.0, 13.0, 13.0)",37799999.99999999,21,-16.484223996603387,21.0,21.0,6.934137988570332e-08,5.555555555555556e-07,5.555552469135803e-07
2215,"(2.0, 2.0, 9.0, 11.0, 13.0, 14.0)",75599999.99999997,36,-16.407590367252702,42.0,58.0,7.486417485030534e-08,5.555555555555557e-07,7.671954585537921e-07
2216,"(2.0, 2.0, 9.0, 11.0, 14.0, 14.0)",37799999.99999999,2,-16.330956737902014,2.0,2.0,8.082684084532713e-08,5.291005291005292e-08,5.291005011057922e-08
2217,"(2.0, 2.0, 9.0, 12.0, 12.0, 12.0)",9974999.999999996,1,-16.799708220306005,1.0,1.0,5.058006956770836e-08,1.0025062656641608e-07,1.0025061651622795e-07
2218,"(2.0, 2.0, 9.0, 12.0, 12.0, 13.0)",29924999.99999999,1,-16.684821846993813,1.0,1.0,5.673798920248016e-08,3.3416875522138694e-08,3.341687440545113e-08
2219,"(2.0, 2.0, 9.0, 12.0, 13.0, 13.0)",29924999.99999999,10,-16.56993547368162,10.0,10.0,6.364561073668384e-08,3.341687552213869e-07,3.3416864355262995e-07
2220,"(2.0, 2.0, 9.0, 12.0, 13.0, 14.0)",59849999.99999998,10,-16.493301844330936,13.0,19.0,6.871475789059055e-08,2.172096908939015e-07,3.1746027028026776e-07
2221,"(2.0, 2.0, 9.0, 13.0, 13.0, 13.0)",9974999.999999996,5,-16.45504910036943,7.0,13.0,7.139420735531488e-08,7.017543859649125e-07,1.303257652904191e-06
2222,"(2.0, 2.0, 9.0, 13.0, 13.0, 14.0)",29924999.99999999,9,-16.378415471018744,10.0,12.0,7.708050274680566e-08,3.341687552213869e-07,4.0100239459690735e-07
2223,"(2.0, 2.0, 9.0, 13.0, 14.0, 14.0)",29924999.99999999,8,-16.30178184166806,11.0,17.0,8.321969139780653e-08,3.6758563074352563e-07,5.680867487571618e-07
2224,"(2.0, 2.0, 11.0, 11.0, 12.0, 13.0)",37799999.99999999,1,-16.25468473782911,2.0,4.0,8.723286037723042e-08,5.291005291005292e-08,1.0582010302063214e-07
2225,"(2.0, 2.0, 11.0, 11.0, 13.0, 14.0)",37799999.99999999,3,-16.063164735166232,5.0,11.0,1.0564676269251815e-07,1.322751322751323e-07,2.9100527350858046e-07
2226,"(2.0, 2.0, 11.0, 12.0, 13.0, 14.0)",59849999.99999998,4,-16.148876212244467,4.0,4.0,9.696883368923488e-08,6.683375104427739e-08,6.683374657752711e-08
2227,"(2.0, 2.0, 11.0, 13.0, 13.0, 13.0)",9974999.999999996,1,-16.11062346828296,1.0,1.0,1.0075001690954484e-07,1.0025062656641608e-07,1.0025061651622795e-07
2228,"(2.0, 2.0, 11.0, 13.0, 13.0, 14.0)",29924999.99999999,2,-16.033989838932275,3.0,5.0,1.0877439841145269e-07,1.0025062656641608e-07,1.6708436756050534e-07
2229,"(2.0, 2.0, 13.0, 13.0, 13.0, 14.0)",7181999.999999999,1,-16.004814942698317,1.0,1.0,1.119946266996345e-07,1.392369813422445e-07,1.3923696195530754e-07
2230,"(2.0, 3.0, 3.0, 3.0, 3.0, 9.0)",6641249.999999997,1,-15.8672799914299,1.0,1.0,1.2850731715011053e-07,1.5057406361754194e-07,1.505740409449933e-07
2231,"(2.0, 3.0, 3.0, 3.0, 3.0, 13.0)",5578649.999999999,1,-15.493679463109476,1.0,1.0,1.8671555710623008e-07,1.7925483763993084e-07,1.7925480550763403e-07
2232,"(2.0, 3.0, 3.0, 3.0, 6.0, 13.0)",29752800.0,2,-15.694953880461451,3.0,5.0,1.5267507288336177e-07,1.0083084617246108e-07,1.6805140012057559e-07
2233,"(2.0, 3.0, 3.0, 3.0, 7.0, 13.0)",29752800.0,1,-15.490973414438256,1.0,1.0,1.8722150273944708e-07,3.3610282057487026e-08,3.3610280927835964e-08
2234,"(2.0, 3.0, 3.0, 3.0, 9.0, 13.0)",26564999.99999999,14,-15.997040767510653,14.0,14.0,1.1286868568935068e-07,5.270092226613968e-07,5.27008944922676e-07
2235,"(2.0, 3.0, 3.0, 3.0, 13.0, 13.0)",10625999.999999998,1,-15.623440239190227,1.0,1.0,1.6399330400554552e-07,9.41087897609637e-08,9.410878090449939e-08
2236,"(2.0, 3.0, 3.0, 4.0, 4.0, 13.0)",54772199.99999997,1,-15.967282274779253,1.0,1.0,1.1627796354531829e-07,1.825743716703e-08,1.825743683369599e-08
2237,"(2.0, 3.0, 3.0, 4.0, 6.0, 9.0)",130409999.99999993,1,-16.305355814616767,1.0,1.0,8.292279733365385e-08,7.6681236101526e-09,7.668123551352482e-09
2238,"(2.0, 3.0, 3.0, 4.0, 6.0, 13.0)",109544399.99999994,1,-15.931755286296342,2.0,4.0,1.2048322729260945e-07,1.825743716703e-08,3.6514874000725986e-08
2239,"(2.0, 3.0, 3.0, 4.0, 7.0, 13.0)",109544399.99999994,3,-15.727774820273144,5.0,9.0,1.4774547306654018e-07,4.5643592917575e-08,8.215846516829742e-08
2240,"(2.0, 3.0, 3.0, 4.0, 8.0, 13.0)",101429999.99999996,1,-15.588982054211044,1.0,1.0,1.6974270367315402e-07,9.859016070196199e-09,9.859015972996002e-09
2241,"(2.0, 3.0, 3.0, 4.0, 9.0, 12.0)",101429999.99999996,1,-16.348728546657732,1.0,1.0,7.940309046976909e-08,9.859016070196199e-09,9.859015972996002e-09
2242,"(2.0, 3.0, 3.0, 4.0, 9.0, 13.0)",101429999.99999996,36,-16.23384217334554,40.0,48.0,8.907009674406484e-08,3.943606428078479e-07,4.7323261584910094e-07
2243,"(2.0, 3.0, 3.0, 4.0, 9.0, 14.0)",101429999.99999996,1,-16.157208543994855,2.0,4.0,9.616421403168689e-08,1.9718032140392398e-08,3.9436063891984007e-08
2244,"(2.0, 3.0, 3.0, 4.0, 11.0, 13.0)",101429999.99999996,4,-15.889416541259072,5.0,7.0,1.2569386348724918e-07,4.929508035098099e-08,6.901311006136844e-08
2245,"(2.0, 3.0, 3.0, 4.0, 13.0, 13.0)",40571999.99999999,2,-15.860241645025116,2.0,2.0,1.294149866629565e-07,4.9295080350980984e-08,4.929507792097604e-08
2246,"(2.0, 3.0, 3.0, 4.0, 13.0, 14.0)",81143999.99999997,2,-15.78360801567443,4.0,10.0,1.3972243133544984e-07,4.929508035098099e-08,1.2323769844744753e-07
2247,"(2.0, 3.0, 3.0, 6.0, 6.0, 9.0)",65204999.99999996,1,-16.269828826133857,1.0,1.0,8.592175107191123e-08,1.53362472203052e-08,1.5336246985104722e-08
2248,"(2.0, 3.0, 3.0, 6.0, 6.0, 13.0)",54772199.99999997,1,-15.896228297813431,1.0,1.0,1.2484057697815656e-07,1.825743716703e-08,1.825743683369599e-08
2249,"(2.0, 3.0, 3.0, 6.0, 8.0, 13.0)",101429999.99999996,5,-15.553455065728134,6.0,8.0,1.7588155248302073e-07,5.915409642117719e-08,7.887212506236247e-08
2250,"(2.0, 3.0, 3.0, 6.0, 9.0, 12.0)",101429999.99999996,2,-16.31320155817482,2.0,2.0,8.227475185421758e-08,1.9718032140392398e-08,1.9718031751591606e-08
2251,"(2.0, 3.0, 3.0, 6.0, 9.0, 13.0)",101429999.99999996,22,-16.19831518486263,26.0,34.0,9.229137132942124e-08,2.5633441782510115e-07,3.35206480679337e-07
2252,"(2.0, 3.0, 3.0, 6.0, 9.0, 14.0)",101429999.99999996,3,-16.121681555511945,3.0,3.0,9.964205171239748e-08,2.9577048210588596e-08,2.9577047335786815e-08
2253,"(2.0, 3.0, 3.0, 6.0, 11.0, 13.0)",101429999.99999996,3,-15.85388955277616,3.0,3.0,1.30239659021189e-07,2.9577048210588596e-08,2.9577047335786815e-08
2254,"(2.0, 3.0, 3.0, 6.0, 13.0, 13.0)",40571999.99999999,5,-15.824714656542206,5.0,5.0,1.3409535889494691e-07,1.2323770087745245e-07,1.2323768568992152e-07
2255,"(2.0, 3.0, 3.0, 6.0, 13.0, 14.0)",81143999.99999997,2,-15.74808102719152,2.0,2.0,1.4477557861515215e-07,2.4647540175490495e-08,2.4647539567989257e-08
2256,"(2.0, 3.0, 3.0, 7.0, 8.0, 13.0)",101429999.99999996,4,-15.349474599704935,5.0,7.0,2.156790099270141e-07,4.929508035098099e-08,6.901311006136844e-08
2257,"(2.0, 3.0, 3.0, 7.0, 9.0, 9.0)",57959999.99999997,1,-16.367935247159856,2.0,4.0,7.789257156948217e-08,3.45065562456867e-08,6.901311130067098e-08
2258,"(2.0, 3.0, 3.0, 7.0, 9.0, 13.0)",101429999.99999996,37,-15.994334718839433,44.0,60.0,1.1317452747102388e-07,4.3379670708863273e-07,5.915407760321888e-07
2259,"(2.0, 3.0, 3.0, 7.0, 9.0, 14.0)",101429999.99999996,2,-15.917701089488748,2.0,2.0,1.2218847717131031e-07,1.9718032140392398e-08,1.9718031751591606e-08
2260,"(2.0, 3.0, 3.0, 7.0, 11.0, 13.0)",101429999.99999996,3,-15.649909086752965,4.0,6.0,1.597095335716553e-07,3.9436064280784795e-08,5.9154094865974025e-08
2261,"(2.0, 3.0, 3.0, 7.0, 12.0, 13.0)",81143999.99999997,1,-15.7356205638312,1.0,1.0,1.465908353914179e-07,1.2323770087745248e-08,1.2323769935869939e-08
2262,"(2.0, 3.0, 3.0, 7.0, 13.0, 14.0)",81143999.99999997,3,-15.544100561168325,4.0,6.0,1.775345567315305e-07,4.929508035098099e-08,7.394261809646654e-08
2263,"(2.0, 3.0, 3.0, 8.0, 8.0, 13.0)",43469999.99999999,2,-15.210681833642838,2.0,2.0,2.4779059223068244e-07,4.600874166091558e-08,4.600873954411127e-08
2264,"(2.0, 3.0, 3.0, 8.0, 9.0, 11.0)",95219999.99999996,1,-15.884716849011289,1.0,1.0,1.2628597624711002e-07,1.0501995379122038e-08,1.0501995268830131e-08
2265,"(2.0, 3.0, 3.0, 8.0, 9.0, 12.0)",86939999.99999997,2,-15.970428326089523,2.0,2.0,1.1591272194141659e-07,2.3004370830457794e-08,2.3004370301256715e-08
2266,"(2.0, 3.0, 3.0, 8.0, 9.0, 13.0)",86939999.99999997,28,-15.855541952777331,32.0,40.0,1.3002462871543553e-07,3.680699332873247e-07,4.6008728113368014e-07
2267,"(2.0, 3.0, 3.0, 8.0, 11.0, 13.0)",86939999.99999997,4,-15.511116320690864,4.0,4.0,1.8348804513707062e-07,4.600874166091559e-08,4.600873954411128e-08
2268,"(2.0, 3.0, 3.0, 8.0, 12.0, 13.0)",72449999.99999997,2,-15.5968277977691,2.0,2.0,1.684161566279537e-07,2.7605244996549357e-08,2.7605244234499804e-08
2269,"(2.0, 3.0, 3.0, 8.0, 13.0, 13.0)",36224999.99999999,4,-15.48194142445691,5.0,7.0,1.889201449888983e-07,1.3802622498274675e-07,1.9323669592460666e-07
2270,"(2.0, 3.0, 3.0, 8.0, 13.0, 14.0)",72449999.99999997,3,-15.405307795106223,4.0,6.0,2.0396696446633583e-07,5.521048999309871e-08,8.281573194144985e-08
2271,"(2.0, 3.0, 3.0, 9.0, 9.0, 13.0)",43469999.99999999,24,-16.50040207191183,26.0,30.0,6.822859544581765e-08,5.981136415919026e-07,6.901307671738054e-07
2272,"(2.0, 3.0, 3.0, 9.0, 9.0, 14.0)",43469999.99999999,1,-16.423768442561144,2.0,4.0,7.36627610766594e-08,4.600874166091558e-08,9.201748120502685e-08
2273,"(2.0, 3.0, 3.0, 9.0, 11.0, 12.0)",86939999.99999997,1,-16.27086281313755,1.0,1.0,8.583295501286493e-08,1.1502185415228897e-08,1.1502185282928627e-08
2274,"(2.0, 3.0, 3.0, 9.0, 11.0, 13.0)",86939999.99999997,29,-16.15597643982536,33.0,41.0,9.628277138325692e-08,3.795721187025536e-07,4.715894579493915e-07
2275,"(2.0, 3.0, 3.0, 9.0, 12.0, 13.0)",72449999.99999997,16,-16.241687916903594,16.0,16.0,8.837400983667687e-08,2.2084195997239485e-07,2.2084191120122356e-07
2276,"(2.0, 3.0, 3.0, 9.0, 13.0, 13.0)",36224999.99999999,19,-16.126801543591405,20.0,22.0,9.913318939154647e-08,5.52104899930987e-07,6.073150851042652e-07
2277,"(2.0, 3.0, 3.0, 9.0, 13.0, 14.0)",72449999.99999997,27,-16.050167914240717,32.0,44.0,1.0702879631628664e-07,4.416839199447897e-07,6.073151948394007e-07
2278,"(2.0, 3.0, 3.0, 9.0, 14.0, 14.0)",36224999.99999999,1,-15.973534284890032,1.0,1.0,1.1555326032806896e-07,2.760524499654935e-08,2.7605244234499797e-08
2279,"(2.0, 3.0, 3.0, 11.0, 12.0, 13.0)",72449999.99999997,2,-15.897262284817126,2.0,2.0,1.2471156015638058e-07,2.7605244996549357e-08,2.7605244234499804e-08
2280,"(2.0, 3.0, 3.0, 11.0, 13.0, 13.0)",36224999.99999999,4,-15.782375911504936,4.0,4.0,1.3989469002420257e-07,1.104209799861974e-07,1.1042096779340458e-07
2281,"(2.0, 3.0, 3.0, 11.0, 13.0, 14.0)",72449999.99999997,3,-15.70574228215425,4.0,6.0,1.5103680589951038e-07,5.521048999309871e-08,8.281573194144985e-08
2282,"(2.0, 3.0, 3.0, 12.0, 13.0, 13.0)",27531000.0,1,-15.868087388583172,1.0,1.0,1.2840360258312618e-07,3.632269078493335e-08,3.6322689465595486e-08
2283,"(2.0, 3.0, 4.0, 4.0, 6.0, 13.0)",123832800.0,1,-16.168556692131233,1.0,1.0,9.50790969651768e-08,8.075404900801726e-09,8.075404835589561e-09
2284,"(2.0, 3.0, 4.0, 4.0, 7.0, 13.0)",123832800.0,1,-15.964576226108033,1.0,1.0,1.16593043492629e-07,8.075404900801726e-09,8.075404835589561e-09
2285,"(2.0, 3.0, 4.0, 4.0, 8.0, 13.0)",119069999.9999999,2,-15.825783460045932,2.0,2.0,1.3395211386955536e-07,1.6796842193667606e-08,1.67968419115337e-08
2286,"(2.0, 3.0, 4.0, 4.0, 9.0, 9.0)",68039999.99999994,1,-16.844244107500856,1.0,1.0,4.837686625137308e-08,1.4697236919459155e-08,1.469723670345038e-08
2287,"(2.0, 3.0, 4.0, 4.0, 9.0, 13.0)",119069999.9999999,10,-16.47064357918043,12.0,16.0,7.028948805014382e-08,1.0078105316200563e-07,1.3437472739252018e-07
2288,"(2.0, 3.0, 4.0, 4.0, 11.0, 13.0)",119069999.9999999,1,-16.126217947093963,1.0,1.0,9.919106005857247e-08,8.398421096833803e-09,8.398421026300325e-09
2289,"(2.0, 3.0, 4.0, 4.0, 12.0, 13.0)",95255999.99999994,1,-16.211929424172197,1.0,1.0,9.10434088195662e-08,1.049802637104225e-08,1.0498026260833694e-08
2290,"(2.0, 3.0, 4.0, 4.0, 13.0, 14.0)",95255999.99999994,3,-16.02040942150932,3.0,3.0,1.1026167621564358e-07,3.1494079113126755e-08,3.149407812124974e-08
2291,"(2.0, 3.0, 4.0, 6.0, 7.0, 9.0)",294839999.99999994,1,-16.302649765945546,1.0,1.0,8.31474943425981e-08,3.391670058336726e-09,3.3916700468333e-09
2292,"(2.0, 3.0, 4.0, 6.0, 7.0, 13.0)",247665600.0,1,-15.929049237625122,1.0,1.0,1.2080970229913451e-07,4.037702450400863e-09,4.037702434097822e-09
2293,"(2.0, 3.0, 4.0, 6.0, 8.0, 13.0)",238139999.9999998,1,-15.790256471563024,1.0,1.0,1.3879657408500332e-07,4.199210548416901e-09,4.1992105307835325e-09
2294,"(2.0, 3.0, 4.0, 6.0, 9.0, 12.0)",238139999.9999998,1,-16.55000296400971,1.0,1.0,6.492695527100039e-08,4.199210548416901e-09,4.1992105307835325e-09
2295,"(2.0, 3.0, 4.0, 6.0, 9.0, 13.0)",238139999.9999998,32,-16.43511659069752,37.0,49.0,7.283155042293146e-08,1.5537079029142534e-07,2.0576129273234568e-07
2296,"(2.0, 3.0, 4.0, 6.0, 9.0, 14.0)",238139999.9999998,4,-16.358482961346834,8.0,18.0,7.863232509172133e-08,3.359368438733521e-08,7.55857887429686e-08
2297,"(2.0, 3.0, 4.0, 6.0, 11.0, 13.0)",238139999.9999998,3,-16.09069095861105,4.0,6.0,1.0277836547914916e-07,1.6796842193667606e-08,2.51952630083675e-08
2298,"(2.0, 3.0, 4.0, 6.0, 12.0, 13.0)",190511999.99999988,2,-16.176402435689283,3.0,5.0,9.433604944436999e-08,1.5747039556563378e-08,2.6245065679636372e-08
2299,"(2.0, 3.0, 4.0, 6.0, 13.0, 14.0)",190511999.99999988,1,-15.984882433026408,1.0,1.0,1.1424935724795296e-07,5.249013185521125e-09,5.249013157968986e-09
2300,"(2.0, 3.0, 4.0, 7.0, 8.0, 9.0)",272159999.99999976,1,-15.95987653386025,1.0,1.0,1.1714228453628582e-07,3.6743092298647886e-09,3.6743092163642403e-09
2301,"(2.0, 3.0, 4.0, 7.0, 8.0, 13.0)",238139999.9999998,3,-15.586276005539826,4.0,6.0,1.7020265773924698e-07,1.6796842193667606e-08,2.51952630083675e-08
2302,"(2.0, 3.0, 4.0, 7.0, 9.0, 13.0)",238139999.9999998,29,-16.23113612467432,34.0,48.0,8.93114511721386e-08,1.4277315864617464e-07,2.0156208593983642e-07
2303,"(2.0, 3.0, 4.0, 7.0, 11.0, 13.0)",238139999.9999998,3,-15.886710492587852,3.0,3.0,1.2603445782410654e-07,1.2597631645250703e-08,1.259763148655038e-08
2304,"(2.0, 3.0, 4.0, 7.0, 12.0, 13.0)",190511999.99999988,4,-15.972421969666089,4.0,4.0,1.1568186348907565e-07,2.09960527420845e-08,2.099605230125027e-08
2305,"(2.0, 3.0, 4.0, 7.0, 13.0, 13.0)",95255999.99999994,1,-15.857535596353896,1.0,1.0,1.2976566417686985e-07,1.049802637104225e-08,1.0498026260833694e-08
2306,"(2.0, 3.0, 4.0, 7.0, 13.0, 14.0)",190511999.99999988,1,-15.78090196700321,1.0,1.0,1.4010103906954675e-07,5.249013185521125e-09,5.249013157968986e-09
2307,"(2.0, 3.0, 4.0, 8.0, 8.0, 13.0)",105839999.99999996,1,-15.447483239477728,1.0,1.0,1.9554344845479428e-07,9.448223733938024e-09,9.448223644669093e-09
2308,"(2.0, 3.0, 4.0, 8.0, 9.0, 9.0)",115919999.99999996,1,-16.465943886932646,1.0,1.0,7.062060447543214e-08,8.626639061421674e-09,8.626638987002772e-09
2309,"(2.0, 3.0, 4.0, 8.0, 9.0, 13.0)",211679999.9999999,42,-16.092343358612222,49.0,63.0,1.026086747450061e-07,2.314814814814816e-07,2.976189940353715e-07
2310,"(2.0, 3.0, 4.0, 8.0, 9.0, 14.0)",211679999.9999999,3,-16.015709729261538,4.0,6.0,1.107810917511327e-07,1.889644746787605e-08,2.8344670844738346e-08
2311,"(2.0, 3.0, 4.0, 8.0, 11.0, 13.0)",211679999.9999999,3,-15.747917726525753,4.0,6.0,1.447992224940048e-07,1.889644746787605e-08,2.8344670844738346e-08
2312,"(2.0, 3.0, 4.0, 8.0, 12.0, 13.0)",176399999.99999994,7,-15.833629203603987,7.0,7.0,1.3290527193168832e-07,3.96825396825397e-08,3.968253810783574e-08
2313,"(2.0, 3.0, 4.0, 8.0, 13.0, 13.0)",88199999.99999997,1,-15.718742830291797,1.0,1.0,1.490859531879141e-07,1.1337868480725628e-08,1.1337868352178366e-08
2314,"(2.0, 3.0, 4.0, 9.0, 9.0, 12.0)",105839999.99999996,3,-16.85208985105891,3.0,3.0,4.799879881405121e-08,2.834467120181407e-08,2.8344670398393686e-08
2315,"(2.0, 3.0, 4.0, 9.0, 9.0, 13.0)",105839999.99999996,30,-16.737203477746718,38.0,56.0,5.384245913695453e-08,3.590325018896449e-07,5.291004001961919e-07
2316,"(2.0, 3.0, 4.0, 9.0, 9.0, 14.0)",105839999.99999996,1,-16.66056984839603,1.0,1.0,5.813082003622597e-08,9.448223733938024e-09,9.448223644669093e-09
2317,"(2.0, 3.0, 4.0, 9.0, 11.0, 12.0)",211679999.9999999,1,-16.50766421897244,1.0,1.0,6.773490415106482e-08,4.724111866969012e-09,4.724111844651779e-09
2318,"(2.0, 3.0, 4.0, 9.0, 11.0, 13.0)",211679999.9999999,24,-16.392777845660248,31.0,45.0,7.598135576325317e-08,1.4644746787603937e-07,2.1258501256674467e-07
2319,"(2.0, 3.0, 4.0, 9.0, 11.0, 14.0)",211679999.9999999,1,-16.31614421630956,2.0,4.0,8.203300125552102e-08,9.448223733938024e-09,1.8896447378607117e-08
2320,"(2.0, 3.0, 4.0, 9.0, 12.0, 12.0)",88199999.99999997,1,-16.593375696050675,4.0,16.0,6.217109249904186e-08,4.535147392290251e-08,1.8140589363485385e-07
2321,"(2.0, 3.0, 4.0, 9.0, 12.0, 13.0)",176399999.99999994,22,-16.478489322738483,33.0,73.0,6.974017246447317e-08,1.8707482993197284e-07,4.138321645494934e-07
2322,"(2.0, 3.0, 4.0, 9.0, 12.0, 14.0)",176399999.99999994,1,-16.401855693387798,1.0,1.0,7.529472984351777e-08,5.668934240362814e-09,5.668934208225998e-09
2323,"(2.0, 3.0, 4.0, 9.0, 13.0, 13.0)",88199999.99999997,19,-16.363602949426294,24.0,36.0,7.823075741268984e-08,2.7210884353741504e-07,4.0816319126289987e-07
2324,"(2.0, 3.0, 4.0, 9.0, 13.0, 14.0)",176399999.99999994,32,-16.286969320075606,35.0,41.0,8.44615597680509e-08,1.9841269841269847e-07,2.3242626448727648e-07
2325,"(2.0, 3.0, 4.0, 11.0, 11.0, 13.0)",105839999.99999996,2,-16.04835221357378,2.0,2.0,1.0722330510457051e-07,1.889644746787605e-08,1.8896447110800323e-08
2326,"(2.0, 3.0, 4.0, 11.0, 12.0, 13.0)",176399999.99999994,5,-16.134063690652013,7.0,13.0,9.84158773568508e-08,3.96825396825397e-08,7.369614355001262e-08
2327,"(2.0, 3.0, 4.0, 11.0, 13.0, 13.0)",88199999.99999997,4,-16.019177317339825,5.0,7.0,1.103976138140884e-07,5.6689342403628135e-08,7.936507615139786e-08
2328,"(2.0, 3.0, 4.0, 11.0, 13.0, 14.0)",176399999.99999994,1,-15.942543687989138,1.0,1.0,1.1919039219088917e-07,5.668934240362814e-09,5.668934208225998e-09
2329,"(2.0, 3.0, 4.0, 12.0, 13.0, 13.0)",67031999.99999999,2,-16.10488879441806,3.0,5.0,1.0132944522667186e-07,4.4754744002864305e-08,7.459123800178674e-08
2330,"(2.0, 3.0, 4.0, 13.0, 13.0, 13.0)",22344000.0,1,-15.990002421105867,1.0,1.0,1.1366589683053087e-07,4.4754744002864305e-08,4.4754741999877197e-08
2331,"(2.0, 3.0, 4.0, 13.0, 14.0, 14.0)",67031999.99999999,1,-15.836735162404496,2.0,4.0,1.324931140367584e-07,2.983649600190954e-08,5.967299111360258e-08
2332,"(2.0, 3.0, 6.0, 6.0, 7.0, 9.0)",147419999.99999997,1,-16.267122777462635,1.0,1.0,8.615457438576338e-08,6.783340116673452e-09,6.7833400706597485e-09
2333,"(2.0, 3.0, 6.0, 6.0, 8.0, 9.0)",136079999.99999988,1,-16.128330011400536,1.0,1.0,9.898178324193438e-08,7.348618459729577e-09,7.348618405727384e-09
2334,"(2.0, 3.0, 6.0, 6.0, 9.0, 12.0)",119069999.9999999,1,-16.5144759755268,1.0,1.0,6.727507836241247e-08,8.398421096833803e-09,8.398421026300325e-09
2335,"(2.0, 3.0, 6.0, 6.0, 9.0, 13.0)",119069999.9999999,18,-16.399589602214608,18.0,18.0,7.546554803790684e-08,1.5117157974300844e-07,1.511715568901619e-07
2336,"(2.0, 3.0, 6.0, 6.0, 9.0, 14.0)",119069999.9999999,1,-16.322955972863923,1.0,1.0,8.147611127434186e-08,8.398421096833803e-09,8.398421026300325e-09
2337,"(2.0, 3.0, 6.0, 6.0, 11.0, 13.0)",119069999.9999999,1,-16.055163970128138,1.0,1.0,1.0649540799672694e-07,8.398421096833803e-09,8.398421026300325e-09
2338,"(2.0, 3.0, 6.0, 6.0, 12.0, 13.0)",95255999.99999994,1,-16.140875447206376,1.0,1.0,9.774777043341554e-08,1.049802637104225e-08,1.0498026260833694e-08
2339,"(2.0, 3.0, 6.0, 6.0, 13.0, 13.0)",47627999.99999997,2,-16.02598907389418,2.0,2.0,1.0964816756516245e-07,4.1992105484169e-08,4.199210372083208e-08
2340,"(2.0, 3.0, 6.0, 7.0, 8.0, 13.0)",238139999.9999998,3,-15.550749017056916,4.0,6.0,1.7635814106953858e-07,1.6796842193667606e-08,2.51952630083675e-08
2341,"(2.0, 3.0, 6.0, 7.0, 9.0, 13.0)",238139999.9999998,45,-16.19560913619141,58.0,88.0,9.254145448816485e-08,2.435542118081803e-07,3.695304689420332e-07
2342,"(2.0, 3.0, 6.0, 7.0, 9.0, 14.0)",238139999.9999998,1,-16.118975506840727,1.0,1.0,9.991205310772823e-08,4.199210548416901e-09,4.1992105307835325e-09
2343,"(2.0, 3.0, 6.0, 7.0, 11.0, 13.0)",238139999.9999998,5,-15.851183504104942,7.0,11.0,1.3059257116078058e-07,2.939447383891831e-08,4.619131516855082e-08
2344,"(2.0, 3.0, 6.0, 7.0, 11.0, 14.0)",238139999.9999998,1,-15.774549874754255,2.0,4.0,1.409938062618131e-07,8.398421096833803e-09,1.679684212313413e-08
2345,"(2.0, 3.0, 6.0, 7.0, 12.0, 13.0)",190511999.99999988,2,-15.936894981183178,2.0,2.0,1.1986556891284753e-07,1.049802637104225e-08,1.0498026260833694e-08
2346,"(2.0, 3.0, 6.0, 7.0, 13.0, 14.0)",190511999.99999988,1,-15.7453749785203,1.0,1.0,1.4516787892976988e-07,5.249013185521125e-09,5.249013157968986e-09
2347,"(2.0, 3.0, 6.0, 8.0, 8.0, 13.0)",105839999.99999996,4,-15.411956250994816,5.0,7.0,2.0261539699719198e-07,4.724111866969012e-08,6.613756390584288e-08
2348,"(2.0, 3.0, 6.0, 8.0, 9.0, 9.0)",115919999.99999996,1,-16.430416898449735,1.0,1.0,7.317464187647915e-08,8.626639061421674e-09,8.626638987002772e-09
2349,"(2.0, 3.0, 6.0, 8.0, 9.0, 11.0)",231839999.9999999,1,-16.085991266363266,2.0,4.0,1.0326252898522214e-07,8.626639061421674e-09,1.7253278048424445e-08
2350,"(2.0, 3.0, 6.0, 8.0, 9.0, 12.0)",211679999.9999999,1,-16.171702743441504,1.0,1.0,9.47804432838234e-08,4.724111866969012e-09,4.724111844651779e-09
2351,"(2.0, 3.0, 6.0, 8.0, 9.0, 13.0)",211679999.9999999,52,-16.05681637012931,62.0,84.0,1.0631958029328391e-07,2.9289493575207873e-07,3.968253110379536e-07
2352,"(2.0, 3.0, 6.0, 8.0, 11.0, 13.0)",211679999.9999999,6,-15.712390738042842,9.0,15.0,1.500359750344177e-07,4.2517006802721105e-08,7.08616761968393e-08
2353,"(2.0, 3.0, 6.0, 8.0, 12.0, 13.0)",176399999.99999994,1,-15.798102215121078,1.0,1.0,1.3771187246748415e-07,5.668934240362814e-09,5.668934208225998e-09
2354,"(2.0, 3.0, 6.0, 8.0, 13.0, 13.0)",88199999.99999997,2,-15.683215841808886,3.0,5.0,1.5447773796858873e-07,3.401360544217688e-08,5.668934124670278e-08
2355,"(2.0, 3.0, 6.0, 8.0, 13.0, 14.0)",176399999.99999994,3,-15.6065822124582,4.0,6.0,1.6678134188882096e-07,2.2675736961451256e-08,3.401360492798783e-08
2356,"(2.0, 3.0, 6.0, 9.0, 9.0, 12.0)",105839999.99999996,1,-16.816562862576,1.0,1.0,4.973470476228003e-08,9.448223733938024e-09,9.448223644669093e-09
2357,"(2.0, 3.0, 6.0, 9.0, 9.0, 13.0)",105839999.99999996,28,-16.701676489263804,29.0,31.0,5.578970463876811e-08,2.739984882842027e-07,2.9289486067690715e-07
2358,"(2.0, 3.0, 6.0, 9.0, 9.0, 14.0)",105839999.99999996,1,-16.625042859913123,2.0,4.0,6.02331567356759e-08,1.889644746787605e-08,3.779289457867637e-08
2359,"(2.0, 3.0, 6.0, 9.0, 11.0, 12.0)",211679999.9999999,3,-16.47213723048953,7.0,21.0,7.018457843299958e-08,3.306878306878308e-08,9.920634811280483e-08
2360,"(2.0, 3.0, 6.0, 9.0, 11.0, 13.0)",211679999.9999999,33,-16.357250857177338,36.0,42.0,7.872926801695127e-08,1.7006802721088442e-07,1.9841266948956462e-07
2361,"(2.0, 3.0, 6.0, 9.0, 11.0, 14.0)",211679999.9999999,1,-16.280617227826653,1.0,1.0,8.499977497380041e-08,4.724111866969012e-09,4.724111844651779e-09
2362,"(2.0, 3.0, 6.0, 9.0, 12.0, 12.0)",88199999.99999997,1,-16.557848707567764,3.0,9.0,6.441954812592261e-08,3.401360544217688e-08,1.020408151696053e-07
2363,"(2.0, 3.0, 6.0, 9.0, 12.0, 13.0)",176399999.99999994,23,-16.442962334255572,28.0,40.0,7.226236850276534e-08,1.587301587301588e-07,2.2675734441924925e-07
2364,"(2.0, 3.0, 6.0, 9.0, 12.0, 14.0)",176399999.99999994,2,-16.366328704904888,2.0,2.0,7.801780985041541e-08,1.1337868480725628e-08,1.1337868352178366e-08
2365,"(2.0, 3.0, 6.0, 9.0, 13.0, 13.0)",88199999.99999997,21,-16.32807596094338,25.0,35.0,8.106002065432315e-08,2.834467120181407e-07,3.968253164833584e-07
2366,"(2.0, 3.0, 6.0, 9.0, 13.0, 14.0)",176399999.99999994,32,-16.251442331592695,36.0,44.0,8.7516163791915e-08,2.040816326530613e-07,2.49433064926651e-07
2367,"(2.0, 3.0, 6.0, 9.0, 14.0, 14.0)",88199999.99999997,1,-16.17480870224201,2.0,4.0,9.448651583146138e-08,2.2675736961451256e-08,4.535147340871346e-08
2368,"(2.0, 3.0, 6.0, 11.0, 11.0, 13.0)",105839999.99999996,2,-16.012825225090868,2.0,2.0,1.1110110158528764e-07,1.889644746787605e-08,1.8896447110800323e-08
2369,"(2.0, 3.0, 6.0, 11.0, 12.0, 13.0)",176399999.99999994,3,-16.098536702169106,3.0,3.0,1.0197514782038344e-07,1.700680272108844e-08,1.7006802431857102e-08
2370,"(2.0, 3.0, 6.0, 11.0, 13.0, 13.0)",88199999.99999997,2,-15.983650328856912,2.0,2.0,1.1439021111287858e-07,2.2675736961451256e-08,2.2675736447262208e-08
2371,"(2.0, 3.0, 6.0, 11.0, 13.0, 14.0)",176399999.99999994,6,-15.907016699506226,10.0,20.0,1.2350098570339457e-07,5.6689342403628135e-08,1.1337868159357473e-07
2372,"(2.0, 3.0, 6.0, 12.0, 12.0, 13.0)",67031999.99999999,1,-16.18424817924734,1.0,1.0,9.359880887415208e-08,1.491824800095477e-08,1.4918247778400645e-08
2373,"(2.0, 3.0, 6.0, 12.0, 13.0, 13.0)",67031999.99999999,1,-16.06936180593515,2.0,4.0,1.049940866561614e-07,2.983649600190954e-08,5.967299111360258e-08
2374,"(2.0, 3.0, 7.0, 7.0, 8.0, 13.0)",119069999.9999999,2,-15.346768551033716,2.0,2.0,2.1626343821429953e-07,1.6796842193667606e-08,1.67968419115337e-08
2375,"(2.0, 3.0, 7.0, 7.0, 9.0, 9.0)",68039999.99999994,1,-16.365229198488638,1.0,1.0,7.810363810864138e-08,1.4697236919459155e-08,1.469723670345038e-08
2376,"(2.0, 3.0, 7.0, 7.0, 9.0, 13.0)",119069999.9999999,19,-15.991628670168213,23.0,31.0,1.1348119799624842e-07,1.9316368522717746e-07,2.603510166896386e-07
2377,"(2.0, 3.0, 7.0, 7.0, 9.0, 14.0)",119069999.9999999,1,-15.914995040817528,1.0,1.0,1.2251957291615544e-07,8.398421096833803e-09,8.398421026300325e-09
2378,"(2.0, 3.0, 7.0, 7.0, 11.0, 13.0)",119069999.9999999,2,-15.647203038081743,3.0,5.0,1.6014230062302522e-07,2.5195263290501407e-08,4.1992104849367724e-08
2379,"(2.0, 3.0, 7.0, 7.0, 11.0, 14.0)",119069999.9999999,1,-15.57056940873106,1.0,1.0,1.7289706686734333e-07,8.398421096833803e-09,8.398421026300325e-09
2380,"(2.0, 3.0, 7.0, 7.0, 12.0, 13.0)",95255999.99999994,1,-15.73291451515998,1.0,1.0,1.4698805453151196e-07,1.049802637104225e-08,1.0498026260833694e-08
2381,"(2.0, 3.0, 7.0, 7.0, 13.0, 13.0)",47627999.99999997,1,-15.61802814184779,1.0,1.0,1.6488325781637174e-07,2.09960527420845e-08,2.099605230125027e-08
2382,"(2.0, 3.0, 7.0, 8.0, 8.0, 13.0)",105839999.99999996,2,-15.207975784971618,3.0,5.0,2.484620337004473e-07,2.834467120181407e-08,4.7241117866269734e-08
2383,"(2.0, 3.0, 7.0, 8.0, 9.0, 9.0)",115919999.99999996,1,-16.22643643242654,2.0,4.0,8.973217536959375e-08,1.7253278122843347e-08,3.4506555948011086e-08
2384,"(2.0, 3.0, 7.0, 8.0, 9.0, 12.0)",211679999.9999999,1,-15.967722277418304,1.0,1.0,1.1622681218868608e-07,4.724111866969012e-09,4.724111844651779e-09
2385,"(2.0, 3.0, 7.0, 8.0, 9.0, 13.0)",211679999.9999999,58,-15.852835904106112,71.0,101.0,1.3037695818454242e-07,3.354119425547998e-07,4.771351860626991e-07
2386,"(2.0, 3.0, 7.0, 8.0, 9.0, 14.0)",211679999.9999999,2,-15.776202274755429,3.0,5.0,1.407610204767634e-07,1.4172335600907036e-08,2.3620559133989963e-08
2387,"(2.0, 3.0, 7.0, 8.0, 11.0, 13.0)",211679999.9999999,7,-15.508410272019646,8.0,10.0,1.839852451380954e-07,3.77928949357521e-08,4.724111724138721e-08
2388,"(2.0, 3.0, 7.0, 8.0, 13.0, 13.0)",88199999.99999997,5,-15.47923537578569,7.0,13.0,1.894320644232788e-07,7.93650793650794e-08,1.4739228395061732e-07
2389,"(2.0, 3.0, 7.0, 8.0, 13.0, 14.0)",176399999.99999994,1,-15.402601746435003,1.0,1.0,2.045196564679646e-07,5.668934240362814e-09,5.668934208225998e-09
2390,"(2.0, 3.0, 7.0, 9.0, 9.0, 11.0)",115919999.99999996,1,-16.526870919474565,1.0,1.0,6.644635414219256e-08,8.626639061421674e-09,8.626638987002772e-09
2391,"(2.0, 3.0, 7.0, 9.0, 9.0, 13.0)",105839999.99999996,28,-16.497696023240607,34.0,48.0,6.841347538009503e-08,3.212396069538928e-07,4.5351463603414006e-07
2392,"(2.0, 3.0, 7.0, 9.0, 9.0, 14.0)",105839999.99999996,3,-16.421062393889926,3.0,3.0,7.38623660419608e-08,2.834467120181407e-08,2.8344670398393686e-08
2393,"(2.0, 3.0, 7.0, 9.0, 11.0, 12.0)",211679999.9999999,1,-16.268156764466333,2.0,4.0,8.606553771485229e-08,9.448223733938024e-09,1.8896447378607117e-08
2394,"(2.0, 3.0, 7.0, 9.0, 11.0, 13.0)",211679999.9999999,48,-16.15327039115414,53.0,63.0,9.654367009191484e-08,2.5037792894935765e-07,2.9761898492994043e-07
2395,"(2.0, 3.0, 7.0, 9.0, 11.0, 14.0)",211679999.9999999,3,-16.076636761803456,3.0,3.0,1.0423303098906881e-07,1.4172335600907036e-08,1.4172335400051939e-08
2396,"(2.0, 3.0, 7.0, 9.0, 12.0, 13.0)",176399999.99999994,32,-16.238981868232376,34.0,38.0,8.861347806878179e-08,1.9274376417233567e-07,2.154194639836283e-07
2397,"(2.0, 3.0, 7.0, 9.0, 12.0, 14.0)",176399999.99999994,1,-16.16234823888169,1.0,1.0,9.567122729847432e-08,5.668934240362814e-09,5.668934208225998e-09
2398,"(2.0, 3.0, 7.0, 9.0, 13.0, 13.0)",88199999.99999997,23,-16.124095494920184,28.0,38.0,9.940181191586578e-08,3.174603174603176e-07,4.308389014865207e-07
2399,"(2.0, 3.0, 7.0, 9.0, 13.0, 14.0)",176399999.99999994,30,-16.0474618655695,32.0,36.0,1.073188136719045e-07,1.8140589569161004e-07,2.040815997449623e-07
2400,"(2.0, 3.0, 7.0, 9.0, 14.0, 14.0)",88199999.99999997,1,-15.970828236218813,1.0,1.0,1.1586637653741467e-07,1.1337868480725628e-08,1.1337868352178366e-08
2401,"(2.0, 3.0, 7.0, 11.0, 11.0, 13.0)",105839999.99999996,4,-15.808844759067672,6.0,10.0,1.362404143779017e-07,5.668934240362814e-08,9.44822341256987e-08
2402,"(2.0, 3.0, 7.0, 11.0, 12.0, 13.0)",176399999.99999994,1,-15.894556236145906,1.0,1.0,1.2504949273281234e-07,5.668934240362814e-09,5.668934208225998e-09
2403,"(2.0, 3.0, 7.0, 11.0, 13.0, 13.0)",88199999.99999997,5,-15.779669862833716,5.0,5.0,1.402737645299639e-07,5.6689342403628135e-08,5.6689339189946594e-08
2404,"(2.0, 3.0, 7.0, 11.0, 13.0, 14.0)",176399999.99999994,7,-15.70303623348303,9.0,15.0,1.5144607234513616e-07,5.102040816326532e-08,8.503401100236016e-08
2405,"(2.0, 3.0, 7.0, 12.0, 13.0, 13.0)",67031999.99999999,3,-15.865381339911952,3.0,3.0,1.2875153953612096e-07,4.4754744002864305e-08,4.4754741999877197e-08
2406,"(2.0, 3.0, 7.0, 12.0, 13.0, 14.0)",134063999.99999996,4,-15.788747710561266,4.0,4.0,1.390061429981076e-07,2.9836496001909546e-08,2.983649511169305e-08
2407,"(2.0, 3.0, 7.0, 13.0, 14.0, 14.0)",67031999.99999999,3,-15.597227707898387,3.0,3.0,1.6834881876642643e-07,4.4754744002864305e-08,4.4754741999877197e-08
2408,"(2.0, 3.0, 8.0, 8.0, 8.0, 13.0)",28979999.99999999,2,-15.069183018909518,3.0,5.0,2.854545488608644e-07,1.0351966873706008e-07,1.7253277051211163e-07
2409,"(2.0, 3.0, 8.0, 8.0, 8.0, 14.0)",28979999.99999999,1,-14.992549389558834,2.0,4.0,3.0818999121390253e-07,6.901311249137339e-08,1.3802622021993708e-07
2410,"(2.0, 3.0, 8.0, 8.0, 9.0, 12.0)",86939999.99999997,1,-15.828929511356206,1.0,1.0,1.3353135585639385e-07,1.1502185415228897e-08,1.1502185282928627e-08
2411,"(2.0, 3.0, 8.0, 8.0, 9.0, 13.0)",86939999.99999997,32,-15.714043138044014,42.0,68.0,1.4978826030736656e-07,4.830917874396137e-07,7.821483748578899e-07
2412,"(2.0, 3.0, 8.0, 8.0, 11.0, 13.0)",86939999.99999997,5,-15.369617505957546,5.0,5.0,2.1137806998420312e-07,5.751092707614449e-08,5.7510923768637755e-08
2413,"(2.0, 3.0, 8.0, 8.0, 13.0, 13.0)",37799999.99999999,2,-15.34044260972359,2.0,2.0,2.1763584433556824e-07,5.291005291005292e-08,5.291005011057922e-08
2414,"(2.0, 3.0, 8.0, 8.0, 13.0, 14.0)",75599999.99999997,2,-15.263808980372904,3.0,5.0,2.3496976741576403e-07,3.96825396825397e-08,6.613756456286221e-08
2415,"(2.0, 3.0, 8.0, 9.0, 9.0, 11.0)",91079999.99999996,1,-16.388078153412465,1.0,1.0,7.633928517214202e-08,1.0979358805445767e-08,1.0979358684899448e-08
2416,"(2.0, 3.0, 8.0, 9.0, 9.0, 13.0)",86939999.99999997,37,-16.35890325717851,40.0,46.0,7.85992831974218e-08,4.600874166091559e-07,5.291003174200984e-07
2417,"(2.0, 3.0, 8.0, 9.0, 9.0, 14.0)",86939999.99999997,1,-16.282269627827823,1.0,1.0,8.485943732443204e-08,1.1502185415228897e-08,1.1502185282928627e-08
2418,"(2.0, 3.0, 8.0, 9.0, 11.0, 12.0)",173879999.99999994,2,-16.129363998404234,3.0,5.0,9.887949025838086e-08,1.7253278122843347e-08,2.875546324039664e-08
2419,"(2.0, 3.0, 8.0, 9.0, 11.0, 13.0)",173879999.99999994,28,-16.01447762509204,36.0,54.0,1.1091766971804381e-07,2.0703933747412016e-07,3.10558963345893e-07
2420,"(2.0, 3.0, 8.0, 9.0, 11.0, 14.0)",173879999.99999994,2,-15.937843995741355,2.0,2.0,1.197518687030357e-07,1.1502185415228897e-08,1.1502185282928627e-08
2421,"(2.0, 3.0, 8.0, 9.0, 12.0, 13.0)",151199999.99999994,33,-16.100189102170276,42.0,66.0,1.0180678322714169e-07,2.7777777777777787e-07,4.3650785934744285e-07
2422,"(2.0, 3.0, 8.0, 9.0, 12.0, 14.0)",151199999.99999994,1,-16.02355547281959,1.0,1.0,1.0991533241805724e-07,6.6137566137566165e-09,6.61375657001484e-09
2423,"(2.0, 3.0, 8.0, 9.0, 13.0, 13.0)",75599999.99999997,30,-15.985302728858086,32.0,36.0,1.1420134880890995e-07,4.2328042328042345e-07,4.7619029702415965e-07
2424,"(2.0, 3.0, 8.0, 9.0, 13.0, 14.0)",151199999.99999994,31,-15.9086690995074,37.0,51.0,1.232970811867806e-07,2.447089947089948e-07,3.3730152741909535e-07
2425,"(2.0, 3.0, 8.0, 9.0, 14.0, 14.0)",75599999.99999997,1,-15.832035470156711,1.0,1.0,1.3311725638737404e-07,1.3227513227513233e-08,1.3227513052546127e-08
2426,"(2.0, 3.0, 8.0, 11.0, 11.0, 13.0)",86939999.99999997,1,-15.670051993005572,2.0,4.0,1.5652470296427087e-07,2.3004370830457794e-08,4.600874113171451e-08
2427,"(2.0, 3.0, 8.0, 11.0, 12.0, 13.0)",151199999.99999994,5,-15.755763470083808,5.0,5.0,1.436676099027703e-07,3.306878306878308e-08,3.3068781975238666e-08
2428,"(2.0, 3.0, 8.0, 11.0, 12.0, 14.0)",151199999.99999994,1,-15.679129840733122,1.0,1.0,1.5511022546443493e-07,6.6137566137566165e-09,6.61375657001484e-09
2429,"(2.0, 3.0, 8.0, 11.0, 13.0, 13.0)",75599999.99999997,4,-15.640877096771616,5.0,7.0,1.6115856243530333e-07,6.613756613756616e-08,9.259258821841498e-08
2430,"(2.0, 3.0, 8.0, 11.0, 13.0, 14.0)",151199999.99999994,3,-15.56424346742093,3.0,3.0,1.739942703284444e-07,1.984126984126985e-08,1.984126944759386e-08
2431,"(2.0, 3.0, 8.0, 12.0, 13.0, 13.0)",59849999.99999998,2,-15.726588573849853,2.0,2.0,1.4792083959891938e-07,3.3416875522138694e-08,3.341687440545113e-08
2432,"(2.0, 3.0, 8.0, 12.0, 13.0, 14.0)",119699999.99999996,1,-15.649954944499166,3.0,9.0,1.597022098203255e-07,2.506265664160402e-08,7.518796929667529e-08
2433,"(2.0, 3.0, 8.0, 13.0, 13.0, 13.0)",19950000.0,2,-15.61170220053766,2.0,2.0,1.659296057066601e-07,1.0025062656641604e-07,1.0025061651622791e-07
2434,"(2.0, 3.0, 8.0, 13.0, 13.0, 14.0)",59849999.99999998,2,-15.535068571186974,3.0,5.0,1.7914531027420224e-07,5.012531328320804e-08,8.35421862927997e-08
2435,"(2.0, 3.0, 8.0, 13.0, 14.0, 14.0)",59849999.99999998,1,-15.458434941836288,1.0,1.0,1.9341359883646148e-07,1.6708437761069347e-08,1.6708437481897455e-08
2436,"(2.0, 3.0, 9.0, 9.0, 9.0, 13.0)",28979999.99999999,15,-17.003763376313003,18.0,26.0,4.124386855466217e-08,6.211180124223605e-07,8.971700766002687e-07
2437,"(2.0, 3.0, 9.0, 9.0, 11.0, 12.0)",86939999.99999997,1,-16.77422411753873,1.0,1.0,5.1885622019291074e-08,1.1502185415228897e-08,1.1502185282928627e-08
2438,"(2.0, 3.0, 9.0, 9.0, 11.0, 13.0)",86939999.99999997,31,-16.659337744226537,40.0,60.0,5.820248740373338e-08,4.600874166091559e-07,6.901309132333029e-07
2439,"(2.0, 3.0, 9.0, 9.0, 12.0, 12.0)",37799999.99999999,1,-16.859935594616964,1.0,1.0,4.762368599116055e-08,2.645502645502646e-08,2.6455025755158035e-08
2440,"(2.0, 3.0, 9.0, 9.0, 12.0, 13.0)",75599999.99999997,19,-16.74504922130477,23.0,33.0,5.3421677839562454e-08,3.0423280423280433e-07,4.365078439503375e-07
2441,"(2.0, 3.0, 9.0, 9.0, 12.0, 14.0)",75599999.99999997,2,-16.668415591954087,2.0,2.0,5.767652500094346e-08,2.6455026455026466e-08,2.6455025755158042e-08
2442,"(2.0, 3.0, 9.0, 9.0, 13.0, 13.0)",37799999.99999999,24,-16.63016284799258,28.0,36.0,5.992555182989631e-08,7.407407407407409e-07,9.523804036841076e-07
2443,"(2.0, 3.0, 9.0, 9.0, 13.0, 14.0)",75599999.99999997,26,-16.553529218641895,27.0,29.0,6.469840948635872e-08,3.5714285714285726e-07,3.835977560468633e-07
2444,"(2.0, 3.0, 9.0, 9.0, 14.0, 14.0)",37799999.99999999,1,-16.47689558929121,1.0,1.0,6.985140832656052e-08,2.645502645502646e-08,2.6455025755158035e-08
2445,"(2.0, 3.0, 9.0, 11.0, 11.0, 12.0)",86939999.99999997,1,-16.42979848545226,1.0,1.0,7.32199080212447e-08,1.1502185415228897e-08,1.1502185282928627e-08
2446,"(2.0, 3.0, 9.0, 11.0, 11.0, 13.0)",86939999.99999997,29,-16.314912112140068,33.0,41.0,8.213413675034204e-08,3.795721187025536e-07,4.715894579493915e-07
2447,"(2.0, 3.0, 9.0, 11.0, 12.0, 12.0)",75599999.99999997,2,-16.515509962530494,2.0,2.0,6.720555275619416e-08,2.6455026455026466e-08,2.6455025755158042e-08
2448,"(2.0, 3.0, 9.0, 11.0, 12.0, 13.0)",151199999.99999994,20,-16.400623589218302,25.0,37.0,7.53875579693161e-08,1.653439153439154e-07,2.4470896737038446e-07
2449,"(2.0, 3.0, 9.0, 11.0, 12.0, 14.0)",151199999.99999994,1,-16.323989959867617,3.0,9.0,8.139190957340674e-08,1.984126984126985e-08,5.952380913013356e-08
2450,"(2.0, 3.0, 9.0, 11.0, 13.0, 13.0)",75599999.99999997,27,-16.28573721590611,31.0,39.0,8.456568934407257e-08,4.100529100529102e-07,5.158728477296271e-07
2451,"(2.0, 3.0, 9.0, 11.0, 13.0, 14.0)",151199999.99999994,34,-16.209103586555425,39.0,49.0,9.130104655873099e-08,2.5793650793650803e-07,3.2407400754283207e-07
2452,"(2.0, 3.0, 9.0, 11.0, 14.0, 14.0)",75599999.99999997,1,-16.13246995720474,2.0,4.0,9.85728510862526e-08,2.6455026455026466e-08,5.291005221018451e-08
2453,"(2.0, 3.0, 9.0, 12.0, 12.0, 13.0)",59849999.99999998,13,-16.48633506629654,16.0,22.0,6.919514980539813e-08,2.6733500417710955e-07,3.675855592755212e-07
2454,"(2.0, 3.0, 9.0, 12.0, 12.0, 14.0)",59849999.99999998,1,-16.409701436945852,1.0,1.0,7.470629806275989e-08,1.6708437761069347e-08,1.6708437481897455e-08
2455,"(2.0, 3.0, 9.0, 12.0, 13.0, 13.0)",59849999.99999998,14,-16.371448692984348,16.0,20.0,7.761938044128617e-08,2.6733500417710955e-07,3.3416868375338246e-07
2456,"(2.0, 3.0, 9.0, 12.0, 13.0, 14.0)",119699999.99999996,14,-16.294815063633663,18.0,28.0,8.380148878933547e-08,1.5037593984962411e-07,2.3391810604204757e-07
2457,"(2.0, 3.0, 9.0, 13.0, 13.0, 13.0)",19950000.0,7,-16.256562319672156,9.0,13.0,8.706922720787445e-08,4.511278195488722e-07,6.516288691653947e-07
2458,"(2.0, 3.0, 9.0, 13.0, 13.0, 14.0)",59849999.99999998,13,-16.179928690321468,19.0,35.0,9.400398233371821e-08,3.174603174603176e-07,5.847952208563739e-07
2459,"(2.0, 3.0, 9.0, 13.0, 14.0, 14.0)",59849999.99999998,8,-16.103295060970783,9.0,11.0,1.0149106610881678e-07,1.5037593984962411e-07,1.8379279275883953e-07
2460,"(2.0, 3.0, 11.0, 11.0, 11.0, 13.0)",28979999.99999999,2,-15.970486480053598,2.0,2.0,1.159059813531469e-07,6.901311249137339e-08,6.901310772856369e-08
2461,"(2.0, 3.0, 11.0, 11.0, 12.0, 13.0)",75599999.99999997,1,-16.056197957131836,2.0,4.0,1.0638535003795984e-07,2.6455026455026466e-08,5.291005221018451e-08
2462,"(2.0, 3.0, 11.0, 11.0, 13.0, 13.0)",37799999.99999999,1,-15.941311583819642,1.0,1.0,1.1933733767755524e-07,2.645502645502646e-08,2.6455025755158035e-08
2463,"(2.0, 3.0, 11.0, 11.0, 13.0, 14.0)",75599999.99999997,4,-15.864677954468956,4.0,4.0,1.2884213335224465e-07,5.291005291005293e-08,5.2910050110579236e-08
2464,"(2.0, 3.0, 11.0, 12.0, 12.0, 13.0)",59849999.99999998,1,-16.14190943421007,1.0,1.0,9.764675274363656e-08,1.6708437761069347e-08,1.6708437481897455e-08
2465,"(2.0, 3.0, 11.0, 12.0, 13.0, 13.0)",59849999.99999998,2,-16.02702306089788,2.0,2.0,1.0953485137874861e-07,3.3416875522138694e-08,3.341687440545113e-08
2466,"(2.0, 3.0, 11.0, 12.0, 13.0, 14.0)",119699999.99999996,1,-15.950389431547192,1.0,1.0,1.1825891378766129e-07,8.354218880534674e-09,8.3542188107417e-09
2467,"(2.0, 3.0, 11.0, 13.0, 13.0, 14.0)",59849999.99999998,1,-15.835503058235,1.0,1.0,1.3265645996392722e-07,1.6708437761069347e-08,1.6708437481897455e-08
2468,"(2.0, 3.0, 12.0, 12.0, 13.0, 13.0)",21546000.0,2,-16.112734537976117,2.0,2.0,1.0053755094639643e-07,9.2824654228163e-08,9.282464561174657e-08
2469,"(2.0, 3.0, 12.0, 13.0, 13.0, 14.0)",43091999.99999999,2,-15.921214535313236,2.0,2.0,1.217599278596321e-07,4.641232711408151e-08,4.64123249599774e-08
2470,"(2.0, 3.0, 12.0, 13.0, 14.0, 14.0)",43091999.99999999,1,-15.84458090596255,1.0,1.0,1.3145767424976621e-07,2.3206163557040754e-08,2.3206163018514726e-08
2471,"(2.0, 3.0, 13.0, 13.0, 13.0, 13.0)",3590999.9999999995,1,-15.88296179135173,1.0,1.0,1.265078100256118e-07,2.78473962684489e-07,2.784738851367411e-07
2472,"(2.0, 3.0, 13.0, 13.0, 13.0, 14.0)",14363999.999999998,1,-15.806328162001044,1.0,1.0,1.365837083902526e-07,6.961849067112226e-08,6.961848582438802e-08
2473,"(2.0, 3.0, 13.0, 13.0, 14.0, 14.0)",21546000.0,1,-15.72969453265036,2.0,4.0,1.474621163219627e-07,9.2824654228163e-08,1.8564929983990958e-07
2474,"(2.0, 3.0, 13.0, 14.0, 14.0, 14.0)",14363999.999999998,1,-15.653060903299671,1.0,1.0,1.5920695086138098e-07,6.961849067112226e-08,6.961848582438802e-08
2475,"(2.0, 4.0, 4.0, 4.0, 9.0, 13.0)",42997499.99999999,1,-16.707444985015318,1.0,1.0,5.546880839871243e-08,2.3257166114308977e-08,2.3257165573413202e-08
2476,"(2.0, 4.0, 4.0, 4.0, 11.0, 13.0)",42997499.99999999,1,-16.363019352928852,1.0,1.0,7.827642593340634e-08,2.3257166114308977e-08,2.3257165573413202e-08
2477,"(2.0, 4.0, 4.0, 6.0, 9.0, 13.0)",128992499.99999996,3,-16.671917996532407,3.0,3.0,5.747487181737244e-08,2.325716611430898e-08,2.3257165573413205e-08
2478,"(2.0, 4.0, 4.0, 6.0, 9.0, 14.0)",128992499.99999996,1,-16.59528436718172,1.0,1.0,6.205254150302564e-08,7.75238870476966e-09,7.752388644670129e-09
2479,"(2.0, 4.0, 4.0, 7.0, 9.0, 13.0)",128992499.99999996,3,-16.46793753050921,3.0,3.0,7.047995241257386e-08,2.325716611430898e-08,2.3257165573413205e-08
2480,"(2.0, 4.0, 4.0, 8.0, 9.0, 13.0)",119069999.9999999,5,-16.32914476444711,6.0,8.0,8.09734297028345e-08,5.0390526581002814e-08,6.718736623546526e-08
2481,"(2.0, 4.0, 4.0, 9.0, 9.0, 13.0)",59534999.99999995,2,-16.974004883581607,2.0,2.0,4.248966854691899e-08,3.359368438733521e-08,3.359368325879958e-08
2482,"(2.0, 4.0, 4.0, 9.0, 11.0, 13.0)",119069999.9999999,3,-16.629579251495137,3.0,3.0,5.996053437890519e-08,2.5195263290501407e-08,2.5195262655700115e-08
2483,"(2.0, 4.0, 4.0, 9.0, 12.0, 13.0)",99224999.99999993,1,-16.715290728573372,1.0,1.0,5.503531710695262e-08,1.0078105316200562e-08,1.0078105214632355e-08
2484,"(2.0, 4.0, 4.0, 9.0, 13.0, 13.0)",49612499.99999996,2,-16.600404355261183,2.0,2.0,6.173564517520718e-08,4.031242126480225e-08,4.031241963971094e-08
2485,"(2.0, 4.0, 4.0, 9.0, 13.0, 14.0)",99224999.99999993,3,-16.523770725910495,4.0,6.0,6.665267034649895e-08,4.031242126480225e-08,6.046863027211205e-08
2486,"(2.0, 4.0, 4.0, 13.0, 13.0, 13.0)",12568499.999999993,1,-16.226803826940756,1.0,1.0,8.969921431584007e-08,7.956398933842547e-08,7.956398300799708e-08
2487,"(2.0, 4.0, 6.0, 6.0, 6.0, 13.0)",42997499.99999999,1,-16.334304121000297,1.0,1.0,8.055673477085896e-08,2.3257166114308977e-08,2.3257165573413202e-08
2488,"(2.0, 4.0, 6.0, 6.0, 7.0, 13.0)",128992499.99999996,1,-16.130323654977097,1.0,1.0,9.878464542214713e-08,7.75238870476966e-09,7.752388644670129e-09
2489,"(2.0, 4.0, 6.0, 6.0, 8.0, 13.0)",128992499.99999996,1,-15.991530888915,1.0,1.0,1.1349229487252905e-07,7.75238870476966e-09,7.752388644670129e-09
2490,"(2.0, 4.0, 6.0, 6.0, 9.0, 13.0)",128992499.99999996,5,-16.636391008049493,5.0,5.0,5.955348574785832e-08,3.87619435238483e-08,3.8761942021360035e-08
2491,"(2.0, 4.0, 6.0, 6.0, 13.0, 14.0)",103194000.0,1,-16.186156850378385,3.0,9.0,9.342032991275801e-08,2.9071457642886214e-08,8.7214372083509e-08
2492,"(2.0, 4.0, 6.0, 7.0, 8.0, 13.0)",257984999.9999999,1,-15.787550422891805,1.0,1.0,1.3917267301137094e-07,3.87619435238483e-09,3.876194337359947e-09
2493,"(2.0, 4.0, 6.0, 7.0, 9.0, 13.0)",257984999.9999999,10,-16.432410542026297,10.0,10.0,7.30289030456482e-08,3.87619435238483e-08,3.8761942021360035e-08
2494,"(2.0, 4.0, 6.0, 8.0, 9.0, 12.0)",238139999.9999998,2,-16.40850414927639,2.0,2.0,7.479579655929349e-08,8.398421096833803e-09,8.398421026300325e-09
2495,"(2.0, 4.0, 6.0, 8.0, 9.0, 13.0)",238139999.9999998,12,-16.2936177759642,15.0,23.0,8.390188336714767e-08,6.298815822625352e-08,9.658183864608065e-08
2496,"(2.0, 4.0, 6.0, 8.0, 9.0, 14.0)",238139999.9999998,1,-16.216984146613513,3.0,9.0,9.058437079016287e-08,1.2597631645250703e-08,3.7792894777051786e-08
2497,"(2.0, 4.0, 6.0, 8.0, 11.0, 13.0)",238139999.9999998,1,-15.949192143877733,1.0,1.0,1.1840058852272538e-07,4.199210548416901e-09,4.1992105307835325e-09
2498,"(2.0, 4.0, 6.0, 8.0, 12.0, 13.0)",198449999.99999985,1,-16.034903620955966,1.0,1.0,1.0867504772089719e-07,5.039052658100281e-09,5.039052632708229e-09
2499,"(2.0, 4.0, 6.0, 9.0, 9.0, 13.0)",119069999.9999999,6,-16.938477895098693,9.0,17.0,4.402633342585932e-08,7.558578987150422e-08,1.42773152932963e-07
2500,"(2.0, 4.0, 6.0, 9.0, 11.0, 13.0)",238139999.9999998,7,-16.594052263012227,11.0,21.0,6.212904381787161e-08,4.6191316032585915e-08,8.818341938311725e-08
2501,"(2.0, 4.0, 6.0, 9.0, 11.0, 14.0)",238139999.9999998,2,-16.517418633661542,2.0,2.0,6.70774017957264e-08,8.398421096833803e-09,8.398421026300325e-09
2502,"(2.0, 4.0, 6.0, 9.0, 12.0, 13.0)",198449999.99999985,4,-16.67976374009046,4.0,4.0,5.702570304762435e-08,2.0156210632401124e-08,2.0156210226128296e-08
2503,"(2.0, 4.0, 6.0, 9.0, 13.0, 13.0)",99224999.99999993,7,-16.56487736677827,7.0,7.0,6.396835258300224e-08,7.054673721340393e-08,7.05467322365618e-08
2504,"(2.0, 4.0, 6.0, 9.0, 13.0, 14.0)",198449999.99999985,10,-16.488243737427585,11.0,13.0,6.906320498025213e-08,5.542957923910309e-08,6.55076814828654e-08
2505,"(2.0, 4.0, 6.0, 11.0, 12.0, 13.0)",198449999.99999985,1,-16.33533810800399,2.0,4.0,8.047348320198319e-08,1.0078105316200562e-08,2.0156210530832917e-08
2506,"(2.0, 4.0, 7.0, 7.0, 9.0, 13.0)",128992499.99999996,10,-16.2284300760031,12.0,18.0,8.955345960152265e-08,9.302866445723592e-08,1.395429880315215e-07
2507,"(2.0, 4.0, 7.0, 8.0, 9.0, 11.0)",260819999.99999985,1,-16.118812206174958,1.0,1.0,9.992837014477425e-08,3.8340618050763e-09,3.83406179037627e-09
2508,"(2.0, 4.0, 7.0, 8.0, 9.0, 13.0)",238139999.9999998,14,-16.089637309941004,18.0,28.0,1.028867148383008e-07,7.558578987150422e-08,1.175778896424616e-07
2509,"(2.0, 4.0, 7.0, 8.0, 11.0, 13.0)",238139999.9999998,2,-15.745211677854536,2.0,2.0,1.4519158687675563e-07,8.398421096833803e-09,8.398421026300325e-09
2510,"(2.0, 4.0, 7.0, 8.0, 13.0, 14.0)",198449999.99999985,1,-15.639403152269892,1.0,1.0,1.6139627635783872e-07,5.039052658100281e-09,5.039052632708229e-09
2511,"(2.0, 4.0, 7.0, 9.0, 9.0, 13.0)",119069999.9999999,7,-16.734497429075496,7.0,7.0,5.398835676596959e-08,5.878894767783662e-08,5.878894422169625e-08
2512,"(2.0, 4.0, 7.0, 9.0, 11.0, 13.0)",238139999.9999998,11,-16.39007179698903,12.0,14.0,7.618724345547385e-08,5.0390526581002814e-08,5.878894513863145e-08
2513,"(2.0, 4.0, 7.0, 9.0, 12.0, 12.0)",99224999.99999993,1,-16.590669647379457,1.0,1.0,6.233955833686331e-08,1.0078105316200562e-08,1.0078105214632355e-08
2514,"(2.0, 4.0, 7.0, 9.0, 12.0, 13.0)",198449999.99999985,3,-16.475783274067265,3.0,3.0,6.992914833914066e-08,1.511715797430084e-08,1.5117157745772375e-08
2515,"(2.0, 4.0, 7.0, 9.0, 13.0, 13.0)",99224999.99999993,6,-16.360896900755073,7.0,9.0,7.844274033853525e-08,7.054673721340393e-08,9.070294286896292e-08
2516,"(2.0, 4.0, 7.0, 9.0, 13.0, 14.0)",198449999.99999985,9,-16.284263271404388,11.0,15.0,8.469042638206851e-08,5.542957923910309e-08,7.558578679906597e-08
2517,"(2.0, 4.0, 7.0, 13.0, 14.0, 14.0)",75410999.99999996,1,-15.834029113733276,2.0,4.0,1.3285213239343495e-07,2.652132977947516e-08,5.304265885556939e-08
2518,"(2.0, 4.0, 8.0, 8.0, 9.0, 13.0)",101429999.99999996,2,-15.950844543878905,2.0,2.0,1.1820510494312473e-07,1.9718032140392398e-08,1.9718031751591606e-08
2519,"(2.0, 4.0, 8.0, 8.0, 9.0, 14.0)",101429999.99999996,1,-15.874210914528218,1.0,1.0,1.276197222963735e-07,9.859016070196199e-09,9.859015972996002e-09
2520,"(2.0, 4.0, 8.0, 9.0, 9.0, 13.0)",101429999.99999996,6,-16.5957046630134,8.0,12.0,6.20264665584658e-08,7.887212856156959e-08,1.1830818662154172e-07
2521,"(2.0, 4.0, 8.0, 9.0, 11.0, 12.0)",202859999.9999999,1,-16.366165404239123,1.0,1.0,7.803055125101679e-08,4.929508035098099e-09,4.92950801079805e-09
2522,"(2.0, 4.0, 8.0, 9.0, 11.0, 13.0)",202859999.9999999,7,-16.25127903092693,7.0,7.0,8.753045640669239e-08,3.4506556245686694e-08,3.450655505498427e-08
2523,"(2.0, 4.0, 8.0, 9.0, 12.0, 13.0)",176399999.9999999,3,-16.336990508005165,4.0,6.0,8.034061862119392e-08,2.267573696145126e-08,3.401360492798784e-08
2524,"(2.0, 4.0, 8.0, 9.0, 13.0, 13.0)",88199999.99999996,12,-16.222104134692977,14.0,18.0,9.012176516973476e-08,1.5873015873015882e-07,2.0408160745779803e-07
2525,"(2.0, 4.0, 8.0, 9.0, 13.0, 14.0)",176399999.9999999,3,-16.14547050534229,3.0,3.0,9.729964411735433e-08,1.7006802721088443e-08,1.7006802431857106e-08
2526,"(2.0, 4.0, 8.0, 11.0, 11.0, 13.0)",101429999.99999996,1,-15.90685339884046,1.0,1.0,1.2352115514337943e-07,9.859016070196199e-09,9.859015972996002e-09
2527,"(2.0, 4.0, 8.0, 13.0, 13.0, 14.0)",69824999.99999997,1,-15.771869977021865,1.0,1.0,1.413721619943889e-07,1.4321518080916584e-08,1.4321517875810704e-08
2528,"(2.0, 4.0, 9.0, 9.0, 11.0, 13.0)",101429999.99999996,7,-16.896139150061426,8.0,10.0,4.5930376101516564e-08,7.887212856156959e-08,9.859015448114931e-08
2529,"(2.0, 4.0, 9.0, 9.0, 11.0, 14.0)",101429999.99999996,1,-16.81950552071074,1.0,1.0,4.958856764996644e-08,9.859016070196199e-09,9.859015972996002e-09
2530,"(2.0, 4.0, 9.0, 9.0, 12.0, 13.0)",88199999.99999996,5,-16.98185062713966,8.0,16.0,4.2157609830740094e-08,9.070294784580504e-08,1.8140588746458533e-07
2531,"(2.0, 4.0, 9.0, 9.0, 13.0, 13.0)",44099999.99999998,5,-16.86696425382747,7.0,11.0,4.729012893461851e-08,1.5873015873015882e-07,2.4943308138070053e-07
2532,"(2.0, 4.0, 9.0, 9.0, 13.0, 14.0)",88199999.99999996,8,-16.790330624476784,9.0,11.0,5.105661997338914e-08,1.0204081632653066e-07,1.2471654287565374e-07
2533,"(2.0, 4.0, 9.0, 11.0, 11.0, 13.0)",101429999.99999996,5,-16.551713517974957,7.0,11.0,6.481598914404165e-08,6.901311249137339e-08,1.0844917200934849e-07
2534,"(2.0, 4.0, 9.0, 11.0, 12.0, 13.0)",176399999.9999999,5,-16.63742499505319,5.0,5.0,5.9491940041783594e-08,2.8344671201814074e-08,2.834467039839369e-08
2535,"(2.0, 4.0, 9.0, 11.0, 13.0, 13.0)",88199999.99999996,6,-16.522538621741,7.0,9.0,6.673484399239126e-08,7.936507936507941e-08,1.0204081002771483e-07
2536,"(2.0, 4.0, 9.0, 11.0, 13.0, 14.0)",176399999.9999999,7,-16.445904992390314,7.0,7.0,7.205003761807607e-08,3.9682539682539705e-08,3.968253810783575e-08
2537,"(2.0, 4.0, 9.0, 12.0, 12.0, 13.0)",69824999.99999997,1,-16.72313647213143,3.0,9.0,5.460521356959832e-08,4.296455424274975e-08,1.288936608822963e-07
2538,"(2.0, 4.0, 9.0, 12.0, 12.0, 14.0)",69824999.99999997,1,-16.64650284278074,1.0,1.0,5.895432515405625e-08,1.4321518080916584e-08,1.4321517875810704e-08
2539,"(2.0, 4.0, 9.0, 12.0, 13.0, 13.0)",69824999.99999997,5,-16.608250098819237,7.0,13.0,6.12531782654755e-08,1.0025062656641609e-07,1.8617972500172747e-07
2540,"(2.0, 4.0, 9.0, 12.0, 13.0, 14.0)",139649999.99999994,1,-16.531616469468553,2.0,4.0,6.613177665864342e-08,1.4321518080916584e-08,2.8643035956727286e-08
2541,"(2.0, 4.0, 9.0, 13.0, 13.0, 13.0)",23274999.99999999,1,-16.493363725507045,1.0,1.0,6.871050587211758e-08,4.2964554242749754e-08,4.296455239679683e-08
2542,"(2.0, 4.0, 9.0, 13.0, 13.0, 14.0)",69824999.99999997,4,-16.416730096156357,5.0,7.0,7.418305395915163e-08,7.160759040458291e-08,1.0025062143876908e-07
2543,"(2.0, 4.0, 9.0, 13.0, 14.0, 14.0)",69824999.99999997,2,-16.340096466805672,3.0,5.0,8.009147109102461e-08,4.296455424274975e-08,7.160758855863e-08
2544,"(2.0, 4.0, 11.0, 12.0, 13.0, 13.0)",69824999.99999997,1,-16.263824466732768,1.0,1.0,8.643920809004692e-08,1.4321518080916584e-08,1.4321517875810704e-08
2545,"(2.0, 4.0, 11.0, 12.0, 13.0, 14.0)",139649999.99999994,1,-16.187190837382083,1.0,1.0,9.332378442773707e-08,7.160759040458292e-09,7.1607589891818214e-09
2546,"(2.0, 6.0, 6.0, 6.0, 8.0, 13.0)",42997499.99999999,1,-15.956003900432089,2.0,4.0,1.1759681320663557e-07,4.651433222861795e-08,9.302866229365281e-08
2547,"(2.0, 6.0, 6.0, 7.0, 9.0, 13.0)",128992499.99999996,8,-16.39688355354339,11.0,19.0,7.567003803906063e-08,8.527627575246625e-08,1.4729537811858032e-07
2548,"(2.0, 6.0, 6.0, 7.0, 11.0, 13.0)",128992499.99999996,1,-16.05245792145692,1.0,1.0,1.0678398002290748e-07,7.75238870476966e-09,7.752388644670129e-09
2549,"(2.0, 6.0, 6.0, 8.0, 9.0, 13.0)",119069999.9999999,6,-16.258090787481287,8.0,12.0,8.69362463512899e-08,6.718736877467042e-08,1.007810486478631e-07
2550,"(2.0, 6.0, 6.0, 8.0, 11.0, 13.0)",119069999.9999999,1,-15.91366515539482,1.0,1.0,1.2268261830198382e-07,8.398421096833803e-09,8.398421026300325e-09
2551,"(2.0, 6.0, 6.0, 8.0, 12.0, 13.0)",99224999.99999993,1,-15.999376632473057,1.0,1.0,1.1260534736221908e-07,1.0078105316200562e-08,1.0078105214632355e-08
2552,"(2.0, 6.0, 6.0, 8.0, 13.0, 14.0)",99224999.99999993,1,-15.807856629810178,1.0,1.0,1.3637510405184602e-07,1.0078105316200562e-08,1.0078105214632355e-08
2553,"(2.0, 6.0, 6.0, 9.0, 9.0, 13.0)",59534999.99999995,4,-16.902950906615786,4.0,4.0,4.561857273102864e-08,6.718736877467042e-08,6.71873642605279e-08
2554,"(2.0, 6.0, 6.0, 9.0, 11.0, 13.0)",119069999.9999999,8,-16.558525274529316,8.0,8.0,6.437597872845191e-08,6.718736877467042e-08,6.71873642605279e-08
2555,"(2.0, 6.0, 6.0, 9.0, 12.0, 13.0)",99224999.99999993,2,-16.64423675160755,2.0,2.0,5.908807251453115e-08,2.0156210632401124e-08,2.0156210226128296e-08
2556,"(2.0, 6.0, 6.0, 9.0, 13.0, 13.0)",49612499.99999996,1,-16.529350378295362,1.0,1.0,6.628180722126111e-08,2.0156210632401124e-08,2.0156210226128296e-08
2557,"(2.0, 6.0, 6.0, 9.0, 13.0, 14.0)",99224999.99999993,5,-16.452716748944674,5.0,5.0,7.156091807497796e-08,5.039052658100281e-08,5.039052404179764e-08
2558,"(2.0, 6.0, 7.0, 7.0, 8.0, 13.0)",128992499.99999996,1,-15.548042968385696,2.0,4.0,1.7683602107450055e-07,1.550477740953932e-08,3.1009554578680516e-08
2559,"(2.0, 6.0, 7.0, 7.0, 9.0, 13.0)",128992499.99999996,4,-16.192903087520193,6.0,10.0,9.279221530057626e-08,4.651433222861796e-08,7.75238848841135e-08
2560,"(2.0, 6.0, 7.0, 7.0, 13.0, 14.0)",103194000.0,1,-15.74266892984908,1.0,1.0,1.4556124226577786e-07,9.690485880962071e-09,9.690485787056554e-09
2561,"(2.0, 6.0, 7.0, 8.0, 9.0, 13.0)",238139999.9999998,10,-16.05411032145809,13.0,19.0,1.0660767587679376e-07,5.458973712941972e-08,7.978499743988172e-08
2562,"(2.0, 6.0, 7.0, 8.0, 11.0, 13.0)",238139999.9999998,2,-15.709684689371622,2.0,2.0,1.504425295153115e-07,8.398421096833803e-09,8.398421026300325e-09
2563,"(2.0, 6.0, 7.0, 9.0, 9.0, 13.0)",119069999.9999999,7,-16.69897044059259,8.0,10.0,5.5940878744867564e-08,6.718736877467042e-08,8.39842064541955e-08
2564,"(2.0, 6.0, 7.0, 9.0, 11.0, 13.0)",238139999.9999998,10,-16.35454480850612,13.0,21.0,7.894260176362382e-08,5.458973712941972e-08,8.818341853671553e-08
2565,"(2.0, 6.0, 7.0, 9.0, 12.0, 13.0)",198449999.99999985,9,-16.440256285584354,9.0,9.0,7.245817880564796e-08,4.535147392290253e-08,4.5351471866146346e-08
2566,"(2.0, 6.0, 7.0, 9.0, 13.0, 13.0)",99224999.99999993,6,-16.325369912272162,6.0,6.0,8.127967007247622e-08,6.046863189720337e-08,6.046862824074792e-08
2567,"(2.0, 6.0, 7.0, 9.0, 13.0, 14.0)",198449999.99999985,9,-16.248736282921477,12.0,18.0,8.775330750716098e-08,6.046863189720337e-08,9.070294418934962e-08
2568,"(2.0, 6.0, 7.0, 11.0, 13.0, 13.0)",99224999.99999993,1,-15.980944280185694,1.0,1.0,1.1470017579226717e-07,1.0078105316200562e-08,1.0078105214632355e-08
2569,"(2.0, 6.0, 8.0, 8.0, 9.0, 13.0)",101429999.99999996,3,-15.915317555395992,4.0,6.0,1.2248006493903456e-07,3.9436064280784795e-08,5.9154094865974025e-08
2570,"(2.0, 6.0, 8.0, 9.0, 9.0, 13.0)",101429999.99999996,7,-16.560177674530486,10.0,18.0,6.426969169965302e-08,9.859016070196198e-08,1.774622795435118e-07
2571,"(2.0, 6.0, 8.0, 9.0, 11.0, 13.0)",202859999.9999999,2,-16.215752042444016,3.0,5.0,9.069604895654378e-08,1.4788524105294298e-08,2.464753995679005e-08
2572,"(2.0, 6.0, 8.0, 9.0, 12.0, 13.0)",176399999.9999999,6,-16.301463519522255,8.0,12.0,8.324618628527652e-08,4.535147392290252e-08,6.802720882759758e-08
2573,"(2.0, 6.0, 8.0, 9.0, 13.0, 13.0)",88199999.99999996,9,-16.186577146210062,11.0,15.0,9.338107398763047e-08,1.2471655328798192e-07,1.7006801165666578e-07
2574,"(2.0, 6.0, 8.0, 9.0, 13.0, 14.0)",176399999.9999999,10,-16.109943516859374,11.0,13.0,1.0081854532232437e-07,6.235827664399096e-08,7.369614123616191e-08
2575,"(2.0, 6.0, 8.0, 11.0, 12.0, 13.0)",176399999.9999999,1,-15.957037887435783,1.0,1.0,1.1747528247153202e-07,5.668934240362815e-09,5.668934208225999e-09
2576,"(2.0, 6.0, 8.0, 13.0, 13.0, 13.0)",23274999.99999999,1,-15.81297661788964,1.0,1.0,1.3567864958546828e-07,4.2964554242749754e-08,4.296455239679683e-08
2577,"(2.0, 6.0, 9.0, 9.0, 9.0, 13.0)",33809999.999999985,2,-17.205037793664985,2.0,2.0,3.3724616926227665e-08,5.915409642117719e-08,5.915409292197007e-08
2578,"(2.0, 6.0, 9.0, 9.0, 11.0, 12.0)",101429999.99999996,1,-16.975498534890704,1.0,1.0,4.242625117138408e-08,9.859016070196199e-09,9.859015972996002e-09
2579,"(2.0, 6.0, 9.0, 9.0, 11.0, 13.0)",101429999.99999996,5,-16.860612161578516,6.0,8.0,4.7591476275874864e-08,5.915409642117719e-08,7.887212506236247e-08
2580,"(2.0, 6.0, 9.0, 9.0, 12.0, 13.0)",88199999.99999996,2,-16.94632363865675,2.0,2.0,4.368226560289388e-08,2.267573696145126e-08,2.267573644726221e-08
2581,"(2.0, 6.0, 9.0, 9.0, 13.0, 13.0)",44099999.99999998,3,-16.831437265344558,3.0,3.0,4.900040540274714e-08,6.802721088435377e-08,6.802720625665236e-08
2582,"(2.0, 6.0, 9.0, 9.0, 13.0, 14.0)",88199999.99999996,6,-16.754803635993873,6.0,6.0,5.2903113896114536e-08,6.802721088435377e-08,6.802720625665236e-08
2583,"(2.0, 6.0, 9.0, 11.0, 11.0, 13.0)",101429999.99999996,3,-16.516186529492046,3.0,3.0,6.716009907752897e-08,2.9577048210588596e-08,2.9577047335786815e-08
2584,"(2.0, 6.0, 9.0, 11.0, 12.0, 13.0)",176399999.9999999,4,-16.60189800657028,5.0,7.0,6.164350247963301e-08,2.8344671201814074e-08,3.968253887911932e-08
2585,"(2.0, 6.0, 9.0, 11.0, 13.0, 13.0)",88199999.99999996,4,-16.487011633258092,4.0,4.0,6.914835048636189e-08,4.535147392290252e-08,4.535147186614633e-08
2586,"(2.0, 6.0, 9.0, 11.0, 13.0, 14.0)",176399999.9999999,3,-16.410378003907404,4.0,6.0,7.465577134395245e-08,2.267573696145126e-08,3.401360492798784e-08
2587,"(2.0, 6.0, 9.0, 12.0, 13.0, 13.0)",69824999.99999997,1,-16.572723110336327,2.0,4.0,6.346843696207088e-08,2.8643036161833167e-08,5.7286071503242815e-08
2588,"(2.0, 6.0, 9.0, 12.0, 13.0, 14.0)",139649999.99999994,3,-16.49608948098564,4.0,6.0,6.852347285323827e-08,2.8643036161833167e-08,4.296455342232623e-08
2589,"(2.0, 6.0, 9.0, 13.0, 13.0, 13.0)",23274999.99999999,4,-16.457836737024135,4.0,4.0,7.119546338764407e-08,1.7185821697099902e-07,1.7185818743575228e-07
2590,"(2.0, 6.0, 9.0, 13.0, 13.0, 14.0)",69824999.99999997,3,-16.38120310767345,4.0,6.0,7.686592952702438e-08,5.7286072323666335e-08,8.592910520380542e-08
2591,"(2.0, 6.0, 9.0, 13.0, 14.0, 14.0)",69824999.99999997,2,-16.30456947832276,2.0,2.0,8.298802818212844e-08,2.8643036161833167e-08,2.8643035341409648e-08
2592,"(2.0, 6.0, 11.0, 11.0, 13.0, 14.0)",88199999.99999996,1,-16.065952371820934,1.0,1.0,1.0535266800939398e-07,1.133786848072563e-08,1.1337868352178367e-08
2593,"(2.0, 7.0, 7.0, 7.0, 8.0, 13.0)",42997499.99999999,2,-15.3440625023625,3.0,5.0,2.1684945013470222e-07,6.977149834292693e-08,1.162858257034829e-07
2594,"(2.0, 7.0, 7.0, 7.0, 9.0, 13.0)",42997499.99999999,4,-15.988922621496997,5.0,7.0,1.137886995106814e-07,1.1628583057154488e-07,1.6280014927776845e-07
2595,"(2.0, 7.0, 7.0, 8.0, 9.0, 12.0)",119069999.9999999,1,-15.965016228747086,1.0,1.0,1.1654175353048389e-07,8.398421096833803e-09,8.398421026300325e-09
2596,"(2.0, 7.0, 7.0, 8.0, 9.0, 13.0)",119069999.9999999,15,-15.850129855434895,18.0,24.0,1.3073024236550635e-07,1.5117157974300844e-07,2.0156208347116472e-07
2597,"(2.0, 7.0, 7.0, 8.0, 11.0, 13.0)",119069999.9999999,2,-15.505704223348426,2.0,2.0,1.8448379240858888e-07,1.6796842193667606e-08,1.67968419115337e-08
2598,"(2.0, 7.0, 7.0, 8.0, 13.0, 13.0)",49612499.99999996,1,-15.47652932711447,1.0,1.0,1.8994537101257232e-07,2.0156210632401124e-08,2.0156210226128296e-08
2599,"(2.0, 7.0, 7.0, 9.0, 9.0, 13.0)",59534999.99999995,3,-16.494989974569393,5.0,9.0,6.85988562859935e-08,8.398421096833803e-08,1.5117157268966075e-07
2600,"(2.0, 7.0, 7.0, 9.0, 11.0, 13.0)",119069999.9999999,9,-16.150564342482923,10.0,12.0,9.680527576128028e-08,8.398421096833803e-08,1.0078104610865793e-07
2601,"(2.0, 7.0, 7.0, 9.0, 12.0, 12.0)",49612499.99999996,1,-16.35116219287335,2.0,4.0,7.921008638622542e-08,4.031242126480225e-08,8.062484090451318e-08
2602,"(2.0, 7.0, 7.0, 9.0, 12.0, 13.0)",99224999.99999993,3,-16.236275819561158,4.0,6.0,8.885359519114633e-08,4.031242126480225e-08,6.046863027211205e-08
2603,"(2.0, 7.0, 7.0, 9.0, 13.0, 13.0)",49612499.99999996,6,-16.121389446248966,8.0,14.0,9.967116233021848e-08,1.61249685059209e-07,2.821869228521548e-07
2604,"(2.0, 7.0, 7.0, 9.0, 13.0, 14.0)",99224999.99999993,3,-16.04475581689828,8.0,24.0,1.0760961689141556e-07,8.06248425296045e-08,2.418745210884482e-07
2605,"(2.0, 7.0, 7.0, 11.0, 13.0, 13.0)",49612499.99999996,1,-15.776963814162498,1.0,1.0,1.4065386621896466e-07,2.0156210632401124e-08,2.0156210226128296e-08
2606,"(2.0, 7.0, 7.0, 12.0, 13.0, 14.0)",75410999.99999996,1,-15.786041661890046,1.0,1.0,1.3938280979615175e-07,1.326066488973758e-08,1.3260664713892347e-08
2607,"(2.0, 7.0, 8.0, 8.0, 8.0, 13.0)",33809999.999999985,1,-15.0664769702383,1.0,1.0,2.8622804885581033e-07,2.9577048210588596e-08,2.9577047335786815e-08
2608,"(2.0, 7.0, 8.0, 8.0, 9.0, 13.0)",101429999.99999996,9,-15.711337089372796,10.0,12.0,1.501941435523632e-07,9.859016070196198e-08,1.183081831223346e-07
2609,"(2.0, 7.0, 8.0, 9.0, 9.0, 13.0)",101429999.99999996,6,-16.35619720850729,8.0,14.0,7.8812264722497e-08,7.887212856156959e-08,1.380262187619341e-07
2610,"(2.0, 7.0, 8.0, 9.0, 11.0, 12.0)",202859999.9999999,1,-16.126657949733012,1.0,1.0,9.914742533077829e-08,4.929508035098099e-09,4.92950801079805e-09
2611,"(2.0, 7.0, 8.0, 9.0, 11.0, 13.0)",202859999.9999999,7,-16.01177157642082,8.0,10.0,1.1121822480574098e-07,3.9436064280784795e-08,4.929507879577782e-08
2612,"(2.0, 7.0, 8.0, 9.0, 12.0, 13.0)",176399999.9999999,10,-16.097483053499058,14.0,24.0,1.0208265042430461e-07,7.936507936507941e-08,1.3605441546989172e-07
2613,"(2.0, 7.0, 8.0, 9.0, 13.0, 13.0)",88199999.99999996,5,-15.982596680186866,5.0,5.0,1.1451080172559695e-07,5.668934240362815e-08,5.668933918994661e-08
2614,"(2.0, 7.0, 8.0, 9.0, 13.0, 14.0)",176399999.9999999,10,-15.90596305083618,10.0,10.0,1.2363118093069944e-07,5.668934240362815e-08,5.668933918994661e-08
2615,"(2.0, 7.0, 8.0, 11.0, 11.0, 13.0)",101429999.99999996,2,-15.667345944334354,2.0,2.0,1.5694884003770312e-07,1.9718032140392398e-08,1.9718031751591606e-08
2616,"(2.0, 7.0, 8.0, 11.0, 12.0, 13.0)",176399999.9999999,1,-15.753057421412588,1.0,1.0,1.4405690793980358e-07,5.668934240362815e-09,5.668934208225999e-09
2617,"(2.0, 7.0, 8.0, 11.0, 13.0, 13.0)",88199999.99999996,1,-15.638171048100398,2.0,4.0,1.615952559394939e-07,2.267573696145126e-08,4.535147340871347e-08
2618,"(2.0, 7.0, 8.0, 11.0, 13.0, 14.0)",176399999.9999999,2,-15.561537418749712,3.0,5.0,1.7446574492135855e-07,1.7006802721088443e-08,2.8344670912582737e-08
2619,"(2.0, 7.0, 8.0, 13.0, 14.0, 14.0)",69824999.99999997,1,-15.45572889316507,2.0,4.0,1.9393769424261104e-07,2.8643036161833167e-08,5.7286071503242815e-08
2620,"(2.0, 7.0, 9.0, 9.0, 9.0, 13.0)",33809999.999999985,2,-17.00105732764179,2.0,2.0,4.135562761489031e-08,5.915409642117719e-08,5.915409292197007e-08
2621,"(2.0, 7.0, 9.0, 9.0, 11.0, 13.0)",101429999.99999996,9,-16.65663169555532,10.0,12.0,5.836019945944341e-08,9.859016070196198e-08,1.183081831223346e-07
2622,"(2.0, 7.0, 9.0, 9.0, 12.0, 13.0)",88199999.99999996,4,-16.742343172633554,5.0,7.0,5.356643527188855e-08,5.668934240362815e-08,7.936507615139787e-08
2623,"(2.0, 7.0, 9.0, 9.0, 13.0, 13.0)",44099999.99999998,2,-16.62745679932136,2.0,2.0,6.008793289624304e-08,4.535147392290252e-08,4.535147186614633e-08
2624,"(2.0, 7.0, 9.0, 9.0, 13.0, 14.0)",88199999.99999996,5,-16.550823169970677,6.0,8.0,6.487372362869912e-08,6.802721088435377e-08,9.070294321810362e-08
2625,"(2.0, 7.0, 9.0, 11.0, 11.0, 13.0)",101429999.99999996,6,-16.31220606346885,6.0,6.0,8.23566967151939e-08,5.915409642117719e-08,5.915409292197007e-08
2626,"(2.0, 7.0, 9.0, 11.0, 12.0, 13.0)",176399999.9999999,7,-16.397917540547084,10.0,16.0,7.559183663974174e-08,5.668934240362815e-08,9.07029446321235e-08
2627,"(2.0, 7.0, 9.0, 11.0, 13.0, 13.0)",88199999.99999996,8,-16.283031167234896,8.0,8.0,8.479483811938962e-08,9.070294784580504e-08,9.070293961878028e-08
2628,"(2.0, 7.0, 9.0, 11.0, 13.0, 14.0)",176399999.9999999,8,-16.206397537884207,13.0,43.0,9.154844622124663e-08,7.369614512471659e-08,2.4376416690447923e-07
2629,"(2.0, 7.0, 9.0, 11.0, 14.0, 14.0)",88199999.99999996,1,-16.12976390853352,1.0,1.0,9.883995525439912e-08,1.133786848072563e-08,1.1337868352178367e-08
2630,"(2.0, 7.0, 9.0, 12.0, 12.0, 13.0)",69824999.99999997,2,-16.48362901762532,2.0,2.0,6.938264882490374e-08,2.8643036161833167e-08,2.8643035341409648e-08
2631,"(2.0, 7.0, 9.0, 12.0, 13.0, 13.0)",69824999.99999997,8,-16.36874264431313,9.0,11.0,7.782970671080485e-08,1.2889366272824924e-07,1.5753668227650612e-07
2632,"(2.0, 7.0, 9.0, 12.0, 13.0, 14.0)",139649999.99999994,8,-16.292109014962442,10.0,14.0,8.40285668002264e-08,7.160759040458291e-08,1.0025062143876908e-07
2633,"(2.0, 7.0, 9.0, 13.0, 13.0, 13.0)",23274999.99999999,1,-16.253856271000938,1.0,1.0,8.730515985310289e-08,4.2964554242749754e-08,4.296455239679683e-08
2634,"(2.0, 7.0, 9.0, 13.0, 13.0, 14.0)",69824999.99999997,7,-16.177222641650253,8.0,10.0,9.425870617732167e-08,1.1457214464733267e-07,1.432151676823895e-07
2635,"(2.0, 7.0, 9.0, 13.0, 14.0, 14.0)",69824999.99999997,2,-16.100589012299565,3.0,5.0,1.01766077803097e-07,4.296455424274975e-08,7.160758855863e-08
2636,"(2.0, 7.0, 11.0, 12.0, 13.0, 13.0)",69824999.99999997,3,-16.02431701222666,4.0,6.0,1.0983165942516429e-07,5.7286072323666335e-08,8.592910520380542e-08
2637,"(2.0, 7.0, 12.0, 13.0, 14.0, 14.0)",50273999.99999999,1,-15.841874857291332,1.0,1.0,1.3181388686145368e-07,1.989099733460636e-08,1.9890996938954585e-08
2638,"(2.0, 8.0, 8.0, 8.0, 11.0, 13.0)",26564999.99999999,1,-15.228118691224228,2.0,4.0,2.4350735459015313e-07,7.528703180877097e-08,1.5057405794940477e-07
2639,"(2.0, 8.0, 8.0, 9.0, 9.0, 12.0)",39847499.99999999,1,-16.332290815757382,1.0,1.0,8.071908344120119e-08,2.509567726959032e-08,2.5095676639797302e-08
2640,"(2.0, 8.0, 8.0, 9.0, 9.0, 13.0)",39847499.99999999,2,-16.217404442445194,2.0,2.0,9.054630655638404e-08,5.019135453918064e-08,5.019135202000857e-08
2641,"(2.0, 8.0, 8.0, 9.0, 11.0, 13.0)",79694999.99999997,7,-15.872978810358722,11.0,21.0,1.2777705999663876e-07,1.3802622498274678e-07,2.635045922794596e-07
2642,"(2.0, 8.0, 8.0, 9.0, 12.0, 13.0)",72449999.99999997,4,-15.958690287436958,4.0,4.0,1.1728132660510679e-07,5.521048999309871e-08,5.521048694490051e-08
2643,"(2.0, 8.0, 8.0, 9.0, 13.0, 13.0)",36224999.99999999,4,-15.843803914124766,5.0,7.0,1.3155985548152311e-07,1.3802622498274675e-07,1.9323669592460666e-07
2644,"(2.0, 8.0, 8.0, 9.0, 13.0, 14.0)",72449999.99999997,6,-15.76717028477408,6.0,6.0,1.4203813134789286e-07,8.281573498964806e-08,8.28157281312021e-08
2645,"(2.0, 8.0, 8.0, 11.0, 12.0, 13.0)",72449999.99999997,1,-15.614264655350487,1.0,1.0,1.6550496288630258e-07,1.3802622498274678e-08,1.3802622307762291e-08
2646,"(2.0, 8.0, 8.0, 12.0, 13.0, 14.0)",59849999.99999998,1,-15.508456129765849,2.0,4.0,1.839768081828701e-07,3.3416875522138694e-08,6.683374992758982e-08
2647,"(2.0, 8.0, 9.0, 9.0, 9.0, 13.0)",26564999.99999999,1,-16.862264561579686,1.0,1.0,4.751290105714534e-08,3.7643515904385486e-08,3.764351448735119e-08
2648,"(2.0, 8.0, 9.0, 9.0, 11.0, 13.0)",79694999.99999997,5,-16.517838929493216,5.0,5.0,6.70492153670863e-08,6.27391931739758e-08,6.273918923776944e-08
2649,"(2.0, 8.0, 9.0, 9.0, 12.0, 13.0)",72449999.99999997,3,-16.603550406571454,4.0,6.0,6.154172686623274e-08,5.521048999309871e-08,8.281573194144985e-08
2650,"(2.0, 8.0, 9.0, 9.0, 13.0, 13.0)",36224999.99999999,5,-16.488664033259262,6.0,8.0,6.90341841021809e-08,1.656314699792961e-07,2.2084193253861094e-07
2651,"(2.0, 8.0, 9.0, 9.0, 13.0, 14.0)",72449999.99999997,6,-16.412030403908574,10.0,24.0,7.45325120122022e-08,1.3802622498274678e-07,3.3126292090735347e-07
2652,"(2.0, 8.0, 9.0, 11.0, 11.0, 13.0)",79694999.99999997,4,-16.17341329740675,5.0,7.0,9.461845480525175e-08,6.27391931739758e-08,8.783486650735976e-08
2653,"(2.0, 8.0, 9.0, 11.0, 12.0, 13.0)",144899999.99999994,5,-16.259124774484984,5.0,5.0,8.684640185943546e-08,3.4506556245686694e-08,3.450655505498427e-08
2654,"(2.0, 8.0, 9.0, 11.0, 13.0, 13.0)",72449999.99999997,6,-16.144238401172792,6.0,6.0,9.74196012992584e-08,8.281573498964806e-08,8.28157281312021e-08
2655,"(2.0, 8.0, 9.0, 11.0, 13.0, 14.0)",144899999.99999994,5,-16.067604771822108,5.0,5.0,1.0517872701028295e-07,3.4506556245686694e-08,3.450655505498427e-08
2656,"(2.0, 8.0, 9.0, 12.0, 12.0, 13.0)",59849999.99999998,2,-16.344836251563223,2.0,2.0,7.971275298729457e-08,3.3416875522138694e-08,3.341687440545113e-08
2657,"(2.0, 8.0, 9.0, 12.0, 13.0, 13.0)",59849999.99999998,1,-16.229949878251027,1.0,1.0,8.941745942517525e-08,1.6708437761069347e-08,1.6708437481897455e-08
2658,"(2.0, 8.0, 9.0, 12.0, 13.0, 14.0)",119699999.99999996,4,-16.153316248900342,4.0,4.0,9.653924291830531e-08,3.3416875522138694e-08,3.341687440545113e-08
2659,"(2.0, 8.0, 9.0, 13.0, 13.0, 14.0)",59849999.99999998,3,-16.03842987558815,3.0,3.0,1.0829250669539131e-07,5.012531328320804e-08,5.012531077066101e-08
2660,"(2.0, 8.0, 9.0, 13.0, 14.0, 14.0)",59849999.99999998,2,-15.961796246237466,2.0,2.0,1.1691762075668141e-07,3.3416875522138694e-08,3.341687440545113e-08
2661,"(2.0, 8.0, 11.0, 11.0, 12.0, 13.0)",72449999.99999997,1,-15.914699142398517,1.0,1.0,1.2255583162826255e-07,1.3802622498274678e-08,1.3802622307762291e-08
2662,"(2.0, 8.0, 11.0, 12.0, 13.0, 14.0)",119699999.99999996,1,-15.808890616813873,1.0,1.0,1.3623416684280686e-07,8.354218880534674e-09,8.3542188107417e-09
2663,"(2.0, 9.0, 9.0, 9.0, 9.0, 13.0)",6641249.999999997,1,-17.507124680714185,1.0,1.0,2.493172667910331e-08,1.5057406361754194e-07,1.505740409449933e-07
2664,"(2.0, 9.0, 9.0, 9.0, 11.0, 13.0)",26564999.99999999,2,-17.162699048627715,2.0,2.0,3.518313288363463e-08,7.528703180877097e-08,7.528702614063381e-08
2665,"(2.0, 9.0, 9.0, 9.0, 13.0, 14.0)",24149999.99999999,1,-17.056890523043073,1.0,1.0,3.910988756422727e-08,4.140786749482404e-08,4.1407865780212546e-08
2666,"(2.0, 9.0, 9.0, 11.0, 11.0, 13.0)",39847499.99999999,3,-16.818273416541246,6.0,14.0,4.9649703586114115e-08,1.5057406361754192e-07,3.513394591017158e-07
2667,"(2.0, 9.0, 9.0, 11.0, 12.0, 13.0)",72449999.99999997,7,-16.90398489361948,9.0,13.0,4.557142809736722e-08,1.242236024844721e-07,1.794340770460674e-07
2668,"(2.0, 9.0, 9.0, 11.0, 13.0, 13.0)",36224999.99999999,4,-16.78909852030729,5.0,7.0,5.111956581769408e-08,1.3802622498274675e-07,1.9323669592460666e-07
2669,"(2.0, 9.0, 9.0, 11.0, 13.0, 14.0)",72449999.99999997,4,-16.712464890956603,5.0,7.0,5.5191057921773556e-08,6.901311249137339e-08,9.661835272511305e-08
2670,"(2.0, 9.0, 9.0, 12.0, 13.0, 13.0)",29924999.99999999,1,-16.874809997385526,3.0,9.0,4.6920554399466956e-08,1.0025062656641608e-07,3.007518696490601e-07
2671,"(2.0, 9.0, 9.0, 12.0, 13.0, 14.0)",59849999.99999998,4,-16.798176368034838,5.0,7.0,5.065761013733743e-08,8.354218880534673e-08,1.1695905734818812e-07
2672,"(2.0, 9.0, 9.0, 13.0, 13.0, 13.0)",9974999.999999996,1,-16.759923624073334,1.0,1.0,5.263294281016456e-08,1.0025062656641608e-07,1.0025061651622795e-07
2673,"(2.0, 9.0, 9.0, 13.0, 14.0, 14.0)",29924999.99999999,4,-16.60665636537196,4.0,4.0,6.135087733688856e-08,1.3366750208855478e-07,1.3366748422155365e-07
2674,"(2.0, 9.0, 11.0, 11.0, 12.0, 13.0)",72449999.99999997,1,-16.55955926153301,1.0,1.0,6.43094492043556e-08,1.3802622498274678e-08,1.3802622307762291e-08
2675,"(2.0, 9.0, 11.0, 11.0, 13.0, 13.0)",36224999.99999999,3,-16.444672888220822,3.0,3.0,7.213886548119033e-08,8.281573498964805e-08,8.281572813120209e-08
2676,"(2.0, 9.0, 11.0, 11.0, 13.0, 14.0)",72449999.99999997,6,-16.368039258870134,7.0,9.0,7.78844702512186e-08,9.661835748792275e-08,1.242235931493651e-07
2677,"(2.0, 9.0, 11.0, 12.0, 13.0, 13.0)",59849999.99999998,6,-16.530384365299057,6.0,6.0,6.62133081137093e-08,1.0025062656641608e-07,1.0025061651622795e-07
2678,"(2.0, 9.0, 11.0, 12.0, 13.0, 14.0)",119699999.99999996,2,-16.45375073594837,2.0,2.0,7.148696325646553e-08,1.6708437761069347e-08,1.6708437481897455e-08
2679,"(2.0, 9.0, 11.0, 13.0, 13.0, 13.0)",19950000.0,3,-16.415497991986864,4.0,6.0,7.427451154030392e-08,2.0050125313283207e-07,3.007518394984956e-07
2680,"(2.0, 9.0, 11.0, 13.0, 13.0, 14.0)",59849999.99999998,2,-16.33886436263618,3.0,5.0,8.01902129441296e-08,5.012531328320804e-08,8.35421862927997e-08
2681,"(2.0, 9.0, 11.0, 13.0, 14.0, 14.0)",59849999.99999998,3,-16.26223073328549,3.0,3.0,8.657707898268006e-08,5.012531328320804e-08,5.012531077066101e-08
2682,"(2.0, 9.0, 12.0, 13.0, 13.0, 14.0)",44887499.99999999,3,-16.424575839714414,3.0,3.0,7.360330997661817e-08,6.683375104427737e-08,6.68337465775271e-08
2683,"(2.0, 9.0, 12.0, 13.0, 14.0, 14.0)",44887499.99999999,2,-16.347942210363726,3.0,5.0,7.94655525565461e-08,6.683375104427737e-08,1.1138958060704534e-07
2684,"(2.0, 9.0, 13.0, 13.0, 13.0, 14.0)",14962499.999999994,1,-16.309689466402222,1.0,1.0,8.256421634869194e-08,6.683375104427739e-08,6.683374657752711e-08
2685,"(2.0, 9.0, 13.0, 13.0, 14.0, 14.0)",22443750.0,2,-16.233055837051538,3.0,5.0,8.914016333818763e-08,1.3366750208855472e-07,2.2277915228059007e-07
2686,"(2.0, 11.0, 11.0, 13.0, 14.0, 14.0)",29924999.99999999,1,-15.917805101199022,1.0,1.0,1.2217576879974514e-07,3.3416875522138694e-08,3.341687440545113e-08
2687,"(2.0, 11.0, 12.0, 12.0, 12.0, 13.0)",14962499.999999994,1,-16.386556583603014,1.0,1.0,7.645552913796243e-08,6.683375104427739e-08,6.683374657752711e-08
2688,"(3.0, 3.0, 3.0, 3.0, 9.0, 13.0)",6641249.999999997,1,-15.798553986813378,1.0,1.0,1.3764967219302933e-07,1.5057406361754194e-07,1.505740409449933e-07
2689,"(3.0, 3.0, 3.0, 7.0, 9.0, 13.0)",33809999.999999985,3,-15.79584793814216,3.0,3.0,1.380226633440567e-07,8.873114463176579e-08,8.873113675854976e-08
2690,"(3.0, 3.0, 3.0, 8.0, 9.0, 13.0)",28979999.99999999,2,-15.65705517208006,2.0,2.0,1.5857230382712493e-07,6.901311249137339e-08,6.901310772856369e-08
2691,"(3.0, 3.0, 3.0, 8.0, 13.0, 13.0)",12074999.999999994,1,-15.283454643759637,1.0,1.0,2.3039867851349463e-07,8.281573498964808e-08,8.281572813120212e-08
2692,"(3.0, 3.0, 3.0, 9.0, 9.0, 13.0)",14489999.999999994,1,-16.301915291214556,1.0,1.0,8.320858650871765e-08,6.901311249137339e-08,6.901310772856369e-08
2693,"(3.0, 3.0, 3.0, 9.0, 12.0, 13.0)",24149999.99999999,1,-16.04320113620632,2.0,4.0,1.077770456004331e-07,8.281573498964808e-08,1.6563146312085018e-07
2694,"(3.0, 3.0, 3.0, 9.0, 13.0, 14.0)",24149999.99999999,1,-15.851681133543444,1.0,1.0,1.305276006198889e-07,4.140786749482404e-08,4.1407865780212546e-08
2695,"(3.0, 3.0, 4.0, 4.0, 9.0, 13.0)",59534999.99999995,2,-16.272156798483156,3.0,5.0,8.572196025519073e-08,5.0390526581002814e-08,8.398420842913286e-08
2696,"(3.0, 3.0, 4.0, 4.0, 11.0, 13.0)",59534999.99999995,1,-15.927731166396686,1.0,1.0,1.2096904308003162e-07,1.6796842193667606e-08,1.67968419115337e-08
2697,"(3.0, 3.0, 4.0, 7.0, 9.0, 13.0)",119069999.9999999,2,-16.03264934397705,2.0,2.0,1.0892030771727616e-07,1.6796842193667606e-08,1.67968419115337e-08
2698,"(3.0, 3.0, 4.0, 8.0, 11.0, 13.0)",105839999.99999996,2,-15.54943094582848,2.0,2.0,1.765907469230486e-07,1.889644746787605e-08,1.8896447110800323e-08
2699,"(3.0, 3.0, 4.0, 9.0, 9.0, 13.0)",52919999.99999998,3,-16.538716697049445,4.0,6.0,6.566388901406009e-08,7.55857898715042e-08,1.1337867909404465e-07
2700,"(3.0, 3.0, 4.0, 9.0, 11.0, 13.0)",105839999.99999996,2,-16.194291064962975,2.0,2.0,9.266351113877215e-08,1.889644746787605e-08,1.8896447110800323e-08
2701,"(3.0, 3.0, 4.0, 9.0, 12.0, 13.0)",88199999.99999997,1,-16.28000254204121,1.0,1.0,8.505203918863204e-08,1.1337868480725628e-08,1.1337868352178366e-08
2702,"(3.0, 3.0, 4.0, 11.0, 12.0, 13.0)",88199999.99999997,1,-15.93557690995474,2.0,4.0,1.200236644382051e-07,2.2675736961451256e-08,4.535147340871346e-08
2703,"(3.0, 3.0, 6.0, 6.0, 9.0, 13.0)",59534999.99999995,1,-16.20110282151733,1.0,1.0,9.203445478115731e-08,1.6796842193667606e-08,1.67968419115337e-08
2704,"(3.0, 3.0, 6.0, 7.0, 9.0, 13.0)",119069999.9999999,4,-15.997122355494136,8.0,22.0,1.1285947733653739e-07,6.718736877467042e-08,1.8476525961620113e-07
2705,"(3.0, 3.0, 6.0, 7.0, 12.0, 13.0)",95255999.99999994,1,-15.738408200485903,1.0,1.0,1.4618276244924128e-07,1.049802637104225e-08,1.0498026260833694e-08
2706,"(3.0, 3.0, 6.0, 8.0, 9.0, 13.0)",105839999.99999996,1,-15.858329589432037,1.0,1.0,1.2966267203066944e-07,9.448223733938024e-09,9.448223644669093e-09
2707,"(3.0, 3.0, 6.0, 9.0, 11.0, 13.0)",105839999.99999996,2,-16.158764076480065,2.0,2.0,9.601474375591993e-08,1.889644746787605e-08,1.8896447110800323e-08
2708,"(3.0, 3.0, 6.0, 9.0, 13.0, 13.0)",44099999.99999999,3,-16.129589180246107,4.0,6.0,9.885722689938714e-08,9.070294784580501e-08,1.3605441354168276e-07
2709,"(3.0, 3.0, 7.0, 7.0, 9.0, 12.0)",59534999.99999995,1,-15.90802826278313,1.0,1.0,1.2337611980712066e-07,1.6796842193667606e-08,1.67968419115337e-08
2710,"(3.0, 3.0, 7.0, 7.0, 9.0, 13.0)",59534999.99999995,2,-15.79314188947094,2.0,2.0,1.3839666519417666e-07,3.359368438733521e-08,3.359368325879958e-08
2711,"(3.0, 3.0, 7.0, 8.0, 9.0, 13.0)",105839999.99999996,4,-15.65434912340884,4.0,4.0,1.5900198931190138e-07,3.77928949357521e-08,3.779289350744919e-08
2712,"(3.0, 3.0, 7.0, 9.0, 11.0, 13.0)",105839999.99999996,1,-15.954783610456866,3.0,9.0,1.1774040301169117e-07,2.834467120181407e-08,8.503401280202182e-08
2713,"(3.0, 3.0, 7.0, 9.0, 13.0, 13.0)",44099999.99999999,1,-15.92560871422291,2.0,4.0,1.2122606675221553e-07,4.5351473922902504e-08,9.070294578904882e-08
2714,"(3.0, 3.0, 7.0, 9.0, 13.0, 14.0)",88199999.99999997,2,-15.848975084872224,2.0,2.0,1.308812929986678e-07,2.2675736961451256e-08,2.2675736447262208e-08
2715,"(3.0, 3.0, 8.0, 8.0, 9.0, 13.0)",43469999.99999999,1,-15.51555635734674,1.0,1.0,1.8267515745174025e-07,2.300437083045779e-08,2.3004370301256712e-08
2716,"(3.0, 3.0, 8.0, 8.0, 13.0, 14.0)",37799999.99999999,1,-15.065322199675627,1.0,1.0,2.8655876749616455e-07,2.645502645502646e-08,2.6455025755158035e-08
2717,"(3.0, 3.0, 8.0, 9.0, 9.0, 13.0)",43469999.99999999,2,-16.160416476481238,2.0,2.0,9.585622000162064e-08,4.600874166091558e-08,4.600873954411127e-08
2718,"(3.0, 3.0, 8.0, 9.0, 11.0, 13.0)",86939999.99999997,2,-15.815990844394769,2.0,2.0,1.3527029914324533e-07,2.3004370830457794e-08,2.3004370301256715e-08
2719,"(3.0, 3.0, 8.0, 9.0, 13.0, 13.0)",37799999.99999999,2,-15.786815948160813,3.0,5.0,1.3927492937070152e-07,7.936507936507938e-08,1.3227512597631647e-07
2720,"(3.0, 3.0, 8.0, 11.0, 13.0, 14.0)",75599999.99999997,1,-15.365756686723657,3.0,9.0,2.1219573992466003e-07,3.96825396825397e-08,1.1904761747291514e-07
2721,"(3.0, 3.0, 9.0, 9.0, 11.0, 13.0)",43469999.99999999,1,-16.46085096352926,1.0,1.0,7.098118723551977e-08,2.300437083045779e-08,2.3004370301256712e-08
2722,"(3.0, 3.0, 9.0, 11.0, 13.0, 13.0)",37799999.99999999,1,-16.087250435208837,1.0,1.0,1.0313258585314963e-07,2.645502645502646e-08,2.6455025755158035e-08
2723,"(3.0, 3.0, 9.0, 11.0, 13.0, 14.0)",75599999.99999997,2,-16.010616805858152,3.0,5.0,1.1134673052080709e-07,3.96825396825397e-08,6.613756456286221e-08
2724,"(3.0, 3.0, 9.0, 12.0, 13.0, 13.0)",29924999.99999999,1,-16.17296191228707,2.0,4.0,9.466117380843365e-08,6.683375104427739e-08,1.336674976218045e-07
2725,"(3.0, 3.0, 9.0, 12.0, 13.0, 14.0)",59849999.99999998,1,-16.096328282936387,1.0,1.0,1.0220060055353543e-07,1.6708437761069347e-08,1.6708437481897455e-08
2726,"(3.0, 3.0, 11.0, 13.0, 13.0, 13.0)",9974999.999999996,1,-15.713649906888412,1.0,1.0,1.4984717330051588e-07,1.0025062656641608e-07,1.0025061651622795e-07
2727,"(3.0, 4.0, 6.0, 7.0, 9.0, 13.0)",257984999.9999999,1,-16.233923761329024,1.0,1.0,8.906282999092668e-08,3.87619435238483e-09,3.876194337359947e-09
2728,"(3.0, 4.0, 6.0, 8.0, 9.0, 13.0)",238139999.9999998,1,-16.095130995266928,1.0,1.0,1.0232303735379906e-07,4.199210548416901e-09,4.1992105307835325e-09
2729,"(3.0, 4.0, 6.0, 9.0, 9.0, 13.0)",119069999.9999999,1,-16.73999111440142,2.0,4.0,5.369257493269742e-08,1.6796842193667606e-08,3.35936841052013e-08
2730,"(3.0, 4.0, 6.0, 9.0, 12.0, 13.0)",198449999.99999985,1,-16.48127695939319,1.0,1.0,6.954603292437496e-08,5.039052658100281e-09,5.039052632708229e-09
2731,"(3.0, 4.0, 6.0, 11.0, 13.0, 13.0)",99224999.99999993,1,-16.021964953994527,3.0,9.0,1.1009029392633363e-07,3.023431594860168e-08,9.07029469316912e-08
2732,"(3.0, 4.0, 7.0, 8.0, 9.0, 13.0)",238139999.9999998,1,-15.89115052924373,1.0,1.0,1.2547610069181506e-07,4.199210548416901e-09,4.1992105307835325e-09
2733,"(3.0, 4.0, 7.0, 9.0, 9.0, 13.0)",119069999.9999999,1,-16.536010648378223,1.0,1.0,6.584181932914268e-08,8.398421096833803e-09,8.398421026300325e-09
2734,"(3.0, 4.0, 8.0, 8.0, 8.0, 13.0)",33809999.999999985,1,-15.107497644047134,1.0,1.0,2.747243394427429e-07,2.9577048210588596e-08,2.9577047335786815e-08
2735,"(3.0, 4.0, 8.0, 8.0, 9.0, 13.0)",101429999.99999996,1,-15.75235776318163,1.0,1.0,1.4415773380888168e-07,9.859016070196199e-09,9.859015972996002e-09
2736,"(3.0, 4.0, 8.0, 9.0, 9.0, 13.0)",101429999.99999996,2,-16.397217882316127,2.0,2.0,7.564474359667557e-08,1.9718032140392398e-08,1.9718031751591606e-08
2737,"(3.0, 4.0, 8.0, 12.0, 12.0, 13.0)",69824999.99999997,1,-15.87978957229966,1.0,1.0,1.2690975770679109e-07,1.4321518080916584e-08,1.4321517875810704e-08
2738,"(3.0, 4.0, 9.0, 9.0, 11.0, 13.0)",101429999.99999996,1,-16.69765236936415,1.0,1.0,5.601466142236502e-08,9.859016070196199e-09,9.859015972996002e-09
2739,"(3.0, 4.0, 9.0, 11.0, 11.0, 13.0)",101429999.99999996,3,-16.35322673727768,4.0,6.0,7.904672233980032e-08,3.9436064280784795e-08,5.9154094865974025e-08
2740,"(3.0, 6.0, 6.0, 9.0, 9.0, 13.0)",59534999.99999995,1,-16.70446412591851,1.0,1.0,5.563439978049145e-08,1.6796842193667606e-08,1.67968419115337e-08
2741,"(3.0, 6.0, 7.0, 8.0, 9.0, 13.0)",238139999.9999998,1,-15.855623540760815,1.0,1.0,1.3001402070092454e-07,4.199210548416901e-09,4.1992105307835325e-09
2742,"(3.0, 6.0, 7.0, 9.0, 13.0, 14.0)",198449999.99999985,1,-16.050249502224204,1.0,1.0,1.0702006440883432e-07,5.039052658100281e-09,5.039052632708229e-09
2743,"(3.0, 6.0, 7.0, 11.0, 12.0, 13.0)",198449999.99999985,1,-15.89734387280061,1.0,1.0,1.2470138560673642e-07,5.039052658100281e-09,5.039052632708229e-09
2744,"(3.0, 6.0, 8.0, 12.0, 13.0, 13.0)",69824999.99999997,1,-15.729376210504556,1.0,1.0,1.4750906425114137e-07,1.4321518080916584e-08,1.4321517875810704e-08
2745,"(3.0, 6.0, 9.0, 9.0, 11.0, 12.0)",101429999.99999996,1,-16.77701175419343,2.0,4.0,5.174118516976001e-08,1.9718032140392398e-08,3.9436063891984007e-08
2746,"(3.0, 6.0, 9.0, 9.0, 11.0, 13.0)",101429999.99999996,2,-16.662125380881243,2.0,2.0,5.804046594984483e-08,1.9718032140392398e-08,1.9718031751591606e-08
2747,"(3.0, 6.0, 9.0, 9.0, 13.0, 14.0)",88199999.99999996,1,-16.5563168552966,1.0,1.0,6.451830497816919e-08,1.133786848072563e-08,1.1337868352178367e-08
2748,"(3.0, 7.0, 8.0, 8.0, 11.0, 13.0)",101429999.99999996,1,-15.168424676589051,1.0,1.0,2.5848590345106563e-07,9.859016070196199e-09,9.859015972996002e-09
2749,"(3.0, 7.0, 8.0, 9.0, 11.0, 13.0)",202859999.9999999,2,-15.813284795723549,2.0,2.0,1.3563684287541302e-07,9.859016070196199e-09,9.859015972996002e-09
2750,"(3.0, 7.0, 9.0, 9.0, 13.0, 14.0)",88199999.99999996,1,-16.352336389273404,1.0,1.0,7.91171327715225e-08,1.133786848072563e-08,1.1337868352178367e-08
2751,"(3.0, 7.0, 9.0, 11.0, 13.0, 13.0)",88199999.99999996,1,-16.08454438653762,1.0,1.0,1.0341204559535556e-07,1.133786848072563e-08,1.1337868352178367e-08
2752,"(3.0, 7.0, 11.0, 11.0, 13.0, 14.0)",88199999.99999996,1,-15.663485125100465,2.0,4.0,1.5755596237871987e-07,2.267573696145126e-08,4.535147340871347e-08
2753,"(3.0, 8.0, 8.0, 8.0, 8.0, 13.0)",6641249.999999997,1,-14.729197423478926,1.0,1.0,4.0104290374553997e-07,1.5057406361754194e-07,1.505740409449933e-07
2754,"(3.0, 9.0, 12.0, 12.0, 13.0, 13.0)",22443750.0,1,-16.417609061680018,1.0,1.0,7.411787826007399e-08,4.4555834029518243e-08,4.45558320442959e-08
2755,"(4.0, 4.0, 7.0, 9.0, 9.0, 13.0)",61916399.99999999,1,-16.772812054213112,1.0,1.0,5.1958939555590946e-08,1.6150809801603456e-08,1.61508095407548e-08
2756,"(4.0, 6.0, 7.0, 9.0, 11.0, 13.0)",247665600.0,1,-16.392859433643736,2.0,4.0,7.597515685053564e-08,8.075404900801726e-09,1.615080973639129e-08
2757,"(4.0, 6.0, 8.0, 9.0, 9.0, 13.0)",109544399.99999994,1,-16.598492299668102,2.0,4.0,6.185380008423681e-08,1.825743716703e-08,3.6514874000725986e-08
2758,"(4.0, 6.0, 9.0, 9.0, 11.0, 13.0)",109544399.99999994,1,-16.89892678671613,1.0,1.0,4.5802517196415226e-08,9.128718583515e-09,9.128718500181496e-09
2759,"(6.0, 7.0, 8.0, 9.0, 13.0, 13.0)",95255999.99999994,1,-15.98538431684157,1.0,1.0,1.1419203173123544e-07,1.049802637104225e-08,1.0498026260833694e-08
2760,"(6.0, 7.0, 9.0, 9.0, 13.0, 13.0)",47627999.99999997,1,-16.630244435976067,1.0,1.0,5.992066282440789e-08,2.09960527420845e-08,2.099605230125027e-08
2761,"(6.0, 8.0, 9.0, 9.0, 13.0, 13.0)",40571999.99999999,1,-16.491451669913964,1.0,1.0,6.884200986057771e-08,2.4647540175490492e-08,2.4647539567989254e-08
2762,"(6.0, 8.0, 9.0, 11.0, 13.0, 14.0)",162287999.99999994,1,-16.070392408476813,1.0,1.0,1.0488593522373706e-07,6.161885043872624e-09,6.161885005903796e-09
