,label,n_lambdas,n_nonzeros,log_lambda,sum_counts,sum_counts_2,mean_lambda,mean_count,var_count
0,"(0.0, 0.0, 0.0, 0.0, 0.0, 0.0)",177099.99999999997,1,-inf,7.0,49.0,0.0,3.952569169960475e-05,0.00027667827961692893
1,"(0.0, 2.0, 3.0, 4.0, 11.0, 13.0)",202859999.9999999,1,-inf,1.0,1.0,0.0,4.929508035098099e-09,4.92950801079805e-09
2,"(1.0, 1.0, 1.0, 1.0, 2.0, 13.0)",5578649.999999999,4,-16.66019631313684,4.0,4.0,5.815253800311578e-08,7.170193505597234e-07,7.170188364429743e-07
3,"(1.0, 1.0, 1.0, 1.0, 9.0, 13.0)",6641249.999999997,2,-16.960306270223036,2.0,2.0,4.3075722990194054e-08,3.011481272350839e-07,3.0114803654488935e-07
4,"(1.0, 1.0, 1.0, 1.0, 11.0, 13.0)",6641249.999999997,1,-16.58953174049885,1.0,1.0,6.241053532417138e-08,1.5057406361754194e-07,1.505740409449933e-07
5,"(1.0, 1.0, 1.0, 1.0, 12.0, 13.0)",5312999.999999999,1,-16.70760021748233,1.0,1.0,5.546019850702712e-08,1.882175795219274e-07,1.8821754409607014e-07
6,"(1.0, 1.0, 1.0, 1.0, 13.0, 14.0)",5312999.999999999,2,-16.49443033131071,2.0,2.0,6.863725791807228e-08,3.764351590438548e-07,3.764350173404258e-07
7,"(1.0, 1.0, 1.0, 2.0, 2.0, 9.0)",13282499.999999994,1,-17.005423054423616,1.0,1.0,4.1175473781178834e-08,7.528703180877097e-08,7.528702614063381e-08
8,"(1.0, 1.0, 1.0, 2.0, 2.0, 12.0)",11157299.999999998,1,-16.752717001682907,1.0,1.0,5.301361860008538e-08,8.962741881996542e-08,8.962741078689122e-08
9,"(1.0, 1.0, 1.0, 2.0, 2.0, 13.0)",11157299.999999998,12,-16.62988988188755,15.0,21.0,5.994191170711546e-08,1.3444112822994813e-06,1.8821739877775779e-06
10,"(1.0, 1.0, 1.0, 2.0, 3.0, 9.0)",26564999.99999999,1,-16.788546142156072,1.0,1.0,5.1147810949230194e-08,3.7643515904385486e-08,3.764351448735119e-08
11,"(1.0, 1.0, 1.0, 2.0, 3.0, 13.0)",22314600.0,10,-16.41301296962001,10.0,10.0,7.445931488789304e-08,4.48137094099827e-07,4.4813689327297187e-07
12,"(1.0, 1.0, 1.0, 2.0, 4.0, 9.0)",35419999.999999985,1,-17.0271539559184,1.0,1.0,4.0290345763203e-08,2.8232636928289114e-08,2.8232636131207328e-08
13,"(1.0, 1.0, 1.0, 2.0, 4.0, 12.0)",29752800.0,1,-16.774447903177695,1.0,1.0,5.1874012061333744e-08,3.3610282057487026e-08,3.3610280927835964e-08
14,"(1.0, 1.0, 1.0, 2.0, 4.0, 13.0)",29752800.0,29,-16.651620783382338,32.0,38.0,5.865337120883316e-08,1.0755290258395848e-06,1.2771895614218217e-06
15,"(1.0, 1.0, 1.0, 2.0, 4.0, 14.0)",29752800.0,1,-16.561278017006074,1.0,1.0,6.419901192109549e-08,3.3610282057487026e-08,3.3610280927835964e-08
16,"(1.0, 1.0, 1.0, 2.0, 6.0, 9.0)",35419999.999999985,1,-17.01047372681634,1.0,1.0,4.096803424802599e-08,2.8232636928289114e-08,2.8232636131207328e-08
17,"(1.0, 1.0, 1.0, 2.0, 6.0, 12.0)",29752800.0,1,-16.75776767407563,1.0,1.0,5.2746539213176876e-08,3.3610282057487026e-08,3.3610280927835964e-08
18,"(1.0, 1.0, 1.0, 2.0, 6.0, 13.0)",29752800.0,11,-16.634940554280274,11.0,11.0,5.96399280008224e-08,3.697131026323573e-07,3.69712965944579e-07
19,"(1.0, 1.0, 1.0, 2.0, 7.0, 9.0)",35419999.999999985,1,-16.79122029373906,2.0,4.0,5.101121666792057e-08,5.646527385657823e-08,1.1293054452482931e-07
20,"(1.0, 1.0, 1.0, 2.0, 7.0, 12.0)",29752800.0,1,-16.53851424099835,1.0,1.0,6.567718441155087e-08,3.3610282057487026e-08,3.3610280927835964e-08
21,"(1.0, 1.0, 1.0, 2.0, 7.0, 13.0)",29752800.0,22,-16.415687121202993,26.0,36.0,7.426046538846871e-08,8.738673334946627e-07,1.2099693904254164e-06
22,"(1.0, 1.0, 1.0, 2.0, 8.0, 9.0)",30359999.99999999,3,-16.670107591025314,3.0,3.0,5.757901888759909e-08,9.88142292490119e-08,9.881421948475999e-08
23,"(1.0, 1.0, 1.0, 2.0, 8.0, 13.0)",26564999.99999999,23,-16.294574418489248,24.0,26.0,8.382165763737778e-08,9.034443817052517e-07,9.787305973022717e-07
24,"(1.0, 1.0, 1.0, 2.0, 8.0, 14.0)",26564999.99999999,1,-16.204231652112988,2.0,4.0,9.174694458308594e-08,7.528703180877097e-08,1.5057405794940477e-07
25,"(1.0, 1.0, 1.0, 2.0, 9.0, 9.0)",15179999.999999994,1,-17.305533011509812,1.0,1.0,3.050018732618387e-08,6.58761528326746e-08,6.587614849300709e-08
26,"(1.0, 1.0, 1.0, 2.0, 9.0, 11.0)",30359999.99999999,5,-16.93475848178562,5.0,5.0,4.419039046536673e-08,1.646903820816865e-07,1.6469035495876455e-07
27,"(1.0, 1.0, 1.0, 2.0, 9.0, 12.0)",26564999.99999999,4,-17.052826958769103,4.0,4.0,3.92691364459918e-08,1.5057406361754194e-07,1.505740409449933e-07
28,"(1.0, 1.0, 1.0, 2.0, 9.0, 13.0)",26564999.99999999,182,-16.929999838973746,197.0,229.0,4.4401177882554864e-08,7.415772633163941e-06,8.620310148420528e-06
29,"(1.0, 1.0, 1.0, 2.0, 9.0, 14.0)",26564999.99999999,9,-16.839657072597483,11.0,15.0,4.859928235060317e-08,4.1407867494824033e-07,5.646525671046332e-07
30,"(1.0, 1.0, 1.0, 2.0, 11.0, 13.0)",26564999.99999999,38,-16.559225309249555,38.0,38.0,6.433092907819197e-08,1.4304536043666485e-06,1.4304515581691342e-06
31,"(1.0, 1.0, 1.0, 2.0, 11.0, 14.0)",26564999.99999999,2,-16.468882542873295,2.0,2.0,7.041337944721597e-08,7.528703180877097e-08,7.528702614063381e-08
32,"(1.0, 1.0, 1.0, 2.0, 12.0, 12.0)",10625999.999999998,1,-16.800120906028397,1.0,1.0,5.055920020170107e-08,9.41087897609637e-08,9.410878090449939e-08
33,"(1.0, 1.0, 1.0, 2.0, 12.0, 13.0)",21252000.0,18,-16.67729378623304,19.0,21.0,5.7166727993698185e-08,8.940335027291549e-07,9.881414931942145e-07
34,"(1.0, 1.0, 1.0, 2.0, 13.0, 13.0)",10625999.999999998,17,-16.554466666437683,20.0,26.0,6.46377865248652e-08,1.8821757952192739e-06,2.446824991199332e-06
35,"(1.0, 1.0, 1.0, 2.0, 13.0, 14.0)",21252000.0,13,-16.46412390006142,19.0,37.0,7.074925007956077e-08,8.940335027291549e-07,1.741011811281924e-06
36,"(1.0, 1.0, 1.0, 3.0, 3.0, 13.0)",11157299.999999998,1,-16.19613605735247,1.0,1.0,9.249270528214204e-08,8.962741881996542e-08,8.962741078689122e-08
37,"(1.0, 1.0, 1.0, 3.0, 4.0, 13.0)",29752800.0,1,-16.434743871114797,1.0,1.0,7.285870122751798e-08,3.3610282057487026e-08,3.3610280927835964e-08
38,"(1.0, 1.0, 1.0, 3.0, 6.0, 13.0)",29752800.0,1,-16.418063642012733,1.0,1.0,7.408419338713485e-08,3.3610282057487026e-08,3.3610280927835964e-08
39,"(1.0, 1.0, 1.0, 3.0, 6.0, 14.0)",29752800.0,1,-16.32772087563647,1.0,1.0,8.108880898748996e-08,3.3610282057487026e-08,3.3610280927835964e-08
40,"(1.0, 1.0, 1.0, 3.0, 7.0, 13.0)",29752800.0,1,-16.198810208935452,1.0,1.0,9.224569618498008e-08,3.3610282057487026e-08,3.3610280927835964e-08
41,"(1.0, 1.0, 1.0, 3.0, 8.0, 13.0)",26564999.99999999,1,-16.077697506221707,1.0,1.0,1.0412252500291542e-07,3.7643515904385486e-08,3.764351448735119e-08
42,"(1.0, 1.0, 1.0, 3.0, 9.0, 13.0)",26564999.99999999,13,-16.713122926706205,14.0,16.0,5.5154752179151016e-08,5.270092226613968e-07,6.02295976731447e-07
43,"(1.0, 1.0, 1.0, 3.0, 9.0, 14.0)",26564999.99999999,1,-16.622780160329945,1.0,1.0,6.036960058181818e-08,3.7643515904385486e-08,3.764351448735119e-08
44,"(1.0, 1.0, 1.0, 3.0, 13.0, 14.0)",21252000.0,1,-16.24724698779388,1.0,1.0,8.788409544720899e-08,4.7054394880481834e-08,4.7054392666365754e-08
45,"(1.0, 1.0, 1.0, 4.0, 7.0, 13.0)",36514799.99999998,2,-16.43741802269778,2.0,2.0,7.266412629368181e-08,5.477231150109e-08,5.4772308501083894e-08
46,"(1.0, 1.0, 1.0, 4.0, 8.0, 13.0)",33809999.999999985,3,-16.316305319984036,3.0,3.0,8.201978650209176e-08,8.873114463176579e-08,8.873113675854976e-08
47,"(1.0, 1.0, 1.0, 4.0, 9.0, 13.0)",33809999.999999985,13,-16.951730740468534,15.0,21.0,4.3446708559776875e-08,4.4365572315882893e-07,6.211178155919599e-07
48,"(1.0, 1.0, 1.0, 4.0, 11.0, 13.0)",33809999.999999985,4,-16.580956210744347,4.0,4.0,6.29480401270618e-08,1.1830819284235439e-07,1.1830817884552589e-07
49,"(1.0, 1.0, 1.0, 4.0, 12.0, 13.0)",27047999.99999999,1,-16.699024687727828,1.0,1.0,5.593784419476148e-08,3.6971310263235745e-08,3.6971308896357965e-08
50,"(1.0, 1.0, 1.0, 4.0, 13.0, 14.0)",27047999.99999999,2,-16.485854801556208,3.0,5.0,6.922838977740603e-08,1.1091393078970723e-07,1.8485653901427867e-07
51,"(1.0, 1.0, 1.0, 6.0, 6.0, 13.0)",18257399.99999999,2,-16.639991226672997,2.0,2.0,5.9339465670078936e-08,1.0954462300218e-07,1.0954461100215558e-07
52,"(1.0, 1.0, 1.0, 6.0, 7.0, 9.0)",43469999.99999997,1,-16.796270966131782,2.0,4.0,5.0754225260186275e-08,4.600874166091561e-08,9.20174812050269e-08
53,"(1.0, 1.0, 1.0, 6.0, 9.0, 13.0)",33809999.999999985,8,-16.93505051136647,9.0,11.0,4.4177487448284656e-08,2.6619343389529735e-07,3.2534745945753033e-07
54,"(1.0, 1.0, 1.0, 6.0, 11.0, 13.0)",33809999.999999985,2,-16.564275981642282,2.0,2.0,6.400683376926617e-08,5.915409642117719e-08,5.915409292197007e-08
55,"(1.0, 1.0, 1.0, 6.0, 12.0, 13.0)",27047999.99999999,1,-16.682344458625764,3.0,9.0,5.6878725494202754e-08,1.1091393078970723e-07,3.3274178006722165e-07
56,"(1.0, 1.0, 1.0, 6.0, 12.0, 14.0)",27047999.99999999,1,-16.5920016922495,1.0,1.0,6.225657452932762e-08,3.6971310263235745e-08,3.6971308896357965e-08
57,"(1.0, 1.0, 1.0, 6.0, 13.0, 13.0)",13523999.999999994,1,-16.559517338830407,1.0,1.0,6.431214528678234e-08,7.394262052647149e-08,7.394261505896036e-08
58,"(1.0, 1.0, 1.0, 6.0, 13.0, 14.0)",27047999.99999999,2,-16.469174572454143,2.0,2.0,7.039281965970909e-08,7.394262052647149e-08,7.394261505896036e-08
59,"(1.0, 1.0, 1.0, 7.0, 7.0, 13.0)",18257399.99999999,2,-16.201484360518435,3.0,5.0,9.199934674518132e-08,1.6431693450327e-07,2.7386153050539506e-07
60,"(1.0, 1.0, 1.0, 7.0, 8.0, 13.0)",33809999.999999985,3,-16.08037165780469,3.0,3.0,1.0384445755082026e-07,8.873114463176579e-08,8.873113675854976e-08
61,"(1.0, 1.0, 1.0, 7.0, 9.0, 13.0)",33809999.999999985,12,-16.71579707828919,13.0,15.0,5.5007457043838396e-08,3.845016267376518e-07,4.4365557531732796e-07
62,"(1.0, 1.0, 1.0, 7.0, 11.0, 13.0)",33809999.999999985,1,-16.345022548564998,1.0,1.0,7.969790412360212e-08,2.9577048210588596e-08,2.9577047335786815e-08
63,"(1.0, 1.0, 1.0, 7.0, 12.0, 13.0)",27047999.99999999,1,-16.463091025548483,1.0,1.0,7.082236292847657e-08,3.6971310263235745e-08,3.6971308896357965e-08
64,"(1.0, 1.0, 1.0, 7.0, 13.0, 14.0)",27047999.99999999,2,-16.249921139376863,3.0,5.0,8.76493940077269e-08,1.1091393078970723e-07,1.8485653901427867e-07
65,"(1.0, 1.0, 1.0, 8.0, 8.0, 13.0)",14489999.999999994,1,-15.959258955090949,1.0,1.0,1.1721465146804309e-07,6.901311249137339e-08,6.901310772856369e-08
66,"(1.0, 1.0, 1.0, 8.0, 9.0, 13.0)",28979999.99999999,13,-16.594684375575447,17.0,27.0,6.208978367845439e-08,5.866114561766738e-07,9.316766745205402e-07
67,"(1.0, 1.0, 1.0, 8.0, 9.0, 14.0)",28979999.99999999,1,-16.504341609199184,1.0,1.0,6.79603351077462e-08,3.4506556245686694e-08,3.450655505498427e-08
68,"(1.0, 1.0, 1.0, 8.0, 12.0, 13.0)",24149999.99999999,1,-16.341978322834738,2.0,4.0,7.994089220160882e-08,8.281573498964808e-08,1.6563146312085018e-07
69,"(1.0, 1.0, 1.0, 8.0, 13.0, 13.0)",12074999.999999994,2,-16.21915120303938,2.0,2.0,9.038828189195055e-08,1.6563146997929615e-07,1.656314425455123e-07
70,"(1.0, 1.0, 1.0, 8.0, 13.0, 14.0)",24149999.99999999,2,-16.128808436663117,2.0,2.0,9.893443918249613e-08,8.281573498964808e-08,8.281572813120212e-08
71,"(1.0, 1.0, 1.0, 9.0, 9.0, 12.0)",14489999.999999994,2,-17.352936915855302,2.0,2.0,2.9088093171806845e-08,1.3802622498274678e-07,1.38026205931508e-07
72,"(1.0, 1.0, 1.0, 9.0, 9.0, 13.0)",14489999.999999994,6,-17.230109796059946,6.0,6.0,3.28895849533649e-08,4.1407867494824033e-07,4.140785034870913e-07
73,"(1.0, 1.0, 1.0, 9.0, 11.0, 12.0)",28979999.99999999,1,-16.98216238613111,1.0,1.0,4.2144468865330765e-08,3.4506556245686694e-08,3.450655505498427e-08
74,"(1.0, 1.0, 1.0, 9.0, 11.0, 13.0)",28979999.99999999,10,-16.859335266335755,11.0,13.0,4.76522844200804e-08,3.7957211870255365e-07,4.4858508711893374e-07
75,"(1.0, 1.0, 1.0, 9.0, 12.0, 13.0)",24149999.99999999,9,-16.977403743319236,9.0,9.0,4.234549727099401e-08,3.7267080745341634e-07,3.726706685698856e-07
76,"(1.0, 1.0, 1.0, 9.0, 13.0, 13.0)",12074999.999999994,7,-16.85457662352388,8.0,10.0,4.7879585013042924e-08,6.625258799171846e-07,8.281569109559392e-07
77,"(1.0, 1.0, 1.0, 9.0, 13.0, 14.0)",24149999.99999999,10,-16.764233857147616,11.0,13.0,5.240657076786292e-08,4.5548654244306437e-07,5.383020699647221e-07
78,"(1.0, 1.0, 1.0, 11.0, 11.0, 13.0)",14489999.999999994,1,-16.488560736611564,1.0,1.0,6.904131547029208e-08,6.901311249137339e-08,6.901310772856369e-08
79,"(1.0, 1.0, 1.0, 11.0, 12.0, 13.0)",24149999.99999999,1,-16.606629213595046,1.0,1.0,6.135254314483832e-08,4.140786749482404e-08,4.1407865780212546e-08
80,"(1.0, 1.0, 1.0, 11.0, 13.0, 14.0)",24149999.99999999,1,-16.39345932742343,1.0,1.0,7.592959349448314e-08,4.140786749482404e-08,4.1407865780212546e-08
81,"(1.0, 1.0, 1.0, 13.0, 13.0, 14.0)",9176999.999999998,1,-16.38870068461155,1.0,1.0,7.629177637479515e-08,1.0896807235480006e-07,1.0896806048075927e-07
82,"(1.0, 1.0, 2.0, 2.0, 2.0, 8.0)",13282499.999999994,1,-16.339691202689828,1.0,1.0,8.012393586820329e-08,7.528703180877097e-08,7.528702614063381e-08
83,"(1.0, 1.0, 2.0, 2.0, 2.0, 9.0)",13282499.999999994,2,-16.975116623174323,2.0,2.0,4.244245734825601e-08,1.5057406361754194e-07,1.505740409449933e-07
84,"(1.0, 1.0, 2.0, 2.0, 2.0, 13.0)",11157299.999999998,15,-16.59958345063826,15.0,15.0,6.17863450587679e-08,1.3444112822994813e-06,1.3444094748577852e-06
85,"(1.0, 1.0, 2.0, 2.0, 3.0, 7.0)",44629199.99999999,1,-16.24392699313603,1.0,1.0,8.817635505632495e-08,2.2406854704991355e-08,2.2406854202924216e-08
86,"(1.0, 1.0, 2.0, 2.0, 3.0, 9.0)",39847499.99999999,4,-16.758239710906786,5.0,7.0,5.272164677948725e-08,1.2547838634795158e-07,1.7566972514230677e-07
87,"(1.0, 1.0, 2.0, 2.0, 3.0, 11.0)",39847499.99999999,1,-16.387465181182595,1.0,1.0,7.638609337860041e-08,2.509567726959032e-08,2.5095676639797302e-08
88,"(1.0, 1.0, 2.0, 2.0, 3.0, 13.0)",33471900.0,39,-16.38270653837072,44.0,56.0,7.675045375565989e-08,1.3145354760261594e-06,1.6730434233025032e-06
89,"(1.0, 1.0, 2.0, 2.0, 4.0, 8.0)",53129999.99999998,1,-16.361422104184612,1.0,1.0,7.840155275916271e-08,1.8821757952192743e-08,1.882175759793417e-08
90,"(1.0, 1.0, 2.0, 2.0, 4.0, 9.0)",53129999.99999998,4,-16.996847524669114,4.0,4.0,4.153009363508194e-08,7.528703180877097e-08,7.528702614063381e-08
91,"(1.0, 1.0, 2.0, 2.0, 4.0, 13.0)",44629199.99999999,44,-16.621314352133048,50.0,62.0,6.045815572376516e-08,1.1203427352495677e-06,1.3892237365416194e-06
92,"(1.0, 1.0, 2.0, 2.0, 6.0, 9.0)",53129999.99999998,6,-16.98016729556705,7.0,9.0,4.2228634828933544e-08,1.317523056653492e-07,1.6939580421106464e-07
93,"(1.0, 1.0, 2.0, 2.0, 6.0, 13.0)",44629199.99999999,34,-16.604634123030984,38.0,46.0,6.147506920940367e-08,8.514604787896715e-07,1.0307145914446555e-06
94,"(1.0, 1.0, 2.0, 2.0, 6.0, 14.0)",44629199.99999999,1,-16.51429135665472,1.0,1.0,6.728749975807557e-08,2.2406854704991355e-08,2.2406854202924216e-08
95,"(1.0, 1.0, 2.0, 2.0, 7.0, 9.0)",53129999.99999998,9,-16.760913862489765,11.0,17.0,5.2580849444906644e-08,2.0703933747412016e-07,3.199698423219894e-07
96,"(1.0, 1.0, 2.0, 2.0, 7.0, 11.0)",53129999.99999998,1,-16.390139332765578,1.0,1.0,7.618209826456821e-08,1.8821757952192743e-08,1.882175759793417e-08
97,"(1.0, 1.0, 2.0, 2.0, 7.0, 13.0)",44629199.99999999,45,-16.385380689953703,49.0,59.0,7.654548558837442e-08,1.0979358805445764e-06,1.322003222131292e-06
98,"(1.0, 1.0, 2.0, 2.0, 7.0, 14.0)",44629199.99999999,2,-16.29503792357744,3.0,5.0,8.378281487516658e-08,6.722056411497407e-08,1.1203426900635254e-07
99,"(1.0, 1.0, 2.0, 2.0, 8.0, 9.0)",45539999.99999999,2,-16.639801159776024,2.0,2.0,5.9350745210086526e-08,4.3917435221783056e-08,4.391743329304194e-08
100,"(1.0, 1.0, 2.0, 2.0, 8.0, 12.0)",39847499.99999999,1,-16.387095107035314,1.0,1.0,7.641436712834081e-08,2.509567726959032e-08,2.5095676639797302e-08
101,"(1.0, 1.0, 2.0, 2.0, 8.0, 13.0)",39847499.99999999,75,-16.264267987239958,83.0,99.0,8.64008790291243e-08,2.0829412133759965e-06,2.484467711045343e-06
102,"(1.0, 1.0, 2.0, 2.0, 9.0, 9.0)",22770000.0,2,-17.275226580260522,2.0,2.0,3.143868863743555e-08,8.78348704435661e-08,8.783486272860163e-08
103,"(1.0, 1.0, 2.0, 2.0, 9.0, 11.0)",45539999.99999999,7,-16.90445205053633,9.0,13.0,4.555014406140012e-08,1.9762845849802374e-07,2.854632898845822e-07
104,"(1.0, 1.0, 2.0, 2.0, 9.0, 12.0)",39847499.99999999,8,-17.022520527519816,8.0,8.0,4.0477461354037257e-08,2.0076541815672255e-07,2.0076537784996943e-07
105,"(1.0, 1.0, 2.0, 2.0, 9.0, 13.0)",39847499.99999999,325,-16.899693407724456,361.0,445.0,4.5767417480307226e-08,9.059539494322104e-06,1.1167494309711842e-05
106,"(1.0, 1.0, 2.0, 2.0, 9.0, 14.0)",39847499.99999999,11,-16.809350641348196,11.0,11.0,5.0094699074577545e-08,2.760524499654935e-07,2.7605237376053836e-07
107,"(1.0, 1.0, 2.0, 2.0, 11.0, 12.0)",39847499.99999999,2,-16.651745997795622,2.0,2.0,5.8646027421153735e-08,5.019135453918064e-08,5.019135202000857e-08
108,"(1.0, 1.0, 2.0, 2.0, 11.0, 13.0)",39847499.99999999,61,-16.52891887800027,70.0,92.0,6.631041401211188e-08,1.7566974088713222e-06,2.308799222816523e-06
109,"(1.0, 1.0, 2.0, 2.0, 11.0, 14.0)",39847499.99999999,1,-16.438576111624005,1.0,1.0,7.25800234823542e-08,2.509567726959032e-08,2.5095676639797302e-08
110,"(1.0, 1.0, 2.0, 2.0, 12.0, 12.0)",15938999.999999996,1,-16.769814474779107,1.0,1.0,5.2114924275710226e-08,6.273919317397579e-08,6.273918923776943e-08
111,"(1.0, 1.0, 2.0, 2.0, 12.0, 13.0)",31878000.0,30,-16.64698735498375,34.0,44.0,5.8925767982806574e-08,1.0665662839575884e-06,1.380261112263829e-06
112,"(1.0, 1.0, 2.0, 2.0, 12.0, 14.0)",31878000.0,3,-16.556644588607487,3.0,3.0,6.449716364501471e-08,9.410878976096367e-08,9.410878090449936e-08
113,"(1.0, 1.0, 2.0, 2.0, 13.0, 13.0)",15938999.999999996,28,-16.52416023518839,29.0,31.0,6.662671356853362e-08,1.8194366020452982e-06,1.944911678043701e-06
114,"(1.0, 1.0, 2.0, 2.0, 13.0, 14.0)",31878000.0,40,-16.43381746881213,41.0,43.0,7.292622897020319e-08,1.2861534600665035e-06,1.3488909990497564e-06
115,"(1.0, 1.0, 2.0, 2.0, 14.0, 14.0)",15938999.999999996,1,-16.343474702435866,1.0,1.0,7.982135973649781e-08,6.273919317397579e-08,6.273918923776943e-08
116,"(1.0, 1.0, 2.0, 3.0, 3.0, 9.0)",39847499.99999999,2,-16.54136279863924,2.0,2.0,6.549036537478556e-08,5.019135453918064e-08,5.019135202000857e-08
117,"(1.0, 1.0, 2.0, 3.0, 3.0, 13.0)",33471900.0,21,-16.16582962610318,22.0,24.0,9.533873780844021e-08,6.572677380130797e-07,7.170189185588438e-07
118,"(1.0, 1.0, 2.0, 3.0, 3.0, 14.0)",33471900.0,2,-16.075486859726915,2.0,2.0,1.0435295770662344e-07,5.97516125466436e-08,5.97516089763884e-08
119,"(1.0, 1.0, 2.0, 3.0, 4.0, 7.0)",114760799.99999993,1,-16.265657894630817,1.0,1.0,8.628087322658033e-08,8.713776829718865e-09,8.713776753788959e-09
120,"(1.0, 1.0, 2.0, 3.0, 4.0, 9.0)",106259999.99999996,3,-16.77997061240157,3.0,3.0,5.158831660904777e-08,2.8232636928289114e-08,2.8232636131207328e-08
121,"(1.0, 1.0, 2.0, 3.0, 4.0, 12.0)",89258399.99999999,1,-16.527264559660864,1.0,1.0,6.642020333431123e-08,1.1203427352495678e-08,1.1203427226978893e-08
122,"(1.0, 1.0, 2.0, 3.0, 4.0, 13.0)",89258399.99999999,46,-16.404437439865507,46.0,46.0,7.510058865944924e-08,5.153576582148012e-07,5.153573926212853e-07
123,"(1.0, 1.0, 2.0, 3.0, 6.0, 9.0)",106259999.99999996,6,-16.76329038329951,6.0,6.0,5.245603832885699e-08,5.646527385657823e-08,5.6465270668251076e-08
124,"(1.0, 1.0, 2.0, 3.0, 6.0, 12.0)",89258399.99999999,1,-16.5105843305588,2.0,4.0,6.753739918127226e-08,2.2406854704991355e-08,4.481370890791557e-08
125,"(1.0, 1.0, 2.0, 3.0, 6.0, 13.0)",89258399.99999999,46,-16.387757210763443,49.0,57.0,7.636378963660317e-08,5.489679402722882e-07,6.385950577264542e-07
126,"(1.0, 1.0, 2.0, 3.0, 6.0, 14.0)",89258399.99999999,1,-16.29741444438718,1.0,1.0,8.358393968123704e-08,1.1203427352495678e-08,1.1203427226978893e-08
127,"(1.0, 1.0, 2.0, 3.0, 7.0, 7.0)",57380399.99999996,1,-16.02972423245147,2.0,4.0,1.0923937819561164e-07,3.485510731887546e-08,6.971021342287241e-08
128,"(1.0, 1.0, 2.0, 3.0, 7.0, 9.0)",106259999.99999996,5,-16.544036950222228,5.0,5.0,6.5315468165598e-08,4.7054394880481854e-08,4.7054392666365774e-08
129,"(1.0, 1.0, 2.0, 3.0, 7.0, 13.0)",89258399.99999999,73,-16.168503777686162,76.0,88.0,9.508412815594072e-08,8.514604787896715e-07,9.859008820346726e-07
130,"(1.0, 1.0, 2.0, 3.0, 8.0, 8.0)",45539999.99999999,1,-15.787498827023985,1.0,1.0,1.391798539314631e-07,2.1958717610891528e-08,2.195871712870625e-08
131,"(1.0, 1.0, 2.0, 3.0, 8.0, 9.0)",91079999.99999996,7,-16.422924247508483,7.0,7.0,7.372497307095988e-08,7.685551163812037e-08,7.68555057313507e-08
132,"(1.0, 1.0, 2.0, 3.0, 8.0, 13.0)",79694999.99999997,92,-16.047391074972417,98.0,110.0,1.0732641110371266e-07,1.2296881862099259e-06,1.3802607376944323e-06
133,"(1.0, 1.0, 2.0, 3.0, 8.0, 14.0)",79694999.99999997,2,-15.957048308596155,4.0,10.0,1.1747405824915257e-07,5.0191354539180645e-08,1.2547838382877954e-07
134,"(1.0, 1.0, 2.0, 3.0, 9.0, 9.0)",45539999.99999999,1,-17.05834966799298,1.0,1.0,3.905286218356229e-08,2.1958717610891528e-08,2.195871712870625e-08
135,"(1.0, 1.0, 2.0, 3.0, 9.0, 11.0)",91079999.99999996,3,-16.68757513826879,3.0,3.0,5.6581987848980735e-08,3.2938076416337305e-08,3.293807533142043e-08
136,"(1.0, 1.0, 2.0, 3.0, 9.0, 12.0)",79694999.99999997,15,-16.805643615252272,18.0,24.0,5.028074605877179e-08,2.2586109542631291e-07,3.0114807622184945e-07
137,"(1.0, 1.0, 2.0, 3.0, 9.0, 13.0)",79694999.99999997,452,-16.682816495456915,490.0,576.0,5.685188297668739e-08,6.148440931049629e-06,7.227517250316131e-06
138,"(1.0, 1.0, 2.0, 3.0, 9.0, 14.0)",79694999.99999997,10,-16.592473729080652,11.0,13.0,6.222719406804391e-08,1.3802622498274678e-07,1.6312188320109832e-07
139,"(1.0, 1.0, 2.0, 3.0, 11.0, 12.0)",79694999.99999997,1,-16.434869085528085,1.0,1.0,7.284957883913005e-08,1.2547838634795161e-08,1.2547838477346907e-08
140,"(1.0, 1.0, 2.0, 3.0, 11.0, 13.0)",79694999.99999997,77,-16.312041965732725,86.0,106.0,8.237021237159356e-08,1.0791141225923839e-06,1.3300697308009974e-06
141,"(1.0, 1.0, 2.0, 3.0, 11.0, 14.0)",79694999.99999997,3,-16.221699199356465,3.0,3.0,9.015826604678952e-08,3.7643515904385486e-08,3.764351448735119e-08
142,"(1.0, 1.0, 2.0, 3.0, 12.0, 12.0)",31878000.0,1,-16.552937562511566,1.0,1.0,6.47367000232523e-08,3.136959658698789e-08,3.13695956029363e-08
143,"(1.0, 1.0, 2.0, 3.0, 12.0, 13.0)",63755999.99999999,44,-16.43011044271621,48.0,56.0,7.319707010148443e-08,7.528703180877094e-07,8.783481376219452e-07
144,"(1.0, 1.0, 2.0, 3.0, 13.0, 13.0)",31878000.0,25,-16.307283322920853,28.0,34.0,8.276311689531893e-08,8.78348704435661e-07,1.0665655124611418e-06
145,"(1.0, 1.0, 2.0, 3.0, 13.0, 14.0)",63755999.99999999,39,-16.21694055654459,43.0,51.0,9.058831945518964e-08,6.744463266202397e-07,7.999242580903438e-07
146,"(1.0, 1.0, 2.0, 4.0, 4.0, 8.0)",65204999.99999996,1,-16.383153005679404,1.0,1.0,7.671619483544433e-08,1.53362472203052e-08,1.5336246985104722e-08
147,"(1.0, 1.0, 2.0, 4.0, 4.0, 9.0)",65204999.99999996,1,-17.0185784261639,2.0,4.0,4.063734253618934e-08,3.06724944406104e-08,6.134498794041889e-08
148,"(1.0, 1.0, 2.0, 4.0, 4.0, 12.0)",54772199.99999997,1,-16.765872373423193,1.0,1.0,5.232077205919846e-08,1.825743716703e-08,1.825743683369599e-08
149,"(1.0, 1.0, 2.0, 4.0, 4.0, 13.0)",54772199.99999997,23,-16.643045253627836,25.0,29.0,5.915851779292683e-08,4.5643592917575e-07,5.294654695101125e-07
150,"(1.0, 1.0, 2.0, 4.0, 6.0, 9.0)",130409999.99999993,5,-17.001898197061838,5.0,5.0,4.13208675486685e-08,3.8340618050763e-08,3.834061658076e-08
151,"(1.0, 1.0, 2.0, 4.0, 6.0, 12.0)",109544399.99999994,1,-16.74919214432113,1.0,1.0,5.32008137681966e-08,9.128718583515e-09,9.128718500181496e-09
152,"(1.0, 1.0, 2.0, 4.0, 6.0, 13.0)",109544399.99999994,59,-16.62636502452577,65.0,79.0,6.015357121150746e-08,5.93366707928475e-07,7.21168416013635e-07
153,"(1.0, 1.0, 2.0, 4.0, 7.0, 8.0)",130409999.99999993,1,-16.147219343500055,2.0,4.0,9.712963149259858e-08,1.53362472203052e-08,3.067249420540993e-08
154,"(1.0, 1.0, 2.0, 4.0, 7.0, 9.0)",130409999.99999993,7,-16.782644763984557,8.0,10.0,5.1450545922474684e-08,6.13449888812208e-08,7.668123233831833e-08
155,"(1.0, 1.0, 2.0, 4.0, 7.0, 12.0)",109544399.99999994,1,-16.529938711243847,1.0,1.0,6.624282291918688e-08,9.128718583515e-09,9.128718500181496e-09
156,"(1.0, 1.0, 2.0, 4.0, 7.0, 13.0)",109544399.99999994,54,-16.40711159144849,58.0,66.0,7.490002658761324e-08,5.2946567784387e-07,6.02495146178086e-07
157,"(1.0, 1.0, 2.0, 4.0, 7.0, 14.0)",109544399.99999994,2,-16.316768825072227,2.0,2.0,8.198177872279565e-08,1.825743716703e-08,1.825743683369599e-08
158,"(1.0, 1.0, 2.0, 4.0, 8.0, 9.0)",115919999.99999994,10,-16.66153206127081,11.0,13.0,5.8074912714451374e-08,9.489302967563843e-08,1.1214629879379469e-07
159,"(1.0, 1.0, 2.0, 4.0, 8.0, 11.0)",115919999.99999994,1,-16.29075753154662,1.0,1.0,8.414220678869498e-08,8.626639061421675e-09,8.626638987002773e-09
160,"(1.0, 1.0, 2.0, 4.0, 8.0, 12.0)",101429999.99999996,3,-16.408826008530106,3.0,3.0,7.477172671379083e-08,2.9577048210588596e-08,2.9577047335786815e-08
161,"(1.0, 1.0, 2.0, 4.0, 8.0, 13.0)",101429999.99999996,87,-16.285998888734746,91.0,101.0,8.45435636959031e-08,8.971704623878541e-07,9.957598181749775e-07
162,"(1.0, 1.0, 2.0, 4.0, 8.0, 14.0)",101429999.99999996,3,-16.195656122358486,4.0,6.0,9.253710642207324e-08,3.9436064280784795e-08,5.9154094865974025e-08
163,"(1.0, 1.0, 2.0, 4.0, 9.0, 9.0)",57959999.99999997,7,-17.29695748175531,7.0,7.0,3.0762867290259294e-08,1.2077294685990344e-07,1.2077293227379875e-07
164,"(1.0, 1.0, 2.0, 4.0, 9.0, 11.0)",115919999.99999994,9,-16.92618295203112,11.0,15.0,4.457097600262198e-08,9.489302967563843e-08,1.2939957691663802e-07
165,"(1.0, 1.0, 2.0, 4.0, 9.0, 12.0)",101429999.99999996,22,-17.0442514290146,24.0,28.0,3.9607338150807255e-08,2.3661638568470877e-07,2.7605239397817957e-07
166,"(1.0, 1.0, 2.0, 4.0, 9.0, 13.0)",101429999.99999996,498,-16.921424309219244,553.0,675.0,4.4783578806403725e-08,5.452035886818498e-06,6.654806122687123e-06
167,"(1.0, 1.0, 2.0, 4.0, 9.0, 14.0)",101429999.99999996,25,-16.83108154284298,27.0,31.0,4.901783905012181e-08,2.6619343389529735e-07,3.0562942731713793e-07
168,"(1.0, 1.0, 2.0, 4.0, 11.0, 12.0)",101429999.99999996,1,-16.673476899290414,1.0,1.0,5.738534388198371e-08,9.859016070196199e-09,9.859015972996002e-09
169,"(1.0, 1.0, 2.0, 4.0, 11.0, 13.0)",101429999.99999996,99,-16.550649779495053,109.0,131.0,6.488497308974109e-08,1.0746327516513857e-06,1.291529950360151e-06
170,"(1.0, 1.0, 2.0, 4.0, 11.0, 14.0)",101429999.99999996,3,-16.460307013118793,3.0,3.0,7.101980798438582e-08,2.9577048210588596e-08,2.9577047335786815e-08
171,"(1.0, 1.0, 2.0, 4.0, 12.0, 13.0)",81143999.99999997,50,-16.668718256478538,53.0,59.0,5.7659071004418084e-08,6.531598146504981e-07,7.27102008559226e-07
172,"(1.0, 1.0, 2.0, 4.0, 12.0, 14.0)",81143999.99999997,2,-16.578375490102275,2.0,2.0,6.311070123475634e-08,2.4647540175490495e-08,2.4647539567989257e-08
173,"(1.0, 1.0, 2.0, 4.0, 13.0, 13.0)",40571999.99999999,53,-16.54589113668318,56.0,62.0,6.519447331700468e-08,1.3802622498274674e-06,1.528145585756532e-06
174,"(1.0, 1.0, 2.0, 4.0, 13.0, 14.0)",81143999.99999997,36,-16.455548370306918,39.0,47.0,7.135857127062467e-08,4.806270334220647e-07,5.792169631216814e-07
175,"(1.0, 1.0, 2.0, 6.0, 6.0, 9.0)",65204999.99999996,2,-16.985217967959773,2.0,2.0,4.201588953446167e-08,3.06724944406104e-08,3.0672493499808486e-08
176,"(1.0, 1.0, 2.0, 6.0, 6.0, 13.0)",54772199.99999997,15,-16.609684795423707,18.0,26.0,6.116536154884079e-08,3.2863386900654e-07,4.746932583425601e-07
177,"(1.0, 1.0, 2.0, 6.0, 6.0, 14.0)",54772199.99999997,1,-16.519342029047444,1.0,1.0,6.694850942584489e-08,1.825743716703e-08,1.825743683369599e-08
178,"(1.0, 1.0, 2.0, 6.0, 7.0, 8.0)",130409999.99999993,1,-16.130539114397994,1.0,1.0,9.876336363241435e-08,7.6681236101526e-09,7.668123551352482e-09
179,"(1.0, 1.0, 2.0, 6.0, 7.0, 9.0)",130409999.99999993,6,-16.765964534882492,8.0,14.0,5.231595032268635e-08,6.13449888812208e-08,1.0735372677892874e-07
180,"(1.0, 1.0, 2.0, 6.0, 7.0, 11.0)",130409999.99999993,1,-16.3951900051583,1.0,1.0,7.579829748591562e-08,7.6681236101526e-09,7.668123551352482e-09
181,"(1.0, 1.0, 2.0, 6.0, 7.0, 12.0)",109544399.99999994,1,-16.513258482141783,1.0,1.0,6.735703520612909e-08,9.128718583515e-09,9.128718500181496e-09
182,"(1.0, 1.0, 2.0, 6.0, 7.0, 13.0)",109544399.99999994,57,-16.390431362346426,59.0,63.0,7.615985408648098e-08,5.38594396427385e-07,5.751089806775211e-07
183,"(1.0, 1.0, 2.0, 6.0, 7.0, 14.0)",109544399.99999994,1,-16.300088595970163,1.0,1.0,8.336072214840651e-08,9.128718583515e-09,9.128718500181496e-09
184,"(1.0, 1.0, 2.0, 6.0, 8.0, 8.0)",57959999.99999997,1,-16.00942641168425,1.0,1.0,1.1147935594270576e-07,1.725327812284335e-08,1.7253277825167746e-08
185,"(1.0, 1.0, 2.0, 6.0, 8.0, 9.0)",115919999.99999994,6,-16.644851832168747,7.0,9.0,5.905173976465844e-08,6.038647342995172e-08,7.76397479062689e-08
186,"(1.0, 1.0, 2.0, 6.0, 8.0, 11.0)",115919999.99999994,1,-16.27407730244456,1.0,1.0,8.555748887546158e-08,8.626639061421675e-09,8.626638987002773e-09
187,"(1.0, 1.0, 2.0, 6.0, 8.0, 12.0)",101429999.99999996,1,-16.39214577942804,2.0,4.0,7.602939619327584e-08,1.9718032140392398e-08,3.9436063891984007e-08
188,"(1.0, 1.0, 2.0, 6.0, 8.0, 13.0)",101429999.99999996,77,-16.26931865963268,84.0,98.0,8.596559665435321e-08,8.281573498964807e-07,9.661828890346314e-07
189,"(1.0, 1.0, 2.0, 6.0, 8.0, 14.0)",101429999.99999996,3,-16.17897589325642,5.0,11.0,9.409359173519672e-08,4.929508035098099e-08,1.0844917434215323e-07
190,"(1.0, 1.0, 2.0, 6.0, 9.0, 9.0)",57959999.99999997,1,-17.280277252653246,1.0,1.0,3.128030243577226e-08,1.725327812284335e-08,1.7253277825167746e-08
191,"(1.0, 1.0, 2.0, 6.0, 9.0, 11.0)",115919999.99999994,6,-16.909502722929055,6.0,6.0,4.5320665205386076e-08,5.175983436853005e-08,5.175983168944959e-08
192,"(1.0, 1.0, 2.0, 6.0, 9.0, 12.0)",101429999.99999996,12,-17.027571199912536,16.0,26.0,4.027353836504846e-08,1.5774425712313918e-07,2.5633439294185047e-07
193,"(1.0, 1.0, 2.0, 6.0, 9.0, 13.0)",101429999.99999996,438,-16.904744080117183,481.0,573.0,4.55368440140203e-08,4.7421867297643716e-06,5.649193719887442e-06
194,"(1.0, 1.0, 2.0, 6.0, 9.0, 14.0)",101429999.99999996,19,-16.81440131374092,22.0,28.0,4.984232502674783e-08,2.1689835354431637e-07,2.760524029205978e-07
195,"(1.0, 1.0, 2.0, 6.0, 11.0, 12.0)",101429999.99999996,1,-16.65679667018835,2.0,4.0,5.835057230109432e-08,1.9718032140392398e-08,3.9436063891984007e-08
196,"(1.0, 1.0, 2.0, 6.0, 11.0, 13.0)",101429999.99999996,95,-16.533969550392992,100.0,112.0,6.597634617845573e-08,9.859016070196198e-07,1.1042088278599954e-06
197,"(1.0, 1.0, 2.0, 6.0, 12.0, 13.0)",81143999.99999997,52,-16.652038027376474,56.0,66.0,5.862890354680795e-08,6.901311249137338e-07,8.133683495102168e-07
198,"(1.0, 1.0, 2.0, 6.0, 12.0, 14.0)",81143999.99999997,2,-16.56169526100021,2.0,2.0,6.417223085644969e-08,2.4647540175490495e-08,2.4647539567989257e-08
199,"(1.0, 1.0, 2.0, 6.0, 13.0, 13.0)",40571999.99999999,47,-16.529210907581117,51.0,59.0,6.629105223694521e-08,1.257024548950015e-06,1.4542032902432222e-06
200,"(1.0, 1.0, 2.0, 6.0, 13.0, 14.0)",81143999.99999997,45,-16.438868141204853,50.0,60.0,7.255883106307598e-08,6.161885043872623e-07,7.39425825576442e-07
201,"(1.0, 1.0, 2.0, 6.0, 14.0, 14.0)",40571999.99999999,3,-16.34852537482859,3.0,3.0,7.941922457984218e-08,7.394262052647148e-08,7.394261505896034e-08
202,"(1.0, 1.0, 2.0, 7.0, 7.0, 9.0)",65204999.99999996,3,-16.546711101805208,3.0,3.0,6.514103803326422e-08,4.60087416609156e-08,4.600873954411129e-08
203,"(1.0, 1.0, 2.0, 7.0, 7.0, 12.0)",54772199.99999997,2,-16.294005049064502,2.0,2.0,8.38693967156641e-08,3.651487433406e-08,3.651487300072395e-08
204,"(1.0, 1.0, 2.0, 7.0, 7.0, 13.0)",54772199.99999997,43,-16.171177929269145,47.0,55.0,9.483019845868961e-08,8.5809954685041e-07,1.0041583078518177e-06
205,"(1.0, 1.0, 2.0, 7.0, 8.0, 8.0)",57959999.99999997,1,-15.790172978606968,1.0,1.0,1.388081631050582e-07,1.725327812284335e-08,1.7253277825167746e-08
206,"(1.0, 1.0, 2.0, 7.0, 8.0, 9.0)",115919999.99999994,7,-16.425598399091466,7.0,7.0,7.352808468953566e-08,6.038647342995172e-08,6.038646978342554e-08
207,"(1.0, 1.0, 2.0, 7.0, 8.0, 11.0)",115919999.99999994,1,-16.054823869367276,1.0,1.0,1.0653163332579679e-07,8.626639061421675e-09,8.626638987002773e-09
208,"(1.0, 1.0, 2.0, 7.0, 8.0, 12.0)",101429999.99999996,2,-16.172892346350757,2.0,2.0,9.466775923068016e-08,1.9718032140392398e-08,1.9718031751591606e-08
209,"(1.0, 1.0, 2.0, 7.0, 8.0, 13.0)",101429999.99999996,112,-16.0500652265554,121.0,141.0,1.0703978741995844e-07,1.19294094449374e-06,1.390119842789567e-06
210,"(1.0, 1.0, 2.0, 7.0, 8.0, 14.0)",101429999.99999996,4,-15.95972246017914,4.0,4.0,1.1716033446975202e-07,3.9436064280784795e-08,3.943606272558163e-08
211,"(1.0, 1.0, 2.0, 7.0, 9.0, 9.0)",57959999.99999997,3,-17.061023819575965,3.0,3.0,3.894856842115015e-08,5.175983436853005e-08,5.175983168944959e-08
212,"(1.0, 1.0, 2.0, 7.0, 9.0, 11.0)",115919999.99999994,6,-16.690249289851774,6.0,6.0,5.643088116773953e-08,5.175983436853005e-08,5.175983168944959e-08
213,"(1.0, 1.0, 2.0, 7.0, 9.0, 12.0)",101429999.99999996,17,-16.80831776683526,19.0,23.0,5.014646734294509e-08,1.8732130533372779e-07,2.2675733452524112e-07
214,"(1.0, 1.0, 2.0, 7.0, 9.0, 13.0)",101429999.99999996,587,-16.6854906470399,657.0,819.0,5.6700055519125284e-08,6.477373558118902e-06,8.074492205122476e-06
215,"(1.0, 1.0, 2.0, 7.0, 9.0, 14.0)",101429999.99999996,13,-16.59514788066364,13.0,13.0,6.206101141635476e-08,1.2816720891255057e-07,1.2816719248571714e-07
216,"(1.0, 1.0, 2.0, 7.0, 11.0, 12.0)",101429999.99999996,1,-16.437543237111065,1.0,1.0,7.265502826735504e-08,9.859016070196199e-09,9.859015972996002e-09
217,"(1.0, 1.0, 2.0, 7.0, 11.0, 13.0)",101429999.99999996,87,-16.31471611731571,97.0,119.0,8.21502361937003e-08,9.563245588090312e-07,1.1732219977966858e-06
218,"(1.0, 1.0, 2.0, 7.0, 11.0, 14.0)",101429999.99999996,3,-16.224373350939448,3.0,3.0,8.991749125455081e-08,2.9577048210588596e-08,2.9577047335786815e-08
219,"(1.0, 1.0, 2.0, 7.0, 12.0, 12.0)",40571999.99999999,1,-16.55561171409455,2.0,4.0,6.456381553709515e-08,4.9295080350980984e-08,9.859015827195702e-08
220,"(1.0, 1.0, 2.0, 7.0, 12.0, 13.0)",81143999.99999997,52,-16.432784594299193,57.0,69.0,7.300159152676315e-08,7.024548950014791e-07,8.503396426115426e-07
221,"(1.0, 1.0, 2.0, 7.0, 12.0, 14.0)",81143999.99999997,2,-16.34244182792293,3.0,5.0,7.990384777712161e-08,3.6971310263235745e-08,6.161884907184846e-08
222,"(1.0, 1.0, 2.0, 7.0, 13.0, 13.0)",40571999.99999999,51,-16.309957474503832,57.0,71.0,8.254209143476791e-08,1.4049097900029579e-06,1.7499733786883068e-06
223,"(1.0, 1.0, 2.0, 7.0, 13.0, 14.0)",81143999.99999997,66,-16.219614708127573,70.0,78.0,9.034639617125295e-08,8.626639061421673e-07,9.612533226551144e-07
224,"(1.0, 1.0, 2.0, 7.0, 14.0, 14.0)",40571999.99999999,1,-16.12927194175131,1.0,1.0,9.888859319228332e-08,2.4647540175490492e-08,2.4647539567989254e-08
225,"(1.0, 1.0, 2.0, 8.0, 8.0, 9.0)",47609999.99999999,8,-16.304485696377725,11.0,17.0,8.299498137181612e-08,2.3104389834068477e-07,3.570677895088662e-07
226,"(1.0, 1.0, 2.0, 8.0, 8.0, 12.0)",43469999.99999999,1,-16.051779643637015,1.0,1.0,1.0685643379719443e-07,2.300437083045779e-08,2.3004370301256712e-08
227,"(1.0, 1.0, 2.0, 8.0, 8.0, 13.0)",43469999.99999999,62,-15.92895252384166,70.0,88.0,1.2082138682754112e-07,1.6103059581320453e-06,2.024382039995007e-06
228,"(1.0, 1.0, 2.0, 8.0, 9.0, 9.0)",47609999.99999999,5,-16.93991111686222,5.0,5.0,4.396327912281823e-08,1.0501995379122034e-07,1.0501994276202966e-07
229,"(1.0, 1.0, 2.0, 8.0, 9.0, 11.0)",95219999.99999996,4,-16.569136587138033,4.0,4.0,6.369647667401097e-08,4.200798151648815e-08,4.200797975181764e-08
230,"(1.0, 1.0, 2.0, 8.0, 9.0, 12.0)",86939999.99999997,20,-16.687205064121514,22.0,26.0,5.660293125495271e-08,2.5304807913503577e-07,2.99056756762621e-07
231,"(1.0, 1.0, 2.0, 8.0, 9.0, 13.0)",86939999.99999997,630,-16.564377944326157,687.0,817.0,6.400030779341738e-08,7.902001380262253e-06,9.397223042616194e-06
232,"(1.0, 1.0, 2.0, 8.0, 9.0, 14.0)",86939999.99999997,15,-16.474035177949894,16.0,18.0,7.005149812027528e-08,1.8403496664366235e-07,2.0703930360525122e-07
233,"(1.0, 1.0, 2.0, 8.0, 11.0, 12.0)",86939999.99999997,2,-16.316430534397323,2.0,2.0,8.20095170855998e-08,2.3004370830457794e-08,2.3004370301256715e-08
234,"(1.0, 1.0, 2.0, 8.0, 11.0, 13.0)",86939999.99999997,146,-16.193603414601967,163.0,203.0,9.272725314925555e-08,1.8748562226823103e-06,2.33494012420561e-06
235,"(1.0, 1.0, 2.0, 8.0, 11.0, 14.0)",86939999.99999997,2,-16.103260648225703,2.0,2.0,1.0149455875509813e-07,2.3004370830457794e-08,2.3004370301256715e-08
236,"(1.0, 1.0, 2.0, 8.0, 12.0, 12.0)",36224999.99999999,4,-16.434499011380808,4.0,4.0,7.287654357406632e-08,1.104209799861974e-07,1.1042096779340458e-07
237,"(1.0, 1.0, 2.0, 8.0, 12.0, 13.0)",72449999.99999997,52,-16.311671891585448,56.0,66.0,8.240070109889491e-08,7.72946859903382e-07,9.109724874392805e-07
238,"(1.0, 1.0, 2.0, 8.0, 12.0, 14.0)",72449999.99999997,2,-16.221329125209188,2.0,2.0,9.019163746478543e-08,2.7605244996549357e-08,2.7605244234499804e-08
239,"(1.0, 1.0, 2.0, 8.0, 13.0, 13.0)",36224999.99999999,65,-16.18884477179009,70.0,80.0,9.316956058280495e-08,1.9323671497584545e-06,2.2084158656811464e-06
240,"(1.0, 1.0, 2.0, 8.0, 13.0, 14.0)",72449999.99999997,82,-16.098502005413827,87.0,99.0,1.0197868608851473e-07,1.200828157349897e-06,1.3664581853409297e-06
241,"(1.0, 1.0, 2.0, 8.0, 14.0, 14.0)",36224999.99999999,1,-16.008159239037568,1.0,1.0,1.1162070907372205e-07,2.760524499654935e-08,2.7605244234499797e-08
242,"(1.0, 1.0, 2.0, 9.0, 9.0, 9.0)",15869999.999999994,2,-17.575336537346722,2.0,2.0,2.3287792578349216e-08,1.2602394454946445e-07,1.2602392866742985e-07
243,"(1.0, 1.0, 2.0, 9.0, 9.0, 11.0)",47609999.99999999,3,-17.20456200762253,3.0,3.0,3.3740666446014255e-08,6.301197227473221e-08,6.301196830422357e-08
244,"(1.0, 1.0, 2.0, 9.0, 9.0, 12.0)",43469999.99999999,17,-17.322630484606012,19.0,23.0,2.998314385761414e-08,4.37083045778698e-07,5.291003380589403e-07
245,"(1.0, 1.0, 2.0, 9.0, 9.0, 13.0)",43469999.99999999,407,-17.199803364810656,436.0,494.0,3.390160885587904e-08,1.0029905682079597e-05,1.1364058591238157e-05
246,"(1.0, 1.0, 2.0, 9.0, 9.0, 14.0)",43469999.99999999,10,-17.109460598434392,10.0,10.0,3.7106985433688474e-08,2.300437083045779e-07,2.3004365538447017e-07
247,"(1.0, 1.0, 2.0, 9.0, 11.0, 11.0)",47609999.99999999,4,-16.83378747789834,4.0,4.0,4.8885379255722114e-08,8.401596303297628e-08,8.401595597429423e-08
248,"(1.0, 1.0, 2.0, 9.0, 11.0, 12.0)",86939999.99999997,19,-16.95185595488182,23.0,33.0,4.344126874623392e-08,2.6455026455026466e-07,3.795720487157111e-07
249,"(1.0, 1.0, 2.0, 9.0, 11.0, 13.0)",86939999.99999997,606,-16.829028835086465,670.0,814.0,4.911856169025281e-08,7.70646422820336e-06,9.362719538405422e-06
250,"(1.0, 1.0, 2.0, 9.0, 11.0, 14.0)",86939999.99999997,21,-16.7386860687102,22.0,24.0,5.376269193926078e-08,2.5304807913503577e-07,2.760523859321632e-07
251,"(1.0, 1.0, 2.0, 9.0, 12.0, 12.0)",36224999.99999999,9,-17.069924431865303,9.0,9.0,3.860344051768047e-08,2.484472049689442e-07,2.484471432429305e-07
252,"(1.0, 1.0, 2.0, 9.0, 12.0, 13.0)",72449999.99999997,347,-16.947097312069946,370.0,418.0,4.364848286545676e-08,5.1069703243616305e-06,5.769470123132921e-06
253,"(1.0, 1.0, 2.0, 9.0, 12.0, 14.0)",72449999.99999997,22,-16.856754545693683,23.0,25.0,4.777542047566369e-08,3.174603174603176e-07,3.450654616758138e-07
254,"(1.0, 1.0, 2.0, 9.0, 13.0, 13.0)",36224999.99999999,331,-16.82427019227459,357.0,411.0,4.9352856401063264e-08,9.855072463768118e-06,1.1345658571128516e-05
255,"(1.0, 1.0, 2.0, 9.0, 13.0, 14.0)",72449999.99999997,348,-16.733927425898326,377.0,439.0,5.401913907302937e-08,5.203588681849553e-06,6.0593241994074135e-06
256,"(1.0, 1.0, 2.0, 9.0, 14.0, 14.0)",36224999.99999999,13,-16.643584659522062,14.0,16.0,5.912661594453166e-08,3.864734299516909e-07,4.4168377058307756e-07
257,"(1.0, 1.0, 2.0, 11.0, 11.0, 13.0)",43469999.99999999,73,-16.458254305362274,85.0,111.0,7.116574062238892e-08,1.9553715205889123e-06,2.5534813387030315e-06
258,"(1.0, 1.0, 2.0, 11.0, 11.0, 14.0)",43469999.99999999,3,-16.367911538986014,3.0,3.0,7.789441828200094e-08,6.901311249137337e-08,6.901310772856368e-08
259,"(1.0, 1.0, 2.0, 11.0, 12.0, 12.0)",36224999.99999999,1,-16.699149902141116,1.0,1.0,5.5930840408916665e-08,2.760524499654935e-08,2.7605244234499797e-08
260,"(1.0, 1.0, 2.0, 11.0, 12.0, 13.0)",72449999.99999997,66,-16.576322782345756,69.0,75.0,6.324038211363787e-08,9.523809523809528e-07,1.0351957803411224e-06
261,"(1.0, 1.0, 2.0, 11.0, 12.0, 14.0)",72449999.99999997,3,-16.485980015969496,5.0,9.0,6.921972192787838e-08,6.901311249137339e-08,1.242235977216624e-07
262,"(1.0, 1.0, 2.0, 11.0, 13.0, 13.0)",36224999.99999999,55,-16.4534956625504,63.0,93.0,7.15052000048497e-08,1.739130434782609e-06,2.5672847601044207e-06
263,"(1.0, 1.0, 2.0, 11.0, 13.0, 14.0)",72449999.99999997,68,-16.363152896174135,74.0,86.0,7.826597334340994e-08,1.0213940648723261e-06,1.1870244916057866e-06
264,"(1.0, 1.0, 2.0, 11.0, 14.0, 14.0)",36224999.99999999,2,-16.272810129797875,2.0,2.0,8.566597370507152e-08,5.52104899930987e-08,5.5210486944900496e-08
265,"(1.0, 1.0, 2.0, 12.0, 12.0, 13.0)",27531000.0,16,-16.69439125932924,17.0,19.0,5.619762957431671e-08,6.174857433438669e-07,6.901307436250904e-07
266,"(1.0, 1.0, 2.0, 12.0, 12.0, 14.0)",27531000.0,2,-16.604048492952977,2.0,2.0,6.151108140286284e-08,7.26453815698667e-08,7.264537629251523e-08
267,"(1.0, 1.0, 2.0, 12.0, 13.0, 13.0)",27531000.0,37,-16.571564139533884,40.0,46.0,6.354203766968375e-08,1.452907631397334e-06,1.6708416651663486e-06
268,"(1.0, 1.0, 2.0, 12.0, 13.0, 14.0)",55061999.99999999,35,-16.48122137315762,36.0,38.0,6.954989883398861e-08,6.538084341288003e-07,6.901306974482652e-07
269,"(1.0, 1.0, 2.0, 13.0, 13.0, 13.0)",9176999.999999998,19,-16.448737019738523,21.0,27.0,7.184627860283937e-08,2.2883295194508013e-06,2.9421327171276125e-06
270,"(1.0, 1.0, 2.0, 13.0, 13.0, 14.0)",27531000.0,40,-16.358394253362263,43.0,49.0,7.863930071619453e-08,1.561875703752134e-06,1.77980940900602e-06
271,"(1.0, 1.0, 2.0, 13.0, 14.0, 14.0)",27531000.0,27,-16.268051486986,30.0,38.0,8.607459895477034e-08,1.0896807235480004e-06,1.3802610624233879e-06
272,"(1.0, 1.0, 3.0, 3.0, 3.0, 13.0)",11157299.999999998,2,-15.948952713835634,2.0,2.0,1.1842894057465092e-07,1.7925483763993084e-07,1.7925480550763403e-07
273,"(1.0, 1.0, 3.0, 3.0, 6.0, 13.0)",44629199.99999999,1,-16.170880298495902,1.0,1.0,9.485842704462322e-08,2.2406854704991355e-08,2.2406854202924216e-08
274,"(1.0, 1.0, 3.0, 3.0, 7.0, 13.0)",44629199.99999999,1,-15.951626865418618,1.0,1.0,1.1811266670635009e-07,2.2406854704991355e-08,2.2406854202924216e-08
275,"(1.0, 1.0, 3.0, 3.0, 8.0, 13.0)",39847499.99999999,1,-15.830514162704876,1.0,1.0,1.3331992278134447e-07,2.509567726959032e-08,2.5095676639797302e-08
276,"(1.0, 1.0, 3.0, 3.0, 9.0, 13.0)",39847499.99999999,12,-16.465939583189375,12.0,12.0,7.062090840903748e-08,3.0114812723508383e-07,3.011480365448893e-07
277,"(1.0, 1.0, 3.0, 3.0, 11.0, 13.0)",39847499.99999999,3,-16.095165053465184,3.0,3.0,1.0231955247485136e-07,7.528703180877096e-08,7.52870261406338e-08
278,"(1.0, 1.0, 3.0, 3.0, 11.0, 14.0)",39847499.99999999,1,-16.00482228708892,1.0,1.0,1.1199380417037105e-07,2.509567726959032e-08,2.5095676639797302e-08
279,"(1.0, 1.0, 3.0, 3.0, 12.0, 13.0)",31878000.0,3,-16.213233530448665,3.0,3.0,9.092475592350283e-08,9.410878976096367e-08,9.410878090449936e-08
280,"(1.0, 1.0, 3.0, 3.0, 13.0, 13.0)",15938999.999999996,3,-16.09040641065331,4.0,6.0,1.0280761501439654e-07,2.5095677269590317e-07,3.76435096064553e-07
281,"(1.0, 1.0, 3.0, 4.0, 4.0, 13.0)",54772199.99999997,1,-16.426168341360295,1.0,1.0,7.348618986607452e-08,1.825743716703e-08,1.825743683369599e-08
282,"(1.0, 1.0, 3.0, 4.0, 6.0, 13.0)",109544399.99999994,3,-16.40948811225823,3.0,3.0,7.472223646042388e-08,2.7386155750545e-08,2.7386155000543472e-08
283,"(1.0, 1.0, 3.0, 4.0, 7.0, 13.0)",109544399.99999994,3,-16.190234679180946,4.0,6.0,9.304015347472896e-08,3.651487433406e-08,5.477231016775395e-08
284,"(1.0, 1.0, 3.0, 4.0, 8.0, 13.0)",101429999.99999996,7,-16.069121976467205,8.0,10.0,1.0501927035187686e-07,7.887212856156959e-08,9.859015448114931e-08
285,"(1.0, 1.0, 3.0, 4.0, 9.0, 11.0)",115919999.99999994,1,-16.70930603976358,1.0,1.0,5.5365673908695205e-08,8.626639061421675e-09,8.626638987002773e-09
286,"(1.0, 1.0, 3.0, 4.0, 9.0, 12.0)",101429999.99999996,1,-16.82737451674706,1.0,1.0,4.919988667782407e-08,9.859016070196199e-09,9.859015972996002e-09
287,"(1.0, 1.0, 3.0, 4.0, 9.0, 13.0)",101429999.99999996,19,-16.704547396951703,23.0,33.0,5.5629767239421503e-08,2.2675736961451257e-07,3.253474788975699e-07
288,"(1.0, 1.0, 3.0, 4.0, 12.0, 13.0)",81143999.99999997,2,-16.451841344210994,2.0,2.0,7.16235902691727e-08,2.4647540175490495e-08,2.4647539567989257e-08
289,"(1.0, 1.0, 3.0, 4.0, 13.0, 13.0)",40571999.99999999,3,-16.329014224415637,3.0,3.0,8.098400066684845e-08,7.394262052647148e-08,7.394261505896034e-08
290,"(1.0, 1.0, 3.0, 4.0, 13.0, 14.0)",81143999.99999997,1,-16.238671458039377,1.0,1.0,8.86409888652063e-08,1.2323770087745248e-08,1.2323769935869939e-08
291,"(1.0, 1.0, 3.0, 6.0, 6.0, 9.0)",65204999.99999996,1,-16.768341055692233,1.0,1.0,5.2191767997450153e-08,1.53362472203052e-08,1.5336246985104722e-08
292,"(1.0, 1.0, 3.0, 6.0, 6.0, 13.0)",54772199.99999997,1,-16.392807883156166,1.0,1.0,7.597907350786637e-08,1.825743716703e-08,1.825743683369599e-08
293,"(1.0, 1.0, 3.0, 6.0, 7.0, 13.0)",109544399.99999994,5,-16.173554450078885,5.0,5.0,9.460510010007098e-08,4.5643592917575e-08,4.5643590834237426e-08
294,"(1.0, 1.0, 3.0, 6.0, 8.0, 13.0)",101429999.99999996,6,-16.05244174736514,8.0,12.0,1.0678570717076846e-07,7.887212856156959e-08,1.1830818662154172e-07
295,"(1.0, 1.0, 3.0, 6.0, 9.0, 12.0)",101429999.99999996,2,-16.810694287645,2.0,2.0,5.0027434717548484e-08,1.9718032140392398e-08,1.9718031751591606e-08
296,"(1.0, 1.0, 3.0, 6.0, 9.0, 13.0)",101429999.99999996,23,-16.68786716784964,25.0,31.0,5.6565466647242876e-08,2.4647540175490495e-07,3.056294374259585e-07
297,"(1.0, 1.0, 3.0, 6.0, 11.0, 13.0)",101429999.99999996,4,-16.31709263812545,4.0,4.0,8.195523625035008e-08,3.9436064280784795e-08,3.943606272558163e-08
298,"(1.0, 1.0, 3.0, 6.0, 12.0, 13.0)",81143999.99999997,2,-16.435161115108933,2.0,2.0,7.282830771320686e-08,2.4647540175490495e-08,2.4647539567989257e-08
299,"(1.0, 1.0, 3.0, 6.0, 13.0, 13.0)",40571999.99999999,1,-16.312333995313573,1.0,1.0,8.234616134497686e-08,2.4647540175490492e-08,2.4647539567989254e-08
300,"(1.0, 1.0, 3.0, 6.0, 13.0, 14.0)",81143999.99999997,2,-16.221991228937313,2.0,2.0,9.013194101017768e-08,2.4647540175490495e-08,2.4647539567989257e-08
301,"(1.0, 1.0, 3.0, 7.0, 7.0, 13.0)",54772199.99999997,3,-15.954301017001605,3.0,3.0,1.1779723747247084e-07,5.477231150109e-08,5.4772308501083894e-08
302,"(1.0, 1.0, 3.0, 7.0, 8.0, 13.0)",101429999.99999996,6,-15.83318831428786,6.0,6.0,1.329638813653272e-07,5.915409642117719e-08,5.915409292197007e-08
303,"(1.0, 1.0, 3.0, 7.0, 9.0, 13.0)",101429999.99999996,36,-16.468613734772358,39.0,45.0,7.04323096782115e-08,3.845016267376518e-07,4.4365557531732796e-07
304,"(1.0, 1.0, 3.0, 7.0, 11.0, 13.0)",101429999.99999996,5,-16.097839205048167,7.0,13.0,1.0204630000373235e-07,6.901311249137339e-08,1.2816720414974088e-07
305,"(1.0, 1.0, 3.0, 7.0, 12.0, 13.0)",81143999.99999997,1,-16.21590768203165,1.0,1.0,9.068193415932342e-08,1.2323770087745248e-08,1.2323769935869939e-08
306,"(1.0, 1.0, 3.0, 7.0, 13.0, 13.0)",40571999.99999999,1,-16.093080562236292,1.0,1.0,1.0253305913359906e-07,2.4647540175490492e-08,2.4647539567989254e-08
307,"(1.0, 1.0, 3.0, 7.0, 13.0, 14.0)",81143999.99999997,7,-16.00273779586003,8.0,10.0,1.1222749775434891e-07,9.859016070196198e-08,1.232376911574327e-07
308,"(1.0, 1.0, 3.0, 8.0, 8.0, 13.0)",43469999.99999999,5,-15.712075611574116,5.0,5.0,1.500832627918328e-07,1.1502185415228895e-07,1.1502184092226202e-07
309,"(1.0, 1.0, 3.0, 8.0, 9.0, 12.0)",86939999.99999997,1,-16.47032815185397,1.0,1.0,7.03116627725105e-08,1.1502185415228897e-08,1.1502185282928627e-08
310,"(1.0, 1.0, 3.0, 8.0, 9.0, 13.0)",86939999.99999997,32,-16.347501032058616,40.0,56.0,7.950061876899492e-08,4.600874166091559e-07,6.441221715723873e-07
311,"(1.0, 1.0, 3.0, 8.0, 9.0, 14.0)",86939999.99999997,1,-16.257158265682353,2.0,4.0,8.701735410762778e-08,2.3004370830457794e-08,4.600874113171451e-08
312,"(1.0, 1.0, 3.0, 8.0, 11.0, 12.0)",86939999.99999997,1,-16.099553622129783,1.0,1.0,1.0187149996678965e-07,1.1502185415228897e-08,1.1502185282928627e-08
313,"(1.0, 1.0, 3.0, 8.0, 11.0, 13.0)",86939999.99999997,3,-15.976726502334426,3.0,3.0,1.151849773271445e-07,3.4506556245686694e-08,3.450655505498427e-08
314,"(1.0, 1.0, 3.0, 8.0, 12.0, 13.0)",72449999.99999997,5,-16.094794979317907,6.0,8.0,1.0235742530342839e-07,8.281573498964806e-08,1.1042097312775147e-07
315,"(1.0, 1.0, 3.0, 8.0, 13.0, 14.0)",72449999.99999997,3,-15.881625093146289,3.0,3.0,1.266770258583017e-07,4.140786749482403e-08,4.140786578021254e-08
316,"(1.0, 1.0, 3.0, 9.0, 9.0, 13.0)",43469999.99999999,22,-16.98292645254311,24.0,28.0,4.2112279991004044e-08,5.52104899930987e-07,6.441220784329976e-07
317,"(1.0, 1.0, 3.0, 9.0, 9.0, 14.0)",43469999.99999999,1,-16.89258368616685,1.0,1.0,4.609397055014998e-08,2.300437083045779e-08,2.3004370301256712e-08
318,"(1.0, 1.0, 3.0, 9.0, 11.0, 12.0)",86939999.99999997,1,-16.73497904261428,1.0,1.0,5.396236150275218e-08,1.1502185415228897e-08,1.1502185282928627e-08
319,"(1.0, 1.0, 3.0, 9.0, 11.0, 13.0)",86939999.99999997,24,-16.612151922818924,25.0,27.0,6.101464480487677e-08,2.8755463538072245e-07,3.105589235235119e-07
320,"(1.0, 1.0, 3.0, 9.0, 11.0, 14.0)",86939999.99999997,2,-16.52180915644266,2.0,2.0,6.67835425050518e-08,2.3004370830457794e-08,2.3004370301256715e-08
321,"(1.0, 1.0, 3.0, 9.0, 12.0, 13.0)",72449999.99999997,10,-16.730220399802405,10.0,10.0,5.4219761056970925e-08,1.3802622498274678e-07,1.38026205931508e-07
322,"(1.0, 1.0, 3.0, 9.0, 12.0, 14.0)",72449999.99999997,2,-16.639877633426142,4.0,8.0,5.9346206615506735e-08,5.521048999309871e-08,1.1042097693799922e-07
323,"(1.0, 1.0, 3.0, 9.0, 13.0, 13.0)",36224999.99999999,14,-16.60739328000705,15.0,17.0,6.130568363150018e-08,4.140786749482403e-07,4.6928899348018995e-07
324,"(1.0, 1.0, 3.0, 9.0, 13.0, 14.0)",72449999.99999997,20,-16.517050513630785,20.0,20.0,6.710209887640467e-08,2.7605244996549355e-07,2.760523737605384e-07
325,"(1.0, 1.0, 3.0, 11.0, 11.0, 13.0)",43469999.99999999,2,-16.241377393094734,2.0,2.0,8.840145633199018e-08,4.600874166091558e-08,4.600873954411127e-08
326,"(1.0, 1.0, 3.0, 11.0, 13.0, 13.0)",36224999.99999999,3,-16.236618750282858,4.0,6.0,8.882312978768172e-08,1.104209799861974e-07,1.6563145778650328e-07
327,"(1.0, 1.0, 3.0, 11.0, 13.0, 14.0)",72449999.99999997,2,-16.146275983906595,2.0,2.0,9.722130289502645e-08,2.7605244996549357e-08,2.7605244234499804e-08
328,"(1.0, 1.0, 3.0, 12.0, 12.0, 13.0)",27531000.0,1,-16.477514347061696,1.0,1.0,6.980820059381783e-08,3.632269078493335e-08,3.6322689465595486e-08
329,"(1.0, 1.0, 3.0, 12.0, 13.0, 13.0)",27531000.0,2,-16.35468722726634,2.0,2.0,7.893135965671458e-08,7.26453815698667e-08,7.264537629251523e-08
330,"(1.0, 1.0, 3.0, 12.0, 13.0, 14.0)",55061999.99999999,2,-16.264344460890076,2.0,2.0,8.639427189117073e-08,3.632269078493335e-08,3.6322689465595486e-08
331,"(1.0, 1.0, 3.0, 13.0, 13.0, 13.0)",9176999.999999998,1,-16.231860107470983,1.0,1.0,8.924681461864481e-08,1.0896807235480006e-07,1.0896806048075927e-07
332,"(1.0, 1.0, 3.0, 13.0, 13.0, 14.0)",27531000.0,1,-16.14151734109472,1.0,1.0,9.768504687006484e-08,3.632269078493335e-08,3.6322689465595486e-08
333,"(1.0, 1.0, 3.0, 13.0, 14.0, 14.0)",27531000.0,1,-16.05117457471846,1.0,1.0,1.0692110886849744e-07,3.632269078493335e-08,3.6322689465595486e-08
334,"(1.0, 1.0, 4.0, 4.0, 6.0, 13.0)",61916399.99999999,1,-16.64809592602056,2.0,4.0,5.8860480777537626e-08,3.230161960320691e-08,6.46032381630192e-08
335,"(1.0, 1.0, 4.0, 4.0, 7.0, 13.0)",61916399.99999999,1,-16.428842492943275,1.0,1.0,7.328993917411675e-08,1.6150809801603456e-08,1.61508095407548e-08
336,"(1.0, 1.0, 4.0, 4.0, 9.0, 13.0)",59534999.99999995,8,-16.943155210714032,8.0,8.0,4.3820889207312776e-08,1.3437473754934085e-07,1.3437471949277076e-07
337,"(1.0, 1.0, 4.0, 4.0, 9.0, 14.0)",59534999.99999995,1,-16.85281244433777,1.0,1.0,4.796412773268867e-08,1.6796842193667606e-08,1.67968419115337e-08
338,"(1.0, 1.0, 4.0, 4.0, 11.0, 13.0)",59534999.99999995,2,-16.57238068098984,2.0,2.0,6.349017413897348e-08,3.359368438733521e-08,3.359368325879958e-08
339,"(1.0, 1.0, 4.0, 4.0, 13.0, 14.0)",47627999.99999997,1,-16.477279271801706,1.0,1.0,6.982461270368678e-08,2.09960527420845e-08,2.099605230125027e-08
340,"(1.0, 1.0, 4.0, 6.0, 6.0, 13.0)",61916399.99999999,1,-16.631415696918495,1.0,1.0,5.985052117750166e-08,1.6150809801603456e-08,1.61508095407548e-08
341,"(1.0, 1.0, 4.0, 6.0, 8.0, 13.0)",119069999.9999999,3,-16.29104956112747,3.0,3.0,8.411763836284301e-08,2.5195263290501407e-08,2.5195262655700115e-08
342,"(1.0, 1.0, 4.0, 6.0, 9.0, 11.0)",136079999.99999988,1,-16.931233624423843,1.0,1.0,4.434643013574779e-08,7.348618459729577e-09,7.348618405727384e-09
343,"(1.0, 1.0, 4.0, 6.0, 9.0, 12.0)",119069999.9999999,2,-17.049302101407328,2.0,2.0,3.940779878960647e-08,1.6796842193667606e-08,1.67968419115337e-08
344,"(1.0, 1.0, 4.0, 6.0, 9.0, 13.0)",119069999.9999999,13,-16.926474981611968,14.0,16.0,4.455796185953182e-08,1.1757789535567324e-07,1.3437472372477937e-07
345,"(1.0, 1.0, 4.0, 6.0, 11.0, 13.0)",119069999.9999999,1,-16.55570045188778,2.0,4.0,6.455808654077483e-08,1.6796842193667606e-08,3.35936841052013e-08
346,"(1.0, 1.0, 4.0, 6.0, 12.0, 13.0)",95255999.99999994,5,-16.67376892887126,5.0,5.0,5.7368588110772544e-08,5.2490131855211256e-08,5.2490129099997315e-08
347,"(1.0, 1.0, 4.0, 6.0, 13.0, 14.0)",95255999.99999994,2,-16.46059904269964,2.0,2.0,7.09990711276634e-08,2.09960527420845e-08,2.099605230125027e-08
348,"(1.0, 1.0, 4.0, 6.0, 14.0, 14.0)",47627999.99999997,1,-16.370256276323378,2.0,4.0,7.77119902875272e-08,4.1992105484169e-08,8.398420920500108e-08
349,"(1.0, 1.0, 4.0, 7.0, 8.0, 9.0)",136079999.99999988,1,-16.447329300586254,1.0,1.0,7.194748920658661e-08,7.348618459729577e-09,7.348618405727384e-09
350,"(1.0, 1.0, 4.0, 7.0, 8.0, 13.0)",119069999.9999999,3,-16.071796128050188,4.0,6.0,1.0473880807028293e-07,3.359368438733521e-08,5.039052545246718e-08
351,"(1.0, 1.0, 4.0, 7.0, 9.0, 13.0)",119069999.9999999,26,-16.707221548534687,32.0,46.0,5.548120353875751e-08,2.687494750986817e-07,3.8632729822807456e-07
352,"(1.0, 1.0, 4.0, 7.0, 11.0, 13.0)",119069999.9999999,6,-16.336447018810496,8.0,12.0,8.03842947469837e-08,6.718736877467042e-08,1.007810486478631e-07
353,"(1.0, 1.0, 4.0, 7.0, 12.0, 13.0)",95255999.99999994,1,-16.454515495793977,1.0,1.0,7.143231379700207e-08,1.049802637104225e-08,1.0498026260833694e-08
354,"(1.0, 1.0, 4.0, 7.0, 13.0, 13.0)",47627999.99999997,2,-16.33168837599862,2.0,2.0,8.07677264771352e-08,4.1992105484169e-08,4.199210372083208e-08
355,"(1.0, 1.0, 4.0, 7.0, 13.0, 14.0)",95255999.99999994,4,-16.241345609622357,5.0,7.0,8.840426608188714e-08,5.2490131855211256e-08,7.348618184208181e-08
356,"(1.0, 1.0, 4.0, 8.0, 8.0, 13.0)",52919999.99999998,4,-15.950683425336443,5.0,7.0,1.1822415151168115e-07,9.448223733938024e-08,1.3227512334823915e-07
357,"(1.0, 1.0, 4.0, 8.0, 9.0, 13.0)",105839999.99999996,25,-16.586108845820945,25.0,25.0,6.262452603828591e-08,2.3620559334845058e-07,2.3620553755536825e-07
358,"(1.0, 1.0, 4.0, 8.0, 9.0, 14.0)",105839999.99999996,1,-16.49576607944468,2.0,4.0,6.85456370337226e-08,1.889644746787605e-08,3.779289457867637e-08
359,"(1.0, 1.0, 4.0, 8.0, 11.0, 13.0)",105839999.99999996,7,-16.215334316096754,9.0,15.0,9.073394299990462e-08,8.503401360544221e-08,1.4172334877828688e-07
360,"(1.0, 1.0, 4.0, 8.0, 12.0, 13.0)",88199999.99999997,3,-16.333402793080236,5.0,11.0,8.062937553671439e-08,5.6689342403628135e-08,1.2471655007430035e-07
361,"(1.0, 1.0, 4.0, 8.0, 13.0, 14.0)",88199999.99999997,3,-16.120232906908615,4.0,6.0,9.978650263549565e-08,4.535147392290251e-08,6.802720882759757e-08
362,"(1.0, 1.0, 4.0, 9.0, 9.0, 11.0)",57959999.99999998,1,-17.22629290911732,1.0,1.0,3.3015360663857106e-08,1.7253278122843347e-08,1.7253277825167743e-08
363,"(1.0, 1.0, 4.0, 9.0, 9.0, 13.0)",52919999.99999998,10,-17.22153426630544,11.0,13.0,3.3172843377374395e-08,2.078609221466365e-07,2.456537738762257e-07
364,"(1.0, 1.0, 4.0, 9.0, 9.0, 14.0)",52919999.99999998,1,-17.13119149992918,1.0,1.0,3.630931562071848e-08,1.889644746787605e-08,1.8896447110800323e-08
365,"(1.0, 1.0, 4.0, 9.0, 11.0, 13.0)",105839999.99999996,16,-16.850759736581253,17.0,19.0,4.8062685189941666e-08,1.606198034769464e-07,1.795162251461012e-07
366,"(1.0, 1.0, 4.0, 9.0, 12.0, 13.0)",88199999.99999997,12,-16.968828213564734,12.0,12.0,4.271019384098365e-08,1.3605442176870752e-07,1.3605440325790183e-07
367,"(1.0, 1.0, 4.0, 9.0, 12.0, 14.0)",88199999.99999997,1,-16.87848544718847,1.0,1.0,4.674841679239527e-08,1.1337868480725628e-08,1.1337868352178366e-08
368,"(1.0, 1.0, 4.0, 9.0, 13.0, 13.0)",44099999.99999999,9,-16.846001093769377,10.0,12.0,4.8291943387654454e-08,2.2675736961451252e-07,2.721087921185103e-07
369,"(1.0, 1.0, 4.0, 9.0, 13.0, 14.0)",88199999.99999997,12,-16.755658327393114,12.0,12.0,5.285791737696392e-08,1.3605442176870752e-07,1.3605440325790183e-07
370,"(1.0, 1.0, 4.0, 9.0, 14.0, 14.0)",44099999.99999999,1,-16.66531556101685,1.0,1.0,5.785560144063706e-08,2.2675736961451252e-08,2.2675736447262204e-08
371,"(1.0, 1.0, 4.0, 11.0, 12.0, 13.0)",88199999.99999997,1,-16.598053683840543,1.0,1.0,6.188093609065431e-08,1.1337868480725628e-08,1.1337868352178366e-08
372,"(1.0, 1.0, 4.0, 11.0, 13.0, 13.0)",44099999.99999999,2,-16.475226564045187,2.0,2.0,6.996808943529995e-08,4.5351473922902504e-08,4.535147186614632e-08
373,"(1.0, 1.0, 4.0, 11.0, 13.0, 14.0)",88199999.99999997,4,-16.384883797668923,4.0,4.0,7.658352990077787e-08,4.535147392290251e-08,4.5351471866146327e-08
374,"(1.0, 1.0, 4.0, 12.0, 13.0, 13.0)",33516000.0,1,-16.593295041028668,1.0,1.0,6.21761071120997e-08,2.983649600190953e-08,2.983649511169304e-08
375,"(1.0, 1.0, 4.0, 13.0, 13.0, 13.0)",11171999.999999998,1,-16.47046792123331,1.0,1.0,7.030183604179834e-08,8.950948800572862e-08,8.950947999378018e-08
376,"(1.0, 1.0, 4.0, 13.0, 13.0, 14.0)",33516000.0,1,-16.380125154857048,2.0,4.0,7.69488320467181e-08,5.967299200381906e-08,1.1934598044677216e-07
377,"(1.0, 1.0, 6.0, 6.0, 8.0, 13.0)",59534999.99999995,2,-16.274369332025408,2.0,2.0,8.553250720571769e-08,3.359368438733521e-08,3.359368325879958e-08
378,"(1.0, 1.0, 6.0, 6.0, 9.0, 11.0)",68039999.99999994,1,-16.914553395321782,1.0,1.0,4.509234244989454e-08,1.4697236919459155e-08,1.469723670345038e-08
379,"(1.0, 1.0, 6.0, 6.0, 9.0, 13.0)",59534999.99999995,9,-16.909794752509907,9.0,9.0,4.530743216283621e-08,1.5117157974300844e-07,1.511715568901619e-07
380,"(1.0, 1.0, 6.0, 6.0, 11.0, 13.0)",59534999.99999995,1,-16.539020222785716,1.0,1.0,6.564396135823187e-08,1.6796842193667606e-08,1.67968419115337e-08
381,"(1.0, 1.0, 6.0, 6.0, 13.0, 14.0)",47627999.99999997,2,-16.443918813597577,2.0,2.0,7.219328408426452e-08,4.1992105484169e-08,4.199210372083208e-08
382,"(1.0, 1.0, 6.0, 7.0, 7.0, 13.0)",61916399.99999999,1,-16.17622860166187,2.0,4.0,9.435244968519393e-08,3.230161960320691e-08,6.46032381630192e-08
383,"(1.0, 1.0, 6.0, 7.0, 8.0, 13.0)",119069999.9999999,1,-16.055115898948124,1.0,1.0,1.0650052747970427e-07,8.398421096833803e-09,8.398421026300325e-09
384,"(1.0, 1.0, 6.0, 7.0, 9.0, 13.0)",119069999.9999999,16,-16.690541319432622,18.0,22.0,5.6414404087179795e-08,1.5117157974300844e-07,1.8476524127749713e-07
385,"(1.0, 1.0, 6.0, 7.0, 11.0, 13.0)",119069999.9999999,5,-16.31976678970843,5.0,5.0,8.173636829906555e-08,4.1992105484169016e-08,4.199210372083209e-08
386,"(1.0, 1.0, 6.0, 7.0, 12.0, 13.0)",95255999.99999994,1,-16.437835266691916,1.0,1.0,7.263381394765858e-08,1.049802637104225e-08,1.0498026260833694e-08
387,"(1.0, 1.0, 6.0, 7.0, 13.0, 13.0)",47627999.99999997,1,-16.31500814689656,1.0,1.0,8.212624939725561e-08,2.09960527420845e-08,2.099605230125027e-08
388,"(1.0, 1.0, 6.0, 8.0, 8.0, 13.0)",52919999.99999998,6,-15.934003196234382,6.0,6.0,1.202126960274894e-07,1.1337868480725628e-07,1.1337867195253012e-07
389,"(1.0, 1.0, 6.0, 8.0, 9.0, 13.0)",105839999.99999996,30,-16.56942861671888,33.0,39.0,6.36778781344204e-08,3.1179138321995477e-07,3.6848062840971627e-07
390,"(1.0, 1.0, 6.0, 8.0, 11.0, 13.0)",105839999.99999996,8,-16.19865408699469,8.0,8.0,9.226009888635501e-08,7.55857898715042e-08,7.558578415829256e-08
391,"(1.0, 1.0, 6.0, 8.0, 12.0, 13.0)",88199999.99999997,3,-16.31672256397817,4.0,6.0,8.198557137729751e-08,4.535147392290251e-08,6.802720882759757e-08
392,"(1.0, 1.0, 6.0, 8.0, 13.0, 13.0)",44099999.99999999,6,-16.193895444182814,7.0,9.0,9.270017800194957e-08,1.5873015873015877e-07,2.0408160745779798e-07
393,"(1.0, 1.0, 6.0, 8.0, 13.0, 14.0)",88199999.99999997,2,-16.10355267780655,3.0,5.0,1.0146492366901802e-07,3.401360544217688e-08,5.668934124670278e-08
394,"(1.0, 1.0, 6.0, 9.0, 9.0, 13.0)",52919999.99999998,10,-17.20485403720338,11.0,13.0,3.3730814611918e-08,2.078609221466365e-07,2.456537738762257e-07
395,"(1.0, 1.0, 6.0, 9.0, 11.0, 13.0)",105839999.99999996,13,-16.83407950747919,14.0,16.0,4.887110536320934e-08,1.3227513227513233e-07,1.5117156224629778e-07
396,"(1.0, 1.0, 6.0, 9.0, 11.0, 14.0)",105839999.99999996,1,-16.74373674110293,1.0,1.0,5.3491838766418216e-08,9.448223733938024e-09,9.448223644669093e-09
397,"(1.0, 1.0, 6.0, 9.0, 12.0, 13.0)",88199999.99999997,11,-16.95214798446267,12.0,14.0,4.342858446291357e-08,1.3605442176870752e-07,1.587301402193531e-07
398,"(1.0, 1.0, 6.0, 9.0, 13.0, 13.0)",44099999.99999999,14,-16.829320864667313,15.0,17.0,4.9104219711513494e-08,3.401360544217688e-07,3.854874126521358e-07
399,"(1.0, 1.0, 6.0, 9.0, 13.0, 14.0)",88199999.99999997,10,-16.73897809829105,11.0,13.0,5.374699393512085e-08,1.247165532879819e-07,1.4739227469521448e-07
400,"(1.0, 1.0, 6.0, 11.0, 11.0, 13.0)",52919999.99999998,4,-16.463304977755,5.0,7.0,7.080721194850775e-08,9.448223733938024e-08,1.3227512334823915e-07
401,"(1.0, 1.0, 6.0, 11.0, 13.0, 13.0)",44099999.99999999,3,-16.458546334943122,4.0,6.0,7.114496115524144e-08,9.070294784580501e-08,1.3605441354168276e-07
402,"(1.0, 1.0, 6.0, 11.0, 13.0, 14.0)",88199999.99999997,3,-16.368203568566862,4.0,6.0,7.787167412882404e-08,4.535147392290251e-08,6.802720882759757e-08
403,"(1.0, 1.0, 6.0, 12.0, 12.0, 13.0)",33516000.0,1,-16.699441931721964,1.0,1.0,5.591450933373016e-08,2.983649600190953e-08,2.983649511169304e-08
404,"(1.0, 1.0, 6.0, 12.0, 13.0, 13.0)",33516000.0,1,-16.576614811926603,1.0,1.0,6.322191674770433e-08,2.983649600190953e-08,2.983649511169304e-08
405,"(1.0, 1.0, 6.0, 12.0, 13.0, 14.0)",67031999.99999999,1,-16.486272045550344,1.0,1.0,6.919951067278318e-08,1.491824800095477e-08,1.4918247778400645e-08
406,"(1.0, 1.0, 6.0, 13.0, 13.0, 13.0)",11171999.999999998,2,-16.45378769213125,3.0,5.0,7.148432141999415e-08,2.6852846401718585e-07,4.4754736792110713e-07
407,"(1.0, 1.0, 6.0, 13.0, 13.0, 14.0)",33516000.0,1,-16.363444925754987,1.0,1.0,7.824312070100573e-08,2.983649600190953e-08,2.983649511169304e-08
408,"(1.0, 1.0, 6.0, 13.0, 14.0, 14.0)",33516000.0,2,-16.273102159378723,2.0,2.0,8.564096035917373e-08,5.967299200381906e-08,5.967298844295309e-08
409,"(1.0, 1.0, 7.0, 7.0, 8.0, 9.0)",68039999.99999994,1,-16.21139563840691,1.0,1.0,9.109201946789926e-08,1.4697236919459155e-08,1.469723670345038e-08
410,"(1.0, 1.0, 7.0, 7.0, 8.0, 13.0)",59534999.99999995,2,-15.835862465870845,2.0,2.0,1.3260879078611847e-07,3.359368438733521e-08,3.359368325879958e-08
411,"(1.0, 1.0, 7.0, 7.0, 9.0, 11.0)",68039999.99999994,1,-16.476046529167217,1.0,1.0,6.991074155715099e-08,1.4697236919459155e-08,1.469723670345038e-08
412,"(1.0, 1.0, 7.0, 7.0, 9.0, 12.0)",59534999.99999995,2,-16.594115006150698,2.0,2.0,6.212514576896144e-08,3.359368438733521e-08,3.359368325879958e-08
413,"(1.0, 1.0, 7.0, 7.0, 9.0, 13.0)",59534999.99999995,11,-16.47128788635534,11.0,11.0,7.024421461523787e-08,1.8476526413034366e-07,1.8476522999214082e-07
414,"(1.0, 1.0, 7.0, 7.0, 11.0, 13.0)",59534999.99999995,3,-16.10051335663115,3.0,3.0,1.017737772749858e-07,5.0390526581002814e-08,5.0390524041797646e-08
415,"(1.0, 1.0, 7.0, 7.0, 13.0, 14.0)",47627999.99999997,4,-16.005411947443015,4.0,4.0,1.119277853304067e-07,8.3984210968338e-08,8.398420391499031e-08
416,"(1.0, 1.0, 7.0, 8.0, 8.0, 9.0)",57959999.99999998,1,-16.090282935693164,1.0,1.0,1.0282030996430107e-07,1.7253278122843347e-08,1.7253277825167743e-08
417,"(1.0, 1.0, 7.0, 8.0, 8.0, 13.0)",52919999.99999998,2,-15.7147497631571,2.0,2.0,1.496824535482471e-07,3.77928949357521e-08,3.779289350744919e-08
418,"(1.0, 1.0, 7.0, 8.0, 9.0, 11.0)",115919999.99999996,1,-16.354933826453475,1.0,1.0,7.891189764734016e-08,8.626639061421674e-09,8.626638987002772e-09
419,"(1.0, 1.0, 7.0, 8.0, 9.0, 12.0)",105839999.99999996,2,-16.473002303436957,2.0,2.0,7.01238899066565e-08,1.889644746787605e-08,1.8896447110800323e-08
420,"(1.0, 1.0, 7.0, 8.0, 9.0, 13.0)",105839999.99999996,28,-16.350175183641596,32.0,42.0,7.928830606816066e-08,3.023431594860168e-07,3.968253054140109e-07
421,"(1.0, 1.0, 7.0, 8.0, 9.0, 14.0)",105839999.99999996,1,-16.259832417265336,1.0,1.0,8.678496736956037e-08,9.448223733938024e-09,9.448223644669093e-09
422,"(1.0, 1.0, 7.0, 8.0, 11.0, 12.0)",105839999.99999996,1,-16.102227773712766,1.0,1.0,1.0159944405539023e-07,9.448223733938024e-09,9.448223644669093e-09
423,"(1.0, 1.0, 7.0, 8.0, 11.0, 13.0)",105839999.99999996,7,-15.97940065391741,7.0,7.0,1.1487736671969812e-07,6.613756613756616e-08,6.613756176338851e-08
424,"(1.0, 1.0, 7.0, 8.0, 11.0, 14.0)",105839999.99999996,1,-15.889057887541146,1.0,1.0,1.2573895214383323e-07,9.448223733938024e-09,9.448223644669093e-09
425,"(1.0, 1.0, 7.0, 8.0, 12.0, 12.0)",44099999.99999999,1,-16.220296250696247,1.0,1.0,9.028484223453262e-08,2.2675736961451252e-08,2.2675736447262204e-08
426,"(1.0, 1.0, 7.0, 8.0, 12.0, 13.0)",88199999.99999997,4,-16.09746913090089,4.0,4.0,1.0208407168992019e-07,4.535147392290251e-08,4.5351471866146327e-08
427,"(1.0, 1.0, 7.0, 8.0, 13.0, 13.0)",44099999.99999999,4,-15.974642011105534,4.0,4.0,1.1542532982138642e-07,9.070294784580501e-08,9.070293961878026e-08
428,"(1.0, 1.0, 7.0, 8.0, 13.0, 14.0)",88199999.99999997,4,-15.88429924472927,4.0,4.0,1.263387248247991e-07,4.535147392290251e-08,4.5351471866146327e-08
429,"(1.0, 1.0, 7.0, 9.0, 9.0, 13.0)",52919999.99999998,13,-16.9856006041261,15.0,19.0,4.199981581095555e-08,2.834467120181407e-07,3.590324215476064e-07
430,"(1.0, 1.0, 7.0, 9.0, 11.0, 13.0)",105839999.99999996,27,-16.614826074401908,29.0,33.0,6.085170036205896e-08,2.739984882842027e-07,3.117913081447832e-07
431,"(1.0, 1.0, 7.0, 9.0, 11.0, 14.0)",105839999.99999996,2,-16.524483308025644,2.0,2.0,6.660519176388655e-08,1.889644746787605e-08,1.8896447110800323e-08
432,"(1.0, 1.0, 7.0, 9.0, 12.0, 13.0)",88199999.99999997,19,-16.73289455138539,21.0,25.0,5.407496288952447e-08,2.3809523809523817e-07,2.834466553287983e-07
433,"(1.0, 1.0, 7.0, 9.0, 12.0, 14.0)",88199999.99999997,1,-16.642551785009125,1.0,1.0,5.918771786905514e-08,1.1337868480725628e-08,1.1337868352178366e-08
434,"(1.0, 1.0, 7.0, 9.0, 13.0, 13.0)",44099999.99999999,9,-16.610067431590032,11.0,15.0,6.114196194643843e-08,2.4943310657596374e-07,3.4013599220489414e-07
435,"(1.0, 1.0, 7.0, 9.0, 13.0, 14.0)",88199999.99999997,18,-16.51972466521377,20.0,24.0,6.692289740521219e-08,2.2675736961451254e-07,2.7210879211851037e-07
436,"(1.0, 1.0, 7.0, 9.0, 14.0, 14.0)",44099999.99999999,1,-16.429381898837505,1.0,1.0,7.325041680919504e-08,2.2675736961451252e-08,2.2675736447262204e-08
437,"(1.0, 1.0, 7.0, 11.0, 11.0, 13.0)",52919999.99999998,6,-16.244051544677717,7.0,9.0,8.816537323927754e-08,1.3227513227513233e-07,1.700680097141738e-07
438,"(1.0, 1.0, 7.0, 11.0, 12.0, 13.0)",88199999.99999997,2,-16.362120021661198,2.0,2.0,7.83468540351186e-08,2.2675736961451256e-08,2.2675736447262208e-08
439,"(1.0, 1.0, 7.0, 11.0, 13.0, 13.0)",44099999.99999999,6,-16.23929290186584,6.0,6.0,8.858592058259871e-08,1.360544217687075e-07,1.360544032579018e-07
440,"(1.0, 1.0, 7.0, 11.0, 13.0, 14.0)",88199999.99999997,4,-16.148950135489578,4.0,4.0,9.69616657033176e-08,4.535147392290251e-08,4.5351471866146327e-08
441,"(1.0, 1.0, 7.0, 12.0, 12.0, 13.0)",33516000.0,1,-16.48018849864468,1.0,1.0,6.962177226359892e-08,2.983649600190953e-08,2.983649511169304e-08
442,"(1.0, 1.0, 7.0, 12.0, 13.0, 14.0)",67031999.99999999,2,-16.26701861247306,2.0,2.0,8.616354914352586e-08,2.983649600190954e-08,2.9836495111693046e-08
443,"(1.0, 1.0, 7.0, 13.0, 13.0, 13.0)",11171999.999999998,3,-16.234534259053966,3.0,3.0,8.900847392965441e-08,2.6852846401718585e-07,2.685283919096499e-07
444,"(1.0, 1.0, 7.0, 13.0, 13.0, 14.0)",33516000.0,2,-16.144191492677702,2.0,2.0,9.742417121333068e-08,5.967299200381906e-08,5.967298844295309e-08
445,"(1.0, 1.0, 7.0, 13.0, 14.0, 14.0)",33516000.0,1,-16.05384872630144,1.0,1.0,1.0663556757647268e-07,2.983649600190953e-08,2.983649511169304e-08
446,"(1.0, 1.0, 8.0, 8.0, 8.0, 13.0)",14489999.999999994,3,-15.593637060443356,3.0,3.0,1.689543865637033e-07,2.0703933747412016e-07,2.070392946088329e-07
447,"(1.0, 1.0, 8.0, 8.0, 9.0, 13.0)",43469999.99999999,9,-16.229062480927855,10.0,12.0,8.949684345669314e-08,2.300437083045779e-07,2.7605239704538577e-07
448,"(1.0, 1.0, 8.0, 8.0, 11.0, 13.0)",43469999.99999999,5,-15.858287951203664,5.0,5.0,1.2966807106702126e-07,1.1502185415228895e-07,1.1502184092226202e-07
449,"(1.0, 1.0, 8.0, 8.0, 13.0, 13.0)",18900000.0,1,-15.853529308391789,1.0,1.0,1.3028658557898073e-07,5.291005291005291e-08,5.2910050110579216e-08
450,"(1.0, 1.0, 8.0, 8.0, 13.0, 14.0)",37799999.99999999,2,-15.763186542015529,2.0,2.0,1.4260510331048337e-07,5.291005291005292e-08,5.291005011057922e-08
451,"(1.0, 1.0, 8.0, 9.0, 9.0, 13.0)",43469999.99999999,16,-16.864487901412353,19.0,25.0,4.740738107851275e-08,4.37083045778698e-07,5.751090797198558e-07
452,"(1.0, 1.0, 8.0, 9.0, 11.0, 11.0)",45539999.99999999,1,-16.498472014500038,1.0,1.0,6.836040771385832e-08,2.1958717610891528e-08,2.195871712870625e-08
453,"(1.0, 1.0, 8.0, 9.0, 11.0, 13.0)",86939999.99999997,21,-16.493713371688163,23.0,27.0,6.868648570566119e-08,2.6455026455026466e-07,3.1055893622433774e-07
454,"(1.0, 1.0, 8.0, 9.0, 12.0, 13.0)",75599999.99999997,14,-16.611781848671644,17.0,29.0,6.103722892616651e-08,2.2486772486772496e-07,3.8359783303239006e-07
455,"(1.0, 1.0, 8.0, 9.0, 13.0, 13.0)",37799999.99999999,17,-16.488954728876287,20.0,26.0,6.901411908398522e-08,5.291005291005292e-07,6.878304078833181e-07
456,"(1.0, 1.0, 8.0, 9.0, 13.0, 14.0)",75599999.99999997,13,-16.398611962500027,15.0,19.0,7.553936223071531e-08,1.984126984126985e-07,2.513227119551525e-07
457,"(1.0, 1.0, 8.0, 9.0, 14.0, 14.0)",37799999.99999999,1,-16.308269196123764,1.0,1.0,8.268156316360729e-08,2.645502645502646e-08,2.6455025755158035e-08
458,"(1.0, 1.0, 8.0, 11.0, 11.0, 13.0)",43469999.99999999,2,-16.122938841963972,2.0,2.0,9.951685183327587e-08,4.600874166091558e-08,4.600873954411127e-08
459,"(1.0, 1.0, 8.0, 11.0, 12.0, 13.0)",75599999.99999997,6,-16.241007318947457,7.0,9.0,8.843417747981228e-08,9.259259259259263e-08,1.1904761047423089e-07
460,"(1.0, 1.0, 8.0, 11.0, 13.0, 13.0)",37799999.99999999,5,-16.1181801991521,5.0,5.0,9.999154553803177e-08,1.322751322751323e-07,1.322751147784217e-07
461,"(1.0, 1.0, 8.0, 11.0, 13.0, 14.0)",75599999.99999997,5,-16.027837432775836,5.0,5.0,1.0944568558811355e-07,6.613756613756616e-08,6.613756176338851e-08
462,"(1.0, 1.0, 8.0, 12.0, 12.0, 13.0)",29924999.99999999,1,-16.359075795930938,1.0,1.0,7.858572294502544e-08,3.3416875522138694e-08,3.341687440545113e-08
463,"(1.0, 1.0, 8.0, 12.0, 13.0, 13.0)",29924999.99999999,1,-16.23624867613558,1.0,1.0,8.885600701482704e-08,3.3416875522138694e-08,3.341687440545113e-08
464,"(1.0, 1.0, 8.0, 12.0, 13.0, 14.0)",59849999.99999998,3,-16.145905909759318,3.0,3.0,9.725728864407948e-08,5.012531328320804e-08,5.012531077066101e-08
465,"(1.0, 1.0, 8.0, 13.0, 13.0, 13.0)",9974999.999999996,2,-16.11342155634022,2.0,2.0,1.004685035237537e-07,2.0050125313283215e-07,2.0050121293207964e-07
466,"(1.0, 1.0, 8.0, 13.0, 14.0, 14.0)",29924999.99999999,2,-15.932736023587696,2.0,2.0,1.2036512282281638e-07,6.683375104427739e-08,6.683374657752711e-08
467,"(1.0, 1.0, 9.0, 9.0, 9.0, 13.0)",14489999.999999994,5,-17.49991332189685,7.0,11.0,2.511216813820767e-08,4.830917874396137e-07,7.591440040274322e-07
468,"(1.0, 1.0, 9.0, 9.0, 11.0, 13.0)",43469999.99999999,17,-17.12913879217266,21.0,31.0,3.638392458352761e-08,4.830917874396136e-07,7.131352623665165e-07
469,"(1.0, 1.0, 9.0, 9.0, 12.0, 13.0)",37799999.99999999,11,-17.247207269156146,11.0,11.0,3.2332036079902484e-08,2.9100529100529107e-07,2.9100520632121166e-07
470,"(1.0, 1.0, 9.0, 9.0, 13.0, 13.0)",18900000.0,10,-17.12438014936079,10.0,10.0,3.655747529012601e-08,5.291005291005291e-07,5.291002491531592e-07
471,"(1.0, 1.0, 9.0, 9.0, 13.0, 14.0)",37799999.99999999,11,-17.034037382984526,12.0,14.0,4.001396243021926e-08,3.1746031746031754e-07,3.703702695893173e-07
472,"(1.0, 1.0, 9.0, 11.0, 11.0, 13.0)",43469999.99999999,15,-16.758364262448474,17.0,23.0,5.271508062602127e-08,3.9107430411778244e-07,5.291003761614178e-07
473,"(1.0, 1.0, 9.0, 11.0, 12.0, 13.0)",75599999.99999997,17,-16.876432739431955,17.0,17.0,4.684447618735267e-08,2.2486772486772496e-07,2.2486767430223126e-07
474,"(1.0, 1.0, 9.0, 11.0, 12.0, 14.0)",75599999.99999997,1,-16.78608997305569,1.0,1.0,5.1273593029831176e-08,1.3227513227513233e-08,1.3227513052546127e-08
475,"(1.0, 1.0, 9.0, 11.0, 13.0, 13.0)",37799999.99999999,18,-16.7536056196366,20.0,24.0,5.296653067149511e-08,5.291005291005292e-07,6.349203549732652e-07
476,"(1.0, 1.0, 9.0, 11.0, 13.0, 14.0)",75599999.99999997,12,-16.663262853260335,13.0,15.0,5.79744840563621e-08,1.7195767195767203e-07,1.9841266884325754e-07
477,"(1.0, 1.0, 9.0, 12.0, 12.0, 13.0)",29924999.99999999,2,-16.994501216415436,2.0,2.0,4.162765044096787e-08,6.683375104427739e-08,6.683374657752711e-08
478,"(1.0, 1.0, 9.0, 12.0, 13.0, 13.0)",29924999.99999999,7,-16.87167409662008,8.0,10.0,4.7067923548669873e-08,2.6733500417710955e-07,3.3416868375338246e-07
479,"(1.0, 1.0, 9.0, 12.0, 13.0, 14.0)",59849999.99999998,6,-16.781331330243816,7.0,9.0,5.151816720378386e-08,1.1695906432748543e-07,1.503759261702014e-07
480,"(1.0, 1.0, 9.0, 13.0, 13.0, 13.0)",9974999.999999996,4,-16.748846976824723,4.0,4.0,5.321918012944481e-08,4.010025062656643e-07,4.0100234546265425e-07
481,"(1.0, 1.0, 9.0, 13.0, 13.0, 14.0)",29924999.99999999,12,-16.65850421044846,13.0,15.0,5.82510213674916e-08,4.34419381787803e-07,5.012529441118811e-07
482,"(1.0, 1.0, 9.0, 13.0, 14.0, 14.0)",29924999.99999999,7,-16.568161444072196,7.0,7.0,6.37586201460214e-08,2.3391812865497085e-07,2.3391807393727993e-07
483,"(1.0, 1.0, 11.0, 11.0, 12.0, 13.0)",37799999.99999999,1,-16.505658209707764,1.0,1.0,6.787091737261447e-08,2.645502645502646e-08,2.6455025755158035e-08
484,"(1.0, 1.0, 11.0, 11.0, 13.0, 14.0)",37799999.99999999,2,-16.292488323536144,2.0,2.0,8.399670008844373e-08,5.291005291005292e-08,5.291005011057922e-08
485,"(1.0, 1.0, 11.0, 12.0, 13.0, 13.0)",29924999.99999999,1,-16.50089956689589,1.0,1.0,6.819466050374554e-08,3.3416875522138694e-08,3.341687440545113e-08
486,"(1.0, 1.0, 11.0, 13.0, 13.0, 13.0)",9974999.999999996,2,-16.378072447100532,2.0,2.0,7.710694773824862e-08,2.0050125313283215e-07,2.0050121293207964e-07
487,"(1.0, 1.0, 11.0, 13.0, 13.0, 14.0)",29924999.99999999,2,-16.28772968072427,2.0,2.0,8.439736293114583e-08,6.683375104427739e-08,6.683374657752711e-08
488,"(1.0, 1.0, 11.0, 13.0, 14.0, 14.0)",29924999.99999999,3,-16.19738691434801,3.0,3.0,9.237708246358486e-08,1.0025062656641608e-07,1.0025061651622795e-07
489,"(1.0, 1.0, 12.0, 12.0, 12.0, 13.0)",7181999.999999999,1,-16.741795163674727,1.0,1.0,5.3595798203149815e-08,1.392369813422445e-07,1.3923696195530754e-07
490,"(1.0, 1.0, 12.0, 13.0, 13.0, 14.0)",21546000.0,2,-16.40579815770775,2.0,2.0,7.499846744333472e-08,9.2824654228163e-08,9.282464561174657e-08
491,"(1.0, 1.0, 13.0, 13.0, 14.0, 14.0)",10772999.999999998,2,-16.19262827153613,2.0,2.0,9.281771958887005e-08,1.8564930845632603e-07,1.856492739906603e-07
492,"(1.0, 1.0, 13.0, 14.0, 14.0, 14.0)",7181999.999999999,1,-16.10228550515987,1.0,1.0,1.0159357874176812e-07,1.392369813422445e-07,1.3923696195530754e-07
493,"(1.0, 2.0, 2.0, 2.0, 2.0, 9.0)",6641249.999999997,2,-16.944810191925036,2.0,2.0,4.374842643782557e-08,3.011481272350839e-07,3.0114803654488935e-07
494,"(1.0, 2.0, 2.0, 2.0, 2.0, 13.0)",5578649.999999999,5,-16.56927701938897,5.0,5.0,6.368753226247148e-08,8.962741881996542e-07,8.962733848922338e-07
495,"(1.0, 2.0, 2.0, 2.0, 3.0, 9.0)",26564999.99999999,2,-16.727933279657492,2.0,2.0,5.4343910082487554e-08,7.528703180877097e-08,7.528702614063381e-08
496,"(1.0, 2.0, 2.0, 2.0, 3.0, 11.0)",26564999.99999999,1,-16.357158749933305,1.0,1.0,7.873651988682278e-08,3.7643515904385486e-08,3.764351448735119e-08
497,"(1.0, 2.0, 2.0, 2.0, 3.0, 13.0)",22314600.0,12,-16.35240010712143,13.0,15.0,7.911209175868331e-08,5.825782223297752e-07,6.722053017523554e-07
498,"(1.0, 2.0, 2.0, 2.0, 4.0, 9.0)",35419999.999999985,2,-16.96654109341982,2.0,2.0,4.280798897769429e-08,5.646527385657823e-08,5.6465270668251076e-08
499,"(1.0, 2.0, 2.0, 2.0, 4.0, 12.0)",29752800.0,1,-16.713835040679115,2.0,4.0,5.5115489690794366e-08,6.722056411497405e-08,1.3444112371134386e-07
500,"(1.0, 2.0, 2.0, 2.0, 4.0, 13.0)",29752800.0,20,-16.591007920883758,24.0,32.0,6.23184740823315e-08,8.066467693796886e-07,1.0755283751605742e-06
501,"(1.0, 2.0, 2.0, 2.0, 4.0, 14.0)",29752800.0,1,-16.500665154507494,1.0,1.0,6.82106480507563e-08,3.3610282057487026e-08,3.3610280927835964e-08
502,"(1.0, 2.0, 2.0, 2.0, 6.0, 13.0)",29752800.0,19,-16.574327691781694,19.0,19.0,6.336667834758047e-08,6.385953590922535e-07,6.385949512882209e-07
503,"(1.0, 2.0, 2.0, 2.0, 7.0, 9.0)",35419999.999999985,5,-16.73060743124048,5.0,5.0,5.419878036523259e-08,1.4116318464144557e-07,1.4116316471440087e-07
504,"(1.0, 2.0, 2.0, 2.0, 7.0, 11.0)",35419999.999999985,1,-16.359832901516288,1.0,1.0,7.852624777258857e-08,2.8232636928289114e-08,2.8232636131207328e-08
505,"(1.0, 2.0, 2.0, 2.0, 7.0, 13.0)",29752800.0,19,-16.355074258704413,19.0,19.0,7.890081665001072e-08,6.385953590922535e-07,6.385949512882209e-07
506,"(1.0, 2.0, 2.0, 2.0, 7.0, 14.0)",29752800.0,2,-16.26473149232815,2.0,2.0,8.63608410616877e-08,6.722056411497405e-08,6.722055959636982e-08
507,"(1.0, 2.0, 2.0, 2.0, 8.0, 8.0)",15179999.999999994,1,-15.974069308042235,2.0,4.0,1.1549145319407908e-07,1.317523056653492e-07,2.6350459397202836e-07
508,"(1.0, 2.0, 2.0, 2.0, 8.0, 9.0)",30359999.99999999,6,-16.609494728526734,6.0,6.0,6.117698816419497e-08,1.976284584980238e-07,1.9762841944101619e-07
509,"(1.0, 2.0, 2.0, 2.0, 8.0, 11.0)",30359999.99999999,1,-16.238720198802543,1.0,1.0,8.863666854105003e-08,3.29380764163373e-08,3.293807533142042e-08
510,"(1.0, 2.0, 2.0, 2.0, 8.0, 13.0)",26564999.99999999,45,-16.233961555990668,53.0,69.0,8.905946395501161e-08,1.995106342932431e-06,2.597398616953279e-06
511,"(1.0, 2.0, 2.0, 2.0, 8.0, 14.0)",26564999.99999999,1,-16.143618789614408,1.0,1.0,9.74799823146924e-08,3.7643515904385486e-08,3.764351448735119e-08
512,"(1.0, 2.0, 2.0, 2.0, 9.0, 11.0)",30359999.99999999,4,-16.87414561928704,4.0,4.0,4.695173774579786e-08,1.317523056653492e-07,1.3175228830667914e-07
513,"(1.0, 2.0, 2.0, 2.0, 9.0, 12.0)",26564999.99999999,1,-16.992214096270523,1.0,1.0,4.172296683735262e-08,3.7643515904385486e-08,3.764351448735119e-08
514,"(1.0, 2.0, 2.0, 2.0, 9.0, 13.0)",26564999.99999999,180,-16.869386976475166,199.0,243.0,4.717569674293974e-08,7.491059664972712e-06,9.147318248790769e-06
515,"(1.0, 2.0, 2.0, 2.0, 9.0, 14.0)",26564999.99999999,6,-16.779044210098903,6.0,6.0,5.163613028827684e-08,2.2586109542631291e-07,2.2586104441307847e-07
516,"(1.0, 2.0, 2.0, 2.0, 11.0, 13.0)",26564999.99999999,24,-16.498612446750975,27.0,33.0,6.835080838197172e-08,1.0163749294184082e-06,1.2422349918267238e-06
517,"(1.0, 2.0, 2.0, 2.0, 11.0, 14.0)",26564999.99999999,2,-16.408269680374715,3.0,5.0,7.481333590369762e-08,1.1293054771315646e-07,1.882175667686188e-07
518,"(1.0, 2.0, 2.0, 2.0, 12.0, 12.0)",10625999.999999998,1,-16.739508043529817,1.0,1.0,5.37185185174593e-08,9.41087897609637e-08,9.410878090449939e-08
519,"(1.0, 2.0, 2.0, 2.0, 12.0, 13.0)",21252000.0,15,-16.61668092373446,16.0,18.0,6.073893424067087e-08,7.528703180877093e-07,8.469785410349571e-07
520,"(1.0, 2.0, 2.0, 2.0, 12.0, 14.0)",21252000.0,3,-16.526338157358197,3.0,3.0,6.648176367404132e-08,1.4116318464144551e-07,1.4116316471440081e-07
521,"(1.0, 2.0, 2.0, 2.0, 13.0, 13.0)",10625999.999999998,36,-16.493853803939103,42.0,56.0,6.867684058512318e-08,3.952569169960475e-06,5.270076603810924e-06
522,"(1.0, 2.0, 2.0, 2.0, 13.0, 14.0)",21252000.0,22,-16.40351103756284,23.0,25.0,7.517019425412854e-08,1.0822510822510822e-06,1.1763587007446408e-06
523,"(1.0, 2.0, 2.0, 2.0, 14.0, 14.0)",10625999.999999998,1,-16.313168271186576,1.0,1.0,8.227749057849709e-08,9.41087897609637e-08,9.410878090449939e-08
524,"(1.0, 2.0, 2.0, 3.0, 3.0, 6.0)",44629199.99999999,1,-16.21599708269648,1.0,1.0,9.067382749649742e-08,2.2406854704991355e-08,2.2406854202924216e-08
525,"(1.0, 2.0, 2.0, 3.0, 3.0, 13.0)",33471900.0,24,-16.135523194853885,26.0,30.0,9.827234373975524e-08,7.767709631063668e-07,8.962735848265249e-07
526,"(1.0, 2.0, 2.0, 3.0, 4.0, 7.0)",114760799.99999993,1,-16.235351463381527,1.0,1.0,8.893576553242432e-08,8.713776829718865e-09,8.713776753788959e-09
527,"(1.0, 2.0, 2.0, 3.0, 4.0, 9.0)",106259999.99999996,6,-16.74966418115228,8.0,12.0,5.317570695078822e-08,7.528703180877097e-08,1.129305420450193e-07
528,"(1.0, 2.0, 2.0, 3.0, 4.0, 13.0)",89258399.99999999,57,-16.374131008616217,64.0,80.0,7.741145974292482e-08,7.170193505597234e-07,8.962736740829052e-07
529,"(1.0, 2.0, 2.0, 3.0, 4.0, 14.0)",89258399.99999999,1,-16.283788242239954,1.0,1.0,8.473066636137356e-08,1.1203427352495678e-08,1.1203427226978893e-08
530,"(1.0, 2.0, 2.0, 3.0, 6.0, 8.0)",106259999.99999996,1,-16.097558531565717,1.0,1.0,1.0207494571398313e-07,9.410878976096371e-09,9.410878887531728e-09
531,"(1.0, 2.0, 2.0, 3.0, 6.0, 9.0)",106259999.99999996,6,-16.73298395205022,6.0,6.0,5.4070128767981534e-08,5.646527385657823e-08,5.6465270668251076e-08
532,"(1.0, 2.0, 2.0, 3.0, 6.0, 13.0)",89258399.99999999,41,-16.357450779514153,45.0,53.0,7.871352985097145e-08,5.041542308623054e-07,5.937813955107825e-07
533,"(1.0, 2.0, 2.0, 3.0, 6.0, 14.0)",89258399.99999999,1,-16.26710801313789,1.0,1.0,8.61558464092682e-08,1.1203427352495678e-08,1.1203427226978893e-08
534,"(1.0, 2.0, 2.0, 3.0, 7.0, 8.0)",106259999.99999996,1,-15.878305098488436,1.0,1.0,1.2709829182085096e-07,9.410878976096371e-09,9.410878887531728e-09
535,"(1.0, 2.0, 2.0, 3.0, 7.0, 9.0)",106259999.99999996,8,-16.513730518972935,8.0,8.0,6.732524770769986e-08,7.528703180877097e-08,7.528702614063381e-08
536,"(1.0, 2.0, 2.0, 3.0, 7.0, 12.0)",89258399.99999999,2,-16.26102446623223,2.0,2.0,8.668157707425601e-08,2.2406854704991355e-08,2.2406854202924216e-08
537,"(1.0, 2.0, 2.0, 3.0, 7.0, 13.0)",89258399.99999999,62,-16.13819734643687,68.0,80.0,9.800989966020217e-08,7.618330599697061e-07,8.96273607810043e-07
538,"(1.0, 2.0, 2.0, 3.0, 7.0, 14.0)",89258399.99999999,1,-16.04785458006061,1.0,1.0,1.0727667629312804e-07,1.1203427352495678e-08,1.1203427226978893e-08
539,"(1.0, 2.0, 2.0, 3.0, 8.0, 8.0)",45539999.99999999,1,-15.757192395774696,1.0,1.0,1.4346246616651497e-07,2.1958717610891528e-08,2.195871712870625e-08
540,"(1.0, 2.0, 2.0, 3.0, 8.0, 9.0)",91079999.99999996,8,-16.392617816259193,9.0,11.0,7.599351598707803e-08,9.881422924901191e-08,1.2077293709565154e-07
541,"(1.0, 2.0, 2.0, 3.0, 8.0, 12.0)",79694999.99999997,2,-16.139911763518484,2.0,2.0,9.784201376839886e-08,2.5095677269590323e-08,2.5095676639797305e-08
542,"(1.0, 2.0, 2.0, 3.0, 8.0, 13.0)",79694999.99999997,100,-16.017084643723127,111.0,137.0,1.1062888188776259e-07,1.392810088462263e-06,1.7190519530469945e-06
543,"(1.0, 2.0, 2.0, 3.0, 8.0, 14.0)",79694999.99999997,1,-15.926741877346863,1.0,1.0,1.2108877564501084e-07,1.2547838634795161e-08,1.2547838477346907e-08
544,"(1.0, 2.0, 2.0, 3.0, 9.0, 9.0)",45539999.99999999,2,-17.02804323674369,3.0,5.0,4.025453225776345e-08,6.587615283267458e-08,1.0979358371479013e-07
545,"(1.0, 2.0, 2.0, 3.0, 9.0, 11.0)",91079999.99999996,10,-16.6572687070195,13.0,21.0,5.8323035181628044e-08,1.4273166447079498e-07,2.3056651454203307e-07
546,"(1.0, 2.0, 2.0, 3.0, 9.0, 12.0)",79694999.99999997,13,-16.775337184002982,14.0,16.0,5.182790200251119e-08,1.7566974088713225e-07,2.007653872968647e-07
547,"(1.0, 2.0, 2.0, 3.0, 9.0, 13.0)",79694999.99999997,434,-16.652510064207625,472.0,552.0,5.860123507574627e-08,5.922579835623316e-06,6.92637184945502e-06
548,"(1.0, 2.0, 2.0, 3.0, 9.0, 14.0)",79694999.99999997,13,-16.562167297831362,13.0,13.0,6.414194634821226e-08,1.631219022523371e-07,1.631218756435821e-07
549,"(1.0, 2.0, 2.0, 3.0, 11.0, 11.0)",45539999.99999999,1,-16.28649417729531,1.0,1.0,8.450170060394621e-08,2.1958717610891528e-08,2.195871712870625e-08
550,"(1.0, 2.0, 2.0, 3.0, 11.0, 12.0)",79694999.99999997,1,-16.40456265427879,2.0,4.0,7.509118557201627e-08,2.5095677269590323e-08,5.019135390938763e-08
551,"(1.0, 2.0, 2.0, 3.0, 11.0, 13.0)",79694999.99999997,101,-16.281735534483435,117.0,163.0,8.490477229058973e-08,1.468097120271034e-06,2.0452955421624565e-06
552,"(1.0, 2.0, 2.0, 3.0, 11.0, 14.0)",79694999.99999997,2,-16.19139276810717,2.0,2.0,9.29324670705472e-08,2.5095677269590323e-08,2.5095676639797305e-08
553,"(1.0, 2.0, 2.0, 3.0, 12.0, 13.0)",63755999.99999999,33,-16.399804011466916,38.0,48.0,7.544936926067875e-08,5.9602233515277e-07,7.528699628450854e-07
554,"(1.0, 2.0, 2.0, 3.0, 12.0, 14.0)",63755999.99999999,1,-16.309461245090652,1.0,1.0,8.25830614127766e-08,1.5684798293493948e-08,1.568479804748105e-08
555,"(1.0, 2.0, 2.0, 3.0, 13.0, 13.0)",31878000.0,52,-16.27697689167156,59.0,73.0,8.530976662238018e-08,1.8508061986322855e-06,2.2899771253665315e-06
556,"(1.0, 2.0, 2.0, 3.0, 13.0, 14.0)",63755999.99999999,30,-16.1866341252953,32.0,36.0,9.337575337103961e-08,5.019135453918063e-07,5.64652486648575e-07
557,"(1.0, 2.0, 2.0, 4.0, 4.0, 9.0)",65204999.99999996,2,-16.98827199491461,2.0,2.0,4.188776761876766e-08,3.06724944406104e-08,3.0672493499808486e-08
558,"(1.0, 2.0, 2.0, 4.0, 4.0, 13.0)",54772199.99999997,20,-16.612738822378546,21.0,23.0,6.097884584293539e-08,3.8340618050763e-07,4.1992090784139073e-07
559,"(1.0, 2.0, 2.0, 4.0, 4.0, 14.0)",54772199.99999997,1,-16.522396056002282,1.0,1.0,6.674435877294792e-08,1.825743716703e-08,1.825743683369599e-08
560,"(1.0, 2.0, 2.0, 4.0, 6.0, 7.0)",135626399.99999997,1,-16.45727904804179,1.0,1.0,7.123517938672641e-08,7.373195778992882e-09,7.3731957246288656e-09
561,"(1.0, 2.0, 2.0, 4.0, 6.0, 9.0)",130409999.99999993,5,-16.971591765812548,5.0,5.0,4.259232493224959e-08,3.8340618050763e-08,3.834061658076e-08
562,"(1.0, 2.0, 2.0, 4.0, 6.0, 13.0)",109544399.99999994,52,-16.59605859327648,57.0,69.0,6.200451739930372e-08,5.20336959260355e-07,6.298813115119838e-07
563,"(1.0, 2.0, 2.0, 4.0, 6.0, 14.0)",109544399.99999994,3,-16.505715826900218,3.0,3.0,6.786700695356098e-08,2.7386155750545e-08,2.7386155000543472e-08
564,"(1.0, 2.0, 2.0, 4.0, 7.0, 9.0)",130409999.99999993,6,-16.752338332735263,6.0,6.0,5.303369701254719e-08,4.60087416609156e-08,4.600873954411129e-08
565,"(1.0, 2.0, 2.0, 4.0, 7.0, 13.0)",109544399.99999994,45,-16.376805160199197,50.0,62.0,7.720472630678264e-08,4.5643592917575e-07,5.659803438441725e-07
566,"(1.0, 2.0, 2.0, 4.0, 7.0, 14.0)",109544399.99999994,1,-16.286462393822937,1.0,1.0,8.450438640409464e-08,9.128718583515e-09,9.128718500181496e-09
567,"(1.0, 2.0, 2.0, 4.0, 8.0, 8.0)",57959999.99999997,2,-15.995800209537023,2.0,2.0,1.1300879272483713e-07,3.45065562456867e-08,3.4506555054984277e-08
568,"(1.0, 2.0, 2.0, 4.0, 8.0, 9.0)",115919999.99999994,3,-16.63122563002152,3.0,3.0,5.986189786147536e-08,2.5879917184265024e-08,2.587991651449491e-08
569,"(1.0, 2.0, 2.0, 4.0, 8.0, 12.0)",101429999.99999996,2,-16.378519577280812,2.0,2.0,7.70724786014755e-08,1.9718032140392398e-08,1.9718031751591606e-08
570,"(1.0, 2.0, 2.0, 4.0, 8.0, 13.0)",101429999.99999996,87,-16.255692457485456,94.0,110.0,8.714499838671171e-08,9.267475105984427e-07,1.0844909088606335e-06
571,"(1.0, 2.0, 2.0, 4.0, 8.0, 14.0)",101429999.99999996,3,-16.165349691109192,3.0,3.0,9.538450518680172e-08,2.9577048210588596e-08,2.9577047335786815e-08
572,"(1.0, 2.0, 2.0, 4.0, 9.0, 9.0)",57959999.99999997,3,-17.26665105050602,4.0,6.0,3.1709451354842554e-08,6.90131124913734e-08,1.035196639742504e-07
573,"(1.0, 2.0, 2.0, 4.0, 9.0, 11.0)",115919999.99999994,5,-16.89587652078183,5.0,5.0,4.594244034724645e-08,4.313319530710837e-08,4.313319344663583e-08
574,"(1.0, 2.0, 2.0, 4.0, 9.0, 12.0)",101429999.99999996,21,-17.01394499776531,24.0,30.0,4.082606964226306e-08,2.3661638568470877e-07,2.95770426118572e-07
575,"(1.0, 2.0, 2.0, 4.0, 9.0, 13.0)",101429999.99999996,486,-16.891117877969954,540.0,660.0,4.6161585012820416e-08,5.323868677905947e-06,6.506922262751792e-06
576,"(1.0, 2.0, 2.0, 4.0, 9.0, 14.0)",101429999.99999996,20,-16.80077511159369,26.0,40.0,5.0526134908481033e-08,2.5633441782510115e-07,3.9436057710051414e-07
577,"(1.0, 2.0, 2.0, 4.0, 11.0, 12.0)",101429999.99999996,2,-16.64317046804112,3.0,5.0,5.91511107575741e-08,2.9577048210588596e-08,4.929507947617921e-08
578,"(1.0, 2.0, 2.0, 4.0, 11.0, 13.0)",101429999.99999996,99,-16.520343348245763,111.0,139.0,6.688150614948973e-08,1.0943507837917782e-06,1.3704020361536336e-06
579,"(1.0, 2.0, 2.0, 4.0, 11.0, 14.0)",101429999.99999996,2,-16.4300005818695,2.0,2.0,7.320511203532118e-08,1.9718032140392398e-08,1.9718031751591606e-08
580,"(1.0, 2.0, 2.0, 4.0, 12.0, 12.0)",40571999.99999999,2,-16.7612389450246,2.0,2.0,5.2563759107120934e-08,4.9295080350980984e-08,4.929507792097604e-08
581,"(1.0, 2.0, 2.0, 4.0, 12.0, 13.0)",81143999.99999997,46,-16.638411825229245,53.0,71.0,5.943326055822295e-08,6.531598146504981e-07,8.74987249612169e-07
582,"(1.0, 2.0, 2.0, 4.0, 12.0, 14.0)",81143999.99999997,3,-16.54806905885298,3.0,3.0,6.505263933596898e-08,3.6971310263235745e-08,3.6971308896357965e-08
583,"(1.0, 2.0, 2.0, 4.0, 13.0, 13.0)",40571999.99999999,45,-16.515584705433888,47.0,51.0,6.720052980577428e-08,1.158434388248053e-06,1.2570232069797832e-06
584,"(1.0, 2.0, 2.0, 4.0, 13.0, 14.0)",81143999.99999997,53,-16.425241939057628,57.0,65.0,7.355429918502459e-08,7.024548950014791e-07,8.010445622605615e-07
585,"(1.0, 2.0, 2.0, 6.0, 6.0, 8.0)",65204999.99999996,1,-16.319486116225985,1.0,1.0,8.175931274999744e-08,1.53362472203052e-08,1.5336246985104722e-08
586,"(1.0, 2.0, 2.0, 6.0, 6.0, 9.0)",65204999.99999996,5,-16.954911536710483,6.0,8.0,4.330873298489015e-08,9.20174833218312e-08,1.2268996929522438e-07
587,"(1.0, 2.0, 2.0, 6.0, 6.0, 12.0)",54772199.99999997,2,-16.702205483969774,2.0,2.0,5.576019998495744e-08,3.651487433406e-08,3.651487300072395e-08
588,"(1.0, 2.0, 2.0, 6.0, 6.0, 13.0)",54772199.99999997,21,-16.579378364174417,24.0,32.0,6.30474408752025e-08,4.3817849200872e-07,5.842377973445691e-07
589,"(1.0, 2.0, 2.0, 6.0, 7.0, 9.0)",130409999.99999993,3,-16.7356581036332,3.0,3.0,5.392573020541759e-08,2.30043708304578e-08,2.300437030125672e-08
590,"(1.0, 2.0, 2.0, 6.0, 7.0, 13.0)",109544399.99999994,58,-16.360124931097136,65.0,83.0,7.850331913344936e-08,5.93366707928475e-07,7.57683290347695e-07
591,"(1.0, 2.0, 2.0, 6.0, 8.0, 9.0)",115919999.99999994,7,-16.614545400919457,7.0,7.0,6.086878221781244e-08,6.038647342995172e-08,6.038646978342554e-08
592,"(1.0, 2.0, 2.0, 6.0, 8.0, 12.0)",101429999.99999996,1,-16.361839348178748,1.0,1.0,7.836884700575712e-08,9.859016070196199e-09,9.859015972996002e-09
593,"(1.0, 2.0, 2.0, 6.0, 8.0, 13.0)",101429999.99999996,85,-16.23901222838339,94.0,114.0,8.861078779104445e-08,9.267475105984427e-07,1.1239269731414184e-06
594,"(1.0, 2.0, 2.0, 6.0, 9.0, 9.0)",57959999.99999997,4,-17.249970821403956,4.0,4.0,3.224280815871645e-08,6.90131124913734e-08,6.90131077285637e-08
595,"(1.0, 2.0, 2.0, 6.0, 9.0, 11.0)",115919999.99999994,5,-16.879196291679765,5.0,5.0,4.671519774602851e-08,4.313319530710837e-08,4.313319344663583e-08
596,"(1.0, 2.0, 2.0, 6.0, 9.0, 12.0)",101429999.99999996,26,-16.99726476866325,30.0,38.0,4.151276906747404e-08,2.9577048210588596e-07,3.7464252318727747e-07
597,"(1.0, 2.0, 2.0, 6.0, 9.0, 13.0)",101429999.99999996,469,-16.87443764886789,501.0,573.0,4.6938028451361056e-08,4.939367051168296e-06,5.649191810875556e-06
598,"(1.0, 2.0, 2.0, 6.0, 9.0, 14.0)",101429999.99999996,19,-16.78409488249163,20.0,22.0,5.137599060372212e-08,1.9718032140392396e-07,2.1689831466423722e-07
599,"(1.0, 2.0, 2.0, 6.0, 11.0, 12.0)",101429999.99999996,1,-16.626490238939056,1.0,1.0,6.014603958892496e-08,9.859016070196199e-09,9.859015972996002e-09
600,"(1.0, 2.0, 2.0, 6.0, 11.0, 13.0)",101429999.99999996,81,-16.503663119143702,91.0,113.0,6.800646116555023e-08,8.971704623878541e-07,1.114068011017332e-06
601,"(1.0, 2.0, 2.0, 6.0, 11.0, 14.0)",101429999.99999996,4,-16.41332035276744,4.0,4.0,7.443643086658877e-08,3.9436064280784795e-08,3.943606272558163e-08
602,"(1.0, 2.0, 2.0, 6.0, 12.0, 13.0)",81143999.99999997,41,-16.621731596127184,43.0,47.0,6.04329351833183e-08,5.299221137730456e-07,5.792169133065799e-07
603,"(1.0, 2.0, 2.0, 6.0, 12.0, 14.0)",81143999.99999997,5,-16.53138882975092,5.0,5.0,6.614683259120763e-08,6.161885043872624e-08,6.16188466418435e-08
604,"(1.0, 2.0, 2.0, 6.0, 13.0, 13.0)",40571999.99999999,46,-16.498904476331823,51.0,67.0,6.833085083828772e-08,1.257024548950015e-06,1.651383611647146e-06
605,"(1.0, 2.0, 2.0, 6.0, 13.0, 14.0)",81143999.99999997,48,-16.408561709955563,51.0,57.0,7.479149138634969e-08,6.285122744750077e-07,7.024544999738e-07
606,"(1.0, 2.0, 2.0, 7.0, 7.0, 9.0)",65204999.99999996,5,-16.516404670555918,5.0,5.0,6.71454502998745e-08,7.6681236101526e-08,7.668123022151403e-08
607,"(1.0, 2.0, 2.0, 7.0, 7.0, 12.0)",54772199.99999997,1,-16.26369861781521,1.0,1.0,8.645008705535836e-08,1.825743716703e-08,1.825743683369599e-08
608,"(1.0, 2.0, 2.0, 7.0, 7.0, 13.0)",54772199.99999997,33,-16.140871498019855,34.0,36.0,9.774815645835524e-08,6.2075286367902e-07,6.572673526789622e-07
609,"(1.0, 2.0, 2.0, 7.0, 7.0, 14.0)",54772199.99999997,1,-16.050528731643592,1.0,1.0,1.0699018543012572e-07,1.825743716703e-08,1.825743683369599e-08
610,"(1.0, 2.0, 2.0, 7.0, 8.0, 9.0)",115919999.99999994,6,-16.395291967842176,7.0,9.0,7.579056928207172e-08,6.038647342995172e-08,7.76397479062689e-08
611,"(1.0, 2.0, 2.0, 7.0, 8.0, 12.0)",101429999.99999996,1,-16.142585915101467,1.0,1.0,9.758071891912705e-08,9.859016070196199e-09,9.859015972996002e-09
612,"(1.0, 2.0, 2.0, 7.0, 8.0, 13.0)",101429999.99999996,123,-16.01975879530611,131.0,149.0,1.1033343869414234e-07,1.291531105195702e-06,1.4689917264066377e-06
613,"(1.0, 2.0, 2.0, 7.0, 8.0, 14.0)",101429999.99999996,3,-15.929416028929849,3.0,3.0,1.207653984764298e-07,2.9577048210588596e-08,2.9577047335786815e-08
614,"(1.0, 2.0, 2.0, 7.0, 9.0, 9.0)",57959999.99999997,4,-17.030717388326675,5.0,7.0,4.014702934021622e-08,8.626639061421674e-08,1.2077293941801328e-07
615,"(1.0, 2.0, 2.0, 7.0, 9.0, 11.0)",115919999.99999994,7,-16.659942858602484,7.0,7.0,5.816727889555107e-08,6.038647342995172e-08,6.038646978342554e-08
616,"(1.0, 2.0, 2.0, 7.0, 9.0, 12.0)",101429999.99999996,23,-16.778011335585965,27.0,39.0,5.168949148416396e-08,2.6619343389529735e-07,3.8450155587870754e-07
617,"(1.0, 2.0, 2.0, 7.0, 9.0, 13.0)",101429999.99999996,573,-16.65518421579061,637.0,777.0,5.844473583481175e-08,6.280193236714979e-06,7.660416045715355e-06
618,"(1.0, 2.0, 2.0, 7.0, 9.0, 14.0)",101429999.99999996,21,-16.564841449414345,23.0,27.0,6.397065019886348e-08,2.2675736961451257e-07,2.661933824763927e-07
619,"(1.0, 2.0, 2.0, 7.0, 11.0, 13.0)",101429999.99999996,126,-16.284409686066418,136.0,162.0,8.467802736963336e-08,1.340826185546683e-06,1.5971588055569243e-06
620,"(1.0, 2.0, 2.0, 7.0, 11.0, 14.0)",101429999.99999996,1,-16.194066919690158,1.0,1.0,9.2684283554689e-08,9.859016070196199e-09,9.859015972996002e-09
621,"(1.0, 2.0, 2.0, 7.0, 12.0, 12.0)",40571999.99999999,1,-16.52530528284526,1.0,1.0,6.655046646788986e-08,2.4647540175490492e-08,2.4647539567989254e-08
622,"(1.0, 2.0, 2.0, 7.0, 12.0, 13.0)",81143999.99999997,49,-16.4024781630499,54.0,64.0,7.524787574261514e-08,6.654835847382434e-07,7.887208427472943e-07
623,"(1.0, 2.0, 2.0, 7.0, 12.0, 14.0)",81143999.99999997,2,-16.31213539667364,2.0,2.0,8.236251680465597e-08,2.4647540175490495e-08,2.4647539567989257e-08
624,"(1.0, 2.0, 2.0, 7.0, 13.0, 13.0)",40571999.99999999,45,-16.279651043254542,49.0,57.0,8.508194013197521e-08,1.207729468599034e-06,1.4049083313924885e-06
625,"(1.0, 2.0, 2.0, 7.0, 13.0, 14.0)",81143999.99999997,38,-16.18930827687828,42.0,52.0,9.312638602399738e-08,5.175983436853004e-07,6.408357766547075e-07
626,"(1.0, 2.0, 2.0, 8.0, 8.0, 8.0)",15869999.999999994,1,-15.638753844643931,1.0,1.0,1.6150110622061124e-07,6.301197227473222e-08,6.301196830422358e-08
627,"(1.0, 2.0, 2.0, 8.0, 8.0, 9.0)",47609999.99999999,7,-16.27417926512843,7.0,7.0,8.55487656489999e-08,1.4702793530770848e-07,1.470279136904947e-07
628,"(1.0, 2.0, 2.0, 8.0, 8.0, 11.0)",47609999.99999999,1,-15.903404735404242,1.0,1.0,1.2394787341565003e-07,2.100399075824407e-08,2.100399031707644e-08
629,"(1.0, 2.0, 2.0, 8.0, 8.0, 13.0)",43469999.99999999,85,-15.898646092592369,90.0,100.0,1.245391026812912e-07,2.0703933747412013e-06,2.300432796517053e-06
630,"(1.0, 2.0, 2.0, 8.0, 8.0, 14.0)",43469999.99999999,2,-15.808303326216103,2.0,2.0,1.3631419938696858e-07,4.600874166091558e-08,4.600873954411127e-08
631,"(1.0, 2.0, 2.0, 8.0, 9.0, 9.0)",47609999.99999999,5,-16.90960468561293,5.0,5.0,4.531604442430437e-08,1.0501995379122034e-07,1.0501994276202966e-07
632,"(1.0, 2.0, 2.0, 8.0, 9.0, 11.0)",95219999.99999996,8,-16.53883015588874,8.0,8.0,6.565643928805562e-08,8.40159630329763e-08,8.401595597429426e-08
633,"(1.0, 2.0, 2.0, 8.0, 9.0, 12.0)",86939999.99999997,26,-16.65689863287222,28.0,32.0,5.8344623023444396e-08,3.2206119162640913e-07,3.6806982956391356e-07
634,"(1.0, 2.0, 2.0, 8.0, 9.0, 13.0)",86939999.99999997,649,-16.534071513076867,715.0,863.0,6.596961939607334e-08,8.22406257188866e-06,9.926318378137352e-06
635,"(1.0, 2.0, 2.0, 8.0, 9.0, 14.0)",86939999.99999997,29,-16.443728746700604,32.0,40.0,7.220700694184189e-08,3.680699332873247e-07,4.6008728113368014e-07
636,"(1.0, 2.0, 2.0, 8.0, 11.0, 12.0)",86939999.99999997,2,-16.286124103148033,3.0,5.0,8.453297828591446e-08,3.4506556245686694e-08,5.7510925885442064e-08
637,"(1.0, 2.0, 2.0, 8.0, 11.0, 13.0)",86939999.99999997,134,-16.163296983352677,145.0,167.0,9.558050279453346e-08,1.6678168852081902e-06,1.920862182730063e-06
638,"(1.0, 2.0, 2.0, 8.0, 11.0, 14.0)",86939999.99999997,5,-16.072954216976413,8.0,14.0,1.0461758142567689e-07,9.201748332183118e-08,1.6103058734598733e-07
639,"(1.0, 2.0, 2.0, 8.0, 12.0, 13.0)",72449999.99999997,71,-16.281365460336158,85.0,117.0,8.49361991665734e-08,1.1732229123533476e-06,1.6149054558461353e-06
640,"(1.0, 2.0, 2.0, 8.0, 12.0, 14.0)",72449999.99999997,4,-16.191022693959894,4.0,4.0,9.296686533861496e-08,5.521048999309871e-08,5.521048694490051e-08
641,"(1.0, 2.0, 2.0, 8.0, 13.0, 13.0)",36224999.99999999,76,-16.1585383405408,82.0,96.0,9.603642018076684e-08,2.263630089717047e-06,2.6500983956475546e-06
642,"(1.0, 2.0, 2.0, 8.0, 13.0, 14.0)",72449999.99999997,78,-16.068195574164537,83.0,93.0,1.0511660552455808e-07,1.1456176673567984e-06,1.2836425798997053e-06
643,"(1.0, 2.0, 2.0, 8.0, 14.0, 14.0)",36224999.99999999,1,-15.977852807788274,1.0,1.0,1.1505531689131446e-07,2.760524499654935e-08,2.7605244234499797e-08
644,"(1.0, 2.0, 2.0, 9.0, 9.0, 11.0)",47609999.99999999,3,-17.17425557637324,4.0,6.0,3.477887842036845e-08,8.401596303297628e-08,1.2602393749078238e-07
645,"(1.0, 2.0, 2.0, 9.0, 9.0, 12.0)",43469999.99999999,13,-17.292324053356722,15.0,21.0,3.0905735562539896e-08,3.4506556245686686e-07,4.830916683693712e-07
646,"(1.0, 2.0, 2.0, 9.0, 9.0, 13.0)",43469999.99999999,396,-17.169496933561366,428.0,500.0,3.4944773083840026e-08,9.845870715435935e-06,1.150208847405875e-05
647,"(1.0, 2.0, 2.0, 9.0, 9.0, 14.0)",43469999.99999999,15,-17.079154167185102,15.0,15.0,3.824878020739523e-08,3.4506556245686686e-07,3.450654433866245e-07
648,"(1.0, 2.0, 2.0, 9.0, 11.0, 11.0)",47609999.99999999,6,-16.80348104664905,6.0,6.0,5.038959928040193e-08,1.2602394454946442e-07,1.2602392866742982e-07
649,"(1.0, 2.0, 2.0, 9.0, 11.0, 12.0)",86939999.99999997,21,-16.92154952363253,25.0,33.0,4.4777971607916916e-08,2.8755463538072245e-07,3.7957203601488526e-07
650,"(1.0, 2.0, 2.0, 9.0, 11.0, 13.0)",86939999.99999997,651,-16.798722403837175,731.0,911.0,5.0629956819079606e-08,8.408097538532325e-06,1.0478420217169308e-05
651,"(1.0, 2.0, 2.0, 9.0, 11.0, 14.0)",86939999.99999997,22,-16.70837963746091,27.0,39.0,5.541698856182942e-08,3.1055900621118023e-07,4.4858513474703065e-07
652,"(1.0, 2.0, 2.0, 9.0, 12.0, 12.0)",36224999.99999999,7,-17.039618000616017,7.0,7.0,3.979128173180846e-08,1.9323671497584545e-07,1.9323667763541743e-07
653,"(1.0, 2.0, 2.0, 9.0, 12.0, 13.0)",72449999.99999997,341,-16.916790880820656,363.0,415.0,4.499156177724465e-08,5.010351966873708e-06,5.7280632331571595e-06
654,"(1.0, 2.0, 2.0, 9.0, 12.0, 14.0)",72449999.99999997,25,-16.826448114444396,25.0,25.0,4.9245486684847715e-08,3.4506556245686697e-07,3.450654433866246e-07
655,"(1.0, 2.0, 2.0, 9.0, 13.0, 13.0)",36224999.99999999,355,-16.7939637610253,381.0,445.0,5.087146085916281e-08,1.0517598343685303e-05,1.2284223403589542e-05
656,"(1.0, 2.0, 2.0, 9.0, 13.0, 14.0)",72449999.99999997,397,-16.703620994649036,434.0,514.0,5.568132666258568e-08,5.9903381642512105e-06,7.0945120799618625e-06
657,"(1.0, 2.0, 2.0, 9.0, 14.0, 14.0)",36224999.99999999,12,-16.613278228272776,12.0,12.0,6.094596236363295e-08,3.312629399585922e-07,3.3126283022345683e-07
658,"(1.0, 2.0, 2.0, 11.0, 11.0, 12.0)",43469999.99999999,1,-16.55077499390834,1.0,1.0,6.487684906453761e-08,2.300437083045779e-08,2.3004370301256712e-08
659,"(1.0, 2.0, 2.0, 11.0, 11.0, 13.0)",43469999.99999999,60,-16.427947874112984,69.0,89.0,7.335553507106013e-08,1.5873015873015875e-06,2.0473864843844142e-06
660,"(1.0, 2.0, 2.0, 11.0, 11.0, 14.0)",43469999.99999999,1,-16.33760510773672,1.0,1.0,8.029125646909284e-08,2.300437083045779e-08,2.3004370301256712e-08
661,"(1.0, 2.0, 2.0, 11.0, 12.0, 12.0)",36224999.99999999,1,-16.668843470891822,1.0,1.0,5.7651851709661066e-08,2.760524499654935e-08,2.7605244234499797e-08
662,"(1.0, 2.0, 2.0, 11.0, 12.0, 13.0)",72449999.99999997,70,-16.546016351096466,75.0,87.0,6.518631054033824e-08,1.0351966873706008e-06,1.2008270857177155e-06
663,"(1.0, 2.0, 2.0, 11.0, 12.0, 14.0)",72449999.99999997,2,-16.455673584720202,2.0,2.0,7.134963670836989e-08,2.7605244996549357e-08,2.7605244234499804e-08
664,"(1.0, 2.0, 2.0, 11.0, 13.0, 13.0)",36224999.99999999,64,-16.42318923130111,69.0,79.0,7.370543973610718e-08,1.9047619047619051e-06,2.1808107266094848e-06
665,"(1.0, 2.0, 2.0, 11.0, 13.0, 14.0)",72449999.99999997,86,-16.332846464924845,96.0,118.0,8.067424440822803e-08,1.325051759834369e-06,1.6287076990342456e-06
666,"(1.0, 2.0, 2.0, 11.0, 14.0, 14.0)",36224999.99999999,3,-16.242503698548582,3.0,3.0,8.83019453400015e-08,8.281573498964805e-08,8.281572813120209e-08
667,"(1.0, 2.0, 2.0, 12.0, 12.0, 13.0)",27531000.0,15,-16.664084828079947,19.0,27.0,5.7926850069938443e-08,6.901311249137336e-07,9.807121749122309e-07
668,"(1.0, 2.0, 2.0, 12.0, 12.0, 14.0)",27531000.0,4,-16.573742061703683,4.0,4.0,6.340379864868591e-08,1.452907631397334e-07,1.4529074203032756e-07
669,"(1.0, 2.0, 2.0, 12.0, 13.0, 13.0)",27531000.0,23,-16.54125770828459,23.0,23.0,6.549724814215894e-08,8.35421888053467e-07,8.354211901237359e-07
670,"(1.0, 2.0, 2.0, 12.0, 13.0, 14.0)",55061999.99999999,30,-16.45091494190833,31.0,33.0,7.168997327205888e-08,5.63001707166467e-07,5.99324080980478e-07
671,"(1.0, 2.0, 2.0, 13.0, 13.0, 13.0)",9176999.999999998,15,-16.418430588489233,17.0,23.0,7.405701344050488e-08,1.852457230031601e-06,2.5062622325626122e-06
672,"(1.0, 2.0, 2.0, 13.0, 13.0, 14.0)",27531000.0,37,-16.32808782211297,40.0,46.0,8.105905919337327e-08,1.452907631397334e-06,1.6708416651663486e-06
673,"(1.0, 2.0, 2.0, 13.0, 14.0, 14.0)",27531000.0,21,-16.23774505573671,23.0,27.0,8.872314412993934e-08,8.35421888053467e-07,9.807119532634694e-07
674,"(1.0, 2.0, 3.0, 3.0, 3.0, 13.0)",22314600.0,8,-15.918646282586344,10.0,16.0,1.2207304002987104e-07,4.48137094099827e-07,7.170191497328681e-07
675,"(1.0, 2.0, 3.0, 3.0, 4.0, 7.0)",114760799.99999993,1,-16.018474551113982,1.0,1.0,1.104752247964849e-07,8.713776829718865e-09,8.713776753788959e-09
676,"(1.0, 2.0, 3.0, 3.0, 4.0, 9.0)",106259999.99999996,8,-16.53278726888474,9.0,11.0,6.605439492122597e-08,8.469791078486735e-08,1.0351966156332399e-07
677,"(1.0, 2.0, 3.0, 3.0, 4.0, 13.0)",89258399.99999999,42,-16.157254096348673,44.0,48.0,9.615983362515437e-08,4.929508035098098e-07,5.377642699192978e-07
678,"(1.0, 2.0, 3.0, 3.0, 6.0, 8.0)",106259999.99999996,1,-15.880681619298176,1.0,1.0,1.2679659871741866e-07,9.410878976096371e-09,9.410878887531728e-09
679,"(1.0, 2.0, 3.0, 3.0, 6.0, 9.0)",106259999.99999996,1,-16.516107039782675,2.0,4.0,6.716543782647097e-08,1.8821757952192743e-08,3.764351555012691e-08
680,"(1.0, 2.0, 3.0, 3.0, 6.0, 11.0)",106259999.99999996,1,-16.145332510058488,1.0,1.0,9.731307193582451e-08,9.410878976096371e-09,9.410878887531728e-09
681,"(1.0, 2.0, 3.0, 3.0, 6.0, 13.0)",89258399.99999999,28,-16.14057386724661,32.0,40.0,9.777725364764005e-08,3.585096752798617e-07,4.4813696557063984e-07
682,"(1.0, 2.0, 3.0, 3.0, 7.0, 9.0)",106259999.99999996,8,-16.296853606705394,10.0,14.0,8.363082985186059e-08,9.410878976096371e-08,1.3175229680888488e-07
683,"(1.0, 2.0, 3.0, 3.0, 7.0, 13.0)",89258399.99999999,47,-15.921320434169328,54.0,68.0,1.217470343052724e-07,6.049850770347666e-07,7.618326939627627e-07
684,"(1.0, 2.0, 3.0, 3.0, 7.0, 14.0)",89258399.99999999,1,-15.830977667793066,1.0,1.0,1.3325814263758978e-07,1.1203427352495678e-08,1.1203427226978893e-08
685,"(1.0, 2.0, 3.0, 3.0, 8.0, 9.0)",91079999.99999996,4,-16.175740903991652,5.0,7.0,9.439847637772769e-08,5.489679402722884e-08,7.685550862446237e-08
686,"(1.0, 2.0, 3.0, 3.0, 8.0, 12.0)",79694999.99999997,1,-15.923034851250945,1.0,1.0,1.2153848792883865e-07,1.2547838634795161e-08,1.2547838477346907e-08
687,"(1.0, 2.0, 3.0, 3.0, 8.0, 13.0)",79694999.99999997,55,-15.800207731455586,66.0,90.0,1.3742222290849324e-07,8.281573498964807e-07,1.1293047912869685e-06
688,"(1.0, 2.0, 3.0, 3.0, 8.0, 14.0)",79694999.99999997,3,-15.709864965079325,3.0,3.0,1.5041541082632846e-07,3.7643515904385486e-08,3.764351448735119e-08
689,"(1.0, 2.0, 3.0, 3.0, 9.0, 9.0)",45539999.99999999,4,-16.811166324476147,5.0,7.0,5.000382549844281e-08,1.0979358805445764e-07,1.537110112216087e-07
690,"(1.0, 2.0, 3.0, 3.0, 9.0, 11.0)",91079999.99999996,2,-16.44039179475196,2.0,2.0,7.244836072338686e-08,2.1958717610891534e-08,2.1958717128706257e-08
691,"(1.0, 2.0, 3.0, 3.0, 9.0, 12.0)",79694999.99999997,10,-16.55846027173544,10.0,10.0,6.438016348293657e-08,1.254783863479516e-07,1.2547837060312616e-07
692,"(1.0, 2.0, 3.0, 3.0, 9.0, 13.0)",79694999.99999997,281,-16.435633151940085,306.0,372.0,7.279393818209624e-08,3.839638622247319e-06,4.66778122931905e-06
693,"(1.0, 2.0, 3.0, 3.0, 9.0, 14.0)",79694999.99999997,16,-16.34529038556382,21.0,33.0,7.967656093452459e-08,2.635046113306984e-07,4.1407860551356013e-07
694,"(1.0, 2.0, 3.0, 3.0, 11.0, 12.0)",79694999.99999997,1,-16.18768574201125,1.0,1.0,9.327760948185202e-08,1.2547838634795161e-08,1.2547838477346907e-08
695,"(1.0, 2.0, 3.0, 3.0, 11.0, 13.0)",79694999.99999997,67,-16.064858622215894,75.0,91.0,1.054679604874768e-07,9.41087897609637e-07,1.1418524301199285e-06
696,"(1.0, 2.0, 3.0, 3.0, 11.0, 14.0)",79694999.99999997,2,-15.97451585583963,3.0,5.0,1.154398922531064e-07,3.7643515904385486e-08,6.273919175694151e-08
697,"(1.0, 2.0, 3.0, 3.0, 12.0, 13.0)",63755999.99999999,20,-16.182927099199375,22.0,26.0,9.372254210582539e-08,3.4506556245686686e-07,4.0780463656060025e-07
698,"(1.0, 2.0, 3.0, 3.0, 13.0, 13.0)",31878000.0,28,-16.06009997940402,32.0,40.0,1.0597104088013996e-07,1.0038270907836125e-06,1.2547828558106874e-06
699,"(1.0, 2.0, 3.0, 3.0, 13.0, 14.0)",63755999.99999999,33,-15.969757213027757,36.0,44.0,1.1599053859210108e-07,5.646527385657821e-07,6.901308060810185e-07
700,"(1.0, 2.0, 3.0, 4.0, 4.0, 9.0)",130409999.99999993,3,-16.771395082647068,3.0,3.0,5.203261608198717e-08,2.30043708304578e-08,2.300437030125672e-08
701,"(1.0, 2.0, 3.0, 4.0, 4.0, 13.0)",109544399.99999994,23,-16.395861910111,27.0,35.0,7.574738534040535e-08,2.46475401754905e-07,3.1950508967290135e-07
702,"(1.0, 2.0, 3.0, 4.0, 6.0, 9.0)",260819999.99999985,8,-16.754714853545003,11.0,17.0,5.2907810972624976e-08,4.21746798558393e-08,6.517904890759348e-08
703,"(1.0, 2.0, 3.0, 4.0, 6.0, 11.0)",260819999.99999985,1,-16.383940323820816,1.0,1.0,7.665581855429976e-08,3.8340618050763e-09,3.83406179037627e-09
704,"(1.0, 2.0, 3.0, 4.0, 6.0, 12.0)",219088799.99999988,1,-16.502008800804298,1.0,1.0,6.811905861178512e-08,4.5643592917575e-09,4.564359270924124e-09
705,"(1.0, 2.0, 3.0, 4.0, 6.0, 13.0)",219088799.99999988,63,-16.379181681008937,71.0,89.0,7.702146551589831e-08,3.240695097147825e-07,4.0622787194537036e-07
706,"(1.0, 2.0, 3.0, 4.0, 6.0, 14.0)",219088799.99999988,1,-16.288838914632677,1.0,1.0,8.430379841646197e-08,4.5643592917575e-09,4.564359270924124e-09
707,"(1.0, 2.0, 3.0, 4.0, 7.0, 9.0)",260819999.99999985,10,-16.535461420467723,12.0,18.0,6.587799142644981e-08,4.60087416609156e-08,6.901311037456909e-08
708,"(1.0, 2.0, 3.0, 4.0, 7.0, 13.0)",219088799.99999988,62,-16.159928247931656,69.0,85.0,9.590303117122529e-08,3.149407911312675e-07,3.879704406116856e-07
709,"(1.0, 2.0, 3.0, 4.0, 7.0, 14.0)",219088799.99999988,1,-16.069585481555393,1.0,1.0,1.0497060466497899e-07,4.5643592917575e-09,4.564359270924124e-09
710,"(1.0, 2.0, 3.0, 4.0, 8.0, 9.0)",231839999.99999988,5,-16.41434871775398,7.0,11.0,7.435992239342243e-08,3.019323671497586e-08,4.744651392618767e-08
711,"(1.0, 2.0, 3.0, 4.0, 8.0, 11.0)",231839999.99999988,3,-16.04357418802979,5.0,11.0,1.0773684667565098e-07,2.1566597653554185e-08,4.744651437270108e-08
712,"(1.0, 2.0, 3.0, 4.0, 8.0, 12.0)",202859999.9999999,4,-16.16164266501327,4.0,4.0,9.573875423623564e-08,1.9718032140392398e-08,1.9718031751591606e-08
713,"(1.0, 2.0, 3.0, 4.0, 8.0, 13.0)",202859999.9999999,130,-16.038815545217915,150.0,198.0,1.0825074961716385e-07,7.394262052647149e-07,9.760420441983106e-07
714,"(1.0, 2.0, 3.0, 4.0, 8.0, 14.0)",202859999.9999999,3,-15.948472778841651,3.0,3.0,1.1848579240903416e-07,1.4788524105294298e-08,1.4788523886593854e-08
715,"(1.0, 2.0, 3.0, 4.0, 9.0, 9.0)",115919999.99999994,4,-17.049774138238476,4.0,4.0,3.93892012468512e-08,3.45065562456867e-08,3.4506555054984277e-08
716,"(1.0, 2.0, 3.0, 4.0, 9.0, 11.0)",231839999.99999988,8,-16.67899960851429,10.0,14.0,5.7069294840788184e-08,4.313319530710837e-08,6.038647156947919e-08
717,"(1.0, 2.0, 3.0, 4.0, 9.0, 12.0)",202859999.9999999,18,-16.79706808549777,20.0,24.0,5.071378420464131e-08,9.859016070196198e-08,1.183081831223346e-07
718,"(1.0, 2.0, 3.0, 4.0, 9.0, 13.0)",202859999.9999999,599,-16.674240965702413,663.0,807.0,5.734151441462666e-08,3.26826382727004e-06,3.978102302775721e-06
719,"(1.0, 2.0, 3.0, 4.0, 9.0, 14.0)",202859999.9999999,15,-16.58389819932615,17.0,21.0,6.276311986179389e-08,8.380163659666769e-08,1.0351966171434578e-07
720,"(1.0, 2.0, 3.0, 4.0, 11.0, 11.0)",115919999.99999994,1,-16.308225078790098,1.0,1.0,8.268521093418172e-08,8.626639061421675e-09,8.626638987002773e-09
721,"(1.0, 2.0, 3.0, 4.0, 11.0, 12.0)",202859999.9999999,2,-16.42629355577358,2.0,2.0,7.3476988911984e-08,9.859016070196199e-09,9.859015972996002e-09
722,"(1.0, 2.0, 3.0, 4.0, 11.0, 13.0)",202859999.9999999,110,-16.303466435978223,117.0,131.0,8.307961799573804e-08,5.767524401064776e-07,6.457652199544738e-07
723,"(1.0, 2.0, 3.0, 4.0, 11.0, 14.0)",202859999.9999999,1,-16.21312366960196,1.0,1.0,9.09347455428991e-08,4.929508035098099e-09,4.92950801079805e-09
724,"(1.0, 2.0, 3.0, 4.0, 12.0, 13.0)",162287999.99999994,60,-16.421534912961704,64.0,72.0,7.382747290980377e-08,3.943606428078479e-07,4.4365556763851234e-07
725,"(1.0, 2.0, 3.0, 4.0, 12.0, 14.0)",162287999.99999994,2,-16.331192146585444,2.0,2.0,8.080781574456273e-08,1.2323770087745248e-08,1.2323769935869939e-08
726,"(1.0, 2.0, 3.0, 4.0, 13.0, 13.0)",81143999.99999997,46,-16.298707793166347,51.0,61.0,8.347590637232578e-08,6.285122744750077e-07,7.517495803247809e-07
727,"(1.0, 2.0, 3.0, 4.0, 13.0, 14.0)",162287999.99999994,71,-16.208365026790084,78.0,94.0,9.136850274539927e-08,4.806270334220647e-07,5.792169631216814e-07
728,"(1.0, 2.0, 3.0, 4.0, 14.0, 14.0)",81143999.99999997,1,-16.118022260413824,1.0,1.0,1.0000733932376481e-07,1.2323770087745248e-08,1.2323769935869939e-08
729,"(1.0, 2.0, 3.0, 6.0, 6.0, 8.0)",130409999.99999993,1,-16.102609203958444,1.0,1.0,1.0156069834434622e-07,7.6681236101526e-09,7.668123551352482e-09
730,"(1.0, 2.0, 3.0, 6.0, 6.0, 9.0)",130409999.99999993,1,-16.738034624442943,1.0,1.0,5.3797726747090373e-08,7.6681236101526e-09,7.668123551352482e-09
731,"(1.0, 2.0, 3.0, 6.0, 6.0, 12.0)",109544399.99999994,1,-16.485328571702233,1.0,1.0,6.926482940981983e-08,9.128718583515e-09,9.128718500181496e-09
732,"(1.0, 2.0, 3.0, 6.0, 6.0, 13.0)",109544399.99999994,40,-16.362501451906876,42.0,46.0,7.83169758739153e-08,3.8340618050763e-07,4.1992090784139073e-07
733,"(1.0, 2.0, 3.0, 6.0, 6.0, 14.0)",109544399.99999994,2,-16.272158685530613,2.0,2.0,8.572179849393625e-08,1.825743716703e-08,1.825743683369599e-08
734,"(1.0, 2.0, 3.0, 6.0, 7.0, 9.0)",260819999.99999985,14,-16.51878119136566,15.0,17.0,6.698606720359409e-08,5.75109270761445e-08,6.517904737879037e-08
735,"(1.0, 2.0, 3.0, 6.0, 7.0, 12.0)",219088799.99999988,4,-16.266075138624952,5.0,7.0,8.624488055980195e-08,2.28217964587875e-08,3.195051452146811e-08
736,"(1.0, 2.0, 3.0, 6.0, 7.0, 13.0)",219088799.99999988,68,-16.143248018829595,75.0,89.0,9.751613174540098e-08,3.423269468818125e-07,4.0622785977867894e-07
737,"(1.0, 2.0, 3.0, 6.0, 8.0, 9.0)",231839999.99999988,8,-16.397668488651917,8.0,8.0,7.561066527447231e-08,3.45065562456867e-08,3.4506555054984277e-08
738,"(1.0, 2.0, 3.0, 6.0, 8.0, 12.0)",202859999.9999999,1,-16.14496243591121,1.0,1.0,9.734909165251194e-08,4.929508035098099e-09,4.92950801079805e-09
739,"(1.0, 2.0, 3.0, 6.0, 8.0, 13.0)",202859999.9999999,122,-16.02213531611585,125.0,131.0,1.1007154030782167e-07,6.161885043872624e-07,6.457651729095781e-07
740,"(1.0, 2.0, 3.0, 6.0, 8.0, 14.0)",202859999.9999999,6,-15.931792549739589,8.0,12.0,1.2047873775635537e-07,3.9436064280784795e-08,5.9154094865974025e-08
741,"(1.0, 2.0, 3.0, 6.0, 9.0, 9.0)",115919999.99999994,6,-17.033093909136415,7.0,9.0,4.005173237200589e-08,6.038647342995172e-08,7.76397479062689e-08
742,"(1.0, 2.0, 3.0, 6.0, 9.0, 11.0)",231839999.99999988,3,-16.662319379412224,3.0,3.0,5.8029207276831384e-08,1.2939958592132512e-08,1.2939958424689983e-08
743,"(1.0, 2.0, 3.0, 6.0, 9.0, 12.0)",202859999.9999999,24,-16.780387856395706,32.0,50.0,5.15667961837214e-08,1.5774425712313918e-07,2.4647537687165427e-07
744,"(1.0, 2.0, 3.0, 6.0, 9.0, 13.0)",202859999.9999999,615,-16.65756073660035,679.0,825.0,5.8306005616799537e-08,3.3471359558316095e-06,4.066832925636825e-06
745,"(1.0, 2.0, 3.0, 6.0, 9.0, 14.0)",202859999.9999999,33,-16.567217970224085,34.0,36.0,6.381880312278883e-08,1.6760327319333538e-07,1.774622611726744e-07
746,"(1.0, 2.0, 3.0, 6.0, 11.0, 12.0)",202859999.9999999,1,-16.40961332667152,1.0,1.0,7.471288074517336e-08,4.929508035098099e-09,4.92950801079805e-09
747,"(1.0, 2.0, 3.0, 6.0, 11.0, 13.0)",202859999.9999999,113,-16.286786206876158,119.0,131.0,8.447702721059362e-08,5.866114561766738e-07,6.457652084848505e-07
748,"(1.0, 2.0, 3.0, 6.0, 11.0, 14.0)",202859999.9999999,5,-16.1964434404999,6.0,8.0,9.246427895238932e-08,2.9577048210588596e-08,3.943606340598302e-08
749,"(1.0, 2.0, 3.0, 6.0, 12.0, 12.0)",81143999.99999997,2,-16.527681803655,5.0,17.0,6.6392495684208e-08,6.161885043872624e-08,2.0950408769478647e-07
750,"(1.0, 2.0, 3.0, 6.0, 12.0, 13.0)",162287999.99999994,55,-16.404854683859643,60.0,72.0,7.506925992619243e-08,3.6971310263235745e-07,4.4365558647105066e-07
751,"(1.0, 2.0, 3.0, 6.0, 12.0, 14.0)",162287999.99999994,2,-16.31451191748338,2.0,2.0,8.216701297100636e-08,1.2323770087745248e-08,1.2323769935869939e-08
752,"(1.0, 2.0, 3.0, 6.0, 13.0, 13.0)",81143999.99999997,48,-16.282027564064286,50.0,54.0,8.487998120556669e-08,6.161885043872623e-07,6.654832050499705e-07
753,"(1.0, 2.0, 3.0, 6.0, 13.0, 14.0)",162287999.99999994,70,-16.191684797688023,73.0,79.0,9.290533200345507e-08,4.4981760820270154e-07,4.867887161300566e-07
754,"(1.0, 2.0, 3.0, 7.0, 7.0, 8.0)",130409999.99999993,1,-15.66410233780388,1.0,1.0,1.5745874684165925e-07,7.6681236101526e-09,7.668123551352482e-09
755,"(1.0, 2.0, 3.0, 7.0, 7.0, 9.0)",130409999.99999993,3,-16.299527758288377,3.0,3.0,8.340748709511454e-08,2.30043708304578e-08,2.300437030125672e-08
756,"(1.0, 2.0, 3.0, 7.0, 7.0, 12.0)",109544399.99999994,2,-16.04682170554767,2.0,2.0,1.0738753688058566e-07,1.825743716703e-08,1.825743683369599e-08
757,"(1.0, 2.0, 3.0, 7.0, 7.0, 13.0)",109544399.99999994,43,-15.923994585752313,50.0,64.0,1.2142189920478876e-07,4.5643592917575e-07,5.842377810112025e-07
758,"(1.0, 2.0, 3.0, 7.0, 7.0, 14.0)",109544399.99999994,1,-15.83365181937605,1.0,1.0,1.3290226621034093e-07,9.128718583515e-09,9.128718500181496e-09
759,"(1.0, 2.0, 3.0, 7.0, 8.0, 9.0)",231839999.99999988,9,-16.178415055574632,13.0,33.0,9.414637776787117e-08,5.607315389924088e-08,1.4233954136925906e-07
760,"(1.0, 2.0, 3.0, 7.0, 8.0, 12.0)",202859999.9999999,4,-15.925709002833926,5.0,7.0,1.2121390976797577e-07,2.4647540175490495e-08,3.450655563818546e-08
761,"(1.0, 2.0, 3.0, 7.0, 8.0, 13.0)",202859999.9999999,173,-15.80288188303857,185.0,213.0,1.3705522597498297e-07,9.119589864931484e-07,1.0499843798067022e-06
762,"(1.0, 2.0, 3.0, 7.0, 8.0, 14.0)",202859999.9999999,2,-15.712539116662306,2.0,2.0,1.500137145551026e-07,9.859016070196199e-09,9.859015972996002e-09
763,"(1.0, 2.0, 3.0, 7.0, 9.0, 9.0)",115919999.99999994,7,-16.813840476059134,7.0,7.0,4.9870286320911417e-08,6.038647342995172e-08,6.038646978342554e-08
764,"(1.0, 2.0, 3.0, 7.0, 9.0, 11.0)",231839999.99999988,7,-16.443065946334944,9.0,15.0,7.225488163637606e-08,3.8819875776397536e-08,6.469979145367979e-08
765,"(1.0, 2.0, 3.0, 7.0, 9.0, 12.0)",202859999.9999999,34,-16.561134423318425,39.0,53.0,6.420823115585683e-08,1.922508133688259e-07,2.6126388889982403e-07
766,"(1.0, 2.0, 3.0, 7.0, 9.0, 13.0)",202859999.9999999,762,-16.438307303523068,842.0,1024.0,7.259953620310369e-08,4.1506457655526e-06,5.047799000080183e-06
767,"(1.0, 2.0, 3.0, 7.0, 9.0, 14.0)",202859999.9999999,13,-16.347964537146805,14.0,16.0,7.946377836619804e-08,6.901311249137339e-08,7.88721237987599e-08
768,"(1.0, 2.0, 3.0, 7.0, 11.0, 11.0)",115919999.99999994,1,-16.072291416610753,1.0,1.0,1.0468694498145607e-07,8.626639061421675e-09,8.626638987002773e-09
769,"(1.0, 2.0, 3.0, 7.0, 11.0, 12.0)",202859999.9999999,3,-16.190359893594234,3.0,3.0,9.302850423584095e-08,1.4788524105294298e-08,1.4788523886593854e-08
770,"(1.0, 2.0, 3.0, 7.0, 11.0, 13.0)",202859999.9999999,159,-16.067532773798877,177.0,217.0,1.0518629994332842e-07,8.725229222123636e-07,1.0697024823200376e-06
771,"(1.0, 2.0, 3.0, 7.0, 11.0, 14.0)",202859999.9999999,7,-15.977190007422614,9.0,13.0,1.1513160087515469e-07,4.4365572315882896e-08,6.408360248797128e-08
772,"(1.0, 2.0, 3.0, 7.0, 12.0, 13.0)",162287999.99999994,67,-16.18560125078236,75.0,91.0,9.347224863199234e-08,4.621413782904468e-07,5.607313254177552e-07
773,"(1.0, 2.0, 3.0, 7.0, 12.0, 14.0)",162287999.99999994,1,-16.095258484406095,2.0,4.0,1.0230999310936725e-07,1.2323770087745248e-08,2.4647540023615185e-08
774,"(1.0, 2.0, 3.0, 7.0, 13.0, 13.0)",81143999.99999997,74,-16.062774130987002,87.0,119.0,1.0568803681994658e-07,1.0721679976338366e-06,1.4665274908974694e-06
775,"(1.0, 2.0, 3.0, 7.0, 13.0, 14.0)",162287999.99999994,70,-15.972431364610738,79.0,99.0,1.1568077666947651e-07,4.867889184659372e-07,6.100263823799386e-07
776,"(1.0, 2.0, 3.0, 7.0, 14.0, 14.0)",81143999.99999997,1,-15.882088598234477,1.0,1.0,1.266183240176117e-07,1.2323770087745248e-08,1.2323769935869939e-08
777,"(1.0, 2.0, 3.0, 8.0, 8.0, 9.0)",95219999.99999996,6,-16.05730235286089,7.0,9.0,1.0626792336643655e-07,7.351396765385426e-08,9.45179530077949e-08
778,"(1.0, 2.0, 3.0, 8.0, 8.0, 11.0)",95219999.99999996,1,-15.6865278231367,1.0,1.0,1.5396695690045973e-07,1.0501995379122038e-08,1.0501995268830131e-08
779,"(1.0, 2.0, 3.0, 8.0, 8.0, 12.0)",86939999.99999997,4,-15.804596300120185,5.0,7.0,1.3682045745752823e-07,5.751092707614449e-08,8.051529459909555e-08
780,"(1.0, 2.0, 3.0, 8.0, 8.0, 13.0)",86939999.99999997,97,-15.681769180324824,104.0,118.0,1.5470137668801058e-07,1.1962272831838054e-06,1.3572564480372969e-06
781,"(1.0, 2.0, 3.0, 8.0, 8.0, 14.0)",86939999.99999997,1,-15.591426413948565,1.0,1.0,1.6932829812700927e-07,1.1502185415228897e-08,1.1502185282928627e-08
782,"(1.0, 2.0, 3.0, 8.0, 9.0, 9.0)",95219999.99999996,4,-16.69272777334539,5.0,7.0,5.6291191341207935e-08,5.250997689561019e-08,7.351396489655659e-08
783,"(1.0, 2.0, 3.0, 8.0, 9.0, 11.0)",190440000.0,10,-16.3219532436212,12.0,16.0,8.155785072812157e-08,6.30119722747322e-08,8.401595906246762e-08
784,"(1.0, 2.0, 3.0, 8.0, 9.0, 12.0)",173879999.99999994,27,-16.440021720604683,35.0,57.0,7.24751769503933e-08,2.0128824476650572e-07,3.278122438170661e-07
785,"(1.0, 2.0, 3.0, 8.0, 9.0, 13.0)",173879999.99999994,852,-16.317194600809323,932.0,1100.0,8.194688030050948e-08,5.3600184034966665e-06,6.326173248578607e-06
786,"(1.0, 2.0, 3.0, 8.0, 9.0, 14.0)",173879999.99999994,22,-16.226851834433063,25.0,33.0,8.969490818486298e-08,1.4377731769036122e-07,1.897860386793597e-07
787,"(1.0, 2.0, 3.0, 8.0, 11.0, 11.0)",95219999.99999996,1,-15.95117871389701,1.0,1.0,1.1816561094028913e-07,1.0501995379122038e-08,1.0501995268830131e-08
788,"(1.0, 2.0, 3.0, 8.0, 11.0, 12.0)",173879999.99999994,4,-16.06924719088049,5.0,7.0,1.0500612124880201e-07,2.8755463538072244e-08,4.0257648126424454e-08
789,"(1.0, 2.0, 3.0, 8.0, 11.0, 13.0)",173879999.99999994,188,-15.946420071085134,215.0,279.0,1.1872925891144889e-07,1.2364849321371064e-06,1.6045533365294439e-06
790,"(1.0, 2.0, 3.0, 8.0, 11.0, 14.0)",173879999.99999994,4,-15.856077304708872,6.0,10.0,1.2995503840861945e-07,3.4506556245686694e-08,5.7510925885442064e-08
791,"(1.0, 2.0, 3.0, 8.0, 12.0, 12.0)",72449999.99999997,2,-16.187315667863974,3.0,5.0,9.331213550184072e-08,4.140786749482403e-08,6.90131107767619e-08
792,"(1.0, 2.0, 3.0, 8.0, 12.0, 13.0)",144899999.99999994,90,-16.064488548068617,94.0,102.0,1.0550699867608588e-07,6.487232574189099e-07,7.039333265701438e-07
793,"(1.0, 2.0, 3.0, 8.0, 12.0, 14.0)",144899999.99999994,4,-15.974145781692354,5.0,7.0,1.1548262147879693e-07,3.4506556245686694e-08,4.830917755325895e-08
794,"(1.0, 2.0, 3.0, 8.0, 13.0, 13.0)",72449999.99999997,99,-15.941661428273258,103.0,113.0,1.1929559547392438e-07,1.4216701173222918e-06,1.5596943211591161e-06
795,"(1.0, 2.0, 3.0, 8.0, 13.0, 14.0)",144899999.99999994,110,-15.851318661896997,126.0,162.0,1.3057492174995825e-07,8.695652173913047e-07,1.1180116662165816e-06
796,"(1.0, 2.0, 3.0, 8.0, 14.0, 14.0)",72449999.99999997,2,-15.760975895520732,2.0,2.0,1.429207014917372e-07,2.7605244996549357e-08,2.7605244234499804e-08
797,"(1.0, 2.0, 3.0, 9.0, 9.0, 9.0)",31739999.99999999,1,-17.328153193829888,1.0,1.0,2.9818012079581856e-08,3.150598613736611e-08,3.150598514473895e-08
798,"(1.0, 2.0, 3.0, 9.0, 9.0, 11.0)",95219999.99999996,8,-16.957378664105697,8.0,8.0,4.3202016518978824e-08,8.40159630329763e-08,8.401595597429426e-08
799,"(1.0, 2.0, 3.0, 9.0, 9.0, 12.0)",86939999.99999997,12,-17.075447141089178,12.0,12.0,3.839083256698922e-08,1.3802622498274678e-07,1.38026205931508e-07
800,"(1.0, 2.0, 3.0, 9.0, 9.0, 13.0)",86939999.99999997,522,-16.952620021293825,587.0,727.0,4.3408089409112817e-08,6.7517828387393625e-06,8.362043210299907e-06
801,"(1.0, 2.0, 3.0, 9.0, 9.0, 14.0)",86939999.99999997,14,-16.86227725491756,15.0,17.0,4.7512297963666394e-08,1.7253278122843346e-07,1.9553712229133063e-07
802,"(1.0, 2.0, 3.0, 9.0, 11.0, 11.0)",95219999.99999996,4,-16.58660413438151,4.0,4.0,6.259351650689536e-08,4.200798151648815e-08,4.200797975181764e-08
803,"(1.0, 2.0, 3.0, 9.0, 11.0, 12.0)",173879999.99999994,29,-16.70467261136499,32.0,40.0,5.562280202683689e-08,1.8403496664366235e-07,2.30043674435709e-07
804,"(1.0, 2.0, 3.0, 9.0, 11.0, 13.0)",173879999.99999994,781,-16.581845491569634,869.0,1065.0,6.289208652490757e-08,4.997699562916956e-06,6.124888756608467e-06
805,"(1.0, 2.0, 3.0, 9.0, 11.0, 14.0)",173879999.99999994,22,-16.49150272519337,26.0,34.0,6.883849520225105e-08,1.4952841039797567e-07,1.9553712970014574e-07
806,"(1.0, 2.0, 3.0, 9.0, 12.0, 12.0)",72449999.99999997,9,-16.822741088348472,9.0,9.0,4.942837977437908e-08,1.242236024844721e-07,1.2422358705296867e-07
807,"(1.0, 2.0, 3.0, 9.0, 12.0, 13.0)",144899999.99999994,432,-16.699913968553115,478.0,580.0,5.588812185434991e-08,3.298826777087648e-06,4.002749642241551e-06
808,"(1.0, 2.0, 3.0, 9.0, 12.0, 14.0)",144899999.99999994,30,-16.609571202176852,34.0,44.0,6.117230991549046e-08,2.3464458247066951e-07,3.0365763990396284e-07
809,"(1.0, 2.0, 3.0, 9.0, 13.0, 13.0)",72449999.99999997,494,-16.57708684875776,538.0,642.0,6.319208071686991e-08,7.425810904071777e-06,8.861228501224761e-06
810,"(1.0, 2.0, 3.0, 9.0, 13.0, 14.0)",144899999.99999994,514,-16.486744082381495,562.0,676.0,6.916685366330996e-08,3.878536922015185e-06,4.6652713613681855e-06
811,"(1.0, 2.0, 3.0, 9.0, 14.0, 14.0)",72449999.99999997,20,-16.39640131600523,21.0,23.0,7.570653777198022e-08,2.898550724637682e-07,3.174602334443546e-07
812,"(1.0, 2.0, 3.0, 11.0, 11.0, 12.0)",86939999.99999997,1,-16.3338980816408,1.0,1.0,8.058945061735967e-08,1.1502185415228897e-08,1.1502185282928627e-08
813,"(1.0, 2.0, 3.0, 11.0, 11.0, 13.0)",86939999.99999997,72,-16.211070961845444,87.0,123.0,9.112159971330337e-08,1.0006901311249142e-06,1.4147678046924159e-06
814,"(1.0, 2.0, 3.0, 11.0, 11.0, 14.0)",86939999.99999997,2,-16.12072819546918,2.0,2.0,9.973709175957243e-08,2.3004370830457794e-08,2.3004370301256715e-08
815,"(1.0, 2.0, 3.0, 11.0, 12.0, 13.0)",144899999.99999994,97,-16.329139438828925,103.0,117.0,8.097386093755263e-08,7.108350586611459e-07,8.07452910862588e-07
816,"(1.0, 2.0, 3.0, 11.0, 12.0, 14.0)",144899999.99999994,5,-16.238796672452665,5.0,5.0,8.862989043064879e-08,3.4506556245686694e-08,3.450655505498427e-08
817,"(1.0, 2.0, 3.0, 11.0, 13.0, 13.0)",72449999.99999997,96,-16.206312319033568,99.0,105.0,9.155624820704483e-08,1.3664596273291932e-06,1.449273495106928e-06
818,"(1.0, 2.0, 3.0, 11.0, 13.0, 14.0)",144899999.99999994,99,-16.115969552657305,106.0,122.0,1.0021283600506246e-07,7.31538992408558e-07,8.419594372454579e-07
819,"(1.0, 2.0, 3.0, 11.0, 14.0, 14.0)",72449999.99999997,1,-16.025626786281045,2.0,4.0,1.0968789893473132e-07,2.7605244996549357e-08,5.5210489231049164e-08
820,"(1.0, 2.0, 3.0, 12.0, 12.0, 12.0)",18354000.0,1,-16.570035035607766,1.0,1.0,6.363927437252375e-08,5.4484036177400024e-08,5.4484033208889827e-08
821,"(1.0, 2.0, 3.0, 12.0, 12.0, 13.0)",55061999.99999999,22,-16.447207915812406,24.0,28.0,7.195622306636098e-08,4.3587228941920025e-07,5.085174810044143e-07
822,"(1.0, 2.0, 3.0, 12.0, 13.0, 13.0)",55061999.99999999,33,-16.32438079601705,34.0,36.0,8.136010488848931e-08,6.17485743343867e-07,6.538080528401571e-07
823,"(1.0, 2.0, 3.0, 12.0, 13.0, 14.0)",110124000.0,40,-16.234038029640786,43.0,51.0,8.905265351313839e-08,3.904689259380335e-07,4.631141550419181e-07
824,"(1.0, 2.0, 3.0, 12.0, 14.0, 14.0)",55061999.99999999,3,-16.143695263264526,3.0,3.0,9.747252794966623e-08,5.448403617740003e-08,5.448403320888983e-08
825,"(1.0, 2.0, 3.0, 13.0, 13.0, 13.0)",18354000.0,19,-16.201553676221693,20.0,22.0,9.199296996677047e-08,1.0896807235480004e-06,1.198647608498721e-06
826,"(1.0, 2.0, 3.0, 13.0, 13.0, 14.0)",55061999.99999999,47,-16.11121090984543,49.0,53.0,1.006908495425794e-07,8.899059242308671e-07,9.625505138681798e-07
827,"(1.0, 2.0, 3.0, 13.0, 14.0, 14.0)",55061999.99999999,34,-16.020868143469166,36.0,40.0,1.1021110836261322e-07,6.538084341288003e-07,7.264533882331986e-07
828,"(1.0, 2.0, 4.0, 4.0, 4.0, 9.0)",49139999.99999999,2,-17.010002896409397,3.0,5.0,4.0987327785898374e-08,6.105006105006105e-08,1.0175009802299182e-07
829,"(1.0, 2.0, 4.0, 4.0, 4.0, 13.0)",41277599.99999999,5,-16.63446972387333,5.0,5.0,5.966801490395825e-08,1.211310735120259e-07,1.2113105883928895e-07
830,"(1.0, 2.0, 4.0, 4.0, 6.0, 9.0)",147419999.99999997,4,-16.993322667307332,4.0,4.0,4.1676739592573486e-08,2.7133360466693807e-08,2.7133359730474557e-08
831,"(1.0, 2.0, 4.0, 4.0, 6.0, 13.0)",123832800.0,12,-16.61778949477127,12.0,12.0,6.067163812551891e-08,9.690485880962071e-08,9.690484941906905e-08
832,"(1.0, 2.0, 4.0, 4.0, 6.0, 14.0)",123832800.0,1,-16.527446728395006,1.0,1.0,6.640810475197355e-08,8.075404900801726e-09,8.075404835589561e-09
833,"(1.0, 2.0, 4.0, 4.0, 7.0, 9.0)",147419999.99999997,2,-16.77406923423005,3.0,5.0,5.189365885847229e-08,2.0350020350020355e-08,3.391670016924393e-08
834,"(1.0, 2.0, 4.0, 4.0, 7.0, 12.0)",123832800.0,1,-16.521363181489342,1.0,1.0,6.681333293470195e-08,8.075404900801726e-09,8.075404835589561e-09
835,"(1.0, 2.0, 4.0, 4.0, 7.0, 13.0)",123832800.0,25,-16.39853606169399,30.0,42.0,7.554509594679034e-08,2.4226214702405177e-07,3.3916694714272466e-07
836,"(1.0, 2.0, 4.0, 4.0, 7.0, 14.0)",123832800.0,3,-16.308193295317725,3.0,3.0,8.26878389990634e-08,2.422621470240518e-08,2.42262141154957e-08
837,"(1.0, 2.0, 4.0, 4.0, 8.0, 9.0)",136079999.99999988,9,-16.65295653151631,9.0,9.0,5.857507737974899e-08,6.613756613756619e-08,6.613756176338854e-08
838,"(1.0, 2.0, 4.0, 4.0, 8.0, 11.0)",136079999.99999988,1,-16.28218200179212,1.0,1.0,8.486687354631541e-08,7.348618459729577e-09,7.348618405727384e-09
839,"(1.0, 2.0, 4.0, 4.0, 8.0, 13.0)",119069999.9999999,47,-16.277423358980244,52.0,62.0,8.527168710173488e-08,4.3671789703535775e-07,5.207019172811742e-07
840,"(1.0, 2.0, 4.0, 4.0, 8.0, 14.0)",119069999.9999999,1,-16.18708059260398,1.0,1.0,9.333407345478837e-08,8.398421096833803e-09,8.398421026300325e-09
841,"(1.0, 2.0, 4.0, 4.0, 9.0, 9.0)",68039999.99999994,6,-17.288381952000808,7.0,9.0,3.102780956055562e-08,1.0288065843621408e-07,1.322751216907025e-07
842,"(1.0, 2.0, 4.0, 4.0, 9.0, 11.0)",136079999.99999988,4,-16.917607422276618,4.0,4.0,4.4954839296639335e-08,2.939447383891831e-08,2.9394472974883217e-08
843,"(1.0, 2.0, 4.0, 4.0, 9.0, 12.0)",119069999.9999999,9,-17.0356758992601,11.0,17.0,3.9948452585656824e-08,9.238263206517183e-08,1.4277315011162393e-07
844,"(1.0, 2.0, 4.0, 4.0, 9.0, 13.0)",119069999.9999999,258,-16.912848779464742,289.0,359.0,4.516927312185916e-08,2.427143696984969e-06,3.015027282736809e-06
845,"(1.0, 2.0, 4.0, 4.0, 9.0, 14.0)",119069999.9999999,13,-16.82250601308848,14.0,16.0,4.944000052942811e-08,1.1757789535567324e-07,1.3437472372477937e-07
846,"(1.0, 2.0, 4.0, 4.0, 11.0, 12.0)",119069999.9999999,1,-16.66490136953591,2.0,4.0,5.787956970126039e-08,1.6796842193667606e-08,3.35936841052013e-08
847,"(1.0, 2.0, 4.0, 4.0, 11.0, 13.0)",119069999.9999999,45,-16.54207424974055,50.0,62.0,6.544378875267363e-08,4.199210548416901e-07,5.207019316700034e-07
848,"(1.0, 2.0, 4.0, 4.0, 11.0, 14.0)",119069999.9999999,6,-16.45173148336429,7.0,9.0,7.163145932968646e-08,5.878894767783662e-08,7.558578641536385e-08
849,"(1.0, 2.0, 4.0, 4.0, 12.0, 13.0)",95255999.99999994,24,-16.660142726724033,25.0,27.0,5.8155654272517125e-08,2.624506592760563e-07,2.834466431377922e-07
850,"(1.0, 2.0, 4.0, 4.0, 13.0, 13.0)",47627999.99999997,15,-16.537315606928676,16.0,18.0,6.575595452122445e-08,3.35936843873352e-07,3.7792883650395793e-07
851,"(1.0, 2.0, 4.0, 4.0, 13.0, 14.0)",95255999.99999994,31,-16.446972840552412,33.0,37.0,7.197314018252632e-08,3.4643487024439425e-07,3.8842685571144395e-07
852,"(1.0, 2.0, 4.0, 6.0, 6.0, 9.0)",147419999.99999997,2,-16.97664243820527,2.0,2.0,4.237774738915211e-08,1.3566680233346904e-08,1.356668004929209e-08
853,"(1.0, 2.0, 4.0, 6.0, 6.0, 13.0)",123832800.0,22,-16.601109265669205,25.0,33.0,6.169214241095427e-08,2.0188512252004316e-07,2.664883209688542e-07
854,"(1.0, 2.0, 4.0, 6.0, 7.0, 9.0)",294839999.99999994,6,-16.75738900512799,6.0,6.0,5.276651647181742e-08,2.0350020350020355e-08,2.0350019935897026e-08
855,"(1.0, 2.0, 4.0, 6.0, 7.0, 11.0)",294839999.99999994,1,-16.3866144754038,1.0,1.0,7.645110311781697e-08,3.391670058336726e-09,3.3916700468333e-09
856,"(1.0, 2.0, 4.0, 6.0, 7.0, 12.0)",247665600.0,1,-16.50468295238728,1.0,1.0,6.793714126905099e-08,4.037702450400863e-09,4.037702434097822e-09
857,"(1.0, 2.0, 4.0, 6.0, 7.0, 13.0)",247665600.0,56,-16.381855832591924,59.0,65.0,7.681577359023602e-08,2.3822444457365092e-07,2.624506025251701e-07
858,"(1.0, 2.0, 4.0, 6.0, 8.0, 9.0)",272159999.99999976,10,-16.636276302414245,11.0,13.0,5.9560317260071246e-08,4.0417401528512675e-08,4.776601835467591e-08
859,"(1.0, 2.0, 4.0, 6.0, 8.0, 12.0)",238139999.9999998,3,-16.38357024967354,5.0,11.0,7.668419214082665e-08,2.0996052742084508e-08,4.619131559175169e-08
860,"(1.0, 2.0, 4.0, 6.0, 8.0, 13.0)",238139999.9999998,111,-16.26074312987818,129.0,175.0,8.670596718386475e-08,5.416981607457803e-07,7.348615525360604e-07
861,"(1.0, 2.0, 4.0, 6.0, 8.0, 14.0)",238139999.9999998,3,-16.17040036350192,4.0,6.0,9.49039638497152e-08,1.6796842193667606e-08,2.51952630083675e-08
862,"(1.0, 2.0, 4.0, 6.0, 9.0, 9.0)",136079999.99999988,7,-17.271701722898744,8.0,10.0,3.154970106707323e-08,5.878894767783662e-08,7.34861811411554e-08
863,"(1.0, 2.0, 4.0, 6.0, 9.0, 11.0)",272159999.99999976,6,-16.900927193174553,7.0,9.0,4.571098512639866e-08,2.572016460905352e-08,3.306878240725623e-08
864,"(1.0, 2.0, 4.0, 6.0, 9.0, 12.0)",238139999.9999998,19,-17.018995670158034,20.0,22.0,4.062039038591586e-08,8.398421096833803e-08,9.238262501182413e-08
865,"(1.0, 2.0, 4.0, 6.0, 9.0, 13.0)",238139999.9999998,551,-16.896168550362678,594.0,684.0,4.5929025754473e-08,2.4943310657596394e-06,2.872253793429695e-06
866,"(1.0, 2.0, 4.0, 6.0, 9.0, 14.0)",238139999.9999998,19,-16.805825783986414,19.0,19.0,5.0271587313154426e-08,7.978500041992112e-08,7.978499405427483e-08
867,"(1.0, 2.0, 4.0, 6.0, 11.0, 11.0)",136079999.99999988,1,-16.530152663450366,1.0,1.0,6.622865163709989e-08,7.348618459729577e-09,7.348618405727384e-09
868,"(1.0, 2.0, 4.0, 6.0, 11.0, 12.0)",238139999.9999998,2,-16.648221140433847,2.0,2.0,5.8853111058378394e-08,8.398421096833803e-09,8.398421026300325e-09
869,"(1.0, 2.0, 4.0, 6.0, 11.0, 13.0)",238139999.9999998,86,-16.525394020638487,96.0,122.0,6.654456118837187e-08,4.031242126480225e-07,5.123035243977311e-07
870,"(1.0, 2.0, 4.0, 6.0, 11.0, 14.0)",238139999.9999998,2,-16.435051254262227,3.0,5.0,7.28363091322697e-08,1.2597631645250703e-08,2.0996052583384183e-08
871,"(1.0, 2.0, 4.0, 6.0, 12.0, 13.0)",190511999.99999988,35,-16.64346249762197,37.0,41.0,5.913383940548826e-08,1.9421348786428165e-07,2.1520950288748727e-07
872,"(1.0, 2.0, 4.0, 6.0, 12.0, 14.0)",190511999.99999988,1,-16.553119731245708,1.0,1.0,6.47249080946495e-08,5.249013185521125e-09,5.249013157968986e-09
873,"(1.0, 2.0, 4.0, 6.0, 13.0, 13.0)",95255999.99999994,49,-16.520635377826615,50.0,52.0,6.686197762287468e-08,5.249013185521126e-07,5.458970957728028e-07
874,"(1.0, 2.0, 4.0, 6.0, 13.0, 14.0)",190511999.99999988,54,-16.43029261145035,60.0,76.0,7.318373709834616e-08,3.149407911312675e-07,3.989249029119036e-07
875,"(1.0, 2.0, 4.0, 7.0, 7.0, 9.0)",147419999.99999997,3,-16.538135572050706,3.0,3.0,6.570205903118196e-08,2.0350020350020355e-08,2.0350019935897026e-08
876,"(1.0, 2.0, 4.0, 7.0, 7.0, 11.0)",147419999.99999997,1,-16.16736104232652,1.0,1.0,9.519284625750406e-08,6.783340116673452e-09,6.7833400706597485e-09
877,"(1.0, 2.0, 4.0, 7.0, 7.0, 13.0)",123832800.0,41,-16.16260239951464,42.0,44.0,9.564691452859453e-08,3.391670058336725e-07,3.553177006010181e-07
878,"(1.0, 2.0, 4.0, 7.0, 7.0, 14.0)",123832800.0,2,-16.07225963313838,2.0,2.0,1.0469027234895707e-07,1.6150809801603452e-08,1.6150809540754796e-08
879,"(1.0, 2.0, 4.0, 7.0, 8.0, 9.0)",272159999.99999976,12,-16.417022869336964,13.0,15.0,7.416133832952892e-08,4.7766019988242255e-08,5.5114636166379165e-08
880,"(1.0, 2.0, 4.0, 7.0, 8.0, 12.0)",238139999.9999998,2,-16.164316816596255,2.0,2.0,9.548307630817456e-08,8.398421096833803e-09,8.398421026300325e-09
881,"(1.0, 2.0, 4.0, 7.0, 8.0, 13.0)",238139999.9999998,119,-16.041489696800898,132.0,160.0,1.0796165741417902e-07,5.54295792391031e-07,6.718733805028788e-07
882,"(1.0, 2.0, 4.0, 7.0, 8.0, 14.0)",238139999.9999998,2,-15.951146930424636,2.0,2.0,1.1816936671340534e-07,8.398421096833803e-09,8.398421026300325e-09
883,"(1.0, 2.0, 4.0, 7.0, 9.0, 9.0)",136079999.99999988,6,-17.052448289821463,7.0,9.0,3.9284009264324045e-08,5.144032921810704e-08,6.613756349145872e-08
884,"(1.0, 2.0, 4.0, 7.0, 9.0, 11.0)",272159999.99999976,9,-16.681673760097272,9.0,9.0,5.6916886767618615e-08,3.3068783068783096e-08,3.306878197523868e-08
885,"(1.0, 2.0, 4.0, 7.0, 9.0, 12.0)",238139999.9999998,31,-16.799742237080753,33.0,37.0,5.0578349026138934e-08,1.3857394809775774e-07,1.5537077108868624e-07
886,"(1.0, 2.0, 4.0, 7.0, 9.0, 13.0)",238139999.9999998,680,-16.676915117285397,734.0,846.0,5.7188379357518645e-08,3.0822205425380053e-06,3.5525226238772257e-06
887,"(1.0, 2.0, 4.0, 7.0, 9.0, 14.0)",238139999.9999998,28,-16.586572350909133,32.0,42.0,6.259550597781419e-08,1.3437473754934085e-07,1.7636682497693977e-07
888,"(1.0, 2.0, 4.0, 7.0, 11.0, 12.0)",238139999.9999998,2,-16.428967707356563,2.0,2.0,7.32807627919028e-08,8.398421096833803e-09,8.398421026300325e-09
889,"(1.0, 2.0, 4.0, 7.0, 11.0, 13.0)",238139999.9999998,133,-16.306140587561206,145.0,169.0,8.285774729392337e-08,6.088855295204507e-07,7.096662119408682e-07
890,"(1.0, 2.0, 4.0, 7.0, 12.0, 13.0)",190511999.99999988,46,-16.424209064544687,50.0,58.0,7.363031079443942e-08,2.624506592760563e-07,3.0444269587987673e-07
891,"(1.0, 2.0, 4.0, 7.0, 12.0, 14.0)",190511999.99999988,1,-16.333866298168424,1.0,1.0,8.059201207064295e-08,5.249013185521125e-09,5.249013157968986e-09
892,"(1.0, 2.0, 4.0, 7.0, 13.0, 13.0)",95255999.99999994,54,-16.30138194474933,59.0,69.0,8.325297735100559e-08,6.193835558914928e-07,7.24363435965926e-07
893,"(1.0, 2.0, 4.0, 7.0, 13.0, 14.0)",190511999.99999988,69,-16.21103917837307,82.0,116.0,9.112449592017597e-08,4.304190812127323e-07,6.08885344259865e-07
894,"(1.0, 2.0, 4.0, 8.0, 8.0, 8.0)",38639999.99999999,1,-15.66048474613872,1.0,1.0,1.5802939986430626e-07,2.5879917184265014e-08,2.58799165144949e-08
895,"(1.0, 2.0, 4.0, 8.0, 8.0, 9.0)",115919999.99999996,4,-16.29591016662322,5.0,7.0,8.370976775958635e-08,4.3133195307108364e-08,6.038647156947919e-08
896,"(1.0, 2.0, 4.0, 8.0, 8.0, 12.0)",105839999.99999996,2,-16.04320411388251,2.0,2.0,1.0777672467576847e-07,1.889644746787605e-08,1.8896447110800323e-08
897,"(1.0, 2.0, 4.0, 8.0, 8.0, 13.0)",105839999.99999996,115,-15.920376994087157,124.0,144.0,1.2186194953661545e-07,1.171579743008315e-06,1.3605428450879811e-06
898,"(1.0, 2.0, 4.0, 8.0, 8.0, 14.0)",105839999.99999996,4,-15.830034227710891,4.0,4.0,1.3338392303443465e-07,3.77928949357521e-08,3.779289350744919e-08
899,"(1.0, 2.0, 4.0, 8.0, 9.0, 9.0)",115919999.99999996,5,-16.931335587107718,6.0,8.0,4.4341908685224413e-08,5.175983436853004e-08,6.901310981229293e-08
900,"(1.0, 2.0, 4.0, 8.0, 9.0, 11.0)",231839999.9999999,9,-16.56056105738353,10.0,12.0,6.424505652453852e-08,4.3133195307108364e-08,5.17598325080575e-08
901,"(1.0, 2.0, 4.0, 8.0, 9.0, 12.0)",211679999.9999999,25,-16.678629534367012,30.0,40.0,5.709041861985327e-08,1.4172335600907035e-07,1.8896445459325084e-07
902,"(1.0, 2.0, 4.0, 8.0, 9.0, 13.0)",211679999.9999999,888,-16.55580241457165,982.0,1196.0,6.455150436057963e-08,4.63907785336357e-06,5.650016271851608e-06
903,"(1.0, 2.0, 4.0, 8.0, 9.0, 14.0)",211679999.9999999,21,-16.46545964819539,21.0,21.0,7.065480998891638e-08,9.920634920634925e-08,9.920633936444953e-08
904,"(1.0, 2.0, 4.0, 8.0, 11.0, 12.0)",211679999.9999999,8,-16.30785500464282,11.0,19.0,8.271581625588047e-08,5.196523053665913e-08,8.975812277202604e-08
905,"(1.0, 2.0, 4.0, 8.0, 11.0, 13.0)",211679999.9999999,188,-16.185027884847464,213.0,273.0,9.352585780258333e-08,1.0062358276643996e-06,1.2896815271719993e-06
906,"(1.0, 2.0, 4.0, 8.0, 11.0, 14.0)",211679999.9999999,3,-16.0946851184712,3.0,3.0,1.0236867099455814e-07,1.4172335600907036e-08,1.4172335400051939e-08
907,"(1.0, 2.0, 4.0, 8.0, 12.0, 12.0)",88199999.99999997,2,-16.425923481626302,2.0,2.0,7.350418587813672e-08,2.2675736961451256e-08,2.2675736447262208e-08
908,"(1.0, 2.0, 4.0, 8.0, 12.0, 13.0)",176399999.99999994,103,-16.303096361830946,108.0,120.0,8.311036930430509e-08,6.122448979591839e-07,6.802717339997226e-07
909,"(1.0, 2.0, 4.0, 8.0, 12.0, 14.0)",176399999.99999994,5,-16.212753595454682,5.0,5.0,9.096840436906028e-08,2.8344671201814068e-08,2.8344670398393682e-08
910,"(1.0, 2.0, 4.0, 8.0, 13.0, 13.0)",88199999.99999997,118,-16.18026924203559,139.0,195.0,9.397197456685953e-08,1.5759637188208623e-06,2.2108818700798544e-06
911,"(1.0, 2.0, 4.0, 8.0, 13.0, 14.0)",176399999.99999994,96,-16.089926475659325,115.0,171.0,1.0285696782861386e-07,6.519274376417236e-07,9.693873300926571e-07
912,"(1.0, 2.0, 4.0, 8.0, 14.0, 14.0)",88199999.99999997,3,-15.999583709283062,3.0,3.0,1.1258203182023513e-07,3.401360544217688e-08,3.401360428525152e-08
913,"(1.0, 2.0, 4.0, 9.0, 9.0, 9.0)",38639999.99999999,2,-17.566761007592216,2.0,2.0,2.348835647825116e-08,5.175983436853003e-08,5.175983168944957e-08
914,"(1.0, 2.0, 4.0, 9.0, 9.0, 11.0)",115919999.99999996,14,-17.195986477868026,19.0,35.0,3.4031254728477515e-08,1.639061421670118e-07,3.019323402845351e-07
915,"(1.0, 2.0, 4.0, 9.0, 9.0, 12.0)",105839999.99999996,25,-17.314054954851507,31.0,45.0,3.024137083396548e-08,2.9289493575207873e-07,4.251699822397677e-07
916,"(1.0, 2.0, 4.0, 9.0, 9.0, 13.0)",105839999.99999996,500,-17.191227835056154,534.0,614.0,3.419358323954835e-08,5.045351473922905e-06,5.801183917066451e-06
917,"(1.0, 2.0, 4.0, 9.0, 9.0, 14.0)",105839999.99999996,19,-17.10088506867989,21.0,25.0,3.742656581843912e-08,1.984126984126985e-07,2.362055539808517e-07
918,"(1.0, 2.0, 4.0, 9.0, 11.0, 12.0)",211679999.9999999,20,-16.94328042512732,22.0,26.0,4.3815402543892774e-08,1.0393046107331826e-07,1.2282689773965356e-07
919,"(1.0, 2.0, 4.0, 9.0, 11.0, 13.0)",211679999.9999999,790,-16.820453305331963,873.0,1053.0,4.954159063372279e-08,4.124149659863947e-06,4.9744727873079524e-06
920,"(1.0, 2.0, 4.0, 9.0, 11.0, 14.0)",211679999.9999999,21,-16.7301105389557,24.0,30.0,5.422571801304097e-08,1.1337868480725628e-07,1.4172334315434418e-07
921,"(1.0, 2.0, 4.0, 9.0, 12.0, 12.0)",88199999.99999997,10,-17.0613489021108,11.0,13.0,3.8935908979592726e-08,1.247165532879819e-07,1.4739227469521448e-07
922,"(1.0, 2.0, 4.0, 9.0, 12.0, 13.0)",176399999.99999994,421,-16.938521782315444,457.0,535.0,4.402440127502016e-08,2.590702947845806e-06,3.032873106852341e-06
923,"(1.0, 2.0, 4.0, 9.0, 12.0, 14.0)",176399999.99999994,31,-16.84817901593918,32.0,34.0,4.818688174309866e-08,1.8140589569161004e-07,1.9274373126423666e-07
924,"(1.0, 2.0, 4.0, 9.0, 13.0, 13.0)",88199999.99999997,419,-16.815694662520087,447.0,505.0,4.9777903185458634e-08,5.068027210884356e-06,5.725597897866632e-06
925,"(1.0, 2.0, 4.0, 9.0, 13.0, 14.0)",176399999.99999994,473,-16.725351896143824,520.0,632.0,5.448437377337192e-08,2.9478458049886633e-06,3.582757750114408e-06
926,"(1.0, 2.0, 4.0, 9.0, 14.0, 14.0)",88199999.99999997,15,-16.63500912976756,16.0,18.0,5.963583830392608e-08,1.8140589569161004e-07,2.040815997449623e-07
927,"(1.0, 2.0, 4.0, 11.0, 11.0, 12.0)",105839999.99999996,1,-16.57250589540313,1.0,1.0,6.348222475176845e-08,9.448223733938024e-09,9.448223644669093e-09
928,"(1.0, 2.0, 4.0, 11.0, 11.0, 13.0)",105839999.99999996,96,-16.449678775607772,110.0,140.0,7.177864879866238e-08,1.0393046107331826e-06,1.3227502425972495e-06
929,"(1.0, 2.0, 4.0, 11.0, 12.0, 12.0)",88199999.99999997,1,-16.690574372386614,1.0,1.0,5.6412539455293006e-08,1.1337868480725628e-08,1.1337868352178366e-08
930,"(1.0, 2.0, 4.0, 11.0, 12.0, 13.0)",176399999.99999994,79,-16.567747252591253,82.0,88.0,6.378503389311943e-08,4.6485260770975073e-07,4.988659970639806e-07
931,"(1.0, 2.0, 4.0, 11.0, 12.0, 14.0)",176399999.99999994,1,-16.477404486214994,1.0,1.0,6.981587020312901e-08,5.668934240362814e-09,5.668934208225998e-09
932,"(1.0, 2.0, 4.0, 11.0, 13.0, 13.0)",88199999.99999997,83,-16.444920132795897,88.0,98.0,7.212103174278644e-08,9.977324263038552e-07,1.111110115641117e-06
933,"(1.0, 2.0, 4.0, 11.0, 13.0, 14.0)",176399999.99999994,112,-16.354577366419633,128.0,164.0,7.894003159906287e-08,7.256235827664402e-07,9.297046888899176e-07
934,"(1.0, 2.0, 4.0, 11.0, 14.0, 14.0)",88199999.99999997,4,-16.264234600043373,4.0,4.0,8.640376376041378e-08,4.535147392290251e-08,4.5351471866146327e-08
935,"(1.0, 2.0, 4.0, 12.0, 12.0, 12.0)",22344000.0,1,-16.808642849370095,1.0,1.0,5.013016825164667e-08,4.4754744002864305e-08,4.4754741999877197e-08
936,"(1.0, 2.0, 4.0, 12.0, 12.0, 13.0)",67031999.99999999,12,-16.685815729574735,13.0,15.0,5.668162631701995e-08,1.9393722401241201e-07,2.2377368240267469e-07
937,"(1.0, 2.0, 4.0, 12.0, 12.0, 14.0)",67031999.99999999,3,-16.595472963198475,4.0,6.0,6.204083974435583e-08,5.967299200381908e-08,8.950948444486264e-08
938,"(1.0, 2.0, 4.0, 12.0, 13.0, 13.0)",67031999.99999999,48,-16.562988609779378,57.0,77.0,6.408928742896735e-08,8.503401360544219e-07,1.1487043729951704e-06
939,"(1.0, 2.0, 4.0, 12.0, 13.0, 14.0)",134063999.99999996,44,-16.472645843403114,48.0,58.0,7.01488907264576e-08,3.5803795202291455e-07,4.326290638365133e-07
940,"(1.0, 2.0, 4.0, 12.0, 14.0, 14.0)",67031999.99999999,1,-16.382303077026855,1.0,1.0,7.678142584447453e-08,1.491824800095477e-08,1.4918247778400645e-08
941,"(1.0, 2.0, 4.0, 13.0, 13.0, 13.0)",22344000.0,25,-16.44016148998402,29.0,39.0,7.246504784777922e-08,1.2978875760830648e-06,1.7454333315995476e-06
942,"(1.0, 2.0, 4.0, 13.0, 13.0, 14.0)",67031999.99999999,43,-16.349818723607758,48.0,58.0,7.931657421835829e-08,7.160759040458289e-07,8.652578712906763e-07
943,"(1.0, 2.0, 4.0, 13.0, 14.0, 14.0)",67031999.99999999,26,-16.259475957231494,27.0,29.0,8.681590825623305e-08,4.0279269602577877e-07,4.3262902978573233e-07
944,"(1.0, 2.0, 4.0, 14.0, 14.0, 14.0)",22344000.0,1,-16.169133190855234,1.0,1.0,9.502429978386739e-08,4.4754744002864305e-08,4.4754741999877197e-08
945,"(1.0, 2.0, 6.0, 6.0, 6.0, 9.0)",49139999.99999999,2,-16.959962209103207,2.0,2.0,4.309054622158608e-08,4.070004070004071e-08,4.0700039043547396e-08
946,"(1.0, 2.0, 6.0, 6.0, 6.0, 13.0)",41277599.99999999,8,-16.58442903656714,8.0,8.0,6.272981170179852e-08,1.9380971761924145e-07,1.9380968005703482e-07
947,"(1.0, 2.0, 6.0, 6.0, 6.0, 14.0)",41277599.99999999,1,-16.494086270190877,1.0,1.0,6.866087739293231e-08,2.4226214702405182e-08,2.4226214115495702e-08
948,"(1.0, 2.0, 6.0, 6.0, 7.0, 9.0)",147419999.99999997,3,-16.740708776025926,3.0,3.0,5.365405565570399e-08,2.0350020350020355e-08,2.0350019935897026e-08
949,"(1.0, 2.0, 6.0, 6.0, 7.0, 13.0)",123832800.0,20,-16.36517560348986,21.0,23.0,7.81078241852058e-08,1.6958350291683626e-07,1.8573428395987524e-07
950,"(1.0, 2.0, 6.0, 6.0, 8.0, 9.0)",136079999.99999988,3,-16.61959607331218,3.0,3.0,6.056212899424669e-08,2.2045855379188733e-08,2.2045854893168993e-08
951,"(1.0, 2.0, 6.0, 6.0, 8.0, 12.0)",119069999.9999999,1,-16.366890020571475,2.0,4.0,7.797402951991574e-08,1.6796842193667606e-08,3.35936841052013e-08
952,"(1.0, 2.0, 6.0, 6.0, 8.0, 13.0)",119069999.9999999,44,-16.244062900776115,47.0,53.0,8.81643720303087e-08,3.947257915511887e-07,4.4511616232374103e-07
953,"(1.0, 2.0, 6.0, 6.0, 9.0, 9.0)",68039999.99999994,2,-17.25502149379668,3.0,5.0,3.208037085180104e-08,4.4091710758377465e-08,7.348618265321681e-08
954,"(1.0, 2.0, 6.0, 6.0, 9.0, 11.0)",136079999.99999988,2,-16.88424696407249,2.0,2.0,4.647984942039471e-08,1.4697236919459155e-08,1.469723670345038e-08
955,"(1.0, 2.0, 6.0, 6.0, 9.0, 12.0)",119069999.9999999,7,-17.00231544105597,8.0,10.0,4.13036302611789e-08,6.718736877467042e-08,8.39842064541955e-08
956,"(1.0, 2.0, 6.0, 6.0, 9.0, 13.0)",119069999.9999999,259,-16.879488321260617,284.0,344.0,4.670155751818329e-08,2.3851515915008e-06,2.889051168362714e-06
957,"(1.0, 2.0, 6.0, 6.0, 9.0, 14.0)",119069999.9999999,11,-16.789145554884353,14.0,20.0,5.111716148708006e-08,1.1757789535567324e-07,1.679684081121146e-07
958,"(1.0, 2.0, 6.0, 6.0, 11.0, 12.0)",119069999.9999999,2,-16.631540911331783,2.0,2.0,5.984302749877554e-08,1.6796842193667606e-08,1.67968419115337e-08
959,"(1.0, 2.0, 6.0, 6.0, 11.0, 13.0)",119069999.9999999,54,-16.508713791536426,63.0,83.0,6.766384874946659e-08,5.291005291005295e-07,6.970686710898357e-07
960,"(1.0, 2.0, 6.0, 6.0, 11.0, 14.0)",119069999.9999999,2,-16.418371025160162,2.0,2.0,7.40614246541384e-08,1.6796842193667606e-08,1.67968419115337e-08
961,"(1.0, 2.0, 6.0, 6.0, 12.0, 13.0)",95255999.99999994,35,-16.626782268519907,40.0,50.0,6.01284777306098e-08,4.1992105484169005e-07,5.249011422184202e-07
962,"(1.0, 2.0, 6.0, 6.0, 12.0, 14.0)",95255999.99999994,1,-16.536439502143644,2.0,4.0,6.581358887080308e-08,2.09960527420845e-08,4.1992105043334775e-08
963,"(1.0, 2.0, 6.0, 6.0, 13.0, 13.0)",47627999.99999997,24,-16.50395514872455,29.0,45.0,6.798660416675774e-08,6.088855295204505e-07,9.448220026522144e-07
964,"(1.0, 2.0, 6.0, 6.0, 13.0, 14.0)",95255999.99999994,25,-16.413612382348287,26.0,28.0,7.441469640059095e-08,2.729486856470985e-07,2.9394466388819803e-07
965,"(1.0, 2.0, 6.0, 6.0, 14.0, 14.0)",47627999.99999997,1,-16.323269615972023,1.0,1.0,8.145056086063088e-08,2.09960527420845e-08,2.099605230125027e-08
966,"(1.0, 2.0, 6.0, 7.0, 7.0, 9.0)",147419999.99999997,4,-16.52145534294864,4.0,4.0,6.680717560417666e-08,2.7133360466693807e-08,2.7133359730474557e-08
967,"(1.0, 2.0, 6.0, 7.0, 7.0, 11.0)",147419999.99999997,1,-16.150680813224454,2.0,4.0,9.67940014356055e-08,1.3566680233346904e-08,2.7133360282638994e-08
968,"(1.0, 2.0, 6.0, 7.0, 7.0, 13.0)",123832800.0,35,-16.14592217041258,40.0,50.0,9.725570718988948e-08,3.2301619603206905e-07,4.037701407006234e-07
969,"(1.0, 2.0, 6.0, 7.0, 8.0, 9.0)",272159999.99999976,10,-16.4003426402349,10.0,10.0,7.540874100262524e-08,3.6743092298647885e-08,3.6743090948593054e-08
970,"(1.0, 2.0, 6.0, 7.0, 8.0, 11.0)",272159999.99999976,1,-16.02956811051071,1.0,1.0,1.0925643419071605e-07,3.6743092298647886e-09,3.6743092163642403e-09
971,"(1.0, 2.0, 6.0, 7.0, 8.0, 12.0)",238139999.9999998,1,-16.14763658749419,2.0,4.0,9.708911319080255e-08,8.398421096833803e-09,1.679684212313413e-08
972,"(1.0, 2.0, 6.0, 7.0, 8.0, 13.0)",238139999.9999998,104,-16.024809467698834,114.0,138.0,1.0977758553904586e-07,4.787100025195267e-07,5.794908265182659e-07
973,"(1.0, 2.0, 6.0, 7.0, 8.0, 14.0)",238139999.9999998,7,-15.934466701322572,8.0,10.0,1.2015698974228625e-07,3.359368438733521e-08,4.1992104355633384e-08
974,"(1.0, 2.0, 6.0, 7.0, 9.0, 9.0)",136079999.99999988,6,-17.0357680607194,6.0,6.0,3.9944771047620326e-08,4.4091710758377465e-08,4.409170881429851e-08
975,"(1.0, 2.0, 6.0, 7.0, 9.0, 11.0)",272159999.99999976,9,-16.664993530995208,11.0,15.0,5.787423568145259e-08,4.0417401528512675e-08,5.511463681440548e-08
976,"(1.0, 2.0, 6.0, 7.0, 9.0, 12.0)",238139999.9999998,25,-16.783062007978693,26.0,28.0,5.1429082969149095e-08,1.0917947425883944e-07,1.1757788343551564e-07
977,"(1.0, 2.0, 6.0, 7.0, 9.0, 13.0)",238139999.9999998,689,-16.660234888183332,746.0,866.0,5.81502948095246e-08,3.1326110691190082e-06,3.636506521676926e-06
978,"(1.0, 2.0, 6.0, 7.0, 9.0, 14.0)",238139999.9999998,27,-16.569892121807072,30.0,36.0,6.364836995302425e-08,1.2597631645250705e-07,1.5117156387297614e-07
979,"(1.0, 2.0, 6.0, 7.0, 11.0, 12.0)",238139999.9999998,3,-16.4122874782545,4.0,6.0,7.451335407803876e-08,1.6796842193667606e-08,2.51952630083675e-08
980,"(1.0, 2.0, 6.0, 7.0, 11.0, 13.0)",238139999.9999998,119,-16.289460358459145,133.0,163.0,8.425142461676104e-08,5.584950029394478e-07,6.844710074752865e-07
981,"(1.0, 2.0, 6.0, 7.0, 11.0, 14.0)",238139999.9999998,2,-16.19911759208288,2.0,2.0,9.221734576999303e-08,8.398421096833803e-09,8.398421026300325e-09
982,"(1.0, 2.0, 6.0, 7.0, 12.0, 13.0)",190511999.99999988,59,-16.407528835442626,64.0,74.0,7.486878152022062e-08,3.35936843873352e-07,3.884268628750002e-07
983,"(1.0, 2.0, 6.0, 7.0, 12.0, 14.0)",190511999.99999988,4,-16.317186069066363,4.0,4.0,8.194757945321107e-08,2.09960527420845e-08,2.099605230125027e-08
984,"(1.0, 2.0, 6.0, 7.0, 13.0, 13.0)",95255999.99999994,57,-16.284701715647266,61.0,69.0,8.465330249116724e-08,6.403796086335773e-07,7.243634095158721e-07
985,"(1.0, 2.0, 6.0, 7.0, 13.0, 14.0)",190511999.99999988,70,-16.194358949271006,76.0,90.0,9.265722095394363e-08,3.9892500209960553e-07,4.72411027555744e-07
986,"(1.0, 2.0, 6.0, 7.0, 14.0, 14.0)",95255999.99999994,1,-16.104016182894743,1.0,1.0,1.0141790505814893e-07,1.049802637104225e-08,1.0498026260833694e-08
987,"(1.0, 2.0, 6.0, 8.0, 8.0, 9.0)",115919999.99999996,6,-16.27922993752116,6.0,6.0,8.511777616962312e-08,5.175983436853004e-08,5.1759831689449585e-08
988,"(1.0, 2.0, 6.0, 8.0, 8.0, 12.0)",105839999.99999996,1,-16.02652388478045,2.0,4.0,1.0958954220962575e-07,1.889644746787605e-08,3.779289457867637e-08
989,"(1.0, 2.0, 6.0, 8.0, 8.0, 13.0)",105839999.99999996,88,-15.903696764985092,103.0,139.0,1.239116822548312e-07,9.731670445956164e-07,1.3133021519632885e-06
990,"(1.0, 2.0, 6.0, 8.0, 8.0, 14.0)",105839999.99999996,5,-15.813353998608829,5.0,5.0,1.3562745673931335e-07,4.724111866969012e-08,4.7241116437966826e-08
991,"(1.0, 2.0, 6.0, 8.0, 9.0, 9.0)",115919999.99999996,3,-16.914655358005653,5.0,11.0,4.5087744948027105e-08,4.3133195307108364e-08,9.489302781516588e-08
992,"(1.0, 2.0, 6.0, 8.0, 9.0, 11.0)",231839999.9999999,9,-16.543880828281466,11.0,15.0,6.53256661392928e-08,4.7446514837819206e-08,6.469979070949078e-08
993,"(1.0, 2.0, 6.0, 8.0, 9.0, 12.0)",211679999.9999999,30,-16.661949305264947,39.0,61.0,5.805068636041314e-08,1.8424036281179146e-07,2.881707899405984e-07
994,"(1.0, 2.0, 6.0, 8.0, 9.0, 13.0)",211679999.9999999,829,-16.53912218546959,905.0,1079.0,6.56372684649701e-08,4.275321239606956e-06,5.097298426087861e-06
995,"(1.0, 2.0, 6.0, 8.0, 9.0, 14.0)",211679999.9999999,32,-16.448779419093327,36.0,46.0,7.184323243155984e-08,1.7006802721088442e-07,2.1730911695744068e-07
996,"(1.0, 2.0, 6.0, 8.0, 11.0, 11.0)",115919999.99999996,1,-16.173106298557276,2.0,4.0,9.464750702128628e-08,1.7253278122843347e-08,3.4506555948011086e-08
997,"(1.0, 2.0, 6.0, 8.0, 11.0, 12.0)",211679999.9999999,2,-16.291174775540757,4.0,10.0,8.410710628150621e-08,1.889644746787605e-08,4.7241118312614394e-08
998,"(1.0, 2.0, 6.0, 8.0, 11.0, 13.0)",211679999.9999999,159,-16.1683476557454,173.0,207.0,9.509897403341754e-08,8.17271352985639e-07,9.77890488530121e-07
999,"(1.0, 2.0, 6.0, 8.0, 11.0, 14.0)",211679999.9999999,3,-16.078004889369137,3.0,3.0,1.0409052441193484e-07,1.4172335600907036e-08,1.4172335400051939e-08
1000,"(1.0, 2.0, 6.0, 8.0, 12.0, 13.0)",176399999.99999994,77,-16.28641613272888,87.0,109.0,8.450829575988706e-08,4.931972789115648e-07,6.179135889559908e-07
1001,"(1.0, 2.0, 6.0, 8.0, 12.0, 14.0)",176399999.99999994,5,-16.19607336635262,5.0,5.0,9.249850392407419e-08,2.8344671201814068e-08,2.8344670398393682e-08
1002,"(1.0, 2.0, 6.0, 8.0, 13.0, 13.0)",88199999.99999997,84,-16.163589012933524,94.0,116.0,9.555259453558205e-08,1.065759637188209e-06,1.3151916079205684e-06
1003,"(1.0, 2.0, 6.0, 8.0, 13.0, 14.0)",176399999.99999994,92,-16.07324624655726,104.0,132.0,1.0458703445775004e-07,5.895691609977326e-07,7.482989721360957e-07
1004,"(1.0, 2.0, 6.0, 9.0, 9.0, 9.0)",38639999.99999999,1,-17.550080778490155,1.0,1.0,2.3883433472781844e-08,2.5879917184265014e-08,2.58799165144949e-08
1005,"(1.0, 2.0, 6.0, 9.0, 9.0, 11.0)",115919999.99999996,5,-17.179306248765965,5.0,5.0,3.4603664545685646e-08,4.3133195307108364e-08,4.3133193446635826e-08
1006,"(1.0, 2.0, 6.0, 9.0, 9.0, 12.0)",105839999.99999996,10,-17.297374725749446,10.0,10.0,3.075003434606066e-08,9.448223733938024e-08,9.448222841248706e-08
1007,"(1.0, 2.0, 6.0, 9.0, 9.0, 13.0)",105839999.99999996,483,-17.17454760595409,524.0,610.0,3.476872344193021e-08,4.9508692365835245e-06,5.7633919665959966e-06
1008,"(1.0, 2.0, 6.0, 9.0, 9.0, 14.0)",105839999.99999996,20,-17.084204839577826,23.0,29.0,3.805608517850368e-08,2.1730914588057455e-07,2.7399844106093783e-07
1009,"(1.0, 2.0, 6.0, 9.0, 11.0, 12.0)",211679999.9999999,29,-16.926600196025255,35.0,51.0,4.455238290977003e-08,1.6534391534391542e-07,2.4092967787680925e-07
1010,"(1.0, 2.0, 6.0, 9.0, 11.0, 13.0)",211679999.9999999,710,-16.8037730762299,777.0,929.0,5.03748861752805e-08,3.670634920634922e-06,4.388686450853491e-06
1011,"(1.0, 2.0, 6.0, 9.0, 11.0, 14.0)",211679999.9999999,22,-16.713430309853635,25.0,31.0,5.513780114319535e-08,1.1810279667422529e-07,1.4644745392776878e-07
1012,"(1.0, 2.0, 6.0, 9.0, 12.0, 12.0)",88199999.99999997,10,-17.044668673008736,11.0,13.0,3.959081567403193e-08,1.247165532879819e-07,1.4739227469521448e-07
1013,"(1.0, 2.0, 6.0, 9.0, 12.0, 13.0)",176399999.99999994,417,-16.92184155321338,455.0,545.0,4.476489702481246e-08,2.5793650793650804e-06,3.089562507873521e-06
1014,"(1.0, 2.0, 6.0, 9.0, 12.0, 14.0)",176399999.99999994,31,-16.831498786837116,33.0,37.0,4.8997390917399585e-08,1.8707482993197284e-07,2.0975053189643212e-07
1015,"(1.0, 2.0, 6.0, 9.0, 13.0, 13.0)",88199999.99999997,468,-16.799014433418023,514.0,614.0,5.0615173532694904e-08,5.827664399092972e-06,6.9614172854931865e-06
1016,"(1.0, 2.0, 6.0, 9.0, 13.0, 14.0)",176399999.99999994,526,-16.70867166704176,567.0,659.0,5.54008075246736e-08,3.2142857142857156e-06,3.7358173327664412e-06
1017,"(1.0, 2.0, 6.0, 9.0, 14.0, 14.0)",88199999.99999997,16,-16.618328900665496,18.0,22.0,6.063892031118588e-08,2.040816326530613e-07,2.49433064926651e-07
1018,"(1.0, 2.0, 6.0, 11.0, 11.0, 12.0)",105839999.99999996,1,-16.555825666301068,1.0,1.0,6.455000344391633e-08,9.448223733938024e-09,9.448223644669093e-09
1019,"(1.0, 2.0, 6.0, 11.0, 11.0, 13.0)",105839999.99999996,80,-16.432998546505708,89.0,107.0,7.298597434590163e-08,8.408919123204841e-07,1.0109592324321603e-06
1020,"(1.0, 2.0, 6.0, 11.0, 11.0, 14.0)",105839999.99999996,3,-16.342655780129448,3.0,3.0,7.988675400127112e-08,2.834467120181407e-08,2.8344670398393686e-08
1021,"(1.0, 2.0, 6.0, 11.0, 12.0, 13.0)",176399999.99999994,76,-16.55106702348919,85.0,105.0,6.485790587161952e-08,4.818594104308392e-07,5.95237863049604e-07
1022,"(1.0, 2.0, 6.0, 11.0, 12.0, 14.0)",176399999.99999994,6,-16.46072425711293,6.0,6.0,7.099018157718971e-08,3.401360544217688e-08,3.401360428525152e-08
1023,"(1.0, 2.0, 6.0, 11.0, 13.0, 13.0)",88199999.99999997,90,-16.428239903693832,102.0,128.0,7.333411621252281e-08,1.156462585034014e-06,1.4512458281271697e-06
1024,"(1.0, 2.0, 6.0, 11.0, 13.0, 14.0)",176399999.99999994,92,-16.33789713731757,105.0,141.0,8.026781247045758e-08,5.952380952380954e-07,7.993193735827667e-07
1025,"(1.0, 2.0, 6.0, 11.0, 14.0, 14.0)",88199999.99999997,3,-16.24755437094131,3.0,3.0,8.785708550875403e-08,3.401360544217688e-08,3.401360428525152e-08
1026,"(1.0, 2.0, 6.0, 12.0, 12.0, 13.0)",67031999.99999999,20,-16.669135500472674,22.0,28.0,5.763501812164344e-08,3.282014560210049e-07,4.177108363105378e-07
1027,"(1.0, 2.0, 6.0, 12.0, 12.0, 14.0)",67031999.99999999,2,-16.57879273409641,4.0,10.0,6.308437416648794e-08,5.967299200381908e-08,1.4918247644868171e-07
1028,"(1.0, 2.0, 6.0, 12.0, 13.0, 13.0)",67031999.99999999,44,-16.546308380677317,48.0,56.0,6.51672769887092e-08,7.160759040458289e-07,8.354213752887668e-07
1029,"(1.0, 2.0, 6.0, 12.0, 13.0, 14.0)",134063999.99999996,41,-16.455965614301054,46.0,56.0,7.132880354596593e-08,3.4311970402195976e-07,4.1771082629560235e-07
1030,"(1.0, 2.0, 6.0, 12.0, 14.0, 14.0)",67031999.99999999,1,-16.36562284792479,1.0,1.0,7.807289870620967e-08,1.491824800095477e-08,1.4918247778400645e-08
1031,"(1.0, 2.0, 6.0, 13.0, 13.0, 13.0)",22344000.0,14,-16.423481260881957,14.0,14.0,7.36839187099759e-08,6.265664160401002e-07,6.265660234546266e-07
1032,"(1.0, 2.0, 6.0, 13.0, 13.0, 14.0)",67031999.99999999,50,-16.333138494505697,52.0,56.0,8.06506885821144e-08,7.757488960496481e-07,8.354212862671174e-07
1033,"(1.0, 2.0, 6.0, 13.0, 14.0, 14.0)",67031999.99999999,19,-16.242795728129433,19.0,19.0,8.82761623248003e-08,2.8344671201814064e-07,2.834466316761021e-07
1034,"(1.0, 2.0, 6.0, 14.0, 14.0, 14.0)",22344000.0,2,-16.15245296175317,2.0,2.0,9.662261998991343e-08,8.950948800572861e-08,8.950947999378016e-08
1035,"(1.0, 2.0, 7.0, 7.0, 7.0, 9.0)",49139999.99999999,2,-16.30220190987136,3.0,5.0,8.318474079289465e-08,6.105006105006105e-08,1.0175009802299182e-07
1036,"(1.0, 2.0, 7.0, 7.0, 7.0, 12.0)",41277599.99999999,1,-16.04949585713065,1.0,1.0,1.0710074995560202e-07,2.4226214702405182e-08,2.4226214115495702e-08
1037,"(1.0, 2.0, 7.0, 7.0, 7.0, 13.0)",41277599.99999999,12,-15.926668737335296,14.0,20.0,1.2109763240334995e-07,3.3916700583367256e-07,4.845241790138458e-07
1038,"(1.0, 2.0, 7.0, 7.0, 8.0, 9.0)",136079999.99999988,8,-16.18108920715762,10.0,14.0,9.389495240732406e-08,7.348618459729577e-08,1.0288065303599475e-07
1039,"(1.0, 2.0, 7.0, 7.0, 8.0, 11.0)",136079999.99999988,1,-15.810314677433428,1.0,1.0,1.3604029920316635e-07,7.348618459729577e-09,7.348618405727384e-09
1040,"(1.0, 2.0, 7.0, 7.0, 8.0, 13.0)",119069999.9999999,75,-15.805556034621551,81.0,95.0,1.3668920913585909e-07,6.80272108843538e-07,7.978495414290692e-07
1041,"(1.0, 2.0, 7.0, 7.0, 9.0, 9.0)",68039999.99999994,3,-16.816514627642118,3.0,3.0,4.97371037703334e-08,4.4091710758377465e-08,4.409170881429851e-08
1042,"(1.0, 2.0, 7.0, 7.0, 9.0, 11.0)",136079999.99999988,2,-16.445740097917927,2.0,2.0,7.206191925059545e-08,1.4697236919459155e-08,1.469723670345038e-08
1043,"(1.0, 2.0, 7.0, 7.0, 9.0, 12.0)",119069999.9999999,12,-16.563808574901408,13.0,15.0,6.403675798767784e-08,1.0917947425883944e-07,1.2597630453234944e-07
1044,"(1.0, 2.0, 7.0, 7.0, 9.0, 13.0)",119069999.9999999,400,-16.44098145510605,439.0,537.0,7.240565338999749e-08,3.6869068615100392e-06,4.5099385357175465e-06
1045,"(1.0, 2.0, 7.0, 7.0, 9.0, 14.0)",119069999.9999999,19,-16.350638688729788,25.0,39.0,7.925156405057781e-08,2.0996052742084505e-07,3.2753837869309527e-07
1046,"(1.0, 2.0, 7.0, 7.0, 11.0, 12.0)",119069999.9999999,2,-16.19303404517722,2.0,2.0,9.278006424512432e-08,1.6796842193667606e-08,1.67968419115337e-08
1047,"(1.0, 2.0, 7.0, 7.0, 11.0, 13.0)",119069999.9999999,68,-16.07020692538186,82.0,112.0,1.0490539159597765e-07,6.886705299403718e-07,9.40622688578287e-07
1048,"(1.0, 2.0, 7.0, 7.0, 11.0, 14.0)",119069999.9999999,1,-15.9798641590056,1.0,1.0,1.1482413281375168e-07,8.398421096833803e-09,8.398421026300325e-09
1049,"(1.0, 2.0, 7.0, 7.0, 12.0, 12.0)",47627999.99999997,1,-16.311102522160702,1.0,1.0,8.244763089760664e-08,2.09960527420845e-08,2.099605230125027e-08
1050,"(1.0, 2.0, 7.0, 7.0, 12.0, 13.0)",95255999.99999994,32,-16.188275402365342,35.0,41.0,9.32226235867106e-08,3.674309229864788e-07,4.304189462072491e-07
1051,"(1.0, 2.0, 7.0, 7.0, 13.0, 13.0)",47627999.99999997,34,-16.065448282569985,38.0,48.0,1.0540578854451686e-07,7.978500041992111e-07,1.007809895055427e-06
1052,"(1.0, 2.0, 7.0, 7.0, 13.0, 14.0)",95255999.99999994,35,-15.975105516193723,39.0,53.0,1.1537184199060667e-07,4.0942302847064776e-07,5.56395230038023e-07
1053,"(1.0, 2.0, 7.0, 8.0, 8.0, 9.0)",115919999.99999996,8,-16.059976504443874,8.0,8.0,1.0598412645804308e-07,6.901311249137339e-08,6.901310772856369e-08
1054,"(1.0, 2.0, 7.0, 8.0, 8.0, 12.0)",105839999.99999996,5,-15.807270451703166,5.0,5.0,1.3645506758632967e-07,4.724111866969012e-08,4.7241116437966826e-08
1055,"(1.0, 2.0, 7.0, 8.0, 8.0, 13.0)",105839999.99999996,120,-15.68444333190781,131.0,157.0,1.5428823440539623e-07,1.2377173091458811e-06,1.4833695942841324e-06
1056,"(1.0, 2.0, 7.0, 8.0, 8.0, 14.0)",105839999.99999996,1,-15.594100565531548,1.0,1.0,1.68876093491879e-07,9.448223733938024e-09,9.448223644669093e-09
1057,"(1.0, 2.0, 7.0, 8.0, 9.0, 9.0)",115919999.99999996,9,-16.695401924928372,9.0,9.0,5.6140861255079e-08,7.763975155279506e-08,7.763974552486403e-08
1058,"(1.0, 2.0, 7.0, 8.0, 9.0, 11.0)",231839999.9999999,12,-16.324627395204182,13.0,15.0,8.13400440263566e-08,5.6073153899240876e-08,6.469978981646397e-08
1059,"(1.0, 2.0, 7.0, 8.0, 9.0, 12.0)",211679999.9999999,23,-16.442695872187663,25.0,29.0,7.228162624852402e-08,1.1810279667422529e-07,1.3699923019383077e-07
1060,"(1.0, 2.0, 7.0, 8.0, 9.0, 13.0)",211679999.9999999,1017,-16.31986875239231,1130.0,1378.0,8.172803466445041e-08,5.338246409674984e-06,6.509797655808568e-06
1061,"(1.0, 2.0, 7.0, 8.0, 9.0, 14.0)",211679999.9999999,36,-16.229525986016046,38.0,42.0,8.945537082650392e-08,1.7951625094482246e-07,1.9841266618661414e-07
1062,"(1.0, 2.0, 7.0, 8.0, 11.0, 12.0)",211679999.9999999,2,-16.071921342463476,2.0,2.0,1.0472569408292921e-07,9.448223733938024e-09,9.448223644669093e-09
1063,"(1.0, 2.0, 7.0, 8.0, 11.0, 13.0)",211679999.9999999,222,-15.94909422266812,249.0,311.0,1.1841218301923681e-07,1.176303854875284e-06,1.4691974069366037e-06
1064,"(1.0, 2.0, 7.0, 8.0, 11.0, 14.0)",211679999.9999999,4,-15.858751456291856,4.0,4.0,1.296079831829015e-07,1.889644746787605e-08,1.8896447110800323e-08
1065,"(1.0, 2.0, 7.0, 8.0, 12.0, 12.0)",88199999.99999997,1,-16.189989819446957,1.0,1.0,9.306293805135795e-08,1.1337868480725628e-08,1.1337868352178366e-08
1066,"(1.0, 2.0, 7.0, 8.0, 12.0, 13.0)",176399999.99999994,116,-16.0671626996516,130.0,158.0,1.0522523387736202e-07,7.369614512471658e-07,8.956910668651439e-07
1067,"(1.0, 2.0, 7.0, 8.0, 12.0, 14.0)",176399999.99999994,4,-15.976819933275335,6.0,12.0,1.15174215989063e-07,3.401360544217688e-08,6.802720972742841e-08
1068,"(1.0, 2.0, 7.0, 8.0, 13.0, 13.0)",88199999.99999997,101,-15.944335579856244,109.0,125.0,1.1897700713505437e-07,1.2358276643990934e-06,1.4172320328206874e-06
1069,"(1.0, 2.0, 7.0, 8.0, 13.0, 14.0)",176399999.99999994,115,-15.85399281347998,125.0,147.0,1.3022621107666716e-07,7.086167800453517e-07,8.333328311955927e-07
1070,"(1.0, 2.0, 7.0, 8.0, 14.0, 14.0)",88199999.99999997,3,-15.763650047103717,3.0,3.0,1.4253902043555485e-07,3.401360544217688e-08,3.401360428525152e-08
1071,"(1.0, 2.0, 7.0, 9.0, 9.0, 9.0)",38639999.99999999,6,-17.33082734541287,7.0,9.0,2.973838071600054e-08,1.811594202898551e-07,2.3291922183964958e-07
1072,"(1.0, 2.0, 7.0, 9.0, 9.0, 11.0)",115919999.99999996,7,-16.960052815688684,7.0,7.0,4.308664211119833e-08,6.038647342995172e-08,6.038646978342554e-08
1073,"(1.0, 2.0, 7.0, 9.0, 9.0, 12.0)",105839999.99999996,20,-17.078121292672165,22.0,26.0,3.828830680711709e-08,2.078609221466365e-07,2.456537738762257e-07
1074,"(1.0, 2.0, 7.0, 9.0, 9.0, 13.0)",105839999.99999996,627,-16.955294172876805,680.0,794.0,4.3292164667353464e-08,6.424792139077856e-06,7.50184836679276e-06
1075,"(1.0, 2.0, 7.0, 9.0, 9.0, 14.0)",105839999.99999996,26,-16.864951406500545,28.0,32.0,4.73854126078073e-08,2.6455026455026466e-07,3.023430894991743e-07
1076,"(1.0, 2.0, 7.0, 9.0, 11.0, 11.0)",115919999.99999996,4,-16.589278285964493,4.0,4.0,6.24263555621117e-08,3.4506556245686694e-08,3.450655505498427e-08
1077,"(1.0, 2.0, 7.0, 9.0, 11.0, 12.0)",211679999.9999999,29,-16.707346762947974,35.0,49.0,5.547425692732492e-08,1.6534391534391542e-07,2.3148145414287126e-07
1078,"(1.0, 2.0, 7.0, 9.0, 11.0, 13.0)",211679999.9999999,868,-16.584519643152618,954.0,1140.0,6.272412822523669e-08,4.506802721088438e-06,5.385467217073907e-06
1079,"(1.0, 2.0, 7.0, 9.0, 11.0, 14.0)",211679999.9999999,40,-16.494176876776354,41.0,43.0,6.865465654710493e-08,1.9368858654572947e-07,2.0313677276439895e-07
1080,"(1.0, 2.0, 7.0, 9.0, 12.0, 12.0)",88199999.99999997,10,-16.825415239931456,11.0,13.0,4.929637737024349e-08,1.247165532879819e-07,1.4739227469521448e-07
1081,"(1.0, 2.0, 7.0, 9.0, 12.0, 13.0)",176399999.99999994,505,-16.7025881201361,561.0,683.0,5.573886819721868e-08,3.1802721088435384e-06,3.871871972037116e-06
1082,"(1.0, 2.0, 7.0, 9.0, 12.0, 14.0)",176399999.99999994,34,-16.612245353759835,35.0,37.0,6.10089444155038e-08,1.9841269841269847e-07,2.0975052752582523e-07
1083,"(1.0, 2.0, 7.0, 9.0, 13.0, 13.0)",88199999.99999997,555,-16.579761000340742,609.0,729.0,6.302332125894244e-08,6.904761904761907e-06,8.26525844671202e-06
1084,"(1.0, 2.0, 7.0, 9.0, 13.0, 14.0)",176399999.99999994,566,-16.48941823396448,631.0,771.0,6.898213810087949e-08,3.5770975056689356e-06,4.3707355036931636e-06
1085,"(1.0, 2.0, 7.0, 9.0, 14.0, 14.0)",88199999.99999997,22,-16.399075467588215,24.0,28.0,7.550435746503309e-08,2.7210884353741504e-07,3.1746024341709487e-07
1086,"(1.0, 2.0, 7.0, 11.0, 11.0, 11.0)",38639999.99999999,1,-16.218503756240302,1.0,1.0,9.044682244463746e-08,2.5879917184265014e-08,2.58799165144949e-08
1087,"(1.0, 2.0, 7.0, 11.0, 11.0, 12.0)",105839999.99999996,1,-16.336572233223784,2.0,4.0,8.037423010481169e-08,1.889644746787605e-08,3.779289457867637e-08
1088,"(1.0, 2.0, 7.0, 11.0, 11.0, 13.0)",105839999.99999996,99,-16.213745113428427,121.0,175.0,9.087825226218842e-08,1.143235071806501e-06,1.6534378464527247e-06
1089,"(1.0, 2.0, 7.0, 11.0, 11.0, 14.0)",105839999.99999996,4,-16.123402347052163,4.0,4.0,9.947073595438822e-08,3.77928949357521e-08,3.779289350744919e-08
1090,"(1.0, 2.0, 7.0, 11.0, 12.0, 12.0)",88199999.99999997,1,-16.454640710207265,1.0,1.0,7.142337000169793e-08,1.1337868480725628e-08,1.1337868352178366e-08
1091,"(1.0, 2.0, 7.0, 11.0, 12.0, 13.0)",176399999.99999994,96,-16.331813590411908,100.0,108.0,8.075761382678979e-08,5.668934240362814e-07,6.122445765910297e-07
1092,"(1.0, 2.0, 7.0, 11.0, 12.0, 14.0)",176399999.99999994,1,-16.241470824035645,1.0,1.0,8.839319728657838e-08,5.668934240362814e-09,5.668934208225998e-09
1093,"(1.0, 2.0, 7.0, 11.0, 13.0, 13.0)",88199999.99999997,113,-16.20898647061655,121.0,139.0,9.131173999269245e-08,1.371882086167801e-06,1.575961836760404e-06
1094,"(1.0, 2.0, 7.0, 11.0, 13.0, 14.0)",176399999.99999994,138,-16.118643704240288,154.0,188.0,9.994520968717998e-08,8.730158730158733e-07,1.0657588750314946e-06
1095,"(1.0, 2.0, 7.0, 11.0, 14.0, 14.0)",88199999.99999997,1,-16.028300937864024,1.0,1.0,1.093949687106366e-07,1.1337868480725628e-08,1.1337868352178366e-08
1096,"(1.0, 2.0, 7.0, 12.0, 12.0, 13.0)",67031999.99999999,13,-16.44988206739539,15.0,21.0,7.176405827195273e-08,2.2377372001432155e-07,3.132831579453724e-07
1097,"(1.0, 2.0, 7.0, 12.0, 12.0, 14.0)",67031999.99999999,1,-16.359539301019126,1.0,1.0,7.854930650283658e-08,1.491824800095477e-08,1.4918247778400645e-08
1098,"(1.0, 2.0, 7.0, 12.0, 13.0, 13.0)",67031999.99999999,30,-16.327054947600033,32.0,36.0,8.114282628265544e-08,4.773839360305526e-07,5.370567001389494e-07
1099,"(1.0, 2.0, 7.0, 12.0, 13.0, 14.0)",134063999.99999996,61,-16.23671218122377,65.0,75.0,8.88148313467626e-08,4.848430600310301e-07,5.594340649630111e-07
1100,"(1.0, 2.0, 7.0, 12.0, 14.0, 14.0)",67031999.99999999,1,-16.146369414847506,1.0,1.0,9.721221984154609e-08,1.491824800095477e-08,1.4918247778400645e-08
1101,"(1.0, 2.0, 7.0, 13.0, 13.0, 13.0)",22344000.0,13,-16.204227827804676,13.0,13.0,9.17472954523596e-08,5.81811672037236e-07,5.818113335324142e-07
1102,"(1.0, 2.0, 7.0, 13.0, 13.0, 14.0)",67031999.99999999,46,-16.113885061428412,50.0,58.0,1.0042194665167451e-07,7.459124000477385e-07,8.652578276700681e-07
1103,"(1.0, 2.0, 7.0, 13.0, 14.0, 14.0)",67031999.99999999,34,-16.023542295052152,35.0,37.0,1.0991678086628946e-07,5.221386800334169e-07,5.519749034065253e-07
1104,"(1.0, 2.0, 7.0, 14.0, 14.0, 14.0)",22344000.0,1,-15.933199528675887,1.0,1.0,1.2030934590338878e-07,4.4754744002864305e-08,4.4754741999877197e-08
1105,"(1.0, 2.0, 8.0, 8.0, 8.0, 9.0)",30359999.99999999,1,-15.938863801730133,2.0,4.0,1.1962980728022876e-07,6.58761528326746e-08,1.317523013256817e-07
1106,"(1.0, 2.0, 8.0, 8.0, 8.0, 12.0)",28979999.99999999,1,-15.686157748989425,1.0,1.0,1.5402394663530657e-07,3.4506556245686694e-08,3.450655505498427e-08
1107,"(1.0, 2.0, 8.0, 8.0, 8.0, 13.0)",28979999.99999999,46,-15.563330629194066,49.0,55.0,1.741531714641369e-07,1.690821256038648e-06,1.8978577346362482e-06
1108,"(1.0, 2.0, 8.0, 8.0, 8.0, 14.0)",28979999.99999999,1,-15.472987862817805,1.0,1.0,1.9061924831422002e-07,3.4506556245686694e-08,3.450655505498427e-08
1109,"(1.0, 2.0, 8.0, 8.0, 9.0, 9.0)",45539999.99999999,5,-16.57428922221463,5.0,5.0,6.33691160831517e-08,1.0979358805445764e-07,1.0979357599982566e-07
1110,"(1.0, 2.0, 8.0, 8.0, 9.0, 11.0)",91079999.99999996,5,-16.20351469249044,5.0,5.0,9.181274702387194e-08,5.489679402722884e-08,5.4896791013570846e-08
1111,"(1.0, 2.0, 8.0, 8.0, 9.0, 12.0)",86939999.99999997,20,-16.32158316947392,20.0,20.0,8.158803876574514e-08,2.3004370830457795e-07,2.3004365538447022e-07
1112,"(1.0, 2.0, 8.0, 8.0, 9.0, 13.0)",86939999.99999997,580,-16.198756049678565,636.0,760.0,9.225069227862765e-08,7.315389924085579e-06,8.741607400644221e-06
1113,"(1.0, 2.0, 8.0, 8.0, 9.0, 14.0)",86939999.99999997,20,-16.1084132833023,23.0,29.0,1.0097293934287991e-07,2.6455026455026466e-07,3.335633070547955e-07
1114,"(1.0, 2.0, 8.0, 8.0, 11.0, 12.0)",86939999.99999997,3,-15.950808639749733,3.0,3.0,1.1820934907067179e-07,3.4506556245686694e-08,3.450655505498427e-08
1115,"(1.0, 2.0, 8.0, 8.0, 11.0, 13.0)",86939999.99999997,91,-15.827981519954374,111.0,163.0,1.3365800245407885e-07,1.2767425810904076e-06,1.874854592610692e-06
1116,"(1.0, 2.0, 8.0, 8.0, 11.0, 14.0)",86939999.99999997,2,-15.737638753578112,2.0,2.0,1.4629528560852703e-07,2.3004370830457794e-08,2.3004370301256715e-08
1117,"(1.0, 2.0, 8.0, 8.0, 12.0, 12.0)",37799999.99999999,1,-16.068877116733212,1.0,1.0,1.050449884910192e-07,2.645502645502646e-08,2.6455025755158035e-08
1118,"(1.0, 2.0, 8.0, 8.0, 12.0, 13.0)",75599999.99999997,65,-15.946049996937855,71.0,85.0,1.1877320567197599e-07,9.391534391534395e-07,1.1243377423294425e-06
1119,"(1.0, 2.0, 8.0, 8.0, 12.0, 14.0)",75599999.99999997,3,-15.855707230561594,3.0,3.0,1.3000314030872896e-07,3.96825396825397e-08,3.968253810783574e-08
1120,"(1.0, 2.0, 8.0, 8.0, 13.0, 13.0)",37799999.99999999,66,-15.8232228771425,72.0,84.0,1.3429554887145865e-07,1.9047619047619051e-06,2.2222185941043087e-06
1121,"(1.0, 2.0, 8.0, 8.0, 13.0, 14.0)",75599999.99999997,76,-15.732880110766237,87.0,111.0,1.4699311165340868e-07,1.1507936507936513e-06,1.4682526439279422e-06
1122,"(1.0, 2.0, 8.0, 8.0, 14.0, 14.0)",37799999.99999999,1,-15.642537344389975,2.0,4.0,1.608912213034894e-07,5.291005291005292e-08,1.0582010302063214e-07
1123,"(1.0, 2.0, 8.0, 9.0, 9.0, 9.0)",30359999.99999999,3,-17.20971464269913,4.0,6.0,3.3567260237688465e-08,1.317523056653492e-07,1.9762844113935374e-07
1124,"(1.0, 2.0, 8.0, 9.0, 9.0, 11.0)",91079999.99999996,5,-16.83894011297494,5.0,5.0,4.863413856749011e-08,5.489679402722884e-08,5.4896791013570846e-08
1125,"(1.0, 2.0, 8.0, 9.0, 9.0, 12.0)",86939999.99999997,22,-16.95700858995842,27.0,43.0,4.321800742713108e-08,3.1055900621118023e-07,4.945938764079463e-07
1126,"(1.0, 2.0, 8.0, 9.0, 9.0, 13.0)",86939999.99999997,669,-16.834181470163063,710.0,796.0,4.886612258817546e-08,8.166551644812517e-06,9.155672897956434e-06
1127,"(1.0, 2.0, 8.0, 9.0, 9.0, 14.0)",86939999.99999997,27,-16.7438387037868,27.0,27.0,5.348638487302392e-08,3.1055900621118023e-07,3.1055890976428387e-07
1128,"(1.0, 2.0, 8.0, 9.0, 11.0, 11.0)",91079999.99999996,6,-16.468165583250748,7.0,9.0,7.046388109882599e-08,7.685551163812037e-08,9.881422334224224e-08
1129,"(1.0, 2.0, 8.0, 9.0, 11.0, 12.0)",173879999.99999994,33,-16.586234060234233,36.0,44.0,6.261668503591411e-08,2.0703933747412016e-07,2.530480362697485e-07
1130,"(1.0, 2.0, 8.0, 9.0, 11.0, 13.0)",173879999.99999994,1033,-16.463406940438873,1138.0,1366.0,7.07999926231972e-08,6.544743501265243e-06,7.855949804933839e-06
1131,"(1.0, 2.0, 8.0, 9.0, 11.0, 14.0)",173879999.99999994,36,-16.373064174062613,39.0,45.0,7.749408903107647e-08,2.242926155969635e-07,2.587991215354728e-07
1132,"(1.0, 2.0, 8.0, 9.0, 12.0, 12.0)",75599999.99999997,9,-16.704302537217714,9.0,9.0,5.564339039724297e-08,1.190476190476191e-07,1.190476048752835e-07
1133,"(1.0, 2.0, 8.0, 9.0, 12.0, 13.0)",151199999.99999994,607,-16.581475417422354,676.0,830.0,6.29153655674192e-08,4.4708994708994726e-06,5.489398000475913e-06
1134,"(1.0, 2.0, 8.0, 9.0, 12.0, 14.0)",151199999.99999994,31,-16.491132651046094,33.0,37.0,6.886397526412814e-08,2.1825396825396833e-07,2.4470894707420016e-07
1135,"(1.0, 2.0, 8.0, 9.0, 13.0, 13.0)",75599999.99999997,639,-16.458648297626997,696.0,818.0,7.113770739387067e-08,9.20634920634921e-06,1.0820021063240116e-05
1136,"(1.0, 2.0, 8.0, 9.0, 13.0, 14.0)",151199999.99999994,698,-16.368305531250734,760.0,902.0,7.786373452871068e-08,5.026455026455029e-06,5.965583200358335e-06
1137,"(1.0, 2.0, 8.0, 9.0, 14.0, 14.0)",75599999.99999997,23,-16.277962764874474,26.0,32.0,8.522570345414149e-08,3.4391534391534406e-07,4.232803050026597e-07
1138,"(1.0, 2.0, 8.0, 11.0, 11.0, 13.0)",86939999.99999997,125,-16.092632410714685,136.0,158.0,1.0257901977796187e-07,1.56429721647113e-06,1.8173428485803844e-06
1139,"(1.0, 2.0, 8.0, 11.0, 11.0, 14.0)",86939999.99999997,4,-16.002289644338422,4.0,4.0,1.1227780394979066e-07,4.600874166091559e-08,4.600873954411128e-08
1140,"(1.0, 2.0, 8.0, 11.0, 12.0, 13.0)",151199999.99999994,135,-16.210700887698167,156.0,208.0,9.115532770215922e-08,1.0317460317460321e-06,1.3756603111615022e-06
1141,"(1.0, 2.0, 8.0, 11.0, 12.0, 14.0)",151199999.99999994,6,-16.120358121321903,8.0,12.0,9.977400870934026e-08,5.291005291005293e-08,7.93650765656057e-08
1142,"(1.0, 2.0, 8.0, 11.0, 13.0, 13.0)",75599999.99999997,108,-16.087873767902806,117.0,137.0,1.0306831997216696e-07,1.5476190476190483e-06,1.8121669170445962e-06
1143,"(1.0, 2.0, 8.0, 11.0, 13.0, 14.0)",151199999.99999994,137,-15.997531001526546,156.0,200.0,1.1281336718091169e-07,1.0317460317460321e-06,1.3227502582514492e-06
1144,"(1.0, 2.0, 8.0, 11.0, 14.0, 14.0)",75599999.99999997,2,-15.907188235150285,2.0,2.0,1.2347980269914212e-07,2.6455026455026466e-08,2.6455025755158042e-08
1145,"(1.0, 2.0, 8.0, 12.0, 12.0, 13.0)",59849999.99999998,29,-16.328769364681648,31.0,35.0,8.100383281565737e-08,5.179615705931497e-07,5.847950533532385e-07
1146,"(1.0, 2.0, 8.0, 12.0, 12.0, 14.0)",59849999.99999998,1,-16.238426598305384,1.0,1.0,8.866269613166999e-08,1.6708437761069347e-08,1.6708437481897455e-08
1147,"(1.0, 2.0, 8.0, 12.0, 13.0, 13.0)",59849999.99999998,58,-16.205942244886288,61.0,67.0,9.159013707783896e-08,1.0192147034252302e-06,1.1194642911930346e-06
1148,"(1.0, 2.0, 8.0, 12.0, 13.0, 14.0)",119699999.99999996,73,-16.115599478510028,82.0,100.0,1.0024992904805802e-07,6.850459482038432e-07,8.354214187655161e-07
1149,"(1.0, 2.0, 8.0, 12.0, 14.0, 14.0)",59849999.99999998,2,-16.025256712133764,2.0,2.0,1.0972849910246944e-07,3.3416875522138694e-08,3.341687440545113e-08
1150,"(1.0, 2.0, 8.0, 13.0, 13.0, 13.0)",19950000.0,43,-16.083115125090934,47.0,57.0,1.0355995412004496e-07,2.355889724310777e-06,2.857137306926464e-06
1151,"(1.0, 2.0, 8.0, 13.0, 13.0, 14.0)",59849999.99999998,58,-15.99277235871467,65.0,79.0,1.1335148503961216e-07,1.0860484544695075e-06,1.319965403623233e-06
1152,"(1.0, 2.0, 8.0, 13.0, 14.0, 14.0)",59849999.99999998,51,-15.902429592338407,55.0,65.0,1.2406879927536068e-07,9.18964076858814e-07,1.0860476099745329e-06
1153,"(1.0, 2.0, 8.0, 14.0, 14.0, 14.0)",19950000.0,1,-15.812086825962144,1.0,1.0,1.357994290789435e-07,5.012531328320802e-08,5.012531077066099e-08
1154,"(1.0, 2.0, 9.0, 9.0, 9.0, 9.0)",7589999.999999997,1,-17.845140063183628,2.0,4.0,1.7780916470196418e-08,2.635046113306984e-07,5.270091532267166e-07
1155,"(1.0, 2.0, 9.0, 9.0, 9.0, 11.0)",30359999.99999999,2,-17.474365533459437,2.0,2.0,2.5761993959148617e-08,6.58761528326746e-08,6.587614849300709e-08
1156,"(1.0, 2.0, 9.0, 9.0, 9.0, 12.0)",28979999.99999999,7,-17.59243401044292,7.0,7.0,2.28930146407166e-08,2.4154589371980687e-07,2.415458353753881e-07
1157,"(1.0, 2.0, 9.0, 9.0, 9.0, 13.0)",28979999.99999999,249,-17.46960689064756,271.0,317.0,2.5884878235822324e-08,9.351276742581094e-06,1.0938490883505965e-05
1158,"(1.0, 2.0, 9.0, 9.0, 9.0, 14.0)",28979999.99999999,10,-17.379264124271298,10.0,10.0,2.8332277790494667e-08,3.450655624568669e-07,3.4506544338662453e-07
1159,"(1.0, 2.0, 9.0, 9.0, 11.0, 11.0)",45539999.99999999,3,-17.103591003735247,3.0,3.0,3.732542885872285e-08,6.587615283267458e-08,6.587614849300708e-08
1160,"(1.0, 2.0, 9.0, 9.0, 11.0, 12.0)",86939999.99999997,28,-17.221659480718728,29.0,31.0,3.3168689919295645e-08,3.33563377041638e-07,3.565676366075693e-07
1161,"(1.0, 2.0, 9.0, 9.0, 11.0, 13.0)",86939999.99999997,630,-17.09883236092337,697.0,843.0,3.7503470524834306e-08,8.017023234414541e-06,9.69627803237642e-06
1162,"(1.0, 2.0, 9.0, 9.0, 11.0, 14.0)",86939999.99999997,20,-17.008489594547108,24.0,32.0,4.104940094123176e-08,2.7605244996549355e-07,3.6806985708236956e-07
1163,"(1.0, 2.0, 9.0, 9.0, 12.0, 12.0)",37799999.99999999,8,-17.33972795770221,9.0,11.0,2.9474865382699535e-08,2.3809523809523814e-07,2.9100523431594867e-07
1164,"(1.0, 2.0, 9.0, 9.0, 12.0, 13.0)",75599999.99999997,371,-17.216900837906852,408.0,486.0,3.3326904010775146e-08,5.396825396825399e-06,6.4285423028470675e-06
1165,"(1.0, 2.0, 9.0, 9.0, 12.0, 14.0)",75599999.99999997,21,-17.12655807153059,23.0,27.0,3.647794259366874e-08,3.0423280423280433e-07,3.571427645852581e-07
1166,"(1.0, 2.0, 9.0, 9.0, 13.0, 13.0)",37799999.99999999,361,-17.094073718111495,393.0,473.0,3.7682361446690195e-08,1.0396825396825398e-05,1.2513119419249185e-05
1167,"(1.0, 2.0, 9.0, 9.0, 13.0, 14.0)",75599999.99999997,468,-17.003730951735236,504.0,582.0,4.1245205891366723e-08,6.666666666666669e-06,7.698368253968257e-06
1168,"(1.0, 2.0, 9.0, 9.0, 14.0, 14.0)",37799999.99999999,14,-16.913388185358972,15.0,17.0,4.51449151197147e-08,3.968253968253969e-07,4.4973529226505426e-07
1169,"(1.0, 2.0, 9.0, 11.0, 11.0, 11.0)",30359999.99999999,1,-16.73281647401106,1.0,1.0,5.407918508547069e-08,3.29380764163373e-08,3.293807533142042e-08
1170,"(1.0, 2.0, 9.0, 11.0, 11.0, 12.0)",86939999.99999997,17,-16.85088495099454,17.0,17.0,4.805666742577784e-08,1.9553715205889124e-07,1.955371138241134e-07
1171,"(1.0, 2.0, 9.0, 11.0, 11.0, 13.0)",86939999.99999997,454,-16.72805783119918,503.0,613.0,5.43371418862088e-08,5.785599263860135e-06,7.050806186376472e-06
1172,"(1.0, 2.0, 9.0, 11.0, 11.0, 14.0)",86939999.99999997,13,-16.63771506482292,14.0,16.0,5.947468573103288e-08,1.6103059581320456e-07,1.8403494071280955e-07
1173,"(1.0, 2.0, 9.0, 11.0, 12.0, 12.0)",75599999.99999997,13,-16.968953427978022,14.0,16.0,4.270484624392555e-08,1.8518518518518526e-07,2.1164017734665892e-07
1174,"(1.0, 2.0, 9.0, 11.0, 12.0, 13.0)",151199999.99999994,543,-16.846126308182665,591.0,695.0,4.8285896918857066e-08,3.90873015873016e-06,4.596545568389395e-06
1175,"(1.0, 2.0, 9.0, 11.0, 12.0, 14.0)",151199999.99999994,23,-16.7557835418064,23.0,23.0,5.285129921820503e-08,1.5211640211640217e-07,1.5211637897700238e-07
1176,"(1.0, 2.0, 9.0, 11.0, 13.0, 13.0)",75599999.99999997,552,-16.72329918838731,596.0,694.0,5.459632913653524e-08,7.883597883597886e-06,9.179832028778594e-06
1177,"(1.0, 2.0, 9.0, 11.0, 13.0, 14.0)",151199999.99999994,647,-16.632956422011045,716.0,862.0,5.97583789788476e-08,4.735449735449737e-06,5.701035776574007e-06
1178,"(1.0, 2.0, 9.0, 11.0, 14.0, 14.0)",75599999.99999997,21,-16.54261365563478,25.0,33.0,6.540849750628854e-08,3.306878306878308e-07,4.365078271534953e-07
1179,"(1.0, 2.0, 9.0, 12.0, 12.0, 12.0)",19950000.0,3,-17.087021904961503,3.0,3.0,3.7949029560445084e-08,1.5037593984962406e-07,1.5037591723670078e-07
1180,"(1.0, 2.0, 9.0, 12.0, 12.0, 13.0)",59849999.99999998,144,-16.964194785166146,160.0,194.0,4.290854764023316e-08,2.673350041771095e-06,3.2414297788470073e-06
1181,"(1.0, 2.0, 9.0, 12.0, 12.0, 14.0)",59849999.99999998,14,-16.873852018789883,19.0,35.0,4.696552482318985e-08,3.174603174603176e-07,5.847952208563739e-07
1182,"(1.0, 2.0, 9.0, 12.0, 13.0, 13.0)",59849999.99999998,293,-16.84136766537079,320.0,386.0,4.8516219832752e-08,5.34670008354219e-06,6.449428388570985e-06
1183,"(1.0, 2.0, 9.0, 12.0, 13.0, 14.0)",119699999.99999996,336,-16.751024898994526,362.0,416.0,5.310339902406607e-08,3.0242272347535515e-06,3.475345908352056e-06
1184,"(1.0, 2.0, 9.0, 12.0, 14.0, 14.0)",59849999.99999998,17,-16.660682132618263,18.0,20.0,5.812429322874605e-08,3.0075187969924823e-07,3.3416866476969376e-07
1185,"(1.0, 2.0, 9.0, 13.0, 13.0, 13.0)",19950000.0,158,-16.71854054557543,168.0,190.0,5.485675270567459e-08,8.421052631578947e-06,9.523738609682098e-06
1186,"(1.0, 2.0, 9.0, 13.0, 13.0, 14.0)",59849999.99999998,397,-16.62819777919917,428.0,502.0,6.00434254386695e-08,7.15121136173768e-06,8.387584616232871e-06
1187,"(1.0, 2.0, 9.0, 13.0, 14.0, 14.0)",59849999.99999998,187,-16.537855012822906,201.0,231.0,6.572049493618933e-08,3.358395989974939e-06,3.859637843983393e-06
1188,"(1.0, 2.0, 9.0, 14.0, 14.0, 14.0)",19950000.0,3,-16.447512246446642,3.0,3.0,7.193432791520955e-08,1.5037593984962406e-07,1.5037591723670078e-07
1189,"(1.0, 2.0, 11.0, 11.0, 11.0, 12.0)",28979999.99999999,2,-16.48011042127035,4.0,10.0,6.962720836098876e-08,1.3802622498274678e-07,3.4506554340562813e-07
1190,"(1.0, 2.0, 11.0, 11.0, 11.0, 13.0)",28979999.99999999,35,-16.357283301474993,40.0,54.0,7.872671374258157e-08,1.3802622498274677e-06,1.863352132143203e-06
1191,"(1.0, 2.0, 11.0, 11.0, 12.0, 13.0)",75599999.99999997,61,-16.475351778458474,65.0,73.0,6.995932897051212e-08,8.597883597883602e-07,9.656077263724423e-07
1192,"(1.0, 2.0, 11.0, 11.0, 12.0, 14.0)",75599999.99999997,4,-16.38500901208221,4.0,4.0,7.657394113935193e-08,5.291005291005293e-08,5.2910050110579236e-08
1193,"(1.0, 2.0, 11.0, 11.0, 13.0, 13.0)",37799999.99999999,47,-16.352524658663118,54.0,70.0,7.910223883929946e-08,1.4285714285714288e-06,1.8518498110355258e-06
1194,"(1.0, 2.0, 11.0, 11.0, 13.0, 14.0)",75599999.99999997,45,-16.262181892286854,52.0,66.0,8.658130759694073e-08,6.878306878306881e-07,8.730153999048182e-07
1195,"(1.0, 2.0, 11.0, 11.0, 14.0, 14.0)",37799999.99999999,1,-16.17183912591059,1.0,1.0,9.476751777437367e-08,2.645502645502646e-08,2.6455025755158035e-08
1196,"(1.0, 2.0, 11.0, 12.0, 12.0, 13.0)",59849999.99999998,23,-16.593420255441956,24.0,26.0,6.21683222547255e-08,4.010025062656643e-07,4.3441922098479293e-07
1197,"(1.0, 2.0, 11.0, 12.0, 12.0, 14.0)",59849999.99999998,2,-16.503077489065696,3.0,5.0,6.804629945882038e-08,5.012531328320804e-08,8.35421862927997e-08
1198,"(1.0, 2.0, 11.0, 12.0, 13.0, 13.0)",59849999.99999998,48,-16.4705931356466,57.0,79.0,7.029303378974123e-08,9.523809523809528e-07,1.319965676095e-06
1199,"(1.0, 2.0, 11.0, 12.0, 13.0, 14.0)",119699999.99999996,56,-16.380250369270335,61.0,71.0,7.69391975470619e-08,5.096073517126151e-07,5.931492808183089e-07
1200,"(1.0, 2.0, 11.0, 12.0, 14.0, 14.0)",59849999.99999998,3,-16.289907602894075,3.0,3.0,8.421375206101466e-08,5.012531328320804e-08,5.012531077066101e-08
1201,"(1.0, 2.0, 11.0, 13.0, 13.0, 13.0)",19950000.0,27,-16.347766015851242,30.0,42.0,7.947955518439495e-08,1.5037593984962406e-06,2.105260896602408e-06
1202,"(1.0, 2.0, 11.0, 13.0, 13.0, 14.0)",59849999.99999998,69,-16.25742324947498,76.0,94.0,8.699429897386538e-08,1.2698412698412704e-06,1.5705915370436679e-06
1203,"(1.0, 2.0, 11.0, 13.0, 14.0, 14.0)",59849999.99999998,41,-16.167080483098715,45.0,53.0,9.5219557235773e-08,7.518796992481206e-07,8.855466360135932e-07
1204,"(1.0, 2.0, 12.0, 12.0, 12.0, 13.0)",14363999.999999998,5,-16.711488732425437,5.0,5.0,5.524495944774504e-08,3.480924533556113e-07,3.4809233218725525e-07
1205,"(1.0, 2.0, 12.0, 12.0, 12.0, 14.0)",14363999.999999998,1,-16.621145966049177,1.0,1.0,6.04683368930051e-08,6.961849067112226e-08,6.961848582438802e-08
1206,"(1.0, 2.0, 12.0, 12.0, 13.0, 13.0)",21546000.0,6,-16.58866161263008,6.0,6.0,6.246486410332634e-08,2.78473962684489e-07,2.784738851367411e-07
1207,"(1.0, 2.0, 12.0, 12.0, 13.0, 14.0)",43091999.99999999,13,-16.498318846253817,13.0,13.0,6.837087915954484e-08,3.016801262415298e-07,3.0168003523063125e-07
1208,"(1.0, 2.0, 12.0, 13.0, 13.0, 13.0)",14363999.999999998,11,-16.465834492834723,13.0,19.0,7.062833037532969e-08,9.050403787245894e-07,1.3227505036532358e-06
1209,"(1.0, 2.0, 12.0, 13.0, 13.0, 14.0)",43091999.99999999,36,-16.37549172645846,38.0,42.0,7.730619622167608e-08,8.818342151675486e-07,9.746580917641286e-07
1210,"(1.0, 2.0, 12.0, 13.0, 14.0, 14.0)",43091999.99999999,13,-16.285148960082196,14.0,16.0,8.461545023796534e-08,3.2488628979857057e-07,3.7129851136155077e-07
1211,"(1.0, 2.0, 13.0, 13.0, 13.0, 13.0)",3590999.9999999995,2,-16.343007373039367,2.0,2.0,7.985867132209259e-08,5.56947925368978e-07,5.569476151779864e-07
1212,"(1.0, 2.0, 13.0, 13.0, 13.0, 14.0)",14363999.999999998,16,-16.252664606663103,18.0,22.0,8.740926031269231e-08,1.2531328320802007e-06,1.5316052244227948e-06
1213,"(1.0, 2.0, 13.0, 13.0, 14.0, 14.0)",21546000.0,19,-16.16232184028684,21.0,25.0,9.567375291777895e-08,9.746588693957115e-07,1.1603072278921258e-06
1214,"(1.0, 2.0, 13.0, 14.0, 14.0, 14.0)",14363999.999999998,7,-16.071979073910576,7.0,7.0,1.0471964829157906e-07,4.873294346978559e-07,4.873291972078779e-07
1215,"(1.0, 2.0, 14.0, 14.0, 14.0, 14.0)",3590999.9999999995,1,-15.981636307534316,1.0,1.0,1.1462082759245602e-07,2.78473962684489e-07,2.784738851367411e-07
1216,"(1.0, 3.0, 3.0, 3.0, 4.0, 13.0)",29752800.0,2,-15.940377184081132,2.0,2.0,1.1944889856779194e-07,6.722056411497405e-08,6.722055959636982e-08
1217,"(1.0, 3.0, 3.0, 3.0, 7.0, 13.0)",29752800.0,1,-15.704443521901789,1.0,1.0,1.5123309393763102e-07,3.3610282057487026e-08,3.3610280927835964e-08
1218,"(1.0, 3.0, 3.0, 3.0, 8.0, 13.0)",26564999.99999999,2,-15.583330819188044,2.0,2.0,1.7070467518844755e-07,7.528703180877097e-08,7.528702614063381e-08
1219,"(1.0, 3.0, 3.0, 3.0, 9.0, 12.0)",26564999.99999999,1,-16.341583359467897,1.0,1.0,7.997247216159413e-08,3.7643515904385486e-08,3.764351448735119e-08
1220,"(1.0, 3.0, 3.0, 3.0, 9.0, 13.0)",26564999.99999999,13,-16.218756239672544,13.0,13.0,9.042398900312545e-08,4.893657067570113e-07,4.893654672782164e-07
1221,"(1.0, 3.0, 3.0, 3.0, 11.0, 13.0)",26564999.99999999,1,-15.847981709948352,1.0,1.0,1.3101137179094513e-07,3.7643515904385486e-08,3.764351448735119e-08
1222,"(1.0, 3.0, 3.0, 3.0, 12.0, 13.0)",21252000.0,1,-15.966050186931836,2.0,4.0,1.1642131650470975e-07,9.410878976096367e-08,1.8821757066546302e-07
1223,"(1.0, 3.0, 3.0, 3.0, 13.0, 14.0)",21252000.0,1,-15.752880300760214,1.0,1.0,1.440824256531072e-07,4.7054394880481834e-08,4.7054392666365754e-08
1224,"(1.0, 3.0, 3.0, 4.0, 4.0, 13.0)",54772199.99999997,1,-16.17898499784346,1.0,1.0,9.409273505580074e-08,1.825743716703e-08,1.825743683369599e-08
1225,"(1.0, 3.0, 3.0, 4.0, 7.0, 13.0)",109544399.99999994,1,-15.943051335664116,1.0,1.0,1.1912990082086458e-07,9.128718583515e-09,9.128718500181496e-09
1226,"(1.0, 3.0, 3.0, 4.0, 8.0, 13.0)",101429999.99999996,1,-15.821938632950372,1.0,1.0,1.3446812794324146e-07,9.859016070196199e-09,9.859015972996002e-09
1227,"(1.0, 3.0, 3.0, 4.0, 9.0, 13.0)",101429999.99999996,15,-16.457364053434873,15.0,15.0,7.122912426966383e-08,1.4788524105294298e-07,1.4788521918289845e-07
1228,"(1.0, 3.0, 3.0, 4.0, 9.0, 14.0)",101429999.99999996,2,-16.36702128705861,3.0,5.0,7.796379481472456e-08,2.9577048210588596e-08,4.929507947617921e-08
1229,"(1.0, 3.0, 3.0, 4.0, 11.0, 13.0)",101429999.99999996,1,-16.086589523710682,2.0,4.0,1.0320076989430091e-07,1.9718032140392398e-08,3.9436063891984007e-08
1230,"(1.0, 3.0, 3.0, 4.0, 12.0, 13.0)",81143999.99999997,3,-16.204658000694163,3.0,3.0,9.170783674081468e-08,3.6971310263235745e-08,3.6971308896357965e-08
1231,"(1.0, 3.0, 3.0, 4.0, 13.0, 13.0)",40571999.99999999,1,-16.081830880898806,3.0,9.0,1.036930358260739e-07,7.394262052647148e-08,2.218278561119033e-07
1232,"(1.0, 3.0, 3.0, 6.0, 6.0, 13.0)",54772199.99999997,1,-16.145624539639336,1.0,1.0,9.728465778930366e-08,1.825743716703e-08,1.825743683369599e-08
1233,"(1.0, 3.0, 3.0, 6.0, 7.0, 9.0)",130409999.99999993,1,-16.301904279098117,1.0,1.0,8.320950281640618e-08,7.6681236101526e-09,7.668123551352482e-09
1234,"(1.0, 3.0, 3.0, 6.0, 8.0, 9.0)",115919999.99999994,1,-16.180791576384372,1.0,1.0,9.392290259382449e-08,8.626639061421675e-09,8.626638987002773e-09
1235,"(1.0, 3.0, 3.0, 6.0, 8.0, 13.0)",101429999.99999996,1,-15.80525840384831,2.0,4.0,1.3672989810571237e-07,1.9718032140392398e-08,3.9436063891984007e-08
1236,"(1.0, 3.0, 3.0, 6.0, 8.0, 14.0)",101429999.99999996,1,-15.714915637472046,1.0,1.0,1.496576271328945e-07,9.859016070196199e-09,9.859015972996002e-09
1237,"(1.0, 3.0, 3.0, 6.0, 9.0, 13.0)",101429999.99999996,9,-16.440683824332808,11.0,15.0,7.242720674791532e-08,1.0844917677215818e-07,1.4788522929171903e-07
1238,"(1.0, 3.0, 3.0, 6.0, 9.0, 14.0)",101429999.99999996,1,-16.350341057956545,1.0,1.0,7.927515526542853e-08,9.859016070196199e-09,9.859015972996002e-09
1239,"(1.0, 3.0, 3.0, 6.0, 11.0, 13.0)",101429999.99999996,3,-16.069909294608618,3.0,3.0,1.049366193157304e-07,2.9577048210588596e-08,2.9577047335786815e-08
1240,"(1.0, 3.0, 3.0, 6.0, 13.0, 13.0)",40571999.99999999,1,-16.065150651796742,1.0,1.0,1.0543716521996614e-07,2.4647540175490492e-08,2.4647539567989254e-08
1241,"(1.0, 3.0, 3.0, 6.0, 13.0, 14.0)",81143999.99999997,1,-15.974807885420478,1.0,1.0,1.1540618531171013e-07,1.2323770087745248e-08,1.2323769935869939e-08
1242,"(1.0, 3.0, 3.0, 7.0, 7.0, 13.0)",54772199.99999997,2,-15.70711767348477,2.0,2.0,1.508292139788757e-07,3.651487433406e-08,3.651487300072395e-08
1243,"(1.0, 3.0, 3.0, 7.0, 9.0, 13.0)",101429999.99999996,20,-16.221430391255524,23.0,29.0,9.018250457668033e-08,2.2675736961451257e-07,2.859114146167851e-07
1244,"(1.0, 3.0, 3.0, 7.0, 9.0, 14.0)",101429999.99999996,2,-16.131087624879264,2.0,2.0,9.870920574673832e-08,1.9718032140392398e-08,1.9718031751591606e-08
1245,"(1.0, 3.0, 3.0, 7.0, 11.0, 13.0)",101429999.99999996,6,-15.850655861531337,6.0,6.0,1.3066149554324175e-07,5.915409642117719e-08,5.915409292197007e-08
1246,"(1.0, 3.0, 3.0, 7.0, 12.0, 13.0)",81143999.99999997,2,-15.968724338514818,2.0,2.0,1.161104041555413e-07,2.4647540175490495e-08,2.4647539567989257e-08
1247,"(1.0, 3.0, 3.0, 8.0, 9.0, 13.0)",86939999.99999997,23,-16.100317688541782,25.0,29.0,1.0179369310391555e-07,2.8755463538072245e-07,3.335632943539697e-07
1248,"(1.0, 3.0, 3.0, 8.0, 11.0, 13.0)",86939999.99999997,2,-15.729543158817592,2.0,2.0,1.4748443991725992e-07,2.3004370830457794e-08,2.3004370301256715e-08
1249,"(1.0, 3.0, 3.0, 8.0, 12.0, 13.0)",72449999.99999997,3,-15.847611635801073,4.0,6.0,1.3105986468507426e-07,5.521048999309871e-08,8.281573194144985e-08
1250,"(1.0, 3.0, 3.0, 8.0, 13.0, 13.0)",36224999.99999999,2,-15.724784516005716,2.0,2.0,1.4818793820813748e-07,5.52104899930987e-08,5.5210486944900496e-08
1251,"(1.0, 3.0, 3.0, 8.0, 13.0, 14.0)",72449999.99999997,3,-15.634441749629454,3.0,3.0,1.6219901798507424e-07,4.140786749482403e-08,4.140786578021254e-08
1252,"(1.0, 3.0, 3.0, 9.0, 9.0, 13.0)",43469999.99999999,17,-16.73574310902628,21.0,29.0,5.392114642235015e-08,4.830917874396136e-07,6.671265207056009e-07
1253,"(1.0, 3.0, 3.0, 9.0, 9.0, 14.0)",43469999.99999999,1,-16.64540034265002,1.0,1.0,5.901935814810001e-08,2.300437083045779e-08,2.3004370301256712e-08
1254,"(1.0, 3.0, 3.0, 9.0, 11.0, 13.0)",86939999.99999997,21,-16.364968579302094,23.0,27.0,7.81239960679936e-08,2.6455026455026466e-07,3.1055893622433774e-07
1255,"(1.0, 3.0, 3.0, 9.0, 12.0, 12.0)",36224999.99999999,1,-16.60586417608093,1.0,1.0,6.139949810079164e-08,2.760524499654935e-08,2.7605244234499797e-08
1256,"(1.0, 3.0, 3.0, 9.0, 12.0, 13.0)",72449999.99999997,15,-16.483037056285575,19.0,27.0,6.94237328295286e-08,2.622498274672189e-07,3.7267073867844427e-07
1257,"(1.0, 3.0, 3.0, 9.0, 13.0, 13.0)",36224999.99999999,14,-16.360209936490214,16.0,20.0,7.849664621156966e-08,4.416839199447896e-07,5.521047048463018e-07
1258,"(1.0, 3.0, 3.0, 9.0, 13.0, 14.0)",72449999.99999997,11,-16.269867170113955,11.0,11.0,8.591845655316106e-08,1.5182884748102146e-07,1.5182882442902253e-07
1259,"(1.0, 3.0, 3.0, 11.0, 11.0, 13.0)",43469999.99999999,2,-15.9941940495779,2.0,2.0,1.131904487680199e-07,4.600874166091558e-08,4.600873954411127e-08
1260,"(1.0, 3.0, 3.0, 11.0, 12.0, 13.0)",72449999.99999997,1,-16.112262526561384,2.0,4.0,1.0058501701943526e-07,2.7605244996549357e-08,5.5210489231049164e-08
1261,"(1.0, 3.0, 3.0, 11.0, 13.0, 14.0)",72449999.99999997,2,-15.899092640389764,3.0,5.0,1.2448350243430716e-07,4.140786749482403e-08,6.90131107767619e-08
1262,"(1.0, 3.0, 4.0, 4.0, 4.0, 13.0)",41277599.99999999,1,-16.41759281160579,1.0,1.0,7.411908269088339e-08,2.4226214702405182e-08,2.4226214115495702e-08
1263,"(1.0, 3.0, 4.0, 4.0, 7.0, 13.0)",123832800.0,3,-16.181659149426444,3.0,3.0,9.384145295236636e-08,2.422621470240518e-08,2.42262141154957e-08
1264,"(1.0, 3.0, 4.0, 4.0, 9.0, 12.0)",119069999.9999999,1,-16.818798986992558,2.0,4.0,4.962361602501896e-08,1.6796842193667606e-08,3.35936841052013e-08
1265,"(1.0, 3.0, 4.0, 4.0, 9.0, 13.0)",119069999.9999999,10,-16.6959718671972,10.0,10.0,5.610887332174483e-08,8.398421096833803e-08,8.398420391499034e-08
1266,"(1.0, 3.0, 4.0, 4.0, 9.0, 14.0)",119069999.9999999,1,-16.605629100820938,1.0,1.0,6.141393330038384e-08,8.398421096833803e-09,8.398421026300325e-09
1267,"(1.0, 3.0, 4.0, 4.0, 11.0, 13.0)",119069999.9999999,1,-16.32519733747301,1.0,1.0,8.129369810562176e-08,8.398421096833803e-09,8.398421026300325e-09
1268,"(1.0, 3.0, 4.0, 4.0, 12.0, 13.0)",95255999.99999994,1,-16.443265814456492,1.0,1.0,7.224044163200704e-08,1.049802637104225e-08,1.0498026260833694e-08
1269,"(1.0, 3.0, 4.0, 4.0, 13.0, 13.0)",47627999.99999997,1,-16.320438694661135,2.0,4.0,8.168146767445564e-08,4.1992105484169e-08,8.398420920500108e-08
1270,"(1.0, 3.0, 4.0, 4.0, 13.0, 14.0)",95255999.99999994,6,-16.23009592828487,6.0,6.0,8.940440095581806e-08,6.298815822625351e-08,6.298815425874543e-08
1271,"(1.0, 3.0, 4.0, 6.0, 6.0, 13.0)",123832800.0,2,-16.384232353401664,2.0,2.0,7.663343605607264e-08,1.6150809801603452e-08,1.6150809540754796e-08
1272,"(1.0, 3.0, 4.0, 6.0, 7.0, 9.0)",294839999.99999994,2,-16.540512092860446,5.0,13.0,6.55461021114859e-08,1.6958350291683628e-08,4.409171047079179e-08
1273,"(1.0, 3.0, 4.0, 6.0, 7.0, 13.0)",247665600.0,8,-16.16497892032438,10.0,14.0,9.541987753175958e-08,4.037702450400863e-08,5.652783267530798e-08
1274,"(1.0, 3.0, 4.0, 6.0, 8.0, 13.0)",238139999.9999998,4,-16.04386621761064,5.0,7.0,1.0770538892299513e-07,2.0996052742084508e-08,2.9394473398084078e-08
1275,"(1.0, 3.0, 4.0, 6.0, 9.0, 11.0)",272159999.99999976,1,-16.684050280907012,1.0,1.0,5.6781783203592494e-08,3.6743092298647886e-09,3.6743092163642403e-09
1276,"(1.0, 3.0, 4.0, 6.0, 9.0, 12.0)",238139999.9999998,1,-16.802118757890494,1.0,1.0,5.045829124357104e-08,4.199210548416901e-09,4.1992105307835325e-09
1277,"(1.0, 3.0, 4.0, 6.0, 9.0, 13.0)",238139999.9999998,22,-16.679291638095137,22.0,22.0,5.7052631351770824e-08,9.238263206517183e-08,9.238262353062113e-08
1278,"(1.0, 3.0, 4.0, 6.0, 11.0, 13.0)",238139999.9999998,1,-16.308517108370946,1.0,1.0,8.266106793209724e-08,4.199210548416901e-09,4.1992105307835325e-09
1279,"(1.0, 3.0, 4.0, 6.0, 13.0, 13.0)",95255999.99999994,1,-16.30375846555907,1.0,1.0,8.305535983194084e-08,1.049802637104225e-08,1.0498026260833694e-08
1280,"(1.0, 3.0, 4.0, 7.0, 7.0, 13.0)",123832800.0,1,-15.9457254872471,1.0,1.0,1.1881175498269267e-07,8.075404900801726e-09,8.075404835589561e-09
1281,"(1.0, 3.0, 4.0, 7.0, 8.0, 13.0)",238139999.9999998,7,-15.824612784533358,8.0,10.0,1.341090201543729e-07,3.359368438733521e-08,4.1992104355633384e-08
1282,"(1.0, 3.0, 4.0, 7.0, 9.0, 12.0)",238139999.9999998,1,-16.582865324813213,1.0,1.0,6.282797977896303e-08,4.199210548416901e-09,4.1992105307835325e-09
1283,"(1.0, 3.0, 4.0, 7.0, 9.0, 13.0)",238139999.9999998,23,-16.460038205017856,26.0,32.0,7.103890125019633e-08,1.0917947425883944e-07,1.3437472562918324e-07
1284,"(1.0, 3.0, 4.0, 7.0, 9.0, 14.0)",238139999.9999998,1,-16.369695438641592,1.0,1.0,7.775558632401429e-08,4.199210548416901e-09,4.1992105307835325e-09
1285,"(1.0, 3.0, 4.0, 7.0, 11.0, 13.0)",238139999.9999998,7,-16.089263675293665,7.0,7.0,1.0292516406224908e-07,2.939447383891831e-08,2.9394472974883217e-08
1286,"(1.0, 3.0, 4.0, 7.0, 12.0, 13.0)",190511999.99999988,4,-16.207332152277147,6.0,10.0,9.14629236972733e-08,3.1494079113126755e-08,5.249013086333424e-08
1287,"(1.0, 3.0, 4.0, 7.0, 13.0, 13.0)",95255999.99999994,1,-16.08450503248179,1.0,1.0,1.0341611535885166e-07,1.049802637104225e-08,1.0498026260833694e-08
1288,"(1.0, 3.0, 4.0, 7.0, 13.0, 14.0)",190511999.99999988,4,-15.994162266105526,4.0,4.0,1.131940464106937e-07,2.09960527420845e-08,2.099605230125027e-08
1289,"(1.0, 3.0, 4.0, 8.0, 8.0, 13.0)",105839999.99999996,7,-15.703500081819612,9.0,15.0,1.5137584062608908e-07,8.503401360544221e-08,1.4172334877828688e-07
1290,"(1.0, 3.0, 4.0, 8.0, 9.0, 11.0)",231839999.9999999,1,-16.343684145115986,1.0,1.0,7.980464348759287e-08,4.313319530710837e-09,4.313319512106111e-09
1291,"(1.0, 3.0, 4.0, 8.0, 9.0, 13.0)",211679999.9999999,27,-16.33892550230411,30.0,36.0,8.018531029101369e-08,1.4172335600907035e-07,1.7006800712537478e-07
1292,"(1.0, 3.0, 4.0, 8.0, 9.0, 14.0)",211679999.9999999,2,-16.248582735927847,2.0,2.0,8.776678279822853e-08,9.448223733938024e-09,9.448223644669093e-09
1293,"(1.0, 3.0, 4.0, 8.0, 11.0, 13.0)",211679999.9999999,9,-15.968150972579922,9.0,9.0,1.161769969951796e-07,4.2517006802721105e-08,4.251700499502524e-08
1294,"(1.0, 3.0, 4.0, 8.0, 12.0, 13.0)",176399999.99999994,4,-16.086219449563405,4.0,4.0,1.0323896889901395e-07,2.2675736961451256e-08,2.2675736447262208e-08
1295,"(1.0, 3.0, 4.0, 8.0, 13.0, 13.0)",88199999.99999997,7,-15.963392329768046,8.0,10.0,1.167311593113619e-07,9.070294784580502e-08,1.1337867658023152e-07
1296,"(1.0, 3.0, 4.0, 8.0, 13.0, 14.0)",176399999.99999994,2,-15.873049563391785,2.0,2.0,1.2776801970190608e-07,1.1337868480725628e-08,1.1337868352178366e-08
1297,"(1.0, 3.0, 4.0, 9.0, 9.0, 12.0)",105839999.99999996,1,-17.09717804258397,1.0,1.0,3.756556455139678e-08,9.448223733938024e-09,9.448223644669093e-09
1298,"(1.0, 3.0, 4.0, 9.0, 9.0, 13.0)",105839999.99999996,20,-16.97435092278861,24.0,34.0,4.247496799933882e-08,2.2675736961451257e-07,3.2123955553498814e-07
1299,"(1.0, 3.0, 4.0, 9.0, 11.0, 13.0)",211679999.9999999,36,-16.603576393064422,41.0,51.0,6.154012763335961e-08,1.9368858654572947e-07,2.4092966770015107e-07
1300,"(1.0, 3.0, 4.0, 9.0, 11.0, 14.0)",211679999.9999999,1,-16.51323362668816,1.0,1.0,6.735870941660047e-08,4.724111866969012e-09,4.724111844651779e-09
1301,"(1.0, 3.0, 4.0, 9.0, 12.0, 13.0)",176399999.99999994,15,-16.721644870047903,18.0,24.0,5.468672359507954e-08,1.0204081632653065e-07,1.3605441135637934e-07
1302,"(1.0, 3.0, 4.0, 9.0, 13.0, 13.0)",88199999.99999997,13,-16.598817750252543,17.0,25.0,6.183367300421212e-08,1.9274376417233567e-07,2.8344667486798205e-07
1303,"(1.0, 3.0, 4.0, 9.0, 13.0, 14.0)",176399999.99999994,21,-16.508474983876283,24.0,32.0,6.768000932442045e-08,1.3605442176870752e-07,1.8140587718080435e-07
1304,"(1.0, 3.0, 4.0, 9.0, 14.0, 14.0)",88199999.99999997,2,-16.41813221750002,3.0,5.0,7.407911320166316e-08,3.401360544217688e-08,5.668934124670278e-08
1305,"(1.0, 3.0, 4.0, 11.0, 11.0, 13.0)",105839999.99999996,5,-16.23280186334023,5.0,5.0,8.916280547142866e-08,4.724111866969012e-08,4.7241116437966826e-08
1306,"(1.0, 3.0, 4.0, 11.0, 12.0, 13.0)",176399999.99999994,2,-16.350870340323713,2.0,2.0,7.923320742569725e-08,1.1337868480725628e-08,1.1337868352178366e-08
1307,"(1.0, 3.0, 4.0, 11.0, 13.0, 13.0)",88199999.99999997,3,-16.228043220528356,3.0,3.0,8.958811054967413e-08,3.401360544217688e-08,3.401360428525152e-08
1308,"(1.0, 3.0, 4.0, 11.0, 13.0, 14.0)",176399999.99999994,6,-16.137700454152093,6.0,6.0,9.805861212459657e-08,3.401360544217688e-08,3.401360428525152e-08
1309,"(1.0, 3.0, 4.0, 13.0, 14.0, 14.0)",67031999.99999999,1,-16.042599044963954,1.0,1.0,1.0784195675497523e-07,1.491824800095477e-08,1.4918247778400645e-08
1310,"(1.0, 3.0, 6.0, 6.0, 6.0, 13.0)",41277599.99999999,1,-16.3675521242996,1.0,1.0,7.792241971168231e-08,2.4226214702405182e-08,2.4226214115495702e-08
1311,"(1.0, 3.0, 6.0, 6.0, 8.0, 13.0)",119069999.9999999,2,-16.027185988508574,2.0,2.0,1.0951700658087022e-07,1.6796842193667606e-08,1.67968419115337e-08
1312,"(1.0, 3.0, 6.0, 6.0, 9.0, 12.0)",119069999.9999999,1,-16.785438528788433,1.0,1.0,5.1307005800169436e-08,8.398421096833803e-09,8.398421026300325e-09
1313,"(1.0, 3.0, 6.0, 6.0, 9.0, 13.0)",119069999.9999999,13,-16.662611408993072,18.0,34.0,5.801226350591496e-08,1.5117157974300844e-07,2.8554629443950275e-07
1314,"(1.0, 3.0, 6.0, 6.0, 9.0, 14.0)",119069999.9999999,1,-16.572268642616812,1.0,1.0,6.34972878732855e-08,8.398421096833803e-09,8.398421026300325e-09
1315,"(1.0, 3.0, 6.0, 6.0, 11.0, 13.0)",119069999.9999999,2,-16.291836879268885,2.0,2.0,8.405143708430033e-08,1.6796842193667606e-08,1.67968419115337e-08
1316,"(1.0, 3.0, 6.0, 6.0, 12.0, 12.0)",47627999.99999997,1,-16.532732476047723,1.0,1.0,6.605801432807896e-08,2.09960527420845e-08,2.099605230125027e-08
1317,"(1.0, 3.0, 6.0, 6.0, 12.0, 13.0)",95255999.99999994,1,-16.409905356252366,1.0,1.0,7.469106555942022e-08,1.049802637104225e-08,1.0498026260833694e-08
1318,"(1.0, 3.0, 6.0, 6.0, 13.0, 13.0)",47627999.99999997,2,-16.287078236457006,2.0,2.0,8.445236102154974e-08,4.1992105484169e-08,4.199210372083208e-08
1319,"(1.0, 3.0, 6.0, 6.0, 13.0, 14.0)",95255999.99999994,1,-16.196735470080746,1.0,1.0,9.243728059011551e-08,1.049802637104225e-08,1.0498026260833694e-08
1320,"(1.0, 3.0, 6.0, 7.0, 7.0, 13.0)",123832800.0,2,-15.929045258145036,2.0,2.0,1.208101830598956e-07,1.6150809801603452e-08,1.6150809540754796e-08
1321,"(1.0, 3.0, 6.0, 7.0, 8.0, 13.0)",238139999.9999998,2,-15.807932555431291,2.0,2.0,1.3636475008043738e-07,8.398421096833803e-09,8.398421026300325e-09
1322,"(1.0, 3.0, 6.0, 7.0, 9.0, 13.0)",238139999.9999998,29,-16.44335797591579,34.0,44.0,7.223378415427193e-08,1.4277315864617464e-07,1.8476524374616883e-07
1323,"(1.0, 3.0, 6.0, 7.0, 9.0, 14.0)",238139999.9999998,1,-16.353015209539528,1.0,1.0,7.906344468274252e-08,4.199210548416901e-09,4.1992105307835325e-09
1324,"(1.0, 3.0, 6.0, 7.0, 11.0, 13.0)",238139999.9999998,4,-16.0725834461916,4.0,4.0,1.046563777602765e-07,1.6796842193667606e-08,1.67968419115337e-08
1325,"(1.0, 3.0, 6.0, 7.0, 12.0, 13.0)",190511999.99999988,1,-16.190651923175082,1.0,1.0,9.300134112715072e-08,5.249013185521125e-09,5.249013157968986e-09
1326,"(1.0, 3.0, 6.0, 7.0, 13.0, 14.0)",190511999.99999988,2,-15.977482037003464,2.0,2.0,1.1509798395081563e-07,1.049802637104225e-08,1.0498026260833694e-08
1327,"(1.0, 3.0, 6.0, 8.0, 8.0, 13.0)",105839999.99999996,4,-15.68681985271755,4.0,4.0,1.5392200055918163e-07,3.77928949357521e-08,3.779289350744919e-08
1328,"(1.0, 3.0, 6.0, 8.0, 9.0, 13.0)",211679999.9999999,29,-16.32224527320205,31.0,35.0,8.153403690049857e-08,1.4644746787603937e-07,1.6534389389705457e-07
1329,"(1.0, 3.0, 6.0, 8.0, 11.0, 13.0)",211679999.9999999,5,-15.95147074347786,5.0,5.0,1.1813110812462198e-07,2.362055933484506e-08,2.3620558776914238e-08
1330,"(1.0, 3.0, 6.0, 8.0, 12.0, 13.0)",176399999.99999994,1,-16.06953922046134,1.0,1.0,1.0497546083231907e-07,5.668934240362814e-09,5.668934208225998e-09
1331,"(1.0, 3.0, 6.0, 8.0, 13.0, 13.0)",88199999.99999997,3,-15.946712100665984,3.0,3.0,1.1869459151793295e-07,3.401360544217688e-08,3.401360428525152e-08
1332,"(1.0, 3.0, 6.0, 8.0, 13.0, 14.0)",176399999.99999994,3,-15.85636933428972,3.0,3.0,1.2991709323405027e-07,1.700680272108844e-08,1.7006802431857102e-08
1333,"(1.0, 3.0, 6.0, 9.0, 9.0, 13.0)",105839999.99999996,20,-16.957670693686545,24.0,32.0,4.318940209418524e-08,2.2675736961451257e-07,3.023431080671121e-07
1334,"(1.0, 3.0, 6.0, 9.0, 9.0, 14.0)",105839999.99999996,1,-16.867327927310285,1.0,1.0,4.727293389560541e-08,9.448223733938024e-09,9.448223644669093e-09
1335,"(1.0, 3.0, 6.0, 9.0, 11.0, 12.0)",211679999.9999999,1,-16.709723283757715,1.0,1.0,5.534257773248101e-08,4.724111866969012e-09,4.724111844651779e-09
1336,"(1.0, 3.0, 6.0, 9.0, 11.0, 13.0)",211679999.9999999,30,-16.586896163962358,34.0,42.0,6.257524001727374e-08,1.606198034769464e-07,1.9841267261397722e-07
1337,"(1.0, 3.0, 6.0, 9.0, 12.0, 12.0)",88199999.99999997,1,-16.827791760741196,1.0,1.0,4.9179362602666896e-08,1.1337868480725628e-08,1.1337868352178366e-08
1338,"(1.0, 3.0, 6.0, 9.0, 12.0, 13.0)",176399999.99999994,20,-16.70496464094584,23.0,29.0,5.560656089483631e-08,1.3038548752834472e-07,1.6439907597014624e-07
1339,"(1.0, 3.0, 6.0, 9.0, 12.0, 14.0)",176399999.99999994,1,-16.614621874569576,2.0,4.0,6.086412753784044e-08,1.1337868480725628e-08,2.2675736832903994e-08
1340,"(1.0, 3.0, 6.0, 9.0, 13.0, 13.0)",88199999.99999997,16,-16.582137521150482,19.0,25.0,6.287372285673872e-08,2.1541950113378692e-07,2.8344666561257924e-07
1341,"(1.0, 3.0, 6.0, 9.0, 13.0, 14.0)",176399999.99999994,16,-16.49179475477422,17.0,19.0,6.881839526038258e-08,9.637188208616783e-08,1.077097412793538e-07
1342,"(1.0, 3.0, 6.0, 9.0, 14.0, 14.0)",88199999.99999997,1,-16.401451988397955,1.0,1.0,7.532513283817188e-08,1.1337868480725628e-08,1.1337868352178366e-08
1343,"(1.0, 3.0, 6.0, 11.0, 11.0, 13.0)",105839999.99999996,2,-16.216121634238167,2.0,2.0,9.066253463477822e-08,1.889644746787605e-08,1.8896447110800323e-08
1344,"(1.0, 3.0, 6.0, 11.0, 12.0, 13.0)",176399999.99999994,4,-16.33419011122165,4.0,4.0,8.056591954992623e-08,2.2675736961451256e-08,2.2675736447262208e-08
1345,"(1.0, 3.0, 6.0, 11.0, 13.0, 13.0)",88199999.99999997,2,-16.21136299142629,2.0,2.0,9.109499339583786e-08,2.2675736961451256e-08,2.2675736447262208e-08
1346,"(1.0, 3.0, 6.0, 11.0, 13.0, 14.0)",176399999.99999994,5,-16.121020225050028,5.0,5.0,9.970796983091015e-08,2.8344671201814068e-08,2.8344670398393682e-08
1347,"(1.0, 3.0, 6.0, 12.0, 13.0, 13.0)",67031999.99999999,3,-16.329431468409773,3.0,3.0,8.095021762732442e-08,4.4754744002864305e-08,4.4754741999877197e-08
1348,"(1.0, 3.0, 6.0, 12.0, 13.0, 14.0)",134063999.99999996,2,-16.23908870203351,2.0,2.0,8.860401165976326e-08,1.4918248000954773e-08,1.4918247778400648e-08
1349,"(1.0, 3.0, 6.0, 13.0, 13.0, 13.0)",22344000.0,1,-16.206604348614416,1.0,1.0,9.152951497789375e-08,4.4754744002864305e-08,4.4754741999877197e-08
1350,"(1.0, 3.0, 6.0, 13.0, 13.0, 14.0)",67031999.99999999,1,-16.116261582238153,1.0,1.0,1.0018357516529166e-07,1.491824800095477e-08,1.4918247778400645e-08
1351,"(1.0, 3.0, 6.0, 13.0, 14.0, 14.0)",67031999.99999999,2,-16.025918815861893,2.0,2.0,1.0965587150028805e-07,2.983649600190954e-08,2.9836495111693046e-08
1352,"(1.0, 3.0, 7.0, 7.0, 8.0, 13.0)",119069999.9999999,5,-15.588679122354012,5.0,5.0,1.6979413193483148e-07,4.1992105484169016e-08,4.199210372083209e-08
1353,"(1.0, 3.0, 7.0, 7.0, 9.0, 13.0)",119069999.9999999,18,-16.22410454283851,20.0,24.0,8.994166505352694e-08,1.6796842193667606e-07,2.015620781106205e-07
1354,"(1.0, 3.0, 7.0, 7.0, 11.0, 13.0)",119069999.9999999,1,-15.85333001311432,1.0,1.0,1.303125536677769e-07,8.398421096833803e-09,8.398421026300325e-09
1355,"(1.0, 3.0, 7.0, 7.0, 11.0, 14.0)",119069999.9999999,1,-15.762987246738057,1.0,1.0,1.426335266663428e-07,8.398421096833803e-09,8.398421026300325e-09
1356,"(1.0, 3.0, 7.0, 7.0, 13.0, 13.0)",47627999.99999997,3,-15.848571370302444,3.0,3.0,1.309341423508719e-07,6.298815822625351e-08,6.298815425874543e-08
1357,"(1.0, 3.0, 7.0, 7.0, 13.0, 14.0)",95255999.99999994,2,-15.75822860392618,3.0,5.0,1.4331388618283105e-07,3.1494079113126755e-08,5.249013086333424e-08
1358,"(1.0, 3.0, 7.0, 8.0, 8.0, 13.0)",105839999.99999996,3,-15.467566419640267,3.0,3.0,1.9165548615168297e-07,2.834467120181407e-08,2.8344670398393686e-08
1359,"(1.0, 3.0, 7.0, 8.0, 9.0, 12.0)",211679999.9999999,1,-16.225818959920126,1.0,1.0,8.978759963054276e-08,4.724111866969012e-09,4.724111844651779e-09
1360,"(1.0, 3.0, 7.0, 8.0, 9.0, 13.0)",211679999.9999999,33,-16.102991840124766,39.0,51.0,1.0152184498190768e-07,1.8424036281179146e-07,2.409296712709083e-07
1361,"(1.0, 3.0, 7.0, 8.0, 9.0, 14.0)",211679999.9999999,1,-16.012649073748506,1.0,1.0,1.1112067391726549e-07,4.724111866969012e-09,4.724111844651779e-09
1362,"(1.0, 3.0, 7.0, 8.0, 11.0, 13.0)",211679999.9999999,4,-15.732217310400577,4.0,4.0,1.4709057103605143e-07,1.889644746787605e-08,1.8896447110800323e-08
1363,"(1.0, 3.0, 7.0, 8.0, 12.0, 13.0)",176399999.99999994,5,-15.85028578738406,6.0,8.0,1.3070985893325502e-07,3.401360544217688e-08,4.5351472765977154e-08
1364,"(1.0, 3.0, 7.0, 8.0, 13.0, 13.0)",88199999.99999997,4,-15.7274586675887,5.0,7.0,1.4779219057900904e-07,5.6689342403628135e-08,7.936507615139786e-08
1365,"(1.0, 3.0, 7.0, 8.0, 13.0, 14.0)",176399999.99999994,6,-15.63711590121244,7.0,9.0,1.6176585265737773e-07,3.96825396825397e-08,5.1020406588561366e-08
1366,"(1.0, 3.0, 7.0, 9.0, 9.0, 12.0)",105839999.99999996,1,-16.86124438040462,1.0,1.0,4.7561397557778914e-08,9.448223733938024e-09,9.448223644669093e-09
1367,"(1.0, 3.0, 7.0, 9.0, 9.0, 13.0)",105839999.99999996,31,-16.738417260609264,32.0,34.0,5.3777145728943103e-08,3.023431594860168e-07,3.2123951554250673e-07
1368,"(1.0, 3.0, 7.0, 9.0, 11.0, 13.0)",211679999.9999999,30,-16.367642730885073,31.0,33.0,7.791535974714486e-08,1.4644746787603937e-07,1.5589567016311653e-07
1369,"(1.0, 3.0, 7.0, 9.0, 11.0, 14.0)",211679999.9999999,2,-16.277299964508813,3.0,5.0,8.528220980570114e-08,1.4172335600907036e-08,2.3620559133989963e-08
1370,"(1.0, 3.0, 7.0, 9.0, 12.0, 13.0)",176399999.99999994,14,-16.485711207868558,14.0,14.0,6.923833125093356e-08,7.93650793650794e-08,7.936507306626357e-08
1371,"(1.0, 3.0, 7.0, 9.0, 13.0, 13.0)",88199999.99999997,18,-16.3628840880732,20.0,24.0,7.828701469898885e-08,2.2675736961451254e-07,2.7210879211851037e-07
1372,"(1.0, 3.0, 7.0, 9.0, 13.0, 14.0)",176399999.99999994,28,-16.272541321696938,29.0,31.0,8.568900450807267e-08,1.643990929705216e-07,1.7573693442418545e-07
1373,"(1.0, 3.0, 7.0, 11.0, 11.0, 13.0)",105839999.99999996,3,-15.996868201160886,3.0,3.0,1.1288816470710617e-07,2.834467120181407e-08,2.8344670398393686e-08
1374,"(1.0, 3.0, 7.0, 11.0, 12.0, 13.0)",176399999.99999994,1,-16.114936678144367,1.0,1.0,1.0031639676266797e-07,5.668934240362814e-09,5.668934208225998e-09
1375,"(1.0, 3.0, 7.0, 11.0, 13.0, 13.0)",88199999.99999997,6,-15.99210955834901,7.0,9.0,1.1342663934874503e-07,7.93650793650794e-08,1.0204081002771482e-07
1376,"(1.0, 3.0, 7.0, 11.0, 13.0, 14.0)",176399999.99999994,2,-15.901766791972747,2.0,2.0,1.241510593788893e-07,1.1337868480725628e-08,1.1337868352178366e-08
1377,"(1.0, 3.0, 7.0, 12.0, 13.0, 13.0)",67031999.99999999,2,-16.110178035332492,2.0,2.0,1.0079490428325199e-07,2.983649600190954e-08,2.9836495111693046e-08
1378,"(1.0, 3.0, 7.0, 12.0, 13.0, 14.0)",134063999.99999996,3,-16.01983526895623,4.0,6.0,1.1032500141597414e-07,2.9836496001909546e-08,4.4754743112647825e-08
1379,"(1.0, 3.0, 7.0, 13.0, 13.0, 14.0)",67031999.99999999,4,-15.897008149160872,4.0,4.0,1.2474325783814837e-07,5.967299200381908e-08,5.96729884429531e-08
1380,"(1.0, 3.0, 7.0, 13.0, 14.0, 14.0)",67031999.99999999,2,-15.806665382784608,3.0,5.0,1.365376572902176e-07,4.4754744002864305e-08,7.459123800178674e-08
1381,"(1.0, 3.0, 8.0, 8.0, 8.0, 13.0)",28979999.99999999,1,-15.346453716926526,2.0,4.0,2.1633153603998416e-07,6.901311249137339e-08,1.3802622021993708e-07
1382,"(1.0, 3.0, 8.0, 8.0, 9.0, 12.0)",86939999.99999997,1,-16.10470625720638,1.0,1.0,1.013479433093073e-07,1.1502185415228897e-08,1.1502185282928627e-08
1383,"(1.0, 3.0, 8.0, 8.0, 9.0, 13.0)",86939999.99999997,19,-15.981879137411024,21.0,25.0,1.1459299761013593e-07,2.4154589371980687e-07,2.8755457703630366e-07
1384,"(1.0, 3.0, 8.0, 8.0, 11.0, 13.0)",86939999.99999997,8,-15.611104607686832,8.0,8.0,1.6602879368683337e-07,9.201748332183118e-08,9.201747485461394e-08
1385,"(1.0, 3.0, 8.0, 8.0, 12.0, 13.0)",75599999.99999997,5,-15.729173084670316,5.0,5.0,1.4753903019620109e-07,6.613756613756616e-08,6.613756176338851e-08
1386,"(1.0, 3.0, 8.0, 8.0, 13.0, 13.0)",37799999.99999999,3,-15.606345964874958,3.0,3.0,1.6682074823241549e-07,7.936507936507938e-08,7.936507306626356e-08
1387,"(1.0, 3.0, 8.0, 8.0, 13.0, 14.0)",75599999.99999997,3,-15.516003198498694,3.0,3.0,1.8259354890833685e-07,3.96825396825397e-08,3.968253810783574e-08
1388,"(1.0, 3.0, 8.0, 9.0, 9.0, 12.0)",86939999.99999997,1,-16.74013167769088,2.0,4.0,5.368502825815045e-08,2.3004370830457794e-08,4.600874113171451e-08
1389,"(1.0, 3.0, 8.0, 9.0, 9.0, 13.0)",86939999.99999997,31,-16.617304557895523,33.0,37.0,6.070106717519693e-08,3.795721187025536e-07,4.2558071628847595e-07
1390,"(1.0, 3.0, 8.0, 9.0, 9.0, 14.0)",86939999.99999997,1,-16.52696179151926,1.0,1.0,6.644031630046884e-08,1.1502185415228897e-08,1.1502185282928627e-08
1391,"(1.0, 3.0, 8.0, 9.0, 11.0, 12.0)",173879999.99999994,1,-16.36935714796669,1.0,1.0,7.778189476348835e-08,5.7510927076144485e-09,5.751092674539381e-09
1392,"(1.0, 3.0, 8.0, 9.0, 11.0, 13.0)",173879999.99999994,33,-16.246530028171332,35.0,39.0,8.794712738808696e-08,2.0128824476650572e-07,2.2429257508000602e-07
1393,"(1.0, 3.0, 8.0, 9.0, 11.0, 14.0)",173879999.99999994,2,-16.15618726179507,2.0,2.0,9.626247499928184e-08,1.1502185415228897e-08,1.1502185282928627e-08
1394,"(1.0, 3.0, 8.0, 9.0, 12.0, 13.0)",151199999.99999994,12,-16.364598505154813,13.0,15.0,7.815291308961165e-08,8.597883597883601e-08,9.920634181398902e-08
1395,"(1.0, 3.0, 8.0, 9.0, 12.0, 14.0)",151199999.99999994,1,-16.27425573877855,1.0,1.0,8.55422236727752e-08,6.6137566137566165e-09,6.61375657001484e-09
1396,"(1.0, 3.0, 8.0, 9.0, 13.0, 13.0)",75599999.99999997,14,-16.241771385359456,14.0,14.0,8.836663370237897e-08,1.8518518518518526e-07,1.8518515089163245e-07
1397,"(1.0, 3.0, 8.0, 9.0, 13.0, 14.0)",151199999.99999994,26,-16.151428618983193,29.0,35.0,9.672164538142949e-08,1.9179894179894186e-07,2.314814446946475e-07
1398,"(1.0, 3.0, 8.0, 11.0, 11.0, 13.0)",86939999.99999997,6,-15.87575549844714,7.0,9.0,1.2742275508093347e-07,8.051529790660228e-08,1.0351966225434689e-07
1399,"(1.0, 3.0, 8.0, 11.0, 12.0, 13.0)",151199999.99999994,8,-15.993823975430622,10.0,16.0,1.132323453787757e-07,6.613756613756616e-08,1.0582010144592821e-07
1400,"(1.0, 3.0, 8.0, 11.0, 13.0, 13.0)",75599999.99999997,4,-15.870996855635266,4.0,4.0,1.280305594735094e-07,5.291005291005293e-08,5.2910050110579236e-08
1401,"(1.0, 3.0, 8.0, 11.0, 13.0, 14.0)",151199999.99999994,4,-15.780654089259004,4.0,4.0,1.4013577130356832e-07,2.6455026455026466e-08,2.6455025755158042e-08
1402,"(1.0, 3.0, 8.0, 12.0, 12.0, 13.0)",59849999.99999998,2,-16.111892452414107,2.0,2.0,1.006222478224915e-07,3.3416875522138694e-08,3.341687440545113e-08
1403,"(1.0, 3.0, 8.0, 12.0, 13.0, 13.0)",59849999.99999998,2,-15.989065332618749,2.0,2.0,1.1377246175641315e-07,3.3416875522138694e-08,3.341687440545113e-08
1404,"(1.0, 3.0, 8.0, 12.0, 13.0, 14.0)",119699999.99999996,2,-15.898722566242489,2.0,2.0,1.245295790856832e-07,1.6708437761069347e-08,1.6708437481897455e-08
1405,"(1.0, 3.0, 8.0, 13.0, 13.0, 13.0)",19950000.0,4,-15.86623821282339,4.0,4.0,1.286412630827867e-07,2.0050125313283207e-07,2.0050121293207956e-07
1406,"(1.0, 3.0, 8.0, 13.0, 13.0, 14.0)",59849999.99999998,8,-15.775895446447128,9.0,11.0,1.4080421656910398e-07,1.5037593984962411e-07,1.8379279275883953e-07
1407,"(1.0, 3.0, 9.0, 9.0, 9.0, 11.0)",30359999.99999999,1,-17.257488621191897,1.0,1.0,3.200132204186176e-08,3.29380764163373e-08,3.293807533142042e-08
1408,"(1.0, 3.0, 9.0, 9.0, 9.0, 13.0)",28979999.99999999,6,-17.25272997838002,6.0,6.0,3.215396780825516e-08,2.0703933747412016e-07,2.070392946088329e-07
1409,"(1.0, 3.0, 9.0, 9.0, 11.0, 13.0)",86939999.99999997,22,-16.88195544865583,24.0,28.0,4.6586480839014826e-08,2.7605244996549355e-07,3.22061115421454e-07
1410,"(1.0, 3.0, 9.0, 9.0, 12.0, 13.0)",75599999.99999997,14,-17.00002392563931,14.0,14.0,4.13983866931345e-08,1.8518518518518526e-07,1.8518515089163245e-07
1411,"(1.0, 3.0, 9.0, 9.0, 13.0, 13.0)",37799999.99999999,12,-16.877196805843955,12.0,12.0,4.680869756687191e-08,3.1746031746031754e-07,3.174602166792644e-07
1412,"(1.0, 3.0, 9.0, 9.0, 13.0, 14.0)",75599999.99999997,16,-16.78685403946769,17.0,19.0,5.123443156246067e-08,2.2486772486772496e-07,2.5132270075725773e-07
1413,"(1.0, 3.0, 9.0, 11.0, 11.0, 13.0)",86939999.99999997,15,-16.51118091893164,18.0,24.0,6.749711917067654e-08,2.0703933747412016e-07,2.760524071002063e-07
1414,"(1.0, 3.0, 9.0, 11.0, 12.0, 13.0)",151199999.99999994,19,-16.62924939591512,20.0,22.0,5.998031595810361e-08,1.3227513227513233e-07,1.4550262800593495e-07
1415,"(1.0, 3.0, 9.0, 11.0, 13.0, 13.0)",75599999.99999997,17,-16.506422276119764,18.0,20.0,6.781907929068899e-08,2.380952380952382e-07,2.6455020786092226e-07
1416,"(1.0, 3.0, 9.0, 11.0, 13.0, 14.0)",151199999.99999994,21,-16.416079509743504,22.0,24.0,7.423133214898568e-08,1.4550264550264556e-07,1.5873013755913896e-07
1417,"(1.0, 3.0, 9.0, 12.0, 12.0, 13.0)",59849999.99999998,4,-16.747317872898606,4.0,4.0,5.330062003589755e-08,6.683375104427739e-08,6.683374657752711e-08
1418,"(1.0, 3.0, 9.0, 12.0, 12.0, 14.0)",59849999.99999998,1,-16.656975106522342,1.0,1.0,5.834016136775854e-08,1.6708437761069347e-08,1.6708437481897455e-08
1419,"(1.0, 3.0, 9.0, 12.0, 13.0, 13.0)",59849999.99999998,7,-16.624490753103245,7.0,7.0,6.026642105357331e-08,1.1695906432748543e-07,1.169590506480627e-07
1420,"(1.0, 3.0, 9.0, 12.0, 13.0, 14.0)",119699999.99999996,6,-16.534147986726985,7.0,9.0,6.596457465137868e-08,5.847953216374271e-08,7.518796650495637e-08
1421,"(1.0, 3.0, 9.0, 13.0, 13.0, 13.0)",19950000.0,5,-16.50166363330789,5.0,5.0,6.81425751550436e-08,2.506265664160401e-07,2.506265036023643e-07
1422,"(1.0, 3.0, 9.0, 13.0, 13.0, 14.0)",59849999.99999998,8,-16.411320866931625,8.0,8.0,7.458541435132318e-08,1.3366750208855478e-07,1.3366748422155365e-07
1423,"(1.0, 3.0, 9.0, 13.0, 14.0, 14.0)",59849999.99999998,9,-16.320978100555365,12.0,20.0,8.163742009017397e-08,2.0050125313283215e-07,3.341687150206344e-07
1424,"(1.0, 3.0, 11.0, 11.0, 12.0, 13.0)",75599999.99999997,5,-16.258474866190934,7.0,13.0,8.690286240141232e-08,9.259259259259263e-08,1.7195766338428382e-07
1425,"(1.0, 3.0, 11.0, 11.0, 13.0, 14.0)",75599999.99999997,3,-16.045304980019313,3.0,3.0,1.0755053788184175e-07,3.96825396825397e-08,3.968253810783574e-08
1426,"(1.0, 3.0, 11.0, 12.0, 12.0, 13.0)",59849999.99999998,3,-16.376543343174415,4.0,6.0,7.72249424648751e-08,6.683375104427739e-08,1.002506220996658e-07
1427,"(1.0, 3.0, 11.0, 12.0, 13.0, 14.0)",119699999.99999996,3,-16.163373457002795,3.0,3.0,9.557319368408536e-08,2.506265664160402e-08,2.5062656013467262e-08
1428,"(1.0, 3.0, 11.0, 13.0, 13.0, 13.0)",19950000.0,1,-16.130889103583698,1.0,1.0,9.872880357137585e-08,5.012531328320802e-08,5.012531077066099e-08
1429,"(1.0, 3.0, 11.0, 13.0, 13.0, 14.0)",59849999.99999998,4,-16.040546337207438,4.0,4.0,1.080635521335505e-07,6.683375104427739e-08,6.683374657752711e-08
1430,"(1.0, 3.0, 12.0, 12.0, 12.0, 13.0)",14363999.999999998,1,-16.494611820157896,1.0,1.0,6.862480215158424e-08,6.961849067112226e-08,6.961848582438802e-08
1431,"(1.0, 3.0, 12.0, 12.0, 13.0, 13.0)",21546000.0,1,-16.37178470036254,1.0,1.0,7.759330413792776e-08,4.64123271140815e-08,4.6412324959977395e-08
1432,"(1.0, 3.0, 12.0, 13.0, 14.0, 14.0)",43091999.99999999,1,-16.068272047814656,1.0,1.0,1.0510856718141022e-07,2.3206163557040754e-08,2.3206163018514726e-08
1433,"(1.0, 3.0, 13.0, 13.0, 13.0, 14.0)",14363999.999999998,1,-16.035787694395562,1.0,1.0,1.0857901345458722e-07,6.961849067112226e-08,6.961848582438802e-08
1434,"(1.0, 3.0, 13.0, 14.0, 14.0, 14.0)",14363999.999999998,1,-15.855102161643035,1.0,1.0,1.3008182497066578e-07,6.961849067112226e-08,6.961848582438802e-08
1435,"(1.0, 4.0, 4.0, 4.0, 9.0, 13.0)",42997499.99999999,1,-16.93457968095953,1.0,1.0,4.41982924501069e-08,2.3257166114308977e-08,2.3257165573413202e-08
1436,"(1.0, 4.0, 4.0, 6.0, 8.0, 9.0)",147419999.99999994,1,-16.658007203909033,1.0,1.0,5.8279979701684125e-08,6.783340116673453e-09,6.783340070659749e-09
1437,"(1.0, 4.0, 4.0, 6.0, 8.0, 13.0)",128992499.99999996,2,-16.282474031372967,2.0,2.0,8.48420935272312e-08,1.550477740953932e-08,1.5504777169141197e-08
1438,"(1.0, 4.0, 4.0, 6.0, 9.0, 13.0)",128992499.99999996,4,-16.917899451857465,4.0,4.0,4.49417130704789e-08,3.100955481907864e-08,3.1009553857486145e-08
1439,"(1.0, 4.0, 4.0, 6.0, 11.0, 13.0)",128992499.99999996,1,-16.547124922133275,1.0,1.0,6.511408692437765e-08,7.75238870476966e-09,7.752388644670129e-09
1440,"(1.0, 4.0, 4.0, 6.0, 13.0, 13.0)",51596999.99999999,1,-16.5423662793214,1.0,1.0,6.542468002076837e-08,1.9380971761924146e-08,1.938097138630208e-08
1441,"(1.0, 4.0, 4.0, 6.0, 13.0, 14.0)",103194000.0,2,-16.45202351294514,2.0,2.0,7.161054387875672e-08,1.9380971761924143e-08,1.9380971386302075e-08
1442,"(1.0, 4.0, 4.0, 7.0, 8.0, 13.0)",128992499.99999996,1,-16.063220598295686,1.0,1.0,1.0564086109857977e-07,7.75238870476966e-09,7.752388644670129e-09
1443,"(1.0, 4.0, 4.0, 7.0, 9.0, 13.0)",128992499.99999996,4,-16.698646018780185,4.0,4.0,5.595903013033096e-08,3.100955481907864e-08,3.1009553857486145e-08
1444,"(1.0, 4.0, 4.0, 7.0, 9.0, 14.0)",128992499.99999996,1,-16.60830325240392,1.0,1.0,6.124992252600528e-08,7.75238870476966e-09,7.752388644670129e-09
1445,"(1.0, 4.0, 4.0, 7.0, 11.0, 13.0)",128992499.99999996,3,-16.327871489055994,3.0,3.0,8.107659684436258e-08,2.325716611430898e-08,2.3257165573413205e-08
1446,"(1.0, 4.0, 4.0, 7.0, 12.0, 13.0)",103194000.0,1,-16.445939966039475,1.0,1.0,7.204751780940211e-08,9.690485880962071e-09,9.690485787056554e-09
1447,"(1.0, 4.0, 4.0, 8.0, 8.0, 13.0)",59534999.99999995,3,-15.94210789558194,5.0,9.0,1.192423457784843e-07,8.398421096833803e-08,1.5117157268966075e-07
1448,"(1.0, 4.0, 4.0, 8.0, 9.0, 13.0)",119069999.9999999,6,-16.57753331606644,7.0,9.0,6.316387381586045e-08,5.878894767783662e-08,7.558578641536385e-08
1449,"(1.0, 4.0, 4.0, 8.0, 11.0, 13.0)",119069999.9999999,4,-16.20675878634225,4.0,4.0,9.151538045905051e-08,3.359368438733521e-08,3.359368325879958e-08
1450,"(1.0, 4.0, 4.0, 8.0, 12.0, 13.0)",99224999.99999993,3,-16.324827263325734,3.0,3.0,8.132378836909807e-08,3.023431594860168e-08,3.023431503448782e-08
1451,"(1.0, 4.0, 4.0, 8.0, 13.0, 13.0)",49612499.99999996,3,-16.202000143530377,3.0,3.0,9.195190728030718e-08,6.046863189720337e-08,6.046862824074792e-08
1452,"(1.0, 4.0, 4.0, 8.0, 13.0, 14.0)",99224999.99999993,1,-16.111657377154113,1.0,1.0,1.006459044039891e-07,1.0078105316200562e-08,1.0078105214632355e-08
1453,"(1.0, 4.0, 4.0, 9.0, 9.0, 13.0)",59534999.99999995,4,-17.212958736550938,4.0,4.0,3.3458541337634716e-08,6.718736877467042e-08,6.71873642605279e-08
1454,"(1.0, 4.0, 4.0, 9.0, 11.0, 13.0)",119069999.9999999,7,-16.84218420682675,8.0,10.0,4.8476620497421696e-08,6.718736877467042e-08,8.39842064541955e-08
1455,"(1.0, 4.0, 4.0, 9.0, 12.0, 13.0)",99224999.99999993,3,-16.960252683810232,4.0,6.0,4.307803132551519e-08,4.031242126480225e-08,6.046863027211205e-08
1456,"(1.0, 4.0, 4.0, 9.0, 13.0, 13.0)",49612499.99999996,5,-16.837425564014872,5.0,5.0,4.870785315956974e-08,1.0078105316200561e-07,1.0078104300518493e-07
1457,"(1.0, 4.0, 4.0, 9.0, 13.0, 14.0)",99224999.99999993,6,-16.747082797638612,6.0,6.0,5.3313151165831926e-08,6.046863189720337e-08,6.046862824074792e-08
1458,"(1.0, 4.0, 4.0, 11.0, 11.0, 13.0)",59534999.99999995,1,-16.47140967710256,1.0,1.0,7.023566004079665e-08,1.6796842193667606e-08,1.67968419115337e-08
1459,"(1.0, 4.0, 4.0, 11.0, 13.0, 13.0)",49612499.99999996,1,-16.466651034290685,1.0,1.0,7.057068295457032e-08,2.0156210632401124e-08,2.0156210226128296e-08
1460,"(1.0, 4.0, 4.0, 12.0, 12.0, 13.0)",37705499.99999998,1,-16.707546631069523,1.0,1.0,5.54631704997472e-08,2.652132977947516e-08,2.6521329076094226e-08
1461,"(1.0, 4.0, 4.0, 12.0, 13.0, 13.0)",37705499.99999998,1,-16.584719511274166,1.0,1.0,6.271159292429781e-08,2.652132977947516e-08,2.6521329076094226e-08
1462,"(1.0, 4.0, 4.0, 13.0, 13.0, 14.0)",37705499.99999998,2,-16.371549625102546,2.0,2.0,7.761154654815743e-08,5.304265955895032e-08,5.3042656745426584e-08
1463,"(1.0, 4.0, 6.0, 6.0, 6.0, 13.0)",42997499.99999999,2,-16.60615993806193,2.0,2.0,6.138134114880154e-08,4.651433222861795e-08,4.6514330065034854e-08
1464,"(1.0, 4.0, 6.0, 6.0, 9.0, 13.0)",128992499.99999996,2,-16.9012192227554,2.0,2.0,4.56976381155279e-08,1.550477740953932e-08,1.5504777169141197e-08
1465,"(1.0, 4.0, 6.0, 6.0, 11.0, 13.0)",128992499.99999996,1,-16.530444693031214,1.0,1.0,6.620931373547927e-08,7.75238870476966e-09,7.752388644670129e-09
1466,"(1.0, 4.0, 6.0, 6.0, 13.0, 14.0)",103194000.0,1,-16.435343283843075,1.0,1.0,7.281504188092768e-08,9.690485880962071e-09,9.690485787056554e-09
1467,"(1.0, 4.0, 6.0, 7.0, 8.0, 13.0)",257984999.9999999,3,-16.04654036919362,5.0,11.0,1.0741775314895012e-07,1.938097176192415e-08,4.263813750061106e-08
1468,"(1.0, 4.0, 6.0, 7.0, 9.0, 13.0)",257984999.9999999,3,-16.68196578967812,3.0,3.0,5.690026777976883e-08,1.162858305715449e-08,1.1628582921930545e-08
1469,"(1.0, 4.0, 6.0, 7.0, 9.0, 14.0)",257984999.9999999,1,-16.591623023301857,1.0,1.0,6.228015362494244e-08,3.87619435238483e-09,3.876194337359947e-09
1470,"(1.0, 4.0, 6.0, 7.0, 11.0, 13.0)",257984999.9999999,4,-16.31119125995393,4.0,4.0,8.244031500138702e-08,1.550477740953932e-08,1.5504777169141197e-08
1471,"(1.0, 4.0, 6.0, 7.0, 12.0, 13.0)",206388000.0,2,-16.42925973693741,2.0,2.0,7.325936576589481e-08,9.690485880962071e-09,9.690485787056554e-09
1472,"(1.0, 4.0, 6.0, 7.0, 13.0, 13.0)",103194000.0,1,-16.306432617142054,1.0,1.0,8.283355391347443e-08,9.690485880962071e-09,9.690485787056554e-09
1473,"(1.0, 4.0, 6.0, 7.0, 13.0, 14.0)",206388000.0,3,-16.21608985076579,3.0,3.0,9.066541625073701e-08,1.4535728821443107e-08,1.4535728610155695e-08
1474,"(1.0, 4.0, 6.0, 8.0, 8.0, 13.0)",119069999.9999999,3,-15.925427666479878,3.0,3.0,1.2124801644490888e-07,2.5195263290501407e-08,2.5195262655700115e-08
1475,"(1.0, 4.0, 6.0, 8.0, 9.0, 13.0)",238139999.9999998,12,-16.56085308696438,14.0,20.0,6.422629780679366e-08,5.878894767783662e-08,8.398420751219766e-08
1476,"(1.0, 4.0, 6.0, 8.0, 11.0, 13.0)",238139999.9999998,9,-16.190078557240188,9.0,9.0,9.305468021800007e-08,3.779289493575211e-08,3.77928935074492e-08
1477,"(1.0, 4.0, 6.0, 8.0, 12.0, 13.0)",198449999.99999985,4,-16.30814703422367,6.0,10.0,8.269166431744163e-08,3.023431594860168e-08,5.0390525666888946e-08
1478,"(1.0, 4.0, 6.0, 8.0, 13.0, 13.0)",99224999.99999993,3,-16.185319914428312,3.0,3.0,9.349854947314488e-08,3.023431594860168e-08,3.023431503448782e-08
1479,"(1.0, 4.0, 6.0, 8.0, 13.0, 14.0)",198449999.99999985,5,-16.09497714805205,5.0,5.0,1.023387806791162e-07,2.5195263290501403e-08,2.5195262655700112e-08
1480,"(1.0, 4.0, 6.0, 9.0, 9.0, 13.0)",119069999.9999999,4,-17.196278507448877,4.0,4.0,3.402131804639648e-08,3.359368438733521e-08,3.359368325879958e-08
1481,"(1.0, 4.0, 6.0, 9.0, 11.0, 13.0)",238139999.9999998,8,-16.825503977724686,10.0,14.0,4.929200311258524e-08,4.1992105484169016e-08,5.8788945914499694e-08
1482,"(1.0, 4.0, 6.0, 9.0, 12.0, 13.0)",198449999.99999985,10,-16.943572454708168,11.0,13.0,4.380260901838806e-08,5.542957923910309e-08,6.55076814828654e-08
1483,"(1.0, 4.0, 6.0, 9.0, 13.0, 13.0)",99224999.99999993,7,-16.82074533491281,7.0,7.0,4.952712513605489e-08,7.054673721340393e-08,7.05467322365618e-08
1484,"(1.0, 4.0, 6.0, 9.0, 13.0, 14.0)",198449999.99999985,10,-16.730402568536547,11.0,13.0,5.4209884811332596e-08,5.542957923910309e-08,6.55076814828654e-08
1485,"(1.0, 4.0, 6.0, 11.0, 11.0, 13.0)",119069999.9999999,4,-16.454729448000496,6.0,12.0,7.14170323306585e-08,5.0390526581002814e-08,1.0078105062280046e-07
1486,"(1.0, 4.0, 6.0, 11.0, 12.0, 13.0)",198449999.99999985,5,-16.572797924983977,5.0,5.0,6.346368877094199e-08,2.5195263290501403e-08,2.5195262655700112e-08
1487,"(1.0, 4.0, 6.0, 11.0, 13.0, 13.0)",99224999.99999993,5,-16.44997080518862,5.0,5.0,7.175769037032934e-08,5.039052658100281e-08,5.039052404179764e-08
1488,"(1.0, 4.0, 6.0, 11.0, 13.0, 14.0)",198449999.99999985,5,-16.359628038812357,6.0,8.0,7.854233651997273e-08,3.023431594860168e-08,4.031242035068839e-08
1489,"(1.0, 4.0, 6.0, 12.0, 12.0, 13.0)",75410999.99999996,2,-16.690866401967458,3.0,5.0,5.639606773027405e-08,3.9781994669212736e-08,6.63033228660808e-08
1490,"(1.0, 4.0, 6.0, 12.0, 13.0, 13.0)",75410999.99999996,2,-16.5680392821721,4.0,10.0,6.376640949597705e-08,5.304265955895032e-08,1.3260664608385208e-07
1491,"(1.0, 4.0, 6.0, 13.0, 13.0, 13.0)",25136999.999999985,3,-16.445212162376745,3.0,3.0,7.209997334310374e-08,1.193459840076382e-07,1.1934596976417431e-07
1492,"(1.0, 4.0, 6.0, 13.0, 13.0, 14.0)",75410999.99999996,3,-16.35486939600048,3.0,3.0,7.891698214044855e-08,3.9781994669212736e-08,3.978199308660564e-08
1493,"(1.0, 4.0, 6.0, 13.0, 14.0, 14.0)",75410999.99999996,3,-16.26452662962422,3.0,3.0,8.637853498945214e-08,3.9781994669212736e-08,3.978199308660564e-08
1494,"(1.0, 4.0, 7.0, 7.0, 8.0, 11.0)",147419999.99999994,1,-15.832045578928216,2.0,4.0,1.3311591074224725e-07,1.3566680233346905e-08,2.7133360282638997e-08
1495,"(1.0, 4.0, 7.0, 7.0, 8.0, 13.0)",128992499.99999996,1,-15.82728693611634,1.0,1.0,1.3375087139130497e-07,7.75238870476966e-09,7.752388644670129e-09
1496,"(1.0, 4.0, 7.0, 7.0, 9.0, 11.0)",147419999.99999994,1,-16.467470999412715,1.0,1.0,7.051284117327215e-08,6.783340116673453e-09,6.783340070659749e-09
1497,"(1.0, 4.0, 7.0, 7.0, 9.0, 13.0)",128992499.99999996,5,-16.46271235660084,7.0,13.0,7.084918623637268e-08,5.426672093338762e-08,1.0078105021712857e-07
1498,"(1.0, 4.0, 7.0, 7.0, 9.0, 14.0)",128992499.99999996,1,-16.372369590224576,1.0,1.0,7.754793387057371e-08,7.75238870476966e-09,7.752388644670129e-09
1499,"(1.0, 4.0, 7.0, 7.0, 11.0, 13.0)",128992499.99999996,2,-16.09193782687665,2.0,2.0,1.0265029425740653e-07,1.550477740953932e-08,1.5504777169141197e-08
1500,"(1.0, 4.0, 7.0, 7.0, 12.0, 13.0)",103194000.0,1,-16.21000630386013,2.0,4.0,9.121866471341787e-08,1.9380971761924143e-08,3.876194314822622e-08
1501,"(1.0, 4.0, 7.0, 7.0, 13.0, 14.0)",103194000.0,2,-15.99683641768851,2.0,2.0,1.128917527419906e-07,1.9380971761924143e-08,1.9380971386302075e-08
1502,"(1.0, 4.0, 7.0, 8.0, 8.0, 13.0)",119069999.9999999,4,-15.706174233402596,6.0,12.0,1.5097157945099292e-07,5.0390526581002814e-08,1.0078105062280046e-07
1503,"(1.0, 4.0, 7.0, 8.0, 9.0, 13.0)",238139999.9999998,21,-16.341599653887094,24.0,30.0,7.997116906722511e-08,1.0078105316200563e-07,1.2597630629568638e-07
1504,"(1.0, 4.0, 7.0, 8.0, 9.0, 14.0)",238139999.9999998,1,-16.251256887510834,1.0,1.0,8.753239465146931e-08,4.199210548416901e-09,4.1992105307835325e-09
1505,"(1.0, 4.0, 7.0, 8.0, 11.0, 13.0)",238139999.9999998,9,-15.970825124162904,9.0,9.0,1.1586673712061749e-07,3.779289493575211e-08,3.77928935074492e-08
1506,"(1.0, 4.0, 7.0, 8.0, 12.0, 13.0)",198449999.99999985,2,-16.08889360114639,4.0,10.0,1.0296326105349373e-07,2.0156210632401124e-08,5.039052617472998e-08
1507,"(1.0, 4.0, 7.0, 8.0, 13.0, 13.0)",99224999.99999993,4,-15.96606648135103,4.0,4.0,1.1641941950243088e-07,4.031242126480225e-08,4.031241963971094e-08
1508,"(1.0, 4.0, 7.0, 8.0, 13.0, 14.0)",198449999.99999985,5,-15.875723714974768,5.0,5.0,1.2742680508291026e-07,2.5195263290501403e-08,2.5195262655700112e-08
1509,"(1.0, 4.0, 7.0, 9.0, 9.0, 13.0)",119069999.9999999,9,-16.977025074371593,9.0,9.0,4.2361535232230374e-08,7.558578987150422e-08,7.558578415829259e-08
1510,"(1.0, 4.0, 7.0, 9.0, 11.0, 11.0)",130409999.99999993,1,-16.61100918745928,1.0,1.0,6.108440824993742e-08,7.6681236101526e-09,7.668123551352482e-09
1511,"(1.0, 4.0, 7.0, 9.0, 11.0, 13.0)",238139999.9999998,13,-16.606250544647402,13.0,13.0,6.137577984701734e-08,5.458973712941972e-08,5.458973414938032e-08
1512,"(1.0, 4.0, 7.0, 9.0, 11.0, 14.0)",238139999.9999998,1,-16.515907778271142,1.0,1.0,6.71788226466305e-08,4.199210548416901e-09,4.1992105307835325e-09
1513,"(1.0, 4.0, 7.0, 9.0, 12.0, 13.0)",198449999.99999985,1,-16.724319021630887,1.0,1.0,5.454067836718011e-08,5.039052658100281e-09,5.039052632708229e-09
1514,"(1.0, 4.0, 7.0, 9.0, 12.0, 14.0)",198449999.99999985,1,-16.633976255254623,1.0,1.0,5.969746646296631e-08,5.039052658100281e-09,5.039052632708229e-09
1515,"(1.0, 4.0, 7.0, 9.0, 13.0, 13.0)",99224999.99999993,10,-16.60149190183553,11.0,13.0,6.166854128170052e-08,1.1085915847820618e-07,1.310153568208543e-07
1516,"(1.0, 4.0, 7.0, 9.0, 13.0, 14.0)",198449999.99999985,7,-16.511149135459267,7.0,7.0,6.749926449759176e-08,3.5273368606701966e-08,3.527336736249143e-08
1517,"(1.0, 4.0, 7.0, 11.0, 11.0, 13.0)",119069999.9999999,1,-16.235476014923215,1.0,1.0,8.89246891355215e-08,8.398421096833803e-09,8.398421026300325e-09
1518,"(1.0, 4.0, 7.0, 11.0, 12.0, 13.0)",198449999.99999985,3,-16.353544491906696,3.0,3.0,7.902160886804055e-08,1.511715797430084e-08,1.5117157745772375e-08
1519,"(1.0, 4.0, 7.0, 11.0, 13.0, 13.0)",99224999.99999993,7,-16.23071737211134,7.0,7.0,8.934885840286085e-08,7.054673721340393e-08,7.05467322365618e-08
1520,"(1.0, 4.0, 7.0, 11.0, 13.0, 14.0)",198449999.99999985,3,-16.140374605735076,3.0,3.0,9.779673883225459e-08,1.511715797430084e-08,1.5117157745772375e-08
1521,"(1.0, 4.0, 7.0, 12.0, 12.0, 13.0)",75410999.99999996,1,-16.471612968890177,1.0,1.0,7.022138315914806e-08,1.326066488973758e-08,1.3260664713892347e-08
1522,"(1.0, 4.0, 7.0, 12.0, 13.0, 13.0)",75410999.99999996,2,-16.34878584909482,2.0,2.0,7.939854060953307e-08,2.652132977947516e-08,2.6521329076094226e-08
1523,"(1.0, 4.0, 7.0, 12.0, 13.0, 14.0)",150821999.9999999,1,-16.258443082718557,1.0,1.0,8.690562452003353e-08,6.63033244486879e-09,6.630332400907481e-09
1524,"(1.0, 4.0, 7.0, 13.0, 13.0, 14.0)",75410999.99999996,4,-16.1356159629232,5.0,7.0,9.826322762700805e-08,6.63033244486879e-08,9.282464983203223e-08
1525,"(1.0, 4.0, 7.0, 13.0, 14.0, 14.0)",75410999.99999996,1,-16.045273196546937,1.0,1.0,1.0755395626571537e-07,1.326066488973758e-08,1.3260664713892347e-08
1526,"(1.0, 4.0, 8.0, 8.0, 9.0, 11.0)",106259999.99999994,1,-16.22524559398523,1.0,1.0,8.983909554313742e-08,9.410878976096373e-09,9.41087888753173e-09
1527,"(1.0, 4.0, 8.0, 8.0, 9.0, 13.0)",101429999.99999996,7,-16.220486951173353,8.0,10.0,9.026762651361836e-08,7.887212856156959e-08,9.859015448114931e-08
1528,"(1.0, 4.0, 8.0, 8.0, 11.0, 13.0)",101429999.99999996,4,-15.849712421449162,4.0,4.0,1.3078482500316427e-07,3.9436064280784795e-08,3.943606272558163e-08
1529,"(1.0, 4.0, 8.0, 8.0, 12.0, 13.0)",88199999.99999996,7,-15.967780898432643,7.0,7.0,1.1621999905476048e-07,7.936507936507941e-08,7.936507306626358e-08
1530,"(1.0, 4.0, 8.0, 8.0, 13.0, 13.0)",44099999.99999998,3,-15.844953778637286,3.0,3.0,1.3140866641256356e-07,6.802721088435377e-08,6.802720625665236e-08
1531,"(1.0, 4.0, 8.0, 8.0, 13.0, 14.0)",88199999.99999996,4,-15.754611012261025,4.0,4.0,1.438332762070616e-07,4.535147392290252e-08,4.535147186614633e-08
1532,"(1.0, 4.0, 8.0, 8.0, 14.0, 14.0)",44099999.99999998,1,-15.66426824588476,1.0,1.0,1.57432625330098e-07,2.267573696145126e-08,2.267573644726221e-08
1533,"(1.0, 4.0, 8.0, 9.0, 9.0, 13.0)",101429999.99999996,9,-16.85591237165785,14.0,26.0,4.781567264162466e-08,1.3802622498274678e-07,2.5633439877386236e-07
1534,"(1.0, 4.0, 8.0, 9.0, 11.0, 12.0)",202859999.9999999,1,-16.607964961729017,1.0,1.0,6.127064630876801e-08,4.929508035098099e-09,4.92950801079805e-09
1535,"(1.0, 4.0, 8.0, 9.0, 11.0, 13.0)",202859999.9999999,11,-16.48513784193366,14.0,20.0,6.927804153463609e-08,6.901311249137339e-08,9.859015593915228e-08
1536,"(1.0, 4.0, 8.0, 9.0, 12.0, 13.0)",176399999.9999999,11,-16.60320631891714,13.0,17.0,6.156290625824717e-08,7.369614512471659e-08,9.637187665504605e-08
1537,"(1.0, 4.0, 8.0, 9.0, 12.0, 14.0)",176399999.9999999,1,-16.51286355254088,1.0,1.0,6.738364174667057e-08,5.668934240362815e-09,5.668934208225999e-09
1538,"(1.0, 4.0, 8.0, 9.0, 13.0, 13.0)",88199999.99999996,4,-16.480379199121785,4.0,4.0,6.960849662428692e-08,4.535147392290252e-08,4.535147186614633e-08
1539,"(1.0, 4.0, 8.0, 9.0, 13.0, 14.0)",176399999.9999999,10,-16.39003643274552,11.0,13.0,7.618993780734524e-08,6.235827664399096e-08,7.369614123616191e-08
1540,"(1.0, 4.0, 8.0, 11.0, 11.0, 13.0)",101429999.99999996,5,-16.11436331220947,5.0,5.0,1.0037393125986753e-07,4.929508035098099e-08,4.9295077920976045e-08
1541,"(1.0, 4.0, 8.0, 11.0, 12.0, 13.0)",176399999.9999999,3,-16.23243178919295,3.0,3.0,8.91958084270263e-08,1.7006802721088443e-08,1.7006802431857106e-08
1542,"(1.0, 4.0, 8.0, 11.0, 13.0, 13.0)",88199999.99999996,6,-16.109604669397594,6.0,6.0,1.0085271321903282e-07,6.802721088435377e-08,6.802720625665236e-08
1543,"(1.0, 4.0, 8.0, 11.0, 13.0, 14.0)",176399999.9999999,8,-16.01926190302133,8.0,8.0,1.1038827615160912e-07,4.535147392290252e-08,4.535147186614633e-08
1544,"(1.0, 4.0, 8.0, 12.0, 13.0, 13.0)",69824999.99999997,2,-16.22767314638108,2.0,2.0,8.9621270928813e-08,2.8643036161833167e-08,2.8643035341409648e-08
1545,"(1.0, 4.0, 8.0, 12.0, 13.0, 14.0)",139649999.99999994,2,-16.137330380004816,2.0,2.0,9.809490779749261e-08,1.4321518080916584e-08,1.4321517875810704e-08
1546,"(1.0, 4.0, 8.0, 13.0, 13.0, 13.0)",23274999.99999999,1,-16.10484602658572,1.0,1.0,1.0133377896006799e-07,4.2964554242749754e-08,4.296455239679683e-08
1547,"(1.0, 4.0, 8.0, 13.0, 13.0, 14.0)",69824999.99999997,3,-16.01450326020946,3.0,3.0,1.1091482636700192e-07,4.296455424274975e-08,4.2964552396796823e-08
1548,"(1.0, 4.0, 8.0, 13.0, 14.0, 14.0)",69824999.99999997,3,-15.924160493833195,4.0,6.0,1.214017560015209e-07,5.7286072323666335e-08,8.592910520380542e-08
1549,"(1.0, 4.0, 9.0, 9.0, 9.0, 13.0)",33809999.999999985,1,-17.49133779214235,1.0,1.0,2.5328444299198245e-08,2.9577048210588596e-08,2.9577047335786815e-08
1550,"(1.0, 4.0, 9.0, 9.0, 11.0, 13.0)",101429999.99999996,7,-17.12056326241816,7.0,7.0,3.669727767543859e-08,6.901311249137339e-08,6.901310772856369e-08
1551,"(1.0, 4.0, 9.0, 9.0, 12.0, 12.0)",44099999.99999998,1,-17.361458859197,1.0,1.0,2.8841259335688438e-08,2.267573696145126e-08,2.267573644726221e-08
1552,"(1.0, 4.0, 9.0, 9.0, 12.0, 13.0)",88199999.99999996,3,-17.23863173940164,6.0,18.0,3.261049266723848e-08,6.802721088435377e-08,2.040816280253599e-07
1553,"(1.0, 4.0, 9.0, 9.0, 13.0, 13.0)",44099999.99999998,6,-17.115804619606283,6.0,6.0,3.6872323071000414e-08,1.3605442176870755e-07,1.3605440325790185e-07
1554,"(1.0, 4.0, 9.0, 9.0, 13.0, 14.0)",88199999.99999996,4,-17.02546185323002,4.0,4.0,4.035857887802273e-08,4.535147392290252e-08,4.535147186614633e-08
1555,"(1.0, 4.0, 9.0, 11.0, 11.0, 13.0)",101429999.99999996,14,-16.749788732693972,17.0,23.0,5.316908424694949e-08,1.6760327319333538e-07,2.2675734152365537e-07
1556,"(1.0, 4.0, 9.0, 11.0, 11.0, 14.0)",101429999.99999996,1,-16.65944596631771,2.0,4.0,5.819618894965726e-08,1.9718032140392398e-08,3.9436063891984007e-08
1557,"(1.0, 4.0, 9.0, 11.0, 12.0, 13.0)",176399999.9999999,7,-16.867857209677453,7.0,7.0,4.724791978559779e-08,3.9682539682539705e-08,3.968253810783575e-08
1558,"(1.0, 4.0, 9.0, 11.0, 13.0, 13.0)",88199999.99999996,5,-16.745030089882093,6.0,8.0,5.3422699882037955e-08,6.802721088435377e-08,9.070294321810362e-08
1559,"(1.0, 4.0, 9.0, 11.0, 13.0, 14.0)",176399999.9999999,11,-16.654687323505833,11.0,11.0,5.847378378938842e-08,6.235827664399096e-08,6.235827275543629e-08
1560,"(1.0, 4.0, 9.0, 12.0, 12.0, 13.0)",69824999.99999997,1,-16.985925686660934,1.0,1.0,4.198616462337063e-08,1.4321518080916584e-08,1.4321517875810704e-08
1561,"(1.0, 4.0, 9.0, 12.0, 13.0, 13.0)",69824999.99999997,6,-16.863098566865574,7.0,9.0,4.747329156607416e-08,1.0025062656641609e-07,1.2889365267806112e-07
1562,"(1.0, 4.0, 9.0, 12.0, 13.0, 14.0)",139649999.99999994,5,-16.772755800489314,5.0,5.0,5.1961862521638644e-08,3.580379520229146e-08,3.5803793920379705e-08
1563,"(1.0, 4.0, 9.0, 13.0, 13.0, 13.0)",23274999.99999999,4,-16.74027144707022,4.0,4.0,5.367752525942783e-08,1.7185821697099902e-07,1.7185818743575228e-07
1564,"(1.0, 4.0, 9.0, 13.0, 13.0, 14.0)",69824999.99999997,2,-16.649928680693957,2.0,2.0,5.8752702751823083e-08,2.8643036161833167e-08,2.8643035341409648e-08
1565,"(1.0, 4.0, 9.0, 13.0, 14.0, 14.0)",69824999.99999997,4,-16.559585914317694,4.0,4.0,6.430773520129444e-08,5.7286072323666335e-08,5.728606904197225e-08
1566,"(1.0, 4.0, 11.0, 11.0, 12.0, 13.0)",88199999.99999996,3,-16.497082679953262,3.0,3.0,6.845544919684687e-08,3.4013605442176887e-08,3.401360428525153e-08
1567,"(1.0, 4.0, 11.0, 11.0, 13.0, 13.0)",44099999.99999998,4,-16.374255560157906,4.0,4.0,7.740181862668991e-08,9.070294784580504e-08,9.070293961878028e-08
1568,"(1.0, 4.0, 11.0, 11.0, 13.0, 14.0)",88199999.99999996,4,-16.283912793781642,5.0,7.0,8.472011368343976e-08,5.668934240362815e-08,7.936507615139787e-08
1569,"(1.0, 4.0, 11.0, 12.0, 12.0, 14.0)",69824999.99999997,1,-16.52480839056048,1.0,1.0,6.65835430983069e-08,1.4321518080916584e-08,1.4321517875810704e-08
1570,"(1.0, 4.0, 11.0, 12.0, 13.0, 13.0)",69824999.99999997,3,-16.492324037141387,3.0,3.0,6.87819805349206e-08,4.296455424274975e-08,4.2964552396796823e-08
1571,"(1.0, 4.0, 11.0, 12.0, 13.0, 14.0)",139649999.99999994,5,-16.401981270765123,6.0,8.0,7.528527512247958e-08,4.296455424274975e-08,5.728607047771341e-08
1572,"(1.0, 4.0, 11.0, 13.0, 13.0, 13.0)",23274999.99999999,1,-16.36949691734603,1.0,1.0,7.777102399605117e-08,4.2964554242749754e-08,4.296455239679683e-08
1573,"(1.0, 4.0, 11.0, 13.0, 13.0, 14.0)",69824999.99999997,1,-16.279154150969767,1.0,1.0,8.512422719678861e-08,1.4321518080916584e-08,1.4321517875810704e-08
1574,"(1.0, 4.0, 11.0, 13.0, 14.0, 14.0)",69824999.99999997,3,-16.188811384593503,3.0,3.0,9.317267130516898e-08,4.296455424274975e-08,4.2964552396796823e-08
1575,"(1.0, 4.0, 12.0, 13.0, 13.0, 14.0)",50273999.99999999,2,-16.397222627953248,2.0,2.0,7.564438461502418e-08,3.978199466921272e-08,3.9781993086605624e-08
1576,"(1.0, 6.0, 6.0, 6.0, 12.0, 12.0)",17198999.999999996,1,-16.75466006070799,1.0,1.0,5.291071002111111e-08,5.814291528577244e-08,5.8142911905173846e-08
1577,"(1.0, 6.0, 6.0, 7.0, 7.0, 13.0)",64496249.99999998,1,-16.150972842805302,1.0,1.0,9.67657388508939e-08,1.550477740953932e-08,1.5504777169141197e-08
1578,"(1.0, 6.0, 6.0, 7.0, 8.0, 13.0)",128992499.99999996,3,-16.029860140091557,3.0,3.0,1.09224532738345e-07,2.325716611430898e-08,2.3257165573413205e-08
1579,"(1.0, 6.0, 6.0, 7.0, 9.0, 13.0)",128992499.99999996,3,-16.66528556057606,3.0,3.0,5.785733716021856e-08,2.325716611430898e-08,2.3257165573413205e-08
1580,"(1.0, 6.0, 6.0, 7.0, 11.0, 13.0)",128992499.99999996,3,-16.29451103085187,3.0,3.0,8.382697106261757e-08,2.325716611430898e-08,2.3257165573413205e-08
1581,"(1.0, 6.0, 6.0, 7.0, 11.0, 14.0)",128992499.99999996,1,-16.204168264475605,1.0,1.0,9.175276038946329e-08,7.75238870476966e-09,7.752388644670129e-09
1582,"(1.0, 6.0, 6.0, 8.0, 8.0, 13.0)",59534999.99999995,4,-15.908747437377816,5.0,7.0,1.2328742273432813e-07,8.398421096833803e-08,1.1757788830232554e-07
1583,"(1.0, 6.0, 6.0, 8.0, 9.0, 13.0)",119069999.9999999,7,-16.544172857862314,7.0,7.0,6.530659189764848e-08,5.878894767783662e-08,5.878894422169625e-08
1584,"(1.0, 6.0, 6.0, 8.0, 11.0, 13.0)",119069999.9999999,3,-16.173398328138124,4.0,6.0,9.46198711849198e-08,3.359368438733521e-08,5.039052545246718e-08
1585,"(1.0, 6.0, 6.0, 8.0, 12.0, 13.0)",99224999.99999993,1,-16.291466805121605,1.0,1.0,8.408254810454408e-08,1.0078105316200562e-08,1.0078105214632355e-08
1586,"(1.0, 6.0, 6.0, 8.0, 13.0, 13.0)",49612499.99999996,1,-16.168639685326248,1.0,1.0,9.507120637457771e-08,2.0156210632401124e-08,2.0156210226128296e-08
1587,"(1.0, 6.0, 6.0, 8.0, 13.0, 14.0)",99224999.99999993,2,-16.078296918949988,2.0,2.0,1.0406013133777456e-07,2.0156210632401124e-08,2.0156210226128296e-08
1588,"(1.0, 6.0, 6.0, 9.0, 11.0, 13.0)",119069999.9999999,8,-16.808823748622622,10.0,14.0,5.012110056187478e-08,8.398421096833803e-08,1.1757788830232554e-07
1589,"(1.0, 6.0, 6.0, 9.0, 12.0, 13.0)",99224999.99999993,2,-16.926892225606103,2.0,2.0,4.453937419562023e-08,2.0156210632401124e-08,2.0156210226128296e-08
1590,"(1.0, 6.0, 6.0, 9.0, 13.0, 13.0)",49612499.99999996,6,-16.804065105810746,6.0,6.0,5.036017736619368e-08,1.2093726379440673e-07,1.2093724916858496e-07
1591,"(1.0, 6.0, 6.0, 9.0, 13.0, 14.0)",99224999.99999993,3,-16.713722339434483,3.0,3.0,5.51217016251208e-08,3.023431594860168e-08,3.023431503448782e-08
1592,"(1.0, 6.0, 6.0, 11.0, 11.0, 13.0)",59534999.99999995,2,-16.438049218898435,2.0,2.0,7.261827544520433e-08,3.359368438733521e-08,3.359368325879958e-08
1593,"(1.0, 6.0, 6.0, 11.0, 12.0, 13.0)",99224999.99999993,2,-16.556117695881916,2.0,2.0,6.453115568565229e-08,2.0156210632401124e-08,2.0156210226128296e-08
1594,"(1.0, 6.0, 6.0, 11.0, 13.0, 14.0)",99224999.99999993,7,-16.342947809710296,7.0,7.0,7.986342811207541e-08,7.054673721340393e-08,7.05467322365618e-08
1595,"(1.0, 6.0, 6.0, 12.0, 13.0, 13.0)",37705499.99999998,1,-16.551359053070037,1.0,1.0,6.483896820986646e-08,2.652132977947516e-08,2.6521329076094226e-08
1596,"(1.0, 6.0, 6.0, 12.0, 13.0, 14.0)",75410999.99999996,1,-16.461016286693777,1.0,1.0,7.09694533709914e-08,1.326066488973758e-08,1.3260664713892347e-08
1597,"(1.0, 6.0, 6.0, 13.0, 14.0, 14.0)",37705499.99999998,2,-16.247846400522157,2.0,2.0,8.783143238681592e-08,5.304265955895032e-08,5.3042656745426584e-08
1598,"(1.0, 6.0, 7.0, 7.0, 9.0, 11.0)",147419999.99999994,1,-16.45079077031065,1.0,1.0,7.169887568327956e-08,6.783340116673453e-09,6.783340070659749e-09
1599,"(1.0, 6.0, 7.0, 7.0, 9.0, 13.0)",128992499.99999996,4,-16.446032127498775,4.0,4.0,7.204087811098872e-08,3.100955481907864e-08,3.1009553857486145e-08
1600,"(1.0, 6.0, 7.0, 7.0, 12.0, 13.0)",103194000.0,1,-16.19332607475807,1.0,1.0,9.275297367766781e-08,9.690485880962071e-09,9.690485787056554e-09
1601,"(1.0, 6.0, 7.0, 7.0, 13.0, 14.0)",103194000.0,1,-15.980156188586449,1.0,1.0,1.1479060566607256e-07,9.690485880962071e-09,9.690485787056554e-09
1602,"(1.0, 6.0, 7.0, 8.0, 8.0, 13.0)",119069999.9999999,4,-15.689494004300537,5.0,7.0,1.5351093966226485e-07,4.1992105484169016e-08,5.8788945914499694e-08
1603,"(1.0, 6.0, 7.0, 8.0, 9.0, 13.0)",238139999.9999998,16,-16.324919424785033,18.0,22.0,8.131629379544692e-08,7.558578987150422e-08,9.23826263519602e-08
1604,"(1.0, 6.0, 7.0, 8.0, 9.0, 14.0)",238139999.9999998,1,-16.23457665840877,3.0,9.0,8.900470010779208e-08,1.2597631645250703e-08,3.7792894777051786e-08
1605,"(1.0, 6.0, 7.0, 8.0, 11.0, 13.0)",238139999.9999998,3,-15.954144895060844,4.0,6.0,1.1781562964147444e-07,1.6796842193667606e-08,2.51952630083675e-08
1606,"(1.0, 6.0, 7.0, 8.0, 12.0, 13.0)",198449999.99999985,2,-16.072213372044324,2.0,2.0,1.0469511554751792e-07,1.0078105316200562e-08,1.0078105214632355e-08
1607,"(1.0, 6.0, 7.0, 8.0, 13.0, 13.0)",99224999.99999993,5,-15.949386252248969,5.0,5.0,1.1837760820774176e-07,5.039052658100281e-08,5.039052404179764e-08
1608,"(1.0, 6.0, 7.0, 8.0, 13.0, 14.0)",198449999.99999985,5,-15.859043485872704,6.0,8.0,1.2957013934392718e-07,3.023431594860168e-08,4.031242035068839e-08
1609,"(1.0, 6.0, 7.0, 9.0, 9.0, 13.0)",119069999.9999999,4,-16.960344845269532,4.0,4.0,4.307406137422553e-08,3.359368438733521e-08,3.359368325879958e-08
1610,"(1.0, 6.0, 7.0, 9.0, 11.0, 11.0)",130409999.99999993,1,-16.594328958357217,1.0,1.0,6.211185537874874e-08,7.6681236101526e-09,7.668123551352482e-09
1611,"(1.0, 6.0, 7.0, 9.0, 11.0, 12.0)",238139999.9999998,1,-16.712397435340698,1.0,1.0,5.51947809941478e-08,4.199210548416901e-09,4.1992105307835325e-09
1612,"(1.0, 6.0, 7.0, 9.0, 11.0, 13.0)",238139999.9999998,13,-16.58957031554534,13.0,13.0,6.240812788130355e-08,5.458973712941972e-08,5.458973414938032e-08
1613,"(1.0, 6.0, 7.0, 9.0, 12.0, 13.0)",198449999.99999985,5,-16.707638792528822,7.0,11.0,5.545805916855405e-08,3.5273368606701966e-08,5.5429577994892555e-08
1614,"(1.0, 6.0, 7.0, 9.0, 13.0, 13.0)",99224999.99999993,5,-16.584811672733466,5.0,5.0,6.270581359869853e-08,5.039052658100281e-08,5.039052404179764e-08
1615,"(1.0, 6.0, 7.0, 9.0, 13.0, 14.0)",198449999.99999985,6,-16.494468906357202,6.0,6.0,6.863461028372363e-08,3.023431594860168e-08,3.023431503448782e-08
1616,"(1.0, 6.0, 7.0, 11.0, 11.0, 13.0)",119069999.9999999,4,-16.21879578582115,4.0,4.0,9.042041315332474e-08,3.359368438733521e-08,3.359368325879958e-08
1617,"(1.0, 6.0, 7.0, 11.0, 12.0, 13.0)",198449999.99999985,2,-16.33686426280463,2.0,2.0,8.035076187895806e-08,1.0078105316200562e-08,1.0078105214632355e-08
1618,"(1.0, 6.0, 7.0, 11.0, 13.0, 13.0)",99224999.99999993,3,-16.214037143009275,3.0,3.0,9.085171699900158e-08,3.023431594860168e-08,3.023431503448782e-08
1619,"(1.0, 6.0, 7.0, 11.0, 13.0, 14.0)",198449999.99999985,3,-16.12369437663301,3.0,3.0,9.944169179814361e-08,1.511715797430084e-08,1.5117157745772375e-08
1620,"(1.0, 6.0, 7.0, 12.0, 13.0, 13.0)",75410999.99999996,5,-16.33210561999276,5.0,5.0,8.073403365789438e-08,6.63033244486879e-08,6.630332005255708e-08
1621,"(1.0, 6.0, 7.0, 12.0, 13.0, 14.0)",150821999.9999999,5,-16.241762853616496,5.0,5.0,8.836738762700011e-08,3.315166222434395e-08,3.3151661125311244e-08
1622,"(1.0, 6.0, 7.0, 13.0, 13.0, 14.0)",75410999.99999996,2,-16.11893573382114,2.0,2.0,9.99160269907996e-08,2.652132977947516e-08,2.6521329076094226e-08
1623,"(1.0, 6.0, 7.0, 13.0, 14.0, 14.0)",75410999.99999996,2,-16.028592967444876,2.0,2.0,1.09363026807994e-07,2.652132977947516e-08,2.6521329076094226e-08
1624,"(1.0, 6.0, 8.0, 8.0, 8.0, 13.0)",33809999.999999985,1,-15.56838130158679,1.0,1.0,1.732757983760312e-07,2.9577048210588596e-08,2.9577047335786815e-08
1625,"(1.0, 6.0, 8.0, 8.0, 9.0, 13.0)",101429999.99999996,6,-16.20380672207129,6.0,6.0,9.178593890041512e-08,5.915409642117719e-08,5.915409292197007e-08
1626,"(1.0, 6.0, 8.0, 8.0, 11.0, 13.0)",101429999.99999996,2,-15.8330321923471,2.0,2.0,1.3298464156505615e-07,1.9718032140392398e-08,1.9718031751591606e-08
1627,"(1.0, 6.0, 8.0, 8.0, 12.0, 13.0)",88199999.99999996,2,-15.951100669330582,2.0,2.0,1.1817483348404161e-07,2.267573696145126e-08,2.267573644726221e-08
1628,"(1.0, 6.0, 8.0, 8.0, 13.0, 13.0)",44099999.99999998,5,-15.828273549535224,5.0,5.0,1.3361897606235273e-07,1.133786848072563e-07,1.1337867195253013e-07
1629,"(1.0, 6.0, 8.0, 9.0, 9.0, 9.0)",35419999.99999998,1,-17.214765315091853,1.0,1.0,3.3398150421735144e-08,2.823263692828912e-08,2.8232636131207334e-08
1630,"(1.0, 6.0, 8.0, 9.0, 9.0, 13.0)",101429999.99999996,6,-16.839232142555787,6.0,6.0,4.861993803397819e-08,5.915409642117719e-08,5.915409292197007e-08
1631,"(1.0, 6.0, 8.0, 9.0, 11.0, 12.0)",202859999.9999999,1,-16.591284732626953,2.0,4.0,6.230122598423571e-08,9.859016070196199e-09,1.97180320431922e-08
1632,"(1.0, 6.0, 8.0, 9.0, 11.0, 13.0)",202859999.9999999,9,-16.4684576128316,10.0,12.0,7.044330656549591e-08,4.929508035098099e-08,5.915409399117225e-08
1633,"(1.0, 6.0, 8.0, 9.0, 12.0, 13.0)",176399999.9999999,8,-16.58652608981508,11.0,17.0,6.25984017813845e-08,6.235827664399096e-08,9.637187819761318e-08
1634,"(1.0, 6.0, 8.0, 9.0, 13.0, 13.0)",88199999.99999996,9,-16.46369897001972,9.0,9.0,7.077931994969041e-08,1.0204081632653066e-07,1.0204080591420246e-07
1635,"(1.0, 6.0, 8.0, 9.0, 13.0, 14.0)",176399999.9999999,6,-16.37335620364346,7.0,9.0,7.74714617688143e-08,3.9682539682539705e-08,5.102040658856137e-08
1636,"(1.0, 6.0, 8.0, 11.0, 11.0, 13.0)",101429999.99999996,2,-16.09768308310741,2.0,2.0,1.020622329138422e-07,1.9718032140392398e-08,1.9718031751591606e-08
1637,"(1.0, 6.0, 8.0, 11.0, 12.0, 13.0)",176399999.9999999,11,-16.21575156009089,11.0,11.0,9.069609270407709e-08,6.235827664399096e-08,6.235827275543629e-08
1638,"(1.0, 6.0, 8.0, 11.0, 13.0, 13.0)",88199999.99999996,5,-16.092924440295533,5.0,5.0,1.0254906804342142e-07,5.668934240362815e-08,5.668933918994661e-08
1639,"(1.0, 6.0, 8.0, 11.0, 13.0, 14.0)",176399999.9999999,2,-16.00258167391927,2.0,2.0,1.1224502029689586e-07,1.133786848072563e-08,1.1337868352178367e-08
1640,"(1.0, 6.0, 8.0, 12.0, 12.0, 13.0)",69824999.99999997,2,-16.33382003707437,2.0,2.0,8.059574043153157e-08,2.8643036161833167e-08,2.8643035341409648e-08
1641,"(1.0, 6.0, 8.0, 12.0, 13.0, 13.0)",69824999.99999997,3,-16.210992917279015,4.0,6.0,9.112871153656128e-08,5.7286072323666335e-08,8.592910520380542e-08
1642,"(1.0, 6.0, 8.0, 12.0, 13.0, 14.0)",139649999.99999994,6,-16.12065015090275,6.0,6.0,9.974487600141063e-08,4.296455424274975e-08,4.2964552396796823e-08
1643,"(1.0, 6.0, 8.0, 13.0, 13.0, 13.0)",23274999.99999999,1,-16.088165797483658,2.0,4.0,1.0303822536835756e-07,8.592910848549951e-08,1.7185820958718732e-07
1644,"(1.0, 6.0, 8.0, 13.0, 13.0, 14.0)",69824999.99999997,3,-15.997823031107394,3.0,3.0,1.1278042715054553e-07,4.296455424274975e-08,4.2964552396796823e-08
1645,"(1.0, 6.0, 8.0, 13.0, 14.0, 14.0)",69824999.99999997,3,-15.90748026473113,3.0,3.0,1.23443748208862e-07,4.296455424274975e-08,4.2964552396796823e-08
1646,"(1.0, 6.0, 9.0, 9.0, 9.0, 13.0)",33809999.999999985,1,-17.474657563040285,1.0,1.0,2.5754471793251856e-08,2.9577048210588596e-08,2.9577047335786815e-08
1647,"(1.0, 6.0, 9.0, 9.0, 11.0, 13.0)",101429999.99999996,11,-17.103883033316094,12.0,14.0,3.7314530320803455e-08,1.1830819284235439e-07,1.3802621098591828e-07
1648,"(1.0, 6.0, 9.0, 9.0, 12.0, 13.0)",88199999.99999996,3,-17.22195151029958,4.0,6.0,3.3159005094877554e-08,4.535147392290252e-08,6.802720882759758e-08
1649,"(1.0, 6.0, 9.0, 9.0, 13.0, 13.0)",44099999.99999998,8,-17.099124390504223,8.0,8.0,3.749252000107272e-08,1.8140589569161007e-07,1.8140586278351107e-07
1650,"(1.0, 6.0, 9.0, 9.0, 13.0, 14.0)",88199999.99999996,5,-17.00878162412796,6.0,8.0,4.103741505208296e-08,6.802721088435377e-08,9.070294321810362e-08
1651,"(1.0, 6.0, 9.0, 11.0, 11.0, 13.0)",101429999.99999996,10,-16.733108503591907,10.0,10.0,5.4063394669464076e-08,9.859016070196198e-08,9.85901509819422e-08
1652,"(1.0, 6.0, 9.0, 11.0, 12.0, 13.0)",176399999.9999999,6,-16.85117698057539,6.0,6.0,4.804263550630005e-08,3.4013605442176887e-08,3.401360428525153e-08
1653,"(1.0, 6.0, 9.0, 11.0, 12.0, 14.0)",176399999.9999999,1,-16.760834214199125,2.0,4.0,5.2585037586472284e-08,1.133786848072563e-08,2.2675736832903997e-08
1654,"(1.0, 6.0, 9.0, 11.0, 13.0, 13.0)",88199999.99999996,9,-16.728349860780032,9.0,9.0,5.432127615018397e-08,1.0204081632653066e-07,1.0204080591420246e-07
1655,"(1.0, 6.0, 9.0, 11.0, 13.0, 14.0)",176399999.9999999,8,-16.63800709440377,9.0,11.0,5.945731989927948e-08,5.102040816326533e-08,6.235827404090891e-08
1656,"(1.0, 6.0, 9.0, 12.0, 13.0, 13.0)",69824999.99999997,7,-16.846418337763513,8.0,10.0,4.827179806736002e-08,1.1457214464733267e-07,1.432151676823895e-07
1657,"(1.0, 6.0, 9.0, 12.0, 13.0, 14.0)",139649999.99999994,4,-16.75607557138725,5.0,7.0,5.2835867328840826e-08,3.580379520229146e-08,5.012531200129629e-08
1658,"(1.0, 6.0, 9.0, 13.0, 13.0, 13.0)",23274999.99999999,1,-16.723591217968156,1.0,1.0,5.458038772121738e-08,4.2964554242749754e-08,4.296455239679683e-08
1659,"(1.0, 6.0, 9.0, 13.0, 13.0, 14.0)",69824999.99999997,5,-16.633248451591893,5.0,5.0,5.974093031236963e-08,7.160759040458291e-08,7.16075852769359e-08
1660,"(1.0, 6.0, 9.0, 13.0, 14.0, 14.0)",69824999.99999997,1,-16.54290568521563,1.0,1.0,6.538939907896648e-08,1.4321518080916584e-08,1.4321517875810704e-08
1661,"(1.0, 6.0, 11.0, 11.0, 11.0, 13.0)",33809999.999999985,3,-16.362333973867717,3.0,3.0,7.833009334588116e-08,8.873114463176579e-08,8.873113675854976e-08
1662,"(1.0, 6.0, 11.0, 11.0, 12.0, 13.0)",88199999.99999996,1,-16.480402450851198,1.0,1.0,6.96068781251751e-08,1.133786848072563e-08,1.1337868352178367e-08
1663,"(1.0, 6.0, 11.0, 11.0, 13.0, 13.0)",44099999.99999998,2,-16.35757533105584,3.0,5.0,7.870372656999634e-08,6.802721088435377e-08,1.1337868017955488e-07
1664,"(1.0, 6.0, 11.0, 11.0, 13.0, 14.0)",88199999.99999996,3,-16.267232564679578,5.0,11.0,8.614511623401628e-08,5.668934240362815e-08,1.2471655007430038e-07
1665,"(1.0, 6.0, 11.0, 12.0, 12.0, 13.0)",69824999.99999997,5,-16.59847092783468,6.0,8.0,6.185512202747492e-08,8.59291084854995e-08,1.1457213726352099e-07
1666,"(1.0, 6.0, 11.0, 12.0, 13.0, 13.0)",69824999.99999997,3,-16.475643808039322,3.0,3.0,6.993890175981652e-08,4.296455424274975e-08,4.2964552396796823e-08
1667,"(1.0, 6.0, 11.0, 12.0, 13.0, 14.0)",139649999.99999994,1,-16.38530104166306,1.0,1.0,7.655158254826103e-08,7.160759040458292e-09,7.1607589891818214e-09
1668,"(1.0, 6.0, 11.0, 13.0, 13.0, 13.0)",23274999.99999999,1,-16.352816688243966,1.0,1.0,7.907914201828871e-08,4.2964554242749754e-08,4.296455239679683e-08
1669,"(1.0, 6.0, 11.0, 13.0, 13.0, 14.0)",69824999.99999997,1,-16.262473921867702,1.0,1.0,8.655602698549676e-08,1.4321518080916584e-08,1.4321517875810704e-08
1670,"(1.0, 6.0, 12.0, 12.0, 13.0, 13.0)",25137000.0,1,-16.593712285022804,1.0,1.0,6.215016991627433e-08,3.9781994669212717e-08,3.978199308660562e-08
1671,"(1.0, 6.0, 12.0, 12.0, 13.0, 14.0)",50273999.99999999,2,-16.503369518646544,2.0,2.0,6.802643082776636e-08,3.978199466921272e-08,3.9781993086605624e-08
1672,"(1.0, 6.0, 12.0, 13.0, 13.0, 14.0)",50273999.99999999,6,-16.380542398851183,7.0,9.0,7.69167323058686e-08,1.392369813422445e-07,1.7901895662452027e-07
1673,"(1.0, 6.0, 13.0, 13.0, 14.0, 14.0)",25137000.0,2,-16.167372512679563,2.0,2.0,9.519175436821239e-08,7.956398933842543e-08,7.956398300799704e-08
1674,"(1.0, 6.0, 13.0, 14.0, 14.0, 14.0)",16757999.999999994,3,-16.077029746303303,3.0,3.0,1.041920770711726e-07,1.7901897601145727e-07,1.790189439636635e-07
1675,"(1.0, 7.0, 7.0, 7.0, 9.0, 13.0)",42997499.99999999,7,-16.226778694421494,7.0,7.0,8.970146871140086e-08,1.6280016280016284e-07,1.6280013629626983e-07
1676,"(1.0, 7.0, 7.0, 7.0, 11.0, 13.0)",42997499.99999999,3,-15.856004164697303,3.0,3.0,1.299645436692353e-07,6.977149834292693e-08,6.977149347486495e-08
1677,"(1.0, 7.0, 7.0, 7.0, 12.0, 13.0)",34397999.99999999,1,-15.974072641680785,1.0,1.0,1.1549106818796035e-07,2.907145764288622e-08,2.9071456797736572e-08
1678,"(1.0, 7.0, 7.0, 7.0, 13.0, 13.0)",17198999.999999996,1,-15.851245521885428,1.0,1.0,1.3058447235050694e-07,5.814291528577244e-08,5.8142911905173846e-08
1679,"(1.0, 7.0, 7.0, 8.0, 8.0, 13.0)",59534999.99999995,1,-15.47024057122325,1.0,1.0,1.9114365499206825e-07,1.6796842193667606e-08,1.67968419115337e-08
1680,"(1.0, 7.0, 7.0, 8.0, 9.0, 13.0)",119069999.9999999,6,-16.10566599170775,7.0,9.0,1.012507228518467e-07,5.878894767783662e-08,7.558578641536385e-08
1681,"(1.0, 7.0, 7.0, 8.0, 9.0, 14.0)",119069999.9999999,1,-16.015323225331485,1.0,1.0,1.1082391735406878e-07,8.398421096833803e-09,8.398421026300325e-09
1682,"(1.0, 7.0, 7.0, 8.0, 11.0, 13.0)",119069999.9999999,3,-15.73489146198356,5.0,11.0,1.466977540128946e-07,4.1992105484169016e-08,9.23826303018349e-08
1683,"(1.0, 7.0, 7.0, 8.0, 12.0, 13.0)",99224999.99999993,1,-15.852959938967045,2.0,4.0,1.3036078789952536e-07,2.0156210632401124e-08,4.031242085852942e-08
1684,"(1.0, 7.0, 7.0, 8.0, 13.0, 13.0)",49612499.99999996,2,-15.730132819171684,2.0,2.0,1.473974998252769e-07,4.031242126480225e-08,4.031241963971094e-08
1685,"(1.0, 7.0, 7.0, 8.0, 13.0, 14.0)",99224999.99999993,3,-15.639790052795425,3.0,3.0,1.6133384413200624e-07,3.023431594860168e-08,3.023431503448782e-08
1686,"(1.0, 7.0, 7.0, 9.0, 9.0, 13.0)",59534999.99999995,6,-16.741091412192247,7.0,9.0,5.363352960079621e-08,1.1757789535567324e-07,1.5117156591844697e-07
1687,"(1.0, 7.0, 7.0, 9.0, 11.0, 12.0)",119069999.9999999,1,-16.493144002263413,1.0,1.0,6.87256048260742e-08,8.398421096833803e-09,8.398421026300325e-09
1688,"(1.0, 7.0, 7.0, 9.0, 11.0, 13.0)",119069999.9999999,4,-16.37031688246806,4.0,4.0,7.770728060611954e-08,3.359368438733521e-08,3.359368325879958e-08
1689,"(1.0, 7.0, 7.0, 9.0, 12.0, 13.0)",99224999.99999993,6,-16.48838535945154,6.0,6.0,6.905342480194254e-08,6.046863189720337e-08,6.046862824074792e-08
1690,"(1.0, 7.0, 7.0, 9.0, 13.0, 14.0)",99224999.99999993,4,-16.27521547327992,4.0,4.0,8.546016523284896e-08,4.031242126480225e-08,4.031241963971094e-08
1691,"(1.0, 7.0, 7.0, 11.0, 11.0, 13.0)",59534999.99999995,5,-15.99954235274387,5.0,5.0,1.1258668791972587e-07,8.398421096833803e-08,8.398420391499034e-08
1692,"(1.0, 7.0, 7.0, 11.0, 13.0, 13.0)",49612499.99999996,2,-15.994783709931994,3.0,5.0,1.1312372452217376e-07,6.046863189720337e-08,1.0078104950555017e-07
1693,"(1.0, 7.0, 7.0, 11.0, 13.0, 14.0)",99224999.99999993,3,-15.90444094355573,3.0,3.0,1.238195041389887e-07,3.023431594860168e-08,3.023431503448782e-08
1694,"(1.0, 7.0, 7.0, 11.0, 14.0, 14.0)",49612499.99999996,1,-15.814098177179469,1.0,1.0,1.3552656323846441e-07,2.0156210632401124e-08,2.0156210226128296e-08
1695,"(1.0, 7.0, 7.0, 12.0, 12.0, 13.0)",37705499.99999998,1,-16.235679306710832,1.0,1.0,8.890661331389914e-08,2.652132977947516e-08,2.6521329076094226e-08
1696,"(1.0, 7.0, 7.0, 12.0, 13.0, 13.0)",37705499.99999998,1,-16.112852186915475,1.0,1.0,1.0052572350591843e-07,2.652132977947516e-08,2.6521329076094226e-08
1697,"(1.0, 7.0, 7.0, 12.0, 13.0, 14.0)",75410999.99999996,1,-16.022509420539212,1.0,1.0,1.1003036975922864e-07,1.326066488973758e-08,1.3260664713892347e-08
1698,"(1.0, 7.0, 7.0, 13.0, 13.0, 14.0)",37705499.99999998,2,-15.899682300743857,2.0,2.0,1.2441012108534535e-07,5.304265955895032e-08,5.3042656745426584e-08
1699,"(1.0, 7.0, 7.0, 13.0, 14.0, 14.0)",37705499.99999998,1,-15.809339534367592,1.0,1.0,1.3617302265927037e-07,2.652132977947516e-08,2.6521329076094226e-08
1700,"(1.0, 7.0, 8.0, 8.0, 8.0, 13.0)",33809999.999999985,1,-15.349127868509507,1.0,1.0,2.1575380553419067e-07,2.9577048210588596e-08,2.9577047335786815e-08
1701,"(1.0, 7.0, 8.0, 8.0, 9.0, 13.0)",101429999.99999996,7,-15.984553288994007,7.0,7.0,1.1428696793142323e-07,6.901311249137339e-08,6.901310772856369e-08
1702,"(1.0, 7.0, 8.0, 8.0, 11.0, 13.0)",101429999.99999996,1,-15.613778759269817,1.0,1.0,1.655854006397125e-07,9.859016070196199e-09,9.859015972996002e-09
1703,"(1.0, 7.0, 8.0, 8.0, 12.0, 13.0)",88199999.99999996,1,-15.731847236253298,1.0,1.0,1.4714501552732832e-07,1.133786848072563e-08,1.1337868352178367e-08
1704,"(1.0, 7.0, 8.0, 8.0, 13.0, 13.0)",44099999.99999998,5,-15.60902011645794,5.0,5.0,1.663752402079389e-07,1.133786848072563e-07,1.1337867195253013e-07
1705,"(1.0, 7.0, 8.0, 8.0, 13.0, 14.0)",88199999.99999996,2,-15.518677350081678,2.0,2.0,1.8210591837005967e-07,2.267573696145126e-08,2.267573644726221e-08
1706,"(1.0, 7.0, 8.0, 9.0, 9.0, 13.0)",101429999.99999996,15,-16.619978709478506,17.0,21.0,6.053896016628228e-08,1.6760327319333538e-07,2.0703930938326297e-07
1707,"(1.0, 7.0, 8.0, 9.0, 11.0, 12.0)",202859999.9999999,1,-16.372031299549672,1.0,1.0,7.757417205127589e-08,4.929508035098099e-09,4.92950801079805e-09
1708,"(1.0, 7.0, 8.0, 9.0, 11.0, 13.0)",202859999.9999999,16,-16.249204179754315,18.0,22.0,8.771225761681309e-08,8.873114463176579e-08,1.0844916889894215e-07
1709,"(1.0, 7.0, 8.0, 9.0, 12.0, 12.0)",88199999.99999996,1,-16.490099776533157,1.0,1.0,6.893513985475722e-08,1.133786848072563e-08,1.1337868352178367e-08
1710,"(1.0, 7.0, 8.0, 9.0, 12.0, 13.0)",176399999.9999999,15,-16.367272656737796,16.0,18.0,7.794419954356545e-08,9.070294784580504e-08,1.0204080809950591e-07
1711,"(1.0, 7.0, 8.0, 9.0, 12.0, 14.0)",176399999.9999999,1,-16.276929890361536,1.0,1.0,8.531377638740052e-08,5.668934240362815e-09,5.668934208225999e-09
1712,"(1.0, 7.0, 8.0, 9.0, 13.0, 13.0)",88199999.99999996,7,-16.24444553694244,8.0,10.0,8.813064360625752e-08,9.070294784580504e-08,1.1337867658023155e-07
1713,"(1.0, 7.0, 8.0, 9.0, 13.0, 14.0)",176399999.9999999,4,-16.154102770566176,4.0,4.0,9.646334256469592e-08,2.267573696145126e-08,2.267573644726221e-08
1714,"(1.0, 7.0, 8.0, 9.0, 14.0, 14.0)",88199999.99999996,1,-16.063760004189916,1.0,1.0,1.0558389316123353e-07,1.133786848072563e-08,1.1337868352178367e-08
1715,"(1.0, 7.0, 8.0, 11.0, 11.0, 13.0)",101429999.99999996,5,-15.878429650030125,5.0,5.0,1.270824625184612e-07,4.929508035098099e-08,4.9295077920976045e-08
1716,"(1.0, 7.0, 8.0, 11.0, 12.0, 13.0)",176399999.9999999,10,-15.996498127013606,12.0,18.0,1.1292994942964411e-07,6.802721088435377e-08,1.0204081169882924e-07
1717,"(1.0, 7.0, 8.0, 11.0, 13.0, 13.0)",88199999.99999996,3,-15.873671007218247,3.0,3.0,1.2768864372125411e-07,3.4013605442176887e-08,3.401360428525153e-08
1718,"(1.0, 7.0, 8.0, 11.0, 13.0, 14.0)",176399999.9999999,5,-15.783328240841987,6.0,8.0,1.3976152762408896e-07,3.4013605442176887e-08,4.535147276597716e-08
1719,"(1.0, 7.0, 8.0, 12.0, 13.0, 13.0)",69824999.99999997,2,-15.991739484201732,2.0,2.0,1.1346862338370451e-07,2.8643036161833167e-08,2.8643035341409648e-08
1720,"(1.0, 7.0, 8.0, 12.0, 13.0, 14.0)",139649999.99999994,1,-15.90139671782547,1.0,1.0,1.241970129789177e-07,7.160759040458292e-09,7.1607589891818214e-09
1721,"(1.0, 7.0, 8.0, 13.0, 13.0, 13.0)",23274999.99999999,3,-15.868912364406372,3.0,3.0,1.2829771639816004e-07,1.2889366272824926e-07,1.2889364611467296e-07
1722,"(1.0, 7.0, 8.0, 13.0, 13.0, 14.0)",69824999.99999997,2,-15.778569598030112,2.0,2.0,1.4042818775358563e-07,2.8643036161833167e-08,2.8643035341409648e-08
1723,"(1.0, 7.0, 8.0, 13.0, 14.0, 14.0)",69824999.99999997,3,-15.68822683165385,3.0,3.0,1.5370558782634067e-07,4.296455424274975e-08,4.2964552396796823e-08
1724,"(1.0, 7.0, 9.0, 9.0, 9.0, 12.0)",33809999.999999985,1,-17.37823124975836,1.0,1.0,2.8361556596181046e-08,2.9577048210588596e-08,2.9577047335786815e-08
1725,"(1.0, 7.0, 9.0, 9.0, 9.0, 13.0)",33809999.999999985,1,-17.255404129963004,1.0,1.0,3.2068098089835055e-08,2.9577048210588596e-08,2.9577047335786815e-08
1726,"(1.0, 7.0, 9.0, 9.0, 11.0, 13.0)",101429999.99999996,6,-16.884629600238814,7.0,9.0,4.646206795113469e-08,6.901311249137339e-08,8.87311398689561e-08
1727,"(1.0, 7.0, 9.0, 9.0, 12.0, 13.0)",88199999.99999996,9,-17.002698077222295,10.0,12.0,4.1287829021696094e-08,1.133786848072563e-07,1.3605440891398138e-07
1728,"(1.0, 7.0, 9.0, 9.0, 13.0, 13.0)",44099999.99999998,6,-16.879870957426938,7.0,9.0,4.668369123161497e-08,1.5873015873015882e-07,2.0408160745779803e-07
1729,"(1.0, 7.0, 9.0, 9.0, 13.0, 14.0)",88199999.99999996,5,-16.789528191050678,5.0,5.0,5.1097605953940935e-08,5.668934240362815e-08,5.668933918994661e-08
1730,"(1.0, 7.0, 9.0, 9.0, 14.0, 14.0)",44099999.99999998,1,-16.699185424674415,1.0,1.0,5.592885363906357e-08,2.267573696145126e-08,2.267573644726221e-08
1731,"(1.0, 7.0, 9.0, 11.0, 11.0, 13.0)",101429999.99999996,11,-16.513855070514623,13.0,17.0,6.731686276649284e-08,1.2816720891255057e-07,1.6760325676650195e-07
1732,"(1.0, 7.0, 9.0, 11.0, 12.0, 13.0)",176399999.9999999,7,-16.631923547498108,7.0,7.0,5.98201337724153e-08,3.9682539682539705e-08,3.968253810783575e-08
1733,"(1.0, 7.0, 9.0, 11.0, 12.0, 14.0)",176399999.9999999,1,-16.541580781121844,1.0,1.0,6.547609117817351e-08,5.668934240362815e-09,5.668934208225999e-09
1734,"(1.0, 7.0, 9.0, 11.0, 13.0, 13.0)",88199999.99999996,11,-16.50909642770275,11.0,11.0,6.763796306649737e-08,1.2471655328798192e-07,1.2471653773376326e-07
1735,"(1.0, 7.0, 9.0, 11.0, 13.0, 14.0)",176399999.9999999,8,-16.418753661326488,8.0,8.0,7.403309149552747e-08,4.535147392290252e-08,4.535147186614633e-08
1736,"(1.0, 7.0, 9.0, 11.0, 14.0, 14.0)",88199999.99999996,2,-16.328410894950224,3.0,5.0,8.103287544299151e-08,3.4013605442176887e-08,5.668934124670279e-08
1737,"(1.0, 7.0, 9.0, 12.0, 12.0, 12.0)",23274999.99999999,1,-16.872819144276946,1.0,1.0,4.701405937750367e-08,4.2964554242749754e-08,4.296455239679683e-08
1738,"(1.0, 7.0, 9.0, 12.0, 12.0, 13.0)",69824999.99999997,1,-16.74999202448159,1.0,1.0,5.3158276507366535e-08,1.4321518080916584e-08,1.4321517875810704e-08
1739,"(1.0, 7.0, 9.0, 12.0, 13.0, 13.0)",69824999.99999997,9,-16.627164904686232,11.0,17.0,6.010547480156094e-08,1.5753669889008242e-07,2.434657825577704e-07
1740,"(1.0, 7.0, 9.0, 12.0, 13.0, 14.0)",139649999.99999994,5,-16.53682213830997,5.0,5.0,6.578841102874913e-08,3.580379520229146e-08,3.5803793920379705e-08
1741,"(1.0, 7.0, 9.0, 12.0, 14.0, 14.0)",69824999.99999997,1,-16.446479371933705,1.0,1.0,7.200866543317348e-08,1.4321518080916584e-08,1.4321517875810704e-08
1742,"(1.0, 7.0, 9.0, 13.0, 13.0, 13.0)",23274999.99999999,2,-16.504337784890872,2.0,2.0,6.796059500951759e-08,8.592910848549951e-08,8.592910110168782e-08
1743,"(1.0, 7.0, 9.0, 13.0, 13.0, 14.0)",69824999.99999997,6,-16.413995018514612,7.0,9.0,7.43862280932913e-08,1.0025062656641609e-07,1.2889365267806112e-07
1744,"(1.0, 7.0, 9.0, 13.0, 14.0, 14.0)",69824999.99999997,2,-16.32365225213835,2.0,2.0,8.141940089212377e-08,2.8643036161833167e-08,2.8643035341409648e-08
1745,"(1.0, 7.0, 11.0, 11.0, 11.0, 13.0)",33809999.999999985,2,-16.143080540790436,4.0,10.0,9.753246492361828e-08,1.1830819284235439e-07,2.9577046810905746e-07
1746,"(1.0, 7.0, 11.0, 11.0, 13.0, 13.0)",44099999.99999998,6,-16.138321897978557,6.0,6.0,9.799769313628523e-08,1.3605442176870755e-07,1.3605440325790185e-07
1747,"(1.0, 7.0, 11.0, 11.0, 13.0, 14.0)",88199999.99999996,2,-16.047979131602297,3.0,5.0,1.0726331564977016e-07,3.4013605442176887e-08,5.668934124670279e-08
1748,"(1.0, 7.0, 11.0, 12.0, 12.0, 13.0)",69824999.99999997,1,-16.3792174947574,1.0,1.0,7.701870713790045e-08,1.4321518080916584e-08,1.4321517875810704e-08
1749,"(1.0, 7.0, 11.0, 12.0, 13.0, 13.0)",69824999.99999997,6,-16.25639037496204,6.0,6.0,8.708419958808049e-08,8.59291084854995e-08,8.592910110168781e-08
1750,"(1.0, 7.0, 11.0, 12.0, 13.0, 14.0)",139649999.99999994,4,-16.166047608585778,4.0,4.0,9.531795789859528e-08,2.8643036161833167e-08,2.8643035341409648e-08
1751,"(1.0, 7.0, 11.0, 13.0, 13.0, 14.0)",69824999.99999997,3,-16.04322048879042,3.0,3.0,1.0777495985627633e-07,4.296455424274975e-08,4.2964552396796823e-08
1752,"(1.0, 7.0, 11.0, 13.0, 14.0, 14.0)",69824999.99999997,2,-15.952877722414158,2.0,2.0,1.1796501701451511e-07,2.8643036161833167e-08,2.8643035341409648e-08
1753,"(1.0, 7.0, 12.0, 12.0, 12.0, 13.0)",16757999.999999994,1,-16.49728597174088,1.0,1.0,6.844153418065969e-08,5.967299200381909e-08,5.967298844295312e-08
1754,"(1.0, 7.0, 12.0, 12.0, 13.0, 14.0)",50273999.99999999,1,-16.28411608556926,1.0,1.0,8.47028925306007e-08,1.989099733460636e-08,1.9890996938954585e-08
1755,"(1.0, 7.0, 12.0, 13.0, 13.0, 14.0)",50273999.99999999,1,-16.161288965773903,1.0,1.0,9.577262295010322e-08,1.989099733460636e-08,1.9890996938954585e-08
1756,"(1.0, 7.0, 13.0, 13.0, 13.0, 14.0)",16757999.999999994,2,-16.038461845978546,2.0,2.0,1.0828904459701796e-07,1.1934598400763818e-07,1.193459697641743e-07
1757,"(1.0, 7.0, 13.0, 13.0, 14.0, 14.0)",25137000.0,1,-15.948119079602282,1.0,1.0,1.1852770815603222e-07,3.9781994669212717e-08,3.978199308660562e-08
1758,"(1.0, 8.0, 8.0, 8.0, 8.0, 13.0)",6641249.999999997,1,-15.228015165795764,1.0,1.0,2.435325650983131e-07,1.5057406361754194e-07,1.505740409449933e-07
1759,"(1.0, 8.0, 8.0, 8.0, 9.0, 13.0)",26564999.99999999,5,-15.863440586280262,8.0,16.0,1.290016571839218e-07,3.011481272350839e-07,6.022961637799732e-07
1760,"(1.0, 8.0, 8.0, 8.0, 11.0, 13.0)",26564999.99999999,1,-15.492666056556072,1.0,1.0,1.8690487178559042e-07,3.7643515904385486e-08,3.764351448735119e-08
1761,"(1.0, 8.0, 8.0, 8.0, 13.0, 13.0)",12074999.999999994,3,-15.487907413744198,4.0,6.0,1.8779640487159985e-07,3.312629399585923e-07,4.96894300202753e-07
1762,"(1.0, 8.0, 8.0, 8.0, 13.0, 14.0)",24149999.99999999,1,-15.397564647367936,1.0,1.0,2.0555244117451541e-07,4.140786749482404e-08,4.1407865780212546e-08
1763,"(1.0, 8.0, 8.0, 9.0, 9.0, 13.0)",39847499.99999999,6,-16.49886600676476,6.0,6.0,6.83334795470988e-08,1.5057406361754192e-07,1.5057404094499328e-07
1764,"(1.0, 8.0, 8.0, 9.0, 11.0, 12.0)",79694999.99999997,1,-16.25091859683593,1.0,1.0,8.756201105352579e-08,1.2547838634795161e-08,1.2547838477346907e-08
1765,"(1.0, 8.0, 8.0, 9.0, 11.0, 13.0)",79694999.99999997,3,-16.12809147704057,3.0,3.0,9.900539661443663e-08,3.7643515904385486e-08,3.764351448735119e-08
1766,"(1.0, 8.0, 8.0, 9.0, 12.0, 13.0)",72449999.99999997,1,-16.246159954024055,1.0,1.0,8.797968036939745e-08,1.3802622498274678e-08,1.3802622307762291e-08
1767,"(1.0, 8.0, 8.0, 9.0, 13.0, 13.0)",36224999.99999999,4,-16.123332834228698,6.0,12.0,9.947765068642507e-08,1.656314699792961e-07,3.3126291252480837e-07
1768,"(1.0, 8.0, 8.0, 9.0, 13.0, 14.0)",72449999.99999997,5,-16.032990067852435,5.0,5.0,1.0888320228963404e-07,6.901311249137339e-08,6.901310772856369e-08
1769,"(1.0, 8.0, 8.0, 11.0, 11.0, 13.0)",39847499.99999999,1,-15.757316947316385,1.0,1.0,1.4344459880790614e-07,2.509567726959032e-08,2.5095676639797302e-08
1770,"(1.0, 8.0, 8.0, 11.0, 12.0, 13.0)",72449999.99999997,4,-15.875385424299864,4.0,4.0,1.2746991967502368e-07,5.521048999309871e-08,5.521048694490051e-08
1771,"(1.0, 8.0, 8.0, 11.0, 13.0, 13.0)",36224999.99999999,2,-15.752558304504507,3.0,5.0,1.4412882712482983e-07,8.281573498964805e-08,1.3802621812430078e-07
1772,"(1.0, 8.0, 8.0, 11.0, 13.0, 14.0)",72449999.99999997,4,-15.662215538128244,4.0,4.0,1.5775612040807942e-07,5.521048999309871e-08,5.521048694490051e-08
1773,"(1.0, 8.0, 8.0, 12.0, 12.0, 13.0)",29924999.99999999,2,-15.993453901283344,2.0,2.0,1.1327425749725354e-07,6.683375104427739e-08,6.683374657752711e-08
1774,"(1.0, 8.0, 8.0, 12.0, 13.0, 13.0)",29924999.99999999,1,-15.870626781487989,1.0,1.0,1.2807794904191817e-07,3.3416875522138694e-08,3.341687440545113e-08
1775,"(1.0, 8.0, 9.0, 9.0, 9.0, 12.0)",26564999.99999999,1,-17.25711854704462,1.0,1.0,3.2013167095467006e-08,3.7643515904385486e-08,3.764351448735119e-08
1776,"(1.0, 8.0, 9.0, 9.0, 9.0, 13.0)",26564999.99999999,3,-17.13429142724926,3.0,3.0,3.619693365920381e-08,1.1293054771315646e-07,1.1293053495984785e-07
1777,"(1.0, 8.0, 9.0, 9.0, 9.0, 14.0)",26564999.99999999,1,-17.043948660873,1.0,1.0,3.961933180652976e-08,3.7643515904385486e-08,3.764351448735119e-08
1778,"(1.0, 8.0, 9.0, 9.0, 11.0, 13.0)",79694999.99999997,9,-16.763516897525072,10.0,12.0,5.244415763558264e-08,1.254783863479516e-07,1.505740478727165e-07
1779,"(1.0, 8.0, 9.0, 9.0, 11.0, 14.0)",79694999.99999997,1,-16.67317413114881,1.0,1.0,5.740272096638725e-08,1.2547838634795161e-08,1.2547838477346907e-08
1780,"(1.0, 8.0, 9.0, 9.0, 12.0, 13.0)",72449999.99999997,5,-16.881585374508553,5.0,5.0,4.660372448170234e-08,6.901311249137339e-08,6.901310772856369e-08
1781,"(1.0, 8.0, 9.0, 9.0, 12.0, 14.0)",72449999.99999997,1,-16.79124260813229,1.0,1.0,5.101007839627263e-08,1.3802622498274678e-08,1.3802622307762291e-08
1782,"(1.0, 8.0, 9.0, 9.0, 13.0, 13.0)",36224999.99999999,5,-16.758758254713197,5.0,5.0,5.2694315382961575e-08,1.3802622498274675e-07,1.3802620593150796e-07
1783,"(1.0, 8.0, 9.0, 9.0, 13.0, 14.0)",72449999.99999997,5,-16.668415488336933,5.0,5.0,5.767653097722115e-08,6.901311249137339e-08,6.901310772856369e-08
1784,"(1.0, 8.0, 9.0, 11.0, 11.0, 13.0)",79694999.99999997,6,-16.39274236780088,7.0,9.0,7.598405146692605e-08,8.783487044356612e-08,1.1293053999819199e-07
1785,"(1.0, 8.0, 9.0, 11.0, 12.0, 12.0)",72449999.99999997,1,-16.63363796457972,2.0,4.0,5.971766497547772e-08,2.7605244996549357e-08,5.5210489231049164e-08
1786,"(1.0, 8.0, 9.0, 11.0, 12.0, 13.0)",144899999.99999994,8,-16.510810844784363,8.0,8.0,6.752210273209725e-08,5.521048999309871e-08,5.521048694490051e-08
1787,"(1.0, 8.0, 9.0, 11.0, 13.0, 13.0)",72449999.99999997,11,-16.387983724989006,12.0,14.0,7.634649411084783e-08,1.6563146997929613e-07,1.9323668754206165e-07
1788,"(1.0, 8.0, 9.0, 11.0, 13.0, 14.0)",144899999.99999994,7,-16.297640958612742,11.0,21.0,8.356500887400014e-08,7.591442374051073e-08,1.4492753046888438e-07
1789,"(1.0, 8.0, 9.0, 12.0, 12.0, 13.0)",59849999.99999998,4,-16.628879321767844,4.0,4.0,6.000251723019025e-08,6.683375104427739e-08,6.683374657752711e-08
1790,"(1.0, 8.0, 9.0, 12.0, 13.0, 13.0)",59849999.99999998,3,-16.506052201972487,3.0,3.0,6.784418202327629e-08,5.012531328320804e-08,5.012531077066101e-08
1791,"(1.0, 8.0, 9.0, 12.0, 13.0, 14.0)",119699999.99999996,6,-16.415709435596224,6.0,6.0,7.425880832973072e-08,5.012531328320804e-08,5.012531077066101e-08
1792,"(1.0, 8.0, 9.0, 13.0, 13.0, 13.0)",19950000.0,3,-16.38322508217713,3.0,3.0,7.671066560006803e-08,1.5037593984962406e-07,1.5037591723670078e-07
1793,"(1.0, 8.0, 9.0, 13.0, 13.0, 14.0)",59849999.99999998,12,-16.292882315800867,12.0,12.0,8.396361255689042e-08,2.0050125313283215e-07,2.0050121293207964e-07
1794,"(1.0, 8.0, 9.0, 13.0, 14.0, 14.0)",59849999.99999998,4,-16.202539549424607,4.0,4.0,9.190232125423414e-08,6.683375104427739e-08,6.683374657752711e-08
1795,"(1.0, 8.0, 11.0, 11.0, 11.0, 13.0)",26564999.99999999,1,-16.02196783807669,1.0,1.0,1.1008997641733834e-07,3.7643515904385486e-08,3.764351448735119e-08
1796,"(1.0, 8.0, 11.0, 11.0, 12.0, 13.0)",72449999.99999997,6,-16.140036315060172,6.0,6.0,9.782982815362643e-08,8.281573498964806e-08,8.28157281312021e-08
1797,"(1.0, 8.0, 11.0, 11.0, 13.0, 13.0)",36224999.99999999,5,-16.017209195264815,6.0,8.0,1.1061510374803029e-07,1.656314699792961e-07,2.2084193253861094e-07
1798,"(1.0, 8.0, 11.0, 11.0, 13.0, 14.0)",72449999.99999997,2,-15.926866428888552,2.0,2.0,1.2107369479051445e-07,2.7605244996549357e-08,2.7605244234499804e-08
1799,"(1.0, 8.0, 11.0, 12.0, 12.0, 13.0)",59849999.99999998,5,-16.258104792043653,7.0,11.0,8.693502885573122e-08,1.1695906432748543e-07,1.837928016923401e-07
1800,"(1.0, 8.0, 11.0, 12.0, 13.0, 13.0)",59849999.99999998,6,-16.135277672248296,6.0,6.0,9.829647478388473e-08,1.0025062656641608e-07,1.0025061651622795e-07
1801,"(1.0, 8.0, 11.0, 12.0, 13.0, 14.0)",119699999.99999996,4,-16.044934905872033,5.0,7.0,1.0759034692113173e-07,4.177109440267336e-08,5.847953041891838e-08
1802,"(1.0, 8.0, 11.0, 13.0, 13.0, 14.0)",59849999.99999998,2,-15.922107786076678,2.0,2.0,1.2165121427259073e-07,3.3416875522138694e-08,3.341687440545113e-08
1803,"(1.0, 8.0, 11.0, 13.0, 14.0, 14.0)",59849999.99999998,7,-15.831765019700416,7.0,7.0,1.331532628788713e-07,1.1695906432748543e-07,1.169590506480627e-07
1804,"(1.0, 8.0, 12.0, 12.0, 12.0, 13.0)",14962499.999999994,1,-16.376173269027138,1.0,1.0,7.725352670842485e-08,6.683375104427739e-08,6.683374657752711e-08
1805,"(1.0, 8.0, 12.0, 12.0, 13.0, 13.0)",22443750.0,2,-16.25334614923178,2.0,2.0,8.734970747709401e-08,8.911166805903649e-08,8.91116601181471e-08
1806,"(1.0, 8.0, 12.0, 13.0, 13.0, 13.0)",14962499.999999994,1,-16.13051902943642,1.0,1.0,9.876534731069871e-08,6.683375104427739e-08,6.683374657752711e-08
1807,"(1.0, 8.0, 12.0, 13.0, 13.0, 14.0)",44887499.99999999,1,-16.04017626306016,1.0,1.0,1.0810355106128608e-07,2.2277917014759125e-08,2.227791651845354e-08
1808,"(1.0, 8.0, 12.0, 13.0, 14.0, 14.0)",44887499.99999999,2,-15.949833496683896,2.0,2.0,1.183246763188796e-07,4.455583402951825e-08,4.4555832044295904e-08
1809,"(1.0, 8.0, 13.0, 13.0, 13.0, 13.0)",3740624.999999999,1,-16.007691909641064,1.0,1.0,1.1167288490303057e-07,2.673350041771095e-07,2.6733493270910506e-07
1810,"(1.0, 8.0, 13.0, 13.0, 14.0, 14.0)",22443750.0,2,-15.82700637688854,2.0,2.0,1.3378840169699073e-07,8.911166805903649e-08,8.91116601181471e-08
1811,"(1.0, 8.0, 13.0, 14.0, 14.0, 14.0)",14962499.999999994,1,-15.736663610512275,1.0,1.0,1.4643801402085353e-07,6.683375104427739e-08,6.683374657752711e-08
1812,"(1.0, 9.0, 9.0, 9.0, 11.0, 12.0)",26564999.99999999,1,-17.521769437804927,1.0,1.0,2.4569268134688525e-08,3.7643515904385486e-08,3.764351448735119e-08
1813,"(1.0, 9.0, 9.0, 9.0, 11.0, 13.0)",26564999.99999999,1,-17.39894231800957,3.0,9.0,2.7780199505860046e-08,1.1293054771315646e-07,3.387916303861608e-07
1814,"(1.0, 9.0, 9.0, 9.0, 13.0, 14.0)",24149999.99999999,2,-17.30384090882143,2.0,2.0,3.0551840464036846e-08,8.281573498964808e-08,8.281572813120212e-08
1815,"(1.0, 9.0, 9.0, 11.0, 11.0, 13.0)",39847499.99999999,3,-17.02816778828538,3.0,3.0,4.024951880593386e-08,7.528703180877096e-08,7.52870261406338e-08
1816,"(1.0, 9.0, 9.0, 11.0, 12.0, 13.0)",72449999.99999997,1,-17.14623626526886,1.0,1.0,3.576713917281321e-08,1.3802622498274678e-08,1.3802622307762291e-08
1817,"(1.0, 9.0, 9.0, 11.0, 13.0, 13.0)",36224999.99999999,4,-17.023409145473504,5.0,7.0,4.0441508331774713e-08,1.3802622498274675e-07,1.9323669592460666e-07
1818,"(1.0, 9.0, 9.0, 11.0, 13.0, 14.0)",72449999.99999997,8,-16.93306637909724,12.0,20.0,4.426522844278875e-08,1.6563146997929613e-07,2.760524225317097e-07
1819,"(1.0, 9.0, 9.0, 12.0, 12.0, 13.0)",29924999.99999999,2,-17.264304742252342,2.0,2.0,3.1783938853420226e-08,6.683375104427739e-08,6.683374657752711e-08
1820,"(1.0, 9.0, 9.0, 12.0, 13.0, 13.0)",29924999.99999999,3,-17.141477622456986,4.0,6.0,3.5937747823405575e-08,1.3366750208855478e-07,2.0050123526583103e-07
1821,"(1.0, 9.0, 9.0, 12.0, 13.0, 14.0)",59849999.99999998,3,-17.051134856080722,3.0,3.0,3.933564010698639e-08,5.012531328320804e-08,5.012531077066101e-08
1822,"(1.0, 9.0, 9.0, 13.0, 13.0, 13.0)",9974999.999999996,2,-17.01865050266163,2.0,2.0,4.0634413644415666e-08,2.0050125313283215e-07,2.0050121293207964e-07
1823,"(1.0, 9.0, 9.0, 13.0, 13.0, 14.0)",29924999.99999999,2,-16.928307736285365,3.0,5.0,4.447637283586694e-08,1.0025062656641608e-07,1.6708436756050534e-07
1824,"(1.0, 9.0, 9.0, 13.0, 14.0, 14.0)",29924999.99999999,2,-16.837964969909102,3.0,5.0,4.868158694119355e-08,1.0025062656641608e-07,1.6708436756050534e-07
1825,"(1.0, 9.0, 11.0, 11.0, 11.0, 13.0)",26564999.99999999,2,-16.65739325856119,3.0,5.0,5.831577141004659e-08,1.1293054771315646e-07,1.882175667686188e-07
1826,"(1.0, 9.0, 11.0, 11.0, 12.0, 13.0)",72449999.99999997,6,-16.77546173554467,8.0,12.0,5.1821447159402976e-08,1.1042097998619743e-07,1.656314577865033e-07
1827,"(1.0, 9.0, 11.0, 11.0, 13.0, 13.0)",36224999.99999999,7,-16.652634615749314,7.0,7.0,5.8593936656096886e-08,1.9323671497584545e-07,1.9323667763541743e-07
1828,"(1.0, 9.0, 11.0, 11.0, 13.0, 14.0)",72449999.99999997,2,-16.562291849373054,2.0,2.0,6.41339578674066e-08,2.7605244996549357e-08,2.7605244234499804e-08
1829,"(1.0, 9.0, 11.0, 12.0, 12.0, 13.0)",59849999.99999998,2,-16.893530212528155,2.0,2.0,4.605036203348819e-08,3.3416875522138694e-08,3.341687440545113e-08
1830,"(1.0, 9.0, 11.0, 12.0, 12.0, 14.0)",59849999.99999998,1,-16.80318744615189,1.0,1.0,5.0404395863838123e-08,1.6708437761069347e-08,1.6708437481897455e-08
1831,"(1.0, 9.0, 11.0, 12.0, 13.0, 13.0)",59849999.99999998,2,-16.770703092732795,2.0,2.0,5.206863458831341e-08,3.3416875522138694e-08,3.341687440545113e-08
1832,"(1.0, 9.0, 11.0, 12.0, 13.0, 14.0)",119699999.99999996,7,-16.680360326356535,8.0,10.0,5.699169244251164e-08,6.683375104427739e-08,8.354218433859644e-08
1833,"(1.0, 9.0, 11.0, 13.0, 13.0, 13.0)",19950000.0,2,-16.647875972937438,2.0,2.0,5.8873428745679206e-08,1.0025062656641604e-07,1.0025061651622791e-07
1834,"(1.0, 9.0, 11.0, 13.0, 13.0, 14.0)",59849999.99999998,6,-16.557533206561175,7.0,9.0,6.443987576472702e-08,1.1695906432748543e-07,1.503759261702014e-07
1835,"(1.0, 9.0, 11.0, 13.0, 14.0, 14.0)",59849999.99999998,5,-16.467190440184915,6.0,8.0,7.053262697695684e-08,1.0025062656641608e-07,1.3366749203836666e-07
1836,"(1.0, 9.0, 12.0, 12.0, 13.0, 13.0)",22443750.0,1,-16.888771569716276,1.0,1.0,4.627002148368545e-08,4.4555834029518243e-08,4.45558320442959e-08
1837,"(1.0, 9.0, 12.0, 12.0, 13.0, 14.0)",44887499.99999999,1,-16.798428803340016,1.0,1.0,5.064482398196922e-08,2.2277917014759125e-08,2.227791651845354e-08
1838,"(1.0, 9.0, 12.0, 13.0, 13.0, 13.0)",14962499.999999994,2,-16.765944449920923,2.0,2.0,5.231700109709039e-08,1.3366750208855478e-07,1.3366748422155365e-07
1839,"(1.0, 9.0, 12.0, 13.0, 13.0, 14.0)",44887499.99999999,6,-16.67560168354466,6.0,6.0,5.7263541854219206e-08,1.3366750208855475e-07,1.3366748422155363e-07
1840,"(1.0, 9.0, 13.0, 14.0, 14.0, 14.0)",14962499.999999994,1,-16.372089030996776,1.0,1.0,7.756969371133726e-08,6.683375104427739e-08,6.683374657752711e-08
1841,"(1.0, 11.0, 11.0, 11.0, 11.0, 13.0)",6641249.999999997,1,-16.286618728837,1.0,1.0,8.44911764422746e-08,1.5057406361754194e-07,1.505740409449933e-07
1842,"(1.0, 11.0, 11.0, 11.0, 12.0, 13.0)",24149999.99999999,1,-16.404687205820483,1.0,1.0,7.508183343150966e-08,4.140786749482404e-08,4.1407865780212546e-08
1843,"(1.0, 11.0, 11.0, 11.0, 13.0, 13.0)",12074999.999999994,2,-16.281860086025127,2.0,2.0,8.489419792884413e-08,1.6563146997929615e-07,1.656314425455123e-07
1844,"(1.0, 11.0, 11.0, 12.0, 12.0, 13.0)",29924999.99999999,1,-16.522755682803965,1.0,1.0,6.672036002822663e-08,3.3416875522138694e-08,3.341687440545113e-08
1845,"(1.0, 11.0, 11.0, 12.0, 13.0, 13.0)",29924999.99999999,1,-16.399928563008608,1.0,1.0,7.543997251061965e-08,3.3416875522138694e-08,3.341687440545113e-08
1846,"(1.0, 11.0, 11.0, 13.0, 13.0, 14.0)",29924999.99999999,1,-16.186758676836988,1.0,1.0,9.336412400124394e-08,3.3416875522138694e-08,3.341687440545113e-08
1847,"(1.0, 11.0, 12.0, 12.0, 13.0, 14.0)",44887499.99999999,1,-16.427654273615826,1.0,1.0,7.337707545460527e-08,2.2277917014759125e-08,2.227791651845354e-08
1848,"(1.0, 11.0, 12.0, 13.0, 13.0, 14.0)",44887499.99999999,1,-16.30482715382047,1.0,1.0,8.29666469554903e-08,2.2277917014759125e-08,2.227791651845354e-08
1849,"(1.0, 11.0, 12.0, 13.0, 14.0, 14.0)",44887499.99999999,2,-16.214484387444205,2.0,2.0,9.081109315924018e-08,4.455583402951825e-08,4.4555832044295904e-08
1850,"(1.0, 11.0, 13.0, 13.0, 13.0, 13.0)",3740624.999999999,2,-16.272342800401375,2.0,2.0,8.570601728890684e-08,5.34670008354219e-07,5.346697224822011e-07
1851,"(1.0, 11.0, 13.0, 13.0, 14.0, 14.0)",22443750.0,2,-16.09165726764885,2.0,2.0,1.0267909778505564e-07,8.911166805903649e-08,8.91116601181471e-08
1852,"(1.0, 11.0, 13.0, 14.0, 14.0, 14.0)",14962499.999999994,1,-16.001314501272585,1.0,1.0,1.1238734427182223e-07,6.683375104427739e-08,6.683374657752711e-08
1853,"(1.0, 12.0, 12.0, 13.0, 13.0, 14.0)",15261749.999999998,1,-16.42289563080395,1.0,1.0,7.372708286691852e-08,6.552328533752683e-08,6.55232810442259e-08
1854,"(1.0, 12.0, 13.0, 13.0, 14.0, 14.0)",15261749.999999998,1,-16.20972574463233,1.0,1.0,9.124426054195587e-08,6.552328533752683e-08,6.55232810442259e-08
1855,"(1.0, 13.0, 14.0, 14.0, 14.0, 14.0)",2543624.9999999995,1,-15.906213092084448,1.0,1.0,1.2360027190032196e-07,3.93139712025161e-07,3.931395574663278e-07
1856,"(2.0, 2.0, 2.0, 2.0, 3.0, 9.0)",6641249.999999997,1,-16.697626848408206,1.0,1.0,5.601609098831327e-08,1.5057406361754194e-07,1.505740409449933e-07
1857,"(2.0, 2.0, 2.0, 2.0, 6.0, 13.0)",7438199.999999999,1,-16.544021260532404,1.0,1.0,6.531649295307356e-08,1.3444112822994813e-07,1.3444111015553117e-07
1858,"(2.0, 2.0, 2.0, 2.0, 8.0, 9.0)",7589999.999999997,2,-16.579188297277444,2.0,2.0,6.305942524553172e-08,2.635046113306984e-07,2.635045418960182e-07
1859,"(2.0, 2.0, 2.0, 2.0, 9.0, 13.0)",6641249.999999997,4,-16.839080545225876,4.0,4.0,4.862730924547844e-08,6.022962544701678e-07,6.022958917093896e-07
1860,"(2.0, 2.0, 2.0, 3.0, 4.0, 13.0)",29752800.0,1,-16.343824577366924,1.0,1.0,7.979343712875817e-08,3.3610282057487026e-08,3.3610280927835964e-08
1861,"(2.0, 2.0, 2.0, 3.0, 6.0, 13.0)",29752800.0,2,-16.327144348264863,2.0,2.0,8.113557238429606e-08,6.722056411497405e-08,6.722055959636982e-08
1862,"(2.0, 2.0, 2.0, 3.0, 7.0, 9.0)",35419999.999999985,1,-16.483424087723645,1.0,1.0,6.939686886131087e-08,2.8232636928289114e-08,2.8232636131207328e-08
1863,"(2.0, 2.0, 2.0, 3.0, 7.0, 13.0)",29752800.0,2,-16.107890915187582,2.0,2.0,1.0102569816540576e-07,6.722056411497405e-08,6.722055959636982e-08
1864,"(2.0, 2.0, 2.0, 3.0, 8.0, 13.0)",26564999.99999999,4,-15.986778212473835,5.0,7.0,1.1403297083986051e-07,1.8821757952192741e-07,2.6350457590484117e-07
1865,"(2.0, 2.0, 2.0, 3.0, 9.0, 13.0)",26564999.99999999,25,-16.622203632958335,29.0,37.0,6.040441534383406e-08,1.0916619612271791e-06,1.3928088967364254e-06
1866,"(2.0, 2.0, 2.0, 3.0, 9.0, 14.0)",26564999.99999999,3,-16.531860866582072,5.0,11.0,6.611561621817908e-08,1.8821757952192741e-07,4.140786395223831e-07
1867,"(2.0, 2.0, 2.0, 3.0, 11.0, 13.0)",26564999.99999999,1,-16.251429103234145,1.0,1.0,8.751732149476586e-08,3.7643515904385486e-08,3.764351448735119e-08
1868,"(2.0, 2.0, 2.0, 3.0, 13.0, 13.0)",10625999.999999998,1,-16.24667046042227,1.0,1.0,8.7934777642196e-08,9.41087897609637e-08,9.410878090449939e-08
1869,"(2.0, 2.0, 2.0, 3.0, 13.0, 14.0)",21252000.0,1,-16.156327694046006,1.0,1.0,9.624895759239906e-08,4.7054394880481834e-08,4.7054392666365754e-08
1870,"(2.0, 2.0, 2.0, 4.0, 4.0, 13.0)",18257399.99999999,1,-16.582432391129252,1.0,1.0,6.28551860165279e-08,5.477231150109e-08,5.4772308501083894e-08
1871,"(2.0, 2.0, 2.0, 4.0, 6.0, 13.0)",36514799.99999998,1,-16.56575216202719,1.0,1.0,6.391241784137143e-08,2.7386155750545e-08,2.7386155000543472e-08
1872,"(2.0, 2.0, 2.0, 4.0, 7.0, 13.0)",36514799.99999998,1,-16.34649872894991,1.0,1.0,7.958034243329514e-08,2.7386155750545e-08,2.7386155000543472e-08
1873,"(2.0, 2.0, 2.0, 4.0, 9.0, 12.0)",33809999.999999985,1,-16.98363856651602,1.0,1.0,4.208230192315871e-08,2.9577048210588596e-08,2.9577047335786815e-08
1874,"(2.0, 2.0, 2.0, 4.0, 9.0, 13.0)",33809999.999999985,16,-16.860811446720664,19.0,27.0,4.758199294673485e-08,5.619639160011834e-07,7.985799858824492e-07
1875,"(2.0, 2.0, 2.0, 4.0, 11.0, 13.0)",33809999.999999985,3,-16.490036916996473,3.0,3.0,6.893947322190499e-08,8.873114463176579e-08,8.873113675854976e-08
1876,"(2.0, 2.0, 2.0, 4.0, 13.0, 14.0)",27047999.99999999,3,-16.394935507808334,4.0,6.0,7.581759040665229e-08,1.4788524105294298e-07,2.2182783970936994e-07
1877,"(2.0, 2.0, 2.0, 6.0, 6.0, 13.0)",18257399.99999999,1,-16.549071932925127,1.0,1.0,6.498743243327547e-08,5.477231150109e-08,5.4772308501083894e-08
1878,"(2.0, 2.0, 2.0, 6.0, 8.0, 13.0)",33809999.999999985,1,-16.2087057971341,1.0,1.0,9.133737237374134e-08,2.9577048210588596e-08,2.9577047335786815e-08
1879,"(2.0, 2.0, 2.0, 6.0, 9.0, 13.0)",33809999.999999985,13,-16.8441312176186,14.0,16.0,4.838232781838016e-08,4.1407867494824033e-07,4.732325999082685e-07
1880,"(2.0, 2.0, 2.0, 6.0, 11.0, 13.0)",33809999.999999985,2,-16.47335668789441,3.0,5.0,7.009904349282898e-08,8.873114463176579e-08,1.4788523317972695e-07
1881,"(2.0, 2.0, 2.0, 6.0, 12.0, 13.0)",27047999.99999999,2,-16.591425164877894,2.0,2.0,6.229247749713361e-08,7.394262052647149e-08,7.394261505896036e-08
1882,"(2.0, 2.0, 2.0, 7.0, 8.0, 13.0)",33809999.999999985,2,-15.98945236405682,2.0,2.0,1.1372843675700559e-07,5.915409642117719e-08,5.915409292197007e-08
1883,"(2.0, 2.0, 2.0, 7.0, 9.0, 13.0)",33809999.999999985,14,-16.62487778454132,16.0,20.0,6.024310056713722e-08,4.7323277136941754e-07,5.91540740262516e-07
1884,"(2.0, 2.0, 2.0, 7.0, 11.0, 13.0)",33809999.999999985,5,-16.254103254817128,8.0,16.0,8.728359955418134e-08,2.3661638568470877e-07,4.7323271538210356e-07
1885,"(2.0, 2.0, 2.0, 7.0, 12.0, 13.0)",27047999.99999999,2,-16.37217173180061,2.0,2.0,7.756327890057287e-08,7.394262052647149e-08,7.394261505896036e-08
1886,"(2.0, 2.0, 2.0, 8.0, 8.0, 13.0)",14489999.999999994,1,-15.868339661343075,3.0,9.0,1.283712139374793e-07,2.0703933747412016e-07,6.211179695570732e-07
1887,"(2.0, 2.0, 2.0, 8.0, 9.0, 11.0)",31739999.99999999,1,-16.508523724639453,1.0,1.0,6.767671062950575e-08,3.150598613736611e-08,3.150598514473895e-08
1888,"(2.0, 2.0, 2.0, 8.0, 9.0, 13.0)",28979999.99999999,24,-16.503765081827574,31.0,49.0,6.7999527397748e-08,1.0697032436162875e-06,1.6908201117736187e-06
1889,"(2.0, 2.0, 2.0, 8.0, 11.0, 13.0)",28979999.99999999,2,-16.132990552103387,2.0,2.0,9.852154791807463e-08,6.901311249137339e-08,6.901310772856369e-08
1890,"(2.0, 2.0, 2.0, 8.0, 11.0, 14.0)",28979999.99999999,1,-16.042647785727123,1.0,1.0,1.0783670058379723e-07,3.4506556245686694e-08,3.450655505498427e-08
1891,"(2.0, 2.0, 2.0, 8.0, 12.0, 13.0)",24149999.99999999,2,-16.251059029086868,2.0,2.0,8.754971538659124e-08,8.281573498964808e-08,8.281572813120212e-08
1892,"(2.0, 2.0, 2.0, 8.0, 13.0, 13.0)",12074999.999999994,2,-16.12823190929151,2.0,2.0,9.899149403994253e-08,1.6563146997929615e-07,1.656314425455123e-07
1893,"(2.0, 2.0, 2.0, 9.0, 9.0, 9.0)",5289999.999999998,1,-17.514723674848142,2.0,4.0,2.474298865211705e-08,3.780718336483933e-07,7.561435243584752e-07
1894,"(2.0, 2.0, 2.0, 9.0, 9.0, 13.0)",14489999.999999994,9,-17.139190502312076,10.0,12.0,3.6020035835830475e-08,6.901311249137338e-07,8.281568736155111e-07
1895,"(2.0, 2.0, 2.0, 9.0, 9.0, 14.0)",14489999.999999994,1,-17.048847735935812,1.0,1.0,3.942570840113133e-08,6.901311249137339e-08,6.901310772856369e-08
1896,"(2.0, 2.0, 2.0, 9.0, 11.0, 13.0)",28979999.99999999,12,-16.768415972587885,13.0,15.0,5.218785809867374e-08,4.48585231193927e-07,5.175981424565907e-07
1897,"(2.0, 2.0, 2.0, 9.0, 11.0, 14.0)",28979999.99999999,1,-16.67807320621162,1.0,1.0,5.712218846354439e-08,3.4506556245686694e-08,3.450655505498427e-08
1898,"(2.0, 2.0, 2.0, 9.0, 12.0, 13.0)",24149999.99999999,3,-16.886484449571366,3.0,3.0,4.63759676915964e-08,1.2422360248447211e-07,1.242235870529687e-07
1899,"(2.0, 2.0, 2.0, 9.0, 12.0, 14.0)",24149999.99999999,1,-16.796141683195103,1.0,1.0,5.076078733965013e-08,4.140786749482404e-08,4.1407865780212546e-08
1900,"(2.0, 2.0, 2.0, 9.0, 13.0, 13.0)",12074999.999999994,9,-16.76365732977601,10.0,12.0,5.2436793301584465e-08,8.281573498964808e-07,9.937881340311808e-07
1901,"(2.0, 2.0, 2.0, 9.0, 13.0, 14.0)",24149999.99999999,14,-16.673314563399746,16.0,20.0,5.739466033907129e-08,6.625258799171846e-07,8.281569109559392e-07
1902,"(2.0, 2.0, 2.0, 11.0, 12.0, 13.0)",24149999.99999999,2,-16.515709919847176,2.0,2.0,6.71921158576468e-08,8.281573498964808e-08,8.281572813120212e-08
1903,"(2.0, 2.0, 2.0, 11.0, 13.0, 13.0)",12074999.999999994,1,-16.39288280005182,1.0,1.0,7.597338160475713e-08,8.281573498964808e-08,8.281572813120212e-08
1904,"(2.0, 2.0, 2.0, 11.0, 13.0, 14.0)",24149999.99999999,1,-16.302540033675555,1.0,1.0,8.315661880651125e-08,4.140786749482404e-08,4.1407865780212546e-08
1905,"(2.0, 2.0, 2.0, 12.0, 13.0, 13.0)",9176999.999999998,1,-16.5109512770353,1.0,1.0,6.751262111700041e-08,1.0896807235480006e-07,1.0896806048075927e-07
1906,"(2.0, 2.0, 2.0, 13.0, 13.0, 14.0)",9176999.999999998,1,-16.297781390863683,1.0,1.0,8.355327447566735e-08,1.0896807235480006e-07,1.0896806048075927e-07
1907,"(2.0, 2.0, 3.0, 3.0, 3.0, 13.0)",11157299.999999998,2,-15.888339851337054,2.0,2.0,1.2582926968548895e-07,1.7925483763993084e-07,1.7925480550763403e-07
1908,"(2.0, 2.0, 3.0, 3.0, 7.0, 12.0)",44629199.99999999,1,-16.013841122715398,1.0,1.0,1.1098829155152925e-07,2.2406854704991355e-08,2.2406854202924216e-08
1909,"(2.0, 2.0, 3.0, 3.0, 7.0, 13.0)",44629199.99999999,1,-15.891014002920038,2.0,4.0,1.2549323265200884e-07,4.481370940998271e-08,8.962741681169686e-08
1910,"(2.0, 2.0, 3.0, 3.0, 8.0, 13.0)",39847499.99999999,2,-15.769901300206296,2.0,2.0,1.4165075222916477e-07,5.019135453918064e-08,5.019135202000857e-08
1911,"(2.0, 2.0, 3.0, 3.0, 9.0, 9.0)",22770000.0,1,-16.78085989322686,1.0,1.0,5.1542460500779206e-08,4.391743522178305e-08,4.391743329304193e-08
1912,"(2.0, 2.0, 3.0, 3.0, 9.0, 12.0)",39847499.99999999,2,-16.52815384048615,2.0,2.0,6.636116337651637e-08,5.019135453918064e-08,5.019135202000857e-08
1913,"(2.0, 2.0, 3.0, 3.0, 9.0, 13.0)",39847499.99999999,20,-16.405326720690795,20.0,20.0,7.503383283272425e-08,5.019135453918063e-07,5.019132934745993e-07
1914,"(2.0, 2.0, 3.0, 3.0, 11.0, 13.0)",39847499.99999999,1,-16.034552190966604,1.0,1.0,1.0871324610339707e-07,2.509567726959032e-08,2.5095676639797302e-08
1915,"(2.0, 2.0, 3.0, 3.0, 12.0, 13.0)",31878000.0,2,-16.152620667950085,2.0,2.0,9.660641713647636e-08,6.273919317397578e-08,6.273918923776942e-08
1916,"(2.0, 2.0, 3.0, 3.0, 13.0, 13.0)",15938999.999999996,3,-16.02979354815473,3.0,3.0,1.0923180645371197e-07,1.882175795219274e-07,1.8821754409607014e-07
1917,"(2.0, 2.0, 3.0, 3.0, 13.0, 14.0)",31878000.0,1,-15.939450781778463,2.0,4.0,1.1955960757509834e-07,6.273919317397578e-08,1.254783824117452e-07
1918,"(2.0, 2.0, 3.0, 4.0, 4.0, 9.0)",65204999.99999996,1,-16.741088651397778,1.0,1.0,5.363367767215251e-08,1.53362472203052e-08,1.5336246985104722e-08
1919,"(2.0, 2.0, 3.0, 4.0, 4.0, 13.0)",54772199.99999997,1,-16.36555547886171,1.0,1.0,7.807815858142177e-08,1.825743716703e-08,1.825743683369599e-08
1920,"(2.0, 2.0, 3.0, 4.0, 6.0, 13.0)",109544399.99999994,4,-16.34887524975965,4.0,4.0,7.939144264450216e-08,3.651487433406e-08,3.651487300072395e-08
1921,"(2.0, 2.0, 3.0, 4.0, 7.0, 13.0)",109544399.99999994,1,-16.129621816682366,1.0,1.0,9.885400060445033e-08,9.128718583515e-09,9.128718500181496e-09
1922,"(2.0, 2.0, 3.0, 4.0, 8.0, 9.0)",115919999.99999994,1,-16.384042286504688,1.0,1.0,7.664800291976393e-08,8.626639061421675e-09,8.626638987002773e-09
1923,"(2.0, 2.0, 3.0, 4.0, 8.0, 13.0)",101429999.99999996,3,-16.008509113968625,3.0,3.0,1.1158166261691681e-07,2.9577048210588596e-08,2.9577047335786815e-08
1924,"(2.0, 2.0, 3.0, 4.0, 9.0, 12.0)",101429999.99999996,1,-16.76676165424848,1.0,1.0,5.22742648818774e-08,9.859016070196199e-09,9.859015972996002e-09
1925,"(2.0, 2.0, 3.0, 4.0, 9.0, 13.0)",101429999.99999996,50,-16.643934534453123,57.0,75.0,5.910593264234966e-08,5.619639160011834e-07,7.39425889461272e-07
1926,"(2.0, 2.0, 3.0, 4.0, 9.0, 14.0)",101429999.99999996,1,-16.55359176807686,1.0,1.0,6.469436276396364e-08,9.859016070196199e-09,9.859015972996002e-09
1927,"(2.0, 2.0, 3.0, 4.0, 11.0, 13.0)",101429999.99999996,8,-16.273160004728933,9.0,11.0,8.563600657110766e-08,8.873114463176579e-08,1.0844916889894215e-07
1928,"(2.0, 2.0, 3.0, 4.0, 12.0, 13.0)",81143999.99999997,3,-16.391228481712414,3.0,3.0,7.609916978140848e-08,3.6971310263235745e-08,3.6971308896357965e-08
1929,"(2.0, 2.0, 3.0, 4.0, 12.0, 14.0)",81143999.99999997,1,-16.30088571533615,1.0,1.0,8.329430017905537e-08,1.2323770087745248e-08,1.2323769935869939e-08
1930,"(2.0, 2.0, 3.0, 4.0, 13.0, 13.0)",40571999.99999999,1,-16.268401361917057,2.0,4.0,8.604448887808291e-08,4.9295080350980984e-08,9.859015827195702e-08
1931,"(2.0, 2.0, 3.0, 4.0, 13.0, 14.0)",81143999.99999997,1,-16.178058595540794,1.0,1.0,9.417994317088303e-08,1.2323770087745248e-08,1.2323769935869939e-08
1932,"(2.0, 2.0, 3.0, 6.0, 7.0, 13.0)",109544399.99999994,2,-16.112941587580305,2.0,2.0,1.0051673684111734e-07,1.825743716703e-08,1.825743683369599e-08
1933,"(2.0, 2.0, 3.0, 6.0, 8.0, 9.0)",115919999.99999994,1,-16.367362057402627,1.0,1.0,7.793723159178101e-08,8.626639061421675e-09,8.626638987002773e-09
1934,"(2.0, 2.0, 3.0, 6.0, 8.0, 12.0)",101429999.99999996,1,-16.114656004661917,1.0,1.0,1.003445568668066e-07,9.859016070196199e-09,9.859015972996002e-09
1935,"(2.0, 2.0, 3.0, 6.0, 8.0, 13.0)",101429999.99999996,5,-15.99182888486656,5.0,5.0,1.1345847966677113e-07,4.929508035098099e-08,4.9295077920976045e-08
1936,"(2.0, 2.0, 3.0, 6.0, 9.0, 13.0)",101429999.99999996,29,-16.62725430535106,31.0,35.0,6.010010157234268e-08,3.0562949817608216e-07,3.450654690474768e-07
1937,"(2.0, 2.0, 3.0, 6.0, 9.0, 14.0)",101429999.99999996,2,-16.5369115389748,2.0,2.0,6.578252976396346e-08,1.9718032140392398e-08,1.9718031751591606e-08
1938,"(2.0, 2.0, 3.0, 6.0, 11.0, 13.0)",101429999.99999996,5,-16.25647977562687,5.0,5.0,8.707641455074005e-08,4.929508035098099e-08,4.9295077920976045e-08
1939,"(2.0, 2.0, 3.0, 6.0, 12.0, 13.0)",81143999.99999997,1,-16.374548252610353,1.0,1.0,7.737916701371196e-08,1.2323770087745248e-08,1.2323769935869939e-08
1940,"(2.0, 2.0, 3.0, 6.0, 13.0, 13.0)",40571999.99999999,1,-16.251721132814993,1.0,1.0,8.7491767579484e-08,2.4647540175490492e-08,2.4647539567989254e-08
1941,"(2.0, 2.0, 3.0, 6.0, 13.0, 14.0)",81143999.99999997,3,-16.161378366438733,3.0,3.0,9.576406119665788e-08,3.6971310263235745e-08,3.6971308896357965e-08
1942,"(2.0, 2.0, 3.0, 7.0, 8.0, 13.0)",101429999.99999996,7,-15.77257545178928,7.0,7.0,1.412724626730997e-07,6.901311249137339e-08,6.901310772856369e-08
1943,"(2.0, 2.0, 3.0, 7.0, 9.0, 9.0)",57959999.99999997,1,-16.78353404480984,1.0,1.0,5.1404812276576555e-08,1.725327812284335e-08,1.7253277825167746e-08
1944,"(2.0, 2.0, 3.0, 7.0, 9.0, 13.0)",101429999.99999996,45,-16.408000872273778,49.0,57.0,7.483344903761224e-08,4.830917874396137e-07,5.619636826235083e-07
1945,"(2.0, 2.0, 3.0, 7.0, 11.0, 13.0)",101429999.99999996,2,-16.037226342549587,2.0,2.0,1.0842291876690462e-07,1.9718032140392398e-08,1.9718031751591606e-08
1946,"(2.0, 2.0, 3.0, 7.0, 13.0, 13.0)",40571999.99999999,1,-16.032467699737712,1.0,1.0,1.0894009426072123e-07,2.4647540175490492e-08,2.4647539567989254e-08
1947,"(2.0, 2.0, 3.0, 7.0, 13.0, 14.0)",81143999.99999997,2,-15.942124933361448,2.0,2.0,1.1924031417099586e-07,2.4647540175490495e-08,2.4647539567989257e-08
1948,"(2.0, 2.0, 3.0, 7.0, 14.0, 14.0)",40571999.99999999,1,-15.851782166985188,1.0,1.0,1.3051441363333018e-07,2.4647540175490492e-08,2.4647539567989254e-08
1949,"(2.0, 2.0, 3.0, 8.0, 8.0, 9.0)",47609999.99999999,1,-16.0269959216116,2.0,4.0,1.0953782411677639e-07,4.200798151648814e-08,8.401596126830577e-08
1950,"(2.0, 2.0, 3.0, 8.0, 8.0, 13.0)",43469999.99999999,3,-15.651462749075534,4.0,6.0,1.5946159154575667e-07,9.201748332183116e-08,1.3802621651552951e-07
1951,"(2.0, 2.0, 3.0, 8.0, 9.0, 12.0)",86939999.99999997,1,-16.40971528935539,1.0,1.0,7.470526320769172e-08,1.1502185415228897e-08,1.1502185282928627e-08
1952,"(2.0, 2.0, 3.0, 8.0, 9.0, 13.0)",86939999.99999997,55,-16.286888169560033,62.0,76.0,8.446841414528655e-08,7.131354957441916e-07,8.741655829951609e-07
1953,"(2.0, 2.0, 3.0, 8.0, 9.0, 14.0)",86939999.99999997,2,-16.19654540318377,2.0,2.0,9.245485152697607e-08,2.3004370830457794e-08,2.3004370301256715e-08
1954,"(2.0, 2.0, 3.0, 8.0, 11.0, 13.0)",86939999.99999997,8,-15.916113639835844,10.0,14.0,1.223825992657449e-07,1.1502185415228898e-07,1.6103058258317763e-07
1955,"(2.0, 2.0, 3.0, 8.0, 12.0, 13.0)",72449999.99999997,5,-16.034182116819327,8.0,16.0,1.0875348551056939e-07,1.1042097998619743e-07,2.2084194777960204e-07
1956,"(2.0, 2.0, 3.0, 8.0, 13.0, 13.0)",36224999.99999999,2,-15.911354997023968,2.0,2.0,1.229663622000918e-07,5.52104899930987e-08,5.5210486944900496e-08
1957,"(2.0, 2.0, 3.0, 8.0, 13.0, 14.0)",72449999.99999997,9,-15.821012230647709,11.0,15.0,1.3459275724612627e-07,1.5182884748102146e-07,2.0703931442212123e-07
1958,"(2.0, 2.0, 3.0, 9.0, 9.0, 13.0)",43469999.99999999,26,-16.92231359004453,27.0,29.0,4.474377133111906e-08,6.211180124223604e-07,6.671263682956906e-07
1959,"(2.0, 2.0, 3.0, 9.0, 9.0, 14.0)",43469999.99999999,2,-16.83197082366827,2.0,2.0,4.8974267802166434e-08,4.600874166091558e-08,4.600873954411127e-08
1960,"(2.0, 2.0, 3.0, 9.0, 11.0, 13.0)",86939999.99999997,49,-16.551539060320344,55.0,69.0,6.482729777589911e-08,6.326201978375894e-07,7.936503934424792e-07
1961,"(2.0, 2.0, 3.0, 9.0, 11.0, 14.0)",86939999.99999997,1,-16.46119629394408,1.0,1.0,7.09566795045633e-08,1.1502185415228897e-08,1.1502185282928627e-08
1962,"(2.0, 2.0, 3.0, 9.0, 12.0, 13.0)",72449999.99999997,36,-16.669607537303825,39.0,45.0,5.760781869039764e-08,5.383022774327124e-07,6.211177226530186e-07
1963,"(2.0, 2.0, 3.0, 9.0, 12.0, 14.0)",72449999.99999997,1,-16.579264770927562,1.0,1.0,6.305460304549681e-08,1.3802622498274678e-08,1.3802622307762291e-08
1964,"(2.0, 2.0, 3.0, 9.0, 13.0, 13.0)",36224999.99999999,28,-16.54678041750847,30.0,36.0,6.513652289288869e-08,8.281573498964806e-07,9.937881340311806e-07
1965,"(2.0, 2.0, 3.0, 9.0, 13.0, 14.0)",72449999.99999997,34,-16.456437651132205,37.0,45.0,7.129514166901816e-08,5.106970324361631e-07,6.211177516109015e-07
1966,"(2.0, 2.0, 3.0, 11.0, 11.0, 13.0)",43469999.99999999,2,-16.180764530596154,2.0,2.0,9.392544284710836e-08,4.600874166091558e-08,4.600873954411127e-08
1967,"(2.0, 2.0, 3.0, 11.0, 12.0, 13.0)",72449999.99999997,3,-16.298833007579635,3.0,3.0,8.346545464005312e-08,4.140786749482403e-08,4.140786578021254e-08
1968,"(2.0, 2.0, 3.0, 11.0, 13.0, 13.0)",36224999.99999999,4,-16.176005887784278,4.0,4.0,9.43734656253074e-08,1.104209799861974e-07,1.1042096779340458e-07
1969,"(2.0, 2.0, 3.0, 11.0, 13.0, 14.0)",72449999.99999997,2,-16.085663121408015,2.0,2.0,1.0329641962339196e-07,2.7605244996549357e-08,2.7605244234499804e-08
1970,"(2.0, 2.0, 3.0, 12.0, 13.0, 13.0)",27531000.0,1,-16.29407436476776,2.0,4.0,8.386358345092658e-08,7.26453815698667e-08,1.4529075786238194e-07
1971,"(2.0, 2.0, 3.0, 13.0, 13.0, 13.0)",9176999.999999998,1,-16.171247244972403,1.0,1.0,9.482362546460192e-08,1.0896807235480006e-07,1.0896806048075927e-07
1972,"(2.0, 2.0, 3.0, 13.0, 13.0, 14.0)",27531000.0,3,-16.08090447859614,3.0,3.0,1.0378914180275946e-07,1.0896807235480005e-07,1.0896806048075926e-07
1973,"(2.0, 2.0, 4.0, 4.0, 6.0, 13.0)",61916399.99999999,2,-16.58748306352198,2.0,2.0,6.253852541141126e-08,3.230161960320691e-08,3.2301618559812285e-08
1974,"(2.0, 2.0, 4.0, 4.0, 8.0, 9.0)",68039999.99999994,1,-16.62265010026702,2.0,4.0,6.037745276648539e-08,2.939447383891831e-08,5.878894681380152e-08
1975,"(2.0, 2.0, 4.0, 4.0, 8.0, 13.0)",59534999.99999995,2,-16.247116927730954,4.0,10.0,8.789552640153222e-08,6.718736877467042e-08,1.6796841742253353e-07
1976,"(2.0, 2.0, 4.0, 4.0, 9.0, 13.0)",59534999.99999995,13,-16.882542348215452,14.0,16.0,4.65591472757388e-08,2.3515579071134647e-07,2.687494198004358e-07
1977,"(2.0, 2.0, 4.0, 4.0, 13.0, 14.0)",47627999.99999997,1,-16.416666409303126,1.0,1.0,7.418777859486834e-08,2.09960527420845e-08,2.099605230125027e-08
1978,"(2.0, 2.0, 4.0, 6.0, 6.0, 12.0)",61916399.99999999,1,-16.69362995421527,1.0,1.0,5.624042940690308e-08,1.6150809801603456e-08,1.61508095407548e-08
1979,"(2.0, 2.0, 4.0, 6.0, 6.0, 13.0)",61916399.99999999,1,-16.570802834419915,1.0,1.0,6.359043096660854e-08,1.6150809801603456e-08,1.61508095407548e-08
1980,"(2.0, 2.0, 4.0, 6.0, 7.0, 13.0)",123832800.0,2,-16.351549401342634,2.0,2.0,7.917942150715751e-08,1.6150809801603452e-08,1.6150809540754796e-08
1981,"(2.0, 2.0, 4.0, 6.0, 8.0, 13.0)",119069999.9999999,2,-16.23043669862889,2.0,2.0,8.93739397777755e-08,1.6796842193667606e-08,1.67968419115337e-08
1982,"(2.0, 2.0, 4.0, 6.0, 9.0, 9.0)",68039999.99999994,1,-17.241395291649454,1.0,1.0,3.2520496279062894e-08,1.4697236919459155e-08,1.469723670345038e-08
1983,"(2.0, 2.0, 4.0, 6.0, 9.0, 13.0)",119069999.9999999,19,-16.865862119113388,23.0,33.0,4.7342277759587106e-08,1.9316368522717746e-07,2.771478588833062e-07
1984,"(2.0, 2.0, 4.0, 6.0, 9.0, 14.0)",119069999.9999999,1,-16.775519352737128,1.0,1.0,5.181846143912382e-08,8.398421096833803e-09,8.398421026300325e-09
1985,"(2.0, 2.0, 4.0, 6.0, 11.0, 13.0)",119069999.9999999,1,-16.4950875893892,1.0,1.0,6.859216034781484e-08,8.398421096833803e-09,8.398421026300325e-09
1986,"(2.0, 2.0, 4.0, 6.0, 12.0, 13.0)",95255999.99999994,1,-16.61315606637268,1.0,1.0,6.095340809298134e-08,1.049802637104225e-08,1.0498026260833694e-08
1987,"(2.0, 2.0, 4.0, 7.0, 9.0, 12.0)",119069999.9999999,1,-16.769435805831463,1.0,1.0,5.213466231609787e-08,8.398421096833803e-09,8.398421026300325e-09
1988,"(2.0, 2.0, 4.0, 7.0, 9.0, 13.0)",119069999.9999999,26,-16.646608686036107,28.0,34.0,5.894808556657901e-08,2.3515579071134647e-07,2.855462619941034e-07
1989,"(2.0, 2.0, 4.0, 7.0, 11.0, 13.0)",119069999.9999999,2,-16.275834156311916,2.0,2.0,8.540730883107336e-08,1.6796842193667606e-08,1.67968419115337e-08
1990,"(2.0, 2.0, 4.0, 7.0, 12.0, 13.0)",95255999.99999994,4,-16.393902633295397,5.0,7.0,7.589594091957401e-08,5.2490131855211256e-08,7.348618184208181e-08
1991,"(2.0, 2.0, 4.0, 7.0, 13.0, 13.0)",47627999.99999997,1,-16.27107551350004,1.0,1.0,8.581470025368595e-08,2.09960527420845e-08,2.099605230125027e-08
1992,"(2.0, 2.0, 4.0, 7.0, 13.0, 14.0)",95255999.99999994,1,-16.180732747123777,1.0,1.0,9.39284281712683e-08,1.049802637104225e-08,1.0498026260833694e-08
1993,"(2.0, 2.0, 4.0, 8.0, 8.0, 11.0)",57959999.99999998,1,-15.89482920564974,1.0,1.0,1.2501536269326823e-07,1.7253278122843347e-08,1.7253277825167743e-08
1994,"(2.0, 2.0, 4.0, 8.0, 8.0, 13.0)",52919999.99999998,1,-15.890070562837863,1.0,1.0,1.2561168386475943e-07,1.889644746787605e-08,1.8896447110800323e-08
1995,"(2.0, 2.0, 4.0, 8.0, 9.0, 9.0)",57959999.99999998,1,-16.901029155858428,1.0,1.0,4.5706324549279125e-08,1.7253278122843347e-08,1.7253277825167743e-08
1996,"(2.0, 2.0, 4.0, 8.0, 9.0, 13.0)",105839999.99999996,19,-16.525495983322365,22.0,30.0,6.653777647221541e-08,2.078609221466365e-07,2.8344666881197774e-07
1997,"(2.0, 2.0, 4.0, 8.0, 9.0, 14.0)",105839999.99999996,2,-16.4351532169461,2.0,2.0,7.282888292531148e-08,1.889644746787605e-08,1.8896447110800323e-08
1998,"(2.0, 2.0, 4.0, 8.0, 11.0, 13.0)",105839999.99999996,4,-16.154721453598174,5.0,7.0,9.640368078920843e-08,4.724111866969012e-08,6.613756390584288e-08
1999,"(2.0, 2.0, 4.0, 8.0, 12.0, 13.0)",88199999.99999997,2,-16.272789930581656,2.0,2.0,8.566770410807339e-08,2.2675736961451256e-08,2.2675736447262208e-08
2000,"(2.0, 2.0, 4.0, 8.0, 13.0, 13.0)",44099999.99999999,3,-16.1499628107863,3.0,3.0,9.686352472059239e-08,6.802721088435375e-08,6.802720625665233e-08
2001,"(2.0, 2.0, 4.0, 8.0, 13.0, 14.0)",88199999.99999997,1,-16.059620044410035,1.0,1.0,1.0602191229751738e-07,1.1337868480725628e-08,1.1337868352178366e-08
2002,"(2.0, 2.0, 4.0, 9.0, 9.0, 12.0)",52919999.99999998,1,-17.28374852360222,1.0,1.0,3.117190827225054e-08,1.889644746787605e-08,1.8896447110800323e-08
2003,"(2.0, 2.0, 4.0, 9.0, 9.0, 13.0)",52919999.99999998,18,-17.16092140380686,21.0,29.0,3.5245731620262216e-08,3.96825396825397e-07,5.479968190980099e-07
2004,"(2.0, 2.0, 4.0, 9.0, 9.0, 14.0)",52919999.99999998,1,-17.0705786374306,1.0,1.0,3.857819419109828e-08,1.889644746787605e-08,1.8896447110800323e-08
2005,"(2.0, 2.0, 4.0, 9.0, 11.0, 12.0)",105839999.99999996,1,-16.91297399387803,1.0,1.0,4.516361763190839e-08,9.448223733938024e-09,9.448223644669093e-09
2006,"(2.0, 2.0, 4.0, 9.0, 11.0, 13.0)",105839999.99999996,21,-16.790146874082673,23.0,27.0,5.106600250942718e-08,2.1730914588057455e-07,2.5510199359306174e-07
2007,"(2.0, 2.0, 4.0, 9.0, 11.0, 14.0)",105839999.99999996,1,-16.69980410770641,1.0,1.0,5.5894262108018196e-08,9.448223733938024e-09,9.448223644669093e-09
2008,"(2.0, 2.0, 4.0, 9.0, 12.0, 13.0)",88199999.99999997,15,-16.908215351066154,18.0,24.0,4.537904732626612e-08,2.040816326530613e-07,2.7210880188810225e-07
2009,"(2.0, 2.0, 4.0, 9.0, 12.0, 14.0)",88199999.99999997,1,-16.81787258468989,1.0,1.0,4.966960875776865e-08,1.1337868480725628e-08,1.1337868352178366e-08
2010,"(2.0, 2.0, 4.0, 9.0, 13.0, 13.0)",44099999.99999999,20,-16.785388231270797,22.0,26.0,5.130958648009883e-08,4.988662131519275e-07,5.89568912130234e-07
2011,"(2.0, 2.0, 4.0, 9.0, 13.0, 14.0)",88199999.99999997,14,-16.695045464894534,18.0,28.0,5.61608767955399e-08,2.040816326530613e-07,3.174602758110048e-07
2012,"(2.0, 2.0, 4.0, 9.0, 14.0, 14.0)",44099999.99999999,1,-16.60470269851827,1.0,1.0,6.147085367111959e-08,2.2675736961451252e-08,2.2675736447262204e-08
2013,"(2.0, 2.0, 4.0, 11.0, 11.0, 13.0)",52919999.99999998,1,-16.419372344358482,1.0,1.0,7.39873026438664e-08,1.889644746787605e-08,1.8896447110800323e-08
2014,"(2.0, 2.0, 4.0, 11.0, 12.0, 13.0)",88199999.99999997,3,-16.537440821341963,4.0,6.0,6.574772144341966e-08,4.535147392290251e-08,6.802720882759757e-08
2015,"(2.0, 2.0, 4.0, 11.0, 13.0, 13.0)",44099999.99999999,1,-16.414613701546607,1.0,1.0,7.43402208295801e-08,2.2675736961451252e-08,2.2675736447262204e-08
2016,"(2.0, 2.0, 4.0, 11.0, 13.0, 14.0)",88199999.99999997,2,-16.324270935170343,2.0,2.0,8.13690436695025e-08,2.2675736961451256e-08,2.2675736447262208e-08
2017,"(2.0, 2.0, 4.0, 12.0, 12.0, 13.0)",33516000.0,1,-16.655509298325445,1.0,1.0,5.842573955978466e-08,2.983649600190953e-08,2.983649511169304e-08
2018,"(2.0, 2.0, 4.0, 13.0, 13.0, 13.0)",11171999.999999998,1,-16.40985505873473,1.0,1.0,7.469482242908721e-08,8.950948800572862e-08,8.950947999378018e-08
2019,"(2.0, 2.0, 4.0, 13.0, 13.0, 14.0)",33516000.0,1,-16.319512292358468,1.0,1.0,8.175717263540527e-08,2.983649600190953e-08,2.983649511169304e-08
2020,"(2.0, 2.0, 6.0, 6.0, 7.0, 13.0)",61916399.99999999,1,-16.33486917224057,2.0,4.0,8.051122894573662e-08,3.230161960320691e-08,6.46032381630192e-08
2021,"(2.0, 2.0, 6.0, 6.0, 8.0, 13.0)",59534999.99999995,2,-16.213756469526828,2.0,2.0,9.087722024567306e-08,3.359368438733521e-08,3.359368325879958e-08
2022,"(2.0, 2.0, 6.0, 6.0, 9.0, 13.0)",59534999.99999995,8,-16.849181890011323,9.0,11.0,4.813858059281502e-08,1.5117157974300844e-07,1.8476524127749713e-07
2023,"(2.0, 2.0, 6.0, 6.0, 9.0, 14.0)",59534999.99999995,1,-16.758839123635063,1.0,1.0,5.2690054222788096e-08,1.6796842193667606e-08,1.67968419115337e-08
2024,"(2.0, 2.0, 6.0, 6.0, 11.0, 13.0)",59534999.99999995,2,-16.478407360287136,3.0,5.0,6.974588877422389e-08,5.0390526581002814e-08,8.398420842913286e-08
2025,"(2.0, 2.0, 6.0, 7.0, 7.0, 13.0)",61916399.99999999,1,-16.11561573916329,1.0,1.0,1.0024829893197572e-07,1.6150809801603456e-08,1.61508095407548e-08
2026,"(2.0, 2.0, 6.0, 7.0, 8.0, 9.0)",136079999.99999988,1,-16.37003620898561,1.0,1.0,7.772909404026206e-08,7.348618459729577e-09,7.348618405727384e-09
2027,"(2.0, 2.0, 6.0, 7.0, 8.0, 13.0)",119069999.9999999,1,-15.994503036449544,1.0,1.0,1.1315547980810802e-07,8.398421096833803e-09,8.398421026300325e-09
2028,"(2.0, 2.0, 6.0, 7.0, 9.0, 11.0)",136079999.99999988,1,-16.634687099745918,1.0,1.0,5.965504592677537e-08,7.348618459729577e-09,7.348618405727384e-09
2029,"(2.0, 2.0, 6.0, 7.0, 9.0, 12.0)",119069999.9999999,2,-16.7527555767294,2.0,2.0,5.3011573636725696e-08,1.6796842193667606e-08,1.67968419115337e-08
2030,"(2.0, 2.0, 6.0, 7.0, 9.0, 13.0)",119069999.9999999,35,-16.629928456934042,39.0,49.0,5.993959948968176e-08,3.2753842277651833e-07,4.115225264634379e-07
2031,"(2.0, 2.0, 6.0, 7.0, 11.0, 13.0)",119069999.9999999,2,-16.25915392720985,3.0,5.0,8.684387008708058e-08,2.5195263290501407e-08,4.1992104849367724e-08
2032,"(2.0, 2.0, 6.0, 7.0, 12.0, 13.0)",95255999.99999994,3,-16.377222404193336,3.0,3.0,7.717251981786125e-08,3.1494079113126755e-08,3.149407812124974e-08
2033,"(2.0, 2.0, 6.0, 8.0, 8.0, 13.0)",52919999.99999998,1,-15.873390333735802,1.0,1.0,1.277244875675293e-07,1.889644746787605e-08,1.8896447110800323e-08
2034,"(2.0, 2.0, 6.0, 8.0, 9.0, 11.0)",115919999.99999996,1,-16.513574397032176,1.0,1.0,6.733575947657156e-08,8.626639061421674e-09,8.626638987002772e-09
2035,"(2.0, 2.0, 6.0, 8.0, 9.0, 13.0)",105839999.99999996,33,-16.5088157542203,37.0,45.0,6.76569499135647e-08,3.495842781557069e-07,4.251699458180435e-07
2036,"(2.0, 2.0, 6.0, 8.0, 9.0, 14.0)",105839999.99999996,1,-16.418472987844037,1.0,1.0,7.405387353748168e-08,9.448223733938024e-09,9.448223644669093e-09
2037,"(2.0, 2.0, 6.0, 8.0, 11.0, 13.0)",105839999.99999996,4,-16.13804122449611,5.0,7.0,9.802520235046242e-08,4.724111866969012e-08,6.613756390584288e-08
2038,"(2.0, 2.0, 6.0, 8.0, 13.0, 13.0)",44099999.99999999,1,-16.133282581684234,1.0,1.0,9.849278091234438e-08,2.2675736961451252e-08,2.2675736447262204e-08
2039,"(2.0, 2.0, 6.0, 9.0, 9.0, 12.0)",52919999.99999998,1,-17.267068294500156,1.0,1.0,3.1696223536513186e-08,1.889644746787605e-08,1.8896447110800323e-08
2040,"(2.0, 2.0, 6.0, 9.0, 9.0, 13.0)",52919999.99999998,18,-17.1442411747048,19.0,21.0,3.583856908555962e-08,3.590325018896449e-07,3.968252679210596e-07
2041,"(2.0, 2.0, 6.0, 9.0, 9.0, 14.0)",52919999.99999998,1,-17.053898408328536,1.0,1.0,3.92270840795652e-08,1.889644746787605e-08,1.8896447110800323e-08
2042,"(2.0, 2.0, 6.0, 9.0, 11.0, 12.0)",105839999.99999996,1,-16.896293764775965,1.0,1.0,4.5923275138497793e-08,9.448223733938024e-09,9.448223644669093e-09
2043,"(2.0, 2.0, 6.0, 9.0, 11.0, 13.0)",105839999.99999996,25,-16.77346664498061,26.0,28.0,5.192493884295933e-08,2.4565381708238863e-07,2.645502042044668e-07
2044,"(2.0, 2.0, 6.0, 9.0, 12.0, 13.0)",88199999.99999997,11,-16.89153512196409,13.0,19.0,4.614232838634927e-08,1.4739229024943314e-07,2.1541947940929968e-07
2045,"(2.0, 2.0, 6.0, 9.0, 13.0, 13.0)",44099999.99999999,13,-16.768708002168733,13.0,13.0,5.217261992545479e-08,2.947845804988663e-07,2.947844936009174e-07
2046,"(2.0, 2.0, 6.0, 9.0, 13.0, 14.0)",88199999.99999997,16,-16.67836523579247,16.0,16.0,5.710550953027974e-08,1.8140589569161004e-07,1.8140586278351104e-07
2047,"(2.0, 2.0, 6.0, 9.0, 14.0, 14.0)",44099999.99999999,1,-16.58802246941621,2.0,4.0,6.250480085861687e-08,4.5351473922902504e-08,9.070294578904882e-08
2048,"(2.0, 2.0, 6.0, 11.0, 11.0, 13.0)",52919999.99999998,2,-16.402692115256418,2.0,2.0,7.523177801569767e-08,3.77928949357521e-08,3.779289350744919e-08
2049,"(2.0, 2.0, 6.0, 11.0, 12.0, 13.0)",88199999.99999997,1,-16.5207605922399,1.0,1.0,6.685360606370648e-08,1.1337868480725628e-08,1.1337868352178366e-08
2050,"(2.0, 2.0, 6.0, 11.0, 13.0, 13.0)",44099999.99999999,1,-16.397933472444542,1.0,1.0,7.559063232794522e-08,2.2675736961451252e-08,2.2675736447262204e-08
2051,"(2.0, 2.0, 6.0, 11.0, 13.0, 14.0)",88199999.99999997,2,-16.307590706068282,2.0,2.0,8.273768081746767e-08,2.2675736961451256e-08,2.2675736447262208e-08
2052,"(2.0, 2.0, 6.0, 13.0, 14.0, 14.0)",33516000.0,1,-16.212489296880143,1.0,1.0,9.099245036618452e-08,2.983649600190953e-08,2.983649511169304e-08
2053,"(2.0, 2.0, 7.0, 7.0, 9.0, 13.0)",59534999.99999995,14,-16.41067502385676,17.0,23.0,7.463360038330043e-08,2.855463172923493e-07,3.863272889176556e-07
2054,"(2.0, 2.0, 7.0, 7.0, 13.0, 14.0)",47627999.99999997,1,-15.944799084944432,1.0,1.0,1.189218734652252e-07,2.09960527420845e-08,2.099605230125027e-08
2055,"(2.0, 2.0, 7.0, 8.0, 8.0, 13.0)",52919999.99999998,4,-15.65413690065852,6.0,10.0,1.5903573673223814e-07,1.1337868480725628e-07,1.889644618240343e-07
2056,"(2.0, 2.0, 7.0, 8.0, 8.0, 14.0)",52919999.99999998,1,-15.563794134282258,1.0,1.0,1.7407246928741814e-07,1.889644746787605e-08,1.8896447110800323e-08
2057,"(2.0, 2.0, 7.0, 8.0, 9.0, 12.0)",105839999.99999996,1,-16.412389440938377,1.0,1.0,7.450575688379392e-08,9.448223733938024e-09,9.448223644669093e-09
2058,"(2.0, 2.0, 7.0, 8.0, 9.0, 13.0)",105839999.99999996,38,-16.289562321143016,43.0,53.0,8.424283455332754e-08,4.0627362055933503e-07,5.007556928404605e-07
2059,"(2.0, 2.0, 7.0, 8.0, 9.0, 14.0)",105839999.99999996,3,-16.199219554766756,3.0,3.0,9.220794352126592e-08,2.834467120181407e-08,2.8344670398393686e-08
2060,"(2.0, 2.0, 7.0, 8.0, 11.0, 13.0)",105839999.99999996,7,-15.91878779141883,8.0,10.0,1.2205576683868193e-07,7.55857898715042e-08,9.44822316261686e-08
2061,"(2.0, 2.0, 7.0, 8.0, 12.0, 13.0)",88199999.99999997,2,-16.03685626840231,2.0,2.0,1.0846305071155214e-07,2.2675736961451256e-08,2.2675736447262208e-08
2062,"(2.0, 2.0, 7.0, 8.0, 13.0, 13.0)",44099999.99999999,2,-15.914029148606954,2.0,2.0,1.226379707878642e-07,4.5351473922902504e-08,4.535147186614632e-08
2063,"(2.0, 2.0, 7.0, 8.0, 13.0, 14.0)",88199999.99999997,2,-15.82368638223069,2.0,2.0,1.3423331662483113e-07,2.2675736961451256e-08,2.2675736447262208e-08
2064,"(2.0, 2.0, 7.0, 9.0, 9.0, 12.0)",52919999.99999998,1,-17.04781486142287,1.0,1.0,3.9466451247995404e-08,1.889644746787605e-08,1.8896447110800323e-08
2065,"(2.0, 2.0, 7.0, 9.0, 9.0, 13.0)",52919999.99999998,21,-16.92498774162752,23.0,27.0,4.4624279544967687e-08,4.346182917611491e-07,5.102038927395937e-07
2066,"(2.0, 2.0, 7.0, 9.0, 11.0, 12.0)",105839999.99999996,1,-16.677040331698684,2.0,4.0,5.718121899645007e-08,1.889644746787605e-08,3.779289457867637e-08
2067,"(2.0, 2.0, 7.0, 9.0, 11.0, 13.0)",105839999.99999996,33,-16.554213211903328,38.0,50.0,6.465417134126594e-08,3.590325018896449e-07,4.7241105779256375e-07
2068,"(2.0, 2.0, 7.0, 9.0, 12.0, 13.0)",88199999.99999997,25,-16.67228168888681,28.0,34.0,5.74539724466233e-08,3.174603174603176e-07,3.854874275636182e-07
2069,"(2.0, 2.0, 7.0, 9.0, 13.0, 13.0)",44099999.99999999,14,-16.549454569091452,14.0,14.0,6.496257064808232e-08,3.1746031746031754e-07,3.174602166792644e-07
2070,"(2.0, 2.0, 7.0, 9.0, 13.0, 14.0)",88199999.99999997,19,-16.45911180271519,20.0,22.0,7.110474234485548e-08,2.2675736961451254e-07,2.494330551570591e-07
2071,"(2.0, 2.0, 7.0, 11.0, 11.0, 13.0)",52919999.99999998,1,-16.183438682179137,1.0,1.0,9.367460751077098e-08,1.889644746787605e-08,1.8896447110800323e-08
2072,"(2.0, 2.0, 7.0, 11.0, 11.0, 14.0)",52919999.99999998,1,-16.093095915802873,2.0,4.0,1.0253148489753393e-07,3.77928949357521e-08,7.558578844320129e-08
2073,"(2.0, 2.0, 7.0, 11.0, 12.0, 13.0)",88199999.99999997,2,-16.301507159162618,3.0,5.0,8.324255353091201e-08,3.401360544217688e-08,5.668934124670278e-08
2074,"(2.0, 2.0, 7.0, 11.0, 13.0, 14.0)",88199999.99999997,1,-16.088337272990998,1.0,1.0,1.0302055835116077e-07,1.1337868480725628e-08,1.1337868352178366e-08
2075,"(2.0, 2.0, 7.0, 12.0, 13.0, 13.0)",33516000.0,1,-16.296748516350743,1.0,1.0,8.36396191072544e-08,2.983649600190953e-08,2.983649511169304e-08
2076,"(2.0, 2.0, 7.0, 12.0, 13.0, 14.0)",67031999.99999999,1,-16.20640574997448,1.0,1.0,9.154769442022896e-08,1.491824800095477e-08,1.4918247778400645e-08
2077,"(2.0, 2.0, 7.0, 13.0, 13.0, 14.0)",33516000.0,1,-16.083578630179122,1.0,1.0,1.035119646769125e-07,2.983649600190953e-08,2.983649511169304e-08
2078,"(2.0, 2.0, 7.0, 13.0, 14.0, 14.0)",33516000.0,1,-15.99323586380286,1.0,1.0,1.1329895822370604e-07,2.983649600190953e-08,2.983649511169304e-08
2079,"(2.0, 2.0, 8.0, 8.0, 8.0, 9.0)",15179999.999999994,1,-15.908557370480844,1.0,1.0,1.2331085781924923e-07,6.58761528326746e-08,6.587614849300709e-08
2080,"(2.0, 2.0, 8.0, 8.0, 8.0, 13.0)",14489999.999999994,1,-15.533024197944776,1.0,1.0,1.7951192477374097e-07,6.901311249137339e-08,6.901310772856369e-08
2081,"(2.0, 2.0, 8.0, 8.0, 9.0, 12.0)",43469999.99999999,2,-16.29127673822463,2.0,2.0,8.409853093240705e-08,4.600874166091558e-08,4.600873954411127e-08
2082,"(2.0, 2.0, 8.0, 8.0, 9.0, 13.0)",43469999.99999999,18,-16.168449618429275,20.0,26.0,9.50892779811175e-08,4.600874166091558e-07,5.981134299114717e-07
2083,"(2.0, 2.0, 8.0, 8.0, 9.0, 14.0)",43469999.99999999,1,-16.07810685205301,2.0,4.0,1.0407991160376428e-07,4.600874166091558e-08,9.201748120502685e-08
2084,"(2.0, 2.0, 8.0, 8.0, 12.0, 12.0)",18900000.0,1,-16.038570685483926,1.0,1.0,1.0827725911234076e-07,5.291005291005291e-08,5.2910050110579216e-08
2085,"(2.0, 2.0, 8.0, 8.0, 13.0, 14.0)",37799999.99999999,1,-15.702573679516949,1.0,1.0,1.5151614053045597e-07,2.645502645502646e-08,2.6455025755158035e-08
2086,"(2.0, 2.0, 8.0, 9.0, 9.0, 13.0)",43469999.99999999,23,-16.803875038913773,25.0,29.0,5.036975007853574e-08,5.751092707614448e-07,6.671264233326026e-07
2087,"(2.0, 2.0, 8.0, 9.0, 11.0, 12.0)",86939999.99999997,1,-16.55592762898494,4.0,16.0,6.454342208785335e-08,4.600874166091559e-08,1.8403496452685804e-07
2088,"(2.0, 2.0, 8.0, 9.0, 11.0, 13.0)",86939999.99999997,24,-16.433100509189583,28.0,38.0,7.29785328794545e-08,3.2206119162640913e-07,4.37082942055287e-07
2089,"(2.0, 2.0, 8.0, 9.0, 11.0, 14.0)",86939999.99999997,1,-16.34275774281332,1.0,1.0,7.987860894868016e-08,1.1502185415228897e-08,1.1502185282928627e-08
2090,"(2.0, 2.0, 8.0, 9.0, 12.0, 13.0)",75599999.99999997,14,-16.551168986173064,15.0,17.0,6.485129312259891e-08,1.984126984126985e-07,2.2486768550012607e-07
2091,"(2.0, 2.0, 8.0, 9.0, 12.0, 14.0)",75599999.99999997,2,-16.4608262197968,3.0,5.0,7.098294359675582e-08,3.96825396825397e-08,6.613756456286221e-08
2092,"(2.0, 2.0, 8.0, 9.0, 13.0, 13.0)",37799999.99999999,19,-16.428341866377707,21.0,25.0,7.332663925040624e-08,5.555555555555556e-07,6.613753527336862e-07
2093,"(2.0, 2.0, 8.0, 9.0, 13.0, 14.0)",75599999.99999997,21,-16.337999100001447,23.0,27.0,8.025962856610256e-08,3.0423280423280433e-07,3.571427645852581e-07
2094,"(2.0, 2.0, 8.0, 11.0, 11.0, 13.0)",43469999.99999999,1,-16.062325979465392,1.0,1.0,1.0573541168923039e-07,2.300437083045779e-08,2.3004370301256712e-08
2095,"(2.0, 2.0, 8.0, 11.0, 12.0, 13.0)",75599999.99999997,3,-16.180394456448877,4.0,6.0,9.396020865784473e-08,5.291005291005293e-08,7.93650765656057e-08
2096,"(2.0, 2.0, 8.0, 11.0, 13.0, 14.0)",75599999.99999997,4,-15.967224570277256,4.0,4.0,1.1628467350089327e-07,5.291005291005293e-08,5.2910050110579236e-08
2097,"(2.0, 2.0, 8.0, 12.0, 13.0, 13.0)",29924999.99999999,1,-16.175635813637,1.0,1.0,9.440839726837459e-08,3.3416875522138694e-08,3.341687440545113e-08
2098,"(2.0, 2.0, 8.0, 12.0, 13.0, 14.0)",59849999.99999998,2,-16.085293047260738,2.0,2.0,1.033346540321476e-07,3.3416875522138694e-08,3.341687440545113e-08
2099,"(2.0, 2.0, 8.0, 13.0, 13.0, 13.0)",9974999.999999996,1,-16.05280869384164,1.0,1.0,1.0674652972023486e-07,1.0025062656641608e-07,1.0025061651622795e-07
2100,"(2.0, 2.0, 8.0, 13.0, 13.0, 14.0)",29924999.99999999,1,-15.96246592746538,1.0,1.0,1.168393494321917e-07,3.3416875522138694e-08,3.341687440545113e-08
2101,"(2.0, 2.0, 8.0, 13.0, 14.0, 14.0)",29924999.99999999,1,-15.872123161089116,1.0,1.0,1.2788643913311312e-07,3.3416875522138694e-08,3.341687440545113e-08
2102,"(2.0, 2.0, 9.0, 9.0, 9.0, 11.0)",15179999.999999994,1,-17.444059102210147,1.0,1.0,2.6554699421988938e-08,6.58761528326746e-08,6.587614849300709e-08
2103,"(2.0, 2.0, 9.0, 9.0, 9.0, 12.0)",14489999.999999994,1,-17.56212757919363,1.0,1.0,2.3597440617811234e-08,6.901311249137339e-08,6.901310772856369e-08
2104,"(2.0, 2.0, 9.0, 9.0, 9.0, 13.0)",14489999.999999994,11,-17.43930045939827,11.0,11.0,2.6681364890350327e-08,7.591442374051073e-07,7.591436611051341e-07
2105,"(2.0, 2.0, 9.0, 9.0, 11.0, 12.0)",43469999.99999999,1,-17.19135304946944,1.0,1.0,3.418930197812822e-08,2.300437083045779e-08,2.3004370301256712e-08
2106,"(2.0, 2.0, 9.0, 9.0, 11.0, 13.0)",43469999.99999999,18,-17.06852592967408,21.0,27.0,3.865746528190355e-08,4.830917874396136e-07,6.211177790446853e-07
2107,"(2.0, 2.0, 9.0, 9.0, 12.0, 13.0)",37799999.99999999,13,-17.186594406657562,13.0,13.0,3.435238437191445e-08,3.43915343915344e-07,3.4391522563758024e-07
2108,"(2.0, 2.0, 9.0, 9.0, 13.0, 13.0)",18900000.0,10,-17.063767286862205,10.0,10.0,3.8841860739286955e-08,5.291005291005291e-07,5.291002491531592e-07
2109,"(2.0, 2.0, 9.0, 9.0, 13.0, 14.0)",37799999.99999999,16,-16.973424520485942,17.0,19.0,4.2514335139588347e-08,4.497354497354498e-07,5.026453003835279e-07
2110,"(2.0, 2.0, 9.0, 9.0, 14.0, 14.0)",18900000.0,1,-16.883081754109682,1.0,1.0,4.6534039769445154e-08,5.291005291005291e-08,5.2910050110579216e-08
2111,"(2.0, 2.0, 9.0, 11.0, 11.0, 12.0)",43469999.99999999,1,-16.820578519745247,1.0,1.0,4.9535387700874826e-08,2.300437083045779e-08,2.3004370301256712e-08
2112,"(2.0, 2.0, 9.0, 11.0, 11.0, 13.0)",43469999.99999999,14,-16.697751399949894,15.0,17.0,5.600911453229452e-08,3.4506556245686686e-07,3.9107418504754005e-07
2113,"(2.0, 2.0, 9.0, 11.0, 12.0, 13.0)",75599999.99999997,12,-16.815819876933375,15.0,21.0,4.9771670664725435e-08,1.984126984126985e-07,2.77777738410179e-07
2114,"(2.0, 2.0, 9.0, 11.0, 12.0, 14.0)",75599999.99999997,1,-16.72547711055711,1.0,1.0,5.447755197157941e-08,1.3227513227513233e-08,1.3227513052546127e-08
2115,"(2.0, 2.0, 9.0, 11.0, 13.0, 13.0)",37799999.99999999,26,-16.692992757138015,29.0,35.0,5.627627706394307e-08,7.671957671957674e-07,9.259253373365809e-07
2116,"(2.0, 2.0, 9.0, 11.0, 13.0, 14.0)",75599999.99999997,20,-16.602649990761755,22.0,28.0,6.159716496498405e-08,2.910052910052911e-07,3.703702856862911e-07
2117,"(2.0, 2.0, 9.0, 12.0, 12.0, 12.0)",9974999.999999996,1,-17.056715473712213,1.0,1.0,3.9116734323118194e-08,1.0025062656641608e-07,1.0025061651622795e-07
2118,"(2.0, 2.0, 9.0, 12.0, 12.0, 13.0)",29924999.99999999,3,-16.933888353916856,3.0,3.0,4.4228858489265004e-08,1.0025062656641608e-07,1.0025061651622795e-07
2119,"(2.0, 2.0, 9.0, 12.0, 13.0, 13.0)",29924999.99999999,12,-16.811061234121496,14.0,18.0,5.000908069432873e-08,4.678362573099417e-07,6.015035405277328e-07
2120,"(2.0, 2.0, 9.0, 12.0, 13.0, 14.0)",59849999.99999998,12,-16.720718467745236,14.0,18.0,5.4737408975645054e-08,2.3391812865497085e-07,3.0075182498155733e-07
2121,"(2.0, 2.0, 9.0, 13.0, 13.0, 13.0)",9974999.999999996,1,-16.688234114326143,1.0,1.0,5.654471395636113e-08,1.0025062656641608e-07,1.0025061651622795e-07
2122,"(2.0, 2.0, 9.0, 13.0, 13.0, 14.0)",29924999.99999999,13,-16.59789134794988,14.0,16.0,6.18909824029462e-08,4.678362573099417e-07,5.346697894834554e-07
2123,"(2.0, 2.0, 9.0, 13.0, 14.0, 14.0)",29924999.99999999,6,-16.507548581573616,6.0,6.0,6.774273729208377e-08,2.0050125313283215e-07,2.0050121293207964e-07
2124,"(2.0, 2.0, 11.0, 11.0, 12.0, 13.0)",37799999.99999999,1,-16.445045347209184,1.0,1.0,7.211200171546764e-08,2.645502645502646e-08,2.6455025755158035e-08
2125,"(2.0, 2.0, 11.0, 11.0, 13.0, 13.0)",18900000.0,1,-16.322218227413828,1.0,1.0,8.153624208261381e-08,5.291005291005291e-08,5.2910050110579216e-08
2126,"(2.0, 2.0, 11.0, 11.0, 13.0, 14.0)",37799999.99999999,1,-16.231875461037564,1.0,1.0,8.924544437225348e-08,2.645502645502646e-08,2.6455025755158035e-08
2127,"(2.0, 2.0, 11.0, 12.0, 12.0, 13.0)",29924999.99999999,1,-16.563113824192666,1.0,1.0,6.408126302883966e-08,3.3416875522138694e-08,3.341687440545113e-08
2128,"(2.0, 2.0, 11.0, 12.0, 13.0, 14.0)",59849999.99999998,3,-16.349943938021045,3.0,3.0,7.930664326181596e-08,5.012531328320804e-08,5.012531077066101e-08
2129,"(2.0, 2.0, 11.0, 13.0, 13.0, 13.0)",9974999.999999996,1,-16.317459584601952,2.0,4.0,8.19251685821271e-08,2.0050125313283215e-07,4.010024660649118e-07
2130,"(2.0, 2.0, 11.0, 13.0, 13.0, 14.0)",29924999.99999999,2,-16.22711681822569,2.0,2.0,8.967114363666206e-08,6.683375104427739e-08,6.683374657752711e-08
2131,"(2.0, 2.0, 12.0, 12.0, 13.0, 13.0)",10772999.999999998,1,-16.55835518138079,1.0,1.0,6.438692957266867e-08,9.282465422816302e-08,9.282464561174658e-08
2132,"(2.0, 3.0, 3.0, 3.0, 3.0, 9.0)",6641249.999999997,1,-16.04699611160558,1.0,1.0,1.0736880947674362e-07,1.5057406361754194e-07,1.505740409449933e-07
2133,"(2.0, 3.0, 3.0, 3.0, 4.0, 13.0)",29752800.0,2,-15.910070752831842,2.0,2.0,1.2312438248317117e-07,6.722056411497405e-08,6.722055959636982e-08
2134,"(2.0, 3.0, 3.0, 3.0, 6.0, 13.0)",29752800.0,1,-15.893390523729778,1.0,1.0,1.2519534947611293e-07,3.3610282057487026e-08,3.3610280927835964e-08
2135,"(2.0, 3.0, 3.0, 3.0, 7.0, 13.0)",29752800.0,1,-15.674137090652495,2.0,4.0,1.558865885357867e-07,6.722056411497405e-08,1.3444112371134386e-07
2136,"(2.0, 3.0, 3.0, 3.0, 9.0, 13.0)",26564999.99999999,8,-16.18844980842325,9.0,11.0,9.320636641413885e-08,3.387916431394694e-07,4.1407856016846287e-07
2137,"(2.0, 3.0, 3.0, 3.0, 11.0, 13.0)",26564999.99999999,1,-15.817675278699063,1.0,1.0,1.3504263700580247e-07,3.7643515904385486e-08,3.764351448735119e-08
2138,"(2.0, 3.0, 3.0, 4.0, 6.0, 9.0)",130409999.99999993,1,-16.507531510028173,1.0,1.0,6.774389377517334e-08,7.6681236101526e-09,7.668123551352482e-09
2139,"(2.0, 3.0, 3.0, 4.0, 6.0, 13.0)",109544399.99999994,1,-16.131998337492107,1.0,1.0,9.861935095021977e-08,9.128718583515e-09,9.128718500181496e-09
2140,"(2.0, 3.0, 3.0, 4.0, 6.0, 14.0)",109544399.99999994,1,-16.041655571115847,1.0,1.0,1.0794375083337672e-07,9.128718583515e-09,9.128718500181496e-09
2141,"(2.0, 3.0, 3.0, 4.0, 8.0, 13.0)",101429999.99999996,3,-15.791632201701082,3.0,3.0,1.3860575874028095e-07,2.9577048210588596e-08,2.9577047335786815e-08
2142,"(2.0, 3.0, 3.0, 4.0, 9.0, 12.0)",101429999.99999996,1,-16.54988474198094,2.0,4.0,6.493463152111644e-08,1.9718032140392398e-08,3.9436063891984007e-08
2143,"(2.0, 3.0, 3.0, 4.0, 9.0, 13.0)",101429999.99999996,21,-16.42705762218558,23.0,27.0,7.342086905508056e-08,2.2675736961451257e-07,2.661933824763927e-07
2144,"(2.0, 3.0, 3.0, 4.0, 11.0, 13.0)",101429999.99999996,2,-16.056283092461392,3.0,5.0,1.0637629327165531e-07,2.9577048210588596e-08,4.929507947617921e-08
2145,"(2.0, 3.0, 3.0, 4.0, 13.0, 13.0)",40571999.99999999,1,-16.051524449649516,1.0,1.0,1.0688370639637873e-07,2.4647540175490492e-08,2.4647539567989254e-08
2146,"(2.0, 3.0, 3.0, 4.0, 13.0, 14.0)",81143999.99999997,2,-15.961181683273251,4.0,10.0,1.169894960799562e-07,4.929508035098099e-08,1.2323769844744753e-07
2147,"(2.0, 3.0, 3.0, 6.0, 6.0, 9.0)",65204999.99999996,1,-16.49085128092611,1.0,1.0,6.888335425531758e-08,1.53362472203052e-08,1.5336246985104722e-08
2148,"(2.0, 3.0, 3.0, 6.0, 7.0, 9.0)",130409999.99999993,1,-16.271597847848827,1.0,1.0,8.576988799262304e-08,7.6681236101526e-09,7.668123551352482e-09
2149,"(2.0, 3.0, 3.0, 6.0, 8.0, 13.0)",101429999.99999996,3,-15.77495197259902,3.0,3.0,1.409371243527905e-07,2.9577048210588596e-08,2.9577047335786815e-08
2150,"(2.0, 3.0, 3.0, 6.0, 9.0, 11.0)",115919999.99999994,1,-16.415136035895394,1.0,1.0,7.430140051821806e-08,8.626639061421675e-09,8.626638987002773e-09
2151,"(2.0, 3.0, 3.0, 6.0, 9.0, 13.0)",101429999.99999996,34,-16.410377393083518,35.0,37.0,7.465581694549472e-08,3.4506556245686697e-07,3.64783475527017e-07
2152,"(2.0, 3.0, 3.0, 6.0, 9.0, 14.0)",101429999.99999996,3,-16.320034626707255,3.0,3.0,8.171447920697084e-08,2.9577048210588596e-08,2.9577047335786815e-08
2153,"(2.0, 3.0, 3.0, 6.0, 11.0, 13.0)",101429999.99999996,3,-16.039602863359328,4.0,6.0,1.0816555538005372e-07,3.9436064280784795e-08,5.9154094865974025e-08
2154,"(2.0, 3.0, 3.0, 6.0, 12.0, 13.0)",81143999.99999997,1,-16.15767134034281,1.0,1.0,9.61197198812885e-08,1.2323770087745248e-08,1.2323769935869939e-08
2155,"(2.0, 3.0, 3.0, 6.0, 13.0, 13.0)",40571999.99999999,1,-16.034844220547452,1.0,1.0,1.0868150325485583e-07,2.4647540175490492e-08,2.4647539567989254e-08
2156,"(2.0, 3.0, 3.0, 6.0, 13.0, 14.0)",81143999.99999997,1,-15.944501454171188,1.0,1.0,1.18957273542195e-07,1.2323770087745248e-08,1.2323769935869939e-08
2157,"(2.0, 3.0, 3.0, 7.0, 7.0, 9.0)",65204999.99999996,1,-16.052344414771547,1.0,1.0,1.0679610140644689e-07,1.53362472203052e-08,1.5336246985104722e-08
2158,"(2.0, 3.0, 3.0, 7.0, 8.0, 9.0)",115919999.99999994,1,-15.931231712057802,1.0,1.0,1.205463257235111e-07,8.626639061421675e-09,8.626638987002773e-09
2159,"(2.0, 3.0, 3.0, 7.0, 8.0, 13.0)",101429999.99999996,3,-15.555698539521735,4.0,6.0,1.7548740911971637e-07,3.9436064280784795e-08,5.9154094865974025e-08
2160,"(2.0, 3.0, 3.0, 7.0, 9.0, 9.0)",57959999.99999997,1,-16.5666571325423,1.0,1.0,6.385460515101137e-08,1.725327812284335e-08,1.7253277825167746e-08
2161,"(2.0, 3.0, 3.0, 7.0, 9.0, 11.0)",115919999.99999994,1,-16.19588260281811,1.0,1.0,9.25161509487707e-08,8.626639061421675e-09,8.626638987002773e-09
2162,"(2.0, 3.0, 3.0, 7.0, 9.0, 12.0)",101429999.99999996,1,-16.31395107980159,1.0,1.0,8.221310825285782e-08,9.859016070196199e-09,9.859015972996002e-09
2163,"(2.0, 3.0, 3.0, 7.0, 9.0, 13.0)",101429999.99999996,32,-16.191123960006237,33.0,35.0,9.295745142838399e-08,3.2534753031647456e-07,3.4506545660585147e-07
2164,"(2.0, 3.0, 3.0, 7.0, 9.0, 14.0)",101429999.99999996,2,-16.100781193629974,2.0,2.0,1.01746522142051e-07,1.9718032140392398e-08,1.9718031751591606e-08
2165,"(2.0, 3.0, 3.0, 7.0, 11.0, 13.0)",101429999.99999996,3,-15.820349430282048,3.0,3.0,1.3468199494496705e-07,2.9577048210588596e-08,2.9577047335786815e-08
2166,"(2.0, 3.0, 3.0, 7.0, 12.0, 13.0)",81143999.99999997,3,-15.938417907265528,3.0,3.0,1.1968316144337572e-07,3.6971310263235745e-08,3.6971308896357965e-08
2167,"(2.0, 3.0, 3.0, 7.0, 13.0, 14.0)",81143999.99999997,1,-15.725248021093908,1.0,1.0,1.4811926826043388e-07,1.2323770087745248e-08,1.2323769935869939e-08
2168,"(2.0, 3.0, 3.0, 8.0, 8.0, 13.0)",43469999.99999999,2,-15.434585836807994,3.0,5.0,1.9808178483604547e-07,6.901311249137337e-08,1.1502184938947925e-07
2169,"(2.0, 3.0, 3.0, 8.0, 9.0, 12.0)",86939999.99999997,1,-16.19283837708785,1.0,1.0,9.279822011923164e-08,1.1502185415228897e-08,1.1502185282928627e-08
2170,"(2.0, 3.0, 3.0, 8.0, 9.0, 13.0)",86939999.99999997,35,-16.070011257292492,40.0,50.0,1.0492592024185064e-07,4.600874166091559e-07,5.75109059081014e-07
2171,"(2.0, 3.0, 3.0, 8.0, 11.0, 13.0)",86939999.99999997,7,-15.699236727568302,7.0,7.0,1.5202258713489169e-07,8.051529790660228e-08,8.051529142388909e-08
2172,"(2.0, 3.0, 3.0, 8.0, 12.0, 13.0)",72449999.99999997,3,-15.817305204551785,3.0,3.0,1.350926220430532e-07,4.140786749482403e-08,4.140786578021254e-08
2173,"(2.0, 3.0, 3.0, 8.0, 13.0, 13.0)",36224999.99999999,6,-15.694478084756426,6.0,6.0,1.5274773231145528e-07,1.656314699792961e-07,1.6563144254551224e-07
2174,"(2.0, 3.0, 3.0, 8.0, 13.0, 14.0)",72449999.99999997,3,-15.604135318380164,3.0,3.0,1.671899378582793e-07,4.140786749482403e-08,4.140786578021254e-08
2175,"(2.0, 3.0, 3.0, 9.0, 9.0, 11.0)",47609999.99999999,1,-16.710195320588866,1.0,1.0,5.531646016217292e-08,2.100399075824407e-08,2.100399031707644e-08
2176,"(2.0, 3.0, 3.0, 9.0, 9.0, 13.0)",43469999.99999999,24,-16.70543667777699,26.0,30.0,5.558031874415836e-08,5.981136415919026e-07,6.901307671738054e-07
2177,"(2.0, 3.0, 3.0, 9.0, 11.0, 12.0)",86939999.99999997,2,-16.45748926784816,2.0,2.0,7.122020591502432e-08,2.3004370830457794e-08,2.3004370301256715e-08
2178,"(2.0, 3.0, 3.0, 9.0, 11.0, 13.0)",86939999.99999997,28,-16.3346621480528,32.0,40.0,8.052789844295047e-08,3.680699332873247e-07,4.6008728113368014e-07
2179,"(2.0, 3.0, 3.0, 9.0, 12.0, 13.0)",72449999.99999997,16,-16.452730625036285,18.0,24.0,7.155992509601234e-08,2.484472049689442e-07,3.312628782325786e-07
2180,"(2.0, 3.0, 3.0, 9.0, 12.0, 14.0)",72449999.99999997,1,-16.36238785866002,1.0,1.0,7.832587265878646e-08,1.3802622498274678e-08,1.3802622307762291e-08
2181,"(2.0, 3.0, 3.0, 9.0, 13.0, 13.0)",36224999.99999999,16,-16.329903505240928,19.0,25.0,8.091201516030937e-08,5.244996549344377e-07,6.901308498138457e-07
2182,"(2.0, 3.0, 3.0, 9.0, 13.0, 14.0)",72449999.99999997,22,-16.239560738864665,23.0,25.0,8.856219717263717e-08,3.174603174603176e-07,3.450654616758138e-07
2183,"(2.0, 3.0, 3.0, 9.0, 14.0, 14.0)",36224999.99999999,1,-16.1492179724884,1.0,1.0,9.693569925931717e-08,2.760524499654935e-08,2.7605244234499797e-08
2184,"(2.0, 3.0, 3.0, 11.0, 11.0, 13.0)",43469999.99999999,4,-15.963887618328611,4.0,4.0,1.1667335801883461e-07,9.201748332183116e-08,9.201747485461393e-08
2185,"(2.0, 3.0, 3.0, 11.0, 13.0, 13.0)",36224999.99999999,2,-15.959128975516736,2.0,2.0,1.1722988796872793e-07,5.52104899930987e-08,5.5210486944900496e-08
2186,"(2.0, 3.0, 3.0, 11.0, 13.0, 14.0)",72449999.99999997,4,-15.868786209140474,4.0,4.0,1.2831390285166803e-07,5.521048999309871e-08,5.521048694490051e-08
2187,"(2.0, 3.0, 3.0, 12.0, 12.0, 13.0)",27531000.0,1,-16.200024572295575,1.0,1.0,9.21337443802466e-08,3.632269078493335e-08,3.6322689465595486e-08
2188,"(2.0, 3.0, 3.0, 12.0, 13.0, 13.0)",27531000.0,1,-16.07719745250022,1.0,1.0,1.0417460487931665e-07,3.632269078493335e-08,3.6322689465595486e-08
2189,"(2.0, 3.0, 3.0, 12.0, 13.0, 14.0)",55061999.99999999,1,-15.986854686123957,1.0,1.0,1.1402425065578257e-07,1.8161345392466675e-08,1.8161345062632207e-08
2190,"(2.0, 3.0, 3.0, 13.0, 13.0, 14.0)",27531000.0,2,-15.864027566328598,2.0,2.0,1.2892595800408016e-07,7.26453815698667e-08,7.264537629251523e-08
2191,"(2.0, 3.0, 3.0, 13.0, 14.0, 14.0)",27531000.0,1,-15.773684799952337,1.0,1.0,1.4111582922272146e-07,3.632269078493335e-08,3.6322689465595486e-08
2192,"(2.0, 3.0, 4.0, 4.0, 6.0, 13.0)",123832800.0,1,-16.370606151254435,1.0,1.0,7.768480556618659e-08,8.075404900801726e-09,8.075404835589561e-09
2193,"(2.0, 3.0, 4.0, 4.0, 7.0, 13.0)",123832800.0,1,-16.151352718177154,1.0,1.0,9.672898691088578e-08,8.075404900801726e-09,8.075404835589561e-09
2194,"(2.0, 3.0, 4.0, 4.0, 9.0, 13.0)",119069999.9999999,11,-16.66566543594791,12.0,14.0,5.783536275678205e-08,1.0078105316200563e-07,1.1757788519885255e-07
2195,"(2.0, 3.0, 4.0, 4.0, 11.0, 13.0)",119069999.9999999,3,-16.29489090622372,3.0,3.0,8.379513330838615e-08,2.5195263290501407e-08,2.5195262655700115e-08
2196,"(2.0, 3.0, 4.0, 4.0, 12.0, 14.0)",95255999.99999994,1,-16.322616616830942,1.0,1.0,8.150376537627442e-08,1.049802637104225e-08,1.0498026260833694e-08
2197,"(2.0, 3.0, 4.0, 4.0, 13.0, 14.0)",95255999.99999994,2,-16.19978949703558,2.0,2.0,9.215540529003323e-08,2.09960527420845e-08,2.099605230125027e-08
2198,"(2.0, 3.0, 4.0, 6.0, 6.0, 9.0)",147419999.99999997,1,-16.729459094688437,1.0,1.0,5.426105455482287e-08,6.783340116673452e-09,6.7833400706597485e-09
2199,"(2.0, 3.0, 4.0, 6.0, 7.0, 9.0)",294839999.99999994,1,-16.510205661611156,1.0,1.0,6.75629783398577e-08,3.391670058336726e-09,3.3916700468333e-09
2200,"(2.0, 3.0, 4.0, 6.0, 7.0, 13.0)",247665600.0,3,-16.134672489075093,3.0,3.0,9.835598016041927e-08,1.211310735120259e-08,1.211310720447522e-08
2201,"(2.0, 3.0, 4.0, 6.0, 8.0, 13.0)",238139999.9999998,4,-16.01355978636135,4.0,4.0,1.1101952098559813e-07,1.6796842193667606e-08,1.67968419115337e-08
2202,"(2.0, 3.0, 4.0, 6.0, 9.0, 12.0)",238139999.9999998,1,-16.771812326641204,1.0,1.0,5.201091031404335e-08,4.199210548416901e-09,4.1992105307835325e-09
2203,"(2.0, 3.0, 4.0, 6.0, 9.0, 13.0)",238139999.9999998,24,-16.648985206845847,26.0,30.0,5.880816054775152e-08,1.0917947425883944e-07,1.2597630453234944e-07
2204,"(2.0, 3.0, 4.0, 6.0, 9.0, 14.0)",238139999.9999998,2,-16.558642440469583,3.0,5.0,6.436843649822845e-08,1.2597631645250703e-08,2.0996052583384183e-08
2205,"(2.0, 3.0, 4.0, 6.0, 11.0, 13.0)",238139999.9999998,2,-16.278210677121656,2.0,2.0,8.520457757727045e-08,8.398421096833803e-09,8.398421026300325e-09
2206,"(2.0, 3.0, 4.0, 6.0, 12.0, 13.0)",190511999.99999988,1,-16.396279154105137,3.0,9.0,7.571578679141141e-08,1.5747039556563378e-08,4.7241118421720873e-08
2207,"(2.0, 3.0, 4.0, 6.0, 13.0, 14.0)",190511999.99999988,3,-16.183109267933517,4.0,6.0,9.370547034398724e-08,2.09960527420845e-08,3.149407867229253e-08
2208,"(2.0, 3.0, 4.0, 7.0, 8.0, 13.0)",238139999.9999998,2,-15.794306353284068,2.0,2.0,1.3823560108056636e-07,8.398421096833803e-09,8.398421026300325e-09
2209,"(2.0, 3.0, 4.0, 7.0, 9.0, 13.0)",238139999.9999998,23,-16.429731773768566,25.0,29.0,7.322479280752304e-08,1.0498026371042253e-07,1.2177709488323438e-07
2210,"(2.0, 3.0, 4.0, 7.0, 9.0, 14.0)",238139999.9999998,3,-16.339389007392302,3.0,3.0,8.014815260374938e-08,1.2597631645250703e-08,1.259763148655038e-08
2211,"(2.0, 3.0, 4.0, 7.0, 11.0, 13.0)",238139999.9999998,2,-16.058957244044375,2.0,2.0,1.060922069528444e-07,8.398421096833803e-09,8.398421026300325e-09
2212,"(2.0, 3.0, 4.0, 7.0, 12.0, 13.0)",190511999.99999988,2,-16.177025721027857,2.0,2.0,9.427726948809779e-08,1.049802637104225e-08,1.0498026260833694e-08
2213,"(2.0, 3.0, 4.0, 7.0, 13.0, 13.0)",95255999.99999994,3,-16.0541986012325,3.0,3.0,1.0659826499061859e-07,3.1494079113126755e-08,3.149407812124974e-08
2214,"(2.0, 3.0, 4.0, 7.0, 13.0, 14.0)",190511999.99999988,1,-15.963855834856236,1.0,1.0,1.1667706636221779e-07,5.249013185521125e-09,5.249013157968986e-09
2215,"(2.0, 3.0, 4.0, 8.0, 8.0, 13.0)",105839999.99999996,1,-15.673193650570322,1.0,1.0,1.560337275892111e-07,9.448223733938024e-09,9.448223644669093e-09
2216,"(2.0, 3.0, 4.0, 8.0, 9.0, 12.0)",211679999.9999999,1,-16.43144619085018,1.0,1.0,7.309936252256995e-08,4.724111866969012e-09,4.724111844651779e-09
2217,"(2.0, 3.0, 4.0, 8.0, 9.0, 13.0)",211679999.9999999,40,-16.30861907105482,44.0,52.0,8.265264001743264e-08,2.078609221466365e-07,2.456537738762257e-07
2218,"(2.0, 3.0, 4.0, 8.0, 9.0, 14.0)",211679999.9999999,1,-16.21827630467856,1.0,1.0,9.046739705543203e-08,4.724111866969012e-09,4.724111844651779e-09
2219,"(2.0, 3.0, 4.0, 8.0, 11.0, 13.0)",211679999.9999999,4,-15.937844541330632,4.0,4.0,1.1975180336771807e-07,1.889644746787605e-08,1.8896447110800323e-08
2220,"(2.0, 3.0, 4.0, 8.0, 12.0, 13.0)",176399999.99999994,5,-16.055913018314115,6.0,8.0,1.0641566767295292e-07,3.401360544217688e-08,4.5351472765977154e-08
2221,"(2.0, 3.0, 4.0, 8.0, 13.0, 13.0)",88199999.99999997,1,-15.933085898518756,1.0,1.0,1.2032301745000335e-07,1.1337868480725628e-08,1.1337868352178366e-08
2222,"(2.0, 3.0, 4.0, 8.0, 13.0, 14.0)",176399999.99999994,1,-15.842743132142497,1.0,1.0,1.3169948585140486e-07,5.668934240362814e-09,5.668934208225998e-09
2223,"(2.0, 3.0, 4.0, 9.0, 9.0, 12.0)",105839999.99999996,1,-17.066871611334676,2.0,4.0,3.872146996313613e-08,1.889644746787605e-08,3.779289457867637e-08
2224,"(2.0, 3.0, 4.0, 9.0, 9.0, 13.0)",105839999.99999996,14,-16.94404449153932,14.0,14.0,4.378193745288482e-08,1.3227513227513233e-07,1.3227511477842172e-07
2225,"(2.0, 3.0, 4.0, 9.0, 9.0, 14.0)",105839999.99999996,2,-16.853701725163056,3.0,5.0,4.792149311347873e-08,2.834467120181407e-08,4.7241117866269734e-08
2226,"(2.0, 3.0, 4.0, 9.0, 11.0, 13.0)",211679999.9999999,40,-16.57326996181513,44.0,54.0,6.343373864173952e-08,2.078609221466365e-07,2.5510199761016367e-07
2227,"(2.0, 3.0, 4.0, 9.0, 12.0, 12.0)",88199999.99999997,1,-16.81416555859397,1.0,1.0,4.985407699664808e-08,1.1337868480725628e-08,1.1337868352178366e-08
2228,"(2.0, 3.0, 4.0, 9.0, 12.0, 13.0)",176399999.99999994,17,-16.691338438798613,20.0,26.0,5.636945299123576e-08,1.1337868480725627e-07,1.4739227739470698e-07
2229,"(2.0, 3.0, 4.0, 9.0, 13.0, 13.0)",88199999.99999997,21,-16.568511319003257,24.0,32.0,6.37363165051632e-08,2.7210884353741504e-07,3.6281171733999737e-07
2230,"(2.0, 3.0, 4.0, 9.0, 13.0, 14.0)",176399999.99999994,30,-16.478168552626993,33.0,39.0,6.976254661565753e-08,1.8707482993197284e-07,2.2108840037715775e-07
2231,"(2.0, 3.0, 4.0, 11.0, 11.0, 13.0)",105839999.99999996,4,-16.20249543209094,4.0,4.0,9.190637582904341e-08,3.77928949357521e-08,3.779289350744919e-08
2232,"(2.0, 3.0, 4.0, 11.0, 12.0, 13.0)",176399999.99999994,6,-16.320563909074423,6.0,6.0,8.167124061770512e-08,3.401360544217688e-08,3.401360428525152e-08
2233,"(2.0, 3.0, 4.0, 11.0, 12.0, 14.0)",176399999.99999994,1,-16.23022114269816,1.0,1.0,8.939320693704791e-08,5.668934240362814e-09,5.668934208225998e-09
2234,"(2.0, 3.0, 4.0, 11.0, 13.0, 13.0)",88199999.99999997,1,-16.197736789279066,1.0,1.0,9.23447676916206e-08,1.1337868480725628e-08,1.1337868352178366e-08
2235,"(2.0, 3.0, 4.0, 11.0, 13.0, 14.0)",176399999.99999994,3,-16.107394022902803,3.0,3.0,1.0107590952917514e-07,1.700680272108844e-08,1.7006802431857102e-08
2236,"(2.0, 3.0, 4.0, 12.0, 13.0, 13.0)",67031999.99999999,3,-16.315805266262547,3.0,3.0,8.206081105795385e-08,4.4754744002864305e-08,4.4754741999877197e-08
2237,"(2.0, 3.0, 4.0, 13.0, 13.0, 14.0)",67031999.99999999,1,-16.102635380090927,1.0,1.0,1.0155803991284518e-07,1.491824800095477e-08,1.4918247778400645e-08
2238,"(2.0, 3.0, 4.0, 13.0, 14.0, 14.0)",67031999.99999999,1,-16.012292613714664,1.0,1.0,1.1116029105699459e-07,1.491824800095477e-08,1.4918247778400645e-08
2239,"(2.0, 3.0, 6.0, 6.0, 7.0, 13.0)",123832800.0,1,-16.11799225997303,1.0,1.0,1.000103396330323e-07,8.075404900801726e-09,8.075404835589561e-09
2240,"(2.0, 3.0, 6.0, 6.0, 8.0, 13.0)",119069999.9999999,1,-15.996879557259284,1.0,1.0,1.1288688274527888e-07,8.398421096833803e-09,8.398421026300325e-09
2241,"(2.0, 3.0, 6.0, 6.0, 8.0, 14.0)",119069999.9999999,1,-15.906536790883022,1.0,1.0,1.2356026911558034e-07,8.398421096833803e-09,8.398421026300325e-09
2242,"(2.0, 3.0, 6.0, 6.0, 9.0, 13.0)",119069999.9999999,11,-16.632304977743782,11.0,11.0,5.979732091512766e-08,9.238263206517183e-08,9.238262353062113e-08
2243,"(2.0, 3.0, 6.0, 6.0, 11.0, 13.0)",119069999.9999999,3,-16.26153044801959,4.0,6.0,8.663772886908864e-08,3.359368438733521e-08,5.039052545246718e-08
2244,"(2.0, 3.0, 6.0, 7.0, 8.0, 13.0)",238139999.9999998,1,-15.777626124182005,1.0,1.0,1.40560740596506e-07,4.199210548416901e-09,4.1992105307835325e-09
2245,"(2.0, 3.0, 6.0, 7.0, 9.0, 13.0)",238139999.9999998,33,-16.4130515446665,39.0,55.0,7.445644267175775e-08,1.6376921138825916e-07,2.3095655334257497e-07
2246,"(2.0, 3.0, 6.0, 7.0, 11.0, 13.0)",238139999.9999998,4,-16.04227701494231,4.0,4.0,1.0787669069502859e-07,1.6796842193667606e-08,1.67968419115337e-08
2247,"(2.0, 3.0, 6.0, 7.0, 12.0, 13.0)",190511999.99999988,2,-16.160345491925792,3.0,5.0,9.586302455429042e-08,1.5747039556563378e-08,2.6245065679636372e-08
2248,"(2.0, 3.0, 6.0, 7.0, 13.0, 13.0)",95255999.99999994,1,-16.037518372130435,2.0,4.0,1.0839126069015523e-07,2.09960527420845e-08,4.1992105043334775e-08
2249,"(2.0, 3.0, 6.0, 7.0, 13.0, 14.0)",190511999.99999988,1,-15.947175605754174,1.0,1.0,1.1863958871884712e-07,5.249013185521125e-09,5.249013157968986e-09
2250,"(2.0, 3.0, 6.0, 8.0, 8.0, 13.0)",105839999.99999996,4,-15.65651342146826,4.0,4.0,1.5865823374392872e-07,3.77928949357521e-08,3.779289350744919e-08
2251,"(2.0, 3.0, 6.0, 8.0, 9.0, 9.0)",115919999.99999996,1,-16.667472014488823,1.0,1.0,5.773097295410017e-08,8.626639061421674e-09,8.626638987002772e-09
2252,"(2.0, 3.0, 6.0, 8.0, 9.0, 11.0)",231839999.9999999,1,-16.296697484764636,2.0,4.0,8.364388747858879e-08,8.626639061421674e-09,1.7253278048424445e-08
2253,"(2.0, 3.0, 6.0, 8.0, 9.0, 13.0)",211679999.9999999,33,-16.291938841952756,38.0,50.0,8.404286741109284e-08,1.7951625094482246e-07,2.3620556112236623e-07
2254,"(2.0, 3.0, 6.0, 8.0, 11.0, 13.0)",211679999.9999999,7,-15.92116431222857,8.0,10.0,1.217660431723617e-07,3.77928949357521e-08,4.724111724138721e-08
2255,"(2.0, 3.0, 6.0, 8.0, 12.0, 13.0)",176399999.99999994,3,-16.03923278921205,3.0,3.0,1.0820559206353955e-07,1.700680272108844e-08,1.7006802431857102e-08
2256,"(2.0, 3.0, 6.0, 8.0, 13.0, 13.0)",88199999.99999997,2,-15.916405669416694,2.0,2.0,1.2234686514454222e-07,2.2675736961451256e-08,2.2675736447262208e-08
2257,"(2.0, 3.0, 6.0, 8.0, 13.0, 14.0)",176399999.99999994,2,-15.82606290304043,2.0,2.0,1.3391468711930133e-07,1.1337868480725628e-08,1.1337868352178366e-08
2258,"(2.0, 3.0, 6.0, 9.0, 9.0, 13.0)",105839999.99999996,24,-16.92736426243726,25.0,27.0,4.4518354931886904e-08,2.3620559334845058e-07,2.551019850232443e-07
2259,"(2.0, 3.0, 6.0, 9.0, 9.0, 14.0)",105839999.99999996,1,-16.837021496060995,1.0,1.0,4.872753841895707e-08,9.448223733938024e-09,9.448223644669093e-09
2260,"(2.0, 3.0, 6.0, 9.0, 11.0, 12.0)",211679999.9999999,2,-16.679416852508425,2.0,2.0,5.704548798724502e-08,9.448223733938024e-09,9.448223644669093e-09
2261,"(2.0, 3.0, 6.0, 9.0, 11.0, 13.0)",211679999.9999999,35,-16.556589732713068,37.0,41.0,6.450070179165715e-08,1.7479213907785344e-07,1.936885559934376e-07
2262,"(2.0, 3.0, 6.0, 9.0, 11.0, 14.0)",211679999.9999999,1,-16.466246966336804,1.0,1.0,7.059920406788161e-08,4.724111866969012e-09,4.724111844651779e-09
2263,"(2.0, 3.0, 6.0, 9.0, 12.0, 12.0)",88199999.99999997,1,-16.797485329491906,1.0,1.0,5.069262859659415e-08,1.1337868480725628e-08,1.1337868352178366e-08
2264,"(2.0, 3.0, 6.0, 9.0, 12.0, 13.0)",176399999.99999994,18,-16.67465820969655,20.0,24.0,5.7317594002793634e-08,1.1337868480725627e-07,1.3605440891398135e-07
2265,"(2.0, 3.0, 6.0, 9.0, 12.0, 14.0)",176399999.99999994,2,-16.584315443320286,2.0,2.0,6.273693778951439e-08,1.1337868480725628e-08,1.1337868352178366e-08
2266,"(2.0, 3.0, 6.0, 9.0, 13.0, 13.0)",88199999.99999997,16,-16.551831089901192,19.0,31.0,6.480836905131038e-08,2.1541950113378692e-07,3.51473876496933e-07
2267,"(2.0, 3.0, 6.0, 9.0, 13.0, 14.0)",176399999.99999994,28,-16.46148832352493,30.0,34.0,7.093596108053281e-08,1.7006802721088442e-07,1.927437352492018e-07
2268,"(2.0, 3.0, 6.0, 11.0, 11.0, 13.0)",105839999.99999996,8,-16.185815202988877,9.0,11.0,9.345225217736835e-08,8.503401360544221e-08,1.0393045384253479e-07
2269,"(2.0, 3.0, 6.0, 11.0, 12.0, 13.0)",176399999.99999994,1,-16.30388367997236,1.0,1.0,8.304496075485984e-08,5.668934240362814e-09,5.668934208225998e-09
2270,"(2.0, 3.0, 6.0, 11.0, 13.0, 13.0)",88199999.99999997,1,-16.181056560177,1.0,1.0,9.389801784405374e-08,1.1337868480725628e-08,1.1337868352178366e-08
2271,"(2.0, 3.0, 6.0, 11.0, 13.0, 14.0)",176399999.99999994,2,-16.090713793800738,2.0,2.0,1.0277601854247396e-07,1.1337868480725628e-08,1.1337868352178366e-08
2272,"(2.0, 3.0, 6.0, 12.0, 12.0, 13.0)",67031999.99999999,1,-16.42195215695584,2.0,4.0,7.379667526564278e-08,2.983649600190954e-08,5.967299111360258e-08
2273,"(2.0, 3.0, 6.0, 13.0, 13.0, 14.0)",67031999.99999999,1,-16.085955150988863,1.0,1.0,1.0326625841746276e-07,1.491824800095477e-08,1.4918247778400645e-08
2274,"(2.0, 3.0, 6.0, 13.0, 14.0, 14.0)",67031999.99999999,3,-15.9956123846126,3.0,3.0,1.1303002058628809e-07,4.4754744002864305e-08,4.4754741999877197e-08
2275,"(2.0, 3.0, 7.0, 7.0, 8.0, 13.0)",119069999.9999999,2,-15.558372691104722,2.0,2.0,1.7501875609072578e-07,1.6796842193667606e-08,1.67968419115337e-08
2276,"(2.0, 3.0, 7.0, 7.0, 9.0, 12.0)",119069999.9999999,1,-16.316625231384577,1.0,1.0,8.199355163396017e-08,8.398421096833803e-09,8.398421026300325e-09
2277,"(2.0, 3.0, 7.0, 7.0, 9.0, 13.0)",119069999.9999999,20,-16.19379811158922,22.0,26.0,9.270920118981912e-08,1.8476526413034366e-07,2.1835891437947604e-07
2278,"(2.0, 3.0, 7.0, 7.0, 9.0, 14.0)",119069999.9999999,2,-16.103455345212957,2.0,2.0,1.0147479999383388e-07,1.6796842193667606e-08,1.67968419115337e-08
2279,"(2.0, 3.0, 7.0, 7.0, 11.0, 13.0)",119069999.9999999,4,-15.82302358186503,4.0,4.0,1.3432231600732732e-07,3.359368438733521e-08,3.359368325879958e-08
2280,"(2.0, 3.0, 7.0, 7.0, 11.0, 14.0)",119069999.9999999,1,-15.732680815488768,1.0,1.0,1.4702240960575639e-07,8.398421096833803e-09,8.398421026300325e-09
2281,"(2.0, 3.0, 7.0, 7.0, 13.0, 13.0)",47627999.99999997,1,-15.818264939053154,1.0,1.0,1.349630311891518e-07,2.09960527420845e-08,2.099605230125027e-08
2282,"(2.0, 3.0, 7.0, 7.0, 13.0, 14.0)",95255999.99999994,1,-15.727922172676893,1.0,1.0,1.4772370401984086e-07,1.049802637104225e-08,1.0498026260833694e-08
2283,"(2.0, 3.0, 7.0, 8.0, 8.0, 13.0)",105839999.99999996,2,-15.437259988390975,2.0,2.0,1.9755279173667298e-07,1.889644746787605e-08,1.8896447110800323e-08
2284,"(2.0, 3.0, 7.0, 8.0, 9.0, 13.0)",211679999.9999999,46,-16.072685408875476,51.0,61.0,1.0464570725912117e-07,2.409297052154196e-07,2.8817076583798684e-07
2285,"(2.0, 3.0, 7.0, 8.0, 9.0, 14.0)",211679999.9999999,2,-15.982342642499214,4.0,10.0,1.1453989548017711e-07,1.889644746787605e-08,4.7241118312614394e-08
2286,"(2.0, 3.0, 7.0, 8.0, 11.0, 13.0)",211679999.9999999,4,-15.701910879151288,4.0,4.0,1.5161659877200494e-07,1.889644746787605e-08,1.8896447110800323e-08
2287,"(2.0, 3.0, 7.0, 8.0, 12.0, 13.0)",176399999.99999994,1,-15.81997935613477,1.0,1.0,1.3473184649321576e-07,5.668934240362814e-09,5.668934208225998e-09
2288,"(2.0, 3.0, 7.0, 8.0, 13.0, 13.0)",88199999.99999997,1,-15.697152236339411,1.0,1.0,1.5233980739092536e-07,1.1337868480725628e-08,1.1337868352178366e-08
2289,"(2.0, 3.0, 7.0, 8.0, 13.0, 14.0)",176399999.99999994,2,-15.60680946996315,2.0,2.0,1.6674344388365732e-07,1.1337868480725628e-08,1.1337868352178366e-08
2290,"(2.0, 3.0, 7.0, 9.0, 9.0, 12.0)",105839999.99999996,1,-16.830937949155334,1.0,1.0,4.9024878207768677e-08,9.448223733938024e-09,9.448223644669093e-09
2291,"(2.0, 3.0, 7.0, 9.0, 9.0, 13.0)",105839999.99999996,24,-16.708110829359974,26.0,30.0,5.543188709961851e-08,2.4565381708238863e-07,2.834466516723428e-07
2292,"(2.0, 3.0, 7.0, 9.0, 9.0, 14.0)",105839999.99999996,1,-16.617768062983714,1.0,1.0,6.067293844111185e-08,9.448223733938024e-09,9.448223644669093e-09
2293,"(2.0, 3.0, 7.0, 9.0, 11.0, 11.0)",115919999.99999996,1,-16.34209494244766,1.0,1.0,7.993157006928598e-08,8.626639061421674e-09,8.626638987002772e-09
2294,"(2.0, 3.0, 7.0, 9.0, 11.0, 12.0)",211679999.9999999,4,-16.46016341943114,4.0,4.0,7.103000671272971e-08,1.889644746787605e-08,1.8896447110800323e-08
2295,"(2.0, 3.0, 7.0, 9.0, 11.0, 13.0)",211679999.9999999,35,-16.337336299635787,42.0,56.0,8.031284231036041e-08,1.984126984126985e-07,2.6455022518266577e-07
2296,"(2.0, 3.0, 7.0, 9.0, 11.0, 14.0)",211679999.9999999,1,-16.246993533259523,2.0,4.0,8.790637289273836e-08,9.448223733938024e-09,1.8896447378607117e-08
2297,"(2.0, 3.0, 7.0, 9.0, 12.0, 12.0)",88199999.99999997,1,-16.578231896414625,1.0,1.0,6.311976418375235e-08,1.1337868480725628e-08,1.1337868352178366e-08
2298,"(2.0, 3.0, 7.0, 9.0, 12.0, 13.0)",176399999.99999994,15,-16.455404776619268,17.0,23.0,7.13688186467305e-08,9.637188208616783e-08,1.3038547824080506e-07
2299,"(2.0, 3.0, 7.0, 9.0, 12.0, 14.0)",176399999.99999994,1,-16.365062010243005,1.0,1.0,7.81166972105081e-08,5.668934240362814e-09,5.668934208225998e-09
2300,"(2.0, 3.0, 7.0, 9.0, 13.0, 13.0)",88199999.99999997,17,-16.332577656823908,21.0,29.0,8.069593321359466e-08,2.3809523809523817e-07,3.287981292517008e-07
2301,"(2.0, 3.0, 7.0, 9.0, 13.0, 14.0)",176399999.99999994,23,-16.242234890447648,24.0,26.0,8.832568480877493e-08,1.3605442176870752e-07,1.4739227173862745e-07
2302,"(2.0, 3.0, 7.0, 11.0, 11.0, 13.0)",105839999.99999996,3,-15.966561769911596,3.0,3.0,1.1636177257283438e-07,2.834467120181407e-08,2.8344670398393686e-08
2303,"(2.0, 3.0, 7.0, 11.0, 12.0, 13.0)",176399999.99999994,1,-16.084630246895077,1.0,1.0,1.0340316698132118e-07,5.668934240362814e-09,5.668934208225998e-09
2304,"(2.0, 3.0, 7.0, 11.0, 13.0, 13.0)",88199999.99999997,4,-15.96180312709972,4.0,4.0,1.1691681626540559e-07,4.535147392290251e-08,4.5351471866146327e-08
2305,"(2.0, 3.0, 7.0, 11.0, 13.0, 14.0)",176399999.99999994,6,-15.871460360723455,8.0,12.0,1.2797123040847358e-07,4.535147392290251e-08,6.802720882759757e-08
2306,"(2.0, 3.0, 7.0, 12.0, 12.0, 13.0)",67031999.99999999,1,-16.20269872387856,1.0,1.0,9.188769391661173e-08,1.491824800095477e-08,1.4918247778400645e-08
2307,"(2.0, 3.0, 7.0, 12.0, 13.0, 13.0)",67031999.99999999,1,-16.079871604083202,1.0,1.0,1.0389639834378556e-07,1.491824800095477e-08,1.4918247778400645e-08
2308,"(2.0, 3.0, 7.0, 12.0, 13.0, 14.0)",134063999.99999996,1,-15.989528837706938,1.0,1.0,1.1371973986087047e-07,7.459124000477386e-09,7.459123944838856e-09
2309,"(2.0, 3.0, 7.0, 13.0, 14.0, 14.0)",67031999.99999999,1,-15.776358951535318,2.0,4.0,1.4073896822092445e-07,2.983649600190954e-08,5.967299111360258e-08
2310,"(2.0, 3.0, 8.0, 8.0, 8.0, 13.0)",28979999.99999999,1,-15.316147285677236,2.0,4.0,2.2298813221322542e-07,6.901311249137339e-08,1.3802622021993708e-07
2311,"(2.0, 3.0, 8.0, 8.0, 9.0, 9.0)",45539999.99999999,1,-16.3271058786978,1.0,1.0,8.11386936946764e-08,2.1958717610891528e-08,2.195871712870625e-08
2312,"(2.0, 3.0, 8.0, 8.0, 9.0, 13.0)",86939999.99999997,24,-15.951572706161734,28.0,38.0,1.1811906377383611e-07,3.2206119162640913e-07,4.37082942055287e-07
2313,"(2.0, 3.0, 8.0, 8.0, 11.0, 13.0)",86939999.99999997,5,-15.580798176437543,7.0,11.0,1.711375570827504e-07,8.051529790660228e-08,1.265240330848047e-07
2314,"(2.0, 3.0, 8.0, 8.0, 12.0, 13.0)",75599999.99999997,2,-15.698866653421025,2.0,2.0,1.5207885717559393e-07,2.6455026455026466e-08,2.6455025755158042e-08
2315,"(2.0, 3.0, 8.0, 8.0, 13.0, 13.0)",37799999.99999999,1,-15.576039533625668,1.0,1.0,1.7195388034356503e-07,2.645502645502646e-08,2.6455025755158035e-08
2316,"(2.0, 3.0, 8.0, 8.0, 13.0, 14.0)",75599999.99999997,4,-15.485696767249404,4.0,4.0,1.8821201555065352e-07,5.291005291005293e-08,5.2910050110579236e-08
2317,"(2.0, 3.0, 8.0, 9.0, 9.0, 12.0)",86939999.99999997,3,-16.70982524644159,3.0,3.0,5.533693514239456e-08,3.4506556245686694e-08,3.450655505498427e-08
2318,"(2.0, 3.0, 8.0, 9.0, 9.0, 13.0)",86939999.99999997,30,-16.586998126646233,30.0,30.0,6.256886000312468e-08,3.450655624568669e-07,3.4506544338662453e-07
2319,"(2.0, 3.0, 8.0, 9.0, 11.0, 12.0)",173879999.99999994,1,-16.3390507167174,1.0,1.0,8.017527056300376e-08,5.7510927076144485e-09,5.751092674539381e-09
2320,"(2.0, 3.0, 8.0, 9.0, 11.0, 13.0)",173879999.99999994,32,-16.216223596922042,37.0,53.0,9.065329091068543e-08,2.127904301817346e-07,3.0480786822379863e-07
2321,"(2.0, 3.0, 8.0, 9.0, 11.0, 14.0)",173879999.99999994,1,-16.12588083054578,2.0,4.0,9.922450464339493e-08,1.1502185415228897e-08,2.3004370698157524e-08
2322,"(2.0, 3.0, 8.0, 9.0, 12.0, 13.0)",151199999.99999994,23,-16.334292073905523,26.0,32.0,8.055770525132316e-08,1.7195767195767203e-07,2.1164018207077077e-07
2323,"(2.0, 3.0, 8.0, 9.0, 13.0, 13.0)",75599999.99999997,21,-16.211464954110166,22.0,24.0,9.108570557933707e-08,2.910052910052911e-07,3.174602327762382e-07
2324,"(2.0, 3.0, 8.0, 9.0, 13.0, 14.0)",151199999.99999994,27,-16.121122187733903,29.0,33.0,9.96978038569863e-08,1.9179894179894186e-07,2.1825393146713425e-07
2325,"(2.0, 3.0, 8.0, 9.0, 14.0, 14.0)",75599999.99999997,3,-16.030779421357643,3.0,3.0,1.0912417080909019e-07,3.96825396825397e-08,3.968253810783574e-08
2326,"(2.0, 3.0, 8.0, 11.0, 11.0, 13.0)",86939999.99999997,2,-15.845449067197851,3.0,5.0,1.3134359731864946e-07,3.4506556245686694e-08,5.7510925885442064e-08
2327,"(2.0, 3.0, 8.0, 11.0, 12.0, 13.0)",151199999.99999994,3,-15.963517544181332,3.0,3.0,1.1671654380279179e-07,1.984126984126985e-08,1.984126944759386e-08
2328,"(2.0, 3.0, 8.0, 11.0, 13.0, 13.0)",75599999.99999997,6,-15.840690424385976,6.0,6.0,1.3197010406256915e-07,7.93650793650794e-08,7.936507306626357e-08
2329,"(2.0, 3.0, 8.0, 12.0, 12.0, 13.0)",59849999.99999998,3,-16.081586021164817,3.0,3.0,1.0371842918402139e-07,5.012531328320804e-08,5.012531077066101e-08
2330,"(2.0, 3.0, 8.0, 12.0, 13.0, 13.0)",59849999.99999998,2,-15.95875890136946,2.0,2.0,1.1727327974814578e-07,3.3416875522138694e-08,3.341687440545113e-08
2331,"(2.0, 3.0, 8.0, 13.0, 13.0, 14.0)",59849999.99999998,1,-15.745589015197838,1.0,1.0,1.4513681100423478e-07,1.6708437761069347e-08,1.6708437481897455e-08
2332,"(2.0, 3.0, 8.0, 13.0, 14.0, 14.0)",59849999.99999998,1,-15.655246248821577,1.0,1.0,1.5885940855258813e-07,1.6708437761069347e-08,1.6708437481897455e-08
2333,"(2.0, 3.0, 9.0, 9.0, 9.0, 13.0)",28979999.99999999,5,-17.22242354713073,6.0,8.0,3.314335651683159e-08,2.0703933747412016e-07,2.760524071002063e-07
2334,"(2.0, 3.0, 9.0, 9.0, 11.0, 13.0)",86939999.99999997,35,-16.85164901740654,38.0,44.0,4.8019962964433875e-08,4.370830457786981e-07,5.060959672284826e-07
2335,"(2.0, 3.0, 9.0, 9.0, 11.0, 14.0)",86939999.99999997,1,-16.761306251030277,1.0,1.0,5.2560221369508974e-08,1.1502185415228897e-08,1.1502185282928627e-08
2336,"(2.0, 3.0, 9.0, 9.0, 12.0, 13.0)",75599999.99999997,13,-16.96971749439002,14.0,16.0,4.267222936759759e-08,1.8518518518518526e-07,2.1164017734665892e-07
2337,"(2.0, 3.0, 9.0, 9.0, 13.0, 13.0)",37799999.99999999,23,-16.846890374594665,24.0,26.0,4.824901737785156e-08,6.349206349206351e-07,6.878302847064754e-07
2338,"(2.0, 3.0, 9.0, 9.0, 13.0, 14.0)",75599999.99999997,22,-16.7565476082184,22.0,22.0,5.281093273894116e-08,2.910052910052911e-07,2.910052063212117e-07
2339,"(2.0, 3.0, 9.0, 11.0, 11.0, 13.0)",86939999.99999997,15,-16.48087448768235,17.0,21.0,6.957402886863796e-08,1.9553715205889124e-07,2.4154585548502905e-07
2340,"(2.0, 3.0, 9.0, 11.0, 12.0, 12.0)",75599999.99999997,1,-16.72177008446119,1.0,1.0,5.467987645775905e-08,1.3227513227513233e-08,1.3227513052546127e-08
2341,"(2.0, 3.0, 9.0, 11.0, 12.0, 13.0)",151199999.99999994,23,-16.59894296466583,27.0,35.0,6.182593102183949e-08,1.7857142857142863e-07,2.3148144959372647e-07
2342,"(2.0, 3.0, 9.0, 11.0, 12.0, 14.0)",151199999.99999994,1,-16.50860019828957,1.0,1.0,6.7671535342305e-08,6.6137566137566165e-09,6.61375657001484e-09
2343,"(2.0, 3.0, 9.0, 11.0, 13.0, 13.0)",75599999.99999997,24,-16.476115844870474,26.0,30.0,6.990589581287975e-08,3.4391534391534406e-07,3.9682527854763323e-07
2344,"(2.0, 3.0, 9.0, 11.0, 13.0, 14.0)",151199999.99999994,31,-16.38577307849421,32.0,34.0,7.651545590903825e-08,2.1164021164021173e-07,2.2486768007614578e-07
2345,"(2.0, 3.0, 9.0, 11.0, 14.0, 14.0)",75599999.99999997,1,-16.29543031211795,2.0,4.0,8.374994590784256e-08,2.6455026455026466e-08,5.291005221018451e-08
2346,"(2.0, 3.0, 9.0, 12.0, 12.0, 13.0)",59849999.99999998,10,-16.717011441649316,11.0,13.0,5.494069854621129e-08,1.8379281537176281e-07,2.172096571141025e-07
2347,"(2.0, 3.0, 9.0, 12.0, 13.0, 13.0)",59849999.99999998,11,-16.59418432185396,14.0,20.0,6.212083967003415e-08,2.3391812865497085e-07,3.34168700503696e-07
2348,"(2.0, 3.0, 9.0, 12.0, 13.0, 14.0)",119699999.99999996,12,-16.503841555477695,15.0,23.0,6.799432742451435e-08,1.253132832080201e-07,1.9214701854887853e-07
2349,"(2.0, 3.0, 9.0, 13.0, 13.0, 13.0)",19950000.0,14,-16.4713572020586,15.0,17.0,7.023934575684818e-08,7.518796992481203e-07,8.521297604914543e-07
2350,"(2.0, 3.0, 9.0, 13.0, 13.0, 14.0)",59849999.99999998,12,-16.38101443568234,13.0,15.0,7.688043334318578e-08,2.172096908939015e-07,2.5062651923599035e-07
2351,"(2.0, 3.0, 9.0, 13.0, 14.0, 14.0)",59849999.99999998,9,-16.290671669306075,11.0,17.0,8.414943173726503e-08,1.8379281537176281e-07,2.840434081583799e-07
2352,"(2.0, 3.0, 11.0, 11.0, 12.0, 13.0)",75599999.99999997,3,-16.228168434941644,3.0,3.0,8.957689352925507e-08,3.96825396825397e-08,3.968253810783574e-08
2353,"(2.0, 3.0, 11.0, 11.0, 13.0, 13.0)",37799999.99999999,4,-16.105341315146283,4.0,4.0,1.0128360192563161e-07,1.0582010582010584e-07,1.0582009462221104e-07
2354,"(2.0, 3.0, 11.0, 11.0, 13.0, 14.0)",75599999.99999997,1,-16.014998548770023,1.0,1.0,1.1085990512435966e-07,1.3227513227513233e-08,1.3227513052546127e-08
2355,"(2.0, 3.0, 11.0, 13.0, 13.0, 14.0)",59849999.99999998,3,-16.010239905958148,3.0,3.0,1.113887050019982e-07,5.012531328320804e-08,5.012531077066101e-08
2356,"(2.0, 3.0, 11.0, 13.0, 14.0, 14.0)",59849999.99999998,1,-15.919897139581884,1.0,1.0,1.2192043957435359e-07,1.6708437761069347e-08,1.6708437481897455e-08
2357,"(2.0, 3.0, 13.0, 13.0, 13.0, 14.0)",14363999.999999998,2,-16.005481263146272,2.0,2.0,1.1192002724613415e-07,1.392369813422445e-07,1.3923696195530754e-07
2358,"(2.0, 3.0, 13.0, 13.0, 14.0, 14.0)",21546000.0,1,-15.915138496770007,1.0,1.0,1.225019980147677e-07,4.64123271140815e-08,4.6412324959977395e-08
2359,"(2.0, 4.0, 4.0, 4.0, 11.0, 13.0)",42997499.99999999,1,-16.53349871998605,1.0,1.0,6.600741716238357e-08,2.3257166114308977e-08,2.3257165573413202e-08
2360,"(2.0, 4.0, 4.0, 6.0, 9.0, 13.0)",128992499.99999996,4,-16.887593020608175,4.0,4.0,4.632458512288536e-08,3.100955481907864e-08,3.1009553857486145e-08
2361,"(2.0, 4.0, 4.0, 6.0, 13.0, 13.0)",51596999.99999999,1,-16.51205984807211,1.0,1.0,6.743782004941999e-08,1.9380971761924146e-08,1.938097138630208e-08
2362,"(2.0, 4.0, 4.0, 7.0, 9.0, 13.0)",128992499.99999996,1,-16.668339587530895,1.0,1.0,5.768090883855132e-08,7.75238870476966e-09,7.752388644670129e-09
2363,"(2.0, 4.0, 4.0, 8.0, 9.0, 13.0)",119069999.9999999,5,-16.54722688481715,7.0,13.0,6.510744805578097e-08,5.878894767783662e-08,1.0917947080269907e-07
2364,"(2.0, 4.0, 4.0, 9.0, 9.0, 13.0)",59534999.99999995,5,-17.182652305301648,5.0,5.0,3.44880722248428e-08,8.398421096833803e-08,8.398420391499034e-08
2365,"(2.0, 4.0, 4.0, 9.0, 11.0, 13.0)",119069999.9999999,4,-16.811877775577457,4.0,4.0,4.996826287375652e-08,3.359368438733521e-08,3.359368325879958e-08
2366,"(2.0, 4.0, 4.0, 9.0, 12.0, 13.0)",99224999.99999993,4,-16.929946252560942,4.0,4.0,4.440355724615207e-08,4.031242126480225e-08,4.031241963971094e-08
2367,"(2.0, 4.0, 4.0, 9.0, 12.0, 14.0)",99224999.99999993,1,-16.83960348618468,1.0,1.0,4.860188668158694e-08,1.0078105316200562e-08,1.0078105214632355e-08
2368,"(2.0, 4.0, 4.0, 9.0, 13.0, 13.0)",49612499.99999996,1,-16.807119132765585,1.0,1.0,5.020661064488073e-08,2.0156210632401124e-08,2.0156210226128296e-08
2369,"(2.0, 4.0, 4.0, 9.0, 13.0, 14.0)",99224999.99999993,3,-16.716776366389322,3.0,3.0,5.4953615263347126e-08,3.023431594860168e-08,3.023431503448782e-08
2370,"(2.0, 4.0, 4.0, 11.0, 11.0, 13.0)",59534999.99999995,1,-16.44110324585327,1.0,1.0,7.239683558834247e-08,1.6796842193667606e-08,1.67968419115337e-08
2371,"(2.0, 4.0, 6.0, 6.0, 9.0, 13.0)",128992499.99999996,4,-16.87091279150611,4.0,4.0,4.710377024297585e-08,3.100955481907864e-08,3.1009553857486145e-08
2372,"(2.0, 4.0, 6.0, 6.0, 13.0, 14.0)",103194000.0,1,-16.405036852593785,1.0,1.0,7.505558589966658e-08,9.690485880962071e-09,9.690485787056554e-09
2373,"(2.0, 4.0, 6.0, 7.0, 8.0, 13.0)",257984999.9999999,1,-16.01623393794433,1.0,1.0,1.1072303455931885e-07,3.87619435238483e-09,3.876194337359947e-09
2374,"(2.0, 4.0, 6.0, 7.0, 9.0, 13.0)",257984999.9999999,5,-16.65165935842883,6.0,8.0,5.86511086959504e-08,2.325716611430898e-08,3.100955427818286e-08
2375,"(2.0, 4.0, 6.0, 7.0, 11.0, 13.0)",257984999.9999999,1,-16.28088482870464,1.0,1.0,8.497703200254403e-08,3.87619435238483e-09,3.876194337359947e-09
2376,"(2.0, 4.0, 6.0, 7.0, 13.0, 13.0)",103194000.0,1,-16.276126185892764,1.0,1.0,8.538237101194173e-08,9.690485880962071e-09,9.690485787056554e-09
2377,"(2.0, 4.0, 6.0, 8.0, 8.0, 13.0)",119069999.9999999,1,-15.895121235230588,1.0,1.0,1.2497885983951732e-07,8.398421096833803e-09,8.398421026300325e-09
2378,"(2.0, 4.0, 6.0, 8.0, 9.0, 13.0)",238139999.9999998,5,-16.530546655715085,6.0,8.0,6.620256320031071e-08,2.5195263290501407e-08,3.359368375253392e-08
2379,"(2.0, 4.0, 6.0, 8.0, 11.0, 13.0)",238139999.9999998,1,-16.159772125990898,1.0,1.0,9.591800490741032e-08,4.199210548416901e-09,4.1992105307835325e-09
2380,"(2.0, 4.0, 6.0, 8.0, 13.0, 14.0)",198449999.99999985,1,-16.06467071680276,1.0,1.0,1.0548778035023614e-07,5.039052658100281e-09,5.039052632708229e-09
2381,"(2.0, 4.0, 6.0, 9.0, 9.0, 11.0)",130409999.99999993,1,-17.17073071901146,1.0,1.0,3.49016853172479e-08,7.6681236101526e-09,7.668123551352482e-09
2382,"(2.0, 4.0, 6.0, 9.0, 9.0, 13.0)",119069999.9999999,10,-17.165972076199587,12.0,16.0,3.5068165767546154e-08,1.0078105316200563e-07,1.3437472739252018e-07
2383,"(2.0, 4.0, 6.0, 9.0, 11.0, 13.0)",238139999.9999998,6,-16.795197546475396,7.0,9.0,5.080873509395473e-08,2.939447383891831e-08,3.7792894071717015e-08
2384,"(2.0, 4.0, 6.0, 9.0, 11.0, 14.0)",238139999.9999998,2,-16.704854780099133,3.0,5.0,5.561267021427999e-08,1.2597631645250703e-08,2.0996052583384183e-08
2385,"(2.0, 4.0, 6.0, 9.0, 12.0, 12.0)",99224999.99999993,1,-17.036093143254234,1.0,1.0,3.993178781062086e-08,1.0078105316200562e-08,1.0078105214632355e-08
2386,"(2.0, 4.0, 6.0, 9.0, 12.0, 13.0)",198449999.99999985,4,-16.913266023458878,4.0,4.0,4.515043044519979e-08,2.0156210632401124e-08,2.0156210226128296e-08
2387,"(2.0, 4.0, 6.0, 9.0, 13.0, 13.0)",99224999.99999993,1,-16.79043890366352,1.0,1.0,5.105109190339375e-08,1.0078105316200562e-08,1.0078105214632355e-08
2388,"(2.0, 4.0, 6.0, 9.0, 13.0, 14.0)",198449999.99999985,4,-16.700096137287257,4.0,4.0,5.5877941713218e-08,2.0156210632401124e-08,2.0156210226128296e-08
2389,"(2.0, 4.0, 7.0, 7.0, 9.0, 13.0)",128992499.99999996,3,-16.43240592535155,3.0,3.0,7.302924019711898e-08,2.325716611430898e-08,2.3257165573413205e-08
2390,"(2.0, 4.0, 7.0, 7.0, 13.0, 14.0)",103194000.0,1,-15.96652998643922,1.0,1.0,1.1636547101279296e-07,9.690485880962071e-09,9.690485787056554e-09
2391,"(2.0, 4.0, 7.0, 8.0, 9.0, 13.0)",238139999.9999998,12,-16.311293222637804,13.0,15.0,8.243190959413622e-08,5.458973712941972e-08,6.298815524621412e-08
2392,"(2.0, 4.0, 7.0, 8.0, 11.0, 13.0)",238139999.9999998,2,-15.940518692913615,2.0,2.0,1.1943199668952497e-07,8.398421096833803e-09,8.398421026300325e-09
2393,"(2.0, 4.0, 7.0, 8.0, 13.0, 14.0)",198449999.99999985,2,-15.845417283725478,2.0,2.0,1.3134777194058785e-07,1.0078105316200562e-08,1.0078105214632355e-08
2394,"(2.0, 4.0, 7.0, 9.0, 9.0, 12.0)",119069999.9999999,1,-17.069545762917663,1.0,1.0,3.861806120990295e-08,8.398421096833803e-09,8.398421026300325e-09
2395,"(2.0, 4.0, 7.0, 9.0, 9.0, 13.0)",119069999.9999999,6,-16.946718643122303,7.0,9.0,4.366501432030642e-08,5.878894767783662e-08,7.558578641536385e-08
2396,"(2.0, 4.0, 7.0, 9.0, 11.0, 13.0)",238139999.9999998,5,-16.575944113398116,5.0,5.0,6.326433381717818e-08,2.0996052742084508e-08,2.0996052301250277e-08
2397,"(2.0, 4.0, 7.0, 9.0, 12.0, 13.0)",198449999.99999985,7,-16.694012590381597,9.0,13.0,5.621891390117017e-08,4.535147392290253e-08,6.550768249854746e-08
2398,"(2.0, 4.0, 7.0, 9.0, 13.0, 13.0)",99224999.99999993,3,-16.571185470586236,3.0,3.0,6.356610362244641e-08,3.023431594860168e-08,3.023431503448782e-08
2399,"(2.0, 4.0, 7.0, 9.0, 13.0, 14.0)",198449999.99999985,6,-16.480842704209977,6.0,6.0,6.957624020800422e-08,3.023431594860168e-08,3.023431503448782e-08
2400,"(2.0, 4.0, 7.0, 13.0, 13.0, 14.0)",75410999.99999996,1,-16.10530953167391,1.0,1.0,1.012868211213536e-07,1.326066488973758e-08,1.3260664713892347e-08
2401,"(2.0, 4.0, 7.0, 13.0, 14.0, 14.0)",75410999.99999996,1,-16.014966765297647,2.0,4.0,1.1086342869308718e-07,2.652132977947516e-08,5.304265885556939e-08
2402,"(2.0, 4.0, 8.0, 8.0, 9.0, 13.0)",101429999.99999996,7,-16.190180519924063,8.0,10.0,9.304519259675782e-08,7.887212856156959e-08,9.859015448114931e-08
2403,"(2.0, 4.0, 8.0, 8.0, 9.0, 14.0)",101429999.99999996,1,-16.0998377535478,1.0,1.0,1.0184255918473602e-07,9.859016070196199e-09,9.859015972996002e-09
2404,"(2.0, 4.0, 8.0, 8.0, 12.0, 13.0)",88199999.99999996,1,-15.937474467183351,1.0,1.0,1.1979612861554296e-07,1.133786848072563e-08,1.1337868352178367e-08
2405,"(2.0, 4.0, 8.0, 9.0, 9.0, 13.0)",101429999.99999996,9,-16.82560594040856,10.0,12.0,4.9286977423875026e-08,9.859016070196198e-08,1.183081831223346e-07
2406,"(2.0, 4.0, 8.0, 9.0, 11.0, 12.0)",202859999.9999999,1,-16.577658530479727,1.0,1.0,6.315596528360106e-08,4.929508035098099e-09,4.92950801079805e-09
2407,"(2.0, 4.0, 8.0, 9.0, 11.0, 13.0)",202859999.9999999,7,-16.45483141068437,9.0,15.0,7.140975082959469e-08,4.4365572315882896e-08,7.394261855816748e-08
2408,"(2.0, 4.0, 8.0, 9.0, 12.0, 13.0)",176399999.9999999,8,-16.57289988766785,8.0,8.0,6.345721817279168e-08,4.535147392290252e-08,4.535147186614633e-08
2409,"(2.0, 4.0, 8.0, 9.0, 13.0, 13.0)",88199999.99999996,5,-16.450072767872495,6.0,8.0,7.175037413662828e-08,6.802721088435377e-08,9.070294321810362e-08
2410,"(2.0, 4.0, 8.0, 9.0, 13.0, 14.0)",176399999.9999999,5,-16.35973000149623,6.0,8.0,7.853432854080782e-08,3.4013605442176887e-08,4.535147276597716e-08
2411,"(2.0, 4.0, 8.0, 11.0, 11.0, 13.0)",101429999.99999996,1,-16.08405688096018,1.0,1.0,1.034624718348955e-07,9.859016070196199e-09,9.859015972996002e-09
2412,"(2.0, 4.0, 9.0, 9.0, 9.0, 13.0)",33809999.999999985,3,-17.46103136089306,4.0,6.0,2.610780928907672e-08,1.1830819284235439e-07,1.774622752667031e-07
2413,"(2.0, 4.0, 9.0, 9.0, 11.0, 13.0)",101429999.99999996,3,-17.09025683116887,3.0,3.0,3.782646559974357e-08,2.9577048210588596e-08,2.9577047335786815e-08
2414,"(2.0, 4.0, 9.0, 9.0, 12.0, 13.0)",88199999.99999996,3,-17.20832530815235,3.0,3.0,3.3613928803596015e-08,3.4013605442176887e-08,3.401360428525153e-08
2415,"(2.0, 4.0, 9.0, 9.0, 13.0, 13.0)",44099999.99999998,2,-17.085498188356993,2.0,2.0,3.800689720265902e-08,4.535147392290252e-08,4.535147186614633e-08
2416,"(2.0, 4.0, 9.0, 9.0, 13.0, 14.0)",88199999.99999996,5,-16.99515542198073,5.0,5.0,4.160042630644041e-08,5.668934240362815e-08,5.668933918994661e-08
2417,"(2.0, 4.0, 9.0, 11.0, 11.0, 13.0)",101429999.99999996,2,-16.71948230144468,2.0,2.0,5.48051153555513e-08,1.9718032140392398e-08,1.9718031751591606e-08
2418,"(2.0, 4.0, 9.0, 11.0, 12.0, 13.0)",176399999.9999999,4,-16.83755077842816,4.0,4.0,4.87017546161346e-08,2.267573696145126e-08,2.267573644726221e-08
2419,"(2.0, 4.0, 9.0, 11.0, 13.0, 13.0)",88199999.99999996,8,-16.714723658632803,9.0,11.0,5.5066534831433694e-08,1.0204081632653066e-07,1.2471654287565374e-07
2420,"(2.0, 4.0, 9.0, 11.0, 13.0, 14.0)",176399999.9999999,4,-16.62438089225654,4.0,4.0,6.027304233732145e-08,2.267573696145126e-08,2.267573644726221e-08
2421,"(2.0, 4.0, 9.0, 12.0, 13.0, 13.0)",69824999.99999997,1,-16.832792135616288,1.0,1.0,4.8934061164231367e-08,1.4321518080916584e-08,1.4321517875810704e-08
2422,"(2.0, 4.0, 9.0, 12.0, 13.0, 14.0)",139649999.99999994,1,-16.742449369240024,1.0,1.0,5.3560747000284875e-08,7.160759040458292e-09,7.1607589891818214e-09
2423,"(2.0, 4.0, 9.0, 13.0, 13.0, 13.0)",23274999.99999999,1,-16.709965015820927,1.0,1.0,5.532920127380684e-08,4.2964554242749754e-08,4.296455239679683e-08
2424,"(2.0, 4.0, 9.0, 13.0, 13.0, 14.0)",69824999.99999997,2,-16.619622249444667,2.0,2.0,6.056054373268258e-08,2.8643036161833167e-08,2.8643035341409648e-08
2425,"(2.0, 4.0, 9.0, 13.0, 14.0, 14.0)",69824999.99999997,2,-16.529279483068404,2.0,2.0,6.628650645160181e-08,2.8643036161833167e-08,2.8643035341409648e-08
2426,"(2.0, 4.0, 11.0, 11.0, 12.0, 13.0)",88199999.99999996,1,-16.466776248703972,1.0,1.0,7.056184704111226e-08,1.133786848072563e-08,1.1337868352178367e-08
2427,"(2.0, 6.0, 6.0, 6.0, 8.0, 13.0)",42997499.99999999,1,-16.21880714191955,1.0,1.0,9.041938633604584e-08,2.3257166114308977e-08,2.3257165573413202e-08
2428,"(2.0, 6.0, 6.0, 6.0, 9.0, 13.0)",42997499.99999999,1,-16.85423256240405,1.0,1.0,4.789606135095057e-08,2.3257166114308977e-08,2.3257165573413202e-08
2429,"(2.0, 6.0, 6.0, 7.0, 9.0, 13.0)",128992499.99999996,3,-16.634979129326766,3.0,3.0,5.963762743219953e-08,2.325716611430898e-08,2.3257165573413205e-08
2430,"(2.0, 6.0, 6.0, 8.0, 9.0, 13.0)",119069999.9999999,1,-16.513866426613024,2.0,4.0,6.731609831391581e-08,1.6796842193667606e-08,3.35936841052013e-08
2431,"(2.0, 6.0, 6.0, 9.0, 9.0, 13.0)",59534999.99999995,2,-17.149291847097523,2.0,2.0,3.5658016553742184e-08,3.359368438733521e-08,3.359368325879958e-08
2432,"(2.0, 6.0, 6.0, 9.0, 11.0, 13.0)",119069999.9999999,8,-16.778517317373332,9.0,11.0,5.166334415846788e-08,7.558578987150422e-08,9.23826263519602e-08
2433,"(2.0, 6.0, 6.0, 9.0, 12.0, 13.0)",99224999.99999993,2,-16.896585794356813,2.0,2.0,4.590986614171508e-08,2.0156210632401124e-08,2.0156210226128296e-08
2434,"(2.0, 6.0, 6.0, 9.0, 13.0, 13.0)",49612499.99999996,3,-16.773758674561456,3.0,3.0,5.1909777438730474e-08,6.046863189720337e-08,6.046862824074792e-08
2435,"(2.0, 6.0, 6.0, 9.0, 13.0, 14.0)",99224999.99999993,3,-16.683415908185196,3.0,3.0,5.681781544568029e-08,3.023431594860168e-08,3.023431503448782e-08
2436,"(2.0, 6.0, 6.0, 13.0, 14.0, 14.0)",37705499.99999998,1,-16.217539969272867,1.0,1.0,9.053403593421695e-08,2.652132977947516e-08,2.6521329076094226e-08
2437,"(2.0, 6.0, 7.0, 7.0, 8.0, 13.0)",128992499.99999996,1,-15.780300275764986,1.0,1.0,1.4018536200286204e-07,7.75238870476966e-09,7.752388644670129e-09
2438,"(2.0, 6.0, 7.0, 7.0, 9.0, 12.0)",128992499.99999996,2,-16.53855281604484,2.0,2.0,6.567465095997304e-08,1.550477740953932e-08,1.5504777169141197e-08
2439,"(2.0, 6.0, 7.0, 7.0, 9.0, 13.0)",128992499.99999996,3,-16.415725696249485,4.0,6.0,7.425760084281416e-08,3.100955481907864e-08,4.651433126702547e-08
2440,"(2.0, 6.0, 7.0, 8.0, 9.0, 13.0)",238139999.9999998,10,-16.294612993535743,10.0,10.0,8.381842427540102e-08,4.1992105484169016e-08,4.199210372083209e-08
2441,"(2.0, 6.0, 7.0, 8.0, 11.0, 13.0)",238139999.9999998,1,-15.923838463811553,1.0,1.0,1.2144085730719277e-07,4.199210548416901e-09,4.1992105307835325e-09
2442,"(2.0, 6.0, 7.0, 9.0, 9.0, 13.0)",119069999.9999999,11,-16.93003841402024,12.0,14.0,4.4399465138088544e-08,1.0078105316200563e-07,1.1757788519885255e-07
2443,"(2.0, 6.0, 7.0, 9.0, 11.0, 12.0)",238139999.9999998,1,-16.682091004091408,2.0,4.0,5.689314349216393e-08,8.398421096833803e-09,1.679684212313413e-08
2444,"(2.0, 6.0, 7.0, 9.0, 11.0, 13.0)",238139999.9999998,14,-16.55926388429605,15.0,17.0,6.432844755747436e-08,6.298815822625352e-08,7.138657535557924e-08
2445,"(2.0, 6.0, 7.0, 9.0, 11.0, 14.0)",238139999.9999998,1,-16.468921117919788,1.0,1.0,7.04106633002182e-08,4.199210548416901e-09,4.1992105307835325e-09
2446,"(2.0, 6.0, 7.0, 9.0, 12.0, 13.0)",198449999.99999985,6,-16.677332361279532,6.0,6.0,5.71645228270405e-08,3.023431594860168e-08,3.023431503448782e-08
2447,"(2.0, 6.0, 7.0, 9.0, 13.0, 13.0)",99224999.99999993,8,-16.554505241484176,8.0,8.0,6.463529316733585e-08,8.06248425296045e-08,8.062483602923927e-08
2448,"(2.0, 6.0, 7.0, 9.0, 13.0, 14.0)",198449999.99999985,6,-16.464162475107912,6.0,6.0,7.074652097658765e-08,3.023431594860168e-08,3.023431503448782e-08
2449,"(2.0, 6.0, 7.0, 9.0, 14.0, 14.0)",99224999.99999993,1,-16.37381970873165,1.0,1.0,7.743556167267642e-08,1.0078105316200562e-08,1.0078105214632355e-08
2450,"(2.0, 6.0, 8.0, 8.0, 9.0, 12.0)",101429999.99999996,1,-16.296327410617355,1.0,1.0,8.367484764734833e-08,9.859016070196199e-09,9.859015972996002e-09
2451,"(2.0, 6.0, 8.0, 8.0, 9.0, 13.0)",101429999.99999996,3,-16.173500290822,4.0,6.0,9.461022398074168e-08,3.9436064280784795e-08,5.9154094865974025e-08
2452,"(2.0, 6.0, 8.0, 9.0, 9.0, 13.0)",101429999.99999996,9,-16.808925711306497,10.0,12.0,5.0115990340473106e-08,9.859016070196198e-08,1.183081831223346e-07
2453,"(2.0, 6.0, 8.0, 9.0, 11.0, 13.0)",202859999.9999999,7,-16.438151181582306,10.0,18.0,7.261087146841293e-08,4.929508035098099e-08,8.873114220176084e-08
2454,"(2.0, 6.0, 8.0, 9.0, 12.0, 13.0)",176399999.9999999,5,-16.556219658565787,5.0,5.0,6.452457625125937e-08,2.8344671201814074e-08,2.834467039839369e-08
2455,"(2.0, 6.0, 8.0, 9.0, 12.0, 14.0)",176399999.9999999,1,-16.465876892189527,1.0,1.0,7.062533584317446e-08,5.668934240362815e-09,5.668934208225999e-09
2456,"(2.0, 6.0, 8.0, 9.0, 13.0, 13.0)",88199999.99999996,2,-16.43339253877043,3.0,5.0,7.295722410063513e-08,3.4013605442176887e-08,5.668934124670279e-08
2457,"(2.0, 6.0, 8.0, 9.0, 13.0, 14.0)",176399999.9999999,5,-16.343049772394167,5.0,5.0,7.985528543773348e-08,2.8344671201814074e-08,2.834467039839369e-08
2458,"(2.0, 6.0, 8.0, 11.0, 13.0, 14.0)",176399999.9999999,2,-15.97227524266998,3.0,5.0,1.1569883838671708e-07,1.7006802721088443e-08,2.8344670912582737e-08
2459,"(2.0, 6.0, 9.0, 9.0, 9.0, 13.0)",33809999.999999985,3,-17.444351131790995,3.0,3.0,2.6546945796446302e-08,8.873114463176579e-08,8.873113675854976e-08
2460,"(2.0, 6.0, 9.0, 9.0, 11.0, 13.0)",101429999.99999996,6,-17.073576602066808,8.0,12.0,3.84627113224574e-08,7.887212856156959e-08,1.1830818662154172e-07
2461,"(2.0, 6.0, 9.0, 9.0, 12.0, 13.0)",88199999.99999996,3,-17.19164507905029,3.0,3.0,3.417931914831381e-08,3.4013605442176887e-08,3.401360428525153e-08
2462,"(2.0, 6.0, 9.0, 9.0, 13.0, 13.0)",44099999.99999998,4,-17.06881795925493,4.0,4.0,3.8646177806739174e-08,9.070294784580504e-08,9.070293961878028e-08
2463,"(2.0, 6.0, 9.0, 9.0, 13.0, 14.0)",88199999.99999996,5,-16.97847519287867,6.0,8.0,4.230015050432382e-08,6.802721088435377e-08,9.070294321810362e-08
2464,"(2.0, 6.0, 9.0, 11.0, 11.0, 13.0)",101429999.99999996,4,-16.702802072342617,5.0,7.0,5.5726944019026645e-08,4.929508035098099e-08,6.901311006136844e-08
2465,"(2.0, 6.0, 9.0, 11.0, 12.0, 13.0)",176399999.9999999,8,-16.8208705493261,9.0,11.0,4.952092401438217e-08,5.102040816326533e-08,6.235827404090891e-08
2466,"(2.0, 6.0, 9.0, 11.0, 13.0, 13.0)",88199999.99999996,1,-16.698043429530742,1.0,1.0,5.599276060208591e-08,1.133786848072563e-08,1.1337868352178367e-08
2467,"(2.0, 6.0, 9.0, 11.0, 13.0, 14.0)",176399999.9999999,5,-16.60770066315448,6.0,8.0,6.128684219342883e-08,3.4013605442176887e-08,4.535147276597716e-08
2468,"(2.0, 6.0, 9.0, 12.0, 12.0, 13.0)",69824999.99999997,1,-16.93893902630958,1.0,1.0,4.400603618961997e-08,1.4321518080916584e-08,1.4321517875810704e-08
2469,"(2.0, 6.0, 9.0, 12.0, 12.0, 14.0)",69824999.99999997,2,-16.848596259933316,3.0,5.0,4.816678025000049e-08,4.296455424274975e-08,7.160758855863e-08
2470,"(2.0, 6.0, 9.0, 12.0, 13.0, 13.0)",69824999.99999997,3,-16.816111906514223,3.0,3.0,4.975713798669233e-08,4.296455424274975e-08,4.2964552396796823e-08
2471,"(2.0, 6.0, 9.0, 12.0, 13.0, 14.0)",139649999.99999994,3,-16.72576914013796,6.0,18.0,5.446164523764299e-08,4.296455424274975e-08,1.288936608822963e-07
2472,"(2.0, 6.0, 9.0, 13.0, 13.0, 14.0)",69824999.99999997,4,-16.602942020342603,4.0,4.0,6.157917939700466e-08,5.7286072323666335e-08,5.728606904197225e-08
2473,"(2.0, 6.0, 11.0, 11.0, 12.0, 13.0)",88199999.99999996,1,-16.450096019601908,1.0,1.0,7.174870583573909e-08,1.133786848072563e-08,1.1337868352178367e-08
2474,"(2.0, 6.0, 12.0, 13.0, 13.0, 13.0)",16757999.999999994,1,-16.440578733978157,1.0,1.0,7.243481854871528e-08,5.967299200381909e-08,5.967298844295312e-08
2475,"(2.0, 7.0, 7.0, 7.0, 8.0, 13.0)",42997499.99999999,1,-15.561046842687706,1.0,1.0,1.7455135463677862e-07,2.3257166114308977e-08,2.3257165573413202e-08
2476,"(2.0, 7.0, 7.0, 7.0, 9.0, 13.0)",42997499.99999999,2,-16.196472263172204,2.0,2.0,9.246161392318389e-08,4.651433222861795e-08,4.6514330065034854e-08
2477,"(2.0, 7.0, 7.0, 8.0, 8.0, 13.0)",59534999.99999995,1,-15.43993413997396,1.0,1.0,1.9702521135528096e-07,1.6796842193667606e-08,1.67968419115337e-08
2478,"(2.0, 7.0, 7.0, 8.0, 9.0, 12.0)",119069999.9999999,1,-16.19818668025382,3.0,9.0,9.230323195804687e-08,2.5195263290501407e-08,7.558578923670292e-08
2479,"(2.0, 7.0, 7.0, 8.0, 9.0, 13.0)",119069999.9999999,14,-16.07535956045846,14.0,14.0,1.0436624260736187e-07,1.1757789535567324e-07,1.1757788153111176e-07
2480,"(2.0, 7.0, 7.0, 9.0, 9.0, 13.0)",59534999.99999995,5,-16.710784980942957,6.0,8.0,5.528385185354485e-08,1.0078105316200563e-07,1.3437472739252018e-07
2481,"(2.0, 7.0, 7.0, 9.0, 11.0, 13.0)",119069999.9999999,3,-16.340010451218767,3.0,3.0,8.009836050221076e-08,2.5195263290501407e-08,2.5195262655700115e-08
2482,"(2.0, 7.0, 7.0, 9.0, 12.0, 13.0)",99224999.99999993,5,-16.45807892820225,5.0,5.0,7.11782225623618e-08,5.039052658100281e-08,5.039052404179764e-08
2483,"(2.0, 7.0, 7.0, 9.0, 13.0, 13.0)",49612499.99999996,6,-16.335251808406895,6.0,6.0,8.04804283308371e-08,1.2093726379440673e-07,1.2093724916858496e-07
2484,"(2.0, 7.0, 7.0, 9.0, 13.0, 14.0)",99224999.99999993,5,-16.24490904203063,5.0,5.0,8.808980406991801e-08,5.039052658100281e-08,5.039052404179764e-08
2485,"(2.0, 7.0, 7.0, 11.0, 11.0, 13.0)",59534999.99999995,1,-15.96923592149458,1.0,1.0,1.1605101924045315e-07,1.6796842193667606e-08,1.67968419115337e-08
2486,"(2.0, 7.0, 7.0, 12.0, 13.0, 14.0)",75410999.99999996,1,-15.992202989289922,1.0,1.0,1.1341604228616077e-07,1.326066488973758e-08,1.3260664713892347e-08
2487,"(2.0, 7.0, 7.0, 13.0, 14.0, 14.0)",37705499.99999998,1,-15.779033103118302,1.0,1.0,1.403631136562892e-07,2.652132977947516e-08,2.6521329076094226e-08
2488,"(2.0, 7.0, 8.0, 8.0, 8.0, 13.0)",33809999.999999985,1,-15.31882143726022,1.0,1.0,2.2239262473998372e-07,2.9577048210588596e-08,2.9577047335786815e-08
2489,"(2.0, 7.0, 8.0, 8.0, 9.0, 13.0)",101429999.99999996,5,-15.954246857744716,6.0,8.0,1.1780361745608195e-07,5.915409642117719e-08,7.887212506236247e-08
2490,"(2.0, 7.0, 8.0, 8.0, 13.0, 14.0)",88199999.99999996,1,-15.488370918832388,1.0,1.0,1.8770938045208672e-07,1.133786848072563e-08,1.1337868352178367e-08
2491,"(2.0, 7.0, 8.0, 9.0, 9.0, 13.0)",101429999.99999996,9,-16.589672278229216,9.0,9.0,6.240176490548775e-08,8.873114463176579e-08,8.873113675854976e-08
2492,"(2.0, 7.0, 8.0, 9.0, 11.0, 13.0)",202859999.9999999,5,-16.218897748505025,5.0,5.0,9.041119411532948e-08,2.4647540175490495e-08,2.4647539567989257e-08
2493,"(2.0, 7.0, 8.0, 9.0, 12.0, 13.0)",176399999.9999999,4,-16.336966225488506,5.0,7.0,8.03425695172902e-08,2.8344671201814074e-08,3.968253887911932e-08
2494,"(2.0, 7.0, 8.0, 9.0, 13.0, 13.0)",88199999.99999996,2,-16.21413910569315,3.0,5.0,9.084245398635057e-08,3.4013605442176887e-08,5.668934124670279e-08
2495,"(2.0, 7.0, 8.0, 9.0, 13.0, 14.0)",176399999.9999999,15,-16.123796339316886,17.0,21.0,9.943155297325851e-08,9.637188208616785e-08,1.1904760976007945e-07
2496,"(2.0, 7.0, 8.0, 11.0, 12.0, 13.0)",176399999.9999999,1,-15.966191695764316,1.0,1.0,1.1640484302573432e-07,5.668934240362815e-09,5.668934208225999e-09
2497,"(2.0, 7.0, 8.0, 11.0, 13.0, 13.0)",88199999.99999996,1,-15.84336457596896,1.0,1.0,1.316176674443791e-07,1.133786848072563e-08,1.1337868352178367e-08
2498,"(2.0, 7.0, 8.0, 13.0, 13.0, 13.0)",23274999.99999999,1,-15.838605933157083,1.0,1.0,1.3224548149817618e-07,4.2964554242749754e-08,4.296455239679683e-08
2499,"(2.0, 7.0, 9.0, 9.0, 9.0, 13.0)",33809999.999999985,3,-17.225097698713714,3.0,3.0,3.305484455748121e-08,8.873114463176579e-08,8.873113675854976e-08
2500,"(2.0, 7.0, 9.0, 9.0, 11.0, 13.0)",101429999.99999996,9,-16.854323168989524,10.0,12.0,4.7891721848970624e-08,9.859016070196198e-08,1.183081831223346e-07
2501,"(2.0, 7.0, 9.0, 9.0, 12.0, 13.0)",88199999.99999996,6,-16.972391645973005,6.0,6.0,4.255826979837724e-08,6.802721088435377e-08,6.802720625665236e-08
2502,"(2.0, 7.0, 9.0, 9.0, 13.0, 14.0)",88199999.99999996,5,-16.759221759801385,5.0,5.0,5.2669896959131995e-08,5.668934240362815e-08,5.668933918994661e-08
2503,"(2.0, 7.0, 9.0, 11.0, 11.0, 13.0)",101429999.99999996,3,-16.483548639265333,3.0,3.0,6.938822591256333e-08,2.9577048210588596e-08,2.9577047335786815e-08
2504,"(2.0, 7.0, 9.0, 11.0, 11.0, 14.0)",101429999.99999996,1,-16.39320587288907,1.0,1.0,7.594884063328065e-08,9.859016070196199e-09,9.859015972996002e-09
2505,"(2.0, 7.0, 9.0, 11.0, 12.0, 13.0)",176399999.9999999,4,-16.601617116248814,4.0,4.0,6.166081997490539e-08,2.267573696145126e-08,2.267573644726221e-08
2506,"(2.0, 7.0, 9.0, 11.0, 12.0, 14.0)",176399999.9999999,1,-16.51127434987255,1.0,1.0,6.749081314591714e-08,5.668934240362815e-09,5.668934208225999e-09
2507,"(2.0, 7.0, 9.0, 11.0, 13.0, 13.0)",88199999.99999996,8,-16.478789996453457,9.0,11.0,6.971920657983847e-08,1.0204081632653066e-07,1.2471654287565374e-07
2508,"(2.0, 7.0, 9.0, 11.0, 13.0, 14.0)",176399999.9999999,13,-16.388447230077198,13.0,13.0,7.631111532211954e-08,7.369614512471659e-08,7.369613969359478e-08
2509,"(2.0, 7.0, 9.0, 12.0, 12.0, 13.0)",69824999.99999997,1,-16.7196855932323,1.0,1.0,5.479397505808377e-08,1.4321518080916584e-08,1.4321517875810704e-08
2510,"(2.0, 7.0, 9.0, 12.0, 13.0, 13.0)",69824999.99999997,2,-16.59685847343694,2.0,2.0,6.195494104619122e-08,2.8643036161833167e-08,2.8643035341409648e-08
2511,"(2.0, 7.0, 9.0, 12.0, 13.0, 14.0)",139649999.99999994,4,-16.50651570706068,6.0,12.0,6.781274318629761e-08,4.296455424274975e-08,8.592910663954658e-08
2512,"(2.0, 7.0, 9.0, 13.0, 13.0, 13.0)",23274999.99999999,1,-16.474031353641582,1.0,1.0,7.005176601931405e-08,4.2964554242749754e-08,4.296455239679683e-08
2513,"(2.0, 7.0, 9.0, 13.0, 13.0, 14.0)",69824999.99999997,5,-16.38368858726532,5.0,5.0,7.66751180551145e-08,7.160759040458291e-08,7.16075852769359e-08
2514,"(2.0, 7.0, 9.0, 13.0, 14.0, 14.0)",69824999.99999997,3,-16.29334582088906,3.0,3.0,8.392470401309794e-08,4.296455424274975e-08,4.2964552396796823e-08
2515,"(2.0, 7.0, 11.0, 12.0, 13.0, 13.0)",69824999.99999997,1,-16.22608394371275,2.0,4.0,8.976381052386496e-08,2.8643036161833167e-08,5.7286071503242815e-08
2516,"(2.0, 8.0, 8.0, 8.0, 8.0, 13.0)",6641249.999999997,1,-15.197708734546474,1.0,1.0,2.510261463420271e-07,1.5057406361754194e-07,1.505740409449933e-07
2517,"(2.0, 8.0, 8.0, 8.0, 9.0, 13.0)",26564999.99999999,1,-15.833134155030972,1.0,1.0,1.3297108278534482e-07,3.7643515904385486e-08,3.764351448735119e-08
2518,"(2.0, 8.0, 8.0, 8.0, 11.0, 13.0)",26564999.99999999,1,-15.462359625306783,1.0,1.0,1.9265599932373207e-07,3.7643515904385486e-08,3.764351448735119e-08
2519,"(2.0, 8.0, 8.0, 9.0, 9.0, 13.0)",39847499.99999999,2,-16.46855957551547,2.0,2.0,7.04361243430633e-08,5.019135453918064e-08,5.019135202000857e-08
2520,"(2.0, 8.0, 8.0, 9.0, 11.0, 13.0)",79694999.99999997,8,-16.097785045791284,8.0,8.0,1.0205182690517337e-07,1.0038270907836129e-07,1.0038269900167301e-07
2521,"(2.0, 8.0, 8.0, 9.0, 12.0, 13.0)",72449999.99999997,5,-16.215853522774765,6.0,8.0,9.068684555848793e-08,8.281573498964806e-08,1.1042097312775147e-07
2522,"(2.0, 8.0, 8.0, 9.0, 13.0, 13.0)",36224999.99999999,2,-16.093026402979405,3.0,5.0,1.025386123982671e-07,8.281573498964805e-08,1.3802621812430078e-07
2523,"(2.0, 8.0, 8.0, 9.0, 13.0, 14.0)",72449999.99999997,4,-16.002683636603145,6.0,12.0,1.1223357607682644e-07,8.281573498964806e-08,1.6563146312085016e-07
2524,"(2.0, 8.0, 8.0, 11.0, 12.0, 13.0)",72449999.99999997,1,-15.845078993050574,1.0,1.0,1.3139221318360998e-07,1.3802622498274678e-08,1.3802622307762291e-08
2525,"(2.0, 8.0, 9.0, 9.0, 9.0, 13.0)",26564999.99999999,1,-17.103984995999973,1.0,1.0,3.7310725825105876e-08,3.7643515904385486e-08,3.764351448735119e-08
2526,"(2.0, 8.0, 9.0, 9.0, 11.0, 13.0)",79694999.99999997,2,-16.733210466275782,4.0,10.0,5.405788250166669e-08,5.0191354539180645e-08,1.2547838382877954e-07
2527,"(2.0, 8.0, 9.0, 9.0, 12.0, 13.0)",72449999.99999997,2,-16.851278943259263,2.0,2.0,4.803773719996988e-08,2.7605244996549357e-08,2.7605244234499804e-08
2528,"(2.0, 8.0, 9.0, 9.0, 13.0, 13.0)",36224999.99999999,3,-16.728451823463907,3.0,3.0,5.431573768943916e-08,8.281573498964805e-08,8.281572813120209e-08
2529,"(2.0, 8.0, 9.0, 9.0, 13.0, 14.0)",72449999.99999997,2,-16.638109057087643,2.0,2.0,5.945125778042676e-08,2.7605244996549357e-08,2.7605244234499804e-08
2530,"(2.0, 8.0, 9.0, 11.0, 11.0, 13.0)",79694999.99999997,3,-16.36243593655159,3.0,3.0,7.832210700649667e-08,3.7643515904385486e-08,3.764351448735119e-08
2531,"(2.0, 8.0, 9.0, 11.0, 12.0, 13.0)",144899999.99999994,5,-16.480504413535073,5.0,5.0,6.95997811828831e-08,3.4506556245686694e-08,3.450655505498427e-08
2532,"(2.0, 8.0, 9.0, 11.0, 12.0, 14.0)",144899999.99999994,1,-16.390161647158813,1.0,1.0,7.618039832623672e-08,6.901311249137339e-09,6.901311201509242e-09
2533,"(2.0, 8.0, 9.0, 11.0, 13.0, 13.0)",72449999.99999997,4,-16.357677293739716,5.0,7.0,7.869570213590769e-08,6.901311249137339e-08,9.661835272511305e-08
2534,"(2.0, 8.0, 9.0, 11.0, 13.0, 14.0)",144899999.99999994,5,-16.267334527363452,5.0,5.0,8.61363330945462e-08,3.4506556245686694e-08,3.450655505498427e-08
2535,"(2.0, 8.0, 9.0, 12.0, 12.0, 13.0)",59849999.99999998,2,-16.598572890518554,2.0,2.0,6.184881543474562e-08,3.3416875522138694e-08,3.341687440545113e-08
2536,"(2.0, 8.0, 9.0, 12.0, 13.0, 13.0)",59849999.99999998,5,-16.475745770723197,5.0,5.0,6.993177096522949e-08,8.354218880534673e-08,8.354218182604942e-08
2537,"(2.0, 8.0, 9.0, 12.0, 13.0, 14.0)",119699999.99999996,5,-16.385403004346934,6.0,8.0,7.654377754136603e-08,5.012531328320804e-08,6.683374853173036e-08
2538,"(2.0, 8.0, 9.0, 13.0, 13.0, 13.0)",19950000.0,3,-16.35291865092784,4.0,6.0,7.90710793077848e-08,2.0050125313283207e-07,3.007518394984956e-07
2539,"(2.0, 8.0, 9.0, 13.0, 13.0, 14.0)",59849999.99999998,6,-16.262575884551577,6.0,6.0,8.654720195059956e-08,1.0025062656641608e-07,1.0025061651622795e-07
2540,"(2.0, 8.0, 11.0, 11.0, 12.0, 13.0)",72449999.99999997,1,-16.109729883810882,1.0,1.0,1.0084008579630278e-07,1.3802622498274678e-08,1.3802622307762291e-08
2541,"(2.0, 8.0, 12.0, 12.0, 13.0, 13.0)",22443750.0,1,-16.223039717982488,1.0,1.0,9.003748818243864e-08,4.4555834029518243e-08,4.45558320442959e-08
2542,"(2.0, 9.0, 9.0, 9.0, 9.0, 13.0)",6641249.999999997,1,-17.739410416484468,2.0,4.0,1.976386796661291e-08,3.011481272350839e-07,6.022961637799732e-07
2543,"(2.0, 9.0, 9.0, 9.0, 11.0, 13.0)",26564999.99999999,2,-17.36863588676028,2.0,2.0,2.8635005851285373e-08,7.528703180877097e-08,7.528702614063381e-08
2544,"(2.0, 9.0, 9.0, 9.0, 13.0, 14.0)",24149999.99999999,2,-17.27353447757214,2.0,2.0,3.149193116020236e-08,8.281573498964808e-08,8.281572813120212e-08
2545,"(2.0, 9.0, 9.0, 11.0, 11.0, 13.0)",39847499.99999999,4,-16.99786135703609,7.0,19.0,4.1488010418219464e-08,1.7566974088713222e-07,4.768178372623582e-07
2546,"(2.0, 9.0, 9.0, 11.0, 12.0, 13.0)",72449999.99999997,4,-17.11592983401957,4.0,4.0,3.6867706413742576e-08,5.521048999309871e-08,5.521048694490051e-08
2547,"(2.0, 9.0, 9.0, 11.0, 13.0, 13.0)",36224999.99999999,3,-16.993102714224214,3.0,3.0,4.168590752816206e-08,8.281573498964805e-08,8.281572813120209e-08
2548,"(2.0, 9.0, 9.0, 11.0, 13.0, 14.0)",72449999.99999997,4,-16.90275994784795,4.0,4.0,4.5627284829267033e-08,5.521048999309871e-08,5.521048694490051e-08
2549,"(2.0, 9.0, 9.0, 12.0, 12.0, 13.0)",29924999.99999999,2,-17.233998311003052,2.0,2.0,3.276194164309721e-08,6.683375104427739e-08,6.683374657752711e-08
2550,"(2.0, 9.0, 9.0, 12.0, 13.0, 13.0)",29924999.99999999,2,-17.111171191207696,2.0,2.0,3.704356475151159e-08,6.683375104427739e-08,6.683374657752711e-08
2551,"(2.0, 9.0, 9.0, 12.0, 13.0, 14.0)",59849999.99999998,2,-17.020828424831432,2.0,2.0,4.054601135567833e-08,3.3416875522138694e-08,3.341687440545113e-08
2552,"(2.0, 9.0, 9.0, 13.0, 13.0, 14.0)",29924999.99999999,2,-16.898001305036075,2.0,2.0,4.5844926208335775e-08,6.683375104427739e-08,6.683374657752711e-08
2553,"(2.0, 9.0, 9.0, 13.0, 14.0, 14.0)",29924999.99999999,2,-16.807658538659815,2.0,2.0,5.017953620588202e-08,6.683375104427739e-08,6.683374657752711e-08
2554,"(2.0, 9.0, 11.0, 11.0, 11.0, 13.0)",26564999.99999999,1,-16.6270868273119,1.0,1.0,6.011016786242504e-08,3.7643515904385486e-08,3.764351448735119e-08
2555,"(2.0, 9.0, 11.0, 11.0, 12.0, 13.0)",72449999.99999997,1,-16.74515530429538,1.0,1.0,5.3416011008796384e-08,1.3802622498274678e-08,1.3802622307762291e-08
2556,"(2.0, 9.0, 11.0, 11.0, 13.0, 13.0)",36224999.99999999,2,-16.622328184500024,2.0,2.0,6.039689234928821e-08,5.52104899930987e-08,5.5210486944900496e-08
2557,"(2.0, 9.0, 11.0, 11.0, 13.0, 14.0)",72449999.99999997,3,-16.53198541812376,3.0,3.0,6.610738192905678e-08,4.140786749482403e-08,4.140786578021254e-08
2558,"(2.0, 9.0, 11.0, 12.0, 12.0, 13.0)",59849999.99999998,2,-16.863223781278865,2.0,2.0,4.7467347597866723e-08,3.3416875522138694e-08,3.341687440545113e-08
2559,"(2.0, 9.0, 11.0, 12.0, 13.0, 13.0)",59849999.99999998,5,-16.74039666148351,5.0,5.0,5.367080448037372e-08,8.354218880534673e-08,8.354218182604942e-08
2560,"(2.0, 9.0, 11.0, 12.0, 13.0, 14.0)",119699999.99999996,2,-16.650053895107245,2.0,2.0,5.8745346527181235e-08,1.6708437761069347e-08,1.6708437481897455e-08
2561,"(2.0, 9.0, 11.0, 13.0, 13.0, 13.0)",19950000.0,1,-16.617569541688148,1.0,1.0,6.068498450711772e-08,5.012531328320802e-08,5.012531077066099e-08
2562,"(2.0, 9.0, 11.0, 13.0, 13.0, 14.0)",59849999.99999998,2,-16.527226775311888,2.0,2.0,6.64227130258663e-08,3.3416875522138694e-08,3.341687440545113e-08
2563,"(2.0, 9.0, 12.0, 12.0, 13.0, 14.0)",44887499.99999999,1,-16.768122372090726,1.0,1.0,5.220318272930666e-08,2.2277917014759125e-08,2.227791651845354e-08
2564,"(2.0, 9.0, 12.0, 13.0, 13.0, 14.0)",44887499.99999999,3,-16.64529525229537,3.0,3.0,5.9025560839294885e-08,6.683375104427737e-08,6.68337465775271e-08
2565,"(2.0, 9.0, 13.0, 13.0, 13.0, 14.0)",14962499.999999994,2,-16.52246813250001,2.0,2.0,6.673954824668957e-08,1.3366750208855478e-07,1.3366748422155365e-07
2566,"(2.0, 9.0, 13.0, 13.0, 14.0, 14.0)",22443750.0,1,-16.43212536612375,1.0,1.0,7.304973209881714e-08,4.4555834029518243e-08,4.45558320442959e-08
2567,"(2.0, 11.0, 11.0, 11.0, 12.0, 13.0)",24149999.99999999,1,-16.374380774571193,1.0,1.0,7.739212741013582e-08,4.140786749482404e-08,4.1407865780212546e-08
2568,"(2.0, 12.0, 12.0, 13.0, 13.0, 13.0)",5087249.999999999,1,-16.482931965930923,1.0,1.0,6.943102897760356e-08,1.965698560125805e-07,1.965698173728722e-07
2569,"(3.0, 3.0, 3.0, 3.0, 9.0, 13.0)",6641249.999999997,1,-15.97157289615571,1.0,1.0,1.1578012760582133e-07,1.5057406361754194e-07,1.505740409449933e-07
2570,"(3.0, 3.0, 3.0, 8.0, 9.0, 12.0)",28979999.99999999,1,-15.975961464820308,1.0,1.0,1.1527313187232998e-07,3.4506556245686694e-08,3.450655505498427e-08
2571,"(3.0, 3.0, 3.0, 9.0, 9.0, 13.0)",14489999.999999994,1,-16.48855976550945,1.0,1.0,6.904138251649205e-08,6.901311249137339e-08,6.901310772856369e-08
2572,"(3.0, 3.0, 3.0, 12.0, 13.0, 13.0)",9176999.999999998,1,-15.860320540232676,1.0,1.0,1.2940477684348056e-07,1.0896807235480006e-07,1.0896806048075927e-07
2573,"(3.0, 3.0, 4.0, 4.0, 9.0, 13.0)",59534999.99999995,1,-16.44878852368037,2.0,4.0,7.184257833157435e-08,3.359368438733521e-08,6.71873676461348e-08
2574,"(3.0, 3.0, 4.0, 6.0, 9.0, 13.0)",119069999.9999999,1,-16.432108294578306,1.0,1.0,7.305097918128306e-08,8.398421096833803e-09,8.398421026300325e-09
2575,"(3.0, 3.0, 4.0, 7.0, 9.0, 13.0)",119069999.9999999,1,-16.21285486150102,1.0,1.0,9.095919282482422e-08,8.398421096833803e-09,8.398421026300325e-09
2576,"(3.0, 3.0, 4.0, 8.0, 11.0, 13.0)",105839999.99999996,2,-15.72096762906309,3.0,5.0,1.4875463563654625e-07,2.834467120181407e-08,4.7241117866269734e-08
2577,"(3.0, 3.0, 4.0, 9.0, 11.0, 13.0)",105839999.99999996,1,-16.356393049547588,1.0,1.0,7.87968315578583e-08,9.448223733938024e-09,9.448223644669093e-09
2578,"(3.0, 3.0, 4.0, 9.0, 13.0, 14.0)",88199999.99999997,2,-16.261291640359453,2.0,2.0,8.66584210930321e-08,2.2675736961451256e-08,2.2675736447262208e-08
2579,"(3.0, 3.0, 6.0, 7.0, 9.0, 13.0)",119069999.9999999,1,-16.19617463239896,1.0,1.0,9.248913744055086e-08,8.398421096833803e-09,8.398421026300325e-09
2580,"(3.0, 3.0, 6.0, 8.0, 9.0, 13.0)",105839999.99999996,1,-16.075061929685216,1.0,1.0,1.0439730983590188e-07,9.448223733938024e-09,9.448223644669093e-09
2581,"(3.0, 3.0, 6.0, 8.0, 13.0, 14.0)",88199999.99999997,1,-15.60918599077289,2.0,4.0,1.6634764511766633e-07,2.2675736961451256e-08,4.535147340871346e-08
2582,"(3.0, 3.0, 6.0, 9.0, 11.0, 13.0)",105839999.99999996,1,-16.339712820445527,1.0,1.0,8.012220378725394e-08,9.448223733938024e-09,9.448223644669093e-09
2583,"(3.0, 3.0, 6.0, 9.0, 13.0, 13.0)",44099999.99999999,1,-16.334954177633648,1.0,1.0,8.050438534794835e-08,2.2675736961451252e-08,2.2675736447262204e-08
2584,"(3.0, 3.0, 7.0, 8.0, 9.0, 13.0)",105839999.99999996,2,-15.855808496607937,2.0,2.0,1.2998997607125409e-07,1.889644746787605e-08,1.8896447110800323e-08
2585,"(3.0, 3.0, 7.0, 9.0, 9.0, 13.0)",52919999.99999998,1,-16.491233917092433,1.0,1.0,6.885700203469956e-08,1.889644746787605e-08,1.8896447110800323e-08
2586,"(3.0, 3.0, 7.0, 9.0, 13.0, 14.0)",88199999.99999997,3,-16.025357978180104,3.0,3.0,1.0971738789379814e-07,3.401360544217688e-08,3.401360428525152e-08
2587,"(3.0, 3.0, 8.0, 9.0, 11.0, 13.0)",86939999.99999997,2,-15.9993466846545,2.0,2.0,1.1260871969722727e-07,2.3004370830457794e-08,2.3004370301256715e-08
2588,"(3.0, 3.0, 8.0, 9.0, 13.0, 13.0)",37799999.99999999,1,-15.994588041842626,1.0,1.0,1.1314586139088203e-07,2.645502645502646e-08,2.6455025755158035e-08
2589,"(3.0, 3.0, 9.0, 9.0, 11.0, 13.0)",43469999.99999999,1,-16.634772105139,1.0,1.0,5.964997514167215e-08,2.300437083045779e-08,2.3004370301256712e-08
2590,"(3.0, 3.0, 9.0, 9.0, 12.0, 13.0)",37799999.99999999,1,-16.75284058212248,1.0,1.0,5.3007067558594e-08,2.645502645502646e-08,2.6455025755158035e-08
2591,"(3.0, 3.0, 9.0, 11.0, 12.0, 13.0)",75599999.99999997,1,-16.38206605239829,1.0,1.0,7.679962709040253e-08,1.3227513227513233e-08,1.3227513052546127e-08
2592,"(3.0, 3.0, 9.0, 11.0, 13.0, 14.0)",75599999.99999997,1,-16.16889616622667,1.0,1.0,9.504682555270379e-08,1.3227513227513233e-08,1.3227513052546127e-08
2593,"(3.0, 3.0, 9.0, 12.0, 13.0, 13.0)",29924999.99999999,1,-16.377307409586415,1.0,1.0,7.71659600162925e-08,3.3416875522138694e-08,3.341687440545113e-08
2594,"(3.0, 3.0, 9.0, 12.0, 13.0, 14.0)",59849999.99999998,1,-16.28696464321015,1.0,1.0,8.446195478432577e-08,1.6708437761069347e-08,1.6708437481897455e-08
2595,"(3.0, 3.0, 11.0, 12.0, 13.0, 14.0)",59849999.99999998,1,-15.916190113485964,1.0,1.0,1.223732405795189e-07,1.6708437761069347e-08,1.6708437481897455e-08
2596,"(3.0, 3.0, 11.0, 13.0, 13.0, 13.0)",9974999.999999996,1,-15.883705760066867,1.0,1.0,1.2641372717442076e-07,1.0025062656641608e-07,1.0025061651622795e-07
2597,"(3.0, 4.0, 4.0, 9.0, 11.0, 13.0)",119069999.9999999,1,-16.595000863309917,1.0,1.0,6.20701361327519e-08,8.398421096833803e-09,8.398421026300325e-09
2598,"(3.0, 4.0, 4.0, 9.0, 13.0, 13.0)",49612499.99999996,1,-16.59024222049804,2.0,4.0,6.236620963520698e-08,4.031242126480225e-08,8.062484090451318e-08
2599,"(3.0, 4.0, 6.0, 8.0, 9.0, 13.0)",238139999.9999998,2,-16.313669743447544,2.0,2.0,8.22362410428833e-08,8.398421096833803e-09,8.398421026300325e-09
2600,"(3.0, 4.0, 6.0, 9.0, 9.0, 13.0)",119069999.9999999,2,-16.949095163932043,2.0,2.0,4.3561366714245134e-08,1.6796842193667606e-08,1.67968419115337e-08
2601,"(3.0, 4.0, 6.0, 9.0, 12.0, 13.0)",198449999.99999985,1,-16.696389111191337,1.0,1.0,5.608546711472283e-08,5.039052658100281e-09,5.039052632708229e-09
2602,"(3.0, 4.0, 7.0, 7.0, 11.0, 13.0)",128992499.99999996,1,-15.844754483359818,1.0,1.0,1.3143485814905601e-07,7.75238870476966e-09,7.752388644670129e-09
2603,"(3.0, 4.0, 7.0, 9.0, 11.0, 13.0)",238139999.9999998,1,-16.35906720113057,1.0,1.0,7.858639837652841e-08,4.199210548416901e-09,4.1992105307835325e-09
2604,"(3.0, 4.0, 7.0, 9.0, 13.0, 14.0)",198449999.99999985,1,-16.263965791942432,1.0,1.0,8.642699291401684e-08,5.039052658100281e-09,5.039052632708229e-09
2605,"(3.0, 4.0, 8.0, 9.0, 9.0, 13.0)",101429999.99999996,1,-16.60872902814102,2.0,4.0,6.122384934615207e-08,1.9718032140392398e-08,3.9436063891984007e-08
2606,"(3.0, 4.0, 8.0, 9.0, 12.0, 13.0)",176399999.9999999,1,-16.35602297540031,1.0,1.0,7.882599762457597e-08,5.668934240362815e-09,5.668934208225999e-09
2607,"(3.0, 4.0, 8.0, 9.0, 13.0, 13.0)",88199999.99999996,2,-16.233195855604954,2.0,2.0,8.912768293523007e-08,2.267573696145126e-08,2.267573644726221e-08
2608,"(3.0, 4.0, 9.0, 11.0, 11.0, 13.0)",101429999.99999996,2,-16.502605389177138,4.0,8.0,6.807843169342707e-08,3.9436064280784795e-08,7.887212700636642e-08
2609,"(3.0, 6.0, 6.0, 7.0, 9.0, 13.0)",128992499.99999996,1,-16.418102217059225,1.0,1.0,7.40813356410498e-08,7.75238870476966e-09,7.752388644670129e-09
2610,"(3.0, 6.0, 6.0, 8.0, 9.0, 12.0)",119069999.9999999,1,-16.419816634140837,2.0,4.0,7.395443814249945e-08,1.6796842193667606e-08,3.35936841052013e-08
2611,"(3.0, 6.0, 6.0, 8.0, 11.0, 13.0)",119069999.9999999,1,-15.926214984621293,1.0,1.0,1.2115259325108625e-07,8.398421096833803e-09,8.398421026300325e-09
2612,"(3.0, 6.0, 6.0, 9.0, 9.0, 13.0)",59534999.99999995,1,-16.932414934829982,1.0,1.0,4.4294074166767344e-08,1.6796842193667606e-08,1.67968419115337e-08
2613,"(3.0, 6.0, 7.0, 8.0, 9.0, 13.0)",238139999.9999998,1,-16.0777360812682,1.0,1.0,1.0411850854914048e-07,4.199210548416901e-09,4.1992105307835325e-09
2614,"(3.0, 6.0, 7.0, 8.0, 12.0, 13.0)",198449999.99999985,1,-15.825030028527491,1.0,1.0,1.340530756432216e-07,5.039052658100281e-09,5.039052632708229e-09
2615,"(3.0, 6.0, 7.0, 11.0, 12.0, 13.0)",198449999.99999985,1,-16.0896809192878,1.0,1.0,1.0288222811370491e-07,5.039052658100281e-09,5.039052632708229e-09
2616,"(3.0, 6.0, 7.0, 13.0, 14.0, 14.0)",75410999.99999996,1,-15.781409623928042,1.0,1.0,1.4002993385694086e-07,1.326066488973758e-08,1.3260664713892347e-08
2617,"(3.0, 6.0, 8.0, 8.0, 9.0, 13.0)",101429999.99999996,1,-15.956623378554458,1.0,1.0,1.1752398711300857e-07,9.859016070196199e-09,9.859015972996002e-09
2618,"(3.0, 6.0, 8.0, 9.0, 11.0, 13.0)",202859999.9999999,1,-16.221274269314765,1.0,1.0,9.019658514343141e-08,4.929508035098099e-09,4.92950801079805e-09
2619,"(3.0, 6.0, 8.0, 9.0, 13.0, 13.0)",88199999.99999996,1,-16.21651562650289,1.0,1.0,9.062682133327621e-08,1.133786848072563e-08,1.1337868352178367e-08
2620,"(3.0, 6.0, 8.0, 11.0, 11.0, 13.0)",101429999.99999996,1,-15.850499739590576,1.0,1.0,1.3068189626196704e-07,9.859016070196199e-09,9.859015972996002e-09
2621,"(3.0, 6.0, 8.0, 12.0, 13.0, 13.0)",69824999.99999997,1,-15.963809573762182,1.0,1.0,1.166824640958103e-07,1.4321518080916584e-08,1.4321517875810704e-08
2622,"(3.0, 6.0, 9.0, 9.0, 11.0, 13.0)",101429999.99999996,1,-16.856699689799264,1.0,1.0,4.7778041310968595e-08,9.859016070196199e-09,9.859015972996002e-09
2623,"(3.0, 7.0, 7.0, 8.0, 9.0, 13.0)",119069999.9999999,1,-15.858482648190918,1.0,1.0,1.2964282754174036e-07,8.398421096833803e-09,8.398421026300325e-09
2624,"(3.0, 7.0, 7.0, 8.0, 11.0, 13.0)",119069999.9999999,1,-15.487708118466728,1.0,1.0,1.878338355379703e-07,8.398421096833803e-09,8.398421026300325e-09
2625,"(3.0, 7.0, 7.0, 9.0, 9.0, 13.0)",59534999.99999995,1,-16.493908068675417,1.0,1.0,6.867311395559119e-08,1.6796842193667606e-08,1.67968419115337e-08
2626,"(3.0, 7.0, 8.0, 8.0, 11.0, 13.0)",101429999.99999996,1,-15.366595415752986,3.0,9.0,2.1201783981310807e-07,2.9577048210588596e-08,8.873114375696401e-08
2627,"(3.0, 7.0, 8.0, 9.0, 12.0, 13.0)",176399999.9999999,1,-16.120089313220966,1.0,1.0,9.980083237619229e-08,5.668934240362815e-09,5.668934208225999e-09
2628,"(3.0, 7.0, 9.0, 9.0, 11.0, 13.0)",101429999.99999996,1,-16.637446256721983,1.0,1.0,5.9490675157305465e-08,9.859016070196199e-09,9.859015972996002e-09
2629,"(3.0, 7.0, 9.0, 9.0, 13.0, 14.0)",88199999.99999996,1,-16.542344847533844,1.0,1.0,6.542608220363704e-08,1.133786848072563e-08,1.1337868352178367e-08
2630,"(3.0, 8.0, 9.0, 9.0, 12.0, 13.0)",72449999.99999997,1,-16.634402030991723,1.0,1.0,5.967205414053914e-08,1.3802622498274678e-08,1.3802622307762291e-08
2631,"(3.0, 8.0, 9.0, 12.0, 13.0, 14.0)",119699999.99999996,1,-16.168526092079393,2.0,4.0,9.508200643498758e-08,1.6708437761069347e-08,3.34168752429668e-08
2632,"(3.0, 8.0, 11.0, 13.0, 14.0, 14.0)",59849999.99999998,1,-15.584581676183582,1.0,1.0,1.7049128154160872e-07,1.6708437761069347e-08,1.6708437481897455e-08
2633,"(3.0, 11.0, 11.0, 13.0, 13.0, 14.0)",29924999.99999999,1,-15.939575333320157,1.0,1.0,1.1954471716898136e-07,3.3416875522138694e-08,3.341687440545113e-08
2634,"(4.0, 4.0, 6.0, 9.0, 9.0, 13.0)",61916399.99999999,1,-17.18770297769437,1.0,1.0,3.431432341409e-08,1.6150809801603456e-08,1.61508095407548e-08
2635,"(4.0, 6.0, 7.0, 9.0, 11.0, 13.0)",247665600.0,1,-16.58099478579084,1.0,1.0,6.294561195032113e-08,4.037702450400863e-09,4.037702434097822e-09
2636,"(4.0, 6.0, 8.0, 9.0, 9.0, 13.0)",109544399.99999994,1,-16.830656612801285,1.0,1.0,4.9038672628606425e-08,9.128718583515e-09,9.128718500181496e-09
2637,"(4.0, 6.0, 9.0, 9.0, 11.0, 13.0)",109544399.99999994,1,-17.095307503561592,1.0,1.0,3.763589816616568e-08,9.128718583515e-09,9.128718500181496e-09
2638,"(4.0, 8.0, 8.0, 9.0, 13.0, 14.0)",81143999.99999997,1,-16.02441453809793,1.0,1.0,1.0982094851918969e-07,1.2323770087745248e-08,1.2323769935869939e-08
2639,"(6.0, 7.0, 8.0, 9.0, 13.0, 13.0)",95255999.99999994,1,-16.219189778085873,1.0,1.0,9.038479522702378e-08,1.049802637104225e-08,1.0498026260833694e-08
2640,"(7.0, 8.0, 8.0, 9.0, 9.0, 13.0)",44629199.99999999,1,-16.254356814830913,1.0,1.0,8.72614707290863e-08,2.2406854704991355e-08,2.2406854202924216e-08
