,label,n_lambdas,n_nonzeros,log_lambda,sum_counts,sum_counts_2,mean_lambda,mean_count,var_count
0,"(1.0, 1.0, 1.0, 1.0)",5985.0,9,-6.950779876143397,10.0,12.0,0.0009578878284558723,0.001670843776106934,0.0020022208124041655
1,"(1.0, 1.0, 1.0, 2.0)",23940.0,27,-6.920473444894107,27.0,27.0,0.0009873623681832433,0.0011278195488721805,0.0011265475719373624
2,"(1.0, 1.0, 1.0, 3.0)",23940.0,39,-6.703596532626566,44.0,54.0,0.0012264928392713382,0.0018379281537176273,0.0022522611178461332
3,"(1.0, 1.0, 1.0, 4.0)",41229.99999999999,52,-6.942204346388895,56.0,66.0,0.0009661375463240333,0.0013582342954159595,0.001598931333481851
4,"(1.0, 1.0, 1.0, 6.0)",41229.99999999999,53,-6.92552411728683,58.0,70.0,0.0009823880966108726,0.0014067426631093865,0.001695813944349737
5,"(1.0, 1.0, 1.0, 7.0)",41229.99999999999,57,-6.706270684209549,65.0,85.0,0.001223217392975548,0.0015765219500363816,0.002059120205511706
6,"(1.0, 1.0, 1.0, 8.0)",34580.00000000001,39,-6.585157981495806,42.0,48.0,0.0013807092238611713,0.001214574898785425,0.0013866104064271547
7,"(1.0, 1.0, 1.0, 9.0)",34580.00000000001,30,-7.220583401980305,31.0,33.0,0.0007313756084132477,0.0008964719491035279,0.0009535051870901614
8,"(1.0, 1.0, 1.0, 11.0)",34580.00000000001,48,-6.849808872256116,52.0,60.0,0.0010596582036360334,0.0015037593984962403,0.0017328457059363268
9,"(1.0, 1.0, 1.0, 12.0)",27930.0,25,-6.967877349239597,27.0,31.0,0.0009416495791615683,0.000966702470461869,0.0011089831376046376
10,"(1.0, 1.0, 1.0, 13.0)",27930.0,24,-6.84505022944424,26.0,30.0,0.0010647127553947853,0.0009308986752595775,0.0010732472837251433
11,"(1.0, 1.0, 1.0, 14.0)",27930.0,27,-6.754707463067977,30.0,36.0,0.0011653807013540984,0.0010741138560687433,0.001287782906706693
12,"(1.0, 1.0, 2.0, 2.0)",35910.0,42,-6.890167013644817,45.0,51.0,0.001017743849690573,0.0012531328320802004,0.0014186468677960566
13,"(1.0, 1.0, 2.0, 3.0)",71820.0,87,-6.673290101377276,95.0,111.0,0.0012642324480674058,0.0013227513227513227,0.0015437808218370737
14,"(1.0, 1.0, 2.0, 4.0)",123690.0,132,-6.911897915139605,142.0,170.0,0.0009958659327230304,0.0011480313687444418,0.001373085775290147
15,"(1.0, 1.0, 2.0, 6.0)",123690.0,134,-6.89521768603754,141.0,155.0,0.001012616518061775,0.0011399466407955373,0.0012518333537363394
16,"(1.0, 1.0, 2.0, 7.0)",123690.0,162,-6.675964252960259,174.0,200.0,0.0012608562151564166,0.0014067426631093863,0.0016149666648606917
17,"(1.0, 1.0, 2.0, 8.0)",103740.00000000004,151,-6.554851550246516,164.0,192.0,0.0014231941241404096,0.0015808752650857908,0.0018482816315454583
18,"(1.0, 1.0, 2.0, 9.0)",103740.00000000004,94,-7.190276970731015,99.0,109.0,0.0007538802888000488,0.0009543088490456907,0.0010497929769032622
19,"(1.0, 1.0, 2.0, 11.0)",103740.00000000004,141,-6.819502441006826,149.0,167.0,0.0010922642530007622,0.0014362830152303831,0.001607730806157033
20,"(1.0, 1.0, 2.0, 12.0)",83790.0,57,-6.937570917990307,67.0,91.0,0.0009706244623428286,0.0007996180928511755,0.0010854090653750921
21,"(1.0, 1.0, 2.0, 13.0)",83790.0,58,-6.81474379819495,63.0,73.0,0.0010974743350650382,0.0007518796992481203,0.000870660360173617
22,"(1.0, 1.0, 2.0, 14.0)",83790.0,53,-6.724401031818687,56.0,64.0,0.0012012398685333537,0.0006683375104427736,0.0007633676226210192
23,"(1.0, 1.0, 3.0, 3.0)",35910.0,50,-6.456413189109734,53.0,61.0,0.0015704184144492137,0.0014759120022277917,0.0016965128561370628
24,"(1.0, 1.0, 3.0, 4.0)",123690.0,159,-6.695021002872064,175.0,209.0,0.0012370558922622284,0.0014148273910582908,0.0016877064047745556
25,"(1.0, 1.0, 3.0, 6.0)",123690.0,196,-6.67834077377,210.0,240.0,0.0012578633218682154,0.001697792869269949,0.0019374522071101408
26,"(1.0, 1.0, 3.0, 7.0)",123690.0,209,-6.459087340692719,228.0,268.0,0.0015662244876575107,0.0018433179723502304,0.002163309269159222
27,"(1.0, 1.0, 3.0, 8.0)",103740.00000000004,209,-6.337974637978974,233.0,285.0,0.0017678792086871465,0.002245999614420666,0.0027422082329847685
28,"(1.0, 1.0, 3.0, 9.0)",103740.00000000004,121,-6.973400058463472,126.0,138.0,0.0009364634562510178,0.0012145748987854245,0.0013287735064849912
29,"(1.0, 1.0, 3.0, 11.0)",103740.00000000004,161,-6.602625528739283,172.0,196.0,0.0013568010368497957,0.0016579911316753416,0.0018865897968512798
30,"(1.0, 1.0, 3.0, 12.0)",83790.0,61,-6.720694005722764,69.0,85.0,0.0012057011600265254,0.0008234872896527032,0.0010137627327487047
31,"(1.0, 1.0, 3.0, 13.0)",83790.0,79,-6.597866885927408,86.0,104.0,0.0013632729549112551,0.001026375462465688,0.001240144787089485
32,"(1.0, 1.0, 3.0, 14.0)",83790.0,66,-6.507524119551146,68.0,72.0,0.0014921695868501765,0.0008115526912519394,0.0008586324670843163
33,"(1.0, 1.0, 4.0, 4.0)",97650.00000000004,128,-6.933628816634393,137.0,155.0,0.0009744583141031363,0.0014029697900665636,0.0015853332630697472
34,"(1.0, 1.0, 4.0, 6.0)",195300.0000000001,236,-6.916948587532328,253.0,289.0,0.0009908488207095844,0.0012954429083461335,0.0014780965332523723
35,"(1.0, 1.0, 4.0, 7.0)",195300.0000000001,269,-6.697695154455047,298.0,366.0,0.0012337522364965713,0.0015258576548899123,0.0018717116969730807
36,"(1.0, 1.0, 4.0, 8.0)",169260.00000000003,270,-6.576582451741302,306.0,388.0,0.0013926004508049213,0.0018078695498050335,0.0022890629322802765
37,"(1.0, 1.0, 4.0, 9.0)",169260.00000000003,152,-7.212007872225802,167.0,203.0,0.0007376745113179758,0.000986647760841309,0.0011983648223085164
38,"(1.0, 1.0, 4.0, 11.0)",169260.00000000003,234,-6.841233342501612,257.0,307.0,0.0010687844091863987,0.00151837409901926,0.0018114721603246604
39,"(1.0, 1.0, 4.0, 12.0)",136709.99999999997,65,-6.959301819485093,72.0,86.0,0.000949759446651251,0.0005266622778143516,0.0006287914586789364
40,"(1.0, 1.0, 4.0, 13.0)",136709.99999999997,105,-6.836474699689736,117.0,143.0,0.0010738824927917,0.0008558262014483214,0.0010452773632830853
41,"(1.0, 1.0, 4.0, 14.0)",136709.99999999997,100,-6.746131933313475,106.0,120.0,0.001175417431866343,0.0007753639090044621,0.0008771692738325327
42,"(1.0, 1.0, 6.0, 6.0)",97650.00000000004,138,-6.9002683584302655,145.0,161.0,0.0010075150176179432,0.0014848950332821294,0.001646540606453395
43,"(1.0, 1.0, 6.0, 7.0)",195300.0000000001,305,-6.681014925352983,340.0,414.0,0.0012545040982133333,0.0017409114183307723,0.0021167848956362896
44,"(1.0, 1.0, 6.0, 8.0)",169260.00000000003,268,-6.55990222263924,298.0,364.0,0.001416024158683145,0.0017606049864114378,0.0021474379044904247
45,"(1.0, 1.0, 6.0, 9.0)",169260.00000000003,145,-7.195327643123739,163.0,203.0,0.0007500822857462668,0.0009630154791445112,0.0011984108972994175
46,"(1.0, 1.0, 6.0, 11.0)",169260.00000000003,211,-6.824553113399549,233.0,279.0,0.001086761492111449,0.0013765804088384731,0.0016464566747296503
47,"(1.0, 1.0, 6.0, 12.0)",136709.99999999997,83,-6.94262159038303,86.0,92.0,0.0009657345153223001,0.000629068831833809,0.0006725616273898201
48,"(1.0, 1.0, 6.0, 13.0)",136709.99999999997,111,-6.819794470587674,120.0,138.0,0.0010919453260990943,0.0008777704630239194,0.00100866555149175
49,"(1.0, 1.0, 6.0, 14.0)",136709.99999999997,116,-6.72945170421141,123.0,139.0,0.0011951880951194668,0.0008997147245995175,0.0010159412997503788
50,"(1.0, 1.0, 7.0, 7.0)",97650.00000000004,157,-6.461761492275702,171.0,201.0,0.0015620417610795701,0.001751152073732718,0.002055305202205751
51,"(1.0, 1.0, 7.0, 8.0)",169260.00000000003,324,-6.340648789561957,346.0,392.0,0.0017631579472006636,0.0020441923667730115,0.0023117848838538134
52,"(1.0, 1.0, 7.0, 9.0)",169260.00000000003,207,-6.976074210046456,226.0,268.0,0.0009339625564000706,0.001335223915869077,0.0015815800507799453
53,"(1.0, 1.0, 7.0, 11.0)",169260.00000000003,296,-6.6052996803222666,327.0,397.0,0.0013531775921887454,0.0019319390287132218,0.0023417715699965186
54,"(1.0, 1.0, 7.0, 12.0)",136709.99999999997,140,-6.723368157305748,153.0,181.0,0.0012024812395573729,0.0011191573403554972,0.00132271793524194
55,"(1.0, 1.0, 7.0, 13.0)",136709.99999999997,138,-6.600541037510391,147.0,165.0,0.001359632226480286,0.0010752688172043013,0.0012057781836286373
56,"(1.0, 1.0, 7.0, 14.0)",136709.99999999997,123,-6.510198271134129,134.0,160.0,0.0014881846297518187,0.0009801770170433767,0.0011693998703804858
57,"(1.0, 1.0, 8.0, 8.0)",68250.00000000001,143,-6.219536086848216,167.0,221.0,0.0019901682683747955,0.0024468864468864464,0.003232107984811281
58,"(1.0, 1.0, 8.0, 9.0)",136500.00000000003,140,-6.854961507332714,160.0,210.0,0.0010542122142538186,0.001172161172161172,0.0015370875766480157
59,"(1.0, 1.0, 8.0, 11.0)",136500.00000000003,235,-6.484186977608523,251.0,285.0,0.001527402074060109,0.0018388278388278385,0.002084530800091239
60,"(1.0, 1.0, 8.0, 12.0)",114660.00000000004,95,-6.6022554545920045,106.0,128.0,0.001357303246758255,0.0009244723530437812,0.0011154893243552877
61,"(1.0, 1.0, 8.0, 13.0)",114660.00000000004,118,-6.479428334796648,124.0,136.0,0.0015346877561916406,0.0010814582243153668,0.0011849459199388178
62,"(1.0, 1.0, 8.0, 14.0)",114660.00000000004,121,-6.389085568420384,129.0,145.0,0.0016797915537388342,0.001125065410779696,0.001263342635287017
63,"(1.0, 1.0, 9.0, 9.0)",68250.00000000001,48,-7.490386927817212,59.0,83.0,0.0005584268477908634,0.0008644688644688643,0.0012153699096995798
64,"(1.0, 1.0, 9.0, 11.0)",136500.00000000003,141,-7.119612398093022,147.0,159.0,0.0008090802914196307,0.0010769230769230767,0.001163675401521555
65,"(1.0, 1.0, 9.0, 12.0)",114660.00000000004,50,-7.237680875076505,56.0,68.0,0.0007189772261555544,0.0004884004884004882,0.0005928192008778087
66,"(1.0, 1.0, 9.0, 13.0)",114660.00000000004,60,-7.114853755281146,63.0,69.0,0.0008129395907634512,0.0005494505494505492,0.0006014772773014529
67,"(1.0, 1.0, 9.0, 14.0)",114660.00000000004,47,-7.0245109889048845,50.0,56.0,0.0008898025365453069,0.00043607186464329306,0.0004882103297293547
68,"(1.0, 1.0, 11.0, 11.0)",68250.00000000001,97,-6.748837868368833,111.0,147.0,0.0011722411280068537,0.0016263736263736261,0.0021512010626735896
69,"(1.0, 1.0, 11.0, 12.0)",114660.00000000004,91,-6.866906345352314,98.0,112.0,0.0010416947286171134,0.0008547008547008544,0.00097607046324995
70,"(1.0, 1.0, 11.0, 13.0)",114660.00000000004,104,-6.744079225556957,109.0,119.0,0.0011778326984159886,0.0009506366649223788,0.0010369473277823426
71,"(1.0, 1.0, 11.0, 14.0)",114660.00000000004,91,-6.653736459180694,92.0,94.0,0.001289196066453491,0.0008023722309436593,0.0008191713043324013
72,"(1.0, 1.0, 12.0, 12.0)",44100.0,12,-6.984974822335795,14.0,18.0,0.0009256866029548977,0.00031746031746031746,0.0004080624842529605
73,"(1.0, 1.0, 12.0, 13.0)",88200.0,36,-6.862147702540439,38.0,42.0,0.001046663594903003,0.0004308390022675737,0.00047600485394460126
74,"(1.0, 1.0, 12.0, 14.0)",88200.0,38,-6.771804936164177,39.0,41.0,0.0011456250036730202,0.0004421768707482993,0.0004646570873247258
75,"(1.0, 1.0, 13.0, 13.0)",44100.0,24,-6.739320582745082,26.0,30.0,0.0011834509405216657,0.0005895691609977325,0.0006799245170479378
76,"(1.0, 1.0, 13.0, 14.0)",88200.0,48,-6.64897781636882,55.0,69.0,0.0012953455099464083,0.0006235827664399093,0.0007819240697034672
77,"(1.0, 1.0, 14.0, 14.0)",44100.0,12,-6.5586350499925565,12.0,12.0,0.0014178196431181979,0.00027210884353741496,0.0002720348003146837
78,"(1.0, 2.0, 2.0, 2.0)",23940.0,23,-6.859860582395527,25.0,29.0,0.0010490601798900587,0.0010442773600668337,0.0012102712224727789
79,"(1.0, 2.0, 2.0, 3.0)",71820.0,74,-6.642983670127986,80.0,92.0,0.0013031333176768069,0.001113895850737956,0.001279739464382358
80,"(1.0, 2.0, 2.0, 4.0)",123690.0,127,-6.881591483890315,140.0,178.0,0.0010265090718518544,0.0011318619128466328,0.0014378004635152517
81,"(1.0, 2.0, 2.0, 6.0)",123690.0,160,-6.86491125478825,171.0,197.0,0.0010437750784939674,0.0013824884792626728,0.0015907801315388963
82,"(1.0, 2.0, 2.0, 7.0)",123690.0,173,-6.645657821710969,182.0,202.0,0.0012996531969116168,0.0014714204867006225,0.0016309499674300306
83,"(1.0, 2.0, 2.0, 8.0)",103740.00000000004,179,-6.524545118997224,192.0,218.0,0.0014669862994928836,0.0018507807981492184,0.0020979819750024603
84,"(1.0, 2.0, 2.0, 9.0)",103740.00000000004,80,-7.159970539481725,86.0,100.0,0.0007770774459846624,0.0008289955658376708,0.0009632610987212061
85,"(1.0, 2.0, 2.0, 11.0)",103740.00000000004,131,-6.789196009757534,141.0,163.0,0.0011258736017798956,0.0013591671486408324,0.0015693884464241525
86,"(1.0, 2.0, 2.0, 12.0)",83790.0,50,-6.907264486741017,54.0,62.0,0.001000490912699338,0.0006444683136412459,0.0007395297614400689
87,"(1.0, 2.0, 2.0, 13.0)",83790.0,72,-6.78443736694566,74.0,78.0,0.0011312439998709782,0.0008831602816565222,0.0009301187031764818
88,"(1.0, 2.0, 2.0, 14.0)",83790.0,68,-6.694094600569397,74.0,88.0,0.0012382024346871208,0.0008831602816565222,0.0010494646871841199
89,"(1.0, 2.0, 3.0, 3.0)",71820.0,115,-6.426106757860444,122.0,136.0,0.0016187407321259027,0.0016986911723753829,0.0018907373945554191
90,"(1.0, 2.0, 3.0, 4.0)",247380.0,346,-6.664714571622772,382.0,458.0,0.0012751205298516218,0.0015441830382407632,0.0018490181990435445
91,"(1.0, 2.0, 3.0, 6.0)",247380.0,336,-6.64803434252071,361.0,425.0,0.0012965682112619694,0.0014592933947772657,0.0017158751519301698
92,"(1.0, 2.0, 3.0, 7.0)",247380.0,457,-6.428780909443427,488.0,554.0,0.0016144177567565263,0.001972673619532703,0.002235578200637352
93,"(1.0, 2.0, 3.0, 8.0)",207480.0000000001,403,-6.307668206729684,444.0,538.0,0.0018222774632861642,0.0021399652978600337,0.0025884415625975995
94,"(1.0, 2.0, 3.0, 9.0)",207480.0000000001,200,-6.943093627214182,218.0,254.0,0.0009652787606369149,0.001050703682282629,0.001223110403881156
95,"(1.0, 2.0, 3.0, 11.0)",207480.0000000001,348,-6.572319097489993,379.0,447.0,0.001398550273947039,0.0018266820898399838,0.0021510877553882323
96,"(1.0, 2.0, 3.0, 12.0)",167580.0,97,-6.690387574473474,104.0,118.0,0.00124280100166229,0.0006205991168397183,0.0007037561623812428
97,"(1.0, 2.0, 3.0, 13.0)",167580.0,133,-6.567560454678118,138.0,148.0,0.001405221335165294,0.0008234872896527032,0.0008824821503403027
98,"(1.0, 2.0, 3.0, 14.0)",167580.0,163,-6.477217688301854,173.0,197.0,0.0015380841610425336,0.00103234276166607,0.0011744922108976714
99,"(1.0, 2.0, 4.0, 4.0)",195300.0000000001,255,-6.903322385385103,290.0,370.0,0.001004442733404089,0.0014848950332821294,0.0018923163361000922
100,"(1.0, 2.0, 4.0, 6.0)",390600.0000000001,480,-6.886642156283038,524.0,620.0,0.0010213375815667945,0.0013415258576548895,0.00158550189567483
101,"(1.0, 2.0, 4.0, 7.0)",390600.0000000001,603,-6.667388723205757,666.0,818.0,0.0012717152194556209,0.0017050691244239627,0.002091306768978836
102,"(1.0, 2.0, 4.0, 8.0)",338520.00000000006,602,-6.546276020492012,653.0,761.0,0.0014354512482493064,0.0019289849935011222,0.00224429981330274
103,"(1.0, 2.0, 4.0, 9.0)",338520.00000000006,291,-7.181701440976512,324.0,396.0,0.0007603730111253699,0.0009571074087203117,0.001168881889399665
104,"(1.0, 2.0, 4.0, 11.0)",338520.00000000006,470,-6.810926911252322,532.0,672.0,0.001101671275051832,0.0015715467328370552,0.0019826419033975263
105,"(1.0, 2.0, 4.0, 12.0)",273419.99999999994,196,-6.928995388235803,217.0,273.0,0.00097898387325963,0.0007936507936507939,0.0009978340201074458
106,"(1.0, 2.0, 4.0, 13.0)",273419.99999999994,220,-6.806168268440446,232.0,256.0,0.0011069262284526293,0.0008485114475897888,0.0009355685222154898
107,"(1.0, 2.0, 4.0, 14.0)",273419.99999999994,244,-6.715825502064185,261.0,295.0,0.0012115854327142473,0.0009545753785385124,0.0010780149799802556
108,"(1.0, 2.0, 6.0, 6.0)",195300.0000000001,246,-6.869961927180974,268.0,316.0,0.0010385166031173384,0.0013722478238607264,0.0016161404894173333
109,"(1.0, 2.0, 6.0, 7.0)",390600.0000000001,650,-6.650708494103693,713.0,845.0,0.0012931056231335785,0.0018253968253968249,0.002160006380090865
110,"(1.0, 2.0, 6.0, 8.0)",338520.00000000006,617,-6.52959579138995,677.0,807.0,0.0014595957117190612,0.0019998818385915155,0.0023799068887961523
111,"(1.0, 2.0, 6.0, 9.0)",338520.00000000006,327,-7.165021211874448,349.0,395.0,0.0007731625770635343,0.001030958289022805,0.0011657810337856876
112,"(1.0, 2.0, 6.0, 11.0)",338520.00000000006,460,-6.794246682150259,495.0,571.0,0.0011202015190351145,0.0014622474299893651,0.001684615938562434
113,"(1.0, 2.0, 6.0, 12.0)",273419.99999999994,199,-6.91231515913374,212.0,238.0,0.0009954505003180025,0.0007753639090044621,0.0008698545199740001
114,"(1.0, 2.0, 6.0, 13.0)",273419.99999999994,220,-6.789488039338384,236.0,270.0,0.0011255448613871739,0.0008631409553068541,0.0009867467585931815
115,"(1.0, 2.0, 6.0, 14.0)",273419.99999999994,220,-6.69914527296212,237.0,273.0,0.0012319644461125335,0.0008667983322361205,0.000997712562340941
116,"(1.0, 2.0, 7.0, 7.0)",195300.0000000001,363,-6.431455061026412,394.0,460.0,0.0016101063262353573,0.002017409114183307,0.002351280802913526
117,"(1.0, 2.0, 7.0, 8.0)",338520.00000000006,758,-6.310342358312667,833.0,1011.0,0.0018174109269510897,0.002460711331679073,0.002980474499174971
118,"(1.0, 2.0, 7.0, 9.0)",338520.00000000006,357,-6.945767778797165,389.0,459.0,0.0009627009072327232,0.0011491196975067942,0.0013545816862745768
119,"(1.0, 2.0, 7.0, 11.0)",338520.00000000006,594,-6.5749932490729766,639.0,741.0,0.0013948153346407502,0.001887628500531726,0.0021853769508098785
120,"(1.0, 2.0, 7.0, 12.0)",273419.99999999994,225,-6.693061726056458,259.0,335.0,0.0012394820031268257,0.0009472606246799797,0.0012243239686131517
121,"(1.0, 2.0, 7.0, 13.0)",273419.99999999994,256,-6.570234606261101,275.0,321.0,0.001401468580261509,0.001005778655548241,0.0011730064035905359
122,"(1.0, 2.0, 7.0, 14.0)",273419.99999999994,274,-6.479891839884839,297.0,347.0,0.0015339765854362245,0.0010862409479921002,0.0012679298750583221
123,"(1.0, 2.0, 8.0, 8.0)",136500.00000000003,309,-6.1892296555989255,340.0,412.0,0.0020514064342098573,0.0024908424908424904,0.0030121107220008312
124,"(1.0, 2.0, 8.0, 9.0)",273000.00000000006,348,-6.824655076083424,374.0,432.0,0.001086650688641987,0.0013699633699633697,0.0015805407827825407
125,"(1.0, 2.0, 8.0, 11.0)",273000.00000000006,479,-6.453880546359233,537.0,667.0,0.001574400764067608,0.001967032967032967,0.002439354224530048
126,"(1.0, 2.0, 8.0, 12.0)",229320.0000000001,232,-6.5719490233427145,249.0,285.0,0.0013990679370280501,0.0010858189429617997,0.0012416258114564907
127,"(1.0, 2.0, 8.0, 13.0)",229320.0000000001,260,-6.449121903547358,279.0,321.0,0.0015819106291577777,0.0012166405023547877,0.0013983104713930006
128,"(1.0, 2.0, 8.0, 14.0)",229320.0000000001,307,-6.358779137171094,328.0,370.0,0.0017314793207336297,0.0014303157160300013,0.0016114200961326619
129,"(1.0, 2.0, 9.0, 9.0)",136500.00000000003,109,-7.4600804965679215,115.0,127.0,0.0005756098350061574,0.0008424908424908423,0.0009296931395832494
130,"(1.0, 2.0, 9.0, 11.0)",273000.00000000006,251,-7.089305966843732,269.0,307.0,0.0008339759717734806,0.0009853479853479852,0.001123571213889895
131,"(1.0, 2.0, 9.0, 12.0)",229320.0000000001,120,-7.207374443827213,123.0,129.0,0.0007411004040328214,0.0005363683935112505,0.0005622450143362901
132,"(1.0, 2.0, 9.0, 13.0)",229320.0000000001,113,-7.084547324031856,122.0,140.0,0.0008379540230926892,0.0005320076748648175,0.0006102175783344952
133,"(1.0, 2.0, 9.0, 14.0)",229320.0000000001,142,-6.994204557655593,148.0,160.0,0.0009171820682961167,0.0006453863596720737,0.0006972984598760181
134,"(1.0, 2.0, 11.0, 11.0)",136500.00000000003,210,-6.718531437119541,232.0,280.0,0.0012083113928866105,0.0016996336996336994,0.0020483932965691203
135,"(1.0, 2.0, 11.0, 12.0)",229320.0000000001,168,-6.836599914103024,191.0,241.0,0.0010737480356435873,0.0008328972614686898,0.0010502394759421742
136,"(1.0, 2.0, 11.0, 13.0)",229320.0000000001,172,-6.7137727943076655,187.0,225.0,0.0012140750178508473,0.000815454386882958,0.0009804967295903228
137,"(1.0, 2.0, 11.0, 14.0)",229320.0000000001,202,-6.623430027931404,214.0,244.0,0.001328865075233264,0.0009331937903366472,0.0010631444990793122
138,"(1.0, 2.0, 12.0, 12.0)",88200.0,37,-6.954668391086505,42.0,52.0,0.0009541702998381455,0.0004761904761904762,0.000589342403628118
139,"(1.0, 2.0, 12.0, 13.0)",176400.0,81,-6.8318412712911485,85.0,93.0,0.0010788697956633708,0.000481859410430839,0.0005269786958623207
140,"(1.0, 2.0, 12.0, 14.0)",176400.0,85,-6.741498504914885,90.0,102.0,0.0011808762812029422,0.0005102040816326531,0.0005779709843120923
141,"(1.0, 2.0, 13.0, 13.0)",88200.0,39,-6.70901415149579,40.0,42.0,0.0012198661352089523,0.00045351473922902497,0.00047598480057177824
142,"(1.0, 2.0, 13.0, 14.0)",176400.0,81,-6.618671385119528,84.0,90.0,0.001335203739228991,0.0004761904761904762,0.0005099773242630386
143,"(1.0, 2.0, 14.0, 14.0)",88200.0,51,-6.5283286187432665,53.0,57.0,0.0014614464438310745,0.000600907029478458,0.0006458974141432839
144,"(1.0, 3.0, 3.0, 3.0)",23940.0,49,-6.209229845592901,56.0,70.0,0.002010785483188279,0.0023391812865497076,0.00291850483909579
145,"(1.0, 3.0, 3.0, 4.0)",123690.0,208,-6.44783765935523,227.0,267.0,0.0015839434937636233,0.001835233244401326,0.002155254281296151
146,"(1.0, 3.0, 3.0, 6.0)",123690.0,233,-6.431157430253167,256.0,312.0,0.0016105856147482086,0.0020696903549195567,0.0025181515018929627
147,"(1.0, 3.0, 3.0, 7.0)",123690.0,288,-6.2119039971758845,320.0,394.0,0.0020054155212515666,0.0025871129436494463,0.0031786896584851823
148,"(1.0, 3.0, 3.0, 8.0)",103740.00000000004,281,-6.090791294462143,307.0,367.0,0.0022636170183379183,0.0029593213803740105,0.0035289327967633027
149,"(1.0, 3.0, 3.0, 9.0)",103740.00000000004,131,-6.726216714946641,144.0,174.0,0.0011990607764404567,0.0013880855986119138,0.0016753433166936554
150,"(1.0, 3.0, 3.0, 11.0)",103740.00000000004,223,-6.355442185222451,239.0,275.0,0.0017372668349850174,0.0023038365143628293,0.002645550251330896
151,"(1.0, 3.0, 3.0, 12.0)",83790.0,82,-6.473510662205932,92.0,114.0,0.001543796460445166,0.001097983052870271,0.0013593386509026845
152,"(1.0, 3.0, 3.0, 13.0)",83790.0,88,-6.350683542410575,93.0,105.0,0.0017455535684865033,0.0011099176512710347,0.0012519009148875973
153,"(1.0, 3.0, 3.0, 14.0)",83790.0,102,-6.2603407760343135,115.0,145.0,0.0019105946008317258,0.0013724788160878387,0.0017286330700101431
154,"(1.0, 3.0, 4.0, 4.0)",195300.0000000001,273,-6.68644547311756,304.0,374.0,0.0012477099185429076,0.0015565796210957495,0.001912579620047039
155,"(1.0, 3.0, 4.0, 6.0)",390600.0000000001,652,-6.6697652440154975,701.0,803.0,0.0012686965501584719,0.0017946748591909877,0.0020525907140903914
156,"(1.0, 3.0, 4.0, 7.0)",390600.0000000001,774,-6.450511810938215,855.0,1045.0,0.001579713447176091,0.002188940092165898,0.0026705797650312287
157,"(1.0, 3.0, 4.0, 8.0)",338520.00000000006,744,-6.329399108224472,833.0,1029.0,0.0017831049003217997,0.002460711331679073,0.003033647132992766
158,"(1.0, 3.0, 4.0, 9.0)",338520.00000000006,332,-6.96482452870897,375.0,479.0,0.0009445286587501115,0.001107763204537398,0.0014137557272784426
159,"(1.0, 3.0, 4.0, 11.0)",338520.00000000006,557,-6.594049998984779,621.0,757.0,0.0013684863568055622,0.001834455866713931,0.0022328394272325726
160,"(1.0, 3.0, 4.0, 12.0)",273419.99999999994,220,-6.712118475968262,243.0,291.0,0.0012160851466563247,0.0008887425938117184,0.001063506823018447
161,"(1.0, 3.0, 4.0, 13.0)",273419.99999999994,247,-6.589291356172904,272.0,330.0,0.0013750140136461217,0.0009948065247604421,0.0012059447466361835
162,"(1.0, 3.0, 4.0, 14.0)",273419.99999999994,253,-6.498948589796642,269.0,305.0,0.0015050207555750267,0.000983834393972643,0.0011145320333114674
163,"(1.0, 3.0, 6.0, 6.0)",195300.0000000001,320,-6.653085014913433,360.0,450.0,0.0012900361794540456,0.0018433179723502295,0.002300749644290598
164,"(1.0, 3.0, 6.0, 7.0)",390600.0000000001,750,-6.433831581836152,828.0,998.0,0.001606284418265873,0.0021198156682027645,0.0025505499043182995
165,"(1.0, 3.0, 6.0, 8.0)",338520.00000000006,716,-6.312718879122407,788.0,948.0,0.0018130969402333412,0.0023277797471345854,0.002795006822519372
166,"(1.0, 3.0, 6.0, 9.0)",338520.00000000006,385,-6.948144299606906,419.0,493.0,0.0009604157449365246,0.001237740753869786,0.0014548073573913756
167,"(1.0, 3.0, 6.0, 11.0)",338520.00000000006,552,-6.577369769882717,616.0,764.0,0.0013915044627085303,0.0018196856906534324,0.002253571646031423
168,"(1.0, 3.0, 6.0, 12.0)",273419.99999999994,253,-6.695438246866198,273.0,315.0,0.001236539845786907,0.0009984639016897084,0.0011510768025559167
169,"(1.0, 3.0, 6.0, 13.0)",273419.99999999994,274,-6.572611127070841,290.0,322.0,0.001398141915526015,0.001060639309487236,0.001176550415478929
170,"(1.0, 3.0, 6.0, 14.0)",273419.99999999994,291,-6.48226836069458,313.0,359.0,0.0015303353865654698,0.0011447589788603615,0.0013116878444869313
171,"(1.0, 3.0, 7.0, 7.0)",195300.0000000001,477,-6.21457814875887,527.0,641.0,0.0020000599002236354,0.0026984126984126973,0.003274848625232648
172,"(1.0, 3.0, 7.0, 8.0)",338520.00000000006,953,-6.093465446045126,1060.0,1296.0,0.002257571849756088,0.0031312773248257115,0.0038186247371962793
173,"(1.0, 3.0, 7.0, 9.0)",338520.00000000006,533,-6.728890866529625,588.0,714.0,0.0011958585896417531,0.00173697270471464,0.002106164067262282
174,"(1.0, 3.0, 7.0, 11.0)",338520.00000000006,696,-6.358116336805434,760.0,904.0,0.0017326273262677618,0.002245066761195793,0.0026654075069759277
175,"(1.0, 3.0, 7.0, 12.0)",273419.99999999994,311,-6.476184813788917,352.0,444.0,0.001539673629690747,0.0012873966791017485,0.0016222179663848888
176,"(1.0, 3.0, 7.0, 13.0)",273419.99999999994,330,-6.353357693993559,360.0,430.0,0.0017408919293909165,0.0013166556945358792,0.0015709384973665685
177,"(1.0, 3.0, 7.0, 14.0)",273419.99999999994,386,-6.263014927617297,419.0,493.0,0.0019054922065839378,0.0015324409333625927,0.001800738450914056
178,"(1.0, 3.0, 8.0, 8.0)",136500.00000000003,396,-5.972352743331383,436.0,536.0,0.0025482390083623237,0.0031941391941391934,0.0039165374015483895
179,"(1.0, 3.0, 8.0, 9.0)",273000.00000000006,457,-6.6077781638158815,499.0,601.0,0.0013498279166350817,0.0018278388278388275,0.0021981242066846456
180,"(1.0, 3.0, 8.0, 11.0)",273000.00000000006,613,-6.237003634091693,675.0,807.0,0.0019557067653138208,0.002472527472527472,0.0029499305639415527
181,"(1.0, 3.0, 8.0, 12.0)",229320.0000000001,253,-6.355072111075174,279.0,335.0,0.001737909871505824,0.0012166405023547877,0.0014593605324430617
182,"(1.0, 3.0, 8.0, 13.0)",229320.0000000001,295,-6.232244991279817,321.0,381.0,0.0019650354535986855,0.0013997906855049706,0.00165947439032772
183,"(1.0, 3.0, 8.0, 14.0)",229320.0000000001,336,-6.1419022249035535,368.0,440.0,0.0021508283652067165,0.0016047444618873185,0.0019161409996425315
184,"(1.0, 3.0, 9.0, 9.0)",136500.00000000003,120,-7.24320358430038,131.0,157.0,0.0007150174683568525,0.0009597069597069595,0.00114926211273464
185,"(1.0, 3.0, 9.0, 11.0)",273000.00000000006,326,-6.872429054576191,365.0,451.0,0.0010359576083364536,0.0013369963369963367,0.00165022709280951
186,"(1.0, 3.0, 9.0, 12.0)",229320.0000000001,122,-6.990497531559672,135.0,163.0,0.0009205883959298915,0.0005886970172684456,0.0007104505751904269
187,"(1.0, 3.0, 9.0, 13.0)",229320.0000000001,146,-6.867670411764316,157.0,185.0,0.0010408991086553686,0.0006846328274899701,0.0008062642274816151
188,"(1.0, 3.0, 9.0, 14.0)",229320.0000000001,188,-6.777327645388052,199.0,223.0,0.0011393154887431262,0.0008677830106401532,0.0009716872108009878
189,"(1.0, 3.0, 11.0, 11.0)",136500.00000000003,245,-6.501654524852,268.0,318.0,0.0015009537721315752,0.0019633699633699628,0.0023258155080572657
190,"(1.0, 3.0, 11.0, 12.0)",229320.0000000001,191,-6.619723001835482,202.0,224.0,0.0013338003546982636,0.0008808651665794519,0.0009760250533592833
191,"(1.0, 3.0, 11.0, 13.0)",229320.0000000001,225,-6.496895882040125,242.0,280.0,0.0015081132963089946,0.0010552939124367693,0.0012198875757595945
192,"(1.0, 3.0, 11.0, 14.0)",229320.0000000001,233,-6.406553115663861,257.0,309.0,0.001650704494774596,0.0011207046921332632,0.001346206082740806
193,"(1.0, 3.0, 12.0, 12.0)",88200.0,36,-6.737791478818963,37.0,39.0,0.001185261944254778,0.00041950113378684805,0.0004420008895470509
194,"(1.0, 3.0, 12.0, 13.0)",176400.0,93,-6.614964359023606,103.0,125.0,0.0013401625598937982,0.0005839002267573697,0.0007082758405705441
195,"(1.0, 3.0, 12.0, 14.0)",176400.0,106,-6.524621592647344,118.0,150.0,0.0014668741179854048,0.0006689342403628118,0.000849892663036492
196,"(1.0, 3.0, 13.0, 13.0)",88200.0,33,-6.492137239228249,36.0,42.0,0.0015153069712959852,0.00040816326530612246,0.00047602387893933083
197,"(1.0, 3.0, 13.0, 14.0)",176400.0,119,-6.401794472851986,123.0,131.0,0.001658578327373271,0.0006972789115646258,0.0007421441876070157
198,"(1.0, 3.0, 14.0, 14.0)",88200.0,59,-6.311451706475724,62.0,68.0,0.0018153959033657626,0.0007029478458049886,0.0007704809210154205
199,"(1.0, 4.0, 4.0, 4.0)",94395.0,121,-6.925053286879889,131.0,155.0,0.000982850743703787,0.0013877853699878172,0.0016401101765615932
200,"(1.0, 4.0, 4.0, 6.0)",283185.00000000006,354,-6.908373057777826,398.0,500.0,0.0009993824119903412,0.0014054416724049647,0.0017636549754202473
201,"(1.0, 4.0, 4.0, 7.0)",283185.00000000006,476,-6.689119624700544,531.0,651.0,0.001244377810356005,0.001875099316701096,0.00229533457726515
202,"(1.0, 4.0, 4.0, 8.0)",253890.0000000001,455,-6.5680069219868,513.0,645.0,0.0014045940898103715,0.0020205600850762132,0.0025363876193483623
203,"(1.0, 4.0, 4.0, 9.0)",253890.0000000001,257,-7.203432342471299,286.0,354.0,0.0007440276629252131,0.0011264720942140293,0.0013930356807320284
204,"(1.0, 4.0, 4.0, 11.0)",253890.0000000001,343,-6.832657812747108,381.0,463.0,0.0010779892133145523,0.0015006498877466615,0.0018213724541839707
205,"(1.0, 4.0, 4.0, 12.0)",205065.00000000003,142,-6.950726289730591,162.0,204.0,0.0009579391596037833,0.0007899934167215272,0.0009941824351619784
206,"(1.0, 4.0, 4.0, 13.0)",205065.00000000003,156,-6.8278991699352325,171.0,203.0,0.001083131203680293,0.0008338819398727231,0.0009892346630984408
207,"(1.0, 4.0, 4.0, 14.0)",205065.00000000003,212,-6.737556403558971,228.0,262.0,0.00118554060276606,0.0011118425864969643,0.0012764074800198897
208,"(1.0, 4.0, 6.0, 6.0)",283185.00000000006,370,-6.891692828675762,412.0,504.0,0.0010161921449353282,0.0014548793191729785,0.0017776386098151407
209,"(1.0, 4.0, 6.0, 7.0)",566370.0000000001,951,-6.672439395598481,1067.0,1327.0,0.0012653083955091815,0.0018839274679096699,0.0023394421480511683
210,"(1.0, 4.0, 6.0, 8.0)",507780.0000000002,911,-6.551326692884736,1013.0,1239.0,0.0014282195321461,0.001994958446571349,0.0024360532259908286
211,"(1.0, 4.0, 6.0, 9.0)",507780.0000000002,500,-7.186752113369236,555.0,671.0,0.0007565422981313158,0.001092993028476899,0.0013202437844523122
212,"(1.0, 4.0, 6.0, 11.0)",507780.0000000002,768,-6.815977583645045,852.0,1040.0,0.001096121122157438,0.001677892000472645,0.002045315758823894
213,"(1.0, 4.0, 6.0, 12.0)",410130.00000000006,290,-6.934046060628528,306.0,340.0,0.0009740518120352118,0.0007461048935703313,0.0008284487647881584
214,"(1.0, 4.0, 6.0, 13.0)",410130.00000000006,351,-6.811218940833172,379.0,439.0,0.001101349601422538,0.0009240972374612926,0.0010695383589276622
215,"(1.0, 4.0, 6.0, 14.0)",410130.00000000006,356,-6.720876174456908,396.0,480.0,0.0012054815389770995,0.000965547509326311,0.001169428335372459
216,"(1.0, 4.0, 7.0, 7.0)",283185.00000000006,604,-6.453185962521198,676.0,834.0,0.0015754946972630975,0.002387132086798382,0.00293937284358043
217,"(1.0, 4.0, 7.0, 8.0)",507780.0000000002,1173,-6.332073259807455,1313.0,1633.0,0.0017783429774195555,0.0025857654889912944,0.0032092734844085115
218,"(1.0, 4.0, 7.0, 9.0)",507780.0000000002,654,-6.967498680291953,716.0,858.0,0.0009420062201369282,0.0014100594745756032,0.0016877198735992035
219,"(1.0, 4.0, 7.0, 11.0)",507780.0000000002,893,-6.596724150567763,985.0,1187.0,0.0013648317055718043,0.0019398164559454876,0.0023338636432921607
220,"(1.0, 4.0, 7.0, 12.0)",410130.00000000006,361,-6.714792627551246,398.0,478.0,0.0012128374949282091,0.0009704240118986661,0.0011645423920300009
221,"(1.0, 4.0, 7.0, 13.0)",410130.00000000006,438,-6.591965507755887,477.0,561.0,0.0013713419297876194,0.001163045863506693,0.0013665062958649872
222,"(1.0, 4.0, 7.0, 14.0)",410130.00000000006,444,-6.5016227413796255,484.0,576.0,0.0015010014784124595,0.0011801136225099357,0.0014030400726762371
223,"(1.0, 4.0, 8.0, 8.0)",211575.0,562,-6.210960557093712,627.0,769.0,0.002007308403405773,0.0029634881247784474,0.0036258626631018027
224,"(1.0, 4.0, 8.0, 9.0)",423150.0,575,-6.84638597757821,638.0,776.0,0.0010632915167383115,0.0015077395722557013,0.0018315917810537655
225,"(1.0, 4.0, 8.0, 11.0)",423150.0,826,-6.475611447854021,935.0,1177.0,0.0015405566792319402,0.0022096183386505967,0.002776637142510603
226,"(1.0, 4.0, 8.0, 12.0)",355446.0,352,-6.593679924837502,399.0,515.0,0.0013689928919491169,0.0011225333805978967,0.0014476238561726435
227,"(1.0, 4.0, 8.0, 13.0)",355446.0,396,-6.470852805042146,423.0,483.0,0.001547905108608271,0.0011900541854458905,0.0013574399686015776
228,"(1.0, 4.0, 8.0, 14.0)",355446.0,436,-6.380510038665882,483.0,595.0,0.0016942585988186365,0.001358856197565875,0.0016721067966908494
229,"(1.0, 4.0, 9.0, 9.0)",211575.0,166,-7.481811398062709,187.0,233.0,0.0005632362459348072,0.0008838473354602387,0.0011004831409583786
230,"(1.0, 4.0, 9.0, 11.0)",423150.0,406,-7.11103686833852,449.0,547.0,0.0008160484185203384,0.0010610894481862224,0.0012915598979977888
231,"(1.0, 4.0, 9.0, 12.0)",355446.0,233,-7.229105345322001,253.0,297.0,0.000725169349171648,0.0007117818177726011,0.0008350633266378115
232,"(1.0, 4.0, 9.0, 13.0)",355446.0,211,-7.106278225526644,226.0,258.0,0.0008199409557129023,0.0006358209123186082,0.0007254443838833915
233,"(1.0, 4.0, 9.0, 14.0)",355446.0,224,-7.015935459150381,244.0,286.0,0.0008974658763089068,0.0006864615159546036,0.000804151695025706
234,"(1.0, 4.0, 11.0, 11.0)",211575.0,332,-6.740262338614329,366.0,440.0,0.0011823369432915124,0.0017298830202056008,0.002076648294054613
235,"(1.0, 4.0, 11.0, 12.0)",355446.0,255,-6.85833081559781,280.0,332.0,0.001050666225446441,0.0007877427232265942,0.0009334172617992509
236,"(1.0, 4.0, 11.0, 13.0)",355446.0,298,-6.735503695802453,318.0,364.0,0.0011879766705692764,0.0008946506642359177,0.0010232651403835546
237,"(1.0, 4.0, 11.0, 14.0)",355446.0,359,-6.645160929426192,395.0,471.0,0.001300299145028076,0.001111279913123231,0.0013238608520965668
238,"(1.0, 4.0, 12.0, 12.0)",136709.99999999997,71,-6.976399292581293,80.0,100.0,0.0009336589908293993,0.0005851803086826129,0.0007311329498595964
239,"(1.0, 4.0, 12.0, 13.0)",273419.99999999994,139,-6.853572172785935,153.0,181.0,0.0010556778856208907,0.0005595786701777486,0.0006616720959090879
240,"(1.0, 4.0, 12.0, 14.0)",273419.99999999994,110,-6.763229406409673,118.0,136.0,0.0011554915901169156,0.00043157047765342705,0.000497217009303039
241,"(1.0, 4.0, 13.0, 13.0)",136709.99999999997,65,-6.730745052990578,71.0,89.0,0.0011936432992510316,0.000519347523955819,0.0006507433715587679
242,"(1.0, 4.0, 13.0, 14.0)",273419.99999999994,139,-6.640402286614316,152.0,180.0,0.0013065015500185277,0.0005559212932484823,0.0006580187987836525
243,"(1.0, 4.0, 14.0, 14.0)",136709.99999999997,93,-6.550059520238053,98.0,108.0,0.0014300304800201756,0.0007168458781362008,0.0007894795487085267
244,"(1.0, 6.0, 6.0, 6.0)",94395.0,126,-6.875012599573699,143.0,177.0,0.0010332846196199031,0.0015149107473912814,0.0018728043621285349
245,"(1.0, 6.0, 6.0, 7.0)",283185.00000000006,491,-6.655759166496416,539.0,651.0,0.0012865910356340958,0.0019033494005685325,0.0022952278357719984
246,"(1.0, 6.0, 6.0, 8.0)",253890.0000000001,469,-6.534646463782675,523.0,651.0,0.001452242357277044,0.002059947221237543,0.002559859181548279
247,"(1.0, 6.0, 6.0, 9.0)",253890.0000000001,242,-7.1700718842671725,259.0,295.0,0.0007692674310139789,0.001020126826578439,0.001160879858016921
248,"(1.0, 6.0, 6.0, 11.0)",253890.0000000001,392,-6.799297354542983,431.0,517.0,0.0011145580118983012,0.0016975855685533098,0.0020334331427781845
249,"(1.0, 6.0, 6.0, 12.0)",205065.00000000003,179,-6.917365831526464,194.0,224.0,0.0009904354812277517,0.0009460414990368906,0.001091441581689644
250,"(1.0, 6.0, 6.0, 13.0)",205065.00000000003,161,-6.794538711731107,170.0,190.0,0.0011198744348165036,0.0008290054373003681,0.0009258482387323965
251,"(1.0, 6.0, 6.0, 14.0)",205065.00000000003,205,-6.704195945354844,216.0,238.0,0.0012257578841450719,0.001053324555628703,0.001159498119601025
252,"(1.0, 6.0, 7.0, 7.0)",283185.00000000006,612,-6.436505733419136,678.0,826.0,0.0016019947084695073,0.0023941946077652414,0.0029110889914929637
253,"(1.0, 6.0, 7.0, 8.0)",507780.0000000002,1179,-6.315393030705392,1323.0,1651.0,0.0018082549212124,0.002605459057071959,0.003244619673219688
254,"(1.0, 6.0, 7.0, 9.0)",507780.0000000002,642,-6.950818451189891,705.0,835.0,0.0009578508786010294,0.0013883965496868718,0.0016424852897563324
255,"(1.0, 6.0, 7.0, 11.0)",507780.0000000002,904,-6.580043921465702,1009.0,1249.0,0.0013877883397993536,0.001987081019339083,0.002455778162297622
256,"(1.0, 6.0, 7.0, 12.0)",410130.00000000006,394,-6.698112398449183,438.0,532.0,0.0012332375681642436,0.0010679540633457682,0.0012960091583650414
257,"(1.0, 6.0, 7.0, 13.0)",410130.00000000006,457,-6.575285278653826,498.0,588.0,0.001394408066773239,0.0012142491405164213,0.0014322173552971564
258,"(1.0, 6.0, 7.0, 14.0)",410130.00000000006,459,-6.484942512277563,495.0,571.0,0.0015262485046752998,0.0012069343866578889,0.0013907847937936857
259,"(1.0, 6.0, 8.0, 8.0)",211575.0,570,-6.194280327991649,632.0,794.0,0.002041071573334164,0.002987120406475245,0.0037438834451287138
260,"(1.0, 6.0, 8.0, 9.0)",423150.0,561,-6.829705748476147,609.0,711.0,0.0010811762085485694,0.0014392059553349876,0.0016781839148604536
261,"(1.0, 6.0, 8.0, 11.0)",423150.0,846,-6.458931218751957,954.0,1198.0,0.0015664690287528111,0.0022545196738745126,0.0028260644883164924
262,"(1.0, 6.0, 8.0, 12.0)",355446.0,396,-6.57699969573544,439.0,531.0,0.0013920195178344142,0.0012350680553445531,0.00149237241416053
263,"(1.0, 6.0, 8.0, 13.0)",355446.0,407,-6.454172575940081,444.0,536.0,0.0015739410595993091,0.001249134889687885,0.001506404303632559
264,"(1.0, 6.0, 8.0, 14.0)",355446.0,469,-6.36382980956382,520.0,634.0,0.0017227562332018196,0.001462950771706532,0.001781534369774066
265,"(1.0, 6.0, 9.0, 9.0)",211575.0,155,-7.465131168960646,172.0,214.0,0.0005727099476584989,0.0008129504903698452,0.0010108007681231543
266,"(1.0, 6.0, 9.0, 11.0)",423150.0,471,-7.094356639236455,522.0,632.0,0.0008297744515392568,0.0012336051045728465,0.0014920384216835945
267,"(1.0, 6.0, 9.0, 12.0)",355446.0,205,-7.212425116219938,218.0,244.0,0.0007373667852613897,0.0006133139773692769,0.0006860853619197671
268,"(1.0, 6.0, 9.0, 13.0)",355446.0,222,-7.08959799642458,238.0,272.0,0.0008337324616778125,0.0006695813147426051,0.0007647874491402105
269,"(1.0, 6.0, 9.0, 14.0)",355446.0,225,-6.999255230048318,236.0,260.0,0.0009125613608071227,0.0006639545810052722,0.0007310345501676281
270,"(1.0, 6.0, 11.0, 11.0)",211575.0,312,-6.723582109512266,338.0,396.0,0.0012022239935630277,0.001597542242703533,0.0018691245691691656
271,"(1.0, 6.0, 11.0, 12.0)",355446.0,298,-6.841650586495748,326.0,396.0,0.0010683385583314029,0.000917157599185249,0.0011132521019301543
272,"(1.0, 6.0, 11.0, 13.0)",355446.0,306,-6.718823466700391,333.0,391.0,0.0012079585817351636,0.0009368511672659138,0.0010991487555389579
273,"(1.0, 6.0, 11.0, 14.0)",355446.0,366,-6.628480700324129,398.0,468.0,0.0013221703337885258,0.0011197200137292303,0.001315401921626733
274,"(1.0, 6.0, 12.0, 12.0)",136709.99999999997,68,-6.959719063479231,75.0,89.0,0.0009493632478877849,0.0005486065393899497,0.0006507121242743455
275,"(1.0, 6.0, 12.0, 13.0)",273419.99999999994,143,-6.836891943683874,152.0,170.0,0.0010734345152356448,0.0005559212932484823,0.0006214450294909892
276,"(1.0, 6.0, 12.0, 14.0)",273419.99999999994,141,-6.74654917730761,151.0,171.0,0.0011749270983037751,0.000552263916319216,0.0006251064594712743
277,"(1.0, 6.0, 13.0, 13.0)",136709.99999999997,77,-6.714064823888515,82.0,94.0,0.0012137205237961587,0.0005998098163996783,0.0006872270908862207
278,"(1.0, 6.0, 13.0, 14.0)",273419.99999999994,141,-6.6237220575122535,153.0,177.0,0.0013284770639804772,0.0005595786701777486,0.0006470425881920227
279,"(1.0, 6.0, 14.0, 14.0)",136709.99999999997,91,-6.53337929113599,98.0,112.0,0.001454083765513217,0.0007168458781362008,0.0008187385641426573
280,"(1.0, 7.0, 7.0, 7.0)",94395.0,248,-6.217252300341853,281.0,367.0,0.001994718581805961,0.002976852587531119,0.003879056140928055
281,"(1.0, 7.0, 7.0, 8.0)",253890.0000000001,760,-6.09613959762811,860.0,1080.0,0.0022515428252758824,0.0033872937098743537,0.004242336946746653
282,"(1.0, 7.0, 7.0, 9.0)",253890.0000000001,404,-6.731565018112608,455.0,563.0,0.0011926649545365875,0.0017921146953405011,0.002214284090801606
283,"(1.0, 7.0, 7.0, 11.0)",253890.0000000001,623,-6.360790488388417,697.0,859.0,0.0017280002077260993,0.00274528339044468,0.0033758184153643692
284,"(1.0, 7.0, 7.0, 12.0)",205065.00000000003,211,-6.4788589653719,242.0,312.0,0.0015355618092824904,0.0011801136225099357,0.0015200761344127595
285,"(1.0, 7.0, 7.0, 13.0)",205065.00000000003,257,-6.356031845576542,280.0,326.0,0.0017362427395718543,0.0013654207202594298,0.001587875464844451
286,"(1.0, 7.0, 7.0, 14.0)",205065.00000000003,310,-6.26568907920028,340.0,408.0,0.0019004034386842243,0.0016580108746007361,0.001986864049460589
287,"(1.0, 7.0, 8.0, 8.0)",211575.0,720,-5.975026894914366,810.0,1028.0,0.002541433734207044,0.0038284296348812478,0.004844140243392396
288,"(1.0, 7.0, 8.0, 9.0)",423150.0,740,-6.610452315398865,810.0,968.0,0.0013462230942440081,0.0019142148174406239,0.0022839406498827205
289,"(1.0, 7.0, 8.0, 11.0)",423150.0,1030,-6.239677785674676,1159.0,1441.0,0.0019504838954567862,0.002738981448658868,0.0033979097731324692
290,"(1.0, 7.0, 8.0, 12.0)",355446.0,448,-6.357746262658157,478.0,538.0,0.0017332686455085954,0.0013447893632225429,0.0015117829169110908
291,"(1.0, 7.0, 8.0, 13.0)",355446.0,535,-6.2349191428628,583.0,691.0,0.0019597876707405236,0.0016401928844325157,0.0019413462735503447
292,"(1.0, 7.0, 8.0, 14.0)",355446.0,576,-6.144576376486537,636.0,768.0,0.0021450844076587195,0.0017893013284718353,0.00215746415589173
293,"(1.0, 7.0, 9.0, 9.0)",211575.0,208,-7.245877735883364,239.0,307.0,0.0007131079575605669,0.001129623065106936,0.0014497460479141648
294,"(1.0, 7.0, 9.0, 11.0)",423150.0,609,-6.875103206159174,675.0,819.0,0.0010331910014699697,0.0015951790145338532,0.0019329392748793327
295,"(1.0, 7.0, 9.0, 12.0)",355446.0,274,-6.993171683142656,300.0,356.0,0.0009181298916852295,0.0008440100605999224,0.0010008462522628472
296,"(1.0, 7.0, 9.0, 13.0)",355446.0,260,-6.870344563347299,288.0,356.0,0.0010381193051207953,0.0008102496581759254,0.001000902100736667
297,"(1.0, 7.0, 9.0, 14.0)",355446.0,269,-6.780001796971035,289.0,331.0,0.0011362728564685203,0.0008130630250445919,0.0009305633620458864
298,"(1.0, 7.0, 11.0, 11.0)",211575.0,419,-6.504328676434984,467.0,571.0,0.001496945356170499,0.002207255110480917,0.0026939345946515674
299,"(1.0, 7.0, 11.0, 12.0)",355446.0,335,-6.622397153418465,378.0,482.0,0.001330238335181121,0.0010634526763559022,0.00135491189910236
300,"(1.0, 7.0, 11.0, 13.0)",355446.0,424,-6.499570033623108,456.0,524.0,0.0015040857602713917,0.001282895292111882,0.0014725584188506747
301,"(1.0, 7.0, 11.0, 14.0)",355446.0,402,-6.409227267246846,436.0,506.0,0.001646296157644744,0.0012266279547385537,0.001422059019405856
302,"(1.0, 7.0, 12.0, 12.0)",136709.99999999997,75,-6.740465630401948,82.0,96.0,0.0011820966083306323,0.0005998098163996783,0.0007018565986032861
303,"(1.0, 7.0, 12.0, 13.0)",273419.99999999994,165,-6.617638510606589,178.0,204.0,0.0013365835496036373,0.0006510130934094069,0.000745681075522541
304,"(1.0, 7.0, 12.0, 14.0)",273419.99999999994,178,-6.527295744230328,191.0,221.0,0.0014629567144406762,0.0006985589934898692,0.0008077923167004736
305,"(1.0, 7.0, 13.0, 13.0)",136709.99999999997,79,-6.494811390811233,90.0,116.0,0.0015112602239794127,0.0006583278472679396,0.0008480780520353004
306,"(1.0, 7.0, 13.0, 14.0)",273419.99999999994,217,-6.404468624434971,236.0,276.0,0.0016541489625496624,0.0008631409553068541,0.0010086910201687793
307,"(1.0, 7.0, 14.0, 14.0)",136709.99999999997,89,-6.314125858058707,99.0,121.0,0.001810547744781645,0.0007241606319947335,0.000884560808261521
308,"(1.0, 8.0, 8.0, 8.0)",54600.00000000001,176,-5.853914192200623,202.0,266.0,0.0028686487118334747,0.003699633699633699,0.004858107582283406
309,"(1.0, 8.0, 8.0, 9.0)",163800.00000000003,334,-6.4893396126851215,367.0,439.0,0.0015195521697710073,0.00224053724053724,0.0026750776729714456
310,"(1.0, 8.0, 8.0, 11.0)",163800.00000000003,441,-6.118565082960931,507.0,645.0,0.0022016128293425043,0.0030952380952380945,0.003928148438862723
311,"(1.0, 8.0, 8.0, 12.0)",143325.00000000003,197,-6.236633559944414,226.0,288.0,0.0019564306557656305,0.001576835862550148,0.0020069327409388705
312,"(1.0, 8.0, 8.0, 13.0)",143325.00000000003,224,-6.113806440149055,242.0,286.0,0.002212114485405242,0.001688470259898831,0.0019926139207891466
313,"(1.0, 8.0, 8.0, 14.0)",143325.00000000003,283,-6.023463673772794,307.0,357.0,0.0024212685697761133,0.002141984999127856,0.0024862543911060016
314,"(1.0, 8.0, 9.0, 9.0)",163800.00000000003,155,-7.12476503316962,169.0,201.0,0.0008049221179054623,0.0010317460317460316,0.001226041727232203
315,"(1.0, 8.0, 9.0, 11.0)",327600.00000000006,465,-6.753990503445431,521.0,649.0,0.0011662165318544195,0.00159035409035409,0.0019785452549417747
316,"(1.0, 8.0, 9.0, 12.0)",286650.00000000006,194,-6.872058980428912,214.0,256.0,0.0010363410604134495,0.0007465550322693178,0.0008925178343732578
317,"(1.0, 8.0, 9.0, 13.0)",286650.00000000006,235,-6.749231860633556,248.0,274.0,0.0011717793650415195,0.0008651665794522936,0.0009551210140878974
318,"(1.0, 8.0, 9.0, 14.0)",286650.00000000006,267,-6.658889094257294,287.0,327.0,0.0012825703940759167,0.001001221001221001,0.0011397615544135689
319,"(1.0, 8.0, 11.0, 11.0)",163800.00000000003,328,-6.38321597372124,369.0,461.0,0.0016896802422446183,0.002252747252747252,0.0028093329442230534
320,"(1.0, 8.0, 11.0, 12.0)",286650.00000000006,308,-6.501284450704723,339.0,403.0,0.001501509339113047,0.001182626896912611,0.001404497085232676
321,"(1.0, 8.0, 11.0, 13.0)",286650.00000000006,313,-6.378457330909367,349.0,429.0,0.0016977399885013426,0.0012175126460840745,0.0014951163024124073
322,"(1.0, 8.0, 11.0, 14.0)",286650.00000000006,369,-6.288114564533103,395.0,449.0,0.0018582602758271452,0.0013779870922728064,0.0015644712893722384
323,"(1.0, 8.0, 12.0, 12.0)",114660.00000000004,69,-6.619352927688205,79.0,105.0,0.0013342940510736644,0.000688993546136403,0.0009152762036442978
324,"(1.0, 8.0, 12.0, 13.0)",229320.0000000001,118,-6.496525807892848,129.0,151.0,0.0015086715133355974,0.000562532705389848,0.0006581520725667394
325,"(1.0, 8.0, 12.0, 14.0)",229320.0000000001,162,-6.406183041516584,185.0,239.0,0.0016513154908828647,0.0008067329495900921,0.0010415609384455161
326,"(1.0, 8.0, 13.0, 13.0)",114660.00000000004,74,-6.373698688097491,79.0,89.0,0.001705838179611776,0.000688993546136403,0.000775733206958444
327,"(1.0, 8.0, 13.0, 14.0)",229320.0000000001,154,-6.283355921721228,168.0,200.0,0.0018671241460007275,0.0007326007326007323,0.000871607025453179
328,"(1.0, 8.0, 14.0, 14.0)",114660.00000000004,112,-6.193013155344964,121.0,141.0,0.002043659602795585,0.0010552939124367693,0.0012286090130524605
329,"(1.0, 9.0, 9.0, 9.0)",54600.00000000001,29,-7.760190453654119,31.0,35.0,0.0004263753682053912,0.0005677655677655677,0.0006407032832857007
330,"(1.0, 9.0, 9.0, 11.0)",163800.00000000003,140,-7.3894159239299295,152.0,180.0,0.00061775666504302,0.0009279609279609277,0.0010980399874172765
331,"(1.0, 9.0, 9.0, 12.0)",143325.00000000003,68,-7.507484400913411,74.0,92.0,0.0005489603172664315,0.0005163090877376591,0.0006416312096808469
332,"(1.0, 9.0, 9.0, 13.0)",143325.00000000003,71,-7.384657281118054,73.0,77.0,0.00062070335391596,0.0005093319379033663,0.0005369811182175687
333,"(1.0, 9.0, 9.0, 14.0)",143325.00000000003,69,-7.294314514741791,73.0,81.0,0.0006793904799714817,0.0005093319379033663,0.0005648897175547395
334,"(1.0, 9.0, 11.0, 11.0)",163800.00000000003,182,-7.018641394205741,210.0,270.0,0.0008950406746321241,0.0012820512820512818,0.0016467079928618388
335,"(1.0, 9.0, 11.0, 12.0)",286650.00000000006,167,-7.136709871189222,183.0,215.0,0.0007953646484383864,0.0006384092098377811,0.0007496360408672584
336,"(1.0, 9.0, 11.0, 13.0)",286650.00000000006,162,-7.013882751393865,178.0,216.0,0.0008993100035540282,0.0006209663352520495,0.0007531465829140942
337,"(1.0, 9.0, 11.0, 14.0)",286650.00000000006,215,-6.923539985017602,240.0,296.0,0.0009843392195371488,0.0008372579801151228,0.0010319171745500517
338,"(1.0, 9.0, 12.0, 12.0)",114660.00000000004,28,-7.254778348172703,31.0,37.0,0.000706789023019014,0.0002703645560788417,0.0003226200828428531
339,"(1.0, 9.0, 12.0, 13.0)",229320.0000000001,79,-7.131951228377346,87.0,103.0,0.0007991585243965197,0.00037938252223966497,0.0004490100894844109
340,"(1.0, 9.0, 12.0, 14.0)",229320.0000000001,99,-7.041608462001083,108.0,126.0,0.0008747184787027337,0.0004709576138147565,0.0005492287483765391
341,"(1.0, 9.0, 13.0, 13.0)",114660.00000000004,46,-7.0091241085819895,50.0,60.0,0.0009035996971028819,0.00043607186464329306,0.0005230960789008182
342,"(1.0, 9.0, 13.0, 14.0)",229320.0000000001,106,-6.918781342205726,113.0,127.0,0.0009890345010121072,0.0004927612070469211,0.0005535684544898118
343,"(1.0, 9.0, 14.0, 14.0)",114660.00000000004,57,-6.828438575829463,62.0,72.0,0.001082547113869709,0.0005407291121576834,0.0006276510971136072
344,"(1.0, 11.0, 11.0, 11.0)",54600.00000000001,93,-6.64786686448155,107.0,135.0,0.0012967853761482954,0.0019597069597069596,0.0024686870211595483
345,"(1.0, 11.0, 11.0, 12.0)",143325.00000000003,107,-6.765935341465031,115.0,133.0,0.001152369131407529,0.0008023722309436594,0.0009273171267639382
346,"(1.0, 11.0, 11.0, 13.0)",143325.00000000003,138,-6.643108221669674,153.0,191.0,0.0013029710205204553,0.0010675039246467815,0.0013314960537207676
347,"(1.0, 11.0, 11.0, 14.0)",143325.00000000003,139,-6.552765455293411,154.0,186.0,0.0014261661410970548,0.0010744810744810743,0.0012965953595990224
348,"(1.0, 11.0, 12.0, 12.0)",114660.00000000004,61,-6.884003818448512,69.0,89.0,0.001024035772955141,0.0006017791732077444,0.000775845780891755
349,"(1.0, 11.0, 12.0, 13.0)",229320.0000000001,114,-6.761176698653156,124.0,144.0,0.0011578659127280538,0.0005407291121576834,0.0006276510971136072
350,"(1.0, 11.0, 12.0, 14.0)",229320.0000000001,118,-6.670833932276894,129.0,157.0,0.0012673414332757687,0.000562532705389848,0.0006843163844453369
351,"(1.0, 11.0, 13.0, 13.0)",114660.00000000004,44,-6.638349578857799,46.0,50.0,0.001309186170311941,0.0004011861154718296,0.0004359109143440457
352,"(1.0, 11.0, 13.0, 14.0)",229320.0000000001,125,-6.548006812481535,136.0,162.0,0.0014329689295358358,0.0005930577359148785,0.0007060847032440063
353,"(1.0, 11.0, 14.0, 14.0)",114660.00000000004,71,-6.457664046105274,79.0,97.0,0.001568455273649744,0.000688993546136403,0.000845504705301371
354,"(1.0, 12.0, 12.0, 12.0)",27930.0,4,-7.002072295431994,4.0,4.0,0.0009099942333677316,0.00014321518080916577,0.00014319467022115155
355,"(1.0, 12.0, 12.0, 13.0)",83790.0,20,-6.879245175636637,20.0,20.0,0.0010289204063203665,0.00023869196801527628,0.00023863499415968127
356,"(1.0, 12.0, 12.0, 14.0)",83790.0,28,-6.788902409260375,31.0,37.0,0.0011262042073597225,0.00036997255042367825,0.0004414432611401941
357,"(1.0, 12.0, 13.0, 13.0)",83790.0,20,-6.75641805584128,23.0,29.0,0.0011633889136027668,0.00027449576321756774,0.00034602800569812623
358,"(1.0, 12.0, 13.0, 14.0)",167580.0,44,-6.666075289465017,49.0,61.0,0.0012733866305370415,0.00029239766081871346,0.0003639197548312441
359,"(1.0, 12.0, 14.0, 14.0)",83790.0,19,-6.575732523088755,19.0,19.0,0.0013937845649646052,0.00022675736961451248,0.00022670595070983798
360,"(1.0, 13.0, 13.0, 13.0)",27930.0,11,-6.633590936045923,11.0,11.0,0.001315430966263105,0.0003938417472252059,0.0003936866359033485
361,"(1.0, 13.0, 13.0, 14.0)",83790.0,28,-6.54324816966966,31.0,39.0,0.0014398041671607317,0.00036997255042367825,0.00046531245794172177
362,"(1.0, 13.0, 14.0, 14.0)",83790.0,35,-6.452905403293398,37.0,43.0,0.0015759367788508996,0.0004415801408282611,0.0005129927382120701
363,"(1.0, 14.0, 14.0, 14.0)",27930.0,19,-6.362562636917136,19.0,19.0,0.0017249406464995296,0.0006802721088435374,0.0006798093387014669
364,"(2.0, 2.0, 2.0, 2.0)",5985.0,9,-6.829554151146237,9.0,9.0,0.0010813401243992369,0.0015037593984962407,0.001501498106167675
365,"(2.0, 2.0, 2.0, 3.0)",23940.0,40,-6.612677238878696,46.0,60.0,0.0013432311804963421,0.0019214703425229742,0.0025025736158832057
366,"(2.0, 2.0, 2.0, 4.0)",41229.99999999999,64,-6.851285052641025,70.0,82.0,0.0010580951109683315,0.0016977928692699493,0.001985960574803568
367,"(2.0, 2.0, 2.0, 6.0)",41229.99999999999,58,-6.83460482353896,61.0,67.0,0.0010758923986055548,0.0014795052146495272,0.0016228413820496333
368,"(2.0, 2.0, 2.0, 7.0)",41229.99999999999,71,-6.615351390461679,78.0,92.0,0.0013396439752117514,0.0018918263400436578,0.0022278059069967644
369,"(2.0, 2.0, 2.0, 8.0)",34580.00000000001,43,-6.494238687747934,48.0,58.0,0.0015121259752246586,0.0013880855986119142,0.0016753433166936558
370,"(2.0, 2.0, 2.0, 9.0)",34580.00000000001,31,-7.129664108232435,34.0,40.0,0.0008009883877176216,0.0009832272990167724,0.0011557712629217298
371,"(2.0, 2.0, 2.0, 11.0)",34580.00000000001,49,-6.758889578508244,50.0,52.0,0.0011605171218433607,0.0014459224985540772,0.0015016687066244153
372,"(2.0, 2.0, 2.0, 12.0)",27930.0,20,-6.876958055491727,23.0,29.0,0.0010312763640613904,0.0008234872896527032,0.0010376319295502324
373,"(2.0, 2.0, 2.0, 13.0)",27930.0,26,-6.75413093569637,28.0,32.0,0.0011660527689408354,0.0010025062656641604,0.0011447164276606303
374,"(2.0, 2.0, 2.0, 14.0)",27930.0,17,-6.663788169320107,18.0,20.0,0.00127630235178341,0.0006444683136412459,0.0007156605646385413
375,"(2.0, 2.0, 3.0, 3.0)",35910.0,62,-6.395800326611154,69.0,83.0,0.0016685499442277733,0.0019214703425229742,0.0023076418420040633
376,"(2.0, 2.0, 3.0, 4.0)",123690.0,200,-6.634408140373482,225.0,289.0,0.0013143564295027151,0.001819063788503517,0.0023331773841667614
377,"(2.0, 2.0, 3.0, 6.0)",123690.0,182,-6.61772791127142,208.0,274.0,0.0013364640634868502,0.00168162341337214,0.0022123876006954367
378,"(2.0, 2.0, 3.0, 7.0)",123690.0,221,-6.398474478194137,245.0,307.0,0.0016640939494113594,0.0019807583474816073,0.0024780880766825694
379,"(2.0, 2.0, 3.0, 8.0)",103740.00000000004,214,-6.277361775480394,236.0,284.0,0.0018783495709905746,0.0022749180643917475,0.002732438011729356
380,"(2.0, 2.0, 3.0, 9.0)",103740.00000000004,100,-6.912787195964892,107.0,123.0,0.000994980721903344,0.0010314247156352416,0.00118459261187032
381,"(2.0, 2.0, 3.0, 11.0)",103740.00000000004,166,-6.542012666240703,186.0,230.0,0.001441584149507007,0.0017929438982070554,0.0022138665166274666
382,"(2.0, 2.0, 3.0, 12.0)",83790.0,65,-6.660081143224184,69.0,77.0,0.0012810424182546289,0.0008234872896527032,0.0009182859455425941
383,"(2.0, 2.0, 3.0, 13.0)",83790.0,76,-6.537254023428828,77.0,79.0,0.0014484604815858573,0.0009189640768588137,0.0009419887786857844
384,"(2.0, 2.0, 3.0, 14.0)",83790.0,77,-6.446911257052564,80.0,86.0,0.0015854115425604385,0.0009547678720611051,0.001025463880776168
385,"(2.0, 2.0, 4.0, 4.0)",97650.00000000004,127,-6.873015954135813,135.0,151.0,0.0010353497836558,0.0013824884792626722,0.0015444276912985097
386,"(2.0, 2.0, 4.0, 6.0)",195300.0000000001,249,-6.856335725033748,269.0,309.0,0.0010527644921388547,0.0013773681515616993,0.0015802841165756772
387,"(2.0, 2.0, 4.0, 7.0)",195300.0000000001,349,-6.637082291956467,402.0,526.0,0.0013108463365282437,0.0020583717357910898,0.0026890554765090207
388,"(2.0, 2.0, 4.0, 8.0)",169260.00000000003,317,-6.515969589242722,358.0,444.0,0.0014796205795492268,0.002115089211863405,0.002618709665970417
389,"(2.0, 2.0, 4.0, 9.0)",169260.00000000003,168,-7.151395009727222,177.0,199.0,0.0007837699516211724,0.0010457284650833036,0.001174612466393006
390,"(2.0, 2.0, 4.0, 11.0)",169260.00000000003,235,-6.780620480003032,254.0,292.0,0.0011355700811525034,0.0015006498877466617,0.001722904613780647
391,"(2.0, 2.0, 4.0, 12.0)",136709.99999999997,95,-6.898688956986513,106.0,130.0,0.0010091075455808051,0.0007753639090044621,0.0009503168124178594
392,"(2.0, 2.0, 4.0, 13.0)",136709.99999999997,134,-6.775861837191156,142.0,160.0,0.0011409867312866507,0.001038695047911638,0.0011692817299626696
393,"(2.0, 2.0, 4.0, 14.0)",136709.99999999997,109,-6.685519070814895,118.0,136.0,0.0012488663354554446,0.0008631409553068541,0.0009940615124517142
394,"(2.0, 2.0, 6.0, 6.0)",97650.00000000004,151,-6.839655495931684,165.0,193.0,0.0010704721181231613,0.001689708141321044,0.0019735913789726773
395,"(2.0, 2.0, 6.0, 7.0)",195300.0000000001,300,-6.620402062854403,333.0,403.0,0.0013328949303243562,0.0017050691244239623,0.0020605848027729985
396,"(2.0, 2.0, 6.0, 8.0)",169260.00000000003,296,-6.49928936014066,319.0,369.0,0.0015045079765093074,0.0018846744653196264,0.0021765259886893716
397,"(2.0, 2.0, 6.0, 9.0)",169260.00000000003,159,-7.134714780625158,175.0,209.0,0.0007969530569259953,0.0010339123242349047,0.0012337177439634814
398,"(2.0, 2.0, 6.0, 11.0)",169260.00000000003,227,-6.763940250900969,242.0,278.0,0.001154670507151068,0.0014297530426562682,0.0016403993841644638
399,"(2.0, 2.0, 6.0, 12.0)",136709.99999999997,88,-6.88200872788445,93.0,103.0,0.0010260808564480637,0.0006802721088435376,0.0007529568772867937
400,"(2.0, 2.0, 6.0, 13.0)",136709.99999999997,103,-6.759181608089094,111.0,127.0,0.0011601782659950736,0.0008119376782971255,0.0009283144972402096
401,"(2.0, 2.0, 6.0, 14.0)",136709.99999999997,161,-6.66883884171283,169.0,185.0,0.001269872418143233,0.0012361934020920199,0.0013517012897011666
402,"(2.0, 2.0, 7.0, 7.0)",97650.00000000004,205,-6.401148629777122,219.0,249.0,0.0016596498546821244,0.002242703533026113,0.0025448934759474363
403,"(2.0, 2.0, 7.0, 8.0)",169260.00000000003,367,-6.280035927063377,416.0,524.0,0.0018733332896495797,0.0024577572964669735,0.003089788331352178
404,"(2.0, 2.0, 7.0, 9.0)",169260.00000000003,205,-6.9154613475478754,222.0,258.0,0.0009923235470584608,0.0013115916341722791,0.001522561896828629
405,"(2.0, 2.0, 7.0, 11.0)",169260.00000000003,306,-6.544686817823687,338.0,410.0,0.0014377342848266885,0.001996927803379416,0.002418321153269867
406,"(2.0, 2.0, 7.0, 12.0)",136709.99999999997,116,-6.662755294807168,124.0,140.0,0.0012776212929864902,0.00090702947845805,0.0010232428377197809
407,"(2.0, 2.0, 7.0, 13.0)",136709.99999999997,140,-6.539928175011811,154.0,192.0,0.0014445922531159483,0.00112647209421403,0.0014031638014592282
408,"(2.0, 2.0, 7.0, 14.0)",136709.99999999997,166,-6.449585408635549,179.0,205.0,0.0015811775754322886,0.0013093409406773465,0.0014978101673002618
409,"(2.0, 2.0, 8.0, 8.0)",68250.00000000001,179,-6.158923224349636,197.0,235.0,0.0021145289195843406,0.002886446886446886,0.0034348918675951635
410,"(2.0, 2.0, 8.0, 9.0)",136500.00000000003,175,-6.794348644834134,194.0,244.0,0.0011200873061045806,0.001421245421245421,0.0017855258489983762
411,"(2.0, 2.0, 8.0, 11.0)",136500.00000000003,278,-6.423574115109943,310.0,384.0,0.0016228456200191854,0.0022710622710622706,0.00280802908934777
412,"(2.0, 2.0, 8.0, 12.0)",114660.00000000004,109,-6.5416425920934245,125.0,161.0,0.0014421177412600329,0.0010901796616082325,0.0014029629124568195
413,"(2.0, 2.0, 8.0, 13.0)",114660.00000000004,149,-6.418815472298068,163.0,193.0,0.0016305865662551552,0.0014215942787371354,0.001681216467229773
414,"(2.0, 2.0, 8.0, 14.0)",114660.00000000004,125,-6.328472705921804,135.0,155.0,0.0017847575381929259,0.0011773940345368912,0.0013504365236816454
415,"(2.0, 2.0, 9.0, 9.0)",68250.00000000001,70,-7.429774065318631,77.0,91.0,0.0005933215486800896,0.001128205128205128,0.0013320604865220246
416,"(2.0, 2.0, 9.0, 11.0)",136500.00000000003,136,-7.058999535594442,147.0,171.0,0.0008596377008209574,0.0010769230769230767,0.0012515874894336429
417,"(2.0, 2.0, 9.0, 12.0)",114660.00000000004,66,-7.177068012577923,75.0,99.0,0.0007639043197437542,0.0006541077969649396,0.0008629944349836699
418,"(2.0, 2.0, 9.0, 13.0)",114660.00000000004,67,-7.054240892782566,72.0,82.0,0.0008637381581549021,0.000627943485086342,0.0007147635449945383
419,"(2.0, 2.0, 9.0, 14.0)",114660.00000000004,69,-6.963898126406303,80.0,106.0,0.0009454040777069731,0.0006977149834292689,0.0009239855468456795
420,"(2.0, 2.0, 11.0, 11.0)",68250.00000000001,79,-6.688225005870251,92.0,122.0,0.0012454915522901206,0.0013479853479853477,0.0017857287230474042
421,"(2.0, 2.0, 11.0, 12.0)",114660.00000000004,63,-6.806293482853734,68.0,80.0,0.0011067876340115725,0.0005930577359148785,0.0006973632659511404
422,"(2.0, 2.0, 11.0, 13.0)",114660.00000000004,88,-6.683466363058376,93.0,107.0,0.0012514325259876168,0.0008110936682365251,0.0009325359173979938
423,"(2.0, 2.0, 11.0, 14.0)",114660.00000000004,90,-6.593123596682114,99.0,119.0,0.0013697547131310728,0.0008634222919937202,0.0010371055397967257
424,"(2.0, 2.0, 12.0, 12.0)",44100.0,17,-6.924361959837215,18.0,20.0,0.000983530449924396,0.00040816326530612246,0.0004533481419778796
425,"(2.0, 2.0, 12.0, 13.0)",88200.0,34,-6.8015348400418585,35.0,37.0,0.0011120669923583132,0.0003968253968253968,0.0004193436633912824
426,"(2.0, 2.0, 12.0, 14.0)",88200.0,44,-6.711192073665595,46.0,50.0,0.0012172122527326502,0.0005215419501133786,0.0005666214180305531
427,"(2.0, 2.0, 13.0, 13.0)",44100.0,14,-6.6787077202465,14.0,14.0,0.0012574018380294494,0.00031746031746031746,0.0003173595364071555
428,"(2.0, 2.0, 13.0, 14.0)",88200.0,42,-6.588364953870238,44.0,48.0,0.0013762884200099125,0.0004988662131519275,0.0005439688195762053
429,"(2.0, 2.0, 14.0, 14.0)",44100.0,33,-6.4980221874939765,34.0,36.0,0.001506415656288406,0.0007709750566893424,0.0008157321280742078
430,"(2.0, 3.0, 3.0, 3.0)",23940.0,54,-6.178923414343611,67.0,97.0,0.002072658047852759,0.0027986633249791146,0.004043963640652732
431,"(2.0, 3.0, 3.0, 4.0)",123690.0,212,-6.41753122810594,237.0,295.0,0.0016326819828079047,0.001916080523890371,0.0023813233803528016
432,"(2.0, 3.0, 3.0, 6.0)",123690.0,231,-6.400850999003877,252.0,294.0,0.0016601438910682582,0.0020373514431239388,0.0023727592160751295
433,"(2.0, 3.0, 3.0, 7.0)",123690.0,288,-6.1815975659265945,320.0,384.0,0.0020671228503302747,0.0025871129436494463,0.003097842378996137
434,"(2.0, 3.0, 3.0, 8.0)",103740.00000000004,274,-6.060484863212853,291.0,325.0,0.0023332692967702544,0.002805089647194909,0.0031249635522717
435,"(2.0, 3.0, 3.0, 9.0)",103740.00000000004,139,-6.695910283697351,151.0,179.0,0.0012359562911769767,0.0014555619818777707,0.0017233488542581106
436,"(2.0, 3.0, 3.0, 11.0)",103740.00000000004,211,-6.325135753973161,224.0,256.0,0.0017907231362592007,0.0021592442645074214,0.0024630453950718165
437,"(2.0, 3.0, 3.0, 12.0)",83790.0,74,-6.443204230956642,85.0,107.0,0.0015912996113910517,0.0010144408640649241,0.0012759729386150433
438,"(2.0, 3.0, 3.0, 13.0)",83790.0,114,-6.320377111161285,122.0,138.0,0.0017992648554161503,0.0014560210048931853,0.0016448545821387162
439,"(2.0, 3.0, 3.0, 14.0)",83790.0,115,-6.230034344785024,126.0,150.0,0.0019693842573992306,0.0015037593984962407,0.0017879284677860064
440,"(2.0, 3.0, 4.0, 4.0)",195300.0000000001,289,-6.65613904186827,319.0,381.0,0.0012861023842052086,0.0016333845366103424,0.001948176909026222
441,"(2.0, 3.0, 4.0, 6.0)",390600.0000000001,624,-6.639458812766208,690.0,842.0,0.0013077347817329389,0.001766513056835637,0.0021525373937296035
442,"(2.0, 3.0, 4.0, 7.0)",390600.0000000001,820,-6.420205379688925,891.0,1043.0,0.0016283217762240877,0.0022811059907834096,0.002665047451516159
443,"(2.0, 3.0, 4.0, 8.0)",338520.00000000006,768,-6.299092676975182,879.0,1149.0,0.0018379716547175897,0.002596596951435661,0.003387444142974382
444,"(2.0, 3.0, 4.0, 9.0)",338520.00000000006,376,-6.93451809745968,423.0,537.0,0.0009735921322059216,0.001249556894718185,0.001584755516464416
445,"(2.0, 3.0, 4.0, 11.0)",338520.00000000006,559,-6.563743567735489,617.0,743.0,0.001410595155238728,0.001822639725865532,0.0021915261470197944
446,"(2.0, 3.0, 4.0, 12.0)",273419.99999999994,225,-6.681812044718972,246.0,304.0,0.0012535045071515594,0.0008997147245995175,0.0011110330999113034
447,"(2.0, 3.0, 4.0, 13.0)",273419.99999999994,262,-6.558984924923614,280.0,320.0,0.0014173236703375908,0.0010240655401945727,0.001169311907134612
448,"(2.0, 3.0, 4.0, 14.0)",273419.99999999994,293,-6.468642158547352,314.0,360.0,0.0015513307646730886,0.001148416355789628,0.0013153368344096341
449,"(2.0, 3.0, 6.0, 6.0)",195300.0000000001,368,-6.622778583664143,402.0,474.0,0.0013297310388013643,0.0020583717357910898,0.0024227984360584323
450,"(2.0, 3.0, 6.0, 7.0)",390600.0000000001,840,-6.403525150586862,929.0,1135.0,0.0016557103452827708,0.0023783922171018938,0.0029001292207637276
451,"(2.0, 3.0, 6.0, 8.0)",338520.00000000006,791,-6.282412447873117,874.0,1062.0,0.0018688865600687127,0.002581826775375162,0.003130519565751867
452,"(2.0, 3.0, 6.0, 9.0)",338520.00000000006,415,-6.917837868357616,445.0,507.0,0.0009899680695281804,0.0013145456693843787,0.0014959678222176646
453,"(2.0, 3.0, 6.0, 11.0)",338520.00000000006,547,-6.547063338633427,598.0,714.0,0.0014343215362201875,0.0017665130568356373,0.002106060573059235
454,"(2.0, 3.0, 6.0, 12.0)",273419.99999999994,271,-6.665131815616908,295.0,349.0,0.0012745886044477992,0.0010789261941335675,0.001275260466581562
455,"(2.0, 3.0, 6.0, 13.0)",273419.99999999994,281,-6.542304695821551,301.0,345.0,0.001441163225756154,0.0011008704557091656,0.0012605831248366308
456,"(2.0, 3.0, 6.0, 14.0)",273419.99999999994,304,-6.4519619294452895,334.0,400.0,0.0015774243356131245,0.0012215638943749545,0.001461458553358492
457,"(2.0, 3.0, 7.0, 7.0)",195300.0000000001,509,-6.18427171750958,563.0,683.0,0.002061602434991295,0.0028827444956477204,0.003488873603937276
458,"(2.0, 3.0, 7.0, 8.0)",338520.00000000006,918,-6.063159014795836,1027.0,1277.0,0.0023270381162606908,0.0030337941628264206,0.0037630990588289528
459,"(2.0, 3.0, 7.0, 9.0)",338520.00000000006,509,-6.698584435280335,555.0,655.0,0.0012326555719831334,0.0016394895427153488,0.0019322051379646486
460,"(2.0, 3.0, 7.0, 11.0)",338520.00000000006,706,-6.327809905556144,778.0,936.0,0.0017859408682543334,0.0022982393950135883,0.002759695054208553
461,"(2.0, 3.0, 7.0, 12.0)",273419.99999999994,308,-6.445878382539627,338.0,404.0,0.001587049919708609,0.0012361934020920199,0.0014760521052962219
462,"(2.0, 3.0, 7.0, 13.0)",273419.99999999994,304,-6.3230512627442685,334.0,410.0,0.0017944597760735594,0.0012215638943749545,0.0014980323226511552
463,"(2.0, 3.0, 7.0, 14.0)",273419.99999999994,388,-6.232708496368007,418.0,488.0,0.0019641248607159888,0.0015287835564333264,0.0017824627623195487
464,"(2.0, 3.0, 8.0, 8.0)",136500.00000000003,444,-5.942046312082093,488.0,584.0,0.0026266492038524237,0.0035750915750915745,0.004265606998617987
465,"(2.0, 3.0, 8.0, 9.0)",273000.00000000006,431,-6.577471732566592,461.0,527.0,0.0013913625884119526,0.0016886446886446884,0.001927551409518442
466,"(2.0, 3.0, 8.0, 11.0)",273000.00000000006,635,-6.206697202842403,695.0,827.0,0.002015884538782613,0.0025457875457875452,0.003022822995075742
467,"(2.0, 3.0, 8.0, 12.0)",229320.0000000001,304,-6.324765679825884,323.0,361.0,0.0017913859592361202,0.0014085121227978366,0.0015722355249622195
468,"(2.0, 3.0, 8.0, 13.0)",229320.0000000001,327,-6.201938560030527,349.0,399.0,0.002025500274031943,0.0015218908076050927,0.0017376105882964663
469,"(2.0, 3.0, 8.0, 14.0)",229320.0000000001,310,-6.111595793654264,336.0,394.0,0.0022170100977789253,0.0014652014652014645,0.0017159763313609462
470,"(2.0, 3.0, 9.0, 9.0)",136500.00000000003,125,-7.21289715305109,130.0,140.0,0.000737018803117334,0.0009523809523809522,0.0010247339961625675
471,"(2.0, 3.0, 9.0, 11.0)",273000.00000000006,326,-6.842122623326901,353.0,407.0,0.0010678343821879461,0.0012930402930402928,0.0014891705376430648
472,"(2.0, 3.0, 9.0, 12.0)",229320.0000000001,138,-6.960191100310382,159.0,205.0,0.0009489152192199763,0.0006933542647828359,0.0008934665823822582
473,"(2.0, 3.0, 9.0, 13.0)",229320.0000000001,162,-6.8373639805150255,175.0,203.0,0.0010729279341804884,0.0007631257631257628,0.0008846435242955386
474,"(2.0, 3.0, 9.0, 14.0)",229320.0000000001,168,-6.747021214138762,180.0,206.0,0.0011743726203167692,0.0007849293563579275,0.0008976919270707113
475,"(2.0, 3.0, 11.0, 11.0)",136500.00000000003,257,-6.47134809360271,287.0,351.0,0.0015471386387426846,0.002102564102564102,0.00256700779562318
476,"(2.0, 3.0, 11.0, 12.0)",229320.0000000001,190,-6.589416570586192,198.0,214.0,0.0013748418528518722,0.0008634222919937202,0.0009324482922823355
477,"(2.0, 3.0, 11.0, 13.0)",229320.0000000001,259,-6.466589450790835,279.0,319.0,0.0015545184639548678,0.0012166405023547877,0.0013895890341001347
478,"(2.0, 3.0, 11.0, 14.0)",229320.0000000001,264,-6.376246684414571,280.0,320.0,0.0017014972429065089,0.0012210012210012206,0.0013939391228768513
479,"(2.0, 3.0, 12.0, 12.0)",88200.0,61,-6.707485047569673,65.0,73.0,0.0012217328641531907,0.0007369614512471656,0.0008271212869123462
480,"(2.0, 3.0, 12.0, 13.0)",176400.0,119,-6.584657927774316,127.0,143.0,0.0013813998253013784,0.0007199546485260771,0.0008101392616759478
481,"(2.0, 3.0, 12.0, 14.0)",176400.0,101,-6.494315161398054,111.0,131.0,0.0015120103418534013,0.0006292517006802721,0.0007422344277847194
482,"(2.0, 3.0, 13.0, 13.0)",88200.0,53,-6.461830807978959,55.0,59.0,0.0015619334908088423,0.0006235827664399093,0.000668545384896211
483,"(2.0, 3.0, 13.0, 14.0)",176400.0,108,-6.371488041602696,114.0,126.0,0.0017096133560570836,0.0006462585034013606,0.0007138680642324957
484,"(2.0, 3.0, 14.0, 14.0)",88200.0,57,-6.281145275226434,59.0,63.0,0.00187125626309172,0.0006689342403628118,0.0007138382412677846
485,"(2.0, 4.0, 4.0, 4.0)",94395.0,131,-6.894746855630599,158.0,224.0,0.0010130934009657257,0.0016738174691456114,0.0023702053799446476
486,"(2.0, 4.0, 4.0, 6.0)",283185.00000000006,381,-6.878066626528536,434.0,570.0,0.001030133754402249,0.0015325670498084287,0.0020104697137926903
487,"(2.0, 4.0, 4.0, 7.0)",283185.00000000006,503,-6.6588131934512536,572.0,732.0,0.0012826677458971246,0.002019880996521708,0.002580802754630328
488,"(2.0, 4.0, 4.0, 8.0)",253890.0000000001,501,-6.53770049073751,558.0,680.0,0.001447813935674457,0.002197802197802197,0.0026734949244697553
489,"(2.0, 4.0, 4.0, 9.0)",253890.0000000001,267,-7.173125911222009,295.0,359.0,0.0007669216514045358,0.001161920516759226,0.00141264812890447
490,"(2.0, 4.0, 4.0, 11.0)",253890.0000000001,380,-6.802351381497818,431.0,543.0,0.0011111593141861088,0.0016975855685533098,0.0021358396967976418
491,"(2.0, 4.0, 4.0, 12.0)",205065.00000000003,135,-6.920419858481301,146.0,168.0,0.0009874152788083264,0.0007119693755638456,0.000818745531763917
492,"(2.0, 4.0, 4.0, 13.0)",205065.00000000003,171,-6.797592738685943,192.0,240.0,0.0011164595253735463,0.0009362884938921804,0.0011694839812214305
493,"(2.0, 4.0, 4.0, 14.0)",205065.00000000003,193,-6.707249972309681,211.0,253.0,0.0012220200970832274,0.0010289420427669275,0.0012326964290784684
494,"(2.0, 4.0, 6.0, 6.0)",283185.00000000006,429,-6.861386397426472,475.0,577.0,0.0010474607286429021,0.0016773487296290407,0.0020347238001780675
495,"(2.0, 4.0, 6.0, 7.0)",566370.0000000001,1019,-6.642132964349191,1130.0,1392.0,0.001304242372393438,0.001995162173137701,0.002453776624369854
496,"(2.0, 4.0, 6.0, 8.0)",507780.0000000002,1004,-6.521020261635446,1110.0,1354.0,0.0014721663410407356,0.002185986056953798,0.0026617305830808242
497,"(2.0, 4.0, 6.0, 9.0)",507780.0000000002,497,-7.156445682119945,546.0,656.0,0.0007798213662635988,0.0010752688172043006,0.001290741863062362
498,"(2.0, 4.0, 6.0, 11.0)",507780.0000000002,784,-6.785671152395755,874.0,1084.0,0.0011298491481342586,0.0017212178502501077,0.00213182018905605
499,"(2.0, 4.0, 6.0, 12.0)",410130.00000000006,299,-6.903739629379237,330.0,400.0,0.0010040237231269643,0.0008046229244385926,0.0009746530964204891
500,"(2.0, 4.0, 6.0, 13.0)",410130.00000000006,364,-6.78091250958388,400.0,484.0,0.0011352385095144005,0.0009753005144710212,0.0011791624114164082
501,"(2.0, 4.0, 6.0, 14.0)",410130.00000000006,365,-6.690569743207618,387.0,433.0,0.0012425746227972265,0.0009436032477507131,0.0010548724198257147
502,"(2.0, 4.0, 7.0, 7.0)",283185.00000000006,658,-6.422879531271908,734.0,912.0,0.0016239732139173917,0.0025919451948372965,0.003213791380994718
503,"(2.0, 4.0, 7.0, 8.0)",507780.0000000002,1221,-6.301766828558165,1389.0,1767.0,0.0018330632058009301,0.0027354366064043473,0.003472370866425822
504,"(2.0, 4.0, 7.0, 9.0)",507780.0000000002,662,-6.937192249042663,736.0,894.0,0.0009709920772843298,0.0014494466107369329,0.0017585040909340606
505,"(2.0, 4.0, 7.0, 11.0)",507780.0000000002,918,-6.566417719318473,1029.0,1277.0,0.0014068280491226978,0.002026468155500413,0.002510762070715644
506,"(2.0, 4.0, 7.0, 12.0)",410130.00000000006,402,-6.684486196301956,440.0,530.0,0.0012501569240567039,0.0010728305659181234,0.001291122216250935
507,"(2.0, 4.0, 7.0, 13.0)",410130.00000000006,400,-6.561659076506597,450.0,558.0,0.0014135385951889246,0.001097213078779899,0.001359340341146829
508,"(2.0, 4.0, 7.0, 14.0)",410130.00000000006,449,-6.471316310130336,505.0,645.0,0.0015471878129623272,0.0012313168995196644,0.001571155938277479
509,"(2.0, 4.0, 8.0, 8.0)",211575.0,577,-6.180654125844422,635.0,761.0,0.002069073977122941,0.003001299775493324,0.003587825473910253
510,"(2.0, 4.0, 8.0, 9.0)",423150.0,618,-6.81607954632892,694.0,860.0,0.0010960093644036282,0.0016400803497577691,0.0020296863623709516
511,"(2.0, 4.0, 8.0, 11.0)",423150.0,828,-6.445305016604731,928.0,1156.0,0.001587960140989551,0.0021930757414628382,0.0027270821829420357
512,"(2.0, 4.0, 8.0, 12.0)",355446.0,373,-6.563373493588212,416.0,514.0,0.001411117276643814,0.0011703606173652256,0.001444700826519854
513,"(2.0, 4.0, 8.0, 13.0)",355446.0,419,-6.440546373792856,465.0,565.0,0.001595534684078941,0.0013082155939298796,0.0015878408527563192
514,"(2.0, 4.0, 8.0, 14.0)",355446.0,420,-6.350203607416592,460.0,554.0,0.0017463915217933652,0.0012941487595865477,0.0015569304242292507
515,"(2.0, 4.0, 9.0, 9.0)",211575.0,182,-7.451504966813419,196.0,226.0,0.0005805672199941207,0.0009263854425144748,0.001067320942707159
516,"(2.0, 4.0, 9.0, 11.0)",423150.0,485,-7.08073043708923,539.0,655.0,0.000841158510554715,0.0012737799834574028,0.0015462919356940008
517,"(2.0, 4.0, 9.0, 12.0)",355446.0,186,-7.198798914072711,205.0,247.0,0.0007474830608154078,0.0005767402080766136,0.0006945689872929905
518,"(2.0, 4.0, 9.0, 13.0)",355446.0,226,-7.075971794277354,246.0,298.0,0.0008451708224627666,0.0006920882496919363,0.000837904340717228
519,"(2.0, 4.0, 9.0, 14.0)",355446.0,246,-6.985629027901091,272.0,328.0,0.0009250812116742892,0.000765235788277263,0.0009221987471109215
520,"(2.0, 4.0, 11.0, 11.0)",211575.0,339,-6.709955907365039,374.0,450.0,0.001218717859898795,0.0017676946709204774,0.0021237806082622037
521,"(2.0, 4.0, 11.0, 12.0)",355446.0,270,-6.82802438434852,308.0,388.0,0.0010829955885327735,0.0008665169955492536,0.0010908354933389906
522,"(2.0, 4.0, 11.0, 13.0)",355446.0,322,-6.7051972645531634,355.0,431.0,0.0012245311235351607,0.0009987452383765749,0.0012115636283440419
523,"(2.0, 4.0, 11.0, 14.0)",355446.0,367,-6.6148544981769,399.0,467.0,0.0013403097993751308,0.0011225333805978967,0.001312582246476656
524,"(2.0, 4.0, 12.0, 12.0)",136709.99999999997,50,-6.946092861332001,54.0,62.0,0.0009623880008444669,0.00039499670836076376,0.0004533587168294092
525,"(2.0, 4.0, 12.0, 13.0)",273419.99999999994,122,-6.823265741536645,131.0,151.0,0.0010881614592238658,0.00047911637773388933,0.0005520343638158032
526,"(2.0, 4.0, 12.0, 14.0)",273419.99999999994,156,-6.732922975160383,178.0,238.0,0.001191046465923664,0.0006510130934094069,0.0008700318911175963
527,"(2.0, 4.0, 13.0, 13.0)",136709.99999999997,70,-6.700438621741288,75.0,85.0,0.0012303721163410232,0.0005486065393899497,0.0006214531088402148
528,"(2.0, 4.0, 13.0, 14.0)",273419.99999999994,162,-6.610095855365024,169.0,185.0,0.0013467030545119836,0.0006180967010460099,0.0006762326883824273
529,"(2.0, 4.0, 14.0, 14.0)",136709.99999999997,85,-6.519753088988763,95.0,115.0,0.0014740330124071376,0.0006949016165606029,0.0008407138054745576
530,"(2.0, 6.0, 6.0, 6.0)",94395.0,149,-6.844706168324409,164.0,196.0,0.0010650791446842453,0.0017373801578473437,0.0020733626744436997
531,"(2.0, 6.0, 6.0, 7.0)",283185.00000000006,513,-6.625452735247126,576.0,708.0,0.0013261798867147145,0.0020340060384554264,0.002495995241703655
532,"(2.0, 6.0, 6.0, 8.0)",253890.0000000001,509,-6.504340032533383,573.0,717.0,0.0014969283568082592,0.0022568829020441915,0.0028189641423338
533,"(2.0, 6.0, 6.0, 9.0)",253890.0000000001,286,-7.139765453017883,311.0,369.0,0.0007929380558855195,0.0012249399346173535,0.0014518848465096454
534,"(2.0, 6.0, 6.0, 11.0)",253890.0000000001,374,-6.768990923293693,406.0,476.0,0.0011488533473480822,0.0015991177281499856,0.0018722705037708099
535,"(2.0, 6.0, 6.0, 12.0)",205065.00000000003,157,-6.887059400277174,171.0,201.0,0.0010209115234861696,0.0008338819398727231,0.0009794816579537305
536,"(2.0, 6.0, 6.0, 13.0)",205065.00000000003,211,-6.764232280481817,224.0,254.0,0.0011543333584379419,0.0010923365762075439,0.0012374384541824761
537,"(2.0, 6.0, 6.0, 14.0)",205065.00000000003,202,-6.673889514105554,217.0,249.0,0.0012634748781177505,0.001058201058201058,0.0012131293510368435
538,"(2.0, 6.0, 7.0, 7.0)",283185.00000000006,676,-6.406199302169846,741.0,879.0,0.0016512886396325525,0.0026166640182213037,0.0030971310343503285
539,"(2.0, 6.0, 7.0, 8.0)",507780.0000000002,1286,-6.2850865994561005,1432.0,1764.0,0.001863895550448089,0.0028201189491512063,0.0034659923385419174
540,"(2.0, 6.0, 7.0, 9.0)",507780.0000000002,678,-6.920512019940599,754.0,914.0,0.0009873242813685911,0.0014848950332821296,0.0017977872093129011
541,"(2.0, 6.0, 7.0, 11.0)",507780.0000000002,998,-6.54973749021641,1117.0,1391.0,0.001430491066924031,0.0021997715546102636,0.002734536325128008
542,"(2.0, 6.0, 7.0, 12.0)",410130.00000000006,409,-6.667805967199891,454.0,556.0,0.001271184714600733,0.001106966083924609,0.00135444234120376
543,"(2.0, 6.0, 7.0, 13.0)",410130.00000000006,483,-6.544978847404535,527.0,625.0,0.0014373144851860598,0.0012849584278155704,0.0015222559356997565
544,"(2.0, 6.0, 7.0, 14.0)",410130.00000000006,455,-6.454636081028273,486.0,554.0,0.001573211698953914,0.0011849901250822908,0.0013493870109458218
545,"(2.0, 6.0, 8.0, 8.0)",211575.0,579,-6.163973896742359,649.0,821.0,0.002103876051465621,0.003067470164244358,0.0038710112814056737
546,"(2.0, 6.0, 8.0, 9.0)",423150.0,640,-6.799399317226857,707.0,851.0,0.0011144443743655663,0.0016708023159636063,0.0020083155920184656
547,"(2.0, 6.0, 8.0, 11.0)",423150.0,905,-6.428624787502667,1005.0,1229.0,0.0016146698224658907,0.0023750443105281815,0.0028987665850594806
548,"(2.0, 6.0, 8.0, 12.0)",355446.0,377,-6.546693264486148,407.0,471.0,0.001434852439770408,0.001145040315547228,0.0013237846778176496
549,"(2.0, 6.0, 8.0, 13.0)",355446.0,468,-6.423866144690791,509.0,607.0,0.0016223717702854275,0.0014320037361512017,0.0017056630545801586
550,"(2.0, 6.0, 8.0, 14.0)",355446.0,496,-6.333523378314528,539.0,629.0,0.0017757660382412485,0.0015164047422111938,0.00176730827704897
551,"(2.0, 6.0, 9.0, 9.0)",211575.0,148,-7.434824737711356,164.0,200.0,0.0005903324307959373,0.0007751388396549687,0.0009446904276511714
552,"(2.0, 6.0, 9.0, 11.0)",423150.0,477,-7.064050207987165,528.0,636.0,0.0008553068983562049,0.0012477844735909252,0.0015014561498238072
553,"(2.0, 6.0, 9.0, 12.0)",355446.0,209,-7.182118684970648,228.0,274.0,0.0007600558162316083,0.000641447646055941,0.000770451066931965
554,"(2.0, 6.0, 9.0, 13.0)",355446.0,230,-7.05929156517529,249.0,295.0,0.0008593866978354377,0.0007005283502979356,0.0008294524862870192
555,"(2.0, 6.0, 9.0, 14.0)",355446.0,228,-6.968948798799028,247.0,291.0,0.0009406411894506626,0.0006949016165606028,0.0008182068705252262
556,"(2.0, 6.0, 11.0, 11.0)",211575.0,374,-6.693275678262976,409.0,491.0,0.0012392168415842767,0.0019331206427980622,0.0023169531072059343
557,"(2.0, 6.0, 11.0, 12.0)",355446.0,300,-6.8113441552464575,319.0,357.0,0.0011012117052118498,0.0008974640311045841,0.001003566530426781
558,"(2.0, 6.0, 11.0, 13.0)",355446.0,338,-6.688517035451101,366.0,424.0,0.0012451278850175386,0.0010296922739319052,0.0011918072861355619
559,"(2.0, 6.0, 11.0, 14.0)",355446.0,351,-6.598174269074837,394.0,490.0,0.0013628539721769835,0.0011084665462545646,0.0013773210675623742
560,"(2.0, 6.0, 12.0, 12.0)",136709.99999999997,56,-6.929412632229939,62.0,86.0,0.0009785754833232059,0.000453514739229025,0.000628863156215111
561,"(2.0, 6.0, 12.0, 13.0)",273419.99999999994,131,-6.806585512434582,144.0,172.0,0.0011064644664722616,0.0005266622778143516,0.0006287914586789364
562,"(2.0, 6.0, 12.0, 14.0)",273419.99999999994,144,-6.71624274605832,150.0,164.0,0.0012110800114183975,0.0005486065393899497,0.0005995088472646169
563,"(2.0, 6.0, 13.0, 13.0)",136709.99999999997,65,-6.683758392639225,68.0,74.0,0.0012510671240282792,0.0004974032623802211,0.0005410443755259905
564,"(2.0, 6.0, 13.0, 14.0)",273419.99999999994,161,-6.593415626262964,176.0,206.0,0.0013693547626378588,0.0006436983395508742,0.0007530052998765236
565,"(2.0, 6.0, 14.0, 14.0)",136709.99999999997,81,-6.5030728598867,86.0,96.0,0.0014988264258126312,0.000629068831833809,0.0007018206428239508
566,"(2.0, 7.0, 7.0, 7.0)",94395.0,267,-6.186945869092563,312.0,424.0,0.002056096762358835,0.0033052598124900683,0.004480838592494339
567,"(2.0, 7.0, 7.0, 8.0)",253890.0000000001,759,-6.06583316637882,870.0,1118.0,0.002320823576612341,0.0034266808460356834,0.004391739681216072
568,"(2.0, 7.0, 7.0, 9.0)",253890.0000000001,430,-6.701258586863318,480.0,598.0,0.0012293636676213957,0.0018905825357438254,0.0023517764401230564
569,"(2.0, 7.0, 7.0, 11.0)",253890.0000000001,611,-6.330484057139127,668.0,792.0,0.0017811713716750467,0.0026310606955768237,0.003112538703593503
570,"(2.0, 7.0, 7.0, 12.0)",205065.00000000003,251,-6.44855253412261,277.0,337.0,0.0015828115771644878,0.0013507912125423644,0.001641556729983789
571,"(2.0, 7.0, 7.0, 13.0)",205065.00000000003,273,-6.325725414327252,291.0,333.0,0.0017896675290760336,0.0014190622485553358,0.0016218616189289754
572,"(2.0, 7.0, 7.0, 14.0)",205065.00000000003,287,-6.23538264795099,308.0,354.0,0.0019588795096682613,0.0015019627922853726,0.0017240260183842978
573,"(2.0, 7.0, 8.0, 8.0)",211575.0,723,-5.944720463665076,814.0,1020.0,0.0026196345290580643,0.003847335460238686,0.004806183476003146
574,"(2.0, 7.0, 8.0, 9.0)",423150.0,737,-6.580145884149575,819.0,1005.0,0.0013876468443893286,0.001935483870967742,0.002371298212713405
575,"(2.0, 7.0, 8.0, 11.0)",423150.0,1146,-6.209371354425386,1283.0,1583.0,0.002010500959413964,0.003032021741699161,0.0037317970367609595
576,"(2.0, 7.0, 8.0, 12.0)",355446.0,473,-6.327439831408867,516.0,610.0,0.0017866019211099811,0.0014516973042318665,0.0017140463648233947
577,"(2.0, 7.0, 8.0, 13.0)",355446.0,527,-6.20461271161351,573.0,675.0,0.002020091015080507,0.0016120592157458516,0.001896423901434754
578,"(2.0, 7.0, 8.0, 14.0)",355446.0,591,-6.114269945237247,640.0,746.0,0.0022110893966708687,0.001800554795946501,0.002095529686451934
579,"(2.0, 7.0, 9.0, 9.0)",211575.0,186,-7.215571304634073,210.0,270.0,0.0007350505360135223,0.0009925558312655087,0.0012751580445489034
580,"(2.0, 7.0, 9.0, 11.0)",423150.0,629,-6.844796774909884,694.0,846.0,0.0010649826458714643,0.0016400803497577691,0.0019966011679954346
581,"(2.0, 7.0, 9.0, 12.0)",355446.0,236,-6.962865251893366,258.0,310.0,0.0009463810659495343,0.0007258486521159333,0.000871616873020808
582,"(2.0, 7.0, 9.0, 13.0)",355446.0,301,-6.840038132098009,327.0,381.0,0.0010700625951298754,0.0009199709660539153,0.0010710464303835192
583,"(2.0, 7.0, 9.0, 14.0)",355446.0,303,-6.749695365721745,329.0,389.0,0.0011712363651949053,0.0009255976997912482,0.001093542980809374
584,"(2.0, 7.0, 11.0, 11.0)",211575.0,440,-6.474022245185694,495.0,637.0,0.0015430068824363416,0.0023395958879829848,0.003005278979252976
585,"(2.0, 7.0, 11.0, 12.0)",355446.0,377,-6.592090722169175,414.0,494.0,0.0013711702287624102,0.001164733883627893,0.0013884466281015345
586,"(2.0, 7.0, 11.0, 13.0)",355446.0,403,-6.469263602373818,444.0,530.0,0.0015503669992406313,0.001249134889687885,0.0014895241024205606
587,"(2.0, 7.0, 11.0, 14.0)",355446.0,480,-6.378920835997555,519.0,599.0,0.0016969532597187337,0.0014601374048378657,0.0016830747530901717
588,"(2.0, 7.0, 12.0, 12.0)",136709.99999999997,76,-6.710159199152656,83.0,97.0,0.001218470129748061,0.0006071245702582109,0.000709162524033857
589,"(2.0, 7.0, 12.0, 13.0)",273419.99999999994,151,-6.587332079357299,159.0,175.0,0.0013777106876269366,0.0005815229317533466,0.0006397027937014529
590,"(2.0, 7.0, 12.0, 14.0)",273419.99999999994,194,-6.496989312981038,210.0,252.0,0.0015079723984469297,0.0007680491551459296,0.0009210690866703951
591,"(2.0, 7.0, 13.0, 13.0)",136709.99999999997,91,-6.464504959561943,100.0,120.0,0.001557762223677939,0.0007314753858532662,0.0008772354067838102
592,"(2.0, 7.0, 13.0, 14.0)",273419.99999999994,174,-6.374162193185679,183.0,203.0,0.0017050476981461432,0.0006692999780557385,0.0007419995541804397
593,"(2.0, 7.0, 14.0, 14.0)",136709.99999999997,136,-6.283819426809417,143.0,157.0,0.0018662589249914343,0.0010460098017701707,0.0011473222192842287
594,"(2.0, 8.0, 8.0, 8.0)",54600.00000000001,179,-5.823607760951333,203.0,255.0,0.002956918024699791,0.0037179487179487174,0.004656506527660373
595,"(2.0, 8.0, 8.0, 9.0)",163800.00000000003,337,-6.459033181435832,388.0,504.0,0.0015663093155089654,0.0023687423687423683,0.0030713121365136013
596,"(2.0, 8.0, 8.0, 11.0)",163800.00000000003,470,-6.088258651711641,524.0,642.0,0.0022693572174378738,0.0031990231990231986,0.0039091801699860295
597,"(2.0, 8.0, 8.0, 12.0)",143325.00000000003,200,-6.206327128695124,226.0,284.0,0.0020166307035939524,0.001576835862550148,0.0019790241416017
598,"(2.0, 8.0, 8.0, 13.0)",143325.00000000003,249,-6.083500008899765,278.0,346.0,0.002280182013089224,0.0019396476539333678,0.002410331609643862
599,"(2.0, 8.0, 8.0, 14.0)",143325.00000000003,259,-5.993157242523504,281.0,333.0,0.002495771840963454,0.0019605791034362457,0.002319547024398635
600,"(2.0, 8.0, 9.0, 9.0)",163800.00000000003,178,-7.09445860192033,188.0,210.0,0.0008296898498223495,0.0011477411477411475,0.0012807339723090636
601,"(2.0, 8.0, 9.0, 11.0)",327600.00000000006,486,-6.723684072196141,538.0,652.0,0.0012021014178272072,0.001642246642246642,0.00198753501619802
602,"(2.0, 8.0, 9.0, 12.0)",286650.00000000006,238,-6.841752549179622,256.0,294.0,0.0010682296332179524,0.0008930751787894644,0.0010248434423660556
603,"(2.0, 8.0, 9.0, 13.0)",286650.00000000006,244,-6.7189254293842655,256.0,280.0,0.0012078354213151505,0.0008930751787894644,0.0009760033935260067
604,"(2.0, 8.0, 9.0, 14.0)",286650.00000000006,272,-6.628582663008002,294.0,356.0,0.0013220355286254204,0.0010256410256410254,0.0012408807309906209
605,"(2.0, 8.0, 11.0, 11.0)",163800.00000000003,378,-6.35290954247195,416.0,496.0,0.0017416722876043298,0.0025396825396825392,0.0030216330406806595
606,"(2.0, 8.0, 11.0, 12.0)",286650.00000000006,339,-6.470978019455432,370.0,434.0,0.0015477113007122984,0.0012907727193441478,0.0015123754198285108
607,"(2.0, 8.0, 11.0, 13.0)",286650.00000000006,371,-6.348150899660075,403.0,471.0,0.0017499800350405056,0.001405895691609977,0.001641142243280241
608,"(2.0, 8.0, 11.0, 14.0)",286650.00000000006,373,-6.257808133283813,412.0,502.0,0.0019154395871166052,0.001437292865864294,0.001749198797625201
609,"(2.0, 8.0, 12.0, 12.0)",114660.00000000004,64,-6.589046496438915,70.0,82.0,0.0013753507404354684,0.0006105006105006103,0.000714785147019579
610,"(2.0, 8.0, 12.0, 13.0)",229320.0000000001,144,-6.466219376643558,156.0,180.0,0.0015550938575124153,0.0006802721088435372,0.000784466586215857
611,"(2.0, 8.0, 12.0, 14.0)",229320.0000000001,150,-6.375876610267294,161.0,183.0,0.0017021270395763165,0.0007020757020757019,0.0007975186020057812
612,"(2.0, 8.0, 13.0, 13.0)",114660.00000000004,77,-6.343392256848201,85.0,101.0,0.0017583274102918275,0.0007413221698935982,0.0008803156080198762
613,"(2.0, 8.0, 13.0, 14.0)",229320.0000000001,159,-6.253049490471938,168.0,186.0,0.0019245762016406303,0.0007326007326007323,0.000810556964403118
614,"(2.0, 8.0, 14.0, 14.0)",114660.00000000004,100,-6.162706724095674,108.0,124.0,0.0021065437154885324,0.000941915227629513,0.0010805710200193265
615,"(2.0, 9.0, 9.0, 9.0)",54600.00000000001,32,-7.729884022404829,35.0,41.0,0.0004394950857293113,0.0006410256410256409,0.0007505048370432984
616,"(2.0, 9.0, 9.0, 11.0)",163800.00000000003,126,-7.359109492680639,140.0,172.0,0.0006367652512519198,0.0008547008547008546,0.0010493305365100235
617,"(2.0, 9.0, 9.0, 12.0)",143325.00000000003,61,-7.477177969664121,64.0,72.0,0.000565852016063881,0.0004465375893947322,0.0005021553922503312
618,"(2.0, 9.0, 9.0, 13.0)",143325.00000000003,76,-7.354350849868764,82.0,94.0,0.0006398026107604698,0.0005721262864120006,0.0006555247559359092
619,"(2.0, 9.0, 9.0, 14.0)",143325.00000000003,69,-7.264008083492501,77.0,95.0,0.0007002955599792289,0.0005372405372405371,0.000662540606862951
620,"(2.0, 9.0, 11.0, 11.0)",163800.00000000003,196,-6.988334962956451,221.0,279.0,0.0009225813857032565,0.0013492063492063489,0.0017014763455239642
621,"(2.0, 9.0, 11.0, 12.0)",286650.00000000006,161,-7.106403439939932,177.0,213.0,0.0008198382937147172,0.0006174777603349031,0.0007426851785676632
622,"(2.0, 9.0, 11.0, 13.0)",286650.00000000006,182,-6.983576320144575,196.0,226.0,0.000926982083352458,0.0006837606837606837,0.0007879504026024172
623,"(2.0, 9.0, 11.0, 14.0)",286650.00000000006,232,-6.893233553768312,251.0,309.0,0.0010146276777152075,0.0008756323042037326,0.0010772029174660554
624,"(2.0, 9.0, 12.0, 12.0)",114660.00000000004,45,-7.224471916923413,47.0,51.0,0.0007285371656709836,0.00040990755276469544,0.0004446252777343454
625,"(2.0, 9.0, 12.0, 13.0)",229320.0000000001,88,-7.101644797128056,92.0,100.0,0.0008237489085480368,0.0004011861154718296,0.0004359109143440457
626,"(2.0, 9.0, 12.0, 14.0)",229320.0000000001,82,-7.011302030751793,89.0,103.0,0.0009016338687775299,0.0003881039595325308,0.00044900339589918703
627,"(2.0, 9.0, 13.0, 13.0)",114660.00000000004,46,-6.9788176773327,50.0,60.0,0.0009314037722552217,0.00043607186464329306,0.0005230960789008182
628,"(2.0, 9.0, 13.0, 14.0)",229320.0000000001,121,-6.888474910956436,130.0,152.0,0.0010194674346248188,0.000566893424036281,0.0006625078661035898
629,"(2.0, 9.0, 14.0, 14.0)",114660.00000000004,61,-6.798132144580173,69.0,85.0,0.0011158574629175082,0.0006017791732077444,0.0007409600317202916
630,"(2.0, 11.0, 11.0, 11.0)",54600.00000000001,88,-6.61756043323226,102.0,138.0,0.0013366879106118258,0.001868131868131868,0.0025239826107957973
631,"(2.0, 11.0, 11.0, 12.0)",143325.00000000003,122,-6.735628910215741,135.0,161.0,0.0011878279280800167,0.0009419152276295132,0.0011224339190250828
632,"(2.0, 11.0, 11.0, 13.0)",143325.00000000003,155,-6.612801790420384,164.0,182.0,0.0013430638894003657,0.0011442525728240012,0.0012685319558908552
633,"(2.0, 11.0, 11.0, 14.0)",143325.00000000003,135,-6.522459024044121,148.0,176.0,0.0014700497664390311,0.0010326181754753182,0.0012269120705391914
634,"(2.0, 11.0, 12.0, 12.0)",114660.00000000004,49,-6.853697387199222,53.0,61.0,0.0010555457078092782,0.0004622361765218906,0.000531794012581932
635,"(2.0, 11.0, 12.0, 13.0)",229320.0000000001,102,-6.730870267403866,116.0,148.0,0.0011934938472626078,0.0005058433629862199,0.0006451304821641964
636,"(2.0, 11.0, 12.0, 14.0)",229320.0000000001,144,-6.640527501027602,159.0,191.0,0.0013063379674351473,0.0006933542647828359,0.0008324165213321972
637,"(2.0, 11.0, 13.0, 13.0)",114660.00000000004,59,-6.608043147608509,65.0,77.0,0.0013494702815001873,0.000566893424036281,0.0006712293033964557
638,"(2.0, 11.0, 13.0, 14.0)",229320.0000000001,92,-6.517700381232245,96.0,104.0,0.0014770618790305356,0.0004186289900575613,0.00045333948899770813
639,"(2.0, 11.0, 14.0, 14.0)",114660.00000000004,85,-6.427357614855984,92.0,106.0,0.0016167171848051626,0.0008023722309436593,0.0009238285518467917
640,"(2.0, 12.0, 12.0, 12.0)",27930.0,7,-6.971765864182704,8.0,10.0,0.000937995070612227,0.00028643036161833153,0.00035795590967085765
641,"(2.0, 12.0, 12.0, 13.0)",83790.0,24,-6.848938744387347,26.0,30.0,0.0010605806430322995,0.0003102995584198592,0.00035794166620695887
642,"(2.0, 12.0, 12.0, 14.0)",83790.0,27,-6.758595978011085,33.0,45.0,0.001160857900271205,0.0003938417472252059,0.0005369018167125142
643,"(2.0, 12.0, 13.0, 13.0)",83790.0,19,-6.72611162459199,21.0,25.0,0.0011991867927841366,0.0002506265664160401,0.00029830214634330186
644,"(2.0, 12.0, 13.0, 14.0)",167580.0,49,-6.635768858215727,55.0,67.0,0.0013125691775066279,0.0003282014560210049,0.00039970133022985347
645,"(2.0, 12.0, 14.0, 14.0)",83790.0,29,-6.545426091839465,32.0,38.0,0.0014366717980111609,0.00038190714882444204,0.00045336888615870176
646,"(2.0, 13.0, 13.0, 13.0)",27930.0,11,-6.603284504796633,11.0,11.0,0.0013559072319822723,0.0003938417472252059,0.0003936866359033485
647,"(2.0, 13.0, 13.0, 14.0)",83790.0,33,-6.51294173842037,34.0,36.0,0.001484107439280833,0.0004057763456259697,0.00042948088798482775
648,"(2.0, 13.0, 14.0, 14.0)",83790.0,30,-6.422598972044108,30.0,30.0,0.001624428898508526,0.00035803795202291446,0.0003579097608478257
649,"(2.0, 14.0, 14.0, 14.0)",27930.0,21,-6.332256205667845,21.0,21.0,0.0017780176666915165,0.0007518796992481203,0.0007513143761659789
650,"(3.0, 3.0, 3.0, 3.0)",5985.0,18,-5.962046502076071,19.0,21.0,0.0025746375756927086,0.0031746031746031746,0.003498693824508361
651,"(3.0, 3.0, 3.0, 4.0)",41229.99999999999,80,-6.200654315838399,91.0,117.0,0.002028103182022012,0.002207130730050934,0.0028328680840059516
652,"(3.0, 3.0, 3.0, 6.0)",41229.99999999999,106,-6.183974086736336,112.0,126.0,0.002062216122639776,0.002716468590831919,0.0030486479630809325
653,"(3.0, 3.0, 3.0, 7.0)",41229.99999999999,100,-5.964720653659054,111.0,135.0,0.002567761802071957,0.0026922144069852056,0.0032670668008931525
654,"(3.0, 3.0, 3.0, 8.0)",34580.00000000001,101,-5.843607950945311,108.0,122.0,0.0028983665742153184,0.0031231925968768066,0.0035182965644747623
655,"(3.0, 3.0, 3.0, 9.0)",34580.00000000001,43,-6.479033371429811,45.0,49.0,0.0015352940213532531,0.0013013302486986696,0.0014153105881668175
656,"(3.0, 3.0, 3.0, 11.0)",34580.00000000001,99,-6.10825884170562,107.0,125.0,0.002224420511165169,0.003094274146905725,0.003605231713888984
657,"(3.0, 3.0, 3.0, 12.0)",27930.0,43,-6.226327318689101,48.0,58.0,0.0019766983646516403,0.0017185821697099893,0.0020736665970588586
658,"(3.0, 3.0, 3.0, 13.0)",27930.0,45,-6.1035001988937445,53.0,71.0,0.002235030959485518,0.0018976011457214465,0.002538468569254449
659,"(3.0, 3.0, 3.0, 14.0)",27930.0,34,-6.013157432517481,35.0,37.0,0.0024463517825965867,0.0012531328320802004,0.001323170080589946
660,"(3.0, 3.0, 4.0, 4.0)",97650.00000000004,235,-6.439262129600728,257.0,303.0,0.0015975850565379654,0.00263184843830005,0.0030959919605873707
661,"(3.0, 3.0, 4.0, 6.0)",195300.0000000001,389,-6.422581900498665,451.0,601.0,0.001624456630256997,0.00230926779313876,0.0030719842305442606
662,"(3.0, 3.0, 4.0, 7.0)",195300.0000000001,482,-6.203328467421382,537.0,661.0,0.0020226869717985744,0.002749615975422426,0.003376976222330762
663,"(3.0, 3.0, 4.0, 8.0)",169260.00000000003,420,-6.082215764707641,472.0,592.0,0.0022831122047345955,0.002788609240222143,0.0034898013496314256
664,"(3.0, 3.0, 4.0, 9.0)",169260.00000000003,231,-6.717641185192139,258.0,316.0,0.0012093875733978393,0.0015242821694434595,0.0018646268179149448
665,"(3.0, 3.0, 4.0, 11.0)",169260.00000000003,347,-6.346866655467949,386.0,474.0,0.0017522288804610964,0.0022805151837409898,0.0027952246315672688
666,"(3.0, 3.0, 4.0, 12.0)",136709.99999999997,148,-6.46493513245143,159.0,183.0,0.0015570922607113292,0.0011630458635066932,0.001337247280430857
667,"(3.0, 3.0, 4.0, 13.0)",136709.99999999997,175,-6.342108012656073,195.0,239.0,0.0017605869826671477,0.0014263770024138692,0.001746191620836291
668,"(3.0, 3.0, 4.0, 14.0)",136709.99999999997,188,-6.25176524627981,209.0,255.0,0.0019270494152150602,0.0015287835564333264,0.0018629250547634079
669,"(3.0, 3.0, 6.0, 6.0)",97650.00000000004,224,-6.405901671396602,245.0,293.0,0.001651780187093411,0.002508960573476701,0.0029942171496108354
670,"(3.0, 3.0, 6.0, 7.0)",195300.0000000001,510,-6.18664823831932,554.0,650.0,0.0020567088111058313,0.0028366615463389644,0.003320166356903881
671,"(3.0, 3.0, 6.0, 8.0)",169260.00000000003,515,-6.0655355356055765,586.0,752.0,0.002321514427932215,0.003462129268580881,0.004430882619925626
672,"(3.0, 3.0, 6.0, 9.0)",169260.00000000003,269,-6.700960956090075,290.0,340.0,0.0012297296185368124,0.0017133404230178422,0.002005808408822668
673,"(3.0, 3.0, 6.0, 11.0)",169260.00000000003,365,-6.330186426365884,413.0,517.0,0.0017817015819872157,0.0024400330851943753,0.003048518647854275
674,"(3.0, 3.0, 6.0, 12.0)",136709.99999999997,143,-6.448254903349367,158.0,192.0,0.0015832827407110048,0.0011557311096481607,0.0014030970264404625
675,"(3.0, 3.0, 6.0, 13.0)",136709.99999999997,182,-6.325427783554009,198.0,236.0,0.0017902002684824488,0.001448321263989467,0.0017241842761299842
676,"(3.0, 3.0, 6.0, 14.0)",136709.99999999997,171,-6.235085017177747,181.0,201.0,0.0019594626192627894,0.0013239704483944117,0.0014685126278168434
677,"(3.0, 3.0, 7.0, 7.0)",97650.00000000004,279,-5.967394805242037,301.0,347.0,0.0025609043907493887,0.0030824372759856618,0.003544006004914779
678,"(3.0, 3.0, 7.0, 8.0)",169260.00000000003,554,-5.846282102528296,611.0,735.0,0.0028906262566566776,0.0036098310291858672,0.004329400881727327
679,"(3.0, 3.0, 7.0, 9.0)",169260.00000000003,328,-6.481707523012794,354.0,406.0,0.0015311938970360348,0.002091456930166607,0.002394302400134237
680,"(3.0, 3.0, 7.0, 11.0)",169260.00000000003,425,-6.110932993288603,472.0,574.0,0.0022184800199610754,0.002788609240222143,0.0033834560819958354
681,"(3.0, 3.0, 7.0, 12.0)",136709.99999999997,170,-6.229001470272085,185.0,217.0,0.0019714194350655212,0.0013532294638285425,0.001585470357319814
682,"(3.0, 3.0, 7.0, 13.0)",136709.99999999997,207,-6.106174350476728,220.0,246.0,0.002229062132238575,0.0016092458488771856,0.0017968397769969064
683,"(3.0, 3.0, 7.0, 14.0)",136709.99999999997,213,-6.015831584100464,225.0,249.0,0.002439818606349698,0.0016458196181698488,0.00181866498855908
684,"(3.0, 3.0, 8.0, 8.0)",68250.00000000001,268,-5.725169399814551,304.0,390.0,0.0032628005113568147,0.004454212454212453,0.005694445705698452
685,"(3.0, 3.0, 8.0, 9.0)",136500.00000000003,295,-6.360594820299049,322.0,378.0,0.00172833835530644,0.0023589743589743583,0.00276366600920447
686,"(3.0, 3.0, 8.0, 11.0)",136500.00000000003,399,-5.98982029057486,449.0,561.0,0.0025041140226602404,0.0032893772893772886,0.004099070106938238
687,"(3.0, 3.0, 8.0, 12.0)",114660.00000000004,159,-6.107888767558341,172.0,200.0,0.0022252438640304358,0.001500087214372928,0.0017420371969224472
688,"(3.0, 3.0, 8.0, 13.0)",114660.00000000004,190,-5.9850616477629845,207.0,247.0,0.0025160586043130057,0.0018053375196232333,0.002150935767778108
689,"(3.0, 3.0, 8.0, 14.0)",114660.00000000004,215,-5.894718881386723,230.0,262.0,0.002753950420980051,0.002005930577359148,0.0022809928132496715
690,"(3.0, 3.0, 9.0, 9.0)",68250.00000000001,71,-6.996020240783548,80.0,106.0,0.0009155182672143127,0.001172161172161172,0.0015517395913000305
691,"(3.0, 3.0, 9.0, 11.0)",136500.00000000003,217,-6.625245711059359,245.0,309.0,0.0013264544664499372,0.0017948717948717944,0.002260514698976237
692,"(3.0, 3.0, 9.0, 12.0)",114660.00000000004,108,-6.74331418804284,116.0,132.0,0.0011787341293859194,0.0010116867259724399,0.0011502062126267849
693,"(3.0, 3.0, 9.0, 13.0)",114660.00000000004,87,-6.620487068247483,96.0,118.0,0.001332781631882427,0.0008372579801151226,0.001028428599632905
694,"(3.0, 3.0, 9.0, 14.0)",114660.00000000004,131,-6.530144301871221,143.0,171.0,0.0014587953277023424,0.0012471655328798181,0.0014898103552136589
695,"(3.0, 3.0, 11.0, 11.0)",68250.00000000001,172,-6.25447118133517,181.0,199.0,0.0019218419932992056,0.0026520146520146513,0.002908717734036415
696,"(3.0, 3.0, 11.0, 12.0)",114660.00000000004,133,-6.372539658318651,146.0,176.0,0.0017078164430715005,0.0012733298447584157,0.001533351594650839
697,"(3.0, 3.0, 11.0, 13.0)",114660.00000000004,131,-6.249712538523294,139.0,157.0,0.0019310091471927363,0.0012122797837083546,0.0013677960327059522
698,"(3.0, 3.0, 11.0, 14.0)",114660.00000000004,169,-6.159369772147031,180.0,202.0,0.002113584892145147,0.001569858712715855,0.001759265876781014
699,"(3.0, 3.0, 12.0, 12.0)",44100.0,27,-6.490608135302132,29.0,33.0,0.0015176258055525325,0.0006575963718820862,0.0007478668867395787
700,"(3.0, 3.0, 12.0, 13.0)",88200.0,53,-6.367781015506775,57.0,67.0,0.00171596269870028,0.0006462585034013606,0.0007592195381553982
701,"(3.0, 3.0, 12.0, 14.0)",88200.0,56,-6.277438249130512,64.0,82.0,0.0018782059322350428,0.0007256235827664399,0.0009291786858356343
702,"(3.0, 3.0, 13.0, 13.0)",44100.0,33,-6.244953895711419,38.0,50.0,0.0019402200282557225,0.0008616780045351474,0.0011330443590890627
703,"(3.0, 3.0, 13.0, 14.0)",88200.0,75,-6.154611129335155,85.0,107.0,0.0021236666564321658,0.000963718820861678,0.0012122231734719587
704,"(3.0, 3.0, 14.0, 14.0)",44100.0,36,-6.064268362958892,39.0,45.0,0.002324458052160339,0.0008843537414965987,0.0010196260817252072
705,"(3.0, 4.0, 4.0, 4.0)",94395.0,165,-6.677869943363056,178.0,206.0,0.0012584557016121843,0.0018856930981513852,0.0021787631402990526
706,"(3.0, 4.0, 4.0, 6.0)",283185.00000000006,487,-6.661189714260994,554.0,700.0,0.001279623078597601,0.001956318307819976,0.0024680551570791798
707,"(3.0, 4.0, 4.0, 7.0)",283185.00000000006,642,-6.441936281183711,728.0,942.0,0.0015933185790762984,0.0025707576319367194,0.0033198385805884843
708,"(3.0, 4.0, 4.0, 8.0)",253890.0000000001,649,-6.32082357846997,741.0,951.0,0.0017984617217783401,0.0029185867895545306,0.0037371985000942917
709,"(3.0, 4.0, 4.0, 9.0)",253890.0000000001,338,-6.956248998954468,378.0,462.0,0.0009526633220390707,0.0014888337468982626,0.0018174690647275288
710,"(3.0, 4.0, 4.0, 11.0)",253890.0000000001,458,-6.585474469230277,534.0,710.0,0.0013802723154686684,0.0021032730710150056,0.0027920629098431514
711,"(3.0, 4.0, 4.0, 12.0)",205065.00000000003,213,-6.703542946213759,237.0,287.0,0.0012265585643838996,0.0011557311096481602,0.0013982205238681068
712,"(3.0, 4.0, 4.0, 13.0)",205065.00000000003,180,-6.580715826418402,198.0,234.0,0.0013868561911332645,0.000965547509326311,0.0011401693199383286
713,"(3.0, 4.0, 4.0, 14.0)",205065.00000000003,199,-6.490373060042138,219.0,259.0,0.0015179826037689198,0.0010679540633457682,0.0012618736403585558
714,"(3.0, 4.0, 6.0, 6.0)",283185.00000000006,480,-6.644509485158931,541.0,675.0,0.0013011464934219888,0.0019104119215353917,0.002379951152605008
715,"(3.0, 4.0, 6.0, 7.0)",566370.0000000001,1241,-6.425256052081648,1386.0,1718.0,0.0016201183901288212,0.0024471635150166847,0.0030273641459967627
716,"(3.0, 4.0, 6.0, 8.0)",507780.0000000002,1297,-6.304143349367905,1458.0,1822.0,0.0018287120652826516,0.002871322226160935,0.0035799236129706894
717,"(3.0, 4.0, 6.0, 9.0)",507780.0000000002,663,-6.939568769852404,745.0,925.0,0.0009686872342450778,0.0014671708220095313,0.0018195024572405423
718,"(3.0, 4.0, 6.0, 11.0)",507780.0000000002,912,-6.568794240128213,1043.0,1351.0,0.0014034886626206847,0.0020540391508133437,0.002656381970864747
719,"(3.0, 4.0, 6.0, 12.0)",410130.00000000006,392,-6.686862717111696,446.0,570.0,0.0012471894276663694,0.0010874600736351886,0.0013886206637094547
720,"(3.0, 4.0, 6.0, 13.0)",410130.00000000006,420,-6.564035597316337,461.0,551.0,0.0014101832798696203,0.001124033842927852,0.0013422130066037847
721,"(3.0, 4.0, 6.0, 14.0)",410130.00000000006,448,-6.473692830940076,489.0,575.0,0.001543515254612424,0.0011923048789408235,0.001400572898627747
722,"(3.0, 4.0, 7.0, 7.0)",283185.00000000006,774,-6.206002619004366,866.0,1078.0,0.002017285225993636,0.0030580715786499985,0.003797346999356918
723,"(3.0, 4.0, 7.0, 8.0)",507780.0000000002,1525,-6.084889916290624,1749.0,2251.0,0.002277014972712993,0.003444405057308282,0.004421158248758846
724,"(3.0, 4.0, 7.0, 9.0)",507780.0000000002,795,-6.720315336775123,891.0,1099.0,0.0012061578080697236,0.001754696915987238,0.002161244170798092
725,"(3.0, 4.0, 7.0, 11.0)",507780.0000000002,1223,-6.349540807050932,1381.0,1753.0,0.0017475494144160335,0.0027196817519398154,0.0034448858157087136
726,"(3.0, 4.0, 7.0, 12.0)",410130.00000000006,480,-6.467609284034413,537.0,673.0,0.0015529339224689463,0.0013093409406773461,0.0016392287418985595
727,"(3.0, 4.0, 7.0, 13.0)",410130.00000000006,566,-6.3447821642390565,631.0,767.0,0.0017558851956479755,0.001538536561578036,0.001867771641746871
728,"(3.0, 4.0, 7.0, 14.0)",410130.00000000006,583,-6.254439397862793,640.0,766.0,0.001921903077081834,0.001560480823153634,0.0018652653848125755
729,"(3.0, 4.0, 8.0, 8.0)",211575.0,710,-5.963777213576879,799.0,997.0,0.002570185474592638,0.0037764386151482926,0.004698015481727503
730,"(3.0, 4.0, 8.0, 9.0)",423150.0,724,-6.599202634061378,812.0,1024.0,0.0013614531812558464,0.0019189412737799835,0.002416263310139881
731,"(3.0, 4.0, 8.0, 11.0)",423150.0,1064,-6.228428104337189,1195.0,1487.0,0.001972550103925508,0.00282405766276734,0.0035061449866312018
732,"(3.0, 4.0, 8.0, 12.0)",355446.0,488,-6.34649658132067,556.0,708.0,0.0017528774550728164,0.0015642319789785227,0.0019894169213317578
733,"(3.0, 4.0, 8.0, 13.0)",355446.0,492,-6.223669461525313,552.0,688.0,0.001981959134651464,0.001552978511503857,0.0019331846633852958
734,"(3.0, 4.0, 8.0, 14.0)",355446.0,584,-6.133326695149052,635.0,745.0,0.002169352170049706,0.001786487961603169,0.002092766777919521
735,"(3.0, 4.0, 9.0, 9.0)",211575.0,204,-7.234628054545877,218.0,246.0,0.0007211754883353087,0.0010303674819803852,0.0011616466023345305
736,"(3.0, 4.0, 9.0, 11.0)",423150.0,586,-6.863853524821687,655.0,823.0,0.0010448796947627203,0.0015479144511402576,0.0019425407444984121
737,"(3.0, 4.0, 9.0, 12.0)",355446.0,239,-6.981922001805168,266.0,322.0,0.0009285168759810146,0.0007483555870652645,0.0009053440956258915
738,"(3.0, 4.0, 9.0, 13.0)",355446.0,280,-6.859094882009812,302.0,350.0,0.0010498637532834064,0.0008496367943372551,0.0009839565213509511
739,"(3.0, 4.0, 9.0, 14.0)",355446.0,330,-6.76875211563355,358.0,414.0,0.0011491277350894526,0.001007185338982574,0.0011637194613208315
740,"(3.0, 4.0, 11.0, 11.0)",211575.0,415,-6.493078995097498,474.0,610.0,0.001513880593817156,0.002240340304856434,0.0028781192423277704
741,"(3.0, 4.0, 11.0, 12.0)",355446.0,391,-6.61114747208098,433.0,521.0,0.0013452875834653838,0.0012181878541325545,0.0014642801569272423
742,"(3.0, 4.0, 11.0, 13.0)",355446.0,431,-6.488320352285623,477.0,583.0,0.001521101778715987,0.0013419759963538766,0.0016383919848577256
743,"(3.0, 4.0, 11.0, 14.0)",355446.0,485,-6.397977585909359,537.0,649.0,0.001664921030324012,0.001510778008473861,0.0018235926475736106
744,"(3.0, 4.0, 12.0, 12.0)",136709.99999999997,76,-6.729215949064461,82.0,96.0,0.0011954699000816438,0.0005998098163996783,0.0007018565986032861
745,"(3.0, 4.0, 12.0, 13.0)",273419.99999999994,150,-6.606388829269104,172.0,222.0,0.0013517045825483908,0.000629068831833809,0.0008115419507019407
746,"(3.0, 4.0, 12.0, 14.0)",273419.99999999994,173,-6.5160460628928405,190.0,232.0,0.001479507431889181,0.0006949016165606029,0.0008480285593330903
747,"(3.0, 4.0, 13.0, 13.0)",136709.99999999997,103,-6.483561709473747,112.0,132.0,0.0015283574085449905,0.0008192524321556582,0.0009648763347787183
748,"(3.0, 4.0, 13.0, 14.0)",273419.99999999994,172,-6.393218943097484,188.0,222.0,0.0016728626755574763,0.0006875868627020702,0.000811464902603365
749,"(3.0, 4.0, 14.0, 14.0)",136709.99999999997,113,-6.30287617672122,122.0,140.0,0.0018310308280165208,0.0008923999707409848,0.0010232691624867942
750,"(3.0, 6.0, 6.0, 6.0)",94395.0,162,-6.627829256056867,180.0,220.0,0.0013230319346848286,0.0019068806610519624,0.0023269957252080157
751,"(3.0, 6.0, 6.0, 7.0)",283185.00000000006,617,-6.408575822979586,696.0,878.0,0.0016473689772420032,0.0024577572964669735,0.0030944061335228166
752,"(3.0, 6.0, 6.0, 8.0)",253890.0000000001,638,-6.287463120265841,706.0,854.0,0.001859471223220458,0.0027807318129898766,0.003355928958761782
753,"(3.0, 6.0, 6.0, 9.0)",253890.0000000001,308,-6.922888540750341,340.0,412.0,0.000984980670590877,0.0013391626294852097,0.0016209566532985737
754,"(3.0, 6.0, 6.0, 11.0)",253890.0000000001,512,-6.55211401102615,583.0,739.0,0.0014270955115374896,0.002296270038205521,0.002905436506233904
755,"(3.0, 6.0, 6.0, 12.0)",205065.00000000003,213,-6.670182488009633,229.0,263.0,0.001268167304562489,0.0011167190890693194,0.001281273115005501
756,"(3.0, 6.0, 6.0, 13.0)",205065.00000000003,235,-6.547355368214276,243.0,259.0,0.001433902733057594,0.0011849901250822908,0.00126160996464343
757,"(3.0, 6.0, 6.0, 14.0)",205065.00000000003,259,-6.457012601838013,290.0,358.0,0.0015694773677287358,0.0014141857459829808,0.0017437879995789865
758,"(3.0, 6.0, 7.0, 7.0)",283185.00000000006,771,-6.189322389902303,877.0,1119.0,0.002051216207283653,0.0030969154439677237,0.003941889595690591
759,"(3.0, 6.0, 7.0, 8.0)",507780.0000000002,1589,-6.06820968718856,1788.0,2230.0,0.0023153146397311593,0.0035212099728228747,0.004379266762315554
760,"(3.0, 6.0, 7.0, 9.0)",507780.0000000002,806,-6.703635107673058,899.0,1107.0,0.0012264455281655608,0.0017704517704517698,0.002176943487058103
761,"(3.0, 6.0, 7.0, 11.0)",507780.0000000002,1197,-6.332860577948868,1341.0,1659.0,0.0017769434067577614,0.002640907479617156,0.0032601885522664004
762,"(3.0, 6.0, 7.0, 12.0)",410130.00000000006,507,-6.450929054932351,553.0,649.0,0.0015790544587168502,0.0013483529612561868,0.0015806070290211036
763,"(3.0, 6.0, 7.0, 13.0)",410130.00000000006,559,-6.328101935136992,597.0,675.0,0.0017854193968374035,0.0014556360178479993,0.001643700741953392
764,"(3.0, 6.0, 7.0, 14.0)",410130.00000000006,571,-6.23775916876073,633.0,773.0,0.0019542297191002278,0.0015434130641503912,0.0018823861203286585
765,"(3.0, 6.0, 8.0, 8.0)",211575.0,709,-5.9470969844748165,795.0,993.0,0.0026134163048820544,0.0037575327897908543,0.004679252092317694
766,"(3.0, 6.0, 8.0, 9.0)",423150.0,695,-6.582522404959315,802.0,1066.0,0.0013843529882961092,0.0018953089920831856,0.002515609032703177
767,"(3.0, 6.0, 8.0, 11.0)",423150.0,1082,-6.211747875235126,1198.0,1462.0,0.0020057286350561028,0.0028311473472763795,0.003447024188769852
768,"(3.0, 6.0, 8.0, 12.0)",355446.0,467,-6.329816352218607,505.0,583.0,0.0017823610657022816,0.001420750268676536,0.0016381743531065712
769,"(3.0, 6.0, 8.0, 13.0)",355446.0,584,-6.2069892324232505,652.0,806.0,0.0020152959268159502,0.001834315198370498,0.002264208983898152
770,"(3.0, 6.0, 8.0, 14.0)",355446.0,599,-6.116646466046987,675.0,847.0,0.002205840935716034,0.0018990226363498253,0.0023793154507870786
771,"(3.0, 6.0, 9.0, 9.0)",211575.0,201,-7.217947825443814,232.0,304.0,0.0007333057472031253,0.0010965378707314191,0.0014356403318633597
772,"(3.0, 6.0, 9.0, 11.0)",423150.0,586,-6.8471732957196245,659.0,815.0,0.0010624546975022808,0.0015573673638189767,0.0019236055651831343
773,"(3.0, 6.0, 9.0, 12.0)",355446.0,257,-6.965241772703106,289.0,363.0,0.0009441346420462269,0.0008130630250445919,0.0010205911018432113
774,"(3.0, 6.0, 9.0, 13.0)",355446.0,306,-6.842414652907749,325.0,363.0,0.0010675225884896082,0.0009143442323165825,0.0010204161479507353
775,"(3.0, 6.0, 9.0, 14.0)",355446.0,315,-6.7520718865314855,339.0,389.0,0.0011684562024656807,0.0009537313684779122,0.001093490108388014
776,"(3.0, 6.0, 11.0, 11.0)",211575.0,455,-6.476398765995434,500.0,594.0,0.001539344248357547,0.0023632281696797826,0.002801930218197614
777,"(3.0, 6.0, 11.0, 12.0)",355446.0,381,-6.594467242978915,433.0,557.0,0.0013679154831972029,0.0012181878541325545,0.001565561364199233
778,"(3.0, 6.0, 11.0, 13.0)",355446.0,454,-6.471640123183558,483.0,545.0,0.0015466868944590561,0.001358856197565875,0.001531438453257529
779,"(3.0, 6.0, 11.0, 14.0)",355446.0,440,-6.381297356807297,471.0,533.0,0.0016929252032596735,0.001325095795141878,0.0014977686621328928
780,"(3.0, 6.0, 12.0, 12.0)",136709.99999999997,72,-6.712535719962398,77.0,87.0,0.0012155778482734862,0.000563236047107015,0.0006360663508475808
781,"(3.0, 6.0, 12.0, 13.0)",273419.99999999994,172,-6.58970860016704,182.0,202.0,0.0013744404169802778,0.0006656426011264722,0.0007383470596393645
782,"(3.0, 6.0, 12.0, 14.0)",273419.99999999994,202,-6.499365833790778,217.0,249.0,0.0015043929256919459,0.0007936507936507939,0.0009100569738050539
783,"(3.0, 6.0, 13.0, 13.0)",136709.99999999997,86,-6.466881480371683,92.0,106.0,0.0015540645648586258,0.0006729573549850049,0.0007749110374028337
784,"(3.0, 6.0, 13.0, 14.0)",273419.99999999994,194,-6.376538713995421,201.0,215.0,0.001701000427925712,0.0007351327627825326,0.000785795619613345
785,"(3.0, 6.0, 14.0, 14.0)",136709.99999999997,122,-6.286195947619158,135.0,171.0,0.00186182898782373,0.0009874917709019094,0.0012498477698114862
786,"(3.0, 7.0, 7.0, 7.0)",94395.0,333,-5.9700689568250205,374.0,464.0,0.0025540652926870334,0.003962074262407966,0.004899816560473112
787,"(3.0, 7.0, 7.0, 8.0)",253890.0000000001,985,-5.848956254111279,1088.0,1310.0,0.002882906610229304,0.004285320414352671,0.005141350866080523
788,"(3.0, 7.0, 7.0, 9.0)",253890.0000000001,535,-6.484381674595777,599.0,745.0,0.0015271047224256367,0.0023592894560636487,0.0029287753972815694
789,"(3.0, 7.0, 7.0, 11.0)",253890.0000000001,763,-6.113607144871587,872.0,1118.0,0.0022125553933093752,0.0034345582732679494,0.004391685632304187
790,"(3.0, 7.0, 7.0, 12.0)",205065.00000000003,349,-6.231675621855068,395.0,499.0,0.0019661546032790833,0.001926218516080267,0.0024296644658335074
791,"(3.0, 7.0, 7.0, 13.0)",205065.00000000003,348,-6.108848502059711,382.0,454.0,0.0022231092452176734,0.0018628239826396506,0.0022104620546589205
792,"(3.0, 7.0, 7.0, 14.0)",205065.00000000003,376,-6.018505735683448,406.0,470.0,0.0024333028774675665,0.0019798600443761733,0.0022880363632115826
793,"(3.0, 7.0, 8.0, 8.0)",211575.0,902,-5.727843551397534,1030.0,1330.0,0.003254086944096877,0.004868250029540352,0.006262487072998102
794,"(3.0, 7.0, 8.0, 9.0)",423150.0,963,-6.363268971882032,1065.0,1301.0,0.001723722690801522,0.0025168380007089684,0.0030682253752315845
795,"(3.0, 7.0, 8.0, 11.0)",423150.0,1358,-5.992494442157843,1514.0,1882.0,0.002497426587775067,0.003577927448895191,0.004434793850507793
796,"(3.0, 7.0, 8.0, 12.0)",355446.0,579,-6.110562919141325,648.0,802.0,0.0022193011739972852,0.0018230617308958323,0.002252996674595802
797,"(3.0, 7.0, 8.0, 13.0)",355446.0,711,-5.987735799345968,780.0,928.0,0.0025093392704762223,0.0021944261575597983,0.0026059889479614438
798,"(3.0, 7.0, 8.0, 14.0)",355446.0,738,-5.897393032969706,831.0,1049.0,0.0027465957781999525,0.002337907867861785,0.0029457560320324517
799,"(3.0, 7.0, 9.0, 9.0)",211575.0,250,-6.998694392366533,283.0,353.0,0.0009130733031500642,0.001337587144038757,0.0016666499484260288
800,"(3.0, 7.0, 9.0, 11.0)",423150.0,764,-6.627919862642342,839.0,1017.0,0.0013229120647093385,0.0019827484343613376,0.0023994717572103767
801,"(3.0, 7.0, 9.0, 12.0)",355446.0,276,-6.745988339625825,301.0,351.0,0.001175586226508545,0.0008468234274685888,0.0009867746609845995
802,"(3.0, 7.0, 9.0, 13.0)",355446.0,355,-6.623161219830468,397.0,493.0,0.0013292223329452698,0.001116906646860564,0.0013857423857947377
803,"(3.0, 7.0, 9.0, 14.0)",355446.0,391,-6.532818453454205,416.0,470.0,0.0014548994992071044,0.0011703606173652256,0.0013209126842985322
804,"(3.0, 7.0, 11.0, 11.0)",211575.0,516,-6.257145332918153,580.0,728.0,0.001916709561998762,0.002741344676828548,0.003433345244416587
805,"(3.0, 7.0, 11.0, 12.0)",355446.0,446,-6.375213809901634,498.0,616.0,0.0017032555839590479,0.0014010567005958712,0.0017310710312202226
806,"(3.0, 7.0, 11.0, 13.0)",355446.0,523,-6.2523866901062775,566.0,660.0,0.0019258522342815551,0.0015923656476651868,0.0018542865049639649
807,"(3.0, 7.0, 11.0, 14.0)",355446.0,592,-6.162043923730014,644.0,750.0,0.002107940396242564,0.0018118082634211666,0.0021067425023164046
808,"(3.0, 7.0, 12.0, 12.0)",136709.99999999997,90,-6.493282286885115,101.0,125.0,0.001513572865605369,0.0007387901397117989,0.0009137984214460474
809,"(3.0, 7.0, 12.0, 13.0)",273419.99999999994,181,-6.370455167089759,191.0,211.0,0.0017113800843667865,0.0006985589934898692,0.0007712185474078102
810,"(3.0, 7.0, 12.0, 14.0)",273419.99999999994,226,-6.280112400713495,242.0,278.0,0.0018731900344927245,0.0008850852168824521,0.001015967410494896
811,"(3.0, 7.0, 13.0, 13.0)",136709.99999999997,116,-6.247628047294402,125.0,143.0,0.0019350385169569335,0.0009143442323165827,0.001045173776395
812,"(3.0, 7.0, 13.0, 14.0)",273419.99999999994,270,-6.157285280918138,292.0,342.0,0.002117995236379329,0.0010679540633457686,0.0012496823839276685
813,"(3.0, 7.0, 14.0, 14.0)",136709.99999999997,147,-6.066942514541875,157.0,179.0,0.0023182504027775743,0.001148416355789628,0.0013080220805511014
814,"(3.0, 8.0, 8.0, 8.0)",54600.00000000001,261,-5.606730848683792,304.0,402.0,0.003673057532342148,0.005567765567765567,0.007331637349219766
815,"(3.0, 8.0, 8.0, 9.0)",163800.00000000003,397,-6.242156269168291,446.0,558.0,0.0019456556391657116,0.002722832722832722,0.0033991795885568773
816,"(3.0, 8.0, 8.0, 11.0)",163800.00000000003,587,-5.8713817394441,656.0,808.0,0.0028189755520637012,0.004004884004884004,0.004916805836952356
817,"(3.0, 8.0, 8.0, 12.0)",143325.00000000003,252,-5.989450216427581,276.0,330.0,0.002505040902018331,0.0019256933542647825,0.002298751150421928
818,"(3.0, 8.0, 8.0, 13.0)",143325.00000000003,291,-5.866623096632225,323.0,393.0,0.0028324220179011482,0.0022536193964765388,0.002736941084492852
819,"(3.0, 8.0, 8.0, 14.0)",143325.00000000003,329,-5.776280330255961,369.0,453.0,0.0031002258036520905,0.0025745682888540025,0.003154020473060616
820,"(3.0, 8.0, 9.0, 9.0)",163800.00000000003,233,-6.877581689652789,262.0,328.0,0.0010306334253913623,0.0015995115995115993,0.00199988356508503
821,"(3.0, 8.0, 9.0, 11.0)",327600.00000000006,611,-6.506807159928599,660.0,766.0,0.001493239795796399,0.0020146520146520144,0.0023341585154771963
822,"(3.0, 8.0, 9.0, 12.0)",286650.00000000006,279,-6.62487563691208,304.0,364.0,0.0013269454437989223,0.001060526774812489,0.0012687165528011755
823,"(3.0, 8.0, 9.0, 13.0)",286650.00000000006,320,-6.502048517116723,351.0,417.0,0.0015003625244368066,0.001224489795918367,0.0014532363651897178
824,"(3.0, 8.0, 9.0, 14.0)",286650.00000000006,342,-6.411705750740461,376.0,454.0,0.001642220892117746,0.0013117041688470257,0.00158209244455787
825,"(3.0, 8.0, 11.0, 11.0)",163800.00000000003,406,-6.136032630204408,448.0,542.0,0.0021634899788965825,0.0027350427350427346,0.0033014328501507983
826,"(3.0, 8.0, 11.0, 12.0)",286650.00000000006,393,-6.254101107187891,426.0,494.0,0.0019225533489551304,0.001486132914704343,0.001721147418030127
827,"(3.0, 8.0, 11.0, 13.0)",286650.00000000006,462,-6.131273987392532,513.0,629.0,0.0021738097896056873,0.001789638932496075,0.0021911108153763455
828,"(3.0, 8.0, 11.0, 14.0)",286650.00000000006,535,-6.040931221016271,591.0,731.0,0.002379342188195864,0.0020617477760334897,0.002545897460541999
829,"(3.0, 8.0, 12.0, 12.0)",114660.00000000004,80,-6.372169584171372,90.0,112.0,0.0017084485787466997,0.0007849293563579275,0.000976184862706504
830,"(3.0, 8.0, 12.0, 13.0)",229320.0000000001,165,-6.249342464376015,183.0,221.0,0.001931723896003142,0.0007980115122972263,0.0009630819984879187
831,"(3.0, 8.0, 12.0, 14.0)",229320.0000000001,239,-6.158999697999754,264.0,318.0,0.0021143672200225378,0.0011512297226582936,0.0013853831996913399
832,"(3.0, 8.0, 13.0, 13.0)",114660.00000000004,106,-6.126515344580659,117.0,153.0,0.002184178825637813,0.0010204081632653058,0.0013333386729888182
833,"(3.0, 8.0, 13.0, 14.0)",229320.0000000001,237,-6.036172578204395,265.0,329.0,0.0023906916103026824,0.0011555904413047267,0.0014333410454083993
834,"(3.0, 8.0, 14.0, 14.0)",114660.00000000004,137,-5.945829811828133,146.0,166.0,0.0026167300536404743,0.0012733298447584157,0.0014461372217221804
835,"(3.0, 9.0, 9.0, 9.0)",54600.00000000001,25,-7.513007110137288,26.0,28.0,0.0005459369254003252,0.00047619047619047614,0.0005125937554508982
836,"(3.0, 9.0, 9.0, 11.0)",163800.00000000003,141,-7.142232580413098,153.0,179.0,0.0007909841878968103,0.0009340659340659338,0.0010919236136269102
837,"(3.0, 9.0, 9.0, 12.0)",143325.00000000003,73,-7.26030105739658,82.0,100.0,0.0007028963915918651,0.0005721262864120006,0.0006973876549416654
838,"(3.0, 9.0, 9.0, 13.0)",143325.00000000003,79,-7.1374739376012215,85.0,97.0,0.0007947571691320434,0.0005930577359148786,0.0006764318164482625
839,"(3.0, 9.0, 9.0, 14.0)",143325.00000000003,103,-7.04713117122496,115.0,141.0,0.0008699009779645899,0.0008023722309436594,0.00098313432543828
840,"(3.0, 9.0, 11.0, 11.0)",163800.00000000003,239,-6.771458050688908,261.0,307.0,0.0011460224732811302,0.001593406593406593,0.0018716979296649623
841,"(3.0, 9.0, 11.0, 12.0)",286650.00000000006,224,-6.889526527672389,248.0,298.0,0.0010183959091450002,0.0008651665794522936,0.0010388468120994096
842,"(3.0, 9.0, 11.0, 13.0)",286650.00000000006,248,-6.766699407877033,268.0,312.0,0.0011514889811494373,0.0009349380777952204,0.0010875612649403482
843,"(3.0, 9.0, 11.0, 14.0)",286650.00000000006,255,-6.676356641500771,284.0,352.0,0.0012603615666799003,0.000990755276469562,0.0012269967748176611
844,"(3.0, 9.0, 12.0, 12.0)",114660.00000000004,52,-7.007595004655872,53.0,55.0,0.0009049824518658036,0.0004622361765218906,0.0004794653888247368
845,"(3.0, 9.0, 12.0, 13.0)",229320.0000000001,104,-6.884767884860516,110.0,122.0,0.0010232536404549734,0.00047967905110762237,0.0005317775828727459
846,"(3.0, 9.0, 12.0, 14.0)",229320.0000000001,112,-6.794425118484252,120.0,138.0,0.0011200016522150062,0.0005232862375719517,0.0006015053447213122
847,"(3.0, 9.0, 13.0, 13.0)",114660.00000000004,45,-6.761940765065157,50.0,62.0,0.001156981564168076,0.00043607186464329306,0.0005405389534865499
848,"(3.0, 9.0, 13.0, 14.0)",229320.0000000001,113,-6.671597998688895,125.0,153.0,0.0012663734700952335,0.0005450898308041163,0.0006668928299805923
849,"(3.0, 9.0, 14.0, 14.0)",114660.00000000004,84,-6.581255232312632,88.0,96.0,0.0013861083144519964,0.0007674864817721958,0.0008366689446154196
850,"(3.0, 11.0, 11.0, 11.0)",54600.00000000001,116,-6.4006835209647175,128.0,156.0,0.0016604219519957566,0.002344322344322344,0.002851647009888768
851,"(3.0, 11.0, 11.0, 12.0)",143325.00000000003,149,-6.5187519979482005,168.0,216.0,0.0014755093925215036,0.001172161172161172,0.0015056904023936987
852,"(3.0, 11.0, 11.0, 13.0)",143325.00000000003,168,-6.395924878152844,191.0,249.0,0.0016683421367014754,0.0013326356183499038,0.001735534391047585
853,"(3.0, 11.0, 11.0, 14.0)",143325.00000000003,171,-6.30558211177658,186.0,218.0,0.0018260828749504833,0.0012977498691784403,0.0015193345091528538
854,"(3.0, 11.0, 12.0, 12.0)",114660.00000000004,66,-6.636820474931682,69.0,75.0,0.0013111895833479946,0.0006017791732077444,0.000653745658791633
855,"(3.0, 11.0, 12.0, 13.0)",229320.0000000001,127,-6.513993355136325,143.0,183.0,0.0014825475474373375,0.0006235827664399091,0.0007976226568306255
856,"(3.0, 11.0, 12.0, 14.0)",229320.0000000001,176,-6.4236505887600615,191.0,223.0,0.0016227215198363018,0.0008328972614686898,0.0009717465403063815
857,"(3.0, 11.0, 13.0, 13.0)",114660.00000000004,76,-6.391166235340968,81.0,93.0,0.0016763001005546585,0.0007064364207221347,0.0008105946158200024
858,"(3.0, 11.0, 13.0, 14.0)",229320.0000000001,202,-6.300823468964705,221.0,261.0,0.0018347932594646,0.0009637188208616776,0.0011372188127533119
859,"(3.0, 11.0, 14.0, 14.0)",114660.00000000004,102,-6.210480702588441,107.0,117.0,0.002008271850525348,0.0009331937903366472,0.001019537312614983
860,"(3.0, 12.0, 12.0, 12.0)",27930.0,6,-6.754888951915163,7.0,9.0,0.0011651692169456877,0.0002506265664160401,0.00032217134314482945
861,"(3.0, 12.0, 12.0, 13.0)",83790.0,29,-6.632061832119806,30.0,32.0,0.0013174439355455503,0.00035803795202291446,0.0003817789576493533
862,"(3.0, 12.0, 12.0, 14.0)",83790.0,28,-6.541719065743543,31.0,37.0,0.0014420074614692614,0.00036997255042367825,0.0004414432611401941
863,"(3.0, 12.0, 13.0, 13.0)",83790.0,28,-6.509234712324449,29.0,31.0,0.0014896192742334116,0.0003461033536221506,0.00036985276289228975
864,"(3.0, 12.0, 13.0, 14.0)",167580.0,57,-6.418891945948186,60.0,66.0,0.0016304618741164924,0.00035803795202291446,0.00039371355605011715
865,"(3.0, 12.0, 14.0, 14.0)",83790.0,32,-6.328549179571922,36.0,44.0,0.001784621056488098,0.0004296455424274973,0.0005249377343414799
866,"(3.0, 13.0, 13.0, 13.0)",27930.0,12,-6.386407592529093,12.0,12.0,0.0016842960237611992,0.0004296455424274973,0.0004294609471353695
867,"(3.0, 13.0, 13.0, 14.0)",83790.0,33,-6.296064826152829,36.0,42.0,0.0018435451923659362,0.0004296455424274973,0.0005010685375399523
868,"(3.0, 13.0, 14.0, 14.0)",83790.0,51,-6.205722059776566,55.0,63.0,0.002017851273380089,0.0006564029120420098,0.0007514488344651831
869,"(3.0, 14.0, 14.0, 14.0)",27930.0,13,-6.115379293400304,14.0,16.0,0.0022086378887496345,0.0005012531328320802,0.0005726094685334891
870,"(4.0, 4.0, 4.0, 4.0)",31465.000000000004,42,-6.916477757125385,46.0,58.0,0.0009913154523066103,0.0014619418401398377,0.0018411806984062788
871,"(4.0, 4.0, 4.0, 6.0)",125860.0,189,-6.899797528023322,220.0,304.0,0.0010079894980148235,0.0017479739392976322,0.0024123267577733556
872,"(4.0, 4.0, 4.0, 7.0)",125860.0,261,-6.68054409494604,301.0,387.0,0.0012550948959602647,0.0023915461624026695,0.0030691255728993866
873,"(4.0, 4.0, 4.0, 8.0)",116870.00000000006,264,-6.559431392232298,298.0,368.0,0.0014166910228916709,0.0025498417044579435,0.003142296116814164
874,"(4.0, 4.0, 4.0, 9.0)",116870.00000000006,137,-7.194856812716796,156.0,198.0,0.0007504355304467531,0.001334816462736373,0.001692408390791589
875,"(4.0, 4.0, 4.0, 11.0)",116870.00000000006,158,-6.824082282992606,173.0,209.0,0.0010872732929432722,0.0014802772311114907,0.0017861205787543218
876,"(4.0, 4.0, 4.0, 12.0)",94395.0,72,-6.942150759976087,86.0,124.0,0.0009661893195565779,0.0009110652047248266,0.0013127988600285362
877,"(4.0, 4.0, 4.0, 13.0)",94395.0,102,-6.8193236401807305,115.0,145.0,0.0010924595682122533,0.0012182848667831982,0.0015346140922752258
878,"(4.0, 4.0, 4.0, 14.0)",94395.0,101,-6.728980873804467,111.0,137.0,0.0011957509585128678,0.0011759097409820435,0.0014499652949706127
879,"(4.0, 4.0, 6.0, 6.0)",188790.00000000003,285,-6.88311729892126,324.0,412.0,0.001024944003186906,0.001716192594946766,0.0021793736617365177
880,"(4.0, 4.0, 6.0, 7.0)",377580.00000000006,717,-6.663863865843977,819.0,1039.0,0.0012762057437884632,0.002169076751946607,0.0027470298377566494
881,"(4.0, 4.0, 6.0, 8.0)",350610.0000000002,773,-6.542751163130234,889.0,1159.0,0.0014405199371037407,0.0025355808448133243,0.003299238095402186
882,"(4.0, 4.0, 6.0, 9.0)",350610.0000000002,376,-7.178176583614733,427.0,539.0,0.0007630579467589585,0.0012178774136504943,0.0015358374442952882
883,"(4.0, 4.0, 6.0, 11.0)",350610.0000000002,569,-6.807402053890543,641.0,797.0,0.0011055613611274935,0.0018282422064402034,0.0022698385577869184
884,"(4.0, 4.0, 6.0, 12.0)",283185.00000000006,217,-6.9254705308740245,255.0,343.0,0.0009824407406754437,0.0009004714232745376,0.0012104114970322049
885,"(4.0, 4.0, 6.0, 13.0)",283185.00000000006,265,-6.802643411078668,301.0,397.0,0.0011108348701732598,0.0010629094055122975,0.0014007806355172086
886,"(4.0, 4.0, 6.0, 14.0)",283185.00000000006,286,-6.712300644702404,314.0,376.0,0.0012158636341414893,0.0011088157917968817,0.0013265244693093762
887,"(4.0, 4.0, 7.0, 7.0)",188790.00000000003,459,-6.444610432766694,524.0,668.0,0.0015890634955807031,0.002775570739975634,0.00353061921146381
888,"(4.0, 4.0, 7.0, 8.0)",350610.0000000002,921,-6.323497730052953,1048.0,1330.0,0.001793658787267757,0.00298907618151222,0.003784454089049869
889,"(4.0, 4.0, 7.0, 9.0)",350610.0000000002,539,-6.958923150537451,614.0,778.0,0.0009501191591631082,0.0017512335643592588,0.0022159229417058357
890,"(4.0, 4.0, 7.0, 11.0)",350610.0000000002,724,-6.588148620813261,810.0,994.0,0.0013765861888985617,0.002310259262428338,0.002829721599490695
891,"(4.0, 4.0, 7.0, 12.0)",283185.00000000006,271,-6.706217097796742,306.0,386.0,0.0012232829425639891,0.0010805657079294452,0.001361898924354657
892,"(4.0, 4.0, 7.0, 13.0)",283185.00000000006,305,-6.583389978001385,343.0,433.0,0.00138315248180159,0.001211222345816339,0.0015275687297539944
893,"(4.0, 4.0, 7.0, 14.0)",283185.00000000006,318,-6.493047211625122,358.0,440.0,0.0015139287109638521,0.0012641912530677822,0.001552156433184673
894,"(4.0, 4.0, 8.0, 8.0)",151125.00000000006,455,-6.202385027339208,522.0,674.0,0.0020245961562204047,0.003454094292803969,0.0044479534344361036
895,"(4.0, 4.0, 8.0, 9.0)",302250.0000000001,466,-6.837810447823706,528.0,686.0,0.0010724490138523967,0.0017468982630272946,0.0022665926806190945
896,"(4.0, 4.0, 8.0, 11.0)",302250.0000000001,671,-6.467035918099517,747.0,915.0,0.0015538245771903728,0.0024714640198511156,0.0030211871509583815
897,"(4.0, 4.0, 8.0, 12.0)",253890.0000000001,295,-6.585104395082999,334.0,424.0,0.0013807832130979993,0.0013155303477884119,0.0016682839531444267
898,"(4.0, 4.0, 8.0, 13.0)",253890.0000000001,338,-6.462277275287642,392.0,506.0,0.0015612362942161839,0.0015439757375241242,0.001990605228685219
899,"(4.0, 4.0, 8.0, 14.0)",253890.0000000001,345,-6.37193450891138,392.0,500.0,0.0017088502399489876,0.0015439757375241242,0.0019669729469884213
900,"(4.0, 4.0, 9.0, 9.0)",151125.00000000006,118,-7.4732358683082065,125.0,139.0,0.0005680870645630954,0.0008271298593879236,0.0009190842598350799
901,"(4.0, 4.0, 9.0, 11.0)",302250.0000000001,339,-7.102461338584018,387.0,497.0,0.0008230765579533281,0.0012803970223325058,0.0016426947439283942
902,"(4.0, 4.0, 9.0, 12.0)",253890.0000000001,168,-7.220529815567499,183.0,219.0,0.0007314148012586087,0.0007207845917523335,0.0008620587515054128
903,"(4.0, 4.0, 9.0, 13.0)",253890.0000000001,183,-7.097702695772142,195.0,219.0,0.0008270026192524482,0.0007680491551459291,0.0008619883824284
904,"(4.0, 4.0, 9.0, 14.0)",253890.0000000001,179,-7.007359929395879,197.0,235.0,0.0009051952158577613,0.0007759265823781951,0.0009249956377300068
905,"(4.0, 4.0, 11.0, 11.0)",151125.00000000006,263,-6.731686808859827,294.0,358.0,0.0011925197078256251,0.0019454094292803963,0.00236511529943948
906,"(4.0, 4.0, 11.0, 12.0)",253890.0000000001,188,-6.849755285843308,207.0,247.0,0.0010597149884394015,0.0008153137185395247,0.0009721975267252047
907,"(4.0, 4.0, 11.0, 13.0)",253890.0000000001,256,-6.726928166047951,279.0,329.0,0.0011982080067184696,0.0010989010989010985,0.001294629196082581
908,"(4.0, 4.0, 11.0, 14.0)",253890.0000000001,297,-6.636585399671688,336.0,428.0,0.001311497847811456,0.0013234077750206778,0.0016840180195659257
909,"(4.0, 4.0, 12.0, 12.0)",97650.00000000004,28,-6.967823762826789,31.0,37.0,0.0009417000401366365,0.0003174603174603173,0.00037880346881882966
910,"(4.0, 4.0, 12.0, 13.0)",195300.0000000001,85,-6.844996643031433,99.0,129.0,0.0010647698110607079,0.0005069124423963131,0.0006602653132012427
911,"(4.0, 4.0, 12.0, 14.0)",195300.0000000001,103,-6.754653876655169,117.0,149.0,0.0011654431515986663,0.0005990783410138247,0.0007625699325862843
912,"(4.0, 4.0, 13.0, 13.0)",97650.00000000004,55,-6.722169523236076,60.0,70.0,0.001203923438701092,0.0006144393241167431,0.0007164683424531794
913,"(4.0, 4.0, 13.0, 14.0)",195300.0000000001,121,-6.631826756859812,127.0,139.0,0.0013177536704253032,0.0006502816180235532,0.0007113026842524882
914,"(4.0, 4.0, 14.0, 14.0)",97650.00000000004,56,-6.541483990483551,61.0,71.0,0.0014423464815942373,0.0006246799795186889,0.0007266963084613347
915,"(4.0, 6.0, 6.0, 6.0)",125860.0,178,-6.866437069819195,196.0,238.0,0.0010421836851849363,0.001557285873192436,0.0018885648495856847
916,"(4.0, 6.0, 6.0, 7.0)",377580.00000000006,686,-6.647183636741914,765.0,937.0,0.0012976716786283766,0.0020260607023677097,0.0024774883827604443
917,"(4.0, 6.0, 6.0, 8.0)",350610.0000000002,739,-6.526070934028171,834.0,1040.0,0.0014647496565325779,0.002378711388722511,0.0029606005382099908
918,"(4.0, 6.0, 6.0, 9.0)",350610.0000000002,381,-7.1614963545126695,427.0,529.0,0.0007758926736389542,0.0012178774136504943,0.0015073157250060495
919,"(4.0, 6.0, 6.0, 11.0)",350610.0000000002,583,-6.790721824788481,646.0,784.0,0.0011241570368286853,0.0018425030660848226,0.0022327079747277855
920,"(4.0, 6.0, 6.0, 12.0)",283185.00000000006,234,-6.908790301771962,275.0,387.0,0.0009989655126615123,0.0009710966329431289,0.001365654778416726
921,"(4.0, 6.0, 6.0, 13.0)",283185.00000000006,268,-6.785963181976605,298.0,362.0,0.0011295192469339048,0.0010523156240620087,0.0012772089268288554
922,"(4.0, 6.0, 6.0, 14.0)",283185.00000000006,280,-6.695620415600342,310.0,380.0,0.0012363146074048001,0.0010946907498631635,0.0013406806358653965
923,"(4.0, 6.0, 7.0, 7.0)",377580.00000000006,888,-6.4279302036646335,996.0,1230.0,0.0016157917356146006,0.002637851581121881,0.0032506295349997412
924,"(4.0, 6.0, 7.0, 8.0)",701220.0000000003,1933,-6.306817500950888,2208.0,2832.0,0.0018238283448331677,0.003148797809531957,0.0040287605237108925
925,"(4.0, 6.0, 7.0, 9.0)",701220.0000000003,972,-6.942242921435387,1087.0,1333.0,0.0009661002782420796,0.0015501554433701257,0.001898569608729152
926,"(4.0, 6.0, 7.0, 11.0)",701220.0000000003,1431,-6.571468391711198,1636.0,2132.0,0.001399740534956198,0.002333076637859729,0.003034972029634723
927,"(4.0, 6.0, 7.0, 12.0)",566370.0000000001,579,-6.689536868694679,661.0,849.0,0.0012438587094915894,0.0011670815897734694,0.00149765799577866
928,"(4.0, 6.0, 7.0, 13.0)",566370.0000000001,619,-6.5667097488993225,689.0,849.0,0.0014064172736993914,0.0012165192365414833,0.0014975401561629726
929,"(4.0, 6.0, 7.0, 14.0)",566370.0000000001,723,-6.476366982523061,790.0,956.0,0.0015393931748404598,0.001394847890954676,0.0016859969104404287
930,"(4.0, 6.0, 8.0, 8.0)",302250.0000000001,855,-6.185704798237147,976.0,1240.0,0.0020586501082403585,0.0032291149710504535,0.004092136919067839
931,"(4.0, 6.0, 8.0, 9.0)",604500.0000000002,917,-6.821130218721645,1007.0,1203.0,0.0010904877358707944,0.001665839536807278,0.001987299420324954
932,"(4.0, 6.0, 8.0, 11.0)",604500.0000000002,1367,-6.450355688997455,1535.0,1929.0,0.0015799600943583265,0.0025392886683209253,0.0031846190105775463
933,"(4.0, 6.0, 8.0, 12.0)",507780.0000000002,618,-6.568424165980936,688.0,844.0,0.0014040081536098805,0.0013549174839497416,0.0016603013446198005
934,"(4.0, 6.0, 8.0, 13.0)",507780.0000000002,624,-6.445597046185579,693.0,843.0,0.0015874964773602174,0.001364764267990074,0.001658305207692864
935,"(4.0, 6.0, 8.0, 14.0)",507780.0000000002,691,-6.355254279809316,764.0,928.0,0.0017375933074993868,0.0015045886013627945,0.001825299331026347
936,"(4.0, 6.0, 9.0, 9.0)",302250.0000000001,238,-7.456555639206143,271.0,357.0,0.0005776423576423366,0.0008966087675765092,0.0011803375319238598
937,"(4.0, 6.0, 9.0, 11.0)",604500.0000000002,745,-7.085781109481953,840.0,1058.0,0.0008369208051268598,0.0013895781637717117,0.0017482758549916151
938,"(4.0, 6.0, 9.0, 12.0)",507780.0000000002,312,-7.203849586465434,347.0,419.0,0.0007437172866072169,0.0006833668123990702,0.0008246935123795686
939,"(4.0, 6.0, 9.0, 13.0)",507780.0000000002,364,-7.081022466670078,394.0,454.0,0.0008409129032514954,0.0007759265823781951,0.000893485928800943
940,"(4.0, 6.0, 9.0, 14.0)",507780.0000000002,428,-6.990679700293814,472.0,580.0,0.0009204207087812808,0.0009295364134073808,0.0011413629107347109
941,"(4.0, 6.0, 11.0, 11.0)",302250.0000000001,501,-6.7150065797577625,558.0,686.0,0.001212578033427193,0.0018461538461538455,0.0022662360501367936
942,"(4.0, 6.0, 11.0, 12.0)",507780.0000000002,388,-6.8330750567412455,428.0,522.0,0.0010775395226114484,0.0008428847138524555,0.0010272937991698588
943,"(4.0, 6.0, 11.0, 13.0)",507780.0000000002,479,-6.710247936945887,529.0,647.0,0.0012183620101948458,0.0010417897514671704,0.0012730885289327536
944,"(4.0, 6.0, 11.0, 14.0)",507780.0000000002,537,-6.619905170569625,593.0,719.0,0.001333557400106085,0.0011678285871834255,0.0014146037213907598
945,"(4.0, 6.0, 12.0, 12.0)",195300.0000000001,96,-6.951143533724727,101.0,111.0,0.000957539548616131,0.0005171530977982589,0.0005680889274814251
946,"(4.0, 6.0, 12.0, 13.0)",390600.0000000001,191,-6.82831641392937,212.0,260.0,0.00108267936796012,0.0005427547363031233,0.0006653480184226924
947,"(4.0, 6.0, 12.0, 14.0)",390600.0000000001,222,-6.7379736475531065,238.0,270.0,0.0011850460462522945,0.0006093189964157704,0.000690872969991943
948,"(4.0, 6.0, 13.0, 13.0)",195300.0000000001,117,-6.705489294134011,124.0,138.0,0.0012241735764341255,0.0006349206349206346,0.0007062020985216066
949,"(4.0, 6.0, 13.0, 14.0)",390600.0000000001,226,-6.61514652775775,243.0,279.0,0.0013399184464123128,0.0006221198156682025,0.000713898681220667
950,"(4.0, 6.0, 14.0, 14.0)",195300.0000000001,130,-6.524803761381488,140.0,162.0,0.0014666069237221427,0.0007168458781362004,0.0008289792195446025
951,"(4.0, 7.0, 7.0, 7.0)",125860.0,389,-6.208676770587349,433.0,529.0,0.0020118979059788214,0.003440330525981249,0.004191246916274036
952,"(4.0, 7.0, 7.0, 8.0)",350610.0000000002,1182,-6.087564067873608,1345.0,1713.0,0.0022709340238325553,0.0038361712444026108,0.004871054304430214
953,"(4.0, 7.0, 7.0, 9.0)",350610.0000000002,622,-6.722989488358106,700.0,878.0,0.0012029366680857937,0.0019965203502467117,0.002500220860086212
954,"(4.0, 7.0, 7.0, 11.0)",350610.0000000002,906,-6.352214958633915,1028.0,1300.0,0.001742882445255773,0.0029320327429337425,0.0036992266915954006
955,"(4.0, 7.0, 7.0, 12.0)",283185.00000000006,335,-6.470283435617397,372.0,458.0,0.001548786689398283,0.0013136288998357962,0.0016155916805242543
956,"(4.0, 7.0, 7.0, 13.0)",283185.00000000006,424,-6.34745631582204,456.0,520.0,0.0017511959651235354,0.0016102547804438792,0.0018336625309254286
957,"(4.0, 7.0, 7.0, 14.0)",283185.00000000006,419,-6.257113549445776,476.0,612.0,0.0019167704826523095,0.0016808799901124702,0.00215830605831773
958,"(4.0, 7.0, 8.0, 8.0)",302250.0000000001,1109,-5.966451365159863,1258.0,1610.0,0.0025633215906605863,0.0041621174524400315,0.005309393072770323
959,"(4.0, 7.0, 8.0, 9.0)",604500.0000000002,1207,-6.601876785644361,1358.0,1700.0,0.001357817312674595,0.0022464846980976005,0.002807194828420154
960,"(4.0, 7.0, 8.0, 11.0)",604500.0000000002,1667,-6.231102255920172,1886.0,2394.0,0.0019672822525983024,0.003119933829611248,0.003950563779648225
961,"(4.0, 7.0, 8.0, 12.0)",507780.0000000002,705,-6.349170732903653,793.0,985.0,0.0017481962569578697,0.0015616999487967226,0.0019373775492154159
962,"(4.0, 7.0, 8.0, 13.0)",507780.0000000002,840,-6.2263436131082965,947.0,1197.0,0.0019766661557622774,0.001864980897238961,0.0023538419455085163
963,"(4.0, 7.0, 8.0, 14.0)",507780.0000000002,897,-6.136000846732035,996.0,1226.0,0.0021635587432133345,0.0019614793808342187,0.0024105840453280724
964,"(4.0, 7.0, 9.0, 9.0)",302250.0000000001,327,-7.237302206128861,360.0,430.0,0.0007192495320588035,0.00119106699751861,0.0014212447175546506
965,"(4.0, 7.0, 9.0, 11.0)",604500.0000000002,874,-6.866527676404672,990.0,1264.0,0.0010420892607575837,0.0016377171215880887,0.002088302167162328
966,"(4.0, 7.0, 9.0, 12.0)",507780.0000000002,370,-6.9845961533881535,411.0,501.0,0.000926037198102243,0.0008094056481153252,0.000985992623338108
967,"(4.0, 7.0, 9.0, 13.0)",507780.0000000002,407,-6.861769033592797,444.0,524.0,0.0010470600089551299,0.0008743944227815192,0.0010311784018202466
968,"(4.0, 7.0, 9.0, 14.0)",507780.0000000002,458,-6.771426267216533,489.0,557.0,0.0011460588984336065,0.0009630154791445111,0.00109600434327996
969,"(4.0, 7.0, 11.0, 11.0)",302250.0000000001,668,-6.495753146680482,756.0,966.0,0.0015098376557546452,0.002501240694789081,0.0031897735716616676
970,"(4.0, 7.0, 11.0, 12.0)",507780.0000000002,576,-6.613821623663963,645.0,803.0,0.0013416948863937475,0.0012702351412028827,0.0015797800195634405
971,"(4.0, 7.0, 11.0, 13.0)",507780.0000000002,615,-6.490994503868606,682.0,828.0,0.0015170395559071079,0.0013431013431013427,0.0016288235158612087
972,"(4.0, 7.0, 11.0, 14.0)",507780.0000000002,653,-6.400651737492343,722.0,880.0,0.0016604747268096774,0.001421875615424002,0.001731012260832769
973,"(4.0, 7.0, 12.0, 12.0)",195300.0000000001,114,-6.731890100647444,125.0,153.0,0.0011922773030027423,0.0006400409626216075,0.000783000485815014
974,"(4.0, 7.0, 12.0, 13.0)",390600.0000000001,230,-6.609062980852087,261.0,329.0,0.0013480947483723177,0.0006682027649769583,0.0008418474118749128
975,"(4.0, 7.0, 12.0, 14.0)",390600.0000000001,263,-6.518720214475824,290.0,348.0,0.001475556290078802,0.0007424475166410648,0.0008903857916543114
976,"(4.0, 7.0, 13.0, 13.0)",195300.0000000001,136,-6.486235861056731,144.0,162.0,0.0015242758090018276,0.0007373271889400918,0.0008289494361740531
977,"(4.0, 7.0, 13.0, 14.0)",390600.0000000001,313,-6.395893094680467,340.0,398.0,0.0016683951632503714,0.0008704557091653864,0.0010181875193519807
978,"(4.0, 7.0, 14.0, 14.0)",195300.0000000001,180,-6.305550328304205,193.0,221.0,0.001826140915127448,0.000988223246287762,0.0011306158367304987
979,"(4.0, 8.0, 8.0, 8.0)",80600.0,326,-5.845338662446121,370.0,470.0,0.0028933546761775865,0.0045905707196029774,0.005810192169153188
980,"(4.0, 8.0, 8.0, 9.0)",241800.0,526,-6.48076408293062,599.0,769.0,0.0015326391683883397,0.002477253928866832,0.0031741775223184812
981,"(4.0, 8.0, 8.0, 11.0)",241800.0,782,-6.109989553206429,910.0,1214.0,0.002220574010555421,0.003763440860215054,0.005006514759376361
982,"(4.0, 8.0, 8.0, 12.0)",211575.0,352,-6.22805803018991,397.0,503.0,0.001973280228815023,0.0018764031667257474,0.0023738866498537628
983,"(4.0, 8.0, 8.0, 13.0)",211575.0,405,-6.105230910394553,453.0,555.0,0.0022311661111327377,0.002141084721729883,0.0026185990245589335
984,"(4.0, 8.0, 8.0, 14.0)",211575.0,391,-6.01488814401829,429.0,513.0,0.002442121515173595,0.0020276497695852535,0.002420560738503358
985,"(4.0, 8.0, 9.0, 9.0)",241800.0,291,-7.116189503415118,329.0,411.0,0.0008118544331320448,0.001360628618693135,0.001697900550804177
986,"(4.0, 8.0, 9.0, 11.0)",483600.0,814,-6.745414973690927,921.0,1165.0,0.0011762604608773985,0.0019044665012406948,0.00240538872281298
987,"(4.0, 8.0, 9.0, 12.0)",423150.0,358,-6.86348345067441,403.0,503.0,0.0010452664492842775,0.0009523809523809524,0.0011877967398704727
988,"(4.0, 8.0, 9.0, 13.0)",423150.0,395,-6.740656330879052,442.0,542.0,0.0011818712034365345,0.001044546850998464,0.0012797785898425113
989,"(4.0, 8.0, 9.0, 14.0)",423150.0,393,-6.65031356450279,434.0,530.0,0.001293616409676972,0.0010256410256410256,0.0012514589904168067
990,"(4.0, 8.0, 11.0, 11.0)",241800.0,560,-6.374640443966738,616.0,738.0,0.0017042324527141827,0.0025475599669148056,0.0030456191193564126
991,"(4.0, 8.0, 11.0, 12.0)",423150.0,445,-6.49270892095022,492.0,594.0,0.0015144409455664473,0.001162708259482453,0.0014024056422931221
992,"(4.0, 8.0, 11.0, 13.0)",423150.0,613,-6.369881801154863,697.0,893.0,0.001712361612769407,0.0016471700342668085,0.0021076495864022593
993,"(4.0, 8.0, 11.0, 14.0)",423150.0,631,-6.279539034778599,689.0,823.0,0.0018742643658111475,0.0016282642089093702,0.0019422855393124458
994,"(4.0, 8.0, 12.0, 12.0)",169260.00000000003,104,-6.610777397933701,111.0,127.0,0.0013457855317538915,0.0006557958170861396,0.0007498948757196232
995,"(4.0, 8.0, 12.0, 13.0)",338520.00000000006,231,-6.487950278138344,255.0,307.0,0.0015216648033336715,0.0007532789790854306,0.0009063213808942845
996,"(4.0, 8.0, 12.0, 14.0)",338520.00000000006,243,-6.397607511762082,271.0,331.0,0.0016655372885781832,0.0008005435424790262,0.0009771447852416051
997,"(4.0, 8.0, 13.0, 13.0)",169260.00000000003,105,-6.365123158342987,117.0,149.0,0.0017205295487809852,0.0006912442396313363,0.0008798246746068954
998,"(4.0, 8.0, 13.0, 14.0)",338520.00000000006,270,-6.2747803919667255,297.0,359.0,0.001883204575224019,0.0008773484579936192,0.0010597289008270586
999,"(4.0, 8.0, 14.0, 14.0)",169260.00000000003,183,-6.184437625590462,200.0,238.0,0.002061260426859504,0.001181614084839891,0.0014047245491139785
1000,"(4.0, 9.0, 9.0, 9.0)",80600.0,62,-7.751614923899616,69.0,83.0,0.00043004748553388705,0.0008560794044665012,0.0010290438029912136
1001,"(4.0, 9.0, 9.0, 11.0)",241800.0,214,-7.380840394175427,247.0,315.0,0.0006230770355983039,0.0010215053763440861,0.0013016860553020804
1002,"(4.0, 9.0, 9.0, 12.0)",211575.0,89,-7.498908871158909,106.0,148.0,0.0005536881858160972,0.0005010043719721139,0.0006992645328444805
1003,"(4.0, 9.0, 9.0, 13.0)",211575.0,105,-7.376081751363551,116.0,140.0,0.0006260491025490573,0.0005482689353657096,0.000661403288684852
1004,"(4.0, 9.0, 9.0, 14.0)",211575.0,121,-7.285738984987288,137.0,175.0,0.0006852416658990817,0.0006475245184922604,0.0008267105713858753
1005,"(4.0, 9.0, 11.0, 11.0)",241800.0,324,-7.010065864451237,355.0,419.0,0.0009027491273620725,0.001468155500413565,0.001730681574844306
1006,"(4.0, 9.0, 11.0, 12.0)",423150.0,303,-7.128134341434718,343.0,435.0,0.0008022146508676943,0.0008105872622001654,0.0010273472021010643
1007,"(4.0, 9.0, 11.0, 13.0)",423150.0,344,-7.005307221639361,373.0,437.0,0.0009070552254734849,0.0008814841072905589,0.0010319536959186592
1008,"(4.0, 9.0, 11.0, 14.0)",423150.0,356,-6.9149644552631,382.0,448.0,0.0009928167474965934,0.000902753160817677,0.0010579112567471764
1009,"(4.0, 9.0, 12.0, 12.0)",169260.00000000003,57,-7.2462028184182,62.0,78.0,0.0007128761762941735,0.00036630036630036625,0.00046069531712920577
1010,"(4.0, 9.0, 12.0, 13.0)",338520.00000000006,127,-7.123375698622844,138.0,162.0,0.0008060412012218791,0.00040765685926976244,0.0004783875202452462
1011,"(4.0, 9.0, 12.0, 14.0)",338520.00000000006,130,-7.033032932246581,144.0,172.0,0.0008822519084520156,0.0004253810705423608,0.0005079131074259774
1012,"(4.0, 9.0, 13.0, 13.0)",169260.00000000003,61,-7.000548578827486,63.0,67.0,0.0009113818636002605,0.0003722084367245657,0.00039570217930099457
1013,"(4.0, 9.0, 13.0, 14.0)",338520.00000000006,161,-6.910205812451224,174.0,202.0,0.0009975524666369342,0.0005140021269053526,0.0005964509146576817
1014,"(4.0, 9.0, 14.0, 14.0)",169260.00000000003,84,-6.8198630460749605,93.0,111.0,0.0010918704479836974,0.0005494505494505493,0.000655493921179848
1015,"(4.0, 11.0, 11.0, 11.0)",80600.0,152,-6.639291334727048,170.0,210.0,0.0013079538169312062,0.002109181141439206,0.0026010104119845575
1016,"(4.0, 11.0, 11.0, 12.0)",211575.0,180,-6.757359811710529,204.0,258.0,0.001162293801010456,0.0009641970932293513,0.0012184960595201758
1017,"(4.0, 11.0, 11.0, 13.0)",211575.0,214,-6.634532691915172,238.0,288.0,0.0013141927345775295,0.0011248966087675765,0.001359954033355138
1018,"(4.0, 11.0, 11.0, 14.0)",211575.0,240,-6.544189925538909,256.0,290.0,0.0014384488614194758,0.0012099728228760487,0.0013692083041821753
1019,"(4.0, 11.0, 12.0, 12.0)",169260.00000000003,71,-6.87542828869401,78.0,94.0,0.001032855183707444,0.00046082949308755755,0.0005551462560530495
1020,"(4.0, 11.0, 12.0, 13.0)",338520.00000000006,186,-6.752601168898654,205.0,249.0,0.0011678379228375938,0.0006055772184804442,0.0007351880440452897
1021,"(4.0, 11.0, 12.0, 14.0)",338520.00000000006,212,-6.66225840252239,228.0,264.0,0.0012782562908995596,0.0006735200283587379,0.0007794116667657277
1022,"(4.0, 11.0, 13.0, 13.0)",169260.00000000003,93,-6.629774049103297,100.0,114.0,0.0013204614117557976,0.0005908070424199455,0.0006731709753973649
1023,"(4.0, 11.0, 13.0, 14.0)",338520.00000000006,228,-6.539431282727033,252.0,310.0,0.0014453102382270297,0.0007444168734491314,0.0009151967592694398
1024,"(4.0, 11.0, 14.0, 14.0)",169260.00000000003,111,-6.44908851635077,120.0,140.0,0.0015819634456006296,0.0007089684509039347,0.0008266272231235467
1025,"(4.0, 12.0, 12.0, 12.0)",41229.99999999999,4,-6.993496765677492,4.0,4.0,0.0009178314722008411,9.701673538685424e-05,9.700732313990912e-05
1026,"(4.0, 12.0, 12.0, 13.0)",123690.0,30,-6.870669645882135,32.0,36.0,0.0010377818855132066,0.0002587112943649446,0.00029098327462673073
1027,"(4.0, 12.0, 12.0, 14.0)",123690.0,37,-6.780326879505871,42.0,54.0,0.001135903534041462,0.00033955857385398983,0.0004364600092157663
1028,"(4.0, 12.0, 13.0, 13.0)",123690.0,37,-6.747842526086778,39.0,43.0,0.0011734084900323375,0.00031530439000727623,0.00034754388494453645
1029,"(4.0, 12.0, 13.0, 14.0)",247380.0,79,-6.6574997597105146,89.0,117.0,0.0012843535518476015,0.0003597703937262511,0.0004728271502747125
1030,"(4.0, 12.0, 14.0, 14.0)",123690.0,46,-6.567156993334251,48.0,52.0,0.0014057884020406994,0.0003880669415474169,0.00042025525739191303
1031,"(4.0, 13.0, 13.0, 13.0)",41229.99999999999,13,-6.625015406291421,13.0,13.0,0.0013267599904184765,0.0003153043900072763,0.0003152049731489184
1032,"(4.0, 13.0, 13.0, 14.0)",123690.0,38,-6.534672639915158,39.0,41.0,0.0014522043436862291,0.00031530439000727623,0.0003313744290467274
1033,"(4.0, 13.0, 14.0, 14.0)",123690.0,53,-6.444329873538894,56.0,62.0,0.0015895093845541568,0.0004527447651386531,0.0005010481550097197
1034,"(4.0, 14.0, 14.0, 14.0)",41229.99999999999,20,-6.353987107162633,21.0,23.0,0.001739796533848977,0.0005093378607809848,0.000557586803417987
1035,"(6.0, 6.0, 6.0, 6.0)",31465.000000000004,53,-6.8497568407171325,59.0,71.0,0.0010597133407175858,0.0018750993167010962,0.0022529594514639957
1036,"(6.0, 6.0, 6.0, 7.0)",125860.0,261,-6.63050340763985,295.0,377.0,0.0013194986730864567,0.0023438741458763706,0.002989897959057417
1037,"(6.0, 6.0, 6.0, 8.0)",116870.00000000006,274,-6.509390704926108,315.0,407.0,0.0014893869227703685,0.002695302472833061,0.00347523726979599
1038,"(6.0, 6.0, 6.0, 9.0)",116870.00000000006,148,-7.144816125410606,158.0,178.0,0.0007889432821761475,0.0013519294943099163,0.0015212320966877637
1039,"(6.0, 6.0, 6.0, 11.0)",116870.00000000006,208,-6.774041595686416,230.0,276.0,0.0011430654940424597,0.0019679986309574732,0.002357725338537517
1040,"(6.0, 6.0, 6.0, 12.0)",94395.0,74,-6.892110072669897,87.0,121.0,0.001015768233309406,0.0009216589861751152,0.001280998100198133
1041,"(6.0, 6.0, 6.0, 13.0)",94395.0,87,-6.769282952874541,101.0,135.0,0.0011485178971696718,0.0010699719264791567,0.0014290156558655184
1042,"(6.0, 6.0, 6.0, 14.0)",94395.0,80,-6.678940186498277,84.0,92.0,0.001257109568509901,0.0008898776418242492,0.0009738360112091399
1043,"(6.0, 6.0, 7.0, 7.0)",188790.00000000003,485,-6.411249974562569,535.0,641.0,0.0016429695478759802,0.0028338365379522216,0.003387276325293689
1044,"(6.0, 6.0, 7.0, 8.0)",350610.0000000002,984,-6.290137271848826,1106.0,1384.0,0.0018545053580028114,0.0031545021533898048,0.003937455065794901
1045,"(6.0, 6.0, 7.0, 9.0)",350610.0000000002,531,-6.925562692333324,598.0,742.0,0.000982350201675275,0.0017055988134964768,0.002113402503948914
1046,"(6.0, 6.0, 7.0, 11.0)",350610.0000000002,716,-6.554788162609135,804.0,1010.0,0.0014232843399127253,0.0022931462308547947,0.002875435128577029
1047,"(6.0, 6.0, 7.0, 12.0)",283185.00000000006,312,-6.6728566395926165,348.0,430.0,0.0012647805633054922,0.0012288786482334867,0.0015169318651426264
1048,"(6.0, 6.0, 7.0, 13.0)",283185.00000000006,339,-6.55002951979726,375.0,457.0,0.0014300733822084626,0.0013242226812860847,0.0016120324752176762
1049,"(6.0, 6.0, 7.0, 14.0)",283185.00000000006,374,-6.459686753420996,407.0,477.0,0.0015652859540768566,0.0014372230167558307,0.0016823456405960073
1050,"(6.0, 6.0, 8.0, 8.0)",151125.00000000006,485,-6.1690245691350825,553.0,709.0,0.0020932768518487133,0.003659222497932174,0.00467809065315893
1051,"(6.0, 6.0, 8.0, 9.0)",302250.0000000001,513,-6.804449989619581,578.0,716.0,0.0011088298713735239,0.0019123242349048794,0.0023652429333076088
1052,"(6.0, 6.0, 8.0, 11.0)",302250.0000000001,696,-6.43367545989539,785.0,989.0,0.0016065352140835238,0.00259718775847808,0.0032653803394858375
1053,"(6.0, 6.0, 8.0, 12.0)",253890.0000000001,295,-6.551743936878873,328.0,398.0,0.0014276237404279041,0.001291898066091614,0.0015659390186077507
1054,"(6.0, 6.0, 8.0, 13.0)",253890.0000000001,316,-6.428916817083515,348.0,432.0,0.001614198359958278,0.0013706723384142735,0.0016996455395101489
1055,"(6.0, 6.0, 8.0, 14.0)",253890.0000000001,381,-6.338574050707253,422.0,508.0,0.0017668198369195788,0.001662137146008113,0.0019981038171034086
1056,"(6.0, 6.0, 9.0, 9.0)",151125.00000000006,142,-7.439875410104079,151.0,169.0,0.0005873583719059272,0.0009991728701406117,0.0011172812234680476
1057,"(6.0, 6.0, 9.0, 11.0)",302250.0000000001,378,-7.069100880379889,420.0,516.0,0.0008509979142109267,0.0013895781637717117,0.0017052651023034431
1058,"(6.0, 6.0, 9.0, 12.0)",253890.0000000001,166,-7.187169357363372,183.0,219.0,0.0007562267012461419,0.0007207845917523335,0.0008620587515054128
1059,"(6.0, 6.0, 9.0, 13.0)",253890.0000000001,193,-7.064342237568013,217.0,267.0,0.0008550571599084635,0.0008547008547008544,0.0010509060219564765
1060,"(6.0, 6.0, 9.0, 14.0)",253890.0000000001,204,-6.973999471191752,220.0,256.0,0.0009359022963357713,0.0008665169955492533,0.0010075598340264645
1061,"(6.0, 6.0, 11.0, 11.0)",151125.00000000006,300,-6.6983263506557,341.0,433.0,0.0012329737424894246,0.0022564102564102554,0.002860086445674534
1062,"(6.0, 6.0, 11.0, 12.0)",253890.0000000001,252,-6.816394827639181,278.0,332.0,0.001095663867602365,0.0010949623852849655,0.001306453977930957
1063,"(6.0, 6.0, 11.0, 13.0)",253890.0000000001,274,-6.693567707843824,300.0,358.0,0.0012388550064453025,0.0011816140848398909,0.0014086632627301112
1064,"(6.0, 6.0, 11.0, 14.0)",253890.0000000001,294,-6.603224941467563,322.0,384.0,0.0013559879967362052,0.0012682657843948162,0.0015108575304951938
1065,"(6.0, 6.0, 12.0, 12.0)",97650.00000000004,49,-6.934463304622664,56.0,72.0,0.0009736454795424542,0.0005734767025089604,0.0007369983134117712
1066,"(6.0, 6.0, 12.0, 13.0)",195300.0000000001,107,-6.811636184827307,116.0,134.0,0.0011008901657709493,0.0005939580133128518,0.0006857711258087847
1067,"(6.0, 6.0, 12.0, 14.0)",195300.0000000001,117,-6.721293418451044,125.0,141.0,0.0012049786639630052,0.0006400409626216075,0.0007215565534033397
1068,"(6.0, 6.0, 13.0, 13.0)",97650.00000000004,66,-6.688809065031949,69.0,75.0,0.0012447643239310545,0.0007066052227342547,0.0007675498642051336
1069,"(6.0, 6.0, 13.0, 14.0)",195300.0000000001,116,-6.598466298655687,131.0,169.0,0.0013624560366100357,0.0006707629288274446,0.0008648854585577242
1070,"(6.0, 6.0, 14.0, 14.0)",97650.00000000004,76,-6.508123532279424,79.0,85.0,0.0014912754294185136,0.0008090117767537119,0.00086980120911046
1071,"(6.0, 7.0, 7.0, 7.0)",125860.0,467,-6.191996541485288,514.0,610.0,0.0020457382718951284,0.004083902749086286,0.004829976751843077
1072,"(6.0, 7.0, 7.0, 8.0)",350610.0000000002,1239,-6.070883838771543,1389.0,1735.0,0.00230913140855567,0.003961666809275261,0.004932823492775209
1073,"(6.0, 7.0, 7.0, 9.0)",350610.0000000002,694,-6.706309259256042,758.0,896.0,0.0012231702082178266,0.0021619463221242965,0.0025508720364160443
1074,"(6.0, 7.0, 7.0, 11.0)",350610.0000000002,989,-6.335534729531853,1102.0,1360.0,0.0017721979386122195,0.003143093465674109,0.0038690747868025057
1075,"(6.0, 7.0, 7.0, 12.0)",283185.00000000006,365,-6.453603206515334,408.0,500.0,0.0015748374686847452,0.0014407542772392602,0.0017635544688273965
1076,"(6.0, 7.0, 7.0, 13.0)",283185.00000000006,455,-6.330776086719977,503.0,603.0,0.001780651292888846,0.0017762240231650685,0.0021261950997275556
1077,"(6.0, 7.0, 7.0, 14.0)",283185.00000000006,478,-6.240433320343716,529.0,649.0,0.00194901079381212,0.001868036795734237,0.0022882984922755673
1078,"(6.0, 7.0, 8.0, 8.0)",302250.0000000001,1114,-5.949771136057802,1287.0,1667.0,0.002606436969592763,0.004258064516129031,0.005497170788975157
1079,"(6.0, 7.0, 8.0, 9.0)",604500.0000000002,1213,-6.5851965565423,1335.0,1597.0,0.0013806559639659242,0.002208436724565756,0.002636975578118617
1080,"(6.0, 7.0, 8.0, 11.0)",604500.0000000002,1792,-6.214422026818109,1994.0,2438.0,0.002000372177832954,0.003298593879239039,0.0040222044727953625
1081,"(6.0, 7.0, 8.0, 12.0)",507780.0000000002,762,-6.332490503801591,857.0,1071.0,0.0017776011292693192,0.0016877387845129774,0.002106332679234456
1082,"(6.0, 7.0, 8.0, 13.0)",507780.0000000002,849,-6.209663384006234,942.0,1152.0,0.0020099139193821914,0.0018551341131986287,0.002265257520314637
1083,"(6.0, 7.0, 8.0, 14.0)",507780.0000000002,926,-6.11932061762997,1017.0,1217.0,0.0021999500627401377,0.002002835873803615,0.0023926958838795176
1084,"(6.0, 7.0, 9.0, 9.0)",302250.0000000001,320,-7.220621977026798,355.0,429.0,0.0007313473961092982,0.0011745244003308515,0.0014179753311427043
1085,"(6.0, 7.0, 9.0, 11.0)",604500.0000000002,933,-6.849847447302608,1028.0,1228.0,0.0010596173280599558,0.001700578990901571,0.0020285389657524445
1086,"(6.0, 7.0, 9.0, 12.0)",507780.0000000002,401,-6.967915924286089,444.0,542.0,0.0009416132556858672,0.0008743944227815192,0.0010666268243654433
1087,"(6.0, 7.0, 9.0, 13.0)",507780.0000000002,423,-6.845088804490732,471.0,593.0,0.0010646716848428995,0.0009275670565993143,0.0011669682065389372
1088,"(6.0, 7.0, 9.0, 14.0)",507780.0000000002,512,-6.754746038114469,557.0,657.0,0.0011653357476064145,0.001096931742093032,0.0012926641636528693
1089,"(6.0, 7.0, 11.0, 11.0)",302250.0000000001,638,-6.479072917578417,703.0,845.0,0.0015352333075882357,0.0023258891645988413,0.0027902891643251837
1090,"(6.0, 7.0, 11.0, 12.0)",507780.0000000002,560,-6.5971413945619,633.0,793.0,0.0013642623565266409,0.0012466028595060849,0.0015601459301073939
1091,"(6.0, 7.0, 11.0, 13.0)",507780.0000000002,642,-6.474314274766542,709.0,857.0,0.001542556344571612,0.0013962739769191378,0.0016857892034943557
1092,"(6.0, 7.0, 11.0, 14.0)",507780.0000000002,663,-6.38397150839028,722.0,848.0,0.0016884041123828924,0.001421875615424002,0.0016679928429746416
1093,"(6.0, 7.0, 12.0, 12.0)",195300.0000000001,123,-6.715209871545381,132.0,154.0,0.0012123315513258926,0.0006758832565284175,0.000788073647773365
1094,"(6.0, 7.0, 12.0, 13.0)",390600.0000000001,265,-6.592382751750025,287.0,333.0,0.0013707698649571135,0.0007347670250896055,0.0008519946796308223
1095,"(6.0, 7.0, 12.0, 14.0)",390600.0000000001,271,-6.502039985373761,302.0,376.0,0.001500375325198821,0.000773169482846902,0.0009620238167336921
1096,"(6.0, 7.0, 13.0, 13.0)",195300.0000000001,149,-6.469555631954666,156.0,170.0,0.0015499143123178859,0.0007987711213517662,0.0008698176738610806
1097,"(6.0, 7.0, 13.0, 14.0)",390600.0000000001,313,-6.379212865578404,333.0,373.0,0.001696457771521703,0.0008525345622119813,0.0009542143010516725
1098,"(6.0, 7.0, 14.0, 14.0)",195300.0000000001,152,-6.288870099202143,167.0,203.0,0.0018568568260089171,0.0008550947260624676,0.0010386953363069507
1099,"(6.0, 8.0, 8.0, 8.0)",80600.0,303,-5.8286584333440565,343.0,429.0,0.0029420212514926465,0.004255583126550868,0.005304470657414306
1100,"(6.0, 8.0, 8.0, 9.0)",241800.0,555,-6.464083853828555,595.0,683.0,0.0015584183444199917,0.0024607113316790735,0.0028185933695519063
1101,"(6.0, 8.0, 8.0, 11.0)",241800.0,762,-6.093309324104366,845.0,1021.0,0.0022579243337692055,0.0034946236559139786,0.004210285537678877
1102,"(6.0, 8.0, 8.0, 12.0)",211575.0,331,-6.211377801087847,375.0,477.0,0.002006471040734495,0.001772421127259837,0.0022513781972221558
1103,"(6.0, 8.0, 8.0, 13.0)",211575.0,387,-6.0885506812924906,433.0,541.0,0.002268694594758288,0.0020465555949426917,0.0025528244897903337
1104,"(6.0, 8.0, 8.0, 14.0)",211575.0,469,-5.998207914916229,535.0,681.0,0.002483198294189056,0.0025286541415573674,0.003212322675336249
1105,"(6.0, 8.0, 9.0, 9.0)",241800.0,282,-7.0995092743130535,309.0,365.0,0.0008255099228098893,0.0012779156327543425,0.0015078789250185234
1106,"(6.0, 8.0, 9.0, 11.0)",483600.0,783,-6.728734744588865,878.0,1094.0,0.0011960453039803658,0.001815550041356493,0.002258903943473302
1107,"(6.0, 8.0, 9.0, 12.0)",423150.0,360,-6.846803221572346,388.0,452.0,0.0010628479572816318,0.0009169325298357556,0.0010673383674309907
1108,"(6.0, 8.0, 9.0, 13.0)",423150.0,406,-6.723976101776989,451.0,545.0,0.0012017504199074045,0.001065815904525582,0.0012868233889331419
1109,"(6.0, 8.0, 9.0, 14.0)",423150.0,427,-6.633633335400727,462.0,540.0,0.001315375194021208,0.0010918114143920596,0.0012749511594624858
1110,"(6.0, 8.0, 11.0, 11.0)",241800.0,575,-6.357960214864676,661.0,857.0,0.0017328978485252303,0.0027336641852770886,0.0035367785275993873
1111,"(6.0, 8.0, 11.0, 12.0)",423150.0,513,-6.476028691848157,576.0,714.0,0.001539914025290977,0.0013612194257355548,0.0016854919948263648
1112,"(6.0, 8.0, 11.0, 13.0)",423150.0,613,-6.3532015720528,696.0,876.0,0.0017411637420349918,0.0016448068060971287,0.0020674824872101063
1113,"(6.0, 8.0, 11.0, 14.0)",423150.0,684,-6.262858805676537,740.0,858.0,0.0019057897189488327,0.0017487888455630391,0.002024591507158888
1114,"(6.0, 8.0, 12.0, 12.0)",169260.00000000003,111,-6.594097168831638,121.0,143.0,0.001368421807036097,0.0007148765213281341,0.0008443430222197759
1115,"(6.0, 8.0, 12.0, 13.0)",338520.00000000006,229,-6.471270049036281,249.0,291.0,0.0015472593892188488,0.0007355547678128322,0.0008590832059045686
1116,"(6.0, 8.0, 12.0, 14.0)",338520.00000000006,262,-6.380927282660018,291.0,349.0,0.0016935518270521576,0.0008596242467210208,0.0010302193351772544
1117,"(6.0, 8.0, 13.0, 13.0)",169260.00000000003,127,-6.348442929240925,138.0,162.0,0.0017494690637173795,0.0008153137185395249,0.000956442672260673
1118,"(6.0, 8.0, 13.0, 14.0)",338520.00000000006,296,-6.258100162864661,323.0,387.0,0.001914880303764456,0.000954153373508212,0.0011423012184224176
1119,"(6.0, 8.0, 14.0, 14.0)",169260.00000000003,151,-6.167757396488398,166.0,202.0,0.0020959310763424897,0.0009807396904171096,0.0011924683753479306
1120,"(6.0, 9.0, 9.0, 9.0)",80600.0,43,-7.734934694797553,52.0,72.0,0.00043728093621178156,0.0006451612903225806,0.0008928840150484272
1121,"(6.0, 9.0, 9.0, 11.0)",241800.0,207,-7.364160165073363,228.0,274.0,0.0006335572666358922,0.0009429280397022332,0.001132278794073399
1122,"(6.0, 9.0, 9.0, 12.0)",211575.0,117,-7.482228642056844,129.0,157.0,0.0005630012880147106,0.0006097128677773839,0.0007416818954983184
1123,"(6.0, 9.0, 9.0, 13.0)",211575.0,111,-7.359401522261487,124.0,154.0,0.0006365793241119319,0.0005860805860805861,0.0007275307858079925
1124,"(6.0, 9.0, 9.0, 14.0)",211575.0,137,-7.269058755885225,150.0,176.0,0.0006967675135309206,0.0007089684509039348,0.0008313536794629064
1125,"(6.0, 9.0, 11.0, 11.0)",241800.0,284,-6.993385635349174,322.0,404.0,0.0009179334767814831,0.0013316790736145575,0.0016690289468085033
1126,"(6.0, 9.0, 11.0, 12.0)",423150.0,267,-7.111454112332655,294.0,350.0,0.0008157079982428837,0.0006947890818858561,0.0008266471275196161
1127,"(6.0, 9.0, 11.0, 13.0)",423150.0,325,-6.988626992537299,347.0,399.0,0.0009223120039835212,0.0008200401748788846,0.0009422555738138179
1128,"(6.0, 9.0, 11.0, 14.0)",423150.0,343,-6.898284226161035,369.0,423.0,0.001009516045171336,0.0008720311946118398,0.0009988850773701718
1129,"(6.0, 9.0, 12.0, 12.0)",169260.00000000003,56,-7.229522589316137,63.0,79.0,0.0007248668397304873,0.0003722084367245657,0.00046659902439138805
1130,"(6.0, 9.0, 12.0, 13.0)",338520.00000000006,119,-7.10669546952078,124.0,136.0,0.0008195989116364658,0.00036630036630036625,0.0004016146128872112
1131,"(6.0, 9.0, 12.0, 14.0)",338520.00000000006,154,-7.016352703144516,173.0,211.0,0.0008970914921722729,0.0005110480916932529,0.0006230402596010192
1132,"(6.0, 9.0, 13.0, 13.0)",169260.00000000003,69,-6.983868349725423,74.0,86.0,0.0009267114166864631,0.0004371972113907597,0.0005079029150795053
1133,"(6.0, 9.0, 13.0, 14.0)",338520.00000000006,137,-6.89352558334916,144.0,158.0,0.0010143314196799271,0.0004253810705423608,0.00046655661445658123
1134,"(6.0, 9.0, 14.0, 14.0)",169260.00000000003,91,-6.803182816972896,95.0,103.0,0.0011102358408712667,0.0005612666902989483,0.0006082162333949048
1135,"(6.0, 11.0, 11.0, 11.0)",80600.0,156,-6.622611105624984,174.0,212.0,0.0013299537581981345,0.0021588089330024816,0.0026256124968443866
1136,"(6.0, 11.0, 11.0, 12.0)",211575.0,209,-6.740679582608465,227.0,265.0,0.0011818437232065937,0.0010729055890346213,0.0012513598035273031
1137,"(6.0, 11.0, 11.0, 13.0)",211575.0,223,-6.617852462813108,246.0,296.0,0.0013362976151932429,0.001162708259482453,0.0013976791859537626
1138,"(6.0, 11.0, 11.0, 14.0)",211575.0,267,-6.527509696436844,301.0,379.0,0.0014626437451050168,0.0014226633581472291,0.0017893029815866605
1139,"(6.0, 11.0, 12.0, 12.0)",169260.00000000003,80,-6.858748059591946,88.0,104.0,0.0010502279327178953,0.0005199101973295521,0.0006141690175034561
1140,"(6.0, 11.0, 12.0, 13.0)",338520.00000000006,177,-6.735920939796589,189.0,215.0,0.0011874810978328707,0.0005583126550868485,0.0006348058575806113
1141,"(6.0, 11.0, 12.0, 14.0)",338520.00000000006,228,-6.645578173420327,248.0,292.0,0.0012997567161896902,0.0007326007326007325,0.0008620415780997134
1142,"(6.0, 11.0, 13.0, 13.0)",169260.00000000003,109,-6.613093820001232,119.0,145.0,0.001342671732279219,0.0007030603804797352,0.0008561759176103208
1143,"(6.0, 11.0, 13.0, 14.0)",338520.00000000006,200,-6.522751053624969,212.0,236.0,0.001469620531099671,0.0006262554649651423,0.0006967601141481371
1144,"(6.0, 11.0, 14.0, 14.0)",169260.00000000003,139,-6.432408287248707,153.0,187.0,0.0016085722619358243,0.0009039347749025167,0.00110399207124802
1145,"(6.0, 12.0, 12.0, 12.0)",41229.99999999999,10,-6.976816536575429,11.0,13.0,0.0009332695084831404,0.0002667960223138492,0.0003152332098897538
1146,"(6.0, 12.0, 12.0, 13.0)",123690.0,36,-6.85398941678007,36.0,36.0,0.0010552375022434223,0.0002910502061605627,0.0002909654959380566
1147,"(6.0, 12.0, 12.0, 14.0)",123690.0,39,-6.763646650403809,42.0,48.0,0.0011550095687579167,0.00033955857385398983,0.00038795164152233914
1148,"(6.0, 12.0, 13.0, 13.0)",123690.0,36,-6.731162296984714,41.0,51.0,0.0011931453626410327,0.0003314738459050853,0.00041221125048361134
1149,"(6.0, 12.0, 13.0, 14.0)",247380.0,90,-6.640819530608452,100.0,122.0,0.0013059565338037317,0.00040423639744522596,0.0004930049978181562
1150,"(6.0, 12.0, 14.0, 14.0)",123690.0,36,-6.550476764232188,37.0,39.0,0.0014294339328524723,0.00029913493410946724,0.00031521490829847156
1151,"(6.0, 13.0, 13.0, 13.0)",41229.99999999999,9,-6.608335177189357,9.0,9.0,0.0013490762537961868,0.00021828765462042206,0.00021824000512026237
1152,"(6.0, 13.0, 13.0, 14.0)",123690.0,40,-6.517992410813093,45.0,57.0,0.0014766305962458464,0.0003638127577007034,0.0004606971333648918
1153,"(6.0, 13.0, 14.0, 14.0)",123690.0,52,-6.427649644436832,53.0,55.0,0.0016162451244944765,0.0004284905812919395,0.0004444764330114927
1154,"(6.0, 14.0, 14.0, 14.0)",41229.99999999999,16,-6.33730687806057,17.0,19.0,0.0017690601218026288,0.00041232112539413057,0.00046065948437711143
1155,"(7.0, 7.0, 7.0, 7.0)",31465.000000000004,140,-5.972743108408004,153.0,179.0,0.0025472444589778793,0.004862545685682504,0.005665216288259671
1156,"(7.0, 7.0, 7.0, 8.0)",116870.00000000006,494,-5.851630405694262,546.0,664.0,0.0028752075797293013,0.004671857619577306,0.005659700228798754
1157,"(7.0, 7.0, 7.0, 9.0)",116870.00000000006,262,-6.487055826178761,304.0,394.0,0.0015230264682799992,0.0026011807991785734,0.003364501078438004
1158,"(7.0, 7.0, 7.0, 11.0)",116870.00000000006,422,-6.11628129645457,497.0,675.0,0.002206646588842525,0.004252588346025496,0.005757563648430093
1159,"(7.0, 7.0, 7.0, 12.0)",94395.0,158,-6.234349773438051,181.0,235.0,0.0019609038316430356,0.0019174744425022512,0.002485861932580191
1160,"(7.0, 7.0, 7.0, 13.0)",94395.0,187,-6.111522653642695,206.0,244.0,0.002217172255853175,0.0021823189787594684,0.002580120157745384
1161,"(7.0, 7.0, 7.0, 14.0)",94395.0,220,-6.021179887266431,249.0,311.0,0.0024268045493556207,0.0026378515811218816,0.0032877077700757523
1162,"(7.0, 7.0, 8.0, 8.0)",151125.00000000006,748,-5.730517702980517,852.0,1080.0,0.003245396647108634,0.005637717121588087,0.007114618130768613
1163,"(7.0, 7.0, 8.0, 9.0)",302250.0000000001,728,-6.365943123465016,817.0,1007.0,0.001719119352794339,0.0027030603804797343,0.0033243725381940366
1164,"(7.0, 7.0, 8.0, 11.0)",302250.0000000001,1133,-5.995168593740827,1269.0,1565.0,0.002490757012214564,0.0041985111662531,0.00516020542375525
1165,"(7.0, 7.0, 8.0, 12.0)",253890.0000000001,450,-6.113237070724308,501.0,611.0,0.002213374354388676,0.0019732955216826176,0.0024026601242413516
1166,"(7.0, 7.0, 8.0, 13.0)",253890.0000000001,537,-5.990409950928951,585.0,689.0,0.0025026378811527873,0.002304147465437787,0.0027084645859731327
1167,"(7.0, 7.0, 8.0, 14.0)",253890.0000000001,589,-5.9000671845526895,654.0,800.0,0.002739260776576068,0.002575918704950962,0.0031443355357318598
1168,"(7.0, 7.0, 9.0, 9.0)",151125.00000000006,185,-7.001368543949516,203.0,245.0,0.0009106348685560517,0.001343258891645988,0.001619370179950344
1169,"(7.0, 7.0, 9.0, 11.0)",302250.0000000001,596,-6.630594014225327,672.0,846.0,0.0013193791232332306,0.0022233250620347384,0.0027940642698372617
1170,"(7.0, 7.0, 9.0, 12.0)",253890.0000000001,258,-6.748662491208808,285.0,347.0,0.0011724467303551984,0.0011225333805978963,0.001365473543607584
1171,"(7.0, 7.0, 9.0, 13.0)",253890.0000000001,285,-6.625835371413452,320.0,394.0,0.0013256725393979095,0.0012603883571625503,0.0015502645859455193
1172,"(7.0, 7.0, 9.0, 14.0)",253890.0000000001,309,-6.535492605037188,342.0,410.0,0.0014510140748305086,0.0013470400567174756,0.001613058065700116
1173,"(7.0, 7.0, 11.0, 11.0)",151125.00000000006,422,-6.259819484501136,478.0,596.0,0.0019115908372627215,0.0031629445822994196,0.003933750951130922
1174,"(7.0, 7.0, 11.0, 12.0)",253890.0000000001,366,-6.377887961484618,415.0,527.0,0.001698706904982188,0.0016345661506951823,0.0020730302692010764
1175,"(7.0, 7.0, 11.0, 13.0)",253890.0000000001,403,-6.255060841689261,446.0,540.0,0.001920709093314858,0.0017566662727953044,0.002123819476317827
1176,"(7.0, 7.0, 11.0, 14.0)",253890.0000000001,427,-6.164718075312997,470.0,572.0,0.0021023109744134714,0.0018511953995824957,0.002249517264020623
1177,"(7.0, 7.0, 12.0, 12.0)",97650.00000000004,58,-6.495956438468099,65.0,79.0,0.0015095307493554273,0.0006656426011264718,0.0008085686966812775
1178,"(7.0, 7.0, 12.0, 13.0)",195300.0000000001,155,-6.373129318672742,173.0,211.0,0.0017068097082679266,0.0008858166922683047,0.0010796044736929723
1179,"(7.0, 7.0, 12.0, 14.0)",195300.0000000001,180,-6.282786552296479,191.0,215.0,0.0018681875321027084,0.0009779825908858163,0.0010999140057610893
1180,"(7.0, 7.0, 13.0, 13.0)",97650.00000000004,99,-6.250302198877385,110.0,136.0,0.0019298708432945715,0.0011264720942140293,0.001391460195285575
1181,"(7.0, 7.0, 13.0, 14.0)",195300.0000000001,178,-6.159959432501122,196.0,234.0,0.00211233896230306,0.0010035842293906806,0.0011971495007221677
1182,"(7.0, 7.0, 14.0, 14.0)",97650.00000000004,97,-6.06961666612486,105.0,125.0,0.002312059331414281,0.0010752688172043006,0.0012789257222139629
1183,"(7.0, 8.0, 8.0, 8.0)",80600.0,408,-5.609405000266776,477.0,663.0,0.0036632483412051805,0.005918114143920595,0.008190782376592431
1184,"(7.0, 8.0, 8.0, 9.0)",241800.0,662,-6.244830420751274,746.0,926.0,0.0019404596116373528,0.0030851943755169564,0.0038200928246313664
1185,"(7.0, 8.0, 8.0, 11.0)",241800.0,998,-5.874055891027084,1125.0,1407.0,0.0028114472545194454,0.004652605459057072,0.005797211823236397
1186,"(7.0, 8.0, 8.0, 12.0)",211575.0,470,-5.992124368010565,522.0,638.0,0.0024983509918283997,0.002467210209145693,0.00300939201829529
1187,"(7.0, 8.0, 8.0, 13.0)",211575.0,506,-5.869297248215208,552.0,652.0,0.002824857810504584,0.00260900389932648,0.003074842631915736
1188,"(7.0, 8.0, 8.0, 14.0)",211575.0,581,-5.778954481838944,639.0,761.0,0.0030919464050290094,0.003020205600850762,0.003587711632381219
1189,"(7.0, 8.0, 9.0, 9.0)",241800.0,348,-6.880255841235773,386.0,470.0,0.00102788103717724,0.0015963606286186931,0.0019412068023050174
1190,"(7.0, 8.0, 9.0, 11.0)",483600.0,1031,-6.509481311511582,1138.0,1370.0,0.0014892519806202632,0.0023531844499586436,0.002827382291348112
1191,"(7.0, 8.0, 9.0, 12.0)",423150.0,460,-6.627549788495065,516.0,646.0,0.001323401730864412,0.0012194257355547678,0.0015251583984886062
1192,"(7.0, 8.0, 9.0, 13.0)",423150.0,504,-6.504722668699706,539.0,617.0,0.0014963556874495406,0.0012737799834574028,0.001456489265246169
1193,"(7.0, 8.0, 9.0, 14.0)",423150.0,571,-6.414379902323445,628.0,758.0,0.001637835211120903,0.0014841072905589035,0.001789124378167385
1194,"(7.0, 8.0, 11.0, 11.0)",241800.0,788,-6.138706781787393,890.0,1120.0,0.0021577122075061104,0.0036807278742762616,0.0046183794548879
1195,"(7.0, 8.0, 11.0, 12.0)",423150.0,614,-6.256775258770874,688.0,858.0,0.0019174190179230507,0.0016259009807396904,0.002025006215586083
1196,"(7.0, 8.0, 11.0, 13.0)",423150.0,761,-6.1339481389755175,837.0,1003.0,0.002168004458343133,0.001978021978021978,0.002366405283243284
1197,"(7.0, 8.0, 11.0, 14.0)",423150.0,846,-6.043605372599254,923.0,1091.0,0.0023729879663796373,0.0021812596006144393,0.00257352403967537
1198,"(7.0, 8.0, 12.0, 12.0)",169260.00000000003,128,-6.374843735754356,147.0,189.0,0.0017038860314658444,0.00086848635235732,0.0011158710416294662
1199,"(7.0, 8.0, 12.0, 13.0)",338520.00000000006,285,-6.252016615958999,310.0,364.0,0.0019265650742986368,0.0009157509157509156,0.0010744302174646022
1200,"(7.0, 8.0, 12.0, 14.0)",338520.00000000006,340,-6.161673849582737,369.0,447.0,0.002108720634851378,0.0010900389932647996,0.0013192655548017404
1201,"(7.0, 8.0, 13.0, 13.0)",169260.00000000003,183,-6.129189496163642,201.0,239.0,0.0021783458030430547,0.0011875221552640905,0.0014106186225144267
1202,"(7.0, 8.0, 13.0, 14.0)",338520.00000000006,360,-6.03884672978738,396.0,476.0,0.002384307078955561,0.0011697979439914922,0.0014047523337297036
1203,"(7.0, 8.0, 14.0, 14.0)",169260.00000000003,210,-5.948503963411117,222.0,248.0,0.0026097418687225974,0.0013115916341722791,0.0014634811925866343
1204,"(7.0, 9.0, 9.0, 9.0)",80600.0,58,-7.515681261720271,63.0,73.0,0.0005444789575893594,0.0007816377171215881,0.0009050962385089497
1205,"(7.0, 9.0, 9.0, 11.0)",241800.0,260,-7.144906731996081,305.0,407.0,0.0007888718019575541,0.001261373035566584,0.0016816182019195709
1206,"(7.0, 9.0, 9.0, 12.0)",211575.0,108,-7.262975208979563,115.0,129.0,0.0007010192510913697,0.00054354247902635,0.0006094174293508778
1207,"(7.0, 9.0, 9.0, 13.0)",211575.0,136,-7.140148089184205,149.0,177.0,0.0007926347071474852,0.0007042419945645752,0.0008360868152797348
1208,"(7.0, 9.0, 9.0, 14.0)",211575.0,145,-7.049805322807943,156.0,178.0,0.0008675778384852992,0.0007373271889400922,0.0008407655770224523
1209,"(7.0, 9.0, 11.0, 11.0)",241800.0,390,-6.774132202271892,444.0,574.0,0.0011429619294729557,0.001836228287841191,0.0023704909621182738
1210,"(7.0, 9.0, 11.0, 12.0)",423150.0,342,-6.892200679255373,399.0,537.0,0.0010156762021875274,0.0009429280397022332,0.0012681644138299866
1211,"(7.0, 9.0, 11.0, 13.0)",423150.0,412,-6.769373559460016,459.0,565.0,0.001148413838598919,0.0010847217298830202,0.0013340472946377967
1212,"(7.0, 9.0, 11.0, 14.0)",423150.0,454,-6.679030793083754,508.0,636.0,0.001256995671264326,0.0012005199101973296,0.0015015718678615614
1213,"(7.0, 9.0, 12.0, 12.0)",169260.00000000003,73,-7.010269156238856,82.0,102.0,0.0009025656245311408,0.0004844617747843553,0.0006023884800571172
1214,"(7.0, 9.0, 12.0, 13.0)",338520.00000000006,159,-6.887442036443499,175.0,207.0,0.001020520960541185,0.0005169561621174523,0.0006112180452310924
1215,"(7.0, 9.0, 12.0, 14.0)",338520.00000000006,199,-6.797099270067236,221.0,265.0,0.0011170105990709802,0.0006528417818740398,0.0007823931288142673
1216,"(7.0, 9.0, 13.0, 13.0)",169260.00000000003,86,-6.76461491664814,93.0,109.0,0.0011538917532394582,0.0005494505494505493,0.0006436777803314491
1217,"(7.0, 9.0, 13.0, 14.0)",338520.00000000006,204,-6.674272150271879,221.0,261.0,0.0012629915194152972,0.0006528417818740398,0.0007705769879658684
1218,"(7.0, 9.0, 14.0, 14.0)",169260.00000000003,102,-6.583929383895615,105.0,111.0,0.0013824066023842493,0.0006203473945409428,0.0006554109861962259
1219,"(7.0, 11.0, 11.0, 11.0)",80600.0,200,-6.403357672547703,228.0,288.0,0.0016559876636265329,0.0028287841191066997,0.003565198972963321
1220,"(7.0, 11.0, 11.0, 12.0)",211575.0,230,-6.521426149531184,260.0,324.0,0.0014715689277919992,0.001228878648233487,0.001529861711220415
1221,"(7.0, 11.0, 11.0, 13.0)",211575.0,296,-6.398599029735827,323.0,381.0,0.0016638866968515238,0.0015266453976131395,0.0017984492191259408
1222,"(7.0, 11.0, 11.0, 14.0)",211575.0,312,-6.308256263359564,359.0,461.0,0.0018212061759620766,0.001696797825830084,0.002176017249583018
1223,"(7.0, 11.0, 12.0, 12.0)",169260.00000000003,82,-6.639494626514665,88.0,102.0,0.001307687947687074,0.0005199101973295521,0.0006023528766550571
1224,"(7.0, 11.0, 12.0, 13.0)",338520.00000000006,245,-6.516667506719308,270.0,328.0,0.0014785882867575347,0.0007975895072669265,0.0009682874005466083
1225,"(7.0, 11.0, 12.0, 14.0)",338520.00000000006,242,-6.426324740343045,268.0,322.0,0.001618387913457968,0.0007916814368427271,0.0009505725787986709
1226,"(7.0, 11.0, 13.0, 13.0)",169260.00000000003,130,-6.393840386923952,145.0,177.0,0.0016718234083317684,0.0008566702115089211,0.0010449945812320168
1227,"(7.0, 11.0, 13.0, 14.0)",338520.00000000006,278,-6.303497620547688,307.0,373.0,0.0018298932987042707,0.0009068888101146165,0.0011010326867992874
1228,"(7.0, 11.0, 14.0, 14.0)",169260.00000000003,160,-6.2131548541714245,178.0,220.0,0.0020029086014438035,0.001051636535507503,0.001298669553921066
1229,"(7.0, 12.0, 12.0, 12.0)",41229.99999999999,20,-6.757563103498146,24.0,34.0,0.001162057540241663,0.0005821004123211255,0.0008243034098982367
1230,"(7.0, 12.0, 12.0, 13.0)",123690.0,45,-6.6347359837027895,48.0,56.0,0.0013139255971415871,0.0003880669415474169,0.00045259416918753113
1231,"(7.0, 12.0, 12.0, 14.0)",123690.0,42,-6.544393217326526,46.0,54.0,0.0014381564663008123,0.00037189748564960787,0.0004364370015010116
1232,"(7.0, 12.0, 13.0, 13.0)",123690.0,56,-6.511908863907433,56.0,56.0,0.0014856411279469447,0.0004527447651386531,0.00045253978731629263
1233,"(7.0, 12.0, 13.0, 14.0)",247380.0,108,-6.421566097531169,116.0,132.0,0.0016261075965088262,0.0004689142210364621,0.0005333721640810081
1234,"(7.0, 12.0, 14.0, 14.0)",123690.0,65,-6.331223331154906,70.0,80.0,0.0017798550845706947,0.0005659309564233164,0.0006464579580649233
1235,"(7.0, 13.0, 13.0, 13.0)",41229.99999999999,19,-6.389081744112076,22.0,30.0,0.001679797977791913,0.0005335920446276984,0.0007273407949313169
1236,"(7.0, 13.0, 13.0, 14.0)",123690.0,58,-6.2987389777358125,61.0,67.0,0.001838621858875425,0.0004931684048831757,0.0005414335575010278
1237,"(7.0, 13.0, 14.0, 14.0)",123690.0,75,-6.208396211359549,81.0,95.0,0.002012462441690884,0.0006548629638612661,0.0007676203096444922
1238,"(7.0, 14.0, 14.0, 14.0)",41229.99999999999,28,-6.118053444983287,30.0,34.0,0.0022027395462890743,0.0007276255154014069,0.000824112811897598
1239,"(8.0, 8.0, 8.0, 8.0)",14950.000000000002,88,-5.488292297553031,99.0,127.0,0.004134899326188083,0.006622073578595317,0.008451131419111644
1240,"(8.0, 8.0, 8.0, 9.0)",59800.00000000001,166,-6.123717718037529,192.0,260.0,0.0021902978977436116,0.0032107023411371235,0.004337517477433137
1241,"(8.0, 8.0, 8.0, 11.0)",59800.00000000001,268,-5.75294318831334,308.0,404.0,0.003173427044943731,0.005150501672240802,0.006729325175333608
1242,"(8.0, 8.0, 8.0, 12.0)",54600.00000000001,122,-5.871011665296821,129.0,145.0,0.002820018975097367,0.0023626373626373623,0.0026500956003703254
1243,"(8.0, 8.0, 8.0, 13.0)",54600.00000000001,153,-5.748184545501465,175.0,225.0,0.0031885642384239044,0.0032051282051282046,0.004110606274067812
1244,"(8.0, 8.0, 8.0, 14.0)",54600.00000000001,159,-5.657841779125203,183.0,237.0,0.003490041055354148,0.003351648351648351,0.004329425793986233
1245,"(8.0, 8.0, 9.0, 9.0)",89700.00000000001,144,-6.759143138522029,156.0,182.0,0.0011602228984091733,0.0017391304347826083,0.0020259609325771893
1246,"(8.0, 8.0, 9.0, 11.0)",179400.00000000003,419,-6.38836860879784,470.0,584.0,0.0016809963282929021,0.0026198439241917498,0.003248431847021348
1247,"(8.0, 8.0, 9.0, 12.0)",163800.00000000003,204,-6.506437085781322,223.0,263.0,0.0014937925075063575,0.001361416361416361,0.0016037631511074731
1248,"(8.0, 8.0, 9.0, 13.0)",163800.00000000003,214,-6.383609965985965,233.0,279.0,0.001689014652426546,0.0014224664224664221,0.0017012732925736586
1249,"(8.0, 8.0, 9.0, 14.0)",163800.00000000003,249,-6.293267199609701,274.0,330.0,0.0018487099645127791,0.0016727716727716726,0.002011853849582787
1250,"(8.0, 8.0, 11.0, 11.0)",89700.00000000001,304,-6.01759407907365,345.0,433.0,0.002435522225607439,0.0038461538461538455,0.004812408884315238
1251,"(8.0, 8.0, 11.0, 12.0)",163800.00000000003,272,-6.135662556057131,317.0,423.0,0.002164290778774191,0.001935286935286935,0.00257867224689569
1252,"(8.0, 8.0, 11.0, 13.0)",163800.00000000003,323,-6.012835436261774,348.0,398.0,0.002447139625545157,0.002124542124542124,0.0024252787505534756
1253,"(8.0, 8.0, 11.0, 14.0)",163800.00000000003,379,-5.922492669885511,414.0,496.0,0.0026785151945247264,0.002527472527472527,0.0030216949107058993
1254,"(8.0, 8.0, 12.0, 12.0)",68250.00000000001,61,-6.253731033040612,67.0,79.0,0.0019232649679141109,0.0009816849816849814,0.0011565454521058915
1255,"(8.0, 8.0, 12.0, 13.0)",136500.00000000003,120,-6.130903913245255,128.0,144.0,0.002174614409285206,0.0009377289377289376,0.0010540657193844004
1256,"(8.0, 8.0, 12.0, 14.0)",136500.00000000003,168,-6.040561146868992,181.0,209.0,0.002380222884178601,0.0013260073260073257,0.0015293772357069058
1257,"(8.0, 8.0, 13.0, 13.0)",68250.00000000001,94,-6.008076793449899,100.0,112.0,0.0024588124402846346,0.001465201465201465,0.0016388788256920122
1258,"(8.0, 8.0, 13.0, 14.0)",136500.00000000003,159,-5.917734027073635,172.0,198.0,0.0026912916668257693,0.0012600732600732598,0.0014489616659286986
1259,"(8.0, 8.0, 14.0, 14.0)",68250.00000000001,104,-5.8273912606973735,108.0,116.0,0.002945751663387287,0.001582417582417582,0.0016971296542285551
1260,"(8.0, 9.0, 9.0, 9.0)",59800.00000000001,54,-7.394568559006528,63.0,85.0,0.0006145817769261982,0.0010535117056856187,0.0014202947953602307
1261,"(8.0, 9.0, 9.0, 11.0)",179400.00000000003,214,-7.023794029282339,236.0,284.0,0.0008904407177838014,0.0013154960981047936,0.0015813240965487582
1262,"(8.0, 9.0, 9.0, 12.0)",163800.00000000003,101,-7.14186250626582,115.0,147.0,0.0007912769648669089,0.000702075702075702,0.0008969429871444522
1263,"(8.0, 9.0, 9.0, 13.0)",163800.00000000003,114,-7.019035386470463,126.0,158.0,0.0008946881049891237,0.0007692307692307691,0.000963999248614633
1264,"(8.0, 9.0, 9.0, 14.0)",163800.00000000003,128,-6.9286926200942,139.0,163.0,0.0009792803232631401,0.0008485958485958485,0.0009943958802017408
1265,"(8.0, 9.0, 11.0, 11.0)",179400.00000000003,297,-6.653019499558148,325.0,391.0,0.0012901206994013197,0.0018115942028985505,0.002176205305931203
1266,"(8.0, 9.0, 11.0, 12.0)",327600.00000000006,259,-6.771087976541629,282.0,330.0,0.0011464466650570556,0.0008608058608058607,0.0010065850205960094
1267,"(8.0, 9.0, 11.0, 13.0)",327600.00000000006,345,-6.648260856746273,388.0,490.0,0.0012962745533778054,0.0011843711843711842,0.0014943237606241265
1268,"(8.0, 9.0, 11.0, 14.0)",327600.00000000006,365,-6.557918090370009,392.0,446.0,0.0014188365270431666,0.0011965811965811964,0.0013599845548563493
1269,"(8.0, 9.0, 12.0, 12.0)",136500.00000000003,69,-6.889156453525111,74.0,84.0,0.0010187728608884146,0.000542124542124542,0.0006150907163654416
1270,"(8.0, 9.0, 12.0, 13.0)",273000.00000000006,133,-6.766329333729754,150.0,190.0,0.0011519151963129792,0.0005494505494505493,0.0006956688000644044
1271,"(8.0, 9.0, 12.0, 14.0)",273000.00000000006,154,-6.675986567353492,165.0,187.0,0.00126082808022893,0.0006043956043956043,0.0006846163909350722
1272,"(8.0, 9.0, 13.0, 13.0)",136500.00000000003,68,-6.643502213934397,69.0,71.0,0.0013024577611339659,0.0005054945054945054,0.0005198909954514349
1273,"(8.0, 9.0, 13.0, 14.0)",273000.00000000006,173,-6.553159447558134,190.0,226.0,0.0014256043533465346,0.0006959706959706959,0.0008273544526291777
1274,"(8.0, 9.0, 14.0, 14.0)",136500.00000000003,104,-6.462816681181872,109.0,119.0,0.0015603943812436212,0.0007985347985347983,0.0008711572139704005
1275,"(8.0, 11.0, 11.0, 11.0)",59800.00000000001,142,-6.2822449698339575,157.0,193.0,0.0018691995837367681,0.0026254180602006687,0.0032205319291730514
1276,"(8.0, 11.0, 11.0, 12.0)",163800.00000000003,198,-6.4003134468174405,225.0,295.0,0.0016610365449492286,0.0013736263736263733,0.0017990899515624788
1277,"(8.0, 11.0, 11.0, 13.0)",163800.00000000003,211,-6.277486327022082,232.0,278.0,0.001878115634224573,0.0014163614163614161,0.0016951856175299396
1278,"(8.0, 11.0, 11.0, 14.0)",163800.00000000003,281,-6.18714356064582,300.0,338.0,0.002055690329571725,0.0018315018315018313,0.0020601376645332688
1279,"(8.0, 11.0, 12.0, 12.0)",136500.00000000003,83,-6.518381923800922,89.0,103.0,0.0014760555414533097,0.0006520146520146519,0.0007541536314723126
1280,"(8.0, 11.0, 12.0, 13.0)",273000.00000000006,199,-6.395554804005563,221.0,275.0,0.0016689596612529754,0.0008095238095238093,0.0010066706785278213
1281,"(8.0, 11.0, 12.0, 14.0)",273000.00000000006,219,-6.3052120376293015,239.0,287.0,0.0018267587860741933,0.0008754578754578753,0.0010505156247903498
1282,"(8.0, 11.0, 13.0, 13.0)",136500.00000000003,114,-6.272727684210206,129.0,169.0,0.0018870742141228229,0.0009450549450549449,0.001237202109246065
1283,"(8.0, 11.0, 13.0, 14.0)",273000.00000000006,249,-6.182384917833945,270.0,318.0,0.0020654959377717397,0.0009890109890109888,0.00116385702209878
1284,"(8.0, 11.0, 14.0, 14.0)",136500.00000000003,128,-6.092042151457683,138.0,160.0,0.0022607873272936802,0.0010109890109890108,0.0011711390733808314
1285,"(8.0, 12.0, 12.0, 12.0)",34580.00000000001,15,-6.636450400784403,15.0,15.0,0.0013116749105129522,0.00043377674956622314,0.0004335885872977589
1286,"(8.0, 12.0, 12.0, 13.0)",103740.00000000004,33,-6.513623280989046,36.0,42.0,0.0014830963014903368,0.00034702139965297845,0.0004047378757433244
1287,"(8.0, 12.0, 12.0, 14.0)",103740.00000000004,50,-6.423280514612783,53.0,59.0,0.0016233221582525458,0.0005108926161557739,0.0005684685048326943
1288,"(8.0, 12.0, 13.0, 13.0)",103740.00000000004,39,-6.390796161193688,40.0,42.0,0.0016769205706878539,0.00038557933294775383,0.00040470962817314507
1289,"(8.0, 12.0, 13.0, 14.0)",207480.0000000001,81,-6.300453394817426,89.0,105.0,0.0018354723946729698,0.00042895700790437615,0.0005058888703792966
1290,"(8.0, 12.0, 14.0, 14.0)",103740.00000000004,46,-6.210110628441164,49.0,57.0,0.002009015197556207,0.00047233468286099847,0.0005492274493979158
1291,"(8.0, 13.0, 13.0, 13.0)",34580.00000000001,17,-6.267969041398331,18.0,20.0,0.0018960755262960886,0.0005205320994794678,0.0005780980457550423
1292,"(8.0, 13.0, 13.0, 14.0)",103740.00000000004,51,-6.177626275022069,55.0,63.0,0.002075348318557483,0.0005301715828031615,0.0006070063674855003
1293,"(8.0, 13.0, 14.0, 14.0)",103740.00000000004,60,-6.087283508645808,68.0,90.0,0.002271571244713584,0.0006554848660111815,0.0008671238387228764
1294,"(8.0, 14.0, 14.0, 14.0)",34580.00000000001,15,-5.996940742269544,16.0,18.0,0.002486346929654795,0.0004626951995373047,0.0005203180126317929
1295,"(9.0, 9.0, 9.0, 9.0)",14950.000000000002,4,-8.029993979491028,4.0,4.0,0.0003255501688922504,0.0002675585284280936,0.000267486940861959
1296,"(9.0, 9.0, 9.0, 11.0)",59800.00000000001,51,-7.659219449766837,55.0,65.0,0.00047167543351657855,0.0009197324414715718,0.001086110613975235
1297,"(9.0, 9.0, 9.0, 12.0)",54600.00000000001,20,-7.7772879267503185,22.0,26.0,0.0004191473929496346,0.0004029304029304029,0.00047602812328087046
1298,"(9.0, 9.0, 9.0, 13.0)",54600.00000000001,25,-7.654460806954962,29.0,37.0,0.00047392531737899823,0.000531135531135531,0.0006773735727032429
1299,"(9.0, 9.0, 9.0, 14.0)",54600.00000000001,20,-7.564118040578699,21.0,23.0,0.0005187346690063943,0.00038461538461538456,0.0004210974922513384
1300,"(9.0, 9.0, 11.0, 11.0)",89700.00000000001,93,-7.288444920042647,102.0,120.0,0.0006833899528913692,0.0011371237458193979,0.0013364995917271615
1301,"(9.0, 9.0, 11.0, 12.0)",163800.00000000003,85,-7.40651339702613,93.0,109.0,0.0006072843671056331,0.0005677655677655677,0.0006651233077057252
1302,"(9.0, 9.0, 11.0, 13.0)",163800.00000000003,92,-7.283686277230772,96.0,104.0,0.0006866497114403497,0.000586080586080586,0.0006345771444672542
1303,"(9.0, 9.0, 11.0, 14.0)",163800.00000000003,93,-7.193343510854509,102.0,122.0,0.0007515720256457656,0.0006227106227106226,0.0007444229762911081
1304,"(9.0, 9.0, 12.0, 12.0)",68250.00000000001,11,-7.524581874009611,12.0,14.0,0.0005396542646998984,0.0001758241758241758,0.00020509729098740085
1305,"(9.0, 9.0, 12.0, 13.0)",136500.00000000003,33,-7.401754754214253,38.0,50.0,0.000610181103294042,0.0002783882783882783,0.00036622286626682225
1306,"(9.0, 9.0, 12.0, 14.0)",136500.00000000003,40,-7.311411987837991,45.0,57.0,0.0006678733569282366,0.0003296703296703296,0.0004174737350561525
1307,"(9.0, 9.0, 13.0, 13.0)",68250.00000000001,21,-7.278927634418896,22.0,24.0,0.0006899250189826297,0.00032234432234432226,0.000351544445786204
1308,"(9.0, 9.0, 13.0, 14.0)",136500.00000000003,46,-7.188584868042634,50.0,58.0,0.0007551570115318007,0.00036630036630036625,0.00042477424895007306
1309,"(9.0, 9.0, 14.0, 14.0)",68250.00000000001,26,-7.09824210166637,32.0,46.0,0.0008265566494552631,0.0004688644688644688,0.0006737728401025102
1310,"(9.0, 11.0, 11.0, 11.0)",59800.00000000001,94,-6.917670390318456,101.0,115.0,0.0009901338813238254,0.001688963210702341,0.0019202243263498169
1311,"(9.0, 11.0, 11.0, 12.0)",163800.00000000003,118,-7.035738867301939,127.0,147.0,0.0008798678191354155,0.0007753357753357752,0.0008968347518713818
1312,"(9.0, 11.0, 11.0, 13.0)",163800.00000000003,139,-6.91291174750658,155.0,199.0,0.0009948568032377713,0.0009462759462759461,0.0012140007767297144
1313,"(9.0, 11.0, 11.0, 14.0)",163800.00000000003,157,-6.822568981130319,175.0,221.0,0.0010889199112433274,0.0010683760683760683,0.0013480649217828702
1314,"(9.0, 11.0, 12.0, 12.0)",136500.00000000003,42,-7.15380734428542,45.0,53.0,0.00078188151496749,0.0003296703296703296,0.00038816970575212325
1315,"(9.0, 11.0, 12.0, 13.0)",273000.00000000006,105,-7.030980224490063,112.0,126.0,0.0008840647737925115,0.0004102564102564102,0.00046137015121630495
1316,"(9.0, 11.0, 12.0, 14.0)",273000.00000000006,107,-6.9406374581138,116.0,136.0,0.0009676525625381038,0.00042490842490842484,0.0004979879509989399
1317,"(9.0, 11.0, 13.0, 13.0)",136500.00000000003,59,-6.908153104694705,62.0,68.0,0.0009996022534095883,0.0004542124542124541,0.0004979621892149364
1318,"(9.0, 11.0, 13.0, 14.0)",273000.00000000006,105,-6.817810338318443,117.0,147.0,0.0010941140408538272,0.0004285714285714285,0.0005382778649921506
1319,"(9.0, 11.0, 14.0, 14.0)",136500.00000000003,73,-6.7274675719421815,79.0,95.0,0.0011975618605403273,0.0005787545787545787,0.0006956357391082665
1320,"(9.0, 12.0, 12.0, 12.0)",34580.00000000001,9,-7.271875821268902,9.0,9.0,0.0006948074360175789,0.0002602660497397339,0.0002601983113230868
1321,"(9.0, 12.0, 12.0, 13.0)",103740.00000000004,32,-7.1490487014735455,33.0,35.0,0.000785611076606378,0.00031810294968189694,0.00033728072684268833
1322,"(9.0, 12.0, 12.0, 14.0)",103740.00000000004,17,-7.058705935097283,18.0,20.0,0.0008598901279318441,0.00017351069982648922,0.00019275956051092264
1323,"(9.0, 12.0, 13.0, 13.0)",103740.00000000004,28,-7.026221581678188,28.0,28.0,0.0008882817478525343,0.0002699055330634277,0.0002698326840666494
1324,"(9.0, 12.0, 13.0, 14.0)",207480.0000000001,47,-6.935878815301926,54.0,72.0,0.0009722682489406185,0.00026026604973973386,0.0003469536612363313
1325,"(9.0, 12.0, 14.0, 14.0)",103740.00000000004,27,-6.845536048925663,30.0,36.0,0.0010641956228228055,0.00028918449971081537,0.0003469377719781054
1326,"(9.0, 13.0, 13.0, 13.0)",34580.00000000001,10,-6.903394461882831,10.0,10.0,0.0010043703392986845,0.0002891844997108154,0.0002891008720359424
1327,"(9.0, 13.0, 13.0, 14.0)",103740.00000000004,24,-6.813051695506569,25.0,27.0,0.0010993329463749612,0.00024098708309234614,0.0002602079749655165
1328,"(9.0, 13.0, 14.0, 14.0)",103740.00000000004,34,-6.722708929130306,36.0,42.0,0.001203274210416578,0.00034702139965297845,0.0004047378757433244
1329,"(9.0, 14.0, 14.0, 14.0)",34580.00000000001,7,-6.632366162754042,8.0,10.0,0.001317043057999829,0.00023134759976865235,0.00028913097799889673
1330,"(11.0, 11.0, 11.0, 11.0)",14950.000000000002,28,-6.546895860594267,31.0,39.0,0.0014345617736952873,0.0020735785953177256,0.002604395923982953
1331,"(11.0, 11.0, 11.0, 12.0)",54600.00000000001,52,-6.664964337577748,57.0,69.0,0.0012748020879244054,0.0010439560439560438,0.0012626464195145512
1332,"(11.0, 11.0, 11.0, 13.0)",54600.00000000001,52,-6.542137217782392,58.0,76.0,0.0014414046091599567,0.001062271062271062,0.0013908129721316533
1333,"(11.0, 11.0, 11.0, 14.0)",54600.00000000001,72,-6.45179445140613,82.0,106.0,0.0015776885416715143,0.0015018315018315016,0.0019391364435320476
1334,"(11.0, 11.0, 12.0, 12.0)",68250.00000000001,39,-6.783032814561231,43.0,51.0,0.0011328340076916126,0.0006300366300366299,0.0007468558010975592
1335,"(11.0, 11.0, 12.0, 13.0)",136500.00000000003,85,-6.6602056947658745,91.0,103.0,0.0012808828723825133,0.0006666666666666665,0.00075413431013431
1336,"(11.0, 11.0, 12.0, 14.0)",136500.00000000003,95,-6.569862928389611,103.0,119.0,0.0014019895719349213,0.0007545787545787544,0.00087122548269801
1337,"(11.0, 11.0, 13.0, 13.0)",68250.00000000001,51,-6.537378574970516,53.0,57.0,0.0014482800848343812,0.0007765567765567764,0.0008345617947376188
1338,"(11.0, 11.0, 13.0, 14.0)",136500.00000000003,102,-6.447035808594254,106.0,114.0,0.001585214089405402,0.0007765567765567764,0.0008345617947376188
1339,"(11.0, 11.0, 14.0, 14.0)",68250.00000000001,48,-6.356693042217991,51.0,57.0,0.0017350951211462435,0.0007472527472527471,0.0008346064484965581
1340,"(11.0, 12.0, 12.0, 12.0)",34580.00000000001,7,-6.9011012915447125,7.0,7.0,0.0010066761743951131,0.00020242914979757081,0.00020238817223688305
1341,"(11.0, 12.0, 12.0, 13.0)",103740.00000000004,25,-6.778274171749356,26.0,28.0,0.0011382376068014993,0.00025062656641604,0.00026984271938763416
1342,"(11.0, 12.0, 12.0, 14.0)",103740.00000000004,26,-6.687931405373092,26.0,26.0,0.0012458572829157997,0.00025062656641604,0.00025056375274024647
1343,"(11.0, 12.0, 13.0, 13.0)",103740.00000000004,30,-6.655447051953999,31.0,33.0,0.001286992662079928,0.00029882398303450924,0.00031801365390906033
1344,"(11.0, 12.0, 13.0, 14.0)",207480.0000000001,83,-6.565104285577736,90.0,106.0,0.0014086770385465686,0.0004337767495662231,0.0005107044538873096
1345,"(11.0, 12.0, 14.0, 14.0)",103740.00000000004,33,-6.474761519201472,35.0,39.0,0.0015418665990848484,0.00033738191632928463,0.000375826023066594
1346,"(11.0, 13.0, 13.0, 13.0)",34580.00000000001,22,-6.5326199321586405,23.0,25.0,0.0014551883564118072,0.0006651243493348755,0.0007225188588769604
1347,"(11.0, 13.0, 13.0, 14.0)",103740.00000000004,44,-6.442277165782379,47.0,53.0,0.0015927755338750516,0.0004530557162136108,0.00051068735667378
1348,"(11.0, 13.0, 14.0, 14.0)",103740.00000000004,47,-6.351934399406115,49.0,53.0,0.0017433714956093473,0.00047233468286099847,0.0005106695161031404
1349,"(11.0, 14.0, 14.0, 14.0)",34580.00000000001,18,-6.261591633029852,19.0,21.0,0.0019082062142860615,0.0005494505494505493,0.000606985553486421
1350,"(12.0, 12.0, 12.0, 12.0)",5985.0,1,-7.019169768528194,1.0,1.0,0.0008945678830385657,0.0001670843776106934,0.00016705646042145187
1351,"(12.0, 12.0, 12.0, 13.0)",23940.0,8,-6.896342648732837,10.0,14.0,0.0010114780027680008,0.0004177109440267335,0.0005846208392046672
1352,"(12.0, 12.0, 12.0, 14.0)",23940.0,6,-6.8059998823565735,6.0,6.0,0.0011071126351190781,0.0002506265664160401,0.0002505637527402466
1353,"(12.0, 12.0, 13.0, 13.0)",35910.0,7,-6.77351552893748,7.0,7.0,0.001143666980988001,0.0001949317738791423,0.00019489377548267462
1354,"(12.0, 12.0, 13.0, 14.0)",71820.0,14,-6.683172762561217,15.0,17.0,0.0012518000011422128,0.00020885547201336674,0.00023665924767362573
1355,"(12.0, 12.0, 14.0, 14.0)",35910.0,8,-6.592829996184953,8.0,8.0,0.0013701569328388999,0.0002227791701475912,0.00022272953958893957
1356,"(12.0, 13.0, 13.0, 13.0)",23940.0,4,-6.6506884091421234,4.0,4.0,0.0012931315953711492,0.0001670843776106934,0.00016705646042145187
1357,"(12.0, 13.0, 13.0, 14.0)",71820.0,16,-6.56034564276586,18.0,22.0,0.001415396404261163,0.0002506265664160401,0.0003062585452771444
1358,"(12.0, 13.0, 14.0, 14.0)",71820.0,16,-6.4700028763895965,17.0,19.0,0.0015492212767567839,0.00023670286828181565,0.0002644942363024117
1359,"(12.0, 14.0, 14.0, 14.0)",23940.0,5,-6.379660110013335,5.0,5.0,0.001695699209868179,0.00020885547201336674,0.00020881185140517682
1360,"(13.0, 13.0, 13.0, 14.0)",23940.0,3,-6.437518522970503,3.0,3.0,0.0016003730463072874,0.00012531328320802005,0.00012529757978907167
1361,"(13.0, 13.0, 14.0, 14.0)",35910.0,6,-6.34717575659424,7.0,9.0,0.0017516873482390479,0.0001949317738791423,0.00025058856801957245
1362,"(13.0, 14.0, 14.0, 14.0)",23940.0,4,-6.256832990217976,4.0,4.0,0.0019173083257436859,0.0001670843776106934,0.00016705646042145187
1363,"(14.0, 14.0, 14.0, 14.0)",5985.0,2,-6.1664902238417145,2.0,2.0,0.0020985886663288187,0.0003341687552213868,0.0003340570864644206
