,label,n_lambdas,n_nonzeros,log_lambda,sum_counts,sum_counts_2,mean_lambda,mean_count,var_count
0,"(0.0, 0.0, 0.0, 0.0, 0.0)",15504.0,1,-inf,3.0,9.0,0.0,0.0001934984520123839,0.0005804579143862205
1,"(0.0, 2.0, 7.0, 8.0, 14.0)",6817200.000000004,1,-inf,1.0,1.0,0.0,1.4668778970838458e-07,1.4668776819107692e-07
2,"(0.0, 6.0, 9.0, 9.0, 14.0)",4485000.000000003,1,-inf,1.0,1.0,0.0,2.2296544035674457e-07,2.2296539064315698e-07
3,"(0.0, 6.0, 12.0, 13.0, 14.0)",6375600.000000003,1,-inf,1.0,1.0,0.0,1.568479829349394e-07,1.5684795833364965e-07
4,"(0.0, 7.0, 8.0, 11.0, 14.0)",8970000.000000006,1,-inf,1.0,1.0,0.0,1.1148272017837228e-07,1.1148270774997539e-07
5,"(1.0, 1.0, 1.0, 4.0, 9.0)",889200.0000000006,4,-11.893243128520634,5.0,7.0,6.8364420586973895e-06,5.623031938821409e-06,7.872213095861788e-06
6,"(1.0, 1.0, 1.0, 4.0, 11.0)",889200.0000000006,1,-11.548817496434165,1.0,1.0,9.647444499061457e-06,1.1246063877642818e-06,1.1246051230247544e-06
7,"(1.0, 1.0, 1.0, 6.0, 9.0)",889200.0000000006,2,-11.857716140037722,2.0,2.0,7.0836861716259205e-06,2.2492127755285637e-06,2.249207716570454e-06
8,"(1.0, 1.0, 1.0, 8.0, 9.0)",741000.0000000001,2,-11.514942907952426,2.0,2.0,9.979845906880614e-06,2.6990553306342774e-06,2.6990480457345995e-06
9,"(1.0, 1.0, 1.0, 8.0, 14.0)",681720.0000000002,2,-11.064708750281316,2.0,2.0,1.5655179296248077e-05,2.9337557941676923e-06,2.9337471872446326e-06
10,"(1.0, 1.0, 1.0, 9.0, 9.0)",370500.00000000006,2,-12.15980302708692,2.0,2.0,5.236783797955399e-06,5.398110661268555e-06,5.398081521669843e-06
11,"(1.0, 1.0, 1.0, 9.0, 13.0)",681720.0000000002,1,-11.786202498766496,1.0,1.0,7.608819684080386e-06,1.4668778970838462e-06,1.4668757453530811e-06
12,"(1.0, 1.0, 1.0, 9.0, 14.0)",681720.0000000002,21,-11.70956886941581,26.0,38.0,8.214835184594946e-06,3.8138825324180004e-05,5.573990551918905e-05
13,"(1.0, 1.0, 2.0, 2.0, 9.0)",755820.0000000002,1,-11.817154968967545,1.0,1.0,7.3769154386312606e-06,1.3230663385462142e-06,1.323064588041678e-06
14,"(1.0, 1.0, 2.0, 2.0, 11.0)",755820.0000000002,1,-11.472729336881075,3.0,9.0,1.0410149264400412e-05,3.969199015638643e-06,1.1907581292375101e-05
15,"(1.0, 1.0, 2.0, 3.0, 7.0)",1744200.0000000007,1,-11.112600835197874,1.0,1.0,1.492309066969357e-05,5.733287467033595e-07,5.733284179975078e-07
16,"(1.0, 1.0, 2.0, 3.0, 9.0)",1511640.0000000005,2,-11.61866818827027,2.0,2.0,8.996560788508387e-06,1.3230663385462142e-06,1.323064588041678e-06
17,"(1.0, 1.0, 2.0, 4.0, 9.0)",2667600.000000002,6,-11.85546959410516,7.0,9.0,7.099617886946879e-06,2.6240815714499907e-06,3.3738122774887513e-06
18,"(1.0, 1.0, 2.0, 6.0, 9.0)",2667600.000000002,4,-11.819942605622249,6.0,12.0,7.35637991484362e-06,2.2492127755285632e-06,4.498420492099017e-06
19,"(1.0, 1.0, 2.0, 7.0, 9.0)",2667600.000000002,8,-11.615962139599052,11.0,17.0,9.02093888916298e-06,4.1235567551356995e-06,6.372752526943951e-06
20,"(1.0, 1.0, 2.0, 7.0, 13.0)",2359800.000000001,2,-11.242361611278628,2.0,2.0,1.3107032873029468e-05,8.475294516484444e-07,8.47528733342273e-07
21,"(1.0, 1.0, 2.0, 8.0, 9.0)",2223000.0000000005,5,-11.477169373536952,6.0,8.0,1.0364030280827612e-05,2.6990553306342774e-06,3.5987331559460253e-06
22,"(1.0, 1.0, 2.0, 8.0, 12.0)",2045160.0000000007,1,-11.218455218528716,1.0,1.0,1.3424150211516955e-05,4.889592990279488e-07,4.889590599467527e-07
23,"(1.0, 1.0, 2.0, 8.0, 14.0)",2045160.0000000007,8,-11.02693521586584,8.0,8.0,1.625784143282582e-05,3.91167439222359e-06,3.911659091027039e-06
24,"(1.0, 1.0, 2.0, 9.0, 9.0)",1111500.0000000002,3,-12.122029492671448,4.0,6.0,5.4383791455875795e-06,3.5987404408457032e-06,5.398097710335794e-06
25,"(1.0, 1.0, 2.0, 9.0, 11.0)",2223000.0000000005,11,-11.777603860584978,13.0,19.0,7.674527264538296e-06,5.847953216374268e-06,8.546974348451725e-06
26,"(1.0, 1.0, 2.0, 9.0, 12.0)",2045160.0000000007,3,-11.863315337663211,3.0,3.0,7.044134046250498e-06,1.4668778970838462e-06,1.4668757453530811e-06
27,"(1.0, 1.0, 2.0, 9.0, 13.0)",2045160.0000000007,2,-11.748428964351024,2.0,2.0,7.901728978881067e-06,9.779185980558975e-07,9.77917641731113e-07
28,"(1.0, 1.0, 2.0, 9.0, 14.0)",2045160.0000000007,65,-11.671795335000336,75.0,99.0,8.531073665821944e-06,3.6671947427096156e-05,4.840562577203883e-05
29,"(1.0, 1.0, 2.0, 11.0, 14.0)",2045160.0000000007,4,-11.327369702913868,9.0,31.0,1.2038873291365797e-05,4.4006336912515385e-06,1.5157718904289527e-05
30,"(1.0, 1.0, 2.0, 12.0, 13.0)",1730520.0000000002,1,-11.48971480934279,1.0,1.0,1.0234821191078696e-05,5.778609897603032e-07,5.778606558369797e-07
31,"(1.0, 1.0, 3.0, 3.0, 7.0)",872100.0000000003,1,-10.9141140545006,1.0,1.0,1.8199543356461597e-05,1.146657493406719e-06,1.1466561785833118e-06
32,"(1.0, 1.0, 3.0, 3.0, 9.0)",755820.0000000002,1,-11.420181407572995,1.0,1.0,1.0971808839975563e-05,1.3230663385462142e-06,1.323064588041678e-06
33,"(1.0, 1.0, 3.0, 4.0, 8.0)",2667600.000000002,1,-11.01212269427339,1.0,1.0,1.6500453472173062e-05,3.7486879592142726e-07,3.748686553948131e-07
34,"(1.0, 1.0, 3.0, 4.0, 9.0)",2667600.000000002,9,-11.656982813407886,10.0,12.0,8.658380921735243e-06,3.7486879592142725e-06,4.498411498395711e-06
35,"(1.0, 1.0, 3.0, 6.0, 9.0)",2667600.000000002,5,-11.621455824924974,5.0,5.0,8.971516569197986e-06,1.8743439796071362e-06,1.8743404664417824e-06
36,"(1.0, 1.0, 3.0, 7.0, 9.0)",2667600.000000002,10,-11.417475358901775,12.0,16.0,1.1001539296596909e-05,4.4984255510571265e-06,5.997880498910398e-06
37,"(1.0, 1.0, 3.0, 7.0, 11.0)",2667600.000000002,1,-11.073049726815308,1.0,1.0,1.5525142882346804e-05,3.7486879592142726e-07,3.748686553948131e-07
38,"(1.0, 1.0, 3.0, 8.0, 9.0)",2223000.0000000005,15,-11.278682592839678,17.0,21.0,1.2639514335100943e-05,7.64732343679712e-06,9.446635175664224e-06
39,"(1.0, 1.0, 3.0, 8.0, 14.0)",2045160.0000000007,3,-10.828448435168568,3.0,3.0,1.9827346532182298e-05,1.4668778970838462e-06,1.4668757453530811e-06
40,"(1.0, 1.0, 3.0, 9.0, 9.0)",1111500.0000000002,8,-11.923542711974171,9.0,11.0,6.632407404050857e-06,8.097165991902832e-06,9.896470648228584e-06
41,"(1.0, 1.0, 3.0, 9.0, 11.0)",2223000.0000000005,8,-11.579117079887704,12.0,32.0,9.359515048378338e-06,5.398110661268555e-06,1.4394932623784101e-05
42,"(1.0, 1.0, 3.0, 9.0, 12.0)",2045160.0000000007,8,-11.66482855696594,9.0,11.0,8.590715276146962e-06,4.4006336912515385e-06,5.378532923730552e-06
43,"(1.0, 1.0, 3.0, 9.0, 13.0)",2045160.0000000007,3,-11.549942183653748,5.0,11.0,9.636600240874112e-06,2.444796495139744e-06,5.3785463122775334e-06
44,"(1.0, 1.0, 3.0, 9.0, 14.0)",2045160.0000000007,88,-11.473308554303062,101.0,129.0,1.0404121270509064e-05,4.9384889201822824e-05,6.307331070732391e-05
45,"(1.0, 1.0, 3.0, 11.0, 12.0)",2045160.0000000007,1,-11.32040292487947,1.0,1.0,1.2123038288378155e-05,4.889592990279488e-07,4.889590599467527e-07
46,"(1.0, 1.0, 3.0, 11.0, 14.0)",2045160.0000000007,2,-11.128882922216594,2.0,2.0,1.4682079019604216e-05,9.779185980558975e-07,9.77917641731113e-07
47,"(1.0, 1.0, 3.0, 14.0, 14.0)",865260.0000000001,2,-11.023074396631952,2.0,2.0,1.632073134490294e-05,2.3114439590412127e-06,2.311438616268037e-06
48,"(1.0, 1.0, 4.0, 4.0, 9.0)",2148900.0000000014,5,-11.893784219242772,7.0,11.0,6.832743923930432e-06,3.257480571455161e-06,5.118887429678437e-06
49,"(1.0, 1.0, 4.0, 6.0, 7.0)",4628400.000000001,1,-11.352189877687463,1.0,1.0,1.174374408229266e-05,2.1605738484141384e-07,2.1605733816062029e-07
50,"(1.0, 1.0, 4.0, 6.0, 8.0)",4297800.000000003,1,-11.213397111625364,1.0,1.0,1.3492223012993325e-05,2.3267718367536863e-07,2.3267712953669684e-07
51,"(1.0, 1.0, 4.0, 6.0, 9.0)",4297800.000000003,15,-11.85825723075986,18.0,26.0,7.079854291550789e-06,4.188189306156636e-06,6.049589234629921e-06
52,"(1.0, 1.0, 4.0, 6.0, 11.0)",4297800.000000003,1,-11.513831598673391,3.0,9.0,9.990942767120079e-06,6.980315510261059e-07,2.0940941658302718e-06
53,"(1.0, 1.0, 4.0, 6.0, 14.0)",3801900.0000000014,1,-11.408023073088753,1.0,1.0,1.1106022012736928e-05,2.6302638154606895e-07,2.630263123631916e-07
54,"(1.0, 1.0, 4.0, 7.0, 8.0)",4297800.000000003,1,-11.009416645602167,1.0,1.0,1.654516497082771e-05,2.3267718367536863e-07,2.3267712953669684e-07
55,"(1.0, 1.0, 4.0, 7.0, 9.0)",4297800.000000003,10,-11.654276764736665,15.0,37.0,8.68184265189837e-06,3.4901577551305297e-06,8.609043614787485e-06
56,"(1.0, 1.0, 4.0, 7.0, 12.0)",3801900.0000000014,1,-11.395562609728431,1.0,1.0,1.1245273963299468e-05,2.6302638154606895e-07,2.630263123631916e-07
57,"(1.0, 1.0, 4.0, 7.0, 13.0)",3801900.0000000014,1,-11.28067623641624,2.0,4.0,1.261434075045152e-05,5.260527630921379e-07,1.0521052494527664e-06
58,"(1.0, 1.0, 4.0, 8.0, 9.0)",3705000.000000002,16,-11.515483998674563,23.0,41.0,9.974447365534072e-06,6.207827260458836e-06,1.1066088318481238e-05
59,"(1.0, 1.0, 4.0, 8.0, 11.0)",3705000.000000002,1,-11.171058366588095,1.0,1.0,1.4075732163249658e-05,2.699055330634277e-07,2.699054602144309e-07
60,"(1.0, 1.0, 4.0, 8.0, 14.0)",3408600.000000002,1,-11.065249841003457,1.0,1.0,1.5646710715319325e-05,2.9337557941676917e-07,2.933754933475386e-07
61,"(1.0, 1.0, 4.0, 9.0, 9.0)",1852500.000000001,3,-12.16034411780906,3.0,3.0,5.233950989300823e-06,1.619433198380566e-06,1.619430575816682e-06
62,"(1.0, 1.0, 4.0, 9.0, 11.0)",3705000.000000002,13,-11.815918485722593,16.0,22.0,7.386042512544682e-06,4.318488529014843e-06,5.937903078052233e-06
63,"(1.0, 1.0, 4.0, 9.0, 12.0)",3408600.000000002,9,-11.901629962800827,11.0,17.0,6.779345715543501e-06,3.227131373584461e-06,4.987374435708174e-06
64,"(1.0, 1.0, 4.0, 9.0, 13.0)",3408600.000000002,7,-11.786743589488635,8.0,10.0,7.604703735993982e-06,2.3470046353341534e-06,2.9337502857369336e-06
65,"(1.0, 1.0, 4.0, 9.0, 14.0)",3408600.000000002,108,-11.71010996013795,124.0,156.0,8.210391415842086e-06,3.637857184767938e-05,4.576526698852631e-05
66,"(1.0, 1.0, 4.0, 11.0, 14.0)",3408600.000000002,3,-11.36568432805148,5.0,9.0,1.1586333186154402e-05,1.466877897083846e-06,2.640378063020158e-06
67,"(1.0, 1.0, 4.0, 13.0, 14.0)",2884200.0000000014,2,-11.336509431817523,6.0,26.0,1.1929342556256543e-05,2.0802995631370906e-06,9.014627112614454e-06
68,"(1.0, 1.0, 6.0, 6.0, 9.0)",2148900.0000000014,7,-11.82273024227695,8.0,10.0,7.33590155691898e-06,3.722834938805898e-06,4.653529814007391e-06
69,"(1.0, 1.0, 6.0, 6.0, 11.0)",2148900.0000000014,1,-11.478304610190484,1.0,1.0,1.0352271329633576e-05,4.6535436735073727e-07,4.653541507960501e-07
70,"(1.0, 1.0, 6.0, 6.0, 14.0)",1900950.0000000007,1,-11.37249608460584,1.0,1.0,1.1507678098918555e-05,5.260527630921379e-07,5.260524863606283e-07
71,"(1.0, 1.0, 6.0, 7.0, 9.0)",4297800.000000003,8,-11.618749776253754,9.0,11.0,8.995826807197796e-06,2.094094653078318e-06,2.559444635196639e-06
72,"(1.0, 1.0, 6.0, 8.0, 8.0)",1852500.000000001,1,-10.83509689105716,2.0,4.0,1.9695962527706597e-05,1.0796221322537108e-06,2.159243098923473e-06
73,"(1.0, 1.0, 6.0, 8.0, 9.0)",3705000.000000002,20,-11.479957010191654,31.0,61.0,1.0335179361749283e-05,8.367071524966257e-06,1.6464167508983183e-05
74,"(1.0, 1.0, 6.0, 8.0, 14.0)",3408600.000000002,3,-11.029722852520544,3.0,3.0,1.621258358864191e-05,8.801267382503076e-07,8.801259636272322e-07
75,"(1.0, 1.0, 6.0, 9.0, 9.0)",1852500.000000001,6,-12.12481712932615,9.0,15.0,5.423240031517557e-06,4.858299595141698e-06,8.097142388827875e-06
76,"(1.0, 1.0, 6.0, 9.0, 11.0)",3705000.000000002,7,-11.780391497239682,7.0,7.0,7.653163262400695e-06,1.8893387314439936e-06,1.8893351618431514e-06
77,"(1.0, 1.0, 6.0, 9.0, 12.0)",3408600.000000002,6,-11.866102974317918,7.0,9.0,7.024524904262404e-06,2.0536290559173843e-06,2.6403759973586234e-06
78,"(1.0, 1.0, 6.0, 9.0, 13.0)",3408600.000000002,8,-11.751216601005726,10.0,14.0,7.879732502879804e-06,2.933755794167692e-06,4.107249504911708e-06
79,"(1.0, 1.0, 6.0, 9.0, 14.0)",3408600.000000002,121,-11.67458297165504,140.0,184.0,8.507325248525309e-06,4.1072581118347686e-05,5.3979419655765805e-05
80,"(1.0, 1.0, 6.0, 11.0, 11.0)",1852500.000000001,1,-11.435965865153213,2.0,4.0,1.0799984433764804e-05,1.0796221322537108e-06,2.159243098923473e-06
81,"(1.0, 1.0, 6.0, 11.0, 12.0)",3408600.000000002,2,-11.521677342231447,2.0,2.0,9.912863089350787e-06,5.867511588335383e-07,5.86750814556616e-07
82,"(1.0, 1.0, 6.0, 11.0, 14.0)",3408600.000000002,4,-11.33015733956857,4.0,4.0,1.2005360020011701e-05,1.1735023176670767e-06,1.173500940559387e-06
83,"(1.0, 1.0, 6.0, 14.0, 14.0)",1442100.0000000007,2,-11.22434881398393,2.0,2.0,1.3345266383856519e-05,1.3868663754247272e-06,1.3868644520263838e-06
84,"(1.0, 1.0, 7.0, 7.0, 8.0)",2148900.0000000014,2,-10.769909191096062,2.0,2.0,2.1022669739362696e-05,9.307087347014745e-07,9.307078684827257e-07
85,"(1.0, 1.0, 7.0, 7.0, 9.0)",2148900.0000000014,5,-11.414769310230556,6.0,8.0,1.1031350314232744e-05,2.7921262041044236e-06,3.7228271428371584e-06
86,"(1.0, 1.0, 7.0, 7.0, 11.0)",2148900.0000000014,2,-11.070343678144088,2.0,2.0,1.556721156889939e-05,9.307087347014745e-07,9.307078684827257e-07
87,"(1.0, 1.0, 7.0, 8.0, 9.0)",3705000.000000002,20,-11.275976544168458,24.0,34.0,1.2673763795525869e-05,6.477732793522264e-06,9.176746163134396e-06
88,"(1.0, 1.0, 7.0, 8.0, 11.0)",3705000.000000002,2,-10.931550912081988,3.0,5.0,1.7884951230735276e-05,8.09716599190283e-07,1.3495270096761673e-06
89,"(1.0, 1.0, 7.0, 8.0, 12.0)",3408600.000000002,1,-11.017262389160225,1.0,1.0,1.6415863744739846e-05,2.9337557941676917e-07,2.933754933475386e-07
90,"(1.0, 1.0, 7.0, 8.0, 14.0)",3408600.000000002,11,-10.825742386497348,11.0,11.0,1.9881072957294965e-05,3.227131373584461e-06,3.2271209592075585e-06
91,"(1.0, 1.0, 7.0, 9.0, 9.0)",1852500.000000001,11,-11.920836663302952,12.0,14.0,6.650379326775467e-06,6.477732793522264e-06,7.55731296475383e-06
92,"(1.0, 1.0, 7.0, 9.0, 11.0)",3705000.000000002,7,-11.576411031216484,11.0,25.0,9.384876651027558e-06,2.9689608636977043e-06,6.747629511857082e-06
93,"(1.0, 1.0, 7.0, 9.0, 12.0)",3408600.000000002,9,-11.66212250829472,10.0,12.0,8.613993651808528e-06,2.933755794167692e-06,3.5204983460781707e-06
94,"(1.0, 1.0, 7.0, 9.0, 13.0)",3408600.000000002,5,-11.547236134982528,5.0,5.0,9.662712664961807e-06,1.466877897083846e-06,1.466875745353081e-06
95,"(1.0, 1.0, 7.0, 9.0, 14.0)",3408600.000000002,151,-11.470602505631843,171.0,213.0,1.0432313456558542e-05,5.0167224080267534e-05,6.248648166539992e-05
96,"(1.0, 1.0, 7.0, 11.0, 14.0)",3408600.000000002,6,-11.126176873545374,7.0,9.0,1.4721863244773464e-05,2.0536290559173843e-06,2.6403759973586234e-06
97,"(1.0, 1.0, 7.0, 13.0, 14.0)",2884200.0000000014,1,-11.097001977311418,1.0,1.0,1.515769889330755e-05,3.467165938561818e-07,3.4671647364378537e-07
98,"(1.0, 1.0, 8.0, 8.0, 9.0)",1482000.0000000002,14,-11.137183778106358,16.0,20.0,1.4560709629313807e-05,1.079622132253711e-05,1.3495160094776542e-05
99,"(1.0, 1.0, 8.0, 8.0, 11.0)",1482000.0000000002,1,-10.792758146019889,1.0,1.0,2.054776985011417e-05,6.747638326585694e-07,6.747633773523395e-07
100,"(1.0, 1.0, 8.0, 8.0, 14.0)",1420250.0000000002,14,-10.686949620435248,16.0,20.0,2.2841086130433417e-05,1.1265622249603941e-05,1.4081900897760256e-05
101,"(1.0, 1.0, 8.0, 9.0, 9.0)",1482000.0000000002,13,-11.782043897240854,14.0,16.0,7.64052761786152e-06,9.446693657219972e-06,1.0796132082516056e-05
102,"(1.0, 1.0, 8.0, 9.0, 11.0)",2964000.0000000005,10,-11.437618265154384,11.0,13.0,1.0782153275633875e-05,3.7112010796221317e-06,4.385951139267248e-06
103,"(1.0, 1.0, 8.0, 9.0, 12.0)",2840500.0000000005,23,-11.52332974223262,31.0,47.0,9.896496600087705e-06,1.0913571554303818e-05,1.6546263573061716e-05
104,"(1.0, 1.0, 8.0, 9.0, 13.0)",2840500.0000000005,27,-11.408443368920429,30.0,38.0,1.1101355178772606e-05,1.0561520859003695e-05,1.3377814875681825e-05
105,"(1.0, 1.0, 8.0, 9.0, 14.0)",2840500.0000000005,349,-11.331809739569744,408.0,542.0,1.1985538743948883e-05,0.00014363668368245024,0.00019079084535576744
106,"(1.0, 1.0, 8.0, 11.0, 13.0)",2840500.0000000005,1,-11.06401773683396,1.0,1.0,1.5666000974194418e-05,3.5205069530012316e-07,3.520505713604311e-07
107,"(1.0, 1.0, 8.0, 11.0, 14.0)",2840500.0000000005,21,-10.987384107483274,28.0,46.0,1.691374238687392e-05,9.857419468403448e-06,1.6194234815087087e-05
108,"(1.0, 1.0, 8.0, 12.0, 14.0)",2499640.000000001,3,-11.07309558456151,3.0,3.0,1.5524430950608656e-05,1.2001728248867832e-06,1.2001713844719737e-06
109,"(1.0, 1.0, 8.0, 13.0, 14.0)",2499640.000000001,8,-10.95820921124932,11.0,17.0,1.7414467856181493e-05,4.4006336912515385e-06,6.800959975448221e-06
110,"(1.0, 1.0, 8.0, 14.0, 14.0)",1249820.0000000005,4,-10.881575581898632,4.0,4.0,1.8801468454466057e-05,3.2004608663647555e-06,3.2004506234149985e-06
111,"(1.0, 1.0, 9.0, 9.0, 9.0)",494000.00000000006,6,-12.42690401637535,7.0,9.0,4.0092594224788305e-06,1.4170040485829958e-05,1.8218422691734005e-05
112,"(1.0, 1.0, 9.0, 9.0, 11.0)",1482000.0000000002,12,-12.08247838428888,13.0,15.0,5.6577833072534805e-06,8.771929824561403e-06,1.0121380543125694e-05
113,"(1.0, 1.0, 9.0, 9.0, 12.0)",1420250.0000000002,9,-12.168189861367116,10.0,12.0,5.193047421316249e-06,7.0410139060024634e-06,8.449167111326132e-06
114,"(1.0, 1.0, 9.0, 9.0, 13.0)",1420250.0000000002,5,-12.053303488054924,5.0,5.0,5.825280017145659e-06,3.5205069530012317e-06,3.5204945590320257e-06
115,"(1.0, 1.0, 9.0, 9.0, 14.0)",1420250.0000000002,100,-11.97666985870424,120.0,164.0,6.289242909131919e-06,8.449216687202956e-05,0.00011546548913217767
116,"(1.0, 1.0, 9.0, 11.0, 11.0)",1482000.0000000002,9,-11.738052752202412,9.0,9.0,7.984145843085586e-06,6.072874493927125e-06,6.0728376141225055e-06
117,"(1.0, 1.0, 9.0, 11.0, 12.0)",2840500.0000000005,8,-11.823764229280648,8.0,8.0,7.328320250210472e-06,2.8164055624009853e-06,2.8163976302606934e-06
118,"(1.0, 1.0, 9.0, 11.0, 13.0)",2840500.0000000005,7,-11.708877855968456,9.0,13.0,8.220513707917322e-06,3.1684562577011085e-06,4.576648999786544e-06
119,"(1.0, 1.0, 9.0, 11.0, 14.0)",2840500.0000000005,121,-11.63224422661777,145.0,203.0,8.875248467845129e-06,5.104735081851786e-05,7.146368531389942e-05
120,"(1.0, 1.0, 9.0, 12.0, 12.0)",1249820.0000000005,7,-11.909475706358885,7.0,7.0,6.726364816613882e-06,5.6008065161383215e-06,5.60077514710469e-06
121,"(1.0, 1.0, 9.0, 12.0, 13.0)",2499640.000000001,9,-11.79458933304669,11.0,15.0,7.545272626130012e-06,4.4006336912515385e-06,6.000844758857032e-06
122,"(1.0, 1.0, 9.0, 12.0, 14.0)",2499640.000000001,70,-11.717955703696006,84.0,114.0,8.14622682887053e-06,3.3604839096829934e-05,4.5605438060487036e-05
123,"(1.0, 1.0, 9.0, 13.0, 13.0)",1249820.0000000005,3,-11.6797029597345,3.0,3.0,8.46387916129806e-06,2.4003456497735664e-06,2.400339888114328e-06
124,"(1.0, 1.0, 9.0, 13.0, 14.0)",2499640.000000001,96,-11.603069330383814,108.0,134.0,9.13799711640751e-06,4.32062216959242e-05,5.3605852734016414e-05
125,"(1.0, 1.0, 9.0, 14.0, 14.0)",1249820.0000000005,74,-11.526435701033128,85.0,107.0,9.865806175647904e-06,6.800979341025105e-05,8.56077028432575e-05
126,"(1.0, 1.0, 11.0, 11.0, 12.0)",1420250.0000000002,1,-11.47933859719418,1.0,1.0,1.0341572747670534e-05,7.041013906002463e-07,7.041008948414781e-07
127,"(1.0, 1.0, 11.0, 11.0, 14.0)",1420250.0000000002,1,-11.2878185945313,1.0,1.0,1.252456559622049e-05,7.041013906002463e-07,7.041008948414781e-07
128,"(1.0, 1.0, 11.0, 12.0, 12.0)",1249820.0000000005,1,-11.565050074272412,1.0,1.0,9.492105790052853e-06,8.001152165911889e-07,8.001145764068291e-07
129,"(1.0, 1.0, 11.0, 12.0, 14.0)",2499640.000000001,3,-11.373530071609537,3.0,3.0,1.149578545879878e-05,1.2001728248867832e-06,1.2001713844719737e-06
130,"(1.0, 1.0, 11.0, 13.0, 14.0)",2499640.000000001,2,-11.258643698297345,2.0,2.0,1.2895351010979344e-05,8.001152165911889e-07,8.001145764068291e-07
131,"(1.0, 1.0, 11.0, 14.0, 14.0)",1249820.0000000005,1,-11.18201006894666,1.0,1.0,1.3922419981161405e-05,8.001152165911889e-07,8.001145764068291e-07
132,"(1.0, 2.0, 2.0, 2.0, 9.0)",503880.0000000002,2,-11.77938143455207,4.0,10.0,7.660897342349499e-06,7.938398031277286e-06,1.9845932060029913e-05
133,"(1.0, 2.0, 2.0, 3.0, 7.0)",1744200.0000000007,1,-11.0748273007824,1.0,1.0,1.549757030593101e-05,5.733287467033595e-07,5.733284179975078e-07
134,"(1.0, 2.0, 2.0, 3.0, 9.0)",1511640.0000000005,5,-11.580894653854797,6.0,8.0,9.34289259627971e-06,3.969199015638643e-06,5.292249599644031e-06
135,"(1.0, 2.0, 2.0, 4.0, 6.0)",2975400.0000000014,1,-11.515609172640486,1.0,1.0,9.973198902538599e-06,3.360892653088659e-07,3.3608915235287163e-07
136,"(1.0, 2.0, 2.0, 4.0, 9.0)",2667600.000000002,6,-11.817696059689684,6.0,6.0,7.37292493783825e-06,2.2492127755285632e-06,2.2492077165704534e-06
137,"(1.0, 2.0, 2.0, 6.0, 8.0)",2667600.000000002,1,-11.137308952072278,1.0,1.0,1.455888712161054e-05,3.7486879592142726e-07,3.748686553948131e-07
138,"(1.0, 2.0, 2.0, 6.0, 9.0)",2667600.000000002,4,-11.782169071206772,4.0,4.0,7.639571282573276e-06,1.499475183685709e-06,1.4994729352598826e-06
139,"(1.0, 2.0, 2.0, 7.0, 9.0)",2667600.000000002,9,-11.578188605183575,11.0,17.0,9.368209156848988e-06,4.1235567551356995e-06,6.372752526943951e-06
140,"(1.0, 2.0, 2.0, 7.0, 13.0)",2359800.000000001,1,-11.204588076863152,2.0,4.0,1.3611601507216122e-05,8.475294516484444e-07,1.6950581849907175e-06
141,"(1.0, 2.0, 2.0, 8.0, 9.0)",2223000.0000000005,10,-11.439395839121476,10.0,10.0,1.0763004225130969e-05,4.498425551057129e-06,4.498405315224691e-06
142,"(1.0, 2.0, 2.0, 8.0, 14.0)",2045160.0000000007,4,-10.989161681450367,5.0,7.0,1.688370366465582e-05,2.444796495139744e-06,3.4227091161657384e-06
143,"(1.0, 2.0, 2.0, 9.0, 9.0)",1111500.0000000002,3,-12.084255958255971,4.0,6.0,5.647735112285789e-06,3.5987404408457032e-06,5.398097710335794e-06
144,"(1.0, 2.0, 2.0, 9.0, 11.0)",2223000.0000000005,3,-11.739830326169503,3.0,3.0,7.969966039843749e-06,1.3495276653171387e-06,1.3495258440922193e-06
145,"(1.0, 2.0, 2.0, 9.0, 12.0)",2045160.0000000007,3,-11.825541803247738,3.0,3.0,7.315305189954397e-06,1.4668778970838462e-06,1.4668757453530811e-06
146,"(1.0, 2.0, 2.0, 9.0, 13.0)",2045160.0000000007,7,-11.710655429935548,11.0,25.0,8.205914116525083e-06,5.378552289307436e-06,1.222395354687399e-05
147,"(1.0, 2.0, 2.0, 9.0, 14.0)",2045160.0000000007,66,-11.63402180058486,75.0,93.0,8.859486070781037e-06,3.6671947427096156e-05,4.547186997787114e-05
148,"(1.0, 2.0, 2.0, 11.0, 11.0)",1111500.0000000002,1,-11.395404694083034,2.0,4.0,1.1247049908216107e-05,1.7993702204228516e-06,3.598737203112513e-06
149,"(1.0, 2.0, 2.0, 11.0, 14.0)",2045160.0000000007,3,-11.289596168498392,3.0,3.0,1.2502322030116586e-05,1.4668778970838462e-06,1.4668757453530811e-06
150,"(1.0, 2.0, 3.0, 3.0, 9.0)",1511640.0000000005,1,-11.382407873157522,1.0,1.0,1.1394179841450242e-05,6.615331692731071e-07,6.615327316469731e-07
151,"(1.0, 2.0, 3.0, 4.0, 6.0)",5950800.000000003,1,-11.317122391943212,1.0,1.0,1.216287361960346e-05,1.6804463265443294e-07,1.6804460441543436e-07
152,"(1.0, 2.0, 3.0, 4.0, 7.0)",5950800.000000003,1,-11.113141925920017,1.0,1.0,1.4915018107977585e-05,1.6804463265443294e-07,1.6804460441543436e-07
153,"(1.0, 2.0, 3.0, 4.0, 8.0)",5335200.000000004,1,-10.974349159857915,1.0,1.0,1.713565530256186e-05,1.8743439796071363e-07,1.874343628290601e-07
154,"(1.0, 2.0, 3.0, 4.0, 9.0)",5335200.000000004,16,-11.619209278992413,21.0,33.0,8.991694149699822e-06,3.936122357174986e-06,6.185319639644339e-06
155,"(1.0, 2.0, 3.0, 4.0, 11.0)",5335200.000000004,1,-11.27478364690594,1.0,1.0,1.2688891314657558e-05,1.8743439796071363e-07,1.874343628290601e-07
156,"(1.0, 2.0, 3.0, 4.0, 12.0)",4719600.000000002,1,-11.360495123984176,1.0,1.0,1.1646613301090218e-05,2.118823629121111e-07,2.118823180179754e-07
157,"(1.0, 2.0, 3.0, 4.0, 14.0)",4719600.000000002,2,-11.1689751213213,2.0,2.0,1.4105085930587811e-05,4.237647258242222e-07,4.2376454624767937e-07
158,"(1.0, 2.0, 3.0, 6.0, 8.0)",5335200.000000004,1,-10.938822171375003,1.0,1.0,1.775537676854591e-05,1.8743439796071363e-07,1.874343628290601e-07
159,"(1.0, 2.0, 3.0, 6.0, 9.0)",5335200.000000004,17,-11.5836822905095,19.0,23.0,9.316884274135805e-06,3.5612535612535586e-06,4.310978470569486e-06
160,"(1.0, 2.0, 3.0, 7.0, 8.0)",5335200.000000004,1,-10.734841705351808,1.0,1.0,2.1772960428529107e-05,1.8743439796071363e-07,1.874343628290601e-07
161,"(1.0, 2.0, 3.0, 7.0, 9.0)",5335200.000000004,15,-11.379701824486304,20.0,30.0,1.1425054802402677e-05,3.7486879592142725e-06,5.623017886159993e-06
162,"(1.0, 2.0, 3.0, 7.0, 12.0)",4719600.000000002,1,-11.120987669478067,1.0,1.0,1.4798456554684954e-05,2.118823629121111e-07,2.118823180179754e-07
163,"(1.0, 2.0, 3.0, 7.0, 14.0)",4719600.000000002,3,-10.929467666815192,3.0,3.0,1.7922248807244436e-05,6.356470887363333e-07,6.356466846891119e-07
164,"(1.0, 2.0, 3.0, 8.0, 9.0)",4446000.000000001,16,-11.240909058424204,17.0,19.0,1.3126085365068144e-05,3.82366171839856e-06,4.2734896531153365e-06
165,"(1.0, 2.0, 3.0, 8.0, 11.0)",4446000.000000001,2,-10.896483426337737,4.0,8.0,1.8523257999142045e-05,8.996851102114258e-07,1.7993694109895542e-06
166,"(1.0, 2.0, 3.0, 8.0, 13.0)",4090320.0000000014,1,-10.86730853010378,1.0,1.0,1.9071632619174352e-05,2.444796495139744e-07,2.4447958974367536e-07
167,"(1.0, 2.0, 3.0, 8.0, 14.0)",4090320.0000000014,7,-10.790674900753093,8.0,10.0,2.0590620513120742e-05,1.955837196111795e-06,2.4447926698406064e-06
168,"(1.0, 2.0, 3.0, 9.0, 9.0)",2223000.0000000005,13,-11.8857691775587,19.0,35.0,6.887728709616289e-06,8.547008547008546e-06,1.5744416377344848e-05
169,"(1.0, 2.0, 3.0, 9.0, 11.0)",4446000.000000001,15,-11.54134354547223,18.0,26.0,9.719819151553881e-06,4.048582995951416e-06,5.847936825349993e-06
170,"(1.0, 2.0, 3.0, 9.0, 12.0)",4090320.0000000014,11,-11.627055022550463,13.0,17.0,8.921423645887247e-06,3.178235443681667e-06,4.156143940557029e-06
171,"(1.0, 2.0, 3.0, 9.0, 13.0)",4090320.0000000014,8,-11.512168649238276,9.0,11.0,1.0007571021892386e-05,2.2003168456257692e-06,2.689271303259497e-06
172,"(1.0, 2.0, 3.0, 9.0, 14.0)",4090320.0000000014,151,-11.435535019887588,173.0,221.0,1.080463855845871e-05,4.2294979365917566e-05,5.402821367730877e-05
173,"(1.0, 2.0, 3.0, 11.0, 11.0)",2223000.0000000005,3,-11.19691791338576,3.0,3.0,1.371640613646886e-05,1.3495276653171387e-06,1.3495258440922193e-06
174,"(1.0, 2.0, 3.0, 11.0, 13.0)",4090320.0000000014,1,-11.167743017151803,3.0,9.0,1.41224755765017e-05,7.334389485419231e-07,2.200316307693078e-06
175,"(1.0, 2.0, 3.0, 11.0, 14.0)",4090320.0000000014,2,-11.09110938780112,2.0,2.0,1.5247280665903992e-05,4.889592990279488e-07,4.889590599467527e-07
176,"(1.0, 2.0, 4.0, 4.0, 7.0)",4628400.000000001,1,-11.349943331754904,2.0,4.0,1.1770156600152438e-05,4.321147696828277e-07,8.642293526424811e-07
177,"(1.0, 2.0, 4.0, 4.0, 9.0)",4297800.000000003,11,-11.8560106848273,14.0,20.0,7.0957773887002045e-06,3.257480571455161e-06,4.6535330623276995e-06
178,"(1.0, 2.0, 4.0, 4.0, 14.0)",3801900.0000000014,1,-11.405776527156188,1.0,1.0,1.1131000248187876e-05,2.6302638154606895e-07,2.630263123631916e-07
179,"(1.0, 2.0, 4.0, 6.0, 8.0)",8595600.000000006,1,-11.175623577209894,1.0,1.0,1.4011619935527555e-05,1.1633859183768432e-07,1.1633857830301636e-07
180,"(1.0, 2.0, 4.0, 6.0, 9.0)",8595600.000000006,10,-11.82048369634439,10.0,10.0,7.352400522626348e-06,1.1633859183768432e-06,1.163384564910048e-06
181,"(1.0, 2.0, 4.0, 6.0, 11.0)",8595600.000000006,3,-11.47605806425792,3.0,3.0,1.037555432605004e-05,3.4901577551305295e-07,3.490156537010414e-07
182,"(1.0, 2.0, 4.0, 7.0, 7.0)",4628400.000000001,1,-11.110435877248795,2.0,4.0,1.4955433531298714e-05,4.321147696828277e-07,8.642293526424811e-07
183,"(1.0, 2.0, 4.0, 7.0, 9.0)",8595600.000000006,26,-11.616503230321191,35.0,59.0,9.016059063158417e-06,4.071850714318952e-06,6.863960338455135e-06
184,"(1.0, 2.0, 4.0, 7.0, 11.0)",8595600.000000006,2,-11.272077598234722,2.0,2.0,1.2723274572541954e-05,2.3267718367536863e-07,2.3267712953669684e-07
185,"(1.0, 2.0, 4.0, 7.0, 12.0)",7603800.000000003,1,-11.357789075312958,1.0,1.0,1.1678172284352107e-05,1.3151319077303448e-07,1.3151317347731512e-07
186,"(1.0, 2.0, 4.0, 7.0, 14.0)",7603800.000000003,1,-11.16626907265008,1.0,1.0,1.4143306669894882e-05,1.3151319077303448e-07,1.3151317347731512e-07
187,"(1.0, 2.0, 4.0, 8.0, 9.0)",7410000.000000004,18,-11.477710464259092,19.0,21.0,1.0358423917111166e-05,2.5641025641025627e-06,2.834001522544031e-06
188,"(1.0, 2.0, 4.0, 8.0, 11.0)",7410000.000000004,2,-11.133284832172622,2.0,2.0,1.4617591867241216e-05,2.699055330634277e-07,2.699054602144309e-07
189,"(1.0, 2.0, 4.0, 8.0, 12.0)",6817200.000000004,1,-11.218996309250858,1.0,1.0,1.3416888493186234e-05,1.4668778970838458e-07,1.4668776819107692e-07
190,"(1.0, 2.0, 4.0, 8.0, 14.0)",6817200.000000004,13,-11.027476306587982,14.0,16.0,1.6249046845213933e-05,2.0536290559173843e-06,2.347000417941854e-06
191,"(1.0, 2.0, 4.0, 9.0, 9.0)",3705000.000000002,19,-12.122570583393587,24.0,36.0,5.435437285066919e-06,6.477732793522264e-06,9.716557229261251e-06
192,"(1.0, 2.0, 4.0, 9.0, 11.0)",7410000.000000004,20,-11.778144951307118,26.0,40.0,7.670375772306903e-06,3.50877192982456e-06,5.398098349788098e-06
193,"(1.0, 2.0, 4.0, 9.0, 12.0)",6817200.000000004,17,-11.863856428385354,20.0,26.0,7.040323561674437e-06,2.933755794167692e-06,3.8138739254949398e-06
194,"(1.0, 2.0, 4.0, 9.0, 13.0)",6817200.000000004,18,-11.748970055073162,21.0,27.0,7.89745458316397e-06,3.0804435838760764e-06,3.96056083299371e-06
195,"(1.0, 2.0, 4.0, 9.0, 14.0)",6817200.000000004,256,-11.672336425722476,311.0,445.0,8.526458829646594e-06,4.561990259930761e-05,6.527398524471797e-05
196,"(1.0, 2.0, 4.0, 11.0, 11.0)",3705000.000000002,2,-11.43371931922065,3.0,5.0,1.0824274368877807e-05,8.09716599190283e-07,1.3495270096761673e-06
197,"(1.0, 2.0, 4.0, 11.0, 12.0)",6817200.000000004,3,-11.519430796298884,3.0,3.0,9.935157825301667e-06,4.400633691251538e-07,4.4006317546938496e-07
198,"(1.0, 2.0, 4.0, 11.0, 13.0)",6817200.000000004,1,-11.404544422986694,1.0,1.0,1.1144723252353583e-05,1.4668778970838458e-07,1.4668776819107692e-07
199,"(1.0, 2.0, 4.0, 11.0, 14.0)",6817200.000000004,9,-11.327910793636008,11.0,17.0,1.2032360930770668e-05,1.6135656867922305e-06,2.4936898214483127e-06
200,"(1.0, 2.0, 4.0, 13.0, 14.0)",5768400.000000003,1,-11.298735897402052,1.0,1.0,1.2388574797349031e-05,1.733582969280909e-07,1.7335826687499178e-07
201,"(1.0, 2.0, 6.0, 6.0, 8.0)",4297800.000000003,1,-11.140096588726982,1.0,1.0,1.4518358749651477e-05,2.3267718367536863e-07,2.3267712953669684e-07
202,"(1.0, 2.0, 6.0, 6.0, 9.0)",4297800.000000003,8,-11.784956707861475,10.0,14.0,7.618304589318384e-06,2.3267718367536863e-06,3.2574751575879803e-06
203,"(1.0, 2.0, 6.0, 6.0, 13.0)",3801900.0000000014,1,-11.411356179541052,1.0,1.0,1.1069066082345708e-05,2.6302638154606895e-07,2.630263123631916e-07
204,"(1.0, 2.0, 6.0, 7.0, 7.0)",4628400.000000001,1,-11.074908888765885,1.0,1.0,1.5496305942000004e-05,2.1605738484141384e-07,2.1605733816062029e-07
205,"(1.0, 2.0, 6.0, 7.0, 9.0)",8595600.000000006,24,-11.58097624183828,29.0,39.0,9.342130359607972e-06,3.3738191632928455e-06,4.537193699013942e-06
206,"(1.0, 2.0, 6.0, 7.0, 11.0)",8595600.000000006,2,-11.236550609751813,2.0,2.0,1.3183419587774238e-05,2.3267718367536863e-07,2.3267712953669684e-07
207,"(1.0, 2.0, 6.0, 7.0, 13.0)",7603800.000000003,1,-11.207375713517855,1.0,1.0,1.3573710146136459e-05,1.3151319077303448e-07,1.3151317347731512e-07
208,"(1.0, 2.0, 6.0, 8.0, 9.0)",7410000.000000004,32,-11.44218347577618,36.0,44.0,1.0733042660418677e-05,4.858299595141698e-06,5.937898124320453e-06
209,"(1.0, 2.0, 6.0, 8.0, 11.0)",7410000.000000004,1,-11.097757843689712,2.0,4.0,1.514624602730526e-05,2.699055330634277e-07,5.398109932778586e-07
210,"(1.0, 2.0, 6.0, 8.0, 12.0)",6817200.000000004,1,-11.183469320767948,1.0,1.0,1.3902118480550557e-05,1.4668778970838458e-07,1.4668776819107692e-07
211,"(1.0, 2.0, 6.0, 8.0, 14.0)",6817200.000000004,10,-10.991949318105071,14.0,22.0,1.6836703573477693e-05,2.0536290559173843e-06,3.2271271561921615e-06
212,"(1.0, 2.0, 6.0, 9.0, 9.0)",3705000.000000002,14,-12.087043594910677,16.0,20.0,5.6320132025378006e-06,4.318488529014843e-06,5.3980920119253775e-06
213,"(1.0, 2.0, 6.0, 9.0, 11.0)",7410000.000000004,30,-11.742617962824209,33.0,41.0,7.947779608596225e-06,4.4534412955465565e-06,5.533043594660895e-06
214,"(1.0, 2.0, 6.0, 9.0, 12.0)",6817200.000000004,16,-11.828329439902443,18.0,24.0,7.294941173992445e-06,2.640380214750923e-06,3.520499981393552e-06
215,"(1.0, 2.0, 6.0, 9.0, 13.0)",6817200.000000004,14,-11.713443066590251,17.0,23.0,8.183070863685724e-06,2.4936924250425383e-06,3.373812944790935e-06
216,"(1.0, 2.0, 6.0, 9.0, 14.0)",6817200.000000004,254,-11.636809437239563,314.0,456.0,8.834823433874553e-06,4.6059965968432766e-05,6.688751058655836e-05
217,"(1.0, 2.0, 6.0, 11.0, 11.0)",3705000.000000002,2,-11.398192330737738,2.0,2.0,1.1215740879008391e-05,5.398110661268554e-07,5.398107747308682e-07
218,"(1.0, 2.0, 6.0, 11.0, 12.0)",6817200.000000004,2,-11.483903807815974,2.0,2.0,1.0294468891237852e-05,2.9337557941676917e-07,2.933754933475386e-07
219,"(1.0, 2.0, 6.0, 11.0, 13.0)",6817200.000000004,2,-11.369017434503782,4.0,8.0,1.1547778992562277e-05,5.867511588335383e-07,1.1735019733901543e-06
220,"(1.0, 2.0, 6.0, 11.0, 14.0)",6817200.000000004,2,-11.292383805153095,2.0,2.0,1.2467518631109775e-05,2.9337557941676917e-07,2.933754933475386e-07
221,"(1.0, 2.0, 6.0, 13.0, 14.0)",5768400.000000003,2,-11.26320890891914,2.0,2.0,1.2836615190278643e-05,3.467165938561818e-07,3.4671647364378537e-07
222,"(1.0, 2.0, 7.0, 7.0, 9.0)",4297800.000000003,17,-11.376995775815082,19.0,23.0,1.145601342564828e-05,4.420866489832004e-06,5.351555680472958e-06
223,"(1.0, 2.0, 7.0, 7.0, 11.0)",4297800.000000003,2,-11.032570143728616,2.0,2.0,1.616648729785372e-05,4.6535436735073727e-07,4.653541507960501e-07
224,"(1.0, 2.0, 7.0, 7.0, 13.0)",3801900.0000000014,1,-11.00339524749466,1.0,1.0,1.664509053976874e-05,2.6302638154606895e-07,2.630263123631916e-07
225,"(1.0, 2.0, 7.0, 7.0, 14.0)",3801900.0000000014,1,-10.926761618143972,2.0,4.0,1.797081296366497e-05,5.260527630921379e-07,1.0521052494527664e-06
226,"(1.0, 2.0, 7.0, 8.0, 9.0)",7410000.000000004,43,-11.238203009752985,45.0,49.0,1.31616532934969e-05,6.072874493927122e-06,6.6126486802493584e-06
227,"(1.0, 2.0, 7.0, 8.0, 11.0)",7410000.000000004,2,-10.893777377666517,2.0,2.0,1.8573450718178766e-05,2.699055330634277e-07,2.699054602144309e-07
228,"(1.0, 2.0, 7.0, 8.0, 12.0)",6817200.000000004,2,-10.979488854744751,2.0,2.0,1.7047809207066468e-05,2.9337557941676917e-07,2.933754933475386e-07
229,"(1.0, 2.0, 7.0, 8.0, 13.0)",6817200.000000004,1,-10.86460248143256,1.0,1.0,1.9123311276226518e-05,1.4668778970838458e-07,1.4668776819107692e-07
230,"(1.0, 2.0, 7.0, 8.0, 14.0)",6817200.000000004,12,-10.787968852081873,14.0,20.0,2.064641519191076e-05,2.0536290559173843e-06,2.9337515767753925e-06
231,"(1.0, 2.0, 7.0, 9.0, 9.0)",3705000.000000002,17,-11.883063128887478,20.0,26.0,6.906392479884952e-06,5.398110661268553e-06,7.017514720050408e-06
232,"(1.0, 2.0, 7.0, 9.0, 11.0)",7410000.000000004,24,-11.53863749680101,27.0,33.0,9.746157075032802e-06,3.6437246963562737e-06,4.453428018816894e-06
233,"(1.0, 2.0, 7.0, 9.0, 12.0)",6817200.000000004,23,-11.624348973879249,27.0,37.0,8.94559814642519e-06,3.960570322126384e-06,5.4274325330929535e-06
234,"(1.0, 2.0, 7.0, 9.0, 13.0)",6817200.000000004,11,-11.509462600567057,12.0,14.0,1.0034688670448873e-05,1.7602534765006152e-06,2.053625957425083e-06
235,"(1.0, 2.0, 7.0, 9.0, 14.0)",6817200.000000004,305,-11.432828971216368,361.0,487.0,1.0833916031540558e-05,5.2954292084726836e-05,7.14341494309331e-05
236,"(1.0, 2.0, 7.0, 11.0, 14.0)",6817200.000000004,10,-11.0884033391299,12.0,16.0,1.5288596425505958e-05,1.7602534765006152e-06,2.347001536841852e-06
237,"(1.0, 2.0, 7.0, 14.0, 14.0)",2884200.0000000014,2,-10.982594813545258,2.0,2.0,1.6994941558900044e-05,6.934331877123636e-07,6.934327068627778e-07
238,"(1.0, 2.0, 8.0, 8.0, 8.0)",988000.0,2,-10.454550124556388,2.0,2.0,2.8816854262241258e-05,2.0242914979757085e-06,2.0242874002196397e-06
239,"(1.0, 2.0, 8.0, 8.0, 9.0)",2964000.0000000005,29,-11.099410243690883,35.0,53.0,1.5121239036817527e-05,1.1808367071524965e-05,1.7881102127919193e-05
240,"(1.0, 2.0, 8.0, 8.0, 11.0)",2964000.0000000005,2,-10.754984611604415,2.0,2.0,2.1338777263408043e-05,6.747638326585694e-07,6.747633773523395e-07
241,"(1.0, 2.0, 8.0, 8.0, 13.0)",2840500.0000000005,2,-10.72580971537046,2.0,2.0,2.1970504353443583e-05,7.041013906002463e-07,7.041008948414781e-07
242,"(1.0, 2.0, 8.0, 8.0, 14.0)",2840500.0000000005,16,-10.649176086019772,18.0,22.0,2.3720377099168792e-05,6.336912515402217e-06,7.745075140142482e-06
243,"(1.0, 2.0, 8.0, 9.0, 9.0)",2964000.0000000005,18,-11.74427036282538,20.0,24.0,7.934657541998834e-06,6.7476383265856935e-06,8.097120461279846e-06
244,"(1.0, 2.0, 8.0, 9.0, 11.0)",5928000.000000001,27,-11.399844730738913,28.0,30.0,1.1197223292210368e-05,4.723346828609986e-06,5.060706434934007e-06
245,"(1.0, 2.0, 8.0, 9.0, 12.0)",5681000.000000001,38,-11.485556207817147,44.0,56.0,1.0277472357233609e-05,7.745115296602709e-06,9.85735948159249e-06
246,"(1.0, 2.0, 8.0, 9.0, 13.0)",5681000.000000001,41,-11.370669834504955,52.0,88.0,1.1528713199038181e-05,9.153318077803202e-06,1.5490146809973584e-05
247,"(1.0, 2.0, 8.0, 9.0, 14.0)",5681000.000000001,772,-11.294036205154269,906.0,1210.0,1.2446934314754943e-05,0.0001594789649709558,0.00021296523711630632
248,"(1.0, 2.0, 8.0, 11.0, 12.0)",5681000.000000001,1,-11.141130575730678,1.0,1.0,1.4503354713715191e-05,1.7602534765006158e-07,1.7602531666513858e-07
249,"(1.0, 2.0, 8.0, 11.0, 13.0)",5681000.000000001,4,-11.026244202418486,4.0,4.0,1.6269079702331357e-05,7.041013906002463e-07,7.041008948414781e-07
250,"(1.0, 2.0, 8.0, 11.0, 14.0)",5681000.000000001,31,-10.9496105730678,35.0,43.0,1.7564854196678736e-05,6.160887167752155e-06,7.569051992421954e-06
251,"(1.0, 2.0, 8.0, 12.0, 13.0)",4999280.000000002,1,-11.111955679496722,1.0,1.0,1.4932721493074187e-05,2.0002880414779722e-07,2.0002876413627473e-07
252,"(1.0, 2.0, 8.0, 12.0, 14.0)",4999280.000000002,5,-11.035322050146036,6.0,8.0,1.612205979591289e-05,1.2001728248867832e-06,1.6002289927675682e-06
253,"(1.0, 2.0, 8.0, 13.0, 14.0)",4999280.000000002,11,-10.920435676833844,12.0,14.0,1.8084855604987835e-05,2.4003456497735664e-06,2.800397496409922e-06
254,"(1.0, 2.0, 8.0, 14.0, 14.0)",2499640.000000001,6,-10.84380204748316,7.0,9.0,1.9525250209701662e-05,2.8004032580691607e-06,3.600510632401942e-06
255,"(1.0, 2.0, 9.0, 9.0, 9.0)",988000.0,3,-12.389130481959874,6.0,14.0,4.163599963964972e-06,6.0728744939271254e-06,1.4170003606025341e-05
256,"(1.0, 2.0, 9.0, 9.0, 11.0)",2964000.0000000005,17,-12.044704849873408,21.0,29.0,5.875585461525846e-06,7.085020242914979e-06,9.784025376037414e-06
257,"(1.0, 2.0, 9.0, 9.0, 12.0)",2840500.0000000005,21,-12.130416326951645,22.0,24.0,5.392959092403259e-06,7.745115296602709e-06,8.449156700391998e-06
258,"(1.0, 2.0, 9.0, 9.0, 13.0)",2840500.0000000005,13,-12.01552995363945,14.0,16.0,6.0495301285537e-06,4.928709734201724e-06,5.632786832622326e-06
259,"(1.0, 2.0, 9.0, 9.0, 14.0)",2840500.0000000005,200,-11.938896324288764,223.0,269.0,6.5313537465326935e-06,7.850730505192747e-05,9.469547363878661e-05
260,"(1.0, 2.0, 9.0, 11.0, 11.0)",2964000.0000000005,14,-11.700279217786935,19.0,29.0,8.291503702199707e-06,6.410256410256409e-06,9.78403448216201e-06
261,"(1.0, 2.0, 9.0, 11.0, 12.0)",5681000.000000001,17,-11.785990694865172,23.0,37.0,7.610431432455219e-06,4.048582995951416e-06,6.512921472028004e-06
262,"(1.0, 2.0, 9.0, 11.0, 13.0)",5681000.000000001,23,-11.67110432155298,29.0,43.0,8.536970789706714e-06,5.104735081851786e-06,7.5690638906323924e-06
263,"(1.0, 2.0, 9.0, 11.0, 14.0)",5681000.000000001,248,-11.594470692202297,293.0,399.0,9.216910233774028e-06,5.157542686146804e-05,7.023145368771862e-05
264,"(1.0, 2.0, 9.0, 12.0, 12.0)",2499640.000000001,9,-11.871702171943408,9.0,9.0,6.985303108860309e-06,3.60051847466035e-06,3.6005055109270635e-06
265,"(1.0, 2.0, 9.0, 12.0, 13.0)",4999280.000000002,12,-11.756815798631218,16.0,24.0,7.835735611949323e-06,3.2004608663647555e-06,4.8006810565973754e-06
266,"(1.0, 2.0, 9.0, 12.0, 14.0)",4999280.000000002,152,-11.680182169280531,174.0,220.0,8.459824161282473e-06,3.4805011921716716e-05,4.400512552366052e-05
267,"(1.0, 2.0, 9.0, 13.0, 13.0)",2499640.000000001,6,-11.641929425319026,6.0,6.0,8.78970484508989e-06,2.4003456497735664e-06,2.400339888114328e-06
268,"(1.0, 2.0, 9.0, 13.0, 14.0)",4999280.000000002,173,-11.56529579596834,203.0,269.0,9.489773660259377e-06,4.0605847242002834e-05,5.380609948092721e-05
269,"(1.0, 2.0, 9.0, 14.0, 14.0)",2499640.000000001,180,-11.488662166617654,213.0,301.0,1.0245600473519828e-05,8.521227056696161e-05,0.00012041007896591875
270,"(1.0, 2.0, 11.0, 11.0, 12.0)",2840500.0000000005,2,-11.441565062778704,4.0,10.0,1.0739682166269099e-05,1.4082027812004926e-06,3.520504969966159e-06
271,"(1.0, 2.0, 11.0, 11.0, 14.0)",2840500.0000000005,5,-11.250045060115829,8.0,16.0,1.300671155693361e-05,2.8164055624009853e-06,5.632803192661679e-06
272,"(1.0, 2.0, 11.0, 12.0, 14.0)",4999280.000000002,3,-11.335756537194062,3.0,3.0,1.193832747605306e-05,6.000864124433916e-07,6.000860523396892e-07
273,"(1.0, 2.0, 11.0, 13.0, 14.0)",4999280.000000002,7,-11.220870163881871,7.0,7.0,1.3391770735412586e-05,1.4002016290345804e-06,1.4001996684699784e-06
274,"(1.0, 2.0, 11.0, 14.0, 14.0)",2499640.000000001,4,-11.144236534531183,5.0,7.0,1.4458377775920787e-05,2.000288041477972e-06,2.800399256916912e-06
275,"(1.0, 2.0, 12.0, 14.0, 14.0)",2018940.0,1,-11.22994801160942,1.0,1.0,1.3270752403932202e-05,4.953094197945456e-07,4.953091744631242e-07
276,"(1.0, 3.0, 3.0, 3.0, 9.0)",503880.0000000002,1,-11.183921092460247,1.0,1.0,1.3895839315439374e-05,1.9845995078193215e-06,1.984595569184115e-06
277,"(1.0, 3.0, 3.0, 4.0, 6.0)",2975400.0000000014,1,-11.11863561124594,1.0,1.0,1.4833304352206339e-05,3.360892653088659e-07,3.3608915235287163e-07
278,"(1.0, 3.0, 3.0, 4.0, 8.0)",2667600.000000002,1,-10.775862379160642,1.0,1.0,2.0897889621061906e-05,3.7486879592142726e-07,3.748686553948131e-07
279,"(1.0, 3.0, 3.0, 4.0, 9.0)",2667600.000000002,10,-11.420722498295138,12.0,18.0,1.0965873701876014e-05,4.4984255510571265e-06,6.747618090753252e-06
280,"(1.0, 3.0, 3.0, 4.0, 11.0)",2667600.000000002,1,-11.076296866208668,1.0,1.0,1.5474812338674905e-05,3.7486879592142726e-07,3.748686553948131e-07
281,"(1.0, 3.0, 3.0, 4.0, 12.0)",2359800.000000001,1,-11.162008343286905,1.0,1.0,1.4203696031921612e-05,4.237647258242222e-07,4.2376454624767937e-07
282,"(1.0, 3.0, 3.0, 6.0, 7.0)",2975400.0000000014,1,-10.87912815673983,1.0,1.0,1.8847539996712795e-05,3.360892653088659e-07,3.3608915235287163e-07
283,"(1.0, 3.0, 3.0, 6.0, 8.0)",2667600.000000002,1,-10.74033539067773,1.0,1.0,2.165367459474781e-05,3.7486879592142726e-07,3.748686553948131e-07
284,"(1.0, 3.0, 3.0, 6.0, 9.0)",2667600.000000002,7,-11.385195509812226,8.0,10.0,1.1362461238584141e-05,2.998950367371418e-06,3.7486789655109667e-06
285,"(1.0, 3.0, 3.0, 6.0, 11.0)",2667600.000000002,1,-11.040769877725756,1.0,1.0,1.603446840195472e-05,3.7486879592142726e-07,3.748686553948131e-07
286,"(1.0, 3.0, 3.0, 6.0, 12.0)",2359800.000000001,1,-11.126481354803992,1.0,1.0,1.4717381395677637e-05,4.237647258242222e-07,4.2376454624767937e-07
287,"(1.0, 3.0, 3.0, 7.0, 9.0)",2667600.000000002,10,-11.18121504378903,14.0,26.0,1.3933493056404982e-05,5.248163142899981e-06,9.746561150740734e-06
288,"(1.0, 3.0, 3.0, 8.0, 9.0)",2223000.0000000005,10,-11.04242227772693,14.0,22.0,1.6007994924759045e-05,6.297795771479981e-06,9.896496550094104e-06
289,"(1.0, 3.0, 3.0, 8.0, 11.0)",2223000.0000000005,2,-10.69799664564046,3.0,5.0,2.259014868434306e-05,1.3495276653171387e-06,2.249210954303645e-06
290,"(1.0, 3.0, 3.0, 8.0, 14.0)",2045160.0000000007,8,-10.59218812005582,8.0,8.0,2.5111412847341675e-05,3.91167439222359e-06,3.911659091027039e-06
291,"(1.0, 3.0, 3.0, 9.0, 9.0)",1111500.0000000002,13,-11.687282396861423,19.0,35.0,8.399970224182869e-06,1.7094017094017092e-05,3.148868665197949e-05
292,"(1.0, 3.0, 3.0, 9.0, 11.0)",2223000.0000000005,5,-11.342856764774956,5.0,5.0,1.1853862847923246e-05,2.2492127755285645e-06,2.2492077165704547e-06
293,"(1.0, 3.0, 3.0, 9.0, 12.0)",2045160.0000000007,8,-11.428568241853192,9.0,11.0,1.0880174893959826e-05,4.4006336912515385e-06,5.378532923730552e-06
294,"(1.0, 3.0, 3.0, 9.0, 13.0)",2045160.0000000007,5,-11.313681868541,5.0,5.0,1.2204792340750377e-05,2.444796495139744e-06,2.444790518109841e-06
295,"(1.0, 3.0, 3.0, 9.0, 14.0)",2045160.0000000007,97,-11.237048239190312,113.0,149.0,1.3176860762154984e-05,5.525240079015821e-05,7.285188272737129e-05
296,"(1.0, 3.0, 3.0, 11.0, 11.0)",1111500.0000000002,1,-10.998431132688486,2.0,4.0,1.672792410773625e-05,1.7993702204228516e-06,3.598737203112513e-06
297,"(1.0, 3.0, 3.0, 11.0, 14.0)",2045160.0000000007,1,-10.892622607103846,2.0,4.0,1.8594911180885855e-05,9.779185980558975e-07,1.9558362397870107e-06
298,"(1.0, 3.0, 3.0, 12.0, 14.0)",1730520.0000000002,1,-10.97833408418208,1.0,1.0,1.7067506886257968e-05,5.778609897603032e-07,5.778606558369797e-07
299,"(1.0, 3.0, 4.0, 4.0, 9.0)",4297800.000000003,12,-11.657523904130024,14.0,18.0,8.65369721941797e-06,3.257480571455161e-06,4.188178694976963e-06
300,"(1.0, 3.0, 4.0, 6.0, 7.0)",9256800.000000002,1,-11.115929562574715,1.0,1.0,1.487349835467461e-05,1.0802869242070692e-07,1.0802868075050854e-07
301,"(1.0, 3.0, 4.0, 6.0, 8.0)",8595600.000000006,2,-10.977136796512616,2.0,2.0,1.708795383980151e-05,2.3267718367536863e-07,2.3267712953669684e-07
302,"(1.0, 3.0, 4.0, 6.0, 9.0)",8595600.000000006,10,-11.621996915647111,12.0,18.0,8.966663477918629e-06,1.3960631020522118e-06,2.094092704086133e-06
303,"(1.0, 3.0, 4.0, 6.0, 11.0)",8595600.000000006,1,-11.277571283560643,1.0,1.0,1.2653568552508712e-05,1.1633859183768432e-07,1.1633857830301636e-07
304,"(1.0, 3.0, 4.0, 7.0, 8.0)",8595600.000000006,1,-10.77315633048942,1.0,1.0,2.0954516911048385e-05,1.1633859183768432e-07,1.1633857830301636e-07
305,"(1.0, 3.0, 4.0, 7.0, 9.0)",8595600.000000006,28,-11.418016449623916,34.0,46.0,1.0995588075974582e-05,3.9555121224812665e-06,5.351559578457328e-06
306,"(1.0, 3.0, 4.0, 7.0, 11.0)",8595600.000000006,2,-11.073590817537449,2.0,2.0,1.5516744643882612e-05,2.3267718367536863e-07,2.3267712953669684e-07
307,"(1.0, 3.0, 4.0, 7.0, 12.0)",7603800.000000003,1,-11.159302294615683,1.0,1.0,1.4242183976334347e-05,1.3151319077303448e-07,1.3151317347731512e-07
308,"(1.0, 3.0, 4.0, 7.0, 14.0)",7603800.000000003,3,-10.967782291952808,3.0,3.0,1.7248553174392057e-05,3.945395723191035e-07,3.945394166576294e-07
309,"(1.0, 3.0, 4.0, 8.0, 9.0)",7410000.000000004,31,-11.279223683561815,38.0,54.0,1.2632677061121471e-05,5.128205128205125e-06,7.28742309422471e-06
310,"(1.0, 3.0, 4.0, 8.0, 11.0)",7410000.000000004,2,-10.93479805147535,2.0,2.0,1.7826970487768214e-05,2.699055330634277e-07,2.699054602144309e-07
311,"(1.0, 3.0, 4.0, 8.0, 12.0)",6817200.000000004,1,-11.020509528553584,1.0,1.0,1.6362645597030846e-05,1.4668778970838458e-07,1.4668776819107692e-07
312,"(1.0, 3.0, 4.0, 8.0, 13.0)",6817200.000000004,2,-10.905623155241392,2.0,2.0,1.8354731757843407e-05,2.9337557941676917e-07,2.933754933475386e-07
313,"(1.0, 3.0, 4.0, 8.0, 14.0)",6817200.000000004,16,-10.828989525890709,16.0,16.0,1.9816621040922645e-05,2.3470046353341534e-06,2.346999126903395e-06
314,"(1.0, 3.0, 4.0, 9.0, 9.0)",3705000.000000002,24,-11.924083802696313,29.0,39.0,6.628819640679337e-06,7.827260458839402e-06,1.0526254523467388e-05
315,"(1.0, 3.0, 4.0, 9.0, 11.0)",7410000.000000004,24,-11.579658170609845,30.0,44.0,9.354452071510354e-06,4.048582995951415e-06,5.937905336371134e-06
316,"(1.0, 3.0, 4.0, 9.0, 12.0)",6817200.000000004,20,-11.66536964768808,27.0,45.0,8.58606817717895e-06,3.960570322126384e-06,6.6009348507600306e-06
317,"(1.0, 3.0, 4.0, 9.0, 13.0)",6817200.000000004,27,-11.550483274375887,31.0,39.0,9.631387376334314e-06,4.547321480959923e-06,5.720803120494348e-06
318,"(1.0, 3.0, 4.0, 9.0, 14.0)",6817200.000000004,290,-11.473849645025204,357.0,517.0,1.039849321979787e-05,5.23675409258933e-05,7.583484491989221e-05
319,"(1.0, 3.0, 4.0, 11.0, 14.0)",6817200.000000004,5,-11.129424012938731,5.0,5.0,1.4674136831780866e-05,7.33438948541923e-07,7.334384106092318e-07
320,"(1.0, 3.0, 4.0, 12.0, 12.0)",2884200.0000000014,2,-11.406655492679846,2.0,2.0,1.1121220781262647e-05,6.934331877123636e-07,6.934327068627778e-07
321,"(1.0, 3.0, 4.0, 12.0, 13.0)",5768400.000000003,1,-11.291769119367656,1.0,1.0,1.2475184593429682e-05,1.733582969280909e-07,1.7335826687499178e-07
322,"(1.0, 3.0, 6.0, 6.0, 8.0)",4297800.000000003,1,-10.941609808029709,1.0,1.0,1.770595015317767e-05,2.3267718367536863e-07,2.3267712953669684e-07
323,"(1.0, 3.0, 6.0, 6.0, 9.0)",4297800.000000003,12,-11.586469927164202,14.0,18.0,9.290948352783618e-06,3.257480571455161e-06,4.188178694976963e-06
324,"(1.0, 3.0, 6.0, 6.0, 11.0)",4297800.000000003,1,-11.242044295077736,1.0,1.0,1.3111192606846266e-05,2.3267718367536863e-07,2.3267712953669684e-07
325,"(1.0, 3.0, 6.0, 7.0, 7.0)",4628400.000000001,1,-10.87642210806861,1.0,1.0,1.8898611426999638e-05,2.1605738484141384e-07,2.1605733816062029e-07
326,"(1.0, 3.0, 6.0, 7.0, 8.0)",8595600.000000006,1,-10.73762934200651,1.0,1.0,2.1712349845348818e-05,1.1633859183768432e-07,1.1633857830301636e-07
327,"(1.0, 3.0, 6.0, 7.0, 9.0)",8595600.000000006,28,-11.382489461141006,34.0,48.0,1.1393250251215737e-05,3.9555121224812665e-06,5.584236762132696e-06
328,"(1.0, 3.0, 6.0, 7.0, 13.0)",7603800.000000003,2,-11.008888932820582,2.0,2.0,1.6553898370016763e-05,2.6302638154606895e-07,2.630263123631916e-07
329,"(1.0, 3.0, 6.0, 7.0, 14.0)",7603800.000000003,2,-10.932255303469896,3.0,5.0,1.7872357661036927e-05,3.945395723191035e-07,6.575657982036983e-07
330,"(1.0, 3.0, 6.0, 8.0, 9.0)",7410000.000000004,44,-11.243696695078906,50.0,62.0,1.3089545561881408e-05,6.747638326585692e-06,8.367025994343271e-06
331,"(1.0, 3.0, 6.0, 8.0, 11.0)",7410000.000000004,1,-10.89927106299244,1.0,1.0,1.8471693790709616e-05,1.3495276653171384e-07,1.3495274831946466e-07
332,"(1.0, 3.0, 6.0, 8.0, 12.0)",6817200.000000004,1,-10.984982540070677,1.0,1.0,1.6954410693709225e-05,1.4668778970838458e-07,1.4668776819107692e-07
333,"(1.0, 3.0, 6.0, 8.0, 14.0)",6817200.000000004,14,-10.793462537407796,17.0,23.0,2.0533301274359353e-05,2.4936924250425383e-06,3.373812944790935e-06
334,"(1.0, 3.0, 6.0, 9.0, 9.0)",3705000.000000002,21,-11.888556814213402,23.0,27.0,6.868554961735387e-06,6.207827260458836e-06,7.287410855593252e-06
335,"(1.0, 3.0, 6.0, 9.0, 11.0)",7410000.000000004,31,-11.544131182126934,32.0,34.0,9.692761558301148e-06,4.318488529014843e-06,4.588375412735094e-06
336,"(1.0, 3.0, 6.0, 9.0, 12.0)",6817200.000000004,12,-11.62984265920517,14.0,18.0,8.896588589958511e-06,2.0536290559173843e-06,2.6403759973586234e-06
337,"(1.0, 3.0, 6.0, 9.0, 13.0)",6817200.000000004,22,-11.514956285892978,24.0,28.0,9.979712397988386e-06,3.5205069530012304e-06,4.107245717865563e-06
338,"(1.0, 3.0, 6.0, 9.0, 14.0)",6817200.000000004,343,-11.438322656542292,410.0,560.0,1.0774561093971023e-05,6.014199378043768e-05,8.214154517727949e-05
339,"(1.0, 3.0, 6.0, 11.0, 12.0)",6817200.000000004,1,-11.2854170271187,1.0,1.0,1.2554680331622971e-05,1.4668778970838458e-07,1.4668776819107692e-07
340,"(1.0, 3.0, 6.0, 11.0, 13.0)",6817200.000000004,1,-11.170530653806509,1.0,1.0,1.4083162067277632e-05,1.4668778970838458e-07,1.4668776819107692e-07
341,"(1.0, 3.0, 6.0, 11.0, 14.0)",6817200.000000004,8,-11.093897024455822,8.0,8.0,1.5204835975109299e-05,1.1735023176670767e-06,1.173500940559387e-06
342,"(1.0, 3.0, 6.0, 12.0, 12.0)",2884200.0000000014,1,-11.371128504196935,2.0,4.0,1.1523426540214022e-05,6.934331877123636e-07,1.3868658945751415e-06
343,"(1.0, 3.0, 7.0, 7.0, 8.0)",4297800.000000003,1,-10.533648875983314,1.0,1.0,2.662529441958309e-05,2.3267718367536863e-07,2.3267712953669684e-07
344,"(1.0, 3.0, 7.0, 7.0, 9.0)",4297800.000000003,10,-11.17850899511781,10.0,10.0,1.3971248828214275e-05,2.3267718367536863e-06,2.326766422886506e-06
345,"(1.0, 3.0, 7.0, 7.0, 14.0)",3801900.0000000014,2,-10.7282748374467,2.0,2.0,2.19164110787915e-05,5.260527630921379e-07,5.260524863606283e-07
346,"(1.0, 3.0, 7.0, 8.0, 9.0)",7410000.000000004,51,-11.03971622905571,63.0,89.0,1.6051372001925326e-05,8.502024291497971e-06,1.2010723936905477e-05
347,"(1.0, 3.0, 7.0, 8.0, 12.0)",6817200.000000004,4,-10.781002074047477,4.0,4.0,2.0790756396514094e-05,5.867511588335383e-07,5.86750814556616e-07
348,"(1.0, 3.0, 7.0, 8.0, 13.0)",6817200.000000004,1,-10.666115700735284,1.0,1.0,2.3321947202103413e-05,1.4668778970838458e-07,1.4668776819107692e-07
349,"(1.0, 3.0, 7.0, 8.0, 14.0)",6817200.000000004,13,-10.5894820713846,19.0,31.0,2.517945757736272e-05,2.7870680044593074e-06,4.547313713211861e-06
350,"(1.0, 3.0, 7.0, 9.0, 9.0)",3705000.000000002,19,-11.684576348190204,22.0,28.0,8.422731735435304e-06,5.937921727395409e-06,7.557319666861534e-06
351,"(1.0, 3.0, 7.0, 9.0, 11.0)",7410000.000000004,31,-11.340150716103736,38.0,52.0,1.1885983418043968e-05,5.128205128205125e-06,7.0175175611612825e-06
352,"(1.0, 3.0, 7.0, 9.0, 12.0)",6817200.000000004,21,-11.425862193181972,25.0,33.0,1.0909657048856563e-05,3.667194742709615e-06,4.84068361205941e-06
353,"(1.0, 3.0, 7.0, 9.0, 13.0)",6817200.000000004,22,-11.31097581986978,26.0,34.0,1.2237863829194214e-05,3.8138825324179995e-06,4.987370304385106e-06
354,"(1.0, 3.0, 7.0, 9.0, 14.0)",6817200.000000004,389,-11.234342190519095,463.0,635.0,1.32125662773538e-05,6.791644663498207e-05,9.31421338211007e-05
355,"(1.0, 3.0, 7.0, 11.0, 11.0)",3705000.000000002,1,-10.995725084017268,1.0,1.0,1.6773251986603215e-05,2.699055330634277e-07,2.699054602144309e-07
356,"(1.0, 3.0, 7.0, 11.0, 14.0)",6817200.000000004,8,-10.889916558432626,9.0,11.0,1.864529805950398e-05,1.3201901073754614e-06,1.6135639438903109e-06
357,"(1.0, 3.0, 7.0, 12.0, 12.0)",2884200.0000000014,1,-11.16714803817374,1.0,1.0,1.4130880652761813e-05,3.467165938561818e-07,3.4671647364378537e-07
358,"(1.0, 3.0, 7.0, 13.0, 14.0)",5768400.000000003,1,-10.86074166219867,1.0,1.0,1.9197285633139417e-05,1.733582969280909e-07,1.7335826687499178e-07
359,"(1.0, 3.0, 8.0, 8.0, 9.0)",2964000.0000000005,31,-10.90092346299361,42.0,72.0,1.8441196367778326e-05,1.4170040485829958e-05,2.429129718566113e-05
360,"(1.0, 3.0, 8.0, 8.0, 13.0)",2840500.0000000005,1,-10.527322934673183,1.0,1.0,2.679425833388949e-05,3.5205069530012316e-07,3.520505713604311e-07
361,"(1.0, 3.0, 8.0, 8.0, 14.0)",2840500.0000000005,24,-10.4506893053225,27.0,33.0,2.8928325975037732e-05,9.505368773103325e-06,1.1617582592868551e-05
362,"(1.0, 3.0, 8.0, 9.0, 9.0)",2964000.0000000005,34,-11.545783582128106,36.0,40.0,9.676758464488244e-06,1.214574898785425e-05,1.349512913395291e-05
363,"(1.0, 3.0, 8.0, 9.0, 11.0)",5928000.000000001,53,-11.201357950041636,70.0,110.0,1.3655639792661604e-05,1.1808367071524965e-05,1.8555865960577762e-05
364,"(1.0, 3.0, 8.0, 9.0, 12.0)",5681000.000000001,59,-11.287069427119873,75.0,113.0,1.2533952108202893e-05,1.3201901073754619e-05,1.9890689994264996e-05
365,"(1.0, 3.0, 8.0, 9.0, 13.0)",5681000.000000001,56,-11.17218305380768,72.0,112.0,1.4059910266189843e-05,1.2673825030804434e-05,1.9714678310965984e-05
366,"(1.0, 3.0, 8.0, 9.0, 14.0)",5681000.000000001,883,-11.095549424456996,1051.0,1453.0,1.5179732250535431e-05,0.00018500264038021473,0.0002557306041585918
367,"(1.0, 3.0, 8.0, 11.0, 11.0)",2964000.0000000005,1,-10.856932317955168,1.0,1.0,1.9270554166589353e-05,3.373819163292847e-07,3.3738180250272723e-07
368,"(1.0, 3.0, 8.0, 11.0, 12.0)",5681000.000000001,1,-10.942643795033405,1.0,1.0,1.7687651892543305e-05,1.7602534765006158e-07,1.7602531666513858e-07
369,"(1.0, 3.0, 8.0, 11.0, 13.0)",5681000.000000001,4,-10.827757421721213,4.0,4.0,1.984105223012682e-05,7.041013906002463e-07,7.041008948414781e-07
370,"(1.0, 3.0, 8.0, 11.0, 14.0)",5681000.000000001,38,-10.751123792370526,43.0,55.0,2.1421321667071577e-05,7.569089948952648e-06,9.681336829630732e-06
371,"(1.0, 3.0, 8.0, 12.0, 13.0)",4999280.000000002,1,-10.913468898799447,1.0,1.0,1.8211288683991495e-05,2.0002880414779722e-07,2.0002876413627473e-07
372,"(1.0, 3.0, 8.0, 12.0, 14.0)",4999280.000000002,3,-10.836835269448764,5.0,11.0,1.9661753235009125e-05,1.000144020738986e-06,2.200315845337707e-06
373,"(1.0, 3.0, 8.0, 13.0, 14.0)",4999280.000000002,20,-10.72194889613657,24.0,32.0,2.2055492455510328e-05,4.800691299547133e-06,6.4008986860925575e-06
374,"(1.0, 3.0, 8.0, 14.0, 14.0)",2499640.000000001,11,-10.645315266785886,14.0,20.0,2.3812134202125238e-05,5.6008065161383215e-06,8.001120796878256e-06
375,"(1.0, 3.0, 9.0, 9.0, 9.0)",988000.0,7,-12.1906437012626,9.0,15.0,5.077742924730111e-06,9.109311740890689e-06,1.5182103255257422e-05
376,"(1.0, 3.0, 9.0, 9.0, 11.0)",2964000.0000000005,35,-11.846218069176132,40.0,52.0,7.165604948631664e-06,1.3495276653171387e-05,1.754367752663086e-05
377,"(1.0, 3.0, 9.0, 9.0, 12.0)",2840500.0000000005,18,-11.931929546254368,22.0,36.0,6.577015109955937e-06,7.745115296602709e-06,1.2673765043993477e-05
378,"(1.0, 3.0, 9.0, 9.0, 13.0)",2840500.0000000005,12,-11.817043172942176,13.0,15.0,7.377740194558138e-06,4.576659038901601e-06,5.280739483693889e-06
379,"(1.0, 3.0, 9.0, 9.0, 14.0)",2840500.0000000005,247,-11.740409543591491,292.0,396.0,7.96535103333593e-06,0.00010279880302763597,0.00013940150774494485
380,"(1.0, 3.0, 9.0, 11.0, 11.0)",2964000.0000000005,14,-11.501792437089664,15.0,17.0,1.011195230656221e-05,5.06072874493927e-06,5.73546696662241e-06
381,"(1.0, 3.0, 9.0, 11.0, 12.0)",5681000.000000001,27,-11.5875039141679,30.0,36.0,9.281346597835185e-06,5.280760429501847e-06,6.3368846289715036e-06
382,"(1.0, 3.0, 9.0, 11.0, 13.0)",5681000.000000001,24,-11.472617540855708,30.0,44.0,1.0411313142768925e-05,5.280760429501847e-06,7.745087410171996e-06
383,"(1.0, 3.0, 9.0, 11.0, 14.0)",5681000.000000001,334,-11.395983911505022,405.0,575.0,1.1240537307251347e-05,7.129026579827494e-05,0.00010120949259678782
384,"(1.0, 3.0, 9.0, 12.0, 12.0)",2499640.000000001,6,-11.673215391246137,7.0,9.0,8.518967659019069e-06,2.8004032580691607e-06,3.600510632401942e-06
385,"(1.0, 3.0, 9.0, 12.0, 13.0)",4999280.000000002,18,-11.558329017933945,18.0,18.0,9.556117640500128e-06,3.60051847466035e-06,3.6005055109270635e-06
386,"(1.0, 3.0, 9.0, 12.0, 14.0)",4999280.000000002,199,-11.481695388583258,234.0,326.0,1.0317228516474797e-05,4.6806740170584544e-05,6.52071992812565e-05
387,"(1.0, 3.0, 9.0, 13.0, 13.0)",2499640.000000001,3,-11.443442644621753,3.0,3.0,1.071953645256506e-05,1.2001728248867832e-06,1.2001713844719737e-06
388,"(1.0, 3.0, 9.0, 13.0, 14.0)",4999280.000000002,220,-11.366809015271066,252.0,328.0,1.1573309510451693e-05,5.04072586452449e-05,6.560690686875336e-05
389,"(1.0, 3.0, 9.0, 14.0, 14.0)",2499640.000000001,230,-11.29017538592038,270.0,362.0,1.249508256419623e-05,0.00010801555423981049,0.00014480918684304747
390,"(1.0, 3.0, 11.0, 11.0, 14.0)",2840500.0000000005,6,-11.051558279418552,8.0,14.0,1.5862411892071182e-05,2.8164055624009853e-06,4.928701802061432e-06
391,"(1.0, 3.0, 11.0, 12.0, 12.0)",2499640.000000001,1,-11.328789759159664,1.0,1.0,1.2021789546965892e-05,4.0005760829559444e-07,4.0005744824950446e-07
392,"(1.0, 3.0, 11.0, 12.0, 14.0)",4999280.000000002,5,-11.137269756496789,5.0,5.0,1.455945777675326e-05,1.000144020738986e-06,1.0001430204509239e-06
393,"(1.0, 3.0, 11.0, 13.0, 14.0)",4999280.000000002,6,-11.022383383184597,10.0,20.0,1.6332013087201833e-05,2.000288041477972e-06,4.0005720818036955e-06
394,"(1.0, 3.0, 11.0, 14.0, 14.0)",2499640.000000001,3,-10.945749753833912,3.0,3.0,1.7632800002439e-05,1.2001728248867832e-06,1.2001713844719737e-06
395,"(1.0, 3.0, 12.0, 12.0, 13.0)",2018940.0,1,-11.29961486292571,1.0,1.0,1.2377690451398079e-05,4.953094197945456e-07,4.953091744631242e-07
396,"(1.0, 3.0, 12.0, 13.0, 14.0)",4037880.0,1,-11.108094860262833,1.0,1.0,1.4990485467809192e-05,2.476547098972728e-07,2.476546485644175e-07
397,"(1.0, 4.0, 4.0, 4.0, 6.0)",2192400.0,1,-11.592238422915717,1.0,1.0,9.237507840555344e-06,4.561211457763182e-07,4.5612093772981856e-07
398,"(1.0, 4.0, 4.0, 4.0, 9.0)",2111200.000000001,7,-11.894325309964913,8.0,10.0,6.829047789648591e-06,3.789314134141719e-06,4.736628308775541e-06
399,"(1.0, 4.0, 4.0, 6.0, 9.0)",6333600.000000003,13,-11.858798321482002,16.0,22.0,7.076024484309532e-06,2.5262094227611456e-06,3.4735315745625275e-06
400,"(1.0, 4.0, 4.0, 6.0, 12.0)",5602800.000000001,1,-11.60008416647377,2.0,4.0,9.165316291429933e-06,3.569643749553794e-07,7.139286224871938e-07
401,"(1.0, 4.0, 4.0, 7.0, 7.0)",3288600.0,1,-11.14875050238641,1.0,1.0,1.4393260203285492e-05,3.040807638508788e-07,3.040806713857679e-07
402,"(1.0, 4.0, 4.0, 7.0, 8.0)",6333600.000000003,2,-11.00995773632431,3.0,5.0,1.6536214957168716e-05,4.7366426676771486e-07,7.894402202550205e-07
403,"(1.0, 4.0, 4.0, 7.0, 9.0)",6333600.000000003,16,-11.654817855458806,21.0,37.0,8.677146258090481e-06,3.315649867374004e-06,5.841848296601107e-06
404,"(1.0, 4.0, 4.0, 7.0, 14.0)",5602800.000000001,1,-11.204583697787696,1.0,1.0,1.361166111357671e-05,1.784821874776897e-07,1.7848215562179845e-07
405,"(1.0, 4.0, 4.0, 8.0, 9.0)",5655000.000000004,22,-11.516025089396706,27.0,39.0,9.969051744497966e-06,4.774535809018565e-06,6.896528927945735e-06
406,"(1.0, 4.0, 4.0, 8.0, 13.0)",5202600.000000004,3,-11.142424561076282,3.0,3.0,1.448459972221256e-05,5.766347595433048e-07,5.766344270356589e-07
407,"(1.0, 4.0, 4.0, 8.0, 14.0)",5202600.000000004,9,-11.065790931725596,10.0,12.0,1.5638246715421684e-05,1.9221158651443497e-06,2.3065353436438203e-06
408,"(1.0, 4.0, 4.0, 9.0, 9.0)",2827500.000000002,12,-12.160885208531202,14.0,18.0,5.2311197130381085e-06,4.951370468611845e-06,6.366023229288569e-06
409,"(1.0, 4.0, 4.0, 9.0, 11.0)",5655000.000000004,18,-11.816459576444734,20.0,24.0,7.382047074512512e-06,3.5366931918656032e-06,4.244019322039991e-06
410,"(1.0, 4.0, 4.0, 9.0, 12.0)",5202600.000000004,12,-11.90217105352297,13.0,15.0,6.775678466721253e-06,2.4987506246876545e-06,2.88316755396184e-06
411,"(1.0, 4.0, 4.0, 9.0, 13.0)",5202600.000000004,8,-11.787284680210778,10.0,14.0,7.6005900144064506e-06,1.9221158651443497e-06,2.6909585166726903e-06
412,"(1.0, 4.0, 4.0, 9.0, 14.0)",5202600.000000004,177,-11.710651050860092,206.0,282.0,8.205950050920865e-06,3.95955868219736e-05,5.420209958657488e-05
413,"(1.0, 4.0, 4.0, 11.0, 12.0)",5202600.000000004,1,-11.5577454214365,1.0,1.0,9.561696184935454e-06,1.9221158651443496e-07,1.9221154956914098e-07
414,"(1.0, 4.0, 4.0, 11.0, 14.0)",5202600.000000004,4,-11.366225418773622,7.0,15.0,1.1580065624576346e-05,1.3454811056010447e-06,2.8831719873971186e-06
415,"(1.0, 4.0, 4.0, 12.0, 13.0)",4402200.000000003,1,-11.528570525202545,1.0,1.0,9.844766879762532e-06,2.2715914769887768e-07,2.271590960975993e-07
416,"(1.0, 4.0, 4.0, 12.0, 14.0)",4402200.000000003,1,-11.451936895851858,1.0,1.0,1.0628867643849642e-05,2.2715914769887768e-07,2.271590960975993e-07
417,"(1.0, 4.0, 6.0, 6.0, 7.0)",6577200.0,1,-11.317203979926695,1.0,1.0,1.2161881315752052e-05,1.520403819254394e-07,1.5204035880916166e-07
418,"(1.0, 4.0, 6.0, 6.0, 9.0)",6333600.000000003,13,-11.823271332999091,16.0,22.0,7.331933242353908e-06,2.5262094227611456e-06,3.4735315745625275e-06
419,"(1.0, 4.0, 6.0, 6.0, 12.0)",5602800.000000001,1,-11.56455717799086,1.0,1.0,9.496785566928431e-06,1.784821874776897e-07,1.7848215562179845e-07
420,"(1.0, 4.0, 6.0, 6.0, 13.0)",5602800.000000001,1,-11.449670804678668,1.0,1.0,1.0652980938141234e-05,1.784821874776897e-07,1.7848215562179845e-07
421,"(1.0, 4.0, 6.0, 6.0, 14.0)",5602800.000000001,1,-11.373037175327982,1.0,1.0,1.1501453085366264e-05,1.784821874776897e-07,1.7848215562179845e-07
422,"(1.0, 4.0, 6.0, 7.0, 9.0)",12667200.000000006,26,-11.619290866975897,29.0,35.0,8.990960565432282e-06,2.2893772893772885e-06,2.76303631489663e-06
423,"(1.0, 4.0, 6.0, 7.0, 11.0)",12667200.000000006,1,-11.274865234889424,2.0,4.0,1.2687856095833832e-05,1.578880889225716e-07,3.157761529164946e-07
424,"(1.0, 4.0, 6.0, 7.0, 13.0)",11205600.000000002,1,-11.24569033865547,1.0,1.0,1.3063475669123764e-05,8.924109373884485e-08,8.924108577487204e-08
425,"(1.0, 4.0, 6.0, 7.0, 14.0)",11205600.000000002,1,-11.169056709304783,2.0,4.0,1.4103935172014541e-05,1.784821874776897e-07,3.5696434309948817e-07
426,"(1.0, 4.0, 6.0, 8.0, 9.0)",11310000.000000007,50,-11.480498100913795,60.0,80.0,1.0329588604774747e-05,5.305039787798405e-06,7.073358240284056e-06
427,"(1.0, 4.0, 6.0, 8.0, 11.0)",11310000.000000007,1,-11.136072468827326,1.0,1.0,1.4576900075664514e-05,8.841732979664008e-08,8.841732197901586e-08
428,"(1.0, 4.0, 6.0, 8.0, 13.0)",10405200.000000007,2,-11.10689757259337,2.0,2.0,1.5008444139922093e-05,1.9221158651443496e-07,1.9221154956914098e-07
429,"(1.0, 4.0, 6.0, 8.0, 14.0)",10405200.000000007,20,-11.030263943242684,28.0,46.0,1.620381348300556e-05,2.6909622112020893e-06,4.420859248554382e-06
430,"(1.0, 4.0, 6.0, 9.0, 9.0)",5655000.000000004,20,-12.125358220048293,22.0,26.0,5.420306360415233e-06,3.890362511052164e-06,4.597686014504817e-06
431,"(1.0, 4.0, 6.0, 9.0, 11.0)",11310000.000000007,37,-11.78093258796182,44.0,60.0,7.649023326905756e-06,3.890362511052164e-06,5.305024652877938e-06
432,"(1.0, 4.0, 6.0, 9.0, 12.0)",10405200.000000007,25,-11.866644065040058,28.0,34.0,7.0207250271411096e-06,2.6909622112020893e-06,3.267589729467772e-06
433,"(1.0, 4.0, 6.0, 9.0, 13.0)",10405200.000000007,26,-11.751757691727866,28.0,32.0,7.875470006032303e-06,2.6909622112020893e-06,3.075378142953337e-06
434,"(1.0, 4.0, 6.0, 9.0, 14.0)",10405200.000000007,407,-11.67512406237718,489.0,691.0,8.502723258922331e-06,4.6995732902779345e-05,6.640689454182621e-05
435,"(1.0, 4.0, 6.0, 11.0, 13.0)",10405200.000000007,2,-11.407332059641398,2.0,2.0,1.1113699075465657e-05,1.9221158651443496e-07,1.9221154956914098e-07
436,"(1.0, 4.0, 6.0, 11.0, 14.0)",10405200.000000007,10,-11.330698430290711,13.0,21.0,1.199886578823164e-05,1.2493753123438273e-06,2.018220097462896e-06
437,"(1.0, 4.0, 6.0, 14.0, 14.0)",4402200.000000003,1,-11.22488990470607,1.0,1.0,1.3338047337287429e-05,2.2715914769887768e-07,2.271590960975993e-07
438,"(1.0, 4.0, 7.0, 7.0, 8.0)",6333600.000000003,1,-10.770450281818205,1.0,1.0,2.1011297644756955e-05,1.578880889225716e-07,1.5788806399392297e-07
439,"(1.0, 4.0, 7.0, 7.0, 9.0)",6333600.000000003,14,-11.415310400952698,17.0,25.0,1.1025382967508573e-05,2.684097511683717e-06,3.947195018684838e-06
440,"(1.0, 4.0, 7.0, 7.0, 11.0)",6333600.000000003,1,-11.070884768866229,1.0,1.0,1.555879057361652e-05,1.578880889225716e-07,1.5788806399392297e-07
441,"(1.0, 4.0, 7.0, 7.0, 13.0)",5602800.000000001,1,-11.041709872632271,2.0,4.0,1.601940316506047e-05,3.569643749553794e-07,7.139286224871938e-07
442,"(1.0, 4.0, 7.0, 8.0, 8.0)",5655000.000000004,2,-10.631657515756103,2.0,2.0,2.4139585436206038e-05,3.536693191865603e-07,3.53669194104573e-07
443,"(1.0, 4.0, 7.0, 8.0, 9.0)",11310000.000000007,54,-11.2765176348906,67.0,99.0,1.2666907994493917e-05,5.923961096374886e-06,8.753280556552297e-06
444,"(1.0, 4.0, 7.0, 8.0, 11.0)",11310000.000000007,4,-10.93209200280413,4.0,4.0,1.7875276467256807e-05,3.536693191865603e-07,3.53669194104573e-07
445,"(1.0, 4.0, 7.0, 8.0, 12.0)",10405200.000000007,1,-11.017803479882366,1.0,1.0,1.6406983675849737e-05,9.610579325721748e-08,9.610578402089398e-08
446,"(1.0, 4.0, 7.0, 8.0, 13.0)",10405200.000000007,1,-10.902917106570174,1.0,1.0,1.840446781907831e-05,9.610579325721748e-08,9.610578402089398e-08
447,"(1.0, 4.0, 7.0, 8.0, 14.0)",10405200.000000007,22,-10.826283477219487,32.0,60.0,1.9870318403028757e-05,3.0753853842309594e-06,5.766338137437786e-06
448,"(1.0, 4.0, 7.0, 9.0, 9.0)",5655000.000000004,34,-11.921377754025094,41.0,57.0,6.6467818415937186e-06,7.250221043324487e-06,1.0079523031111791e-05
449,"(1.0, 4.0, 7.0, 9.0, 11.0)",11310000.000000007,47,-11.576952121938625,57.0,85.0,9.379799954943686e-06,5.039787798408485e-06,7.515447633253354e-06
450,"(1.0, 4.0, 7.0, 9.0, 12.0)",10405200.000000007,31,-11.66266359901686,39.0,59.0,8.609333960534514e-06,3.7481259370314814e-06,5.670227753727792e-06
451,"(1.0, 4.0, 7.0, 9.0, 13.0)",10405200.000000007,25,-11.54777722570467,28.0,34.0,9.657485675053483e-06,2.6909622112020893e-06,3.267589729467772e-06
452,"(1.0, 4.0, 7.0, 9.0, 14.0)",10405200.000000007,483,-11.471143596353985,592.0,856.0,1.0426670155443356e-05,5.6894629608272745e-05,8.22633220292999e-05
453,"(1.0, 4.0, 7.0, 11.0, 12.0)",10405200.000000007,1,-11.318237966930392,1.0,1.0,1.214931258760165e-05,9.610579325721748e-08,9.610578402089398e-08
454,"(1.0, 4.0, 7.0, 11.0, 13.0)",10405200.000000007,5,-11.2033515936182,5.0,5.0,1.3628442434033018e-05,4.805289662860874e-07,4.805287353779999e-07
455,"(1.0, 4.0, 7.0, 11.0, 14.0)",10405200.000000007,11,-11.126717964267517,15.0,25.0,1.4713899535897856e-05,1.441586898858262e-06,2.40264275325765e-06
456,"(1.0, 4.0, 7.0, 12.0, 14.0)",8804400.000000006,1,-11.212429441345751,1.0,1.0,1.350528535520979e-05,1.1357957384943884e-07,1.1357956094911924e-07
457,"(1.0, 4.0, 7.0, 13.0, 14.0)",8804400.000000006,1,-11.09754306803356,1.0,1.0,1.5149499421596462e-05,1.1357957384943884e-07,1.1357956094911924e-07
458,"(1.0, 4.0, 7.0, 14.0, 14.0)",4402200.000000003,1,-11.020909438682873,1.0,1.0,1.635610331756373e-05,2.2715914769887768e-07,2.271590960975993e-07
459,"(1.0, 4.0, 8.0, 8.0, 8.0)",1560000.0000000007,1,-10.492864749694004,2.0,4.0,2.7733631443619963e-05,1.2820512820512816e-06,2.5641009204470734e-06
460,"(1.0, 4.0, 8.0, 8.0, 9.0)",4680000.000000002,40,-11.1377248688285,53.0,87.0,1.4552833095577433e-05,1.132478632478632e-05,1.858961533895828e-05
461,"(1.0, 4.0, 8.0, 8.0, 11.0)",4680000.000000002,1,-10.79329923674203,1.0,1.0,2.0536654649924623e-05,2.136752136752136e-07,2.1367516801811667e-07
462,"(1.0, 4.0, 8.0, 8.0, 12.0)",4485000.000000003,3,-10.879010713820266,3.0,3.0,1.8849753636822235e-05,6.688963210702337e-07,6.688958736479454e-07
463,"(1.0, 4.0, 8.0, 8.0, 13.0)",4485000.000000003,2,-10.764124340508074,3.0,5.0,2.1144635178561044e-05,6.688963210702337e-07,1.1148267543614344e-06
464,"(1.0, 4.0, 8.0, 8.0, 14.0)",4485000.000000003,29,-10.68749071115739,36.0,52.0,2.282873037373873e-05,8.026755852842805e-06,1.1594138469741196e-05
465,"(1.0, 4.0, 8.0, 9.0, 9.0)",4680000.000000002,50,-11.782584987962997,59.0,79.0,7.636394517547175e-06,1.2606837606837602e-05,1.688018294798743e-05
466,"(1.0, 4.0, 8.0, 9.0, 11.0)",9360000.000000004,70,-11.438159355876524,86.0,132.0,1.077632073064204e-05,9.188034188034184e-06,1.4102479682591857e-05
467,"(1.0, 4.0, 8.0, 9.0, 12.0)",8970000.000000006,65,-11.523870832954762,84.0,132.0,9.89114314607846e-06,9.364548494983272e-06,1.4715631368776626e-05
468,"(1.0, 4.0, 8.0, 9.0, 13.0)",8970000.000000006,73,-11.40898445964257,87.0,121.0,1.1095349963311881e-05,9.698996655518388e-06,1.3489315071046922e-05
469,"(1.0, 4.0, 8.0, 9.0, 14.0)",8970000.000000006,1236,-11.332350830291883,1477.0,2049.0,1.1979055234376318e-05,0.00016465997770345587,0.0002284009807372275
470,"(1.0, 4.0, 8.0, 11.0, 11.0)",4680000.000000002,1,-11.093733723790058,2.0,4.0,1.5207319137692413e-05,4.273504273504272e-07,8.547006720724667e-07
471,"(1.0, 4.0, 8.0, 11.0, 12.0)",8970000.000000006,3,-11.179445200868294,4.0,6.0,1.3958174985578093e-05,4.4593088071348914e-07,6.688961222158834e-07
472,"(1.0, 4.0, 8.0, 11.0, 13.0)",8970000.000000006,2,-11.064558827556102,2.0,2.0,1.5657526539340028e-05,2.2296544035674457e-07,2.2296539064315698e-07
473,"(1.0, 4.0, 8.0, 11.0, 14.0)",8970000.000000006,46,-10.987925198205415,58.0,84.0,1.6904592993340903e-05,6.465997770345593e-06,9.364506685856106e-06
474,"(1.0, 4.0, 8.0, 12.0, 13.0)",7893600.0000000065,2,-11.150270304634336,3.0,5.0,1.4371401908423732e-05,3.8005472788081454e-07,6.33424402026428e-07
475,"(1.0, 4.0, 8.0, 12.0, 14.0)",7893600.0000000065,4,-11.073636675283652,4.0,4.0,1.5516033097259923e-05,5.067396371744194e-07,5.067393803893595e-07
476,"(1.0, 4.0, 8.0, 13.0, 14.0)",7893600.0000000065,21,-10.95875030197146,23.0,27.0,1.7405047598030504e-05,2.913752913752911e-06,3.4204840609712883e-06
477,"(1.0, 4.0, 8.0, 14.0, 14.0)",3946800.0000000033,8,-10.882116672620771,8.0,8.0,1.8791297906165557e-05,2.0269585486976775e-06,2.0269544401367193e-06
478,"(1.0, 4.0, 9.0, 9.0, 9.0)",1560000.0000000007,14,-12.42744510709749,14.0,14.0,4.007090636210649e-06,8.97435897435897e-06,8.97427843523997e-06
479,"(1.0, 4.0, 9.0, 9.0, 11.0)",4680000.000000002,33,-12.08301947501102,38.0,48.0,5.6547227612892365e-06,8.119658119658116e-06,1.0256344327562273e-05
480,"(1.0, 4.0, 9.0, 9.0, 12.0)",4485000.000000003,26,-12.168730952089255,29.0,35.0,5.1902382716079065e-06,6.465997770345593e-06,7.803748603358894e-06
481,"(1.0, 4.0, 9.0, 9.0, 13.0)",4485000.000000003,20,-12.053844578777063,22.0,26.0,5.822128864781055e-06,4.90523968784838e-06,5.797077387898964e-06
482,"(1.0, 4.0, 9.0, 9.0, 14.0)",4485000.000000003,342,-11.97721094942638,410.0,574.0,6.28584077865812e-06,9.141583054626527e-05,0.0001279738059106969
483,"(1.0, 4.0, 9.0, 11.0, 11.0)",4680000.000000002,20,-11.738593842924551,22.0,26.0,7.9798268644307e-06,4.700854700854699e-06,5.555533457520635e-06
484,"(1.0, 4.0, 9.0, 11.0, 12.0)",8970000.000000006,37,-11.824305320002788,42.0,52.0,7.324356036710511e-06,4.682274247491636e-06,5.7970795255832306e-06
485,"(1.0, 4.0, 9.0, 11.0, 13.0)",8970000.000000006,36,-11.709418946690596,44.0,64.0,8.216066867399319e-06,4.90523968784838e-06,7.134870030039431e-06
486,"(1.0, 4.0, 9.0, 11.0, 14.0)",8970000.000000006,480,-11.632785317339913,576.0,828.0,8.8704474522521e-06,6.421404682274244e-05,9.230356886388289e-05
487,"(1.0, 4.0, 9.0, 12.0, 12.0)",3946800.0000000033,11,-11.910016797081024,13.0,19.0,6.722726227510066e-06,3.2938076416337257e-06,4.8140157039882036e-06
488,"(1.0, 4.0, 9.0, 12.0, 13.0)",7893600.0000000065,18,-11.795130423768832,25.0,43.0,7.541191053466122e-06,3.167122732340121e-06,5.447441068958607e-06
489,"(1.0, 4.0, 9.0, 12.0, 14.0)",7893600.0000000065,224,-11.718496794418146,269.0,373.0,8.14182017342069e-06,3.40782405999797e-05,4.725230984003222e-05
490,"(1.0, 4.0, 9.0, 13.0, 13.0)",3946800.0000000033,15,-11.68024405045664,16.0,18.0,8.459300673610885e-06,4.053917097395355e-06,4.560640300325942e-06
491,"(1.0, 4.0, 9.0, 13.0, 14.0)",7893600.0000000065,294,-11.603610421105955,337.0,431.0,9.133053968415234e-06,4.269281443194483e-05,5.459937322913957e-05
492,"(1.0, 4.0, 9.0, 14.0, 14.0)",3946800.0000000033,293,-11.526976791755269,337.0,435.0,9.860469323450634e-06,8.538562886388966e-05,0.00011020858037981972
493,"(1.0, 4.0, 11.0, 11.0, 14.0)",4485000.000000003,6,-11.28835968525344,8.0,12.0,1.2517790503112863e-05,1.7837235228539565e-06,2.675582102611329e-06
494,"(1.0, 4.0, 11.0, 12.0, 14.0)",7893600.0000000065,5,-11.374071162331678,7.0,13.0,1.1489566878503075e-05,8.867943650552339e-07,1.646903034412617e-06
495,"(1.0, 4.0, 11.0, 13.0, 14.0)",7893600.0000000065,7,-11.259184789019486,7.0,7.0,1.2888375343593198e-05,8.867943650552339e-07,8.867935786509879e-07
496,"(1.0, 4.0, 11.0, 14.0, 14.0)",3946800.0000000033,5,-11.1825511596688,7.0,11.0,1.3914888726609604e-05,1.7735887301104677e-06,2.7870648588423228e-06
497,"(1.0, 6.0, 6.0, 6.0, 9.0)",2111200.000000001,4,-11.78774434451618,5.0,7.0,7.5970970973229944e-06,2.368321333838574e-06,3.3156442584280637e-06
498,"(1.0, 6.0, 6.0, 7.0, 8.0)",6333600.000000003,2,-10.938903759358489,4.0,10.0,1.7753928202252938e-05,6.315523556902864e-07,1.578880490367338e-06
499,"(1.0, 6.0, 6.0, 7.0, 9.0)",6333600.000000003,24,-11.583763878492984,28.0,36.0,9.316124159344064e-06,4.420866489832005e-06,5.683951657152057e-06
500,"(1.0, 6.0, 6.0, 8.0, 8.0)",2827500.000000002,2,-10.80011099329639,2.0,2.0,2.039723932869494e-05,7.073386383731206e-07,7.073381380451713e-07
501,"(1.0, 6.0, 6.0, 8.0, 9.0)",5655000.000000004,20,-11.444971112430885,31.0,63.0,1.0703164501356056e-05,5.481874447391685e-06,1.1140553503429193e-05
502,"(1.0, 6.0, 6.0, 8.0, 12.0)",5202600.000000004,1,-11.186256957422652,1.0,1.0,1.3863418391450863e-05,1.9221158651443496e-07,1.9221154956914098e-07
503,"(1.0, 6.0, 6.0, 8.0, 14.0)",5202600.000000004,9,-10.994736954759777,11.0,15.0,1.6789834319029118e-05,2.1143274516587845e-06,2.8831693273359515e-06
504,"(1.0, 6.0, 6.0, 9.0, 9.0)",2827500.000000002,13,-12.08983123156538,16.0,22.0,5.616335058731603e-06,5.658709106984965e-06,7.78069300111557e-06
505,"(1.0, 6.0, 6.0, 9.0, 11.0)",5655000.000000004,21,-11.74540559947891,26.0,36.0,7.925654938933286e-06,4.597701149425284e-06,6.366026606502227e-06
506,"(1.0, 6.0, 6.0, 9.0, 12.0)",5202600.000000004,12,-11.831117076557144,15.0,21.0,7.2746338464577865e-06,2.883173797716524e-06,4.036435004111986e-06
507,"(1.0, 6.0, 6.0, 9.0, 13.0)",5202600.000000004,10,-11.716230703244957,10.0,10.0,8.160291200861169e-06,1.9221158651443497e-06,1.9221121706149507e-06
508,"(1.0, 6.0, 6.0, 9.0, 14.0)",5202600.000000004,188,-11.639597073894269,217.0,279.0,8.810229451702012e-06,4.1709914273632384e-05,5.362529292057864e-05
509,"(1.0, 6.0, 6.0, 11.0, 13.0)",5202600.000000004,1,-11.371805071158484,1.0,1.0,1.1515632807321469e-05,1.9221158651443496e-07,1.9221154956914098e-07
510,"(1.0, 6.0, 6.0, 11.0, 14.0)",5202600.000000004,5,-11.2951714418078,5.0,5.0,1.2432812116232104e-05,9.610579325721749e-07,9.61057008939825e-07
511,"(1.0, 6.0, 6.0, 13.0, 14.0)",4402200.000000003,2,-11.265996545573843,2.0,2.0,1.2800881201081438e-05,4.5431829539775536e-07,4.5431808899264184e-07
512,"(1.0, 6.0, 7.0, 7.0, 9.0)",6333600.000000003,15,-11.379783412469788,20.0,30.0,1.1424122693245127e-05,3.1577617784514323e-06,4.736632696217699e-06
513,"(1.0, 6.0, 7.0, 7.0, 13.0)",5602800.000000001,1,-11.006182884149364,1.0,1.0,1.6598754689023205e-05,1.784821874776897e-07,1.7848215562179845e-07
514,"(1.0, 6.0, 7.0, 7.0, 14.0)",5602800.000000001,1,-10.929549254798676,1.0,1.0,1.7920786626753747e-05,1.784821874776897e-07,1.7848215562179845e-07
515,"(1.0, 6.0, 7.0, 8.0, 9.0)",11310000.000000007,54,-11.240990646407688,61.0,81.0,1.3125014477918526e-05,5.393457117595045e-06,7.161774624148167e-06
516,"(1.0, 6.0, 7.0, 8.0, 11.0)",11310000.000000007,1,-10.89656501432122,1.0,1.0,1.852174678552362e-05,8.841732979664008e-08,8.841732197901586e-08
517,"(1.0, 6.0, 7.0, 8.0, 13.0)",10405200.000000007,2,-10.867390118087265,2.0,2.0,1.907007666660159e-05,1.9221158651443496e-07,1.9221154956914098e-07
518,"(1.0, 6.0, 7.0, 8.0, 14.0)",10405200.000000007,15,-10.790756488736577,19.0,27.0,2.058894063444428e-05,1.826010071887132e-06,2.594853083632089e-06
519,"(1.0, 6.0, 7.0, 9.0, 9.0)",5655000.000000004,24,-11.885850765542184,27.0,33.0,6.887166776643888e-06,4.774535809018565e-06,5.835520970386054e-06
520,"(1.0, 6.0, 7.0, 9.0, 11.0)",11310000.000000007,53,-11.541425133455714,64.0,88.0,9.719026163459067e-06,5.658709106984965e-06,7.78069300111557e-06
521,"(1.0, 6.0, 7.0, 9.0, 12.0)",10405200.000000007,39,-11.627136610533949,42.0,48.0,8.92069579461452e-06,4.036443316803134e-06,4.613061783471789e-06
522,"(1.0, 6.0, 7.0, 9.0, 13.0)",10405200.000000007,22,-11.51225023722176,25.0,31.0,1.0006754557660426e-05,2.402644831430437e-06,2.979273818271556e-06
523,"(1.0, 6.0, 7.0, 9.0, 14.0)",10405200.000000007,509,-11.435616607871072,587.0,769.0,1.0803757065746547e-05,5.641410064198666e-05,7.3902172464049e-05
524,"(1.0, 6.0, 7.0, 11.0, 11.0)",5655000.000000004,1,-11.196999501369245,1.0,1.0,1.3715287088202606e-05,1.7683465959328016e-07,1.7683462832278333e-07
525,"(1.0, 6.0, 7.0, 11.0, 13.0)",10405200.000000007,1,-11.167824605135287,1.0,1.0,1.4121323399200163e-05,9.610579325721748e-08,9.610578402089398e-08
526,"(1.0, 6.0, 7.0, 11.0, 14.0)",10405200.000000007,13,-11.091190975784604,14.0,16.0,1.5246036721766984e-05,1.3454811056010447e-06,1.5376908817960741e-06
527,"(1.0, 6.0, 7.0, 12.0, 13.0)",8804400.000000006,1,-11.253536082213524,1.0,1.0,1.2961384005247085e-05,1.1357957384943884e-07,1.1357956094911924e-07
528,"(1.0, 6.0, 7.0, 13.0, 14.0)",8804400.000000006,3,-11.062016079550649,3.0,3.0,1.5697390344044708e-05,3.4073872154831655e-07,3.4073860544544016e-07
529,"(1.0, 6.0, 7.0, 14.0, 14.0)",4402200.000000003,2,-10.985382450199962,2.0,2.0,1.694763180869948e-05,4.5431829539775536e-07,4.5431808899264184e-07
530,"(1.0, 6.0, 8.0, 8.0, 9.0)",4680000.000000002,34,-11.102197880345589,36.0,40.0,1.5079145215013197e-05,7.692307692307689e-06,8.546949375410911e-06
531,"(1.0, 6.0, 8.0, 8.0, 11.0)",4680000.000000002,1,-10.75777224825912,3.0,9.0,2.127937533969924e-05,6.410256410256408e-07,1.92307651216305e-06
532,"(1.0, 6.0, 8.0, 8.0, 12.0)",4485000.000000003,2,-10.843483725337354,2.0,2.0,1.953146651858773e-05,4.4593088071348914e-07,4.4593068185913875e-07
533,"(1.0, 6.0, 8.0, 8.0, 13.0)",4485000.000000003,2,-10.728597352025163,2.0,2.0,2.190934385641336e-05,4.4593088071348914e-07,4.4593068185913875e-07
534,"(1.0, 6.0, 8.0, 8.0, 14.0)",4485000.000000003,34,-10.651963722674475,41.0,61.0,2.3654345385477066e-05,9.141583054626528e-06,1.3600808293220674e-05
535,"(1.0, 6.0, 8.0, 9.0, 9.0)",4680000.000000002,47,-11.747057999480084,51.0,59.0,7.912569400951804e-06,1.0897435897435893e-05,1.2606718852728465e-05
536,"(1.0, 6.0, 8.0, 9.0, 11.0)",9360000.000000004,46,-11.402632367393617,55.0,75.0,1.1166052968084303e-05,5.876068376068373e-06,8.012785984640949e-06
537,"(1.0, 6.0, 8.0, 9.0, 12.0)",8970000.000000006,74,-11.48834384447185,84.0,106.0,1.024886239419087e-05,9.364548494983272e-06,1.1817080644138947e-05
538,"(1.0, 6.0, 8.0, 9.0, 13.0)",8970000.000000006,78,-11.37345747115966,99.0,149.0,1.1496620088291639e-05,1.1036789297658856e-05,1.661080349585947e-05
539,"(1.0, 6.0, 8.0, 9.0, 14.0)",8970000.000000006,1255,-11.296823841808973,1525.0,2171.0,1.2412285101566827e-05,0.00017001114827201773,0.00024200008171670946
540,"(1.0, 6.0, 8.0, 11.0, 11.0)",4680000.000000002,1,-11.058206735307143,1.0,1.0,1.575730114557568e-05,2.136752136752136e-07,2.1367516801811667e-07
541,"(1.0, 6.0, 8.0, 11.0, 12.0)",8970000.000000006,3,-11.14391821238538,5.0,9.0,1.4462980930363383e-05,5.574136008918614e-07,1.003344170895428e-06
542,"(1.0, 6.0, 8.0, 11.0, 13.0)",8970000.000000006,4,-11.02903183907319,4.0,4.0,1.6223790573560725e-05,4.4593088071348914e-07,4.4593068185913875e-07
543,"(1.0, 6.0, 8.0, 11.0, 14.0)",8970000.000000006,58,-10.952398209722505,68.0,90.0,1.751595794943512e-05,7.5808249721293155e-06,1.0033387347146247e-05
544,"(1.0, 6.0, 8.0, 12.0, 12.0)",3946800.0000000033,2,-11.229629689463618,2.0,2.0,1.3274977450741129e-05,5.067396371744194e-07,5.067393803893595e-07
545,"(1.0, 6.0, 8.0, 12.0, 13.0)",7893600.0000000065,2,-11.114743316151426,2.0,2.0,1.4891152457887832e-05,2.533698185872097e-07,2.5336975439094473e-07
546,"(1.0, 6.0, 8.0, 12.0, 14.0)",7893600.0000000065,9,-11.03810968680074,13.0,27.0,1.6077179934512967e-05,1.6469038208168628e-06,3.4204898386351357e-06
547,"(1.0, 6.0, 8.0, 13.0, 14.0)",7893600.0000000065,20,-10.923223313488547,25.0,37.0,1.8034511801326018e-05,3.167122732340121e-06,4.687331613196978e-06
548,"(1.0, 6.0, 8.0, 14.0, 14.0)",3946800.0000000033,15,-10.846589684137864,16.0,18.0,1.9470896700639975e-05,4.053917097395355e-06,4.560640300325942e-06
549,"(1.0, 6.0, 9.0, 9.0, 9.0)",1560000.0000000007,18,-12.39191811861458,23.0,33.0,4.152009522565235e-06,1.4743589743589737e-05,2.1153628780407616e-05
550,"(1.0, 6.0, 9.0, 9.0, 11.0)",4680000.000000002,24,-12.04749248652811,27.0,35.0,5.859229272273692e-06,5.769230769230767e-06,7.478599194608807e-06
551,"(1.0, 6.0, 9.0, 9.0, 12.0)",4485000.000000003,29,-12.133203963606343,38.0,64.0,5.377946416624485e-06,8.472686733556293e-06,1.4269716396411167e-05
552,"(1.0, 6.0, 9.0, 9.0, 13.0)",4485000.000000003,28,-12.018317590294156,32.0,42.0,6.032689719999133e-06,7.134894091415826e-06,9.364497588269576e-06
553,"(1.0, 6.0, 9.0, 9.0, 14.0)",4485000.000000003,330,-11.941683960943468,386.0,504.0,6.5131720591671265e-06,8.60646599777034e-05,0.00011236717481410219
554,"(1.0, 6.0, 9.0, 11.0, 11.0)",4680000.000000002,29,-11.70306685444164,33.0,41.0,8.268422188940078e-06,7.051282051282048e-06,8.760634040105189e-06
555,"(1.0, 6.0, 9.0, 11.0, 12.0)",8970000.000000006,30,-11.788778331519875,32.0,36.0,7.5892458573980664e-06,3.567447045707913e-06,4.013365199742978e-06
556,"(1.0, 6.0, 9.0, 11.0, 13.0)",8970000.000000006,28,-11.673891958207683,33.0,43.0,8.513205956263138e-06,3.6789297658862852e-06,4.793743433145786e-06
557,"(1.0, 6.0, 9.0, 11.0, 14.0)",8970000.000000006,465,-11.597258328857,560.0,792.0,9.19125261563691e-06,6.243032329988849e-05,8.829041683600352e-05
558,"(1.0, 6.0, 9.0, 12.0, 12.0)",3946800.0000000033,16,-11.874489808598112,19.0,27.0,6.965857737776797e-06,4.814026553156984e-06,6.840961927003007e-06
559,"(1.0, 6.0, 9.0, 12.0, 13.0)",7893600.0000000065,21,-11.75960343528592,25.0,33.0,7.813922845300258e-06,3.167122732340121e-06,4.180591976022558e-06
560,"(1.0, 6.0, 9.0, 12.0, 14.0)",7893600.0000000065,273,-11.682969805935237,326.0,454.0,8.436274085136337e-06,4.129928042971518e-05,5.751324318873259e-05
561,"(1.0, 6.0, 9.0, 13.0, 13.0)",3946800.0000000033,8,-11.64471706197373,9.0,11.0,8.765236462005622e-06,2.2803283672848873e-06,2.787062804561844e-06
562,"(1.0, 6.0, 9.0, 13.0, 14.0)",7893600.0000000065,287,-11.568083432623045,330.0,430.0,9.463356457248053e-06,4.1806020066889596e-05,5.4472763252936246e-05
563,"(1.0, 6.0, 9.0, 14.0, 14.0)",3946800.0000000033,288,-11.491449803272358,346.0,512.0,1.0217079233986457e-05,8.766595723117456e-05,0.0001297176617965941
564,"(1.0, 6.0, 11.0, 11.0, 11.0)",1560000.0000000007,1,-11.358641222355171,1.0,1.0,1.1668225003256562e-05,6.410256410256408e-07,6.410252301117684e-07
565,"(1.0, 6.0, 11.0, 11.0, 12.0)",4485000.000000003,3,-11.444352699433407,5.0,9.0,1.0709785524450193e-05,1.1148272017837227e-06,2.0066877203710116e-06
566,"(1.0, 6.0, 11.0, 11.0, 13.0)",4485000.000000003,2,-11.329466326121215,2.0,2.0,1.2013658752163404e-05,4.4593088071348914e-07,4.4593068185913875e-07
567,"(1.0, 6.0, 11.0, 11.0, 14.0)",4485000.000000003,7,-11.25283269677053,9.0,13.0,1.2970504061158686e-05,2.0066889632107012e-06,2.8985466978370843e-06
568,"(1.0, 6.0, 11.0, 12.0, 14.0)",7893600.0000000065,2,-11.338544173848764,3.0,5.0,1.1905094099595317e-05,3.8005472788081454e-07,6.33424402026428e-07
569,"(1.0, 6.0, 11.0, 13.0, 13.0)",3946800.0000000033,1,-11.30029142988726,1.0,1.0,1.2369318947239269e-05,2.533698185872097e-07,2.5336975439094473e-07
570,"(1.0, 6.0, 11.0, 13.0, 14.0)",7893600.0000000065,7,-11.223657800536577,9.0,15.0,1.3354491329299875e-05,1.1401641836424437e-06,1.900272339429707e-06
571,"(1.0, 6.0, 11.0, 14.0, 14.0)",3946800.0000000033,5,-11.147024171185889,6.0,8.0,1.4418129197335562e-05,1.5202189115232582e-06,2.0269562376321388e-06
572,"(1.0, 6.0, 12.0, 12.0, 13.0)",3187800.0000000014,1,-11.500889280277688,2.0,4.0,1.0121089110532562e-05,6.273919317397576e-07,1.2547834698588792e-06
573,"(1.0, 6.0, 12.0, 13.0, 14.0)",6375600.000000003,1,-11.30936927761481,2.0,4.0,1.2257540275835829e-05,3.136959658698788e-07,6.273918333345986e-07
574,"(1.0, 6.0, 13.0, 14.0, 14.0)",3187800.0000000014,2,-11.117849274951933,2.0,2.0,1.4844972904880523e-05,6.273919317397576e-07,6.273915381191216e-07
575,"(1.0, 7.0, 7.0, 7.0, 9.0)",2111200.000000001,3,-11.175802946446591,3.0,3.0,1.4009106907341536e-05,1.4209928003031446e-06,1.420990781082606e-06
576,"(1.0, 7.0, 7.0, 7.0, 12.0)",1867600.0,2,-10.917088791438356,3.0,5.0,1.814548494722603e-05,1.6063396872992075e-06,2.677230231838155e-06
577,"(1.0, 7.0, 7.0, 8.0, 9.0)",5655000.000000004,42,-11.037010180384492,49.0,65.0,1.6094866618535606e-05,8.664898320070729e-06,1.1494177793100314e-05
578,"(1.0, 7.0, 7.0, 8.0, 11.0)",5655000.000000004,1,-10.692584548298022,1.0,1.0,2.2712740207397453e-05,1.7683465959328016e-07,1.7683462832278333e-07
579,"(1.0, 7.0, 7.0, 8.0, 12.0)",5202600.000000004,1,-10.778296025376257,1.0,1.0,2.0847093386174308e-05,1.9221158651443496e-07,1.9221154956914098e-07
580,"(1.0, 7.0, 7.0, 8.0, 13.0)",5202600.000000004,3,-10.663409652064066,3.0,3.0,2.3385142993219527e-05,5.766347595433048e-07,5.766344270356589e-07
581,"(1.0, 7.0, 7.0, 8.0, 14.0)",5202600.000000004,6,-10.58677602271338,7.0,9.0,2.524768668909545e-05,1.3454811056010447e-06,1.729902468310509e-06
582,"(1.0, 7.0, 7.0, 9.0, 9.0)",2827500.000000002,13,-11.681870299518987,13.0,13.0,8.445554923858065e-06,4.597701149425284e-06,4.597680010569425e-06
583,"(1.0, 7.0, 7.0, 9.0, 11.0)",5655000.000000004,22,-11.337444667432518,30.0,50.0,1.1918191025701554e-05,5.305039787798405e-06,8.841704836216858e-06
584,"(1.0, 7.0, 7.0, 9.0, 12.0)",5202600.000000004,13,-11.423156144510752,15.0,19.0,1.0939219091941295e-05,2.883173797716524e-06,3.652011831083116e-06
585,"(1.0, 7.0, 7.0, 9.0, 13.0)",5202600.000000004,13,-11.308269771198562,14.0,16.0,1.2271024931890967e-05,2.6909622112020893e-06,3.075378142953337e-06
586,"(1.0, 7.0, 7.0, 9.0, 14.0)",5202600.000000004,285,-11.231636141847876,344.0,484.0,1.3248368544263002e-05,6.612078576096562e-05,9.302603591467687e-05
587,"(1.0, 7.0, 7.0, 11.0, 14.0)",5202600.000000004,5,-10.887210509761406,5.0,5.0,1.869582147211854e-05,9.610579325721749e-07,9.61057008939825e-07
588,"(1.0, 7.0, 8.0, 8.0, 9.0)",4680000.000000002,47,-10.898217414322392,62.0,100.0,1.8491166723318975e-05,1.3247863247863243e-05,2.1367345861640723e-05
589,"(1.0, 7.0, 8.0, 8.0, 11.0)",4680000.000000002,1,-10.553791782235924,1.0,1.0,2.6094348954389054e-05,2.136752136752136e-07,2.1367516801811667e-07
590,"(1.0, 7.0, 8.0, 8.0, 12.0)",4485000.000000003,3,-10.639503259314155,4.0,6.0,2.395093346448768e-05,8.918617614269783e-07,1.3377918467230659e-06
591,"(1.0, 7.0, 8.0, 8.0, 13.0)",4485000.000000003,5,-10.524616886001969,5.0,5.0,2.686686309275048e-05,1.1148272017837227e-06,1.1148259589440329e-06
592,"(1.0, 7.0, 8.0, 8.0, 14.0)",4485000.000000003,38,-10.44798325665128,44.0,56.0,2.900671344542415e-05,9.81047937569676e-06,1.2485968414472115e-05
593,"(1.0, 7.0, 8.0, 9.0, 9.0)",4680000.000000002,56,-11.543077533456888,72.0,110.0,9.702979705849588e-06,1.5384615384615377e-05,2.350403681788296e-05
594,"(1.0, 7.0, 8.0, 9.0, 11.0)",9360000.000000004,65,-11.198651901370418,77.0,105.0,1.3692642661779501e-05,8.226495726495723e-06,1.1217881042716776e-05
595,"(1.0, 7.0, 8.0, 9.0, 12.0)",8970000.000000006,100,-11.284363378448653,117.0,151.0,1.2567915525254898e-05,1.3043478260869557e-05,1.6833720614609074e-05
596,"(1.0, 7.0, 8.0, 9.0, 13.0)",8970000.000000006,70,-11.169477005136462,84.0,114.0,1.4098008592397067e-05,9.364548494983272e-06,1.2708942405565926e-05
597,"(1.0, 7.0, 8.0, 9.0, 14.0)",8970000.000000006,1597,-11.092843375785776,1898.0,2626.0,1.5220864973296139e-05,0.0002115942028985506,0.0002927088510817053
598,"(1.0, 7.0, 8.0, 11.0, 11.0)",4680000.000000002,2,-10.854226269283949,3.0,5.0,1.9322771844009295e-05,6.410256410256408e-07,1.0683756574621955e-06
599,"(1.0, 7.0, 8.0, 11.0, 12.0)",8970000.000000006,3,-10.939937746362183,3.0,3.0,1.7735580358577922e-05,3.3444816053511685e-07,3.344480486795448e-07
600,"(1.0, 7.0, 8.0, 11.0, 13.0)",8970000.000000006,3,-10.825051373049993,3.0,3.0,1.989481579375185e-05,3.3444816053511685e-07,3.344480486795448e-07
601,"(1.0, 7.0, 8.0, 11.0, 14.0)",8970000.000000006,54,-10.748417743699306,75.0,139.0,2.147936730784818e-05,8.361204013377921e-06,1.5496028195061193e-05
602,"(1.0, 7.0, 8.0, 12.0, 12.0)",3946800.0000000033,2,-11.02564922344042,4.0,10.0,1.6278762342944897e-05,1.0134792743488388e-06,2.5336971587318573e-06
603,"(1.0, 7.0, 8.0, 12.0, 13.0)",7893600.0000000065,1,-10.91076285012823,1.0,1.0,1.8260636055617696e-05,1.2668490929360485e-07,1.266848932445386e-07
604,"(1.0, 7.0, 8.0, 12.0, 14.0)",7893600.0000000065,9,-10.834129220777545,9.0,9.0,1.971503094975779e-05,1.1401641836424437e-06,1.140162883668078e-06
605,"(1.0, 7.0, 8.0, 13.0, 14.0)",7893600.0000000065,38,-10.71924284746535,43.0,53.0,2.211525651732317e-05,5.447451099625008e-06,6.714270517837574e-06
606,"(1.0, 7.0, 8.0, 14.0, 14.0)",3946800.0000000033,8,-10.642609218114666,8.0,8.0,2.3876658259487466e-05,2.0269585486976775e-06,2.0269544401367193e-06
607,"(1.0, 7.0, 9.0, 9.0, 9.0)",1560000.0000000007,21,-12.187937652591383,24.0,30.0,5.091502152398006e-06,1.5384615384615377e-05,1.923053254437869e-05
608,"(1.0, 7.0, 9.0, 9.0, 11.0)",4680000.000000002,44,-11.843512020504914,50.0,66.0,7.185021683848073e-06,1.0683760683760679e-05,1.4102449959821749e-05
609,"(1.0, 7.0, 9.0, 9.0, 12.0)",4485000.000000003,27,-11.929223497583148,34.0,48.0,6.5948369354430946e-06,7.5808249721293155e-06,1.0702283668216482e-05
610,"(1.0, 7.0, 9.0, 9.0, 13.0)",4485000.000000003,24,-11.814337124270958,28.0,36.0,7.397731755477297e-06,6.2430323299888475e-06,8.026716877390131e-06
611,"(1.0, 7.0, 9.0, 9.0, 14.0)",4485000.000000003,384,-11.737703494920272,446.0,584.0,7.986934851175297e-06,9.944258639910808e-05,0.0001302019283403491
612,"(1.0, 7.0, 9.0, 11.0, 11.0)",4680000.000000002,32,-11.499086388418444,45.0,87.0,1.0139352798476728e-05,9.615384615384612e-06,1.8589651134122282e-05
613,"(1.0, 7.0, 9.0, 11.0, 12.0)",8970000.000000006,34,-11.58479786549668,40.0,60.0,9.306496386392313e-06,4.459308807134891e-06,6.6889433252673e-06
614,"(1.0, 7.0, 9.0, 11.0, 13.0)",8970000.000000006,41,-11.469911492184488,48.0,62.0,1.0439524816730521e-05,5.35117056856187e-06,6.9119000160326285e-06
615,"(1.0, 7.0, 9.0, 11.0, 14.0)",8970000.000000006,595,-11.393277862833802,702.0,964.0,1.127099594098148e-05,7.826086956521734e-05,0.00010746321748824578
616,"(1.0, 7.0, 9.0, 12.0, 12.0)",3946800.0000000033,11,-11.670509342574915,11.0,11.0,8.542051619206426e-06,2.7870680044593065e-06,2.7870602367112452e-06
617,"(1.0, 7.0, 9.0, 12.0, 13.0)",7893600.0000000065,19,-11.555622969262725,23.0,33.0,9.5820119798131e-06,2.913752913752911e-06,4.180593516732917e-06
618,"(1.0, 7.0, 9.0, 12.0, 14.0)",7893600.0000000065,326,-11.478989339912038,384.0,514.0,1.0345185248070774e-05,4.864700516874426e-05,6.5113676845801e-05
619,"(1.0, 7.0, 9.0, 13.0, 13.0)",3946800.0000000033,20,-11.440736595950533,24.0,32.0,1.074858332333652e-05,6.080875646093033e-06,8.107797217742086e-06
620,"(1.0, 7.0, 9.0, 13.0, 14.0)",7893600.0000000065,378,-11.364102966599846,444.0,602.0,1.1604669861455282e-05,5.624809972636055e-05,7.626115154602728e-05
621,"(1.0, 7.0, 9.0, 14.0, 14.0)",3946800.0000000033,357,-11.287469337249162,410.0,526.0,1.2528940655926852e-05,0.00010388162562075597,0.00013326173318473067
622,"(1.0, 7.0, 11.0, 11.0, 12.0)",4485000.000000003,1,-11.240372233410213,1.0,1.0,1.3133133667711219e-05,2.2296544035674457e-07,2.2296539064315698e-07
623,"(1.0, 7.0, 11.0, 11.0, 13.0)",4485000.000000003,1,-11.12548586009802,1.0,1.0,1.4732039765897229e-05,2.2296544035674457e-07,2.2296539064315698e-07
624,"(1.0, 7.0, 11.0, 11.0, 14.0)",4485000.000000003,15,-11.048852230747334,21.0,39.0,1.5905394480953756e-05,4.682274247491636e-06,8.69563025022091e-06
625,"(1.0, 7.0, 11.0, 12.0, 14.0)",7893600.0000000065,7,-11.134563707825569,8.0,10.0,1.4598909733506734e-05,1.0134792743488388e-06,1.266848065795809e-06
626,"(1.0, 7.0, 11.0, 13.0, 14.0)",7893600.0000000065,6,-11.019677334513378,7.0,9.0,1.6376268160700643e-05,8.867943650552339e-07,1.1401633972381977e-06
627,"(1.0, 7.0, 11.0, 14.0, 14.0)",3946800.0000000033,3,-10.943043705162692,3.0,3.0,1.7680579835576028e-05,7.601094557616291e-07,7.601088779952444e-07
628,"(1.0, 7.0, 13.0, 13.0, 14.0)",3187800.0000000014,1,-10.990502438279425,1.0,1.0,1.6861081892204403e-05,3.136959658698788e-07,3.136958674647198e-07
629,"(1.0, 7.0, 13.0, 14.0, 14.0)",3187800.0000000014,1,-10.913868808928736,1.0,1.0,1.820400726123376e-05,3.136959658698788e-07,3.136958674647198e-07
630,"(1.0, 8.0, 8.0, 8.0, 9.0)",1196000.0000000002,28,-10.759424648260293,34.0,48.0,2.1244242334745666e-05,2.8428093645484944e-05,4.0132971107705725e-05
631,"(1.0, 8.0, 8.0, 8.0, 13.0)",1196000.0000000002,5,-10.385824119939867,6.0,8.0,3.086696252633106e-05,5.016722408026755e-06,6.688938043198621e-06
632,"(1.0, 8.0, 8.0, 8.0, 14.0)",1196000.0000000002,25,-10.30919049058918,37.0,69.0,3.332540661114709e-05,3.093645484949832e-05,5.7691350628069026e-05
633,"(1.0, 8.0, 8.0, 9.0, 9.0)",1794000.0000000002,35,-11.404284767394788,42.0,58.0,1.114761741779316e-05,2.341137123745819e-05,3.232944075942476e-05
634,"(1.0, 8.0, 8.0, 9.0, 11.0)",3588000.0000000005,41,-11.05985913530832,45.0,53.0,1.5731285281370737e-05,1.2541806020066889e-05,1.477130312673609e-05
635,"(1.0, 8.0, 8.0, 9.0, 12.0)",3588000.0000000005,56,-11.145570612386551,66.0,88.0,1.44391020348339e-05,1.8394648829431436e-05,2.452586007613636e-05
636,"(1.0, 8.0, 8.0, 9.0, 13.0)",3588000.0000000005,49,-11.030684239074365,63.0,97.0,1.61970045187312e-05,1.7558528428093644e-05,2.703425134133473e-05
637,"(1.0, 8.0, 8.0, 9.0, 14.0)",3588000.0000000005,1016,-10.954050609723677,1212.0,1670.0,1.7487038480344535e-05,0.0003377926421404682,0.00046532625287562025
638,"(1.0, 8.0, 8.0, 11.0, 11.0)",1794000.0000000002,1,-10.715433503221847,1.0,1.0,2.219966180476115e-05,5.574136008918617e-07,5.574132901819393e-07
639,"(1.0, 8.0, 8.0, 11.0, 12.0)",3588000.0000000005,4,-10.801144980300084,5.0,7.0,2.0376159748202028e-05,1.3935340022296543e-06,1.9509456611845005e-06
640,"(1.0, 8.0, 8.0, 11.0, 13.0)",3588000.0000000005,1,-10.686258606987892,1.0,1.0,2.2856875082662667e-05,2.7870680044593084e-07,2.787067227684502e-07
641,"(1.0, 8.0, 8.0, 11.0, 14.0)",3588000.0000000005,62,-10.609624977637209,75.0,103.0,2.467734411314832e-05,2.0903010033444815e-05,2.870636351010242e-05
642,"(1.0, 8.0, 8.0, 12.0, 12.0)",1644500.0000000005,1,-10.886856457378322,1.0,1.0,1.8702441944192262e-05,6.080875646093036e-07,6.080871948388173e-07
643,"(1.0, 8.0, 8.0, 12.0, 13.0)",3289000.000000001,1,-10.77197008406613,2.0,4.0,2.0979388881011967e-05,6.080875646093036e-07,1.2161747594481208e-06
644,"(1.0, 8.0, 8.0, 12.0, 14.0)",3289000.000000001,19,-10.695336454715443,20.0,22.0,2.2650322794693314e-05,6.080875646093036e-06,6.6889262336537165e-06
645,"(1.0, 8.0, 8.0, 13.0, 13.0)",1644500.0000000005,2,-10.657083710753938,2.0,2.0,2.3533544931409624e-05,1.2161751292186071e-06,1.2161736501366622e-06
646,"(1.0, 8.0, 8.0, 13.0, 14.0)",3289000.000000001,57,-10.580450081403251,64.0,78.0,2.5407908315303356e-05,1.9458802067497714e-05,2.3715036374784938e-05
647,"(1.0, 8.0, 8.0, 14.0, 14.0)",1644500.0000000005,24,-10.503816452052568,26.0,30.0,2.7431558094643198e-05,1.5810276679841892e-05,1.8242376973430413e-05
648,"(1.0, 8.0, 9.0, 9.0, 9.0)",1196000.0000000002,24,-12.049144886529284,29.0,41.0,5.849555476508509e-06,2.4247491638795982e-05,3.428034851399872e-05
649,"(1.0, 8.0, 9.0, 9.0, 11.0)",3588000.0000000005,55,-11.704719254442814,66.0,88.0,8.254770730046907e-06,1.8394648829431436e-05,2.452586007613636e-05
650,"(1.0, 8.0, 9.0, 9.0, 12.0)",3588000.0000000005,51,-11.790430731521049,69.0,111.0,7.576715742766158e-06,1.9230769230769228e-05,3.0936085027013116e-05
651,"(1.0, 8.0, 9.0, 9.0, 13.0)",3588000.0000000005,54,-11.675544358208858,59.0,69.0,8.499150350670502e-06,1.644370122630992e-05,1.9230498835459207e-05
652,"(1.0, 8.0, 9.0, 9.0, 14.0)",3588000.0000000005,787,-11.598910728858172,917.0,1223.0,9.17607753091194e-06,0.0002555741360089186,0.00034079309880637675
653,"(1.0, 8.0, 9.0, 11.0, 11.0)",3588000.0000000005,35,-11.360293622356345,41.0,55.0,1.1648960349088165e-05,1.1426978818283164e-05,1.5328743448681283e-05
654,"(1.0, 8.0, 9.0, 11.0, 12.0)",7176000.000000001,66,-11.44600509943458,80.0,110.0,1.0692103287924207e-05,1.1148272017837235e-05,1.532874974055721e-05
655,"(1.0, 8.0, 9.0, 11.0, 13.0)",7176000.000000001,69,-11.331118726122387,78.0,100.0,1.1993823774598889e-05,1.0869565217391303e-05,1.3935221874848527e-05
656,"(1.0, 8.0, 9.0, 11.0, 14.0)",7176000.000000001,1257,-11.254485096771704,1497.0,2057.0,1.2949089297982773e-05,0.00020861204013377925,0.0002866064252753511
657,"(1.0, 8.0, 9.0, 12.0, 12.0)",3289000.000000001,41,-11.531716576512816,48.0,64.0,9.813843406943012e-06,1.4594101550623285e-05,1.9458589079697645e-05
658,"(1.0, 8.0, 9.0, 12.0, 13.0)",6578000.000000002,84,-11.416830203200623,92.0,110.0,1.1008639292450692e-05,1.3986013986013981e-05,1.6722212418168633e-05
659,"(1.0, 8.0, 9.0, 12.0, 14.0)",6578000.000000002,721,-11.34019657384994,846.0,1148.0,1.188543836613051e-05,0.0001286105199148677,0.00017450459037703735
660,"(1.0, 8.0, 9.0, 13.0, 13.0)",3289000.000000001,32,-11.301943829888431,37.0,47.0,1.2348896762052541e-05,1.1249619945272117e-05,1.428993121436972e-05
661,"(1.0, 8.0, 9.0, 13.0, 14.0)",6578000.000000002,1002,-11.225310200537749,1182.0,1632.0,1.33324425894974e-05,0.0001796898753420492,0.0002480674379092954
662,"(1.0, 8.0, 9.0, 14.0, 14.0)",3289000.000000001,784,-11.148676571187062,912.0,1198.0,1.4394324353611311e-05,0.00027728792946184243,0.0003641675626051476
663,"(1.0, 8.0, 11.0, 11.0, 11.0)",1196000.0000000002,1,-11.015867990269877,1.0,1.0,1.643876997342807e-05,8.361204013377925e-07,8.36119702240467e-07
664,"(1.0, 8.0, 11.0, 11.0, 13.0)",3588000.0000000005,4,-10.98669309403592,5.0,7.0,1.6925434049391127e-05,1.3935340022296543e-06,1.9509456611845005e-06
665,"(1.0, 8.0, 11.0, 11.0, 14.0)",3588000.0000000005,34,-10.910059464685236,41.0,57.0,1.827348483949303e-05,1.1426978818283164e-05,1.5886157049573145e-05
666,"(1.0, 8.0, 11.0, 12.0, 13.0)",6578000.000000002,3,-11.072404571114156,4.0,6.0,1.5535162248466608e-05,6.080875646093036e-07,9.121309771434691e-07
667,"(1.0, 8.0, 11.0, 12.0, 14.0)",6578000.000000002,38,-10.99577094176347,50.0,78.0,1.6772482820706885e-05,7.601094557616295e-06,1.1857649733242945e-05
668,"(1.0, 8.0, 11.0, 13.0, 13.0)",3289000.000000001,2,-10.957518197801964,2.0,2.0,1.74265056463071e-05,6.080875646093036e-07,6.080871948388173e-07
669,"(1.0, 8.0, 11.0, 13.0, 14.0)",6578000.000000002,59,-10.88088456845128,62.0,68.0,1.8814465011878863e-05,9.425357251444206e-06,1.0337399760998844e-05
670,"(1.0, 8.0, 11.0, 14.0, 14.0)",3289000.000000001,30,-10.804250939100593,39.0,65.0,2.031297041803843e-05,1.1857707509881419e-05,1.9762705244574977e-05
671,"(1.0, 8.0, 12.0, 12.0, 13.0)",2762760.0000000005,2,-11.158116048192392,2.0,2.0,1.425908874076196e-05,7.239137673920282e-07,7.239132433408856e-07
672,"(1.0, 8.0, 12.0, 12.0, 14.0)",2762760.0000000005,3,-11.081482418841706,3.0,3.0,1.5394774584151586e-05,1.0858706510880423e-06,1.0858694719729715e-06
673,"(1.0, 8.0, 12.0, 13.0, 13.0)",2762760.0000000005,1,-11.0432296748802,1.0,1.0,1.5995075331550465e-05,3.619568836960141e-07,3.6195675268322844e-07
674,"(1.0, 8.0, 12.0, 13.0, 14.0)",5525520.000000001,7,-10.966596045529514,11.0,23.0,1.726902634961684e-05,1.9907628603280775e-06,4.162500199367395e-06
675,"(1.0, 8.0, 12.0, 14.0, 14.0)",2762760.0000000005,6,-10.889962416178829,8.0,12.0,1.8644443047762292e-05,2.8956550695681127e-06,4.343474219533887e-06
676,"(1.0, 8.0, 13.0, 13.0, 13.0)",920920.0,1,-10.928343301568008,1.0,1.0,1.7942411293830186e-05,1.0858706510880423e-06,1.0858694719729715e-06
677,"(1.0, 8.0, 13.0, 13.0, 14.0)",2762760.0000000005,10,-10.851709672217323,11.0,13.0,1.937146071438858e-05,3.981525720656155e-06,4.705423635501118e-06
678,"(1.0, 8.0, 13.0, 14.0, 14.0)",2762760.0000000005,10,-10.775076042866637,10.0,10.0,2.0914328852674238e-05,3.6195688369601407e-06,3.6195557356815753e-06
679,"(1.0, 8.0, 14.0, 14.0, 14.0)",920920.0,3,-10.698442413515952,3.0,3.0,2.258008096585644e-05,3.2576119532641273e-06,3.2576013412284893e-06
680,"(1.0, 9.0, 9.0, 9.0, 9.0)",299000.00000000006,3,-12.694005005663778,5.0,9.0,3.0694719768670157e-06,1.672240802675585e-05,3.0100054809230315e-05
681,"(1.0, 9.0, 9.0, 9.0, 11.0)",1196000.0000000002,15,-12.349579373577308,17.0,23.0,4.331574857798377e-06,1.4214046822742472e-05,1.9230567191642148e-05
682,"(1.0, 9.0, 9.0, 9.0, 12.0)",1196000.0000000002,11,-12.435290850655544,12.0,14.0,3.975775038377654e-06,1.003344481605351e-05,1.1705584948714218e-05
683,"(1.0, 9.0, 9.0, 9.0, 13.0)",1196000.0000000002,9,-12.320404477343352,9.0,9.0,4.459809627129814e-06,7.525083612040132e-06,7.525026985156764e-06
684,"(1.0, 9.0, 9.0, 9.0, 14.0)",1196000.0000000002,127,-12.243770847992668,142.0,174.0,4.8150176456664405e-06,0.00011872909698996654,0.00014547085323430382
685,"(1.0, 9.0, 9.0, 11.0, 11.0)",1794000.0000000002,12,-12.00515374149084,15.0,21.0,6.112628129565711e-06,8.361204013377925e-06,1.1705615708996541e-05
686,"(1.0, 9.0, 9.0, 11.0, 12.0)",3588000.0000000005,28,-12.090865218569077,36.0,66.0,5.610530842531652e-06,1.003344481605351e-05,1.839454815941656e-05
687,"(1.0, 9.0, 9.0, 11.0, 13.0)",3588000.0000000005,23,-11.975978845256884,28.0,40.0,6.293590362457174e-06,7.803790412486064e-06,1.1148211118692433e-05
688,"(1.0, 9.0, 9.0, 11.0, 14.0)",3588000.0000000005,294,-11.899345215906198,340.0,448.0,6.794852512422169e-06,9.476031215161649e-05,0.00012485166708301796
689,"(1.0, 9.0, 9.0, 12.0, 12.0)",1644500.0000000005,11,-12.176576695647311,13.0,17.0,5.149676320524904e-06,7.905138339920946e-06,1.0337426107145988e-05
690,"(1.0, 9.0, 9.0, 12.0, 13.0)",3289000.000000001,21,-12.06169032233512,25.0,33.0,5.776628659616278e-06,7.601094557616295e-06,1.0033387039415034e-05
691,"(1.0, 9.0, 9.0, 12.0, 14.0)",3289000.000000001,199,-11.985056692984434,229.0,299.0,6.2367166435342765e-06,6.962602614776526e-05,9.090424312557376e-05
692,"(1.0, 9.0, 9.0, 13.0, 13.0)",1644500.0000000005,9,-11.946803949022929,11.0,15.0,6.479909919406135e-06,6.688963210702339e-06,9.121268726910718e-06
693,"(1.0, 9.0, 9.0, 13.0, 14.0)",3289000.000000001,280,-11.870170319672242,340.0,492.0,6.9960117612350764e-06,0.0001033748859835816,0.00014957885452683656
694,"(1.0, 9.0, 9.0, 14.0, 14.0)",1644500.0000000005,179,-11.793536690321556,213.0,295.0,7.553219284231208e-06,0.00012952265126178167,0.00017936905544255465
695,"(1.0, 9.0, 11.0, 11.0, 11.0)",1196000.0000000002,8,-11.66072810940437,10.0,14.0,8.626013373193625e-06,8.361204013377925e-06,1.1705615708996541e-05
696,"(1.0, 9.0, 11.0, 11.0, 12.0)",3588000.0000000005,18,-11.746439586482603,19.0,21.0,7.917464150045058e-06,5.295429208472686e-06,5.852814767794046e-06
697,"(1.0, 9.0, 11.0, 11.0, 13.0)",3588000.0000000005,15,-11.631553213170417,19.0,27.0,8.8813835033369e-06,5.295429208472686e-06,7.525055570469631e-06
698,"(1.0, 9.0, 11.0, 11.0, 14.0)",3588000.0000000005,215,-11.554919583819729,254.0,354.0,9.588754198465565e-06,7.079152731326644e-05,9.865719591752018e-05
699,"(1.0, 9.0, 11.0, 12.0, 12.0)",3289000.000000001,14,-11.832151063560843,18.0,26.0,7.267115857025367e-06,5.472788081483732e-06,7.905108388511562e-06
700,"(1.0, 9.0, 11.0, 12.0, 13.0)",6578000.000000002,29,-11.717264690248651,34.0,46.0,8.15185792651251e-06,5.168744299179081e-06,6.99298027708936e-06
701,"(1.0, 9.0, 11.0, 12.0, 14.0)",6578000.000000002,290,-11.640631060897965,342.0,470.0,8.801124496963002e-06,5.1991486774095455e-05,7.14475857268962e-05
702,"(1.0, 9.0, 11.0, 13.0, 13.0)",3289000.000000001,16,-11.60237831693646,19.0,25.0,9.144313777494367e-06,5.776831863788384e-06,7.601061185829912e-06
703,"(1.0, 9.0, 11.0, 13.0, 14.0)",6578000.000000002,303,-11.525744687585773,348.0,456.0,9.872625936386093e-06,5.290361812100941e-05,6.931918357265032e-05
704,"(1.0, 9.0, 11.0, 14.0, 14.0)",3289000.000000001,315,-11.449111058235088,363.0,471.0,1.0658945575521429e-05,0.0001103678929765886,0.00014319244039369088
705,"(1.0, 9.0, 12.0, 12.0, 12.0)",920920.0,2,-11.917862540639078,2.0,2.0,6.670187812486561e-06,2.1717413021760846e-06,2.1717365857158012e-06
706,"(1.0, 9.0, 12.0, 12.0, 13.0)",2762760.0000000005,10,-11.802976167326888,12.0,16.0,7.48225629814062e-06,4.343482604352169e-06,5.791291273295091e-06
707,"(1.0, 9.0, 12.0, 12.0, 14.0)",2762760.0000000005,78,-11.7263425379762,92.0,122.0,8.078191473866111e-06,3.330003330003329e-05,4.4157630918695934e-05
708,"(1.0, 9.0, 12.0, 13.0, 13.0)",2762760.0000000005,8,-11.688089794014695,9.0,11.0,8.393190849328556e-06,3.2576119532641265e-06,3.981515108620517e-06
709,"(1.0, 9.0, 12.0, 13.0, 14.0)",5525520.000000001,157,-11.611456164664007,182.0,238.0,9.06167873111031e-06,3.293807641633728e-05,4.307178424294766e-05
710,"(1.0, 9.0, 12.0, 14.0, 14.0)",2762760.0000000005,181,-11.534822535313324,210.0,288.0,9.783409301651414e-06,7.601094557616296e-05,0.00010423780484060467
711,"(1.0, 9.0, 13.0, 13.0, 13.0)",920920.0,1,-11.573203420702503,1.0,1.0,9.415028011103915e-06,1.0858706510880423e-06,1.0858694719729715e-06
712,"(1.0, 9.0, 13.0, 13.0, 14.0)",2762760.0000000005,86,-11.496569791351815,94.0,116.0,1.0164901598520581e-05,3.402394706742532e-05,4.198584087976359e-05
713,"(1.0, 9.0, 13.0, 14.0, 14.0)",2762760.0000000005,187,-11.419936162001132,224.0,316.0,1.0974499957487731e-05,8.107834194790715e-05,0.00011437180155040742
714,"(1.0, 9.0, 14.0, 14.0, 14.0)",920920.0,92,-11.343302532650446,103.0,131.0,1.1848579954224804e-05,0.00011184467706206837,0.00014223654606074644
715,"(1.0, 11.0, 11.0, 11.0, 12.0)",1196000.0000000002,1,-11.402013954396136,2.0,4.0,1.1172960335953227e-05,1.672240802675585e-06,3.344478808961868e-06
716,"(1.0, 11.0, 11.0, 11.0, 14.0)",1196000.0000000002,7,-11.21049395173326,7.0,7.0,1.3531450007266662e-05,5.852842809364548e-06,5.852808553595596e-06
717,"(1.0, 11.0, 11.0, 12.0, 12.0)",1644500.0000000005,1,-11.487725431474374,1.0,1.0,1.0255202384068796e-05,6.080875646093036e-07,6.080871948388173e-07
718,"(1.0, 11.0, 11.0, 12.0, 14.0)",3289000.000000001,3,-11.296205428811495,3.0,3.0,1.2419963393935227e-05,9.121313469139553e-07,9.121305149303614e-07
719,"(1.0, 11.0, 11.0, 13.0, 14.0)",3289000.000000001,6,-11.181319055499303,6.0,6.0,1.3932043885328783e-05,1.8242626938279107e-06,1.8242593658935346e-06
720,"(1.0, 11.0, 11.0, 14.0, 14.0)",1644500.0000000005,3,-11.10468542614862,3.0,3.0,1.5041681765961303e-05,1.8242626938279107e-06,1.8242593658935346e-06
721,"(1.0, 11.0, 12.0, 12.0, 12.0)",920920.0,1,-11.573436908552608,1.0,1.0,9.412829973072498e-06,1.0858706510880423e-06,1.0858694719729715e-06
722,"(1.0, 11.0, 12.0, 12.0, 14.0)",2762760.0000000005,2,-11.381916905889732,2.0,2.0,1.1399775384297504e-05,7.239137673920282e-07,7.239132433408856e-07
723,"(1.0, 11.0, 12.0, 13.0, 14.0)",5525520.000000001,5,-11.26703053257754,5.0,5.0,1.2787652096823233e-05,9.048922092400352e-07,9.048913904101248e-07
724,"(1.0, 11.0, 12.0, 14.0, 14.0)",2762760.0000000005,4,-11.190396903226857,4.0,4.0,1.3806143230484349e-05,1.4478275347840563e-06,1.4478254385794858e-06
725,"(1.0, 11.0, 13.0, 13.0, 14.0)",2762760.0000000005,3,-11.15214415926535,3.0,3.0,1.4344497206026686e-05,1.0858706510880423e-06,1.0858694719729715e-06
726,"(1.0, 11.0, 13.0, 14.0, 14.0)",2762760.0000000005,3,-11.075510529914665,3.0,3.0,1.5486985530743826e-05,1.0858706510880423e-06,1.0858694719729715e-06
727,"(2.0, 2.0, 2.0, 3.0, 9.0)",503880.0000000002,1,-11.543121119439322,1.0,1.0,9.702556801162997e-06,1.9845995078193215e-06,1.984595569184115e-06
728,"(2.0, 2.0, 2.0, 3.0, 11.0)",503880.0000000002,1,-11.198695487352852,1.0,1.0,1.3692045867502998e-05,1.9845995078193215e-06,1.984595569184115e-06
729,"(2.0, 2.0, 2.0, 6.0, 9.0)",889200.0000000006,3,-11.744395536791298,5.0,11.0,7.933664391605685e-06,5.623031938821409e-06,1.2370638646918915e-05
730,"(2.0, 2.0, 2.0, 7.0, 9.0)",889200.0000000006,2,-11.540415070768102,2.0,2.0,9.728847948621028e-06,2.2492127755285637e-06,2.249207716570454e-06
731,"(2.0, 2.0, 2.0, 7.0, 11.0)",889200.0000000006,1,-11.195989438681634,1.0,1.0,1.372914738664703e-05,1.1246063877642818e-06,1.1246051230247544e-06
732,"(2.0, 2.0, 2.0, 7.0, 14.0)",786600.0000000003,1,-11.090180913096992,1.0,1.0,1.5261443954419114e-05,1.2712941774726666e-06,1.2712925612837808e-06
733,"(2.0, 2.0, 2.0, 8.0, 9.0)",741000.0000000001,2,-11.401622304706002,2.0,2.0,1.117733707942584e-05,2.6990553306342774e-06,2.6990480457345995e-06
734,"(2.0, 2.0, 2.0, 8.0, 14.0)",681720.0000000002,1,-10.951388147034892,1.0,1.0,1.7533659103130136e-05,1.4668778970838462e-06,1.4668757453530811e-06
735,"(2.0, 2.0, 2.0, 9.0, 12.0)",681720.0000000002,2,-11.787768268832266,2.0,2.0,7.596915344144861e-06,2.9337557941676923e-06,2.9337471872446326e-06
736,"(2.0, 2.0, 2.0, 9.0, 13.0)",681720.0000000002,3,-11.672881895520074,4.0,6.0,8.521809172113715e-06,5.867511588335385e-06,8.801232954810838e-06
737,"(2.0, 2.0, 2.0, 9.0, 14.0)",681720.0000000002,34,-11.596248266169388,47.0,79.0,9.200541047115725e-06,6.894326116294077e-05,0.00011587860069636407
738,"(2.0, 2.0, 3.0, 3.0, 7.0)",872100.0000000003,1,-10.838566985669653,1.0,1.0,1.9627734122227164e-05,1.146657493406719e-06,1.1466561785833118e-06
739,"(2.0, 2.0, 3.0, 3.0, 9.0)",755820.0000000002,1,-11.344634338742049,1.0,1.0,1.1832810446558985e-05,1.3230663385462142e-06,1.323064588041678e-06
740,"(2.0, 2.0, 3.0, 4.0, 9.0)",2667600.000000002,4,-11.581435744576936,4.0,4.0,9.337838611233437e-06,1.499475183685709e-06,1.4994729352598826e-06
741,"(2.0, 2.0, 3.0, 6.0, 9.0)",2667600.000000002,7,-11.545908756094024,7.0,7.0,9.6755472620611e-06,2.6240815714499907e-06,2.624074685645897e-06
742,"(2.0, 2.0, 3.0, 7.0, 9.0)",2667600.000000002,10,-11.341928290070827,11.0,13.0,1.186487397070721e-05,4.1235567551356995e-06,4.873277343258242e-06
743,"(2.0, 2.0, 3.0, 8.0, 8.0)",1111500.0000000002,1,-10.558275404874234,2.0,4.0,2.597761363480553e-05,1.7993702204228516e-06,3.598737203112513e-06
744,"(2.0, 2.0, 3.0, 8.0, 9.0)",2223000.0000000005,10,-11.20313552400873,12.0,16.0,1.363138744441959e-05,5.398110661268555e-06,7.197451742092695e-06
745,"(2.0, 2.0, 3.0, 8.0, 13.0)",2045160.0000000007,1,-10.829534995688304,1.0,1.0,1.9805814620210434e-05,4.889592990279488e-07,4.889590599467527e-07
746,"(2.0, 2.0, 3.0, 8.0, 14.0)",2045160.0000000007,4,-10.75290136633762,5.0,7.0,2.1383277506507735e-05,2.444796495139744e-06,3.4227091161657384e-06
747,"(2.0, 2.0, 3.0, 9.0, 9.0)",1111500.0000000002,6,-11.847995643143223,7.0,9.0,7.152878869940564e-06,6.297795771479981e-06,8.097126329671252e-06
748,"(2.0, 2.0, 3.0, 9.0, 11.0)",2223000.0000000005,7,-11.503570011056755,9.0,13.0,1.0093993529641563e-05,4.048582995951416e-06,5.847936825349993e-06
749,"(2.0, 2.0, 3.0, 9.0, 12.0)",2045160.0000000007,7,-11.58928148813499,7.0,7.0,9.264862972515333e-06,3.422715093195641e-06,3.422703378217032e-06
750,"(2.0, 2.0, 3.0, 9.0, 13.0)",2045160.0000000007,1,-11.4743951148228,1.0,1.0,1.0392822702494532e-05,4.889592990279488e-07,4.889590599467527e-07
751,"(2.0, 2.0, 3.0, 9.0, 14.0)",2045160.0000000007,89,-11.397761485472111,106.0,144.0,1.122057416899189e-05,5.182968569696257e-05,7.040745274370518e-05
752,"(2.0, 2.0, 3.0, 11.0, 14.0)",2045160.0000000007,1,-11.053335853385644,1.0,1.0,1.5834240327574357e-05,4.889592990279488e-07,4.889590599467527e-07
753,"(2.0, 2.0, 4.0, 4.0, 9.0)",2148900.0000000014,3,-11.818237150411823,3.0,3.0,7.368936595684134e-06,1.3960631020522118e-06,1.396061153060027e-06
754,"(2.0, 2.0, 4.0, 4.0, 14.0)",1900950.0000000007,1,-11.368002992740715,1.0,1.0,1.1559499485716745e-05,5.260527630921379e-07,5.260524863606283e-07
755,"(2.0, 2.0, 4.0, 6.0, 9.0)",4297800.000000003,13,-11.782710161928916,18.0,30.0,7.635438699583099e-06,4.188189306156636e-06,6.980297969331395e-06
756,"(2.0, 2.0, 4.0, 6.0, 11.0)",4297800.000000003,1,-11.438284529842443,1.0,1.0,1.077497190025915e-05,2.3267718367536863e-07,2.3267712953669684e-07
757,"(2.0, 2.0, 4.0, 6.0, 14.0)",3801900.0000000014,1,-11.332476004257805,2.0,4.0,1.1977555862367766e-05,5.260527630921379e-07,1.0521052494527664e-06
758,"(2.0, 2.0, 4.0, 7.0, 8.0)",4297800.000000003,1,-10.933869576771222,1.0,1.0,1.7843530065302125e-05,2.3267718367536863e-07,2.3267712953669684e-07
759,"(2.0, 2.0, 4.0, 7.0, 9.0)",4297800.000000003,11,-11.578729695905718,11.0,11.0,9.363141476952054e-06,2.559449020429055e-06,2.559442469649767e-06
760,"(2.0, 2.0, 4.0, 7.0, 14.0)",3801900.0000000014,1,-11.128495538234606,1.0,1.0,1.4687767723623952e-05,2.6302638154606895e-07,2.630263123631916e-07
761,"(2.0, 2.0, 4.0, 8.0, 9.0)",3705000.000000002,15,-11.439936929843618,20.0,30.0,1.0757182038709944e-05,5.398110661268553e-06,8.097136852304119e-06
762,"(2.0, 2.0, 4.0, 8.0, 11.0)",3705000.000000002,1,-11.095511297757149,1.0,1.0,1.5180311014663819e-05,2.699055330634277e-07,2.699054602144309e-07
763,"(2.0, 2.0, 4.0, 8.0, 14.0)",3408600.000000002,2,-10.989702772172508,2.0,2.0,1.687457052040014e-05,5.867511588335383e-07,5.86750814556616e-07
764,"(2.0, 2.0, 4.0, 9.0, 9.0)",1852500.000000001,11,-12.084797048978114,11.0,11.0,5.644680001835911e-06,5.937921727395409e-06,5.937886468480968e-06
765,"(2.0, 2.0, 4.0, 9.0, 11.0)",3705000.000000002,9,-11.740371416891644,14.0,26.0,7.965654731673424e-06,3.778677462887987e-06,7.017529581245751e-06
766,"(2.0, 2.0, 4.0, 9.0, 12.0)",3408600.000000002,9,-11.82608289396988,10.0,12.0,7.3113480168778365e-06,2.933755794167692e-06,3.5204983460781707e-06
767,"(2.0, 2.0, 4.0, 9.0, 13.0)",3408600.000000002,9,-11.711196520657689,11.0,15.0,8.201475173573672e-06,3.227131373584461e-06,4.400623276874635e-06
768,"(2.0, 2.0, 4.0, 9.0, 14.0)",3408600.000000002,113,-11.634562891307002,127.0,161.0,8.854693581767782e-06,3.7258698585929685e-05,4.723208007547952e-05
769,"(2.0, 2.0, 4.0, 11.0, 13.0)",3408600.000000002,1,-11.36677088857122,1.0,1.0,1.1573750770961465e-05,2.9337557941676917e-07,2.933754933475386e-07
770,"(2.0, 2.0, 4.0, 11.0, 14.0)",3408600.000000002,4,-11.290137259220533,6.0,10.0,1.2495558969540543e-05,1.7602534765006152e-06,2.9337526956753904e-06
771,"(2.0, 2.0, 4.0, 14.0, 14.0)",1442100.0000000007,1,-11.184328733635892,1.0,1.0,1.3890175953552425e-05,6.934331877123636e-07,6.934327068627778e-07
772,"(2.0, 2.0, 6.0, 6.0, 9.0)",2148900.0000000014,7,-11.747183173446004,8.0,10.0,7.911579015245819e-06,3.722834938805898e-06,4.653529814007391e-06
773,"(2.0, 2.0, 6.0, 7.0, 9.0)",4297800.000000003,13,-11.543202707422807,16.0,22.0,9.701765221411072e-06,3.722834938805898e-06,5.118884181358128e-06
774,"(2.0, 2.0, 6.0, 7.0, 11.0)",4297800.000000003,1,-11.198777075336338,1.0,1.0,1.3690928806660865e-05,2.3267718367536863e-07,2.3267712953669684e-07
775,"(2.0, 2.0, 6.0, 8.0, 8.0)",1852500.000000001,1,-10.759549822226212,1.0,1.0,2.1241583275105663e-05,5.398110661268554e-07,5.398107747308682e-07
776,"(2.0, 2.0, 6.0, 8.0, 9.0)",3705000.000000002,18,-11.404409941360708,18.0,18.0,1.1146222113640119e-05,4.858299595141698e-06,4.858275992066742e-06
777,"(2.0, 2.0, 6.0, 8.0, 12.0)",3408600.000000002,1,-11.145695786352473,1.0,1.0,1.443729474828283e-05,2.9337557941676917e-07,2.933754933475386e-07
778,"(2.0, 2.0, 6.0, 8.0, 14.0)",3408600.000000002,9,-10.954175783689596,9.0,9.0,1.7484849695378067e-05,2.640380214750923e-06,2.6403732431432445e-06
779,"(2.0, 2.0, 6.0, 9.0, 9.0)",1852500.000000001,8,-12.049270060495203,8.0,8.0,5.8488233102756794e-06,4.318488529014843e-06,4.318469879671667e-06
780,"(2.0, 2.0, 6.0, 9.0, 11.0)",3705000.000000002,11,-11.704844428408734,15.0,23.0,8.253737512324198e-06,4.048582995951415e-06,6.207810869434561e-06
781,"(2.0, 2.0, 6.0, 9.0, 12.0)",3408600.000000002,13,-11.790555905486968,17.0,25.0,7.575767394563481e-06,4.987384850085077e-06,7.334364611411587e-06
782,"(2.0, 2.0, 6.0, 9.0, 13.0)",3408600.000000002,4,-11.675669532174778,4.0,4.0,8.498086544895945e-06,1.1735023176670767e-06,1.173500940559387e-06
783,"(2.0, 2.0, 6.0, 9.0, 14.0)",3408600.000000002,103,-11.599035902824092,118.0,150.0,9.174928996780597e-06,3.4618318371178765e-05,4.400513848454853e-05
784,"(2.0, 2.0, 6.0, 11.0, 14.0)",3408600.000000002,1,-11.254610270737622,1.0,1.0,1.2947468510562631e-05,2.9337557941676917e-07,2.933754933475386e-07
785,"(2.0, 2.0, 7.0, 7.0, 8.0)",2148900.0000000014,1,-10.694362122265114,1.0,1.0,2.2672402493939632e-05,4.6535436735073727e-07,4.653541507960501e-07
786,"(2.0, 2.0, 7.0, 7.0, 9.0)",2148900.0000000014,4,-11.339222241399607,4.0,4.0,1.1897024377814071e-05,1.861417469402949e-06,1.8614140045279536e-06
787,"(2.0, 2.0, 7.0, 8.0, 9.0)",3705000.000000002,25,-11.20042947533751,34.0,54.0,1.36683245966263e-05,9.17678812415654e-06,1.4574814571984818e-05
788,"(2.0, 2.0, 7.0, 8.0, 13.0)",3408600.000000002,1,-10.826828947017084,1.0,1.0,1.9859482700014302e-05,2.9337557941676917e-07,2.933754933475386e-07
789,"(2.0, 2.0, 7.0, 8.0, 14.0)",3408600.000000002,4,-10.7501953176664,5.0,7.0,2.144122005851549e-05,1.466877897083846e-06,2.0536269041866195e-06
790,"(2.0, 2.0, 7.0, 9.0, 9.0)",1852500.000000001,8,-11.845289594472003,8.0,8.0,7.172261121131972e-06,4.318488529014843e-06,4.318469879671667e-06
791,"(2.0, 2.0, 7.0, 9.0, 11.0)",3705000.000000002,22,-11.500863962385536,32.0,58.0,1.0121345358418945e-05,8.636977058029686e-06,1.56544463203061e-05
792,"(2.0, 2.0, 7.0, 9.0, 12.0)",3408600.000000002,6,-11.586575439463772,9.0,15.0,9.28996809517326e-06,2.640380214750923e-06,4.400626719643859e-06
793,"(2.0, 2.0, 7.0, 9.0, 13.0)",3408600.000000002,4,-11.47168906615158,5.0,7.0,1.0420984272663718e-05,1.466877897083846e-06,2.0536269041866195e-06
794,"(2.0, 2.0, 7.0, 9.0, 14.0)",3408600.000000002,155,-11.395055436800895,174.0,218.0,1.1250978708340219e-05,5.104735081851784e-05,6.39532704808301e-05
795,"(2.0, 2.0, 7.0, 11.0, 14.0)",3408600.000000002,6,-11.050629804714426,7.0,9.0,1.5877146579593207e-05,2.0536290559173843e-06,2.6403759973586234e-06
796,"(2.0, 2.0, 7.0, 12.0, 14.0)",2884200.0000000014,1,-11.136341281792662,1.0,1.0,1.4572982142548969e-05,3.467165938561818e-07,3.4671647364378537e-07
797,"(2.0, 2.0, 8.0, 8.0, 9.0)",1482000.0000000002,11,-11.06163670927541,12.0,14.0,1.5703346597081295e-05,8.097165991902832e-06,9.446628093122872e-06
798,"(2.0, 2.0, 8.0, 8.0, 13.0)",1420250.0000000002,1,-10.688036180954985,1.0,1.0,2.2816281386384384e-05,7.041013906002463e-07,7.041008948414781e-07
799,"(2.0, 2.0, 8.0, 8.0, 14.0)",1420250.0000000002,14,-10.6114025516043,18.0,28.0,2.4633517272941162e-05,1.2673825030804434e-05,1.9714678310965984e-05
800,"(2.0, 2.0, 8.0, 9.0, 9.0)",1482000.0000000002,8,-11.706496828409906,9.0,11.0,8.240110298354027e-06,6.072874493927125e-06,7.422365279439644e-06
801,"(2.0, 2.0, 8.0, 9.0, 11.0)",2964000.0000000005,21,-11.362071196323436,23.0,27.0,1.162827185354107e-05,7.759784075573548e-06,9.109251526641788e-06
802,"(2.0, 2.0, 8.0, 9.0, 12.0)",2840500.0000000005,24,-11.447782673401672,30.0,44.0,1.0673114165750842e-05,1.0561520859003695e-05,1.5490119047482564e-05
803,"(2.0, 2.0, 8.0, 9.0, 13.0)",2840500.0000000005,24,-11.33289630008948,26.0,32.0,1.197252280332611e-05,9.153318077803202e-06,1.1265538466372107e-05
804,"(2.0, 2.0, 8.0, 9.0, 14.0)",2840500.0000000005,391,-11.256262670738796,469.0,657.0,1.2926091779899434e-05,0.00016511177609575777,0.0002312700449135754
805,"(2.0, 2.0, 8.0, 11.0, 14.0)",2840500.0000000005,17,-10.911837038652326,21.0,29.0,1.8241031221453117e-05,7.393064601302587e-06,1.0209415506299372e-05
806,"(2.0, 2.0, 8.0, 12.0, 13.0)",2499640.000000001,1,-11.074182145081249,2.0,4.0,1.5507571877706505e-05,8.001152165911889e-07,1.6002297929980179e-06
807,"(2.0, 2.0, 8.0, 12.0, 14.0)",2499640.000000001,4,-10.997548515730562,4.0,4.0,1.6742694974774574e-05,1.6002304331823777e-06,1.6002278724449384e-06
808,"(2.0, 2.0, 8.0, 13.0, 13.0)",1249820.0000000005,1,-10.959295771769057,1.0,1.0,1.7395556259094737e-05,8.001152165911889e-07,8.001145764068291e-07
809,"(2.0, 2.0, 8.0, 13.0, 14.0)",2499640.000000001,6,-10.88266214241837,7.0,9.0,1.8781050615747855e-05,2.8004032580691607e-06,3.600510632401942e-06
810,"(2.0, 2.0, 8.0, 14.0, 14.0)",1249820.0000000005,3,-10.806028513067684,4.0,6.0,2.0276894683771313e-05,3.2004608663647555e-06,4.8006810565973754e-06
811,"(2.0, 2.0, 9.0, 9.0, 9.0)",494000.00000000006,5,-12.3513569475444,5.0,5.0,4.323882002430002e-06,1.012145748987854e-05,1.0121355045976821e-05
812,"(2.0, 2.0, 9.0, 9.0, 11.0)",1482000.0000000002,5,-12.006931315457932,5.0,5.0,6.101772132459543e-06,3.3738191632928468e-06,3.3738077806371e-06
813,"(2.0, 2.0, 9.0, 9.0, 12.0)",1420250.0000000002,7,-12.092642792536168,9.0,15.0,5.600566567705904e-06,6.336912515402217e-06,1.0561480702543467e-05
814,"(2.0, 2.0, 9.0, 9.0, 13.0)",1420250.0000000002,3,-11.977756419223976,3.0,3.0,6.28241297732691e-06,2.112304171800739e-06,2.112299709971825e-06
815,"(2.0, 2.0, 9.0, 9.0, 14.0)",1420250.0000000002,111,-11.901122789873291,128.0,166.0,6.782784888210747e-06,9.012497799683153e-05,0.00011687270832798196
816,"(2.0, 2.0, 9.0, 11.0, 11.0)",1482000.0000000002,7,-11.662505683371464,7.0,7.0,8.610693616415962e-06,4.723346828609986e-06,4.723324518604723e-06
817,"(2.0, 2.0, 9.0, 11.0, 12.0)",2840500.0000000005,14,-11.748217160449698,14.0,14.0,7.903402773157837e-06,4.928709734201724e-06,4.92868544202208e-06
818,"(2.0, 2.0, 9.0, 11.0, 13.0)",2840500.0000000005,13,-11.633330787137508,13.0,13.0,8.865610210480323e-06,4.576659038901601e-06,4.576638093093642e-06
819,"(2.0, 2.0, 9.0, 11.0, 14.0)",2840500.0000000005,156,-11.556697157786822,181.0,243.0,9.571724618778408e-06,6.37211758493223e-05,8.554425856967832e-05
820,"(2.0, 2.0, 9.0, 12.0, 12.0)",1249820.0000000005,2,-11.833928637527936,3.0,5.0,7.254209495466654e-06,2.4003456497735664e-06,4.000570321296706e-06
821,"(2.0, 2.0, 9.0, 12.0, 13.0)",2499640.000000001,4,-11.719042264215744,5.0,7.0,8.137380267446001e-06,2.000288041477972e-06,2.800399256916912e-06
822,"(2.0, 2.0, 9.0, 12.0, 14.0)",2499640.000000001,70,-11.642408634865058,79.0,99.0,8.785493743701895e-06,3.160455105535196e-05,3.9604704373616436e-05
823,"(2.0, 2.0, 9.0, 13.0, 13.0)",1249820.0000000005,3,-11.604155890903552,4.0,6.0,9.128073521780736e-06,3.2004608663647555e-06,4.8006810565973754e-06
824,"(2.0, 2.0, 9.0, 13.0, 14.0)",2499640.000000001,99,-11.527522261552866,112.0,148.0,9.855092201906583e-06,4.480645212910657e-05,5.9206518409595574e-05
825,"(2.0, 2.0, 9.0, 14.0, 14.0)",1249820.0000000005,104,-11.45088863220218,119.0,153.0,1.0640015341280124e-05,9.521371077435147e-05,0.00012240856248773246
826,"(2.0, 2.0, 11.0, 11.0, 14.0)",1420250.0000000002,3,-11.212271525700352,3.0,3.0,1.3507418219464846e-05,2.112304171800739e-06,2.112299709971825e-06
827,"(2.0, 2.0, 11.0, 12.0, 14.0)",2499640.000000001,4,-11.297983002778588,4.0,4.0,1.2397905600821451e-05,1.6002304331823777e-06,1.6002278724449384e-06
828,"(2.0, 2.0, 11.0, 13.0, 14.0)",2499640.000000001,1,-11.183096629466396,1.0,1.0,1.3907300644795184e-05,4.0005760829559444e-07,4.0005744824950446e-07
829,"(2.0, 2.0, 11.0, 14.0, 14.0)",1249820.0000000005,2,-11.106463000115712,2.0,2.0,1.501496781407973e-05,1.6002304331823777e-06,1.6002278724449384e-06
830,"(2.0, 2.0, 12.0, 14.0, 14.0)",1009470.0,1,-11.192174477193946,1.0,1.0,1.378162358888659e-05,9.906188395890912e-07,9.90617858263406e-07
831,"(2.0, 3.0, 3.0, 3.0, 9.0)",503880.0000000002,2,-11.146147558044774,2.0,2.0,1.4430773860289357e-05,3.969199015638643e-06,3.969183261097817e-06
832,"(2.0, 3.0, 3.0, 3.0, 11.0)",503880.0000000002,1,-10.801721925958304,1.0,1.0,2.0364407201920366e-05,1.9845995078193215e-06,1.984595569184115e-06
833,"(2.0, 3.0, 3.0, 4.0, 7.0)",2975400.0000000014,1,-10.876881610807269,1.0,1.0,1.8889929458139077e-05,3.360892653088659e-07,3.3608915235287163e-07
834,"(2.0, 3.0, 3.0, 4.0, 9.0)",2667600.000000002,7,-11.382948963879665,9.0,13.0,1.1388016224140058e-05,3.373819163292845e-06,4.873282964322808e-06
835,"(2.0, 3.0, 3.0, 4.0, 11.0)",2667600.000000002,1,-11.038523331793192,1.0,1.0,1.6070531064770942e-05,3.7486879592142726e-07,3.748686553948131e-07
836,"(2.0, 3.0, 3.0, 4.0, 12.0)",2359800.000000001,1,-11.124234808871428,1.0,1.0,1.4750481835898362e-05,4.237647258242222e-07,4.2376454624767937e-07
837,"(2.0, 3.0, 3.0, 4.0, 14.0)",2359800.000000001,2,-10.932714806208551,2.0,2.0,1.7864147150266012e-05,8.475294516484444e-07,8.47528733342273e-07
838,"(2.0, 3.0, 3.0, 6.0, 7.0)",2975400.0000000014,1,-10.841354622324356,1.0,1.0,1.9573095323081694e-05,3.360892653088659e-07,3.3608915235287163e-07
839,"(2.0, 3.0, 3.0, 6.0, 9.0)",2667600.000000002,7,-11.347421975396752,7.0,7.0,1.1799870803638931e-05,2.6240815714499907e-06,2.624074685645897e-06
840,"(2.0, 3.0, 3.0, 7.0, 8.0)",2667600.000000002,1,-10.49858139023906,1.0,1.0,2.757554054659727e-05,3.7486879592142726e-07,3.748686553948131e-07
841,"(2.0, 3.0, 3.0, 7.0, 9.0)",2667600.000000002,11,-11.143441509373556,17.0,41.0,1.4469877120519553e-05,6.372769530664263e-06,1.5369580020587025e-05
842,"(2.0, 3.0, 3.0, 7.0, 13.0)",2359800.000000001,1,-10.76984098105313,1.0,1.0,2.1024103745474397e-05,4.237647258242222e-07,4.2376454624767937e-07
843,"(2.0, 3.0, 3.0, 7.0, 14.0)",2359800.000000001,2,-10.693207351702444,2.0,2.0,2.269859903951338e-05,8.475294516484444e-07,8.47528733342273e-07
844,"(2.0, 3.0, 3.0, 8.0, 8.0)",1111500.0000000002,1,-10.35978862417696,1.0,1.0,3.1681152122475075e-05,8.996851102114258e-07,8.996843007781282e-07
845,"(2.0, 3.0, 3.0, 8.0, 9.0)",2223000.0000000005,16,-11.004648743311456,16.0,16.0,1.662423905975868e-05,7.1974808816914064e-06,7.1974290779603645e-06
846,"(2.0, 3.0, 3.0, 8.0, 13.0)",2045160.0000000007,2,-10.631048214991033,4.0,10.0,2.415429818587044e-05,1.955837196111795e-06,4.88958916498035e-06
847,"(2.0, 3.0, 3.0, 8.0, 14.0)",2045160.0000000007,6,-10.554414585640345,8.0,12.0,2.6078102364764946e-05,3.91167439222359e-06,5.867496287138834e-06
848,"(2.0, 3.0, 3.0, 9.0, 9.0)",1111500.0000000002,9,-11.649508862445952,12.0,20.0,8.723335668084763e-06,1.079622132253711e-05,1.799358564583367e-05
849,"(2.0, 3.0, 3.0, 9.0, 11.0)",2223000.0000000005,6,-11.305083230359482,9.0,15.0,1.231018942045511e-05,4.048582995951416e-06,6.7476219355614186e-06
850,"(2.0, 3.0, 3.0, 9.0, 12.0)",2045160.0000000007,6,-11.390794707437715,6.0,6.0,1.1299018352974388e-05,2.9337557941676923e-06,2.9337471872446326e-06
851,"(2.0, 3.0, 3.0, 9.0, 13.0)",2045160.0000000007,5,-11.275908334125528,8.0,16.0,1.2674628302982151e-05,3.91167439222359e-06,7.82333348325063e-06
852,"(2.0, 3.0, 3.0, 9.0, 14.0)",2045160.0000000007,112,-11.19927470477484,132.0,178.0,1.368411749234205e-05,6.454262747168924e-05,8.703058947621393e-05
853,"(2.0, 3.0, 3.0, 11.0, 14.0)",2045160.0000000007,1,-10.85484907268837,1.0,1.0,1.9310741302641908e-05,4.889592990279488e-07,4.889590599467527e-07
854,"(2.0, 3.0, 4.0, 4.0, 7.0)",4628400.000000001,2,-11.113683016642156,2.0,2.0,1.4906949913068373e-05,4.321147696828277e-07,4.321145829596535e-07
855,"(2.0, 3.0, 4.0, 4.0, 9.0)",4297800.000000003,8,-11.619750369714552,8.0,8.0,8.9868301434721e-06,1.861417469402949e-06,1.8614140045279536e-06
856,"(2.0, 3.0, 4.0, 6.0, 7.0)",9256800.000000002,1,-11.078156028159244,1.0,1.0,1.544606888403042e-05,1.0802869242070692e-07,1.0802868075050854e-07
857,"(2.0, 3.0, 4.0, 6.0, 8.0)",8595600.000000006,1,-10.939363262097146,1.0,1.0,1.7745772097641793e-05,1.1633859183768432e-07,1.1633857830301636e-07
858,"(2.0, 3.0, 4.0, 6.0, 9.0)",8595600.000000006,22,-11.584223381231642,27.0,39.0,9.311844358144666e-06,3.1411419796174766e-06,4.537195214896752e-06
859,"(2.0, 3.0, 4.0, 6.0, 11.0)",8595600.000000006,1,-11.239797749145172,1.0,1.0,1.3140680613947366e-05,1.1633859183768432e-07,1.1633857830301636e-07
860,"(2.0, 3.0, 4.0, 6.0, 13.0)",7603800.000000003,1,-11.210622852911216,2.0,4.0,1.3529705899832445e-05,2.6302638154606895e-07,5.260526939092605e-07
861,"(2.0, 3.0, 4.0, 7.0, 9.0)",8595600.000000006,31,-11.380242915208443,38.0,54.0,1.1418874483456574e-05,4.420866489832004e-06,6.282264415174432e-06
862,"(2.0, 3.0, 4.0, 7.0, 13.0)",7603800.000000003,1,-11.006642386888018,1.0,1.0,1.6591129267870484e-05,1.3151319077303448e-07,1.3151317347731512e-07
863,"(2.0, 3.0, 4.0, 7.0, 14.0)",7603800.000000003,1,-10.930008757537331,2.0,4.0,1.7912553867852384e-05,2.6302638154606895e-07,5.260526939092605e-07
864,"(2.0, 3.0, 4.0, 8.0, 9.0)",7410000.000000004,40,-11.241450149146344,46.0,60.0,1.3118984883234758e-05,6.207827260458836e-06,8.097127454783534e-06
865,"(2.0, 3.0, 4.0, 8.0, 11.0)",7410000.000000004,1,-10.897024517059874,1.0,1.0,1.8513237947217987e-05,1.3495276653171384e-07,1.3495274831946466e-07
866,"(2.0, 3.0, 4.0, 8.0, 13.0)",6817200.000000004,1,-10.867849620825918,1.0,1.0,1.9061315927092998e-05,1.4668778970838458e-07,1.4668776819107692e-07
867,"(2.0, 3.0, 4.0, 8.0, 14.0)",6817200.000000004,14,-10.791215991475234,16.0,20.0,2.0579482133106765e-05,2.3470046353341534e-06,2.9337502857369336e-06
868,"(2.0, 3.0, 4.0, 9.0, 9.0)",3705000.000000002,33,-11.88631026828084,42.0,64.0,6.884002831624815e-06,1.1336032388663962e-05,1.7273825610429054e-05
869,"(2.0, 3.0, 4.0, 9.0, 11.0)",7410000.000000004,27,-11.54188463619437,29.0,33.0,9.714561270213793e-06,3.913630229419701e-06,4.453425979044984e-06
870,"(2.0, 3.0, 4.0, 9.0, 12.0)",6817200.000000004,23,-11.627596113272606,28.0,40.0,8.916597652092132e-06,4.1072581118347686e-06,5.867494718766187e-06
871,"(2.0, 3.0, 4.0, 9.0, 13.0)",6817200.000000004,23,-11.512709739960414,30.0,52.0,1.0002157482801277e-05,4.400633691251538e-06,7.627745699259115e-06
872,"(2.0, 3.0, 4.0, 9.0, 14.0)",6817200.000000004,357,-11.43607611060973,423.0,577.0,1.079879385017995e-05,6.204893504664668e-05,8.463500459139749e-05
873,"(2.0, 3.0, 4.0, 11.0, 14.0)",6817200.000000004,2,-11.09165047852326,2.0,2.0,1.523903273543838e-05,2.9337557941676917e-07,2.933754933475386e-07
874,"(2.0, 3.0, 4.0, 13.0, 14.0)",5768400.000000003,1,-11.062475582289304,1.0,1.0,1.569017900713329e-05,1.733582969280909e-07,1.7335826687499178e-07
875,"(2.0, 3.0, 6.0, 6.0, 9.0)",4297800.000000003,5,-11.54869639274873,5.0,5.0,9.648612910893388e-06,1.1633859183768432e-06,1.163384564910048e-06
876,"(2.0, 3.0, 6.0, 6.0, 11.0)",4297800.000000003,1,-11.20427076066226,1.0,1.0,1.3615921374240098e-05,2.3267718367536863e-07,2.3267712953669684e-07
877,"(2.0, 3.0, 6.0, 6.0, 14.0)",3801900.0000000014,1,-11.09846223507762,1.0,1.0,1.513558089869784e-05,2.6302638154606895e-07,2.630263123631916e-07
878,"(2.0, 3.0, 6.0, 7.0, 9.0)",8595600.000000006,31,-11.344715926725533,35.0,45.0,1.1831845070797769e-05,4.071850714318952e-06,5.2352200527275545e-06
879,"(2.0, 3.0, 6.0, 7.0, 11.0)",8595600.000000006,1,-11.000290294639065,1.0,1.0,1.669685307970922e-05,1.1633859183768432e-07,1.1633857830301636e-07
880,"(2.0, 3.0, 6.0, 7.0, 14.0)",7603800.000000003,1,-10.894481769054424,1.0,1.0,1.8560372346136225e-05,1.3151319077303448e-07,1.3151317347731512e-07
881,"(2.0, 3.0, 6.0, 8.0, 8.0)",3705000.000000002,1,-10.561063041528936,2.0,4.0,2.5905298328065034e-05,5.398110661268554e-07,1.0796218408577236e-06
882,"(2.0, 3.0, 6.0, 8.0, 9.0)",7410000.000000004,48,-11.205923160663431,62.0,94.0,1.359344100414222e-05,8.367071524966257e-06,1.2685490046095196e-05
883,"(2.0, 3.0, 6.0, 8.0, 11.0)",7410000.000000004,1,-10.861497528576963,1.0,1.0,1.9182780533024184e-05,1.3495276653171384e-07,1.3495274831946466e-07
884,"(2.0, 3.0, 6.0, 8.0, 14.0)",6817200.000000004,14,-10.755689002992325,14.0,14.0,2.1323751705033406e-05,2.0536290559173843e-06,2.053624838525085e-06
885,"(2.0, 3.0, 6.0, 9.0, 9.0)",3705000.000000002,14,-11.850783279797929,17.0,23.0,7.132967009027174e-06,4.58839406207827e-06,6.207806207098768e-06
886,"(2.0, 3.0, 6.0, 9.0, 11.0)",7410000.000000004,51,-11.50635764771146,55.0,63.0,1.0065894326666447e-05,7.422402159244261e-06,8.501969199444158e-06
887,"(2.0, 3.0, 6.0, 9.0, 12.0)",6817200.000000004,22,-11.592069124789695,31.0,51.0,9.239071865711386e-06,4.547321480959923e-06,7.481056596994963e-06
888,"(2.0, 3.0, 6.0, 9.0, 13.0)",6817200.000000004,27,-11.477182751477503,32.0,42.0,1.0363891632374064e-05,4.694009270668307e-06,6.16086513402912e-06
889,"(2.0, 3.0, 6.0, 9.0, 14.0)",6817200.000000004,335,-11.400549122126815,395.0,541.0,1.1189338841750416e-05,5.7941676934811916e-05,7.935473699431005e-05
890,"(2.0, 3.0, 6.0, 11.0, 11.0)",3705000.000000002,1,-11.16193201562499,1.0,1.0,1.4204780208206079e-05,2.699055330634277e-07,2.699054602144309e-07
891,"(2.0, 3.0, 6.0, 11.0, 12.0)",6817200.000000004,4,-11.247643492703226,6.0,12.0,1.3037985589871903e-05,8.801267382503076e-07,1.7602527018775399e-06
892,"(2.0, 3.0, 6.0, 11.0, 14.0)",6817200.000000004,6,-11.056123490040347,7.0,9.0,1.5790161685001975e-05,1.0268145279586921e-06,1.3201890530273866e-06
893,"(2.0, 3.0, 7.0, 7.0, 9.0)",4297800.000000003,27,-11.140735460702334,37.0,69.0,1.4509086339375126e-05,8.60905579598864e-06,1.6054651557758738e-05
894,"(2.0, 3.0, 7.0, 7.0, 11.0)",4297800.000000003,2,-10.796309828615868,3.0,5.0,2.04749201396556e-05,6.980315510261059e-07,1.163385431128797e-06
895,"(2.0, 3.0, 7.0, 7.0, 12.0)",3801900.0000000014,1,-10.882021305694105,1.0,1.0,1.879309005994969e-05,2.6302638154606895e-07,2.630263123631916e-07
896,"(2.0, 3.0, 7.0, 7.0, 13.0)",3801900.0000000014,1,-10.76713493238191,1.0,1.0,2.1081073039555622e-05,2.6302638154606895e-07,2.630263123631916e-07
897,"(2.0, 3.0, 7.0, 8.0, 8.0)",3705000.000000002,2,-10.35708257550574,2.0,2.0,3.176699896255676e-05,5.398110661268554e-07,5.398107747308682e-07
898,"(2.0, 3.0, 7.0, 8.0, 9.0)",7410000.000000004,52,-11.001942694640237,62.0,84.0,1.6669285981869488e-05,8.367071524966257e-06,1.1335962380778058e-05
899,"(2.0, 3.0, 7.0, 8.0, 11.0)",7410000.000000004,4,-10.657517062553769,5.0,7.0,2.3523348836764736e-05,6.747638326585691e-07,9.446689104157669e-07
900,"(2.0, 3.0, 7.0, 8.0, 12.0)",6817200.000000004,1,-10.743228539632003,1.0,1.0,2.1591117825398717e-05,1.4668778970838458e-07,1.4668776819107692e-07
901,"(2.0, 3.0, 7.0, 8.0, 13.0)",6817200.000000004,2,-10.628342166319811,2.0,2.0,2.421974940953906e-05,2.9337557941676917e-07,2.933754933475386e-07
902,"(2.0, 3.0, 7.0, 8.0, 14.0)",6817200.000000004,11,-10.551708536969125,17.0,35.0,2.614876654625322e-05,2.4936924250425383e-06,5.13406642129155e-06
903,"(2.0, 3.0, 7.0, 9.0, 9.0)",3705000.000000002,37,-11.64680281377473,47.0,67.0,8.746973406989645e-06,1.26855600539811e-05,1.808350979181577e-05
904,"(2.0, 3.0, 7.0, 9.0, 11.0)",7410000.000000004,34,-11.302377181688264,36.0,40.0,1.2343546504770295e-05,4.858299595141698e-06,5.398087058193597e-06
905,"(2.0, 3.0, 7.0, 9.0, 12.0)",6817200.000000004,29,-11.3880886587665,39.0,65.0,1.1329635453573363e-05,5.720823798626999e-06,9.534673603220065e-06
906,"(2.0, 3.0, 7.0, 9.0, 13.0)",6817200.000000004,24,-11.273202285454309,29.0,41.0,1.2708972912193765e-05,4.2539459015431535e-06,6.014181281988035e-06
907,"(2.0, 3.0, 7.0, 9.0, 14.0)",6817200.000000004,358,-11.19656865610362,420.0,562.0,1.3721197527862281e-05,6.160887167752153e-05,8.243474216304276e-05
908,"(2.0, 3.0, 7.0, 11.0, 11.0)",3705000.000000002,2,-10.957951549601791,2.0,2.0,1.7418955474778935e-05,5.398110661268554e-07,5.398107747308682e-07
909,"(2.0, 3.0, 7.0, 11.0, 13.0)",6817200.000000004,3,-10.928776653367835,4.0,6.0,1.7934637602096065e-05,5.867511588335383e-07,8.801263939733852e-07
910,"(2.0, 3.0, 7.0, 11.0, 14.0)",6817200.000000004,6,-10.85214302401715,7.0,9.0,1.9363067875679934e-05,1.0268145279586921e-06,1.3201890530273866e-06
911,"(2.0, 3.0, 7.0, 13.0, 14.0)",5768400.000000003,1,-10.822968127783197,2.0,4.0,1.9936304775445458e-05,3.467165938561818e-07,6.934330674999671e-07
912,"(2.0, 3.0, 7.0, 14.0, 14.0)",2884200.0000000014,1,-10.74633449843251,1.0,1.0,2.15241607397786e-05,3.467165938561818e-07,3.4671647364378537e-07
913,"(2.0, 3.0, 8.0, 8.0, 8.0)",988000.0,3,-10.21828980944364,4.0,6.0,3.649665996235409e-05,4.048582995951417e-06,6.0728581029028505e-06
914,"(2.0, 3.0, 8.0, 8.0, 9.0)",2964000.0000000005,35,-10.863149928578135,45.0,67.0,1.915110908060932e-05,1.5182186234817811e-05,2.260435789528321e-05
915,"(2.0, 3.0, 8.0, 8.0, 12.0)",2840500.0000000005,2,-10.604435773569904,2.0,2.0,2.4805732716820564e-05,7.041013906002463e-07,7.041008948414781e-07
916,"(2.0, 3.0, 8.0, 8.0, 14.0)",2840500.0000000005,37,-10.412915770907023,45.0,63.0,3.0041951466629062e-05,1.584228128850554e-05,2.2178942826031335e-05
917,"(2.0, 3.0, 8.0, 9.0, 9.0)",2964000.0000000005,44,-11.50801004771263,57.0,93.0,1.0049275177391873e-05,1.9230769230769228e-05,3.1376148396138265e-05
918,"(2.0, 3.0, 8.0, 9.0, 11.0)",5928000.000000001,55,-11.163584415626165,60.0,70.0,1.4181327611245265e-05,1.012145748987854e-05,1.1808264627623245e-05
919,"(2.0, 3.0, 8.0, 9.0, 12.0)",5681000.000000001,63,-11.2492958927044,73.0,93.0,1.3016459412293795e-05,1.2849850378454496e-05,1.6370192212800978e-05
920,"(2.0, 3.0, 8.0, 9.0, 13.0)",5681000.000000001,55,-11.134409519392207,62.0,80.0,1.4601160890074022e-05,1.0913571554303818e-05,1.4081908705960857e-05
921,"(2.0, 3.0, 8.0, 9.0, 14.0)",5681000.000000001,922,-11.05777589004152,1090.0,1476.0,1.5764091566878635e-05,0.00019186762893856713,0.0002597765999444564
922,"(2.0, 3.0, 8.0, 11.0, 11.0)",2964000.0000000005,1,-10.819158783539692,1.0,1.0,2.0012393856017747e-05,3.373819163292847e-07,3.3738180250272723e-07
923,"(2.0, 3.0, 8.0, 11.0, 12.0)",5681000.000000001,2,-10.90487026061793,2.0,2.0,1.8368556140197517e-05,3.5205069530012316e-07,3.520505713604311e-07
924,"(2.0, 3.0, 8.0, 11.0, 14.0)",5681000.000000001,41,-10.713350257955051,51.0,73.0,2.224595735088585e-05,8.97729273015314e-06,1.2849769786669733e-05
925,"(2.0, 3.0, 8.0, 12.0, 14.0)",4999280.000000002,6,-10.799061735033288,7.0,9.0,2.0418652532631058e-05,1.4002016290345804e-06,1.800257276765573e-06
926,"(2.0, 3.0, 8.0, 13.0, 14.0)",4999280.000000002,15,-10.684175361721095,17.0,21.0,2.2904541192352183e-05,3.4004896705125527e-06,4.200593323773742e-06
927,"(2.0, 3.0, 8.0, 14.0, 14.0)",2499640.000000001,6,-10.60754173237041,7.0,9.0,2.4728806659410232e-05,2.8004032580691607e-06,3.600510632401942e-06
928,"(2.0, 3.0, 9.0, 9.0, 9.0)",988000.0,8,-12.152870166847126,8.0,8.0,5.27321583130638e-06,8.097165991902834e-06,8.097100427805734e-06
929,"(2.0, 3.0, 9.0, 9.0, 11.0)",2964000.0000000005,24,-11.80844453476066,29.0,39.0,7.441452238943375e-06,9.784075573549256e-06,1.3157799008707274e-05
930,"(2.0, 3.0, 9.0, 9.0, 12.0)",2840500.0000000005,14,-11.894156011838897,16.0,20.0,6.830204032513966e-06,5.632811124801971e-06,7.040982177441296e-06
931,"(2.0, 3.0, 9.0, 9.0, 13.0)",2840500.0000000005,17,-11.779269638526705,20.0,26.0,7.66175384809918e-06,7.0410139060024634e-06,9.153268501926378e-06
932,"(2.0, 3.0, 9.0, 9.0, 14.0)",2840500.0000000005,230,-11.702636009176016,271.0,359.0,8.271985367028452e-06,9.540573842633337e-05,0.00012637709735781956
933,"(2.0, 3.0, 9.0, 11.0, 11.0)",2964000.0000000005,25,-11.464018902674187,30.0,40.0,1.0501222251461906e-05,1.012145748987854e-05,1.3495174209269667e-05
934,"(2.0, 3.0, 9.0, 11.0, 12.0)",5681000.000000001,20,-11.549730379752424,27.0,45.0,9.638641526569138e-06,4.7526843865516625e-06,7.921118056243893e-06
935,"(2.0, 3.0, 9.0, 11.0, 13.0)",5681000.000000001,20,-11.434844006440231,22.0,26.0,1.0812107289195927e-05,3.8725576483013545e-06,4.576644042198861e-06
936,"(2.0, 3.0, 9.0, 11.0, 14.0)",5681000.000000001,299,-11.358210377089549,350.0,474.0,1.1673253285885533e-05,6.160887167752156e-05,8.343221913305981e-05
937,"(2.0, 3.0, 9.0, 12.0, 12.0)",2499640.000000001,4,-11.63544185683066,4.0,4.0,8.846914030866233e-06,1.6002304331823777e-06,1.6002278724449384e-06
938,"(2.0, 3.0, 9.0, 12.0, 13.0)",4999280.000000002,12,-11.52055548351847,12.0,12.0,9.923990161512542e-06,2.4003456497735664e-06,2.400339888114328e-06
939,"(2.0, 3.0, 9.0, 12.0, 14.0)",4999280.000000002,204,-11.443921854167783,237.0,311.0,1.0714400778998147e-05,4.7406826583027935e-05,6.220671068275826e-05
940,"(2.0, 3.0, 9.0, 13.0, 13.0)",2499640.000000001,10,-11.405669110206276,11.0,13.0,1.1132195970503286e-05,4.4006336912515385e-06,5.200729542265843e-06
941,"(2.0, 3.0, 9.0, 13.0, 14.0)",4999280.000000002,228,-11.329035480855593,268.0,372.0,1.2018835895353309e-05,5.360771951160965e-05,7.440784135538932e-05
942,"(2.0, 3.0, 9.0, 14.0, 14.0)",2499640.000000001,212,-11.252401851504906,243.0,309.0,1.2976093545441152e-05,9.721399881582945e-05,0.0001236083504017729
943,"(2.0, 3.0, 11.0, 11.0, 11.0)",988000.0,2,-11.11959327058772,2.0,2.0,1.4819105899449586e-05,2.0242914979757085e-06,2.0242874002196397e-06
944,"(2.0, 3.0, 11.0, 11.0, 14.0)",2840500.0000000005,5,-11.01378474500308,6.0,8.0,1.6473051659348843e-05,2.112304171800739e-06,2.8164011005720712e-06
945,"(2.0, 3.0, 11.0, 12.0, 13.0)",4999280.000000002,1,-11.176129851432,1.0,1.0,1.4004528008925541e-05,2.0002880414779722e-07,2.0002876413627473e-07
946,"(2.0, 3.0, 11.0, 13.0, 13.0)",2499640.000000001,1,-11.061243478119808,2.0,4.0,1.570952285647971e-05,8.001152165911889e-07,1.6002297929980179e-06
947,"(2.0, 3.0, 11.0, 13.0, 14.0)",4999280.000000002,4,-10.984609848769123,4.0,4.0,1.696073063271773e-05,8.001152165911889e-07,8.001145764068291e-07
948,"(2.0, 3.0, 11.0, 14.0, 14.0)",2499640.000000001,5,-10.907976219418437,6.0,8.0,1.8311592670490065e-05,2.4003456497735664e-06,3.200455104705517e-06
949,"(2.0, 3.0, 12.0, 13.0, 14.0)",4037880.0,1,-11.070321325847358,1.0,1.0,1.556755953572055e-05,2.476547098972728e-07,2.476546485644175e-07
950,"(2.0, 3.0, 12.0, 14.0, 14.0)",2018940.0,1,-10.993687696496671,3.0,9.0,1.6807460436982368e-05,1.485928259383637e-06,4.457782570168119e-06
951,"(2.0, 4.0, 4.0, 4.0, 9.0)",2111200.000000001,2,-11.85655177554944,4.0,10.0,7.091938967949392e-06,1.8946570670708594e-06,4.736639077951746e-06
952,"(2.0, 4.0, 4.0, 4.0, 13.0)",1867600.0,1,-11.482951247229016,1.0,1.0,1.0304279668505353e-05,5.354465624330692e-07,5.35446275730048e-07
953,"(2.0, 4.0, 4.0, 6.0, 7.0)",6577200.0,1,-11.314957433994133,1.0,1.0,1.2189234254066306e-05,1.520403819254394e-07,1.5204035880916166e-07
954,"(2.0, 4.0, 4.0, 6.0, 9.0)",6333600.000000003,6,-11.821024787066529,6.0,6.0,7.348423283038861e-06,9.473285335354297e-07,9.473276361040793e-07
955,"(2.0, 4.0, 4.0, 7.0, 8.0)",6333600.000000003,4,-10.972184201908837,4.0,4.0,1.7172793462493413e-05,6.315523556902864e-07,6.315519568319084e-07
956,"(2.0, 4.0, 4.0, 7.0, 9.0)",6333600.000000003,21,-11.617044321043332,26.0,42.0,9.011181876868186e-06,4.105090311986862e-06,6.631282882981538e-06
957,"(2.0, 4.0, 4.0, 7.0, 11.0)",6333600.000000003,1,-11.272618688956864,2.0,4.0,1.2716391988934465e-05,3.157761778451432e-07,6.315522559756919e-07
958,"(2.0, 4.0, 4.0, 8.0, 9.0)",5655000.000000004,34,-11.478251554981233,41.0,57.0,1.035282058612553e-05,7.250221043324487e-06,1.0079523031111791e-05
959,"(2.0, 4.0, 4.0, 8.0, 11.0)",5655000.000000004,1,-11.133825922894763,1.0,1.0,1.4609684563379111e-05,1.7683465959328016e-07,1.7683462832278333e-07
960,"(2.0, 4.0, 4.0, 8.0, 13.0)",5202600.000000004,2,-11.104651026660807,3.0,5.0,1.5042199201009597e-05,5.766347595433048e-07,9.61057600064529e-07
961,"(2.0, 4.0, 4.0, 8.0, 14.0)",5202600.000000004,2,-11.028017397310125,3.0,5.0,1.6240257014984575e-05,5.766347595433048e-07,9.61057600064529e-07
962,"(2.0, 4.0, 4.0, 9.0, 9.0)",2827500.000000002,16,-12.123111674115728,17.0,19.0,5.432497015929103e-06,6.0123784261715256e-06,6.719680915850307e-06
963,"(2.0, 4.0, 4.0, 9.0, 11.0)",5655000.000000004,14,-11.77868604202926,18.0,26.0,7.666226525801788e-06,3.183023872679043e-06,4.59769101778431e-06
964,"(2.0, 4.0, 4.0, 9.0, 12.0)",5202600.000000004,9,-11.864397519107497,10.0,12.0,7.036515138358511e-06,1.9221158651443497e-06,2.3065353436438203e-06
965,"(2.0, 4.0, 4.0, 9.0, 13.0)",5202600.000000004,5,-11.749511145795305,6.0,8.0,7.893182499657082e-06,1.1532695190866097e-06,1.5376913620848961e-06
966,"(2.0, 4.0, 4.0, 9.0, 14.0)",5202600.000000004,183,-11.672877516444617,214.0,286.0,8.521846489840827e-06,4.113327951408908e-05,5.497082179644481e-05
967,"(2.0, 4.0, 4.0, 11.0, 11.0)",2827500.000000002,2,-11.43426040994279,2.0,2.0,1.081841903871819e-05,7.073386383731206e-07,7.073381380451713e-07
968,"(2.0, 4.0, 4.0, 11.0, 13.0)",5202600.000000004,1,-11.405085513708832,3.0,9.0,1.1138694577178136e-05,5.766347595433048e-07,1.7299039461222686e-06
969,"(2.0, 4.0, 4.0, 11.0, 14.0)",5202600.000000004,6,-11.328451884358149,6.0,6.0,1.2025852093000245e-05,1.1532695190866097e-06,1.153268189056026e-06
970,"(2.0, 4.0, 4.0, 14.0, 14.0)",2201100.0000000014,2,-11.222643358773508,2.0,2.0,1.3368045556853721e-05,9.086365907955107e-07,9.086357651750566e-07
971,"(2.0, 4.0, 6.0, 6.0, 9.0)",6333600.000000003,13,-11.785497798583616,16.0,22.0,7.6141835104259834e-06,2.5262094227611456e-06,3.4735315745625275e-06
972,"(2.0, 4.0, 6.0, 6.0, 11.0)",6333600.000000003,1,-11.441072166497149,1.0,1.0,1.0744977020473715e-05,1.578880889225716e-07,1.5788806399392297e-07
973,"(2.0, 4.0, 6.0, 7.0, 9.0)",12667200.000000006,30,-11.58151733256042,32.0,38.0,9.337076786889327e-06,2.5262094227611456e-06,2.999867307794813e-06
974,"(2.0, 4.0, 6.0, 7.0, 11.0)",12667200.000000006,2,-11.237091700473952,3.0,5.0,1.3176288091316505e-05,2.3683213338385743e-07,3.947201662169696e-07
975,"(2.0, 4.0, 6.0, 8.0, 8.0)",5655000.000000004,2,-10.797864447363825,2.0,2.0,2.044311417442433e-05,3.536693191865603e-07,3.53669194104573e-07
976,"(2.0, 4.0, 6.0, 8.0, 9.0)",11310000.000000007,41,-11.44272456649832,57.0,93.0,1.072723668153709e-05,5.039787798408485e-06,8.222786271626475e-06
977,"(2.0, 4.0, 6.0, 8.0, 13.0)",10405200.000000007,1,-11.069124038177897,1.0,1.0,1.5586209545281615e-05,9.610579325721748e-08,9.610578402089398e-08
978,"(2.0, 4.0, 6.0, 8.0, 14.0)",10405200.000000007,12,-10.99249040882721,12.0,12.0,1.6827595853656234e-05,1.1532695190866097e-06,1.153268189056026e-06
979,"(2.0, 4.0, 6.0, 9.0, 9.0)",5655000.000000004,31,-12.087584685632816,35.0,43.0,5.628966596766332e-06,6.189213085764805e-06,7.603852056152426e-06
980,"(2.0, 4.0, 6.0, 9.0, 11.0)",11310000.000000007,41,-11.743159053546348,48.0,62.0,7.943480302050743e-06,4.244031830238724e-06,5.4818564355855094e-06
981,"(2.0, 4.0, 6.0, 9.0, 12.0)",10405200.000000007,28,-11.828870530624584,35.0,51.0,7.290995016715458e-06,3.3637027640026118e-06,4.901384141621807e-06
982,"(2.0, 4.0, 6.0, 9.0, 13.0)",10405200.000000007,24,-11.713984157312392,31.0,47.0,8.178644277663076e-06,2.9792795909737417e-06,4.516963406982339e-06
983,"(2.0, 4.0, 6.0, 9.0, 14.0)",10405200.000000007,390,-11.637350527961706,456.0,614.0,8.830044285975611e-06,4.382424172529117e-05,5.9007036495768734e-05
984,"(2.0, 4.0, 6.0, 11.0, 11.0)",5655000.000000004,1,-11.39873342145988,2.0,4.0,1.120967378724836e-05,3.536693191865603e-07,7.073385132911333e-07
985,"(2.0, 4.0, 6.0, 11.0, 12.0)",10405200.000000007,2,-11.484444898538117,2.0,2.0,1.028890015636267e-05,1.9221158651443496e-07,1.9221154956914098e-07
986,"(2.0, 4.0, 6.0, 11.0, 13.0)",10405200.000000007,2,-11.369558525225925,3.0,5.0,1.154153228665776e-05,2.883173797716524e-07,4.80528883159176e-07
987,"(2.0, 4.0, 6.0, 11.0, 14.0)",10405200.000000007,7,-11.292924895875236,9.0,13.0,1.2460774397236096e-05,8.649521393149572e-07,1.249374564201624e-06
988,"(2.0, 4.0, 6.0, 12.0, 13.0)",8804400.000000006,2,-11.45527000230416,2.0,2.0,1.0593499472209669e-05,2.2715914769887768e-07,2.271590960975993e-07
989,"(2.0, 4.0, 6.0, 12.0, 14.0)",8804400.000000006,1,-11.378636372953473,1.0,1.0,1.1437234131644932e-05,1.1357957384943884e-07,1.1357956094911924e-07
990,"(2.0, 4.0, 6.0, 13.0, 13.0)",4402200.000000003,1,-11.340383628991969,1.0,1.0,1.1883215341689424e-05,2.2715914769887768e-07,2.271590960975993e-07
991,"(2.0, 4.0, 6.0, 13.0, 14.0)",8804400.000000006,1,-11.26374999964128,1.0,1.0,1.2829671295703374e-05,1.1357957384943884e-07,1.1357956094911924e-07
992,"(2.0, 4.0, 6.0, 14.0, 14.0)",4402200.000000003,1,-11.187116370290596,1.0,1.0,1.385150910951963e-05,2.2715914769887768e-07,2.271590960975993e-07
993,"(2.0, 4.0, 7.0, 7.0, 8.0)",6333600.000000003,3,-10.732676747402728,4.0,6.0,2.1820149034526447e-05,6.315523556902864e-07,9.473281346770518e-07
994,"(2.0, 4.0, 7.0, 7.0, 9.0)",6333600.000000003,19,-11.377536866537223,23.0,33.0,1.144981635980955e-05,3.631426045219147e-06,5.2102937471897415e-06
995,"(2.0, 4.0, 7.0, 7.0, 13.0)",5602800.000000001,1,-11.0039363382168,1.0,1.0,1.663608647193697e-05,1.784821874776897e-07,1.7848215562179845e-07
996,"(2.0, 4.0, 7.0, 8.0, 8.0)",5655000.000000004,1,-10.593883981340628,1.0,1.0,2.506886346361078e-05,1.7683465959328016e-07,1.7683462832278333e-07
997,"(2.0, 4.0, 7.0, 8.0, 9.0)",11310000.000000007,54,-11.238744100475124,65.0,89.0,1.3154533571393272e-05,5.747126436781606e-06,7.869109322438687e-06
998,"(2.0, 4.0, 7.0, 8.0, 11.0)",11310000.000000007,3,-10.894318468388656,6.0,14.0,1.8563403514786453e-05,5.305039787798405e-07,1.2378423357184897e-06
999,"(2.0, 4.0, 7.0, 8.0, 12.0)",10405200.000000007,1,-10.980029945466892,1.0,1.0,1.7038587290843346e-05,9.610579325721748e-08,9.610578402089398e-08
1000,"(2.0, 4.0, 7.0, 8.0, 14.0)",10405200.000000007,10,-10.788509942804014,13.0,19.0,2.0635246630080035e-05,1.2493753123438273e-06,1.826008510948461e-06
1001,"(2.0, 4.0, 7.0, 9.0, 9.0)",5655000.000000004,31,-11.88360421960962,34.0,42.0,6.902656505832222e-06,6.0123784261715256e-06,7.427019554223428e-06
1002,"(2.0, 4.0, 7.0, 9.0, 11.0)",11310000.000000007,47,-11.539178587523152,55.0,73.0,9.740884946341563e-06,4.862953138815205e-06,6.454441426841496e-06
1003,"(2.0, 4.0, 7.0, 9.0, 12.0)",10405200.000000007,27,-11.624890064601388,33.0,51.0,8.94075907557041e-06,3.1714911774881765e-06,4.9013853977618024e-06
1004,"(2.0, 4.0, 7.0, 9.0, 13.0)",10405200.000000007,32,-11.510003691289196,39.0,55.0,1.0029260462218732e-05,3.7481259370314814e-06,5.285804580698921e-06
1005,"(2.0, 4.0, 7.0, 9.0, 14.0)",10405200.000000007,514,-11.43337006193851,613.0,863.0,1.0828055485777894e-05,5.891285126667431e-05,8.29358288569343e-05
1006,"(2.0, 4.0, 7.0, 11.0, 13.0)",10405200.000000007,1,-11.165578059202726,1.0,1.0,1.4153083262483266e-05,9.610579325721748e-08,9.610578402089398e-08
1007,"(2.0, 4.0, 7.0, 11.0, 14.0)",10405200.000000007,11,-11.08894442985204,12.0,14.0,1.528032614551325e-05,1.1532695190866097e-06,1.345479775570461e-06
1008,"(2.0, 4.0, 7.0, 13.0, 14.0)",8804400.000000006,1,-11.059769533618084,1.0,1.0,1.5732694894272445e-05,1.1357957384943884e-07,1.1357956094911924e-07
1009,"(2.0, 4.0, 7.0, 14.0, 14.0)",4402200.000000003,1,-10.9831359042674,1.0,1.0,1.698574824113297e-05,2.2715914769887768e-07,2.271590960975993e-07
1010,"(2.0, 4.0, 8.0, 8.0, 8.0)",1560000.0000000007,1,-10.455091215278529,2.0,4.0,2.8801265947485243e-05,1.2820512820512816e-06,2.5641009204470734e-06
1011,"(2.0, 4.0, 8.0, 8.0, 9.0)",4680000.000000002,29,-11.099951334413024,30.0,32.0,1.5113059287860134e-05,6.410256410256407e-06,6.83756574621959e-06
1012,"(2.0, 4.0, 8.0, 8.0, 12.0)",4485000.000000003,3,-10.841237179404793,3.0,3.0,1.95753941795309e-05,6.688963210702337e-07,6.688958736479454e-07
1013,"(2.0, 4.0, 8.0, 8.0, 13.0)",4485000.000000003,3,-10.7263508060926,3.0,3.0,2.195861953305017e-05,6.688963210702337e-07,6.688958736479454e-07
1014,"(2.0, 4.0, 8.0, 8.0, 14.0)",4485000.000000003,39,-10.649717176741914,46.0,62.0,2.3707545694984647e-05,1.025641025641025e-05,1.3823752108166816e-05
1015,"(2.0, 4.0, 8.0, 9.0, 9.0)",4680000.000000002,39,-11.74481145354752,45.0,59.0,7.930365333761255e-06,9.615384615384612e-06,1.26067451512163e-05
1016,"(2.0, 4.0, 8.0, 9.0, 11.0)",9360000.000000004,66,-11.400385821461052,71.0,81.0,1.1191166217434495e-05,7.585470085470082e-06,8.653788614489732e-06
1017,"(2.0, 4.0, 8.0, 9.0, 12.0)",8970000.000000006,78,-11.486097298539288,96.0,136.0,1.0271912816537637e-05,1.070234113712374e-05,1.5161535404152815e-05
1018,"(2.0, 4.0, 8.0, 9.0, 13.0)",8970000.000000006,61,-11.371210925227096,67.0,81.0,1.152247680666714e-05,7.4693422519509426e-06,9.030044543374479e-06
1019,"(2.0, 4.0, 8.0, 9.0, 14.0)",8970000.000000006,1261,-11.29457729587641,1489.0,2009.0,1.244020121585108e-05,0.00016599777034559632,0.0002239412295785902
1020,"(2.0, 4.0, 8.0, 11.0, 12.0)",8970000.000000006,2,-11.14167166645282,2.0,2.0,1.4495509205796843e-05,2.2296544035674457e-07,2.2296539064315698e-07
1021,"(2.0, 4.0, 8.0, 11.0, 13.0)",8970000.000000006,2,-11.026785293140628,2.0,2.0,1.6260279035440946e-05,2.2296544035674457e-07,2.2296539064315698e-07
1022,"(2.0, 4.0, 8.0, 11.0, 14.0)",8970000.000000006,44,-10.95015166378994,56.0,92.0,1.755535258788516e-05,6.2430323299888475e-06,1.0256371280957577e-05
1023,"(2.0, 4.0, 8.0, 12.0, 14.0)",7893600.0000000065,5,-11.035863140868177,5.0,5.0,1.611333865861154e-05,6.334245464680242e-07,6.334241452413681e-07
1024,"(2.0, 4.0, 8.0, 13.0, 13.0)",3946800.0000000033,1,-10.997610396906673,2.0,4.0,1.674165894917385e-05,5.067396371744194e-07,1.013479017563779e-06
1025,"(2.0, 4.0, 8.0, 13.0, 14.0)",7893600.0000000065,18,-10.920976767555985,23.0,33.0,1.807507270436578e-05,2.913752913752911e-06,4.180593516732917e-06
1026,"(2.0, 4.0, 8.0, 14.0, 14.0)",3946800.0000000033,9,-10.8443431382053,12.0,24.0,1.9514688135743554e-05,3.0404378230465163e-06,6.080866401830877e-06
1027,"(2.0, 4.0, 9.0, 9.0, 9.0)",1560000.0000000007,15,-12.389671572682015,18.0,24.0,4.161347688051516e-06,1.1538461538461533e-05,1.5384482248520702e-05
1028,"(2.0, 4.0, 9.0, 9.0, 11.0)",4680000.000000002,28,-12.045245940595548,37.0,59.0,5.872407096714881e-06,7.905982905982902e-06,1.2606775102271892e-05
1029,"(2.0, 4.0, 9.0, 9.0, 12.0)",4485000.000000003,28,-12.130957417673784,33.0,43.0,5.3900418016041526e-06,7.3578595317725704e-06,9.587459797243126e-06
1030,"(2.0, 4.0, 9.0, 9.0, 13.0)",4485000.000000003,15,-12.016071044361592,17.0,21.0,6.046257669356324e-06,3.7904124860646578e-06,4.682259880264822e-06
1031,"(2.0, 4.0, 9.0, 9.0, 14.0)",4485000.000000003,351,-11.939437415010904,418.0,580.0,6.527820647567172e-06,9.319955406911923e-05,0.00012931126925003317
1032,"(2.0, 4.0, 9.0, 11.0, 11.0)",4680000.000000002,26,-11.700820308509078,30.0,38.0,8.287018460044725e-06,6.410256410256407e-06,8.11961702827087e-06
1033,"(2.0, 4.0, 9.0, 11.0, 12.0)",8970000.000000006,39,-11.786531785587314,47.0,63.0,7.606314612502597e-06,5.2396878483834975e-06,7.0233839169087055e-06
1034,"(2.0, 4.0, 9.0, 11.0, 13.0)",8970000.000000006,38,-11.671645412275122,44.0,56.0,8.532352763515434e-06,4.90523968784838e-06,6.243008268612452e-06
1035,"(2.0, 4.0, 9.0, 11.0, 14.0)",8970000.000000006,477,-11.595011782924436,563.0,757.0,9.21192439817608e-06,6.276477146042359e-05,8.438847975849134e-05
1036,"(2.0, 4.0, 9.0, 12.0, 12.0)",3946800.0000000033,8,-11.872243262665547,9.0,11.0,6.981524448547986e-06,2.2803283672848873e-06,2.787062804561844e-06
1037,"(2.0, 4.0, 9.0, 12.0, 13.0)",7893600.0000000065,16,-11.75735688935336,19.0,25.0,7.831496914971754e-06,2.407013276578492e-06,3.1671169386272075e-06
1038,"(2.0, 4.0, 9.0, 12.0, 14.0)",7893600.0000000065,246,-11.680723260002672,302.0,446.0,8.455247867124669e-06,3.825884260666866e-05,5.650000580591015e-05
1039,"(2.0, 4.0, 9.0, 13.0, 13.0)",3946800.0000000033,12,-11.642470516041168,13.0,15.0,8.784950103837035e-06,3.2938076416337257e-06,3.8005364296393652e-06
1040,"(2.0, 4.0, 9.0, 13.0, 14.0)",7893600.0000000065,274,-11.56583688669048,331.0,467.0,9.484640220730091e-06,4.19327049761832e-05,5.916009428836684e-05
1041,"(2.0, 4.0, 9.0, 14.0, 14.0)",3946800.0000000033,297,-11.489203257339796,354.0,490.0,1.024005817373956e-05,8.969291577987223e-05,0.00012414316628859165
1042,"(2.0, 4.0, 11.0, 11.0, 12.0)",4485000.000000003,1,-11.442106153500845,1.0,1.0,1.0733872595784275e-05,2.2296544035674457e-07,2.2296539064315698e-07
1043,"(2.0, 4.0, 11.0, 11.0, 13.0)",4485000.000000003,2,-11.327219780188653,2.0,2.0,1.2040678327362743e-05,4.4593088071348914e-07,4.4593068185913875e-07
1044,"(2.0, 4.0, 11.0, 11.0, 14.0)",4485000.000000003,8,-11.250586150837966,10.0,14.0,1.2999675649688364e-05,2.2296544035674455e-06,3.1215111936356643e-06
1045,"(2.0, 4.0, 11.0, 12.0, 14.0)",7893600.0000000065,4,-11.336297627916204,5.0,7.0,1.1931869505149498e-05,6.334245464680242e-07,8.867939638285778e-07
1046,"(2.0, 4.0, 11.0, 13.0, 14.0)",7893600.0000000065,13,-11.22141125460401,15.0,19.0,1.3384526532576856e-05,1.9002736394040726e-06,2.4070096655385874e-06
1047,"(2.0, 4.0, 11.0, 14.0, 14.0)",3946800.0000000033,8,-11.144777625253326,11.0,23.0,1.4450556598023221e-05,2.7870680044593065e-06,5.827498059757761e-06
1048,"(2.0, 4.0, 12.0, 12.0, 14.0)",3187800.0000000014,1,-11.42200910499444,3.0,9.0,1.0951774007633012e-05,9.410878976096363e-07,2.823262807182478e-06
1049,"(2.0, 6.0, 6.0, 6.0, 9.0)",2111200.000000001,4,-11.749970810100706,4.0,4.0,7.889555119158511e-06,1.8946570670708594e-06,1.8946534773454577e-06
1050,"(2.0, 6.0, 6.0, 7.0, 8.0)",6333600.000000003,1,-10.901130224943014,1.0,1.0,1.8437383824226044e-05,1.578880889225716e-07,1.5788806399392297e-07
1051,"(2.0, 6.0, 6.0, 7.0, 9.0)",6333600.000000003,8,-11.54599034407751,10.0,14.0,9.674757885873113e-06,1.5788808892257161e-06,2.2104307520511403e-06
1052,"(2.0, 6.0, 6.0, 7.0, 11.0)",6333600.000000003,2,-11.201564711991042,2.0,2.0,1.365281661783032e-05,3.157761778451432e-07,3.157760781305487e-07
1053,"(2.0, 6.0, 6.0, 7.0, 13.0)",5602800.000000001,1,-11.172389815757086,1.0,1.0,1.4057003512248153e-05,1.784821874776897e-07,1.7848215562179845e-07
1054,"(2.0, 6.0, 6.0, 7.0, 14.0)",5602800.000000001,1,-11.0957561864064,1.0,1.0,1.5176593983952126e-05,1.784821874776897e-07,1.7848215562179845e-07
1055,"(2.0, 6.0, 6.0, 8.0, 9.0)",5655000.000000004,19,-11.40719757801541,20.0,22.0,1.1115193764289906e-05,3.5366931918656032e-06,3.89035000285343e-06
1056,"(2.0, 6.0, 6.0, 8.0, 11.0)",5655000.000000004,2,-11.062771945928942,3.0,5.0,1.568552969755335e-05,5.305039787798405e-07,8.841730165319293e-07
1057,"(2.0, 6.0, 6.0, 8.0, 13.0)",5202600.000000004,1,-11.033597049694986,1.0,1.0,1.6149894356745577e-05,1.9221158651443496e-07,1.9221154956914098e-07
1058,"(2.0, 6.0, 6.0, 8.0, 14.0)",5202600.000000004,8,-10.9569634203443,10.0,14.0,1.7436176161049283e-05,1.9221158651443497e-06,2.6909585166726903e-06
1059,"(2.0, 6.0, 6.0, 9.0, 9.0)",2827500.000000002,16,-12.052057697149904,21.0,31.0,5.83254162029063e-06,7.427055702917767e-06,1.0963693733626956e-05
1060,"(2.0, 6.0, 6.0, 9.0, 11.0)",5655000.000000004,19,-11.707632065063438,21.0,25.0,8.23076113087706e-06,3.7135278514588835e-06,4.420852699542901e-06
1061,"(2.0, 6.0, 6.0, 9.0, 12.0)",5202600.000000004,11,-11.793343542141674,14.0,20.0,7.554678315688307e-06,2.6909622112020893e-06,3.844224489011077e-06
1062,"(2.0, 6.0, 6.0, 9.0, 13.0)",5202600.000000004,10,-11.678457168829482,11.0,13.0,8.474429955655643e-06,2.1143274516587845e-06,2.498746154307082e-06
1063,"(2.0, 6.0, 6.0, 9.0, 14.0)",5202600.000000004,185,-11.601823539478795,213.0,275.0,9.149388244113618e-06,4.0941067927574644e-05,5.285651012042656e-05
1064,"(2.0, 6.0, 6.0, 11.0, 14.0)",5202600.000000004,4,-11.257397907392326,5.0,7.0,1.2911425932902596e-05,9.610579325721749e-07,1.345480181968695e-06
1065,"(2.0, 6.0, 6.0, 14.0, 14.0)",2201100.0000000014,1,-11.151589381807684,1.0,1.0,1.4352457417586937e-05,4.5431829539775536e-07,4.5431808899264184e-07
1066,"(2.0, 6.0, 7.0, 7.0, 9.0)",6333600.000000003,20,-11.342009878054313,23.0,29.0,1.186390597905441e-05,3.631426045219147e-06,4.578741391499455e-06
1067,"(2.0, 6.0, 7.0, 8.0, 8.0)",5655000.000000004,1,-10.558356992857718,1.0,1.0,2.597549426015227e-05,1.7683465959328016e-07,1.7683462832278333e-07
1068,"(2.0, 6.0, 7.0, 8.0, 9.0)",11310000.000000007,88,-11.203217111992211,107.0,151.0,1.3630275332374043e-05,9.460654288240489e-06,1.335092729531309e-05
1069,"(2.0, 6.0, 7.0, 8.0, 11.0)",11310000.000000007,1,-10.858791479905744,1.0,1.0,1.9234760369059602e-05,8.841732979664008e-08,8.841732197901586e-08
1070,"(2.0, 6.0, 7.0, 8.0, 12.0)",10405200.000000007,1,-10.94450295698398,1.0,1.0,1.7654798232749956e-05,9.610579325721748e-08,9.610578402089398e-08
1071,"(2.0, 6.0, 7.0, 8.0, 13.0)",10405200.000000007,1,-10.829616583671788,1.0,1.0,1.9804198769652205e-05,9.610579325721748e-08,9.610578402089398e-08
1072,"(2.0, 6.0, 7.0, 8.0, 14.0)",10405200.000000007,25,-10.752982954321103,30.0,40.0,2.138153295918372e-05,2.883173797716524e-06,3.844223417597551e-06
1073,"(2.0, 6.0, 7.0, 9.0, 9.0)",5655000.000000004,28,-11.848077231126709,31.0,37.0,7.152295304783724e-06,5.481874447391685e-06,6.542852354003909e-06
1074,"(2.0, 6.0, 7.0, 9.0, 11.0)",11310000.000000007,48,-11.50365159904024,55.0,69.0,1.0093170014659101e-05,4.862953138815205e-06,6.100772107654935e-06
1075,"(2.0, 6.0, 7.0, 9.0, 12.0)",10405200.000000007,35,-11.589363076118476,42.0,58.0,9.264107101863536e-06,4.036443316803134e-06,5.574119716043964e-06
1076,"(2.0, 6.0, 7.0, 9.0, 13.0)",10405200.000000007,30,-11.474476702806284,36.0,50.0,1.0391974807637017e-05,3.459808557259829e-06,4.805277692585621e-06
1077,"(2.0, 6.0, 7.0, 9.0, 14.0)",10405200.000000007,484,-11.3978430734556,584.0,810.0,1.1219658742316265e-05,5.6125783262215004e-05,7.784254243479935e-05
1078,"(2.0, 6.0, 7.0, 11.0, 11.0)",5655000.000000004,2,-11.159225966953771,3.0,5.0,1.4243271090425689e-05,5.305039787798405e-07,8.841730165319293e-07
1079,"(2.0, 6.0, 7.0, 11.0, 13.0)",10405200.000000007,2,-11.130051070719816,2.0,2.0,1.4664938184442905e-05,1.9221158651443496e-07,1.9221154956914098e-07
1080,"(2.0, 6.0, 7.0, 11.0, 14.0)",10405200.000000007,7,-11.05341744136913,10.0,16.0,1.5832948496535664e-05,9.610579325721749e-07,1.53769176848313e-06
1081,"(2.0, 6.0, 7.0, 12.0, 14.0)",8804400.000000006,1,-11.139128918447366,1.0,1.0,1.453241453350766e-05,1.1357957384943884e-07,1.1357956094911924e-07
1082,"(2.0, 6.0, 7.0, 13.0, 14.0)",8804400.000000006,4,-11.024242545135174,4.0,4.0,1.6301677438073972e-05,4.5431829539775536e-07,4.5431808899264184e-07
1083,"(2.0, 6.0, 7.0, 14.0, 14.0)",4402200.000000003,2,-10.947608915784487,2.0,2.0,1.7600048226454054e-05,4.5431829539775536e-07,4.5431808899264184e-07
1084,"(2.0, 6.0, 8.0, 8.0, 9.0)",4680000.000000002,34,-11.064424345930114,41.0,59.0,1.565963233055993e-05,8.760683760683757e-06,1.2606760857257648e-05
1085,"(2.0, 6.0, 8.0, 8.0, 11.0)",4680000.000000002,1,-10.719998713843644,1.0,1.0,2.2098546654481722e-05,2.136752136752136e-07,2.1367516801811667e-07
1086,"(2.0, 6.0, 8.0, 8.0, 12.0)",4485000.000000003,1,-10.80571019092188,2.0,4.0,2.028335029582491e-05,4.4593088071348914e-07,8.918615625726279e-07
1087,"(2.0, 6.0, 8.0, 8.0, 13.0)",4485000.000000003,1,-10.690823817609688,1.0,1.0,2.275276645347599e-05,2.2296544035674457e-07,2.2296539064315698e-07
1088,"(2.0, 6.0, 8.0, 8.0, 14.0)",4485000.000000003,30,-10.614190188259004,31.0,33.0,2.4564943600904387e-05,6.911928651059082e-06,7.357811757014893e-06
1089,"(2.0, 6.0, 8.0, 9.0, 9.0)",4680000.000000002,55,-11.70928446506461,70.0,106.0,8.217171851729237e-06,1.495726495726495e-05,2.264934892979764e-05
1090,"(2.0, 6.0, 8.0, 9.0, 11.0)",9360000.000000004,69,-11.36485883297814,87.0,135.0,1.159590159591184e-05,9.294871794871791e-06,1.4422990528435235e-05
1091,"(2.0, 6.0, 8.0, 9.0, 12.0)",8970000.000000006,78,-11.450570310056376,98.0,144.0,1.0643402832923141e-05,1.0925306577480484e-05,1.60533923433618e-05
1092,"(2.0, 6.0, 8.0, 9.0, 13.0)",8970000.000000006,75,-11.335683936744184,93.0,131.0,1.1939194235461789e-05,1.0367892976588623e-05,1.4604128850161995e-05
1093,"(2.0, 6.0, 8.0, 9.0, 14.0)",8970000.000000006,1318,-11.2590503073935,1555.0,2117.0,1.2890108709816067e-05,0.0001733556298773689,0.00023597886644320394
1094,"(2.0, 6.0, 8.0, 11.0, 11.0)",4680000.000000002,4,-11.020433200891672,4.0,4.0,1.6363894567176837e-05,8.547008547008544e-07,8.547001241873034e-07
1095,"(2.0, 6.0, 8.0, 11.0, 12.0)",8970000.000000006,2,-11.106144677969908,2.0,2.0,1.5019748171659952e-05,2.2296544035674457e-07,2.2296539064315698e-07
1096,"(2.0, 6.0, 8.0, 11.0, 13.0)",8970000.000000006,3,-10.991258304657716,3.0,3.0,1.6848341982741637e-05,3.3444816053511685e-07,3.344480486795448e-07
1097,"(2.0, 6.0, 8.0, 11.0, 14.0)",8970000.000000006,52,-10.91462467530703,61.0,83.0,1.819025266316877e-05,6.800445930880709e-06,9.25301952874004e-06
1098,"(2.0, 6.0, 8.0, 12.0, 13.0)",7893600.0000000065,3,-11.07696978173595,3.0,3.0,1.5464402600000636e-05,3.8005472788081454e-07,3.8005458343921837e-07
1099,"(2.0, 6.0, 8.0, 12.0, 14.0)",7893600.0000000065,12,-11.000336152385266,13.0,15.0,1.6696087417214242e-05,1.6469038208168628e-06,1.9002709271118775e-06
1100,"(2.0, 6.0, 8.0, 13.0, 14.0)",7893600.0000000065,26,-10.885449779073074,27.0,29.0,1.8728768775880633e-05,3.420492550927331e-06,3.6738506697452494e-06
1101,"(2.0, 6.0, 8.0, 14.0, 14.0)",3946800.0000000033,7,-10.808816149722388,7.0,7.0,2.0220448780794376e-05,1.7735887301104677e-06,1.7735855844934842e-06
1102,"(2.0, 6.0, 9.0, 9.0, 9.0)",1560000.0000000007,6,-12.354144584199105,8.0,12.0,4.311845375135765e-06,5.128205128205126e-06,7.692281393819851e-06
1103,"(2.0, 6.0, 9.0, 9.0, 11.0)",4680000.000000002,38,-12.009718952112635,44.0,56.0,6.084786294975667e-06,9.401709401709398e-06,1.1965723573672287e-05
1104,"(2.0, 6.0, 9.0, 9.0, 12.0)",4485000.000000003,23,-12.095430429190872,24.0,26.0,5.584975963620475e-06,5.35117056856187e-06,5.7970728142489055e-06
1105,"(2.0, 6.0, 9.0, 9.0, 13.0)",4485000.000000003,15,-11.98054405587868,15.0,15.0,6.264924280023419e-06,3.3444816053511684e-06,3.34447041979396e-06
1106,"(2.0, 6.0, 9.0, 9.0, 14.0)",4485000.000000003,316,-11.903910426527997,375.0,523.0,6.7639032781967615e-06,8.36120401337792e-05,0.00011660393433332208
1107,"(2.0, 6.0, 9.0, 11.0, 11.0)",4680000.000000002,21,-11.665293320026167,27.0,41.0,8.586723556699404e-06,5.769230769230767e-06,8.760650476660089e-06
1108,"(2.0, 6.0, 9.0, 11.0, 12.0)",8970000.000000006,37,-11.751004797104404,40.0,48.0,7.88140163772369e-06,4.459308807134891e-06,5.351150683126833e-06
1109,"(2.0, 6.0, 9.0, 11.0, 13.0)",8970000.000000006,35,-11.636118423792212,38.0,44.0,8.840930525470534e-06,4.236343366778147e-06,4.9052217412432594e-06
1110,"(2.0, 6.0, 9.0, 11.0, 14.0)",8970000.000000006,499,-11.559484794441524,602.0,840.0,9.545079284392685e-06,6.711259754738011e-05,9.364098084908317e-05
1111,"(2.0, 6.0, 9.0, 12.0, 12.0)",3946800.0000000033,9,-11.836716274182638,10.0,12.0,7.234015554937735e-06,2.5336981858720967e-06,3.0404314034200193e-06
1112,"(2.0, 6.0, 9.0, 12.0, 13.0)",7893600.0000000065,23,-11.721829900870446,26.0,32.0,8.114727796038236e-06,3.2938076416337257e-06,4.053906248226575e-06
1113,"(2.0, 6.0, 9.0, 12.0, 14.0)",7893600.0000000065,253,-11.645196271519762,305.0,425.0,8.761037083291344e-06,3.863889733454948e-05,5.3839593485394825e-05
1114,"(2.0, 6.0, 9.0, 13.0, 13.0)",3946800.0000000033,9,-11.606943527558256,11.0,17.0,9.102663203267362e-06,2.7870680044593065e-06,4.307279148234503e-06
1115,"(2.0, 6.0, 9.0, 13.0, 14.0)",7893600.0000000065,298,-11.53030989820757,354.0,482.0,9.827658041650139e-06,4.4846457889936115e-05,6.106011507473226e-05
1116,"(2.0, 6.0, 9.0, 14.0, 14.0)",3946800.0000000033,307,-11.453676268856883,356.0,470.0,1.0610396147464037e-05,9.019965541704665e-05,0.0001190756787581512
1117,"(2.0, 6.0, 11.0, 11.0, 12.0)",4485000.000000003,1,-11.406579165017934,2.0,4.0,1.1122069670438936e-05,4.4593088071348914e-07,8.918615625726279e-07
1118,"(2.0, 6.0, 11.0, 11.0, 14.0)",4485000.000000003,7,-11.215059162355056,8.0,10.0,1.3469816879112909e-05,1.7837235228539565e-06,2.2296512218978397e-06
1119,"(2.0, 6.0, 11.0, 12.0, 13.0)",7893600.0000000065,2,-11.377404268783978,2.0,2.0,1.1451334680394653e-05,2.533698185872097e-07,2.5336975439094473e-07
1120,"(2.0, 6.0, 11.0, 12.0, 14.0)",7893600.0000000065,2,-11.300770639433292,2.0,2.0,1.2363392871551259e-05,2.533698185872097e-07,2.5336975439094473e-07
1121,"(2.0, 6.0, 11.0, 13.0, 14.0)",7893600.0000000065,7,-11.1858842661211,10.0,18.0,1.386858612982088e-05,1.2668490929360484e-06,2.280326762378263e-06
1122,"(2.0, 6.0, 11.0, 14.0, 14.0)",3946800.0000000033,6,-11.109250636770415,6.0,6.0,1.4973169825302201e-05,1.5202189115232582e-06,1.5202166004577192e-06
1123,"(2.0, 6.0, 12.0, 12.0, 12.0)",1062600.0000000005,1,-11.578002119174403,1.0,1.0,9.369956359697115e-06,9.410878976096363e-07,9.410870119632053e-07
1124,"(2.0, 6.0, 12.0, 13.0, 14.0)",6375600.000000003,3,-11.271595743199336,3.0,3.0,1.2729406823770738e-05,4.7054394880481815e-07,4.7054372739321037e-07
1125,"(2.0, 6.0, 14.0, 14.0, 14.0)",1062600.0000000005,1,-11.003442111185771,1.0,1.0,1.6644310507664907e-05,9.410878976096363e-07,9.410870119632053e-07
1126,"(2.0, 7.0, 7.0, 7.0, 9.0)",2111200.000000001,12,-11.138029412031116,16.0,26.0,1.4548401803973472e-05,7.578628268283438e-06,1.2315213500354157e-05
1127,"(2.0, 7.0, 7.0, 7.0, 13.0)",1867600.0,1,-10.764428883710693,1.0,1.0,2.113819670409214e-05,5.354465624330692e-07,5.35446275730048e-07
1128,"(2.0, 7.0, 7.0, 7.0, 14.0)",1867600.0,1,-10.687795254360006,1.0,1.0,2.2821779097614704e-05,5.354465624330692e-07,5.35446275730048e-07
1129,"(2.0, 7.0, 7.0, 8.0, 9.0)",5655000.000000004,47,-10.999236645969017,59.0,87.0,1.6714454968225427e-05,1.043324491600353e-05,1.5384506532015897e-05
1130,"(2.0, 7.0, 7.0, 8.0, 11.0)",5655000.000000004,1,-10.654811013882547,1.0,1.0,2.3587090368574202e-05,1.7683465959328016e-07,1.7683462832278333e-07
1131,"(2.0, 7.0, 7.0, 8.0, 12.0)",5202600.000000004,1,-10.740522490960783,1.0,1.0,2.1649623565088205e-05,1.9221158651443496e-07,1.9221154956914098e-07
1132,"(2.0, 7.0, 7.0, 8.0, 14.0)",5202600.000000004,11,-10.549002488297909,14.0,26.0,2.6219622207415633e-05,2.6909622112020893e-06,4.997494008097687e-06
1133,"(2.0, 7.0, 7.0, 9.0, 9.0)",2827500.000000002,23,-11.644096765103512,28.0,40.0,8.770675197390597e-06,9.90274093722369e-06,1.4146674703184344e-05
1134,"(2.0, 7.0, 7.0, 9.0, 11.0)",5655000.000000004,23,-11.299671133017045,30.0,46.0,1.237699397722138e-05,5.305039787798405e-06,8.134366197843737e-06
1135,"(2.0, 7.0, 7.0, 9.0, 12.0)",5202600.000000004,17,-11.38538261009528,23.0,39.0,1.1360335517737885e-05,4.420866489832004e-06,7.496232330002442e-06
1136,"(2.0, 7.0, 7.0, 9.0, 13.0)",5202600.000000004,16,-11.270496236783089,20.0,34.0,1.274341058545063e-05,3.844231730288699e-06,6.535179163373192e-06
1137,"(2.0, 7.0, 7.0, 9.0, 14.0)",5202600.000000004,333,-11.193862607432402,393.0,537.0,1.3758378039648858e-05,7.553915350017294e-05,0.00010321191579454004
1138,"(2.0, 7.0, 7.0, 11.0, 14.0)",5202600.000000004,7,-10.849436975345933,9.0,15.0,1.941553623873018e-05,1.7299042786299145e-06,2.8831708051477108e-06
1139,"(2.0, 7.0, 7.0, 12.0, 12.0)",2201100.0000000014,1,-11.126668455087046,1.0,1.0,1.4714628027038758e-05,4.5431829539775536e-07,4.5431808899264184e-07
1140,"(2.0, 7.0, 7.0, 12.0, 14.0)",4402200.000000003,1,-10.935148452424167,1.0,1.0,1.7820724994672002e-05,2.2715914769887768e-07,2.271590960975993e-07
1141,"(2.0, 7.0, 7.0, 14.0, 14.0)",2201100.0000000014,1,-10.74362844976129,1.0,1.0,2.1582485044960927e-05,4.5431829539775536e-07,4.5431808899264184e-07
1142,"(2.0, 7.0, 8.0, 8.0, 8.0)",1560000.0000000007,1,-10.215583760772422,2.0,4.0,3.659555544819966e-05,1.2820512820512816e-06,2.5641009204470734e-06
1143,"(2.0, 7.0, 8.0, 8.0, 9.0)",4680000.000000002,39,-10.860443879906915,48.0,68.0,1.9203003096088085e-05,1.0256410256410252e-05,1.4529809335963176e-05
1144,"(2.0, 7.0, 8.0, 8.0, 13.0)",4485000.000000003,2,-10.486843351586492,2.0,2.0,2.790113046255953e-05,4.4593088071348914e-07,4.4593068185913875e-07
1145,"(2.0, 7.0, 8.0, 8.0, 14.0)",4485000.000000003,40,-10.410209722235807,44.0,52.0,3.0123356542849843e-05,9.81047937569676e-06,1.1594106653045138e-05
1146,"(2.0, 7.0, 8.0, 9.0, 9.0)",4680000.000000002,62,-11.505303999041413,69.0,85.0,1.0076505832254238e-05,1.4743589743589739e-05,1.8162175788954628e-05
1147,"(2.0, 7.0, 8.0, 9.0, 11.0)",9360000.000000004,83,-11.160878366954943,98.0,134.0,1.4219754943650416e-05,1.0470085470085466e-05,1.431612969354956e-05
1148,"(2.0, 7.0, 8.0, 9.0, 12.0)",8970000.000000006,83,-11.24658984403318,93.0,113.0,1.3051730285817471e-05,1.0367892976588623e-05,1.2597439886951295e-05
1149,"(2.0, 7.0, 8.0, 9.0, 13.0)",8970000.000000006,104,-11.131703470720987,128.0,194.0,1.4640725850309388e-05,1.4269788182831652e-05,2.162744408774944e-05
1150,"(2.0, 7.0, 8.0, 9.0, 14.0)",8970000.000000006,1561,-11.055069841370305,1888.0,2658.0,1.5806807735865814e-05,0.00021047937569676687,0.00029627676866651986
1151,"(2.0, 7.0, 8.0, 11.0, 11.0)",4680000.000000002,1,-10.816452734868475,1.0,1.0,2.0066621706329637e-05,2.136752136752136e-07,2.1367516801811667e-07
1152,"(2.0, 7.0, 8.0, 11.0, 12.0)",8970000.000000006,4,-10.902164211946712,5.0,7.0,1.8418329661545504e-05,5.574136008918614e-07,7.803787305386835e-07
1153,"(2.0, 7.0, 8.0, 11.0, 13.0)",8970000.000000006,4,-10.78727783863452,4.0,4.0,2.0660687072910954e-05,4.4593088071348914e-07,4.4593068185913875e-07
1154,"(2.0, 7.0, 8.0, 11.0, 14.0)",8970000.000000006,69,-10.710644209283831,88.0,132.0,2.2306237517963782e-05,9.81047937569676e-06,1.471562281803956e-05
1155,"(2.0, 7.0, 8.0, 12.0, 13.0)",7893600.0000000065,2,-10.872989315712754,3.0,5.0,1.8963597914584375e-05,3.8005472788081454e-07,6.33424402026428e-07
1156,"(2.0, 7.0, 8.0, 12.0, 14.0)",7893600.0000000065,6,-10.79635568636207,6.0,6.0,2.047398122749271e-05,7.601094557616291e-07,7.601088779952444e-07
1157,"(2.0, 7.0, 8.0, 13.0, 13.0)",3946800.0000000033,3,-10.758102942400564,4.0,6.0,2.127233953835406e-05,1.0134792743488388e-06,1.5202178843830187e-06
1158,"(2.0, 7.0, 8.0, 13.0, 14.0)",7893600.0000000065,25,-10.681469313049876,26.0,28.0,2.2966605932841466e-05,3.2938076416337257e-06,3.5471666110521554e-06
1159,"(2.0, 7.0, 8.0, 14.0, 14.0)",3946800.0000000033,15,-10.604835683699193,21.0,37.0,2.4795814636345274e-05,5.320766190331404e-06,9.374654977173906e-06
1160,"(2.0, 7.0, 9.0, 9.0, 9.0)",1560000.0000000007,17,-12.150164118175908,21.0,29.0,5.287504734514058e-06,1.3461538461538455e-05,1.858956237672583e-05
1161,"(2.0, 7.0, 9.0, 9.0, 11.0)",4680000.000000002,40,-11.80573848608944,51.0,87.0,7.461616441238229e-06,1.0897435897435893e-05,1.8589624835634443e-05
1162,"(2.0, 7.0, 9.0, 9.0, 12.0)",4485000.000000003,40,-11.891449963167677,51.0,79.0,6.848711927398512e-06,1.1371237458193972e-05,1.761414048314149e-05
1163,"(2.0, 7.0, 9.0, 9.0, 13.0)",4485000.000000003,38,-11.776563589855485,42.0,50.0,7.68251500460005e-06,9.364548494983272e-06,1.1148184323068712e-05
1164,"(2.0, 7.0, 9.0, 9.0, 14.0)",4485000.000000003,403,-11.699929960504798,472.0,626.0,8.294400076007946e-06,0.00010523968784838344,0.00013956529027142367
1165,"(2.0, 7.0, 9.0, 11.0, 11.0)",4680000.000000002,27,-11.461312854002973,31.0,39.0,1.0529677553333379e-05,6.623931623931621e-06,8.333289456863172e-06
1166,"(2.0, 7.0, 9.0, 11.0, 12.0)",8970000.000000006,33,-11.547024331081207,39.0,53.0,9.664759481955849e-06,4.347826086956519e-06,5.9085652658620485e-06
1167,"(2.0, 7.0, 9.0, 11.0, 13.0)",8970000.000000006,36,-11.432137957769015,41.0,53.0,1.0841405000396945e-05,4.570791527313264e-06,5.908563277318545e-06
1168,"(2.0, 7.0, 9.0, 11.0, 14.0)",8970000.000000006,539,-11.355504328418329,643.0,885.0,1.1704884455869241e-05,7.168338907469337e-05,9.865706884959023e-05
1169,"(2.0, 7.0, 9.0, 12.0, 12.0)",3946800.0000000033,11,-11.632735808159442,14.0,22.0,8.870886631707487e-06,3.5471774602209355e-06,5.574123426450679e-06
1170,"(2.0, 7.0, 9.0, 12.0, 13.0)",7893600.0000000065,32,-11.51784943484725,38.0,52.0,9.950881329897879e-06,4.814026553156984e-06,6.587592108415797e-06
1171,"(2.0, 7.0, 9.0, 12.0, 14.0)",7893600.0000000065,307,-11.441215805496563,364.0,506.0,1.0743433733566507e-05,4.6113306982872164e-05,6.410043766548315e-05
1172,"(2.0, 7.0, 9.0, 13.0, 13.0)",3946800.0000000033,14,-11.40296306153506,18.0,28.0,1.1162361030269464e-05,4.560656734569775e-06,7.09433412085202e-06
1173,"(2.0, 7.0, 9.0, 13.0, 14.0)",7893600.0000000065,363,-11.326329432184371,422.0,556.0,1.2051403495139063e-05,5.3461031721901244e-05,7.043395148533153e-05
1174,"(2.0, 7.0, 9.0, 14.0, 14.0)",3946800.0000000033,344,-11.249695802833688,389.0,499.0,1.301125503903749e-05,9.856085943042456e-05,0.00012642182523200595
1175,"(2.0, 7.0, 11.0, 11.0, 11.0)",1560000.0000000007,2,-11.1168872219165,2.0,2.0,1.4859261428181138e-05,1.2820512820512816e-06,1.2820496383957918e-06
1176,"(2.0, 7.0, 11.0, 11.0, 14.0)",4485000.000000003,10,-11.01107869633186,11.0,13.0,1.65176889069461e-05,2.45261984392419e-06,2.8985447092935805e-06
1177,"(2.0, 7.0, 11.0, 12.0, 13.0)",7893600.0000000065,1,-11.173423802760782,1.0,1.0,1.4042476265092248e-05,1.2668490929360485e-07,1.266848932445386e-07
1178,"(2.0, 7.0, 11.0, 12.0, 14.0)",7893600.0000000065,5,-11.096790173410096,5.0,5.0,1.5160909693086182e-05,6.334245464680242e-07,6.334241452413681e-07
1179,"(2.0, 7.0, 11.0, 13.0, 13.0)",3946800.0000000033,1,-11.05853742944859,2.0,4.0,1.575209115990518e-05,5.067396371744194e-07,1.013479017563779e-06
1180,"(2.0, 7.0, 11.0, 13.0, 14.0)",7893600.0000000065,8,-10.981903800097903,8.0,8.0,1.700668935052779e-05,1.0134792743488388e-06,1.0134782472085993e-06
1181,"(2.0, 7.0, 11.0, 14.0, 14.0)",3946800.0000000033,7,-10.90527017074722,9.0,13.0,1.836121183716507e-05,2.2803283672848873e-06,3.293802441736263e-06
1182,"(2.0, 7.0, 12.0, 14.0, 14.0)",3187800.0000000014,1,-10.990981647825452,1.0,1.0,1.6853003836500605e-05,3.136959658698788e-07,3.136958674647198e-07
1183,"(2.0, 7.0, 13.0, 14.0, 14.0)",3187800.0000000014,1,-10.876095274513265,1.0,1.0,1.8904789136849854e-05,3.136959658698788e-07,3.136958674647198e-07
1184,"(2.0, 8.0, 8.0, 8.0, 9.0)",1196000.0000000002,17,-10.721651113844818,20.0,26.0,2.2062061168574142e-05,1.672240802675585e-05,2.173885079585239e-05
1185,"(2.0, 8.0, 8.0, 8.0, 11.0)",1196000.0000000002,1,-10.377225481758348,1.0,1.0,3.113352074533238e-05,8.361204013377925e-07,8.36119702240467e-07
1186,"(2.0, 8.0, 8.0, 8.0, 13.0)",1196000.0000000002,1,-10.348050585524392,2.0,4.0,3.205521781448622e-05,1.672240802675585e-06,3.344478808961868e-06
1187,"(2.0, 8.0, 8.0, 8.0, 14.0)",1196000.0000000002,32,-10.271416956173708,36.0,44.0,3.460830221844349e-05,3.0100334448160528e-05,3.678839162872897e-05
1188,"(2.0, 8.0, 8.0, 9.0, 9.0)",1794000.0000000002,27,-11.366511232979311,34.0,50.0,1.157675635025936e-05,1.89520624303233e-05,2.787032086392272e-05
1189,"(2.0, 8.0, 8.0, 9.0, 11.0)",3588000.0000000005,24,-11.022085600892844,27.0,33.0,1.633687719567462e-05,7.525083612040133e-06,9.19726778783235e-06
1190,"(2.0, 8.0, 8.0, 9.0, 12.0)",3588000.0000000005,52,-11.10779707797108,61.0,79.0,1.4994950033627616e-05,1.7001114827201782e-05,2.2017548197323168e-05
1191,"(2.0, 8.0, 8.0, 9.0, 13.0)",3588000.0000000005,73,-10.992910704658888,85.0,117.0,1.6820524771339093e-05,2.3690078037904123e-05,3.260813443237647e-05
1192,"(2.0, 8.0, 8.0, 9.0, 14.0)",3588000.0000000005,1112,-10.916277075308203,1315.0,1787.0,1.8160219909541385e-05,0.00036649944258639906,0.0004979147305554623
1193,"(2.0, 8.0, 8.0, 11.0, 12.0)",3588000.0000000005,4,-10.76337144588461,4.0,4.0,2.1160560855127922e-05,1.1148272017837234e-06,1.1148259589440335e-06
1194,"(2.0, 8.0, 8.0, 11.0, 14.0)",3588000.0000000005,69,-10.571851443221734,84.0,116.0,2.5627323710753983e-05,2.341137123745819e-05,3.232944075942476e-05
1195,"(2.0, 8.0, 8.0, 12.0, 13.0)",3289000.000000001,1,-10.734196549650656,1.0,1.0,2.178701191028993e-05,3.040437823046518e-07,3.040436898620302e-07
1196,"(2.0, 8.0, 8.0, 12.0, 14.0)",3289000.000000001,18,-10.65756292029997,18.0,18.0,2.352227013373761e-05,5.472788081483732e-06,5.472758130074347e-06
1197,"(2.0, 8.0, 8.0, 13.0, 13.0)",1644500.0000000005,1,-10.619310176338464,2.0,4.0,2.4439492809822624e-05,1.2161751292186071e-06,2.4323487793552693e-06
1198,"(2.0, 8.0, 8.0, 13.0, 14.0)",3289000.000000001,40,-10.542676546987778,48.0,66.0,2.6386011728973056e-05,1.4594101550623285e-05,2.0066676644306948e-05
1199,"(2.0, 8.0, 8.0, 14.0, 14.0)",1644500.0000000005,27,-10.466042917637091,34.0,50.0,2.8487563976028225e-05,2.0674977196716322e-05,3.0403950775783096e-05
1200,"(2.0, 8.0, 9.0, 9.0, 9.0)",1196000.0000000002,15,-12.011371352113809,21.0,35.0,6.07474009654972e-06,1.755852842809364e-05,2.9263905744902176e-05
1201,"(2.0, 8.0, 9.0, 9.0, 11.0)",3588000.0000000005,53,-11.66694572002734,65.0,91.0,8.572546570935665e-06,1.8115942028985503e-05,2.536199065322411e-05
1202,"(2.0, 8.0, 9.0, 9.0, 12.0)",3588000.0000000005,51,-11.752657197105576,53.0,57.0,7.868389163515278e-06,1.4771460423634335e-05,1.588606942937501e-05
1203,"(2.0, 8.0, 9.0, 9.0, 13.0)",3588000.0000000005,47,-11.637770823793383,55.0,71.0,8.826333834966855e-06,1.5328874024526195e-05,1.978794785728223e-05
1204,"(2.0, 8.0, 9.0, 9.0, 14.0)",3588000.0000000005,916,-11.5611371944427,1085.0,1495.0,9.52932001926257e-06,0.00030239687848383496,0.0004165752227945499
1205,"(2.0, 8.0, 9.0, 11.0, 11.0)",3588000.0000000005,42,-11.322520087940871,45.0,51.0,1.2097398990386453e-05,1.2541806020066889e-05,1.4213889525844228e-05
1206,"(2.0, 8.0, 9.0, 11.0, 12.0)",7176000.000000001,76,-11.408231565019108,90.0,122.0,1.110370673813535e-05,1.2541806020066889e-05,1.7000957530303538e-05
1207,"(2.0, 8.0, 9.0, 11.0, 13.0)",7176000.000000001,90,-11.293345191706916,113.0,167.0,1.2455538286132358e-05,1.5746934225195093e-05,2.3271769871297732e-05
1208,"(2.0, 8.0, 9.0, 11.0, 14.0)",7176000.000000001,1291,-11.21671156235623,1507.0,1999.0,1.3447577732729006e-05,0.0002100055741360089,0.0002785233447045397
1209,"(2.0, 8.0, 9.0, 12.0, 12.0)",3289000.000000001,29,-11.493943042097342,37.0,55.0,1.0191637344894581e-05,1.1249619945272117e-05,1.6722281472806936e-05
1210,"(2.0, 8.0, 9.0, 12.0, 13.0)",6578000.000000002,72,-11.37905666878515,80.0,98.0,1.143242811985759e-05,1.2161751292186072e-05,1.4897997424733444e-05
1211,"(2.0, 8.0, 9.0, 12.0, 14.0)",6578000.000000002,728,-11.302423039434466,863.0,1189.0,1.2342980470526083e-05,0.00013119489206445725,0.00018073681648041168
1212,"(2.0, 8.0, 9.0, 13.0, 13.0)",3289000.000000001,45,-11.26417029547296,54.0,86.0,1.2824280171348882e-05,1.6418364244451195e-05,2.614749571551559e-05
1213,"(2.0, 8.0, 9.0, 13.0, 14.0)",6578000.000000002,1024,-11.187536666122272,1176.0,1532.0,1.3845688601231849e-05,0.00017877774399513525,0.0002328655757636153
1214,"(2.0, 8.0, 9.0, 14.0, 14.0)",3289000.000000001,845,-11.110903036771589,987.0,1331.0,1.4948448589775065e-05,0.0003000912131346913,0.0004045922195112909
1215,"(2.0, 8.0, 11.0, 11.0, 12.0)",3588000.0000000005,1,-11.063805932932638,1.0,1.0,1.566931944573908e-05,2.7870680044593084e-07,2.787067227684502e-07
1216,"(2.0, 8.0, 11.0, 11.0, 13.0)",3588000.0000000005,3,-10.948919559620446,3.0,3.0,1.7576995941700844e-05,8.361204013377925e-07,8.36119702240467e-07
1217,"(2.0, 8.0, 11.0, 11.0, 14.0)",3588000.0000000005,45,-10.87228593026976,50.0,60.0,1.8976941325534667e-05,1.3935340022296543e-05,1.672221383305431e-05
1218,"(2.0, 8.0, 11.0, 12.0, 12.0)",3289000.000000001,2,-11.149517410010873,2.0,2.0,1.438222613389149e-05,6.080875646093036e-07,6.080871948388173e-07
1219,"(2.0, 8.0, 11.0, 12.0, 13.0)",6578000.000000002,2,-11.03463103669868,2.0,2.0,1.613320420605611e-05,3.040437823046518e-07,3.040436898620302e-07
1220,"(2.0, 8.0, 11.0, 12.0, 14.0)",6578000.000000002,29,-10.957997407347996,30.0,32.0,1.7418156699054785e-05,4.560656734569776e-06,4.864679717284578e-06
1221,"(2.0, 8.0, 11.0, 13.0, 13.0)",3289000.000000001,1,-10.91974466338649,1.0,1.0,1.8097356802154553e-05,3.040437823046518e-07,3.040436898620302e-07
1222,"(2.0, 8.0, 11.0, 13.0, 14.0)",6578000.000000002,57,-10.843111034035804,70.0,100.0,1.953874708288294e-05,1.0641532380662812e-05,1.5202075873021181e-05
1223,"(2.0, 8.0, 11.0, 14.0, 14.0)",3289000.000000001,31,-10.766477404685116,35.0,43.0,2.109493898707999e-05,1.0641532380662812e-05,1.307376939688862e-05
1224,"(2.0, 8.0, 12.0, 12.0, 14.0)",2762760.0000000005,6,-11.043708884426232,7.0,9.0,1.5987412175037605e-05,2.5336981858720984e-06,3.2576055336376295e-06
1225,"(2.0, 8.0, 12.0, 13.0, 14.0)",5525520.000000001,8,-10.92882251111404,13.0,25.0,1.7933815178894014e-05,2.3527197440240913e-06,4.524455510909982e-06
1226,"(2.0, 8.0, 12.0, 14.0, 14.0)",2762760.0000000005,4,-10.852188881763354,4.0,4.0,1.9362179949386886e-05,1.4478275347840563e-06,1.4478254385794858e-06
1227,"(2.0, 8.0, 13.0, 13.0, 14.0)",2762760.0000000005,8,-10.813936137801848,9.0,11.0,2.0117184904565262e-05,3.2576119532641265e-06,3.981515108620517e-06
1228,"(2.0, 8.0, 13.0, 14.0, 14.0)",2762760.0000000005,11,-10.737302508451162,12.0,14.0,2.1719447329628576e-05,4.343482604352169e-06,5.0673775059030625e-06
1229,"(2.0, 8.0, 14.0, 14.0, 14.0)",920920.0,5,-10.660668879100475,5.0,5.0,2.344932427386784e-05,5.429353255440212e-06,5.4293237775634396e-06
1230,"(2.0, 9.0, 9.0, 9.0, 9.0)",299000.00000000006,1,-12.656231471248304,1.0,1.0,3.187634439572725e-06,3.34448160535117e-06,3.3444704197939615e-06
1231,"(2.0, 9.0, 9.0, 9.0, 11.0)",1196000.0000000002,11,-12.311805839161837,17.0,33.0,4.49832326157888e-06,1.4214046822742472e-05,2.7591771205020072e-05
1232,"(2.0, 9.0, 9.0, 9.0, 12.0)",1196000.0000000002,13,-12.397517316240071,14.0,16.0,4.128826564255437e-06,1.1705685618729095e-05,1.3377789398328876e-05
1233,"(2.0, 9.0, 9.0, 9.0, 13.0)",1196000.0000000002,18,-12.28263094292788,21.0,27.0,4.631494559493377e-06,1.755852842809364e-05,2.257494253419984e-05
1234,"(2.0, 9.0, 9.0, 9.0, 14.0)",1196000.0000000002,132,-12.205997313577194,150.0,188.0,5.0003766739525106e-06,0.00012541806020066888,0.00015717490576168047
1235,"(2.0, 9.0, 9.0, 11.0, 11.0)",1794000.0000000002,19,-11.967380207075369,27.0,45.0,6.347940000414219e-06,1.5050167224080266e-05,2.5083385532600304e-05
1236,"(2.0, 9.0, 9.0, 11.0, 12.0)",3588000.0000000005,32,-12.053091684153603,42.0,62.0,5.826513964852433e-06,1.1705685618729095e-05,1.7279684604571907e-05
1237,"(2.0, 9.0, 9.0, 11.0, 13.0)",3588000.0000000005,32,-11.938205310841411,35.0,41.0,6.53586855951956e-06,9.754738015607579e-06,1.142688366336941e-05
1238,"(2.0, 9.0, 9.0, 11.0, 14.0)",3588000.0000000005,394,-11.861571681490725,461.0,613.0,7.056427308556777e-06,0.0001284838350055741,0.00017083076057749786
1239,"(2.0, 9.0, 9.0, 12.0, 12.0)",1644500.0000000005,7,-12.138803161231838,7.0,7.0,5.34791837673406e-06,4.256612952265125e-06,4.2565948335113e-06
1240,"(2.0, 9.0, 9.0, 12.0, 13.0)",3289000.000000001,22,-12.023916787919646,24.0,28.0,5.999005887263549e-06,7.297050775311643e-06,8.513172657580232e-06
1241,"(2.0, 9.0, 9.0, 12.0, 14.0)",3289000.000000001,194,-11.94728315856896,232.0,324.0,6.476805428625556e-06,7.053815749467921e-05,9.850520983504443e-05
1242,"(2.0, 9.0, 9.0, 13.0, 13.0)",1644500.0000000005,11,-11.909030414607455,12.0,14.0,6.729360678350581e-06,7.297050775311643e-06,8.513172657580232e-06
1243,"(2.0, 9.0, 9.0, 13.0, 14.0)",3289000.000000001,268,-11.832396785256767,316.0,430.0,7.26533038836568e-06,9.607783520826996e-05,0.00013072959544058196
1244,"(2.0, 9.0, 9.0, 14.0, 14.0)",1644500.0000000005,247,-11.755763155906084,284.0,368.0,7.84398818478066e-06,0.0001726968683490422,0.00022374639956788614
1245,"(2.0, 9.0, 11.0, 11.0, 11.0)",1196000.0000000002,4,-11.622954574988896,4.0,4.0,8.958080579276853e-06,3.34448160535117e-06,3.3444704197939615e-06
1246,"(2.0, 9.0, 11.0, 11.0, 12.0)",3588000.0000000005,25,-11.708666052067134,31.0,43.0,8.222255029194345e-06,8.639910813823856e-06,1.1984317771116155e-05
1247,"(2.0, 9.0, 11.0, 11.0, 13.0)",3588000.0000000005,20,-11.593779678754942,27.0,41.0,9.223281443730988e-06,7.525083612040133e-06,1.1426922191399796e-05
1248,"(2.0, 9.0, 11.0, 11.0, 14.0)",3588000.0000000005,244,-11.517146049404255,288.0,394.0,9.957883097152199e-06,8.026755852842808e-05,0.00010980403649474464
1249,"(2.0, 9.0, 11.0, 12.0, 12.0)",3289000.000000001,10,-11.794377529145368,10.0,10.0,7.54687091356455e-06,3.040437823046518e-06,3.040428578784362e-06
1250,"(2.0, 9.0, 11.0, 12.0, 13.0)",6578000.000000002,18,-11.679491155833176,25.0,39.0,8.465672033786751e-06,3.8005472788081474e-06,5.928839310781091e-06
1251,"(2.0, 9.0, 11.0, 12.0, 14.0)",6578000.000000002,278,-11.602857526482492,319.0,415.0,9.139932784830865e-06,4.849498327759196e-05,6.308673306481215e-05
1252,"(2.0, 9.0, 11.0, 13.0, 13.0)",3289000.000000001,15,-11.564604782520986,17.0,21.0,9.496333487674406e-06,5.168744299179081e-06,6.384892712480057e-06
1253,"(2.0, 9.0, 11.0, 13.0, 14.0)",6578000.000000002,316,-11.4879711531703,366.0,478.0,1.0252682767921774e-05,5.564001216175128e-05,7.266336815985841e-05
1254,"(2.0, 9.0, 11.0, 14.0, 14.0)",3289000.000000001,340,-11.411337523819611,397.0,535.0,1.1069272585685376e-05,0.00012070538157494676,0.00016264885374384753
1255,"(2.0, 9.0, 12.0, 12.0, 13.0)",2762760.0000000005,4,-11.765202632911413,8.0,22.0,7.770293405971152e-06,2.8956550695681127e-06,7.963043056494029e-06
1256,"(2.0, 9.0, 12.0, 12.0, 14.0)",2762760.0000000005,83,-11.688569003560726,98.0,130.0,8.38916971571166e-06,3.547177460220938e-05,4.70531366336884e-05
1257,"(2.0, 9.0, 12.0, 13.0, 13.0)",2762760.0000000005,7,-11.65031625959922,9.0,13.0,8.716295314262625e-06,3.2576119532641265e-06,4.7054288760125446e-06
1258,"(2.0, 9.0, 12.0, 13.0, 14.0)",5525520.000000001,168,-11.573682630248536,191.0,239.0,9.410517320674108e-06,3.456688239296934e-05,4.325265273231531e-05
1259,"(2.0, 9.0, 12.0, 14.0, 14.0)",2762760.0000000005,159,-11.49704900089785,186.0,252.0,1.0160031647596752e-05,6.732398036745862e-05,9.120860217306304e-05
1260,"(2.0, 9.0, 13.0, 13.0, 13.0)",920920.0,2,-11.53542988628703,2.0,2.0,9.7774691425492e-06,2.1717413021760846e-06,2.1717365857158012e-06
1261,"(2.0, 9.0, 13.0, 13.0, 14.0)",2762760.0000000005,96,-11.458796256936344,114.0,158.0,1.0556209880562074e-05,4.12630847413456e-05,5.718748498180785e-05
1262,"(2.0, 9.0, 13.0, 14.0, 14.0)",2762760.0000000005,183,-11.382162627585656,206.0,258.0,1.1396974556283118e-05,7.45631180413789e-05,9.337931633499958e-05
1263,"(2.0, 9.0, 14.0, 14.0, 14.0)",920920.0,110,-11.305528998234973,131.0,177.0,1.2304703156361261e-05,0.00014224905529253355,0.00019217887044885187
1264,"(2.0, 11.0, 11.0, 11.0, 14.0)",1196000.0000000002,5,-11.172720417317786,7.0,11.0,1.4052357013060503e-05,5.852842809364548e-06,9.197290158946766e-06
1265,"(2.0, 11.0, 11.0, 12.0, 14.0)",3289000.000000001,5,-11.258431894396022,9.0,19.0,1.2898082585901294e-05,2.736394040741866e-06,5.776824375936038e-06
1266,"(2.0, 11.0, 11.0, 13.0, 14.0)",3289000.000000001,10,-11.14354552108383,11.0,13.0,1.4468372162120799e-05,3.3444816053511697e-06,3.952557984403265e-06
1267,"(2.0, 11.0, 11.0, 14.0, 14.0)",1644500.0000000005,5,-11.066911891733143,7.0,11.0,1.5620726687725293e-05,4.256612952265125e-06,6.688945091948514e-06
1268,"(2.0, 11.0, 12.0, 12.0, 14.0)",2762760.0000000005,2,-11.344143371474258,2.0,2.0,1.183862139555036e-05,7.239137673920282e-07,7.239132433408856e-07
1269,"(2.0, 11.0, 12.0, 13.0, 14.0)",5525520.000000001,7,-11.229256998162066,9.0,13.0,1.3279925841419118e-05,1.6288059766320632e-06,2.3527170910151816e-06
1270,"(2.0, 11.0, 12.0, 14.0, 14.0)",2762760.0000000005,1,-11.15262336881138,1.0,1.0,1.4337624832817487e-05,3.619568836960141e-07,3.6195675268322844e-07
1271,"(2.0, 11.0, 13.0, 13.0, 13.0)",920920.0,1,-11.19100425420056,1.0,1.0,1.3797760601806742e-05,1.0858706510880423e-06,1.0858694719729715e-06
1272,"(2.0, 11.0, 13.0, 13.0, 14.0)",2762760.0000000005,1,-11.114370624849874,1.0,1.0,1.4896703295189104e-05,3.619568836960141e-07,3.6195675268322844e-07
1273,"(2.0, 11.0, 13.0, 14.0, 14.0)",2762760.0000000005,7,-11.03773699549919,8.0,10.0,1.6083172876317284e-05,2.8956550695681127e-06,3.6195604521418587e-06
1274,"(2.0, 11.0, 14.0, 14.0, 14.0)",920920.0,1,-10.961103366148503,1.0,1.0,1.736414055135579e-05,1.0858706510880423e-06,1.0858694719729715e-06
1275,"(2.0, 13.0, 14.0, 14.0, 14.0)",708400.0,1,-10.931928469914547,2.0,4.0,1.7878199901901917e-05,2.8232636928289104e-06,5.646519414839941e-06
1276,"(3.0, 3.0, 3.0, 4.0, 8.0)",889200.0000000006,1,-10.539602064047894,1.0,1.0,2.6467259905952872e-05,1.1246063877642818e-06,1.1246051230247544e-06
1277,"(3.0, 3.0, 3.0, 4.0, 9.0)",889200.0000000006,5,-11.18446218318239,5.0,5.0,1.3888322439548702e-05,5.623031938821409e-06,5.623000320333224e-06
1278,"(3.0, 3.0, 3.0, 4.0, 11.0)",889200.0000000006,1,-10.84003655109592,3.0,9.0,1.9598911066635394e-05,3.3738191632928455e-06,1.0121446107222789e-05
1279,"(3.0, 3.0, 3.0, 6.0, 9.0)",889200.0000000006,3,-11.148935194699478,3.0,3.0,1.4390602124236895e-05,3.3738191632928455e-06,3.373807780637099e-06
1280,"(3.0, 3.0, 3.0, 7.0, 9.0)",889200.0000000006,5,-10.94495472867628,5.0,5.0,1.7646824096055384e-05,5.623031938821409e-06,5.623000320333224e-06
1281,"(3.0, 3.0, 3.0, 7.0, 11.0)",889200.0000000006,1,-10.600529096589812,2.0,4.0,2.4902830242641312e-05,2.2492127755285637e-06,4.4984204920990175e-06
1282,"(3.0, 3.0, 3.0, 8.0, 9.0)",741000.0000000001,4,-10.806161962614182,4.0,4.0,2.0274188921916742e-05,5.398110661268555e-06,5.398081521669843e-06
1283,"(3.0, 3.0, 3.0, 8.0, 14.0)",681720.0000000002,3,-10.355927804943072,3.0,3.0,3.1803703746546234e-05,4.4006336912515385e-06,4.400614325674654e-06
1284,"(3.0, 3.0, 3.0, 9.0, 9.0)",370500.00000000006,2,-11.451022081748675,2.0,2.0,1.063859553079676e-05,5.398110661268555e-06,5.398081521669843e-06
1285,"(3.0, 3.0, 3.0, 9.0, 11.0)",741000.0000000001,7,-11.106596449662208,10.0,16.0,1.5012964207127482e-05,1.3495276653171387e-05,2.1592260522582273e-05
1286,"(3.0, 3.0, 3.0, 9.0, 12.0)",681720.0000000002,1,-11.192307926740444,1.0,1.0,1.3779784560180153e-05,1.4668778970838462e-06,1.4668757453530811e-06
1287,"(3.0, 3.0, 3.0, 9.0, 14.0)",681720.0000000002,53,-11.000787924077564,62.0,82.0,1.6688546301106674e-05,9.094642961919847e-05,0.00012027571630781491
1288,"(3.0, 3.0, 3.0, 11.0, 11.0)",370500.00000000006,1,-10.762170817575738,1.0,1.0,2.118598208119029e-05,2.6990553306342774e-06,2.6990480457345995e-06
1289,"(3.0, 3.0, 3.0, 11.0, 14.0)",681720.0000000002,2,-10.656362291991098,2.0,2.0,2.3550528597710453e-05,2.9337557941676923e-06,2.9337471872446326e-06
1290,"(3.0, 3.0, 4.0, 4.0, 9.0)",2148900.0000000014,7,-11.421263589017276,9.0,13.0,1.0959941774356e-05,4.188189306156636e-06,6.049589234629921e-06
1291,"(3.0, 3.0, 4.0, 6.0, 7.0)",4628400.000000001,1,-10.879669247461967,1.0,1.0,1.883734452627144e-05,2.1605738484141384e-07,2.1605733816062029e-07
1292,"(3.0, 3.0, 4.0, 6.0, 9.0)",4297800.000000003,17,-11.385736600534363,21.0,31.0,1.1356314779273313e-05,4.886220857182741e-06,7.2129688187821625e-06
1293,"(3.0, 3.0, 4.0, 7.0, 9.0)",4297800.000000003,13,-11.181756134511168,17.0,27.0,1.3925955811935592e-05,3.9555121224812665e-06,6.282268313158802e-06
1294,"(3.0, 3.0, 4.0, 8.0, 9.0)",3705000.000000002,23,-11.042963368449067,26.0,32.0,1.5999335490206356e-05,7.01754385964912e-06,8.636927812107864e-06
1295,"(3.0, 3.0, 4.0, 8.0, 11.0)",3705000.000000002,2,-10.6985377363626,2.0,2.0,2.2577928670844327e-05,5.398110661268554e-07,5.398107747308682e-07
1296,"(3.0, 3.0, 4.0, 8.0, 12.0)",3408600.000000002,1,-10.784249213440836,1.0,1.0,2.072335540183624e-05,2.9337557941676917e-07,2.933754933475386e-07
1297,"(3.0, 3.0, 4.0, 8.0, 13.0)",3408600.000000002,1,-10.669362840128644,1.0,1.0,2.3246340407946098e-05,2.9337557941676917e-07,2.933754933475386e-07
1298,"(3.0, 3.0, 4.0, 8.0, 14.0)",3408600.000000002,7,-10.59272921077796,10.0,16.0,2.509782897021649e-05,2.933755794167692e-06,4.6940006637452465e-06
1299,"(3.0, 3.0, 4.0, 9.0, 9.0)",1852500.000000001,9,-11.687823487583564,11.0,17.0,8.395426307674698e-06,5.937921727395409e-06,9.1767528652421e-06
1300,"(3.0, 3.0, 4.0, 9.0, 11.0)",3705000.000000002,25,-11.343397855497097,28.0,34.0,1.1847450567683824e-05,7.557354925775974e-06,9.176731010543066e-06
1301,"(3.0, 3.0, 4.0, 9.0, 12.0)",3408600.000000002,9,-11.429109332575331,9.0,9.0,1.0874289324726503e-05,2.640380214750923e-06,2.6403732431432445e-06
1302,"(3.0, 3.0, 4.0, 9.0, 13.0)",3408600.000000002,15,-11.31422295926314,23.0,45.0,1.219819022718144e-05,6.747638326585691e-06,1.3201855543131627e-05
1303,"(3.0, 3.0, 4.0, 9.0, 14.0)",3408600.000000002,229,-11.237589329912456,262.0,348.0,1.31697328136569e-05,7.686440180719353e-05,0.0001020887935007705
1304,"(3.0, 3.0, 4.0, 11.0, 14.0)",3408600.000000002,4,-10.893163697825983,4.0,4.0,1.858485236857733e-05,1.1735023176670767e-06,1.173500940559387e-06
1305,"(3.0, 3.0, 4.0, 12.0, 14.0)",2884200.0000000014,1,-10.97887517490422,1.0,1.0,1.7058274314686433e-05,3.467165938561818e-07,3.4671647364378537e-07
1306,"(3.0, 3.0, 4.0, 14.0, 14.0)",1442100.0000000007,1,-10.787355172241345,2.0,4.0,2.0659089369239016e-05,1.3868663754247272e-06,2.773730827451111e-06
1307,"(3.0, 3.0, 6.0, 6.0, 7.0)",2314200.0000000005,2,-10.844142258979058,2.0,2.0,1.951860862495584e-05,8.642295393656554e-07,8.642287924729586e-07
1308,"(3.0, 3.0, 6.0, 6.0, 8.0)",2148900.0000000014,1,-10.70534949291696,1.0,1.0,2.2424655938161986e-05,4.6535436735073727e-07,4.653541507960501e-07
1309,"(3.0, 3.0, 6.0, 6.0, 9.0)",2148900.0000000014,10,-11.350209612051454,13.0,19.0,1.1767022856608102e-05,6.049606775559585e-06,8.84169638192187e-06
1310,"(3.0, 3.0, 6.0, 7.0, 8.0)",4297800.000000003,1,-10.501369026893762,1.0,1.0,2.749877700314036e-05,2.3267718367536863e-07,2.3267712953669684e-07
1311,"(3.0, 3.0, 6.0, 7.0, 9.0)",4297800.000000003,21,-11.146229146028258,24.0,30.0,1.4429596530578616e-05,5.584252408208847e-06,6.9802843263861005e-06
1312,"(3.0, 3.0, 6.0, 7.0, 13.0)",3801900.0000000014,2,-10.772628617707834,4.0,10.0,2.096557779568269e-05,1.0521055261842758e-06,2.6302627085346513e-06
1313,"(3.0, 3.0, 6.0, 8.0, 8.0)",1852500.000000001,2,-10.362576260831664,2.0,2.0,3.1592959563072275e-05,1.0796221322537108e-06,1.0796209666697623e-06
1314,"(3.0, 3.0, 6.0, 8.0, 9.0)",3705000.000000002,28,-11.007436379966158,35.0,51.0,1.6577961254420813e-05,9.446693657219968e-06,1.3765092946213757e-05
1315,"(3.0, 3.0, 6.0, 8.0, 11.0)",3705000.000000002,2,-10.66301074787969,2.0,2.0,2.3394473285434332e-05,5.398110661268554e-07,5.398107747308682e-07
1316,"(3.0, 3.0, 6.0, 8.0, 12.0)",3408600.000000002,2,-10.748722224957929,2.0,2.0,2.1472828238618413e-05,5.867511588335383e-07,5.86750814556616e-07
1317,"(3.0, 3.0, 6.0, 8.0, 14.0)",3408600.000000002,9,-10.557202222295048,9.0,9.0,2.6005507322039676e-05,2.640380214750923e-06,2.6403732431432445e-06
1318,"(3.0, 3.0, 6.0, 9.0, 9.0)",1852500.000000001,12,-11.652296499100654,14.0,18.0,8.699052040515807e-06,7.557354925775974e-06,9.716542076669922e-06
1319,"(3.0, 3.0, 6.0, 9.0, 11.0)",3705000.000000002,19,-11.307870867014186,24.0,36.0,1.227592087152336e-05,6.477732793522264e-06,9.716557229261251e-06
1320,"(3.0, 3.0, 6.0, 9.0, 12.0)",3408600.000000002,12,-11.393582344092422,14.0,18.0,1.1267564656358906e-05,4.1072581118347686e-06,5.280743559932649e-06
1321,"(3.0, 3.0, 6.0, 9.0, 13.0)",3408600.000000002,13,-11.27869597078023,15.0,19.0,1.263934524556059e-05,4.400633691251538e-06,5.57411664334173e-06
1322,"(3.0, 3.0, 6.0, 9.0, 14.0)",3408600.000000002,205,-11.202062341429544,236.0,304.0,1.3646024264540458e-05,6.923663674235753e-05,8.918138243083044e-05
1323,"(3.0, 3.0, 6.0, 11.0, 12.0)",3408600.000000002,1,-11.049156712005953,1.0,1.0,1.5900552323633857e-05,2.9337557941676917e-07,2.933754933475386e-07
1324,"(3.0, 3.0, 6.0, 11.0, 14.0)",3408600.000000002,7,-10.857636709343074,8.0,10.0,1.925698493378065e-05,2.3470046353341534e-06,2.9337502857369336e-06
1325,"(3.0, 3.0, 6.0, 14.0, 14.0)",1442100.0000000007,1,-10.751828183758434,1.0,1.0,2.140623798560302e-05,6.934331877123636e-07,6.934327068627778e-07
1326,"(3.0, 3.0, 7.0, 7.0, 9.0)",2148900.0000000014,11,-10.94224868000506,11.0,11.0,1.7694641930465764e-05,5.11889804085811e-06,5.118871837740958e-06
1327,"(3.0, 3.0, 7.0, 7.0, 11.0)",2148900.0000000014,1,-10.597823047918592,2.0,4.0,2.4970309773598875e-05,9.307087347014745e-07,1.8614166031842003e-06
1328,"(3.0, 3.0, 7.0, 8.0, 9.0)",3705000.000000002,30,-10.803455913942962,32.0,36.0,2.032912616180739e-05,8.636977058029686e-06,9.716524592910695e-06
1329,"(3.0, 3.0, 7.0, 8.0, 11.0)",3705000.000000002,1,-10.459030281856492,1.0,1.0,2.8688038994047202e-05,2.699055330634277e-07,2.699054602144309e-07
1330,"(3.0, 3.0, 7.0, 8.0, 13.0)",3408600.000000002,3,-10.429855385622536,3.0,3.0,2.9537338425257485e-05,8.801267382503076e-07,8.801259636272322e-07
1331,"(3.0, 3.0, 7.0, 8.0, 14.0)",3408600.000000002,6,-10.353221756271852,6.0,6.0,3.18898826663967e-05,1.7602534765006152e-06,1.7602503780083137e-06
1332,"(3.0, 3.0, 7.0, 9.0, 9.0)",1852500.000000001,26,-11.448316033077456,29.0,35.0,1.0667423074873906e-05,1.5654520917678804e-05,1.8893142250414776e-05
1333,"(3.0, 3.0, 7.0, 9.0, 11.0)",3705000.000000002,29,-11.103890400990988,33.0,41.0,1.5053645036298658e-05,8.906882591093113e-06,1.1066047523043044e-05
1334,"(3.0, 3.0, 7.0, 9.0, 12.0)",3408600.000000002,9,-11.189601878069224,12.0,20.0,1.3817123826028942e-05,3.5205069530012304e-06,5.867499194366178e-06
1335,"(3.0, 3.0, 7.0, 9.0, 13.0)",3408600.000000002,13,-11.074715504757032,14.0,16.0,1.5499302969544735e-05,4.1072581118347686e-06,4.69399240109911e-06
1336,"(3.0, 3.0, 7.0, 9.0, 14.0)",3408600.000000002,263,-10.998081875406347,302.0,386.0,1.6733767477406247e-05,8.85994249838643e-05,0.00011323512379676544
1337,"(3.0, 3.0, 7.0, 11.0, 11.0)",1852500.000000001,1,-10.759464768904518,1.0,1.0,2.1243390019154952e-05,5.398110661268554e-07,5.398107747308682e-07
1338,"(3.0, 3.0, 7.0, 11.0, 12.0)",3408600.000000002,2,-10.845176245982756,2.0,2.0,1.949843706766858e-05,5.867511588335383e-07,5.86750814556616e-07
1339,"(3.0, 3.0, 7.0, 11.0, 14.0)",3408600.000000002,5,-10.653656243319878,5.0,5.0,2.3614343778880307e-05,1.466877897083846e-06,1.466875745353081e-06
1340,"(3.0, 3.0, 7.0, 13.0, 13.0)",1442100.0000000007,1,-10.701114976436608,1.0,1.0,2.2519814847090226e-05,6.934331877123636e-07,6.934327068627778e-07
1341,"(3.0, 3.0, 7.0, 13.0, 14.0)",2884200.0000000014,1,-10.624481347085922,1.0,1.0,2.4313438225313844e-05,3.467165938561818e-07,3.4671647364378537e-07
1342,"(3.0, 3.0, 8.0, 8.0, 9.0)",1482000.0000000002,18,-10.664663147880862,21.0,27.0,2.3355848178601937e-05,1.4170040485829958e-05,1.8218422691734005e-05
1343,"(3.0, 3.0, 8.0, 8.0, 12.0)",1420250.0000000002,1,-10.405948992872627,1.0,1.0,3.0251977828252704e-05,7.041013906002463e-07,7.041008948414781e-07
1344,"(3.0, 3.0, 8.0, 8.0, 14.0)",1420250.0000000002,17,-10.214428990209752,19.0,23.0,3.6637839327746683e-05,1.337792642140468e-05,1.6194153014890327e-05
1345,"(3.0, 3.0, 8.0, 9.0, 9.0)",1482000.0000000002,18,-11.309523267015358,20.0,24.0,1.2255652889879002e-05,1.3495276653171387e-05,1.6194149861313718e-05
1346,"(3.0, 3.0, 8.0, 9.0, 11.0)",2964000.0000000005,31,-10.965097634928888,38.0,52.0,1.729492183795358e-05,1.2820512820512818e-05,1.7543695283573826e-05
1347,"(3.0, 3.0, 8.0, 9.0, 12.0)",2840500.0000000005,36,-11.050809112007125,39.0,45.0,1.5874299946642886e-05,1.3729977116704804e-05,1.5842092776233915e-05
1348,"(3.0, 3.0, 8.0, 9.0, 13.0)",2840500.0000000005,39,-10.935922738694932,46.0,62.0,1.780693199252874e-05,1.6194331983805664e-05,2.1826880852219233e-05
1349,"(3.0, 3.0, 8.0, 9.0, 14.0)",2840500.0000000005,617,-10.859289109344248,730.0,992.0,1.9225190967262884e-05,0.0002569970075690899,0.0003491682422758227
1350,"(3.0, 3.0, 8.0, 11.0, 11.0)",1482000.0000000002,2,-10.62067200284242,2.0,2.0,2.4406233112879575e-05,1.3495276653171387e-06,1.3495258440922193e-06
1351,"(3.0, 3.0, 8.0, 11.0, 12.0)",2840500.0000000005,2,-10.706383479920657,2.0,2.0,2.2401481118655398e-05,7.041013906002463e-07,7.041008948414781e-07
1352,"(3.0, 3.0, 8.0, 11.0, 13.0)",2840500.0000000005,2,-10.591497106608465,2.0,2.0,2.5128771168027064e-05,7.041013906002463e-07,7.041008948414781e-07
1353,"(3.0, 3.0, 8.0, 11.0, 14.0)",2840500.0000000005,35,-10.514863477257778,42.0,58.0,2.7130188663643318e-05,1.4786129202605173e-05,2.0418721697790345e-05
1354,"(3.0, 3.0, 8.0, 12.0, 14.0)",2499640.000000001,4,-10.600574954336016,4.0,4.0,2.4901688281156354e-05,1.6002304331823777e-06,1.6002278724449384e-06
1355,"(3.0, 3.0, 8.0, 13.0, 14.0)",2499640.000000001,12,-10.485688581023824,13.0,15.0,2.793336847685536e-05,5.200748907842727e-06,6.0008370766447145e-06
1356,"(3.0, 3.0, 8.0, 14.0, 14.0)",1249820.0000000005,8,-10.409054951673138,9.0,11.0,3.015816220064107e-05,7.2010369493207e-06,8.801215527569932e-06
1357,"(3.0, 3.0, 9.0, 9.0, 9.0)",494000.00000000006,5,-11.954383386149852,8.0,14.0,6.430981508725953e-06,1.6194331983805664e-05,2.8339818715271513e-05
1358,"(3.0, 3.0, 9.0, 9.0, 11.0)",1482000.0000000002,21,-11.609957754063384,27.0,43.0,9.07526702445944e-06,1.8218623481781375e-05,2.9014512886076915e-05
1359,"(3.0, 3.0, 9.0, 9.0, 12.0)",1420250.0000000002,13,-11.69566923114162,15.0,19.0,8.32981566450333e-06,1.0561520859003695e-05,1.3377814875681825e-05
1360,"(3.0, 3.0, 9.0, 9.0, 13.0)",1420250.0000000002,10,-11.580782857829428,11.0,13.0,9.343937152924973e-06,7.745115296602709e-06,9.153258090992244e-06
1361,"(3.0, 3.0, 9.0, 9.0, 14.0)",1420250.0000000002,168,-11.504149228478743,202.0,286.0,1.0088148605636078e-05,0.00014222848090124975,0.000201352768770891
1362,"(3.0, 3.0, 9.0, 11.0, 11.0)",1482000.0000000002,22,-11.265532121976916,25.0,31.0,1.280682761309283e-05,1.6869095816464233e-05,2.0917394246021984e-05
1363,"(3.0, 3.0, 9.0, 11.0, 12.0)",2840500.0000000005,11,-11.351243599055152,11.0,11.0,1.1754862195968127e-05,3.8725576483013545e-06,3.872542651598615e-06
1364,"(3.0, 3.0, 9.0, 11.0, 13.0)",2840500.0000000005,23,-11.23635722574296,27.0,35.0,1.3185969296833041e-05,9.505368773103325e-06,1.2321683983468797e-05
1365,"(3.0, 3.0, 9.0, 11.0, 14.0)",2840500.0000000005,252,-11.159723596392274,295.0,391.0,1.4236184982704656e-05,0.00010385495511353633,0.0001376410360106465
1366,"(3.0, 3.0, 9.0, 12.0, 12.0)",1249820.0000000005,1,-11.436955076133389,1.0,1.0,1.0789306252934805e-05,8.001152165911889e-07,8.001145764068291e-07
1367,"(3.0, 3.0, 9.0, 12.0, 13.0)",2499640.000000001,9,-11.322068702821197,13.0,25.0,1.2102860808876543e-05,5.200748907842727e-06,1.0001413159600658e-05
1368,"(3.0, 3.0, 9.0, 12.0, 14.0)",2499640.000000001,133,-11.24543507347051,162.0,226.0,1.3066810745302965e-05,6.480933254388629e-05,9.040881922521955e-05
1369,"(3.0, 3.0, 9.0, 13.0, 13.0)",1249820.0000000005,7,-11.207182329509005,9.0,13.0,1.3576335338446424e-05,7.2010369493207e-06,1.040144596075231e-05
1370,"(3.0, 3.0, 9.0, 13.0, 14.0)",2499640.000000001,129,-11.130548700158318,160.0,234.0,1.4657642294963759e-05,6.40092173272951e-05,9.360938316126624e-05
1371,"(3.0, 3.0, 9.0, 14.0, 14.0)",1249820.0000000005,132,-11.053915070807632,149.0,185.0,1.5825071515336915e-05,0.00011921716727208714,0.00014800710233639754
1372,"(3.0, 3.0, 11.0, 11.0, 13.0)",1420250.0000000002,1,-10.89193159365649,1.0,1.0,1.8607764955118166e-05,7.041013906002463e-07,7.041008948414781e-07
1373,"(3.0, 3.0, 11.0, 11.0, 14.0)",1420250.0000000002,4,-10.815297964305804,4.0,4.0,2.0089807434890267e-05,2.8164055624009853e-06,2.8163976302606934e-06
1374,"(3.0, 3.0, 11.0, 12.0, 12.0)",1249820.0000000005,1,-11.092529444046916,1.0,1.0,1.5225644036014652e-05,8.001152165911889e-07,8.001145764068291e-07
1375,"(3.0, 3.0, 11.0, 12.0, 14.0)",2499640.000000001,1,-10.90100944138404,1.0,1.0,1.843961089155634e-05,4.0005760829559444e-07,4.0005744824950446e-07
1376,"(3.0, 3.0, 11.0, 13.0, 14.0)",2499640.000000001,6,-10.786123068071849,6.0,6.0,2.0684559206913337e-05,2.4003456497735664e-06,2.400339888114328e-06
1377,"(3.0, 3.0, 11.0, 14.0, 14.0)",1249820.0000000005,8,-10.709489438721164,9.0,11.0,2.2332010982768557e-05,7.2010369493207e-06,8.801215527569932e-06
1378,"(3.0, 4.0, 4.0, 4.0, 9.0)",2111200.000000001,6,-11.658064994852165,7.0,9.0,8.649016050723011e-06,3.315649867374004e-06,4.26296740737539e-06
1379,"(3.0, 4.0, 4.0, 4.0, 14.0)",1867600.0,1,-11.207830837181056,1.0,1.0,1.3567533835050796e-05,5.354465624330692e-07,5.35446275730048e-07
1380,"(3.0, 4.0, 4.0, 6.0, 6.0)",3288600.0,1,-11.320451119320056,1.0,1.0,1.2122454039408535e-05,3.040807638508788e-07,3.040806713857679e-07
1381,"(3.0, 4.0, 4.0, 6.0, 8.0)",6333600.000000003,1,-10.977677887234758,2.0,4.0,1.7078710207565736e-05,3.157761778451432e-07,6.315522559756919e-07
1382,"(3.0, 4.0, 4.0, 6.0, 9.0)",6333600.000000003,19,-11.622538006369254,23.0,31.0,8.961813011891577e-06,3.631426045219147e-06,4.894517569344598e-06
1383,"(3.0, 4.0, 4.0, 6.0, 13.0)",5602800.000000001,1,-11.24893747804883,1.0,1.0,1.3021125538264792e-05,1.784821874776897e-07,1.7848215562179845e-07
1384,"(3.0, 4.0, 4.0, 6.0, 14.0)",5602800.000000001,2,-11.172303848698144,2.0,2.0,1.4058212003442106e-05,3.569643749553794e-07,3.569642475318144e-07
1385,"(3.0, 4.0, 4.0, 7.0, 8.0)",6333600.000000003,2,-10.773697421211562,2.0,2.0,2.094318168333067e-05,3.157761778451432e-07,3.157760781305487e-07
1386,"(3.0, 4.0, 4.0, 7.0, 9.0)",6333600.000000003,20,-11.418557540346058,29.0,57.0,1.098964007463148e-05,4.578754578754577e-06,8.99960010359309e-06
1387,"(3.0, 4.0, 4.0, 7.0, 12.0)",5602800.000000001,1,-11.159843385337826,1.0,1.0,1.423447974725311e-05,1.784821874776897e-07,1.7848215562179845e-07
1388,"(3.0, 4.0, 4.0, 8.0, 9.0)",5655000.000000004,20,-11.279764774283958,31.0,67.0,1.2625843485726722e-05,5.481874447391685e-06,1.1847892141802315e-05
1389,"(3.0, 4.0, 4.0, 8.0, 11.0)",5655000.000000004,1,-10.93533914219749,2.0,4.0,1.7817327088645583e-05,3.536693191865603e-07,7.073385132911333e-07
1390,"(3.0, 4.0, 4.0, 8.0, 12.0)",5202600.000000004,1,-11.021050619275726,1.0,1.0,1.6353794316197504e-05,1.9221158651443496e-07,1.9221154956914098e-07
1391,"(3.0, 4.0, 4.0, 8.0, 13.0)",5202600.000000004,1,-10.906164245963534,1.0,1.0,1.834480286923882e-05,1.9221158651443496e-07,1.9221154956914098e-07
1392,"(3.0, 4.0, 4.0, 8.0, 14.0)",5202600.000000004,7,-10.829530616612848,8.0,10.0,1.9805901351557026e-05,1.5376926921154797e-06,1.9221135006455344e-06
1393,"(3.0, 4.0, 4.0, 9.0, 9.0)",2827500.000000002,11,-11.924624893418454,17.0,31.0,6.6252338180881755e-06,6.0123784261715256e-06,1.096371274608903e-05
1394,"(3.0, 4.0, 4.0, 9.0, 11.0)",5655000.000000004,24,-11.580199261331986,29.0,39.0,9.349391833431146e-06,5.1282051282051245e-06,6.8965254256500895e-06
1395,"(3.0, 4.0, 4.0, 9.0, 12.0)",5202600.000000004,14,-11.665910738410222,17.0,23.0,8.581423592032877e-06,3.267596970745394e-06,4.420855812642041e-06
1396,"(3.0, 4.0, 4.0, 9.0, 13.0)",5202600.000000004,21,-11.55102436509803,23.0,27.0,9.626177331664148e-06,4.420866489832004e-06,5.189693291829222e-06
1397,"(3.0, 4.0, 4.0, 9.0, 14.0)",5202600.000000004,242,-11.474390735747344,296.0,428.0,1.0392868213548996e-05,5.6894629608272745e-05,8.22633220292999e-05
1398,"(3.0, 4.0, 4.0, 11.0, 14.0)",5202600.000000004,4,-11.129965103660874,6.0,12.0,1.466619894023914e-05,1.1532695190866097e-06,2.3065377081426355e-06
1399,"(3.0, 4.0, 4.0, 12.0, 14.0)",4402200.000000003,2,-11.21567658073911,4.0,10.0,1.346150293339747e-05,9.086365907955107e-07,2.2715906513683226e-06
1400,"(3.0, 4.0, 4.0, 13.0, 14.0)",4402200.000000003,1,-11.100790207426918,1.0,1.0,1.5100386666369414e-05,2.2715914769887768e-07,2.271590960975993e-07
1401,"(3.0, 4.0, 6.0, 6.0, 9.0)",6333600.000000003,21,-11.587011017886343,24.0,32.0,9.285922466682827e-06,3.789314134141719e-06,5.052404486620684e-06
1402,"(3.0, 4.0, 6.0, 6.0, 11.0)",6333600.000000003,1,-11.242585385799876,1.0,1.0,1.3104100181166431e-05,1.578880889225716e-07,1.5788806399392297e-07
1403,"(3.0, 4.0, 6.0, 6.0, 13.0)",5602800.000000001,1,-11.21341048956592,1.0,1.0,1.3492042516043226e-05,1.784821874776897e-07,1.7848215562179845e-07
1404,"(3.0, 4.0, 6.0, 6.0, 14.0)",5602800.000000001,1,-11.136776860215232,1.0,1.0,1.4566635848229952e-05,1.784821874776897e-07,1.7848215562179845e-07
1405,"(3.0, 4.0, 6.0, 7.0, 8.0)",12667200.000000006,2,-10.738170432728651,3.0,5.0,2.1700604672180296e-05,2.3683213338385743e-07,3.947201662169696e-07
1406,"(3.0, 4.0, 6.0, 7.0, 9.0)",12667200.000000006,54,-11.383030551863149,69.0,111.0,1.1387087136762147e-05,5.44713906782872e-06,8.762759263878701e-06
1407,"(3.0, 4.0, 6.0, 7.0, 12.0)",11205600.000000002,1,-11.124316396854914,2.0,4.0,1.4749278422922616e-05,1.784821874776897e-07,3.5696434309948817e-07
1408,"(3.0, 4.0, 6.0, 8.0, 9.0)",11310000.000000007,68,-11.244237785801047,77.0,95.0,1.308246484604841e-05,6.808134394341287e-06,8.399599979986876e-06
1409,"(3.0, 4.0, 6.0, 8.0, 11.0)",11310000.000000007,2,-10.899812153714578,4.0,8.0,1.8461701632153234e-05,3.536693191865603e-07,7.073385132911333e-07
1410,"(3.0, 4.0, 6.0, 8.0, 12.0)",10405200.000000007,3,-10.985523630792814,4.0,6.0,1.69452393008851e-05,3.844231730288699e-07,5.766346117621289e-07
1411,"(3.0, 4.0, 6.0, 8.0, 14.0)",10405200.000000007,16,-10.794003628129936,19.0,25.0,2.0522193900864282e-05,1.826010071887132e-06,2.4026414971176543e-06
1412,"(3.0, 4.0, 6.0, 9.0, 9.0)",5655000.000000004,17,-11.889097904935545,23.0,37.0,6.864839455674645e-06,4.067197170645444e-06,6.542865862858541e-06
1413,"(3.0, 4.0, 6.0, 9.0, 11.0)",11310000.000000007,46,-11.544672272849072,50.0,58.0,9.687518313613514e-06,4.420866489832004e-06,5.1281855841446034e-06
1414,"(3.0, 4.0, 6.0, 9.0, 12.0)",10405200.000000007,24,-11.63038374992731,33.0,59.0,8.891776030546837e-06,3.1714911774881765e-06,5.6702317438195425e-06
1415,"(3.0, 4.0, 6.0, 9.0, 13.0)",10405200.000000007,23,-11.515497376615118,25.0,29.0,9.974313928862709e-06,2.402644831430437e-06,2.787062231757121e-06
1416,"(3.0, 4.0, 6.0, 9.0, 14.0)",10405200.000000007,474,-11.438863747264431,580.0,858.0,1.0768732655927032e-05,5.574136008918614e-05,8.2455663515468e-05
1417,"(3.0, 4.0, 6.0, 11.0, 12.0)",10405200.000000007,4,-11.285958117840842,5.0,7.0,1.2547888948119083e-05,4.805289662860874e-07,6.727403218924348e-07
1418,"(3.0, 4.0, 6.0, 11.0, 13.0)",10405200.000000007,3,-11.17107174452865,3.0,3.0,1.4075543860201074e-05,2.883173797716524e-07,2.8831729664474095e-07
1419,"(3.0, 4.0, 6.0, 11.0, 14.0)",10405200.000000007,11,-11.094438115177963,13.0,17.0,1.5196611004859712e-05,1.2493753123438273e-06,1.633796924434026e-06
1420,"(3.0, 4.0, 6.0, 13.0, 14.0)",8804400.000000006,1,-11.065263218944008,1.0,1.0,1.5646501395953692e-05,1.1357957384943884e-07,1.1357956094911924e-07
1421,"(3.0, 4.0, 6.0, 14.0, 14.0)",4402200.000000003,1,-10.98862958959332,2.0,4.0,1.689268973638838e-05,4.5431829539775536e-07,9.086363843903972e-07
1422,"(3.0, 4.0, 7.0, 7.0, 8.0)",6333600.000000003,3,-10.534189966705457,3.0,3.0,2.6610891616761228e-05,4.7366426676771486e-07,4.7366404240987725e-07
1423,"(3.0, 4.0, 7.0, 7.0, 9.0)",6333600.000000003,24,-11.17905008583995,29.0,39.0,1.396369115997308e-05,4.578754578754577e-06,6.1576145029868e-06
1424,"(3.0, 4.0, 7.0, 7.0, 13.0)",5602800.000000001,1,-10.805449557519523,1.0,1.0,2.0288637503405232e-05,1.784821874776897e-07,1.7848215562179845e-07
1425,"(3.0, 4.0, 7.0, 7.0, 14.0)",5602800.000000001,1,-10.72881592816884,2.0,4.0,2.1904555519849867e-05,3.569643749553794e-07,7.139286224871938e-07
1426,"(3.0, 4.0, 7.0, 8.0, 8.0)",5655000.000000004,1,-10.395397200643355,1.0,1.0,3.057288048445317e-05,1.7683465959328016e-07,1.7683462832278333e-07
1427,"(3.0, 4.0, 7.0, 8.0, 9.0)",11310000.000000007,84,-11.04025731977785,96.0,122.0,1.604268910278738e-05,8.488063660477449e-06,1.0786842187965386e-05
1428,"(3.0, 4.0, 7.0, 8.0, 11.0)",11310000.000000007,4,-10.69583168769138,6.0,10.0,2.2639108385031718e-05,5.305039787798405e-07,8.841730165319293e-07
1429,"(3.0, 4.0, 7.0, 8.0, 12.0)",10405200.000000007,2,-10.781543164769618,3.0,5.0,2.077950975412297e-05,2.883173797716524e-07,4.80528883159176e-07
1430,"(3.0, 4.0, 7.0, 8.0, 14.0)",10405200.000000007,21,-10.59002316210674,23.0,27.0,2.5165836891824674e-05,2.210433244916002e-06,2.5948515319297414e-06
1431,"(3.0, 4.0, 7.0, 9.0, 9.0)",5655000.000000004,36,-11.685117438912346,55.0,107.0,8.418175506216005e-06,9.72590627763041e-06,1.8921213983228056e-05
1432,"(3.0, 4.0, 7.0, 9.0, 11.0)",11310000.000000007,56,-11.340691806825877,64.0,80.0,1.1879553762363331e-05,5.658709106984965e-06,7.073354362742449e-06
1433,"(3.0, 4.0, 7.0, 9.0, 12.0)",10405200.000000007,41,-11.426403283904111,47.0,59.0,1.0903755531417859e-05,4.516972283089221e-06,5.670221399137225e-06
1434,"(3.0, 4.0, 7.0, 9.0, 13.0)",10405200.000000007,30,-11.31151691059192,35.0,45.0,1.223124382579016e-05,3.3637027640026118e-06,4.324749382078502e-06
1435,"(3.0, 4.0, 7.0, 9.0, 14.0)",10405200.000000007,634,-11.234883281241236,766.0,1084.0,1.3205419014158733e-05,7.361703763502858e-05,0.00010417326042259359
1436,"(3.0, 4.0, 7.0, 11.0, 11.0)",5655000.000000004,1,-10.996266174739407,1.0,1.0,1.6764178590559744e-05,1.7683465959328016e-07,1.7683462832278333e-07
1437,"(3.0, 4.0, 7.0, 11.0, 12.0)",10405200.000000007,1,-11.081977651817644,1.0,1.0,1.5387152471636892e-05,9.610579325721748e-08,9.610578402089398e-08
1438,"(3.0, 4.0, 7.0, 11.0, 14.0)",10405200.000000007,13,-10.890457649154769,17.0,25.0,1.8635211990697603e-05,1.633798485372697e-06,2.402642162132946e-06
1439,"(3.0, 4.0, 7.0, 12.0, 14.0)",8804400.000000006,4,-10.976169126233003,5.0,7.0,1.7104497347911306e-05,5.678978692471942e-07,7.95056694438082e-07
1440,"(3.0, 4.0, 7.0, 13.0, 13.0)",4402200.000000003,1,-10.937916382271498,3.0,9.0,1.7771466681285226e-05,6.814774430966331e-07,2.0444318648783937e-06
1441,"(3.0, 4.0, 7.0, 13.0, 14.0)",8804400.000000006,3,-10.861282752920811,3.0,3.0,1.9186900969768903e-05,3.4073872154831655e-07,3.4073860544544016e-07
1442,"(3.0, 4.0, 8.0, 8.0, 8.0)",1560000.0000000007,1,-10.256604434581256,1.0,1.0,3.5124753975846544e-05,6.410256410256408e-07,6.410252301117684e-07
1443,"(3.0, 4.0, 8.0, 8.0, 9.0)",4680000.000000002,47,-10.901464553715751,53.0,67.0,1.8431220706630777e-05,1.132478632478632e-05,1.4316111065454009e-05
1444,"(3.0, 4.0, 8.0, 8.0, 11.0)",4680000.000000002,5,-10.557038921629282,5.0,5.0,2.6009754385463668e-05,1.068376068376068e-06,1.0683749269486446e-06
1445,"(3.0, 4.0, 8.0, 8.0, 12.0)",4485000.000000003,1,-10.642750398707518,1.0,1.0,2.3873287576662167e-05,2.2296544035674457e-07,2.2296539064315698e-07
1446,"(3.0, 4.0, 8.0, 8.0, 13.0)",4485000.000000003,1,-10.527864025395326,1.0,1.0,2.6779764130991316e-05,2.2296544035674457e-07,2.2296539064315698e-07
1447,"(3.0, 4.0, 8.0, 8.0, 14.0)",4485000.000000003,49,-10.45123039604464,55.0,67.0,2.8912677360287547e-05,1.226309921962095e-05,1.4938534120299415e-05
1448,"(3.0, 4.0, 8.0, 9.0, 9.0)",4680000.000000002,59,-11.546324672850249,66.0,80.0,9.67152387658388e-06,1.4102564102564097e-05,1.7093818211702822e-05
1449,"(3.0, 4.0, 8.0, 9.0, 11.0)",9360000.000000004,81,-11.201899040763776,101.0,153.0,1.3648252851347851e-05,1.0790598290598286e-05,1.6346037409142372e-05
1450,"(3.0, 4.0, 8.0, 9.0, 12.0)",8970000.000000006,86,-11.287610517842014,98.0,124.0,1.2527171937514536e-05,1.0925306577480484e-05,1.3823737939794352e-05
1451,"(3.0, 4.0, 8.0, 9.0, 13.0)",8970000.000000006,86,-11.172724144529822,105.0,147.0,1.4052304637043919e-05,1.170568561872909e-05,1.638782284314492e-05
1452,"(3.0, 4.0, 8.0, 9.0, 14.0)",8970000.000000006,1614,-11.096090515179135,1919.0,2631.0,1.5171520860004068e-05,0.0002139353400222964,0.000293265268459587
1453,"(3.0, 4.0, 8.0, 11.0, 11.0)",4680000.000000002,2,-10.85747340867731,3.0,5.0,1.926012986901898e-05,6.410256410256408e-07,1.0683756574621955e-06
1454,"(3.0, 4.0, 8.0, 11.0, 12.0)",8970000.000000006,3,-10.943184885755546,5.0,9.0,1.7678083857028857e-05,5.574136008918614e-07,1.003344170895428e-06
1455,"(3.0, 4.0, 8.0, 11.0, 13.0)",8970000.000000006,3,-10.828298512443354,5.0,9.0,1.9830319324847185e-05,5.574136008918614e-07,1.003344170895428e-06
1456,"(3.0, 4.0, 8.0, 11.0, 14.0)",8970000.000000006,59,-10.751664883092667,64.0,74.0,2.140973392395439e-05,7.134894091415826e-06,8.249670386485853e-06
1457,"(3.0, 4.0, 8.0, 12.0, 12.0)",3946800.0000000033,1,-11.02889636283378,1.0,1.0,1.622598866058751e-05,2.533698185872097e-07,2.5336975439094473e-07
1458,"(3.0, 4.0, 8.0, 12.0, 13.0)",7893600.0000000065,1,-10.914009989521588,1.0,1.0,1.8201437390108572e-05,1.2668490929360485e-07,1.266848932445386e-07
1459,"(3.0, 4.0, 8.0, 12.0, 14.0)",7893600.0000000065,7,-10.837376360170904,7.0,7.0,1.9651117320509497e-05,8.867943650552339e-07,8.867935786509879e-07
1460,"(3.0, 4.0, 8.0, 13.0, 14.0)",7893600.0000000065,34,-10.722489986858712,39.0,51.0,2.2043561661282522e-05,4.940711462450589e-06,6.460905963344092e-06
1461,"(3.0, 4.0, 8.0, 14.0, 14.0)",3946800.0000000033,20,-10.645856357508029,24.0,32.0,2.3799253162453854e-05,6.080875646093033e-06,8.107797217742086e-06
1462,"(3.0, 4.0, 9.0, 9.0, 9.0)",1560000.0000000007,21,-12.191184791984742,26.0,38.0,5.074996148338741e-06,1.666666666666666e-05,2.4358696581196573e-05
1463,"(3.0, 4.0, 9.0, 9.0, 11.0)",4680000.000000002,54,-11.846759159898273,61.0,75.0,7.1617287550561945e-06,1.3034188034188029e-05,1.602547113558331e-05
1464,"(3.0, 4.0, 9.0, 9.0, 12.0)",4485000.000000003,32,-11.932470636976507,36.0,44.0,6.57345731073345e-06,8.026755852842805e-06,9.810414946887239e-06
1465,"(3.0, 4.0, 9.0, 9.0, 13.0)",4485000.000000003,32,-11.817584263664315,34.0,38.0,7.373749247618062e-06,7.5808249721293155e-06,8.472629264649036e-06
1466,"(3.0, 4.0, 9.0, 9.0, 14.0)",4485000.000000003,410,-11.74095063431363,486.0,656.0,7.961042221627357e-06,0.00010836120401337786,0.0001462535867234892
1467,"(3.0, 4.0, 9.0, 11.0, 11.0)",4680000.000000002,27,-11.502333527811803,33.0,47.0,1.0106482303003961e-05,7.051282051282048e-06,1.0042685322156471e-05
1468,"(3.0, 4.0, 9.0, 11.0, 12.0)",8970000.000000006,42,-11.58804500489004,49.0,65.0,9.276325905749586e-06,5.462653288740242e-06,7.246346971013246e-06
1469,"(3.0, 4.0, 9.0, 11.0, 13.0)",8970000.000000006,43,-11.473158631577848,48.0,58.0,1.0405681201655039e-05,5.35117056856187e-06,6.465969135319139e-06
1470,"(3.0, 4.0, 9.0, 11.0, 14.0)",8970000.000000006,583,-11.396525002227165,700.0,962.0,1.1234456802003334e-05,7.80379041248606e-05,0.00010724028689711393
1471,"(3.0, 4.0, 9.0, 12.0, 12.0)",3946800.0000000033,15,-11.673756481968276,18.0,24.0,8.51435937151981e-06,4.560656734569775e-06,6.080854846503182e-06
1472,"(3.0, 4.0, 9.0, 12.0, 13.0)",7893600.0000000065,22,-11.558870108656084,28.0,46.0,9.550948312568996e-06,3.5471774602209355e-06,5.827493245037888e-06
1473,"(3.0, 4.0, 9.0, 12.0, 14.0)",7893600.0000000065,292,-11.482236479305396,340.0,460.0,1.0311647469908787e-05,4.3072869159825645e-05,5.827320300300057e-05
1474,"(3.0, 4.0, 9.0, 13.0, 13.0)",3946800.0000000033,16,-11.443983735343892,18.0,22.0,1.071373777979044e-05,4.560656734569775e-06,5.5741152093287624e-06
1475,"(3.0, 4.0, 9.0, 13.0, 14.0)",7893600.0000000065,387,-11.367350105993207,459.0,629.0,1.1567048993957562e-05,5.814837336576462e-05,7.968142671235237e-05
1476,"(3.0, 4.0, 9.0, 14.0, 14.0)",3946800.0000000033,384,-11.29071647664252,457.0,633.0,1.248832341976844e-05,0.00011579000709435482,0.00016036968783996082
1477,"(3.0, 4.0, 11.0, 11.0, 12.0)",4485000.000000003,1,-11.243619372803572,3.0,9.0,1.3090557714457812e-05,6.688963210702337e-07,2.006688515788413e-06
1478,"(3.0, 4.0, 11.0, 11.0, 13.0)",4485000.000000003,3,-11.12873299949138,3.0,3.0,1.4684280361914137e-05,6.688963210702337e-07,6.688958736479454e-07
1479,"(3.0, 4.0, 11.0, 11.0, 14.0)",4485000.000000003,13,-11.052099370140692,15.0,19.0,1.5853831209838757e-05,3.3444816053511684e-06,4.2363321812209385e-06
1480,"(3.0, 4.0, 11.0, 12.0, 12.0)",3946800.0000000033,2,-11.329330849881806,2.0,2.0,1.2015286427725882e-05,5.067396371744194e-07,5.067393803893595e-07
1481,"(3.0, 4.0, 11.0, 12.0, 13.0)",7893600.0000000065,1,-11.214444476569614,2.0,4.0,1.3478099129310953e-05,2.533698185872097e-07,5.067395729781544e-07
1482,"(3.0, 4.0, 11.0, 12.0, 14.0)",7893600.0000000065,4,-11.13781084721893,4.0,4.0,1.4551581920199466e-05,5.067396371744194e-07,5.067393803893595e-07
1483,"(3.0, 4.0, 11.0, 13.0, 13.0)",3946800.0000000033,1,-11.099558103257424,1.0,1.0,1.5119003382253515e-05,2.533698185872097e-07,2.5336975439094473e-07
1484,"(3.0, 4.0, 11.0, 13.0, 14.0)",7893600.0000000065,16,-11.022924473906738,19.0,27.0,1.6323178376851917e-05,2.407013276578492e-06,3.4204867572144173e-06
1485,"(3.0, 4.0, 11.0, 14.0, 14.0)",3946800.0000000033,11,-10.946290844556051,15.0,27.0,1.7623261638745114e-05,3.8005472788081453e-06,6.840970657695043e-06
1486,"(3.0, 4.0, 12.0, 12.0, 14.0)",3187800.0000000014,1,-11.223522324297164,1.0,1.0,1.3356300668122878e-05,3.136959658698788e-07,3.136958674647198e-07
1487,"(3.0, 4.0, 12.0, 13.0, 13.0)",3187800.0000000014,1,-11.18526958033566,1.0,1.0,1.3877113573159631e-05,3.136959658698788e-07,3.136958674647198e-07
1488,"(3.0, 4.0, 12.0, 13.0, 14.0)",6375600.000000003,2,-11.108635950984974,2.0,2.0,1.498237644925737e-05,3.136959658698788e-07,3.136958674647198e-07
1489,"(3.0, 4.0, 13.0, 13.0, 13.0)",1062600.0000000005,1,-11.070383207023468,1.0,1.0,1.556659622663297e-05,9.410878976096363e-07,9.410870119632053e-07
1490,"(3.0, 4.0, 13.0, 13.0, 14.0)",3187800.0000000014,1,-10.993749577672782,1.0,1.0,1.6806420403742673e-05,3.136959658698788e-07,3.136958674647198e-07
1491,"(3.0, 6.0, 6.0, 6.0, 9.0)",2111200.000000001,4,-11.551484029403433,4.0,4.0,9.621753538355135e-06,1.8946570670708594e-06,1.8946534773454577e-06
1492,"(3.0, 6.0, 6.0, 7.0, 8.0)",6333600.000000003,3,-10.70264344424574,4.0,6.0,2.2485420327183154e-05,6.315523556902864e-07,9.473281346770518e-07
1493,"(3.0, 6.0, 6.0, 7.0, 9.0)",6333600.000000003,11,-11.347503563380236,12.0,14.0,1.1798908115247127e-05,1.8946570670708594e-06,2.2104296551906008e-06
1494,"(3.0, 6.0, 6.0, 7.0, 11.0)",6333600.000000003,2,-11.003077931293769,2.0,2.0,1.6650373134744482e-05,3.157761778451432e-07,3.157760781305487e-07
1495,"(3.0, 6.0, 6.0, 7.0, 12.0)",5602800.000000001,2,-11.088789408372005,3.0,5.0,1.528269510790303e-05,5.354465624330691e-07,8.924106506854272e-07
1496,"(3.0, 6.0, 6.0, 7.0, 14.0)",5602800.000000001,2,-10.897269405709126,3.0,5.0,1.8508704820462105e-05,5.354465624330691e-07,8.924106506854272e-07
1497,"(3.0, 6.0, 6.0, 8.0, 8.0)",2827500.000000002,2,-10.56385067818364,2.0,2.0,2.5833184329406998e-05,7.073386383731206e-07,7.073381380451713e-07
1498,"(3.0, 6.0, 6.0, 8.0, 9.0)",5655000.000000004,31,-11.208710797318137,39.0,55.0,1.3555600197450198e-05,6.8965517241379266e-06,9.725858715204725e-06
1499,"(3.0, 6.0, 6.0, 8.0, 11.0)",5655000.000000004,1,-10.864285165231667,1.0,1.0,1.9129380375570013e-05,1.7683465959328016e-07,1.7683462832278333e-07
1500,"(3.0, 6.0, 6.0, 8.0, 14.0)",5202600.000000004,8,-10.758476639647029,8.0,8.0,2.1264391608794903e-05,1.5376926921154797e-06,1.5376903276166642e-06
1501,"(3.0, 6.0, 6.0, 9.0, 9.0)",2827500.000000002,15,-11.853570916452632,15.0,15.0,7.113110577852261e-06,5.305039787798405e-06,5.305011644351255e-06
1502,"(3.0, 6.0, 6.0, 9.0, 11.0)",5655000.000000004,25,-11.509145284366165,29.0,37.0,1.0037873344982605e-05,5.1282051282051245e-06,6.542856106463529e-06
1503,"(3.0, 6.0, 6.0, 9.0, 12.0)",5202600.000000004,20,-11.594856761444396,23.0,29.0,9.21335255502494e-06,4.420866489832004e-06,5.574116464858093e-06
1504,"(3.0, 6.0, 6.0, 9.0, 13.0)",5202600.000000004,18,-11.479970388132209,20.0,24.0,1.0335041099258998e-05,3.844231730288699e-06,4.6130632982288425e-06
1505,"(3.0, 6.0, 6.0, 9.0, 14.0)",5202600.000000004,263,-11.40333675878152,327.0,493.0,1.1158190466001173e-05,6.285318879022024e-05,9.475636162827532e-05
1506,"(3.0, 6.0, 6.0, 11.0, 13.0)",5202600.000000004,1,-11.135544756045736,1.0,1.0,1.4584594522200733e-05,1.9221158651443496e-07,1.9221154956914098e-07
1507,"(3.0, 6.0, 6.0, 11.0, 14.0)",5202600.000000004,4,-11.058911126695053,5.0,7.0,1.574620574656256e-05,9.610579325721749e-07,1.345480181968695e-06
1508,"(3.0, 6.0, 6.0, 13.0, 14.0)",4402200.000000003,1,-11.029736230461095,1.0,1.0,1.6212366699113254e-05,2.2715914769887768e-07,2.271590960975993e-07
1509,"(3.0, 6.0, 7.0, 7.0, 8.0)",6333600.000000003,1,-10.498662978222544,1.0,1.0,2.7573290805627756e-05,1.578880889225716e-07,1.5788806399392297e-07
1510,"(3.0, 6.0, 7.0, 7.0, 9.0)",6333600.000000003,11,-11.14352309735704,11.0,11.0,1.4468696600582806e-05,1.7367689781482877e-06,1.7367659617818041e-06
1511,"(3.0, 6.0, 7.0, 7.0, 12.0)",5602800.000000001,1,-10.884808942348805,2.0,4.0,1.8740774705221903e-05,3.569643749553794e-07,7.139286224871938e-07
1512,"(3.0, 6.0, 7.0, 7.0, 13.0)",5602800.000000001,1,-10.769922569036614,1.0,1.0,2.102238850121786e-05,1.784821874776897e-07,1.7848215562179845e-07
1513,"(3.0, 6.0, 7.0, 7.0, 14.0)",5602800.000000001,1,-10.693288939685928,1.0,1.0,2.2696747182135517e-05,1.784821874776897e-07,1.7848215562179845e-07
1514,"(3.0, 6.0, 7.0, 8.0, 9.0)",11310000.000000007,77,-11.00473033129494,92.0,124.0,1.6622882776945782e-05,8.134394341290887e-06,1.0963682726412071e-05
1515,"(3.0, 6.0, 7.0, 8.0, 11.0)",11310000.000000007,1,-10.66030469920847,1.0,1.0,2.3457865601444955e-05,8.841732979664008e-08,8.841732197901586e-08
1516,"(3.0, 6.0, 7.0, 8.0, 12.0)",10405200.000000007,3,-10.746016176286703,3.0,3.0,2.153101344743842e-05,2.883173797716524e-07,2.8831729664474095e-07
1517,"(3.0, 6.0, 7.0, 8.0, 13.0)",10405200.000000007,3,-10.631129802974517,3.0,3.0,2.415232756577954e-05,2.883173797716524e-07,2.8831729664474095e-07
1518,"(3.0, 6.0, 7.0, 8.0, 14.0)",10405200.000000007,21,-10.554496173623829,23.0,29.0,2.607597479177329e-05,2.210433244916002e-06,2.7870631184441767e-06
1519,"(3.0, 6.0, 7.0, 9.0, 9.0)",5655000.000000004,46,-11.649590450429436,54.0,76.0,8.722623977751435e-06,9.54907161803713e-06,1.3439342944320528e-05
1520,"(3.0, 6.0, 7.0, 9.0, 11.0)",11310000.000000007,61,-11.305164818342966,69.0,87.0,1.2309185097894874e-05,6.1007957559681655e-06,7.692270472598832e-06
1521,"(3.0, 6.0, 7.0, 9.0, 12.0)",10405200.000000007,36,-11.3908762954212,41.0,51.0,1.1298096526457096e-05,3.940337523545916e-06,4.901379929858292e-06
1522,"(3.0, 6.0, 7.0, 9.0, 13.0)",10405200.000000007,40,-11.27598992210901,43.0,49.0,1.2673594247801337e-05,4.132549110060351e-06,4.709166791641509e-06
1523,"(3.0, 6.0, 7.0, 9.0, 14.0)",10405200.000000007,629,-11.199356292758324,758.0,1068.0,1.3683001078333695e-05,7.284819128897085e-05,0.0001026356803397342
1524,"(3.0, 6.0, 7.0, 11.0, 11.0)",5655000.000000004,1,-10.960739186256497,1.0,1.0,1.7370465373803243e-05,1.7683465959328016e-07,1.7683462832278333e-07
1525,"(3.0, 6.0, 7.0, 11.0, 13.0)",10405200.000000007,4,-10.93156429002254,4.0,4.0,1.7884711968521377e-05,3.844231730288699e-07,3.8442302524769394e-07
1526,"(3.0, 6.0, 7.0, 11.0, 14.0)",10405200.000000007,6,-10.854930660671856,6.0,6.0,1.9309165842469593e-05,5.766347595433048e-07,5.766344270356589e-07
1527,"(3.0, 6.0, 7.0, 12.0, 12.0)",4402200.000000003,1,-11.13216214041297,1.0,1.0,1.4634012132900283e-05,2.2715914769887768e-07,2.271590960975993e-07
1528,"(3.0, 6.0, 7.0, 12.0, 13.0)",8804400.000000006,2,-11.017275767100775,2.0,2.0,1.641564413575954e-05,2.2715914769887768e-07,2.271590960975993e-07
1529,"(3.0, 6.0, 7.0, 12.0, 14.0)",8804400.000000006,1,-10.94064213775009,2.0,4.0,1.772309196738776e-05,2.2715914769887768e-07,4.54318243796477e-07
1530,"(3.0, 6.0, 7.0, 13.0, 14.0)",8804400.000000006,2,-10.8257557644379,2.0,2.0,1.9880806991261863e-05,2.2715914769887768e-07,2.271590960975993e-07
1531,"(3.0, 6.0, 8.0, 8.0, 8.0)",1560000.0000000007,3,-10.221077446098343,3.0,3.0,3.6395062209870515e-05,1.923076923076922e-06,1.92307322485207e-06
1532,"(3.0, 6.0, 8.0, 8.0, 9.0)",4680000.000000002,58,-10.86593756523284,73.0,109.0,1.9097797088712912e-05,1.559829059829059e-05,2.3290354983928695e-05
1533,"(3.0, 6.0, 8.0, 8.0, 11.0)",4680000.000000002,1,-10.521511933146371,2.0,4.0,2.6950413078290782e-05,4.273504273504272e-07,8.547006720724667e-07
1534,"(3.0, 6.0, 8.0, 8.0, 12.0)",4485000.000000003,2,-10.607223410224606,2.0,2.0,2.473667963921469e-05,4.4593088071348914e-07,4.4593068185913875e-07
1535,"(3.0, 6.0, 8.0, 8.0, 14.0)",4485000.000000003,33,-10.415703407561727,38.0,48.0,2.9958322039925946e-05,8.472686733556293e-06,1.0702269350703254e-05
1536,"(3.0, 6.0, 8.0, 9.0, 9.0)",4680000.000000002,40,-11.510797684367336,50.0,72.0,1.0021300459344638e-05,1.0683760683760679e-05,1.538450124187303e-05
1537,"(3.0, 6.0, 8.0, 9.0, 11.0)",9360000.000000004,82,-11.166372052280868,107.0,179.0,1.4141850272386806e-05,1.1431623931623927e-05,1.9123800941905904e-05
1538,"(3.0, 6.0, 8.0, 9.0, 12.0)",8970000.000000006,99,-11.2520835293591,117.0,157.0,1.298022478087971e-05,1.3043478260869557e-05,1.7502616935679307e-05
1539,"(3.0, 6.0, 8.0, 9.0, 13.0)",8970000.000000006,90,-11.137197156046913,106.0,138.0,1.456051483830891e-05,1.1817168338907462e-05,1.5384475739147824e-05
1540,"(3.0, 6.0, 8.0, 9.0, 14.0)",8970000.000000006,1730,-11.060563526696225,2032.0,2756.0,1.57202082012558e-05,0.00022653288740245248,0.00030719505966251914
1541,"(3.0, 6.0, 8.0, 11.0, 11.0)",4680000.000000002,1,-10.821946420194395,1.0,1.0,1.995668425849061e-05,2.136752136752136e-07,2.1367516801811667e-07
1542,"(3.0, 6.0, 8.0, 11.0, 12.0)",8970000.000000006,4,-10.907657897272632,4.0,4.0,1.8317422583808076e-05,4.4593088071348914e-07,4.4593068185913875e-07
1543,"(3.0, 6.0, 8.0, 11.0, 13.0)",8970000.000000006,2,-10.79277152396044,2.0,2.0,2.0547494965109363e-05,2.2296544035674457e-07,2.2296539064315698e-07
1544,"(3.0, 6.0, 8.0, 11.0, 14.0)",8970000.000000006,67,-10.716137894609757,78.0,102.0,2.218403006025081e-05,8.695652173913038e-06,1.1371161843827243e-05
1545,"(3.0, 6.0, 8.0, 12.0, 12.0)",3946800.0000000033,1,-10.99336937435087,1.0,1.0,1.681281147548599e-05,2.533698185872097e-07,2.5336975439094473e-07
1546,"(3.0, 6.0, 8.0, 12.0, 13.0)",7893600.0000000065,1,-10.878483001038678,1.0,1.0,1.885970351785497e-05,1.2668490929360485e-07,1.266848932445386e-07
1547,"(3.0, 6.0, 8.0, 12.0, 14.0)",7893600.0000000065,14,-10.801849371687991,16.0,20.0,2.0361812010561418e-05,2.0269585486976775e-06,2.5336940773111385e-06
1548,"(3.0, 6.0, 8.0, 13.0, 14.0)",7893600.0000000065,34,-10.6869629983758,40.0,58.0,2.2840780565784963e-05,5.0673963717441934e-06,7.347699060523092e-06
1549,"(3.0, 6.0, 8.0, 14.0, 14.0)",3946800.0000000033,13,-10.610329369025116,15.0,21.0,2.4659967725086103e-05,3.8005472788081453e-06,5.320751746171785e-06
1550,"(3.0, 6.0, 9.0, 9.0, 9.0)",1560000.0000000007,18,-12.155657803501832,21.0,27.0,5.258536491405838e-06,1.3461538461538455e-05,1.7307511094674546e-05
1551,"(3.0, 6.0, 9.0, 9.0, 11.0)",4680000.000000002,47,-11.811232171415362,53.0,67.0,7.420737060527874e-06,1.132478632478632e-05,1.4316111065454009e-05
1552,"(3.0, 6.0, 9.0, 9.0, 12.0)",4485000.000000003,29,-11.896943648493597,33.0,41.0,6.811190419229282e-06,7.3578595317725704e-06,9.141528916529638e-06
1553,"(3.0, 6.0, 9.0, 9.0, 13.0)",4485000.000000003,23,-11.782057275181408,27.0,35.0,7.64042540402095e-06,6.020066889632103e-06,7.803754171280705e-06
1554,"(3.0, 6.0, 9.0, 9.0, 14.0)",4485000.000000003,444,-11.70542364583072,533.0,743.0,8.248958188028126e-06,0.00011884057971014486,0.00016564919910167536
1555,"(3.0, 6.0, 9.0, 11.0, 11.0)",4680000.000000002,35,-11.466806539328893,41.0,55.0,1.047198942357628e-05,8.760683760683757e-06,1.1752060002556792e-05
1556,"(3.0, 6.0, 9.0, 11.0, 12.0)",8970000.000000006,37,-11.552518016407127,41.0,49.0,9.611809911919896e-06,4.570791527313264e-06,5.462632396605055e-06
1557,"(3.0, 6.0, 9.0, 11.0, 13.0)",8970000.000000006,37,-11.437631643094935,43.0,55.0,1.0782009033593175e-05,4.793756967670008e-06,6.13152662970461e-06
1558,"(3.0, 6.0, 9.0, 11.0, 14.0)",8970000.000000006,602,-11.36099801374425,732.0,1036.0,1.1640757810977964e-05,8.160535117056851e-05,0.00011548943867145403
1559,"(3.0, 6.0, 9.0, 12.0, 12.0)",3946800.0000000033,15,-11.638229493485364,17.0,21.0,8.822286391436253e-06,4.3072869159825645e-06,5.320747637610827e-06
1560,"(3.0, 6.0, 9.0, 12.0, 13.0)",7893600.0000000065,25,-11.523343120173172,30.0,42.0,9.896364206230107e-06,3.8005472788081453e-06,5.320751746171785e-06
1561,"(3.0, 6.0, 9.0, 12.0, 14.0)",7893600.0000000065,336,-11.446709490822489,401.0,567.0,1.0684574514362478e-05,5.080064862673554e-05,7.182776286357305e-05
1562,"(3.0, 6.0, 9.0, 13.0, 13.0)",3946800.0000000033,10,-11.40845674686098,10.0,10.0,1.1101206666496387e-05,2.5336981858720967e-06,2.5336917662455997e-06
1563,"(3.0, 6.0, 9.0, 13.0, 14.0)",7893600.0000000065,408,-11.331823117510297,484.0,660.0,1.1985378403196592e-05,6.131549609810474e-05,8.360828054371744e-05
1564,"(3.0, 6.0, 9.0, 14.0, 14.0)",3946800.0000000033,398,-11.25518948815961,477.0,655.0,1.2939971282702773e-05,0.00012085740346609902,0.00016594262466264976
1565,"(3.0, 6.0, 11.0, 11.0, 12.0)",4485000.000000003,1,-11.20809238432066,1.0,1.0,1.3563985749400823e-05,2.2296544035674457e-07,2.2296539064315698e-07
1566,"(3.0, 6.0, 11.0, 11.0, 13.0)",4485000.000000003,1,-11.093206011008467,1.0,1.0,1.5215346352220663e-05,2.2296544035674457e-07,2.2296539064315698e-07
1567,"(3.0, 6.0, 11.0, 11.0, 14.0)",4485000.000000003,13,-11.016572381657785,15.0,19.0,1.6427194722663074e-05,3.3444816053511684e-06,4.2363321812209385e-06
1568,"(3.0, 6.0, 11.0, 12.0, 12.0)",3946800.0000000033,1,-11.293803861398896,1.0,1.0,1.2449826618207828e-05,2.533698185872097e-07,2.5336975439094473e-07
1569,"(3.0, 6.0, 11.0, 12.0, 13.0)",7893600.0000000065,1,-11.178917488086704,1.0,1.0,1.3965542836809306e-05,1.2668490929360485e-07,1.266848932445386e-07
1570,"(3.0, 6.0, 11.0, 12.0, 14.0)",7893600.0000000065,12,-11.102283858736016,13.0,15.0,1.507784879011166e-05,1.6469038208168628e-06,1.9002709271118775e-06
1571,"(3.0, 6.0, 11.0, 13.0, 14.0)",7893600.0000000065,8,-10.987397485423829,8.0,8.0,1.6913516117347227e-05,1.0134792743488388e-06,1.0134782472085993e-06
1572,"(3.0, 6.0, 11.0, 14.0, 14.0)",3946800.0000000033,5,-10.91076385607314,5.0,5.0,1.8260617686433016e-05,1.2668490929360484e-06,1.266847488029424e-06
1573,"(3.0, 6.0, 12.0, 13.0, 14.0)",6375600.000000003,3,-11.073108962502062,3.0,3.0,1.5524223267083504e-05,4.7054394880481815e-07,4.7054372739321037e-07
1574,"(3.0, 6.0, 13.0, 13.0, 14.0)",3187800.0000000014,1,-10.958222589189871,1.0,1.0,1.741423488802411e-05,3.136959658698788e-07,3.136958674647198e-07
1575,"(3.0, 6.0, 13.0, 14.0, 14.0)",3187800.0000000014,1,-10.881588959839185,2.0,4.0,1.8801216931221205e-05,6.273919317397576e-07,1.2547834698588792e-06
1576,"(3.0, 7.0, 7.0, 7.0, 9.0)",2111200.000000001,10,-10.939542631333843,13.0,21.0,1.7742589337499195e-05,6.1576354679802926e-06,9.946911685647456e-06
1577,"(3.0, 7.0, 7.0, 8.0, 8.0)",2827500.000000002,2,-10.155889746137248,3.0,5.0,3.884660990318993e-05,1.061007957559681e-06,1.7683454701949157e-06
1578,"(3.0, 7.0, 7.0, 8.0, 9.0)",5655000.000000004,41,-10.800749865271744,48.0,64.0,2.038421226586901e-05,8.488063660477449e-06,1.1317346166745226e-05
1579,"(3.0, 7.0, 7.0, 8.0, 11.0)",5655000.000000004,2,-10.456324233185274,2.0,2.0,2.8765775355599173e-05,3.536693191865603e-07,3.53669194104573e-07
1580,"(3.0, 7.0, 7.0, 8.0, 12.0)",5202600.000000004,2,-10.542035710263509,2.0,2.0,2.6402926273447757e-05,3.844231730288699e-07,3.8442302524769394e-07
1581,"(3.0, 7.0, 7.0, 8.0, 13.0)",5202600.000000004,2,-10.427149336951318,3.0,5.0,2.9617376144795766e-05,5.766347595433048e-07,9.61057600064529e-07
1582,"(3.0, 7.0, 7.0, 8.0, 14.0)",5202600.000000004,24,-10.350515707600632,34.0,56.0,3.1976295106414674e-05,6.535193941490788e-06,1.0763806136048504e-05
1583,"(3.0, 7.0, 7.0, 9.0, 9.0)",2827500.000000002,25,-11.44560998440624,33.0,53.0,1.0696328733331347e-05,1.1671087533156491e-05,1.874433770260349e-05
1584,"(3.0, 7.0, 7.0, 9.0, 11.0)",5655000.000000004,43,-11.10118435231977,52.0,76.0,1.5094436098854714e-05,9.195402298850568e-06,1.3439349573665856e-05
1585,"(3.0, 7.0, 7.0, 9.0, 12.0)",5202600.000000004,21,-11.186895829398004,26.0,36.0,1.3854564270583976e-05,4.997501249375309e-06,6.91959213950092e-06
1586,"(3.0, 7.0, 7.0, 9.0, 13.0)",5202600.000000004,22,-11.072009456085814,25.0,31.0,1.5541301637341236e-05,4.805289662860874e-06,5.958536091138739e-06
1587,"(3.0, 7.0, 7.0, 9.0, 14.0)",5202600.000000004,414,-10.995375826735128,486.0,650.0,1.6779111190129905e-05,9.341483104601538e-05,0.00012492880490372338
1588,"(3.0, 7.0, 7.0, 11.0, 11.0)",2827500.000000002,3,-10.7567587202333,3.0,3.0,2.1300953516174085e-05,1.061007957559681e-06,1.0610068318217952e-06
1589,"(3.0, 7.0, 7.0, 11.0, 12.0)",5202600.000000004,1,-10.842470197311536,1.0,1.0,1.9551272242422287e-05,1.9221158651443496e-07,1.9221154956914098e-07
1590,"(3.0, 7.0, 7.0, 11.0, 14.0)",5202600.000000004,3,-10.650950194648658,3.0,3.0,2.367833188089696e-05,5.766347595433048e-07,5.766344270356589e-07
1591,"(3.0, 7.0, 7.0, 14.0, 14.0)",2201100.0000000014,2,-10.545141669064018,2.0,2.0,2.63210470947313e-05,9.086365907955107e-07,9.086357651750566e-07
1592,"(3.0, 7.0, 8.0, 8.0, 9.0)",4680000.000000002,65,-10.661957099209644,74.0,94.0,2.3419135831645828e-05,1.5811965811965805e-05,2.008522006720724e-05
1593,"(3.0, 7.0, 8.0, 8.0, 11.0)",4680000.000000002,3,-10.317531467123176,3.0,3.0,3.3048596215972845e-05,6.410256410256408e-07,6.410252301117684e-07
1594,"(3.0, 7.0, 8.0, 8.0, 12.0)",4485000.000000003,2,-10.40324294420141,2.0,2.0,3.033395201570439e-05,4.4593088071348914e-07,4.4593068185913875e-07
1595,"(3.0, 7.0, 8.0, 8.0, 13.0)",4485000.000000003,3,-10.28835657088922,3.0,3.0,3.402698842933913e-05,6.688963210702337e-07,6.688958736479454e-07
1596,"(3.0, 7.0, 8.0, 8.0, 14.0)",4485000.000000003,44,-10.211722941538532,60.0,106.0,3.673711736920005e-05,1.3377926421404674e-05,2.3634157708899587e-05
1597,"(3.0, 7.0, 8.0, 9.0, 9.0)",4680000.000000002,76,-11.30681721834414,87.0,111.0,1.2288862195830546e-05,1.8589743589743583e-05,2.3717603139381975e-05
1598,"(3.0, 7.0, 8.0, 9.0, 11.0)",9360000.000000004,101,-10.96239158625767,115.0,145.0,1.734178611812579e-05,1.2286324786324782e-05,1.549130203767623e-05
1599,"(3.0, 7.0, 8.0, 9.0, 12.0)",8970000.000000006,118,-11.048103063335905,149.0,219.0,1.5917314748745378e-05,1.661092530657747e-05,2.441443979622399e-05
1600,"(3.0, 7.0, 8.0, 9.0, 13.0)",8970000.000000006,109,-10.933216690023714,127.0,169.0,1.7855183673439723e-05,1.415830546265328e-05,1.884037925253134e-05
1601,"(3.0, 7.0, 8.0, 9.0, 14.0)",8970000.000000006,2063,-10.856583060673028,2436.0,3336.0,1.927728572341711e-05,0.0002715719063545149,0.0003718326032147289
1602,"(3.0, 7.0, 8.0, 11.0, 12.0)",8970000.000000006,7,-10.703677431249435,9.0,13.0,2.246218271055937e-05,1.0033444816053506e-06,1.449274355618691e-06
1603,"(3.0, 7.0, 8.0, 11.0, 13.0)",8970000.000000006,6,-10.588791057937245,7.0,9.0,2.519686293412098e-05,7.803790412486059e-07,1.0033438726139027e-06
1604,"(3.0, 7.0, 8.0, 11.0, 14.0)",8970000.000000006,83,-10.512157428586558,106.0,174.0,2.720370369739551e-05,1.1817168338907462e-05,1.9397853665569228e-05
1605,"(3.0, 7.0, 8.0, 12.0, 12.0)",3946800.0000000033,1,-10.789388908327672,1.0,1.0,2.061711692857853e-05,2.533698185872097e-07,2.5336975439094473e-07
1606,"(3.0, 7.0, 8.0, 12.0, 13.0)",7893600.0000000065,2,-10.67450253501548,2.0,2.0,2.312716782870488e-05,2.533698185872097e-07,2.5336975439094473e-07
1607,"(3.0, 7.0, 8.0, 12.0, 14.0)",7893600.0000000065,11,-10.597868905664797,12.0,14.0,2.4969164717725663e-05,1.5202189115232582e-06,1.7735864190449288e-06
1608,"(3.0, 7.0, 8.0, 13.0, 14.0)",7893600.0000000065,41,-10.482982532352604,50.0,74.0,2.8009059897650393e-05,6.334245464680242e-06,9.374643165061152e-06
1609,"(3.0, 7.0, 8.0, 14.0, 14.0)",3946800.0000000033,15,-10.406348903001918,18.0,24.0,3.0239882174636505e-05,4.560656734569775e-06,6.080854846503182e-06
1610,"(3.0, 7.0, 9.0, 9.0, 9.0)",1560000.0000000007,25,-11.951677337478635,32.0,46.0,6.448407625017826e-06,2.0512820512820505e-05,2.9486758711374084e-05
1611,"(3.0, 7.0, 9.0, 9.0, 11.0)",4680000.000000002,37,-11.607251705392166,42.0,54.0,9.099858396450412e-06,8.97435897435897e-06,1.1538380999342534e-05
1612,"(3.0, 7.0, 9.0, 9.0, 12.0)",4485000.000000003,26,-11.6929631824704,30.0,38.0,8.352387077010539e-06,6.688963210702337e-06,8.472641991327459e-06
1613,"(3.0, 7.0, 9.0, 9.0, 13.0)",4485000.000000003,42,-11.57807680915821,47.0,57.0,9.36925654394328e-06,1.0479375696766995e-05,1.2708920283019447e-05
1614,"(3.0, 7.0, 9.0, 9.0, 14.0)",4485000.000000003,464,-11.501443179807524,534.0,700.0,1.0115484596344993e-05,0.0001190635451505016,0.0001560616321219374
1615,"(3.0, 7.0, 9.0, 11.0, 11.0)",4680000.000000002,43,-11.262826073305696,54.0,78.0,1.2841530444536707e-05,1.1538461538461534e-05,1.6666533530571986e-05
1616,"(3.0, 7.0, 9.0, 11.0, 12.0)",8970000.000000006,59,-11.34853755038393,76.0,122.0,1.1786714502703006e-05,8.472686733556293e-06,1.3600820075340933e-05
1617,"(3.0, 7.0, 9.0, 11.0, 13.0)",8970000.000000006,50,-11.23365117707174,60.0,82.0,1.32216994935497e-05,6.688963210702337e-06,9.141538312397694e-06
1618,"(3.0, 7.0, 9.0, 11.0, 14.0)",8970000.000000006,767,-11.157017547721054,910.0,1238.0,1.427476096286024e-05,0.00010144927536231877,0.00013800531562535334
1619,"(3.0, 7.0, 9.0, 12.0, 12.0)",3946800.0000000033,21,-11.434249027462169,26.0,36.0,1.0818542179864063e-05,6.587615283267451e-06,9.121270072464429e-06
1620,"(3.0, 7.0, 9.0, 12.0, 13.0)",7893600.0000000065,26,-11.319362654149977,28.0,32.0,1.2135656092090145e-05,3.5471774602209355e-06,4.053904514927421e-06
1621,"(3.0, 7.0, 9.0, 12.0, 14.0)",7893600.0000000065,379,-11.24272902479929,439.0,581.0,1.3102218056504666e-05,5.5614675179892525e-05,7.360083930748904e-05
1622,"(3.0, 7.0, 9.0, 13.0, 13.0)",3946800.0000000033,13,-11.204476280837785,14.0,16.0,1.3613123315227966e-05,3.5471774602209355e-06,4.053904514927421e-06
1623,"(3.0, 7.0, 9.0, 13.0, 14.0)",7893600.0000000065,442,-11.127842651487098,519.0,699.0,1.4697360303614611e-05,6.57494679233809e-05,8.854842860369757e-05
1624,"(3.0, 7.0, 9.0, 14.0, 14.0)",3946800.0000000033,467,-11.051209022136414,543.0,719.0,1.586795292250306e-05,0.00013757981149285485,0.00018215397135967334
1625,"(3.0, 7.0, 11.0, 11.0, 12.0)",4485000.000000003,1,-11.00411191829746,1.0,1.0,1.663316576294903e-05,2.2296544035674457e-07,2.2296539064315698e-07
1626,"(3.0, 7.0, 11.0, 11.0, 13.0)",4485000.000000003,1,-10.88922554498527,2.0,4.0,1.8658186663779618e-05,4.4593088071348914e-07,8.918615625726279e-07
1627,"(3.0, 7.0, 11.0, 11.0, 14.0)",4485000.000000003,19,-10.812591915634584,20.0,22.0,2.0144245053808496e-05,4.459308807134891e-06,4.905219802413343e-06
1628,"(3.0, 7.0, 11.0, 12.0, 14.0)",7893600.0000000065,6,-10.89830339271282,7.0,9.0,1.8489576950910975e-05,8.867943650552339e-07,1.1401633972381977e-06
1629,"(3.0, 7.0, 11.0, 13.0, 13.0)",3946800.0000000033,1,-10.860050648751317,2.0,4.0,1.9210555800068456e-05,5.067396371744194e-07,1.013479017563779e-06
1630,"(3.0, 7.0, 11.0, 13.0, 14.0)",7893600.0000000065,9,-10.783417019400629,10.0,12.0,2.074060843263373e-05,1.2668490929360484e-06,1.5202173066166338e-06
1631,"(3.0, 7.0, 11.0, 14.0, 14.0)",3946800.0000000033,6,-10.706783390049944,7.0,9.0,2.2392524330519532e-05,1.7735887301104677e-06,2.2803252216679036e-06
1632,"(3.0, 7.0, 12.0, 13.0, 14.0)",6375600.000000003,2,-10.869128496478863,2.0,2.0,1.903695445520769e-05,3.136959658698788e-07,3.136958674647198e-07
1633,"(3.0, 7.0, 13.0, 13.0, 14.0)",3187800.0000000014,1,-10.754242123166671,1.0,1.0,2.1354626942175193e-05,3.136959658698788e-07,3.136958674647198e-07
1634,"(3.0, 7.0, 13.0, 14.0, 14.0)",3187800.0000000014,2,-10.677608493815988,2.0,2.0,2.305544723651596e-05,6.273919317397576e-07,6.273915381191216e-07
1635,"(3.0, 8.0, 8.0, 8.0, 9.0)",1196000.0000000002,24,-10.523164333147545,30.0,42.0,2.6905916988482452e-05,2.5083612040133774e-05,3.5116427668594305e-05
1636,"(3.0, 8.0, 8.0, 8.0, 12.0)",1196000.0000000002,1,-10.26445017813931,1.0,1.0,3.485025240616638e-05,8.361204013377925e-07,8.36119702240467e-07
1637,"(3.0, 8.0, 8.0, 8.0, 13.0)",1196000.0000000002,1,-10.14956380482712,1.0,1.0,3.909313019188004e-05,8.361204013377925e-07,8.36119702240467e-07
1638,"(3.0, 8.0, 8.0, 8.0, 14.0)",1196000.0000000002,37,-10.072930175476433,45.0,63.0,4.2206759354295455e-05,3.762541806020066e-05,5.267416961219672e-05
1639,"(3.0, 8.0, 8.0, 9.0, 9.0)",1794000.0000000002,36,-11.16802445228204,40.0,48.0,1.4118501574986607e-05,2.229654403567447e-05,2.6755355706933425e-05
1640,"(3.0, 8.0, 8.0, 9.0, 11.0)",3588000.0000000005,58,-10.82359882019557,75.0,119.0,1.992373506352044e-05,2.0903010033444815e-05,3.316567231723731e-05
1641,"(3.0, 8.0, 8.0, 9.0, 12.0)",3588000.0000000005,87,-10.909310297273803,102.0,134.0,1.8287179868122136e-05,2.8428093645484944e-05,3.734590310324642e-05
1642,"(3.0, 8.0, 8.0, 9.0, 13.0)",3588000.0000000005,74,-10.794423923961617,86.0,114.0,2.051357032066515e-05,2.3968784838350053e-05,3.177200074818949e-05
1643,"(3.0, 8.0, 8.0, 9.0, 14.0)",3588000.0000000005,1370,-10.717790294610928,1613.0,2179.0,2.2147403438202272e-05,0.0004495540691192865,0.0006071000193106215
1644,"(3.0, 8.0, 8.0, 11.0, 11.0)",1794000.0000000002,1,-10.4791731881091,2.0,4.0,2.811595952821439e-05,1.1148272017837234e-06,2.229653160727757e-06
1645,"(3.0, 8.0, 8.0, 11.0, 12.0)",3588000.0000000005,6,-10.564884665187336,8.0,12.0,2.580648695729278e-05,2.2296544035674467e-06,3.3444766339924107e-06
1646,"(3.0, 8.0, 8.0, 11.0, 13.0)",3588000.0000000005,3,-10.449998291875144,3.0,3.0,2.8948322745518954e-05,8.361204013377925e-07,8.36119702240467e-07
1647,"(3.0, 8.0, 8.0, 11.0, 14.0)",3588000.0000000005,80,-10.37336466252446,110.0,192.0,3.125395397691568e-05,3.065774804905239e-05,5.351076578810328e-05
1648,"(3.0, 8.0, 8.0, 12.0, 12.0)",1644500.0000000005,1,-10.650596142265574,4.0,16.0,2.368671673497805e-05,2.4323502584372142e-06,9.729395117421077e-06
1649,"(3.0, 8.0, 8.0, 12.0, 13.0)",3289000.000000001,4,-10.535709768953382,4.0,4.0,2.6570479041203116e-05,1.2161751292186071e-06,1.2161736501366622e-06
1650,"(3.0, 8.0, 8.0, 12.0, 14.0)",3289000.000000001,23,-10.459076139602695,28.0,38.0,2.8686723455399997e-05,8.51322590453025e-06,1.1553591252561467e-05
1651,"(3.0, 8.0, 8.0, 13.0, 13.0)",1644500.0000000005,3,-10.42082339564119,3.0,3.0,2.98053277867963e-05,1.8242626938279107e-06,1.8242593658935346e-06
1652,"(3.0, 8.0, 8.0, 13.0, 14.0)",3289000.000000001,68,-10.344189766290503,84.0,140.0,3.217921643006476e-05,2.553967771359075e-05,4.256547724751354e-05
1653,"(3.0, 8.0, 8.0, 14.0, 14.0)",1644500.0000000005,29,-10.26755613693982,36.0,52.0,3.474217688394863e-05,2.1891152325934927e-05,3.1620074137133626e-05
1654,"(3.0, 8.0, 9.0, 9.0, 9.0)",1196000.0000000002,16,-11.812884571416536,16.0,16.0,7.408485159908391e-06,1.337792642140468e-05,1.3377747452489343e-05
1655,"(3.0, 8.0, 9.0, 9.0, 11.0)",3588000.0000000005,68,-11.468458939330066,86.0,126.0,1.0454699796864076e-05,2.3968784838350053e-05,3.511648235354066e-05
1656,"(3.0, 8.0, 9.0, 9.0, 12.0)",3588000.0000000005,64,-11.5541704164083,72.0,90.0,9.595940472152165e-06,2.006688963210702e-05,2.508320936007427e-05
1657,"(3.0, 8.0, 9.0, 9.0, 13.0)",3588000.0000000005,88,-11.43928404309611,104.0,142.0,1.0764207553486737e-05,2.8985507246376807e-05,3.957552550369185e-05
1658,"(3.0, 8.0, 9.0, 9.0, 14.0)",3588000.0000000005,1057,-11.362650413745424,1252.0,1720.0,1.1621538506120202e-05,0.0003489409141583054,0.0004792539370054274
1659,"(3.0, 8.0, 9.0, 11.0, 11.0)",3588000.0000000005,41,-11.124033307243597,45.0,53.0,1.4753454381475922e-05,1.2541806020066889e-05,1.477130312673609e-05
1660,"(3.0, 8.0, 9.0, 11.0, 12.0)",7176000.000000001,99,-11.209744784321831,118.0,168.0,1.3541591126865344e-05,1.644370122630992e-05,2.341110084214817e-05
1661,"(3.0, 8.0, 9.0, 11.0, 13.0)",7176000.000000001,69,-11.09485841100964,93.0,151.0,1.5190225274640646e-05,1.2959866220735785e-05,2.104219547553532e-05
1662,"(3.0, 8.0, 9.0, 11.0, 14.0)",7176000.000000001,1545,-11.018224781658954,1842.0,2526.0,1.6400072840354495e-05,0.0002566889632107023,0.00035194079973937647
1663,"(3.0, 8.0, 9.0, 12.0, 12.0)",3289000.000000001,35,-11.29545626140007,39.0,49.0,1.2429271511995073e-05,1.1857707509881419e-05,1.4898004727700546e-05
1664,"(3.0, 8.0, 9.0, 12.0, 13.0)",6578000.000000002,103,-11.180569888087875,119.0,155.0,1.39424852292512e-05,1.809060504712678e-05,2.3563065858619544e-05
1665,"(3.0, 8.0, 9.0, 12.0, 14.0)",6578000.000000002,908,-11.10393625873719,1082.0,1530.0,1.5052954725893313e-05,0.0001644876862268166,0.00023256643726413836
1666,"(3.0, 8.0, 9.0, 13.0, 13.0)",3289000.000000001,68,-11.065683514775683,85.0,133.0,1.563992661840925e-05,2.58437214958954e-05,4.043715514857793e-05
1667,"(3.0, 8.0, 9.0, 13.0, 14.0)",6578000.000000002,1338,-10.989049885425,1575.0,2133.0,1.688559130113216e-05,0.00023943447856491327,0.00032420536495838544
1668,"(3.0, 8.0, 9.0, 14.0, 14.0)",3289000.000000001,1079,-10.912416256074314,1268.0,1718.0,1.8230468757651452e-05,0.0003855275159622985,0.0005221985865338278
1669,"(3.0, 8.0, 11.0, 11.0, 12.0)",3588000.0000000005,2,-10.865319152235362,2.0,2.0,1.910961106723822e-05,5.574136008918617e-07,5.574132901819393e-07
1670,"(3.0, 8.0, 11.0, 11.0, 13.0)",3588000.0000000005,1,-10.750432778923171,2.0,4.0,2.1436129203917967e-05,5.574136008918617e-07,1.1148268910738009e-06
1671,"(3.0, 8.0, 11.0, 11.0, 14.0)",3588000.0000000005,47,-10.673799149572485,54.0,70.0,2.314344086433054e-05,1.5050167224080266e-05,1.9509249523681684e-05
1672,"(3.0, 8.0, 11.0, 12.0, 13.0)",6578000.000000002,2,-10.836144256001408,4.0,10.0,1.9675344466214075e-05,6.080875646093036e-07,1.5202185417527727e-06
1673,"(3.0, 8.0, 11.0, 12.0, 14.0)",6578000.000000002,31,-10.75951062665072,40.0,62.0,2.124241586750337e-05,6.080875646093036e-06,9.425320274395582e-06
1674,"(3.0, 8.0, 11.0, 13.0, 13.0)",3289000.000000001,4,-10.721257882689216,4.0,4.0,2.2070738364342473e-05,1.2161751292186071e-06,1.2161736501366622e-06
1675,"(3.0, 8.0, 11.0, 13.0, 14.0)",6578000.000000002,68,-10.644624253338533,82.0,116.0,2.382859439352091e-05,1.2465795074490723e-05,1.7634383977622963e-05
1676,"(3.0, 8.0, 11.0, 14.0, 14.0)",3289000.000000001,47,-10.567990623987845,49.0,53.0,2.5726457420576426e-05,1.4898145332927937e-05,1.6114098507412183e-05
1677,"(3.0, 8.0, 12.0, 12.0, 14.0)",2762760.0000000005,3,-10.845222103728958,3.0,3.0,1.9497542933791848e-05,1.0858706510880423e-06,1.0858694719729715e-06
1678,"(3.0, 8.0, 12.0, 13.0, 14.0)",5525520.000000001,17,-10.730335730416764,22.0,34.0,2.187129021187897e-05,3.981525720656155e-06,6.153251170285175e-06
1679,"(3.0, 8.0, 12.0, 14.0, 14.0)",2762760.0000000005,9,-10.65370210106608,10.0,12.0,2.3613260903125855e-05,3.6195688369601407e-06,4.343469503073604e-06
1680,"(3.0, 8.0, 13.0, 13.0, 14.0)",2762760.0000000005,13,-10.615449357104572,16.0,24.0,2.4534031654992876e-05,5.791310139136225e-06,8.68693166943121e-06
1681,"(3.0, 8.0, 13.0, 14.0, 14.0)",2762760.0000000005,13,-10.538815727753889,16.0,24.0,2.6488080257846167e-05,5.791310139136225e-06,8.68693166943121e-06
1682,"(3.0, 8.0, 14.0, 14.0, 14.0)",920920.0,6,-10.462182098403204,7.0,9.0,2.8597761901204532e-05,7.6010945576162965e-06,9.772778083153908e-06
1683,"(3.0, 9.0, 9.0, 9.0, 9.0)",299000.00000000006,7,-12.457744690551031,11.0,19.0,3.88749840576725e-06,3.6789297658862866e-05,6.354379704925e-05
1684,"(3.0, 9.0, 9.0, 9.0, 11.0)",1196000.0000000002,12,-12.113319058464562,14.0,20.0,5.485956699086763e-06,1.1705685618729095e-05,1.6722271003680045e-05
1685,"(3.0, 9.0, 9.0, 9.0, 12.0)",1196000.0000000002,13,-12.199030535542796,14.0,16.0,5.03533481975555e-06,1.1705685618729095e-05,1.3377789398328876e-05
1686,"(3.0, 9.0, 9.0, 9.0, 13.0)",1196000.0000000002,10,-12.084144162230606,13.0,21.0,5.648366541918663e-06,1.0869565217391302e-05,1.7558410280645626e-05
1687,"(3.0, 9.0, 9.0, 9.0, 14.0)",1196000.0000000002,140,-12.00751053287992,171.0,255.0,6.0982389030882055e-06,0.00014297658862876252,0.00021319026003624117
1688,"(3.0, 9.0, 9.0, 11.0, 11.0)",1794000.0000000002,23,-11.768893426378092,30.0,46.0,7.741667716083636e-06,1.672240802675585e-05,2.5640746002095423e-05
1689,"(3.0, 9.0, 9.0, 11.0, 12.0)",3588000.0000000005,33,-11.854604903456329,39.0,57.0,7.105759515065537e-06,1.0869565217391303e-05,1.5886169477970042e-05
1690,"(3.0, 9.0, 9.0, 11.0, 13.0)",3588000.0000000005,34,-11.739718530144136,38.0,46.0,7.970857100176887e-06,1.0590858416945372e-05,1.282040065423081e-05
1691,"(3.0, 9.0, 9.0, 11.0, 14.0)",3588000.0000000005,417,-11.66308490079345,497.0,689.0,8.605707596792061e-06,0.00013851727982162762,0.00019200979847043716
1692,"(3.0, 9.0, 9.0, 12.0, 12.0)",1644500.0000000005,10,-11.940316380534563,14.0,22.0,6.522085439167798e-06,8.51322590453025e-06,1.3377853946389378e-05
1693,"(3.0, 9.0, 9.0, 12.0, 13.0)",3289000.000000001,20,-11.825430007222373,21.0,23.0,7.3161230577152975e-06,6.384919428397687e-06,6.992966225810884e-06
1694,"(3.0, 9.0, 9.0, 12.0, 14.0)",3289000.000000001,211,-11.748796377871686,254.0,354.0,7.898826310090154e-06,7.722712070538155e-05,0.00010762553490767428
1695,"(3.0, 9.0, 9.0, 13.0, 13.0)",1644500.0000000005,7,-11.71054363391018,7.0,7.0,8.206831556389923e-06,4.256612952265125e-06,4.2565948335113e-06
1696,"(3.0, 9.0, 9.0, 13.0, 14.0)",3289000.000000001,289,-11.633910004559494,324.0,406.0,8.860476581477077e-06,9.851018546670718e-05,0.00012343207135904794
1697,"(3.0, 9.0, 9.0, 14.0, 14.0)",1644500.0000000005,309,-11.55727637520881,355.0,475.0,9.566182114433234e-06,0.00021587108543630277,0.0002887949928638918
1698,"(3.0, 9.0, 11.0, 11.0, 11.0)",1196000.0000000002,9,-11.424467794291624,11.0,15.0,1.0924880073557366e-05,9.197324414715716e-06,1.2541721429290497e-05
1699,"(3.0, 9.0, 11.0, 11.0, 12.0)",3588000.0000000005,33,-11.510179271369855,38.0,48.0,1.0027499678441623e-05,1.0590858416945372e-05,1.3377814255122672e-05
1700,"(3.0, 9.0, 11.0, 11.0, 13.0)",3588000.0000000005,29,-11.395292898057669,32.0,38.0,1.1248307353980338e-05,8.918617614269787e-06,1.0590778875205223e-05
1701,"(3.0, 9.0, 11.0, 11.0, 14.0)",3588000.0000000005,281,-11.31865926870698,331.0,439.0,1.2144195138695012e-05,9.225195094760311e-05,0.00012234377497331
1702,"(3.0, 9.0, 11.0, 12.0, 12.0)",3289000.000000001,13,-11.595890748448095,14.0,16.0,9.203830991657244e-06,4.256612952265125e-06,4.864682398120603e-06
1703,"(3.0, 9.0, 11.0, 12.0, 13.0)",6578000.000000002,35,-11.481004375135903,40.0,52.0,1.0324360323922754e-05,6.080875646093036e-06,7.905101362872322e-06
1704,"(3.0, 9.0, 11.0, 12.0, 14.0)",6578000.000000002,336,-11.404370745785217,417.0,619.0,1.1146659004792459e-05,6.339312861051989e-05,9.40975319345347e-05
1705,"(3.0, 9.0, 11.0, 13.0, 13.0)",3289000.000000001,15,-11.366118001823711,17.0,21.0,1.158130958671562e-05,5.168744299179081e-06,6.384892712480057e-06
1706,"(3.0, 9.0, 11.0, 13.0, 14.0)",6578000.000000002,439,-11.289484372473025,504.0,654.0,1.250371981815953e-05,7.661903314077225e-05,9.941644633738171e-05
1707,"(3.0, 9.0, 11.0, 14.0, 14.0)",3289000.000000001,441,-11.21285074312234,504.0,638.0,1.3499596752889575e-05,0.0001532380662815445,0.00019395645120541012
1708,"(3.0, 9.0, 12.0, 12.0, 12.0)",920920.0,5,-11.68160222552633,6.0,8.0,8.447819260978098e-06,6.515223906528255e-06,8.686922760561786e-06
1709,"(3.0, 9.0, 12.0, 12.0, 13.0)",2762760.0000000005,9,-11.56671585221414,9.0,9.0,9.476307211722062e-06,3.2576119532641265e-06,3.2576013412284885e-06
1710,"(3.0, 9.0, 12.0, 12.0, 14.0)",2762760.0000000005,86,-11.490082222863451,101.0,133.0,1.0231061470119989e-05,3.6557645253297424e-05,4.813892907014341e-05
1711,"(3.0, 9.0, 12.0, 13.0, 13.0)",2762760.0000000005,8,-11.451829478901947,9.0,11.0,1.0630009425715215e-05,3.2576119532641265e-06,3.981515108620517e-06
1712,"(3.0, 9.0, 12.0, 13.0, 14.0)",5525520.000000001,217,-11.37519584955126,261.0,369.0,1.1476651973451983e-05,4.7235373322329834e-05,6.67788138614217e-05
1713,"(3.0, 9.0, 12.0, 14.0, 14.0)",2762760.0000000005,210,-11.298562220200576,240.0,304.0,1.2390726597203984e-05,8.686965208704338e-05,0.00011002734630713455
1714,"(3.0, 9.0, 13.0, 13.0, 13.0)",920920.0,3,-11.336943105589755,4.0,6.0,1.1924170234901045e-05,4.343482604352169e-06,6.51520504068712e-06
1715,"(3.0, 9.0, 13.0, 13.0, 14.0)",2762760.0000000005,108,-11.260309476239067,124.0,164.0,1.2873888100898542e-05,4.488265357830574e-05,5.9358914473554074e-05
1716,"(3.0, 9.0, 13.0, 14.0, 14.0)",2762760.0000000005,241,-11.183675846888384,279.0,355.0,1.389924762641831e-05,0.00010098597055118793,0.00012848449554583684
1717,"(3.0, 9.0, 14.0, 14.0, 14.0)",920920.0,144,-11.107042217537698,163.0,207.0,1.500627340135199e-05,0.0001769969161273509,0.0002247438968669062
1718,"(3.0, 11.0, 11.0, 11.0, 12.0)",1196000.0000000002,2,-11.16575363928339,2.0,2.0,1.4150598481127847e-05,1.672240802675585e-06,1.672238006286283e-06
1719,"(3.0, 11.0, 11.0, 11.0, 14.0)",1196000.0000000002,8,-10.974233636620513,9.0,11.0,1.713763498328479e-05,7.525083612040132e-06,9.197267787832348e-06
1720,"(3.0, 11.0, 11.0, 12.0, 13.0)",3289000.000000001,1,-11.136578743049434,1.0,1.0,1.456952203473152e-05,3.040437823046518e-07,3.040436898620302e-07
1721,"(3.0, 11.0, 11.0, 12.0, 14.0)",3289000.000000001,4,-11.059945113698747,4.0,4.0,1.5729932788926295e-05,1.2161751292186071e-06,1.2161736501366622e-06
1722,"(3.0, 11.0, 11.0, 13.0, 14.0)",3289000.000000001,11,-10.945058740386555,12.0,14.0,1.7644988715152426e-05,3.6485253876558214e-06,4.256599640527621e-06
1723,"(3.0, 11.0, 11.0, 14.0, 14.0)",1644500.0000000005,6,-10.86842511103587,6.0,6.0,1.9050349482231642e-05,3.6485253876558214e-06,3.648512075918317e-06
1724,"(3.0, 11.0, 12.0, 12.0, 14.0)",2762760.0000000005,3,-11.145656590776984,4.0,6.0,1.44378606374491e-05,1.4478275347840563e-06,2.1717392059715143e-06
1725,"(3.0, 11.0, 12.0, 13.0, 13.0)",2762760.0000000005,1,-11.107403846815478,1.0,1.0,1.5000847674649636e-05,3.619568836960141e-07,3.6195675268322844e-07
1726,"(3.0, 11.0, 12.0, 13.0, 14.0)",5525520.000000001,3,-11.030770217464791,3.0,3.0,1.6195611986217653e-05,5.429353255440211e-07,5.429350307652534e-07
1727,"(3.0, 11.0, 12.0, 14.0, 14.0)",2762760.0000000005,2,-10.954136588114109,3.0,5.0,1.7485535037555292e-05,1.0858706510880423e-06,1.8097832393649995e-06
1728,"(3.0, 11.0, 13.0, 14.0, 14.0)",2762760.0000000005,4,-10.839250214801917,5.0,7.0,1.961432846256462e-05,1.8097844184800704e-06,2.533694910552457e-06
1729,"(3.0, 11.0, 14.0, 14.0, 14.0)",920920.0,2,-10.76261658545123,2.0,2.0,2.1176540155577654e-05,2.1717413021760846e-06,2.1717365857158012e-06
1730,"(3.0, 12.0, 13.0, 14.0, 14.0)",2125200.0,1,-10.924961691880153,1.0,1.0,1.8003188229705677e-05,4.7054394880481837e-07,4.705437273932106e-07
1731,"(4.0, 4.0, 4.0, 4.0, 9.0)",712530.0000000001,1,-11.894866400687054,1.0,1.0,6.825353654769739e-06,1.403449679311748e-06,1.4034477096407456e-06
1732,"(4.0, 4.0, 4.0, 6.0, 9.0)",2850120.0000000005,4,-11.859339412204143,4.0,4.0,7.07219674878091e-06,1.403449679311748e-06,1.4034477096407456e-06
1733,"(4.0, 4.0, 4.0, 7.0, 9.0)",2850120.0000000005,3,-11.655358946180948,3.0,3.0,8.672452404770316e-06,1.052587259483811e-06,1.0525861515438722e-06
1734,"(4.0, 4.0, 4.0, 7.0, 13.0)",2521260.0,1,-11.28175841786052,1.0,1.0,1.2600697128728206e-05,3.9662708328375496e-07,3.9662692597071176e-07
1735,"(4.0, 4.0, 4.0, 8.0, 9.0)",2639000.000000001,12,-11.516566180118849,14.0,18.0,9.96365904219262e-06,5.305039787798407e-06,6.820737298007944e-06
1736,"(4.0, 4.0, 4.0, 8.0, 11.0)",2639000.000000001,1,-11.172140548032376,1.0,1.0,1.406050790627791e-05,3.789314134141719e-07,3.7893126982515585e-07
1737,"(4.0, 4.0, 4.0, 8.0, 14.0)",2427880.000000001,1,-11.066332022447735,2.0,4.0,1.5629787294077044e-05,8.237639422047215e-07,1.6475272058224106e-06
1738,"(4.0, 4.0, 4.0, 9.0, 9.0)",1319500.0000000005,5,-12.161426299253344,5.0,5.0,5.228289968338307e-06,3.789314134141719e-06,3.789299775240112e-06
1739,"(4.0, 4.0, 4.0, 9.0, 11.0)",2639000.000000001,12,-11.817000667166871,19.0,47.0,7.378053797790033e-06,7.199696854869266e-06,1.7809724594831278e-05
1740,"(4.0, 4.0, 4.0, 9.0, 12.0)",2427880.000000001,3,-11.90271214424511,3.0,3.0,6.772013201676592e-06,1.2356459133070823e-06,1.2356443864862593e-06
1741,"(4.0, 4.0, 4.0, 9.0, 13.0)",2427880.000000001,4,-11.787825770932916,6.0,10.0,7.596478518113448e-06,2.4712918266141647e-06,4.118813603740315e-06
1742,"(4.0, 4.0, 4.0, 9.0, 14.0)",2427880.000000001,93,-11.711192141582233,118.0,198.0,8.201511088530945e-06,4.860207259007857e-05,8.155026811680738e-05
1743,"(4.0, 4.0, 4.0, 11.0, 11.0)",1319500.0000000005,1,-11.472575035080403,1.0,1.0,1.0411755693111405e-05,7.578628268283438e-07,7.578622524722796e-07
1744,"(4.0, 4.0, 4.0, 11.0, 14.0)",2427880.000000001,1,-11.366766509495765,1.0,1.0,1.157380145340037e-05,4.1188197110236076e-07,4.1188180145560264e-07
1745,"(4.0, 4.0, 6.0, 6.0, 9.0)",4275180.000000001,7,-11.823812423721233,7.0,7.0,7.327967074426215e-06,1.6373579591970394e-06,1.6373552782559528e-06
1746,"(4.0, 4.0, 6.0, 6.0, 12.0)",3781890.0,1,-11.565098268713,1.0,1.0,9.491648334347803e-06,2.644180555225033e-07,2.6441798560559524e-07
1747,"(4.0, 4.0, 6.0, 6.0, 14.0)",3781890.0,2,-11.373578266050124,2.0,2.0,1.1495231439199918e-05,5.288361110450066e-07,5.288358313773742e-07
1748,"(4.0, 4.0, 6.0, 7.0, 9.0)",8550360.000000002,20,-11.619831957698036,27.0,43.0,8.98609695603283e-06,3.157761778451433e-06,5.0290180460743145e-06
1749,"(4.0, 4.0, 6.0, 8.0, 9.0)",7917000.000000003,32,-11.481039191635936,40.0,68.0,1.0324000872088658e-05,5.052418845522292e-06,8.589086510451706e-06
1750,"(4.0, 4.0, 6.0, 8.0, 12.0)",7283640.000000003,1,-11.222325036627703,2.0,4.0,1.3372301579157738e-05,2.745879807349072e-07,5.491758860712552e-07
1751,"(4.0, 4.0, 6.0, 8.0, 13.0)",7283640.000000003,1,-11.107438663315513,2.0,4.0,1.5000325406727868e-05,2.745879807349072e-07,5.491758860712552e-07
1752,"(4.0, 4.0, 6.0, 8.0, 14.0)",7283640.000000003,15,-11.030805033964826,16.0,18.0,1.6195048121508324e-05,2.1967038458792574e-06,2.471287001106378e-06
1753,"(4.0, 4.0, 6.0, 9.0, 9.0)",3958500.0000000014,12,-12.125899310770432,17.0,33.0,5.417374276265763e-06,4.2945560186939485e-06,8.336472651900384e-06
1754,"(4.0, 4.0, 6.0, 9.0, 11.0)",7917000.000000003,22,-11.781473678683962,27.0,37.0,7.64488563088553e-06,3.410382720727547e-06,4.673475801397818e-06
1755,"(4.0, 4.0, 6.0, 9.0, 12.0)",7283640.000000003,18,-11.867185155762195,23.0,35.0,7.016927205541921e-06,3.1577617784514323e-06,4.805279691401426e-06
1756,"(4.0, 4.0, 6.0, 9.0, 13.0)",7283640.000000003,10,-11.752298782450008,15.0,31.0,7.8712098149584e-06,2.0594098555118036e-06,4.256109460222108e-06
1757,"(4.0, 4.0, 6.0, 9.0, 14.0)",7283640.000000003,270,-11.67566515309932,342.0,528.0,8.498123758739653e-06,4.6954544705669125e-05,7.248902218474696e-05
1758,"(4.0, 4.0, 6.0, 11.0, 11.0)",3958500.0000000014,1,-11.437048046597493,3.0,9.0,1.0788303212752385e-05,7.578628268283438e-07,2.273587906128967e-06
1759,"(4.0, 4.0, 6.0, 11.0, 12.0)",7283640.000000003,1,-11.52275952367573,2.0,4.0,9.902141375322134e-06,2.745879807349072e-07,5.491758860712552e-07
1760,"(4.0, 4.0, 6.0, 11.0, 13.0)",7283640.000000003,1,-11.407873150363535,1.0,1.0,1.1107687182643688e-05,1.372939903674536e-07,1.372939715178138e-07
1761,"(4.0, 4.0, 6.0, 11.0, 14.0)",7283640.000000003,6,-11.331239521012852,6.0,6.0,1.1992375069469625e-05,8.237639422047215e-07,8.23763263617689e-07
1762,"(4.0, 4.0, 6.0, 12.0, 12.0)",3081540.000000001,1,-11.608471000753966,1.0,1.0,9.088769742860304e-06,3.2451306814125396e-07,3.2451296283252257e-07
1763,"(4.0, 4.0, 6.0, 14.0, 14.0)",3081540.000000001,1,-11.22543099542821,1.0,1.0,1.3330832195820835e-05,3.2451306814125396e-07,3.2451296283252257e-07
1764,"(4.0, 4.0, 7.0, 7.0, 9.0)",4275180.000000001,8,-11.41585149167484,10.0,14.0,1.1019418848786969e-05,2.3390827988529133e-06,3.274710447085739e-06
1765,"(4.0, 4.0, 7.0, 7.0, 11.0)",4275180.000000001,1,-11.07142585958837,1.0,1.0,1.5550374133623542e-05,2.3390827988529132e-07,2.3390822517220791e-07
1766,"(4.0, 4.0, 7.0, 8.0, 9.0)",7917000.000000003,41,-11.27705872561274,53.0,83.0,1.2660055902068902e-05,6.694454970317037e-06,1.0483724288731405e-05
1767,"(4.0, 4.0, 7.0, 8.0, 13.0)",7283640.000000003,1,-10.903458197292316,1.0,1.0,1.839451202603196e-05,1.372939903674536e-07,1.372939715178138e-07
1768,"(4.0, 4.0, 7.0, 8.0, 14.0)",7283640.000000003,9,-10.826824567941628,14.0,26.0,1.985956966637798e-05,1.92211586514435e-06,3.569640055024394e-06
1769,"(4.0, 4.0, 7.0, 9.0, 9.0)",3958500.0000000014,19,-11.921918844747236,21.0,25.0,6.643186302451297e-06,5.305039787798407e-06,6.315495413455715e-06
1770,"(4.0, 4.0, 7.0, 9.0, 11.0)",7917000.000000003,22,-11.577493212660766,23.0,25.0,9.374726005069924e-06,2.905140836175318e-06,3.157753338608155e-06
1771,"(4.0, 4.0, 7.0, 9.0, 12.0)",7283640.000000003,16,-11.663204689739,18.0,24.0,8.604676789894195e-06,2.4712918266141647e-06,3.295049661535594e-06
1772,"(4.0, 4.0, 7.0, 9.0, 13.0)",7283640.000000003,16,-11.54831831642681,19.0,25.0,9.652261512655865e-06,2.608585816981618e-06,3.432342954466375e-06
1773,"(4.0, 4.0, 7.0, 9.0, 14.0)",7283640.000000003,305,-11.471684687076124,357.0,479.0,1.0421029907040092e-05,4.9013954561180926e-05,6.576141901826854e-05
1774,"(4.0, 4.0, 7.0, 11.0, 13.0)",7283640.000000003,1,-11.20389268434034,1.0,1.0,1.3621070204976971e-05,1.372939903674536e-07,1.372939715178138e-07
1775,"(4.0, 4.0, 7.0, 11.0, 14.0)",7283640.000000003,6,-11.127259054989654,7.0,9.0,1.4705940134945718e-05,9.61057932572175e-07,1.2356449896747326e-06
1776,"(4.0, 4.0, 7.0, 13.0, 14.0)",6163080.000000002,1,-11.098084158755698,1.0,1.0,1.5141304385343368e-05,1.6225653407062698e-07,1.6225650774344413e-07
1777,"(4.0, 4.0, 8.0, 8.0, 9.0)",3393000.000000002,29,-11.13826595955064,40.0,74.0,1.4544960822607552e-05,1.1788977306218679e-05,2.180946903651863e-05
1778,"(4.0, 4.0, 8.0, 8.0, 11.0)",3393000.000000002,2,-10.79384032746417,2.0,2.0,2.052554546243992e-05,5.89448865310934e-07,5.894485178609691e-07
1779,"(4.0, 4.0, 8.0, 8.0, 13.0)",3251625.000000002,2,-10.764665431230217,3.0,5.0,2.113319710743898e-05,9.226156152692879e-07,1.5376918408959063e-06
1780,"(4.0, 4.0, 8.0, 8.0, 14.0)",3251625.000000002,22,-10.688031801879529,28.0,44.0,2.2816381300820968e-05,8.611079075846687e-06,1.3531621539933372e-05
1781,"(4.0, 4.0, 8.0, 9.0, 9.0)",3393000.000000002,31,-11.783126078685136,42.0,70.0,7.63226365301016e-06,1.2378426171529613e-05,2.0630557060448206e-05
1782,"(4.0, 4.0, 8.0, 9.0, 11.0)",6786000.000000004,41,-11.438700446598666,46.0,56.0,1.077049134073248e-05,6.7786619510757406e-06,8.252238164095228e-06
1783,"(4.0, 4.0, 8.0, 9.0, 12.0)",6503250.000000004,45,-11.5244119236769,54.0,74.0,9.885792587989998e-06,8.303540537423591e-06,1.1378856972869095e-05
1784,"(4.0, 4.0, 8.0, 9.0, 13.0)",6503250.000000004,47,-11.40952555036471,57.0,79.0,1.1089347996338585e-05,8.764848345058235e-06,1.2147695445145779e-05
1785,"(4.0, 4.0, 8.0, 9.0, 14.0)",6503250.000000004,811,-11.332891921014024,970.0,1336.0,1.1972575232021658e-05,0.00014915619113520153,0.00020541349609727415
1786,"(4.0, 4.0, 8.0, 11.0, 11.0)",3393000.000000002,1,-11.094274814512197,1.0,1.0,1.5199092824190062e-05,2.94724432655467e-07,2.947243457929758e-07
1787,"(4.0, 4.0, 8.0, 11.0, 12.0)",6503250.000000004,1,-11.179986291590431,1.0,1.0,1.3950624389558374e-05,1.53769269211548e-07,1.5376924556655984e-07
1788,"(4.0, 4.0, 8.0, 11.0, 14.0)",6503250.000000004,26,-10.988466288927556,29.0,35.0,1.6895448549120708e-05,4.459308807134892e-06,5.3819045369691425e-06
1789,"(4.0, 4.0, 8.0, 12.0, 14.0)",5722860.000000005,2,-11.074177766005793,2.0,2.0,1.5507639786682585e-05,3.4947561184442715e-07,3.494754897112239e-07
1790,"(4.0, 4.0, 8.0, 13.0, 14.0)",5722860.000000005,15,-10.9592913926936,26.0,62.0,1.739563243571499e-05,4.543182953977553e-06,1.0833723326665888e-05
1791,"(4.0, 4.0, 8.0, 14.0, 14.0)",2861430.0000000023,7,-10.882657763342914,7.0,7.0,1.878113285956572e-05,2.44632928291099e-06,2.4463232983840297e-06
1792,"(4.0, 4.0, 9.0, 9.0, 9.0)",1131000.0000000007,5,-12.427986197819632,5.0,5.0,4.004923023135166e-06,4.420866489832004e-06,4.420846945771483e-06
1793,"(4.0, 4.0, 9.0, 9.0, 11.0)",3393000.000000002,21,-12.083560565733162,26.0,38.0,5.651663870910047e-06,7.662835249042142e-06,1.1199469721863692e-05
1794,"(4.0, 4.0, 9.0, 9.0, 12.0)",3251625.000000002,20,-12.169272042811397,26.0,38.0,5.187430641493243e-06,7.996001999000496e-06,1.168640052402968e-05
1795,"(4.0, 4.0, 9.0, 9.0, 13.0)",3251625.000000002,14,-12.054385669499206,17.0,23.0,5.8189794170145265e-06,5.228155153192632e-06,7.073359050124901e-06
1796,"(4.0, 4.0, 9.0, 9.0, 14.0)",3251625.000000002,224,-11.97775204014852,271.0,385.0,6.282440488547621e-06,8.3342943912659e-05,0.00011839539124659192
1797,"(4.0, 4.0, 9.0, 11.0, 11.0)",3393000.000000002,17,-11.739134933646692,21.0,31.0,7.975510222102941e-06,6.189213085764806e-06,9.136419105960855e-06
1798,"(4.0, 4.0, 9.0, 11.0, 12.0)",6503250.000000004,25,-11.824846410724929,31.0,45.0,7.320393967629466e-06,4.766847345557987e-06,6.919594391686044e-06
1799,"(4.0, 4.0, 9.0, 11.0, 13.0)",6503250.000000004,32,-11.709960037412737,39.0,61.0,8.211622432374593e-06,5.997001499250371e-06,9.379889457877446e-06
1800,"(4.0, 4.0, 9.0, 11.0, 14.0)",6503250.000000004,283,-11.63332640806205,337.0,461.0,8.86564903374142e-06,5.182024372429167e-05,7.088494776886397e-05
1801,"(4.0, 4.0, 9.0, 12.0, 12.0)",2861430.0000000023,6,-11.910557887803163,6.0,6.0,6.719089606680501e-06,2.0968536710665628e-06,2.0968492742712447e-06
1802,"(4.0, 4.0, 9.0, 12.0, 13.0)",5722860.000000005,14,-11.795671514490971,17.0,23.0,7.537111688705953e-06,2.9705427006776307e-06,4.018960712086976e-06
1803,"(4.0, 4.0, 9.0, 12.0, 14.0)",5722860.000000005,172,-11.719037885140288,210.0,302.0,8.13741590172623e-06,3.669493924366485e-05,5.2769470869942405e-05
1804,"(4.0, 4.0, 9.0, 13.0, 13.0)",2861430.0000000023,7,-11.68078514117878,8.0,10.0,8.454724662630782e-06,2.795804894755417e-06,3.494748301919262e-06
1805,"(4.0, 4.0, 9.0, 13.0, 14.0)",5722860.000000005,223,-11.604151511828094,258.0,346.0,9.128113494390995e-06,4.5082353927931104e-05,6.045724843045021e-05
1806,"(4.0, 4.0, 9.0, 14.0, 14.0)",2861430.0000000023,206,-11.52751788247741,250.0,354.0,9.855135358193454e-06,8.736890296110679e-05,0.0001237067332677226
1807,"(4.0, 4.0, 11.0, 11.0, 14.0)",3251625.000000002,3,-11.288900775975582,4.0,6.0,1.251101907495359e-05,1.230154153692384e-06,1.845229717259334e-06
1808,"(4.0, 4.0, 11.0, 12.0, 14.0)",5722860.000000005,3,-11.374612253053815,3.0,3.0,1.1483351662113341e-05,5.242134177666407e-07,5.242131429669333e-07
1809,"(4.0, 4.0, 11.0, 13.0, 14.0)",5722860.000000005,6,-11.259725879741628,7.0,9.0,1.288140344965495e-05,1.223164641455495e-06,1.572638757168182e-06
1810,"(4.0, 4.0, 11.0, 14.0, 14.0)",2861430.0000000023,4,-11.18309225039094,6.0,10.0,1.3907361546047443e-05,2.0968536710665628e-06,3.4947517216489535e-06
1811,"(4.0, 4.0, 13.0, 14.0, 14.0)",2311155.000000001,2,-11.153917354156984,2.0,2.0,1.4319084154662998e-05,8.653681817100104e-07,8.653674328479206e-07
1812,"(4.0, 6.0, 6.0, 6.0, 9.0)",2850120.0000000005,4,-11.788285435238322,5.0,7.0,7.592987490503743e-06,1.754312099139685e-06,2.456033861184618e-06
1813,"(4.0, 6.0, 6.0, 6.0, 12.0)",2521260.0,1,-11.529571280230089,1.0,1.0,9.834919607987825e-06,3.9662708328375496e-07,3.9662692597071176e-07
1814,"(4.0, 6.0, 6.0, 7.0, 8.0)",8550360.000000002,1,-10.93944485008063,2.0,4.0,1.774432431494262e-05,2.3390827988529132e-07,4.6781650505749923e-07
1815,"(4.0, 6.0, 6.0, 7.0, 9.0)",8550360.000000002,20,-11.584304969215124,25.0,35.0,9.311084654532749e-06,2.9238534985661417e-06,4.0933863490733175e-06
1816,"(4.0, 6.0, 6.0, 8.0, 9.0)",7917000.000000003,36,-11.445512203153026,45.0,67.0,1.069737468489607e-05,5.683971201212578e-06,8.462769258721223e-06
1817,"(4.0, 6.0, 6.0, 8.0, 13.0)",7283640.000000003,1,-11.0719116748326,1.0,1.0,1.5542821359590867e-05,1.372939903674536e-07,1.372939715178138e-07
1818,"(4.0, 6.0, 6.0, 8.0, 14.0)",7283640.000000003,4,-10.995278045481914,6.0,10.0,1.678075195286649e-05,8.237639422047215e-07,1.3729392250875033e-06
1819,"(4.0, 6.0, 6.0, 9.0, 9.0)",3958500.0000000014,18,-12.09037232228752,23.0,35.0,5.613296933963585e-06,5.810281672350636e-06,8.8416992202909e-06
1820,"(4.0, 6.0, 6.0, 9.0, 11.0)",7917000.000000003,30,-11.745946690201052,40.0,68.0,7.921367600603038e-06,5.052418845522292e-06,8.589086510451706e-06
1821,"(4.0, 6.0, 6.0, 9.0, 12.0)",7283640.000000003,13,-11.831658167279286,15.0,19.0,7.270698674315061e-06,2.0594098555118036e-06,2.608581575812665e-06
1822,"(4.0, 6.0, 6.0, 9.0, 13.0)",7283640.000000003,19,-11.716771793967096,23.0,31.0,8.15587693736864e-06,3.1577617784514323e-06,4.256103729931612e-06
1823,"(4.0, 6.0, 6.0, 9.0, 14.0)",7283640.000000003,275,-11.64013816461641,329.0,467.0,8.805463607779006e-06,4.516972283089223e-05,6.41142531977402e-05
1824,"(4.0, 6.0, 6.0, 11.0, 13.0)",7283640.000000003,1,-11.372346161880628,1.0,1.0,1.15094034907145e-05,1.372939903674536e-07,1.372939715178138e-07
1825,"(4.0, 6.0, 6.0, 11.0, 14.0)",7283640.000000003,5,-11.29571253252994,6.0,8.0,1.242608665665189e-05,8.237639422047215e-07,1.0983512443525962e-06
1826,"(4.0, 6.0, 6.0, 12.0, 14.0)",6163080.000000002,1,-11.381424009608176,1.0,1.0,1.140539567619169e-05,1.6225653407062698e-07,1.6225650774344413e-07
1827,"(4.0, 6.0, 7.0, 7.0, 8.0)",8550360.000000002,1,-10.735464384057432,1.0,1.0,2.17594070898375e-05,1.1695413994264566e-07,1.1695412626437481e-07
1828,"(4.0, 6.0, 7.0, 7.0, 9.0)",8550360.000000002,29,-11.380324503191927,37.0,53.0,1.1417942878518215e-05,4.3273031778778896e-06,6.198550691407427e-06
1829,"(4.0, 6.0, 7.0, 7.0, 11.0)",8550360.000000002,1,-11.03589887110546,1.0,1.0,1.6112762935483277e-05,1.1695413994264566e-07,1.1695412626437481e-07
1830,"(4.0, 6.0, 7.0, 7.0, 13.0)",7563780.0,1,-11.006723974871504,1.0,1.0,1.6589775686308513e-05,1.3220902776125165e-07,1.3220901028202462e-07
1831,"(4.0, 6.0, 7.0, 8.0, 8.0)",7917000.000000003,1,-10.596671617995334,1.0,1.0,2.4999077894524478e-05,1.263104711380573e-07,1.263104551837222e-07
1832,"(4.0, 6.0, 7.0, 8.0, 9.0)",15834000.000000006,70,-11.24153173712983,82.0,108.0,1.311791457537548e-05,5.1787293166603495e-06,6.820738622217759e-06
1833,"(4.0, 6.0, 7.0, 8.0, 11.0)",15834000.000000006,3,-10.89710610504336,5.0,9.0,1.851172755108201e-05,3.1577617784514326e-07,5.683970204066633e-07
1834,"(4.0, 6.0, 7.0, 8.0, 12.0)",14567280.000000006,1,-10.982817582121594,1.0,1.0,1.699115604162686e-05,6.86469951837268e-08,6.864699047131684e-08
1835,"(4.0, 6.0, 7.0, 8.0, 14.0)",14567280.000000006,19,-10.791297579458718,25.0,41.0,2.05778031631512e-05,1.7161748795931698e-06,2.814523857276581e-06
1836,"(4.0, 6.0, 7.0, 9.0, 9.0)",7917000.000000003,44,-11.886391856264323,57.0,85.0,6.883441202626886e-06,7.199696854869266e-06,1.0736338211100068e-05
1837,"(4.0, 6.0, 7.0, 9.0, 11.0)",15834000.000000006,56,-11.541966224177855,64.0,82.0,9.713768711081399e-06,4.041935076417834e-06,5.178712979421188e-06
1838,"(4.0, 6.0, 7.0, 9.0, 12.0)",14567280.000000006,33,-11.62767770125609,35.0,39.0,8.915870194546461e-06,2.4026448314304378e-06,2.677227039463159e-06
1839,"(4.0, 6.0, 7.0, 9.0, 13.0)",14567280.000000006,28,-11.5127913279439,32.0,40.0,1.000134146023102e-05,2.1967038458792574e-06,2.745874981841285e-06
1840,"(4.0, 6.0, 7.0, 9.0, 14.0)",14567280.000000006,641,-11.436157698593211,773.0,1065.0,1.079791283430632e-05,5.306412727702081e-05,7.310623406906536e-05
1841,"(4.0, 6.0, 7.0, 11.0, 11.0)",7917000.000000003,1,-11.197540592091386,1.0,1.0,1.3707867881020782e-05,1.263104711380573e-07,1.263104551837222e-07
1842,"(4.0, 6.0, 7.0, 11.0, 12.0)",14567280.000000006,1,-11.28325206916962,1.0,1.0,1.2581890130011951e-05,6.86469951837268e-08,6.864699047131684e-08
1843,"(4.0, 6.0, 7.0, 11.0, 13.0)",14567280.000000006,2,-11.16836569585743,2.0,2.0,1.4113684548966347e-05,1.372939903674536e-07,1.372939715178138e-07
1844,"(4.0, 6.0, 7.0, 11.0, 14.0)",14567280.000000006,11,-11.091732066506744,12.0,14.0,1.5237789464205936e-05,8.237639422047215e-07,9.610572539851426e-07
1845,"(4.0, 6.0, 7.0, 12.0, 14.0)",12326160.000000004,2,-11.17744354358498,3.0,5.0,1.398614244950073e-05,2.4338480110594047e-07,4.0564127594040604e-07
1846,"(4.0, 6.0, 7.0, 13.0, 14.0)",12326160.000000004,1,-11.062557170272788,1.0,1.0,1.5688898929287794e-05,8.112826703531349e-08,8.112826045351779e-08
1847,"(4.0, 6.0, 7.0, 14.0, 14.0)",6163080.000000002,2,-10.985923540922103,3.0,5.0,1.6938464082874898e-05,4.867696022118809e-07,8.112824334084892e-07
1848,"(4.0, 6.0, 8.0, 8.0, 8.0)",2262000.0000000014,1,-10.457878851933234,1.0,1.0,2.8721090285055682e-05,4.4208664898320046e-07,4.4208645354259523e-07
1849,"(4.0, 6.0, 8.0, 8.0, 9.0)",6786000.000000004,58,-11.10273897106773,67.0,87.0,1.5070988236471257e-05,9.873268493958144e-06,1.2820415339082059e-05
1850,"(4.0, 6.0, 8.0, 8.0, 11.0)",6786000.000000004,3,-10.75831333898126,3.0,3.0,2.1267864381647122e-05,4.4208664898320046e-07,4.4208645354259523e-07
1851,"(4.0, 6.0, 8.0, 8.0, 12.0)",6503250.000000004,3,-10.844024816059497,3.0,3.0,1.952090108195233e-05,4.6130780763464397e-07,4.6130759482975056e-07
1852,"(4.0, 6.0, 8.0, 8.0, 13.0)",6503250.000000004,4,-10.729138442747304,4.0,4.0,2.1897492120445808e-05,6.15077076846192e-07,6.150766985263815e-07
1853,"(4.0, 6.0, 8.0, 8.0, 14.0)",6503250.000000004,51,-10.652504813396618,65.0,97.0,2.3641549700775952e-05,9.995002498750618e-06,1.4915519213445203e-05
1854,"(4.0, 6.0, 8.0, 9.0, 9.0)",6786000.000000004,51,-11.747599090202224,57.0,69.0,7.908289141169525e-06,8.39964633068081e-06,1.016792237255513e-05
1855,"(4.0, 6.0, 8.0, 9.0, 11.0)",13572000.000000007,80,-11.403173458115756,95.0,133.0,1.1160012754719434e-05,6.999705275567341e-06,9.799538389920334e-06
1856,"(4.0, 6.0, 8.0, 9.0, 12.0)",13006500.000000007,95,-11.48888493519399,112.0,150.0,1.0243318329893016e-05,8.611079075846687e-06,1.1532621040183248e-05
1857,"(4.0, 6.0, 8.0, 9.0, 13.0)",13006500.000000007,121,-11.3739985618818,141.0,187.0,1.1490401056507837e-05,1.0840733479414132e-05,1.4377309149777365e-05
1858,"(4.0, 6.0, 8.0, 9.0, 14.0)",13006500.000000007,1821,-11.297364932531114,2242.0,3312.0,1.240557074595938e-05,0.00017237535078614528,0.00025461219655276477
1859,"(4.0, 6.0, 8.0, 11.0, 13.0)",13006500.000000007,3,-11.02957292979533,5.0,11.0,1.6215014405569073e-05,3.8442317302886997e-07,8.45730832882338e-07
1860,"(4.0, 6.0, 8.0, 11.0, 14.0)",13006500.000000007,88,-10.952939300444644,106.0,154.0,1.7506482790790695e-05,8.149771268212043e-06,1.1840167310517471e-05
1861,"(4.0, 6.0, 8.0, 12.0, 14.0)",11445720.00000001,9,-11.03865077752288,10.0,12.0,1.606848307471947e-05,8.736890296110679e-07,1.048426072200761e-06
1862,"(4.0, 6.0, 8.0, 13.0, 13.0)",5722860.000000005,1,-11.000398033561376,1.0,1.0,1.6695054275654763e-05,1.7473780592221357e-07,1.7473777538891276e-07
1863,"(4.0, 6.0, 8.0, 13.0, 14.0)",11445720.00000001,34,-10.923764404210688,45.0,69.0,1.8024756133900564e-05,3.931600633249805e-06,6.028438846832829e-06
1864,"(4.0, 6.0, 8.0, 14.0, 14.0)",5722860.000000005,12,-10.847130774860004,17.0,29.0,1.946036402890598e-05,2.9705427006776307e-06,5.067387547620257e-06
1865,"(4.0, 6.0, 9.0, 9.0, 9.0)",2262000.0000000014,13,-12.39245920933672,13.0,13.0,4.149763516435679e-06,5.747126436781606e-06,5.747093407319325e-06
1866,"(4.0, 6.0, 9.0, 9.0, 11.0)",6786000.000000004,48,-12.048033577250251,54.0,66.0,5.8560597552510245e-06,7.957559681697609e-06,9.725842954874322e-06
1867,"(4.0, 6.0, 9.0, 9.0, 12.0)",6503250.000000004,32,-12.133745054328486,41.0,63.0,5.375037246847634e-06,6.304540037673467e-06,9.687424213102436e-06
1868,"(4.0, 6.0, 9.0, 9.0, 13.0)",6503250.000000004,32,-12.018858681016296,42.0,64.0,6.029426370525779e-06,6.458309306885015e-06,9.841191519779968e-06
1869,"(4.0, 6.0, 9.0, 9.0, 14.0)",6503250.000000004,487,-11.94222505166561,580.0,798.0,6.509648795482811e-06,8.918617614269784e-05,0.00012269992265680034
1870,"(4.0, 6.0, 9.0, 11.0, 11.0)",6786000.000000004,34,-11.703607945163782,40.0,52.0,8.263949432599504e-06,5.8944886531093395e-06,7.66280050404566e-06
1871,"(4.0, 6.0, 9.0, 11.0, 12.0)",13006500.000000007,43,-11.789319422242016,47.0,57.0,7.5851404976627765e-06,3.6135778264713775e-06,4.38241111458441e-06
1872,"(4.0, 6.0, 9.0, 11.0, 13.0)",13006500.000000007,39,-11.674433048929826,47.0,65.0,8.508600785524452e-06,3.6135778264713775e-06,4.997488191430601e-06
1873,"(4.0, 6.0, 9.0, 11.0, 14.0)",13006500.000000007,640,-11.59779941957914,764.0,1056.0,9.186280659382758e-06,5.873986083881133e-05,8.118672377244597e-05
1874,"(4.0, 6.0, 9.0, 12.0, 12.0)",5722860.000000005,16,-11.875030899320254,19.0,27.0,6.962089596328244e-06,3.320018312522058e-06,4.717909737378171e-06
1875,"(4.0, 6.0, 9.0, 12.0, 13.0)",11445720.00000001,29,-11.760144526008062,37.0,55.0,7.809695947815762e-06,3.232649409560951e-06,4.805279212838668e-06
1876,"(4.0, 6.0, 9.0, 12.0, 14.0)",11445720.00000001,340,-11.683510896657376,388.0,504.0,8.43171053025939e-06,3.3899134348909434e-05,4.403277794108822e-05
1877,"(4.0, 6.0, 9.0, 13.0, 13.0)",5722860.000000005,14,-11.64525815269587,16.0,20.0,8.760494956786585e-06,2.795804894755417e-06,3.494748301919262e-06
1878,"(4.0, 6.0, 9.0, 13.0, 14.0)",11445720.00000001,442,-11.568624523345184,510.0,668.0,9.458237307955731e-06,4.455814051016446e-05,5.836044175013361e-05
1879,"(4.0, 6.0, 9.0, 14.0, 14.0)",5722860.000000005,399,-11.4919908939945,469.0,631.0,1.0211552362609823e-05,8.195203097751816e-05,0.00011025283940153542
1880,"(4.0, 6.0, 11.0, 11.0, 14.0)",6503250.000000004,9,-11.25337378749267,10.0,12.0,1.2963487740154008e-05,1.5376926921154799e-06,1.8452288660397604e-06
1881,"(4.0, 6.0, 11.0, 12.0, 14.0)",11445720.00000001,6,-11.339085264570906,8.0,14.0,1.1898654106099278e-05,6.989512236888543e-07,1.223164152922682e-06
1882,"(4.0, 6.0, 11.0, 13.0, 13.0)",5722860.000000005,1,-11.3008325206094,1.0,1.0,1.2362627833930631e-05,1.7473780592221357e-07,1.7473777538891276e-07
1883,"(4.0, 6.0, 11.0, 13.0, 14.0)",11445720.00000001,8,-11.224198891258714,12.0,22.0,1.334726729254861e-05,1.0484268355332814e-06,1.92211476594552e-06
1884,"(4.0, 6.0, 11.0, 14.0, 14.0)",5722860.000000005,5,-11.14756526190803,5.0,5.0,1.4410329791679565e-05,8.736890296110679e-07,8.736882662785474e-07
1885,"(4.0, 6.0, 12.0, 12.0, 13.0)",4622310.000000002,1,-11.50143037099983,2.0,4.0,1.0115614164471728e-05,4.326840908550052e-07,8.653679944944879e-07
1886,"(4.0, 6.0, 12.0, 12.0, 14.0)",4622310.000000002,1,-11.424796741649144,1.0,1.0,1.0921286954131915e-05,2.163420454275026e-07,2.1634199862362198e-07
1887,"(4.0, 6.0, 12.0, 13.0, 14.0)",9244620.000000004,1,-11.30991036833695,1.0,1.0,1.2250909628568938e-05,1.081710227137513e-07,1.0817101101278115e-07
1888,"(4.0, 6.0, 13.0, 14.0, 14.0)",4622310.000000002,1,-11.118390365674074,1.0,1.0,1.4836942600528774e-05,2.163420454275026e-07,2.1634199862362198e-07
1889,"(4.0, 7.0, 7.0, 7.0, 9.0)",2850120.0000000005,9,-11.17634403716873,11.0,15.0,1.4001528759986024e-05,3.859486618107307e-06,5.2629214017820995e-06
1890,"(4.0, 7.0, 7.0, 7.0, 14.0)",2521260.0,1,-10.72610987949762,1.0,1.0,2.19639105858368e-05,3.9662708328375496e-07,3.9662692597071176e-07
1891,"(4.0, 7.0, 7.0, 8.0, 8.0)",3958500.0000000014,2,-10.392691151972135,2.0,2.0,3.065572422610868e-05,5.052418845522292e-07,5.052416292828673e-07
1892,"(4.0, 7.0, 7.0, 8.0, 9.0)",7917000.000000003,43,-11.037551271106633,52.0,72.0,1.608616019123016e-05,6.568144499178979e-06,9.094310781417963e-06
1893,"(4.0, 7.0, 7.0, 8.0, 11.0)",7917000.000000003,3,-10.69312563902016,5.0,9.0,2.270045387870591e-05,6.315523556902865e-07,1.1367938413841376e-06
1894,"(4.0, 7.0, 7.0, 8.0, 12.0)",7283640.000000003,1,-10.778837116098398,1.0,1.0,2.0835816268606428e-05,1.372939903674536e-07,1.372939715178138e-07
1895,"(4.0, 7.0, 7.0, 8.0, 13.0)",7283640.000000003,1,-10.663950742786206,1.0,1.0,2.3372492932034006e-05,1.372939903674536e-07,1.372939715178138e-07
1896,"(4.0, 7.0, 7.0, 8.0, 14.0)",7283640.000000003,17,-10.58731711343552,21.0,29.0,2.5234029095404338e-05,2.8831737977165254e-06,3.981517407965006e-06
1897,"(4.0, 7.0, 7.0, 9.0, 9.0)",3958500.0000000014,21,-11.682411390241128,24.0,32.0,8.44098634856375e-06,6.0629026146267506e-06,8.083833394047553e-06
1898,"(4.0, 7.0, 7.0, 9.0, 11.0)",7917000.000000003,37,-11.337985758154655,47.0,71.0,1.1911743947497283e-05,5.936592143488693e-06,8.96800820767579e-06
1899,"(4.0, 7.0, 7.0, 9.0, 12.0)",7283640.000000003,23,-11.423697235232892,24.0,26.0,1.0933301583082145e-05,3.295055768818886e-06,3.5696328921612734e-06
1900,"(4.0, 7.0, 7.0, 9.0, 13.0)",7283640.000000003,21,-11.3088108619207,25.0,33.0,1.2264386990175495e-05,3.4323497591863395e-06,4.530689901101099e-06
1901,"(4.0, 7.0, 7.0, 9.0, 14.0)",7283640.000000003,394,-11.232177232570017,492.0,724.0,1.3241201914033611e-05,6.754864326078716e-05,9.939628620683003e-05
1902,"(4.0, 7.0, 7.0, 11.0, 11.0)",3958500.0000000014,2,-10.99356012606819,2.0,2.0,1.6809604708681933e-05,5.052418845522292e-07,5.052416292828673e-07
1903,"(4.0, 7.0, 7.0, 11.0, 13.0)",7283640.000000003,1,-10.964385229834232,1.0,1.0,1.730724721819318e-05,1.372939903674536e-07,1.372939715178138e-07
1904,"(4.0, 7.0, 7.0, 11.0, 14.0)",7283640.000000003,9,-10.887751600483549,9.0,9.0,1.8685708072957114e-05,1.2356459133070823e-06,1.2356443864862593e-06
1905,"(4.0, 7.0, 7.0, 12.0, 14.0)",6163080.000000002,1,-10.973463077561783,1.0,1.0,1.715084563230533e-05,1.6225653407062698e-07,1.6225650774344413e-07
1906,"(4.0, 7.0, 7.0, 13.0, 13.0)",3081540.000000001,1,-10.935210333600278,3.0,9.0,1.781962226136976e-05,9.735392044237619e-07,2.920616665492703e-06
1907,"(4.0, 7.0, 7.0, 14.0, 14.0)",3081540.000000001,1,-10.781943074898903,1.0,1.0,2.077120147908311e-05,3.2451306814125396e-07,3.2451296283252257e-07
1908,"(4.0, 7.0, 8.0, 8.0, 9.0)",6786000.000000004,60,-10.898758505044531,70.0,90.0,1.8481164030989514e-05,1.0315355142941345e-05,1.3262493062944289e-05
1909,"(4.0, 7.0, 8.0, 8.0, 11.0)",6786000.000000004,1,-10.554332872958062,1.0,1.0,2.608023336352164e-05,1.473622163277335e-07,1.473621946121107e-07
1910,"(4.0, 7.0, 8.0, 8.0, 13.0)",6503250.000000004,8,-10.525157976724106,8.0,8.0,2.685232961471771e-05,1.230154153692384e-06,1.230152640413142e-06
1911,"(4.0, 7.0, 8.0, 8.0, 14.0)",6503250.000000004,73,-10.448524347373422,87.0,119.0,2.8991022427413995e-05,1.3377926421404675e-05,1.8298364067258874e-05
1912,"(4.0, 7.0, 8.0, 9.0, 9.0)",6786000.000000004,70,-11.543618624179029,89.0,139.0,9.697730933712643e-06,1.311523725316828e-05,2.048317606010675e-05
1913,"(4.0, 7.0, 8.0, 9.0, 11.0)",13572000.000000007,99,-11.199192992092556,122.0,184.0,1.3685235703972459e-05,8.989095195991743e-06,1.3557243098319038e-05
1914,"(4.0, 7.0, 8.0, 9.0, 12.0)",13006500.000000007,112,-11.284904469170794,133.0,181.0,1.2561116982247677e-05,1.0225656402567942e-05,1.391601429959623e-05
1915,"(4.0, 7.0, 8.0, 9.0, 13.0)",13006500.000000007,118,-11.170018095858602,135.0,177.0,1.4090382354176522e-05,1.0379425671779489e-05,1.360847259274472e-05
1916,"(4.0, 7.0, 8.0, 9.0, 14.0)",13006500.000000007,2231,-11.093384466507915,2653.0,3635.0,1.521263133225043e-05,0.00020397493560911841,0.00027943404101763174
1917,"(4.0, 7.0, 8.0, 11.0, 11.0)",6786000.000000004,4,-10.85476736000609,5.0,7.0,1.9312319299580883e-05,7.368110816386674e-07,1.0315349714035643e-06
1918,"(4.0, 7.0, 8.0, 11.0, 12.0)",13006500.000000007,7,-10.940478837084324,9.0,13.0,1.772598639643014e-05,6.919617114519659e-07,9.994997710640518e-07
1919,"(4.0, 7.0, 8.0, 11.0, 13.0)",13006500.000000007,3,-10.825592463772134,3.0,3.0,1.988405380537575e-05,2.3065390381732198e-07,2.3065385061609863e-07
1920,"(4.0, 7.0, 8.0, 11.0, 14.0)",13006500.000000007,108,-10.748958834421448,127.0,169.0,2.1467748165269056e-05,9.764348594933296e-06,1.2993407905872322e-05
1921,"(4.0, 7.0, 8.0, 12.0, 13.0)",11445720.00000001,1,-10.911303940850368,1.0,1.0,1.8250758067552494e-05,8.736890296110679e-08,8.736889532778158e-08
1922,"(4.0, 7.0, 8.0, 12.0, 14.0)",11445720.00000001,15,-10.834670311499684,19.0,27.0,1.9704366214978908e-05,1.660009156261029e-06,2.3589576243194845e-06
1923,"(4.0, 7.0, 8.0, 13.0, 13.0)",5722860.000000005,1,-10.796417567538178,2.0,4.0,2.047271431265422e-05,3.4947561184442715e-07,6.98951101555651e-07
1924,"(4.0, 7.0, 8.0, 13.0, 14.0)",11445720.00000001,47,-10.719783938187492,56.0,76.0,2.2103293394063257e-05,4.89265856582198e-06,6.640012686936274e-06
1925,"(4.0, 7.0, 8.0, 14.0, 14.0)",5722860.000000005,13,-10.643150308836804,16.0,22.0,2.386374231589136e-05,2.795804894755417e-06,3.844223913763689e-06
1926,"(4.0, 7.0, 9.0, 9.0, 9.0)",2262000.0000000014,21,-12.188478743313524,24.0,32.0,5.088747933030054e-06,1.061007957559681e-05,1.4146660193673814e-05
1927,"(4.0, 7.0, 9.0, 9.0, 11.0)",6786000.000000004,70,-11.844053111227051,88.0,126.0,7.181134986899244e-06,1.2967875036840548e-05,1.8567471091511446e-05
1928,"(4.0, 7.0, 9.0, 9.0, 12.0)",6503250.000000004,28,-11.92976458830529,35.0,51.0,6.5912694956046315e-06,5.3819244224041795e-06,7.842203764678459e-06
1929,"(4.0, 7.0, 9.0, 9.0, 13.0)",6503250.000000004,35,-11.814878214993096,38.0,44.0,7.393729994215128e-06,5.843232230038823e-06,6.765813701945217e-06
1930,"(4.0, 7.0, 9.0, 9.0, 14.0)",6503250.000000004,614,-11.738244585642413,720.0,966.0,7.982614363822203e-06,0.00011071387383231455,0.00014852885649649638
1931,"(4.0, 7.0, 9.0, 11.0, 11.0)",6786000.000000004,49,-11.499627479140583,56.0,70.0,1.0133867972776944e-05,8.252284114353075e-06,1.031528704274824e-05
1932,"(4.0, 7.0, 9.0, 11.0, 12.0)",13006500.000000007,51,-11.58533895621882,63.0,93.0,9.301462089670465e-06,4.843731980163761e-06,7.150247556597486e-06
1933,"(4.0, 7.0, 9.0, 11.0, 13.0)",13006500.000000007,57,-11.47045258290663,71.0,103.0,1.043387761467073e-05,5.458809057009954e-06,7.9190875657984e-06
1934,"(4.0, 7.0, 9.0, 11.0, 14.0)",13006500.000000007,814,-11.393818953555945,969.0,1353.0,1.126489895930737e-05,7.4501210932995e-05,0.00010401936019118173
1935,"(4.0, 7.0, 9.0, 12.0, 12.0)",5722860.000000005,23,-11.671050433297056,26.0,32.0,8.537430844569106e-06,4.543182953977553e-06,5.591589148999481e-06
1936,"(4.0, 7.0, 9.0, 12.0, 13.0)",11445720.00000001,31,-11.556164059984864,41.0,61.0,9.576828644485187e-06,3.582125021405378e-06,5.329490249007845e-06
1937,"(4.0, 7.0, 9.0, 12.0, 14.0)",11445720.00000001,423,-11.47953043063418,495.0,671.0,1.0339589078468477e-05,4.324760696574786e-05,5.8622663531394396e-05
1938,"(4.0, 7.0, 9.0, 13.0, 13.0)",5722860.000000005,11,-11.441277686672674,12.0,14.0,1.0742768937820992e-05,2.0968536710665628e-06,2.446324886115672e-06
1939,"(4.0, 7.0, 9.0, 13.0, 14.0)",11445720.00000001,536,-11.364644057321987,645.0,909.0,1.159839238075618e-05,5.635294240991388e-05,7.941515713752781e-05
1940,"(4.0, 7.0, 9.0, 14.0, 14.0)",5722860.000000005,523,-11.2880104279713,602.0,784.0,1.2522163196155379e-05,0.00010519215916517257,0.00013698337445266562
1941,"(4.0, 7.0, 11.0, 11.0, 12.0)",6503250.000000004,1,-11.24091332413235,1.0,1.0,1.3126029373138302e-05,1.53769269211548e-07,1.5376924556655984e-07
1942,"(4.0, 7.0, 11.0, 11.0, 13.0)",6503250.000000004,1,-11.12602695082016,1.0,1.0,1.4724070552089978e-05,1.53769269211548e-07,1.5376924556655984e-07
1943,"(4.0, 7.0, 11.0, 11.0, 14.0)",6503250.000000004,14,-11.049393321469474,17.0,23.0,1.5896790547532342e-05,2.614077576596316e-06,3.5366863584640273e-06
1944,"(4.0, 7.0, 11.0, 12.0, 14.0)",11445720.00000001,6,-11.13510479854771,8.0,12.0,1.4591012535639484e-05,6.989512236888543e-07,1.0484263470004684e-06
1945,"(4.0, 7.0, 11.0, 13.0, 14.0)",11445720.00000001,4,-11.020218425235518,5.0,7.0,1.636740951081839e-05,4.3684451480553395e-07,6.115821298946174e-07
1946,"(4.0, 7.0, 11.0, 14.0, 14.0)",5722860.000000005,7,-10.943584795884831,9.0,13.0,1.7671015625650934e-05,1.572640253299922e-06,2.2715890037914104e-06
1947,"(4.0, 7.0, 12.0, 12.0, 13.0)",4622310.000000002,1,-11.29744990497663,2.0,4.0,1.2404516659059865e-05,4.326840908550052e-07,8.653679944944879e-07
1948,"(4.0, 7.0, 12.0, 13.0, 14.0)",9244620.000000004,2,-11.105929902313754,2.0,2.0,1.5022974394373438e-05,2.163420454275026e-07,2.1634199862362198e-07
1949,"(4.0, 7.0, 13.0, 14.0, 14.0)",4622310.000000002,1,-10.914409899650876,1.0,1.0,1.8194159906195434e-05,2.163420454275026e-07,2.1634199862362198e-07
1950,"(4.0, 8.0, 8.0, 8.0, 9.0)",1794000.000000001,22,-10.759965738982432,25.0,31.0,2.123275038169443e-05,1.3935340022296536e-05,1.7279627433946167e-05
1951,"(4.0, 8.0, 8.0, 8.0, 12.0)",1794000.000000001,2,-10.5012515839742,3.0,5.0,2.750200672944652e-05,1.6722408026755844e-06,2.787065208070005e-06
1952,"(4.0, 8.0, 8.0, 8.0, 14.0)",1794000.000000001,44,-10.309731581311322,50.0,62.0,3.3307379420430815e-05,2.7870680044593072e-05,3.4558866480489264e-05
1953,"(4.0, 8.0, 8.0, 9.0, 9.0)",2691000.0000000014,35,-11.404825858116928,41.0,55.0,1.1141587177035225e-05,1.523597175771088e-05,2.043826656453285e-05
1954,"(4.0, 8.0, 8.0, 9.0, 11.0)",5382000.000000003,70,-11.060400226030458,87.0,129.0,1.572277553133871e-05,1.6164994425863984e-05,2.3968523531305254e-05
1955,"(4.0, 8.0, 8.0, 9.0, 12.0)",5382000.000000003,74,-11.146111703108694,93.0,139.0,1.4431291284039741e-05,1.7279821627647705e-05,2.5826531582420765e-05
1956,"(4.0, 8.0, 8.0, 9.0, 13.0)",5382000.000000003,99,-11.031225329796502,117.0,159.0,1.6188242840504865e-05,2.1739130434782597e-05,2.9542448257476598e-05
1957,"(4.0, 8.0, 8.0, 9.0, 14.0)",5382000.000000003,1570,-10.954591700445818,1890.0,2652.0,1.7477578965523746e-05,0.00035117056856187275,0.0004926303024201815
1958,"(4.0, 8.0, 8.0, 11.0, 11.0)",2691000.0000000014,5,-10.71597459394399,7.0,11.0,2.2187653022937096e-05,2.601263470828687e-06,4.087692973302006e-06
1959,"(4.0, 8.0, 8.0, 11.0, 12.0)",5382000.000000003,4,-10.801686071022225,5.0,7.0,2.036513737952905e-05,9.290226681531025e-07,1.3006308723312255e-06
1960,"(4.0, 8.0, 8.0, 11.0, 13.0)",5382000.000000003,2,-10.686799697710033,2.0,2.0,2.2844510785023337e-05,3.71609067261241e-07,3.7160892916794213e-07
1961,"(4.0, 8.0, 8.0, 11.0, 14.0)",5382000.000000003,107,-10.610166068359348,134.0,202.0,2.4663995043056337e-05,2.4897807506503144e-05,3.7531895892566706e-05
1962,"(4.0, 8.0, 8.0, 12.0, 13.0)",4933500.000000004,3,-10.772511174788267,4.0,6.0,2.0968040198942512e-05,8.107834194790711e-07,1.2161744718488532e-06
1963,"(4.0, 8.0, 8.0, 12.0, 14.0)",4933500.000000004,33,-10.695877545437584,39.0,51.0,2.263807023034899e-05,7.905138339920943e-06,1.0337426107145983e-05
1964,"(4.0, 8.0, 8.0, 13.0, 14.0)",4933500.000000004,67,-10.580991172125392,79.0,109.0,2.5394164050627318e-05,1.6012972534711653e-05,2.2093591765515286e-05
1965,"(4.0, 8.0, 8.0, 14.0, 14.0)",2466750.000000002,33,-10.504357542774706,38.0,48.0,2.7416719148034623e-05,1.540488497010235e-05,1.9458564757016762e-05
1966,"(4.0, 8.0, 9.0, 9.0, 9.0)",1794000.000000001,27,-12.049685977251425,35.0,57.0,5.846391192471092e-06,1.950947603121515e-05,3.1772194631181086e-05
1967,"(4.0, 8.0, 9.0, 9.0, 11.0)",5382000.000000003,64,-11.705260345164954,75.0,101.0,8.250305358386027e-06,1.3935340022296536e-05,1.876606370299113e-05
1968,"(4.0, 8.0, 9.0, 9.0, 12.0)",5382000.000000003,74,-11.79097182224319,97.0,167.0,7.572617161125695e-06,1.8023039762170187e-05,3.102903228635135e-05
1969,"(4.0, 8.0, 9.0, 9.0, 13.0)",5382000.000000003,66,-11.676085448930998,83.0,123.0,8.494552783232403e-06,1.54217762913415e-05,2.285371980538234e-05
1970,"(4.0, 8.0, 9.0, 9.0, 14.0)",5382000.000000003,1283,-11.599451819580311,1548.0,2210.0,9.171113783534267e-06,0.0002876254180602005,0.000410545290942557
1971,"(4.0, 8.0, 9.0, 11.0, 11.0)",5382000.000000003,44,-11.360834713078486,53.0,73.0,1.1642658909699622e-05,9.847640282422885e-06,1.3563633979016163e-05
1972,"(4.0, 8.0, 9.0, 11.0, 12.0)",10764000.000000006,94,-11.44654619015672,117.0,173.0,1.068631945496523e-05,1.0869565217391298e-05,1.607197401160066e-05
1973,"(4.0, 8.0, 9.0, 11.0, 13.0)",10764000.000000006,112,-11.33165981684453,140.0,218.0,1.1987335783285685e-05,1.3006317354143434e-05,2.0252525001446517e-05
1974,"(4.0, 8.0, 9.0, 11.0, 14.0)",10764000.000000006,1866,-11.255026187493844,2289.0,3307.0,1.2942084561173435e-05,0.00021265328874024516,0.0003071825749370189
1975,"(4.0, 8.0, 9.0, 12.0, 12.0)",4933500.000000004,51,-11.532257667234957,59.0,79.0,9.808534663712348e-06,1.1959055437316298e-05,1.60128295157047e-05
1976,"(4.0, 8.0, 9.0, 12.0, 13.0)",9867000.000000007,115,-11.417371293922765,134.0,174.0,1.1002684231125659e-05,1.358062227627444e-05,1.7634354940368384e-05
1977,"(4.0, 8.0, 9.0, 12.0, 14.0)",9867000.000000007,1123,-11.34073766457208,1328.0,1800.0,1.1879009005292652e-05,0.00013459004763352578,0.000182408154901869
1978,"(4.0, 8.0, 9.0, 13.0, 13.0)",4933500.000000004,60,-11.302484920610574,71.0,95.0,1.2342216696009757e-05,1.4391405695753511e-05,1.9255899100070038e-05
1979,"(4.0, 8.0, 9.0, 13.0, 14.0)",9867000.000000007,1488,-11.225851291259888,1789.0,2513.0,1.3325230479887529e-05,0.00018131144218100725,0.00025465446780479744
1980,"(4.0, 8.0, 9.0, 14.0, 14.0)",4933500.000000004,1233,-11.1492176619092,1481.0,2069.0,1.4386537825051293e-05,0.00030019256106212603,0.00041928760815183245
1981,"(4.0, 8.0, 11.0, 11.0, 12.0)",5382000.000000003,2,-11.10212055807025,2.0,2.0,1.5080311213909638e-05,3.71609067261241e-07,3.7160892916794213e-07
1982,"(4.0, 8.0, 11.0, 11.0, 13.0)",5382000.000000003,5,-10.98723418475806,6.0,8.0,1.6916278331319227e-05,1.114827201783723e-06,1.486435026205274e-06
1983,"(4.0, 8.0, 11.0, 11.0, 14.0)",5382000.000000003,62,-10.910600555407374,71.0,89.0,1.82635999009507e-05,1.3192121887774054e-05,1.653642946104532e-05
1984,"(4.0, 8.0, 11.0, 12.0, 13.0)",9867000.000000007,4,-11.072945661836297,6.0,10.0,1.5526758590082833e-05,6.080875646093032e-07,1.0134789045783524e-06
1985,"(4.0, 8.0, 11.0, 12.0, 14.0)",9867000.000000007,43,-10.99631203248561,49.0,63.0,1.6763409840739337e-05,4.9660484443093105e-06,6.3848947667605334e-06
1986,"(4.0, 8.0, 11.0, 13.0, 13.0)",4933500.000000004,3,-10.958059288524105,3.0,3.0,1.7417078876381415e-05,6.080875646093032e-07,6.08087194838817e-07
1987,"(4.0, 8.0, 11.0, 13.0, 14.0)",9867000.000000007,66,-10.881425659173418,77.0,101.0,1.880428743316398e-05,7.803790412486059e-06,1.023607977177847e-05
1988,"(4.0, 8.0, 11.0, 14.0, 14.0)",4933500.000000004,45,-10.804792029822734,54.0,76.0,2.030198223127715e-05,1.0945576162967459e-05,1.5404765164464812e-05
1989,"(4.0, 8.0, 12.0, 12.0, 14.0)",4144140.0000000014,2,-11.082023509563848,3.0,5.0,1.5386446867682863e-05,7.239137673920281e-07,1.2065224216022374e-06
1990,"(4.0, 8.0, 12.0, 13.0, 13.0)",4144140.0000000014,1,-11.04377076560234,1.0,1.0,1.5986422885778816e-05,2.41304589130676e-07,2.4130453090277125e-07
1991,"(4.0, 8.0, 12.0, 13.0, 14.0)",8288280.000000005,12,-10.967137136251656,16.0,28.0,1.7259684767228325e-05,1.9304367130454076e-06,3.3782605212435603e-06
1992,"(4.0, 8.0, 12.0, 14.0, 14.0)",4144140.0000000014,6,-10.890503506900968,6.0,6.0,1.8634357441469762e-05,1.4478275347840561e-06,1.4478254385794856e-06
1993,"(4.0, 8.0, 13.0, 13.0, 13.0)",1381380.0000000007,1,-10.928884392290149,2.0,4.0,1.793270544765472e-05,1.4478275347840557e-06,2.895652973363541e-06
1994,"(4.0, 8.0, 13.0, 13.0, 14.0)",4144140.0000000014,18,-10.852250762939462,22.0,32.0,1.936098183199043e-05,5.308700960874872e-06,7.72171866987574e-06
1995,"(4.0, 8.0, 13.0, 14.0, 14.0)",4144140.0000000014,22,-10.775617133588778,24.0,28.0,2.0903015364460033e-05,5.7913101391362245e-06,6.756494956385801e-06
1996,"(4.0, 8.0, 14.0, 14.0, 14.0)",1381380.0000000007,1,-10.698983504238091,1.0,1.0,2.256786639843323e-05,7.239137673920278e-07,7.239132433408853e-07
1997,"(4.0, 9.0, 9.0, 9.0, 9.0)",448500.0000000002,2,-12.69454609638592,2.0,2.0,3.06781156331615e-06,4.459308807134893e-06,4.459288921699856e-06
1998,"(4.0, 9.0, 9.0, 9.0, 11.0)",1794000.000000001,26,-12.350120464299447,36.0,60.0,4.329231716813663e-06,2.0066889632107013e-05,3.3444413373452175e-05
1999,"(4.0, 9.0, 9.0, 9.0, 12.0)",1794000.000000001,15,-12.435831941377684,18.0,24.0,3.973624365298173e-06,1.0033444816053507e-05,1.3377825751389798e-05
2000,"(4.0, 9.0, 9.0, 9.0, 13.0)",1794000.000000001,17,-12.320945568065492,20.0,28.0,4.457397118270008e-06,1.114827201783723e-05,1.5607456541003137e-05
2001,"(4.0, 9.0, 9.0, 9.0, 14.0)",1794000.000000001,181,-12.244311938714809,223.0,321.0,4.812412989032743e-06,0.0001243032329988851,0.00017891431459255355
2002,"(4.0, 9.0, 9.0, 11.0, 11.0)",2691000.0000000014,21,-12.00569483221298,28.0,46.0,6.109321537860637e-06,1.0405053883314748e-05,1.709390882887077e-05
2003,"(4.0, 9.0, 9.0, 11.0, 12.0)",5382000.000000003,44,-12.091406309291216,49.0,59.0,5.607495857521646e-06,9.104422147900403e-06,1.0962384593703961e-05
2004,"(4.0, 9.0, 9.0, 11.0, 13.0)",5382000.000000003,35,-11.976519935979026,40.0,50.0,6.290185880253023e-06,7.43218134522482e-06,9.290171444211476e-06
2005,"(4.0, 9.0, 9.0, 11.0, 14.0)",5382000.000000003,507,-11.89988630662834,585.0,761.0,6.791176875285636e-06,0.000108695652173913,0.0001413854353481007
2006,"(4.0, 9.0, 9.0, 12.0, 12.0)",2466750.000000002,20,-12.177117786369452,25.0,37.0,5.1468906321688676e-06,1.0134792743488389e-05,1.499939054633886e-05
2007,"(4.0, 9.0, 9.0, 12.0, 13.0)",4933500.000000004,26,-12.06223141305726,35.0,61.0,5.773503824929086e-06,7.094354920441872e-06,1.2364396817184096e-05
2008,"(4.0, 9.0, 9.0, 12.0, 14.0)",4933500.000000004,322,-11.985597783706575,382.0,520.0,6.233342926847549e-06,7.742981656025128e-05,0.00010539584915578668
2009,"(4.0, 9.0, 9.0, 13.0, 13.0)",2466750.000000002,19,-11.94734503974507,20.0,22.0,6.47640464868869e-06,8.10783419479071e-06,8.918551877294452e-06
2010,"(4.0, 9.0, 9.0, 13.0, 14.0)",4933500.000000004,339,-11.870711410394383,408.0,554.0,6.992227308137646e-06,8.269990878686525e-05,0.00011228666432293798
2011,"(4.0, 9.0, 9.0, 14.0, 14.0)",2466750.000000002,357,-11.794077781043695,419.0,559.0,7.549133412867459e-06,0.0001698591263808654,0.0002265851136215855
2012,"(4.0, 9.0, 11.0, 11.0, 11.0)",1794000.000000001,18,-11.661269200126512,24.0,38.0,8.621347179919117e-06,1.3377926421404675e-05,2.1181537864975397e-05
2013,"(4.0, 9.0, 11.0, 11.0, 12.0)",5382000.000000003,30,-11.746980677204746,47.0,91.0,7.91318124247584e-06,8.732813080639162e-06,1.6908136298362165e-05
2014,"(4.0, 9.0, 11.0, 11.0, 13.0)",5382000.000000003,25,-11.632094303892556,27.0,31.0,8.87657916903106e-06,5.016722408026753e-06,5.759915375045516e-06
2015,"(4.0, 9.0, 11.0, 11.0, 14.0)",5382000.000000003,328,-11.55546067454187,402.0,596.0,9.58356721597249e-06,7.469342251950944e-05,0.00011073392293648213
2016,"(4.0, 9.0, 11.0, 12.0, 12.0)",4933500.000000004,13,-11.832692154282984,16.0,22.0,7.263184751696629e-06,3.2431336779162842e-06,4.4592982892188384e-06
2017,"(4.0, 9.0, 11.0, 12.0, 13.0)",9867000.000000007,34,-11.717805780970792,42.0,60.0,8.147448224952151e-06,4.256612952265123e-06,6.080857527339207e-06
2018,"(4.0, 9.0, 11.0, 12.0, 14.0)",9867000.000000007,401,-11.641172151620106,491.0,703.0,8.796363578313901e-06,4.9761832370527986e-05,7.12451167467625e-05
2019,"(4.0, 9.0, 11.0, 13.0, 13.0)",4933500.000000004,18,-11.6029194076586,19.0,21.0,9.139367212539907e-06,3.851221242525588e-06,4.2565981203600635e-06
2020,"(4.0, 9.0, 11.0, 13.0, 14.0)",9867000.000000007,523,-11.526285778307914,614.0,828.0,9.867285395077722e-06,6.22276274450187e-05,8.391221163846641e-05
2021,"(4.0, 9.0, 11.0, 14.0, 14.0)",4933500.000000004,450,-11.44965214895723,558.0,830.0,1.0653179679039931e-05,0.00011310428701733041,0.00016822476696216554
2022,"(4.0, 9.0, 12.0, 12.0, 12.0)",1381380.0000000007,3,-11.91840363136122,3.0,3.0,6.666579612016207e-06,2.1717413021760838e-06,2.1717365857158004e-06
2023,"(4.0, 9.0, 12.0, 12.0, 13.0)",4144140.0000000014,14,-11.803517258049029,15.0,17.0,7.478208813803878e-06,3.6195688369601403e-06,4.102164913942927e-06
2024,"(4.0, 9.0, 12.0, 12.0, 14.0)",4144140.0000000014,132,-11.726883628698342,148.0,184.0,8.073821621757743e-06,3.571307919134005e-05,4.439876897601906e-05
2025,"(4.0, 9.0, 12.0, 13.0, 13.0)",4144140.0000000014,8,-11.688630884736837,11.0,19.0,8.388650600084972e-06,2.654350480437436e-06,4.584780147906372e-06
2026,"(4.0, 9.0, 12.0, 13.0, 14.0)",8288280.000000005,240,-11.61199725538615,284.0,390.0,9.056776867118028e-06,3.4265251656555984e-05,4.7053220773010725e-05
2027,"(4.0, 9.0, 12.0, 14.0, 14.0)",4144140.0000000014,267,-11.535363626035464,312.0,416.0,9.778117021578344e-06,7.528703180877091e-05,0.00010037704094120264
2028,"(4.0, 9.0, 13.0, 13.0, 13.0)",1381380.0000000007,7,-11.573744511424644,11.0,21.0,9.409935004811896e-06,7.963051441312307e-06,1.520212570504433e-05
2029,"(4.0, 9.0, 13.0, 13.0, 14.0)",4144140.0000000014,130,-11.497110882073958,152.0,198.0,1.01594029523415e-05,3.6678297547862756e-05,4.777696335036284e-05
2030,"(4.0, 9.0, 13.0, 14.0, 14.0)",4144140.0000000014,270,-11.420477252723272,325.0,461.0,1.0968563363643385e-05,7.84239914674697e-05,0.00011123526526680395
2031,"(4.0, 9.0, 14.0, 14.0, 14.0)",1381380.0000000007,162,-11.343843623372589,197.0,289.0,1.1842170531736906e-05,0.0001426110121762295,0.00020919074087550214
2032,"(4.0, 11.0, 11.0, 11.0, 14.0)",1794000.000000001,8,-11.2110350424554,8.0,8.0,1.352413024571676e-05,4.459308807134892e-06,4.459288921699855e-06
2033,"(4.0, 11.0, 11.0, 12.0, 12.0)",2466750.000000002,1,-11.488266522196517,1.0,1.0,1.0249654890189163e-05,4.0539170973953553e-07,4.053915453970972e-07
2034,"(4.0, 11.0, 11.0, 12.0, 13.0)",4933500.000000004,1,-11.373380148884324,1.0,1.0,1.1497509067484046e-05,2.0269585486976777e-07,2.0269581378415818e-07
2035,"(4.0, 11.0, 11.0, 12.0, 14.0)",4933500.000000004,8,-11.296746519533636,10.0,14.0,1.2413244884798837e-05,2.0269585486976775e-06,2.8377378596157906e-06
2036,"(4.0, 11.0, 11.0, 13.0, 14.0)",4933500.000000004,8,-11.181860146221444,8.0,8.0,1.3924507424780287e-05,1.6215668389581421e-06,1.621564209479129e-06
2037,"(4.0, 11.0, 11.0, 14.0, 14.0)",2466750.000000002,10,-11.10522651687076,11.0,13.0,1.5033545053060821e-05,4.459308807134891e-06,5.270072341178925e-06
2038,"(4.0, 11.0, 12.0, 12.0, 14.0)",4144140.0000000014,1,-11.382457996611873,2.0,4.0,1.1393608740110002e-05,4.82609178261352e-07,9.65218123611085e-07
2039,"(4.0, 11.0, 12.0, 13.0, 13.0)",4144140.0000000014,1,-11.344205252650369,1.0,1.0,1.183788883040111e-05,2.41304589130676e-07,2.4130453090277125e-07
2040,"(4.0, 11.0, 12.0, 13.0, 14.0)",8288280.000000005,6,-11.26757162329968,9.0,17.0,1.2780734688557165e-05,1.0858706510880419e-06,2.051087828495675e-06
2041,"(4.0, 11.0, 12.0, 14.0, 14.0)",4144140.0000000014,3,-11.190937993948996,3.0,3.0,1.3798674875184903e-05,7.239137673920281e-07,7.239132433408855e-07
2042,"(4.0, 11.0, 13.0, 13.0, 14.0)",4144140.0000000014,3,-11.152685249987488,5.0,11.0,1.4336737631181052e-05,1.20652294565338e-06,2.6543490247398177e-06
2043,"(4.0, 11.0, 13.0, 14.0, 14.0)",4144140.0000000014,6,-11.076051620636804,6.0,6.0,1.5478607933283765e-05,1.4478275347840561e-06,1.4478254385794856e-06
2044,"(4.0, 11.0, 14.0, 14.0, 14.0)",1381380.0000000007,4,-10.999417991286116,7.0,15.0,1.6711424154909285e-05,5.067396371744195e-06,1.085868083237443e-05
2045,"(6.0, 6.0, 6.0, 6.0, 9.0)",712530.0000000001,2,-11.752758446755411,2.0,2.0,7.867592532197701e-06,2.806899358623496e-06,2.8068914799394865e-06
2046,"(6.0, 6.0, 6.0, 7.0, 9.0)",2850120.0000000005,11,-11.548777980732217,13.0,17.0,9.647825732135138e-06,4.561211457763181e-06,5.964640332424966e-06
2047,"(6.0, 6.0, 6.0, 7.0, 14.0)",2521260.0,1,-11.098543823061105,1.0,1.0,1.5134346067547809e-05,3.9662708328375496e-07,3.9662692597071176e-07
2048,"(6.0, 6.0, 6.0, 8.0, 9.0)",2639000.000000001,12,-11.409985214670115,13.0,15.0,1.1084251790256204e-05,4.926108374384235e-06,5.683946934668862e-06
2049,"(6.0, 6.0, 6.0, 8.0, 13.0)",2427880.000000001,1,-11.03638468634969,1.0,1.0,1.6104937010753232e-05,4.1188197110236076e-07,4.1188180145560264e-07
2050,"(6.0, 6.0, 6.0, 8.0, 14.0)",2427880.000000001,3,-10.959751056999004,3.0,3.0,1.7387638121905493e-05,1.2356459133070823e-06,1.2356443864862593e-06
2051,"(6.0, 6.0, 6.0, 9.0, 9.0)",1319500.0000000005,10,-12.05484533380461,12.0,18.0,5.816305254538245e-06,9.094353921940125e-06,1.3641448175636931e-05
2052,"(6.0, 6.0, 6.0, 9.0, 11.0)",2639000.000000001,8,-11.71041970171814,11.0,17.0,8.207848710042159e-06,4.168245547555891e-06,6.4418166537699776e-06
2053,"(6.0, 6.0, 6.0, 9.0, 12.0)",2427880.000000001,7,-11.796131178796376,9.0,13.0,7.53364794363778e-06,3.706937739921247e-06,5.354451882943282e-06
2054,"(6.0, 6.0, 6.0, 9.0, 13.0)",2427880.000000001,4,-11.681244805484186,5.0,7.0,8.450839220559276e-06,2.0594098555118036e-06,2.8831695565475724e-06
2055,"(6.0, 6.0, 6.0, 9.0, 14.0)",2427880.000000001,107,-11.6046111761335,125.0,173.0,9.123918590639562e-06,5.1485246387795094e-05,7.12529302701128e-05
2056,"(6.0, 6.0, 6.0, 11.0, 14.0)",2427880.000000001,4,-11.26018554404703,4.0,4.0,1.2875483688941253e-05,1.647527884409443e-06,1.647525170061313e-06
2057,"(6.0, 6.0, 6.0, 12.0, 14.0)",2054360.0000000007,1,-11.345897021125266,1.0,1.0,1.1817878794215228e-05,4.867696022118809e-07,4.867693652672353e-07
2058,"(6.0, 6.0, 6.0, 14.0, 14.0)",1027180.0000000003,1,-11.15437701846239,1.0,1.0,1.431250369530802e-05,9.735392044237619e-07,9.735382566451794e-07
2059,"(6.0, 6.0, 7.0, 7.0, 7.0)",1425060.0000000002,1,-10.83873016163662,1.0,1.0,1.962453160902608e-05,7.01724839655874e-07,7.017243472381234e-07
2060,"(6.0, 6.0, 7.0, 7.0, 8.0)",4275180.000000001,1,-10.69993739557452,2.0,4.0,2.2546349370279022e-05,4.6781655977058264e-07,9.356329006888317e-07
2061,"(6.0, 6.0, 7.0, 7.0, 9.0)",4275180.000000001,3,-11.344797514709017,3.0,3.0,1.1830879773796401e-05,7.01724839655874e-07,7.017243472381234e-07
2062,"(6.0, 6.0, 7.0, 7.0, 11.0)",4275180.000000001,1,-11.000371882622549,1.0,1.0,1.669549087270654e-05,2.3390827988529132e-07,2.3390822517220791e-07
2063,"(6.0, 6.0, 7.0, 8.0, 9.0)",7917000.000000003,31,-11.206004748646915,33.0,37.0,1.3592331987943897e-05,4.168245547555891e-06,4.6734700578371755e-06
2064,"(6.0, 6.0, 7.0, 8.0, 12.0)",7283640.000000003,1,-10.947290593638684,2.0,4.0,1.760565160336391e-05,2.745879807349072e-07,5.491758860712552e-07
2065,"(6.0, 6.0, 7.0, 8.0, 13.0)",7283640.000000003,1,-10.832404220326492,2.0,4.0,1.9749068736196812e-05,2.745879807349072e-07,5.491758860712552e-07
2066,"(6.0, 6.0, 7.0, 8.0, 14.0)",7283640.000000003,9,-10.755770590975809,12.0,18.0,2.1322012014101384e-05,1.647527884409443e-06,2.4712891122660347e-06
2067,"(6.0, 6.0, 7.0, 9.0, 9.0)",3958500.0000000014,24,-11.850864867781413,29.0,39.0,7.132385068372655e-06,7.326007326007324e-06,9.85216307838513e-06
2068,"(6.0, 6.0, 7.0, 9.0, 11.0)",7917000.000000003,23,-11.506439235694945,28.0,38.0,1.0065073104147772e-05,3.5366931918656045e-06,4.799785395047444e-06
2069,"(6.0, 6.0, 7.0, 9.0, 12.0)",7283640.000000003,16,-11.59215071277318,19.0,25.0,9.238318099218162e-06,2.608585816981618e-06,3.432342954466375e-06
2070,"(6.0, 6.0, 7.0, 9.0, 13.0)",7283640.000000003,13,-11.477264339460987,16.0,22.0,1.0363046097847931e-05,2.1967038458792574e-06,3.0204629625761923e-06
2071,"(6.0, 6.0, 7.0, 9.0, 14.0)",7283640.000000003,334,-11.400630710110304,398.0,548.0,1.11884259633982e-05,5.464300816624653e-05,7.52341208630231e-05
2072,"(6.0, 6.0, 7.0, 11.0, 13.0)",7283640.000000003,1,-11.13283870737452,1.0,1.0,1.462411459232826e-05,1.372939903674536e-07,1.372939715178138e-07
2073,"(6.0, 6.0, 7.0, 11.0, 14.0)",7283640.000000003,5,-11.056205078023831,6.0,8.0,1.578887345010417e-05,8.237639422047215e-07,1.0983512443525962e-06
2074,"(6.0, 6.0, 7.0, 12.0, 13.0)",6163080.000000002,1,-11.218550184452754,1.0,1.0,1.3422875435218801e-05,1.6225653407062698e-07,1.6225650774344413e-07
2075,"(6.0, 6.0, 7.0, 12.0, 14.0)",6163080.000000002,1,-11.14191655510207,1.0,1.0,1.4491959854742893e-05,1.6225653407062698e-07,1.6225650774344413e-07
2076,"(6.0, 6.0, 8.0, 8.0, 9.0)",3393000.000000002,32,-11.067211982584816,34.0,38.0,1.5616039753838e-05,1.0020630710285877e-05,1.1199428027867914e-05
2077,"(6.0, 6.0, 8.0, 8.0, 13.0)",3251625.000000002,1,-10.693611454264392,1.0,1.0,2.268942833056717e-05,3.07538538423096e-07,3.0753844384314335e-07
2078,"(6.0, 6.0, 8.0, 8.0, 14.0)",3251625.000000002,26,-10.616977824913707,30.0,38.0,2.449656082115654e-05,9.226156152692879e-06,1.1686379338120292e-05
2079,"(6.0, 6.0, 8.0, 9.0, 9.0)",3393000.000000002,23,-11.712072101719311,25.0,29.0,8.19429726011544e-06,7.368110816386674e-06,8.54695425795154e-06
2080,"(6.0, 6.0, 8.0, 9.0, 11.0)",6786000.000000004,48,-11.367646469632843,56.0,72.0,1.1563621449142777e-05,8.252284114353075e-06,1.0610011475403706e-05
2081,"(6.0, 6.0, 8.0, 9.0, 12.0)",6503250.000000004,65,-11.45335794671108,79.0,111.0,1.0613774209160921e-05,1.214777226771229e-05,1.7068241314110756e-05
2082,"(6.0, 6.0, 8.0, 9.0, 13.0)",6503250.000000004,61,-11.338471573398888,75.0,109.0,1.1905958446158358e-05,1.1532695190866098e-05,1.6760717341000364e-05
2083,"(6.0, 6.0, 8.0, 9.0, 14.0)",6503250.000000004,1009,-11.261837944048205,1180.0,1590.0,1.2854225807776868e-05,0.0001814477376696266,0.0002444602147648559
2084,"(6.0, 6.0, 8.0, 11.0, 12.0)",6503250.000000004,3,-11.10893231462461,4.0,6.0,1.4977936875539073e-05,6.15077076846192e-07,9.226152369494775e-07
2085,"(6.0, 6.0, 8.0, 11.0, 14.0)",6503250.000000004,30,-10.917412311961732,36.0,48.0,1.8139615459939998e-05,5.535693691615727e-06,7.380894278249656e-06
2086,"(6.0, 6.0, 8.0, 12.0, 14.0)",5722860.000000005,8,-11.00312378903997,9.0,11.0,1.6649609603666153e-05,1.572640253299922e-06,1.922113391946983e-06
2087,"(6.0, 6.0, 8.0, 13.0, 14.0)",5722860.000000005,25,-10.888237415727778,28.0,34.0,1.8676632475836277e-05,4.89265856582198e-06,5.941061463247419e-06
2088,"(6.0, 6.0, 8.0, 14.0, 14.0)",2861430.0000000023,17,-10.811603786377091,22.0,36.0,2.016416000937099e-05,7.688463460577397e-06,1.2581062913928992e-05
2089,"(6.0, 6.0, 9.0, 9.0, 9.0)",1131000.0000000007,6,-12.356932220853809,6.0,6.0,4.299842254860584e-06,5.305039787798405e-06,5.305011644351255e-06
2090,"(6.0, 6.0, 9.0, 9.0, 11.0)",3393000.000000002,32,-12.01250658876734,38.0,50.0,6.067847741898469e-06,1.1199528440907746e-05,1.473609620333605e-05
2091,"(6.0, 6.0, 9.0, 9.0, 12.0)",3251625.000000002,20,-12.098218065845575,24.0,32.0,5.569428759954059e-06,7.3809249221543035e-06,9.841178751486365e-06
2092,"(6.0, 6.0, 9.0, 9.0, 13.0)",3251625.000000002,8,-11.983331692533383,10.0,14.0,6.247484266965054e-06,3.0753853842309598e-06,4.305530079928081e-06
2093,"(6.0, 6.0, 9.0, 9.0, 14.0)",3251625.000000002,246,-11.9066980631827,289.0,399.0,6.745074229955363e-06,8.887863760427473e-05,0.0001226999774185929
2094,"(6.0, 6.0, 9.0, 11.0, 11.0)",3393000.000000002,18,-11.668080956680871,20.0,24.0,8.562820223751722e-06,5.8944886531093395e-06,7.073351638734726e-06
2095,"(6.0, 6.0, 9.0, 11.0, 12.0)",6503250.000000004,27,-11.753792433759106,30.0,36.0,7.859461748056017e-06,4.6130780763464395e-06,5.5356724111263885e-06
2096,"(6.0, 6.0, 9.0, 11.0, 13.0)",6503250.000000004,15,-11.638906060446915,18.0,24.0,8.816319542652441e-06,2.7678468458078636e-06,3.69045480010099e-06
2097,"(6.0, 6.0, 9.0, 11.0, 14.0)",6503250.000000004,375,-11.562272431096227,449.0,627.0,9.518508124084532e-06,6.904240187598504e-05,9.640856494238378e-05
2098,"(6.0, 6.0, 9.0, 12.0, 12.0)",2861430.0000000023,7,-11.839503910837342,9.0,13.0,7.213877829387753e-06,3.145280506599844e-06,4.543173061188088e-06
2099,"(6.0, 6.0, 9.0, 12.0, 13.0)",5722860.000000005,10,-11.72461753752515,11.0,13.0,8.092138383556548e-06,1.9221158651443493e-06,2.2715877824593777e-06
2100,"(6.0, 6.0, 9.0, 12.0, 14.0)",5722860.000000005,187,-11.647983908174464,228.0,324.0,8.736648504226706e-06,3.9840219750264695e-05,5.661346187568745e-05
2101,"(6.0, 6.0, 9.0, 13.0, 13.0)",2861430.0000000023,7,-11.60973116421296,8.0,10.0,9.077323620850207e-06,2.795804894755417e-06,3.494748301919262e-06
2102,"(6.0, 6.0, 9.0, 13.0, 14.0)",5722860.000000005,234,-11.533097534862272,285.0,411.0,9.80030025136911e-06,4.980027468783087e-05,7.181475816667079e-05
2103,"(6.0, 6.0, 9.0, 14.0, 14.0)",2861430.0000000023,242,-11.456463905511589,298.0,442.0,1.0580859406220991e-05,0.0001041437323296393,0.00015445737451825326
2104,"(6.0, 6.0, 11.0, 11.0, 11.0)",1131000.0000000007,1,-11.323655324594402,2.0,4.0,1.2083673372026803e-05,1.7683465959328018e-06,3.5366900648159205e-06
2105,"(6.0, 6.0, 11.0, 11.0, 14.0)",3251625.000000002,7,-11.21784679900976,10.0,16.0,1.3432320211672798e-05,3.0753853842309598e-06,4.920607156774274e-06
2106,"(6.0, 6.0, 11.0, 12.0, 13.0)",5722860.000000005,1,-11.380191905438682,3.0,9.0,1.1419456972471096e-05,5.242134177666407e-07,1.5726399785002146e-06
2107,"(6.0, 6.0, 11.0, 12.0, 14.0)",5722860.000000005,9,-11.303558276087996,9.0,9.0,1.2328976217256954e-05,1.572640253299922e-06,1.5726377801025558e-06
2108,"(6.0, 6.0, 11.0, 13.0, 14.0)",5722860.000000005,6,-11.188671902775804,8.0,12.0,1.3829979386563605e-05,1.3979024473777086e-06,2.0968517169353103e-06
2109,"(6.0, 6.0, 11.0, 14.0, 14.0)",2861430.0000000023,10,-11.11203827342512,11.0,13.0,1.4931488191876684e-05,3.8442317302886986e-06,4.543168175859957e-06
2110,"(6.0, 6.0, 12.0, 13.0, 14.0)",4622310.000000002,1,-11.27438337985404,1.0,1.0,1.2693971276378778e-05,2.163420454275026e-07,2.1634199862362198e-07
2111,"(6.0, 7.0, 7.0, 7.0, 9.0)",2850120.0000000005,9,-11.14081704868582,10.0,12.0,1.4507902620567748e-05,3.50862419827937e-06,4.210336727491479e-06
2112,"(6.0, 7.0, 7.0, 8.0, 8.0)",3958500.0000000014,1,-10.357164163489225,2.0,4.0,3.1764407262897224e-05,5.052418845522292e-07,1.0104835138350965e-06
2113,"(6.0, 7.0, 7.0, 8.0, 9.0)",7917000.000000003,39,-11.00202428262372,48.0,68.0,1.666792602391898e-05,6.0629026146267506e-06,8.589075278599782e-06
2114,"(6.0, 7.0, 7.0, 8.0, 11.0)",7917000.000000003,1,-10.65759865053725,1.0,1.0,2.352142969245902e-05,1.263104711380573e-07,1.263104551837222e-07
2115,"(6.0, 7.0, 7.0, 8.0, 12.0)",7283640.000000003,1,-10.743310127615487,1.0,1.0,2.1589356321493933e-05,1.372939903674536e-07,1.372939715178138e-07
2116,"(6.0, 7.0, 7.0, 8.0, 14.0)",7283640.000000003,12,-10.55179012495261,17.0,33.0,2.6146633208148635e-05,2.333997836246711e-06,4.530696234580068e-06
2117,"(6.0, 7.0, 7.0, 9.0, 9.0)",3958500.0000000014,30,-11.646884401758216,37.0,53.0,8.746259788179522e-06,9.34697486421624e-06,1.3388822574694961e-05
2118,"(6.0, 7.0, 7.0, 9.0, 11.0)",7917000.000000003,29,-11.302458769671746,35.0,47.0,1.2342539460783856e-05,4.420866489832006e-06,5.936572599428172e-06
2119,"(6.0, 7.0, 7.0, 9.0, 12.0)",7283640.000000003,26,-11.388170246749985,32.0,46.0,1.1328711129170492e-05,4.393407691758515e-06,6.315504254871718e-06
2120,"(6.0, 7.0, 7.0, 9.0, 13.0)",7283640.000000003,13,-11.27328387343779,17.0,27.0,1.270793605501985e-05,2.333997836246711e-06,3.7069322923753473e-06
2121,"(6.0, 7.0, 7.0, 9.0, 14.0)",7283640.000000003,424,-11.196650244087106,508.0,704.0,1.3720078088691987e-05,6.974534710666643e-05,9.66501048052443e-05
2122,"(6.0, 7.0, 7.0, 11.0, 13.0)",7283640.000000003,1,-10.928858241351325,1.0,1.0,1.793317441086972e-05,1.372939903674536e-07,1.372939715178138e-07
2123,"(6.0, 7.0, 7.0, 11.0, 14.0)",7283640.000000003,7,-10.852224612000636,8.0,10.0,1.93614881464622e-05,1.0983519229396287e-06,1.3729386972975892e-06
2124,"(6.0, 7.0, 7.0, 12.0, 14.0)",6163080.000000002,1,-10.937936089078873,1.0,1.0,1.7771116465865387e-05,1.6225653407062698e-07,1.6225650774344413e-07
2125,"(6.0, 7.0, 7.0, 13.0, 14.0)",6163080.000000002,2,-10.82304971576668,3.0,5.0,1.99346782788929e-05,4.867696022118809e-07,8.112824334084892e-07
2126,"(6.0, 7.0, 8.0, 8.0, 8.0)",2262000.0000000014,1,-10.218371397427124,2.0,4.0,3.649368239493238e-05,8.841732979664009e-07,1.768345814170381e-06
2127,"(6.0, 7.0, 8.0, 8.0, 9.0)",6786000.000000004,73,-10.86323151656162,89.0,123.0,1.9149546643976845e-05,1.311523725316828e-05,1.8125380598863013e-05
2128,"(6.0, 7.0, 8.0, 8.0, 11.0)",6786000.000000004,1,-10.518805884475151,1.0,1.0,2.7023440971743697e-05,1.473622163277335e-07,1.473621946121107e-07
2129,"(6.0, 7.0, 8.0, 8.0, 12.0)",6503250.000000004,2,-10.604517361553388,2.0,2.0,2.480370894966802e-05,3.07538538423096e-07,3.0753844384314335e-07
2130,"(6.0, 7.0, 8.0, 8.0, 13.0)",6503250.000000004,1,-10.489630988241196,1.0,1.0,2.7823460556610025e-05,1.53769269211548e-07,1.5376924556655984e-07
2131,"(6.0, 7.0, 8.0, 8.0, 14.0)",6503250.000000004,82,-10.412997358890513,94.0,122.0,3.0039500504374712e-05,1.445431130588551e-05,1.8759641916693528e-05
2132,"(6.0, 7.0, 8.0, 9.0, 9.0)",6786000.000000004,69,-11.508091635696116,82.0,110.0,1.0048455310740744e-05,1.2083701738874147e-05,1.620969778020297e-05
2133,"(6.0, 7.0, 8.0, 9.0, 11.0)",13572000.000000007,103,-11.163666003609649,127.0,185.0,1.4180170632520762e-05,9.357500736811077e-06,1.3630917447495309e-05
2134,"(6.0, 7.0, 8.0, 9.0, 12.0)",13006500.000000007,124,-11.249377480687883,145.0,191.0,1.3015397468939743e-05,1.114827201783723e-05,1.4684840925733848e-05
2135,"(6.0, 7.0, 8.0, 9.0, 13.0)",13006500.000000007,129,-11.134491107375691,154.0,208.0,1.4599969659396192e-05,1.1840233729289195e-05,1.599186380686623e-05
2136,"(6.0, 7.0, 8.0, 9.0, 14.0)",13006500.000000007,2323,-11.057857478025008,2790.0,3894.0,1.5762805458902374e-05,0.00021450813055010943,0.0002993427534168118
2137,"(6.0, 7.0, 8.0, 11.0, 11.0)",6786000.000000004,1,-10.81924037152318,1.0,1.0,2.0010761151763674e-05,1.473622163277335e-07,1.473621946121107e-07
2138,"(6.0, 7.0, 8.0, 11.0, 12.0)",13006500.000000007,6,-10.904951848601414,8.0,12.0,1.836705754787692e-05,6.15077076846192e-07,9.226152369494775e-07
2139,"(6.0, 7.0, 8.0, 11.0, 13.0)",13006500.000000007,2,-10.790065475289223,2.0,2.0,2.0603172786027184e-05,1.53769269211548e-07,1.5376924556655984e-07
2140,"(6.0, 7.0, 8.0, 11.0, 14.0)",13006500.000000007,87,-10.713431845938535,102.0,136.0,2.224414242212412e-05,7.842232729788947e-06,1.0456248805771075e-05
2141,"(6.0, 7.0, 8.0, 12.0, 13.0)",11445720.00000001,1,-10.875776952367458,1.0,1.0,1.891080790779714e-05,8.736890296110679e-08,8.736889532778158e-08
2142,"(6.0, 7.0, 8.0, 12.0, 14.0)",11445720.00000001,15,-10.799143323016771,20.0,34.0,2.0416986683903007e-05,1.7473780592221358e-06,2.9705396473475487e-06
2143,"(6.0, 7.0, 8.0, 13.0, 13.0)",5722860.000000005,2,-10.760890579055268,2.0,2.0,2.121312256098151e-05,3.4947561184442715e-07,3.494754897112239e-07
2144,"(6.0, 7.0, 8.0, 13.0, 14.0)",11445720.00000001,42,-10.68425694970458,53.0,79.0,2.2902672533254776e-05,4.63055185693866e-06,6.902121891916937e-06
2145,"(6.0, 7.0, 8.0, 14.0, 14.0)",5722860.000000005,23,-10.607623320353897,27.0,35.0,2.472678916824352e-05,4.7179207598997665e-06,6.115800948501179e-06
2146,"(6.0, 7.0, 9.0, 9.0, 9.0)",2262000.0000000014,13,-12.152951754830612,19.0,35.0,5.272785617810584e-06,8.399646330680808e-06,1.5472962160353537e-05
2147,"(6.0, 7.0, 9.0, 9.0, 11.0)",6786000.000000004,69,-11.808526122744142,78.0,100.0,7.440845130627729e-06,1.1494252873563212e-05,1.4736089514924227e-05
2148,"(6.0, 7.0, 9.0, 9.0, 12.0)",6503250.000000004,41,-11.89423759982238,53.0,89.0,6.8296467926725155e-06,8.149771268212043e-06,1.3685398541056046e-05
2149,"(6.0, 7.0, 9.0, 9.0, 13.0)",6503250.000000004,42,-11.779351226510189,51.0,73.0,7.661128766552683e-06,7.842232729788947e-06,1.1225095151828814e-05
2150,"(6.0, 7.0, 9.0, 9.0, 14.0)",6503250.000000004,642,-11.702717597159502,758.0,1046.0,8.271310499953829e-06,0.00011655710606235337,0.00016082907003630556
2151,"(6.0, 7.0, 9.0, 11.0, 11.0)",6786000.000000004,40,-11.464100490657676,51.0,73.0,1.05003655128645e-05,7.515473032714408e-06,1.075738530958964e-05
2152,"(6.0, 7.0, 9.0, 11.0, 12.0)",13006500.000000007,57,-11.54981196773591,68.0,96.0,9.637855161322858e-06,5.228155153192632e-06,7.380897588547997e-06
2153,"(6.0, 7.0, 9.0, 11.0, 13.0)",13006500.000000007,59,-11.43492559442372,65.0,77.0,1.0811225187149886e-05,4.997501249375309e-06,5.92009188962586e-06
2154,"(6.0, 7.0, 9.0, 11.0, 14.0)",13006500.000000007,877,-11.358291965073033,1042.0,1434.0,1.1672300927540268e-05,8.01137892592165e-05,0.00011024614780545043
2155,"(6.0, 7.0, 9.0, 12.0, 12.0)",5722860.000000005,11,-11.635523444814146,12.0,14.0,8.846192258434763e-06,2.0968536710665628e-06,2.446324886115672e-06
2156,"(6.0, 7.0, 9.0, 12.0, 13.0)",11445720.00000001,25,-11.520637071501952,29.0,37.0,9.92318051619628e-06,2.5336981858720967e-06,3.232642989934454e-06
2157,"(6.0, 7.0, 9.0, 12.0, 14.0)",11445720.00000001,453,-11.444003442151269,531.0,711.0,1.0713526648304096e-05,4.6392887472347705e-05,6.211713770533891e-05
2158,"(6.0, 7.0, 9.0, 13.0, 13.0)",5722860.000000005,27,-11.405750698189763,30.0,36.0,1.1131287754132541e-05,5.242134177666407e-06,6.290533533228952e-06
2159,"(6.0, 7.0, 9.0, 13.0, 14.0)",11445720.00000001,513,-11.329117068839077,596.0,782.0,1.201785534276998e-05,5.207186616481965e-05,6.831977063633962e-05
2160,"(6.0, 7.0, 9.0, 14.0, 14.0)",5722860.000000005,526,-11.25248343948839,617.0,815.0,1.2975034895322433e-05,0.00010781322625400577,0.00014239968813484878
2161,"(6.0, 7.0, 11.0, 11.0, 12.0)",6503250.000000004,1,-11.20538633564944,1.0,1.0,1.360074026233636e-05,1.53769269211548e-07,1.5376924556655984e-07
2162,"(6.0, 7.0, 11.0, 11.0, 13.0)",6503250.000000004,1,-11.09049996233725,1.0,1.0,1.5256575578987264e-05,1.53769269211548e-07,1.5376924556655984e-07
2163,"(6.0, 7.0, 11.0, 11.0, 14.0)",6503250.000000004,12,-11.013866332986565,13.0,15.0,1.647170771110789e-05,1.999000499750124e-06,2.3065350421702216e-06
2164,"(6.0, 7.0, 11.0, 12.0, 12.0)",5722860.000000005,2,-11.291097812727678,2.0,2.0,1.2483562079298535e-05,3.4947561184442715e-07,3.494754897112239e-07
2165,"(6.0, 7.0, 11.0, 12.0, 13.0)",11445720.00000001,2,-11.176211439415486,3.0,5.0,1.4003385454335621e-05,2.6210670888332035e-07,4.368444461056071e-07
2166,"(6.0, 7.0, 11.0, 12.0, 14.0)",11445720.00000001,9,-11.0995778100648,11.0,15.0,1.511870543790193e-05,9.610579325721746e-07,1.310532620784252e-06
2167,"(6.0, 7.0, 11.0, 13.0, 13.0)",5722860.000000005,1,-11.061325066103294,1.0,1.0,1.5708241200472904e-05,1.7473780592221357e-07,1.7473777538891276e-07
2168,"(6.0, 7.0, 11.0, 13.0, 14.0)",11445720.00000001,11,-10.984691436752607,11.0,11.0,1.6959346897355847e-05,9.610579325721746e-07,9.610570089398249e-07
2169,"(6.0, 7.0, 11.0, 14.0, 14.0)",5722860.000000005,9,-10.908057807401924,10.0,12.0,1.8310098725514444e-05,1.7473780592221358e-06,2.096850617736481e-06
2170,"(6.0, 7.0, 12.0, 13.0, 14.0)",9244620.000000004,1,-11.070402913830844,2.0,4.0,1.556628946174233e-05,2.163420454275026e-07,4.326840440511246e-07
2171,"(6.0, 7.0, 13.0, 13.0, 14.0)",4622310.000000002,1,-10.955516540518651,2.0,4.0,1.7461422472358062e-05,4.326840908550052e-07,8.653679944944879e-07
2172,"(6.0, 7.0, 13.0, 14.0, 14.0)",4622310.000000002,1,-10.878882911167969,1.0,1.0,1.8852162839280127e-05,2.163420454275026e-07,2.1634199862362198e-07
2173,"(6.0, 8.0, 8.0, 8.0, 9.0)",1794000.000000001,30,-10.72443875049952,35.0,45.0,2.2000645799820046e-05,1.950947603121515e-05,2.5083231420478755e-05
2174,"(6.0, 8.0, 8.0, 8.0, 12.0)",1794000.000000001,1,-10.465724595491288,1.0,1.0,2.8496633641982965e-05,5.574136008918615e-07,5.574132901819391e-07
2175,"(6.0, 8.0, 8.0, 8.0, 13.0)",1794000.000000001,2,-10.350838222179096,2.0,2.0,3.1965983947916433e-05,1.114827201783723e-06,1.114825958944033e-06
2176,"(6.0, 8.0, 8.0, 8.0, 14.0)",1794000.000000001,39,-10.274204592828411,45.0,57.0,3.451196119090034e-05,2.5083612040133767e-05,3.1771946063243124e-05
2177,"(6.0, 8.0, 8.0, 9.0, 9.0)",2691000.0000000014,51,-11.369298869634015,64.0,98.0,1.1544529499159848e-05,2.3782980304719423e-05,3.641712296144944e-05
2178,"(6.0, 8.0, 8.0, 9.0, 11.0)",5382000.000000003,63,-11.024873237547547,75.0,105.0,1.6291399335306224e-05,1.3935340022296536e-05,1.9509281837513613e-05
2179,"(6.0, 8.0, 8.0, 9.0, 12.0)",5382000.000000003,103,-11.110584714625784,126.0,190.0,1.4953207769442576e-05,2.341137123745818e-05,3.5302313297514676e-05
2180,"(6.0, 8.0, 8.0, 9.0, 13.0)",5382000.000000003,82,-10.995698341313592,104.0,158.0,1.677370055470872e-05,1.932367149758453e-05,2.935674290935789e-05
2181,"(6.0, 8.0, 8.0, 9.0, 14.0)",5382000.000000003,1631,-10.919064711962909,1956.0,2742.0,1.810966631013472e-05,0.0003634336677814937,0.0005093439471842842
2182,"(6.0, 8.0, 8.0, 11.0, 11.0)",2691000.0000000014,3,-10.68044760546108,3.0,3.0,2.2990083079759237e-05,1.114827201783723e-06,1.114825958944033e-06
2183,"(6.0, 8.0, 8.0, 11.0, 12.0)",5382000.000000003,1,-10.766159082539314,1.0,1.0,2.1101655042201738e-05,1.858045336306205e-07,1.8580449910729578e-07
2184,"(6.0, 8.0, 8.0, 11.0, 13.0)",5382000.000000003,3,-10.651272709227122,3.0,3.0,2.3670696504997864e-05,5.574136008918615e-07,5.574132901819391e-07
2185,"(6.0, 8.0, 8.0, 11.0, 14.0)",5382000.000000003,95,-10.574639079876436,119.0,175.0,2.5555983525272196e-05,2.211073950204384e-05,3.251530450055726e-05
2186,"(6.0, 8.0, 8.0, 12.0, 12.0)",2466750.000000002,1,-10.85187055961755,1.0,1.0,1.9368344341134956e-05,4.0539170973953553e-07,4.053915453970972e-07
2187,"(6.0, 8.0, 8.0, 12.0, 13.0)",4933500.000000004,3,-10.736984186305358,3.0,3.0,2.1726362211229792e-05,6.080875646093032e-07,6.08087194838817e-07
2188,"(6.0, 8.0, 8.0, 12.0, 14.0)",4933500.000000004,25,-10.660350556954674,30.0,42.0,2.345678990126252e-05,6.080875646093033e-06,8.513188927481621e-06
2189,"(6.0, 8.0, 8.0, 13.0, 13.0)",2466750.000000002,1,-10.622097812993168,2.0,4.0,2.4371459254317058e-05,8.107834194790711e-07,1.6215661815883888e-06
2190,"(6.0, 8.0, 8.0, 13.0, 14.0)",4933500.000000004,64,-10.545464183642482,78.0,112.0,2.6312559542076116e-05,1.5810276679841885e-05,2.2701685780565298e-05
2191,"(6.0, 8.0, 8.0, 14.0, 14.0)",2466750.000000002,43,-10.468830554291795,53.0,75.0,2.840826158296864e-05,2.1485760616195382e-05,3.0403916592555907e-05
2192,"(6.0, 8.0, 9.0, 9.0, 9.0)",1794000.000000001,22,-12.014158988768513,25.0,31.0,6.057829509625659e-06,1.3935340022296536e-05,1.7279627433946167e-05
2193,"(6.0, 8.0, 9.0, 9.0, 11.0)",5382000.000000003,89,-11.669733356682045,107.0,149.0,8.54868270324019e-06,1.9881085098476393e-05,2.768448025341776e-05
2194,"(6.0, 8.0, 9.0, 9.0, 12.0)",5382000.000000003,77,-11.75544483376028,88.0,114.0,7.846485497385174e-06,1.6350798959494603e-05,2.118144948526412e-05
2195,"(6.0, 8.0, 9.0, 9.0, 13.0)",5382000.000000003,83,-11.640558460448087,95.0,123.0,8.801763485756068e-06,1.7651430694908948e-05,2.2853646063560743e-05
2196,"(6.0, 8.0, 9.0, 9.0, 14.0)",5382000.000000003,1399,-11.563924831097404,1647.0,2249.0,9.502792728884424e-06,0.00030602006688963196,0.00041778074785392633
2197,"(6.0, 8.0, 9.0, 11.0, 11.0)",5382000.000000003,52,-11.325307724595577,66.0,106.0,1.2063722797836535e-05,1.2263099219620952e-05,1.96951301812433e-05
2198,"(6.0, 8.0, 9.0, 11.0, 12.0)",10764000.000000006,90,-11.41101920167381,105.0,139.0,1.1072796741165924e-05,9.754738015607575e-06,1.291331993241437e-05
2199,"(6.0, 8.0, 9.0, 11.0, 13.0)",10764000.000000006,117,-11.29613282836162,136.0,184.0,1.242086512159759e-05,1.2634708286882193e-05,1.7093857458163592e-05
2200,"(6.0, 8.0, 9.0, 11.0, 14.0)",10764000.000000006,1917,-11.219499199010931,2300.0,3214.0,1.341014297361949e-05,0.00021367521367521357,0.000298542228447468
2201,"(6.0, 8.0, 9.0, 12.0, 12.0)",4933500.000000004,46,-11.496730678752046,54.0,72.0,1.0163266325479735e-05,1.0945576162967459e-05,1.4593981744985739e-05
2202,"(6.0, 8.0, 9.0, 12.0, 13.0)",9867000.000000007,133,-11.381844305439854,152.0,198.0,1.1400603043162746e-05,1.540488497010235e-05,2.0066652321626068e-05
2203,"(6.0, 8.0, 9.0, 12.0, 14.0)",9867000.000000007,1171,-11.30521067608917,1399.0,1947.0,1.2308620639351184e-05,0.00014178575048140254,0.00019730431151667932
2204,"(6.0, 8.0, 9.0, 13.0, 13.0)",4933500.000000004,47,-11.266957932127664,52.0,64.0,1.2788580519819875e-05,1.0540184453227924e-05,1.2972423616176829e-05
2205,"(6.0, 8.0, 9.0, 13.0, 14.0)",9867000.000000007,1632,-11.190324302776975,1928.0,2626.0,1.3807145599079771e-05,0.00019539880409445611,0.0002661014767513635
2206,"(6.0, 8.0, 9.0, 14.0, 14.0)",4933500.000000004,1356,-11.11369067342629,1612.0,2216.0,1.490683577420775e-05,0.0003267457180500656,0.0004490672516271413
2207,"(6.0, 8.0, 11.0, 11.0, 12.0)",5382000.000000003,2,-11.06659356958734,3.0,5.0,1.5625699902463738e-05,5.574136008918615e-07,9.2902235744318e-07
2208,"(6.0, 8.0, 11.0, 11.0, 13.0)",5382000.000000003,1,-10.95170719627515,1.0,1.0,1.752806589481623e-05,1.858045336306205e-07,1.8580449910729578e-07
2209,"(6.0, 8.0, 11.0, 11.0, 14.0)",5382000.000000003,64,-10.875073566924463,76.0,110.0,1.8924114173963104e-05,1.4121144555927157e-05,2.0438299292644684e-05
2210,"(6.0, 8.0, 11.0, 12.0, 13.0)",9867000.000000007,2,-11.037418673353384,3.0,5.0,1.6088293321350918e-05,3.040437823046516e-07,5.067395447317979e-07
2211,"(6.0, 8.0, 11.0, 12.0, 14.0)",9867000.000000007,33,-10.9607850440027,42.0,62.0,1.7369668821674885e-05,4.256612952265123e-06,6.283553382208976e-06
2212,"(6.0, 8.0, 11.0, 13.0, 13.0)",4933500.000000004,1,-10.922532300041194,2.0,4.0,1.8046978198225075e-05,4.0539170973953553e-07,8.107832551366327e-07
2213,"(6.0, 8.0, 11.0, 13.0, 14.0)",9867000.000000007,92,-10.845898670690508,118.0,176.0,1.9484356001835702e-05,1.1959055437316298e-05,1.783709220953261e-05
2214,"(6.0, 8.0, 11.0, 14.0, 14.0)",4933500.000000004,42,-10.76926504133982,49.0,63.0,2.10362158493442e-05,9.932096888618621e-06,1.2769740210246764e-05
2215,"(6.0, 8.0, 12.0, 12.0, 13.0)",4144140.0000000014,1,-11.12313015043162,1.0,1.0,1.476678508325164e-05,2.41304589130676e-07,2.4130453090277125e-07
2216,"(6.0, 8.0, 12.0, 12.0, 14.0)",4144140.0000000014,3,-11.046496521080936,3.0,3.0,1.594290713959908e-05,7.239137673920281e-07,7.239132433408855e-07
2217,"(6.0, 8.0, 12.0, 13.0, 13.0)",4144140.0000000014,1,-11.00824377711943,1.0,1.0,1.656458165774791e-05,2.41304589130676e-07,2.4130453090277125e-07
2218,"(6.0, 8.0, 12.0, 13.0, 14.0)",8288280.000000005,15,-10.931610147768744,22.0,44.0,1.7883891834743867e-05,2.6543504804374356e-06,5.3086939152983984e-06
2219,"(6.0, 8.0, 12.0, 14.0, 14.0)",4144140.0000000014,9,-10.854976518418058,9.0,9.0,1.9308280387945662e-05,2.171741302176084e-06,2.171736585715801e-06
2220,"(6.0, 8.0, 13.0, 13.0, 14.0)",4144140.0000000014,13,-10.816723774456552,16.0,22.0,2.006118359445336e-05,3.860873426090816e-06,5.30868605453126e-06
2221,"(6.0, 8.0, 13.0, 14.0, 14.0)",4144140.0000000014,21,-10.740090145105864,25.0,33.0,2.1658985713794403e-05,6.0326147282669e-06,7.963015048871849e-06
2222,"(6.0, 8.0, 14.0, 14.0, 14.0)",1381380.0000000007,6,-10.66345651575518,6.0,6.0,2.3384047104780517e-05,4.3434826043521675e-06,4.343463738511033e-06
2223,"(6.0, 9.0, 9.0, 9.0, 9.0)",448500.0000000002,3,-12.659019107903008,3.0,3.0,3.1787608468896167e-06,6.6889632107023385e-06,6.688918468473504e-06
2224,"(6.0, 9.0, 9.0, 9.0, 11.0)",1794000.000000001,23,-12.31459347581654,25.0,29.0,4.485801032591559e-06,1.3935340022296536e-05,1.6164800232162445e-05
2225,"(6.0, 9.0, 9.0, 9.0, 12.0)",1794000.000000001,15,-12.400304952894777,18.0,24.0,4.117332923474176e-06,1.0033444816053507e-05,1.3377825751389798e-05
2226,"(6.0, 9.0, 9.0, 9.0, 13.0)",1794000.000000001,13,-12.285418579582585,15.0,19.0,4.618601614265792e-06,8.361204013377921e-06,1.0590788507212813e-05
2227,"(6.0, 9.0, 9.0, 9.0, 14.0)",1794000.000000001,179,-12.208784950231898,202.0,252.0,4.9864568513668575e-06,0.00011259754738015602,0.00014045554921707308
2228,"(6.0, 9.0, 9.0, 11.0, 11.0)",2691000.0000000014,41,-11.97016784373007,49.0,71.0,6.330268891945457e-06,1.8208844295800806e-05,2.638391221353752e-05
2229,"(6.0, 9.0, 9.0, 11.0, 12.0)",5382000.000000003,38,-12.055879320808303,46.0,64.0,5.8102943786148695e-06,8.547008547008543e-06,1.1891417101004609e-05
2230,"(6.0, 9.0, 9.0, 11.0, 13.0)",5382000.000000003,37,-11.940992947496117,44.0,60.0,6.517674304021642e-06,8.175399479747302e-06,1.1148205180680576e-05
2231,"(6.0, 9.0, 9.0, 11.0, 14.0)",5382000.000000003,536,-11.864359318145429,671.0,1007.0,7.036783945140711e-06,0.00012467484206614635,0.0001870896215497906
2232,"(6.0, 9.0, 9.0, 12.0, 12.0)",2466750.000000002,13,-12.141590797886542,16.0,24.0,5.3330310832638565e-06,6.4862673558325685e-06,9.72935896208464e-06
2233,"(6.0, 9.0, 9.0, 12.0, 13.0)",4933500.000000004,28,-12.02670442457435,34.0,46.0,5.98230612580838e-06,6.8916590655721035e-06,9.323961829044642e-06
2234,"(6.0, 9.0, 9.0, 12.0, 14.0)",4933500.000000004,292,-11.950070795223665,346.0,470.0,6.458775590401978e-06,7.013276578493965e-05,9.52621331839542e-05
2235,"(6.0, 9.0, 9.0, 13.0, 13.0)",2466750.000000002,13,-11.91181805126216,18.0,32.0,6.710627788237431e-06,7.297050775311639e-06,1.2972481464715119e-05
2236,"(6.0, 9.0, 9.0, 13.0, 14.0)",4933500.000000004,371,-11.835184421911473,444.0,604.0,7.245105489997708e-06,8.999695956217689e-05,0.0001224201968886093
2237,"(6.0, 9.0, 9.0, 14.0, 14.0)",2466750.000000002,345,-11.758550792560786,403.0,535.0,7.822152444992335e-06,0.0001633728590250328,0.0002168578740195855
2238,"(6.0, 9.0, 11.0, 11.0, 11.0)",1794000.000000001,11,-11.6257422116436,13.0,17.0,8.93314347943374e-06,7.246376811594199e-06,9.475978705184748e-06
2239,"(6.0, 9.0, 11.0, 11.0, 12.0)",5382000.000000003,24,-11.711453688721836,31.0,47.0,8.199366287260862e-06,5.759940542549235e-06,8.732779903724108e-06
2240,"(6.0, 9.0, 11.0, 11.0, 13.0)",5382000.000000003,34,-11.596567315409644,36.0,40.0,9.197606089707563e-06,6.688963210702338e-06,7.432136602995985e-06
2241,"(6.0, 9.0, 11.0, 11.0, 14.0)",5382000.000000003,351,-11.51993368605896,430.0,622.0,9.930162792247337e-06,7.989594946116681e-05,0.00011556403655550565
2242,"(6.0, 9.0, 11.0, 12.0, 12.0)",4933500.000000004,24,-11.797165165800072,27.0,33.0,7.525862275407176e-06,5.472788081483729e-06,6.6889332592929515e-06
2243,"(6.0, 9.0, 11.0, 12.0, 13.0)",9867000.000000007,38,-11.68227879248788,47.0,69.0,8.442105678597456e-06,4.763352589439542e-06,6.992984303479096e-06
2244,"(6.0, 9.0, 11.0, 12.0, 14.0)",9867000.000000007,418,-11.605645163137195,491.0,657.0,9.114489453037009e-06,4.9761832370527986e-05,6.658311208475784e-05
2245,"(6.0, 9.0, 11.0, 13.0, 13.0)",4933500.000000004,16,-11.56739241917569,20.0,28.0,9.469898023712022e-06,4.053917097395355e-06,5.675467502109665e-06
2246,"(6.0, 9.0, 11.0, 13.0, 14.0)",9867000.000000007,612,-11.490758789825003,716.0,958.0,1.0224141813017342e-05,7.256511604337686e-05,9.708604878655238e-05
2247,"(6.0, 9.0, 11.0, 14.0, 14.0)",4933500.000000004,505,-11.414125160474317,605.0,835.0,1.1038458444953198e-05,0.0001226309921962095,0.00016923600045600905
2248,"(6.0, 9.0, 12.0, 12.0, 12.0)",1381380.0000000007,3,-11.882876642878308,5.0,11.0,6.907680545555668e-06,3.6195688369601394e-06,7.96303834003374e-06
2249,"(6.0, 9.0, 12.0, 12.0, 13.0)",4144140.0000000014,15,-11.767990269566116,17.0,21.0,7.74866281437732e-06,4.102178015221492e-06,5.0673795438797276e-06
2250,"(6.0, 9.0, 12.0, 12.0, 14.0)",4144140.0000000014,102,-11.69135664021543,128.0,190.0,8.365816324217789e-06,3.088698740872653e-05,4.584691792883725e-05
2251,"(6.0, 9.0, 12.0, 13.0, 13.0)",4144140.0000000014,15,-11.653103896253924,19.0,29.0,8.692031285312424e-06,4.5847871934828445e-06,6.9978120645159946e-06
2252,"(6.0, 9.0, 12.0, 13.0, 14.0)",8288280.000000005,256,-11.57647026690324,306.0,426.0,9.38432074787883e-06,3.691960213699342e-05,5.139651442781202e-05
2253,"(6.0, 9.0, 12.0, 14.0, 14.0)",4144140.0000000014,273,-11.499836637552551,315.0,419.0,1.0131748610693597e-05,7.601094557616294e-05,0.00010110084518190587
2254,"(6.0, 9.0, 13.0, 13.0, 13.0)",1381380.0000000007,2,-11.538217522941734,2.0,2.0,9.750251065857108e-06,1.4478275347840557e-06,1.4478254385794852e-06
2255,"(6.0, 9.0, 13.0, 13.0, 14.0)",4144140.0000000014,173,-11.461583893591047,199.0,255.0,1.0526823980599823e-05,4.801961323700453e-05,6.153036434506695e-05
2256,"(6.0, 9.0, 13.0, 14.0, 14.0)",4144140.0000000014,294,-11.38495026424036,336.0,432.0,1.1365248173616178e-05,8.107834194790714e-05,0.000104237008806919
2257,"(6.0, 9.0, 14.0, 14.0, 14.0)",1381380.0000000007,165,-11.308316634889676,197.0,271.0,1.2270449879843537e-05,0.0001426110121762295,0.00019616029306244564
2258,"(6.0, 11.0, 11.0, 11.0, 12.0)",1794000.000000001,2,-11.367028056635366,3.0,5.0,1.1570774754565386e-05,1.6722408026755844e-06,2.787065208070005e-06
2259,"(6.0, 11.0, 11.0, 11.0, 14.0)",1794000.000000001,10,-11.17550805397249,11.0,13.0,1.4013238696724256e-05,6.131549609810476e-06,7.246339215693582e-06
2260,"(6.0, 11.0, 11.0, 12.0, 14.0)",4933500.000000004,10,-11.261219531050726,12.0,18.0,1.2862177486546263e-05,2.432350258437213e-06,3.64851947132804e-06
2261,"(6.0, 11.0, 11.0, 13.0, 14.0)",4933500.000000004,12,-11.146333157738534,14.0,18.0,1.4428095761615007e-05,2.837741968176749e-06,3.648517334876342e-06
2262,"(6.0, 11.0, 11.0, 14.0, 14.0)",2466750.000000002,6,-11.069699528387847,7.0,9.0,1.5577242414773463e-05,2.837741968176749e-06,3.648517334876342e-06
2263,"(6.0, 11.0, 12.0, 12.0, 13.0)",4144140.0000000014,1,-11.423564637479648,3.0,9.0,1.093475141042739e-05,7.239137673920281e-07,2.1717407781249414e-06
2264,"(6.0, 11.0, 12.0, 12.0, 14.0)",4144140.0000000014,3,-11.346931008128962,3.0,3.0,1.1805665576373139e-05,7.239137673920281e-07,7.239132433408855e-07
2265,"(6.0, 11.0, 12.0, 13.0, 14.0)",8288280.000000005,10,-11.23204463481677,12.0,16.0,1.3242957784067338e-05,1.4478275347840557e-06,1.9304346168408373e-06
2266,"(6.0, 11.0, 12.0, 14.0, 14.0)",4144140.0000000014,3,-11.155411005466084,3.0,3.0,1.4297712400817695e-05,7.239137673920281e-07,7.239132433408855e-07
2267,"(6.0, 11.0, 13.0, 13.0, 14.0)",4144140.0000000014,1,-11.117158261504578,1.0,1.0,1.4855234525834126e-05,2.41304589130676e-07,2.4130453090277125e-07
2268,"(6.0, 11.0, 13.0, 14.0, 14.0)",4144140.0000000014,6,-11.040524632153891,6.0,6.0,1.603840126656661e-05,1.4478275347840561e-06,1.4478254385794856e-06
2269,"(6.0, 11.0, 14.0, 14.0, 14.0)",1381380.0000000007,4,-10.963891002803209,4.0,4.0,1.7315803041686482e-05,2.8956550695681114e-06,2.8956466847498294e-06
2270,"(7.0, 7.0, 7.0, 8.0, 9.0)",2639000.000000001,21,-10.798043816600524,25.0,35.0,2.0439447637480907e-05,9.473285335354298e-06,1.3262509726360971e-05
2271,"(7.0, 7.0, 7.0, 8.0, 14.0)",2427880.000000001,9,-10.347809658929414,11.0,15.0,3.206294169937283e-05,4.530701682125968e-06,6.178209039277679e-06
2272,"(7.0, 7.0, 7.0, 9.0, 9.0)",1319500.0000000005,8,-11.44290393573502,8.0,8.0,1.072531271783674e-05,6.0629026146267506e-06,6.062865855838636e-06
2273,"(7.0, 7.0, 7.0, 9.0, 11.0)",2639000.000000001,15,-11.09847830364855,19.0,29.0,1.5135337693496577e-05,7.199696854869266e-06,1.0988959153376183e-05
2274,"(7.0, 7.0, 7.0, 9.0, 12.0)",2427880.000000001,6,-11.184189780726786,6.0,6.0,1.3892106168010518e-05,2.4712918266141647e-06,2.4712857193308726e-06
2275,"(7.0, 7.0, 7.0, 9.0, 13.0)",2427880.000000001,12,-11.069303407414594,13.0,15.0,1.558341410948756e-05,5.35446562433069e-06,6.178200896233289e-06
2276,"(7.0, 7.0, 7.0, 9.0, 14.0)",2427880.000000001,183,-10.99266977806391,215.0,287.0,1.6824577771316135e-05,8.855462378700755e-05,0.00011820228378498349
2277,"(7.0, 7.0, 7.0, 11.0, 14.0)",2427880.000000001,6,-10.64824414597744,6.0,6.0,2.3742493372326298e-05,2.4712918266141647e-06,2.4712857193308726e-06
2278,"(7.0, 7.0, 7.0, 12.0, 14.0)",2054360.0000000007,1,-10.733955623055676,1.0,1.0,2.1792261613255403e-05,4.867696022118809e-07,4.867693652672353e-07
2279,"(7.0, 7.0, 7.0, 13.0, 14.0)",2054360.0000000007,3,-10.619069249743484,3.0,3.0,2.4445381642968107e-05,1.4603088066356427e-06,1.460306674133832e-06
2280,"(7.0, 7.0, 8.0, 8.0, 9.0)",3393000.000000002,29,-10.659251050538424,36.0,58.0,2.3482594976086563e-05,1.061007957559681e-05,1.7093904520228483e-05
2281,"(7.0, 7.0, 8.0, 8.0, 11.0)",3393000.000000002,1,-10.314825418451957,1.0,1.0,3.3138148437536846e-05,2.94724432655467e-07,2.947243457929758e-07
2282,"(7.0, 7.0, 8.0, 8.0, 12.0)",3251625.000000002,2,-10.400536895530191,3.0,5.0,3.0416148329704183e-05,9.226156152692879e-07,1.5376918408959063e-06
2283,"(7.0, 7.0, 8.0, 8.0, 13.0)",3251625.000000002,1,-10.285650522218,1.0,1.0,3.411919181332151e-05,3.07538538423096e-07,3.0753844384314335e-07
2284,"(7.0, 7.0, 8.0, 8.0, 14.0)",3251625.000000002,37,-10.209016892867314,49.0,79.0,3.6836664425685224e-05,1.5069388382731702e-05,2.4295317448958352e-05
2285,"(7.0, 7.0, 8.0, 9.0, 9.0)",3393000.000000002,44,-11.30411116967292,55.0,81.0,1.2322161489480986e-05,1.6209843796050684e-05,2.387241628605693e-05
2286,"(7.0, 7.0, 8.0, 9.0, 11.0)",6786000.000000004,60,-10.95968553758645,69.0,89.0,1.7388777387062512e-05,1.016799292661361e-05,1.3115133865088125e-05
2287,"(7.0, 7.0, 8.0, 9.0, 12.0)",6503250.000000004,69,-11.045397014664688,85.0,127.0,1.596044610863027e-05,1.3070387882981578e-05,1.952852635482718e-05
2288,"(7.0, 7.0, 8.0, 9.0, 13.0)",6503250.000000004,87,-10.930510641352496,103.0,137.0,1.790356610257346e-05,1.583823472878944e-05,2.106613903230275e-05
2289,"(7.0, 7.0, 8.0, 9.0, 14.0)",6503250.000000004,1373,-10.85387701200181,1641.0,2285.0,1.9329521641426256e-05,0.00025233537077615025,0.00035129910700904243
2290,"(7.0, 7.0, 8.0, 11.0, 12.0)",6503250.000000004,2,-10.700971382578215,2.0,2.0,2.252304878637577e-05,3.07538538423096e-07,3.0753844384314335e-07
2291,"(7.0, 7.0, 8.0, 11.0, 13.0)",6503250.000000004,4,-10.586085009266023,6.0,10.0,2.5265139209380903e-05,9.226156152692879e-07,1.5376918408959063e-06
2292,"(7.0, 7.0, 8.0, 11.0, 14.0)",6503250.000000004,50,-10.50945137991534,55.0,65.0,2.727741793581426e-05,8.45730980663514e-06,9.994930972661452e-06
2293,"(7.0, 7.0, 8.0, 12.0, 14.0)",5722860.000000005,9,-10.595162856993577,10.0,12.0,2.5036823996094324e-05,1.7473780592221358e-06,2.096850617736481e-06
2294,"(7.0, 7.0, 8.0, 13.0, 13.0)",2861430.0000000023,2,-10.556910113032073,2.0,2.0,2.6013104881221502e-05,6.989512236888543e-07,6.989507351560412e-07
2295,"(7.0, 7.0, 8.0, 13.0, 14.0)",5722860.000000005,22,-10.480276483681385,23.0,25.0,2.8084956420496997e-05,4.0189695362109125e-06,4.368428995939207e-06
2296,"(7.0, 7.0, 8.0, 14.0, 14.0)",2861430.0000000023,8,-10.403642854330698,10.0,14.0,3.032182358633446e-05,3.4947561184442716e-06,4.892646352501653e-06
2297,"(7.0, 7.0, 9.0, 9.0, 9.0)",1131000.0000000007,7,-11.948971288807414,8.0,10.0,6.4658809610892655e-06,7.073386383731207e-06,8.841682946869075e-06
2298,"(7.0, 7.0, 9.0, 9.0, 11.0)",3393000.000000002,41,-11.604545656720946,50.0,70.0,9.12451640400978e-06,1.4736221632773348e-05,2.063049312965468e-05
2299,"(7.0, 7.0, 9.0, 9.0, 12.0)",3251625.000000002,18,-11.690257133799182,21.0,27.0,8.375019651574984e-06,6.458309306885015e-06,8.303498827664487e-06
2300,"(7.0, 7.0, 9.0, 9.0, 13.0)",3251625.000000002,11,-11.57537076048699,12.0,14.0,9.394644543252845e-06,3.6904624610771517e-06,4.305525918410166e-06
2301,"(7.0, 7.0, 9.0, 9.0, 14.0)",3251625.000000002,347,-11.498737131136304,407.0,555.0,1.0142894659752205e-05,0.00012516818513820006,0.00017066822175024746
2302,"(7.0, 7.0, 9.0, 11.0, 11.0)",3393000.000000002,32,-11.260120024634476,34.0,38.0,1.287632731070539e-05,1.0020630710285877e-05,1.1199428027867914e-05
2303,"(7.0, 7.0, 9.0, 11.0, 12.0)",6503250.000000004,37,-11.345831501712713,47.0,71.0,1.181865312005786e-05,7.227155652942755e-06,1.0917565882241076e-05
2304,"(7.0, 7.0, 9.0, 11.0, 13.0)",6503250.000000004,43,-11.23094512840052,51.0,67.0,1.3257526508856535e-05,7.842232729788947e-06,1.0302479536559527e-05
2305,"(7.0, 7.0, 9.0, 11.0, 14.0)",6503250.000000004,494,-11.154311499049836,596.0,864.0,1.4313441472863283e-05,9.16464844500826e-05,0.0001328482495206654
2306,"(7.0, 7.0, 9.0, 12.0, 12.0)",2861430.0000000023,11,-11.431542978790947,14.0,20.0,1.0847857327774131e-05,4.89265856582198e-06,6.989488298780701e-06
2307,"(7.0, 7.0, 9.0, 12.0, 13.0)",5722860.000000005,18,-11.316656605478755,25.0,45.0,1.2168540241119716e-05,4.3684451480553395e-06,7.8631821831866e-06
2308,"(7.0, 7.0, 9.0, 12.0, 14.0)",5722860.000000005,260,-11.24002297612807,304.0,400.0,1.3137721311369358e-05,5.312029300035293e-05,6.989230060335699e-05
2309,"(7.0, 7.0, 9.0, 13.0, 13.0)",2861430.0000000023,10,-11.201770232166565,12.0,16.0,1.3650010976880422e-05,4.1937073421331256e-06,5.591592202329563e-06
2310,"(7.0, 7.0, 9.0, 13.0, 14.0)",5722860.000000005,326,-11.12513660281588,394.0,558.0,1.473718593668275e-05,6.884669553335214e-05,9.749895583710931e-05
2311,"(7.0, 7.0, 9.0, 14.0, 14.0)",2861430.0000000023,360,-11.048502973465194,422.0,572.0,1.5910950525989663e-05,0.00014747870819834826,0.0001998783000056405
2312,"(7.0, 7.0, 11.0, 11.0, 11.0)",1131000.0000000007,1,-10.915694392548009,1.0,1.0,1.8170804640074544e-05,8.841732979664009e-07,8.841725162039801e-07
2313,"(7.0, 7.0, 11.0, 11.0, 12.0)",3251625.000000002,1,-11.001405869626243,1.0,1.0,1.667823687386637e-05,3.07538538423096e-07,3.0753844384314335e-07
2314,"(7.0, 7.0, 11.0, 11.0, 13.0)",3251625.000000002,1,-10.886519496314053,1.0,1.0,1.87087450008169e-05,3.07538538423096e-07,3.0753844384314335e-07
2315,"(7.0, 7.0, 11.0, 11.0, 14.0)",3251625.000000002,16,-10.809885866963366,23.0,41.0,2.019883018306809e-05,7.073386383731207e-06,1.2609030042552e-05
2316,"(7.0, 7.0, 11.0, 12.0, 14.0)",5722860.000000005,6,-10.895597344041605,7.0,9.0,1.853967840396241e-05,1.223164641455495e-06,1.572638757168182e-06
2317,"(7.0, 7.0, 11.0, 13.0, 14.0)",5722860.000000005,6,-10.78071097072941,7.0,9.0,2.0796809535687924e-05,1.223164641455495e-06,1.572638757168182e-06
2318,"(7.0, 7.0, 11.0, 14.0, 14.0)",2861430.0000000023,6,-10.704077341378724,8.0,14.0,2.2453201652095294e-05,2.795804894755417e-06,4.892650749296971e-06
2319,"(7.0, 7.0, 12.0, 12.0, 14.0)",2311155.000000001,1,-10.981308821119836,3.0,9.0,1.7016810983958856e-05,1.2980522725650156e-06,3.894155132755344e-06
2320,"(7.0, 7.0, 13.0, 14.0, 14.0)",2311155.000000001,1,-10.674902445144768,1.0,1.0,2.311792088912405e-05,4.326840908550052e-07,4.326839036394827e-07
2321,"(7.0, 8.0, 8.0, 8.0, 8.0)",448500.0000000002,2,-9.87559816534183,4.0,10.0,5.14140968490239e-05,8.918617614269785e-06,2.2296464493934314e-05
2322,"(7.0, 8.0, 8.0, 8.0, 9.0)",1794000.000000001,31,-10.520458284476325,38.0,54.0,2.6978824310287873e-05,2.1181716833890734e-05,3.0099885783032488e-05
2323,"(7.0, 8.0, 8.0, 8.0, 12.0)",1794000.000000001,3,-10.261744129468092,3.0,3.0,3.494468659951732e-05,1.6722408026755844e-06,1.6722380062862824e-06
2324,"(7.0, 8.0, 8.0, 8.0, 13.0)",1794000.000000001,2,-10.1468577561559,2.0,2.0,3.919906136770656e-05,1.114827201783723e-06,1.114825958944033e-06
2325,"(7.0, 8.0, 8.0, 8.0, 14.0)",1794000.000000001,60,-10.070224126805217,77.0,121.0,4.232112757255469e-05,4.2920847268673334e-05,6.744520350878498e-05
2326,"(7.0, 8.0, 8.0, 9.0, 9.0)",2691000.0000000014,50,-11.16531840361082,62.0,88.0,1.4156758666844077e-05,2.303976217019694e-05,3.270106708834835e-05
2327,"(7.0, 8.0, 8.0, 9.0, 11.0)",5382000.000000003,70,-10.82089277152435,86.0,120.0,1.9977722673920924e-05,1.597918989223336e-05,2.2296288701164847e-05
2328,"(7.0, 8.0, 8.0, 9.0, 12.0)",5382000.000000003,112,-10.906604248602587,147.0,237.0,1.8336732883101248e-05,2.7313266443701213e-05,4.4034928455933235e-05
2329,"(7.0, 8.0, 8.0, 9.0, 13.0)",5382000.000000003,114,-10.791717875290397,137.0,191.0,2.0569156215521922e-05,2.5455221107395006e-05,3.548801795516689e-05
2330,"(7.0, 8.0, 8.0, 9.0, 14.0)",5382000.000000003,2069,-10.71508424593971,2477.0,3445.0,2.2207416552429658e-05,0.00046023782980304697,0.0006398847994975057
2331,"(7.0, 8.0, 8.0, 11.0, 12.0)",5382000.000000003,6,-10.562178616516118,7.0,9.0,2.5876415138891902e-05,1.3006317354143434e-06,1.6722391110326732e-06
2332,"(7.0, 8.0, 8.0, 11.0, 13.0)",5382000.000000003,3,-10.447292243203924,3.0,3.0,2.902676440142082e-05,5.574136008918615e-07,5.574132901819391e-07
2333,"(7.0, 8.0, 8.0, 11.0, 14.0)",5382000.000000003,132,-10.37065861385324,163.0,231.0,3.133864323248954e-05,3.028613898179114e-05,4.291993001845891e-05
2334,"(7.0, 8.0, 8.0, 12.0, 13.0)",4933500.000000004,6,-10.533003720282162,7.0,9.0,2.6642477422332828e-05,1.4188709840883744e-06,1.8242606806330404e-06
2335,"(7.0, 8.0, 8.0, 12.0, 14.0)",4933500.000000004,38,-10.456370090931475,44.0,56.0,2.876445625221942e-05,8.918617614269782e-06,1.1350888330966846e-05
2336,"(7.0, 8.0, 8.0, 13.0, 13.0)",2466750.000000002,2,-10.418117346969971,2.0,2.0,2.9886091680678702e-05,8.107834194790711e-07,8.107827621093177e-07
2337,"(7.0, 8.0, 8.0, 13.0, 14.0)",4933500.000000004,80,-10.341483717619283,100.0,158.0,3.226641288163774e-05,2.0269585486976777e-05,3.202553421332749e-05
2338,"(7.0, 8.0, 8.0, 14.0, 14.0)",2466750.000000002,46,-10.2648500882686,57.0,81.0,3.483631822361689e-05,2.3107327455153526e-05,3.2836194540320256e-05
2339,"(7.0, 8.0, 9.0, 9.0, 9.0)",1794000.000000001,28,-11.810178522745314,32.0,40.0,7.428560030869885e-06,1.7837235228539567e-05,2.229622586871386e-05
2340,"(7.0, 8.0, 9.0, 9.0, 11.0)",5382000.000000003,78,-11.465752890658846,95.0,133.0,1.0483029036220434e-05,1.7651430694908948e-05,2.4711691399866946e-05
2341,"(7.0, 8.0, 9.0, 9.0, 12.0)",5382000.000000003,84,-11.551464367737085,101.0,139.0,9.621942719922699e-06,1.876625789669267e-05,2.5826478002220802e-05
2342,"(7.0, 8.0, 9.0, 9.0, 13.0)",5382000.000000003,103,-11.43657799442489,117.0,157.0,1.0793375470135641e-05,2.1739130434782597e-05,2.9170839190215355e-05
2343,"(7.0, 8.0, 9.0, 9.0, 14.0)",5382000.000000003,1638,-11.359944365074204,1940.0,2662.0,1.1653029543876041e-05,0.00036046079524340374,0.0004944817365398043
2344,"(7.0, 8.0, 9.0, 11.0, 11.0)",5382000.000000003,60,-11.121327258572377,78.0,124.0,1.4793432013414365e-05,1.4492753623188398e-05,2.303955213028936e-05
2345,"(7.0, 8.0, 9.0, 11.0, 12.0)",10764000.000000006,117,-11.207038735650611,143.0,199.0,1.3578284956793772e-05,1.3285024154589366e-05,1.848737460437995e-05
2346,"(7.0, 8.0, 9.0, 11.0, 13.0)",10764000.000000006,127,-11.09215236233842,151.0,205.0,1.5231386430488625e-05,1.4028242289111848e-05,1.904476790555688e-05
2347,"(7.0, 8.0, 9.0, 11.0, 14.0)",10764000.000000006,2259,-11.015518732987736,2722.0,3814.0,1.644451233627337e-05,0.0002528799702712745,0.0003542652973542289
2348,"(7.0, 8.0, 9.0, 12.0, 12.0)",4933500.000000004,48,-11.292750212728848,56.0,76.0,1.2462951274640608e-05,1.1350967872706995e-05,1.5404756125630702e-05
2349,"(7.0, 8.0, 9.0, 12.0, 13.0)",9867000.000000007,153,-11.177863839416656,197.0,309.0,1.398026536727108e-05,1.9965541704672126e-05,3.131611095452355e-05
2350,"(7.0, 8.0, 9.0, 12.0, 14.0)",9867000.000000007,1363,-11.101230210065973,1639.0,2327.0,1.5093743917906066e-05,0.00016610925306577467,0.00023580903485702072
2351,"(7.0, 8.0, 9.0, 13.0, 13.0)",4933500.000000004,76,-11.062977466104464,89.0,117.0,1.5682306335981023e-05,1.803993108340933e-05,2.3715089580649335e-05
2352,"(7.0, 8.0, 9.0, 13.0, 14.0)",9867000.000000007,1917,-10.98634383675378,2253.0,3067.0,1.693134641289414e-05,0.0002283368805107934,0.0003107819557117874
2353,"(7.0, 8.0, 9.0, 14.0, 14.0)",4933500.000000004,1648,-10.909710207403094,1958.0,2672.0,1.827986810177887e-05,0.0003968784838350053,0.0005414458116810882
2354,"(7.0, 8.0, 11.0, 11.0, 12.0)",5382000.000000003,3,-10.862613103564144,3.0,3.0,1.9161392634997128e-05,5.574136008918615e-07,5.574132901819391e-07
2355,"(7.0, 8.0, 11.0, 11.0, 13.0)",5382000.000000003,2,-10.747726730251951,3.0,5.0,2.1494214968874486e-05,5.574136008918615e-07,9.2902235744318e-07
2356,"(7.0, 8.0, 11.0, 11.0, 14.0)",5382000.000000003,53,-10.671093100901269,58.0,68.0,2.320615295444442e-05,1.0776662950575988e-05,1.2634592150417843e-05
2357,"(7.0, 8.0, 11.0, 12.0, 12.0)",4933500.000000004,3,-10.94832458064238,4.0,6.0,1.7587456996528964e-05,8.107834194790711e-07,1.2161744718488532e-06
2358,"(7.0, 8.0, 11.0, 12.0, 13.0)",9867000.000000007,4,-10.833438207330188,5.0,7.0,1.972865900930305e-05,5.067396371744194e-07,7.094352352591273e-07
2359,"(7.0, 8.0, 11.0, 12.0, 14.0)",9867000.000000007,42,-10.756804577979503,51.0,73.0,2.1299976724850756e-05,5.168744299179078e-06,7.398371986828893e-06
2360,"(7.0, 8.0, 11.0, 13.0, 13.0)",4933500.000000004,6,-10.718551834017996,8.0,12.0,2.2130543738197642e-05,1.6215668389581421e-06,2.4323476289581996e-06
2361,"(7.0, 8.0, 11.0, 13.0, 14.0)",9867000.000000007,133,-10.641918204667313,160.0,220.0,2.3893163053283108e-05,1.621566838958142e-05,2.2296281087773132e-05
2362,"(7.0, 8.0, 11.0, 14.0, 14.0)",4933500.000000004,59,-10.565284575316625,69.0,95.0,2.57961687450735e-05,1.3986013986013976e-05,1.925591060404072e-05
2363,"(7.0, 8.0, 12.0, 12.0, 13.0)",4144140.0000000014,1,-10.919149684408424,1.0,1.0,1.810812755287779e-05,2.41304589130676e-07,2.4130453090277125e-07
2364,"(7.0, 8.0, 12.0, 12.0, 14.0)",4144140.0000000014,7,-10.842516055057738,9.0,13.0,1.9550375685699073e-05,2.171741302176084e-06,3.1369549422385046e-06
2365,"(7.0, 8.0, 12.0, 13.0, 13.0)",4144140.0000000014,1,-10.804263311096232,3.0,9.0,2.0312719107611597e-05,7.239137673920281e-07,2.1717407781249414e-06
2366,"(7.0, 8.0, 12.0, 13.0, 14.0)",8288280.000000005,18,-10.727629681745547,23.0,35.0,2.1930555138417533e-05,2.7750027750027733e-06,4.222822609146428e-06
2367,"(7.0, 8.0, 12.0, 14.0, 14.0)",4144140.0000000014,9,-10.65099605239486,11.0,15.0,2.367724607085969e-05,2.654350480437436e-06,3.6195617913836674e-06
2368,"(7.0, 8.0, 13.0, 13.0, 14.0)",4144140.0000000014,16,-10.612743308433355,21.0,35.0,2.4600511847502884e-05,5.067396371744196e-06,8.445634941067673e-06
2369,"(7.0, 8.0, 13.0, 14.0, 14.0)",4144140.0000000014,21,-10.53610967908267,23.0,27.0,2.6559855361894545e-05,5.550005550005548e-06,6.515193103966647e-06
2370,"(7.0, 8.0, 14.0, 14.0, 14.0)",1381380.0000000007,6,-10.459476049731984,7.0,9.0,2.8675253637715068e-05,5.067396371744195e-06,6.515198228022263e-06
2371,"(7.0, 9.0, 9.0, 9.0, 9.0)",448500.0000000002,7,-12.45503864187981,7.0,7.0,3.898032412001226e-06,1.5607580824972125e-05,1.5607337228392917e-05
2372,"(7.0, 9.0, 9.0, 9.0, 11.0)",1794000.000000001,17,-12.110613009793342,20.0,26.0,5.500822069058807e-06,1.114827201783723e-05,1.4492629339219414e-05
2373,"(7.0, 9.0, 9.0, 9.0, 12.0)",1794000.000000001,15,-12.196324486871578,18.0,24.0,5.048979133616284e-06,1.0033444816053507e-05,1.3377825751389798e-05
2374,"(7.0, 9.0, 9.0, 9.0, 13.0)",1794000.000000001,13,-12.081438113559386,17.0,29.0,5.663671996006063e-06,9.476031215161644e-06,1.616490463069639e-05
2375,"(7.0, 9.0, 9.0, 9.0, 14.0)",1794000.000000001,239,-12.0048044842087,274.0,362.0,6.1147633823075575e-06,0.00015273132664437005,0.0002017603966647153
2376,"(7.0, 9.0, 9.0, 11.0, 11.0)",2691000.0000000014,31,-11.766187377706872,37.0,51.0,7.762645416257495e-06,1.3749535488665916e-05,1.8951873380597135e-05
2377,"(7.0, 9.0, 9.0, 11.0, 12.0)",5382000.000000003,50,-11.851898854785109,56.0,68.0,7.125014086313139e-06,1.0405053883314748e-05,1.263460002173588e-05
2378,"(7.0, 9.0, 9.0, 11.0, 13.0)",5382000.000000003,51,-11.737012481472917,66.0,104.0,7.992455837878946e-06,1.2263099219620952e-05,1.9323521113982062e-05
2379,"(7.0, 9.0, 9.0, 11.0, 14.0)",5382000.000000003,626,-11.66037885212223,741.0,1009.0,8.629026597344662e-06,0.00013768115942028978,0.00018745781833163678
2380,"(7.0, 9.0, 9.0, 12.0, 12.0)",2466750.000000002,19,-11.937610331863343,24.0,36.0,6.539758420994041e-06,9.729401033748852e-06,1.4594006889378804e-05
2381,"(7.0, 9.0, 9.0, 12.0, 13.0)",4933500.000000004,37,-11.822723958551151,49.0,81.0,7.335947653857684e-06,9.932096888618621e-06,1.6418265597902583e-05
2382,"(7.0, 9.0, 9.0, 12.0, 14.0)",4933500.000000004,391,-11.746090329200468,478.0,704.0,7.920229865000436e-06,9.688861862774899e-05,0.00014268849442389692
2383,"(7.0, 9.0, 9.0, 13.0, 13.0)",2466750.000000002,22,-11.70783758523896,24.0,28.0,8.229069717220536e-06,9.729401033748852e-06,1.135087321146252e-05
2384,"(7.0, 9.0, 9.0, 13.0, 14.0)",4933500.000000004,475,-11.631203955888274,561.0,769.0,8.884485932942468e-06,0.00011371237458193971,0.00015586018189071835
2385,"(7.0, 9.0, 9.0, 14.0, 14.0)",2466750.000000002,444,-11.55457032653759,531.0,741.0,9.592103725585339e-06,0.00021526299787169337,0.0003003489187587431
2386,"(7.0, 9.0, 11.0, 11.0, 11.0)",1794000.000000001,21,-11.421761745620405,29.0,51.0,1.095448336667499e-05,1.6164994425863984e-05,2.8427832338440146e-05
2387,"(7.0, 9.0, 11.0, 11.0, 12.0)",5382000.000000003,33,-11.50747322269864,42.0,62.0,1.005467132794429e-05,7.80379041248606e-06,1.1519820185953669e-05
2388,"(7.0, 9.0, 11.0, 11.0, 13.0)",5382000.000000003,36,-11.392586849386449,49.0,81.0,1.1278787042309635e-05,9.104422147900403e-06,1.5050084333577612e-05
2389,"(7.0, 9.0, 11.0, 11.0, 14.0)",5382000.000000003,455,-11.315953220035762,558.0,822.0,1.2177102426092912e-05,0.00010367892976588624,0.00015272057732389265
2390,"(7.0, 9.0, 11.0, 12.0, 12.0)",4933500.000000004,22,-11.593184699776874,28.0,40.0,9.228770735143375e-06,5.675483936353498e-06,8.107801983672799e-06
2391,"(7.0, 9.0, 11.0, 12.0, 13.0)",9867000.000000007,49,-11.478298326464683,55.0,71.0,1.0352336380672411e-05,5.574136008918613e-06,7.19567177688451e-06
2392,"(7.0, 9.0, 11.0, 12.0, 14.0)",9867000.000000007,486,-11.401664697113995,588.0,812.0,1.117686325523544e-05,5.959258133171172e-05,8.229096580137594e-05
2393,"(7.0, 9.0, 11.0, 13.0, 13.0)",4933500.000000004,20,-11.363411953152491,21.0,23.0,1.1612691615632467e-05,4.256612952265123e-06,4.661986543250833e-06
2394,"(7.0, 9.0, 11.0, 13.0, 14.0)",9867000.000000007,647,-11.286778323801808,789.0,1149.0,1.2537601314372292e-05,7.996351474612338e-05,0.00011644237445899103
2395,"(7.0, 9.0, 11.0, 14.0, 14.0)",4933500.000000004,619,-11.21014469445112,731.0,987.0,1.3536176790103235e-05,0.00014817066990980023,0.00020003885420903926
2396,"(7.0, 9.0, 12.0, 12.0, 12.0)",1381380.0000000007,3,-11.678896176855112,3.0,3.0,8.470710429403147e-06,2.1717413021760838e-06,2.1717365857158004e-06
2397,"(7.0, 9.0, 12.0, 12.0, 13.0)",4144140.0000000014,13,-11.56400980354292,19.0,39.0,9.501985287652638e-06,4.5847871934828445e-06,9.410857955822754e-06
2398,"(7.0, 9.0, 12.0, 12.0, 14.0)",4144140.0000000014,148,-11.487376174192232,179.0,253.0,1.0258784713722218e-05,4.3193521454391004e-05,6.10481953697654e-05
2399,"(7.0, 9.0, 12.0, 13.0, 13.0)",4144140.0000000014,11,-11.449123430230728,16.0,28.0,1.0658813703909005e-05,3.860873426090816e-06,6.756513589315316e-06
2400,"(7.0, 9.0, 12.0, 13.0, 14.0)",8288280.000000005,335,-11.37248980088004,400.0,570.0,1.1507750410239529e-05,4.826091782613519e-05,6.876947878605322e-05
2401,"(7.0, 9.0, 12.0, 14.0, 14.0)",4144140.0000000014,322,-11.295856171529357,375.0,507.0,1.2424301914180248e-05,9.04892209240035e-05,0.0001223332383901493
2402,"(7.0, 9.0, 13.0, 13.0, 13.0)",1381380.0000000007,3,-11.334237056918536,3.0,3.0,1.195648131788516e-05,2.1717413021760838e-06,2.1717365857158004e-06
2403,"(7.0, 9.0, 13.0, 13.0, 14.0)",4144140.0000000014,169,-11.257603427567853,197.0,275.0,1.290877264703979e-05,4.753700405874317e-05,6.635650224418102e-05
2404,"(7.0, 9.0, 13.0, 14.0, 14.0)",4144140.0000000014,345,-11.180969798217165,382.0,468.0,1.393691060292962e-05,9.217835304791824e-05,0.00011292205086438574
2405,"(7.0, 9.0, 14.0, 14.0, 14.0)",1381380.0000000007,205,-11.10433616886648,246.0,334.0,1.5046936100357568e-05,0.00017808278677843887,0.00024175548482999055
2406,"(7.0, 11.0, 11.0, 11.0, 12.0)",1794000.000000001,1,-11.16304759061217,3.0,9.0,1.4188942546399604e-05,1.6722408026755844e-06,5.0167196116374514e-06
2407,"(7.0, 11.0, 11.0, 11.0, 14.0)",1794000.000000001,9,-10.971527587949293,11.0,17.0,1.7184073061170968e-05,6.131549609810476e-06,9.475993619261027e-06
2408,"(7.0, 11.0, 11.0, 12.0, 12.0)",2466750.000000002,1,-11.248759067690408,1.0,1.0,1.3023448849184348e-05,4.0539170973953553e-07,4.053915453970972e-07
2409,"(7.0, 11.0, 11.0, 12.0, 13.0)",4933500.000000004,1,-11.133872694378216,1.0,1.0,1.4609001262738925e-05,2.0269585486976777e-07,2.0269581378415818e-07
2410,"(7.0, 11.0, 11.0, 12.0, 14.0)",4933500.000000004,7,-11.05723906502753,8.0,10.0,1.5772556397417693e-05,1.6215668389581421e-06,2.026955919218664e-06
2411,"(7.0, 11.0, 11.0, 13.0, 14.0)",4933500.000000004,24,-10.942352691715335,28.0,36.0,1.7692801576206716e-05,5.675483936353498e-06,7.297018564193727e-06
2412,"(7.0, 11.0, 11.0, 14.0, 14.0)",2466750.000000002,12,-10.865719062364652,16.0,24.0,1.910197046808395e-05,6.4862673558325685e-06,9.72935896208464e-06
2413,"(7.0, 11.0, 12.0, 12.0, 14.0)",4144140.0000000014,5,-11.142950542105766,6.0,8.0,1.4476983100813801e-05,1.4478275347840561e-06,1.9304346168408377e-06
2414,"(7.0, 11.0, 12.0, 13.0, 14.0)",8288280.000000005,6,-11.028064168793572,7.0,9.0,1.6239497451835507e-05,8.445660619573658e-07,1.0858699377962088e-06
2415,"(7.0, 11.0, 12.0, 14.0, 14.0)",4144140.0000000014,6,-10.951430539442889,8.0,12.0,1.7532915824854556e-05,1.930436713045408e-06,2.895651342982209e-06
2416,"(7.0, 11.0, 13.0, 13.0, 14.0)",4144140.0000000014,8,-10.91317779548138,12.0,20.0,1.8216590822251274e-05,2.8956550695681122e-06,4.826083397795238e-06
2417,"(7.0, 11.0, 13.0, 14.0, 14.0)",4144140.0000000014,11,-10.836544166130697,12.0,14.0,1.9667477669775418e-05,2.8956550695681122e-06,3.378255863011182e-06
2418,"(7.0, 11.0, 14.0, 14.0, 14.0)",1381380.0000000007,4,-10.75991053678001,5.0,7.0,2.1233922508630664e-05,3.6195688369601394e-06,5.06738327046563e-06
2419,"(7.0, 12.0, 13.0, 13.0, 14.0)",3187800.000000001,1,-10.998889272559618,1.0,1.0,1.6720262134003078e-05,3.1369596586987884e-07,3.1369586746471986e-07
2420,"(7.0, 12.0, 13.0, 14.0, 14.0)",3187800.000000001,1,-10.922255643208931,1.0,1.0,1.8051971708757865e-05,3.1369596586987884e-07,3.1369586746471986e-07
2421,"(7.0, 12.0, 14.0, 14.0, 14.0)",1062600.0000000002,2,-10.845622013858248,2.0,2.0,1.9489747227771137e-05,1.882175795219273e-06,1.882172252633549e-06
2422,"(8.0, 8.0, 8.0, 8.0, 8.0)",65780.00000000001,1,-9.73680539927973,1.0,1.0,5.906893541256758e-05,1.520218911523259e-05,1.5201958008678694e-05
2423,"(8.0, 8.0, 8.0, 8.0, 9.0)",328900.00000000006,7,-10.381665518414223,7.0,7.0,3.099559320026566e-05,2.1283064761325628e-05,2.1282611792479992e-05
2424,"(8.0, 8.0, 8.0, 8.0, 14.0)",343850.00000000006,24,-9.931431360743115,27.0,35.0,4.862215042911388e-05,7.852261160389703e-05,0.00010178240479711122
2425,"(8.0, 8.0, 8.0, 9.0, 9.0)",657800.0000000001,16,-11.02652563754872,21.0,33.0,1.6264501656008274e-05,3.192459714198844e-05,5.016620490036487e-05
2426,"(8.0, 8.0, 8.0, 9.0, 11.0)",1315600.0000000002,22,-10.682100005462251,27.0,37.0,2.2952125635528412e-05,2.0522955305564e-05,2.812362867148582e-05
2427,"(8.0, 8.0, 8.0, 9.0, 12.0)",1375400.0000000002,33,-10.767811482540488,38.0,48.0,2.1066815459775502e-05,2.7628326305074883e-05,3.489817516620649e-05
2428,"(8.0, 8.0, 8.0, 9.0, 13.0)",1375400.0000000002,46,-10.652925109228295,53.0,69.0,2.3631615343812974e-05,3.853424458339392e-05,5.016573919226194e-05
2429,"(8.0, 8.0, 8.0, 9.0, 14.0)",1375400.0000000002,740,-10.57629147987761,874.0,1200.0,2.5513789688213798e-05,0.0006354515050167223,0.0008720696636502946
2430,"(8.0, 8.0, 8.0, 11.0, 11.0)",657800.0000000001,2,-10.337674373375783,2.0,2.0,3.2389561163988945e-05,3.040437823046518e-06,3.040428578784362e-06
2431,"(8.0, 8.0, 8.0, 11.0, 12.0)",1375400.0000000002,1,-10.423385850454018,1.0,1.0,2.972905075112703e-05,7.270612185546022e-07,7.270606899365866e-07
2432,"(8.0, 8.0, 8.0, 11.0, 13.0)",1375400.0000000002,5,-10.308499477141826,7.0,11.0,3.3348442873520795e-05,5.089428529882215e-06,7.997647501817864e-06
2433,"(8.0, 8.0, 8.0, 11.0, 14.0)",1375400.0000000002,49,-10.23186584779114,56.0,72.0,3.600452806655827e-05,4.071542823905772e-05,5.2346749989834664e-05
2434,"(8.0, 8.0, 8.0, 12.0, 13.0)",1315600.0000000002,4,-10.394210954220062,5.0,7.0,3.060916897386763e-05,3.800547278808148e-06,5.3207517461717885e-06
2435,"(8.0, 8.0, 8.0, 12.0, 14.0)",1315600.0000000002,17,-10.317577324869378,19.0,25.0,3.3047080716584225e-05,1.4442079659470962e-05,1.9002527820375848e-05
2436,"(8.0, 8.0, 8.0, 13.0, 13.0)",657800.0000000001,5,-10.279324580907872,5.0,5.0,3.4335711943048524e-05,7.601094557616296e-06,7.601036780977822e-06
2437,"(8.0, 8.0, 8.0, 13.0, 14.0)",1315600.0000000002,53,-10.202690951557186,61.0,79.0,3.707042961578113e-05,4.63666768014594e-05,6.004649713645112e-05
2438,"(8.0, 8.0, 8.0, 14.0, 14.0)",657800.0000000001,25,-10.1260573222065,29.0,39.0,4.002295785152058e-05,4.4086348434174516e-05,5.9286593943288846e-05
2439,"(8.0, 8.0, 9.0, 9.0, 9.0)",657800.0000000001,16,-11.671385756683216,18.0,22.0,8.534568524277482e-06,2.7363940407418663e-05,3.3444067268277076e-05
2440,"(8.0, 8.0, 9.0, 9.0, 11.0)",1973400.0000000005,43,-11.326960124596749,49.0,61.0,1.204380516275334e-05,2.4830242221546563e-05,3.0910501326710824e-05
2441,"(8.0, 8.0, 9.0, 9.0, 12.0)",2063100.0,49,-11.412671601674983,56.0,70.0,1.1054515160219723e-05,2.7143618826038485e-05,3.392878675650514e-05
2442,"(8.0, 8.0, 9.0, 9.0, 13.0)",2063100.0,62,-11.297785228362793,69.0,87.0,1.2400357831845026e-05,3.3444816053511705e-05,4.216843212044608e-05
2443,"(8.0, 8.0, 9.0, 9.0, 14.0)",2063100.0,984,-11.221151599012105,1194.0,1698.0,1.3388002350974365e-05,0.0005787407299694635,0.0008226983585712843
2444,"(8.0, 8.0, 9.0, 11.0, 11.0)",1973400.0000000005,18,-10.982534492510275,29.0,71.0,1.6995966742284104e-05,1.4695449478058171e-05,3.597829828314843e-05
2445,"(8.0, 8.0, 9.0, 11.0, 12.0)",4126200.000000001,73,-11.068245969588514,90.0,134.0,1.559990131658833e-05,2.1811836556638064e-05,3.247492533922492e-05
2446,"(8.0, 8.0, 9.0, 11.0, 13.0)",4126200.000000001,85,-10.95335959627632,96.0,122.0,1.7499126435077536e-05,2.326595899374727e-05,2.9566614916372586e-05
2447,"(8.0, 8.0, 9.0, 11.0, 14.0)",4126200.000000001,1446,-10.876725966925637,1731.0,2397.0,1.8892869788900004e-05,0.00041951432310600545,0.0005807459213578361
2448,"(8.0, 8.0, 9.0, 12.0, 12.0)",1973400.0000000005,33,-11.153957446666748,36.0,44.0,1.4318510078149881e-05,1.824262693827911e-05,2.2296211242236856e-05
2449,"(8.0, 8.0, 9.0, 12.0, 13.0)",3946800.000000001,116,-11.039071073354558,139.0,197.0,1.6061730977300385e-05,3.521840478362217e-05,4.991261392564483e-05
2450,"(8.0, 8.0, 9.0, 12.0, 14.0)",3946800.000000001,940,-10.962437444003871,1102.0,1478.0,1.7340990881133336e-05,0.00027921354008310524,0.0003744026316709304
2451,"(8.0, 8.0, 9.0, 13.0, 13.0)",1973400.0000000005,68,-10.924184700042366,88.0,136.0,1.801718199583131e-05,4.459308807134893e-05,6.891460211221733e-05
2452,"(8.0, 8.0, 9.0, 13.0, 14.0)",3946800.000000001,1378,-10.84755107069168,1601.0,2121.0,1.9452186637603856e-05,0.00040564507955812294,0.0005372328372929023
2453,"(8.0, 8.0, 9.0, 14.0, 14.0)",1973400.0000000005,1094,-10.770917441340996,1269.0,1697.0,2.1001484309351003e-05,0.0006430525995743386,0.0008595236476391709
2454,"(8.0, 8.0, 11.0, 11.0, 13.0)",2063100.0,1,-10.608933964189852,1.0,1.0,2.4694402382843653e-05,4.847074790364016e-07,4.847072440950614e-07
2455,"(8.0, 8.0, 11.0, 11.0, 14.0)",2063100.0,69,-10.532300334839167,80.0,106.0,2.6661223945359806e-05,3.877659832291212e-05,5.1377489153281065e-05
2456,"(8.0, 8.0, 11.0, 12.0, 13.0)",3946800.000000001,7,-10.694645441268088,7.0,7.0,2.2665979881337065e-05,1.7735887301104688e-06,1.7735855844934853e-06
2457,"(8.0, 8.0, 11.0, 12.0, 14.0)",3946800.000000001,57,-10.618011811917404,66.0,90.0,2.4471244786113332e-05,1.672240802675585e-05,2.280300403391867e-05
2458,"(8.0, 8.0, 11.0, 13.0, 13.0)",1973400.0000000005,2,-10.579759067955898,3.0,5.0,2.542547158914868e-05,1.520218911523259e-06,2.5336958748065596e-06
2459,"(8.0, 8.0, 11.0, 13.0, 14.0)",3946800.000000001,121,-10.503125438605212,142.0,196.0,2.745052022095615e-05,3.5978514239383796e-05,4.9659189989606255e-05
2460,"(8.0, 8.0, 11.0, 14.0, 14.0)",1973400.0000000005,63,-10.426491809254523,75.0,101.0,2.9636856793748626e-05,3.800547278808148e-05,5.117925893865454e-05
2461,"(8.0, 8.0, 12.0, 12.0, 13.0)",1726725.0000000002,2,-10.780356918346325,5.0,17.0,2.0804173999290636e-05,2.8956550695681127e-06,9.845218851713302e-06
2462,"(8.0, 8.0, 12.0, 12.0, 14.0)",1726725.0000000002,16,-10.703723288995638,19.0,27.0,2.2461152669103332e-05,1.1003489264358828e-05,1.5636416298891817e-05
2463,"(8.0, 8.0, 12.0, 13.0, 13.0)",1726725.0000000002,4,-10.665470545034132,4.0,4.0,2.3336998343945743e-05,2.31652405565449e-06,2.3165186893707896e-06
2464,"(8.0, 8.0, 12.0, 13.0, 14.0)",3453450.0000000005,39,-10.588836915683448,48.0,72.0,2.5195707489268686e-05,1.3899144333926941e-05,2.0848523314677197e-05
2465,"(8.0, 8.0, 12.0, 14.0, 14.0)",1726725.0000000002,17,-10.51220328633276,20.0,26.0,2.7202456225458966e-05,1.158262027827245e-05,1.5057272204661675e-05
2466,"(8.0, 8.0, 13.0, 13.0, 13.0)",575575.0000000001,1,-10.55058417172194,1.0,1.0,2.617818384540988e-05,1.7373930417408675e-06,1.737390023206286e-06
2467,"(8.0, 8.0, 13.0, 13.0, 14.0)",1726725.0000000002,29,-10.473950542371256,36.0,52.0,2.826318333867298e-05,2.0848716500890412e-05,3.0114378054528638e-05
2468,"(8.0, 8.0, 13.0, 14.0, 14.0)",1726725.0000000002,42,-10.397316913020571,52.0,82.0,3.051424564639942e-05,3.0114812723508372e-05,4.748783623897167e-05
2469,"(8.0, 8.0, 14.0, 14.0, 14.0)",575575.0000000001,11,-10.320683283669885,12.0,14.0,3.294459708276179e-05,2.084871650089041e-05,2.432306791539241e-05
2470,"(8.0, 9.0, 9.0, 9.0, 9.0)",328900.00000000006,3,-12.31624587581771,3.0,3.0,4.478394815661665e-06,9.121313469139554e-06,9.121230270780152e-06
2471,"(8.0, 9.0, 9.0, 9.0, 11.0)",1315600.0000000002,21,-11.971820243731242,25.0,33.0,6.319817393027488e-06,1.900273639404074e-05,2.508325093614331e-05
2472,"(8.0, 9.0, 9.0, 9.0, 12.0)",1375400.0000000002,19,-12.05753172080948,26.0,42.0,5.800701376098241e-06,1.8903591682419658e-05,3.053621383351479e-05
2473,"(8.0, 9.0, 9.0, 9.0, 13.0)",1375400.0000000002,28,-11.942645347497288,34.0,48.0,6.506913392107958e-06,2.4720081430856474e-05,3.489832740819496e-05
2474,"(8.0, 9.0, 9.0, 9.0, 14.0)",1375400.0000000002,403,-11.8660117181466,494.0,738.0,7.025165964760414e-06,0.00035916824196597345,0.0005364421774672595
2475,"(8.0, 9.0, 9.0, 11.0, 11.0)",1973400.0000000005,36,-11.627394611644773,43.0,65.0,8.91839454206581e-06,2.1789804398500047e-05,3.293760162076155e-05
2476,"(8.0, 9.0, 9.0, 11.0, 12.0)",4126200.000000001,65,-11.71310608872301,76.0,98.0,8.185828842115606e-06,1.8418884203383253e-05,2.3750327217488373e-05
2477,"(8.0, 9.0, 9.0, 11.0, 13.0)",4126200.000000001,77,-11.598219715410815,94.0,132.0,9.182420515171102e-06,2.2781251514710867e-05,3.199017463098192e-05
2478,"(8.0, 9.0, 9.0, 11.0, 14.0)",4126200.000000001,1211,-11.52158608606013,1424.0,1916.0,9.913767740559979e-06,0.0003451117250739178,0.00046423066281408903
2479,"(8.0, 9.0, 9.0, 12.0, 12.0)",1973400.0000000005,21,-11.798817565801244,25.0,35.0,7.513436809321796e-06,1.266849092936049e-05,1.773572681044226e-05
2480,"(8.0, 9.0, 9.0, 12.0, 13.0)",3946800.000000001,75,-11.683931192489052,89.0,119.0,8.428167462090174e-06,2.2549913854261673e-05,3.0150499913263137e-05
2481,"(8.0, 9.0, 9.0, 12.0, 14.0)",3946800.000000001,766,-11.607297563138369,894.0,1208.0,9.099441107021634e-06,0.00022651261781696559,0.0003060194328873192
2482,"(8.0, 9.0, 9.0, 13.0, 13.0)",1973400.0000000005,46,-11.56904481917686,53.0,69.0,9.454262885515297e-06,2.685720077024424e-05,3.496431365580174e-05
2483,"(8.0, 9.0, 9.0, 13.0, 14.0)",3946800.000000001,1053,-11.492411189826177,1226.0,1634.0,1.0207261391518662e-05,0.00031063139758791925,0.0004139097917063335
2484,"(8.0, 9.0, 9.0, 14.0, 14.0)",1973400.0000000005,847,-11.41577756047549,996.0,1346.0,1.1020233557754426e-05,0.000504712678625722,0.0006818168167488033
2485,"(8.0, 9.0, 11.0, 11.0, 11.0)",1315600.0000000002,16,-11.282968979558303,19.0,25.0,1.2585452436600694e-05,1.4442079659470962e-05,1.9002527820375848e-05
2486,"(8.0, 9.0, 11.0, 11.0, 12.0)",4126200.000000001,42,-11.36868045663654,47.0,59.0,1.1551670994220956e-05,1.1390625757355434e-05,1.4298740885218697e-05
2487,"(8.0, 9.0, 11.0, 11.0, 13.0)",4126200.000000001,56,-11.253794083324347,68.0,96.0,1.2958040385123316e-05,1.6480054287237647e-05,2.326568740155796e-05
2488,"(8.0, 9.0, 11.0, 11.0, 14.0)",4126200.000000001,861,-11.177160453973665,1038.0,1484.0,1.3990102341606272e-05,0.00025156318161989236,0.00035958966541066315
2489,"(8.0, 9.0, 11.0, 12.0, 12.0)",3946800.000000001,46,-11.454391933714774,62.0,110.0,1.060280537636104e-05,1.570892875240701e-05,2.7870433274150535e-05
2490,"(8.0, 9.0, 11.0, 12.0, 13.0)",7893600.000000002,119,-11.339505560402584,144.0,196.0,1.1893654202168906e-05,1.824262693827911e-05,2.4829909428108953e-05
2491,"(8.0, 9.0, 11.0, 12.0, 14.0)",7893600.000000002,1011,-11.262871931051896,1187.0,1589.0,1.2840941574395e-05,0.00015037498733150902,0.00020127970823072326
2492,"(8.0, 9.0, 11.0, 13.0, 13.0)",3946800.000000001,48,-11.224619187090392,63.0,103.0,1.3341658670464072e-05,1.596229857099422e-05,2.6096836519506942e-05
2493,"(8.0, 9.0, 11.0, 13.0, 14.0)",7893600.000000002,1450,-11.147985557739707,1682.0,2238.0,1.440427446273892e-05,0.00021308401743184348,0.0002834754222006029
2494,"(8.0, 9.0, 11.0, 14.0, 14.0)",3946800.000000001,1197,-11.07135192838902,1417.0,1941.0,1.555152383393241e-05,0.0003590250329380763,0.0004916619189034981
2495,"(8.0, 9.0, 12.0, 12.0, 12.0)",1151150.0000000002,18,-11.540103410793012,20.0,24.0,9.731880513670374e-06,1.7373930417408673e-05,2.084841464743226e-05
2496,"(8.0, 9.0, 12.0, 12.0, 13.0)",3453450.0000000005,26,-11.42521703748082,33.0,47.0,1.0916697747228383e-05,9.555661729574772e-06,1.3609487516299038e-05
2497,"(8.0, 9.0, 12.0, 12.0, 14.0)",3453450.0000000005,295,-11.348583408130134,353.0,497.0,1.1786174002933918e-05,0.00010221662395575437,0.0001439036087193223
2498,"(8.0, 9.0, 12.0, 13.0, 13.0)",3453450.0000000005,46,-11.310330664168628,55.0,77.0,1.2245761704219147e-05,1.592610288262462e-05,2.2296290394921442e-05
2499,"(8.0, 9.0, 12.0, 13.0, 14.0)",6906900.000000001,854,-11.233697034817942,989.0,1305.0,1.3221093190111936e-05,0.00014319014319014316,0.00018892098987221255
2500,"(8.0, 9.0, 12.0, 14.0, 14.0)",3453450.0000000005,696,-11.157063405467255,820.0,1114.0,1.4274106369504126e-05,0.00023744371570458525,0.00032251959523176015
2501,"(8.0, 9.0, 13.0, 13.0, 13.0)",1151150.0000000002,20,-11.195444290856436,22.0,26.0,1.3736633841913682e-05,1.911132345914954e-05,2.2585744299946916e-05
2502,"(8.0, 9.0, 13.0, 13.0, 14.0)",3453450.0000000005,528,-11.118810661505751,612.0,802.0,1.4830708005677825e-05,0.00017721409025756848,0.0002322001317455768
2503,"(8.0, 9.0, 13.0, 14.0, 14.0)",3453450.0000000005,1020,-11.042177032155063,1206.0,1634.0,1.6011921296071712e-05,0.0003492160013899144,0.00047302808655180285
2504,"(8.0, 9.0, 14.0, 14.0, 14.0)",1151150.0000000002,456,-10.96554340280438,525.0,687.0,1.728721403546208e-05,0.0004560656734569777,0.0005965865139394822
2505,"(8.0, 11.0, 11.0, 11.0, 12.0)",1375400.0000000002,2,-11.02425482455007,2.0,2.0,1.6301477264242214e-05,1.4541224371092043e-06,1.4541203226371422e-06
2506,"(8.0, 11.0, 11.0, 11.0, 13.0)",1375400.0000000002,1,-10.90936845123788,1.0,1.0,1.8286116427042985e-05,7.270612185546022e-07,7.270606899365866e-07
2507,"(8.0, 11.0, 11.0, 11.0, 14.0)",1375400.0000000002,21,-10.832734821887192,22.0,24.0,1.9742540742392186e-05,1.599534680820125e-05,1.7449213394190937e-05
2508,"(8.0, 11.0, 11.0, 12.0, 12.0)",1973400.0000000005,1,-11.109966301628306,1.0,1.0,1.4962457887382963e-05,5.067396371744197e-07,5.067393803893598e-07
2509,"(8.0, 11.0, 11.0, 12.0, 13.0)",3946800.000000001,8,-10.995079928316114,10.0,14.0,1.6784076837230843e-05,2.5336981858720984e-06,3.5471710405944406e-06
2510,"(8.0, 11.0, 11.0, 12.0, 14.0)",3946800.000000001,29,-10.91844629896543,33.0,41.0,1.8120869026756676e-05,8.361204013377925e-06,1.0388092652343049e-05
2511,"(8.0, 11.0, 11.0, 13.0, 13.0)",1973400.0000000005,1,-10.880193555003924,1.0,1.0,1.8827470553191353e-05,5.067396371744197e-07,5.067393803893598e-07
2512,"(8.0, 11.0, 11.0, 13.0, 14.0)",3946800.000000001,64,-10.803559925653238,77.0,105.0,2.0327011804587747e-05,1.9509476031215158e-05,2.660345033200202e-05
2513,"(8.0, 11.0, 11.0, 14.0, 14.0)",1973400.0000000005,38,-10.726926296302551,44.0,58.0,2.1945986198013858e-05,2.2296544035674466e-05,2.9390401820240406e-05
2514,"(8.0, 11.0, 12.0, 12.0, 13.0)",3453450.0000000005,1,-11.08079140539435,1.0,1.0,1.540541625675422e-05,2.8956550695681124e-07,2.895654231086284e-07
2515,"(8.0, 11.0, 12.0, 12.0, 14.0)",3453450.0000000005,10,-11.004157776043666,13.0,19.0,1.663240302094381e-05,3.7643515904385465e-06,5.5017304618365175e-06
2516,"(8.0, 11.0, 12.0, 13.0, 14.0)",6906900.000000001,37,-10.889271402731474,50.0,78.0,1.8657331061009137e-05,7.2391376739202814e-06,1.1293002366201378e-05
2517,"(8.0, 11.0, 12.0, 14.0, 14.0)",3453450.0000000005,27,-10.812637773380787,30.0,38.0,2.0143321305312038e-05,8.686965208704338e-06,1.100341380099429e-05
2518,"(8.0, 11.0, 13.0, 13.0, 14.0)",3453450.0000000005,37,-10.774385029419282,45.0,67.0,2.092878592959585e-05,1.3030447813056508e-05,1.9400719173536147e-05
2519,"(8.0, 11.0, 13.0, 14.0, 14.0)",3453450.0000000005,56,-10.697751400068595,66.0,92.0,2.2595689497677855e-05,1.9111323459149544e-05,2.6639661397342276e-05
2520,"(8.0, 11.0, 14.0, 14.0, 14.0)",1151150.0000000002,15,-10.62111777071791,16.0,18.0,2.4395356022704928e-05,1.389914433392694e-05,1.563634418945459e-05
2521,"(8.0, 12.0, 12.0, 12.0, 14.0)",920920.0000000003,1,-11.0898692531219,1.0,1.0,1.526620107692564e-05,1.0858706510880419e-06,1.085869471972971e-06
2522,"(8.0, 12.0, 12.0, 13.0, 14.0)",2762760.000000001,3,-10.974982879809708,3.0,3.0,1.7124799536030807e-05,1.085870651088042e-06,1.0858694719729712e-06
2523,"(8.0, 12.0, 12.0, 14.0, 14.0)",1381380.0000000005,3,-10.898349250459024,3.0,3.0,1.848872908002463e-05,2.171741302176084e-06,2.171736585715801e-06
2524,"(8.0, 12.0, 13.0, 13.0, 14.0)",2762760.000000001,7,-10.860096506497518,7.0,7.0,1.9209674867475138e-05,2.533698185872098e-06,2.533691766245601e-06
2525,"(8.0, 12.0, 13.0, 14.0, 14.0)",2762760.000000001,10,-10.783462877146832,10.0,10.0,2.073965733688385e-05,3.6195688369601403e-06,3.619555735681575e-06
2526,"(8.0, 13.0, 13.0, 13.0, 14.0)",920920.0000000003,4,-10.745210133185326,4.0,4.0,2.1548375368581762e-05,4.3434826043521675e-06,4.343463738511033e-06
2527,"(8.0, 13.0, 13.0, 14.0, 14.0)",1381380.0000000005,10,-10.66857650383464,13.0,19.0,2.326462703788979e-05,9.410878976096363e-06,1.375427301580543e-05
2528,"(8.0, 13.0, 14.0, 14.0, 14.0)",920920.0000000003,3,-10.591942874483957,3.0,3.0,2.5117572065375312e-05,3.257611953264126e-06,3.257601341228488e-06
2529,"(8.0, 14.0, 14.0, 14.0, 14.0)",230230.0000000001,2,-10.51530924513327,2.0,2.0,2.711809759218686e-05,8.686965208704335e-06,8.686889745339798e-06
2530,"(9.0, 9.0, 9.0, 9.0, 9.0)",65780.00000000001,1,-12.961105994952206,1.0,1.0,2.34997470204777e-06,1.520218911523259e-05,1.5201958008678694e-05
2531,"(9.0, 9.0, 9.0, 9.0, 11.0)",328900.00000000006,3,-12.616680362865738,4.0,6.0,3.3162353044975656e-06,1.2161751292186072e-05,1.8242479030084618e-05
2532,"(9.0, 9.0, 9.0, 9.0, 12.0)",343850.00000000006,1,-12.702391839943974,1.0,1.0,3.0438364746879897e-06,2.9082448742184086e-06,2.9082364163301602e-06
2533,"(9.0, 9.0, 9.0, 9.0, 13.0)",343850.00000000006,5,-12.587505466631782,5.0,5.0,3.414411298975741e-06,1.4541224371092044e-05,1.4541012923885834e-05
2534,"(9.0, 9.0, 9.0, 9.0, 14.0)",343850.00000000006,41,-12.510871837281096,48.0,62.0,3.6863570485432632e-06,0.00013959575396248363,0.000180291695227017
2535,"(9.0, 9.0, 9.0, 11.0, 11.0)",657800.0000000001,12,-12.272254730779268,13.0,15.0,4.679802120938971e-06,1.976284584980237e-05,2.2802893102772804e-05
2536,"(9.0, 9.0, 9.0, 11.0, 12.0)",1375400.0000000002,9,-12.357966207857505,10.0,12.0,4.295398571602389e-06,7.270612185546022e-06,8.724681760853673e-06
2537,"(9.0, 9.0, 9.0, 11.0, 13.0)",1375400.0000000002,26,-12.243079834545313,31.0,41.0,4.818346037458148e-06,2.2538897775192668e-05,2.9809001958825767e-05
2538,"(9.0, 9.0, 9.0, 11.0, 14.0)",1375400.0000000002,168,-12.166446205194626,207.0,295.0,5.202110209403494e-06,0.00015050167224080264,0.00021446040872026036
2539,"(9.0, 9.0, 9.0, 12.0, 12.0)",657800.0000000001,10,-12.44367768493574,12.0,16.0,3.942570307913343e-06,1.824262693827911e-05,2.4323169790934534e-05
2540,"(9.0, 9.0, 9.0, 12.0, 13.0)",1315600.0000000002,14,-12.328791311623547,16.0,20.0,4.422562354544841e-06,1.2161751292186072e-05,1.5202041207038098e-05
2541,"(9.0, 9.0, 9.0, 12.0, 14.0)",1315600.0000000002,110,-12.252157682272864,139.0,215.0,4.774803759930458e-06,0.0001056552143508665,0.00016341236996443082
2542,"(9.0, 9.0, 9.0, 13.0, 13.0)",657800.0000000001,5,-12.213904938311355,6.0,8.0,4.960991498510293e-06,9.121313469139554e-06,1.216166809382667e-05
2543,"(9.0, 9.0, 9.0, 13.0, 14.0)",1315600.0000000002,131,-12.13727130896067,150.0,194.0,5.356116875486748e-06,0.00011401641836424443,0.00014744823467409952
2544,"(9.0, 9.0, 9.0, 14.0, 14.0)",657800.0000000001,132,-12.060637679609986,162.0,238.0,5.782712587289954e-06,0.00024627546366676797,0.0003617514493385314
2545,"(9.0, 9.0, 11.0, 11.0, 11.0)",657800.0000000001,18,-11.9278290986928,21.0,27.0,6.604039183058801e-06,3.192459714198844e-05,4.104489143122532e-05
2546,"(9.0, 9.0, 11.0, 11.0, 12.0)",2063100.0,18,-12.013540575771035,25.0,43.0,6.061576908731642e-06,1.2117686975910038e-05,2.084227476022762e-05
2547,"(9.0, 9.0, 11.0, 11.0, 13.0)",2063100.0,20,-11.898654202458845,24.0,32.0,6.799549469524394e-06,1.1632979496873636e-05,1.5510504002952876e-05
2548,"(9.0, 9.0, 11.0, 11.0, 14.0)",2063100.0,254,-11.822020573108158,292.0,376.0,7.341109467807542e-06,0.00014153458387862925,0.00018222998007925328
2549,"(9.0, 9.0, 11.0, 12.0, 12.0)",1973400.0000000005,6,-12.099252052849272,10.0,24.0,5.5636730191916305e-06,5.067396371744197e-06,1.2161725613680084e-05
2550,"(9.0, 9.0, 11.0, 12.0, 13.0)",3946800.000000001,28,-11.98436567953708,29.0,31.0,6.241027787960139e-06,7.3477247390290854e-06,7.854410387144663e-06
2551,"(9.0, 9.0, 11.0, 12.0, 14.0)",3946800.000000001,290,-11.907732050186397,338.0,452.0,6.738103515297853e-06,8.563899868247692e-05,0.00011451582396332351
2552,"(9.0, 9.0, 11.0, 13.0, 13.0)",1973400.0000000005,10,-11.86947930622489,11.0,13.0,7.0008477701210844e-06,5.5741360089186164e-06,6.58758421227521e-06
2553,"(9.0, 9.0, 11.0, 13.0, 14.0)",3946800.000000001,354,-11.792845676874204,418.0,566.0,7.558440464072387e-06,0.00010590858416945371,0.00014339610069216
2554,"(9.0, 9.0, 11.0, 14.0, 14.0)",1973400.0000000005,369,-11.716212047523516,433.0,581.0,8.160443438400733e-06,0.0002194182628965237,0.00029436758482424526
2555,"(9.0, 9.0, 12.0, 12.0, 12.0)",575575.0000000001,6,-12.184963529927508,6.0,6.0,5.106667444884072e-06,1.0424358250445204e-05,1.042424958320027e-05
2556,"(9.0, 9.0, 12.0, 12.0, 13.0)",1726725.0000000002,10,-12.070077156615316,10.0,10.0,5.7283836266897565e-06,5.791310139136225e-06,5.791276599863098e-06
2557,"(9.0, 9.0, 12.0, 12.0, 14.0)",1726725.0000000002,89,-11.99344352726463,106.0,146.0,6.184629064852928e-06,6.1387887474844e-05,8.454935955866026e-05
2558,"(9.0, 9.0, 12.0, 13.0, 13.0)",1726725.0000000002,6,-11.955190783303124,6.0,6.0,6.425791248145828e-06,3.4747860834817354e-06,3.4747740093434094e-06
2559,"(9.0, 9.0, 12.0, 13.0, 14.0)",3453450.0000000005,189,-11.878557153952435,225.0,319.0,6.937582729759567e-06,6.515223906528253e-05,9.236715190496757e-05
2560,"(9.0, 9.0, 12.0, 14.0, 14.0)",1726725.0000000002,220,-11.801923524601753,268.0,390.0,7.490136587637508e-06,0.00015520711172885084,0.00022583700617878158
2561,"(9.0, 9.0, 13.0, 13.0, 13.0)",575575.0000000001,1,-11.840304409990932,2.0,4.0,7.208105436997086e-06,3.474786083481735e-06,6.949560092825144e-06
2562,"(9.0, 9.0, 13.0, 13.0, 14.0)",1726725.0000000002,121,-11.763670780640249,138.0,178.0,7.782205469003729e-06,7.99200799200799e-05,0.00010307893325745037
2563,"(9.0, 9.0, 13.0, 14.0, 14.0)",1726725.0000000002,242,-11.68703715128956,277.0,353.0,8.402030532314526e-06,0.00016041929085407343,0.0002044075135626306
2564,"(9.0, 9.0, 14.0, 14.0, 14.0)",575575.0000000001,128,-11.610403521938876,147.0,191.0,9.071222463493073e-06,0.0002553967771359075,0.00033177684345873427
2565,"(9.0, 11.0, 11.0, 11.0, 11.0)",328900.00000000006,2,-11.583403466606333,2.0,2.0,9.319482406368334e-06,6.080875646093036e-06,6.080838669044413e-06
2566,"(9.0, 11.0, 11.0, 11.0, 12.0)",1375400.0000000002,4,-11.669114943684566,4.0,4.0,8.553970954728392e-06,2.9082448742184086e-06,2.9082364163301602e-06
2567,"(9.0, 11.0, 11.0, 11.0, 13.0)",1375400.0000000002,10,-11.554228570372375,11.0,13.0,9.59538244640055e-06,7.997673404100624e-06,9.45173187842995e-06
2568,"(9.0, 11.0, 11.0, 11.0, 14.0)",1375400.0000000002,105,-11.477594941021689,123.0,163.0,1.035962062489891e-05,8.942852988221607e-05,0.00011850298116244327
2569,"(9.0, 11.0, 11.0, 12.0, 12.0)",1973400.0000000005,11,-11.754826420762802,11.0,11.0,7.851339366694519e-06,5.5741360089186164e-06,5.5741049379263704e-06
2570,"(9.0, 11.0, 11.0, 12.0, 13.0)",3946800.000000001,29,-11.63994004745061,43.0,87.0,8.80720829409298e-06,1.0894902199250023e-05,2.2043055518193323e-05
2571,"(9.0, 11.0, 11.0, 12.0, 14.0)",3946800.000000001,197,-11.563306418099923,231.0,309.0,9.5086711968935e-06,5.852842809364547e-05,7.828784836655273e-05
2572,"(9.0, 11.0, 11.0, 13.0, 13.0)",1973400.0000000005,11,-11.52505367413842,11.0,11.0,9.879450411299235e-06,5.5741360089186164e-06,5.5741049379263704e-06
2573,"(9.0, 11.0, 11.0, 13.0, 14.0)",3946800.000000001,260,-11.448420044787731,319.0,459.0,1.0666313595656068e-05,8.082497212931994e-05,0.0001162902140554096
2574,"(9.0, 11.0, 11.0, 14.0, 14.0)",1973400.0000000005,246,-11.371786415437048,299.0,431.0,1.1515847641763213e-05,0.0001515151515151515,0.00021838182678103623
2575,"(9.0, 11.0, 12.0, 12.0, 12.0)",1151150.0000000002,5,-11.840537897841038,8.0,14.0,7.206422628420583e-06,6.94957216696347e-06,1.2161702995632768e-05
2576,"(9.0, 11.0, 12.0, 12.0, 13.0)",3453450.0000000005,13,-11.725651524528846,16.0,22.0,8.083775541915705e-06,4.63304811130898e-06,6.370419687915046e-06
2577,"(9.0, 11.0, 12.0, 12.0, 14.0)",3453450.0000000005,117,-11.64901789517816,147.0,217.0,8.727619591910892e-06,4.2566129522651256e-05,6.28339031342455e-05
2578,"(9.0, 11.0, 12.0, 13.0, 13.0)",3453450.0000000005,10,-11.610765151216654,10.0,10.0,9.067942636941432e-06,2.8956550695681127e-06,2.8956466847498306e-06
2579,"(9.0, 11.0, 12.0, 13.0, 14.0)",6906900.000000001,282,-11.53413152186597,336.0,458.0,9.790172105364883e-06,4.8647005168744295e-05,6.630813456199789e-05
2580,"(9.0, 11.0, 12.0, 14.0, 14.0)",3453450.0000000005,281,-11.457497892515285,338.0,480.0,1.0569924589310536e-05,9.787314135140221e-05,0.0001389818641874714
2581,"(9.0, 11.0, 13.0, 13.0, 13.0)",1151150.0000000002,3,-11.495878777904464,3.0,3.0,1.0171928109643404e-05,2.606089562611301e-06,2.6060827709084927e-06
2582,"(9.0, 11.0, 13.0, 13.0, 14.0)",3453450.0000000005,156,-11.419245148553776,173.0,207.0,1.0982086105299583e-05,5.009483270352835e-05,5.993755044779634e-05
2583,"(9.0, 11.0, 13.0, 14.0, 14.0)",3453450.0000000005,284,-11.342611519203093,329.0,429.0,1.1856770311802919e-05,9.52670517887909e-05,0.0001242145266733155
2584,"(9.0, 11.0, 14.0, 14.0, 14.0)",1151150.0000000002,165,-11.265977889852406,191.0,251.0,1.280112001298287e-05,0.00016592103548625285,0.00021801529694846203
2585,"(9.0, 12.0, 12.0, 12.0, 13.0)",920920.0000000003,3,-11.811363001607084,3.0,3.0,7.419766267581425e-06,3.257611953264126e-06,3.257601341228488e-06
2586,"(9.0, 12.0, 12.0, 12.0, 14.0)",920920.0000000003,28,-11.734729372256396,37.0,63.0,8.01072433401548e-06,4.017721409025755e-05,6.840823681001459e-05
2587,"(9.0, 12.0, 12.0, 13.0, 14.0)",2762760.000000001,73,-11.619842998944204,86.0,116.0,8.985997738871992e-06,3.1128291997857206e-05,4.1986029538174926e-05
2588,"(9.0, 12.0, 12.0, 14.0, 14.0)",1381380.0000000005,87,-11.54320936959352,99.0,123.0,9.701700586810262e-06,7.166746297181077e-05,8.903625716397064e-05
2589,"(9.0, 12.0, 13.0, 13.0, 13.0)",920920.0000000003,4,-11.581590254982698,4.0,4.0,9.336395929458217e-06,4.3434826043521675e-06,4.343463738511033e-06
2590,"(9.0, 12.0, 13.0, 13.0, 14.0)",2762760.000000001,95,-11.504956625632014,108.0,136.0,1.0080006750467762e-05,3.9091343439169514e-05,4.922460804952602e-05
2591,"(9.0, 12.0, 13.0, 14.0, 14.0)",2762760.000000001,163,-11.428322996281327,189.0,245.0,1.0882843535896617e-05,6.840985101854665e-05,8.867475659780704e-05
2592,"(9.0, 12.0, 14.0, 14.0, 14.0)",920920.0000000003,90,-11.351689366930644,108.0,148.0,1.1749623423745259e-05,0.00011727403031750853,0.0001606951031628433
2593,"(9.0, 13.0, 13.0, 13.0, 13.0)",230230.0000000001,1,-11.466703881670508,1.0,1.0,1.0473064508671048e-05,4.3434826043521675e-06,4.343463738511033e-06
2594,"(9.0, 13.0, 13.0, 13.0, 14.0)",920920.0000000003,19,-11.390070252319822,21.0,25.0,1.1307206950424901e-05,2.280328367284888e-05,2.7146246287454783e-05
2595,"(9.0, 13.0, 13.0, 14.0, 14.0)",1381380.0000000005,87,-11.313436622969135,99.0,125.0,1.2207785879088481e-05,7.166746297181077e-05,9.048408469875469e-05
2596,"(9.0, 13.0, 14.0, 14.0, 14.0)",920920.0000000003,94,-11.23680299361845,110.0,152.0,1.3180092725204047e-05,0.00011944577161968462,0.00016503807167302456
2597,"(9.0, 14.0, 14.0, 14.0, 14.0)",230230.0000000001,30,-11.160169364267764,37.0,53.0,1.4229840362988716e-05,0.0001607088563610302,0.00023017875069415204
2598,"(11.0, 11.0, 11.0, 11.0, 14.0)",343850.00000000006,1,-11.13316930893522,1.0,1.0,1.461928063632091e-05,2.9082448742184086e-06,2.9082364163301602e-06
2599,"(11.0, 11.0, 11.0, 12.0, 13.0)",1315600.0000000002,1,-11.295514415364142,1.0,1.0,1.242854872160288e-05,7.601094557616295e-07,7.601088779952448e-07
2600,"(11.0, 11.0, 11.0, 12.0, 14.0)",1315600.0000000002,3,-11.218880786013456,5.0,9.0,1.3418438545112623e-05,3.800547278808148e-06,6.840970657695047e-06
2601,"(11.0, 11.0, 11.0, 13.0, 14.0)",1315600.0000000002,9,-11.103994412701264,9.0,9.0,1.5052079362358173e-05,6.840985101854666e-06,6.840938302777502e-06
2602,"(11.0, 11.0, 11.0, 14.0, 14.0)",657800.0000000001,7,-11.02736078335058,9.0,13.0,1.625092409614114e-05,1.3681970203709332e-05,1.9762658653493713e-05
2603,"(11.0, 11.0, 12.0, 12.0, 12.0)",575575.0000000001,1,-11.496112265754569,1.0,1.0,1.016955336526543e-05,1.7373930417408675e-06,1.737390023206286e-06
2604,"(11.0, 11.0, 12.0, 12.0, 14.0)",1726725.0000000002,3,-11.304592263091692,3.0,3.0,1.2316234804442246e-05,1.7373930417408677e-06,1.7373900232062862e-06
2605,"(11.0, 11.0, 12.0, 13.0, 14.0)",3453450.0000000005,4,-11.1897058897795,5.0,7.0,1.3815686758085949e-05,1.4478275347840563e-06,2.0269564524931085e-06
2606,"(11.0, 11.0, 12.0, 14.0, 14.0)",1726725.0000000002,1,-11.113072260428812,1.0,1.0,1.4916057206234635e-05,5.791310139136225e-07,5.791306785208912e-07
2607,"(11.0, 11.0, 13.0, 13.0, 14.0)",1726725.0000000002,1,-11.074819516467308,1.0,1.0,1.549769094437099e-05,5.791310139136225e-07,5.791306785208912e-07
2608,"(11.0, 11.0, 13.0, 14.0, 14.0)",1726725.0000000002,4,-10.998185887116623,4.0,4.0,1.673202706014502e-05,2.31652405565449e-06,2.3165186893707896e-06
2609,"(11.0, 11.0, 14.0, 14.0, 14.0)",575575.0000000001,7,-10.921552257765937,7.0,7.0,1.8064673669538616e-05,1.2161751292186072e-05,1.2161603383991579e-05
2610,"(11.0, 12.0, 12.0, 13.0, 13.0)",1381380.0000000005,1,-11.35205099620842,1.0,1.0,1.17453751841026e-05,7.239137673920281e-07,7.239132433408855e-07
2611,"(11.0, 12.0, 12.0, 13.0, 14.0)",2762760.000000001,2,-11.275417366857736,2.0,2.0,1.2680852658462718e-05,7.239137673920281e-07,7.239132433408855e-07
2612,"(11.0, 12.0, 13.0, 13.0, 14.0)",2762760.000000001,1,-11.160530993545544,2.0,4.0,1.4224695366442087e-05,7.239137673920281e-07,1.4478270107329135e-06
2613,"(11.0, 12.0, 13.0, 14.0, 14.0)",2762760.000000001,1,-11.083897364194858,1.0,1.0,1.5357641899555186e-05,3.6195688369601403e-07,3.619567526832284e-07
2614,"(11.0, 12.0, 14.0, 14.0, 14.0)",920920.0000000003,3,-11.007263734844171,3.0,3.0,1.6580823605642257e-05,3.257611953264126e-06,3.257601341228488e-06
2615,"(11.0, 13.0, 13.0, 14.0, 14.0)",1381380.0000000005,2,-10.969010990882667,2.0,2.0,1.722737291031362e-05,1.4478275347840561e-06,1.4478254385794856e-06
2616,"(11.0, 13.0, 14.0, 14.0, 14.0)",920920.0000000003,1,-10.89237736153198,2.0,4.0,1.859947205975703e-05,2.1717413021760838e-06,4.343477887891884e-06
2617,"(11.0, 14.0, 14.0, 14.0, 14.0)",230230.0000000001,1,-10.815743732181296,1.0,1.0,2.0080854039827178e-05,4.3434826043521675e-06,4.343463738511033e-06
