,label,n_lambdas,n_nonzeros,log_lambda,sum_counts,sum_counts_2,mean_lambda,mean_count,var_count
0,"(0.0, 0.0, 0.0, 0.0, 0.0, 0.0, 0.0)",346104.0,1,-inf,5.0,25.0,0.0,1.4446524744007581e-05,7.223241501796072e-05
1,"(1.0, 1.0, 1.0, 1.0, 1.0, 1.0, 14.0)",3364899.9999999995,1,-21.51508916226432,1.0,1.0,4.5301804252537875e-10,2.971856518767274e-07,2.9718556355741573e-07
2,"(1.0, 1.0, 1.0, 1.0, 1.0, 2.0, 14.0)",20189400.0,1,-21.484782731015024,1.0,1.0,4.669575643513923e-10,4.9530941979454564e-08,4.953093952614035e-08
3,"(1.0, 1.0, 1.0, 1.0, 1.0, 3.0, 14.0)",20189400.0,2,-21.267905818747483,2.0,2.0,5.800505745164041e-10,9.906188395890913e-08,9.906187414565228e-08
4,"(1.0, 1.0, 1.0, 1.0, 1.0, 7.0, 14.0)",28690199.99999999,2,-21.270579970330463,2.0,2.0,5.785015035028327e-10,6.97102146377509e-08,6.971020977823688e-08
5,"(1.0, 1.0, 1.0, 1.0, 1.0, 8.0, 12.0)",24439800.0,1,-21.36263715378834,1.0,1.0,5.276240281354542e-10,4.091686511346247e-08,4.091686343927262e-08
6,"(1.0, 1.0, 1.0, 1.0, 1.0, 8.0, 14.0)",24439800.0,1,-21.14946726761672,2.0,4.0,6.529847977070762e-10,8.183373022692493e-08,1.6366745375709047e-07
7,"(1.0, 1.0, 1.0, 1.0, 1.0, 9.0, 14.0)",24439800.0,1,-21.784892688101223,1.0,1.0,3.4589263651912307e-10,4.091686511346247e-08,4.091686343927262e-08
8,"(1.0, 1.0, 1.0, 1.0, 1.0, 11.0, 14.0)",24439800.0,1,-21.41411815837704,1.0,1.0,5.011487471669754e-10,4.091686511346247e-08,4.091686343927262e-08
9,"(1.0, 1.0, 1.0, 1.0, 1.0, 12.0, 14.0)",25502400.0,2,-21.53218663536052,2.0,2.0,4.453384169044926e-10,7.842399146746972e-08,7.842398531714728e-08
10,"(1.0, 1.0, 1.0, 1.0, 1.0, 13.0, 14.0)",25502400.0,2,-21.40935951556516,2.0,2.0,5.035392182384013e-10,7.842399146746972e-08,7.842398531714728e-08
11,"(1.0, 1.0, 1.0, 1.0, 2.0, 2.0, 14.0)",50473499.99999999,2,-21.454476299765734,4.0,10.0,4.813260100843945e-10,7.924950716712731e-08,1.981237616373339e-07
12,"(1.0, 1.0, 1.0, 1.0, 2.0, 3.0, 14.0)",100947000.0,4,-21.2375993874982,4.0,4.0,5.978989312807075e-10,3.962475358356365e-08,3.962475201344255e-08
13,"(1.0, 1.0, 1.0, 1.0, 2.0, 4.0, 14.0)",143450999.99999994,3,-21.47620720126052,3.0,3.0,4.709791919865534e-10,2.0913064391325268e-08,2.0913063953969008e-08
14,"(1.0, 1.0, 1.0, 1.0, 2.0, 6.0, 14.0)",143450999.99999994,5,-21.459526972158457,5.0,5.0,4.789011189135765e-10,3.485510731887545e-08,3.485510610399694e-08
15,"(1.0, 1.0, 1.0, 1.0, 2.0, 7.0, 14.0)",143450999.99999994,6,-21.240273539081176,7.0,9.0,5.963021948163684e-10,4.8797150246425626e-08,6.273919079281394e-08
16,"(1.0, 1.0, 1.0, 1.0, 2.0, 8.0, 14.0)",122199000.0,4,-21.119160836367435,6.0,10.0,6.730773657402351e-10,4.910023813615496e-08,8.183372781609155e-08
17,"(1.0, 1.0, 1.0, 1.0, 2.0, 9.0, 14.0)",122199000.0,3,-21.75458625685193,3.0,3.0,3.5653587255744264e-10,2.455011906807748e-08,2.4550118465369135e-08
18,"(1.0, 1.0, 1.0, 1.0, 2.0, 11.0, 14.0)",122199000.0,5,-21.383811727127743,5.0,5.0,5.165692674188196e-10,4.091686511346247e-08,4.091686343927262e-08
19,"(1.0, 1.0, 1.0, 1.0, 2.0, 12.0, 14.0)",127512000.0,6,-21.501880204111224,6.0,6.0,4.590416339944714e-10,4.7054394880481834e-08,4.7054392666365754e-08
20,"(1.0, 1.0, 1.0, 1.0, 2.0, 13.0, 14.0)",127512000.0,3,-21.379053084315867,3.0,3.0,5.190332941117567e-10,2.3527197440240917e-08,2.3527196886711897e-08
21,"(1.0, 1.0, 1.0, 1.0, 2.0, 14.0, 14.0)",63755999.99999999,8,-21.288710317939604,8.0,8.0,5.681075776102696e-10,1.2547838634795158e-07,1.2547837060312613e-07
22,"(1.0, 1.0, 1.0, 1.0, 3.0, 3.0, 14.0)",50473499.99999999,2,-21.02072247523065,2.0,2.0,7.427047874764512e-10,3.9624753583563657e-08,3.962475201344256e-08
23,"(1.0, 1.0, 1.0, 1.0, 3.0, 4.0, 12.0)",143450999.99999994,1,-21.4725001751646,1.0,1.0,4.727283642524014e-10,6.97102146377509e-09,6.97102141517995e-09
24,"(1.0, 1.0, 1.0, 1.0, 3.0, 4.0, 14.0)",143450999.99999994,5,-21.259330288992977,5.0,5.0,5.850462049512756e-10,3.485510731887545e-08,3.485510610399694e-08
25,"(1.0, 1.0, 1.0, 1.0, 3.0, 6.0, 14.0)",143450999.99999994,5,-21.24265005989092,5.0,5.0,5.948867528213533e-10,3.485510731887545e-08,3.485510610399694e-08
26,"(1.0, 1.0, 1.0, 1.0, 3.0, 7.0, 8.0)",131974920.0,1,-20.853847145241463,2.0,4.0,8.775851350966874e-10,1.515439448646758e-08,3.0308788743279487e-08
27,"(1.0, 1.0, 1.0, 1.0, 3.0, 7.0, 12.0)",143450999.99999994,2,-21.236566512985256,3.0,5.0,5.98516804886163e-10,2.0913064391325268e-08,3.485510688151918e-08
28,"(1.0, 1.0, 1.0, 1.0, 3.0, 7.0, 14.0)",143450999.99999994,6,-21.02339662681364,6.0,6.0,7.407213355009329e-10,4.1826128782650537e-08,4.182612703322549e-08
29,"(1.0, 1.0, 1.0, 1.0, 3.0, 8.0, 14.0)",122199000.0,4,-20.90228392409989,4.0,4.0,8.360907767580713e-10,3.2733492090769974e-08,3.273349101928847e-08
30,"(1.0, 1.0, 1.0, 1.0, 3.0, 9.0, 14.0)",122199000.0,5,-21.53770934458439,7.0,11.0,4.428857213179771e-10,5.7283611158847454e-08,9.001709996820532e-08
31,"(1.0, 1.0, 1.0, 1.0, 3.0, 11.0, 14.0)",122199000.0,8,-21.1669348148602,10.0,14.0,6.416777951975198e-10,8.183373022692493e-08,1.1456721562093551e-07
32,"(1.0, 1.0, 1.0, 1.0, 3.0, 12.0, 14.0)",127512000.0,4,-21.28500329184368,4.0,4.0,5.702174755329008e-10,3.136959658698789e-08,3.13695956029363e-08
33,"(1.0, 1.0, 1.0, 1.0, 3.0, 13.0, 14.0)",127512000.0,6,-21.162176172048323,6.0,6.0,6.447385874578341e-10,4.7054394880481834e-08,4.7054392666365754e-08
34,"(1.0, 1.0, 1.0, 1.0, 3.0, 14.0, 14.0)",63755999.99999999,9,-21.07183340567206,10.0,12.0,7.056982302828354e-10,1.5684798293493947e-07,1.8821755492063762e-07
35,"(1.0, 1.0, 1.0, 1.0, 4.0, 4.0, 11.0)",85783698.00000001,1,-21.593039511943445,1.0,1.0,4.190463791890537e-10,1.1657226528051983e-08,1.1657226392161053e-08
36,"(1.0, 1.0, 1.0, 1.0, 4.0, 6.0, 14.0)",186486300.0,9,-21.481257873653245,9.0,9.0,4.686064274561535e-10,4.8260917826135216e-08,4.826091549701903e-08
37,"(1.0, 1.0, 1.0, 1.0, 4.0, 7.0, 13.0)",186486300.0,1,-21.352347206952224,1.0,1.0,5.330812806008566e-10,5.362324202903913e-09,5.362324174149392e-09
38,"(1.0, 1.0, 1.0, 1.0, 4.0, 7.0, 14.0)",186486300.0,9,-21.262004440575964,9.0,9.0,5.834837927108463e-10,4.8260917826135216e-08,4.826091549701903e-08
39,"(1.0, 1.0, 1.0, 1.0, 4.0, 8.0, 14.0)",164968649.99999994,4,-21.14089173786222,4.0,4.0,6.586085672062309e-10,2.4247031178348136e-08,2.4247030590429615e-08
40,"(1.0, 1.0, 1.0, 1.0, 4.0, 9.0, 14.0)",164968649.99999994,7,-21.77631715834672,7.0,7.0,3.4887160397145723e-10,4.243230456210924e-08,4.243230276160877e-08
41,"(1.0, 1.0, 1.0, 1.0, 4.0, 11.0, 14.0)",164968649.99999994,3,-21.405542628622527,3.0,3.0,5.054648431140129e-10,1.8185273383761103e-08,1.8185273053056934e-08
42,"(1.0, 1.0, 1.0, 1.0, 4.0, 12.0, 13.0)",172141199.9999999,1,-21.613953871982275,1.0,1.0,4.1037330438510137e-10,5.809184553145909e-09,5.809184519399284e-09
43,"(1.0, 1.0, 1.0, 1.0, 4.0, 12.0, 14.0)",172141199.9999999,2,-21.523611105606008,3.0,5.0,4.4917385168733404e-10,1.7427553659437727e-08,2.9045922462009915e-08
44,"(1.0, 1.0, 1.0, 1.0, 4.0, 13.0, 14.0)",172141199.9999999,5,-21.40078398581065,6.0,8.0,5.078759018903076e-10,3.4855107318875454e-08,4.6473475210288765e-08
45,"(1.0, 1.0, 1.0, 1.0, 4.0, 14.0, 14.0)",86070599.99999996,15,-21.31044121943439,16.0,18.0,5.558952607140603e-10,1.8589390570066908e-07,2.0913060935670853e-07
46,"(1.0, 1.0, 1.0, 1.0, 6.0, 6.0, 12.0)",93243150.0,1,-21.6777475307228,1.0,1.0,3.850116467795778e-10,1.0724648405807826e-08,1.0724648290789743e-08
47,"(1.0, 1.0, 1.0, 1.0, 6.0, 6.0, 14.0)",93243150.0,5,-21.46457764455118,5.0,5.0,4.764884441970269e-10,5.362324202903913e-08,5.362323915358704e-08
48,"(1.0, 1.0, 1.0, 1.0, 6.0, 7.0, 14.0)",186486300.0,7,-21.2453242114739,8.0,10.0,5.932980606182269e-10,4.2898593623231303e-08,5.362324018874979e-08
49,"(1.0, 1.0, 1.0, 1.0, 6.0, 8.0, 12.0)",164968649.99999994,2,-21.33738139493177,2.0,2.0,5.411192723491533e-10,1.2123515589174068e-08,1.2123515442194438e-08
50,"(1.0, 1.0, 1.0, 1.0, 6.0, 8.0, 14.0)",164968649.99999994,7,-21.124211508760155,8.0,10.0,6.696864428994486e-10,4.849406235669627e-08,6.061757559419626e-08
51,"(1.0, 1.0, 1.0, 1.0, 6.0, 9.0, 14.0)",164968649.99999994,3,-21.759636929244657,4.0,6.0,3.5473966651137123e-10,2.4247031178348136e-08,3.6370546179603684e-08
52,"(1.0, 1.0, 1.0, 1.0, 6.0, 11.0, 14.0)",164968649.99999994,2,-21.388862399520463,2.0,2.0,5.139668228605891e-10,1.2123515589174068e-08,1.2123515442194438e-08
53,"(1.0, 1.0, 1.0, 1.0, 6.0, 12.0, 13.0)",172141199.9999999,1,-21.59727364288021,1.0,1.0,4.1727583295845e-10,5.809184553145909e-09,5.809184519399284e-09
54,"(1.0, 1.0, 1.0, 1.0, 6.0, 12.0, 14.0)",172141199.9999999,8,-21.506930876503947,9.0,11.0,4.5672901015534857e-10,5.228266097831318e-08,6.390102735112837e-08
55,"(1.0, 1.0, 1.0, 1.0, 6.0, 13.0, 14.0)",172141199.9999999,7,-21.38410375670859,9.0,13.0,5.164184359368754e-10,5.228266097831318e-08,7.551939645742018e-08
56,"(1.0, 1.0, 1.0, 1.0, 6.0, 14.0, 14.0)",86070599.99999996,21,-21.293760990332327,24.0,30.0,5.652454861791824e-10,2.7884085855100363e-07,3.485509954365301e-07
57,"(1.0, 1.0, 1.0, 1.0, 7.0, 7.0, 13.0)",93243150.0,1,-21.11641354477288,1.0,1.0,6.749290479204158e-10,1.0724648405807826e-08,1.0724648290789743e-08
58,"(1.0, 1.0, 1.0, 1.0, 7.0, 7.0, 14.0)",93243150.0,4,-21.02607077839662,4.0,4.0,7.387431804910613e-10,4.2898593623231303e-08,4.2898591782941966e-08
59,"(1.0, 1.0, 1.0, 1.0, 7.0, 8.0, 8.0)",72586205.99999999,1,-20.735408594110705,1.0,1.0,9.879306686138612e-10,1.3776722260425076e-08,1.3776722070627e-08
60,"(1.0, 1.0, 1.0, 1.0, 7.0, 8.0, 12.0)",164968649.99999994,1,-21.11812796185449,1.0,1.0,6.737729293496726e-10,6.061757794587034e-09,6.061757757842127e-09
61,"(1.0, 1.0, 1.0, 1.0, 7.0, 8.0, 14.0)",164968649.99999994,7,-20.90495807568288,7.0,7.0,8.338579300996995e-10,4.243230456210924e-08,4.243230276160877e-08
62,"(1.0, 1.0, 1.0, 1.0, 7.0, 9.0, 12.0)",164968649.99999994,1,-21.753553382339,1.0,1.0,3.569043196201869e-10,6.061757794587034e-09,6.061757757842127e-09
63,"(1.0, 1.0, 1.0, 1.0, 7.0, 9.0, 14.0)",164968649.99999994,11,-21.54038349616737,13.0,17.0,4.417029599117146e-10,7.880285132963144e-08,1.0304987629809022e-07
64,"(1.0, 1.0, 1.0, 1.0, 7.0, 11.0, 14.0)",164968649.99999994,9,-21.169608966443185,9.0,9.0,6.399641438087174e-10,5.455582015128331e-08,5.45558171749458e-08
65,"(1.0, 1.0, 1.0, 1.0, 7.0, 12.0, 12.0)",86070599.99999996,1,-21.500847329598287,1.0,1.0,4.595160113425641e-10,1.1618369106291817e-08,1.1618368971305317e-08
66,"(1.0, 1.0, 1.0, 1.0, 7.0, 12.0, 13.0)",172141199.9999999,1,-21.378020209802926,1.0,1.0,5.195696673280397e-10,5.809184553145909e-09,5.809184519399284e-09
67,"(1.0, 1.0, 1.0, 1.0, 7.0, 12.0, 14.0)",172141199.9999999,4,-21.287677443426663,6.0,10.0,5.686946645891869e-10,3.4855107318875454e-08,5.809184431658058e-08
68,"(1.0, 1.0, 1.0, 1.0, 7.0, 13.0, 14.0)",172141199.9999999,11,-21.164850323631303,14.0,20.0,6.430167619808148e-10,8.132858374404272e-08,1.1618368444857963e-07
69,"(1.0, 1.0, 1.0, 1.0, 7.0, 14.0, 14.0)",86070599.99999996,16,-21.07450755725505,16.0,16.0,7.038136072501359e-10,1.8589390570066908e-07,1.858938711441249e-07
70,"(1.0, 1.0, 1.0, 1.0, 8.0, 8.0, 8.0)",18818646.0,1,-20.61429589139696,1.0,1.0,1.1151288352533767e-09,5.3138785861639565e-08,5.3138783037909e-08
71,"(1.0, 1.0, 1.0, 1.0, 8.0, 8.0, 14.0)",67209450.0,4,-20.78384537296913,5.0,7.0,9.412189052330323e-10,7.439430020629539e-08,1.0415201475430165e-07
72,"(1.0, 1.0, 1.0, 1.0, 8.0, 9.0, 14.0)",134418900.0,5,-21.41927079345363,5.0,5.0,4.985731518036658e-10,3.7197150103147696e-08,3.719714871951972e-08
73,"(1.0, 1.0, 1.0, 1.0, 8.0, 11.0, 12.0)",134418900.0,1,-21.26166614990106,1.0,1.0,5.836812132277551e-10,7.43943002062954e-09,7.439429965284421e-09
74,"(1.0, 1.0, 1.0, 1.0, 8.0, 11.0, 14.0)",134418900.0,11,-21.04849626372944,13.0,17.0,7.223608831686863e-10,9.671259026818401e-08,1.2647030099737706e-07
75,"(1.0, 1.0, 1.0, 1.0, 8.0, 12.0, 13.0)",146638799.99999997,2,-21.256907507089185,2.0,2.0,5.864653627702657e-10,1.3638955037820825e-08,1.363895485179973e-08
76,"(1.0, 1.0, 1.0, 1.0, 8.0, 12.0, 14.0)",146638799.99999997,4,-21.16656474071292,4.0,4.0,6.41915307506276e-10,2.727791007564165e-08,2.727790933155727e-08
77,"(1.0, 1.0, 1.0, 1.0, 8.0, 13.0, 14.0)",146638799.99999997,8,-21.043737620917565,8.0,8.0,7.258065323977919e-10,5.45558201512833e-08,5.455581717494579e-08
78,"(1.0, 1.0, 1.0, 1.0, 8.0, 14.0, 14.0)",73319399.99999999,17,-20.9533948545413,19.0,25.0,7.944311003013157e-10,2.5914014571859567e-07,3.409738087919055e-07
79,"(1.0, 1.0, 1.0, 1.0, 9.0, 9.0, 14.0)",67209450.0,2,-22.05469621393813,2.0,2.0,2.6409922953884834e-10,2.975772008251816e-08,2.9757719196996253e-08
80,"(1.0, 1.0, 1.0, 1.0, 9.0, 11.0, 11.0)",56455938.0,1,-21.77902309340208,1.0,1.0,3.479288561508791e-10,1.7712928620546523e-08,1.7712928306798683e-08
81,"(1.0, 1.0, 1.0, 1.0, 9.0, 11.0, 14.0)",134418900.0,2,-21.68392168421394,3.0,5.0,3.826418490520279e-10,2.231829006188862e-08,3.7197149605041626e-08
82,"(1.0, 1.0, 1.0, 1.0, 9.0, 12.0, 14.0)",146638799.99999997,6,-21.80199016119742,7.0,9.0,3.4002901585916057e-10,4.773634263237289e-08,6.13752953914353e-08
83,"(1.0, 1.0, 1.0, 1.0, 9.0, 13.0, 14.0)",146638799.99999997,7,-21.679163041402063,8.0,10.0,3.8446704421822544e-10,5.45558201512833e-08,6.819477221276662e-08
84,"(1.0, 1.0, 1.0, 1.0, 9.0, 14.0, 14.0)",73319399.99999999,14,-21.5888202750258,14.0,14.0,4.2081817031715735e-10,1.9094537052949156e-07,1.9094533406935703e-07
85,"(1.0, 1.0, 1.0, 1.0, 11.0, 11.0, 14.0)",67209450.0,3,-21.313147154489748,5.0,9.0,5.543930775626047e-10,7.439430020629539e-08,1.3390973483681982e-07
86,"(1.0, 1.0, 1.0, 1.0, 11.0, 12.0, 14.0)",146638799.99999997,8,-21.43121563147323,8.0,8.0,4.926532030664321e-10,5.45558201512833e-08,5.455581717494579e-08
87,"(1.0, 1.0, 1.0, 1.0, 11.0, 13.0, 14.0)",146638799.99999997,8,-21.308388511677872,8.0,8.0,5.570375231919773e-10,5.45558201512833e-08,5.455581717494579e-08
88,"(1.0, 1.0, 1.0, 1.0, 11.0, 14.0, 14.0)",73319399.99999999,12,-21.21804574530161,14.0,18.0,6.097050835249115e-10,1.9094537052949156e-07,2.455011542206403e-07
89,"(1.0, 1.0, 1.0, 1.0, 12.0, 12.0, 14.0)",73319399.99999999,2,-21.54928410845671,2.0,2.0,4.377889773780726e-10,2.727791007564165e-08,2.727790933155727e-08
90,"(1.0, 1.0, 1.0, 1.0, 12.0, 13.0, 13.0)",73319399.99999999,1,-21.516799755037617,2.0,4.0,4.5224377555220675e-10,2.727791007564165e-08,5.455581940719892e-08
91,"(1.0, 1.0, 1.0, 1.0, 12.0, 13.0, 14.0)",146638799.99999997,6,-21.42645698866136,7.0,9.0,4.950031505357822e-10,4.773634263237289e-08,6.13752953914353e-08
92,"(1.0, 1.0, 1.0, 1.0, 13.0, 13.0, 14.0)",73319399.99999999,1,-21.303629868866,1.0,1.0,5.596945827823977e-10,1.3638955037820825e-08,1.363895485179973e-08
93,"(1.0, 1.0, 1.0, 1.0, 13.0, 14.0, 14.0)",73319399.99999999,10,-21.213287102489737,11.0,13.0,6.126133664898091e-10,1.5002850541602908e-07,1.773063929831183e-07
94,"(1.0, 1.0, 1.0, 1.0, 14.0, 14.0, 14.0)",24439800.0,7,-21.12294433611348,7.0,7.0,6.705355891355564e-10,2.8641805579423726e-07,2.864179737589346e-07
95,"(1.0, 1.0, 1.0, 2.0, 2.0, 2.0, 14.0)",67297999.99999999,2,-21.424169868516444,2.0,2.0,4.961365778613324e-10,2.9718565187672746e-08,2.9718564304479628e-08
96,"(1.0, 1.0, 1.0, 2.0, 2.0, 3.0, 12.0)",201894000.0,1,-21.42046284242052,1.0,1.0,4.979791822838509e-10,4.953094197945456e-09,4.953094173412314e-09
97,"(1.0, 1.0, 1.0, 2.0, 2.0, 3.0, 14.0)",201894000.0,2,-21.2072929562489,3.0,5.0,6.162964881547732e-10,1.485928259383637e-08,2.4765470768929003e-08
98,"(1.0, 1.0, 1.0, 2.0, 2.0, 4.0, 14.0)",286901999.9999999,2,-21.445900770011228,2.0,2.0,4.854713845926045e-10,6.97102146377509e-09,6.97102141517995e-09
99,"(1.0, 1.0, 1.0, 2.0, 2.0, 6.0, 14.0)",286901999.9999999,6,-21.429220540909167,7.0,9.0,4.936370719506403e-10,2.4398575123212813e-08,3.1369595991697435e-08
100,"(1.0, 1.0, 1.0, 2.0, 2.0, 7.0, 12.0)",286901999.9999999,2,-21.423136994003507,2.0,2.0,4.966492894253134e-10,6.97102146377509e-09,6.97102141517995e-09
101,"(1.0, 1.0, 1.0, 2.0, 2.0, 7.0, 14.0)",286901999.9999999,4,-21.209967107831886,4.0,4.0,6.146506195572549e-10,1.394204292755018e-08,1.3942042733169619e-08
102,"(1.0, 1.0, 1.0, 2.0, 2.0, 8.0, 14.0)",244398000.0,6,-21.08885440511814,6.0,6.0,6.937881890399604e-10,2.455011906807748e-08,2.4550118465369135e-08
103,"(1.0, 1.0, 1.0, 2.0, 2.0, 9.0, 13.0)",244398000.0,1,-21.814622591978903,1.0,1.0,3.3576063959799544e-10,4.091686511346247e-09,4.0916864946043485e-09
104,"(1.0, 1.0, 1.0, 2.0, 2.0, 9.0, 14.0)",244398000.0,5,-21.72427982560264,5.0,5.0,3.6750660464918193e-10,2.0458432556731234e-08,2.045843213818377e-08
105,"(1.0, 1.0, 1.0, 2.0, 2.0, 11.0, 11.0)",107535120.0,1,-21.448606705066588,1.0,1.0,4.841595062838867e-10,9.299287525786924e-09,9.299287439310175e-09
106,"(1.0, 1.0, 1.0, 2.0, 2.0, 11.0, 14.0)",244398000.0,1,-21.35350529587845,1.0,1.0,5.324642824113586e-10,4.091686511346247e-09,4.0916864946043485e-09
107,"(1.0, 1.0, 1.0, 2.0, 2.0, 12.0, 14.0)",255024000.0,4,-21.47157377286193,4.0,4.0,4.731665038129966e-10,1.5684798293493945e-08,1.5684798047481047e-08
108,"(1.0, 1.0, 1.0, 2.0, 2.0, 13.0, 14.0)",255024000.0,2,-21.348746653066573,2.0,2.0,5.350041280577189e-10,7.842399146746972e-09,7.842399085243748e-09
109,"(1.0, 1.0, 1.0, 2.0, 2.0, 14.0, 14.0)",127512000.0,9,-21.25840388669031,9.0,9.0,5.855884442297872e-10,7.058159232072276e-08,7.058158733896158e-08
110,"(1.0, 1.0, 1.0, 2.0, 3.0, 3.0, 13.0)",201894000.0,1,-21.080758810357622,1.0,1.0,6.994276135156906e-10,4.953094197945456e-09,4.953094173412314e-09
111,"(1.0, 1.0, 1.0, 2.0, 3.0, 3.0, 14.0)",201894000.0,4,-20.99041604398136,4.0,4.0,7.65558070620754e-10,1.9812376791781825e-08,1.981237639925155e-08
112,"(1.0, 1.0, 1.0, 2.0, 3.0, 4.0, 14.0)",573803999.9999998,10,-21.22902385774369,12.0,16.0,6.030482789915935e-10,2.0913064391325268e-08,2.78840854177441e-08
113,"(1.0, 1.0, 1.0, 2.0, 3.0, 6.0, 14.0)",573803999.9999998,11,-21.212343628641623,11.0,11.0,6.131916239225856e-10,1.9170309025381496e-08,1.9170308657880747e-08
114,"(1.0, 1.0, 1.0, 2.0, 3.0, 7.0, 13.0)",573803999.9999998,1,-21.08343296194061,1.0,1.0,6.975597366618579e-10,1.7427553659437726e-09,1.7427553629065763e-09
115,"(1.0, 1.0, 1.0, 2.0, 3.0, 7.0, 14.0)",573803999.9999998,16,-20.993090195564346,17.0,19.0,7.635135871420571e-10,2.9626841221044133e-08,3.311235107518195e-08
116,"(1.0, 1.0, 1.0, 2.0, 3.0, 8.0, 14.0)",488796000.0,8,-20.8719774928506,8.0,8.0,8.618175790862414e-10,1.6366746045384987e-08,1.6366745777514612e-08
117,"(1.0, 1.0, 1.0, 2.0, 3.0, 11.0, 14.0)",488796000.0,10,-21.13662838361091,11.0,13.0,6.61422442853404e-10,2.2504275812404357e-08,2.6595961817308175e-08
118,"(1.0, 1.0, 1.0, 2.0, 3.0, 12.0, 12.0)",255024000.0,1,-21.467866746766013,1.0,1.0,4.749237995485178e-10,3.921199573373486e-09,3.92119955799768e-09
119,"(1.0, 1.0, 1.0, 2.0, 3.0, 12.0, 13.0)",510048000.0,1,-21.345039626970653,1.0,1.0,5.369910828931662e-10,1.960599786686743e-09,1.9605997828427918e-09
120,"(1.0, 1.0, 1.0, 2.0, 3.0, 12.0, 14.0)",510048000.0,6,-21.2546968605944,6.0,6.0,5.877632644411102e-10,1.1763598720120458e-08,1.1763598581738204e-08
121,"(1.0, 1.0, 1.0, 2.0, 3.0, 13.0, 14.0)",510048000.0,12,-21.13186974079904,15.0,21.0,6.645774167500115e-10,2.9408996800301148e-08,4.117259465553252e-08
122,"(1.0, 1.0, 1.0, 2.0, 3.0, 14.0, 14.0)",255024000.0,17,-21.041526974422773,19.0,23.0,7.274128088651048e-10,7.450279189409624e-08,9.018758463692419e-08
123,"(1.0, 1.0, 1.0, 2.0, 4.0, 4.0, 6.0)",372972600.0,1,-21.63844832572488,1.0,1.0,4.004435429695945e-10,2.6811621014519565e-09,2.6811620942633264e-09
124,"(1.0, 1.0, 1.0, 2.0, 4.0, 4.0, 9.0)",343134792.00000006,1,-21.933507610418346,1.0,1.0,2.981251919530891e-10,2.914306632012996e-09,2.9143066235198126e-09
125,"(1.0, 1.0, 1.0, 2.0, 4.0, 4.0, 14.0)",372972600.0,5,-21.46763167150602,5.0,5.0,4.750354555074365e-10,1.3405810507259782e-08,1.3405810327544028e-08
126,"(1.0, 1.0, 1.0, 2.0, 4.0, 6.0, 14.0)",745945200.0,16,-21.450951442403955,17.0,19.0,4.830256092770802e-10,2.278987786234163e-08,2.5471039444415052e-08
127,"(1.0, 1.0, 1.0, 2.0, 4.0, 7.0, 11.0)",686269584.0000001,1,-21.32679941851481,1.0,1.0,5.468757876656466e-10,1.457153316006498e-09,1.4571533138832022e-09
128,"(1.0, 1.0, 1.0, 2.0, 4.0, 7.0, 13.0)",745945200.0,1,-21.32204077570293,1.0,1.0,5.49484375949002e-10,1.3405810507259782e-09,1.3405810489288206e-09
129,"(1.0, 1.0, 1.0, 2.0, 4.0, 7.0, 14.0)",745945200.0,10,-21.23169800932667,10.0,10.0,6.014377907862351e-10,1.3405810507259782e-08,1.3405810327544028e-08
130,"(1.0, 1.0, 1.0, 2.0, 4.0, 8.0, 13.0)",659874599.9999998,1,-21.2009280729892,1.0,1.0,6.202316535042461e-10,1.5154394486467585e-09,1.5154394463502017e-09
131,"(1.0, 1.0, 1.0, 2.0, 4.0, 8.0, 14.0)",659874599.9999998,9,-21.11058530661293,10.0,12.0,6.788741805716285e-10,1.5154394486467586e-08,1.818527315410543e-08
132,"(1.0, 1.0, 1.0, 2.0, 4.0, 9.0, 12.0)",659874599.9999998,1,-21.959180613269048,1.0,1.0,2.9056883526389123e-10,1.5154394486467585e-09,1.5154394463502017e-09
133,"(1.0, 1.0, 1.0, 2.0, 4.0, 9.0, 14.0)",659874599.9999998,14,-21.746010727097428,16.0,22.0,3.596065038684375e-10,2.4247031178348136e-08,3.333966728231017e-08
134,"(1.0, 1.0, 1.0, 2.0, 4.0, 11.0, 14.0)",659874599.9999998,15,-21.37523619737324,15.0,15.0,5.210181711306848e-10,2.2731591729701378e-08,2.2731591212976115e-08
135,"(1.0, 1.0, 1.0, 2.0, 4.0, 12.0, 12.0)",344282399.9999998,3,-21.706474560528346,3.0,3.0,3.741087592971917e-10,8.713776829718863e-09,8.713776753788957e-09
136,"(1.0, 1.0, 1.0, 2.0, 4.0, 12.0, 13.0)",688564799.9999996,1,-21.58364744073298,1.0,1.0,4.230006328716225e-10,1.4522961382864772e-09,1.452296136177313e-09
137,"(1.0, 1.0, 1.0, 2.0, 4.0, 12.0, 14.0)",688564799.9999996,9,-21.49330467435672,12.0,24.0,4.62995086431902e-10,1.7427553659437727e-08,3.485510701515583e-08
138,"(1.0, 1.0, 1.0, 2.0, 4.0, 13.0, 14.0)",688564799.9999996,6,-21.37047755456136,6.0,6.0,5.235034190192925e-10,8.713776829718863e-09,8.713776753788957e-09
139,"(1.0, 1.0, 1.0, 2.0, 4.0, 14.0, 14.0)",344282399.9999998,24,-21.2801347881851,27.0,33.0,5.730003501195561e-10,7.842399146746976e-08,9.585153897658506e-08
140,"(1.0, 1.0, 1.0, 2.0, 6.0, 6.0, 9.0)",343134792.00000006,1,-21.900147152214217,1.0,1.0,3.082385399927731e-10,2.914306632012996e-09,2.9143066235198126e-09
141,"(1.0, 1.0, 1.0, 2.0, 6.0, 6.0, 14.0)",372972600.0,6,-21.43427121330189,7.0,9.0,4.911501583987388e-10,1.8768134710163695e-08,2.413045856082473e-08
142,"(1.0, 1.0, 1.0, 2.0, 6.0, 7.0, 7.0)",372972600.0,1,-21.166581001366183,1.0,1.0,6.41904869628901e-10,2.6811621014519565e-09,2.6811620942633264e-09
143,"(1.0, 1.0, 1.0, 2.0, 6.0, 7.0, 8.0)",686269584.0000001,1,-21.04546829865244,1.0,1.0,7.245514815498879e-10,1.457153316006498e-09,1.4571533138832022e-09
144,"(1.0, 1.0, 1.0, 2.0, 6.0, 7.0, 12.0)",745945200.0,1,-21.428187666396227,1.0,1.0,4.941472005049401e-10,1.3405810507259782e-09,1.3405810489288206e-09
145,"(1.0, 1.0, 1.0, 2.0, 6.0, 7.0, 13.0)",745945200.0,1,-21.30536054660088,1.0,1.0,5.587267695576128e-10,1.3405810507259782e-09,1.3405810489288206e-09
146,"(1.0, 1.0, 1.0, 2.0, 6.0, 7.0, 14.0)",745945200.0,19,-21.21501778022461,19.0,19.0,6.115540471109812e-10,2.5471039963793586e-08,2.547103931501971e-08
147,"(1.0, 1.0, 1.0, 2.0, 6.0, 8.0, 14.0)",659874599.9999998,21,-21.093905077510865,24.0,30.0,6.902929263307505e-10,3.6370546767522205e-08,4.546318213658608e-08
148,"(1.0, 1.0, 1.0, 2.0, 6.0, 9.0, 12.0)",659874599.9999998,1,-21.942500384166983,1.0,1.0,2.954562381882576e-10,1.5154394486467585e-09,1.5154394463502017e-09
149,"(1.0, 1.0, 1.0, 2.0, 6.0, 9.0, 14.0)",659874599.9999998,10,-21.729330497995363,10.0,10.0,3.656551287219308e-10,1.5154394486467586e-08,1.5154394256811914e-08
150,"(1.0, 1.0, 1.0, 2.0, 6.0, 11.0, 12.0)",659874599.9999998,2,-21.5717258544428,2.0,2.0,4.280736505430832e-10,3.030878897293517e-09,3.03087888810729e-09
151,"(1.0, 1.0, 1.0, 2.0, 6.0, 11.0, 14.0)",659874599.9999998,10,-21.358555968271176,11.0,13.0,5.297817597341201e-10,1.6669833935114344e-08,1.9700712554524498e-08
152,"(1.0, 1.0, 1.0, 2.0, 6.0, 12.0, 13.0)",688564799.9999996,1,-21.56696721163092,1.0,1.0,4.301155546361248e-10,1.4522961382864772e-09,1.452296136177313e-09
153,"(1.0, 1.0, 1.0, 2.0, 6.0, 12.0, 14.0)",688564799.9999996,9,-21.476624445254657,12.0,20.0,4.707827197386173e-10,1.7427553659437727e-08,2.9045922462009915e-08
154,"(1.0, 1.0, 1.0, 2.0, 6.0, 13.0, 14.0)",688564799.9999996,9,-21.353797325459297,9.0,9.0,5.323088097925563e-10,1.3070665244578294e-08,1.3070665073736004e-08
155,"(1.0, 1.0, 1.0, 2.0, 6.0, 14.0, 14.0)",344282399.9999998,21,-21.26345455908304,22.0,24.0,5.826382852556257e-10,6.3901030084605e-08,6.971021055440926e-08
156,"(1.0, 1.0, 1.0, 2.0, 7.0, 7.0, 14.0)",372972600.0,9,-20.99576434714733,10.0,12.0,7.614745636184662e-10,2.6811621014519565e-08,3.217394449856046e-08
157,"(1.0, 1.0, 1.0, 2.0, 7.0, 8.0, 12.0)",659874599.9999998,1,-21.087821530605204,1.0,1.0,6.945051553821873e-10,1.5154394486467585e-09,1.5154394463502017e-09
158,"(1.0, 1.0, 1.0, 2.0, 7.0, 8.0, 14.0)",659874599.9999998,16,-20.874651644433584,17.0,19.0,8.595160269640601e-10,2.5762470626994897e-08,2.8793348860583522e-08
159,"(1.0, 1.0, 1.0, 2.0, 7.0, 9.0, 12.0)",659874599.9999998,3,-21.723246951089703,3.0,3.0,3.678863889554615e-10,4.546318345940276e-09,4.5463183252712656e-09
160,"(1.0, 1.0, 1.0, 2.0, 7.0, 9.0, 14.0)",659874599.9999998,11,-21.51007706491808,14.0,20.0,4.552943127328503e-10,2.121615228105462e-08,3.030878852281005e-08
161,"(1.0, 1.0, 1.0, 2.0, 7.0, 11.0, 12.0)",659874599.9999998,1,-21.352472421365512,2.0,4.0,5.330145353198943e-10,3.030878897293517e-09,6.061757785400807e-09
162,"(1.0, 1.0, 1.0, 2.0, 7.0, 11.0, 14.0)",659874599.9999998,19,-21.13930253519389,21.0,25.0,6.596560618187754e-10,3.182422842158193e-08,3.788598520338745e-08
163,"(1.0, 1.0, 1.0, 2.0, 7.0, 12.0, 14.0)",688564799.9999996,11,-21.257371012177373,11.0,11.0,5.861935960780634e-10,1.597525752115125e-08,1.5975257265942397e-08
164,"(1.0, 1.0, 1.0, 2.0, 7.0, 13.0, 13.0)",344282399.9999998,1,-21.22488665875828,1.0,1.0,6.055483778567759e-10,2.9045922765729543e-09,2.904592268136298e-09
165,"(1.0, 1.0, 1.0, 2.0, 7.0, 13.0, 14.0)",688564799.9999996,20,-21.134543892382016,22.0,26.0,6.628026101076449e-10,3.19505150423025e-08,3.7759698574612995e-08
166,"(1.0, 1.0, 1.0, 2.0, 7.0, 14.0, 14.0)",344282399.9999998,32,-21.04420112600576,34.0,38.0,7.254701953299729e-10,9.875613740348045e-08,1.1037449675699759e-07
167,"(1.0, 1.0, 1.0, 2.0, 8.0, 8.0, 14.0)",268837800.0,6,-20.75353894171984,6.0,6.0,9.701805364285809e-10,2.231829006188862e-08,2.2318289563782547e-08
168,"(1.0, 1.0, 1.0, 2.0, 8.0, 9.0, 14.0)",537675600.0,11,-21.38896436220434,12.0,14.0,5.139144200955145e-10,2.231829006188862e-08,2.6038004574097315e-08
169,"(1.0, 1.0, 1.0, 2.0, 8.0, 11.0, 13.0)",537675600.0,2,-21.108532598856414,2.0,2.0,6.802691421021443e-10,3.71971501031477e-09,3.71971499647849e-09
170,"(1.0, 1.0, 1.0, 2.0, 8.0, 11.0, 14.0)",537675600.0,17,-21.01818983248015,19.0,23.0,7.445881773423435e-10,3.533729259799031e-08,4.27767213698956e-08
171,"(1.0, 1.0, 1.0, 2.0, 8.0, 12.0, 14.0)",586555199.9999999,7,-21.13625830946363,8.0,10.0,6.616672634980344e-10,1.3638955037820825e-08,1.7048693611254938e-08
172,"(1.0, 1.0, 1.0, 2.0, 8.0, 13.0, 14.0)",586555199.9999999,13,-21.013431189668275,13.0,13.0,7.481398503897637e-10,2.2163301936458842e-08,2.216330144524689e-08
173,"(1.0, 1.0, 1.0, 2.0, 8.0, 14.0, 14.0)",293277599.99999994,27,-20.92308842329201,27.0,27.0,8.188760199786399e-10,9.206294650529057e-08,9.206293802970445e-08
174,"(1.0, 1.0, 1.0, 2.0, 9.0, 9.0, 13.0)",268837800.0,1,-22.114732549065103,1.0,1.0,2.4871025064389537e-10,3.71971501031477e-09,3.71971499647849e-09
175,"(1.0, 1.0, 1.0, 2.0, 9.0, 9.0, 14.0)",268837800.0,5,-22.02438978268884,5.0,5.0,2.722256541595256e-10,1.8598575051573848e-08,1.8598574705666854e-08
176,"(1.0, 1.0, 1.0, 2.0, 9.0, 11.0, 14.0)",537675600.0,6,-21.65361525296465,6.0,6.0,3.9441587106817495e-10,1.115914503094431e-08,1.1159144906417792e-08
177,"(1.0, 1.0, 1.0, 2.0, 9.0, 12.0, 14.0)",586555199.9999999,6,-21.77168372994813,6.0,6.0,3.5049182626208184e-10,1.0229216278365618e-08,1.0229216173728753e-08
178,"(1.0, 1.0, 1.0, 2.0, 9.0, 13.0, 14.0)",586555199.9999999,5,-21.648856610152773,5.0,5.0,3.9629722812080445e-10,8.524346898638016e-09,8.524346825973526e-09
179,"(1.0, 1.0, 1.0, 2.0, 9.0, 14.0, 14.0)",293277599.99999994,14,-21.55851384377651,19.0,31.0,4.3376689094033007e-10,6.478503642964892e-08,1.0570189734601046e-07
180,"(1.0, 1.0, 1.0, 2.0, 11.0, 11.0, 14.0)",268837800.0,7,-21.28284072324045,8.0,10.0,5.714519442730665e-10,2.975772008251816e-08,3.719714921762579e-08
181,"(1.0, 1.0, 1.0, 2.0, 11.0, 12.0, 14.0)",586555199.9999999,13,-21.40090920022394,13.0,13.0,5.078123124884673e-10,2.2163301936458842e-08,2.216330144524689e-08
182,"(1.0, 1.0, 1.0, 2.0, 11.0, 13.0, 14.0)",586555199.9999999,6,-21.278082080428582,6.0,6.0,5.741777604089227e-10,1.0229216278365618e-08,1.0229216173728753e-08
183,"(1.0, 1.0, 1.0, 2.0, 11.0, 14.0, 14.0)",293277599.99999994,19,-21.18773931405232,19.0,19.0,6.284659197861931e-10,6.478503642964892e-08,6.478503223254798e-08
184,"(1.0, 1.0, 1.0, 2.0, 12.0, 12.0, 14.0)",293277599.99999994,4,-21.518977677207424,4.0,4.0,4.5125989560315797e-10,1.3638955037820825e-08,1.363895485179973e-08
185,"(1.0, 1.0, 1.0, 2.0, 12.0, 13.0, 13.0)",293277599.99999994,1,-21.486493323788327,1.0,1.0,4.661594729157043e-10,3.409738759455206e-09,3.4097387478288877e-09
186,"(1.0, 1.0, 1.0, 2.0, 12.0, 13.0, 14.0)",586555199.9999999,6,-21.396150557412064,6.0,6.0,5.102345686540848e-10,1.0229216278365618e-08,1.0229216173728753e-08
187,"(1.0, 1.0, 1.0, 2.0, 12.0, 14.0, 14.0)",293277599.99999994,17,-21.305807791035804,19.0,23.0,5.584769379913388e-10,6.478503642964892e-08,7.842398727036881e-08
188,"(1.0, 1.0, 1.0, 2.0, 13.0, 13.0, 14.0)",293277599.99999994,5,-21.273323437616707,6.0,8.0,5.769165786417762e-10,2.0458432556731237e-08,2.7277909657094185e-08
189,"(1.0, 1.0, 1.0, 2.0, 13.0, 14.0, 14.0)",293277599.99999994,18,-21.182980671240443,19.0,21.0,6.314636916236317e-10,6.478503642964892e-08,7.160450975145839e-08
190,"(1.0, 1.0, 1.0, 2.0, 14.0, 14.0, 14.0)",97759200.0,14,-21.092637904864183,14.0,14.0,6.911682010901902e-10,1.4320902789711863e-07,1.4320900738829295e-07
191,"(1.0, 1.0, 1.0, 3.0, 3.0, 4.0, 12.0)",286901999.9999999,1,-21.225316831647767,1.0,1.0,6.052879433812904e-10,3.485510731887545e-09,3.48551071973876e-09
192,"(1.0, 1.0, 1.0, 3.0, 3.0, 4.0, 14.0)",286901999.9999999,5,-21.012146945476147,5.0,5.0,7.491012618589373e-10,1.7427553659437724e-08,1.7427553355718096e-08
193,"(1.0, 1.0, 1.0, 3.0, 3.0, 6.0, 12.0)",286901999.9999999,1,-21.208636602545702,1.0,1.0,6.154689597379783e-10,3.485510731887545e-09,3.48551071973876e-09
194,"(1.0, 1.0, 1.0, 3.0, 3.0, 6.0, 13.0)",286901999.9999999,1,-21.08580948275035,1.0,1.0,6.959039397288859e-10,3.485510731887545e-09,3.48551071973876e-09
195,"(1.0, 1.0, 1.0, 3.0, 3.0, 6.0, 14.0)",286901999.9999999,7,-20.99546671637409,9.0,15.0,7.617012356122454e-10,3.13695965869879e-08,5.228265999426158e-08
196,"(1.0, 1.0, 1.0, 3.0, 3.0, 7.0, 13.0)",286901999.9999999,1,-20.866556049673065,1.0,1.0,8.665025623307847e-10,3.485510731887545e-09,3.48551071973876e-09
197,"(1.0, 1.0, 1.0, 3.0, 3.0, 7.0, 14.0)",286901999.9999999,8,-20.776213283296805,9.0,11.0,9.484298546228494e-10,3.13695965869879e-08,3.83406170667114e-08
198,"(1.0, 1.0, 1.0, 3.0, 3.0, 8.0, 14.0)",244398000.0,11,-20.65510058058306,11.0,11.0,1.0705422077735754e-09,4.5008551624808714e-08,4.500854959903899e-08
199,"(1.0, 1.0, 1.0, 3.0, 3.0, 9.0, 14.0)",244398000.0,5,-21.29052600106756,5.0,5.0,5.670770101418448e-10,2.0458432556731234e-08,2.045843213818377e-08
200,"(1.0, 1.0, 1.0, 3.0, 3.0, 11.0, 14.0)",244398000.0,4,-20.919751471343368,4.0,4.0,8.216131341786166e-10,1.6366746045384987e-08,1.6366745777514612e-08
201,"(1.0, 1.0, 1.0, 3.0, 3.0, 12.0, 14.0)",255024000.0,6,-21.03781994832685,6.0,6.0,7.30114351380654e-10,2.3527197440240917e-08,2.3527196886711897e-08
202,"(1.0, 1.0, 1.0, 3.0, 3.0, 13.0, 14.0)",255024000.0,3,-20.91499282853149,3.0,3.0,8.255322149710169e-10,1.1763598720120458e-08,1.1763598581738204e-08
203,"(1.0, 1.0, 1.0, 3.0, 3.0, 14.0, 14.0)",127512000.0,8,-20.82465006215523,9.0,11.0,9.035857857423717e-10,7.058159232072276e-08,8.626638563245553e-08
204,"(1.0, 1.0, 1.0, 3.0, 4.0, 4.0, 12.0)",372972600.0,1,-21.463924645410096,1.0,1.0,4.767996923531539e-10,2.6811621014519565e-09,2.6811620942633264e-09
205,"(1.0, 1.0, 1.0, 3.0, 4.0, 4.0, 14.0)",372972600.0,5,-21.250754759238475,7.0,13.0,5.900848597783931e-10,1.8768134710163695e-08,3.4855106966632554e-08
206,"(1.0, 1.0, 1.0, 3.0, 4.0, 6.0, 12.0)",745945200.0,1,-21.44724441630803,2.0,4.0,4.848195207997505e-10,2.6811621014519565e-09,5.3623241957152824e-09
207,"(1.0, 1.0, 1.0, 3.0, 4.0, 6.0, 14.0)",745945200.0,9,-21.23407453013641,10.0,12.0,6.000101584315884e-10,1.3405810507259782e-08,1.6086972428995984e-08
208,"(1.0, 1.0, 1.0, 3.0, 4.0, 7.0, 9.0)",686269584.0000001,1,-21.48069703597146,1.0,1.0,4.688693133098534e-10,1.457153316006498e-09,1.4571533138832022e-09
209,"(1.0, 1.0, 1.0, 3.0, 4.0, 7.0, 12.0)",745945200.0,1,-21.22799098323076,1.0,1.0,6.03671473974734e-10,1.3405810507259782e-09,1.3405810489288206e-09
210,"(1.0, 1.0, 1.0, 3.0, 4.0, 7.0, 14.0)",745945200.0,32,-21.014821097059134,38.0,56.0,7.471007275918244e-10,5.094207992758717e-08,7.507253624555927e-08
211,"(1.0, 1.0, 1.0, 3.0, 4.0, 8.0, 14.0)",659874599.9999998,26,-20.89370839434539,29.0,35.0,8.432915290962072e-10,4.3947744010756e-08,5.304037877123235e-08
212,"(1.0, 1.0, 1.0, 3.0, 4.0, 9.0, 14.0)",659874599.9999998,8,-21.529133814829887,8.0,8.0,4.46700032493222e-10,1.2123515589174068e-08,1.2123515442194438e-08
213,"(1.0, 1.0, 1.0, 3.0, 4.0, 11.0, 12.0)",659874599.9999998,2,-21.37152917127732,4.0,10.0,5.229531834421643e-10,6.061757794587034e-09,1.5154394449722678e-08
214,"(1.0, 1.0, 1.0, 3.0, 4.0, 11.0, 13.0)",659874599.9999998,1,-21.24870205148196,1.0,1.0,5.912973755916143e-10,1.5154394486467585e-09,1.5154394463502017e-09
215,"(1.0, 1.0, 1.0, 3.0, 4.0, 11.0, 14.0)",659874599.9999998,10,-21.158359285105696,10.0,10.0,6.472041842123761e-10,1.5154394486467586e-08,1.5154394256811914e-08
216,"(1.0, 1.0, 1.0, 3.0, 4.0, 12.0, 14.0)",688564799.9999996,15,-21.276427762089178,15.0,15.0,5.751284193374844e-10,2.1784442074297158e-08,2.1784441599735243e-08
217,"(1.0, 1.0, 1.0, 3.0, 4.0, 13.0, 14.0)",688564799.9999996,13,-21.15360064229382,15.0,21.0,6.502913372550811e-10,2.1784442074297158e-08,3.0498218429454105e-08
218,"(1.0, 1.0, 1.0, 3.0, 4.0, 14.0, 14.0)",344282399.9999998,26,-21.06325787591756,32.0,46.0,7.117759892092394e-10,9.294695285033454e-08,1.3361123608321985e-07
219,"(1.0, 1.0, 1.0, 3.0, 6.0, 6.0, 12.0)",372972600.0,1,-21.43056418720597,1.0,1.0,4.929742437300128e-10,2.6811621014519565e-09,2.6811620942633264e-09
220,"(1.0, 1.0, 1.0, 3.0, 6.0, 6.0, 14.0)",372972600.0,10,-21.21739430103435,14.0,22.0,6.101024018076001e-10,3.753626942032739e-08,5.898556482297152e-08
221,"(1.0, 1.0, 1.0, 3.0, 6.0, 7.0, 12.0)",745945200.0,1,-21.21131075412869,1.0,1.0,6.138253011206578e-10,1.3405810507259782e-09,1.3405810489288206e-09
222,"(1.0, 1.0, 1.0, 3.0, 6.0, 7.0, 13.0)",745945200.0,1,-21.08848363433333,1.0,1.0,6.940454731250679e-10,1.3405810507259782e-09,1.3405810489288206e-09
223,"(1.0, 1.0, 1.0, 3.0, 6.0, 7.0, 14.0)",745945200.0,27,-20.99814086795707,28.0,30.0,7.596670521170006e-10,3.753626942032739e-08,4.021743011280782e-08
224,"(1.0, 1.0, 1.0, 3.0, 6.0, 8.0, 8.0)",290344823.99999994,1,-20.707478683671155,1.0,1.0,1.0159124287590636e-09,3.444180565106269e-09,3.4441805532438894e-09
225,"(1.0, 1.0, 1.0, 3.0, 6.0, 8.0, 9.0)",580689647.9999999,1,-21.342904104155654,1.0,1.0,5.381390649367815e-10,1.7220902825531345e-09,1.7220902795875396e-09
226,"(1.0, 1.0, 1.0, 3.0, 6.0, 8.0, 11.0)",580689647.9999999,1,-20.972129574431463,1.0,1.0,7.796862081502208e-10,1.7220902825531345e-09,1.7220902795875396e-09
227,"(1.0, 1.0, 1.0, 3.0, 6.0, 8.0, 12.0)",659874599.9999998,2,-21.090198051414944,2.0,2.0,6.928566091061104e-10,3.030878897293517e-09,3.03087888810729e-09
228,"(1.0, 1.0, 1.0, 3.0, 6.0, 8.0, 13.0)",659874599.9999998,4,-20.967370931619588,7.0,13.0,7.834052982126178e-10,1.060807614052731e-08,1.9700712719876583e-08
229,"(1.0, 1.0, 1.0, 3.0, 6.0, 8.0, 14.0)",659874599.9999998,30,-20.877028165243324,33.0,39.0,8.574757945273402e-10,5.000950180534303e-08,5.910213599627332e-08
230,"(1.0, 1.0, 1.0, 3.0, 6.0, 9.0, 14.0)",659874599.9999998,20,-21.512453585727823,21.0,23.0,4.5421358102343226e-10,3.182422842158193e-08,3.4855106306093935e-08
231,"(1.0, 1.0, 1.0, 3.0, 6.0, 11.0, 14.0)",659874599.9999998,12,-21.141679056003632,12.0,12.0,6.580902368054182e-10,1.8185273383761103e-08,1.8185273053056934e-08
232,"(1.0, 1.0, 1.0, 3.0, 6.0, 12.0, 14.0)",688564799.9999996,7,-21.25974753298712,8.0,10.0,5.848021488549745e-10,1.1618369106291817e-08,1.452296124787827e-08
233,"(1.0, 1.0, 1.0, 3.0, 6.0, 13.0, 13.0)",344282399.9999998,1,-21.22726317956802,1.0,1.0,6.041109882052177e-10,2.9045922765729543e-09,2.904592268136298e-09
234,"(1.0, 1.0, 1.0, 3.0, 6.0, 13.0, 14.0)",688564799.9999996,19,-21.13692041319176,19.0,19.0,6.612293161353815e-10,2.7593626627443066e-08,2.7593625866034836e-08
235,"(1.0, 1.0, 1.0, 3.0, 6.0, 14.0, 14.0)",344282399.9999998,25,-21.046577646815496,26.0,28.0,7.237481473658278e-10,7.551939919089682e-08,8.132857804086307e-08
236,"(1.0, 1.0, 1.0, 3.0, 7.0, 7.0, 12.0)",372972600.0,1,-20.992057321051405,1.0,1.0,7.643026082762639e-10,2.6811621014519565e-09,2.6811620942633264e-09
237,"(1.0, 1.0, 1.0, 3.0, 7.0, 7.0, 13.0)",372972600.0,1,-20.869230201256048,1.0,1.0,8.641884985896827e-10,2.6811621014519565e-09,2.6811620942633264e-09
238,"(1.0, 1.0, 1.0, 3.0, 7.0, 7.0, 14.0)",372972600.0,11,-20.778887434879785,11.0,11.0,9.458969975570204e-10,2.949278311597152e-08,2.9492782246147266e-08
239,"(1.0, 1.0, 1.0, 3.0, 7.0, 8.0, 9.0)",580689647.9999999,1,-21.123650671078373,1.0,1.0,6.700621336325176e-10,1.7220902825531345e-09,1.7220902795875396e-09
240,"(1.0, 1.0, 1.0, 3.0, 7.0, 8.0, 12.0)",659874599.9999998,1,-20.870944618337663,1.0,1.0,8.627081883631148e-10,1.5154394486467585e-09,1.5154394463502017e-09
241,"(1.0, 1.0, 1.0, 3.0, 7.0, 8.0, 13.0)",659874599.9999998,1,-20.748117498542307,1.0,1.0,9.75454598675218e-10,1.5154394486467585e-09,1.5154394463502017e-09
242,"(1.0, 1.0, 1.0, 3.0, 7.0, 8.0, 14.0)",659874599.9999998,26,-20.657774732166043,30.0,40.0,1.0676832399943404e-09,4.5463183459402755e-08,6.061757587896929e-08
243,"(1.0, 1.0, 1.0, 3.0, 7.0, 9.0, 13.0)",659874599.9999998,1,-21.383542919026805,2.0,4.0,5.167081440873476e-10,3.030878897293517e-09,6.061757785400807e-09
244,"(1.0, 1.0, 1.0, 3.0, 7.0, 9.0, 14.0)",659874599.9999998,19,-21.29320015265054,19.0,19.0,5.655625860597601e-10,2.8793349524288414e-08,2.8793348695231438e-08
245,"(1.0, 1.0, 1.0, 3.0, 7.0, 11.0, 11.0)",290344823.99999994,1,-21.01752703211449,1.0,1.0,7.450818542450953e-10,3.444180565106269e-09,3.4441805532438894e-09
246,"(1.0, 1.0, 1.0, 3.0, 7.0, 11.0, 14.0)",659874599.9999998,21,-20.92242562292635,23.0,29.0,8.19418951211746e-10,3.485510731887545e-08,4.394774279587749e-08
247,"(1.0, 1.0, 1.0, 3.0, 7.0, 12.0, 12.0)",344282399.9999998,1,-21.253663986081456,1.0,1.0,5.88370663766238e-10,2.9045922765729543e-09,2.904592268136298e-09
248,"(1.0, 1.0, 1.0, 3.0, 7.0, 12.0, 13.0)",688564799.9999996,1,-21.130836866286096,1.0,1.0,6.652641964432151e-10,1.4522961382864772e-09,1.452296136177313e-09
249,"(1.0, 1.0, 1.0, 3.0, 7.0, 12.0, 14.0)",688564799.9999996,19,-21.04049409990984,21.0,25.0,7.281645231622029e-10,3.049821890401602e-08,3.630740252702057e-08
250,"(1.0, 1.0, 1.0, 3.0, 7.0, 13.0, 14.0)",688564799.9999996,16,-20.917666980114475,17.0,19.0,8.233275657883993e-10,2.4689034350870112e-08,2.759362601789465e-08
251,"(1.0, 1.0, 1.0, 3.0, 7.0, 14.0, 14.0)",344282399.9999998,39,-20.827324213738216,44.0,54.0,9.011726883152388e-10,1.2780206016921e-07,1.5684796660157295e-07
252,"(1.0, 1.0, 1.0, 3.0, 8.0, 8.0, 14.0)",268837800.0,9,-20.5366620294523,9.0,9.0,1.2051497191649501e-09,3.347743509283293e-08,3.347743397209427e-08
253,"(1.0, 1.0, 1.0, 3.0, 8.0, 9.0, 14.0)",537675600.0,7,-21.1720874499368,7.0,7.0,6.383799672304828e-10,1.3019002536101694e-08,1.3019002366607266e-08
254,"(1.0, 1.0, 1.0, 3.0, 8.0, 11.0, 12.0)",537675600.0,1,-21.01448280638423,1.0,1.0,7.473535075553241e-10,1.859857505157385e-09,1.859857501698315e-09
255,"(1.0, 1.0, 1.0, 3.0, 8.0, 11.0, 14.0)",537675600.0,19,-20.80131292021261,19.0,19.0,9.249208772224506e-10,3.533729259799031e-08,3.5337291349266066e-08
256,"(1.0, 1.0, 1.0, 3.0, 8.0, 12.0, 12.0)",293277599.99999994,1,-21.13255128336771,1.0,1.0,6.641246332634557e-10,3.409738759455206e-09,3.4097387478288877e-09
257,"(1.0, 1.0, 1.0, 3.0, 8.0, 12.0, 14.0)",586555199.9999999,17,-20.91938139719609,19.0,23.0,8.219172482275422e-10,3.239251821482446e-08,3.9211994684459636e-08
258,"(1.0, 1.0, 1.0, 3.0, 8.0, 13.0, 14.0)",586555199.9999999,10,-20.79655427740073,12.0,16.0,9.293327342067433e-10,2.0458432556731237e-08,2.7277909657094185e-08
259,"(1.0, 1.0, 1.0, 3.0, 8.0, 14.0, 14.0)",293277599.99999994,35,-20.70621151102447,35.0,35.0,1.0172005811836043e-09,1.1934085658093222e-07,1.1934084233869218e-07
260,"(1.0, 1.0, 1.0, 3.0, 9.0, 9.0, 12.0)",268837800.0,1,-22.02068275659292,1.0,1.0,2.732366745451603e-10,3.71971501031477e-09,3.71971499647849e-09
261,"(1.0, 1.0, 1.0, 3.0, 9.0, 9.0, 14.0)",268837800.0,4,-21.8075128704213,4.0,4.0,3.381563104404735e-10,1.487886004125908e-08,1.4878859819878603e-08
262,"(1.0, 1.0, 1.0, 3.0, 9.0, 11.0, 14.0)",537675600.0,14,-21.436738340697108,14.0,14.0,4.899399219054555e-10,2.6038005072203388e-08,2.603800439422568e-08
263,"(1.0, 1.0, 1.0, 3.0, 9.0, 12.0, 12.0)",293277599.99999994,1,-21.76797670385221,1.0,1.0,3.517935198237829e-10,3.409738759455206e-09,3.4097387478288877e-09
264,"(1.0, 1.0, 1.0, 3.0, 9.0, 12.0, 13.0)",586555199.9999999,1,-21.645149584056853,2.0,4.0,3.9776903862168355e-10,3.409738759455206e-09,6.8194775072840935e-09
265,"(1.0, 1.0, 1.0, 3.0, 9.0, 12.0, 14.0)",586555199.9999999,8,-21.55480681768059,9.0,11.0,4.353778602323612e-10,1.5343824417548427e-08,1.8753562941570688e-08
266,"(1.0, 1.0, 1.0, 3.0, 9.0, 13.0, 14.0)",586555199.9999999,5,-21.431979697885232,6.0,8.0,4.922769270694345e-10,1.0229216278365618e-08,1.363895493318396e-08
267,"(1.0, 1.0, 1.0, 3.0, 9.0, 14.0, 14.0)",293277599.99999994,31,-21.34163693150897,38.0,56.0,5.388214122746177e-10,1.2957007285929784e-07,1.9094535374108776e-07
268,"(1.0, 1.0, 1.0, 3.0, 11.0, 11.0, 14.0)",268837800.0,8,-21.06596381097292,9.0,11.0,7.098525731016282e-10,3.347743509283293e-08,4.0916863992723806e-08
269,"(1.0, 1.0, 1.0, 3.0, 11.0, 12.0, 13.0)",586555199.9999999,1,-21.274375054332666,1.0,1.0,5.763102024175321e-10,1.704869379727603e-09,1.7048693768210234e-09
270,"(1.0, 1.0, 1.0, 3.0, 11.0, 12.0, 14.0)",586555199.9999999,12,-21.1840322879564,13.0,15.0,6.307999828947646e-10,2.2163301936458842e-08,2.5573040204702095e-08
271,"(1.0, 1.0, 1.0, 3.0, 11.0, 13.0, 14.0)",586555199.9999999,9,-21.06120516816104,9.0,9.0,7.132385579026864e-10,1.5343824417548427e-08,1.534382418211548e-08
272,"(1.0, 1.0, 1.0, 3.0, 11.0, 14.0, 14.0)",293277599.99999994,26,-20.97086240178478,27.0,29.0,7.806748314320882e-10,9.206294650529057e-08,9.888241554861486e-08
273,"(1.0, 1.0, 1.0, 3.0, 12.0, 12.0, 14.0)",293277599.99999994,4,-21.30210076493988,6.0,12.0,5.605510686274095e-10,2.0458432556731237e-08,4.091686469491501e-08
274,"(1.0, 1.0, 1.0, 3.0, 12.0, 13.0, 13.0)",293277599.99999994,2,-21.269616411520783,2.0,2.0,5.790591923628043e-10,6.819477518910412e-09,6.819477472405139e-09
275,"(1.0, 1.0, 1.0, 3.0, 12.0, 13.0, 14.0)",586555199.9999999,10,-21.179273645144523,11.0,13.0,6.338088881738641e-10,1.8753563177003635e-08,2.216330158476271e-08
276,"(1.0, 1.0, 1.0, 3.0, 12.0, 14.0, 14.0)",293277599.99999994,17,-21.08893087876826,17.0,17.0,6.937351345533966e-10,5.796555891073851e-08,5.796555555073249e-08
277,"(1.0, 1.0, 1.0, 3.0, 13.0, 13.0, 14.0)",293277599.99999994,4,-21.05644652534917,5.0,7.0,7.166406937941312e-10,1.7048693797276032e-08,2.3868171025528485e-08
278,"(1.0, 1.0, 1.0, 3.0, 13.0, 14.0, 14.0)",293277599.99999994,20,-20.966103758972903,21.0,23.0,7.843986372108654e-10,7.160451394855933e-08,7.842398634026333e-08
279,"(1.0, 1.0, 1.0, 3.0, 14.0, 14.0, 14.0)",97759200.0,20,-20.87576099259664,22.0,26.0,8.58563053126051e-10,2.2504275812404356e-07,2.6595957259326306e-07
280,"(1.0, 1.0, 1.0, 4.0, 4.0, 4.0, 11.0)",136164600.0,1,-21.584463982188943,1.0,1.0,4.226553762963213e-10,7.344052712672751e-09,7.344052658737641e-09
281,"(1.0, 1.0, 1.0, 4.0, 4.0, 4.0, 14.0)",148004999.99999997,2,-21.489362573000804,2.0,2.0,4.64823862231399e-10,1.3513056991317864e-08,1.3513056808715155e-08
282,"(1.0, 1.0, 1.0, 4.0, 4.0, 6.0, 14.0)",444015000.0,10,-21.472682343898743,10.0,10.0,4.726422557680675e-10,2.2521761652196435e-08,2.2521761144966686e-08
283,"(1.0, 1.0, 1.0, 4.0, 4.0, 7.0, 14.0)",444015000.0,12,-21.253428910821462,13.0,15.0,5.885089914110621e-10,2.9278290147855364e-08,3.378264162107638e-08
284,"(1.0, 1.0, 1.0, 4.0, 4.0, 8.0, 14.0)",408493800.0,13,-21.13231620810772,15.0,21.0,6.642807708856131e-10,3.672026356336375e-08,5.140836764033149e-08
285,"(1.0, 1.0, 1.0, 4.0, 4.0, 9.0, 14.0)",408493800.0,4,-21.767741628592216,4.0,4.0,3.518762274978027e-10,9.792070283563667e-09,9.792070187679026e-09
286,"(1.0, 1.0, 1.0, 4.0, 4.0, 11.0, 14.0)",408493800.0,6,-21.396967098868025,8.0,14.0,5.098181110271118e-10,1.9584140567127333e-08,3.4272245608934275e-08
287,"(1.0, 1.0, 1.0, 4.0, 4.0, 12.0, 14.0)",426254400.0,4,-21.515035575851503,5.0,7.0,4.530423187876527e-10,1.173008419385231e-08,1.642211773379836e-08
288,"(1.0, 1.0, 1.0, 4.0, 4.0, 13.0, 13.0)",213127200.0,1,-21.482551222432413,2.0,4.0,4.680007476673299e-10,9.384067355081848e-09,1.8768134622102974e-08
289,"(1.0, 1.0, 1.0, 4.0, 4.0, 13.0, 14.0)",426254400.0,4,-21.39220845605615,5.0,7.0,5.12249934817928e-10,1.173008419385231e-08,1.642211773379836e-08
290,"(1.0, 1.0, 1.0, 4.0, 4.0, 14.0, 14.0)",213127200.0,12,-21.30186568967989,15.0,23.0,5.606828558049505e-10,7.038050516311385e-08,1.0791676963002574e-07
291,"(1.0, 1.0, 1.0, 4.0, 6.0, 6.0, 13.0)",444015000.0,2,-21.546344881172946,3.0,5.0,4.390776315809803e-10,6.7565284956589305e-09,1.126088078044754e-08
292,"(1.0, 1.0, 1.0, 4.0, 6.0, 6.0, 14.0)",444015000.0,10,-21.45600211479668,10.0,10.0,4.80592155628877e-10,2.2521761652196435e-08,2.2521761144966686e-08
293,"(1.0, 1.0, 1.0, 4.0, 6.0, 7.0, 12.0)",888029999.9999999,1,-21.44991856789101,1.0,1.0,4.835247718597798e-10,1.126088082609822e-09,1.1260880813417477e-09
294,"(1.0, 1.0, 1.0, 4.0, 6.0, 7.0, 13.0)",888029999.9999999,1,-21.327091448095658,1.0,1.0,5.467161070754615e-10,1.126088082609822e-09,1.1260880813417477e-09
295,"(1.0, 1.0, 1.0, 4.0, 6.0, 7.0, 14.0)",888029999.9999999,29,-21.2367486817194,32.0,38.0,5.984077837678732e-10,3.60348186435143e-08,4.279134584066508e-08
296,"(1.0, 1.0, 1.0, 4.0, 6.0, 8.0, 13.0)",816987600.0,2,-21.20597874538192,2.0,2.0,6.171069641483156e-10,2.4480175708909167e-09,2.4480175648981267e-09
297,"(1.0, 1.0, 1.0, 4.0, 6.0, 8.0, 14.0)",816987600.0,18,-21.115635979005653,18.0,18.0,6.754540537302061e-10,2.203215813801825e-08,2.2032157652602257e-08
298,"(1.0, 1.0, 1.0, 4.0, 6.0, 9.0, 14.0)",816987600.0,16,-21.75106139949015,18.0,22.0,3.5779482816853845e-10,2.203215813801825e-08,2.6928192794384092e-08
299,"(1.0, 1.0, 1.0, 4.0, 6.0, 11.0, 12.0)",816987600.0,1,-21.59345675593758,1.0,1.0,4.188715710754266e-10,1.2240087854454583e-09,1.2240087839472607e-09
300,"(1.0, 1.0, 1.0, 4.0, 6.0, 11.0, 14.0)",816987600.0,16,-21.38028686976596,16.0,16.0,5.183933132660784e-10,1.9584140567127333e-08,1.958414018358877e-08
301,"(1.0, 1.0, 1.0, 4.0, 6.0, 12.0, 14.0)",852508800.0,18,-21.49835534674944,19.0,21.0,4.606625453397986e-10,2.2287159968319387e-08,2.463317631037235e-08
302,"(1.0, 1.0, 1.0, 4.0, 6.0, 13.0, 14.0)",852508800.0,15,-21.37552822695409,15.0,15.0,5.208660406269401e-10,1.7595126290778463e-08,1.7595125981189996e-08
303,"(1.0, 1.0, 1.0, 4.0, 6.0, 14.0, 14.0)",426254400.0,40,-21.285185460577825,43.0,51.0,5.70113609198082e-10,1.0087872406712987e-07,1.1964684860077658e-07
304,"(1.0, 1.0, 1.0, 4.0, 7.0, 7.0, 14.0)",444015000.0,14,-21.01749524864212,15.0,17.0,7.451055359099635e-10,3.3782642478294654e-08,3.8286993667467003e-08
305,"(1.0, 1.0, 1.0, 4.0, 7.0, 8.0, 12.0)",816987600.0,3,-21.109552432099992,3.0,3.0,6.795757346565289e-10,3.6720263563363754e-09,3.6720263428525977e-09
306,"(1.0, 1.0, 1.0, 4.0, 7.0, 8.0, 14.0)",816987600.0,31,-20.89638254592837,36.0,48.0,8.41039452258248e-10,4.40643162760365e-08,5.875241975971804e-08
307,"(1.0, 1.0, 1.0, 4.0, 7.0, 9.0, 12.0)",816987600.0,1,-21.74497785258449,1.0,1.0,3.5997812414648853e-10,1.2240087854454583e-09,1.2240087839472607e-09
308,"(1.0, 1.0, 1.0, 4.0, 7.0, 9.0, 13.0)",816987600.0,1,-21.62215073278913,1.0,1.0,4.0702328012838545e-10,1.2240087854454583e-09,1.2240087839472607e-09
309,"(1.0, 1.0, 1.0, 4.0, 7.0, 9.0, 14.0)",816987600.0,10,-21.53180796641287,10.0,10.0,4.455070846667768e-10,1.2240087854454584e-08,1.2240087704634834e-08
310,"(1.0, 1.0, 1.0, 4.0, 7.0, 11.0, 14.0)",816987600.0,32,-21.16103343668868,33.0,35.0,6.454757741638854e-10,4.039228991970013e-08,4.2840305859053966e-08
311,"(1.0, 1.0, 1.0, 4.0, 7.0, 12.0, 14.0)",852508800.0,26,-21.279101913672164,27.0,29.0,5.735924933292703e-10,3.167122732340124e-08,3.401724315910506e-08
312,"(1.0, 1.0, 1.0, 4.0, 7.0, 13.0, 13.0)",426254400.0,1,-21.246617560253068,2.0,4.0,5.925312153019656e-10,4.692033677540924e-09,9.384067333066667e-09
313,"(1.0, 1.0, 1.0, 4.0, 7.0, 13.0, 14.0)",852508800.0,19,-21.156274793876804,20.0,22.0,6.485546827198112e-10,2.346016838770462e-08,2.5806184676095583e-08
314,"(1.0, 1.0, 1.0, 4.0, 7.0, 14.0, 14.0)",426254400.0,35,-21.065932027500544,36.0,38.0,7.098751350398233e-10,8.445660619573664e-08,8.914863274035922e-08
315,"(1.0, 1.0, 1.0, 4.0, 8.0, 8.0, 11.0)",290344823.99999994,1,-20.87037125240277,2.0,4.0,8.632029776841922e-10,6.888361130212538e-09,1.3776722212975558e-08
316,"(1.0, 1.0, 1.0, 4.0, 8.0, 8.0, 14.0)",345648599.99999994,11,-20.77526984321463,13.0,17.0,9.493250635844393e-10,3.7610451770960454e-08,4.918289705517144e-08
317,"(1.0, 1.0, 1.0, 4.0, 8.0, 9.0, 14.0)",691297199.9999999,18,-21.410695263699125,18.0,18.0,5.02867065680463e-10,2.6038005072203394e-08,2.6038004394225686e-08
318,"(1.0, 1.0, 1.0, 4.0, 8.0, 11.0, 14.0)",691297199.9999999,23,-21.03992073397493,24.0,26.0,7.285821476091675e-10,3.471734009627119e-08,3.761045056566675e-08
319,"(1.0, 1.0, 1.0, 4.0, 8.0, 12.0, 13.0)",754142399.9999999,2,-21.248331977334683,2.0,2.0,5.915162399591977e-10,2.652019035131827e-09,2.652019028098622e-09
320,"(1.0, 1.0, 1.0, 4.0, 8.0, 12.0, 14.0)",754142399.9999999,24,-21.15798921095842,26.0,32.0,6.47443742073314e-10,3.447624745671375e-08,4.2432303373497596e-08
321,"(1.0, 1.0, 1.0, 4.0, 8.0, 13.0, 14.0)",754142399.9999999,19,-21.035162091163063,22.0,34.0,7.320574721647188e-10,2.9172209386450095e-08,4.508432274622326e-08
322,"(1.0, 1.0, 1.0, 4.0, 8.0, 14.0, 14.0)",377071200.0,41,-20.9448193247868,43.0,47.0,8.012730626360323e-10,1.1403681851066855e-07,1.246448816467999e-07
323,"(1.0, 1.0, 1.0, 4.0, 9.0, 9.0, 14.0)",345648599.99999994,5,-22.046120684183627,5.0,5.0,2.6637375904864105e-10,1.446555837344633e-08,1.446555816419395e-08
324,"(1.0, 1.0, 1.0, 4.0, 9.0, 11.0, 14.0)",691297199.9999999,13,-21.67534615445944,14.0,16.0,3.8593731560401234e-10,2.025178172282486e-08,2.3144892987379463e-08
325,"(1.0, 1.0, 1.0, 4.0, 9.0, 12.0, 14.0)",754142399.9999999,20,-21.79341463144292,20.0,20.0,3.429574834359407e-10,2.652019035131827e-08,2.6520189647997773e-08
326,"(1.0, 1.0, 1.0, 4.0, 9.0, 13.0, 14.0)",754142399.9999999,5,-21.67058751164756,5.0,5.0,3.8777823009008163e-10,6.6300475878295675e-09,6.630047543872037e-09
327,"(1.0, 1.0, 1.0, 4.0, 9.0, 14.0, 14.0)",377071200.0,19,-21.580244745271298,20.0,22.0,4.2444242680709375e-10,5.3040380702636533e-08,5.83444159596182e-08
328,"(1.0, 1.0, 1.0, 4.0, 11.0, 11.0, 12.0)",345648599.99999994,1,-21.517741510906863,1.0,1.0,4.518180728077429e-10,2.8931116746892657e-09,2.8931116663191707e-09
329,"(1.0, 1.0, 1.0, 4.0, 11.0, 11.0, 14.0)",345648599.99999994,7,-21.30457162473525,9.0,13.0,5.591677352438948e-10,2.6038005072203394e-08,3.761045109298274e-08
330,"(1.0, 1.0, 1.0, 4.0, 11.0, 12.0, 14.0)",754142399.9999999,6,-21.422640101718727,6.0,6.0,4.968961319474635e-10,7.956057105395481e-09,7.956057042096636e-09
331,"(1.0, 1.0, 1.0, 4.0, 11.0, 13.0, 13.0)",377071200.0,2,-21.39015574829964,3.0,5.0,5.133025141817154e-10,7.95605710539548e-09,1.3260095112360288e-08
332,"(1.0, 1.0, 1.0, 4.0, 11.0, 13.0, 14.0)",754142399.9999999,18,-21.29981298192337,19.0,21.0,5.618349559098778e-10,2.5194180833752356e-08,2.7846199234137437e-08
333,"(1.0, 1.0, 1.0, 4.0, 11.0, 14.0, 14.0)",377071200.0,32,-21.209470215547107,34.0,38.0,6.149561105997333e-10,9.016864719448211e-08,1.0077671520462447e-07
334,"(1.0, 1.0, 1.0, 4.0, 12.0, 12.0, 14.0)",377071200.0,5,-21.54070857870221,5.0,5.0,4.4155939333061874e-10,1.3260095175659133e-08,1.326009499982901e-08
335,"(1.0, 1.0, 1.0, 4.0, 12.0, 13.0, 14.0)",754142399.9999999,8,-21.41788145890685,8.0,8.0,4.992663181160168e-10,1.0608076140527308e-08,1.0608076027996028e-08
336,"(1.0, 1.0, 1.0, 4.0, 12.0, 14.0, 14.0)",377071200.0,14,-21.327538692530588,15.0,17.0,5.464716460100856e-10,3.97802855269774e-08,4.508432201476994e-08
337,"(1.0, 1.0, 1.0, 4.0, 13.0, 13.0, 14.0)",377071200.0,3,-21.29505433911149,3.0,3.0,5.645148991734513e-10,7.95605710539548e-09,7.956057042096634e-09
338,"(1.0, 1.0, 1.0, 4.0, 13.0, 14.0, 14.0)",377071200.0,22,-21.20471157273523,25.0,31.0,6.178894408752141e-10,6.630047587829567e-08,8.221258569333352e-08
339,"(1.0, 1.0, 1.0, 4.0, 14.0, 14.0, 14.0)",125690399.99999996,14,-21.114368806358968,15.0,17.0,6.763105131575617e-10,1.1934085658093224e-07,1.3525295654948316e-07
340,"(1.0, 1.0, 1.0, 6.0, 6.0, 6.0, 14.0)",148004999.99999997,5,-21.43932188569461,5.0,5.0,4.886757737660919e-10,3.378264247829466e-08,3.3782641337027726e-08
341,"(1.0, 1.0, 1.0, 6.0, 6.0, 7.0, 13.0)",444015000.0,1,-21.3104112189936,1.0,1.0,5.559119380670782e-10,2.2521761652196435e-09,2.252176160147346e-09
342,"(1.0, 1.0, 1.0, 6.0, 6.0, 7.0, 14.0)",444015000.0,8,-21.220068452617333,11.0,19.0,6.084730750083986e-10,2.4773937817416077e-08,4.279134652542523e-08
343,"(1.0, 1.0, 1.0, 6.0, 6.0, 8.0, 12.0)",408493800.0,1,-21.31212563607521,1.0,1.0,5.549596896532988e-10,2.4480175708909167e-09,2.4480175648981267e-09
344,"(1.0, 1.0, 1.0, 6.0, 6.0, 8.0, 13.0)",408493800.0,1,-21.18929851627985,1.0,1.0,6.274867778626351e-10,2.4480175708909167e-09,2.4480175648981267e-09
345,"(1.0, 1.0, 1.0, 6.0, 6.0, 8.0, 14.0)",408493800.0,11,-21.09895574990359,12.0,14.0,6.868152725425332e-10,2.9376210850691003e-08,3.427224512951107e-08
346,"(1.0, 1.0, 1.0, 6.0, 6.0, 9.0, 14.0)",408493800.0,8,-21.73438117038809,8.0,8.0,3.638129804178172e-10,1.9584140567127333e-08,1.958414018358877e-08
347,"(1.0, 1.0, 1.0, 6.0, 6.0, 11.0, 14.0)",408493800.0,8,-21.3636066406639,8.0,8.0,5.271127514430152e-10,1.9584140567127333e-08,1.958414018358877e-08
348,"(1.0, 1.0, 1.0, 6.0, 6.0, 12.0, 12.0)",213127200.0,1,-21.694845003819,2.0,4.0,3.7848487515153083e-10,9.384067355081848e-09,1.8768134622102974e-08
349,"(1.0, 1.0, 1.0, 6.0, 6.0, 12.0, 14.0)",426254400.0,14,-21.48167511764738,17.0,23.0,4.684109450234555e-10,3.9882286259097854e-08,5.3958385701123865e-08
350,"(1.0, 1.0, 1.0, 6.0, 6.0, 13.0, 14.0)",426254400.0,9,-21.358847997852024,9.0,9.0,5.296270703769175e-10,2.111415154893416e-08,2.1114151103126762e-08
351,"(1.0, 1.0, 1.0, 6.0, 6.0, 14.0, 14.0)",213127200.0,16,-21.26850523147576,18.0,24.0,5.797029890029919e-10,8.445660619573664e-08,1.1260880112806384e-07
352,"(1.0, 1.0, 1.0, 6.0, 7.0, 7.0, 9.0)",408493800.0,1,-21.466690958452386,1.0,1.0,4.754825378164832e-10,2.4480175708909167e-09,2.4480175648981267e-09
353,"(1.0, 1.0, 1.0, 6.0, 7.0, 7.0, 14.0)",444015000.0,18,-21.00081501954005,18.0,18.0,7.576383010699374e-10,4.053917097395358e-08,4.05391693305292e-08
354,"(1.0, 1.0, 1.0, 6.0, 7.0, 8.0, 13.0)",816987600.0,2,-20.97004508320257,2.0,2.0,7.813131522986985e-10,2.4480175708909167e-09,2.4480175648981267e-09
355,"(1.0, 1.0, 1.0, 6.0, 7.0, 8.0, 14.0)",816987600.0,24,-20.879702316826307,28.0,36.0,8.551858374848001e-10,3.427224599247284e-08,4.4064315101449653e-08
356,"(1.0, 1.0, 1.0, 6.0, 7.0, 9.0, 12.0)",816987600.0,2,-21.728297623482423,2.0,2.0,3.660329996979702e-10,2.4480175708909167e-09,2.4480175648981267e-09
357,"(1.0, 1.0, 1.0, 6.0, 7.0, 9.0, 14.0)",816987600.0,17,-21.51512773731081,19.0,23.0,4.5300056767037696e-10,2.325616692346371e-08,2.8152201524396242e-08
358,"(1.0, 1.0, 1.0, 6.0, 7.0, 11.0, 14.0)",816987600.0,15,-21.14435320758662,17.0,21.0,6.563327546910314e-10,2.0808149352572794e-08,2.5704184061375546e-08
359,"(1.0, 1.0, 1.0, 6.0, 7.0, 12.0, 13.0)",852508800.0,1,-21.35276445094636,1.0,1.0,5.328589020344265e-10,1.173008419385231e-09,1.1730084180092822e-09
360,"(1.0, 1.0, 1.0, 6.0, 7.0, 12.0, 14.0)",852508800.0,12,-21.2624216845701,12.0,12.0,5.832403883856899e-10,1.4076101032622771e-08,1.4076100834486151e-08
361,"(1.0, 1.0, 1.0, 6.0, 7.0, 13.0, 14.0)",852508800.0,23,-21.13959456477474,25.0,29.0,6.594634508609561e-10,2.9325210484630775e-08,3.4017243302203734e-08
362,"(1.0, 1.0, 1.0, 6.0, 7.0, 14.0, 14.0)",426254400.0,45,-21.04925179839848,47.0,51.0,7.21815320599564e-10,1.1026279142221171e-07,1.1964684661941038e-07
363,"(1.0, 1.0, 1.0, 6.0, 8.0, 8.0, 14.0)",345648599.99999994,11,-20.75858961411257,11.0,11.0,9.652928258798077e-10,3.1824228421581924e-08,3.182422740880041e-08
364,"(1.0, 1.0, 1.0, 6.0, 8.0, 9.0, 14.0)",691297199.9999999,9,-21.394015034597064,10.0,12.0,5.113253504966637e-10,1.446555837344633e-08,1.7358669838883217e-08
365,"(1.0, 1.0, 1.0, 6.0, 8.0, 11.0, 12.0)",691297199.9999999,2,-21.23641039104449,2.0,2.0,5.986102537858446e-10,2.8931116746892657e-09,2.8931116663191707e-09
366,"(1.0, 1.0, 1.0, 6.0, 8.0, 11.0, 14.0)",691297199.9999999,18,-21.02324050487288,18.0,18.0,7.408369873810555e-10,2.6038005072203394e-08,2.6038004394225686e-08
367,"(1.0, 1.0, 1.0, 6.0, 8.0, 12.0, 14.0)",754142399.9999999,20,-21.141308981856355,23.0,29.0,6.583338240585278e-10,3.049821890401601e-08,3.8454275079270134e-08
368,"(1.0, 1.0, 1.0, 6.0, 8.0, 13.0, 14.0)",754142399.9999999,17,-21.018481862061,21.0,29.0,7.443707673156318e-10,2.7846199868884184e-08,3.845427523400065e-08
369,"(1.0, 1.0, 1.0, 6.0, 8.0, 14.0, 14.0)",377071200.0,36,-20.92813909568473,36.0,36.0,8.147505723833787e-10,9.547268526474575e-08,9.547267614971212e-08
370,"(1.0, 1.0, 1.0, 6.0, 9.0, 9.0, 14.0)",345648599.99999994,4,-22.029440455081563,5.0,7.0,2.708541978670933e-10,1.446555837344633e-08,2.0251781513572482e-08
371,"(1.0, 1.0, 1.0, 6.0, 9.0, 11.0, 14.0)",691297199.9999999,10,-21.65866592535737,12.0,16.0,3.924288278929779e-10,1.7358670048135596e-08,2.31448930961907e-08
372,"(1.0, 1.0, 1.0, 6.0, 9.0, 12.0, 14.0)",754142399.9999999,5,-21.776734402340853,5.0,5.0,3.487260697537274e-10,6.6300475878295675e-09,6.630047543872037e-09
373,"(1.0, 1.0, 1.0, 6.0, 9.0, 13.0, 13.0)",377071200.0,1,-21.74425004892176,1.0,1.0,3.6024021290675604e-10,2.6520190351318266e-09,2.6520190280986217e-09
374,"(1.0, 1.0, 1.0, 6.0, 9.0, 13.0, 14.0)",754142399.9999999,11,-21.653907282545497,12.0,14.0,3.943007067831745e-10,1.5912114210790962e-08,1.8564132992727408e-08
375,"(1.0, 1.0, 1.0, 6.0, 9.0, 14.0, 14.0)",377071200.0,36,-21.56356451616924,39.0,45.0,4.3158159971982986e-10,1.0342874237014123e-07,1.1934084588342744e-07
376,"(1.0, 1.0, 1.0, 6.0, 11.0, 11.0, 14.0)",345648599.99999994,12,-21.28789139563318,15.0,21.0,5.685730041260891e-10,4.339667512033899e-08,6.075534328520317e-08
377,"(1.0, 1.0, 1.0, 6.0, 11.0, 12.0, 13.0)",754142399.9999999,2,-21.49630263899293,2.0,2.0,4.616091221101161e-10,2.652019035131827e-09,2.652019028098622e-09
378,"(1.0, 1.0, 1.0, 6.0, 11.0, 12.0, 14.0)",754142399.9999999,15,-21.405959872616663,20.0,30.0,5.0525398493669e-10,2.652019035131827e-08,3.978028482365691e-08
379,"(1.0, 1.0, 1.0, 6.0, 11.0, 13.0, 14.0)",754142399.9999999,14,-21.283132752821302,14.0,14.0,5.712850877660074e-10,1.8564133245922787e-08,1.8564132901295743e-08
380,"(1.0, 1.0, 1.0, 6.0, 11.0, 14.0, 14.0)",377071200.0,26,-21.19278998644504,26.0,26.0,6.252997466974351e-10,6.895249491342749e-08,6.895249015898094e-08
381,"(1.0, 1.0, 1.0, 6.0, 12.0, 12.0, 13.0)",377071200.0,3,-21.61437111597641,4.0,6.0,4.1020211430499303e-10,1.0608076140527306e-08,1.591211409825968e-08
382,"(1.0, 1.0, 1.0, 6.0, 12.0, 12.0, 14.0)",377071200.0,5,-21.524028349600144,6.0,8.0,4.489864756888681e-10,1.591211421079096e-08,2.1216152027859233e-08
383,"(1.0, 1.0, 1.0, 6.0, 12.0, 13.0, 13.0)",377071200.0,1,-21.49154399618105,1.0,1.0,4.638109898369108e-10,2.6520190351318266e-09,2.6520190280986217e-09
384,"(1.0, 1.0, 1.0, 6.0, 12.0, 13.0, 14.0)",754142399.9999999,8,-21.401201229804787,8.0,8.0,5.076640379230352e-10,1.0608076140527308e-08,1.0608076027996028e-08
385,"(1.0, 1.0, 1.0, 6.0, 12.0, 14.0, 14.0)",377071200.0,20,-21.310858463428524,20.0,20.0,5.556633651370436e-10,5.3040380702636533e-08,5.3040377889354546e-08
386,"(1.0, 1.0, 1.0, 6.0, 13.0, 13.0, 14.0)",377071200.0,5,-21.27837411000943,5.0,5.0,5.740101079991411e-10,1.3260095175659133e-08,1.326009499982901e-08
387,"(1.0, 1.0, 1.0, 6.0, 13.0, 14.0, 14.0)",377071200.0,19,-21.18803134363317,22.0,28.0,6.282824159426378e-10,5.8344418772900184e-08,7.425652957961995e-08
388,"(1.0, 1.0, 1.0, 6.0, 14.0, 14.0, 14.0)",125690399.99999996,14,-21.097688577256907,15.0,17.0,6.876861377209577e-10,1.1934085658093224e-07,1.3525295654948316e-07
389,"(1.0, 1.0, 1.0, 7.0, 7.0, 7.0, 12.0)",148004999.99999997,1,-20.994731472634392,1.0,1.0,7.622614776092215e-10,6.756528495658932e-09,6.756528450008255e-09
390,"(1.0, 1.0, 1.0, 7.0, 7.0, 7.0, 14.0)",148004999.99999997,7,-20.78156158646277,8.0,10.0,9.433709046866437e-10,5.405222796527146e-08,6.756528203494597e-08
391,"(1.0, 1.0, 1.0, 7.0, 7.0, 8.0, 12.0)",408493800.0,2,-20.873618769920647,2.0,2.0,8.604042577983015e-10,4.896035141781833e-09,4.8960351178106735e-09
392,"(1.0, 1.0, 1.0, 7.0, 7.0, 8.0, 14.0)",408493800.0,17,-20.660448883749027,19.0,23.0,1.0648319073150608e-09,4.651233384692742e-08,5.630440196709388e-08
393,"(1.0, 1.0, 1.0, 7.0, 7.0, 9.0, 12.0)",408493800.0,1,-21.509044190405145,1.0,1.0,4.5576481756875323e-10,2.4480175708909167e-09,2.4480175648981267e-09
394,"(1.0, 1.0, 1.0, 7.0, 7.0, 9.0, 13.0)",408493800.0,1,-21.38621707060979,1.0,1.0,5.153282340525192e-10,2.4480175708909167e-09,2.4480175648981267e-09
395,"(1.0, 1.0, 1.0, 7.0, 7.0, 9.0, 14.0)",408493800.0,10,-21.295874304233525,10.0,10.0,5.640522063671664e-10,2.4480175708909168e-08,2.4480175109630165e-08
396,"(1.0, 1.0, 1.0, 7.0, 7.0, 11.0, 12.0)",408493800.0,2,-21.138269660680955,3.0,5.0,6.603377557438686e-10,7.344052712672751e-09,1.2240087800519473e-08
397,"(1.0, 1.0, 1.0, 7.0, 7.0, 11.0, 13.0)",408493800.0,1,-21.0154425408856,1.0,1.0,7.466365906893563e-10,2.4480175708909167e-09,2.4480175648981267e-09
398,"(1.0, 1.0, 1.0, 7.0, 7.0, 11.0, 14.0)",408493800.0,9,-20.92509977450933,10.0,12.0,8.172306279843247e-10,2.4480175708909168e-08,2.9376210251412e-08
399,"(1.0, 1.0, 1.0, 7.0, 7.0, 12.0, 14.0)",426254400.0,8,-21.043168251492816,9.0,11.0,7.262199021144941e-10,2.111415154893416e-08,2.5806184780667686e-08
400,"(1.0, 1.0, 1.0, 7.0, 7.0, 13.0, 14.0)",426254400.0,15,-20.92034113169746,17.0,21.0,8.211288042960894e-10,3.9882286259097854e-08,4.9266352023582945e-08
401,"(1.0, 1.0, 1.0, 7.0, 7.0, 14.0, 14.0)",213127200.0,33,-20.829998365321195,37.0,45.0,8.987660352559684e-10,1.736052460690142e-07,2.1114148535056013e-07
402,"(1.0, 1.0, 1.0, 7.0, 8.0, 8.0, 12.0)",345648599.99999994,1,-20.7525060672069,1.0,1.0,9.711831288645596e-10,2.8931116746892657e-09,2.8931116663191707e-09
403,"(1.0, 1.0, 1.0, 7.0, 8.0, 8.0, 14.0)",345648599.99999994,17,-20.53933618103528,20.0,26.0,1.2019312713623103e-09,5.786223349378532e-08,7.522090019388284e-08
404,"(1.0, 1.0, 1.0, 7.0, 8.0, 9.0, 13.0)",691297199.9999999,1,-21.265104367896043,1.0,1.0,5.816778359745138e-10,1.4465558373446329e-09,1.4465558352521091e-09
405,"(1.0, 1.0, 1.0, 7.0, 8.0, 9.0, 14.0)",691297199.9999999,16,-21.174761601519783,18.0,22.0,6.366751229525382e-10,2.6038005072203394e-08,3.182422774360421e-08
406,"(1.0, 1.0, 1.0, 7.0, 8.0, 11.0, 12.0)",691297199.9999999,1,-21.01715695796721,2.0,4.0,7.453576408045496e-10,2.8931116746892657e-09,5.7862233410084365e-09
407,"(1.0, 1.0, 1.0, 7.0, 8.0, 11.0, 13.0)",691297199.9999999,2,-20.894329838171856,2.0,2.0,8.42767633584214e-10,2.8931116746892657e-09,2.8931116663191707e-09
408,"(1.0, 1.0, 1.0, 7.0, 8.0, 11.0, 14.0)",691297199.9999999,34,-20.8039870717956,34.0,34.0,9.224508027432508e-10,4.918289846971752e-08,4.9182896050760015e-08
409,"(1.0, 1.0, 1.0, 7.0, 8.0, 12.0, 12.0)",377071200.0,1,-21.13522543495069,1.0,1.0,6.623510358152591e-10,2.6520190351318266e-09,2.6520190280986217e-09
410,"(1.0, 1.0, 1.0, 7.0, 8.0, 12.0, 14.0)",754142399.9999999,29,-20.92205554877908,31.0,35.0,8.197222531000048e-10,4.110629504454332e-08,4.641033142507948e-08
411,"(1.0, 1.0, 1.0, 7.0, 8.0, 13.0, 14.0)",754142399.9999999,19,-20.79922842898372,19.0,19.0,9.268508775139389e-10,2.5194180833752356e-08,2.5194180199005608e-08
412,"(1.0, 1.0, 1.0, 7.0, 8.0, 14.0, 14.0)",377071200.0,54,-20.70888566260745,57.0,63.0,1.0144840664441554e-09,1.511650850025141e-07,1.6707717636242214e-07
413,"(1.0, 1.0, 1.0, 7.0, 9.0, 9.0, 14.0)",345648599.99999994,3,-21.81018702200428,3.0,3.0,3.372532372231142e-10,8.679335024067798e-09,8.679334948736941e-09
414,"(1.0, 1.0, 1.0, 7.0, 9.0, 11.0, 14.0)",691297199.9999999,14,-21.43941249228009,14.0,14.0,4.886314985286682e-10,2.025178172282486e-08,2.0251781312690198e-08
415,"(1.0, 1.0, 1.0, 7.0, 9.0, 12.0, 13.0)",754142399.9999999,1,-21.64782373563984,1.0,1.0,3.967067648909138e-10,1.3260095175659135e-09,1.3260095158076123e-09
416,"(1.0, 1.0, 1.0, 7.0, 9.0, 12.0, 14.0)",754142399.9999999,13,-21.55748096926357,14.0,16.0,4.342151491639358e-10,1.8564133245922787e-08,2.1216151936427572e-08
417,"(1.0, 1.0, 1.0, 7.0, 9.0, 13.0, 14.0)",754142399.9999999,22,-21.434653849468216,23.0,25.0,4.909622625352081e-10,3.049821890401601e-08,3.3150237009006477e-08
418,"(1.0, 1.0, 1.0, 7.0, 9.0, 14.0, 14.0)",377071200.0,34,-21.344311083091952,35.0,37.0,5.373824470051785e-10,9.282066622961393e-08,9.812469568420151e-08
419,"(1.0, 1.0, 1.0, 7.0, 11.0, 11.0, 14.0)",345648599.99999994,13,-21.0686379625559,14.0,16.0,7.079568555673121e-10,4.050356344564972e-08,4.62897851544896e-08
420,"(1.0, 1.0, 1.0, 7.0, 11.0, 12.0, 14.0)",754142399.9999999,21,-21.186706439539385,24.0,30.0,6.291153815655083e-10,3.1824228421581924e-08,3.978028451419589e-08
421,"(1.0, 1.0, 1.0, 7.0, 11.0, 13.0, 14.0)",754142399.9999999,21,-21.063879319744025,25.0,33.0,7.113337978277029e-10,3.3150237939147835e-08,4.375831298073687e-08
422,"(1.0, 1.0, 1.0, 7.0, 11.0, 14.0, 14.0)",377071200.0,41,-20.97353655336776,45.0,53.0,7.785899774460266e-10,1.193408565809322e-07,1.4055699461974678e-07
423,"(1.0, 1.0, 1.0, 7.0, 12.0, 12.0, 13.0)",377071200.0,1,-21.395117682899127,2.0,4.0,5.10761849196107e-10,5.304038070263653e-09,1.0608076112394487e-08
424,"(1.0, 1.0, 1.0, 7.0, 12.0, 12.0, 14.0)",377071200.0,5,-21.304774916522867,6.0,8.0,5.590540725891528e-10,1.591211421079096e-08,2.1216152027859233e-08
425,"(1.0, 1.0, 1.0, 7.0, 12.0, 13.0, 13.0)",377071200.0,1,-21.27229056310377,1.0,1.0,5.775127689138118e-10,2.6520190351318266e-09,2.6520190280986217e-09
426,"(1.0, 1.0, 1.0, 7.0, 12.0, 13.0, 14.0)",754142399.9999999,10,-21.181947796727503,11.0,13.0,6.321162513246847e-10,1.4586104693225048e-08,1.7238123515602426e-08
427,"(1.0, 1.0, 1.0, 7.0, 12.0, 14.0, 14.0)",377071200.0,35,-21.091605030351246,40.0,54.0,6.918824599156176e-10,1.0608076140527307e-07,1.4320901664399068e-07
428,"(1.0, 1.0, 1.0, 7.0, 13.0, 13.0, 14.0)",377071200.0,2,-21.05912067693215,2.0,2.0,7.147268480457189e-10,5.304038070263653e-09,5.3040380421308336e-09
429,"(1.0, 1.0, 1.0, 7.0, 13.0, 14.0, 14.0)",377071200.0,30,-20.96877791055589,34.0,44.0,7.823038385064514e-10,9.016864719448211e-08,1.1668882941541543e-07
430,"(1.0, 1.0, 1.0, 7.0, 14.0, 14.0, 14.0)",125690399.99999996,19,-20.878435144179623,19.0,19.0,8.562701924732853e-10,1.5116508500251416e-07,1.5116506215163124e-07
431,"(1.0, 1.0, 1.0, 8.0, 8.0, 8.0, 14.0)",89612599.99999999,8,-20.41822347832154,9.0,11.0,1.3566824689928989e-09,1.004323052784988e-07,1.2275058525373948e-07
432,"(1.0, 1.0, 1.0, 8.0, 8.0, 9.0, 12.0)",268837799.99999994,1,-21.26681878497766,1.0,1.0,5.806814519095023e-10,3.7197150103147707e-09,3.719714996478491e-09
433,"(1.0, 1.0, 1.0, 8.0, 8.0, 9.0, 14.0)",268837799.99999994,8,-21.05364889880604,8.0,8.0,7.186483939090692e-10,2.9757720082518166e-08,2.975771919699626e-08
434,"(1.0, 1.0, 1.0, 8.0, 8.0, 11.0, 14.0)",268837799.99999994,16,-20.682874369081848,19.0,25.0,1.0412182979245943e-09,7.067458519598064e-08,9.299287026297228e-08
435,"(1.0, 1.0, 1.0, 8.0, 8.0, 12.0, 14.0)",307243200.0,6,-20.800942846065333,6.0,6.0,9.252632298714125e-10,1.9528503804152542e-08,1.9528503422790083e-08
436,"(1.0, 1.0, 1.0, 8.0, 8.0, 13.0, 14.0)",307243200.0,13,-20.67811572626997,14.0,16.0,1.0461848916441208e-09,4.5566508876355927e-08,5.2076008068100045e-08
437,"(1.0, 1.0, 1.0, 8.0, 8.0, 14.0, 14.0)",153621600.0,18,-20.587772959893712,18.0,18.0,1.145101039311029e-09,1.1717102282491525e-07,1.1717100909586666e-07
438,"(1.0, 1.0, 1.0, 8.0, 9.0, 9.0, 14.0)",268837799.99999994,2,-21.689074319290537,2.0,2.0,3.8067530602902483e-10,7.4394300206295414e-09,7.439429965284423e-09
439,"(1.0, 1.0, 1.0, 8.0, 9.0, 11.0, 12.0)",537675599.9999999,1,-21.531469675737966,1.0,1.0,4.456578210540427e-10,1.8598575051573854e-09,1.8598575016983154e-09
440,"(1.0, 1.0, 1.0, 8.0, 9.0, 11.0, 14.0)",537675599.9999999,15,-21.318299789566343,16.0,18.0,5.51543839191574e-10,2.9757720082518166e-08,3.347743420731103e-08
441,"(1.0, 1.0, 1.0, 8.0, 9.0, 12.0, 14.0)",614486400.0,10,-21.436368266549827,11.0,13.0,4.901212695582427e-10,1.790112848713983e-08,2.115587880071485e-08
442,"(1.0, 1.0, 1.0, 8.0, 9.0, 13.0, 14.0)",614486400.0,14,-21.31354114675447,15.0,17.0,5.541746940019711e-10,2.4410629755190677e-08,2.7665379793337257e-08
443,"(1.0, 1.0, 1.0, 8.0, 9.0, 14.0, 14.0)",307243200.0,28,-21.223198380378207,31.0,37.0,6.065715755694543e-10,1.0089726965478813e-07,1.2042576327868166e-07
444,"(1.0, 1.0, 1.0, 8.0, 11.0, 11.0, 14.0)",268837799.99999994,14,-20.94752525984216,16.0,20.0,7.991078006173159e-10,5.951544016503633e-08,7.439429666420778e-08
445,"(1.0, 1.0, 1.0, 8.0, 11.0, 12.0, 12.0)",307243200.0,2,-21.27876362299726,2.0,2.0,5.737865671457889e-10,6.509501268050847e-09,6.50950122567724e-09
446,"(1.0, 1.0, 1.0, 8.0, 11.0, 12.0, 14.0)",614486400.0,14,-21.06559373682564,14.0,14.0,7.101153198021955e-10,2.2783254438177963e-08,2.278325391910128e-08
447,"(1.0, 1.0, 1.0, 8.0, 11.0, 13.0, 14.0)",614486400.0,16,-20.94276661703028,17.0,19.0,8.02919531348212e-10,2.76653803892161e-08,3.092013025786825e-08
448,"(1.0, 1.0, 1.0, 8.0, 11.0, 14.0, 14.0)",307243200.0,22,-20.85242385065402,22.0,22.0,8.788350865830745e-10,7.160451394855931e-08,7.16045088213529e-08
449,"(1.0, 1.0, 1.0, 8.0, 12.0, 12.0, 14.0)",321208799.99999994,5,-21.18366221380912,6.0,8.0,6.31033468861432e-10,1.8679438421363305e-08,2.4905917546229652e-08
450,"(1.0, 1.0, 1.0, 8.0, 12.0, 13.0, 13.0)",321208799.99999994,1,-21.15117786039003,1.0,1.0,6.518687614449602e-10,3.113239736893884e-09,3.113239727201622e-09
451,"(1.0, 1.0, 1.0, 8.0, 12.0, 13.0, 14.0)",642417599.9999999,19,-21.060835094013765,22.0,28.0,7.135025579005813e-10,3.4245637105832725e-08,4.358535514375071e-08
452,"(1.0, 1.0, 1.0, 8.0, 12.0, 14.0, 14.0)",321208799.99999994,30,-20.9704923276375,31.0,33.0,7.80963792469838e-10,9.65104318437104e-08,1.0273690200323472e-07
453,"(1.0, 1.0, 1.0, 8.0, 13.0, 13.0, 14.0)",321208799.99999994,9,-20.938007974218408,12.0,20.0,8.067494439703987e-10,3.735887684272661e-08,6.2264793342192e-08
454,"(1.0, 1.0, 1.0, 8.0, 13.0, 14.0, 14.0)",321208799.99999994,25,-20.847665207842144,25.0,25.0,8.830271151233142e-10,7.78309934223471e-08,7.783098736468356e-08
455,"(1.0, 1.0, 1.0, 8.0, 14.0, 14.0, 14.0)",107069600.0,15,-20.75732244146588,15.0,15.0,9.665167938704063e-10,1.4009578816022476e-07,1.400957685333949e-07
456,"(1.0, 1.0, 1.0, 9.0, 9.0, 9.0, 14.0)",89612599.99999999,4,-22.324499739775035,4.0,4.0,2.016475509421756e-10,4.4636580123777245e-08,4.463657813135296e-08
457,"(1.0, 1.0, 1.0, 9.0, 9.0, 11.0, 13.0)",268837799.99999994,1,-22.044067976427108,1.0,1.0,2.66921108111614e-10,3.7197150103147707e-09,3.719714996478491e-09
458,"(1.0, 1.0, 1.0, 9.0, 9.0, 11.0, 14.0)",268837799.99999994,5,-21.953725210050845,5.0,5.0,2.921583371676486e-10,1.859857505157385e-08,1.8598574705666857e-08
459,"(1.0, 1.0, 1.0, 9.0, 9.0, 12.0, 14.0)",307243200.0,4,-22.07179368703433,5.0,7.0,2.5962218222674443e-10,1.6273753170127118e-08,2.278325417334292e-08
460,"(1.0, 1.0, 1.0, 9.0, 9.0, 13.0, 14.0)",307243200.0,2,-21.94896656723897,2.0,2.0,2.9355192750828637e-10,6.509501268050847e-09,6.50950122567724e-09
461,"(1.0, 1.0, 1.0, 9.0, 9.0, 14.0, 14.0)",153621600.0,8,-21.85862380086271,8.0,8.0,3.2130708440381716e-10,5.2076010144406775e-08,5.2076007432495944e-08
462,"(1.0, 1.0, 1.0, 9.0, 11.0, 11.0, 14.0)",268837799.99999994,6,-21.58295068032665,6.0,6.0,4.232954656664416e-10,2.2318290061888623e-08,2.231828956378255e-08
463,"(1.0, 1.0, 1.0, 9.0, 11.0, 12.0, 13.0)",614486400.0,1,-21.7913619236864,1.0,1.0,3.4366219796138413e-10,1.6273753170127117e-09,1.6273753143643613e-09
464,"(1.0, 1.0, 1.0, 9.0, 11.0, 12.0, 14.0)",614486400.0,12,-21.70101915731013,12.0,12.0,3.76155250568619e-10,1.9528503804152542e-08,1.9528503422790083e-08
465,"(1.0, 1.0, 1.0, 9.0, 11.0, 13.0, 14.0)",614486400.0,13,-21.578192037514786,15.0,21.0,4.2531457789820627e-10,2.4410629755190677e-08,3.41748810613881e-08
466,"(1.0, 1.0, 1.0, 9.0, 11.0, 14.0, 14.0)",307243200.0,18,-21.48784927113852,21.0,29.0,4.655278135588337e-10,6.834976331453389e-08,9.438776371504715e-08
467,"(1.0, 1.0, 1.0, 9.0, 12.0, 12.0, 13.0)",321208799.99999994,1,-21.909430400669883,1.0,1.0,3.0539032583682773e-10,3.113239736893884e-09,3.113239727201622e-09
468,"(1.0, 1.0, 1.0, 9.0, 12.0, 12.0, 14.0)",321208799.99999994,3,-21.81908763429362,3.0,3.0,3.342647961219513e-10,9.339719210681652e-09,9.339719123451298e-09
469,"(1.0, 1.0, 1.0, 9.0, 12.0, 13.0, 13.0)",321208799.99999994,1,-21.786603280874523,1.0,1.0,3.453014608493247e-10,3.113239736893884e-09,3.113239727201622e-09
470,"(1.0, 1.0, 1.0, 9.0, 12.0, 13.0, 14.0)",642417599.9999999,8,-21.696260514498263,9.0,11.0,3.779495047694534e-10,1.4009578816022478e-08,1.7122818356648065e-08
471,"(1.0, 1.0, 1.0, 9.0, 12.0, 14.0, 14.0)",321208799.99999994,16,-21.605917748122,20.0,30.0,4.136844014621983e-10,6.226479473787768e-08,9.339718822991185e-08
472,"(1.0, 1.0, 1.0, 9.0, 13.0, 13.0, 14.0)",321208799.99999994,2,-21.573433394702903,3.0,5.0,4.2734332126126887e-10,9.339719210681652e-09,1.5566198597239065e-08
473,"(1.0, 1.0, 1.0, 9.0, 13.0, 14.0, 14.0)",321208799.99999994,12,-21.483090628326643,13.0,15.0,4.67748373377743e-10,4.0472116579620494e-08,4.6698594415416036e-08
474,"(1.0, 1.0, 1.0, 9.0, 14.0, 14.0, 14.0)",107069600.0,11,-21.39274786195038,11.0,11.0,5.119736986921632e-10,1.0273691131749815e-07,1.027369007626252e-07
475,"(1.0, 1.0, 1.0, 11.0, 11.0, 11.0, 14.0)",89612599.99999999,7,-21.212176150602467,10.0,18.0,6.132943286535404e-10,1.115914503094431e-07,2.0086459810434582e-07
476,"(1.0, 1.0, 1.0, 11.0, 11.0, 12.0, 14.0)",307243200.0,12,-21.330244627585948,12.0,12.0,5.449949280788495e-10,3.9057007608305085e-08,3.905700608285524e-08
477,"(1.0, 1.0, 1.0, 11.0, 11.0, 13.0, 13.0)",153621600.0,1,-21.29776027416685,1.0,1.0,5.629894233685383e-10,6.509501268050847e-09,6.50950122567724e-09
478,"(1.0, 1.0, 1.0, 11.0, 11.0, 13.0, 14.0)",307243200.0,7,-21.20741750779059,7.0,7.0,6.162197322571662e-10,2.2783254438177963e-08,2.278325391910128e-08
479,"(1.0, 1.0, 1.0, 11.0, 11.0, 14.0, 14.0)",153621600.0,13,-21.117074741414328,15.0,21.0,6.744829346012813e-10,9.764251902076271e-08,1.3669951709500625e-07
480,"(1.0, 1.0, 1.0, 11.0, 12.0, 12.0, 12.0)",107069600.0,1,-21.66148299074105,1.0,1.0,3.9132488589481684e-10,9.33971921068165e-09,9.339719123451296e-09
481,"(1.0, 1.0, 1.0, 11.0, 12.0, 12.0, 14.0)",321208799.99999994,2,-21.44831310456943,2.0,2.0,4.843016766252559e-10,6.226479473787768e-09,6.2264794350187214e-09
482,"(1.0, 1.0, 1.0, 11.0, 12.0, 13.0, 13.0)",321208799.99999994,2,-21.415828751150336,2.0,2.0,5.002922185364271e-10,6.226479473787768e-09,6.2264794350187214e-09
483,"(1.0, 1.0, 1.0, 11.0, 12.0, 13.0, 14.0)",642417599.9999999,9,-21.32548598477408,10.0,12.0,5.475945446936933e-10,1.556619868446942e-08,1.8679438179056762e-08
484,"(1.0, 1.0, 1.0, 11.0, 12.0, 14.0, 14.0)",321208799.99999994,18,-21.23514321839781,18.0,18.0,5.993692771307101e-10,5.603831526408991e-08,5.603831212379713e-08
485,"(1.0, 1.0, 1.0, 11.0, 13.0, 13.0, 14.0)",321208799.99999994,5,-21.20265886497872,5.0,5.0,6.19159089986638e-10,1.556619868446942e-08,1.5566198442162877e-08
486,"(1.0, 1.0, 1.0, 11.0, 13.0, 14.0, 14.0)",321208799.99999994,27,-21.11231609860245,29.0,33.0,6.777002068232502e-10,9.028395236992264e-08,1.0273690316630611e-07
487,"(1.0, 1.0, 1.0, 11.0, 14.0, 14.0, 14.0)",107069600.0,16,-21.02197333222619,16.0,16.0,7.417763507892338e-10,1.494355073709064e-07,1.4943548503993554e-07
488,"(1.0, 1.0, 1.0, 12.0, 12.0, 12.0, 14.0)",102414400.0,2,-21.56638158155291,4.0,10.0,4.3036751701311186e-10,3.9057007608305085e-08,9.764251749531287e-08
489,"(1.0, 1.0, 1.0, 12.0, 12.0, 13.0, 14.0)",307243199.99999994,3,-21.44355446175756,3.0,3.0,4.866117874543416e-10,9.764251902076273e-09,9.764251806735657e-09
490,"(1.0, 1.0, 1.0, 12.0, 12.0, 14.0, 14.0)",153621599.99999997,7,-21.35321169538129,7.0,7.0,5.326206371411839e-10,4.556650887635594e-08,4.556650680004921e-08
491,"(1.0, 1.0, 1.0, 12.0, 13.0, 13.0, 14.0)",307243199.99999994,6,-21.3207273419622,7.0,9.0,5.502065614359496e-10,2.278325443817797e-08,2.9292755187152136e-08
492,"(1.0, 1.0, 1.0, 12.0, 13.0, 14.0, 14.0)",307243199.99999994,15,-21.230384575585934,15.0,15.0,6.02228258473437e-10,4.882125951038136e-08,4.882125712686598e-08
493,"(1.0, 1.0, 1.0, 12.0, 14.0, 14.0, 14.0)",102414400.0,10,-21.14004180920967,10.0,10.0,6.591685754481275e-10,9.764251902076271e-08,9.764250948670119e-08
494,"(1.0, 1.0, 1.0, 13.0, 13.0, 13.0, 14.0)",102414400.0,1,-21.19790022216684,1.0,1.0,6.221124684029075e-10,9.764251902076271e-09,9.764251806735655e-09
495,"(1.0, 1.0, 1.0, 13.0, 13.0, 14.0, 14.0)",153621599.99999997,7,-21.107557455790577,7.0,7.0,6.809328253794494e-10,4.556650887635594e-08,4.556650680004921e-08
496,"(1.0, 1.0, 1.0, 13.0, 14.0, 14.0, 14.0)",102414400.0,15,-21.01721468941432,15.0,15.0,7.453146114714156e-10,1.4646377853114405e-07,1.4646375707950563e-07
497,"(1.0, 1.0, 1.0, 14.0, 14.0, 14.0, 14.0)",25603600.0,8,-20.92687192303805,8.0,8.0,8.157836564322575e-10,3.124560608664407e-07,3.124559632376507e-07
498,"(1.0, 1.0, 2.0, 2.0, 2.0, 3.0, 14.0)",201894000.0,1,-21.176986524999613,1.0,1.0,6.352601442158772e-10,4.953094197945456e-09,4.953094173412314e-09
499,"(1.0, 1.0, 2.0, 2.0, 2.0, 4.0, 14.0)",286901999.9999999,2,-21.41559433876194,2.0,2.0,5.00409506976664e-10,6.97102146377509e-09,6.97102141517995e-09
500,"(1.0, 1.0, 2.0, 2.0, 2.0, 7.0, 14.0)",286901999.9999999,4,-21.1796606765826,4.0,4.0,6.335636316724578e-10,1.394204292755018e-08,1.3942042733169619e-08
501,"(1.0, 1.0, 2.0, 2.0, 2.0, 11.0, 14.0)",244398000.0,1,-21.32319886462916,1.0,1.0,5.488483925118481e-10,4.091686511346247e-09,4.0916864946043485e-09
502,"(1.0, 1.0, 2.0, 2.0, 2.0, 12.0, 14.0)",255024000.0,1,-21.441267341612644,1.0,1.0,4.877260007603349e-10,3.921199573373486e-09,3.92119955799768e-09
503,"(1.0, 1.0, 2.0, 2.0, 2.0, 13.0, 14.0)",255024000.0,1,-21.318440221817283,1.0,1.0,5.514663900870471e-10,3.921199573373486e-09,3.92119955799768e-09
504,"(1.0, 1.0, 2.0, 2.0, 2.0, 14.0, 14.0)",127512000.0,2,-21.228097455441024,2.0,2.0,6.03607203160216e-10,1.5684798293493945e-08,1.5684798047481047e-08
505,"(1.0, 1.0, 2.0, 2.0, 3.0, 3.0, 14.0)",302840999.99999994,3,-20.96010961273207,3.0,3.0,7.891145571902674e-10,9.906188395890916e-09,9.906188297758347e-09
506,"(1.0, 1.0, 2.0, 2.0, 3.0, 4.0, 12.0)",860705999.9999996,1,-21.411887312666018,1.0,1.0,5.022679806546181e-10,1.1618369106291816e-09,1.1618369092793165e-09
507,"(1.0, 1.0, 2.0, 2.0, 3.0, 4.0, 14.0)",860705999.9999996,5,-21.1987174264944,6.0,8.0,6.21604283075405e-10,6.97102146377509e-09,9.294695236438312e-09
508,"(1.0, 1.0, 2.0, 2.0, 3.0, 6.0, 13.0)",860705999.9999996,1,-21.2723799637686,1.0,1.0,5.774611411961335e-10,1.1618369106291816e-09,1.1618369092793165e-09
509,"(1.0, 1.0, 2.0, 2.0, 3.0, 6.0, 14.0)",860705999.9999996,8,-21.182037197392336,10.0,16.0,6.320597422375767e-10,1.1618369106291816e-08,1.8589390435080406e-08
510,"(1.0, 1.0, 2.0, 2.0, 3.0, 7.0, 13.0)",860705999.9999996,1,-21.05312653069132,1.0,1.0,7.190238909810518e-10,1.1618369106291816e-09,1.1618369092793165e-09
511,"(1.0, 1.0, 2.0, 2.0, 3.0, 7.0, 14.0)",860705999.9999996,6,-20.962783764315056,6.0,6.0,7.87007164247931e-10,6.97102146377509e-09,6.97102141517995e-09
512,"(1.0, 1.0, 2.0, 2.0, 3.0, 8.0, 13.0)",733193999.9999999,1,-20.93201382797757,1.0,1.0,8.11599740287488e-10,1.3638955037820824e-09,1.3638955019218715e-09
513,"(1.0, 1.0, 2.0, 2.0, 3.0, 8.0, 14.0)",733193999.9999999,11,-20.84167106160131,15.0,35.0,8.883360040185971e-10,2.0458432556731237e-08,4.773634221382542e-08
514,"(1.0, 1.0, 2.0, 2.0, 3.0, 9.0, 14.0)",733193999.9999999,3,-21.47709648208581,3.0,3.0,4.705605453967924e-10,4.0916865113462475e-09,4.091686494604349e-09
515,"(1.0, 1.0, 2.0, 2.0, 3.0, 11.0, 12.0)",733193999.9999999,1,-21.31949183853324,1.0,1.0,5.508867636387925e-10,1.3638955037820824e-09,1.3638955019218715e-09
516,"(1.0, 1.0, 2.0, 2.0, 3.0, 11.0, 14.0)",733193999.9999999,11,-21.10632195236162,12.0,14.0,6.817746401455273e-10,1.636674604538499e-08,1.909453678507878e-08
517,"(1.0, 1.0, 2.0, 2.0, 3.0, 12.0, 12.0)",382536000.0,1,-21.43756031551672,1.0,1.0,4.895373690933294e-10,2.6141330489156577e-09,2.6141330420819663e-09
518,"(1.0, 1.0, 2.0, 2.0, 3.0, 12.0, 14.0)",765071999.9999999,5,-21.2243904293451,5.0,5.0,6.058489433415213e-10,6.535332622289145e-09,6.535332579578572e-09
519,"(1.0, 1.0, 2.0, 2.0, 3.0, 13.0, 14.0)",765071999.9999999,5,-21.101563309549743,6.0,8.0,6.850266936799553e-10,7.842399146746974e-09,1.0456532134159408e-08
520,"(1.0, 1.0, 2.0, 2.0, 3.0, 14.0, 14.0)",382536000.0,15,-21.01122054317348,18.0,24.0,7.497955525394425e-10,4.7054394880481834e-08,6.27391909598597e-08
521,"(1.0, 1.0, 2.0, 2.0, 4.0, 4.0, 7.0)",559458900.0,1,-21.388888461398302,1.0,1.0,5.139534280945851e-10,1.7874414009679711e-09,1.7874413977730243e-09
522,"(1.0, 1.0, 2.0, 2.0, 4.0, 4.0, 14.0)",559458900.0,9,-21.43732524025673,10.0,12.0,4.896524607447139e-10,1.787441400967971e-08,2.1449296492120975e-08
523,"(1.0, 1.0, 2.0, 2.0, 4.0, 6.0, 13.0)",1118917800.0,1,-21.51098777753093,2.0,4.0,4.5487985921235555e-10,1.7874414009679711e-09,3.5748827987409956e-09
524,"(1.0, 1.0, 2.0, 2.0, 4.0, 6.0, 14.0)",1118917800.0,7,-21.420645011154665,8.0,10.0,4.978884743089128e-10,7.1497656038718844e-09,8.937206953720706e-09
525,"(1.0, 1.0, 2.0, 2.0, 4.0, 7.0, 8.0)",1029404376.0,1,-21.03184209650521,1.0,1.0,7.34491938032255e-10,9.71435544004332e-10,9.71435543060645e-10
526,"(1.0, 1.0, 2.0, 2.0, 4.0, 7.0, 14.0)",1118917800.0,13,-21.201391578077384,13.0,13.0,6.19944239591045e-10,1.1618369106291812e-08,1.1618368971305312e-08
527,"(1.0, 1.0, 2.0, 2.0, 4.0, 8.0, 14.0)",989811899.9999996,14,-21.08027887536364,19.0,31.0,6.997633738683013e-10,1.9195566349525607e-08,3.131908157022991e-08
528,"(1.0, 1.0, 2.0, 2.0, 4.0, 9.0, 14.0)",989811899.9999996,4,-21.715704295848138,4.0,4.0,3.706717203474666e-10,4.041171863058023e-09,4.041171846726953e-09
529,"(1.0, 1.0, 2.0, 2.0, 4.0, 11.0, 13.0)",989811899.9999996,1,-21.43527253250021,4.0,16.0,4.906586064571452e-10,4.041171863058023e-09,1.616468743590102e-08
530,"(1.0, 1.0, 2.0, 2.0, 4.0, 11.0, 14.0)",989811899.9999996,3,-21.344929766123947,3.0,3.0,5.370500804289068e-10,3.030878897293517e-09,3.03087888810729e-09
531,"(1.0, 1.0, 2.0, 2.0, 4.0, 12.0, 14.0)",1032847199.9999996,7,-21.462998243107428,7.0,7.0,4.772416053490645e-10,6.777381978670226e-09,6.777381932737319e-09
532,"(1.0, 1.0, 2.0, 2.0, 4.0, 13.0, 14.0)",1032847199.9999996,5,-21.34017112331207,5.0,5.0,5.39611800254465e-10,4.84098712762159e-09,4.840987104186433e-09
533,"(1.0, 1.0, 2.0, 2.0, 4.0, 14.0, 14.0)",516423599.99999976,17,-21.249828356935808,20.0,32.0,5.90631769041147e-10,3.8727897020972726e-08,6.196463373370635e-08
534,"(1.0, 1.0, 2.0, 2.0, 6.0, 6.0, 7.0)",559458900.0,1,-21.355528003194173,1.0,1.0,5.313883515254339e-10,1.7874414009679711e-09,1.7874413977730243e-09
535,"(1.0, 1.0, 2.0, 2.0, 6.0, 6.0, 14.0)",559458900.0,6,-21.4039647820526,7.0,9.0,5.062630186165834e-10,1.2512089806775797e-08,1.6086972452159347e-08
536,"(1.0, 1.0, 2.0, 2.0, 6.0, 7.0, 12.0)",1118917800.0,2,-21.39788123514694,4.0,10.0,5.093522807447935e-10,3.5748828019359422e-09,8.937206992060068e-09
537,"(1.0, 1.0, 2.0, 2.0, 6.0, 7.0, 14.0)",1118917800.0,5,-21.18471134897532,6.0,8.0,6.303717766211935e-10,5.362324202903913e-09,7.149765575117363e-09
538,"(1.0, 1.0, 2.0, 2.0, 6.0, 8.0, 14.0)",989811899.9999996,8,-21.06359864626157,8.0,8.0,7.115334783831339e-10,8.082343726116045e-09,8.082343660791766e-09
539,"(1.0, 1.0, 2.0, 2.0, 6.0, 9.0, 14.0)",989811899.9999996,8,-21.69902406674608,8.0,8.0,3.7690646347936525e-10,8.082343726116045e-09,8.082343660791766e-09
540,"(1.0, 1.0, 2.0, 2.0, 6.0, 11.0, 12.0)",989811899.9999996,1,-21.541419423193503,1.0,1.0,4.412456248018177e-10,1.0102929657645057e-09,1.0102929647438138e-09
541,"(1.0, 1.0, 2.0, 2.0, 6.0, 11.0, 14.0)",989811899.9999996,5,-21.328249537021883,6.0,8.0,5.460833276841936e-10,6.061757794587034e-09,8.082343689371137e-09
542,"(1.0, 1.0, 2.0, 2.0, 6.0, 12.0, 13.0)",1032847199.9999996,1,-21.53666078038163,1.0,1.0,4.43350358989907e-10,9.68197425524318e-10,9.681974245869118e-10
543,"(1.0, 1.0, 2.0, 2.0, 6.0, 12.0, 14.0)",1032847199.9999996,9,-21.446318014005364,9.0,9.0,4.852688668256575e-10,8.713776829718862e-09,8.713776753788956e-09
544,"(1.0, 1.0, 2.0, 2.0, 6.0, 13.0, 14.0)",1032847199.9999996,5,-21.32349089421001,6.0,8.0,5.486881359467995e-10,5.809184553145908e-09,7.745579370447919e-09
545,"(1.0, 1.0, 2.0, 2.0, 6.0, 14.0, 14.0)",516423599.99999976,10,-21.233148127833747,11.0,13.0,6.005662667742337e-10,2.1300343361535e-08,2.5173132609927642e-08
546,"(1.0, 1.0, 2.0, 2.0, 7.0, 7.0, 14.0)",559458900.0,6,-20.965457915898035,6.0,6.0,7.849053992654103e-10,1.0724648405807826e-08,1.0724648290789743e-08
547,"(1.0, 1.0, 2.0, 2.0, 7.0, 8.0, 13.0)",989811899.9999996,1,-20.93468797956056,1.0,1.0,8.094322988823059e-10,1.0102929657645057e-09,1.0102929647438138e-09
548,"(1.0, 1.0, 2.0, 2.0, 7.0, 8.0, 14.0)",989811899.9999996,15,-20.84434521318429,20.0,32.0,8.859636323417231e-10,2.0205859315290115e-08,3.232937449618743e-08
549,"(1.0, 1.0, 2.0, 2.0, 7.0, 9.0, 14.0)",989811899.9999996,6,-21.479770633668792,6.0,6.0,4.693038761802964e-10,6.061757794587034e-09,6.061757757842127e-09
550,"(1.0, 1.0, 2.0, 2.0, 7.0, 11.0, 12.0)",989811899.9999996,1,-21.322165990116225,1.0,1.0,5.494155768926595e-10,1.0102929657645057e-09,1.0102929647438138e-09
551,"(1.0, 1.0, 2.0, 2.0, 7.0, 11.0, 13.0)",989811899.9999996,1,-21.199338870320865,2.0,4.0,6.212181109357583e-10,2.0205859315290113e-09,4.041171858975255e-09
552,"(1.0, 1.0, 2.0, 2.0, 7.0, 11.0, 14.0)",989811899.9999996,6,-21.1089961039446,7.0,9.0,6.799539069556336e-10,7.07205076035154e-09,9.092636641866649e-09
553,"(1.0, 1.0, 2.0, 2.0, 7.0, 12.0, 14.0)",1032847199.9999996,6,-21.227064580928086,8.0,12.0,6.042309757401303e-10,7.745579404194544e-09,1.1618369046297815e-08
554,"(1.0, 1.0, 2.0, 2.0, 7.0, 13.0, 14.0)",1032847199.9999996,10,-21.10423746113273,10.0,10.0,6.831972756234524e-10,9.68197425524318e-09,9.681974161502555e-09
555,"(1.0, 1.0, 2.0, 2.0, 7.0, 14.0, 14.0)",516423599.99999976,11,-21.013894694756463,13.0,17.0,7.47793164114065e-10,2.517313306363227e-08,3.291871183414019e-08
556,"(1.0, 1.0, 2.0, 2.0, 8.0, 8.0, 14.0)",403256700.0,6,-20.723232510470552,7.0,9.0,1.000033327031192e-09,1.7358670048135593e-08,2.2318289760565195e-08
557,"(1.0, 1.0, 2.0, 2.0, 8.0, 9.0, 14.0)",806513400.0,4,-21.358657930955047,4.0,4.0,5.297277445178466e-10,4.9596200137530265e-09,4.9596199891551955e-09
558,"(1.0, 1.0, 2.0, 2.0, 8.0, 11.0, 14.0)",806513400.0,10,-20.98788340123086,12.0,16.0,7.674994130441122e-10,1.487886004125908e-08,1.983847983363163e-08
559,"(1.0, 1.0, 2.0, 2.0, 8.0, 12.0, 14.0)",879832799.9999999,6,-21.10595187821434,6.0,6.0,6.820269940060541e-10,6.819477518910412e-09,6.819477472405139e-09
560,"(1.0, 1.0, 2.0, 2.0, 8.0, 13.0, 14.0)",879832799.9999999,8,-20.983124758418985,9.0,11.0,7.711603722994002e-10,1.0229216278365618e-08,1.250237534669889e-08
561,"(1.0, 1.0, 2.0, 2.0, 8.0, 14.0, 14.0)",439916400.0,13,-20.89278199204272,15.0,21.0,8.440731182876972e-10,3.409738759455206e-08,4.773634146974104e-08
562,"(1.0, 1.0, 2.0, 2.0, 9.0, 9.0, 12.0)",403256700.0,1,-22.20725323761117,4.0,16.0,2.2673181295820084e-10,9.919240027506053e-09,3.967696001163289e-08
563,"(1.0, 1.0, 2.0, 2.0, 9.0, 9.0, 14.0)",403256700.0,1,-21.99408335143955,1.0,1.0,2.806021316759681e-10,2.4798100068765133e-09,2.4798100007270557e-09
564,"(1.0, 1.0, 2.0, 2.0, 9.0, 11.0, 14.0)",806513400.0,4,-21.62330882171536,4.0,4.0,4.0655218381331617e-10,4.9596200137530265e-09,4.9596199891551955e-09
565,"(1.0, 1.0, 2.0, 2.0, 9.0, 12.0, 14.0)",879832799.9999999,2,-21.74137729869884,2.0,2.0,3.6127658095923005e-10,2.2731591729701374e-09,2.273159167802885e-09
566,"(1.0, 1.0, 2.0, 2.0, 9.0, 13.0, 14.0)",879832799.9999999,8,-21.618550178903483,8.0,8.0,4.084914308730444e-10,9.09263669188055e-09,9.092636609204508e-09
567,"(1.0, 1.0, 2.0, 2.0, 9.0, 14.0, 14.0)",439916400.0,8,-21.52820741252722,10.0,16.0,4.4711404817485593e-10,2.273159172970137e-08,3.637054625079693e-08
568,"(1.0, 1.0, 2.0, 2.0, 11.0, 11.0, 14.0)",403256700.0,4,-21.252534291991168,4.0,4.0,5.890357182113027e-10,9.919240027506053e-09,9.91923992911473e-09
569,"(1.0, 1.0, 2.0, 2.0, 11.0, 12.0, 14.0)",879832799.9999999,6,-21.37060276897465,6.0,6.0,5.234378729495679e-10,6.819477518910412e-09,6.819477472405139e-09
570,"(1.0, 1.0, 2.0, 2.0, 11.0, 13.0, 14.0)",879832799.9999999,10,-21.24777564917929,12.0,16.0,5.918454086522759e-10,1.3638955037820825e-08,1.8185273197740005e-08
571,"(1.0, 1.0, 2.0, 2.0, 11.0, 14.0, 14.0)",439916400.0,7,-21.15743288280303,7.0,7.0,6.478040334668914e-10,1.591211421079096e-08,1.591211395759558e-08
572,"(1.0, 1.0, 2.0, 2.0, 12.0, 12.0, 14.0)",439916400.0,5,-21.48867124595813,5.0,5.0,4.6514531864039097e-10,1.1365795864850685e-08,1.136579573566937e-08
573,"(1.0, 1.0, 2.0, 2.0, 12.0, 13.0, 14.0)",879832799.9999999,5,-21.365844126162774,5.0,5.0,5.259346627750382e-10,5.6828979324253436e-09,5.682897900130015e-09
574,"(1.0, 1.0, 2.0, 2.0, 12.0, 14.0, 14.0)",439916400.0,8,-21.27550135978651,8.0,8.0,5.756614664994246e-10,1.8185273383761096e-08,1.8185273053056928e-08
575,"(1.0, 1.0, 2.0, 2.0, 13.0, 13.0, 14.0)",439916400.0,2,-21.243017006367417,2.0,2.0,5.946685012692589e-10,4.546318345940274e-09,4.546318325271264e-09
576,"(1.0, 1.0, 2.0, 2.0, 13.0, 14.0, 14.0)",439916400.0,10,-21.15267423999116,12.0,16.0,6.508940477804186e-10,2.7277910075641646e-08,3.6370546023437815e-08
577,"(1.0, 1.0, 2.0, 2.0, 14.0, 14.0, 14.0)",146638799.99999997,6,-21.06233147361489,6.0,6.0,7.12435685649599e-10,4.0916865113462474e-08,4.0916863439272624e-08
578,"(1.0, 1.0, 2.0, 3.0, 3.0, 3.0, 14.0)",201894000.0,1,-20.74323270046453,1.0,1.0,9.802311541804796e-10,4.953094197945456e-09,4.953094173412314e-09
579,"(1.0, 1.0, 2.0, 3.0, 3.0, 4.0, 14.0)",860705999.9999996,10,-20.98184051422686,12.0,16.0,7.721513667319419e-10,1.394204292755018e-08,1.8589390375686343e-08
580,"(1.0, 1.0, 2.0, 3.0, 3.0, 6.0, 14.0)",860705999.9999996,5,-20.9651602851248,6.0,8.0,7.851390460348203e-10,6.97102146377509e-09,9.294695236438312e-09
581,"(1.0, 1.0, 2.0, 3.0, 3.0, 7.0, 14.0)",860705999.9999996,9,-20.74590685204751,9.0,9.0,9.776133692247339e-10,1.0456532195662634e-08,1.0456532086323568e-08
582,"(1.0, 1.0, 2.0, 3.0, 3.0, 8.0, 11.0)",645210720.0000001,1,-20.71989555852191,1.0,1.0,1.0033759641985844e-09,1.5498812542978204e-09,1.5498812518956885e-09
583,"(1.0, 1.0, 2.0, 3.0, 3.0, 8.0, 14.0)",733193999.9999999,4,-20.62479414933377,5.0,7.0,1.103483161709398e-09,6.819477518910412e-09,9.547268479969304e-09
584,"(1.0, 1.0, 2.0, 3.0, 3.0, 9.0, 14.0)",733193999.9999999,3,-21.26021956981827,3.0,3.0,5.845261658439779e-10,4.0916865113462475e-09,4.091686494604349e-09
585,"(1.0, 1.0, 2.0, 3.0, 3.0, 11.0, 12.0)",733193999.9999999,1,-21.10261492626569,1.0,1.0,6.843066868099954e-10,1.3638955037820824e-09,1.3638955019218715e-09
586,"(1.0, 1.0, 2.0, 3.0, 3.0, 11.0, 14.0)",733193999.9999999,7,-20.88944504009408,7.0,7.0,8.468944544381216e-10,9.547268526474578e-09,9.54726843532424e-09
587,"(1.0, 1.0, 2.0, 3.0, 3.0, 12.0, 14.0)",765071999.9999999,9,-21.00751351707756,9.0,9.0,7.525802224524089e-10,1.1763598720120462e-08,1.1763598581738208e-08
588,"(1.0, 1.0, 2.0, 3.0, 3.0, 13.0, 14.0)",765071999.9999999,8,-20.8846863972822,8.0,8.0,8.509341267017587e-10,1.0456532195662633e-08,1.0456532086323566e-08
589,"(1.0, 1.0, 2.0, 3.0, 3.0, 14.0, 14.0)",382536000.0,19,-20.794343630905946,20.0,22.0,9.31389432837332e-10,5.228266097831315e-08,5.751092434266783e-08
590,"(1.0, 1.0, 2.0, 3.0, 4.0, 4.0, 14.0)",1118917800.0,5,-21.22044832798919,5.0,5.0,6.082419749701513e-10,4.468603502419927e-09,4.46860348245151e-09
591,"(1.0, 1.0, 2.0, 3.0, 4.0, 6.0, 6.0)",1118917800.0,1,-21.37458475310597,1.0,1.0,5.21357696010172e-10,8.937207004839856e-10,8.937206996852489e-10
592,"(1.0, 1.0, 2.0, 3.0, 4.0, 6.0, 9.0)",2058808752.0,1,-21.66964403779945,1.0,1.0,3.881442613523483e-10,4.85717772002166e-10,4.857177717662443e-10
593,"(1.0, 1.0, 2.0, 3.0, 4.0, 6.0, 11.0)",2058808752.0,1,-21.298869508075263,2.0,4.0,5.623652826330893e-10,9.71435544004332e-10,1.942871087064977e-09
594,"(1.0, 1.0, 2.0, 3.0, 4.0, 6.0, 14.0)",2237835600.0,17,-21.203768098887124,19.0,23.0,6.184726784951584e-10,8.490346654597863e-09,1.0277787983479846e-08
595,"(1.0, 1.0, 2.0, 3.0, 4.0, 7.0, 12.0)",2237835600.0,1,-21.19768455198146,1.0,1.0,6.222466539836895e-10,4.468603502419928e-10,4.468603500423086e-10
596,"(1.0, 1.0, 2.0, 3.0, 4.0, 7.0, 14.0)",2237835600.0,19,-20.98451466580984,19.0,19.0,7.700892753336335e-10,8.490346654597863e-09,8.490346582511876e-09
597,"(1.0, 1.0, 2.0, 3.0, 4.0, 8.0, 12.0)",1979623799.9999995,2,-21.07657184926772,3.0,5.0,7.023622289919511e-10,1.5154394486467585e-09,2.5257324121147074e-09
598,"(1.0, 1.0, 2.0, 3.0, 4.0, 8.0, 14.0)",1979623799.9999995,13,-20.8634019630961,14.0,16.0,8.692399010639034e-10,7.072050760351539e-09,8.082343676102143e-09
599,"(1.0, 1.0, 2.0, 3.0, 4.0, 9.0, 13.0)",1979623799.9999995,1,-21.58917014995686,1.0,1.0,4.2067096234252017e-10,5.051464828822528e-10,5.051464826270798e-10
600,"(1.0, 1.0, 2.0, 3.0, 4.0, 9.0, 14.0)",1979623799.9999995,13,-21.4988273835806,14.0,16.0,4.6044514696571933e-10,7.072050760351539e-09,8.082343676102143e-09
601,"(1.0, 1.0, 2.0, 3.0, 4.0, 11.0, 14.0)",1979623799.9999995,18,-21.128052853856406,19.0,21.0,6.671188807693199e-10,9.597783174762804e-09,1.0608076048409866e-08
602,"(1.0, 1.0, 2.0, 3.0, 4.0, 12.0, 13.0)",2065694399.999999,1,-21.33646409721615,1.0,1.0,5.416158675495577e-10,4.84098712762159e-10,4.840987125278075e-10
603,"(1.0, 1.0, 2.0, 3.0, 4.0, 12.0, 14.0)",2065694399.999999,6,-21.24612133083989,6.0,6.0,5.928253196848113e-10,2.9045922765729543e-09,2.904592268136298e-09
604,"(1.0, 1.0, 2.0, 3.0, 4.0, 13.0, 14.0)",2065694399.999999,8,-21.12329421104453,8.0,8.0,6.703010265787128e-10,3.872789702097272e-09,3.872789687098772e-09
605,"(1.0, 1.0, 2.0, 3.0, 4.0, 14.0, 14.0)",1032847199.9999996,30,-21.03295144466827,34.0,44.0,7.336775825354177e-10,3.291871246782681e-08,4.260068563942836e-08
606,"(1.0, 1.0, 2.0, 3.0, 6.0, 6.0, 14.0)",1118917800.0,11,-21.18708786978506,11.0,11.0,6.28875463689836e-10,9.830927705323841e-09,9.830927608676702e-09
607,"(1.0, 1.0, 2.0, 3.0, 6.0, 7.0, 13.0)",2237835600.0,1,-21.058177203084043,1.0,1.0,7.1540149233997e-10,4.468603502419928e-10,4.468603500423086e-10
608,"(1.0, 1.0, 2.0, 3.0, 6.0, 7.0, 14.0)",2237835600.0,19,-20.96783443670778,21.0,25.0,7.830422700099889e-10,9.384067355081848e-09,1.11715086679891e-08
609,"(1.0, 1.0, 2.0, 3.0, 6.0, 8.0, 12.0)",1979623799.9999995,1,-21.05989162016565,1.0,1.0,7.141760465640349e-10,5.051464828822528e-10,5.051464826270798e-10
610,"(1.0, 1.0, 2.0, 3.0, 6.0, 8.0, 13.0)",1979623799.9999995,1,-20.937064500370298,1.0,1.0,8.075109501468563e-10,5.051464828822528e-10,5.051464826270798e-10
611,"(1.0, 1.0, 2.0, 3.0, 6.0, 8.0, 14.0)",1979623799.9999995,21,-20.84672173399404,21.0,21.0,8.83860621247386e-10,1.0608076140527308e-08,1.0608076027996028e-08
612,"(1.0, 1.0, 2.0, 3.0, 6.0, 9.0, 12.0)",1979623799.9999995,1,-21.69531704065016,1.0,1.0,3.7830625851055594e-10,5.051464828822528e-10,5.051464826270798e-10
613,"(1.0, 1.0, 2.0, 3.0, 6.0, 9.0, 13.0)",1979623799.9999995,1,-21.5724899208548,1.0,1.0,4.277466987671824e-10,5.051464828822528e-10,5.051464826270798e-10
614,"(1.0, 1.0, 2.0, 3.0, 6.0, 9.0, 14.0)",1979623799.9999995,12,-21.482147154478533,12.0,12.0,4.68189889982455e-10,6.061757794587034e-09,6.061757757842127e-09
615,"(1.0, 1.0, 2.0, 3.0, 6.0, 11.0, 13.0)",1979623799.9999995,1,-21.201715391130605,1.0,1.0,6.197435260525819e-10,5.051464828822528e-10,5.051464826270798e-10
616,"(1.0, 1.0, 2.0, 3.0, 6.0, 11.0, 14.0)",1979623799.9999995,11,-21.111372624754345,14.0,22.0,6.783399009651374e-10,7.072050760351539e-09,1.111322257339566e-08
617,"(1.0, 1.0, 2.0, 3.0, 6.0, 12.0, 13.0)",2065694399.999999,1,-21.319783868114087,1.0,1.0,5.507259118959891e-10,4.84098712762159e-10,4.840987125278075e-10
618,"(1.0, 1.0, 2.0, 3.0, 6.0, 12.0, 14.0)",2065694399.999999,14,-21.229441101737827,14.0,14.0,6.027967132048169e-10,6.777381978670227e-09,6.77738193273732e-09
619,"(1.0, 1.0, 2.0, 3.0, 6.0, 13.0, 14.0)",2065694399.999999,20,-21.106613981942463,24.0,34.0,6.815755708516113e-10,1.1618369106291817e-08,1.645935609892691e-08
620,"(1.0, 1.0, 2.0, 3.0, 6.0, 14.0, 14.0)",1032847199.9999996,34,-21.016271215566206,40.0,52.0,7.460181281385589e-10,3.872789702097272e-08,5.034626462741453e-08
621,"(1.0, 1.0, 2.0, 3.0, 7.0, 7.0, 14.0)",1118917800.0,15,-20.7485810036305,17.0,21.0,9.750025752710986e-10,1.5193251908227752e-08,1.876813447932879e-08
622,"(1.0, 1.0, 2.0, 3.0, 7.0, 8.0, 14.0)",1979623799.9999995,29,-20.62746830091676,31.0,35.0,1.1005362225029324e-09,1.5659540969349837e-08,1.7680126655657626e-08
623,"(1.0, 1.0, 2.0, 3.0, 7.0, 9.0, 9.0)",871034471.9999999,1,-21.72876966031358,1.0,1.0,3.6586025941378887e-10,1.1480601883687563e-09,1.148060187050714e-09
624,"(1.0, 1.0, 2.0, 3.0, 7.0, 9.0, 14.0)",1979623799.9999995,15,-21.26289372140125,18.0,24.0,5.829651424091867e-10,9.09263669188055e-09,1.2123515506498026e-08
625,"(1.0, 1.0, 2.0, 3.0, 7.0, 11.0, 12.0)",1979623799.9999995,1,-21.10528907784868,2.0,4.0,6.824791915888786e-10,1.0102929657645057e-09,2.0205859305083193e-09
626,"(1.0, 1.0, 2.0, 3.0, 7.0, 11.0, 14.0)",1979623799.9999995,21,-20.89211919167706,24.0,30.0,8.446327557025961e-10,1.2123515589174068e-08,1.5154394339487954e-08
627,"(1.0, 1.0, 2.0, 3.0, 7.0, 12.0, 13.0)",2065694399.999999,1,-21.10053043503681,1.0,1.0,6.857346058218057e-10,4.84098712762159e-10,4.840987125278075e-10
628,"(1.0, 1.0, 2.0, 3.0, 7.0, 12.0, 14.0)",2065694399.999999,15,-21.010187668660546,17.0,21.0,7.505703973454115e-10,8.229678116956704e-09,1.0166072900277739e-08
629,"(1.0, 1.0, 2.0, 3.0, 7.0, 13.0, 14.0)",2065694399.999999,12,-20.887360548865185,12.0,12.0,8.486616397014054e-10,5.809184553145909e-09,5.809184519399284e-09
630,"(1.0, 1.0, 2.0, 3.0, 7.0, 14.0, 14.0)",1032847199.9999996,42,-20.79701778248892,48.0,66.0,9.289020835679099e-10,4.647347642516726e-08,6.390102792482098e-08
631,"(1.0, 1.0, 2.0, 3.0, 8.0, 8.0, 13.0)",806513400.0,1,-20.59669836457927,1.0,1.0,1.1349260247381598e-09,1.2399050034382566e-09,1.2399050019008922e-09
632,"(1.0, 1.0, 2.0, 3.0, 8.0, 8.0, 14.0)",806513400.0,20,-20.506355598203008,20.0,20.0,1.2422325927747154e-09,2.4798100068765133e-08,2.4798099453819365e-08
633,"(1.0, 1.0, 2.0, 3.0, 8.0, 9.0, 12.0)",1613026800.0,1,-21.35495090485913,1.0,1.0,5.316951033628345e-10,6.199525017191283e-10,6.199525013347872e-10
634,"(1.0, 1.0, 2.0, 3.0, 8.0, 9.0, 14.0)",1613026800.0,17,-21.14178101868751,18.0,20.0,6.580231395794042e-10,1.115914503094431e-08,1.2399049909856049e-08
635,"(1.0, 1.0, 2.0, 3.0, 8.0, 11.0, 12.0)",1613026800.0,1,-20.984176375134936,1.0,1.0,7.703498334240237e-10,6.199525017191283e-10,6.199525013347872e-10
636,"(1.0, 1.0, 2.0, 3.0, 8.0, 11.0, 14.0)",1613026800.0,24,-20.77100648896332,25.0,27.0,9.533810124601162e-10,1.5498812542978207e-08,1.6738717306203275e-08
637,"(1.0, 1.0, 2.0, 3.0, 8.0, 12.0, 14.0)",1759665599.9999998,18,-20.8890749659468,20.0,24.0,8.472079261815008e-10,1.1365795864850687e-08,1.3638954908639509e-08
638,"(1.0, 1.0, 2.0, 3.0, 8.0, 13.0, 14.0)",1759665599.9999998,7,-20.766247846151444,9.0,13.0,9.5792862380947e-10,5.114608139182809e-09,7.38776728599373e-09
639,"(1.0, 1.0, 2.0, 3.0, 8.0, 14.0, 14.0)",879832799.9999999,41,-20.67590507977518,47.0,59.0,1.0485001948232638e-09,5.341924056479823e-08,6.705819274900379e-08
640,"(1.0, 1.0, 2.0, 3.0, 9.0, 9.0, 12.0)",806513400.0,1,-21.990376325343625,1.0,1.0,2.816442615084893e-10,1.2399050034382566e-09,1.2399050019008922e-09
641,"(1.0, 1.0, 2.0, 3.0, 9.0, 9.0, 14.0)",806513400.0,2,-21.777206439172005,2.0,2.0,3.485614970500655e-10,2.4798100068765133e-09,2.4798100007270557e-09
642,"(1.0, 1.0, 2.0, 3.0, 9.0, 11.0, 14.0)",1613026800.0,13,-21.40643190944781,14.0,16.0,5.050155427278953e-10,8.679335024067796e-09,9.919239952175196e-09
643,"(1.0, 1.0, 2.0, 3.0, 9.0, 12.0, 13.0)",1759665599.9999998,2,-21.614843152807563,2.0,2.0,4.1000852949200014e-10,1.1365795864850687e-09,1.1365795851932556e-09
644,"(1.0, 1.0, 2.0, 3.0, 9.0, 12.0, 14.0)",1759665599.9999998,14,-21.5245003864313,16.0,20.0,4.4877458754908976e-10,9.09263669188055e-09,1.1365795782174645e-08
645,"(1.0, 1.0, 2.0, 3.0, 9.0, 13.0, 14.0)",1759665599.9999998,12,-21.401673266635942,12.0,12.0,5.074244583489226e-10,6.819477518910412e-09,6.819477472405139e-09
646,"(1.0, 1.0, 2.0, 3.0, 9.0, 14.0, 14.0)",879832799.9999999,22,-21.31133050025968,22.0,22.0,5.554011334593495e-10,2.5004750902671512e-08,2.5004750277433943e-08
647,"(1.0, 1.0, 2.0, 3.0, 11.0, 11.0, 14.0)",806513400.0,12,-21.035657379723627,12.0,12.0,7.316949822490443e-10,1.487886004125908e-08,1.4878859819878603e-08
648,"(1.0, 1.0, 2.0, 3.0, 11.0, 12.0, 14.0)",1759665599.9999998,12,-21.15372585670711,13.0,15.0,6.502099165044527e-10,7.387767312152947e-09,8.524346844058909e-09
649,"(1.0, 1.0, 2.0, 3.0, 11.0, 13.0, 13.0)",879832799.9999999,1,-21.12124150328801,1.0,1.0,6.716783718552071e-10,1.1365795864850687e-09,1.1365795851932556e-09
650,"(1.0, 1.0, 2.0, 3.0, 11.0, 13.0, 14.0)",1759665599.9999998,14,-21.03089873691175,15.0,17.0,7.351851549733307e-10,8.524346898638015e-09,9.660926412458593e-09
651,"(1.0, 1.0, 2.0, 3.0, 11.0, 14.0, 14.0)",879832799.9999999,27,-20.94055597053549,30.0,38.0,8.046964659592711e-10,3.409738759455206e-08,4.319002312380077e-08
652,"(1.0, 1.0, 2.0, 3.0, 12.0, 12.0, 14.0)",879832799.9999999,10,-21.2717943336906,11.0,13.0,5.77799418852411e-10,1.2502375451335756e-08,1.4775534467996501e-08
653,"(1.0, 1.0, 2.0, 3.0, 12.0, 13.0, 14.0)",1759665599.9999998,9,-21.14896721389524,11.0,17.0,6.533114068394905e-10,6.251187725667878e-09,9.660926446045736e-09
654,"(1.0, 1.0, 2.0, 3.0, 12.0, 14.0, 14.0)",879832799.9999999,18,-21.058624447518973,19.0,21.0,7.150816045431308e-10,2.1595012143216304e-08,2.386817084984189e-08
655,"(1.0, 1.0, 2.0, 3.0, 13.0, 13.0, 14.0)",879832799.9999999,2,-21.02614009409988,3.0,5.0,7.386919757626429e-10,3.409738759455206e-09,5.682897920799025e-09
656,"(1.0, 1.0, 2.0, 3.0, 13.0, 14.0, 14.0)",879832799.9999999,14,-20.935797327723613,16.0,20.0,8.085348545295851e-10,1.81852733837611e-08,2.2731591398997206e-08
657,"(1.0, 1.0, 2.0, 3.0, 14.0, 14.0, 14.0)",293277599.99999994,19,-20.84545456134736,22.0,28.0,8.849813351691594e-10,7.501425270801454e-08,9.547267963760768e-08
658,"(1.0, 1.0, 2.0, 4.0, 4.0, 4.0, 14.0)",444015000.0,5,-21.45905614175152,5.0,5.0,4.791266532123133e-10,1.1260880826098217e-08,1.1260880699290781e-08
659,"(1.0, 1.0, 2.0, 4.0, 4.0, 6.0, 12.0)",1332044999.9999998,2,-21.65554579882108,2.0,2.0,3.936551676652368e-10,1.501450776813096e-09,1.5014507745587416e-09
660,"(1.0, 1.0, 2.0, 4.0, 4.0, 6.0, 14.0)",1332044999.9999998,8,-21.442375912649453,8.0,8.0,4.871856214217756e-10,6.005803107252384e-09,6.005803071182713e-09
661,"(1.0, 1.0, 2.0, 4.0, 4.0, 7.0, 14.0)",1332044999.9999998,8,-21.22312247957217,8.0,8.0,6.066176165882131e-10,6.005803107252384e-09,6.005803071182713e-09
662,"(1.0, 1.0, 2.0, 4.0, 4.0, 8.0, 12.0)",1225481400.0,1,-21.315179663030047,1.0,1.0,5.532674132464624e-10,8.16005856963639e-10,8.160058562977734e-10
663,"(1.0, 1.0, 2.0, 4.0, 4.0, 8.0, 14.0)",1225481400.0,12,-21.102009776858427,13.0,15.0,6.847209199197242e-10,1.0608076140527306e-08,1.2240087741923304e-08
664,"(1.0, 1.0, 2.0, 4.0, 4.0, 9.0, 11.0)",1078423632.0000002,1,-21.832536606531065,1.0,1.0,3.2979937314049643e-10,9.272793829132258e-10,9.272793820533788e-10
665,"(1.0, 1.0, 2.0, 4.0, 4.0, 9.0, 14.0)",1225481400.0,6,-21.73743519734293,8.0,12.0,3.627035806997105e-10,6.528046855709112e-09,9.792070240948271e-09
666,"(1.0, 1.0, 2.0, 4.0, 4.0, 11.0, 14.0)",1225481400.0,11,-21.36666066761873,14.0,20.0,5.255053906028705e-10,1.1424081997490944e-08,1.632011700876313e-08
667,"(1.0, 1.0, 2.0, 4.0, 4.0, 12.0, 14.0)",1278763200.0,11,-21.48472914460222,13.0,17.0,4.669825876026447e-10,1.0166072968005335e-08,1.3294095316350246e-08
668,"(1.0, 1.0, 2.0, 4.0, 4.0, 13.0, 14.0)",1278763200.0,5,-21.36190202480686,5.0,5.0,5.280120424526738e-10,3.910028064617437e-09,3.9100280493291174e-09
669,"(1.0, 1.0, 2.0, 4.0, 4.0, 14.0, 14.0)",639381600.0,16,-21.2715592584306,17.0,19.0,5.779352611669842e-10,2.658819083939857e-08,2.9716212584160627e-08
670,"(1.0, 1.0, 2.0, 4.0, 6.0, 6.0, 14.0)",1332044999.9999998,15,-21.42569568354739,15.0,15.0,4.953801424504454e-10,1.1260880826098219e-08,1.1260880699290783e-08
671,"(1.0, 1.0, 2.0, 4.0, 6.0, 7.0, 12.0)",2664089999.9999995,1,-21.419612136641724,1.0,1.0,4.98402996296895e-10,3.75362694203274e-10,3.7536269406237686e-10
672,"(1.0, 1.0, 2.0, 4.0, 6.0, 7.0, 14.0)",2664089999.9999995,21,-21.206442250470108,24.0,36.0,6.168209982089302e-10,9.008704660878576e-09,1.3513056910161103e-08
673,"(1.0, 1.0, 2.0, 4.0, 6.0, 8.0, 11.0)",2156847264.0000005,1,-21.1804309569445,1.0,1.0,6.330757979574512e-10,4.636396914566129e-10,4.6363969124165117e-10
674,"(1.0, 1.0, 2.0, 4.0, 6.0, 8.0, 14.0)",2450962800.0,15,-21.085329547756363,18.0,26.0,6.962380085412593e-10,7.344052712672751e-09,1.0608076086592196e-08
675,"(1.0, 1.0, 2.0, 4.0, 6.0, 9.0, 12.0)",2450962800.0,2,-21.93392485441248,2.0,2.0,2.980008269543248e-10,8.16005856963639e-10,8.160058562977734e-10
676,"(1.0, 1.0, 2.0, 4.0, 6.0, 9.0, 14.0)",2450962800.0,15,-21.72075496824086,17.0,21.0,3.688042987597887e-10,6.936049784190931e-09,8.568061450009423e-09
677,"(1.0, 1.0, 2.0, 4.0, 6.0, 11.0, 14.0)",2450962800.0,27,-21.34998043851668,27.0,27.0,5.343444547801006e-10,1.1016079069009125e-08,1.1016078947655127e-08
678,"(1.0, 1.0, 2.0, 4.0, 6.0, 12.0, 12.0)",1278763200.0,1,-21.681218801671776,1.0,1.0,3.8367748399504315e-10,7.820056129234873e-10,7.820056123119546e-10
679,"(1.0, 1.0, 2.0, 4.0, 6.0, 12.0, 13.0)",2557526400.0,2,-21.55839168187641,2.0,2.0,4.338198839647253e-10,7.820056129234873e-10,7.820056123119546e-10
680,"(1.0, 1.0, 2.0, 4.0, 6.0, 12.0, 14.0)",2557526400.0,16,-21.468048915500155,18.0,22.0,4.748372911609412e-10,7.038050516311386e-09,8.602061692624204e-09
681,"(1.0, 1.0, 2.0, 4.0, 6.0, 13.0, 13.0)",1278763200.0,2,-21.435564562081066,3.0,5.0,4.905153405499182e-10,2.346016838770462e-09,3.910028059113642e-09
682,"(1.0, 1.0, 2.0, 4.0, 6.0, 13.0, 14.0)",2557526400.0,15,-21.345221795704795,15.0,15.0,5.368932688169539e-10,5.865042096926155e-09,5.865042062527436e-09
683,"(1.0, 1.0, 2.0, 4.0, 6.0, 14.0, 14.0)",1278763200.0,40,-21.25487902932853,44.0,52.0,5.876562021032594e-10,3.440824696863344e-08,4.0664290688093884e-08
684,"(1.0, 1.0, 2.0, 4.0, 7.0, 7.0, 14.0)",1332044999.9999998,12,-20.987188817392827,15.0,23.0,7.680326909137675e-10,1.1260880826098219e-08,1.7266683806543168e-08
685,"(1.0, 1.0, 2.0, 4.0, 7.0, 8.0, 14.0)",2450962800.0,29,-20.86607611467908,34.0,44.0,8.669185270428528e-10,1.3872099568381862e-08,1.795212866076491e-08
686,"(1.0, 1.0, 2.0, 4.0, 7.0, 9.0, 13.0)",2450962800.0,1,-21.591844301539844,1.0,1.0,4.1954752721005744e-10,4.080029284818195e-10,4.080029283153531e-10
687,"(1.0, 1.0, 2.0, 4.0, 7.0, 9.0, 14.0)",2450962800.0,13,-21.50150153516358,17.0,27.0,4.5921549172212455e-10,6.936049784190931e-09,1.1016079020900339e-08
688,"(1.0, 1.0, 2.0, 4.0, 7.0, 11.0, 14.0)",2450962800.0,28,-21.13072700543939,30.0,34.0,6.653372869459383e-10,1.2240087854454584e-08,1.3872099418562112e-08
689,"(1.0, 1.0, 2.0, 4.0, 7.0, 12.0, 13.0)",2557526400.0,1,-21.33913824879913,1.0,1.0,5.401694394659188e-10,3.9100280646174367e-10,3.910028063088605e-10
690,"(1.0, 1.0, 2.0, 4.0, 7.0, 12.0, 14.0)",2557526400.0,19,-21.24879548242287,20.0,22.0,5.912421327021923e-10,7.820056129234874e-09,8.602061681005082e-09
691,"(1.0, 1.0, 2.0, 4.0, 7.0, 13.0, 13.0)",1278763200.0,1,-21.216311129003778,2.0,4.0,6.107636056991569e-10,1.5640112258469747e-09,3.1280224492478183e-09
692,"(1.0, 1.0, 2.0, 4.0, 7.0, 13.0, 14.0)",2557526400.0,17,-21.12596836262752,17.0,17.0,6.68510934582838e-10,6.647047709849643e-09,6.647047665666399e-09
693,"(1.0, 1.0, 2.0, 4.0, 7.0, 14.0, 14.0)",1278763200.0,30,-21.03562559625125,32.0,36.0,7.317182384258798e-10,2.5024179613551595e-08,2.8152201439035977e-08
694,"(1.0, 1.0, 2.0, 4.0, 8.0, 8.0, 14.0)",1036945800.0,10,-20.744963411965337,11.0,13.0,9.785361240756426e-10,1.0608076140527306e-08,1.2536817144455536e-08
695,"(1.0, 1.0, 2.0, 4.0, 8.0, 9.0, 14.0)",2073891600.0,22,-21.38038883244984,25.0,31.0,5.183404591871708e-10,1.2054631977871939e-08,1.494774350724705e-08
696,"(1.0, 1.0, 2.0, 4.0, 8.0, 11.0, 11.0)",871034471.9999999,1,-21.104715711913784,1.0,1.0,6.828706141120593e-10,1.1480601883687563e-09,1.148060187050714e-09
697,"(1.0, 1.0, 2.0, 4.0, 8.0, 11.0, 12.0)",2073891600.0,1,-21.222784188897265,1.0,1.0,6.068228643858879e-10,4.821852791148776e-10,4.821852788823749e-10
698,"(1.0, 1.0, 2.0, 4.0, 8.0, 11.0, 14.0)",2073891600.0,24,-21.009614302725648,25.0,27.0,7.510008722410193e-10,1.2054631977871939e-08,1.3019002390787542e-08
699,"(1.0, 1.0, 2.0, 4.0, 8.0, 12.0, 13.0)",2262427199.9999995,1,-21.2180255460854,1.0,1.0,6.097173992141006e-10,4.420031725219712e-10,4.420031723266044e-10
700,"(1.0, 1.0, 2.0, 4.0, 8.0, 12.0, 14.0)",2262427199.9999995,11,-21.12768277970913,13.0,17.0,6.673658099084801e-10,5.746041242785626e-09,7.51405389985652e-09
701,"(1.0, 1.0, 2.0, 4.0, 8.0, 13.0, 14.0)",2262427199.9999995,14,-21.004855659913773,14.0,14.0,7.545831337349472e-10,6.188044415307597e-09,6.188044377015703e-09
702,"(1.0, 1.0, 2.0, 4.0, 8.0, 14.0, 14.0)",1131213599.9999998,36,-20.91451289353751,39.0,47.0,8.259285118604047e-10,3.447624745671375e-08,4.154829702845366e-08
703,"(1.0, 1.0, 2.0, 4.0, 9.0, 9.0, 14.0)",1036945800.0,9,-22.015814252934334,10.0,12.0,2.7457017172888735e-10,9.643705582297551e-09,1.1572446605756004e-08
704,"(1.0, 1.0, 2.0, 4.0, 9.0, 11.0, 12.0)",2073891600.0,1,-21.858209609381767,1.0,1.0,3.214401946256006e-10,4.821852791148776e-10,4.821852788823749e-10
705,"(1.0, 1.0, 2.0, 4.0, 9.0, 11.0, 14.0)",2073891600.0,22,-21.645039723210147,25.0,31.0,3.978127402655658e-10,1.2054631977871939e-08,1.494774350724705e-08
706,"(1.0, 1.0, 2.0, 4.0, 9.0, 12.0, 14.0)",2262427199.9999995,14,-21.763108200193628,16.0,20.0,3.535104037988898e-10,7.072050760351539e-09,8.840063400425522e-09
707,"(1.0, 1.0, 2.0, 4.0, 9.0, 13.0, 14.0)",2262427199.9999995,6,-21.64028108039827,6.0,6.0,3.99710300326974e-10,2.652019035131827e-09,2.652019028098622e-09
708,"(1.0, 1.0, 2.0, 4.0, 9.0, 14.0, 14.0)",1131213599.9999998,32,-21.549938314022008,35.0,41.0,4.375026670557606e-10,3.0940222076537986e-08,3.6244259189504296e-08
709,"(1.0, 1.0, 2.0, 4.0, 11.0, 11.0, 12.0)",1036945800.0,1,-21.487435079657576,1.0,1.0,4.657206711505801e-10,9.643705582297552e-10,9.643705572997446e-10
710,"(1.0, 1.0, 2.0, 4.0, 11.0, 11.0, 14.0)",1036945800.0,13,-21.27426519348596,16.0,24.0,5.763735198223233e-10,1.5429928931676083e-08,2.3144893159431415e-08
711,"(1.0, 1.0, 2.0, 4.0, 11.0, 12.0, 12.0)",1131213599.9999998,1,-21.605503556641057,1.0,1.0,4.138557815067098e-10,8.840063450439424e-10,8.840063442624752e-10
712,"(1.0, 1.0, 2.0, 4.0, 11.0, 12.0, 14.0)",2262427199.9999995,10,-21.39233367046944,11.0,13.0,5.121857977584072e-10,4.862034897741683e-09,5.746041219146242e-09
713,"(1.0, 1.0, 2.0, 4.0, 11.0, 13.0, 14.0)",2262427199.9999995,12,-21.26950655067408,15.0,23.0,5.791228117905462e-10,6.6300475878295675e-09,1.0166072924047806e-08
714,"(1.0, 1.0, 2.0, 4.0, 11.0, 14.0, 14.0)",1131213599.9999998,22,-21.179163784297817,27.0,39.0,6.33878522779957e-10,2.3868171316186445e-08,3.447624688702415e-08
715,"(1.0, 1.0, 2.0, 4.0, 12.0, 12.0, 12.0)",377071200.0,1,-21.723572033624546,1.0,1.0,3.6776681495236866e-10,2.6520190351318266e-09,2.6520190280986217e-09
716,"(1.0, 1.0, 2.0, 4.0, 12.0, 12.0, 13.0)",1131213599.9999998,1,-21.600744913829185,1.0,1.0,4.1582986660424883e-10,8.840063450439424e-10,8.840063442624752e-10
717,"(1.0, 1.0, 2.0, 4.0, 12.0, 12.0, 14.0)",1131213599.9999998,3,-21.51040214745292,4.0,6.0,4.551463285584076e-10,3.5360253801757696e-09,5.304038057760179e-09
718,"(1.0, 1.0, 2.0, 4.0, 12.0, 13.0, 13.0)",1131213599.9999998,1,-21.477917794033825,1.0,1.0,4.701742270642401e-10,8.840063450439424e-10,8.840063442624752e-10
719,"(1.0, 1.0, 2.0, 4.0, 12.0, 13.0, 14.0)",2262427199.9999995,10,-21.38757502765756,10.0,10.0,5.146289153749993e-10,4.420031725219712e-09,4.420031705683032e-09
720,"(1.0, 1.0, 2.0, 4.0, 12.0, 14.0, 14.0)",1131213599.9999998,21,-21.2972322612813,22.0,24.0,5.632867675323718e-10,1.9448139590966732e-08,2.121615190282448e-08
721,"(1.0, 1.0, 2.0, 4.0, 13.0, 13.0, 14.0)",1131213599.9999998,9,-21.264747907862205,9.0,9.0,5.818852178350851e-10,7.956057105395481e-09,7.956057042096636e-09
722,"(1.0, 1.0, 2.0, 4.0, 13.0, 14.0, 14.0)",1131213599.9999998,24,-21.17440514148594,25.0,27.0,6.36902112642385e-10,2.2100158626098558e-08,2.3868170827769433e-08
723,"(1.0, 1.0, 2.0, 4.0, 14.0, 14.0, 14.0)",377071200.0,16,-21.08406237510968,17.0,19.0,6.971208215213632e-10,4.5084323597241054e-08,5.038835963490847e-08
724,"(1.0, 1.0, 2.0, 6.0, 6.0, 6.0, 14.0)",444015000.0,3,-21.409015454445324,3.0,3.0,5.037124963131248e-10,6.7565284956589305e-09,6.7565284500082536e-09
725,"(1.0, 1.0, 2.0, 6.0, 6.0, 7.0, 14.0)",1332044999.9999998,10,-21.189762021368043,13.0,19.0,6.27196001941588e-10,9.759430049285123e-09,1.4263782284477937e-08
726,"(1.0, 1.0, 2.0, 6.0, 6.0, 8.0, 14.0)",1225481400.0,8,-21.068649318654305,8.0,8.0,7.079488159852432e-10,6.528046855709112e-09,6.528046813093716e-09
727,"(1.0, 1.0, 2.0, 6.0, 6.0, 9.0, 14.0)",1225481400.0,9,-21.7040747391388,11.0,15.0,3.7500763163490616e-10,8.976064426600029e-09,1.2240087773884852e-08
728,"(1.0, 1.0, 2.0, 6.0, 6.0, 11.0, 14.0)",1225481400.0,16,-21.33330020941461,17.0,19.0,5.433321930850037e-10,1.3872099568381862e-08,1.5504111089873994e-08
729,"(1.0, 1.0, 2.0, 6.0, 6.0, 12.0, 12.0)",639381600.0,1,-21.66453857256971,1.0,1.0,3.901309856432426e-10,1.5640112258469747e-09,1.5640112234008436e-09
730,"(1.0, 1.0, 2.0, 6.0, 6.0, 12.0, 14.0)",1278763200.0,10,-21.45136868639809,10.0,10.0,4.828241117823285e-10,7.820056129234874e-09,7.820056068081596e-09
731,"(1.0, 1.0, 2.0, 6.0, 6.0, 13.0, 14.0)",1278763200.0,10,-21.32854156660273,11.0,13.0,5.45923878481977e-10,8.60206174215836e-09,1.0166072894009869e-08
732,"(1.0, 1.0, 2.0, 6.0, 6.0, 14.0, 14.0)",639381600.0,11,-21.23819880022647,12.0,14.0,5.975406504408538e-10,1.8768134710163695e-08,2.1896156809614764e-08
733,"(1.0, 1.0, 2.0, 6.0, 7.0, 7.0, 13.0)",1332044999.9999998,1,-21.060851354667022,1.0,1.0,7.134909559772165e-10,7.50725388406548e-10,7.507253878429593e-10
734,"(1.0, 1.0, 2.0, 6.0, 7.0, 7.0, 14.0)",1332044999.9999998,13,-20.97050858829076,14.0,16.0,7.809510935916482e-10,1.0510155437691672e-08,1.2011606104041401e-08
735,"(1.0, 1.0, 2.0, 6.0, 7.0, 8.0, 14.0)",2450962800.0,25,-20.849395885577017,26.0,28.0,8.815002014347666e-10,1.0608076140527306e-08,1.1424081884959664e-08
736,"(1.0, 1.0, 2.0, 6.0, 7.0, 9.0, 14.0)",2450962800.0,9,-21.48482130606152,11.0,15.0,4.669395517890558e-10,4.488032213300014e-09,6.1200439070848585e-09
737,"(1.0, 1.0, 2.0, 6.0, 7.0, 11.0, 14.0)",2450962800.0,22,-21.114046776337325,22.0,22.0,6.765283405183434e-10,8.976064426600029e-09,8.976064346030296e-09
738,"(1.0, 1.0, 2.0, 6.0, 7.0, 12.0, 14.0)",2557526400.0,17,-21.232115253320806,18.0,20.0,6.011868968258223e-10,7.038050516311386e-09,7.820056079700718e-09
739,"(1.0, 1.0, 2.0, 6.0, 7.0, 13.0, 14.0)",2557526400.0,22,-21.109288133525453,24.0,30.0,6.797553692920333e-10,9.384067355081848e-09,1.173008410579159e-08
740,"(1.0, 1.0, 2.0, 6.0, 7.0, 14.0, 14.0)",1278763200.0,43,-21.01894536714919,50.0,66.0,7.440258276243092e-10,3.9100280646174366e-08,5.161236892411822e-08
741,"(1.0, 1.0, 2.0, 6.0, 8.0, 8.0, 14.0)",1036945800.0,9,-20.72828318286328,10.0,12.0,9.949952199386244e-10,9.643705582297551e-09,1.1572446605756004e-08
742,"(1.0, 1.0, 2.0, 6.0, 8.0, 9.0, 12.0)",2073891600.0,1,-21.576878489519395,1.0,1.0,4.258736160907829e-10,4.821852791148776e-10,4.821852788823749e-10
743,"(1.0, 1.0, 2.0, 6.0, 8.0, 9.0, 14.0)",2073891600.0,11,-21.36370860334777,13.0,17.0,5.270590083521169e-10,6.268408628493408e-09,8.197149705659972e-09
744,"(1.0, 1.0, 2.0, 6.0, 8.0, 11.0, 12.0)",2073891600.0,1,-21.206103959795204,1.0,1.0,6.170296982993661e-10,4.821852791148776e-10,4.821852788823749e-10
745,"(1.0, 1.0, 2.0, 6.0, 8.0, 11.0, 14.0)",2073891600.0,15,-20.992934073623584,16.0,18.0,7.636327976705272e-10,7.714964465838041e-09,8.67933496454712e-09
746,"(1.0, 1.0, 2.0, 6.0, 8.0, 12.0, 12.0)",1131213599.9999998,1,-21.324172436778685,1.0,1.0,5.48314309029174e-10,8.840063450439424e-10,8.840063442624752e-10
747,"(1.0, 1.0, 2.0, 6.0, 8.0, 12.0, 13.0)",2262427199.9999995,2,-21.20134531698333,3.0,5.0,6.199729195532002e-10,1.3260095175659135e-09,2.2100158608515547e-09
748,"(1.0, 1.0, 2.0, 6.0, 8.0, 12.0, 14.0)",2262427199.9999995,18,-21.111002550607065,20.0,24.0,6.785909834822621e-10,8.840063450439424e-09,1.0608076062380586e-08
749,"(1.0, 1.0, 2.0, 6.0, 8.0, 13.0, 14.0)",2262427199.9999995,19,-20.988175430811708,20.0,22.0,7.672753132356991e-10,8.840063450439424e-09,9.724069717336644e-09
750,"(1.0, 1.0, 2.0, 6.0, 8.0, 14.0, 14.0)",1131213599.9999998,42,-20.897832664435445,46.0,54.0,8.398207292433118e-10,4.066429187202135e-08,4.7736340978788254e-08
751,"(1.0, 1.0, 2.0, 6.0, 9.0, 9.0, 13.0)",1036945800.0,1,-22.089476790208536,1.0,1.0,2.55071609095955e-10,9.643705582297552e-10,9.643705572997446e-10
752,"(1.0, 1.0, 2.0, 6.0, 9.0, 9.0, 14.0)",1036945800.0,3,-21.99913402383228,3.0,3.0,2.7918847519915436e-10,2.8931116746892653e-09,2.8931116663191703e-09
753,"(1.0, 1.0, 2.0, 6.0, 9.0, 11.0, 14.0)",2073891600.0,11,-21.62835949410808,11.0,11.0,4.045039986324818e-10,5.304038070263653e-09,5.3040380421308336e-09
754,"(1.0, 1.0, 2.0, 6.0, 9.0, 12.0, 13.0)",2262427199.9999995,2,-21.836770737467827,2.0,2.0,3.2840591154300233e-10,8.840063450439424e-10,8.840063442624752e-10
755,"(1.0, 1.0, 2.0, 6.0, 9.0, 12.0, 14.0)",2262427199.9999995,10,-21.746427971091563,13.0,19.0,3.594564915124999e-10,5.746041242785626e-09,8.398060244900462e-09
756,"(1.0, 1.0, 2.0, 6.0, 9.0, 13.0, 14.0)",2262427199.9999995,16,-21.623600851296207,16.0,16.0,4.0643347588344144e-10,7.072050760351539e-09,7.072050710337638e-09
757,"(1.0, 1.0, 2.0, 6.0, 9.0, 14.0, 14.0)",1131213599.9999998,21,-21.533258084919943,22.0,24.0,4.448615147878117e-10,1.9448139590966732e-08,2.121615190282448e-08
758,"(1.0, 1.0, 2.0, 6.0, 11.0, 11.0, 14.0)",1036945800.0,15,-21.25758496438389,20.0,32.0,5.860681920804449e-10,1.9287411164595103e-08,3.0859857491347935e-08
759,"(1.0, 1.0, 2.0, 6.0, 11.0, 12.0, 14.0)",2262427199.9999995,15,-21.375653441367376,18.0,24.0,5.208008247743291e-10,7.956057105395481e-09,1.0608076077228463e-08
760,"(1.0, 1.0, 2.0, 6.0, 11.0, 13.0, 13.0)",1131213599.9999998,1,-21.34316908794828,1.0,1.0,5.379964856978227e-10,8.840063450439424e-10,8.840063442624752e-10
761,"(1.0, 1.0, 2.0, 6.0, 11.0, 13.0, 14.0)",2262427199.9999995,21,-21.252826321572016,23.0,29.0,5.888637274718231e-10,1.0166072968005337e-08,1.2818091899788125e-08
762,"(1.0, 1.0, 2.0, 6.0, 11.0, 14.0, 14.0)",1131213599.9999998,24,-21.16248355519576,26.0,30.0,6.445404361372958e-10,2.2984164971142503e-08,2.652018982304643e-08
763,"(1.0, 1.0, 2.0, 6.0, 12.0, 12.0, 13.0)",1131213599.9999998,1,-21.58406468472712,1.0,1.0,4.228241752135487e-10,8.840063450439424e-10,8.840063442624752e-10
764,"(1.0, 1.0, 2.0, 6.0, 12.0, 12.0, 14.0)",1131213599.9999998,7,-21.493721918350857,9.0,13.0,4.628019448091671e-10,7.956057105395481e-09,1.1492082422272406e-08
765,"(1.0, 1.0, 2.0, 6.0, 12.0, 13.0, 14.0)",2262427199.9999995,15,-21.370894798555497,16.0,18.0,5.232850359244829e-10,7.072050760351539e-09,7.956057055381579e-09
766,"(1.0, 1.0, 2.0, 6.0, 12.0, 14.0, 14.0)",1131213599.9999998,17,-21.28055203217924,17.0,17.0,5.72761319035439e-10,1.502810786574702e-08,1.5028107639902993e-08
767,"(1.0, 1.0, 2.0, 6.0, 13.0, 13.0, 14.0)",1131213599.9999998,6,-21.24806767876014,7.0,9.0,5.916725975198677e-10,6.188044415307597e-09,7.956057067103588e-09
768,"(1.0, 1.0, 2.0, 6.0, 13.0, 14.0, 14.0)",1131213599.9999998,21,-21.15772491238388,22.0,24.0,6.476148831466128e-10,1.9448139590966732e-08,2.121615190282448e-08
769,"(1.0, 1.0, 2.0, 6.0, 14.0, 14.0, 14.0)",377071200.0,16,-21.067382146007617,17.0,19.0,7.088464779863654e-10,4.5084323597241054e-08,5.038835963490847e-08
770,"(1.0, 1.0, 2.0, 7.0, 7.0, 7.0, 14.0)",444015000.0,9,-20.75125515521348,11.0,17.0,9.723987536495594e-10,2.4773937817416077e-08,3.828699419498594e-08
771,"(1.0, 1.0, 2.0, 7.0, 7.0, 8.0, 14.0)",1225481400.0,16,-20.630142452499737,17.0,19.0,1.097597153331104e-09,1.3872099568381862e-08,1.5504111089873994e-08
772,"(1.0, 1.0, 2.0, 7.0, 7.0, 9.0, 12.0)",1225481400.0,1,-21.47873775915585,1.0,1.0,4.69788858612708e-10,8.16005856963639e-10,8.160058562977734e-10
773,"(1.0, 1.0, 2.0, 7.0, 7.0, 9.0, 14.0)",1225481400.0,17,-21.265567872984235,19.0,23.0,5.814082878111496e-10,1.550411128230914e-08,1.876813446978623e-08
774,"(1.0, 1.0, 2.0, 7.0, 7.0, 11.0, 14.0)",1225481400.0,14,-20.894793343260044,20.0,32.0,8.423770970127233e-10,1.6320117139272778e-08,2.6112187156490223e-08
775,"(1.0, 1.0, 2.0, 7.0, 7.0, 12.0, 13.0)",1278763200.0,2,-21.10320458661979,2.0,2.0,6.839032972298487e-10,1.5640112258469747e-09,1.5640112234008436e-09
776,"(1.0, 1.0, 2.0, 7.0, 7.0, 12.0, 14.0)",1278763200.0,12,-21.01286182024353,13.0,15.0,7.485659396355929e-10,1.0166072968005335e-08,1.173008409050327e-08
777,"(1.0, 1.0, 2.0, 7.0, 7.0, 13.0, 14.0)",1278763200.0,12,-20.89003470044817,13.0,15.0,8.463952215576266e-10,1.0166072968005335e-08,1.173008409050327e-08
778,"(1.0, 1.0, 2.0, 7.0, 7.0, 14.0, 14.0)",639381600.0,29,-20.79969193407191,30.0,32.0,9.264213769617547e-10,4.692033677540924e-08,5.004835702558518e-08
779,"(1.0, 1.0, 2.0, 7.0, 8.0, 8.0, 11.0)",871034471.9999999,2,-20.60413115897413,2.0,2.0,1.1265216257205813e-09,2.2961203767375126e-09,2.2961203714653438e-09
780,"(1.0, 1.0, 2.0, 7.0, 8.0, 8.0, 13.0)",1036945800.0,1,-20.59937251616225,1.0,1.0,1.1318951148749372e-09,9.643705582297552e-10,9.643705572997446e-10
781,"(1.0, 1.0, 2.0, 7.0, 8.0, 8.0, 14.0)",1036945800.0,21,-20.509029749785995,25.0,35.0,1.238915112220213e-09,2.4109263955743878e-08,3.375296895678482e-08
782,"(1.0, 1.0, 2.0, 7.0, 8.0, 9.0, 14.0)",2073891600.0,23,-21.14445517027049,25.0,29.0,6.562658366534799e-10,1.2054631977871939e-08,1.3983372949017297e-08
783,"(1.0, 1.0, 2.0, 7.0, 8.0, 11.0, 14.0)",2073891600.0,16,-20.773680640546303,20.0,28.0,9.508349329350256e-10,9.643705582297551e-09,1.3501187722215513e-08
784,"(1.0, 1.0, 2.0, 7.0, 8.0, 12.0, 12.0)",1131213599.9999998,1,-21.104919003701404,1.0,1.0,6.827318062339317e-10,8.840063450439424e-10,8.840063442624752e-10
785,"(1.0, 1.0, 2.0, 7.0, 8.0, 12.0, 14.0)",2262427199.9999995,18,-20.891749117529784,21.0,29.0,8.44945390294847e-10,9.282066622961395e-09,1.2818091916980404e-08
786,"(1.0, 1.0, 2.0, 7.0, 8.0, 13.0, 14.0)",2262427199.9999995,20,-20.768921997734427,20.0,20.0,9.553703995279877e-10,8.840063450439424e-09,8.840063372292702e-09
787,"(1.0, 1.0, 2.0, 7.0, 8.0, 14.0, 14.0)",1131213599.9999998,47,-20.678579231358164,52.0,68.0,1.0457000919858845e-09,4.5968329942285006e-08,6.011242934990072e-08
788,"(1.0, 1.0, 2.0, 7.0, 9.0, 9.0, 14.0)",1036945800.0,6,-21.779880590754992,6.0,6.0,3.476306359575151e-10,5.786223349378531e-09,5.78622331589815e-09
789,"(1.0, 1.0, 2.0, 7.0, 9.0, 11.0, 12.0)",2073891600.0,1,-21.62227594720241,1.0,1.0,4.069723181378271e-10,4.821852791148776e-10,4.821852788823749e-10
790,"(1.0, 1.0, 2.0, 7.0, 9.0, 11.0, 13.0)",2073891600.0,2,-21.499448827407065,2.0,2.0,4.6015909506351237e-10,9.643705582297552e-10,9.643705572997446e-10
791,"(1.0, 1.0, 2.0, 7.0, 9.0, 11.0, 14.0)",2073891600.0,24,-21.4091060610308,26.0,30.0,5.036668587113365e-10,1.2536817256986816e-08,1.4465558216274539e-08
792,"(1.0, 1.0, 2.0, 7.0, 9.0, 12.0, 12.0)",1131213599.9999998,1,-21.740344424185903,1.0,1.0,3.6164992710849353e-10,8.840063450439424e-10,8.840063442624752e-10
793,"(1.0, 1.0, 2.0, 7.0, 9.0, 12.0, 13.0)",2262427199.9999995,1,-21.617517304390542,1.0,1.0,4.0891356923119416e-10,4.420031725219712e-10,4.420031723266044e-10
794,"(1.0, 1.0, 2.0, 7.0, 9.0, 12.0, 14.0)",2262427199.9999995,19,-21.52717453801428,22.0,30.0,4.475760994590135e-10,9.724069795483366e-09,1.3260095081101601e-08
795,"(1.0, 1.0, 2.0, 7.0, 9.0, 13.0, 14.0)",2262427199.9999995,22,-21.40434741821893,23.0,25.0,5.060693411323541e-10,1.0166072968005337e-08,1.105007920970024e-08
796,"(1.0, 1.0, 2.0, 7.0, 9.0, 14.0, 14.0)",1131213599.9999998,37,-21.314004651842662,37.0,37.0,5.539178907309631e-10,3.270823476662587e-08,3.270823369679725e-08
797,"(1.0, 1.0, 2.0, 7.0, 11.0, 11.0, 14.0)",1036945800.0,8,-21.03833153130661,9.0,11.0,7.297409328306393e-10,8.679335024067796e-09,1.060807606519645e-08
798,"(1.0, 1.0, 2.0, 7.0, 11.0, 12.0, 14.0)",2262427199.9999995,22,-21.15640000829009,24.0,30.0,6.484734794097502e-10,1.0608076140527308e-08,1.3260095063127855e-08
799,"(1.0, 1.0, 2.0, 7.0, 11.0, 13.0, 13.0)",1131213599.9999998,1,-21.123915654871,1.0,1.0,6.698846015496539e-10,8.840063450439424e-10,8.840063442624752e-10
800,"(1.0, 1.0, 2.0, 7.0, 11.0, 13.0, 14.0)",2262427199.9999995,13,-21.03357288849473,15.0,19.0,7.332217847721603e-10,6.6300475878295675e-09,8.398060233959921e-09
801,"(1.0, 1.0, 2.0, 7.0, 11.0, 14.0, 14.0)",1131213599.9999998,41,-20.94323012211847,44.0,52.0,8.025474602950981e-10,3.8896279181933465e-08,4.596832842936447e-08
802,"(1.0, 1.0, 2.0, 7.0, 12.0, 12.0, 13.0)",1131213599.9999998,2,-21.36481125164984,2.0,2.0,5.264781679216747e-10,1.7680126900878848e-09,1.768012686962016e-09
803,"(1.0, 1.0, 2.0, 7.0, 12.0, 12.0, 14.0)",1131213599.9999998,3,-21.274468485273573,3.0,3.0,5.762563597283914e-10,2.652019035131827e-09,2.652019028098622e-09
804,"(1.0, 1.0, 2.0, 7.0, 12.0, 13.0, 14.0)",2262427199.9999995,14,-21.151641365478216,17.0,23.0,6.51566686969136e-10,7.51405393287351e-09,1.0166072911544331e-08
805,"(1.0, 1.0, 2.0, 7.0, 12.0, 14.0, 14.0)",1131213599.9999998,20,-21.06129859910196,21.0,23.0,7.131719224660766e-10,1.856413324592279e-08,2.033214559138363e-08
806,"(1.0, 1.0, 2.0, 7.0, 13.0, 13.0, 14.0)",1131213599.9999998,5,-21.02881424568286,5.0,5.0,7.367192403187278e-10,4.420031725219712e-09,4.420031705683032e-09
807,"(1.0, 1.0, 2.0, 7.0, 13.0, 14.0, 14.0)",1131213599.9999998,30,-20.9384714793066,32.0,36.0,8.06375598144637e-10,2.8288203041406157e-08,3.182422762135949e-08
808,"(1.0, 1.0, 2.0, 7.0, 14.0, 14.0, 14.0)",377071200.0,17,-20.848128712930333,18.0,20.0,8.826179224012268e-10,4.7736342632372876e-08,5.304037842387813e-08
809,"(1.0, 1.0, 2.0, 8.0, 8.0, 8.0, 14.0)",268837799.99999994,7,-20.38791704707225,7.0,7.0,1.3984280577161836e-09,2.6038005072203394e-08,2.6038004394225686e-08
810,"(1.0, 1.0, 2.0, 8.0, 8.0, 9.0, 14.0)",806513399.9999999,6,-21.02334246755675,6.0,6.0,7.407614535043976e-10,7.439430020629541e-09,7.439429965284422e-09
811,"(1.0, 1.0, 2.0, 8.0, 8.0, 11.0, 11.0)",322605360.0,1,-20.747669347020697,1.0,1.0,9.758918481075568e-10,3.0997625085956416e-09,3.099762498987114e-09
812,"(1.0, 1.0, 2.0, 8.0, 8.0, 11.0, 14.0)",806513399.9999999,14,-20.65256793783256,14.0,14.0,1.0732569450139014e-09,1.7358670048135596e-08,1.735866974681217e-08
813,"(1.0, 1.0, 2.0, 8.0, 8.0, 12.0, 14.0)",921729600.0,11,-20.77063641481604,11.0,11.0,9.537338994184786e-10,1.1934085658093219e-08,1.1934085515670818e-08
814,"(1.0, 1.0, 2.0, 8.0, 8.0, 13.0, 14.0)",921729600.0,12,-20.64780929502068,12.0,12.0,1.078376362539672e-09,1.3019002536101694e-08,1.3019002366607266e-08
815,"(1.0, 1.0, 2.0, 8.0, 8.0, 14.0, 14.0)",460864800.0,14,-20.55746652864442,14.0,14.0,1.180336194276343e-09,3.0377672584237287e-08,3.03776716614343e-08
816,"(1.0, 1.0, 2.0, 8.0, 9.0, 9.0, 14.0)",806513399.9999999,5,-21.658767888041247,5.0,5.0,3.9238881683630676e-10,6.199525017191284e-09,6.199524978757174e-09
817,"(1.0, 1.0, 2.0, 8.0, 9.0, 11.0, 14.0)",1613026799.9999998,17,-21.287993358317056,20.0,28.0,5.685150338520622e-10,1.2399050034382568e-08,1.7358669894399156e-08
818,"(1.0, 1.0, 2.0, 8.0, 9.0, 12.0, 13.0)",1843459200.0,1,-21.4964046016768,1.0,1.0,4.6156205760457876e-10,5.424584390042373e-10,5.424584387099761e-10
819,"(1.0, 1.0, 2.0, 8.0, 9.0, 12.0, 14.0)",1843459200.0,13,-21.40606183530054,15.0,19.0,5.052024705106648e-10,8.136876585063559e-09,1.0306710274871748e-08
820,"(1.0, 1.0, 2.0, 8.0, 9.0, 13.0, 14.0)",1843459200.0,12,-21.28323471550518,12.0,12.0,5.712268409747492e-10,6.509501268050847e-09,6.50950122567724e-09
821,"(1.0, 1.0, 2.0, 8.0, 9.0, 14.0, 14.0)",921729600.0,27,-21.19289194912892,30.0,36.0,6.252359927073504e-10,3.2547506340254236e-08,3.905700654896492e-08
822,"(1.0, 1.0, 2.0, 8.0, 11.0, 11.0, 14.0)",806513399.9999999,9,-20.917218828592866,9.0,9.0,8.236966239806092e-10,1.1159145030944311e-08,1.1159144906417794e-08
823,"(1.0, 1.0, 2.0, 8.0, 11.0, 12.0, 12.0)",921729600.0,1,-21.248457191747967,1.0,1.0,5.914421782371574e-10,1.0849168780084746e-09,1.0849168768314298e-09
824,"(1.0, 1.0, 2.0, 8.0, 11.0, 12.0, 14.0)",1843459200.0,21,-21.035287305576347,26.0,38.0,7.319658137564481e-10,1.4103919414110169e-08,2.0613420483240474e-08
825,"(1.0, 1.0, 2.0, 8.0, 11.0, 13.0, 14.0)",1843459200.0,14,-20.912460185781,18.0,28.0,8.276256429842122e-10,9.764251902076271e-09,1.5188836196778028e-08
826,"(1.0, 1.0, 2.0, 8.0, 11.0, 14.0, 14.0)",921729600.0,32,-20.82211741940473,34.0,38.0,9.058771461059071e-10,3.6887173852288135e-08,4.122684000365844e-08
827,"(1.0, 1.0, 2.0, 8.0, 12.0, 12.0, 14.0)",963626400.0,6,-21.15335578255983,7.0,9.0,6.504505869150559e-10,7.2642260527523945e-09,9.339719157912671e-09
828,"(1.0, 1.0, 2.0, 8.0, 12.0, 13.0, 14.0)",1927252800.0,14,-21.030528662764475,14.0,14.0,7.354572783424544e-10,7.2642260527523945e-09,7.264225999983414e-09
829,"(1.0, 1.0, 2.0, 8.0, 12.0, 14.0, 14.0)",963626400.0,15,-20.94018589638821,18.0,26.0,8.049943184280776e-10,1.86794384213633e-08,2.6981410704158904e-08
830,"(1.0, 1.0, 2.0, 8.0, 13.0, 13.0, 14.0)",963626400.0,10,-20.907701542969114,12.0,16.0,8.31573403342212e-10,1.2452958947575534e-08,1.660394510835786e-08
831,"(1.0, 1.0, 2.0, 8.0, 13.0, 14.0, 14.0)",963626400.0,22,-20.81735877659285,23.0,25.0,9.101981648139725e-10,2.3868171316186438e-08,2.5943663904426092e-08
832,"(1.0, 1.0, 2.0, 8.0, 14.0, 14.0, 14.0)",321208799.99999994,16,-20.72701601021659,17.0,19.0,9.962568498475525e-10,5.2925075527196026e-08,5.915155219992017e-08
833,"(1.0, 1.0, 2.0, 9.0, 9.0, 11.0, 14.0)",806513399.9999999,7,-21.923418778801555,8.0,10.0,3.011481502331429e-10,9.919240027506055e-09,1.2399049935991246e-08
834,"(1.0, 1.0, 2.0, 9.0, 9.0, 12.0, 14.0)",921729600.0,4,-22.04148725578504,4.0,4.0,2.6761084655342705e-10,4.339667512033898e-09,4.339667493201184e-09
835,"(1.0, 1.0, 2.0, 9.0, 9.0, 13.0, 14.0)",921729600.0,4,-21.91866013598968,5.0,7.0,3.0258462183047755e-10,5.424584390042372e-09,7.594418116633205e-09
836,"(1.0, 1.0, 2.0, 9.0, 9.0, 14.0, 14.0)",460864800.0,4,-21.828317369613416,5.0,7.0,3.3119381450165507e-10,1.0849168780084744e-08,1.518883617441418e-08
837,"(1.0, 1.0, 2.0, 9.0, 11.0, 11.0, 14.0)",806513399.9999999,5,-21.552644249077368,8.0,14.0,4.363204135241786e-10,9.919240027506055e-09,1.7358669949744272e-08
838,"(1.0, 1.0, 2.0, 9.0, 11.0, 12.0, 14.0)",1843459200.0,12,-21.67071272606085,14.0,20.0,3.877296777063077e-10,7.594418146059322e-09,1.0849168722409558e-08
839,"(1.0, 1.0, 2.0, 9.0, 11.0, 13.0, 13.0)",921729600.0,1,-21.638228372641755,1.0,1.0,4.0053163144879923e-10,1.0849168780084746e-09,1.0849168768314298e-09
840,"(1.0, 1.0, 2.0, 9.0, 11.0, 13.0, 14.0)",1843459200.0,12,-21.54788560626549,13.0,15.0,4.384016545375471e-10,7.051959707055084e-09,8.136876535333423e-09
841,"(1.0, 1.0, 2.0, 9.0, 11.0, 14.0, 14.0)",921729600.0,23,-21.45754283988923,26.0,38.0,4.798522653655288e-10,2.8207838828220337e-08,4.1226840568639864e-08
842,"(1.0, 1.0, 2.0, 9.0, 12.0, 12.0, 14.0)",963626400.0,9,-21.78878120304433,9.0,9.0,3.4455023949024224e-10,9.33971921068165e-09,9.339719123451296e-09
843,"(1.0, 1.0, 2.0, 9.0, 12.0, 13.0, 14.0)",1927252800.0,7,-21.665954083248973,8.0,10.0,3.8957914172937297e-10,4.1509863158585115e-09,5.188732877592452e-09
844,"(1.0, 1.0, 2.0, 9.0, 12.0, 14.0, 14.0)",963626400.0,14,-21.57561131687271,14.0,14.0,4.2641361355078583e-10,1.4528452105504789e-08,1.4528451894428869e-08
845,"(1.0, 1.0, 2.0, 9.0, 13.0, 13.0, 14.0)",963626400.0,1,-21.543126963453616,1.0,1.0,4.404928230354432e-10,1.0377465789646279e-09,1.0377465778877099e-09
846,"(1.0, 1.0, 2.0, 9.0, 13.0, 14.0, 14.0)",963626400.0,17,-21.45278419707736,19.0,23.0,4.821411525779511e-10,1.9717185000327927e-08,2.3868170927419054e-08
847,"(1.0, 1.0, 2.0, 9.0, 14.0, 14.0, 14.0)",321208799.99999994,12,-21.36244143070109,14.0,18.0,5.277273064457944e-10,4.358535631651437e-08,5.603831336440662e-08
848,"(1.0, 1.0, 2.0, 11.0, 11.0, 11.0, 14.0)",268837799.99999994,3,-21.181869719353177,3.0,3.0,6.321656072286215e-10,1.1159145030944311e-08,1.1159144906417794e-08
849,"(1.0, 1.0, 2.0, 11.0, 11.0, 12.0, 14.0)",921729600.0,8,-21.29993819633665,8.0,8.0,5.617646104797359e-10,8.679335024067796e-09,8.67933494873694e-09
850,"(1.0, 1.0, 2.0, 11.0, 11.0, 13.0, 14.0)",921729600.0,7,-21.1771110765413,7.0,7.0,6.351810265127602e-10,7.594418146059322e-09,7.594418088384135e-09
851,"(1.0, 1.0, 2.0, 11.0, 11.0, 14.0, 14.0)",460864800.0,13,-21.08676831016504,13.0,13.0,6.952370077409139e-10,2.8207838828220337e-08,2.8207838032538167e-08
852,"(1.0, 1.0, 2.0, 11.0, 12.0, 12.0, 14.0)",963626400.0,8,-21.41800667332014,8.0,8.0,4.99203806690667e-10,8.301972631717023e-09,8.301972562794273e-09
853,"(1.0, 1.0, 2.0, 11.0, 12.0, 13.0, 14.0)",1927252800.0,15,-21.295179553524783,16.0,18.0,5.64444218196788e-10,8.301972631717023e-09,9.3397191417589e-09
854,"(1.0, 1.0, 2.0, 11.0, 12.0, 14.0, 14.0)",963626400.0,13,-21.20483678714852,13.0,13.0,6.17812077055032e-10,1.3490705526540161e-08,1.3490705344541026e-08
855,"(1.0, 1.0, 2.0, 11.0, 13.0, 13.0, 14.0)",963626400.0,2,-21.172352433729426,2.0,2.0,6.382108292960251e-10,2.0754931579292558e-09,2.075493153621584e-09
856,"(1.0, 1.0, 2.0, 11.0, 13.0, 14.0, 14.0)",963626400.0,28,-21.08200966735316,29.0,31.0,6.985532765417154e-10,3.009465078997421e-08,3.217014304221545e-08
857,"(1.0, 1.0, 2.0, 11.0, 14.0, 14.0, 14.0)",321208799.99999994,15,-20.9916669009769,16.0,18.0,7.646010656156096e-10,4.981183579030214e-08,5.6038312782870925e-08
858,"(1.0, 1.0, 2.0, 12.0, 12.0, 12.0, 14.0)",307243199.99999994,1,-21.536075150303624,1.0,1.0,4.4361007433636313e-10,3.2547506340254243e-09,3.2547506234320224e-09
859,"(1.0, 1.0, 2.0, 12.0, 12.0, 13.0, 14.0)",921729600.0,3,-21.413248030508264,3.0,3.0,5.015850004288231e-10,3.2547506340254234e-09,3.2547506234320216e-09
860,"(1.0, 1.0, 2.0, 12.0, 12.0, 14.0, 14.0)",460864800.0,8,-21.322905264132004,8.0,8.0,5.490095583307769e-10,1.7358670048135593e-08,1.7358669746812168e-08
861,"(1.0, 1.0, 2.0, 12.0, 13.0, 13.0, 14.0)",921729600.0,1,-21.290420910712907,1.0,1.0,5.671366075974592e-10,1.0849168780084746e-09,1.0849168768314298e-09
862,"(1.0, 1.0, 2.0, 12.0, 13.0, 14.0, 14.0)",921729600.0,15,-21.200078144336644,16.0,18.0,6.207590302423347e-10,1.7358670048135593e-08,1.9528503502829118e-08
863,"(1.0, 1.0, 2.0, 12.0, 14.0, 14.0, 14.0)",307243199.99999994,12,-21.109735377960384,14.0,18.0,6.794514204607815e-10,4.556650887635594e-08,5.8585509336150906e-08
864,"(1.0, 1.0, 2.0, 13.0, 13.0, 13.0, 14.0)",307243199.99999994,1,-21.16759379091755,1.0,1.0,6.412550841874645e-10,3.2547506340254243e-09,3.2547506234320224e-09
865,"(1.0, 1.0, 2.0, 13.0, 13.0, 14.0, 14.0)",460864800.0,11,-21.077251024541287,12.0,14.0,7.018853638887558e-10,2.6038005072203388e-08,3.0377671906259576e-08
866,"(1.0, 1.0, 2.0, 13.0, 14.0, 14.0, 14.0)",307243199.99999994,9,-20.986908258165023,10.0,12.0,7.682481998025483e-10,3.254750634025424e-08,3.9057006548964924e-08
867,"(1.0, 1.0, 2.0, 14.0, 14.0, 14.0, 14.0)",76810799.99999999,4,-20.896565491788763,4.0,4.0,8.408856016456239e-10,5.207601014440679e-08,5.207600743249596e-08
868,"(1.0, 1.0, 3.0, 3.0, 3.0, 4.0, 14.0)",286901999.9999999,1,-20.76496360195932,1.0,1.0,9.591596283671044e-10,3.485510731887545e-09,3.48551071973876e-09
869,"(1.0, 1.0, 3.0, 3.0, 3.0, 6.0, 14.0)",286901999.9999999,3,-20.74828337285725,3.0,3.0,9.752928092306306e-10,1.0456532195662634e-08,1.0456532086323568e-08
870,"(1.0, 1.0, 3.0, 3.0, 3.0, 7.0, 13.0)",286901999.9999999,1,-20.61937270615624,1.0,1.0,1.1094818791279017e-09,3.485510731887545e-09,3.48551071973876e-09
871,"(1.0, 1.0, 3.0, 3.0, 3.0, 7.0, 14.0)",286901999.9999999,2,-20.52902993977997,2.0,2.0,1.21438271861252e-09,6.97102146377509e-09,6.97102141517995e-09
872,"(1.0, 1.0, 3.0, 3.0, 3.0, 8.0, 14.0)",244398000.0,4,-20.40791723706623,4.0,4.0,1.3707370664565315e-09,1.6366746045384987e-08,1.6366745777514612e-08
873,"(1.0, 1.0, 3.0, 3.0, 3.0, 9.0, 14.0)",244398000.0,5,-21.043342657550724,5.0,5.0,7.260932560084366e-10,2.0458432556731234e-08,2.045843213818377e-08
874,"(1.0, 1.0, 3.0, 3.0, 3.0, 11.0, 14.0)",244398000.0,2,-20.672568127826537,2.0,2.0,1.0520048337452876e-09,8.183373022692493e-09,8.183372955724899e-09
875,"(1.0, 1.0, 3.0, 3.0, 3.0, 12.0, 14.0)",255024000.0,1,-20.79063660481001,1.0,1.0,9.348485252820695e-10,3.921199573373486e-09,3.92119955799768e-09
876,"(1.0, 1.0, 3.0, 3.0, 3.0, 13.0, 14.0)",255024000.0,2,-20.66780948501466,2.0,2.0,1.0570228790587455e-09,7.842399146746972e-09,7.842399085243748e-09
877,"(1.0, 1.0, 3.0, 3.0, 3.0, 14.0, 14.0)",127512000.0,6,-20.5774667186384,6.0,6.0,1.1569637518694442e-09,4.7054394880481834e-08,4.7054392666365754e-08
878,"(1.0, 1.0, 3.0, 3.0, 4.0, 4.0, 13.0)",559458900.0,1,-21.093914182097908,1.0,1.0,6.902866415273276e-10,1.7874414009679711e-09,1.7874413977730243e-09
879,"(1.0, 1.0, 3.0, 3.0, 4.0, 4.0, 14.0)",559458900.0,5,-21.003571415721645,8.0,16.0,7.555528252690097e-10,1.4299531207743769e-08,2.8599062211010945e-08
880,"(1.0, 1.0, 3.0, 3.0, 4.0, 6.0, 13.0)",1118917800.0,1,-21.077233952995844,1.0,1.0,7.018973462589198e-10,8.937207004839856e-10,8.937206996852489e-10
881,"(1.0, 1.0, 3.0, 3.0, 4.0, 6.0, 14.0)",1118917800.0,11,-20.98689118661958,12.0,14.0,7.682613150985517e-10,1.0724648405807826e-08,1.2512089691757715e-08
882,"(1.0, 1.0, 3.0, 3.0, 4.0, 7.0, 13.0)",1118917800.0,1,-20.857980519918563,1.0,1.0,8.739652332812977e-10,8.937207004839856e-10,8.937206996852489e-10
883,"(1.0, 1.0, 3.0, 3.0, 4.0, 7.0, 14.0)",1118917800.0,17,-20.7676377535423,17.0,17.0,9.565981165904282e-10,1.5193251908227752e-08,1.5193251677392848e-08
884,"(1.0, 1.0, 3.0, 3.0, 4.0, 8.0, 13.0)",989811899.9999996,1,-20.736867817204818,1.0,1.0,9.86490108671625e-10,1.0102929657645057e-09,1.0102929647438138e-09
885,"(1.0, 1.0, 3.0, 3.0, 4.0, 8.0, 14.0)",989811899.9999996,13,-20.64652505082856,16.0,22.0,1.0797621507749635e-09,1.616468745223209e-08,2.2226444985522006e-08
886,"(1.0, 1.0, 3.0, 3.0, 4.0, 9.0, 14.0)",989811899.9999996,4,-21.281950471313053,4.0,4.0,5.719609069867747e-10,4.041171863058023e-09,4.041171846726953e-09
887,"(1.0, 1.0, 3.0, 3.0, 4.0, 11.0, 14.0)",989811899.9999996,7,-20.911175941588866,8.0,10.0,8.286891991962455e-10,8.082343726116045e-09,1.0102929592320778e-08
888,"(1.0, 1.0, 3.0, 3.0, 4.0, 12.0, 13.0)",1032847199.9999996,2,-21.11958718494861,3.0,5.0,6.727904613253215e-10,2.904592276572954e-09,4.840987119184933e-09
889,"(1.0, 1.0, 3.0, 3.0, 4.0, 12.0, 14.0)",1032847199.9999996,14,-21.029244418572347,15.0,17.0,7.364023918290802e-10,1.452296138286477e-08,1.6459356022996997e-08
890,"(1.0, 1.0, 3.0, 3.0, 4.0, 13.0, 14.0)",1032847199.9999996,13,-20.90641729877699,15.0,19.0,8.326420326994294e-10,1.452296138286477e-08,1.8395750874045633e-08
891,"(1.0, 1.0, 3.0, 3.0, 4.0, 14.0, 14.0)",516423599.99999976,18,-20.816074532400727,19.0,21.0,9.113678324294787e-10,3.679150216992409e-08,4.066429051840673e-08
892,"(1.0, 1.0, 3.0, 3.0, 6.0, 6.0, 14.0)",559458900.0,9,-20.97021095751752,9.0,9.0,7.811835632628441e-10,1.608697260871174e-08,1.608697234992105e-08
893,"(1.0, 1.0, 3.0, 3.0, 6.0, 7.0, 12.0)",1118917800.0,1,-20.96412741061185,1.0,1.0,7.859504150936679e-10,8.937207004839856e-10,8.937206996852489e-10
894,"(1.0, 1.0, 3.0, 3.0, 6.0, 7.0, 14.0)",1118917800.0,23,-20.750957524440235,26.0,34.0,9.726882125163086e-10,2.3236738212583625e-08,3.03865032765095e-08
895,"(1.0, 1.0, 3.0, 3.0, 6.0, 8.0, 12.0)",989811899.9999996,1,-20.84301470789812,1.0,1.0,8.871431961718539e-10,1.0102929657645057e-09,1.0102929647438138e-09
896,"(1.0, 1.0, 3.0, 3.0, 6.0, 8.0, 13.0)",989811899.9999996,1,-20.72018758810276,1.0,1.0,1.00308299151675e-09,1.0102929657645057e-09,1.0102929647438138e-09
897,"(1.0, 1.0, 3.0, 3.0, 6.0, 8.0, 14.0)",989811899.9999996,7,-20.629844821726493,7.0,7.0,1.0979238806401985e-09,7.07205076035154e-09,7.0720507103376384e-09
898,"(1.0, 1.0, 3.0, 3.0, 6.0, 9.0, 12.0)",989811899.9999996,1,-21.47844012838261,1.0,1.0,4.699287030439286e-10,1.0102929657645057e-09,1.0102929647438138e-09
899,"(1.0, 1.0, 3.0, 3.0, 6.0, 9.0, 14.0)",989811899.9999996,5,-21.265270242210992,6.0,8.0,5.815813585637343e-10,6.061757794587034e-09,8.082343689371137e-09
900,"(1.0, 1.0, 3.0, 3.0, 6.0, 11.0, 14.0)",989811899.9999996,7,-20.8944957124868,7.0,7.0,8.426278516737703e-10,7.07205076035154e-09,7.0720507103376384e-09
901,"(1.0, 1.0, 3.0, 3.0, 6.0, 12.0, 14.0)",1032847199.9999996,7,-21.01256418947028,9.0,15.0,7.487887690538364e-10,8.713776829718862e-09,1.4522961306934864e-08
902,"(1.0, 1.0, 3.0, 3.0, 6.0, 13.0, 14.0)",1032847199.9999996,7,-20.88973706967493,9.0,13.0,8.466471723141745e-10,8.713776829718862e-09,1.2586566455886228e-08
903,"(1.0, 1.0, 3.0, 3.0, 6.0, 14.0, 14.0)",516423599.99999976,24,-20.799394303298666,25.0,27.0,9.266971495096914e-10,4.8409871276215905e-08,5.228265863479754e-08
904,"(1.0, 1.0, 3.0, 3.0, 7.0, 7.0, 12.0)",559458900.0,1,-20.74487397753457,1.0,1.0,9.78623642810419e-10,1.7874414009679711e-09,1.7874413977730243e-09
905,"(1.0, 1.0, 3.0, 3.0, 7.0, 7.0, 14.0)",559458900.0,5,-20.53170409136296,5.0,5.0,1.211139613353361e-09,8.937207004839854e-09,8.937206924966186e-09
906,"(1.0, 1.0, 3.0, 3.0, 7.0, 8.0, 9.0)",871034471.9999999,1,-20.87646732756154,1.0,1.0,8.579568341440929e-10,1.1480601883687563e-09,1.148060187050714e-09
907,"(1.0, 1.0, 3.0, 3.0, 7.0, 8.0, 14.0)",989811899.9999996,14,-20.41059138864921,14.0,14.0,1.3670764045243437e-09,1.414410152070308e-08,1.4144101320647472e-08
908,"(1.0, 1.0, 3.0, 3.0, 7.0, 9.0, 14.0)",989811899.9999996,14,-21.04601680913371,18.0,28.0,7.241541664437497e-10,1.8185273383761103e-08,2.828820271070199e-08
909,"(1.0, 1.0, 3.0, 3.0, 7.0, 11.0, 12.0)",989811899.9999996,1,-20.888412165581137,2.0,4.0,8.477696420369406e-10,2.0205859315290113e-09,4.041171858975255e-09
910,"(1.0, 1.0, 3.0, 3.0, 7.0, 11.0, 13.0)",989811899.9999996,2,-20.765585045785784,2.0,2.0,9.585637497091954e-10,2.0205859315290113e-09,2.020585927446244e-09
911,"(1.0, 1.0, 3.0, 3.0, 7.0, 11.0, 14.0)",989811899.9999996,18,-20.67524227940952,22.0,30.0,1.049195371492013e-09,2.2226445246819127e-08,3.0308788478920305e-08
912,"(1.0, 1.0, 3.0, 3.0, 7.0, 12.0, 13.0)",1032847199.9999996,2,-20.883653522769265,2.0,2.0,8.518134889306538e-10,1.936394851048636e-09,1.936394847299011e-09
913,"(1.0, 1.0, 3.0, 3.0, 7.0, 12.0, 14.0)",1032847199.9999996,11,-20.793310756393,13.0,19.0,9.323519382322116e-10,1.2586566531816134e-08,1.8395750926540384e-08
914,"(1.0, 1.0, 3.0, 3.0, 7.0, 13.0, 14.0)",1032847199.9999996,6,-20.670483636597645,7.0,9.0,1.054200015717908e-09,6.777381978670226e-09,8.713776783785956e-09
915,"(1.0, 1.0, 3.0, 3.0, 7.0, 14.0, 14.0)",516423599.99999976,22,-20.58014087022138,23.0,25.0,1.1538739885099851e-09,4.4537081574118634e-08,4.840986929266427e-08
916,"(1.0, 1.0, 3.0, 3.0, 8.0, 8.0, 13.0)",403256700.0,1,-20.37982145231173,1.0,1.0,1.4097951140322408e-09,2.4798100068765133e-09,2.4798100007270557e-09
917,"(1.0, 1.0, 3.0, 3.0, 8.0, 8.0, 14.0)",403256700.0,16,-20.289478685935467,17.0,19.0,1.543090387930296e-09,4.215677011690072e-08,4.7116388353460484e-08
918,"(1.0, 1.0, 3.0, 3.0, 8.0, 9.0, 14.0)",806513400.0,11,-20.92490410641997,11.0,11.0,8.173905495851367e-10,1.3638955037820823e-08,1.3638954851799729e-08
919,"(1.0, 1.0, 3.0, 3.0, 8.0, 11.0, 12.0)",806513400.0,2,-20.767299462867395,2.0,2.0,9.569217795558961e-10,2.4798100068765133e-09,2.4798100007270557e-09
920,"(1.0, 1.0, 3.0, 3.0, 8.0, 11.0, 14.0)",806513400.0,12,-20.55412957669577,12.0,12.0,1.1842814984240797e-09,1.487886004125908e-08,1.4878859819878603e-08
921,"(1.0, 1.0, 3.0, 3.0, 8.0, 12.0, 14.0)",879832799.9999999,16,-20.67219805367926,17.0,19.0,1.0523942255845495e-09,1.9321852970246166e-08,2.15950117698823e-08
922,"(1.0, 1.0, 3.0, 3.0, 8.0, 13.0, 14.0)",879832799.9999999,13,-20.5493709338839,13.0,13.0,1.1899305011970234e-09,1.4775534624305893e-08,1.4775534405989469e-08
923,"(1.0, 1.0, 3.0, 3.0, 8.0, 14.0, 14.0)",439916400.0,25,-20.45902816750764,27.0,31.0,1.3024377091579339e-09,6.13752976701937e-08,7.046793059514708e-08
924,"(1.0, 1.0, 3.0, 3.0, 9.0, 9.0, 12.0)",403256700.0,1,-21.773499413076085,1.0,1.0,3.4985602155126647e-10,2.4798100068765133e-09,2.4798100007270557e-09
925,"(1.0, 1.0, 3.0, 3.0, 9.0, 11.0, 14.0)",806513400.0,7,-21.18955499718028,10.0,18.0,6.273258601258867e-10,1.2399050034382566e-08,2.231828990815218e-08
926,"(1.0, 1.0, 3.0, 3.0, 9.0, 12.0, 14.0)",879832799.9999999,3,-21.307623474163755,5.0,11.0,5.57463840847697e-10,5.6828979324253436e-09,1.2502375419040428e-08
927,"(1.0, 1.0, 3.0, 3.0, 9.0, 13.0, 13.0)",439916400.0,1,-21.27513912074466,1.0,1.0,5.758700313303601e-10,2.273159172970137e-09,2.2731591678028845e-09
928,"(1.0, 1.0, 3.0, 3.0, 9.0, 13.0, 14.0)",879832799.9999999,5,-21.1847963543684,5.0,5.0,6.303181938979766e-10,5.6828979324253436e-09,5.682897900130015e-09
929,"(1.0, 1.0, 3.0, 3.0, 9.0, 14.0, 14.0)",439916400.0,6,-21.09445358799213,6.0,6.0,6.89914397248589e-10,1.3638955037820823e-08,1.3638954851799729e-08
930,"(1.0, 1.0, 3.0, 3.0, 11.0, 11.0, 14.0)",403256700.0,8,-20.818780467456087,10.0,14.0,9.089050638120643e-10,2.4798100068765133e-08,3.471733948132542e-08
931,"(1.0, 1.0, 3.0, 3.0, 11.0, 12.0, 12.0)",439916400.0,1,-21.150018830611188,1.0,1.0,6.526247347645372e-10,2.273159172970137e-09,2.2731591678028845e-09
932,"(1.0, 1.0, 3.0, 3.0, 11.0, 12.0, 14.0)",879832799.9999999,12,-20.936848944439568,13.0,15.0,8.076850326828772e-10,1.4775534624305893e-08,1.7048693578959607e-08
933,"(1.0, 1.0, 3.0, 3.0, 11.0, 13.0, 14.0)",879832799.9999999,8,-20.814021824644207,9.0,11.0,9.132405256365181e-10,1.0229216278365618e-08,1.250237534669889e-08
934,"(1.0, 1.0, 3.0, 3.0, 11.0, 14.0, 14.0)",439916400.0,17,-20.723679058267948,18.0,20.0,9.995868640426353e-10,4.091686511346247e-08,4.546318178521289e-08
935,"(1.0, 1.0, 3.0, 3.0, 12.0, 13.0, 13.0)",439916400.0,1,-21.02243306800396,1.0,1.0,7.414354080394672e-10,2.273159172970137e-09,2.2731591678028845e-09
936,"(1.0, 1.0, 3.0, 3.0, 12.0, 13.0, 14.0)",879832799.9999999,4,-20.93209030162769,4.0,4.0,8.115376766660594e-10,4.546318345940275e-09,4.546318325271265e-09
937,"(1.0, 1.0, 3.0, 3.0, 12.0, 14.0, 14.0)",439916400.0,12,-20.84174753525143,12.0,12.0,8.882680723193639e-10,2.7277910075641646e-08,2.7277909331557268e-08
938,"(1.0, 1.0, 3.0, 3.0, 13.0, 13.0, 14.0)",439916400.0,4,-20.80926318183233,4.0,4.0,9.17596667540751e-10,9.092636691880548e-09,9.092636609204506e-09
939,"(1.0, 1.0, 3.0, 3.0, 13.0, 14.0, 14.0)",439916400.0,18,-20.718920415456072,22.0,32.0,1.0043548765247125e-09,5.000950180534302e-08,7.274109103409411e-08
940,"(1.0, 1.0, 3.0, 3.0, 14.0, 14.0, 14.0)",146638799.99999997,7,-20.62857764907981,7.0,7.0,1.0993160216050802e-09,4.773634263237289e-08,4.7736340353614485e-08
941,"(1.0, 1.0, 3.0, 4.0, 4.0, 4.0, 12.0)",444015000.0,1,-21.4553491156556,1.0,1.0,4.809060843801588e-10,2.2521761652196435e-09,2.252176160147346e-09
942,"(1.0, 1.0, 3.0, 4.0, 4.0, 4.0, 14.0)",444015000.0,2,-21.242179229483973,2.0,2.0,5.951669095412472e-10,4.504352330439287e-09,4.504352310150097e-09
943,"(1.0, 1.0, 3.0, 4.0, 4.0, 6.0, 12.0)",1332044999.9999998,1,-21.43866888655353,1.0,1.0,4.889949828369102e-10,7.50725388406548e-10,7.507253878429593e-10
944,"(1.0, 1.0, 3.0, 4.0, 4.0, 6.0, 14.0)",1332044999.9999998,6,-21.22549900038191,7.0,9.0,6.051776888856192e-10,5.255077718845836e-09,6.75652846804309e-09
945,"(1.0, 1.0, 3.0, 4.0, 4.0, 7.0, 11.0)",1225481400.0,1,-21.101346976492767,1.0,1.0,6.851749036294868e-10,8.16005856963639e-10,8.160058562977734e-10
946,"(1.0, 1.0, 3.0, 4.0, 4.0, 7.0, 12.0)",1332044999.9999998,1,-21.21941545347625,3.0,9.0,6.088705371608511e-10,2.252176165219644e-09,6.756528490586634e-09
947,"(1.0, 1.0, 3.0, 4.0, 4.0, 7.0, 14.0)",1332044999.9999998,18,-21.006245567304628,20.0,24.0,7.535350615906897e-10,1.501450776813096e-08,1.8017409096321708e-08
948,"(1.0, 1.0, 3.0, 4.0, 4.0, 8.0, 13.0)",1225481400.0,1,-20.975475630967143,1.0,1.0,7.770816938737007e-10,8.16005856963639e-10,8.160058562977734e-10
949,"(1.0, 1.0, 3.0, 4.0, 4.0, 8.0, 14.0)",1225481400.0,16,-20.885132864590886,17.0,19.0,8.5055429722937e-10,1.3872099568381862e-08,1.5504111089873994e-08
950,"(1.0, 1.0, 3.0, 4.0, 4.0, 9.0, 14.0)",1225481400.0,7,-21.520558285075385,7.0,7.0,4.5054719406088476e-10,5.712040998745472e-09,5.71204096611806e-09
951,"(1.0, 1.0, 3.0, 4.0, 4.0, 11.0, 13.0)",1225481400.0,1,-21.240126521727458,1.0,1.0,5.963898680316511e-10,8.16005856963639e-10,8.160058562977734e-10
952,"(1.0, 1.0, 3.0, 4.0, 4.0, 11.0, 14.0)",1225481400.0,7,-21.149783755351194,7.0,7.0,6.527781687272982e-10,5.712040998745472e-09,5.71204096611806e-09
953,"(1.0, 1.0, 3.0, 4.0, 4.0, 12.0, 13.0)",1278763200.0,2,-21.35819499871094,2.0,2.0,5.299730293421293e-10,1.5640112258469747e-09,1.5640112234008436e-09
954,"(1.0, 1.0, 3.0, 4.0, 4.0, 12.0, 14.0)",1278763200.0,6,-21.267852232334675,6.0,6.0,5.800816581787629e-10,4.692033677540924e-09,4.692033655525743e-09
955,"(1.0, 1.0, 3.0, 4.0, 4.0, 13.0, 14.0)",1278763200.0,12,-21.14502511253932,12.0,12.0,6.558919095821265e-10,9.384067355081848e-09,9.384067267021128e-09
956,"(1.0, 1.0, 3.0, 4.0, 4.0, 14.0, 14.0)",639381600.0,19,-21.05468234616305,20.0,22.0,7.179060922566681e-10,3.1280224516939494e-08,3.4408245990180994e-08
957,"(1.0, 1.0, 3.0, 4.0, 6.0, 6.0, 14.0)",1332044999.9999998,9,-21.208818771279848,10.0,12.0,6.153568507483634e-10,7.50725388406548e-09,9.008704604519715e-09
958,"(1.0, 1.0, 3.0, 4.0, 6.0, 7.0, 12.0)",2664089999.9999995,2,-21.202735224374187,2.0,2.0,6.191118131778653e-10,7.50725388406548e-10,7.507253878429593e-10
959,"(1.0, 1.0, 3.0, 4.0, 6.0, 7.0, 13.0)",2664089999.9999995,1,-21.079908104578827,2.0,4.0,7.00022873788135e-10,7.50725388406548e-10,1.5014507762495075e-09
960,"(1.0, 1.0, 3.0, 4.0, 6.0, 7.0, 14.0)",2664089999.9999995,29,-20.989565338202567,33.0,43.0,7.66209612391313e-10,1.2386968908708042e-08,1.6140595697303782e-08
961,"(1.0, 1.0, 3.0, 4.0, 6.0, 8.0, 13.0)",2450962800.0,2,-20.958795401865085,2.0,2.0,7.901523018749306e-10,8.16005856963639e-10,8.160058562977734e-10
962,"(1.0, 1.0, 3.0, 4.0, 6.0, 8.0, 14.0)",2450962800.0,27,-20.868452635488826,30.0,36.0,8.648607232982048e-10,1.2240087854454584e-08,1.4688105275525752e-08
963,"(1.0, 1.0, 3.0, 4.0, 6.0, 9.0, 12.0)",2450962800.0,1,-21.71704794214494,1.0,1.0,3.7017400311593054e-10,4.080029284818195e-10,4.080029283153531e-10
964,"(1.0, 1.0, 3.0, 4.0, 6.0, 9.0, 13.0)",2450962800.0,1,-21.594220822349584,1.0,1.0,4.185516476139747e-10,4.080029284818195e-10,4.080029283153531e-10
965,"(1.0, 1.0, 3.0, 4.0, 6.0, 9.0, 14.0)",2450962800.0,17,-21.50387805597332,17.0,17.0,4.5812545231359243e-10,6.936049784190931e-09,6.9360497360821446e-09
966,"(1.0, 1.0, 3.0, 4.0, 6.0, 11.0, 12.0)",2450962800.0,1,-21.34627341242075,2.0,4.0,5.363289596512636e-10,8.16005856963639e-10,1.6320117132614125e-09
967,"(1.0, 1.0, 3.0, 4.0, 6.0, 11.0, 14.0)",2450962800.0,18,-21.13310352624913,20.0,24.0,6.637579764134971e-10,8.160058569636389e-09,9.792070216977111e-09
968,"(1.0, 1.0, 3.0, 4.0, 6.0, 12.0, 12.0)",1278763200.0,1,-21.46434188940423,1.0,1.0,4.766007920429794e-10,7.820056129234873e-10,7.820056123119546e-10
969,"(1.0, 1.0, 3.0, 4.0, 6.0, 12.0, 14.0)",2557526400.0,14,-21.25117200323261,15.0,17.0,5.898387017721661e-10,5.865042096926155e-09,6.647047675450924e-09
970,"(1.0, 1.0, 3.0, 4.0, 6.0, 13.0, 13.0)",1278763200.0,1,-21.21868764981352,2.0,4.0,6.093138366658571e-10,1.5640112258469747e-09,3.1280224492478183e-09
971,"(1.0, 1.0, 3.0, 4.0, 6.0, 13.0, 14.0)",2557526400.0,19,-21.12834488343725,19.0,19.0,6.669240907658014e-10,7.42905332277313e-09,7.429053267582297e-09
972,"(1.0, 1.0, 3.0, 4.0, 6.0, 14.0, 14.0)",1278763200.0,38,-21.03800211706099,40.0,44.0,7.299813594873343e-10,3.1280224516939494e-08,3.4408245990180994e-08
973,"(1.0, 1.0, 3.0, 4.0, 7.0, 7.0, 8.0)",1225481400.0,1,-20.60076242355312,1.0,1.0,1.130322978304296e-09,8.16005856963639e-10,8.160058562977734e-10
974,"(1.0, 1.0, 3.0, 4.0, 7.0, 7.0, 12.0)",1332044999.9999998,1,-20.983481791296903,1.0,1.0,7.708850918373536e-10,7.50725388406548e-10,7.507253878429593e-10
975,"(1.0, 1.0, 3.0, 4.0, 7.0, 7.0, 13.0)",1332044999.9999998,1,-20.860654671501543,1.0,1.0,8.716312398861976e-10,7.50725388406548e-10,7.507253878429593e-10
976,"(1.0, 1.0, 3.0, 4.0, 7.0, 7.0, 14.0)",1332044999.9999998,20,-20.770311905125283,23.0,29.0,9.540434455338833e-10,1.7266683933350604e-08,2.1771035965651515e-08
977,"(1.0, 1.0, 3.0, 4.0, 7.0, 8.0, 12.0)",2450962800.0,2,-20.86236908858316,2.0,2.0,8.701381806285149e-10,8.16005856963639e-10,8.160058562977734e-10
978,"(1.0, 1.0, 3.0, 4.0, 7.0, 8.0, 13.0)",2450962800.0,2,-20.739541968787805,2.0,2.0,9.8385560868204e-10,8.16005856963639e-10,8.160058562977734e-10
979,"(1.0, 1.0, 3.0, 4.0, 7.0, 8.0, 14.0)",2450962800.0,39,-20.64919920241154,45.0,59.0,1.0768785604074999e-09,1.8360131781681876e-08,2.407217244333291e-08
980,"(1.0, 1.0, 3.0, 4.0, 7.0, 9.0, 11.0)",2156847264.0000005,1,-21.37972603208418,1.0,1.0,5.186841293128177e-10,4.636396914566129e-10,4.6363969124165117e-10
981,"(1.0, 1.0, 3.0, 4.0, 7.0, 9.0, 12.0)",2450962800.0,2,-21.49779450906766,2.0,2.0,4.609209747155028e-10,8.16005856963639e-10,8.160058562977734e-10
982,"(1.0, 1.0, 3.0, 4.0, 7.0, 9.0, 14.0)",2450962800.0,17,-21.28462462289604,19.0,23.0,5.704334400712384e-10,7.75205564115457e-09,9.38406729498748e-09
983,"(1.0, 1.0, 3.0, 4.0, 7.0, 11.0, 14.0)",2450962800.0,34,-20.91385009317185,38.0,46.0,8.264761190371462e-10,1.550411128230914e-08,1.876813446978623e-08
984,"(1.0, 1.0, 3.0, 4.0, 7.0, 12.0, 13.0)",2557526400.0,1,-21.1222613365316,1.0,1.0,6.70993721096731e-10,3.9100280646174367e-10,3.910028063088605e-10
985,"(1.0, 1.0, 3.0, 4.0, 7.0, 12.0, 14.0)",2557526400.0,18,-21.03191857015533,21.0,29.0,7.344357709004487e-10,8.211058935696617e-09,1.1339081319969077e-08
986,"(1.0, 1.0, 3.0, 4.0, 7.0, 13.0, 14.0)",2557526400.0,20,-20.909091450359973,21.0,23.0,8.304183961852978e-10,8.211058935696617e-09,8.993064481198615e-09
987,"(1.0, 1.0, 3.0, 4.0, 7.0, 14.0, 14.0)",1278763200.0,53,-20.81874868398371,60.0,74.0,9.089339524301408e-10,4.692033677540924e-08,5.7868413154820055e-08
988,"(1.0, 1.0, 3.0, 4.0, 8.0, 8.0, 12.0)",1036945800.0,1,-20.741256385869416,1.0,1.0,9.821703148817036e-10,9.643705582297552e-10,9.643705572997446e-10
989,"(1.0, 1.0, 3.0, 4.0, 8.0, 8.0, 14.0)",1036945800.0,17,-20.5280864996978,18.0,20.0,1.2155289565627475e-09,1.7358670048135593e-08,1.9287410863271678e-08
990,"(1.0, 1.0, 3.0, 4.0, 8.0, 9.0, 13.0)",2073891600.0,3,-21.25385468655856,4.0,6.0,5.882584718978043e-10,1.9287411164595104e-09,2.893111670969223e-09
991,"(1.0, 1.0, 3.0, 4.0, 8.0, 9.0, 14.0)",2073891600.0,24,-21.16351192018229,29.0,39.0,6.438779540154608e-10,1.3983373094331449e-08,1.88052256899455e-08
992,"(1.0, 1.0, 3.0, 4.0, 8.0, 11.0, 12.0)",2073891600.0,1,-21.005907276629728,1.0,1.0,7.537900185975938e-10,4.821852791148776e-10,4.821852788823749e-10
993,"(1.0, 1.0, 3.0, 4.0, 8.0, 11.0, 13.0)",2073891600.0,1,-20.883080156834367,1.0,1.0,8.523020298110583e-10,4.821852791148776e-10,4.821852788823749e-10
994,"(1.0, 1.0, 3.0, 4.0, 8.0, 11.0, 14.0)",2073891600.0,34,-20.792737390458107,37.0,43.0,9.328866703568694e-10,1.784085532725047e-08,2.0733966683643615e-08
995,"(1.0, 1.0, 3.0, 4.0, 8.0, 12.0, 14.0)",2262427199.9999995,24,-20.91080586744159,25.0,27.0,8.289959323985091e-10,1.1050079313049279e-08,1.193408553598897e-08
996,"(1.0, 1.0, 3.0, 4.0, 8.0, 13.0, 14.0)",2262427199.9999995,23,-20.78797874764623,28.0,40.0,9.373365240400593e-10,1.2376088830615193e-08,1.7680126747711274e-08
997,"(1.0, 1.0, 3.0, 4.0, 8.0, 14.0, 14.0)",1131213599.9999998,42,-20.69763598126997,44.0,48.0,1.0259611244965115e-09,3.8896279181933465e-08,4.24323030491887e-08
998,"(1.0, 1.0, 3.0, 4.0, 9.0, 9.0, 13.0)",1036945800.0,1,-21.889280107043056,2.0,4.0,3.11606448594107e-10,1.9287411164595104e-09,3.8574822291989786e-09
999,"(1.0, 1.0, 3.0, 4.0, 9.0, 9.0, 14.0)",1036945800.0,4,-21.7989373406668,4.0,4.0,3.4106864951984986e-10,3.857482232919021e-09,3.857482218038851e-09
1000,"(1.0, 1.0, 3.0, 4.0, 9.0, 11.0, 13.0)",2073891600.0,1,-21.51850557731887,1.0,1.0,4.5147298564551624e-10,4.821852791148776e-10,4.821852788823749e-10
1001,"(1.0, 1.0, 3.0, 4.0, 9.0, 11.0, 14.0)",2073891600.0,25,-21.4281628109426,31.0,49.0,4.941594829104093e-10,1.4947743652561204e-08,2.3627078453193962e-08
1002,"(1.0, 1.0, 3.0, 4.0, 9.0, 12.0, 14.0)",2262427199.9999995,7,-21.546231287926084,7.0,7.0,4.391275106676862e-10,3.0940222076537983e-09,3.094022198080825e-09
1003,"(1.0, 1.0, 3.0, 4.0, 9.0, 13.0, 13.0)",1131213599.9999998,1,-21.51374693450699,2.0,4.0,4.536265041723346e-10,1.7680126900878848e-09,3.536025377049901e-09
1004,"(1.0, 1.0, 3.0, 4.0, 9.0, 13.0, 14.0)",2262427199.9999995,8,-21.42340416813073,9.0,11.0,4.965166153092096e-10,3.9780285526977405e-09,4.862034881916972e-09
1005,"(1.0, 1.0, 3.0, 4.0, 9.0, 14.0, 14.0)",1131213599.9999998,16,-21.333061401754467,17.0,19.0,5.434619604688205e-10,1.502810786574702e-08,1.6796120329990876e-08
1006,"(1.0, 1.0, 3.0, 4.0, 11.0, 11.0, 12.0)",1036945800.0,2,-21.270558167390035,2.0,2.0,5.785141166741523e-10,1.9287411164595104e-09,1.9287411127394682e-09
1007,"(1.0, 1.0, 3.0, 4.0, 11.0, 11.0, 14.0)",1036945800.0,20,-21.05738828121841,23.0,29.0,7.159661109106654e-10,2.2180522839284368e-08,2.7966745696687305e-08
1008,"(1.0, 1.0, 3.0, 4.0, 11.0, 12.0, 12.0)",1131213599.9999998,1,-21.38862664437352,1.0,1.0,5.140880074688223e-10,8.840063450439424e-10,8.840063442624752e-10
1009,"(1.0, 1.0, 3.0, 4.0, 11.0, 12.0, 14.0)",2262427199.9999995,19,-21.175456758201896,20.0,22.0,6.362326877851811e-10,8.840063450439424e-09,9.724069717336644e-09
1010,"(1.0, 1.0, 3.0, 4.0, 11.0, 13.0, 13.0)",1131213599.9999998,3,-21.142972404782803,3.0,3.0,6.572396467744192e-10,2.652019035131827e-09,2.652019028098622e-09
1011,"(1.0, 1.0, 3.0, 4.0, 11.0, 13.0, 14.0)",2262427199.9999995,19,-21.05262963840654,22.0,28.0,7.193812571839542e-10,9.724069795483366e-09,1.237608873605766e-08
1012,"(1.0, 1.0, 3.0, 4.0, 11.0, 14.0, 14.0)",1131213599.9999998,41,-20.96228687203028,48.0,64.0,7.873983192088022e-10,4.243230456210923e-08,5.6576404282311846e-08
1013,"(1.0, 1.0, 3.0, 4.0, 12.0, 12.0, 12.0)",377071200.0,3,-21.506695121357,4.0,6.0,4.568366990638606e-10,1.0608076140527306e-08,1.591211409825968e-08
1014,"(1.0, 1.0, 3.0, 4.0, 12.0, 12.0, 13.0)",1131213599.9999998,1,-21.38386800156164,1.0,1.0,5.165401985936497e-10,8.840063450439424e-10,8.840063442624752e-10
1015,"(1.0, 1.0, 3.0, 4.0, 12.0, 12.0, 14.0)",1131213599.9999998,8,-21.293525235185378,8.0,8.0,5.65378761421384e-10,7.072050760351539e-09,7.072050710337638e-09
1016,"(1.0, 1.0, 3.0, 4.0, 12.0, 13.0, 14.0)",2262427199.9999995,11,-21.17069811539002,15.0,25.0,6.392675069749777e-10,6.6300475878295675e-09,1.1050079269091748e-08
1017,"(1.0, 1.0, 3.0, 4.0, 12.0, 14.0, 14.0)",1131213599.9999998,35,-21.08035534901376,36.0,38.0,6.997098624550128e-10,3.1824228421581924e-08,3.3592240098888295e-08
1018,"(1.0, 1.0, 3.0, 4.0, 13.0, 13.0, 14.0)",1131213599.9999998,11,-21.047870995594664,11.0,11.0,7.22812693647368e-10,9.724069795483366e-09,9.724069700925832e-09
1019,"(1.0, 1.0, 3.0, 4.0, 13.0, 14.0, 14.0)",1131213599.9999998,27,-20.9575282292184,33.0,57.0,7.911541959108762e-10,2.91722093864501e-08,5.038836081648692e-08
1020,"(1.0, 1.0, 3.0, 4.0, 14.0, 14.0, 14.0)",377071200.0,27,-20.867185462842137,28.0,30.0,8.65957345808248e-10,7.425653298369115e-08,7.95605655399221e-08
1021,"(1.0, 1.0, 3.0, 6.0, 6.0, 6.0, 9.0)",408493800.0,1,-21.65801448109012,1.0,1.0,3.926845566906975e-10,2.4480175708909167e-09,2.4480175648981267e-09
1022,"(1.0, 1.0, 3.0, 6.0, 6.0, 6.0, 14.0)",444015000.0,6,-21.192138542177783,6.0,6.0,6.257072273437923e-10,1.3513056991317861e-08,1.3513056808715152e-08
1023,"(1.0, 1.0, 3.0, 6.0, 6.0, 7.0, 12.0)",1332044999.9999998,1,-21.186054995272123,1.0,1.0,6.295253486951455e-10,7.50725388406548e-10,7.507253878429593e-10
1024,"(1.0, 1.0, 3.0, 6.0, 6.0, 7.0, 14.0)",1332044999.9999998,12,-20.972885109100503,13.0,15.0,7.790973506681242e-10,9.759430049285123e-09,1.1260880730851745e-08
1025,"(1.0, 1.0, 3.0, 6.0, 6.0, 8.0, 14.0)",1225481400.0,14,-20.85177240638676,16.0,22.0,8.794077851824513e-10,1.3056093711418224e-08,1.7952128682738475e-08
1026,"(1.0, 1.0, 3.0, 6.0, 6.0, 9.0, 14.0)",1225481400.0,8,-21.487197826871256,10.0,16.0,4.658311777859426e-10,8.160058569636389e-09,1.3056093644831668e-08
1027,"(1.0, 1.0, 3.0, 6.0, 6.0, 11.0, 14.0)",1225481400.0,21,-21.116423297147065,23.0,27.0,6.749224657918869e-10,1.8768134710163695e-08,2.203215778577537e-08
1028,"(1.0, 1.0, 3.0, 6.0, 6.0, 12.0, 13.0)",1278763200.0,1,-21.32483454050681,1.0,1.0,5.479513882398436e-10,7.820056129234873e-10,7.820056123119546e-10
1029,"(1.0, 1.0, 3.0, 6.0, 6.0, 12.0, 14.0)",1278763200.0,12,-21.234491774130547,12.0,12.0,5.997598600179486e-10,9.384067355081848e-09,9.384067267021128e-09
1030,"(1.0, 1.0, 3.0, 6.0, 6.0, 13.0, 13.0)",639381600.0,1,-21.202007420711453,1.0,1.0,6.195625690341227e-10,1.5640112258469747e-09,1.5640112234008436e-09
1031,"(1.0, 1.0, 3.0, 6.0, 6.0, 13.0, 14.0)",1278763200.0,7,-21.1116646543352,7.0,7.0,6.781418345702121e-10,5.474039290464411e-09,5.474039260499304e-09
1032,"(1.0, 1.0, 3.0, 6.0, 6.0, 14.0, 14.0)",639381600.0,14,-21.02132188795893,15.0,17.0,7.422597341721157e-10,2.346016838770462e-08,2.658819028901907e-08
1033,"(1.0, 1.0, 3.0, 6.0, 7.0, 7.0, 14.0)",1332044999.9999998,14,-20.75363167602322,14.0,14.0,9.70090571583861e-10,1.0510155437691672e-08,1.0510155327228305e-08
1034,"(1.0, 1.0, 3.0, 6.0, 7.0, 8.0, 11.0)",2156847264.0000005,2,-20.727620382497616,2.0,2.0,9.956549217353788e-10,9.272793829132258e-10,9.272793820533788e-10
1035,"(1.0, 1.0, 3.0, 6.0, 7.0, 8.0, 12.0)",2450962800.0,4,-20.845688859481097,5.0,7.0,8.847740099828377e-10,2.0400146424090972e-09,2.8560204952110763e-09
1036,"(1.0, 1.0, 3.0, 6.0, 7.0, 8.0, 13.0)",2450962800.0,2,-20.72286173968574,2.0,2.0,1.0004041789189678e-09,8.16005856963639e-10,8.160058562977734e-10
1037,"(1.0, 1.0, 3.0, 6.0, 7.0, 8.0, 14.0)",2450962800.0,32,-20.63251897330948,38.0,54.0,1.0949917879342648e-09,1.550411128230914e-08,2.2032157897640786e-08
1038,"(1.0, 1.0, 3.0, 6.0, 7.0, 9.0, 12.0)",2450962800.0,3,-21.481114279965595,5.0,9.0,4.686737212124919e-10,2.0400146424090972e-09,3.6720263521747156e-09
1039,"(1.0, 1.0, 3.0, 6.0, 7.0, 9.0, 14.0)",2450962800.0,23,-21.26794439379397,28.0,38.0,5.800281994700884e-10,1.1424081997490944e-08,1.550411115179949e-08
1040,"(1.0, 1.0, 3.0, 6.0, 7.0, 11.0, 12.0)",2450962800.0,1,-21.110339750241405,1.0,1.0,6.790409029211612e-10,4.080029284818195e-10,4.080029283153531e-10
1041,"(1.0, 1.0, 3.0, 6.0, 7.0, 11.0, 13.0)",2450962800.0,3,-20.987512630446048,4.0,6.0,7.677840321647963e-10,1.632011713927278e-09,2.4480175682274542e-09
1042,"(1.0, 1.0, 3.0, 6.0, 7.0, 11.0, 14.0)",2450962800.0,30,-20.897169864069784,31.0,33.0,8.403775472389444e-10,1.2648090782936403e-08,1.3464096479925842e-08
1043,"(1.0, 1.0, 3.0, 6.0, 7.0, 12.0, 14.0)",2557526400.0,19,-21.01523834105327,20.0,22.0,7.467890693235141e-10,7.820056129234874e-09,8.602061681005082e-09
1044,"(1.0, 1.0, 3.0, 6.0, 7.0, 13.0, 14.0)",2557526400.0,32,-20.89241122125791,37.0,49.0,8.443861339651519e-10,1.4467103839084515e-08,1.9159137307328346e-08
1045,"(1.0, 1.0, 3.0, 6.0, 7.0, 14.0, 14.0)",1278763200.0,64,-20.80206845488165,66.0,70.0,9.242223313546304e-10,5.1612370452950165e-08,5.474039024080733e-08
1046,"(1.0, 1.0, 3.0, 6.0, 8.0, 8.0, 12.0)",1036945800.0,1,-20.724576156767355,1.0,1.0,9.986905382732387e-10,9.643705582297552e-10,9.643705572997446e-10
1047,"(1.0, 1.0, 3.0, 6.0, 8.0, 8.0, 14.0)",1036945800.0,12,-20.51140627059573,13.0,15.0,1.2359743005087448e-09,1.2536817256986816e-08,1.4465558216274539e-08
1048,"(1.0, 1.0, 3.0, 6.0, 8.0, 9.0, 11.0)",1742068943.9999998,1,-21.24193310026837,1.0,1.0,5.953134155348092e-10,5.740300941843781e-10,5.740300938548676e-10
1049,"(1.0, 1.0, 3.0, 6.0, 8.0, 9.0, 14.0)",2073891600.0,19,-21.14683169108023,21.0,25.0,6.547080590146138e-10,1.0125890861412429e-08,1.2054631875338273e-08
1050,"(1.0, 1.0, 3.0, 6.0, 8.0, 11.0, 12.0)",2073891600.0,1,-20.989227047527663,1.0,1.0,7.664688578058874e-10,4.821852791148776e-10,4.821852788823749e-10
1051,"(1.0, 1.0, 3.0, 6.0, 8.0, 11.0, 14.0)",2073891600.0,25,-20.776057161356043,28.0,36.0,9.485779368915745e-10,1.3501187815216571e-08,1.735866986585352e-08
1052,"(1.0, 1.0, 3.0, 6.0, 8.0, 12.0, 12.0)",1131213599.9999998,2,-21.107295524511144,2.0,2.0,6.81111206346366e-10,1.7680126900878848e-09,1.768012686962016e-09
1053,"(1.0, 1.0, 3.0, 6.0, 8.0, 12.0, 13.0)",2262427199.9999995,1,-20.984468404715788,1.0,1.0,7.701249013300709e-10,4.420031725219712e-10,4.420031723266044e-10
1054,"(1.0, 1.0, 3.0, 6.0, 8.0, 12.0, 14.0)",2262427199.9999995,22,-20.894125638339524,27.0,37.0,8.429397441655647e-10,1.1934085658093222e-08,1.6354117240890535e-08
1055,"(1.0, 1.0, 3.0, 6.0, 8.0, 13.0, 13.0)",1131213599.9999998,1,-20.86164128492043,1.0,1.0,8.707717008946786e-10,8.840063450439424e-10,8.840063442624752e-10
1056,"(1.0, 1.0, 3.0, 6.0, 8.0, 13.0, 14.0)",2262427199.9999995,23,-20.771298518544167,23.0,23.0,9.531026376514768e-10,1.0166072968005337e-08,1.0166072864656298e-08
1057,"(1.0, 1.0, 3.0, 6.0, 8.0, 14.0, 14.0)",1131213599.9999998,57,-20.680955752167904,60.0,66.0,1.043217914597888e-09,5.304038070263654e-08,5.834441595961821e-08
1058,"(1.0, 1.0, 3.0, 6.0, 9.0, 9.0, 14.0)",1036945800.0,7,-21.78225711156473,7.0,7.0,3.4680546542290366e-10,6.750593907608286e-09,6.7505938620377675e-09
1059,"(1.0, 1.0, 3.0, 6.0, 9.0, 11.0, 12.0)",2073891600.0,2,-21.62465246801216,2.0,2.0,4.0600628830444693e-10,9.643705582297552e-10,9.643705572997446e-10
1060,"(1.0, 1.0, 3.0, 6.0, 9.0, 11.0, 14.0)",2073891600.0,16,-21.41148258184054,16.0,16.0,5.02471305132105e-10,7.714964465838041e-09,7.714964406317365e-09
1061,"(1.0, 1.0, 3.0, 6.0, 9.0, 12.0, 14.0)",2262427199.9999995,16,-21.529551058824023,19.0,27.0,4.4651368846565057e-10,8.398060277917452e-09,1.1934085587565806e-08
1062,"(1.0, 1.0, 3.0, 6.0, 9.0, 13.0, 14.0)",2262427199.9999995,14,-21.406723939028662,14.0,14.0,5.048680847827178e-10,6.188044415307597e-09,6.188044377015703e-09
1063,"(1.0, 1.0, 3.0, 6.0, 9.0, 14.0, 14.0)",1131213599.9999998,27,-21.3163811726524,28.0,30.0,5.526030563212559e-10,2.4752177661230386e-08,2.652018973864797e-08
1064,"(1.0, 1.0, 3.0, 6.0, 11.0, 11.0, 11.0)",290344823.99999994,1,-21.13580946130449,1.0,1.0,6.619643182924813e-10,3.444180565106269e-09,3.4441805532438894e-09
1065,"(1.0, 1.0, 3.0, 6.0, 11.0, 11.0, 13.0)",1036945800.0,1,-21.13105081849261,1.0,1.0,6.651218769258009e-10,9.643705582297552e-10,9.643705572997446e-10
1066,"(1.0, 1.0, 3.0, 6.0, 11.0, 11.0, 14.0)",1036945800.0,11,-21.04070805211635,11.0,11.0,7.280087474206451e-10,1.0608076140527306e-08,1.0608076027996026e-08
1067,"(1.0, 1.0, 3.0, 6.0, 11.0, 12.0, 13.0)",2262427199.9999995,1,-21.24911929547609,1.0,1.0,5.910507117759811e-10,4.420031725219712e-10,4.420031723266044e-10
1068,"(1.0, 1.0, 3.0, 6.0, 11.0, 12.0, 14.0)",2262427199.9999995,24,-21.158776529099832,26.0,30.0,6.46934198482413e-10,1.1492082485571251e-08,1.3260095043591176e-08
1069,"(1.0, 1.0, 3.0, 6.0, 11.0, 13.0, 14.0)",2262427199.9999995,31,-21.035949409304475,36.0,48.0,7.314813368669735e-10,1.5912114210790962e-08,2.1216152027859236e-08
1070,"(1.0, 1.0, 3.0, 6.0, 11.0, 14.0, 14.0)",1131213599.9999998,50,-20.94560664292821,58.0,76.0,8.006424540949406e-10,5.1272368012548656e-08,6.71844795944839e-08
1071,"(1.0, 1.0, 3.0, 6.0, 12.0, 12.0, 14.0)",1131213599.9999998,7,-21.27684500608332,7.0,7.0,5.748885005144797e-10,6.188044415307597e-09,6.188044377015703e-09
1072,"(1.0, 1.0, 3.0, 6.0, 12.0, 13.0, 13.0)",1131213599.9999998,1,-21.24436065266422,2.0,4.0,5.938700137022657e-10,1.7680126900878848e-09,3.536025377049901e-09
1073,"(1.0, 1.0, 3.0, 6.0, 12.0, 13.0, 14.0)",2262427199.9999995,20,-21.15401788628796,20.0,20.0,6.500200636977375e-10,8.840063450439424e-09,8.840063372292702e-09
1074,"(1.0, 1.0, 3.0, 6.0, 12.0, 14.0, 14.0)",1131213599.9999998,25,-21.063675119911693,29.0,37.0,7.114790669014069e-10,2.5636184006274328e-08,3.270823410941194e-08
1075,"(1.0, 1.0, 3.0, 6.0, 13.0, 13.0, 13.0)",377071200.0,1,-21.121533532868863,1.0,1.0,6.714822505398138e-10,2.6520190351318266e-09,2.6520190280986217e-09
1076,"(1.0, 1.0, 3.0, 6.0, 13.0, 13.0, 14.0)",1131213599.9999998,8,-21.0311907664926,9.0,11.0,7.34970490506391e-10,7.956057105395481e-09,9.724069732184521e-09
1077,"(1.0, 1.0, 3.0, 6.0, 13.0, 14.0, 14.0)",1131213599.9999998,26,-20.940848000116336,29.0,37.0,8.044615050970381e-10,2.5636184006274328e-08,3.270823410941194e-08
1078,"(1.0, 1.0, 3.0, 6.0, 14.0, 14.0, 14.0)",377071200.0,23,-20.85050523374008,26.0,32.0,8.805228530156339e-10,6.895249491342749e-08,8.48646043697719e-08
1079,"(1.0, 1.0, 3.0, 7.0, 7.0, 7.0, 13.0)",444015000.0,1,-20.6247210093222,1.0,1.0,1.1035638734322037e-09,2.2521761652196435e-09,2.252176160147346e-09
1080,"(1.0, 1.0, 3.0, 7.0, 7.0, 7.0, 14.0)",444015000.0,6,-20.534378242945937,7.0,9.0,1.2079051690637478e-09,1.5765233156537503e-08,2.0269585238434215e-08
1081,"(1.0, 1.0, 3.0, 7.0, 7.0, 8.0, 9.0)",1078423632.0000002,1,-20.87914147914452,1.0,1.0,8.556655924471491e-10,9.272793829132258e-10,9.272793820533788e-10
1082,"(1.0, 1.0, 3.0, 7.0, 7.0, 8.0, 14.0)",1225481400.0,18,-20.4132655402322,18.0,18.0,1.363425518679846e-09,1.4688105425345502e-08,1.468810520960506e-08
1083,"(1.0, 1.0, 3.0, 7.0, 7.0, 9.0, 12.0)",1225481400.0,1,-21.26186084688831,2.0,4.0,5.835675833160845e-10,1.632011713927278e-09,3.2640234251910935e-09
1084,"(1.0, 1.0, 3.0, 7.0, 7.0, 9.0, 14.0)",1225481400.0,15,-21.04869096071669,18.0,24.0,7.222202553713742e-10,1.4688105425345502e-08,1.9584140351386893e-08
1085,"(1.0, 1.0, 3.0, 7.0, 7.0, 11.0, 14.0)",1225481400.0,14,-20.677916430992504,14.0,14.0,1.0463934121302645e-09,1.1424081997490944e-08,1.1424081866981296e-08
1086,"(1.0, 1.0, 3.0, 7.0, 7.0, 12.0, 13.0)",1278763200.0,2,-20.88632767435225,2.0,2.0,8.49538653523804e-10,1.5640112258469747e-09,1.5640112234008436e-09
1087,"(1.0, 1.0, 3.0, 7.0, 7.0, 12.0, 14.0)",1278763200.0,15,-20.795984907975985,20.0,32.0,9.298620185158684e-10,1.5640112258469747e-08,2.5024179368938482e-08
1088,"(1.0, 1.0, 3.0, 7.0, 7.0, 13.0, 14.0)",1278763200.0,12,-20.673157788180628,12.0,12.0,1.051384691057263e-09,9.384067355081848e-09,9.384067267021128e-09
1089,"(1.0, 1.0, 3.0, 7.0, 7.0, 14.0, 14.0)",639381600.0,37,-20.582815021804365,38.0,40.0,1.150792476608359e-09,5.943242658218504e-08,6.256044550166566e-08
1090,"(1.0, 1.0, 3.0, 7.0, 8.0, 8.0, 11.0)",871034471.9999999,1,-20.38725424670659,1.0,1.0,1.3993552435798089e-09,1.1480601883687563e-09,1.148060187050714e-09
1091,"(1.0, 1.0, 3.0, 7.0, 8.0, 8.0, 14.0)",1036945800.0,24,-20.29215283751845,26.0,30.0,1.538969442798469e-09,2.5073634513973633e-08,2.8931116118205506e-08
1092,"(1.0, 1.0, 3.0, 7.0, 8.0, 9.0, 14.0)",2073891600.0,30,-20.92757825800295,35.0,47.0,8.152076433649589e-10,1.6876484769020714e-08,2.266270783358351e-08
1093,"(1.0, 1.0, 3.0, 7.0, 8.0, 11.0, 11.0)",871034471.9999999,1,-20.651905137466898,1.0,1.0,1.0739685359048086e-09,1.1480601883687563e-09,1.148060187050714e-09
1094,"(1.0, 1.0, 3.0, 7.0, 8.0, 11.0, 12.0)",2073891600.0,1,-20.76997361445038,1.0,1.0,9.543662441317598e-10,4.821852791148776e-10,4.821852788823749e-10
1095,"(1.0, 1.0, 3.0, 7.0, 8.0, 11.0, 13.0)",2073891600.0,1,-20.647146494655026,1.0,1.0,1.0790913477071154e-09,4.821852791148776e-10,4.821852788823749e-10
1096,"(1.0, 1.0, 3.0, 7.0, 8.0, 11.0, 14.0)",2073891600.0,40,-20.55680372827876,41.0,43.0,1.1811187808581983e-09,1.976959644370998e-08,2.073396661110279e-08
1097,"(1.0, 1.0, 3.0, 7.0, 8.0, 12.0, 12.0)",1131213599.9999998,1,-20.88804209143386,1.0,1.0,8.480834377245592e-10,8.840063450439424e-10,8.840063442624752e-10
1098,"(1.0, 1.0, 3.0, 7.0, 8.0, 12.0, 13.0)",2262427199.9999995,1,-20.765214971638503,1.0,1.0,9.5891855501957e-10,4.420031725219712e-10,4.420031723266044e-10
1099,"(1.0, 1.0, 3.0, 7.0, 8.0, 12.0, 14.0)",2262427199.9999995,25,-20.67487220526224,28.0,34.0,1.0495837234295225e-09,1.2376088830615193e-08,1.5028107712579445e-08
1100,"(1.0, 1.0, 3.0, 7.0, 8.0, 13.0, 13.0)",1131213599.9999998,1,-20.642387851843147,1.0,1.0,1.0842385952353236e-09,8.840063450439424e-10,8.840063442624752e-10
1101,"(1.0, 1.0, 3.0, 7.0, 8.0, 13.0, 14.0)",2262427199.9999995,21,-20.552045085466887,21.0,21.0,1.1867526975216963e-09,9.282066622961395e-09,9.282066536804635e-09
1102,"(1.0, 1.0, 3.0, 7.0, 8.0, 14.0, 14.0)",1131213599.9999998,54,-20.461702319090623,59.0,71.0,1.2989594460704027e-09,5.21563743575926e-08,6.276444777783251e-08
1103,"(1.0, 1.0, 3.0, 7.0, 9.0, 9.0, 12.0)",1036945800.0,1,-21.776173564659068,1.0,1.0,3.489217033284786e-10,9.643705582297552e-10,9.643705572997446e-10
1104,"(1.0, 1.0, 3.0, 7.0, 9.0, 9.0, 14.0)",1036945800.0,8,-21.563003678487448,8.0,8.0,4.3182371483101364e-10,7.714964465838041e-09,7.714964406317365e-09
1105,"(1.0, 1.0, 3.0, 7.0, 9.0, 11.0, 12.0)",2073891600.0,3,-21.40539903493488,4.0,6.0,5.055374298861876e-10,1.9287411164595104e-09,2.893111670969223e-09
1106,"(1.0, 1.0, 3.0, 7.0, 9.0, 11.0, 13.0)",2073891600.0,1,-21.28257191513952,1.0,1.0,5.716055758327584e-10,4.821852791148776e-10,4.821852788823749e-10
1107,"(1.0, 1.0, 3.0, 7.0, 9.0, 11.0, 14.0)",2073891600.0,21,-21.19222914876326,23.0,29.0,6.256505367167253e-10,1.1090261419642184e-08,1.398337297133755e-08
1108,"(1.0, 1.0, 3.0, 7.0, 9.0, 12.0, 12.0)",1131213599.9999998,1,-21.52346751191836,1.0,1.0,4.4923835484810617e-10,8.840063450439424e-10,8.840063442624752e-10
1109,"(1.0, 1.0, 3.0, 7.0, 9.0, 12.0, 13.0)",2262427199.9999995,2,-21.400640392123,3.0,5.0,5.07948834900163e-10,1.3260095175659135e-09,2.2100158608515547e-09
1110,"(1.0, 1.0, 3.0, 7.0, 9.0, 12.0, 14.0)",2262427199.9999995,21,-21.310297625746745,27.0,51.0,5.559750894958087e-10,1.1934085658093222e-08,2.254216165619813e-08
1111,"(1.0, 1.0, 3.0, 7.0, 9.0, 13.0, 14.0)",2262427199.9999995,18,-21.18747050595138,19.0,21.0,6.286348792244102e-10,8.398060277917452e-09,9.28206655243398e-09
1112,"(1.0, 1.0, 3.0, 7.0, 9.0, 14.0, 14.0)",1131213599.9999998,34,-21.09712773957512,39.0,55.0,6.880719261924769e-10,3.447624745671375e-08,4.862034778880519e-08
1113,"(1.0, 1.0, 3.0, 7.0, 11.0, 11.0, 12.0)",1036945800.0,1,-21.034624505210687,1.0,1.0,7.324511217788574e-10,9.643705582297552e-10,9.643705572997446e-10
1114,"(1.0, 1.0, 3.0, 7.0, 11.0, 11.0, 13.0)",1036945800.0,1,-20.911797385415333,2.0,4.0,8.2817437539295e-10,1.9287411164595104e-09,3.8574822291989786e-09
1115,"(1.0, 1.0, 3.0, 7.0, 11.0, 11.0, 14.0)",1036945800.0,13,-20.82145461903907,13.0,13.0,9.064777608314314e-10,1.2536817256986816e-08,1.2536817099815029e-08
1116,"(1.0, 1.0, 3.0, 7.0, 11.0, 12.0, 13.0)",2262427199.9999995,1,-21.02986586239881,1.0,1.0,7.359449012759479e-10,4.420031725219712e-10,4.420031723266044e-10
1117,"(1.0, 1.0, 3.0, 7.0, 11.0, 12.0, 14.0)",2262427199.9999995,23,-20.93952309602255,24.0,26.0,8.055280458145004e-10,1.0608076140527308e-08,1.1492082373039971e-08
1118,"(1.0, 1.0, 3.0, 7.0, 11.0, 13.0, 14.0)",2262427199.9999995,24,-20.816695976227194,28.0,36.0,9.10801644461604e-10,1.2376088830615193e-08,1.5912114057623387e-08
1119,"(1.0, 1.0, 3.0, 7.0, 11.0, 14.0, 14.0)",1131213599.9999998,55,-20.72635320985093,65.0,89.0,9.96917388130249e-10,5.746041242785625e-08,7.867656140721188e-08
1120,"(1.0, 1.0, 3.0, 7.0, 12.0, 12.0, 13.0)",1131213599.9999998,1,-21.147934339382296,1.0,1.0,6.53986544146668e-10,8.840063450439424e-10,8.840063442624752e-10
1121,"(1.0, 1.0, 3.0, 7.0, 12.0, 12.0, 14.0)",1131213599.9999998,9,-21.057591573006032,12.0,18.0,7.158205756736629e-10,1.0608076140527308e-08,1.5912114098259684e-08
1122,"(1.0, 1.0, 3.0, 7.0, 12.0, 13.0, 13.0)",1131213599.9999998,2,-21.025107219586936,3.0,5.0,7.394553460423119e-10,2.652019035131827e-09,4.420031718186507e-09
1123,"(1.0, 1.0, 3.0, 7.0, 12.0, 13.0, 14.0)",2262427199.9999995,9,-20.93476445321068,10.0,12.0,8.093704010066952e-10,4.420031725219712e-09,5.304038050726974e-09
1124,"(1.0, 1.0, 3.0, 7.0, 12.0, 14.0, 14.0)",1131213599.9999998,37,-20.84442168683441,39.0,43.0,8.858958820594748e-10,3.447624745671375e-08,3.8012271648277884e-08
1125,"(1.0, 1.0, 3.0, 7.0, 13.0, 13.0, 13.0)",377071200.0,1,-20.902280099791582,1.0,1.0,8.360939742330893e-10,2.6520190351318266e-09,2.6520190280986217e-09
1126,"(1.0, 1.0, 3.0, 7.0, 13.0, 13.0, 14.0)",1131213599.9999998,13,-20.81193733341532,14.0,16.0,9.151461529437645e-10,1.2376088830615193e-08,1.4144101367535504e-08
1127,"(1.0, 1.0, 3.0, 7.0, 13.0, 14.0, 14.0)",1131213599.9999998,27,-20.72159456703905,29.0,33.0,1.0016726672572556e-09,2.5636184006274328e-08,2.917220872923617e-08
1128,"(1.0, 1.0, 3.0, 7.0, 14.0, 14.0, 14.0)",377071200.0,30,-20.631251800662792,33.0,39.0,1.0963802110764118e-09,8.751662815935027e-08,1.0342873471098103e-07
1129,"(1.0, 1.0, 3.0, 8.0, 8.0, 8.0, 14.0)",268837799.99999994,7,-20.17104013480471,8.0,10.0,1.7371150190592537e-09,2.9757720082518166e-08,3.7197149217625796e-08
1130,"(1.0, 1.0, 3.0, 8.0, 8.0, 9.0, 14.0)",806513399.9999999,7,-20.806465555289208,8.0,10.0,9.201673545682039e-10,9.919240027506055e-09,1.2399049935991246e-08
1131,"(1.0, 1.0, 3.0, 8.0, 8.0, 11.0, 12.0)",806513399.9999999,2,-20.64886091173664,2.0,2.0,1.0772429200087388e-09,2.4798100068765137e-09,2.479810000727056e-09
1132,"(1.0, 1.0, 3.0, 8.0, 8.0, 11.0, 14.0)",806513399.9999999,13,-20.435691025565017,15.0,19.0,1.3331903262425015e-09,1.859857505157385e-08,2.3558194719419884e-08
1133,"(1.0, 1.0, 3.0, 8.0, 8.0, 12.0, 12.0)",460864800.0,2,-20.76692938872012,3.0,5.0,9.572759771031112e-10,6.509501268050847e-09,1.0849168737711137e-08
1134,"(1.0, 1.0, 3.0, 8.0, 8.0, 12.0, 13.0)",921729600.0,1,-20.64410226892476,2.0,4.0,1.082381350568002e-09,2.169833756016949e-09,4.339667507325719e-09
1135,"(1.0, 1.0, 3.0, 8.0, 8.0, 12.0, 14.0)",921729600.0,15,-20.5537595025485,15.0,15.0,1.1847198514963075e-09,1.6273753170127118e-08,1.6273752905292076e-08
1136,"(1.0, 1.0, 3.0, 8.0, 8.0, 13.0, 14.0)",921729600.0,11,-20.43093238275314,12.0,14.0,1.3395496216125912e-09,1.3019002536101694e-08,1.5188836122624217e-08
1137,"(1.0, 1.0, 3.0, 8.0, 8.0, 14.0, 14.0)",460864800.0,23,-20.34058961637688,25.0,29.0,1.4662032267610596e-09,5.4245843900423725e-08,6.292517598187993e-08
1138,"(1.0, 1.0, 3.0, 8.0, 9.0, 9.0, 14.0)",806513399.9999999,7,-21.441890975773703,9.0,15.0,4.874219329884039e-10,1.1159145030944311e-08,1.8598574927047332e-08
1139,"(1.0, 1.0, 3.0, 8.0, 9.0, 11.0, 13.0)",1613026799.9999998,1,-21.16145921242578,2.0,4.0,6.452010047395891e-10,1.2399050034382568e-09,2.4798100053391493e-09
1140,"(1.0, 1.0, 3.0, 8.0, 9.0, 11.0, 14.0)",1613026799.9999998,18,-21.07111644604952,21.0,27.0,7.062043688384192e-10,1.3019002536101695e-08,1.673871737692204e-08
1141,"(1.0, 1.0, 3.0, 8.0, 9.0, 12.0, 12.0)",921729600.0,1,-21.402354809204617,1.0,1.0,5.070787448028023e-10,1.0849168780084746e-09,1.0849168768314298e-09
1142,"(1.0, 1.0, 3.0, 8.0, 9.0, 12.0, 13.0)",1843459200.0,1,-21.27952768940926,1.0,1.0,5.733483235471037e-10,5.424584390042373e-10,5.424584387099761e-10
1143,"(1.0, 1.0, 3.0, 8.0, 9.0, 12.0, 14.0)",1843459200.0,13,-21.189184923033,15.0,19.0,6.275580601716066e-10,8.136876585063559e-09,1.0306710274871748e-08
1144,"(1.0, 1.0, 3.0, 8.0, 9.0, 13.0, 14.0)",1843459200.0,10,-21.06635780323764,11.0,13.0,7.095729517666738e-10,5.9670428290466095e-09,7.051959671449484e-09
1145,"(1.0, 1.0, 3.0, 8.0, 9.0, 14.0, 14.0)",921729600.0,28,-20.976015036861376,30.0,34.0,7.766626444567475e-10,3.2547506340254236e-08,3.688717279294797e-08
1146,"(1.0, 1.0, 3.0, 8.0, 11.0, 11.0, 14.0)",806513399.9999999,16,-20.700341916325325,22.0,40.0,1.0231886930257206e-09,2.727791007564165e-08,4.9596199393445894e-08
1147,"(1.0, 1.0, 3.0, 8.0, 11.0, 12.0, 14.0)",1843459200.0,12,-20.81841039330881,14.0,18.0,9.092414883256782e-10,7.594418146059322e-09,9.764251844401085e-09
1148,"(1.0, 1.0, 3.0, 8.0, 11.0, 13.0, 14.0)",1843459200.0,20,-20.69558327351345,22.0,28.0,1.0280692858339699e-09,1.1934085658093219e-08,1.5188836149696244e-08
1149,"(1.0, 1.0, 3.0, 8.0, 11.0, 14.0, 14.0)",921729600.0,44,-20.60524050713719,52.0,68.0,1.125272613946992e-09,5.6415677656440674e-08,7.377434452184759e-08
1150,"(1.0, 1.0, 3.0, 8.0, 12.0, 12.0, 12.0)",321208799.99999994,1,-21.14964875646391,1.0,1.0,6.528662990023298e-10,3.113239736893884e-09,3.113239727201622e-09
1151,"(1.0, 1.0, 3.0, 8.0, 12.0, 12.0, 13.0)",963626400.0,1,-21.02682163666855,1.0,1.0,7.381886972583683e-10,1.0377465789646279e-09,1.0377465778877099e-09
1152,"(1.0, 1.0, 3.0, 8.0, 12.0, 12.0, 14.0)",963626400.0,8,-20.93647887029229,9.0,11.0,8.079839913476402e-10,9.33971921068165e-09,1.1415212281380551e-08
1153,"(1.0, 1.0, 3.0, 8.0, 12.0, 13.0, 13.0)",963626400.0,1,-20.9039945168732,1.0,1.0,8.34661788474483e-10,1.0377465789646279e-09,1.0377465778877099e-09
1154,"(1.0, 1.0, 3.0, 8.0, 12.0, 13.0, 14.0)",1927252800.0,15,-20.81365175049693,16.0,18.0,9.135785548893877e-10,8.301972631717023e-09,9.3397191417589e-09
1155,"(1.0, 1.0, 3.0, 8.0, 12.0, 14.0, 14.0)",963626400.0,26,-20.72330898412067,30.0,38.0,9.999568537565665e-10,3.1132397368938833e-08,3.943436903142969e-08
1156,"(1.0, 1.0, 3.0, 8.0, 13.0, 13.0, 14.0)",963626400.0,12,-20.690824630701574,13.0,15.0,1.0329731589875965e-09,1.3490705526540161e-08,1.556619850247028e-08
1157,"(1.0, 1.0, 3.0, 8.0, 13.0, 14.0, 14.0)",963626400.0,25,-20.60048186432531,27.0,31.0,1.1306401453362542e-09,2.801915763204495e-08,3.2170143162830264e-08
1158,"(1.0, 1.0, 3.0, 8.0, 14.0, 14.0, 14.0)",321208799.99999994,22,-20.51013909794905,27.0,39.0,1.2375414860719836e-09,8.405747289613487e-08,1.2141634267320273e-07
1159,"(1.0, 1.0, 3.0, 9.0, 9.0, 11.0, 14.0)",806513399.9999999,5,-21.70654186653401,5.0,5.0,3.7408358037827496e-10,6.199525017191284e-09,6.199524978757174e-09
1160,"(1.0, 1.0, 3.0, 9.0, 9.0, 12.0, 14.0)",921729600.0,5,-21.82461034351749,7.0,11.0,3.324238370691145e-10,7.594418146059322e-09,1.1934085600418033e-08
1161,"(1.0, 1.0, 3.0, 9.0, 9.0, 13.0, 14.0)",921729600.0,6,-21.70178322372214,6.0,6.0,3.758679527472443e-10,6.509501268050847e-09,6.50950122567724e-09
1162,"(1.0, 1.0, 3.0, 9.0, 9.0, 14.0, 14.0)",460864800.0,12,-21.611440457345875,12.0,12.0,4.114060399574114e-10,2.6038005072203388e-08,2.603800439422568e-08
1163,"(1.0, 1.0, 3.0, 9.0, 11.0, 11.0, 12.0)",806513399.9999999,1,-21.548937222981444,1.0,1.0,4.3794086635807445e-10,1.2399050034382568e-09,1.2399050019008925e-09
1164,"(1.0, 1.0, 3.0, 9.0, 11.0, 11.0, 13.0)",806513399.9999999,1,-21.426110103186087,1.0,1.0,4.951748897241108e-10,1.2399050034382568e-09,1.2399050019008925e-09
1165,"(1.0, 1.0, 3.0, 9.0, 11.0, 11.0, 14.0)",806513399.9999999,11,-21.335767336809823,13.0,17.0,5.419933755425439e-10,1.6118765044697338e-08,2.1078384798635776e-08
1166,"(1.0, 1.0, 3.0, 9.0, 11.0, 12.0, 13.0)",1843459200.0,1,-21.54417858016957,1.0,1.0,4.400298369041263e-10,5.424584390042373e-10,5.424584387099761e-10
1167,"(1.0, 1.0, 3.0, 9.0, 11.0, 12.0, 14.0)",1843459200.0,17,-21.453835813793305,17.0,17.0,4.816343913884265e-10,9.221793463072034e-09,9.22179337803056e-09
1168,"(1.0, 1.0, 3.0, 9.0, 11.0, 13.0, 14.0)",1843459200.0,13,-21.331008693997948,14.0,16.0,5.445786748024186e-10,7.594418146059322e-09,8.67933496639261e-09
1169,"(1.0, 1.0, 3.0, 9.0, 11.0, 14.0, 14.0)",921729600.0,29,-21.240665927621684,33.0,45.0,5.960682585683958e-10,3.580225697427966e-08,4.882125822857975e-08
1170,"(1.0, 1.0, 3.0, 9.0, 12.0, 12.0, 13.0)",963626400.0,1,-21.662247057153053,1.0,1.0,3.910260018914783e-10,1.0377465789646279e-09,1.0377465778877099e-09
1171,"(1.0, 1.0, 3.0, 9.0, 12.0, 12.0, 14.0)",963626400.0,4,-21.571904290776786,4.0,4.0,4.2799727346462993e-10,4.1509863158585115e-09,4.150986298627824e-09
1172,"(1.0, 1.0, 3.0, 9.0, 12.0, 13.0, 14.0)",1927252800.0,13,-21.44907717098143,13.0,13.0,4.839317793119234e-10,6.745352763270081e-09,6.745352717770296e-09
1173,"(1.0, 1.0, 3.0, 9.0, 12.0, 14.0, 14.0)",963626400.0,20,-21.358734404605165,20.0,20.0,5.29687235852597e-10,2.0754931579292557e-08,2.0754931148525372e-08
1174,"(1.0, 1.0, 3.0, 9.0, 13.0, 13.0, 14.0)",963626400.0,5,-21.326250051186072,5.0,5.0,5.471763058961584e-10,5.188732894823139e-09,5.18873286790019e-09
1175,"(1.0, 1.0, 3.0, 9.0, 13.0, 14.0, 14.0)",963626400.0,20,-21.23590728480981,22.0,26.0,5.989114941082567e-10,2.2830424737221812e-08,2.6981410531852027e-08
1176,"(1.0, 1.0, 3.0, 9.0, 14.0, 14.0, 14.0)",321208799.99999994,19,-21.14556451843355,22.0,28.0,6.555382130217007e-10,6.849127421166545e-08,8.717070794197411e-08
1177,"(1.0, 1.0, 3.0, 11.0, 11.0, 11.0, 14.0)",268837799.99999994,8,-20.96499280708564,8.0,8.0,7.852705505944735e-10,2.9757720082518166e-08,2.975771919699626e-08
1178,"(1.0, 1.0, 3.0, 11.0, 11.0, 12.0, 14.0)",921729600.0,2,-21.08306128406912,4.0,10.0,6.978190523679858e-10,4.339667512033898e-09,1.084916876125203e-08
1179,"(1.0, 1.0, 3.0, 11.0, 11.0, 13.0, 14.0)",921729600.0,7,-20.96023416427376,8.0,10.0,7.890162778761449e-10,8.679335024067796e-09,1.0849168704753887e-08
1180,"(1.0, 1.0, 3.0, 11.0, 11.0, 14.0, 14.0)",460864800.0,12,-20.869891397897497,14.0,18.0,8.636172889186046e-10,3.0377672584237287e-08,3.9057006685502095e-08
1181,"(1.0, 1.0, 3.0, 11.0, 12.0, 12.0, 14.0)",963626400.0,8,-21.2011297610526,8.0,8.0,6.20106572797259e-10,8.301972631717023e-09,8.301972562794273e-09
1182,"(1.0, 1.0, 3.0, 11.0, 12.0, 13.0, 14.0)",1927252800.0,12,-21.07830264125724,13.0,15.0,7.011476374781088e-10,6.745352763270081e-09,7.783099296734924e-09
1183,"(1.0, 1.0, 3.0, 11.0, 12.0, 14.0, 14.0)",963626400.0,23,-20.98795987488098,24.0,26.0,7.674407218067283e-10,2.4905917895151067e-08,2.6981410432775576e-08
1184,"(1.0, 1.0, 3.0, 11.0, 13.0, 13.0, 14.0)",963626400.0,7,-20.955475521461885,7.0,7.0,7.927798722137702e-10,7.2642260527523945e-09,7.264225999983414e-09
1185,"(1.0, 1.0, 3.0, 11.0, 13.0, 14.0, 14.0)",963626400.0,22,-20.86513275508562,22.0,22.0,8.677367288206539e-10,2.2830424737221812e-08,2.2830424215993517e-08
1186,"(1.0, 1.0, 3.0, 11.0, 14.0, 14.0, 14.0)",321208799.99999994,13,-20.77478998870936,13.0,13.0,9.497807108066079e-10,4.0472116579620494e-08,4.047211494162827e-08
1187,"(1.0, 1.0, 3.0, 12.0, 12.0, 13.0, 14.0)",921729600.0,6,-21.196371118240723,6.0,6.0,6.230644706905523e-10,6.509501268050847e-09,6.50950122567724e-09
1188,"(1.0, 1.0, 3.0, 12.0, 12.0, 14.0, 14.0)",460864800.0,7,-21.10602835186446,7.0,7.0,6.819748389066141e-10,1.5188836292118643e-08,1.5188836061417894e-08
1189,"(1.0, 1.0, 3.0, 12.0, 13.0, 13.0, 14.0)",921729600.0,4,-21.073543998445366,5.0,7.0,7.044920998830584e-10,5.424584390042372e-09,7.594418116633205e-09
1190,"(1.0, 1.0, 3.0, 12.0, 13.0, 14.0, 14.0)",921729600.0,18,-20.983201232069103,21.0,27.0,7.71101401105804e-10,2.2783254438177963e-08,2.929275518715213e-08
1191,"(1.0, 1.0, 3.0, 12.0, 14.0, 14.0, 14.0)",307243199.99999994,14,-20.89285846569284,14.0,14.0,8.440085714034745e-10,4.556650887635594e-08,4.556650680004921e-08
1192,"(1.0, 1.0, 3.0, 13.0, 13.0, 13.0, 14.0)",307243199.99999994,2,-20.95071687865001,2.0,2.0,7.965614188329078e-10,6.5095012680508485e-09,6.509501225677242e-09
1193,"(1.0, 1.0, 3.0, 13.0, 13.0, 14.0, 14.0)",460864800.0,10,-20.860374112273742,10.0,10.0,8.718758183815591e-10,2.169833756016949e-08,2.1698337089351635e-08
1194,"(1.0, 1.0, 3.0, 13.0, 14.0, 14.0, 14.0)",307243199.99999994,7,-20.770031345897483,8.0,10.0,9.543111487778017e-10,2.6038005072203394e-08,3.254750566227653e-08
1195,"(1.0, 1.0, 3.0, 14.0, 14.0, 14.0, 14.0)",76810799.99999999,11,-20.67968857952122,11.0,11.0,1.0445406897190224e-09,1.4320902789711865e-07,1.4320900738829297e-07
1196,"(1.0, 1.0, 4.0, 4.0, 4.0, 4.0, 14.0)",121094999.99999996,1,-21.480787043246306,1.0,1.0,4.688271135598743e-10,8.257979272472028e-09,8.257979204277806e-09
1197,"(1.0, 1.0, 4.0, 4.0, 4.0, 6.0, 13.0)",484379999.9999998,1,-21.554449580520505,1.0,1.0,4.3553342116713326e-10,2.064494818118007e-09,2.0644948138558684e-09
1198,"(1.0, 1.0, 4.0, 4.0, 4.0, 6.0, 14.0)",484379999.9999998,3,-21.46410681414424,4.0,6.0,4.767128422676823e-10,8.257979272472028e-09,1.2386968840513821e-08
1199,"(1.0, 1.0, 4.0, 4.0, 4.0, 7.0, 14.0)",484379999.9999998,5,-21.24485338106696,5.0,5.0,5.935774691574007e-10,1.0322474090590037e-08,1.0322473984036566e-08
1200,"(1.0, 1.0, 4.0, 4.0, 4.0, 8.0, 13.0)",464197500.0,1,-21.214083444729475,1.0,1.0,6.121257107856339e-10,2.154255462384007e-09,2.1542554577431903e-09
1201,"(1.0, 1.0, 4.0, 4.0, 4.0, 8.0, 14.0)",464197500.0,3,-21.12374067835321,3.0,3.0,6.700018258800056e-10,6.46276638715202e-09,6.462766345384671e-09
1202,"(1.0, 1.0, 4.0, 4.0, 4.0, 9.0, 14.0)",464197500.0,2,-21.75916609883772,2.0,2.0,3.549067280586531e-10,4.308510924768014e-09,4.3085109062047475e-09
1203,"(1.0, 1.0, 4.0, 4.0, 4.0, 11.0, 14.0)",464197500.0,5,-21.388391569113523,5.0,5.0,5.142088710463014e-10,1.0771277311920033e-08,1.0771277195899618e-08
1204,"(1.0, 1.0, 4.0, 4.0, 4.0, 12.0, 14.0)",484380000.0,3,-21.506460046097004,3.0,3.0,4.569441026931428e-10,6.193484454354019e-09,6.19348441599477e-09
1205,"(1.0, 1.0, 4.0, 4.0, 4.0, 13.0, 14.0)",484380000.0,2,-21.383632926301647,2.0,2.0,5.16661638688353e-10,4.128989636236013e-09,4.128989619187458e-09
1206,"(1.0, 1.0, 4.0, 4.0, 4.0, 14.0, 14.0)",242190000.0,5,-21.293290159925384,5.0,5.0,5.655116836034662e-10,2.0644948181180067e-08,2.064494775496618e-08
1207,"(1.0, 1.0, 4.0, 4.0, 6.0, 6.0, 14.0)",726569999.9999998,5,-21.447426585042177,5.0,5.0,4.847312098853454e-10,6.88164939372669e-09,6.881649346369592e-09
1208,"(1.0, 1.0, 4.0, 4.0, 6.0, 7.0, 14.0)",1453139999.9999995,14,-21.228173151964896,16.0,20.0,6.035615139224326e-10,1.1010639029962704e-08,1.376329866621921e-08
1209,"(1.0, 1.0, 4.0, 4.0, 6.0, 8.0, 8.0)",612740700.0000001,1,-20.937510967678985,1.0,1.0,8.071505033760455e-10,1.6320117139272776e-09,1.6320117112638153e-09
1210,"(1.0, 1.0, 4.0, 4.0, 6.0, 8.0, 12.0)",1392592499.9999998,1,-21.32023033542277,1.0,1.0,5.504800856610542e-10,7.180851541280024e-10,7.180851536123561e-10
1211,"(1.0, 1.0, 4.0, 4.0, 6.0, 8.0, 14.0)",1392592499.9999998,16,-21.10706044925115,17.0,19.0,6.812713375609886e-10,1.220744762017604e-08,1.3643617779410269e-08
1212,"(1.0, 1.0, 4.0, 4.0, 6.0, 9.0, 13.0)",1392592499.9999998,1,-21.83282863611192,1.0,1.0,3.2970307602927883e-10,7.180851541280024e-10,7.180851536123561e-10
1213,"(1.0, 1.0, 4.0, 4.0, 6.0, 9.0, 14.0)",1392592499.9999998,11,-21.74248586973565,11.0,11.0,3.6087630211506066e-10,7.898936695408026e-09,7.898936633014824e-09
1214,"(1.0, 1.0, 4.0, 4.0, 6.0, 11.0, 14.0)",1392592499.9999998,8,-21.37171134001146,8.0,8.0,5.228579263994139e-10,5.744681233024019e-09,5.744681200022657e-09
1215,"(1.0, 1.0, 4.0, 4.0, 6.0, 12.0, 13.0)",1453139999.9999998,1,-21.580122583371207,1.0,1.0,4.2449428066765024e-10,6.881649393726689e-10,6.881649388990979e-10
1216,"(1.0, 1.0, 4.0, 4.0, 6.0, 12.0, 14.0)",1453139999.9999998,10,-21.48977981699494,12.0,18.0,4.646299577221111e-10,8.257979272472027e-09,1.238696884051382e-08
1217,"(1.0, 1.0, 4.0, 4.0, 6.0, 13.0, 14.0)",1453139999.9999998,9,-21.366952697199583,9.0,9.0,5.253519498896216e-10,6.193484454354021e-09,6.1934844159947715e-09
1218,"(1.0, 1.0, 4.0, 4.0, 6.0, 14.0, 14.0)",726569999.9999999,15,-21.27660993082332,15.0,15.0,5.750236584637323e-10,2.064494818118007e-08,2.0644947754966184e-08
1219,"(1.0, 1.0, 4.0, 4.0, 7.0, 7.0, 13.0)",726569999.9999998,1,-21.099262485263875,1.0,1.0,6.866046343192067e-10,1.376329878745338e-09,1.3763298768510541e-09
1220,"(1.0, 1.0, 4.0, 4.0, 7.0, 7.0, 14.0)",726569999.9999998,7,-21.00891971888761,8.0,10.0,7.515226865101293e-10,1.1010639029962704e-08,1.376329866621921e-08
1221,"(1.0, 1.0, 4.0, 4.0, 7.0, 8.0, 14.0)",1392592499.9999998,19,-20.88780701617387,21.0,25.0,8.482828245937176e-10,1.507978823668805e-08,1.7952128625800047e-08
1222,"(1.0, 1.0, 4.0, 4.0, 7.0, 9.0, 14.0)",1392592499.9999998,5,-21.52323243665837,6.0,8.0,4.49343972084683e-10,4.308510924768015e-09,5.744681214460753e-09
1223,"(1.0, 1.0, 4.0, 4.0, 7.0, 11.0, 12.0)",1392592499.9999998,1,-21.3656277931058,1.0,1.0,5.260484521361604e-10,7.180851541280024e-10,7.180851536123561e-10
1224,"(1.0, 1.0, 4.0, 4.0, 7.0, 11.0, 14.0)",1392592499.9999998,16,-21.152457906934178,17.0,19.0,6.510348729115632e-10,1.220744762017604e-08,1.3643617779410269e-08
1225,"(1.0, 1.0, 4.0, 4.0, 7.0, 12.0, 13.0)",1453139999.9999998,1,-21.36086915029392,1.0,1.0,5.285576943803236e-10,6.881649393726689e-10,6.881649388990979e-10
1226,"(1.0, 1.0, 4.0, 4.0, 7.0, 12.0, 14.0)",1453139999.9999998,8,-21.27052638391766,9.0,11.0,5.785325041538065e-10,6.193484454354021e-09,7.569814294740109e-09
1227,"(1.0, 1.0, 4.0, 4.0, 7.0, 13.0, 14.0)",1453139999.9999998,6,-21.147699264122306,6.0,6.0,6.541402982747512e-10,4.128989636236013e-09,4.128989619187458e-09
1228,"(1.0, 1.0, 4.0, 4.0, 7.0, 14.0, 14.0)",726569999.9999999,21,-21.05735649774604,22.0,24.0,7.159888671614059e-10,3.0279257332397436e-08,3.303191617305468e-08
1229,"(1.0, 1.0, 4.0, 4.0, 8.0, 8.0, 14.0)",612740700.0000001,8,-20.766694313460125,8.0,8.0,9.575010354541033e-10,1.305609371141822e-08,1.3056093540956638e-08
1230,"(1.0, 1.0, 4.0, 4.0, 8.0, 9.0, 11.0)",1029404376.0,1,-21.49722114313276,1.0,1.0,4.6118532687910676e-10,9.71435544004332e-10,9.71435543060645e-10
1231,"(1.0, 1.0, 4.0, 4.0, 8.0, 9.0, 14.0)",1225481400.0000002,10,-21.402119733944623,11.0,13.0,5.071979604823535e-10,8.976064426600027e-09,1.0608076059957572e-08
1232,"(1.0, 1.0, 4.0, 4.0, 8.0, 11.0, 13.0)",1225481400.0000002,1,-21.121687970596696,1.0,1.0,6.713785563541136e-10,8.160058569636388e-10,8.160058562977732e-10
1233,"(1.0, 1.0, 4.0, 4.0, 8.0, 11.0, 14.0)",1225481400.0000002,10,-21.03134520422044,13.0,21.0,7.348569920982515e-10,1.0608076140527305e-08,1.7136122883705137e-08
1234,"(1.0, 1.0, 4.0, 4.0, 8.0, 12.0, 14.0)",1336888800.0,10,-21.14941368120392,10.0,10.0,6.530197897575394e-10,7.480053688833357e-09,7.480053632882154e-09
1235,"(1.0, 1.0, 4.0, 4.0, 8.0, 13.0, 14.0)",1336888800.0,13,-21.02658656140856,13.0,13.0,7.383622475561896e-10,9.724069795483365e-09,9.72406970092583e-09
1236,"(1.0, 1.0, 4.0, 4.0, 8.0, 14.0, 14.0)",668444400.0,23,-20.936243795032297,25.0,31.0,8.081739507209768e-10,3.740026844416678e-08,4.637633147198674e-08
1237,"(1.0, 1.0, 4.0, 4.0, 9.0, 9.0, 14.0)",612740700.0000001,3,-22.03754515442912,3.0,3.0,2.686678777276268e-10,4.8960351417818325e-09,4.896035117810673e-09
1238,"(1.0, 1.0, 4.0, 4.0, 9.0, 11.0, 12.0)",1225481400.0000002,1,-21.87994051087655,1.0,1.0,3.1453035980794334e-10,8.160058569636388e-10,8.160058562977732e-10
1239,"(1.0, 1.0, 4.0, 4.0, 9.0, 11.0, 14.0)",1225481400.0000002,10,-21.66677062470493,10.0,10.0,3.892611640484211e-10,8.160058569636387e-09,8.160058503049832e-09
1240,"(1.0, 1.0, 4.0, 4.0, 9.0, 12.0, 13.0)",1336888800.0,1,-21.87518186806468,3.0,9.0,3.160306643192393e-10,2.244016106650007e-09,6.732048314914413e-09
1241,"(1.0, 1.0, 4.0, 4.0, 9.0, 12.0, 14.0)",1336888800.0,6,-21.78483910168841,7.0,9.0,3.4591117216135794e-10,5.23603758218335e-09,6.7320482925339315e-09
1242,"(1.0, 1.0, 4.0, 4.0, 9.0, 13.0, 14.0)",1336888800.0,9,-21.66201198189306,9.0,9.0,3.9111793323550623e-10,6.7320483199500214e-09,6.732048274629547e-09
1243,"(1.0, 1.0, 4.0, 4.0, 9.0, 14.0, 14.0)",668444400.0,12,-21.5716692155168,13.0,15.0,4.280978968615354e-10,1.944813959096673e-08,2.2440160688269935e-08
1244,"(1.0, 1.0, 4.0, 4.0, 11.0, 11.0, 14.0)",612740700.0000001,2,-21.295996094980744,3.0,5.0,5.63983514210602e-10,4.8960351417818325e-09,8.160058545665227e-09
1245,"(1.0, 1.0, 4.0, 4.0, 11.0, 12.0, 13.0)",1336888800.0,1,-21.50440733834049,1.0,1.0,4.57883038748004e-10,7.480053688833357e-10,7.480053683238237e-10
1246,"(1.0, 1.0, 4.0, 4.0, 11.0, 12.0, 14.0)",1336888800.0,7,-21.414064571964225,7.0,7.0,5.011756026501606e-10,5.23603758218335e-09,5.23603755476726e-09
1247,"(1.0, 1.0, 4.0, 4.0, 11.0, 13.0, 14.0)",1336888800.0,3,-21.29123745216887,3.0,3.0,5.666737060610295e-10,2.244016106650007e-09,2.2440161016143988e-09
1248,"(1.0, 1.0, 4.0, 4.0, 11.0, 14.0, 14.0)",668444400.0,14,-21.200894685792605,14.0,14.0,6.202523616460875e-10,2.09441503287334e-08,2.094414989007597e-08
1249,"(1.0, 1.0, 4.0, 4.0, 12.0, 12.0, 14.0)",668444400.0,4,-21.532133048947703,4.0,4.0,4.453622816321515e-10,5.9840429510666854e-09,5.984042915257915e-09
1250,"(1.0, 1.0, 4.0, 4.0, 12.0, 13.0, 14.0)",1336888800.0,11,-21.40930592915235,13.0,17.0,5.035662018217866e-10,9.724069795483365e-09,1.2716091176459173e-08
1251,"(1.0, 1.0, 4.0, 4.0, 12.0, 14.0, 14.0)",668444400.0,19,-21.31896316277609,20.0,22.0,5.51178081115121e-10,2.9920214755333426e-08,3.291223533564752e-08
1252,"(1.0, 1.0, 4.0, 4.0, 13.0, 13.0, 14.0)",668444400.0,1,-21.286478809357,1.0,1.0,5.693767300812057e-10,1.4960107377666714e-09,1.4960107355286232e-09
1253,"(1.0, 1.0, 4.0, 4.0, 13.0, 14.0, 14.0)",668444400.0,18,-21.19613604298073,19.0,21.0,6.232109549497309e-10,2.8424204017566758e-08,3.1416224685164726e-08
1254,"(1.0, 1.0, 4.0, 4.0, 14.0, 14.0, 14.0)",222814800.0,14,-21.105793276604462,20.0,38.0,6.82135173163752e-10,8.976064426600028e-08,1.7054521604842727e-07
1255,"(1.0, 1.0, 4.0, 6.0, 6.0, 6.0, 14.0)",484379999.9999998,1,-21.430746355940112,2.0,4.0,4.928844474153567e-10,4.128989636236014e-09,8.257979255423474e-09
1256,"(1.0, 1.0, 4.0, 6.0, 6.0, 7.0, 14.0)",1453139999.9999995,7,-21.21149292286283,7.0,7.0,6.137134915269836e-10,4.817154575608684e-09,4.817154552403706e-09
1257,"(1.0, 1.0, 4.0, 6.0, 6.0, 8.0, 13.0)",1392592499.9999998,1,-21.18072298652535,1.0,1.0,6.328909480896572e-10,7.180851541280024e-10,7.180851536123561e-10
1258,"(1.0, 1.0, 4.0, 6.0, 6.0, 8.0, 14.0)",1392592499.9999998,11,-21.09038022014909,17.0,35.0,6.927304037903655e-10,1.220744762017604e-08,2.5132980245458304e-08
1259,"(1.0, 1.0, 4.0, 6.0, 6.0, 9.0, 13.0)",1392592499.9999998,1,-21.816148407009848,1.0,1.0,3.3524872161269225e-10,7.180851541280024e-10,7.180851536123561e-10
1260,"(1.0, 1.0, 4.0, 6.0, 6.0, 9.0, 14.0)",1392592499.9999998,10,-21.725805640633585,10.0,10.0,3.669462851285172e-10,7.180851541280024e-09,7.180851489715395e-09
1261,"(1.0, 1.0, 4.0, 6.0, 6.0, 11.0, 14.0)",1392592499.9999998,10,-21.3550311109094,10.0,10.0,5.316524599087997e-10,7.180851541280024e-09,7.180851489715395e-09
1262,"(1.0, 1.0, 4.0, 6.0, 6.0, 12.0, 14.0)",1453139999.9999998,7,-21.473099587892875,7.0,7.0,4.724450897615017e-10,4.817154575608683e-09,4.817154552403705e-09
1263,"(1.0, 1.0, 4.0, 6.0, 6.0, 13.0, 14.0)",1453139999.9999998,13,-21.35027246809752,15.0,21.0,5.341884331755192e-10,1.0322474090590035e-08,1.4451463620272578e-08
1264,"(1.0, 1.0, 4.0, 6.0, 6.0, 14.0, 14.0)",726569999.9999999,16,-21.25992970172126,17.0,19.0,5.846956258906676e-10,2.3397607938670744e-08,2.615026714871336e-08
1265,"(1.0, 1.0, 4.0, 6.0, 7.0, 7.0, 14.0)",1453139999.9999995,21,-20.992239489785547,24.0,30.0,7.641633889187049e-10,1.6515958544944057e-08,2.0644947908403188e-08
1266,"(1.0, 1.0, 4.0, 6.0, 7.0, 8.0, 9.0)",2450962800.0000005,1,-21.33700272598413,1.0,1.0,5.413242162150515e-10,4.080029284818194e-10,4.08002928315353e-10
1267,"(1.0, 1.0, 4.0, 6.0, 7.0, 8.0, 13.0)",2785184999.9999995,4,-20.96146955344807,5.0,7.0,7.880421375532016e-10,1.795212885320006e-09,2.513298036225219e-09
1268,"(1.0, 1.0, 4.0, 6.0, 7.0, 8.0, 14.0)",2785184999.9999995,31,-20.871126787071805,35.0,43.0,8.625510442183165e-10,1.2566490197240041e-08,1.5438830655835375e-08
1269,"(1.0, 1.0, 4.0, 6.0, 7.0, 9.0, 14.0)",2785184999.9999995,18,-21.506552207556304,20.0,26.0,4.5690199199834156e-10,7.180851541280024e-09,9.335106952099402e-09
1270,"(1.0, 1.0, 4.0, 6.0, 7.0, 11.0, 12.0)",2785184999.9999995,1,-21.348947564003733,1.0,1.0,5.348966506740189e-10,3.590425770640012e-10,3.5904257693508965e-10
1271,"(1.0, 1.0, 4.0, 6.0, 7.0, 11.0, 13.0)",2785184999.9999995,1,-21.226120444208377,1.0,1.0,6.048017217802631e-10,3.590425770640012e-10,3.5904257693508965e-10
1272,"(1.0, 1.0, 4.0, 6.0, 7.0, 11.0, 14.0)",2785184999.9999995,20,-21.13577767783212,21.0,23.0,6.619853581514596e-10,7.539894118344025e-09,8.257979215622024e-09
1273,"(1.0, 1.0, 4.0, 6.0, 7.0, 12.0, 12.0)",1453139999.9999998,1,-21.46701604098721,1.0,1.0,4.753279918692798e-10,6.881649393726689e-10,6.881649388990979e-10
1274,"(1.0, 1.0, 4.0, 6.0, 7.0, 12.0, 14.0)",2906279999.9999995,14,-21.2538461548156,15.0,17.0,5.882634907892905e-10,5.1612370452950175e-09,5.849401958029318e-09
1275,"(1.0, 1.0, 4.0, 6.0, 7.0, 13.0, 14.0)",2906279999.9999995,19,-21.13101903502024,21.0,25.0,6.651430171445516e-10,7.225731863413024e-09,8.602061689947161e-09
1276,"(1.0, 1.0, 4.0, 6.0, 7.0, 14.0, 14.0)",1453139999.9999998,53,-21.040676268643978,59.0,71.0,7.280318864342732e-10,4.060173142298747e-08,4.8859709046958896e-08
1277,"(1.0, 1.0, 4.0, 6.0, 8.0, 8.0, 12.0)",1225481400.0000002,1,-20.963183970529684,1.0,1.0,7.866922621069419e-10,8.160058569636388e-10,8.160058562977732e-10
1278,"(1.0, 1.0, 4.0, 6.0, 8.0, 8.0, 14.0)",1225481400.0000002,13,-20.750014084358064,16.0,22.0,9.73606318584385e-10,1.305609371141822e-08,1.795212868273847e-08
1279,"(1.0, 1.0, 4.0, 6.0, 8.0, 9.0, 12.0)",2450962800.0000005,1,-21.59860939101418,1.0,1.0,4.1671882963411945e-10,4.080029284818194e-10,4.08002928315353e-10
1280,"(1.0, 1.0, 4.0, 6.0, 8.0, 9.0, 14.0)",2450962800.0000005,19,-21.38543950484256,21.0,25.0,5.157290914725123e-10,8.568061498118208e-09,1.0200073138633807e-08
1281,"(1.0, 1.0, 4.0, 6.0, 8.0, 11.0, 12.0)",2450962800.0000005,2,-21.227834861289992,2.0,2.0,6.037657276941833e-10,8.160058569636388e-10,8.160058562977732e-10
1282,"(1.0, 1.0, 4.0, 6.0, 8.0, 11.0, 14.0)",2450962800.0000005,35,-21.01466497511837,37.0,41.0,7.472173755127736e-10,1.5096108353827317e-08,1.6728119839862106e-08
1283,"(1.0, 1.0, 4.0, 6.0, 8.0, 12.0, 12.0)",1336888800.0,2,-21.34590333827348,2.0,2.0,5.365274778646263e-10,1.4960107377666714e-09,1.4960107355286232e-09
1284,"(1.0, 1.0, 4.0, 6.0, 8.0, 12.0, 14.0)",2673777600.0,19,-21.132733452101853,20.0,22.0,6.640036615386692e-10,7.480053688833357e-09,8.22805900176549e-09
1285,"(1.0, 1.0, 4.0, 6.0, 8.0, 13.0, 13.0)",1336888800.0,1,-21.10024909868276,1.0,1.0,6.859275550361948e-10,7.480053688833357e-10,7.480053683238237e-10
1286,"(1.0, 1.0, 4.0, 6.0, 8.0, 13.0, 14.0)",2673777600.0,20,-21.009906332306496,20.0,20.0,7.507815897911216e-10,7.480053688833357e-09,7.480053632882154e-09
1287,"(1.0, 1.0, 4.0, 6.0, 8.0, 14.0, 14.0)",1336888800.0,39,-20.91956356593024,44.0,56.0,8.217675342398752e-10,3.291223623086677e-08,4.188829957425151e-08
1288,"(1.0, 1.0, 4.0, 6.0, 9.0, 9.0, 14.0)",1225481400.0000002,6,-22.02086492532706,6.0,6.0,2.731869038995027e-10,4.8960351417818325e-09,4.896035117810673e-09
1289,"(1.0, 1.0, 4.0, 6.0, 9.0, 11.0, 14.0)",2450962800.0000005,14,-21.65009039560287,15.0,17.0,3.9580858386990435e-10,6.120043927227291e-09,6.936049746735992e-09
1290,"(1.0, 1.0, 4.0, 6.0, 9.0, 12.0, 13.0)",2673777600.0,1,-21.85850163896261,1.0,1.0,3.213463382853784e-10,3.7400268444166784e-10,3.7400268430178984e-10
1291,"(1.0, 1.0, 4.0, 6.0, 9.0, 12.0, 14.0)",2673777600.0,20,-21.76815887258635,26.0,46.0,3.5172943988045557e-10,9.724069795483365e-09,1.7204123389759186e-08
1292,"(1.0, 1.0, 4.0, 6.0, 9.0, 13.0, 13.0)",1336888800.0,1,-21.73567451916725,1.0,1.0,3.6334274749688664e-10,7.480053688833357e-10,7.480053683238237e-10
1293,"(1.0, 1.0, 4.0, 6.0, 9.0, 13.0, 14.0)",2673777600.0,20,-21.645331752790995,23.0,29.0,3.976965841391081e-10,8.60206174215836e-09,1.0846077774812901e-08
1294,"(1.0, 1.0, 4.0, 6.0, 9.0, 14.0, 14.0)",1336888800.0,33,-21.55498898641473,38.0,48.0,4.352985552223552e-10,2.8424204017566758e-08,3.590425689846474e-08
1295,"(1.0, 1.0, 4.0, 6.0, 11.0, 11.0, 14.0)",1225481400.0000002,18,-21.27931586587868,19.0,21.0,5.734697850770009e-10,1.5504111282309136e-08,1.713612275585895e-08
1296,"(1.0, 1.0, 4.0, 6.0, 11.0, 12.0, 12.0)",1336888800.0,1,-21.61055422903378,2.0,4.0,4.117708012448045e-10,1.4960107377666714e-09,2.9920214732952947e-09
1297,"(1.0, 1.0, 4.0, 6.0, 11.0, 12.0, 13.0)",2673777600.0,2,-21.487727109238424,2.0,2.0,4.6558468679488535e-10,7.480053688833357e-10,7.480053683238237e-10
1298,"(1.0, 1.0, 4.0, 6.0, 11.0, 12.0, 14.0)",2673777600.0,17,-21.39738434286216,17.0,17.0,5.096054368537803e-10,6.3580456355083534e-09,6.358045595083609e-09
1299,"(1.0, 1.0, 4.0, 6.0, 11.0, 13.0, 14.0)",2673777600.0,18,-21.274557223066804,21.0,27.0,5.762052262794621e-10,7.854056373275025e-09,1.009807241823883e-08
1300,"(1.0, 1.0, 4.0, 6.0, 11.0, 14.0, 14.0)",1336888800.0,36,-21.18421445669054,36.0,36.0,6.306850813264383e-10,2.6928193279800086e-08,2.692819255467249e-08
1301,"(1.0, 1.0, 4.0, 6.0, 12.0, 12.0, 13.0)",1336888800.0,3,-21.60579558622191,4.0,6.0,4.137349410216603e-10,2.9920214755333427e-09,4.4880322043478215e-09
1302,"(1.0, 1.0, 4.0, 6.0, 12.0, 12.0, 14.0)",1336888800.0,6,-21.51545281984564,7.0,9.0,4.5285332903121143e-10,5.23603758218335e-09,6.7320482925339315e-09
1303,"(1.0, 1.0, 4.0, 6.0, 12.0, 13.0, 14.0)",2673777600.0,14,-21.392625700050285,15.0,17.0,5.120362461923768e-10,5.6100402666250174e-09,6.358045604035802e-09
1304,"(1.0, 1.0, 4.0, 6.0, 12.0, 14.0, 14.0)",1336888800.0,28,-21.30228293367402,30.0,34.0,5.6044896304932e-10,2.244016106650007e-08,2.5432182038472585e-08
1305,"(1.0, 1.0, 4.0, 6.0, 13.0, 13.0, 14.0)",1336888800.0,6,-21.26979858025493,7.0,9.0,5.789537154903221e-10,5.23603758218335e-09,6.7320482925339315e-09
1306,"(1.0, 1.0, 4.0, 6.0, 13.0, 14.0, 14.0)",1336888800.0,26,-21.179455813878665,26.0,26.0,6.336934385269948e-10,1.944813959096673e-08,1.9448139212736594e-08
1307,"(1.0, 1.0, 4.0, 6.0, 14.0, 14.0, 14.0)",445629600.0,26,-21.0891130475024,27.0,29.0,6.936087692123619e-10,6.05884348795502e-08,6.507646342189176e-08
1308,"(1.0, 1.0, 4.0, 7.0, 7.0, 7.0, 12.0)",484379999.9999998,1,-20.986155942879886,1.0,1.0,7.688263821264688e-10,2.064494818118007e-09,2.0644948138558684e-09
1309,"(1.0, 1.0, 4.0, 7.0, 7.0, 7.0, 14.0)",484379999.9999998,2,-20.772986056708262,2.0,2.0,9.514955969287912e-10,4.128989636236014e-09,4.128989619187459e-09
1310,"(1.0, 1.0, 4.0, 7.0, 7.0, 8.0, 14.0)",1392592499.9999998,18,-20.651873353994525,24.0,42.0,1.0740026708965605e-09,1.723404369907206e-08,3.015957617636384e-08
1311,"(1.0, 1.0, 4.0, 7.0, 7.0, 9.0, 12.0)",1392592499.9999998,1,-21.50046866065064,1.0,1.0,4.5969004873620493e-10,7.180851541280024e-10,7.180851536123561e-10
1312,"(1.0, 1.0, 4.0, 7.0, 7.0, 9.0, 13.0)",1392592499.9999998,2,-21.377641540855286,3.0,5.0,5.197664494824867e-10,2.1542554623840073e-09,3.5904257659991953e-09
1313,"(1.0, 1.0, 4.0, 7.0, 7.0, 9.0, 14.0)",1392592499.9999998,13,-21.287298774479023,16.0,24.0,5.689100523771151e-10,1.1489362466048038e-08,1.723404356706661e-08
1314,"(1.0, 1.0, 4.0, 7.0, 7.0, 11.0, 12.0)",1392592499.9999998,3,-21.129694130926453,3.0,3.0,6.660248518951613e-10,2.1542554623840073e-09,2.1542554577431907e-09
1315,"(1.0, 1.0, 4.0, 7.0, 7.0, 11.0, 13.0)",1392592499.9999998,1,-21.006867011131096,1.0,1.0,7.530669273532689e-10,7.180851541280024e-10,7.180851536123561e-10
1316,"(1.0, 1.0, 4.0, 7.0, 7.0, 11.0, 14.0)",1392592499.9999998,16,-20.916524244754832,19.0,25.0,8.242689490839424e-10,1.3643617928432046e-08,1.795212866705175e-08
1317,"(1.0, 1.0, 4.0, 7.0, 7.0, 12.0, 13.0)",1453139999.9999998,1,-21.124935488114577,1.0,1.0,6.692017792052767e-10,6.881649393726689e-10,6.881649388990979e-10
1318,"(1.0, 1.0, 4.0, 7.0, 7.0, 12.0, 14.0)",1453139999.9999998,14,-21.03459272173832,17.0,23.0,7.324744019888069e-10,1.1698803969335372e-08,1.5827793468709372e-08
1319,"(1.0, 1.0, 4.0, 7.0, 7.0, 13.0, 13.0)",726569999.9999999,1,-21.00210836831922,1.0,1.0,7.566590438952353e-10,1.3763298787453378e-09,1.376329876851054e-09
1320,"(1.0, 1.0, 4.0, 7.0, 7.0, 13.0, 14.0)",1453139999.9999998,8,-20.91176560194296,9.0,11.0,8.282006980686412e-10,6.193484454354021e-09,7.569814294740109e-09
1321,"(1.0, 1.0, 4.0, 7.0, 7.0, 14.0, 14.0)",726569999.9999999,31,-20.821422835566693,32.0,34.0,9.065065723001646e-10,4.404255611985081e-08,4.679521393759474e-08
1322,"(1.0, 1.0, 4.0, 7.0, 8.0, 8.0, 11.0)",1029404376.0,1,-20.62586206046892,1.0,1.0,1.102305368754598e-09,9.71435544004332e-10,9.71435543060645e-10
1323,"(1.0, 1.0, 4.0, 7.0, 8.0, 8.0, 12.0)",1225481400.0000002,1,-20.7439305374524,1.0,1.0,9.795473512436724e-10,8.160058569636388e-10,8.160058562977732e-10
1324,"(1.0, 1.0, 4.0, 7.0, 8.0, 8.0, 14.0)",1225481400.0000002,14,-20.53076065128078,18.0,28.0,1.2122827901843452e-09,1.4688105425345498e-08,2.2848163779241446e-08
1325,"(1.0, 1.0, 4.0, 7.0, 8.0, 9.0, 12.0)",2450962800.0000005,2,-21.37935595793689,2.0,2.0,5.188761164222266e-10,8.160058569636388e-10,8.160058562977732e-10
1326,"(1.0, 1.0, 4.0, 7.0, 8.0, 9.0, 14.0)",2450962800.0000005,25,-21.16618607176528,27.0,31.0,6.42158426928226e-10,1.1016079069009124e-08,1.2648090661582403e-08
1327,"(1.0, 1.0, 4.0, 7.0, 8.0, 11.0, 14.0)",2450962800.0000005,39,-20.795411542041087,41.0,45.0,9.303953225960266e-10,1.6728120067754593e-08,1.8360131501851873e-08
1328,"(1.0, 1.0, 4.0, 7.0, 8.0, 12.0, 14.0)",2673777600.0,29,-20.91348001902457,34.0,48.0,8.267820330840952e-10,1.2716091271016707e-08,1.795212869150108e-08
1329,"(1.0, 1.0, 4.0, 7.0, 8.0, 13.0, 13.0)",1336888800.0,2,-20.880995665605475,2.0,2.0,8.540804988741786e-10,1.4960107377666714e-09,1.4960107355286232e-09
1330,"(1.0, 1.0, 4.0, 7.0, 8.0, 13.0, 14.0)",2673777600.0,22,-20.79065289922921,23.0,25.0,9.348332925924138e-10,8.60206174215836e-09,9.35006703704623e-09
1331,"(1.0, 1.0, 4.0, 7.0, 8.0, 14.0, 14.0)",1336888800.0,50,-20.70031013285295,53.0,59.0,1.0232212140320904e-09,3.964428455081679e-08,4.413231519244751e-08
1332,"(1.0, 1.0, 4.0, 7.0, 9.0, 9.0, 13.0)",1225481400.0000002,1,-21.89195425862604,1.0,1.0,3.1077427888621184e-10,8.160058569636388e-10,8.160058562977732e-10
1333,"(1.0, 1.0, 4.0, 7.0, 9.0, 9.0, 14.0)",1225481400.0000002,9,-21.801611492249776,9.0,9.0,3.4015779867025114e-10,7.344052712672749e-09,7.344052658737639e-09
1334,"(1.0, 1.0, 4.0, 7.0, 9.0, 11.0, 13.0)",2450962800.0000005,1,-21.52117972890185,1.0,1.0,4.5026729126954374e-10,4.080029284818194e-10,4.08002928315353e-10
1335,"(1.0, 1.0, 4.0, 7.0, 9.0, 11.0, 14.0)",2450962800.0000005,18,-21.43083696252559,20.0,26.0,4.928397908616611e-10,8.160058569636387e-09,1.060807607394075e-08
1336,"(1.0, 1.0, 4.0, 7.0, 9.0, 12.0, 13.0)",2673777600.0,1,-21.63924820588533,1.0,1.0,4.0012336419358923e-10,3.7400268444166784e-10,3.7400268430178984e-10
1337,"(1.0, 1.0, 4.0, 7.0, 9.0, 12.0, 14.0)",2673777600.0,16,-21.54890543950907,19.0,31.0,4.3795478586070525e-10,7.1060510043916894e-09,1.1594083167195744e-08
1338,"(1.0, 1.0, 4.0, 7.0, 9.0, 13.0, 14.0)",2673777600.0,17,-21.42607831971371,17.0,17.0,4.951906283516527e-10,6.3580456355083534e-09,6.358045595083609e-09
1339,"(1.0, 1.0, 4.0, 7.0, 9.0, 14.0, 14.0)",1336888800.0,44,-21.33573555333745,45.0,47.0,5.420106022477826e-10,3.366024159975011e-08,3.515625120450491e-08
1340,"(1.0, 1.0, 4.0, 7.0, 11.0, 11.0, 12.0)",1225481400.0000002,1,-21.27323231897301,2.0,4.0,5.769691488929759e-10,1.6320117139272776e-09,3.2640234251910927e-09
1341,"(1.0, 1.0, 4.0, 7.0, 11.0, 11.0, 14.0)",1225481400.0000002,17,-21.0600624328014,17.0,17.0,7.140540666892819e-10,1.3872099568381859e-08,1.3872099375946711e-08
1342,"(1.0, 1.0, 4.0, 7.0, 11.0, 12.0, 12.0)",1336888800.0,1,-21.3913007959565,1.0,1.0,5.127150947164151e-10,7.480053688833357e-10,7.480053683238237e-10
1343,"(1.0, 1.0, 4.0, 7.0, 11.0, 12.0, 14.0)",2673777600.0,26,-21.17813090978488,29.0,35.0,6.345335779871126e-10,1.0846077848808368e-08,1.309009383782097e-08
1344,"(1.0, 1.0, 4.0, 7.0, 11.0, 13.0, 13.0)",1336888800.0,1,-21.145646556365783,1.0,1.0,6.554844362281025e-10,7.480053688833357e-10,7.480053683238237e-10
1345,"(1.0, 1.0, 4.0, 7.0, 11.0, 13.0, 14.0)",2673777600.0,29,-21.055303789989523,30.0,32.0,7.174600925438867e-10,1.1220080533250035e-08,1.1968085776243164e-08
1346,"(1.0, 1.0, 4.0, 7.0, 11.0, 14.0, 14.0)",1336888800.0,45,-20.96496102361326,50.0,62.0,7.852955096159693e-10,3.740026844416678e-08,4.637633147198674e-08
1347,"(1.0, 1.0, 4.0, 7.0, 12.0, 12.0, 13.0)",1336888800.0,1,-21.386542153144624,1.0,1.0,5.151607370705678e-10,7.480053688833357e-10,7.480053683238237e-10
1348,"(1.0, 1.0, 4.0, 7.0, 12.0, 12.0, 14.0)",1336888800.0,5,-21.29619938676836,6.0,8.0,5.638688726470505e-10,4.488032213300014e-09,5.984042930924252e-09
1349,"(1.0, 1.0, 4.0, 7.0, 12.0, 13.0, 14.0)",2673777600.0,15,-21.173372266973004,18.0,26.0,6.375602924518303e-10,6.7320483199500214e-09,9.72406975016289e-09
1350,"(1.0, 1.0, 4.0, 7.0, 12.0, 14.0, 14.0)",1336888800.0,36,-21.08302950059674,38.0,44.0,6.978412318330316e-10,2.8424204017566758e-08,3.2912235422931395e-08
1351,"(1.0, 1.0, 4.0, 7.0, 13.0, 13.0, 14.0)",1336888800.0,10,-21.050545147177647,13.0,21.0,7.208823650843704e-10,9.724069795483365e-09,1.5708112651992517e-08
1352,"(1.0, 1.0, 4.0, 7.0, 13.0, 14.0, 14.0)",1336888800.0,30,-20.960202380801384,34.0,42.0,7.890413559517495e-10,2.5432182542033414e-08,3.1416224846304195e-08
1353,"(1.0, 1.0, 4.0, 7.0, 14.0, 14.0, 14.0)",445629600.0,19,-20.86985961442512,20.0,22.0,8.63644738111064e-10,4.488032213300014e-08,4.936835233205684e-08
1354,"(1.0, 1.0, 4.0, 8.0, 8.0, 8.0, 11.0)",263949839.9999999,1,-20.504749357755173,1.0,1.0,1.244229520354433e-09,3.7885986216168965e-09,3.788598607263417e-09
1355,"(1.0, 1.0, 4.0, 8.0, 8.0, 8.0, 14.0)",329937299.9999999,3,-20.40964794856704,4.0,6.0,1.3683667677942615e-09,1.2123515589174068e-08,1.8185273236781474e-08
1356,"(1.0, 1.0, 4.0, 8.0, 8.0, 9.0, 13.0)",989811899.9999996,1,-21.1354161354278,1.0,1.0,6.622247371997014e-10,1.0102929657645057e-09,1.0102929647438138e-09
1357,"(1.0, 1.0, 4.0, 8.0, 8.0, 9.0, 14.0)",989811899.9999996,9,-21.045073369051536,9.0,9.0,7.248376848886966e-10,9.092636691880551e-09,9.09263660920451e-09
1358,"(1.0, 1.0, 4.0, 8.0, 8.0, 11.0, 12.0)",989811899.9999996,1,-20.88746872549897,1.0,1.0,8.485698393074192e-10,1.0102929657645057e-09,1.0102929647438138e-09
1359,"(1.0, 1.0, 4.0, 8.0, 8.0, 11.0, 13.0)",989811899.9999996,1,-20.76464160570361,1.0,1.0,9.594685239050014e-10,1.0102929657645057e-09,1.0102929647438138e-09
1360,"(1.0, 1.0, 4.0, 8.0, 8.0, 11.0, 14.0)",989811899.9999996,23,-20.674298839327346,24.0,26.0,1.050185691539869e-09,2.4247031178348136e-08,2.6267616521958627e-08
1361,"(1.0, 1.0, 4.0, 8.0, 8.0, 12.0, 14.0)",1131213599.9999998,17,-20.792367316310827,19.0,23.0,9.332319714854805e-10,1.6796120555834904e-08,2.0332145653901008e-08
1362,"(1.0, 1.0, 4.0, 8.0, 8.0, 13.0, 14.0)",1131213599.9999998,8,-20.66954019651547,10.0,14.0,1.0551950595756894e-09,8.840063450439424e-09,1.2376088752468471e-08
1363,"(1.0, 1.0, 4.0, 8.0, 8.0, 14.0, 14.0)",565606799.9999999,29,-20.579197430139207,31.0,35.0,1.1549631131616658e-09,5.480839339272443e-08,6.188044114911599e-08
1364,"(1.0, 1.0, 4.0, 8.0, 9.0, 9.0, 14.0)",989811899.9999996,5,-21.680498789536035,6.0,8.0,3.8395383591615973e-10,6.061757794587034e-09,8.082343689371137e-09
1365,"(1.0, 1.0, 4.0, 8.0, 9.0, 11.0, 11.0)",791849519.9999998,1,-21.404825668999983,1.0,1.0,5.058273709405187e-10,1.262866207205632e-09,1.2628662056108009e-09
1366,"(1.0, 1.0, 4.0, 8.0, 9.0, 11.0, 12.0)",1979623799.9999995,1,-21.522894145983464,1.0,1.0,4.494960066747556e-10,5.051464828822528e-10,5.051464826270798e-10
1367,"(1.0, 1.0, 4.0, 8.0, 9.0, 11.0, 14.0)",1979623799.9999995,21,-21.309724259811844,21.0,21.0,5.562939580782351e-10,1.0608076140527308e-08,1.0608076027996028e-08
1368,"(1.0, 1.0, 4.0, 8.0, 9.0, 12.0, 13.0)",2262427199.9999995,1,-21.51813550317159,1.0,1.0,4.516400950452263e-10,4.420031725219712e-10,4.420031723266044e-10
1369,"(1.0, 1.0, 4.0, 8.0, 9.0, 12.0, 14.0)",2262427199.9999995,20,-21.427792736795325,21.0,23.0,4.943423924026141e-10,9.282066622961395e-09,1.0166072881848577e-08
1370,"(1.0, 1.0, 4.0, 8.0, 9.0, 13.0, 14.0)",2262427199.9999995,11,-21.30496561699997,12.0,14.0,5.589474708756062e-10,5.304038070263654e-09,6.188044387174777e-09
1371,"(1.0, 1.0, 4.0, 8.0, 9.0, 14.0, 14.0)",1131213599.9999998,30,-21.214622850623705,35.0,47.0,6.11795615604873e-10,3.0940222076537986e-08,4.154829725976795e-08
1372,"(1.0, 1.0, 4.0, 8.0, 11.0, 11.0, 14.0)",989811899.9999996,13,-20.938949730087653,15.0,21.0,8.059900405889514e-10,1.5154394486467586e-08,2.1216152051398947e-08
1373,"(1.0, 1.0, 4.0, 8.0, 11.0, 12.0, 13.0)",2262427199.9999995,3,-21.1473609734474,5.0,11.0,6.543616252720553e-10,2.210015862609856e-09,4.862034892857513e-09
1374,"(1.0, 1.0, 4.0, 8.0, 11.0, 12.0, 14.0)",2262427199.9999995,21,-21.05701820707114,27.0,41.0,7.162311204922101e-10,1.1934085658093222e-08,1.812212993097842e-08
1375,"(1.0, 1.0, 4.0, 8.0, 11.0, 13.0, 14.0)",2262427199.9999995,22,-20.93419108727577,23.0,25.0,8.098345994884368e-10,1.0166072968005337e-08,1.105007920970024e-08
1376,"(1.0, 1.0, 4.0, 8.0, 11.0, 14.0, 14.0)",1131213599.9999998,34,-20.84384832089952,37.0,43.0,8.864039702264083e-10,3.270823476662587e-08,3.80122717670609e-08
1377,"(1.0, 1.0, 4.0, 8.0, 12.0, 12.0, 14.0)",1182632399.9999998,7,-21.17508668405462,10.0,18.0,6.364681846275417e-10,8.455712865637709e-09,1.5220283086648798e-08
1378,"(1.0, 1.0, 4.0, 8.0, 12.0, 13.0, 14.0)",2365264799.9999995,22,-21.05225956425926,23.0,25.0,7.196475308567383e-10,9.724069795483366e-09,1.0569640987489604e-08
1379,"(1.0, 1.0, 4.0, 8.0, 12.0, 14.0, 14.0)",1182632399.9999998,28,-20.961916797883,31.0,39.0,7.876897688960245e-10,2.6212709883476898e-08,3.297727948888091e-08
1380,"(1.0, 1.0, 4.0, 8.0, 13.0, 13.0, 14.0)",1182632399.9999998,13,-20.929432444463902,16.0,22.0,8.136974968690174e-10,1.3529140585020335e-08,1.8602568121365315e-08
1381,"(1.0, 1.0, 4.0, 8.0, 13.0, 14.0, 14.0)",1182632399.9999998,27,-20.83908967808764,30.0,36.0,8.906321022139734e-10,2.536713859691313e-08,3.044056567280404e-08
1382,"(1.0, 1.0, 4.0, 8.0, 14.0, 14.0, 14.0)",394210800.0,30,-20.74874691171138,31.0,33.0,9.74840827882952e-10,7.863812965043068e-08,8.371155118585788e-08
1383,"(1.0, 1.0, 4.0, 9.0, 9.0, 9.0, 14.0)",329937299.9999999,4,-22.315924210020533,4.0,4.0,2.033842213065545e-10,1.2123515589174068e-08,1.2123515442194438e-08
1384,"(1.0, 1.0, 4.0, 9.0, 9.0, 11.0, 14.0)",989811899.9999996,9,-21.945149680296343,11.0,15.0,2.9467452307466596e-10,1.1113222623409564e-08,1.515439436296387e-08
1385,"(1.0, 1.0, 4.0, 9.0, 9.0, 12.0, 14.0)",1131213599.9999998,10,-22.063218157279824,11.0,13.0,2.618581535921395e-10,9.724069795483366e-09,1.1492082391013718e-08
1386,"(1.0, 1.0, 4.0, 9.0, 9.0, 13.0, 14.0)",1131213599.9999998,6,-21.940391037484467,6.0,6.0,2.960801155796413e-10,5.304038070263654e-09,5.304038042130834e-09
1387,"(1.0, 1.0, 4.0, 9.0, 9.0, 14.0, 14.0)",565606799.9999999,7,-21.850048271108204,7.0,7.0,3.2407431112560036e-10,1.2376088830615193e-08,1.2376088677447618e-08
1388,"(1.0, 1.0, 4.0, 9.0, 11.0, 11.0, 12.0)",989811899.9999996,1,-21.78754503674377,1.0,1.0,3.449764242484971e-10,1.0102929657645057e-09,1.0102929647438138e-09
1389,"(1.0, 1.0, 4.0, 9.0, 11.0, 11.0, 14.0)",989811899.9999996,8,-21.574375150572152,9.0,11.0,4.269410576270867e-10,9.092636691880551e-09,1.1113222540733521e-08
1390,"(1.0, 1.0, 4.0, 9.0, 11.0, 12.0, 13.0)",2262427199.9999995,2,-21.7827863939319,2.0,2.0,3.4662195597365844e-10,8.840063450439424e-10,8.840063442624752e-10
1391,"(1.0, 1.0, 4.0, 9.0, 11.0, 12.0, 14.0)",2262427199.9999995,12,-21.69244362755564,14.0,20.0,3.793948519077622e-10,6.188044415307597e-09,8.840063412147532e-09
1392,"(1.0, 1.0, 4.0, 9.0, 11.0, 13.0, 14.0)",2262427199.9999995,11,-21.56961650776028,12.0,14.0,4.289775592710187e-10,5.304038070263654e-09,6.188044387174777e-09
1393,"(1.0, 1.0, 4.0, 9.0, 11.0, 14.0, 14.0)",1131213599.9999998,16,-21.479273741384013,18.0,24.0,4.69537127601204e-10,1.5912114210790962e-08,2.1216152027859236e-08
1394,"(1.0, 1.0, 4.0, 9.0, 12.0, 12.0, 14.0)",1182632399.9999998,5,-21.810512104539114,5.0,5.0,3.371436199041794e-10,4.2278564328188544e-09,4.2278564149440844e-09
1395,"(1.0, 1.0, 4.0, 9.0, 12.0, 13.0, 14.0)",2365264799.9999995,12,-21.68768498474376,12.0,12.0,3.81204558952348e-10,5.073427719382626e-09,5.073427693642957e-09
1396,"(1.0, 1.0, 4.0, 9.0, 12.0, 14.0, 14.0)",1182632399.9999998,16,-21.59734221836749,18.0,22.0,4.172472190459925e-10,1.5220283158147878e-08,1.860256807274594e-08
1397,"(1.0, 1.0, 4.0, 9.0, 13.0, 13.0, 14.0)",1182632399.9999998,3,-21.5648578649484,3.0,3.0,4.310237749934469e-10,2.536713859691313e-09,2.536713853256396e-09
1398,"(1.0, 1.0, 4.0, 9.0, 13.0, 14.0, 14.0)",1182632399.9999998,33,-21.47451509857214,34.0,36.0,4.717768117804712e-10,2.8749423743168213e-08,3.044056548976639e-08
1399,"(1.0, 1.0, 4.0, 9.0, 14.0, 14.0, 14.0)",394210800.0,18,-21.38417233219588,20.0,26.0,5.163830235052116e-10,5.073427719382625e-08,6.595455777800724e-08
1400,"(1.0, 1.0, 4.0, 11.0, 11.0, 11.0, 13.0)",329937299.9999999,1,-21.293943387224225,1.0,1.0,5.651423965612429e-10,3.030878897293517e-09,3.03087888810729e-09
1401,"(1.0, 1.0, 4.0, 11.0, 11.0, 11.0, 14.0)",329937299.9999999,7,-21.203600620847965,7.0,7.0,6.185762677608479e-10,2.121615228105462e-08,2.1216151830929502e-08
1402,"(1.0, 1.0, 4.0, 11.0, 11.0, 12.0, 13.0)",1131213599.9999998,1,-21.412011864207702,3.0,9.0,5.022054262989902e-10,2.652019035131827e-09,7.956057098362275e-09
1403,"(1.0, 1.0, 4.0, 11.0, 11.0, 12.0, 14.0)",1131213599.9999998,9,-21.32166909783145,11.0,17.0,5.496886450910752e-10,9.724069795483366e-09,1.5028107771189486e-08
1404,"(1.0, 1.0, 4.0, 11.0, 11.0, 13.0, 14.0)",1131213599.9999998,10,-21.19884197803609,11.0,13.0,6.215268661249283e-10,9.724069795483366e-09,1.1492082391013718e-08
1405,"(1.0, 1.0, 4.0, 11.0, 11.0, 14.0, 14.0)",565606799.9999999,12,-21.108499211659822,12.0,12.0,6.802918547608806e-10,2.1216152281054616e-08,2.12161518309295e-08
1406,"(1.0, 1.0, 4.0, 11.0, 12.0, 12.0, 12.0)",394210800.0,1,-21.652907460986548,1.0,1.0,3.9469513427622346e-10,2.536713859691312e-09,2.536713853256395e-09
1407,"(1.0, 1.0, 4.0, 11.0, 12.0, 12.0, 14.0)",1182632399.9999998,7,-21.439737574814927,7.0,7.0,4.884726787786878e-10,5.918999005946397e-09,5.918998970911848e-09
1408,"(1.0, 1.0, 4.0, 11.0, 12.0, 13.0, 13.0)",1182632399.9999998,2,-21.40725322139584,2.0,2.0,5.046009377120446e-10,1.6911425731275419e-09,1.6911425702675787e-09
1409,"(1.0, 1.0, 4.0, 11.0, 12.0, 13.0, 14.0)",2365264799.9999995,9,-21.31691045501957,10.0,12.0,5.523106506569073e-10,4.2278564328188544e-09,5.073427701507856e-09
1410,"(1.0, 1.0, 4.0, 11.0, 12.0, 14.0, 14.0)",1182632399.9999998,23,-21.226567688643307,25.0,29.0,6.045312880554577e-10,2.1139282164094276e-08,2.4521566863480107e-08
1411,"(1.0, 1.0, 4.0, 11.0, 13.0, 13.0, 14.0)",1182632399.9999998,6,-21.194083335224214,6.0,6.0,6.244915387934394e-10,5.073427719382626e-09,5.073427693642957e-09
1412,"(1.0, 1.0, 4.0, 11.0, 13.0, 14.0, 14.0)",1182632399.9999998,31,-21.10374056884795,35.0,45.0,6.835368354340306e-10,2.9594995029731984e-08,3.805070701950596e-08
1413,"(1.0, 1.0, 4.0, 11.0, 14.0, 14.0, 14.0)",394210800.0,13,-21.013397802471687,15.0,19.0,7.481648290990061e-10,3.805070789536969e-08,4.819756188627856e-08
1414,"(1.0, 1.0, 4.0, 12.0, 12.0, 13.0, 14.0)",1131213599.9999995,7,-21.43497893200305,7.0,7.0,4.908026852176991e-10,6.188044415307598e-09,6.1880443770157045e-09
1415,"(1.0, 1.0, 4.0, 12.0, 12.0, 14.0, 14.0)",565606799.9999998,6,-21.34463616562679,6.0,6.0,5.3720778174898e-10,1.0608076140527311e-08,1.0608076027996031e-08
1416,"(1.0, 1.0, 4.0, 12.0, 13.0, 13.0, 14.0)",1131213599.9999995,4,-21.31215181220769,4.0,4.0,5.549451631450645e-10,3.5360253801757704e-09,3.536025367672295e-09
1417,"(1.0, 1.0, 4.0, 12.0, 13.0, 14.0, 14.0)",1131213599.9999995,21,-21.22180904583143,24.0,36.0,6.074148921032311e-10,2.1216152281054623e-08,3.182422797145681e-08
1418,"(1.0, 1.0, 4.0, 12.0, 14.0, 14.0, 14.0)",377071199.9999998,13,-21.131466279455168,14.0,16.0,6.648456021452625e-10,3.712826649184559e-08,4.2432303183601075e-08
1419,"(1.0, 1.0, 4.0, 13.0, 13.0, 14.0, 14.0)",565606799.9999998,9,-21.098981926036075,12.0,24.0,6.867972946102628e-10,2.1216152281054623e-08,4.2432304111984125e-08
1420,"(1.0, 1.0, 4.0, 13.0, 14.0, 14.0, 14.0)",377071199.9999998,10,-21.00863915965981,10.0,10.0,7.517335627149803e-10,2.6520190351318277e-08,2.652018964799778e-08
1421,"(1.0, 1.0, 4.0, 14.0, 14.0, 14.0, 14.0)",94267799.99999996,4,-20.918296393283548,5.0,7.0,8.228095156269313e-10,5.304038070263655e-08,7.425653017040919e-08
1422,"(1.0, 1.0, 6.0, 6.0, 6.0, 7.0, 9.0)",445629600.0,1,-21.660688632673097,1.0,1.0,3.9163586147174515e-10,2.244016106650007e-09,2.2440161016143988e-09
1423,"(1.0, 1.0, 6.0, 6.0, 6.0, 7.0, 14.0)",484379999.9999998,4,-21.194812693760767,4.0,4.0,6.240362266217091e-10,8.257979272472028e-09,8.257979204277806e-09
1424,"(1.0, 1.0, 6.0, 6.0, 6.0, 8.0, 14.0)",464197500.0,4,-21.073699991047025,4.0,4.0,7.043822128985506e-10,8.617021849536028e-09,8.617021775282962e-09
1425,"(1.0, 1.0, 6.0, 6.0, 6.0, 9.0, 14.0)",464197500.0,1,-21.709125411531524,1.0,1.0,3.7311836598981586e-10,2.154255462384007e-09,2.1542554577431903e-09
1426,"(1.0, 1.0, 6.0, 6.0, 6.0, 11.0, 14.0)",464197500.0,2,-21.338350881807333,2.0,2.0,5.405949185346382e-10,4.308510924768014e-09,4.3085109062047475e-09
1427,"(1.0, 1.0, 6.0, 6.0, 6.0, 13.0, 14.0)",484380000.0,3,-21.333592238995458,3.0,3.0,5.431735471781722e-10,6.193484454354019e-09,6.19348441599477e-09
1428,"(1.0, 1.0, 6.0, 6.0, 6.0, 14.0, 14.0)",242190000.0,8,-21.2432494726192,8.0,8.0,5.945302769785785e-10,3.303191708988811e-08,3.303191599878056e-08
1429,"(1.0, 1.0, 6.0, 6.0, 7.0, 7.0, 13.0)",726569999.9999998,1,-21.06590202705975,1.0,1.0,7.098964319262401e-10,1.376329878745338e-09,1.3763298768510541e-09
1430,"(1.0, 1.0, 6.0, 6.0, 7.0, 7.0, 14.0)",726569999.9999998,3,-20.97555926068349,3.0,3.0,7.770167094694154e-10,4.128989636236014e-09,4.128989619187459e-09
1431,"(1.0, 1.0, 6.0, 6.0, 7.0, 8.0, 14.0)",1392592499.9999998,12,-20.854446557969744,15.0,21.0,8.770592570213115e-10,1.0771277311920037e-08,1.5079788120667634e-08
1432,"(1.0, 1.0, 6.0, 6.0, 7.0, 9.0, 14.0)",1392592499.9999998,9,-21.48987197845424,9.0,9.0,4.6458713872033425e-10,6.462766387152021e-09,6.462766345384672e-09
1433,"(1.0, 1.0, 6.0, 6.0, 7.0, 11.0, 11.0)",612740700.0000001,1,-21.21419885791819,1.0,1.0,6.120550674821198e-10,1.6320117139272776e-09,1.6320117112638153e-09
1434,"(1.0, 1.0, 6.0, 6.0, 7.0, 11.0, 12.0)",1392592499.9999998,1,-21.332267334901672,1.0,1.0,5.438936769805847e-10,7.180851541280024e-10,7.180851536123561e-10
1435,"(1.0, 1.0, 6.0, 6.0, 7.0, 11.0, 14.0)",1392592499.9999998,8,-21.11909744873005,8.0,8.0,6.731200318764659e-10,5.744681233024019e-09,5.744681200022657e-09
1436,"(1.0, 1.0, 6.0, 6.0, 7.0, 12.0, 12.0)",726569999.9999999,3,-21.45033581188516,3.0,3.0,4.833230661358758e-10,4.128989636236013e-09,4.128989619187458e-09
1437,"(1.0, 1.0, 6.0, 6.0, 7.0, 12.0, 13.0)",1453139999.9999998,3,-21.3275086920898,3.0,3.0,5.464880406462658e-10,2.0644948181180067e-09,2.064494813855868e-09
1438,"(1.0, 1.0, 6.0, 6.0, 7.0, 12.0, 14.0)",1453139999.9999998,6,-21.237165925713533,6.0,6.0,5.981581537959789e-10,4.128989636236013e-09,4.128989619187458e-09
1439,"(1.0, 1.0, 6.0, 6.0, 7.0, 13.0, 14.0)",1453139999.9999998,9,-21.114338805918177,9.0,9.0,6.763308030754198e-10,6.193484454354021e-09,6.1934844159947715e-09
1440,"(1.0, 1.0, 6.0, 6.0, 7.0, 14.0, 14.0)",726569999.9999999,19,-21.02399603954192,20.0,22.0,7.402774707467057e-10,2.7526597574906758e-08,3.027925657468386e-08
1441,"(1.0, 1.0, 6.0, 6.0, 8.0, 8.0, 12.0)",612740700.0000001,1,-20.94650374142762,1.0,1.0,7.99924521027297e-10,1.6320117139272776e-09,1.6320117112638153e-09
1442,"(1.0, 1.0, 6.0, 6.0, 8.0, 8.0, 13.0)",612740700.0000001,1,-20.823676621632263,1.0,1.0,9.044658010139614e-10,1.6320117139272776e-09,1.6320117112638153e-09
1443,"(1.0, 1.0, 6.0, 6.0, 8.0, 8.0, 14.0)",612740700.0000001,10,-20.733333855256,12.0,16.0,9.899824945232445e-10,1.958414056712733e-08,2.6112187039297878e-08
1444,"(1.0, 1.0, 6.0, 6.0, 8.0, 9.0, 14.0)",1225481400.0000002,11,-21.36875927574049,15.0,25.0,5.244037171169141e-10,1.2240087854454582e-08,2.0400146274271218e-08
1445,"(1.0, 1.0, 6.0, 6.0, 8.0, 11.0, 14.0)",1225481400.0000002,9,-20.997984746016307,10.0,12.0,7.597856620700771e-10,8.160058569636387e-09,9.79207021697711e-09
1446,"(1.0, 1.0, 6.0, 6.0, 8.0, 12.0, 14.0)",1336888800.0,10,-21.11605322299979,10.0,10.0,6.751722833705555e-10,7.480053688833357e-09,7.480053632882154e-09
1447,"(1.0, 1.0, 6.0, 6.0, 8.0, 13.0, 14.0)",1336888800.0,13,-20.99322610320443,18.0,28.0,7.63409826863322e-10,1.3464096639900043e-08,2.0944150147451502e-08
1448,"(1.0, 1.0, 6.0, 6.0, 8.0, 14.0, 14.0)",668444400.0,28,-20.902883336828168,31.0,37.0,8.35589763476357e-10,4.6376332870766815e-08,5.535239514660259e-08
1449,"(1.0, 1.0, 6.0, 6.0, 9.0, 9.0, 14.0)",612740700.0000001,3,-22.004184696225,3.0,3.0,2.777819406377136e-10,4.8960351417818325e-09,4.896035117810673e-09
1450,"(1.0, 1.0, 6.0, 6.0, 9.0, 11.0, 14.0)",1225481400.0000002,9,-21.63341016650081,13.0,27.0,4.0246613208404023e-10,1.0608076140527305e-08,2.203215802548697e-08
1451,"(1.0, 1.0, 6.0, 6.0, 9.0, 12.0, 14.0)",1336888800.0,5,-21.75147864348429,5.0,5.0,3.57645571565727e-10,3.740026844416678e-09,3.740026830428877e-09
1452,"(1.0, 1.0, 6.0, 6.0, 9.0, 13.0, 14.0)",1336888800.0,6,-21.62865152368893,6.0,6.0,4.043858887459381e-10,4.488032213300014e-09,4.488032193157581e-09
1453,"(1.0, 1.0, 6.0, 6.0, 9.0, 14.0, 14.0)",668444400.0,15,-21.53830875731267,15.0,15.0,4.4262032952700007e-10,2.244016106650007e-08,2.244016056293924e-08
1454,"(1.0, 1.0, 6.0, 6.0, 11.0, 11.0, 11.0)",171567396.00000003,1,-21.35773704596476,1.0,1.0,5.30215787527963e-10,5.828613264025992e-09,5.828613230053259e-09
1455,"(1.0, 1.0, 6.0, 6.0, 11.0, 11.0, 14.0)",612740700.0000001,15,-21.26263563677661,16.0,18.0,5.8311561616579e-10,2.611218742283644e-08,2.9376210168844664e-08
1456,"(1.0, 1.0, 6.0, 6.0, 11.0, 12.0, 14.0)",1336888800.0,8,-21.380704113760096,9.0,11.0,5.181770618874499e-10,6.7320483199500214e-09,8.228059012396218e-09
1457,"(1.0, 1.0, 6.0, 6.0, 11.0, 13.0, 14.0)",1336888800.0,11,-21.257876993964743,12.0,14.0,5.858970678198504e-10,8.976064426600029e-09,1.0472075083796968e-08
1458,"(1.0, 1.0, 6.0, 6.0, 11.0, 14.0, 14.0)",668444400.0,19,-21.16753422758848,19.0,19.0,6.412932806126041e-10,2.8424204017566758e-08,2.8424203209631382e-08
1459,"(1.0, 1.0, 6.0, 6.0, 12.0, 12.0, 14.0)",668444400.0,2,-21.49877259074358,2.0,2.0,4.6047037675281296e-10,2.9920214755333427e-09,2.9920214665811503e-09
1460,"(1.0, 1.0, 6.0, 6.0, 12.0, 13.0, 13.0)",668444400.0,1,-21.466288237324484,1.0,1.0,4.756740632434896e-10,1.4960107377666714e-09,1.4960107355286232e-09
1461,"(1.0, 1.0, 6.0, 6.0, 12.0, 13.0, 14.0)",1336888800.0,4,-21.375945470948224,6.0,12.0,5.206487577328828e-10,4.488032213300014e-09,8.976064406457595e-09
1462,"(1.0, 1.0, 6.0, 6.0, 12.0, 14.0, 14.0)",668444400.0,15,-21.28560270457196,15.0,15.0,5.698757823380339e-10,2.244016106650007e-08,2.244016056293924e-08
1463,"(1.0, 1.0, 6.0, 6.0, 13.0, 14.0, 14.0)",668444400.0,13,-21.162775584776604,13.0,13.0,6.443522387448337e-10,1.944813959096673e-08,1.9448139212736594e-08
1464,"(1.0, 1.0, 6.0, 6.0, 14.0, 14.0, 14.0)",222814800.0,8,-21.07243281840034,8.0,8.0,7.052753525330928e-10,3.5904257706400114e-08,3.590425641728439e-08
1465,"(1.0, 1.0, 6.0, 7.0, 7.0, 7.0, 14.0)",484379999.9999998,5,-20.756305827606205,6.0,8.0,9.674998678573171e-10,1.2386968908708043e-08,1.651595839150706e-08
1466,"(1.0, 1.0, 6.0, 7.0, 7.0, 8.0, 12.0)",1392592499.9999998,1,-20.84836301106408,1.0,1.0,8.824111508932309e-10,7.180851541280024e-10,7.180851536123561e-10
1467,"(1.0, 1.0, 6.0, 7.0, 7.0, 8.0, 14.0)",1392592499.9999998,18,-20.63519312489246,18.0,18.0,1.0920675256142041e-09,1.2925532774304042e-08,1.2925532607234645e-08
1468,"(1.0, 1.0, 6.0, 7.0, 7.0, 9.0, 14.0)",1392592499.9999998,10,-21.27061854537696,10.0,10.0,5.784791882108467e-10,7.180851541280024e-09,7.180851489715395e-09
1469,"(1.0, 1.0, 6.0, 7.0, 7.0, 11.0, 14.0)",1392592499.9999998,15,-20.899844015652768,18.0,24.0,8.381332524203914e-10,1.2925532774304042e-08,1.723404353200266e-08
1470,"(1.0, 1.0, 6.0, 7.0, 7.0, 12.0, 12.0)",726569999.9999999,1,-21.23108237880787,1.0,1.0,6.018081682415383e-10,1.3763298787453378e-09,1.376329876851054e-09
1471,"(1.0, 1.0, 6.0, 7.0, 7.0, 12.0, 14.0)",1453139999.9999998,8,-21.01791249263625,8.0,8.0,7.44794709949755e-10,5.505319514981351e-09,5.5053194846728086e-09
1472,"(1.0, 1.0, 6.0, 7.0, 7.0, 13.0, 14.0)",1453139999.9999998,9,-20.89508537284089,9.0,9.0,8.421311338981705e-10,6.193484454354021e-09,6.1934844159947715e-09
1473,"(1.0, 1.0, 6.0, 7.0, 7.0, 14.0, 14.0)",726569999.9999999,33,-20.80474260646463,33.0,33.0,9.217541223975226e-10,4.541888599859615e-08,4.541888393572095e-08
1474,"(1.0, 1.0, 6.0, 7.0, 8.0, 8.0, 14.0)",1225481400.0000002,18,-20.514080422178715,18.0,18.0,1.232673533219554e-09,1.4688105425345498e-08,1.4688105209605057e-08
1475,"(1.0, 1.0, 6.0, 7.0, 8.0, 9.0, 14.0)",2450962800.0000005,29,-21.149505842663217,31.0,35.0,6.529596092739692e-10,1.2648090782936401e-08,1.4280102336889478e-08
1476,"(1.0, 1.0, 6.0, 7.0, 8.0, 11.0, 14.0)",2450962800.0000005,27,-20.778731312939023,30.0,36.0,9.46044684360315e-10,1.2240087854454582e-08,1.4688105275525748e-08
1477,"(1.0, 1.0, 6.0, 7.0, 8.0, 12.0, 12.0)",1336888800.0,1,-21.109969676094128,1.0,1.0,6.792922449089932e-10,7.480053688833357e-10,7.480053683238237e-10
1478,"(1.0, 1.0, 6.0, 7.0, 8.0, 12.0, 13.0)",2673777600.0,2,-20.98714255629877,2.0,2.0,7.680682217681617e-10,7.480053688833357e-10,7.480053683238237e-10
1479,"(1.0, 1.0, 6.0, 7.0, 8.0, 12.0, 14.0)",2673777600.0,24,-20.896799789922508,24.0,24.0,8.406886067971298e-10,8.976064426600029e-09,8.976064346030296e-09
1480,"(1.0, 1.0, 6.0, 7.0, 8.0, 13.0, 14.0)",2673777600.0,30,-20.77397267012715,32.0,36.0,9.505573015483668e-10,1.1968085902133371e-08,1.3464096496664963e-08
1481,"(1.0, 1.0, 6.0, 7.0, 8.0, 14.0, 14.0)",1336888800.0,53,-20.683629903750887,59.0,71.0,1.0404319185083375e-09,4.413231676411681e-08,5.310837924305545e-08
1482,"(1.0, 1.0, 6.0, 7.0, 9.0, 9.0, 12.0)",1225481400.0000002,2,-21.99810114931933,2.0,2.0,2.794769908340705e-10,1.6320117139272776e-09,1.6320117112638153e-09
1483,"(1.0, 1.0, 6.0, 7.0, 9.0, 9.0, 14.0)",1225481400.0000002,9,-21.784931263147712,12.0,20.0,3.4587929395193596e-10,9.792070283563665e-09,1.6320117043388135e-08
1484,"(1.0, 1.0, 6.0, 7.0, 9.0, 11.0, 12.0)",2450962800.0000005,1,-21.627326619595145,1.0,1.0,4.049220163458072e-10,4.080029284818194e-10,4.08002928315353e-10
1485,"(1.0, 1.0, 6.0, 7.0, 9.0, 11.0, 13.0)",2450962800.0000005,1,-21.504499499799785,1.0,1.0,4.578408415234748e-10,4.080029284818194e-10,4.08002928315353e-10
1486,"(1.0, 1.0, 6.0, 7.0, 9.0, 11.0, 14.0)",2450962800.0000005,15,-21.414156733423525,16.0,18.0,5.011294157036158e-10,6.52804685570911e-09,7.344052670057354e-09
1487,"(1.0, 1.0, 6.0, 7.0, 9.0, 12.0, 13.0)",2673777600.0,2,-21.62256797678327,2.0,2.0,4.068534875342104e-10,7.480053688833357e-10,7.480053683238237e-10
1488,"(1.0, 1.0, 6.0, 7.0, 9.0, 12.0, 14.0)",2673777600.0,16,-21.53222521040701,16.0,16.0,4.453212382856925e-10,5.9840429510666854e-09,5.984042915257915e-09
1489,"(1.0, 1.0, 6.0, 7.0, 9.0, 13.0, 13.0)",1336888800.0,2,-21.49974085698792,2.0,2.0,4.6002473461542184e-10,1.4960107377666714e-09,1.4960107355286232e-09
1490,"(1.0, 1.0, 6.0, 7.0, 9.0, 13.0, 14.0)",2673777600.0,23,-21.40939809061165,25.0,29.0,5.035197945642858e-10,9.350067111041696e-09,1.0846077761384613e-08
1491,"(1.0, 1.0, 6.0, 7.0, 9.0, 14.0, 14.0)",1336888800.0,40,-21.319055324235386,41.0,43.0,5.511272860795417e-10,3.0668220124216764e-08,3.2164229921443706e-08
1492,"(1.0, 1.0, 6.0, 7.0, 11.0, 11.0, 14.0)",1225481400.0000002,14,-21.04338220369933,15.0,17.0,7.260645423843927e-10,1.2240087854454582e-08,1.3872099418562109e-08
1493,"(1.0, 1.0, 6.0, 7.0, 11.0, 12.0, 13.0)",2673777600.0,2,-21.25179344705908,3.0,5.0,5.894722640243691e-10,1.1220080533250036e-09,1.8700134209494373e-09
1494,"(1.0, 1.0, 6.0, 7.0, 11.0, 12.0, 14.0)",2673777600.0,23,-21.16145068068281,24.0,26.0,6.452065094522061e-10,8.976064426600029e-09,9.724069714913632e-09
1495,"(1.0, 1.0, 6.0, 7.0, 11.0, 13.0, 13.0)",1336888800.0,3,-21.12896632726372,3.0,3.0,6.665097636607172e-10,2.244016106650007e-09,2.2440161016143988e-09
1496,"(1.0, 1.0, 6.0, 7.0, 11.0, 13.0, 14.0)",2673777600.0,20,-21.03862356088746,22.0,26.0,7.295278580054874e-10,8.228059057716693e-09,9.724069727782408e-09
1497,"(1.0, 1.0, 6.0, 7.0, 11.0, 14.0, 14.0)",1336888800.0,36,-20.948280794511195,40.0,48.0,7.98504274990629e-10,2.9920214755333426e-08,3.5904256811180866e-08
1498,"(1.0, 1.0, 6.0, 7.0, 12.0, 12.0, 12.0)",445629600.0,1,-21.49268904383792,3.0,9.0,4.632802080929575e-10,6.7320483199500214e-09,2.019614491452959e-08
1499,"(1.0, 1.0, 6.0, 7.0, 12.0, 12.0, 14.0)",1336888800.0,7,-21.2795191576663,7.0,7.0,5.73353215228494e-10,5.23603758218335e-09,5.23603755476726e-09
1500,"(1.0, 1.0, 6.0, 7.0, 12.0, 13.0, 13.0)",1336888800.0,2,-21.247034804247203,2.0,2.0,5.922840367815055e-10,1.4960107377666714e-09,1.4960107355286232e-09
1501,"(1.0, 1.0, 6.0, 7.0, 12.0, 13.0, 14.0)",2673777600.0,13,-21.15669203787094,15.0,19.0,6.482841336199964e-10,5.6100402666250174e-09,7.106050972919138e-09
1502,"(1.0, 1.0, 6.0, 7.0, 12.0, 14.0, 14.0)",1336888800.0,36,-21.06634927149468,38.0,42.0,7.095790056865349e-10,2.8424204017566758e-08,3.1416224685164726e-08
1503,"(1.0, 1.0, 6.0, 7.0, 13.0, 13.0, 14.0)",1336888800.0,10,-21.033864918075583,10.0,10.0,7.330076935836837e-10,7.480053688833357e-09,7.480053632882154e-09
1504,"(1.0, 1.0, 6.0, 7.0, 13.0, 14.0, 14.0)",1336888800.0,27,-20.94352215169932,32.0,44.0,8.023131269144623e-10,2.3936171804266742e-08,3.291223565792645e-08
1505,"(1.0, 1.0, 6.0, 7.0, 14.0, 14.0, 14.0)",445629600.0,29,-20.85317938532306,30.0,32.0,8.781713469775079e-10,6.732048319950022e-08,7.180851088075277e-08
1506,"(1.0, 1.0, 6.0, 8.0, 8.0, 8.0, 11.0)",263949839.9999999,1,-20.488069128653112,1.0,1.0,1.265157611251859e-09,3.7885986216168965e-09,3.788598607263417e-09
1507,"(1.0, 1.0, 6.0, 8.0, 8.0, 8.0, 13.0)",329937299.9999999,2,-20.48331048584124,2.0,2.0,1.271192391718904e-09,6.061757794587034e-09,6.061757757842127e-09
1508,"(1.0, 1.0, 6.0, 8.0, 8.0, 8.0, 14.0)",329937299.9999999,6,-20.392967719464973,7.0,9.0,1.3913828621956142e-09,2.121615228105462e-08,2.727790962551654e-08
1509,"(1.0, 1.0, 6.0, 8.0, 8.0, 9.0, 14.0)",989811899.9999996,10,-21.028393139949472,10.0,10.0,7.370295423451188e-10,1.0102929657645057e-08,1.010292955557587e-08
1510,"(1.0, 1.0, 6.0, 8.0, 8.0, 11.0, 14.0)",989811899.9999996,10,-20.65761861022528,11.0,13.0,1.0678499417864524e-09,1.1113222623409564e-08,1.3133808431434857e-08
1511,"(1.0, 1.0, 6.0, 8.0, 8.0, 12.0, 12.0)",565606799.9999999,1,-20.988856973380383,2.0,4.0,7.667525606071553e-10,3.5360253801757696e-09,7.072050747848064e-09
1512,"(1.0, 1.0, 6.0, 8.0, 8.0, 12.0, 13.0)",1131213599.9999998,1,-20.866029853585022,1.0,1.0,8.669586325700268e-10,8.840063450439424e-10,8.840063442624752e-10
1513,"(1.0, 1.0, 6.0, 8.0, 8.0, 12.0, 14.0)",1131213599.9999998,19,-20.77568708720877,23.0,33.0,9.48929046026892e-10,2.0332145936010674e-08,2.917220897305394e-08
1514,"(1.0, 1.0, 6.0, 8.0, 8.0, 13.0, 13.0)",565606799.9999999,1,-20.74320273378967,1.0,1.0,9.802605288888958e-10,1.7680126900878848e-09,1.768012686962016e-09
1515,"(1.0, 1.0, 6.0, 8.0, 8.0, 13.0, 14.0)",1131213599.9999998,13,-20.65285996741341,14.0,16.0,1.0729435679980132e-09,1.2376088830615193e-08,1.4144101367535504e-08
1516,"(1.0, 1.0, 6.0, 8.0, 8.0, 14.0, 14.0)",565606799.9999999,21,-20.562517201037146,23.0,29.0,1.1743897323022692e-09,4.066429187202135e-08,5.127236635896402e-08
1517,"(1.0, 1.0, 6.0, 8.0, 9.0, 9.0, 14.0)",989811899.9999996,7,-21.66381856043397,9.0,13.0,3.904119858370694e-10,9.092636691880551e-09,1.3133808472262532e-08
1518,"(1.0, 1.0, 6.0, 8.0, 9.0, 11.0, 12.0)",1979623799.9999995,2,-21.5062139168814,2.0,2.0,4.5705658382859263e-10,1.0102929657645057e-09,1.0102929647438138e-09
1519,"(1.0, 1.0, 6.0, 8.0, 9.0, 11.0, 14.0)",1979623799.9999995,23,-21.29304403070978,25.0,29.0,5.656508896812052e-10,1.262866207205632e-08,1.4649247844102225e-08
1520,"(1.0, 1.0, 6.0, 8.0, 9.0, 12.0, 14.0)",2262427199.9999995,13,-21.41111250769326,14.0,16.0,5.026572911840769e-10,6.188044415307597e-09,7.0720507220596455e-09
1521,"(1.0, 1.0, 6.0, 8.0, 9.0, 13.0, 14.0)",2262427199.9999995,15,-21.288285387897904,15.0,15.0,5.683490348845049e-10,6.6300475878295675e-09,6.630047543872037e-09
1522,"(1.0, 1.0, 6.0, 8.0, 9.0, 14.0, 14.0)",1131213599.9999998,30,-21.19794262152164,32.0,38.0,6.220860917948134e-10,2.8288203041406157e-08,3.3592240311447375e-08
1523,"(1.0, 1.0, 6.0, 8.0, 11.0, 11.0, 14.0)",989811899.9999996,13,-20.9222695009856,13.0,13.0,8.195468904755008e-10,1.3133808554938574e-08,1.3133808382441646e-08
1524,"(1.0, 1.0, 6.0, 8.0, 11.0, 12.0, 12.0)",1131213599.9999998,1,-21.25350786414069,1.0,1.0,5.884625285070189e-10,8.840063450439424e-10,8.840063442624752e-10
1525,"(1.0, 1.0, 6.0, 8.0, 11.0, 12.0, 14.0)",2262427199.9999995,15,-21.04033797796908,18.0,26.0,7.282782144953753e-10,7.956057105395481e-09,1.1492082422272406e-08
1526,"(1.0, 1.0, 6.0, 8.0, 11.0, 13.0, 14.0)",2262427199.9999995,22,-20.91751085817372,23.0,25.0,8.234561153202873e-10,1.0166072968005337e-08,1.105007920970024e-08
1527,"(1.0, 1.0, 6.0, 8.0, 11.0, 14.0, 14.0)",1131213599.9999998,49,-20.827168091797454,57.0,75.0,9.013133921274906e-10,5.038836166750472e-08,6.630047333930869e-08
1528,"(1.0, 1.0, 6.0, 8.0, 12.0, 12.0, 14.0)",1182632399.9999998,7,-21.158406454952555,7.0,7.0,6.47173656410122e-10,5.918999005946397e-09,5.918998970911848e-09
1529,"(1.0, 1.0, 6.0, 8.0, 12.0, 13.0, 14.0)",2365264799.9999995,19,-21.0355793351572,21.0,25.0,7.317520892951105e-10,8.878498508919595e-09,1.0569641003219401e-08
1530,"(1.0, 1.0, 6.0, 8.0, 12.0, 14.0, 14.0)",1182632399.9999998,28,-20.94523656878093,30.0,34.0,8.009388060011235e-10,2.536713859691313e-08,2.8749423099676492e-08
1531,"(1.0, 1.0, 6.0, 8.0, 13.0, 13.0, 14.0)",1182632399.9999998,9,-20.91275221536184,11.0,15.0,8.273839871016489e-10,9.30128415220148e-09,1.2683569211942678e-08
1532,"(1.0, 1.0, 6.0, 8.0, 13.0, 14.0, 14.0)",1182632399.9999998,26,-20.82240944898557,28.0,32.0,9.056126418060561e-10,2.3675996023785587e-08,2.705828060948788e-08
1533,"(1.0, 1.0, 6.0, 8.0, 14.0, 14.0, 14.0)",394210800.0,24,-20.732066682609315,27.0,33.0,9.912377684174037e-10,6.849127421166544e-08,8.371155267875867e-08
1534,"(1.0, 1.0, 6.0, 9.0, 9.0, 9.0, 14.0)",329937299.9999999,3,-22.29924398091847,3.0,3.0,2.0680516848790267e-10,9.092636691880551e-09,9.09263660920451e-09
1535,"(1.0, 1.0, 6.0, 9.0, 9.0, 11.0, 12.0)",989811899.9999996,1,-22.141639337365906,1.0,1.0,2.4210748454486064e-10,1.0102929657645057e-09,1.0102929647438138e-09
1536,"(1.0, 1.0, 6.0, 9.0, 9.0, 11.0, 13.0)",989811899.9999996,1,-22.01881221757054,2.0,4.0,2.737482527215485e-10,2.0205859315290113e-09,4.041171858975255e-09
1537,"(1.0, 1.0, 6.0, 9.0, 9.0, 11.0, 14.0)",989811899.9999996,5,-21.92846945119428,5.0,5.0,2.9963098416418065e-10,5.051464828822529e-09,5.051464803305232e-09
1538,"(1.0, 1.0, 6.0, 9.0, 9.0, 12.0, 14.0)",1131213599.9999998,3,-22.046537928177763,3.0,3.0,2.662626393811017e-10,2.652019035131827e-09,2.652019028098622e-09
1539,"(1.0, 1.0, 6.0, 9.0, 9.0, 13.0, 14.0)",1131213599.9999998,7,-21.923710808382403,7.0,7.0,3.0106021890495653e-10,6.188044415307597e-09,6.188044377015703e-09
1540,"(1.0, 1.0, 6.0, 9.0, 9.0, 14.0, 14.0)",565606799.9999999,11,-21.833368042006143,12.0,14.0,3.295252802030944e-10,2.1216152281054616e-08,2.475217721110527e-08
1541,"(1.0, 1.0, 6.0, 9.0, 11.0, 11.0, 12.0)",989811899.9999996,1,-21.770864807641708,1.0,1.0,3.507789693947374e-10,1.0102929657645057e-09,1.0102929647438138e-09
1542,"(1.0, 1.0, 6.0, 9.0, 11.0, 11.0, 14.0)",989811899.9999996,12,-21.55769492147009,12.0,12.0,4.34122257812176e-10,1.2123515589174068e-08,1.2123515442194438e-08
1543,"(1.0, 1.0, 6.0, 9.0, 11.0, 12.0, 12.0)",1131213599.9999998,1,-21.888933284625192,1.0,1.0,3.1171453943911107e-10,8.840063450439424e-10,8.840063442624752e-10
1544,"(1.0, 1.0, 6.0, 9.0, 11.0, 12.0, 13.0)",2262427199.9999995,1,-21.76610616482984,1.0,1.0,3.524521791623784e-10,4.420031725219712e-10,4.420031723266044e-10
1545,"(1.0, 1.0, 6.0, 9.0, 11.0, 12.0, 14.0)",2262427199.9999995,10,-21.67576339845357,11.0,13.0,3.8577631916670045e-10,4.862034897741683e-09,5.746041219146242e-09
1546,"(1.0, 1.0, 6.0, 9.0, 11.0, 13.0, 14.0)",2262427199.9999995,17,-21.55293627865821,19.0,23.0,4.361930136598747e-10,8.398060277917452e-09,1.0166072897477921e-08
1547,"(1.0, 1.0, 6.0, 9.0, 11.0, 14.0, 14.0)",1131213599.9999998,22,-21.462593512281952,25.0,33.0,4.774347988309906e-10,2.2100158626098558e-08,2.9172208898033087e-08
1548,"(1.0, 1.0, 6.0, 9.0, 12.0, 12.0, 13.0)",1182632399.9999998,2,-21.88417464181332,2.0,2.0,3.132014125347404e-10,1.6911425731275419e-09,1.6911425702675787e-09
1549,"(1.0, 1.0, 6.0, 9.0, 12.0, 12.0, 14.0)",1182632399.9999998,5,-21.793831875437053,5.0,5.0,3.4281441633475435e-10,4.2278564328188544e-09,4.2278564149440844e-09
1550,"(1.0, 1.0, 6.0, 9.0, 12.0, 13.0, 14.0)",2365264799.9999995,14,-21.671004755641697,16.0,20.0,3.8761646570247644e-10,6.7645702925101674e-09,8.455712819878297e-09
1551,"(1.0, 1.0, 6.0, 9.0, 12.0, 14.0, 14.0)",1182632399.9999998,20,-21.58066198926544,22.0,26.0,4.2426536769464347e-10,1.860256830440296e-08,2.1984853104602495e-08
1552,"(1.0, 1.0, 6.0, 9.0, 13.0, 13.0, 14.0)",1182632399.9999998,3,-21.54817763584634,3.0,3.0,4.382736469780346e-10,2.536713859691313e-09,2.536713853256396e-09
1553,"(1.0, 1.0, 6.0, 9.0, 13.0, 14.0, 14.0)",1182632399.9999998,19,-21.45783486947008,19.0,19.0,4.797121547688187e-10,1.606585444471165e-08,1.606585418659997e-08
1554,"(1.0, 1.0, 6.0, 9.0, 14.0, 14.0, 14.0)",394210800.0,23,-21.367492103093813,25.0,29.0,5.250686483654309e-10,6.341784649228281e-08,7.35646979092248e-08
1555,"(1.0, 1.0, 6.0, 11.0, 11.0, 11.0, 13.0)",329937299.9999999,1,-21.277263158122164,1.0,1.0,5.746481599688285e-10,3.030878897293517e-09,3.03087888810729e-09
1556,"(1.0, 1.0, 6.0, 11.0, 11.0, 11.0, 14.0)",329937299.9999999,1,-21.1869203917459,1.0,1.0,6.289807953394933e-10,3.030878897293517e-09,3.03087888810729e-09
1557,"(1.0, 1.0, 6.0, 11.0, 11.0, 12.0, 14.0)",1131213599.9999998,12,-21.30498886872938,13.0,15.0,5.589344745313516e-10,1.1492082485571251e-08,1.3260095043591176e-08
1558,"(1.0, 1.0, 6.0, 11.0, 11.0, 13.0, 13.0)",565606799.9999999,2,-21.27250451531029,2.0,2.0,5.773892219996488e-10,3.5360253801757696e-09,3.536025367672294e-09
1559,"(1.0, 1.0, 6.0, 11.0, 11.0, 13.0, 14.0)",1131213599.9999998,8,-21.182161748934025,11.0,17.0,6.31981023124637e-10,9.724069795483366e-09,1.5028107771189486e-08
1560,"(1.0, 1.0, 6.0, 11.0, 11.0, 14.0, 14.0)",565606799.9999999,18,-21.09181898255776,21.0,27.0,6.917344459711893e-10,3.712826649184558e-08,4.773634125386472e-08
1561,"(1.0, 1.0, 6.0, 11.0, 12.0, 12.0, 14.0)",1182632399.9999998,5,-21.423057345712863,5.0,5.0,4.966888482676417e-10,4.2278564328188544e-09,4.2278564149440844e-09
1562,"(1.0, 1.0, 6.0, 11.0, 12.0, 13.0, 13.0)",1182632399.9999998,2,-21.39057299229377,2.0,2.0,5.130883864653604e-10,1.6911425731275419e-09,1.6911425702675787e-09
1563,"(1.0, 1.0, 6.0, 11.0, 12.0, 13.0, 14.0)",2365264799.9999995,16,-21.300230225917502,18.0,24.0,5.616005825476701e-10,7.610141579073939e-09,1.0146855380850997e-08
1564,"(1.0, 1.0, 6.0, 11.0, 12.0, 14.0, 14.0)",1182632399.9999998,19,-21.209887459541243,20.0,22.0,6.146995773781232e-10,1.6911425731275418e-08,1.860256801840664e-08
1565,"(1.0, 1.0, 6.0, 11.0, 13.0, 13.0, 14.0)",1182632399.9999998,7,-21.17740310612215,7.0,7.0,6.349955619457131e-10,5.918999005946397e-09,5.918998970911848e-09
1566,"(1.0, 1.0, 6.0, 11.0, 13.0, 14.0, 14.0)",1182632399.9999998,29,-21.08706033974589,30.0,32.0,6.950340076114173e-10,2.536713859691313e-08,2.705828052654895e-08
1567,"(1.0, 1.0, 6.0, 11.0, 14.0, 14.0, 14.0)",394210800.0,21,-20.996717573369622,22.0,24.0,7.607490519401297e-10,5.580770491320887e-08,6.088112951809157e-08
1568,"(1.0, 1.0, 6.0, 12.0, 12.0, 12.0, 14.0)",377071199.9999998,1,-21.541125822696344,1.0,1.0,4.413751937564527e-10,2.652019035131828e-09,2.652019028098623e-09
1569,"(1.0, 1.0, 6.0, 12.0, 12.0, 13.0, 14.0)",1131213599.9999995,7,-21.418298702900987,7.0,7.0,4.990580456965383e-10,6.188044415307598e-09,6.1880443770157045e-09
1570,"(1.0, 1.0, 6.0, 12.0, 12.0, 14.0, 14.0)",565606799.9999998,9,-21.327955936524724,9.0,9.0,5.462436815595286e-10,1.5912114210790965e-08,1.5912113957595586e-08
1571,"(1.0, 1.0, 6.0, 12.0, 13.0, 13.0, 14.0)",1131213599.9999995,8,-21.29547158310563,8.0,8.0,5.642794078542548e-10,7.072050760351541e-09,7.072050710337639e-09
1572,"(1.0, 1.0, 6.0, 12.0, 13.0, 14.0, 14.0)",1131213599.9999995,19,-21.205128816729367,20.0,22.0,6.176316839944638e-10,1.7680126900878852e-08,1.9448139278379848e-08
1573,"(1.0, 1.0, 6.0, 12.0, 14.0, 14.0, 14.0)",377071199.9999998,13,-21.114786050353104,15.0,19.0,6.760283855199001e-10,3.9780285526977417e-08,5.0388360085033614e-08
1574,"(1.0, 1.0, 6.0, 13.0, 13.0, 13.0, 14.0)",377071199.9999998,2,-21.17264446331028,2.0,2.0,6.380244800661168e-10,5.304038070263656e-09,5.304038042130836e-09
1575,"(1.0, 1.0, 6.0, 13.0, 13.0, 14.0, 14.0)",565606799.9999998,9,-21.08230169693401,11.0,17.0,6.983493081050226e-10,1.9448139590966736e-08,3.005621535326391e-08
1576,"(1.0, 1.0, 6.0, 13.0, 14.0, 14.0, 14.0)",377071199.9999998,12,-20.99195893055775,13.0,15.0,7.643778120868031e-10,3.447624745671376e-08,3.978028433836578e-08
1577,"(1.0, 1.0, 6.0, 14.0, 14.0, 14.0, 14.0)",94267799.99999996,13,-20.901616164181483,13.0,13.0,8.36649271116261e-10,1.3790498982685504e-07,1.379049708090688e-07
1578,"(1.0, 1.0, 7.0, 7.0, 7.0, 8.0, 12.0)",464197500.0,1,-20.6291095779868,1.0,1.0,1.0987314191325317e-09,2.154255462384007e-09,2.1542554577431903e-09
1579,"(1.0, 1.0, 7.0, 7.0, 7.0, 8.0, 14.0)",464197500.0,9,-20.41593969181518,10.0,12.0,1.3597843828152508e-09,2.1542554623840067e-08,2.5851065084526422e-08
1580,"(1.0, 1.0, 7.0, 7.0, 7.0, 9.0, 12.0)",464197500.0,1,-21.26453499847129,1.0,1.0,5.820091198518796e-10,2.154255462384007e-09,2.1542554577431903e-09
1581,"(1.0, 1.0, 7.0, 7.0, 7.0, 9.0, 13.0)",464197500.0,1,-21.141707878675938,1.0,1.0,6.580712691595256e-10,2.154255462384007e-09,2.1542554577431903e-09
1582,"(1.0, 1.0, 7.0, 7.0, 7.0, 9.0, 14.0)",464197500.0,2,-21.05136511229968,2.0,2.0,7.202915089617233e-10,4.308510924768014e-09,4.3085109062047475e-09
1583,"(1.0, 1.0, 7.0, 7.0, 7.0, 11.0, 14.0)",464197500.0,10,-20.680590582575487,12.0,16.0,1.0435989356229759e-09,2.585106554860808e-08,3.446808672986652e-08
1584,"(1.0, 1.0, 7.0, 7.0, 7.0, 12.0, 14.0)",484380000.0,5,-20.798659059558968,5.0,5.0,9.273787483273907e-10,1.0322474090590033e-08,1.0322473984036563e-08
1585,"(1.0, 1.0, 7.0, 7.0, 7.0, 13.0, 14.0)",484380000.0,3,-20.67583193976361,3.0,3.0,1.0485768849441674e-09,6.193484454354019e-09,6.19348441599477e-09
1586,"(1.0, 1.0, 7.0, 7.0, 7.0, 14.0, 14.0)",242190000.0,11,-20.585489173387348,14.0,22.0,1.1477191941283982e-09,5.780585490730418e-08,9.083776865567542e-08
1587,"(1.0, 1.0, 7.0, 7.0, 8.0, 8.0, 9.0)",514702188.00000006,1,-20.760702928013764,1.0,1.0,9.632550131595497e-10,1.942871088008664e-09,1.942871084233916e-09
1588,"(1.0, 1.0, 7.0, 7.0, 8.0, 8.0, 14.0)",612740700.0000001,12,-20.29482698910144,15.0,23.0,1.5348595029770864e-09,2.4480175708909165e-08,3.7536268821048384e-08
1589,"(1.0, 1.0, 7.0, 7.0, 8.0, 9.0, 14.0)",1225481400.0000002,16,-20.930252409585933,19.0,25.0,8.130305667687792e-10,1.5504111282309136e-08,2.0400146183713503e-08
1590,"(1.0, 1.0, 7.0, 7.0, 8.0, 11.0, 12.0)",1225481400.0000002,1,-20.77264776603337,1.0,1.0,9.518175334674285e-10,8.160058569636388e-10,8.160058562977732e-10
1591,"(1.0, 1.0, 7.0, 7.0, 8.0, 11.0, 13.0)",1225481400.0000002,1,-20.649820646238005,1.0,1.0,1.076209548772389e-09,8.160058569636388e-10,8.160058562977732e-10
1592,"(1.0, 1.0, 7.0, 7.0, 8.0, 11.0, 14.0)",1225481400.0000002,13,-20.559477879861745,13.0,13.0,1.177964509580142e-09,1.0608076140527305e-08,1.0608076027996025e-08
1593,"(1.0, 1.0, 7.0, 7.0, 8.0, 12.0, 13.0)",1336888800.0,1,-20.767889123221487,1.0,1.0,9.563576870483642e-10,7.480053688833357e-10,7.480053683238237e-10
1594,"(1.0, 1.0, 7.0, 7.0, 8.0, 12.0, 14.0)",1336888800.0,16,-20.677546356845227,20.0,30.0,1.046780726943154e-09,1.4960107377666713e-08,2.2440160842695258e-08
1595,"(1.0, 1.0, 7.0, 7.0, 8.0, 13.0, 13.0)",668444400.0,1,-20.64506200342613,1.0,1.0,1.08134305016828e-09,1.4960107377666714e-09,1.4960107355286232e-09
1596,"(1.0, 1.0, 7.0, 7.0, 8.0, 13.0, 14.0)",1336888800.0,20,-20.554719237049863,22.0,26.0,1.1835833804228571e-09,1.6456118115433385e-08,1.9448139320162904e-08
1597,"(1.0, 1.0, 7.0, 7.0, 8.0, 14.0, 14.0)",668444400.0,26,-20.464376470673606,29.0,35.0,1.295490471960011e-09,4.338431139523347e-08,5.236037393963502e-08
1598,"(1.0, 1.0, 7.0, 7.0, 9.0, 9.0, 13.0)",612740700.0000001,1,-21.65602059644669,1.0,1.0,3.9346830549068885e-10,1.6320117139272776e-09,1.6320117112638153e-09
1599,"(1.0, 1.0, 7.0, 7.0, 9.0, 9.0, 14.0)",612740700.0000001,6,-21.56567783007043,7.0,9.0,4.3067049538945706e-10,1.1424081997490943e-08,1.468810529483585e-08
1600,"(1.0, 1.0, 7.0, 7.0, 9.0, 11.0, 14.0)",1225481400.0000002,13,-21.19490330034624,15.0,19.0,6.23979687391455e-10,1.2240087854454582e-08,1.5504111132489386e-08
1601,"(1.0, 1.0, 7.0, 7.0, 9.0, 12.0, 13.0)",1336888800.0,1,-21.40331454370599,1.0,1.0,5.065923172944709e-10,7.480053688833357e-10,7.480053683238237e-10
1602,"(1.0, 1.0, 7.0, 7.0, 9.0, 12.0, 14.0)",1336888800.0,8,-21.31297177732972,8.0,8.0,5.544903139723595e-10,5.9840429510666854e-09,5.984042915257915e-09
1603,"(1.0, 1.0, 7.0, 7.0, 9.0, 13.0, 13.0)",668444400.0,1,-21.28048742391063,1.0,1.0,5.727983253480341e-10,1.4960107377666714e-09,1.4960107355286232e-09
1604,"(1.0, 1.0, 7.0, 7.0, 9.0, 13.0, 14.0)",1336888800.0,15,-21.19014465753437,15.0,15.0,6.269560599760351e-10,1.1220080533250035e-08,1.1220080407359828e-08
1605,"(1.0, 1.0, 7.0, 7.0, 9.0, 14.0, 14.0)",668444400.0,14,-21.099801891158105,15.0,17.0,6.862343756012942e-10,2.244016106650007e-08,2.5432182038472585e-08
1606,"(1.0, 1.0, 7.0, 7.0, 11.0, 11.0, 14.0)",612740700.0000001,13,-20.824128770622053,14.0,16.0,9.040569401557105e-10,2.2848163994981886e-08,2.6112186900797843e-08
1607,"(1.0, 1.0, 7.0, 7.0, 11.0, 12.0, 14.0)",1336888800.0,18,-20.94219724760553,21.0,29.0,8.033768193504452e-10,1.570811274655005e-08,2.169215545087193e-08
1608,"(1.0, 1.0, 7.0, 7.0, 11.0, 13.0, 14.0)",1336888800.0,12,-20.819370127810178,13.0,15.0,9.083692765120905e-10,9.724069795483365e-09,1.1220080438692501e-08
1609,"(1.0, 1.0, 7.0, 7.0, 11.0, 14.0, 14.0)",668444400.0,25,-20.72902736143392,33.0,51.0,9.942550412647681e-10,4.936835434630016e-08,7.629654518886584e-08
1610,"(1.0, 1.0, 7.0, 7.0, 12.0, 12.0, 13.0)",668444400.0,1,-21.15060849096528,1.0,1.0,6.522400212686425e-10,1.4960107377666714e-09,1.4960107355286232e-09
1611,"(1.0, 1.0, 7.0, 7.0, 12.0, 12.0, 14.0)",668444400.0,5,-21.060265724589016,6.0,8.0,7.139089201156625e-10,8.976064426600029e-09,1.1968085821563638e-08
1612,"(1.0, 1.0, 7.0, 7.0, 12.0, 13.0, 14.0)",1336888800.0,11,-20.93743860479366,11.0,11.0,8.072089132286898e-10,8.228059057716693e-09,8.228058990015736e-09
1613,"(1.0, 1.0, 7.0, 7.0, 12.0, 14.0, 14.0)",668444400.0,24,-20.847095838417395,29.0,39.0,8.835300269216042e-10,4.338431139523347e-08,5.834441689070171e-08
1614,"(1.0, 1.0, 7.0, 7.0, 13.0, 13.0, 14.0)",668444400.0,6,-20.814611484998306,7.0,9.0,9.127021826401538e-10,1.04720751643667e-08,1.3464096530235685e-08
1615,"(1.0, 1.0, 7.0, 7.0, 13.0, 14.0, 14.0)",668444400.0,18,-20.72426871862204,19.0,21.0,9.989976210421306e-10,2.8424204017566758e-08,3.1416224685164726e-08
1616,"(1.0, 1.0, 7.0, 7.0, 14.0, 14.0, 14.0)",222814800.0,19,-20.63392595224577,20.0,22.0,1.0934522408623526e-09,8.976064426600028e-08,9.873670063562705e-08
1617,"(1.0, 1.0, 7.0, 8.0, 8.0, 8.0, 14.0)",329937299.9999999,8,-20.173714286387693,8.0,8.0,1.7324759157784554e-09,2.4247031178348136e-08,2.4247030590429615e-08
1618,"(1.0, 1.0, 7.0, 8.0, 8.0, 9.0, 11.0)",791849519.9999998,1,-20.904241116060327,1.0,1.0,8.3445598693221e-10,1.262866207205632e-09,1.2628662056108009e-09
1619,"(1.0, 1.0, 7.0, 8.0, 8.0, 9.0, 12.0)",989811899.9999996,1,-21.022309593043808,1.0,1.0,7.415269623991489e-10,1.0102929657645057e-09,1.0102929647438138e-09
1620,"(1.0, 1.0, 7.0, 8.0, 8.0, 9.0, 14.0)",989811899.9999996,13,-20.80913970687219,14.0,16.0,9.177099747478552e-10,1.414410152070308e-08,1.6164687252176484e-08
1621,"(1.0, 1.0, 7.0, 8.0, 8.0, 11.0, 12.0)",989811899.9999996,1,-20.65153506331962,1.0,1.0,1.0743660574466218e-09,1.0102929657645057e-09,1.0102929647438138e-09
1622,"(1.0, 1.0, 7.0, 8.0, 8.0, 11.0, 14.0)",989811899.9999996,22,-20.438365177148,25.0,31.0,1.3296299358546793e-09,2.5257324144112644e-08,3.131908130076726e-08
1623,"(1.0, 1.0, 7.0, 8.0, 8.0, 12.0, 14.0)",1131213599.9999998,15,-20.55643365413148,18.0,26.0,1.1815559632738225e-09,1.5912114210790962e-08,2.2984164717947123e-08
1624,"(1.0, 1.0, 7.0, 8.0, 8.0, 13.0, 14.0)",1131213599.9999998,19,-20.433606534336125,22.0,28.0,1.33597224822267e-09,1.9448139590966732e-08,2.475217728300025e-08
1625,"(1.0, 1.0, 7.0, 8.0, 8.0, 14.0, 14.0)",565606799.9999999,36,-20.34326376795986,37.0,39.0,1.4622876148845018e-09,6.541646953325174e-08,6.895249063411302e-08
1626,"(1.0, 1.0, 7.0, 8.0, 9.0, 9.0, 12.0)",989811899.9999996,1,-21.65773501352831,1.0,1.0,3.9279431462249295e-10,1.0102929657645057e-09,1.0102929647438138e-09
1627,"(1.0, 1.0, 7.0, 8.0, 9.0, 9.0, 14.0)",989811899.9999996,10,-21.44456512735669,10.0,10.0,4.861202341005047e-10,1.0102929657645057e-08,1.010292955557587e-08
1628,"(1.0, 1.0, 7.0, 8.0, 9.0, 11.0, 12.0)",1979623799.9999995,1,-21.28696048380412,1.0,1.0,5.691025418995629e-10,5.051464828822528e-10,5.051464826270798e-10
1629,"(1.0, 1.0, 7.0, 8.0, 9.0, 11.0, 14.0)",1979623799.9999995,27,-21.0737905976325,28.0,30.0,7.043183941226159e-10,1.4144101520703078e-08,1.5154394286411976e-08
1630,"(1.0, 1.0, 7.0, 8.0, 9.0, 12.0, 12.0)",1131213599.9999998,1,-21.4050289607876,1.0,1.0,5.057245508416495e-10,8.840063450439424e-10,8.840063442624752e-10
1631,"(1.0, 1.0, 7.0, 8.0, 9.0, 12.0, 14.0)",2262427199.9999995,16,-21.19185907461598,18.0,24.0,6.258821166538272e-10,7.956057105395481e-09,1.0608076077228463e-08
1632,"(1.0, 1.0, 7.0, 8.0, 9.0, 13.0, 14.0)",2262427199.9999995,20,-21.069031954820623,22.0,26.0,7.076779809832831e-10,9.724069795483366e-09,1.1492082391013718e-08
1633,"(1.0, 1.0, 7.0, 8.0, 9.0, 14.0, 14.0)",1131213599.9999998,31,-20.97868918844436,31.0,31.0,7.745885053338677e-10,2.7404196696362215e-08,2.740419594537222e-08
1634,"(1.0, 1.0, 7.0, 8.0, 11.0, 11.0, 14.0)",989811899.9999996,27,-20.703016067908308,29.0,33.0,1.0204561865591876e-09,2.9298496007170665e-08,3.333966701182682e-08
1635,"(1.0, 1.0, 7.0, 8.0, 11.0, 12.0, 12.0)",1131213599.9999998,2,-21.03425443106341,2.0,2.0,7.327222331657353e-10,1.7680126900878848e-09,1.768012686962016e-09
1636,"(1.0, 1.0, 7.0, 8.0, 11.0, 12.0, 14.0)",2262427199.9999995,25,-20.82108454489179,28.0,36.0,9.068132868967317e-10,1.2376088830615193e-08,1.5912114057623387e-08
1637,"(1.0, 1.0, 7.0, 8.0, 11.0, 13.0, 14.0)",2262427199.9999995,21,-20.69825742509644,23.0,27.0,1.0253237453576714e-09,1.0166072968005337e-08,1.1934085554744183e-08
1638,"(1.0, 1.0, 7.0, 8.0, 11.0, 14.0, 14.0)",1131213599.9999998,52,-20.60791465872017,57.0,67.0,1.1222674842820756e-09,5.038836166750472e-08,5.9228422578957146e-08
1639,"(1.0, 1.0, 7.0, 8.0, 12.0, 12.0, 13.0)",1182632399.9999998,1,-21.02949578825153,2.0,4.0,7.36217305859571e-10,1.6911425731275419e-09,3.3822851433951204e-09
1640,"(1.0, 1.0, 7.0, 8.0, 12.0, 12.0, 14.0)",1182632399.9999998,4,-20.93915302187527,4.0,4.0,8.058262060864671e-10,3.3822851462550837e-09,3.382285134815231e-09
1641,"(1.0, 1.0, 7.0, 8.0, 12.0, 13.0, 13.0)",1182632399.9999998,1,-20.906668668456177,1.0,1.0,8.324327580425455e-10,8.455712865637709e-10,8.455712858487801e-10
1642,"(1.0, 1.0, 7.0, 8.0, 12.0, 13.0, 14.0)",2365264799.9999995,23,-20.81632590207992,26.0,34.0,9.111387709805703e-10,1.0992426725329022e-08,1.4374711750750661e-08
1643,"(1.0, 1.0, 7.0, 8.0, 12.0, 14.0, 14.0)",1182632399.9999998,44,-20.72598313570365,46.0,50.0,9.972863897573404e-10,3.8896279181933465e-08,4.227856281526802e-08
1644,"(1.0, 1.0, 7.0, 8.0, 13.0, 13.0, 14.0)",1182632399.9999998,8,-20.69349878228456,8.0,8.0,1.0302145223295372e-09,6.7645702925101674e-09,6.764570246750756e-09
1645,"(1.0, 1.0, 7.0, 8.0, 13.0, 14.0, 14.0)",1182632399.9999998,29,-20.603156015908297,31.0,35.0,1.1276206812535136e-09,2.6212709883476898e-08,2.9594994342625826e-08
1646,"(1.0, 1.0, 7.0, 8.0, 14.0, 14.0, 14.0)",394210800.0,25,-20.51281324953204,28.0,36.0,1.2342365334895778e-09,7.102798807135674e-08,9.132169390391216e-08
1647,"(1.0, 1.0, 7.0, 9.0, 9.0, 9.0, 14.0)",329937299.9999999,3,-22.079990547841188,3.0,3.0,2.5750279337092034e-10,9.092636691880551e-09,9.09263660920451e-09
1648,"(1.0, 1.0, 7.0, 9.0, 9.0, 11.0, 14.0)",989811899.9999996,7,-21.709216018117,7.0,7.0,3.7308456054021606e-10,7.07205076035154e-09,7.0720507103376384e-09
1649,"(1.0, 1.0, 7.0, 9.0, 9.0, 12.0, 12.0)",565606799.9999999,1,-22.0404543812721,1.0,1.0,2.6788739777298556e-10,1.7680126900878848e-09,1.768012686962016e-09
1650,"(1.0, 1.0, 7.0, 9.0, 9.0, 12.0, 13.0)",1131213599.9999998,1,-21.917627261476746,1.0,1.0,3.028973152330956e-10,8.840063450439424e-10,8.840063442624752e-10
1651,"(1.0, 1.0, 7.0, 9.0, 9.0, 12.0, 14.0)",1131213599.9999998,6,-21.82728449510048,7.0,9.0,3.315360728760445e-10,6.188044415307597e-09,7.956057067103588e-09
1652,"(1.0, 1.0, 7.0, 9.0, 9.0, 13.0, 14.0)",1131213599.9999998,6,-21.70445737530512,6.0,6.0,3.7486416760141037e-10,5.304038070263654e-09,5.304038042130834e-09
1653,"(1.0, 1.0, 7.0, 9.0, 9.0, 14.0, 14.0)",565606799.9999999,11,-21.61411460892886,13.0,17.0,4.1030734753418874e-10,2.2984164971142503e-08,3.00562152032222e-08
1654,"(1.0, 1.0, 7.0, 9.0, 11.0, 11.0, 14.0)",989811899.9999996,8,-21.338441488392807,9.0,11.0,5.405459392938998e-10,9.092636691880551e-09,1.1113222540733521e-08
1655,"(1.0, 1.0, 7.0, 9.0, 11.0, 12.0, 12.0)",1131213599.9999998,1,-21.66967985154791,1.0,1.0,3.8813036070032433e-10,8.840063450439424e-10,8.840063442624752e-10
1656,"(1.0, 1.0, 7.0, 9.0, 11.0, 12.0, 14.0)",2262427199.9999995,14,-21.45650996537629,15.0,17.0,4.803481485888862e-10,6.6300475878295675e-09,7.51405388891598e-09
1657,"(1.0, 1.0, 7.0, 9.0, 11.0, 13.0, 13.0)",1131213599.9999998,1,-21.424025611957195,1.0,1.0,4.962081539795104e-10,8.840063450439424e-10,8.840063442624752e-10
1658,"(1.0, 1.0, 7.0, 9.0, 11.0, 13.0, 14.0)",2262427199.9999995,25,-21.33368284558093,26.0,28.0,5.431243343072816e-10,1.1492082485571251e-08,1.2376088698547234e-08
1659,"(1.0, 1.0, 7.0, 9.0, 11.0, 14.0, 14.0)",1131213599.9999998,36,-21.24334007920467,40.0,48.0,5.944764110605632e-10,3.53602538017577e-08,4.2432303311761686e-08
1660,"(1.0, 1.0, 7.0, 9.0, 12.0, 12.0, 14.0)",1182632399.9999998,6,-21.574578442359773,7.0,9.0,4.268542728378894e-10,5.918999005946397e-09,7.610141544039389e-09
1661,"(1.0, 1.0, 7.0, 9.0, 12.0, 13.0, 13.0)",1182632399.9999998,1,-21.54209408894068,1.0,1.0,4.4094803189183193e-10,8.455712865637709e-10,8.455712858487801e-10
1662,"(1.0, 1.0, 7.0, 9.0, 12.0, 13.0, 14.0)",2365264799.9999995,12,-21.45175132256441,14.0,18.0,4.826394011559269e-10,5.918999005946397e-09,7.610141544039389e-09
1663,"(1.0, 1.0, 7.0, 9.0, 12.0, 14.0, 14.0)",1182632399.9999998,22,-21.361408556188152,23.0,25.0,5.282726641249432e-10,1.9448139590966732e-08,2.113928178586414e-08
1664,"(1.0, 1.0, 7.0, 9.0, 13.0, 13.0, 14.0)",1182632399.9999998,6,-21.328924202769056,7.0,9.0,5.457150282213889e-10,5.918999005946397e-09,7.610141544039389e-09
1665,"(1.0, 1.0, 7.0, 9.0, 13.0, 14.0, 14.0)",1182632399.9999998,21,-21.238581436392792,22.0,24.0,5.973120535146626e-10,1.860256830440296e-08,2.0293710531474955e-08
1666,"(1.0, 1.0, 7.0, 9.0, 14.0, 14.0, 14.0)",394210800.0,17,-21.14823867001653,17.0,17.0,6.537875462890162e-10,4.312413561475231e-08,4.312413375506124e-08
1667,"(1.0, 1.0, 7.0, 11.0, 11.0, 11.0, 14.0)",329937299.9999999,4,-20.967666958668616,4.0,4.0,7.831734233762998e-10,1.2123515589174068e-08,1.2123515442194438e-08
1668,"(1.0, 1.0, 7.0, 11.0, 11.0, 12.0, 12.0)",565606799.9999999,1,-21.29890532182372,1.0,1.0,5.623451425849634e-10,1.7680126900878848e-09,1.768012686962016e-09
1669,"(1.0, 1.0, 7.0, 11.0, 11.0, 12.0, 13.0)",1131213599.9999998,1,-21.17607820202836,1.0,1.0,6.358374277378409e-10,8.840063450439424e-10,8.840063442624752e-10
1670,"(1.0, 1.0, 7.0, 11.0, 11.0, 12.0, 14.0)",1131213599.9999998,16,-21.085735435652097,19.0,25.0,6.959554713041433e-10,1.6796120555834904e-08,2.210015834398889e-08
1671,"(1.0, 1.0, 7.0, 11.0, 11.0, 13.0, 13.0)",565606799.9999999,1,-21.053251082233004,1.0,1.0,7.189343410238304e-10,1.7680126900878848e-09,1.768012686962016e-09
1672,"(1.0, 1.0, 7.0, 11.0, 11.0, 13.0, 14.0)",1131213599.9999998,9,-20.962908315856744,10.0,12.0,7.869091473965059e-10,8.840063450439424e-09,1.0608076062380586e-08
1673,"(1.0, 1.0, 7.0, 11.0, 11.0, 14.0, 14.0)",565606799.9999999,29,-20.87256554948048,31.0,35.0,8.613109305287347e-10,5.480839339272443e-08,6.188044114911599e-08
1674,"(1.0, 1.0, 7.0, 11.0, 12.0, 12.0, 14.0)",1182632399.9999998,13,-21.203803912635586,14.0,16.0,6.184505290668501e-10,1.1837998011892793e-08,1.3529140444882138e-08
1675,"(1.0, 1.0, 7.0, 11.0, 12.0, 13.0, 14.0)",2365264799.9999995,12,-21.080976792840225,14.0,18.0,6.992751671640161e-10,5.918999005946397e-09,7.610141544039389e-09
1676,"(1.0, 1.0, 7.0, 11.0, 12.0, 14.0, 14.0)",1182632399.9999998,36,-20.99063402646396,37.0,39.0,7.653912105588894e-10,3.128613760285953e-08,3.2977279197164664e-08
1677,"(1.0, 1.0, 7.0, 11.0, 13.0, 13.0, 14.0)",1182632399.9999998,9,-20.958149673044865,10.0,12.0,7.906626907572857e-10,8.455712865637709e-09,1.0146855367266172e-08
1678,"(1.0, 1.0, 7.0, 11.0, 13.0, 14.0, 14.0)",1182632399.9999998,31,-20.867806906668605,37.0,51.0,8.654193691401641e-10,3.128613760285953e-08,4.312413463592991e-08
1679,"(1.0, 1.0, 7.0, 11.0, 14.0, 14.0, 14.0)",394210800.0,25,-20.77746414029234,28.0,34.0,9.472442461723187e-10,7.102798807135674e-08,8.624826618452953e-08
1680,"(1.0, 1.0, 7.0, 12.0, 12.0, 12.0, 14.0)",377071199.9999998,4,-21.321872389619063,4.0,4.0,5.495769092616569e-10,1.0608076140527311e-08,1.0608076027996031e-08
1681,"(1.0, 1.0, 7.0, 12.0, 12.0, 13.0, 14.0)",1131213599.9999995,9,-21.199045269823703,11.0,15.0,6.214005276594852e-10,9.724069795483368e-09,1.3260095081101605e-08
1682,"(1.0, 1.0, 7.0, 12.0, 12.0, 14.0, 14.0)",565606799.9999998,7,-21.108702503447443,9.0,15.0,6.801535710700681e-10,1.5912114210790965e-08,2.6520190098122897e-08
1683,"(1.0, 1.0, 7.0, 12.0, 13.0, 13.0, 14.0)",1131213599.9999995,3,-21.076218150028343,3.0,3.0,7.026106979171568e-10,2.652019035131828e-09,2.652019028098623e-09
1684,"(1.0, 1.0, 7.0, 12.0, 13.0, 14.0, 14.0)",1131213599.9999995,18,-20.98587538365209,19.0,21.0,7.690421137238779e-10,1.6796120555834907e-08,1.8564132963813127e-08
1685,"(1.0, 1.0, 7.0, 12.0, 14.0, 14.0, 14.0)",377071199.9999998,11,-20.895532617275823,11.0,11.0,8.417545796472232e-10,2.9172209386450105e-08,2.9172208535432305e-08
1686,"(1.0, 1.0, 7.0, 13.0, 13.0, 13.0, 14.0)",377071199.9999998,4,-20.953391030233,4.0,4.0,7.944341384565767e-10,1.0608076140527311e-08,1.0608076027996031e-08
1687,"(1.0, 1.0, 7.0, 13.0, 13.0, 14.0, 14.0)",565606799.9999998,10,-20.86304826385673,10.0,10.0,8.695474049344758e-10,1.7680126900878852e-08,1.7680126588291964e-08
1688,"(1.0, 1.0, 7.0, 13.0, 14.0, 14.0, 14.0)",377071199.9999998,17,-20.772705497480462,18.0,20.0,9.517625852499881e-10,4.77363426323729e-08,5.304037842387815e-08
1689,"(1.0, 1.0, 7.0, 14.0, 14.0, 14.0, 14.0)",94267799.99999996,8,-20.6823627311042,8.0,8.0,1.0417511610537181e-09,8.486460912421849e-08,8.48646019222166e-08
1690,"(1.0, 1.0, 8.0, 8.0, 8.0, 8.0, 14.0)",61099499.99999999,1,-20.052601583673948,1.0,1.0,1.955535860403241e-09,1.636674604538499e-08,1.6366745777514616e-08
1691,"(1.0, 1.0, 8.0, 8.0, 8.0, 9.0, 14.0)",244398000.0,3,-20.68802700415845,3.0,3.0,1.0358670782807395e-09,1.227505953403874e-08,1.2275059383361654e-08
1692,"(1.0, 1.0, 8.0, 8.0, 8.0, 11.0, 14.0)",244398000.0,7,-20.31725247443425,8.0,10.0,1.5008226070843658e-09,3.2733492090769974e-08,4.091686404198096e-08
1693,"(1.0, 1.0, 8.0, 8.0, 8.0, 12.0, 12.0)",146638799.99999997,1,-20.64849083758936,1.0,1.0,1.07764165353971e-09,6.819477518910412e-09,6.819477472405139e-09
1694,"(1.0, 1.0, 8.0, 8.0, 8.0, 12.0, 13.0)",293277599.99999994,1,-20.525663717794,1.0,1.0,1.2184774885048763e-09,3.409738759455206e-09,3.4097387478288877e-09
1695,"(1.0, 1.0, 8.0, 8.0, 8.0, 12.0, 14.0)",293277599.99999994,4,-20.435320951417737,4.0,4.0,1.3336837968203682e-09,1.3638955037820825e-08,1.363895485179973e-08
1696,"(1.0, 1.0, 8.0, 8.0, 8.0, 13.0, 14.0)",293277599.99999994,2,-20.312493831622383,2.0,2.0,1.5079815056067117e-09,6.819477518910412e-09,6.819477472405139e-09
1697,"(1.0, 1.0, 8.0, 8.0, 8.0, 14.0, 14.0)",146638799.99999997,8,-20.22215106524612,8.0,8.0,1.6505602433412585e-09,5.45558201512833e-08,5.455581717494579e-08
1698,"(1.0, 1.0, 8.0, 8.0, 9.0, 9.0, 14.0)",366597000.0,4,-21.323452424642944,5.0,7.0,5.487092441478527e-10,1.3638955037820823e-08,1.9094536866928058e-08
1699,"(1.0, 1.0, 8.0, 8.0, 9.0, 11.0, 14.0)",733193999.9999999,13,-20.95267789491876,13.0,13.0,7.950008795530736e-10,1.773064154916707e-08,1.773064123479142e-08
1700,"(1.0, 1.0, 8.0, 8.0, 9.0, 12.0, 14.0)",879832799.9999999,5,-21.07074637190224,6.0,8.0,7.064657651830543e-10,6.819477518910412e-09,9.092636645375276e-09
1701,"(1.0, 1.0, 8.0, 8.0, 9.0, 13.0, 14.0)",879832799.9999999,8,-20.94791925210688,8.0,8.0,7.987930203397622e-10,9.09263669188055e-09,9.092636609204508e-09
1702,"(1.0, 1.0, 8.0, 8.0, 9.0, 14.0, 14.0)",439916400.0,13,-20.85757648573062,14.0,16.0,8.743184164588529e-10,3.182422842158192e-08,3.637054575474068e-08
1703,"(1.0, 1.0, 8.0, 8.0, 11.0, 11.0, 14.0)",366597000.0,9,-20.581903365194567,9.0,9.0,1.1518420825435636e-09,2.455011906807748e-08,2.4550118465369135e-08
1704,"(1.0, 1.0, 8.0, 8.0, 11.0, 12.0, 13.0)",879832799.9999999,1,-20.79031460855431,1.0,1.0,9.35149591475349e-10,1.1365795864850687e-09,1.1365795851932556e-09
1705,"(1.0, 1.0, 8.0, 8.0, 11.0, 12.0, 14.0)",879832799.9999999,14,-20.699971842178048,15.0,17.0,1.023567418782779e-09,1.704869379727603e-08,1.9321852679588207e-08
1706,"(1.0, 1.0, 8.0, 8.0, 11.0, 13.0, 13.0)",439916400.0,1,-20.66748748875895,1.0,1.0,1.0573632912707903e-09,2.273159172970137e-09,2.2731591678028845e-09
1707,"(1.0, 1.0, 8.0, 8.0, 11.0, 13.0, 14.0)",879832799.9999999,18,-20.57714472238269,19.0,21.0,1.1573363498498966e-09,2.1595012143216304e-08,2.386817084984189e-08
1708,"(1.0, 1.0, 8.0, 8.0, 11.0, 14.0, 14.0)",439916400.0,20,-20.486801956006428,22.0,26.0,1.2667618005483232e-09,5.000950180534302e-08,5.91021359962733e-08
1709,"(1.0, 1.0, 8.0, 8.0, 12.0, 12.0, 13.0)",481813200.00000006,1,-20.9083830855378,1.0,1.0,8.310068437580155e-10,2.0754931579292553e-09,2.0754931536215837e-09
1710,"(1.0, 1.0, 8.0, 8.0, 12.0, 12.0, 14.0)",481813200.00000006,3,-20.81804031916153,3.0,3.0,9.095780373643506e-10,6.226479473787766e-09,6.22647943501872e-09
1711,"(1.0, 1.0, 8.0, 8.0, 12.0, 13.0, 14.0)",963626400.0,6,-20.69521319936617,7.0,9.0,1.0284498181065053e-09,7.2642260527523945e-09,9.339719157912671e-09
1712,"(1.0, 1.0, 8.0, 8.0, 12.0, 14.0, 14.0)",481813200.00000006,12,-20.60487043298991,13.0,15.0,1.1256891253153477e-09,2.698141105308032e-08,3.1132396640942285e-08
1713,"(1.0, 1.0, 8.0, 8.0, 13.0, 13.0, 13.0)",160604400.00000003,1,-20.66272884594708,1.0,1.0,1.062406896336263e-09,6.226479473787765e-09,6.226479435018719e-09
1714,"(1.0, 1.0, 8.0, 8.0, 13.0, 13.0, 14.0)",481813200.00000006,3,-20.572386079570816,4.0,6.0,1.1628568247186127e-09,8.301972631717021e-09,1.2452958878652782e-08
1715,"(1.0, 1.0, 8.0, 8.0, 13.0, 14.0, 14.0)",481813200.00000006,20,-20.482043313194552,21.0,23.0,1.27280423297126e-09,4.358535631651436e-08,4.773634073268958e-08
1716,"(1.0, 1.0, 8.0, 8.0, 14.0, 14.0, 14.0)",160604400.00000003,11,-20.39170054681829,12.0,14.0,1.393147102061831e-09,7.471775368545319e-08,8.7170707050286e-08
1717,"(1.0, 1.0, 8.0, 9.0, 9.0, 11.0, 14.0)",733193999.9999999,12,-21.58810331540325,12.0,12.0,4.2111998813637676e-10,1.636674604538499e-08,1.6366745777514616e-08
1718,"(1.0, 1.0, 8.0, 9.0, 9.0, 12.0, 12.0)",439916400.0,1,-21.91934167855836,1.0,1.0,3.0237846778942883e-10,2.273159172970137e-09,2.2731591678028845e-09
1719,"(1.0, 1.0, 8.0, 9.0, 9.0, 12.0, 14.0)",879832799.9999999,1,-21.706171792386733,1.0,1.0,3.742220446597389e-10,1.1365795864850687e-09,1.1365795851932556e-09
1720,"(1.0, 1.0, 8.0, 9.0, 9.0, 13.0, 13.0)",439916400.0,1,-21.67368743896764,1.0,1.0,3.865780070237636e-10,2.273159172970137e-09,2.2731591678028845e-09
1721,"(1.0, 1.0, 8.0, 9.0, 9.0, 13.0, 14.0)",879832799.9999999,6,-21.58334467259138,6.0,6.0,4.231287233770169e-10,6.819477518910412e-09,6.819477472405139e-09
1722,"(1.0, 1.0, 8.0, 9.0, 9.0, 14.0, 14.0)",439916400.0,6,-21.49300190621512,6.0,6.0,4.63135287816977e-10,1.3638955037820823e-08,1.3638954851799729e-08
1723,"(1.0, 1.0, 8.0, 9.0, 11.0, 11.0, 12.0)",733193999.9999999,1,-21.430498671850685,1.0,1.0,4.930065421707475e-10,1.3638955037820824e-09,1.3638955019218715e-09
1724,"(1.0, 1.0, 8.0, 9.0, 11.0, 11.0, 14.0)",733193999.9999999,7,-21.217328785679065,9.0,15.0,6.101423741926028e-10,1.2275059534038742e-08,2.045843240605415e-08
1725,"(1.0, 1.0, 8.0, 9.0, 11.0, 12.0, 13.0)",1759665599.9999998,1,-21.42574002903881,1.0,1.0,4.953581750616691e-10,5.682897932425344e-10,5.68289792919581e-10
1726,"(1.0, 1.0, 8.0, 9.0, 11.0, 12.0, 14.0)",1759665599.9999998,11,-21.335397262662543,12.0,14.0,5.421939903977256e-10,6.819477518910412e-09,7.956057058890207e-09
1727,"(1.0, 1.0, 8.0, 9.0, 11.0, 13.0, 14.0)",1759665599.9999998,20,-21.21257014286719,23.0,29.0,6.13052743026612e-10,1.307066524457829e-08,1.6480403833191207e-08
1728,"(1.0, 1.0, 8.0, 9.0, 11.0, 14.0, 14.0)",879832799.9999999,22,-21.12222737649093,22.0,22.0,6.710165084577172e-10,2.5004750902671512e-08,2.5004750277433943e-08
1729,"(1.0, 1.0, 8.0, 9.0, 12.0, 12.0, 13.0)",963626400.0,1,-21.54380850602229,1.0,1.0,4.401927107066295e-10,1.0377465789646279e-09,1.0377465778877099e-09
1730,"(1.0, 1.0, 8.0, 9.0, 12.0, 12.0, 14.0)",963626400.0,3,-21.453465739646028,3.0,3.0,4.818126648102765e-10,3.1132397368938834e-09,3.1132397272016217e-09
1731,"(1.0, 1.0, 8.0, 9.0, 12.0, 13.0, 14.0)",1927252800.0,7,-21.33063861985067,8.0,10.0,5.44780246587074e-10,4.1509863158585115e-09,5.188732877592452e-09
1732,"(1.0, 1.0, 8.0, 9.0, 12.0, 14.0, 14.0)",963626400.0,14,-21.240295853474407,14.0,14.0,5.962888888431668e-10,1.4528452105504789e-08,1.4528451894428869e-08
1733,"(1.0, 1.0, 8.0, 9.0, 13.0, 13.0, 14.0)",963626400.0,5,-21.20781150005532,5.0,5.0,6.159769942708674e-10,5.188732894823139e-09,5.18873286790019e-09
1734,"(1.0, 1.0, 8.0, 9.0, 13.0, 14.0, 14.0)",963626400.0,23,-21.11746873367905,23.0,23.0,6.742172458854473e-10,2.3868171316186438e-08,2.3868170746496837e-08
1735,"(1.0, 1.0, 8.0, 9.0, 14.0, 14.0, 14.0)",321208800.00000006,21,-21.027125967302787,22.0,24.0,7.379640780049392e-10,6.849127421166542e-08,7.471774899439856e-08
1736,"(1.0, 1.0, 8.0, 11.0, 11.0, 11.0, 14.0)",244398000.0,3,-20.846554255954874,3.0,3.0,8.840086608874776e-10,1.227505953403874e-08,1.2275059383361654e-08
1737,"(1.0, 1.0, 8.0, 11.0, 11.0, 12.0, 12.0)",439916400.0,1,-21.177792619109976,1.0,1.0,6.347482710917492e-10,2.273159172970137e-09,2.2731591678028845e-09
1738,"(1.0, 1.0, 8.0, 11.0, 11.0, 12.0, 14.0)",879832799.9999999,7,-20.96462273293836,8.0,10.0,7.85561212703818e-10,9.09263669188055e-09,1.1365795782174645e-08
1739,"(1.0, 1.0, 8.0, 11.0, 11.0, 13.0, 14.0)",879832799.9999999,11,-20.841795613143,12.0,14.0,8.8822536728989e-10,1.3638955037820825e-08,1.5912114024769868e-08
1740,"(1.0, 1.0, 8.0, 11.0, 11.0, 14.0, 14.0)",439916400.0,16,-20.75145284676673,17.0,19.0,9.72206537629943e-10,3.864370594049233e-08,4.3190022793096594e-08
1741,"(1.0, 1.0, 8.0, 11.0, 12.0, 12.0, 13.0)",963626400.0,1,-21.1730339762981,1.0,1.0,6.37776009638955e-10,1.0377465789646279e-09,1.0377465778877099e-09
1742,"(1.0, 1.0, 8.0, 11.0, 12.0, 12.0, 14.0)",963626400.0,14,-21.08269120992184,18.0,28.0,6.980773449495026e-10,1.86794384213633e-08,2.905690386208816e-08
1743,"(1.0, 1.0, 8.0, 11.0, 12.0, 13.0, 13.0)",963626400.0,1,-21.050206856502744,1.0,1.0,7.211262741199312e-10,1.0377465789646279e-09,1.0377465778877099e-09
1744,"(1.0, 1.0, 8.0, 11.0, 12.0, 13.0, 14.0)",1927252800.0,12,-20.95986409012648,13.0,15.0,7.893083264388486e-10,6.745352763270081e-09,7.783099296734924e-09
1745,"(1.0, 1.0, 8.0, 11.0, 12.0, 14.0, 14.0)",963626400.0,22,-20.86952132375022,25.0,33.0,8.639369504959694e-10,2.5943664474115693e-08,3.424563643275899e-08
1746,"(1.0, 1.0, 8.0, 11.0, 13.0, 13.0, 14.0)",963626400.0,6,-20.837036970331123,6.0,6.0,8.924621873107212e-10,6.226479473787767e-09,6.226479435018721e-09
1747,"(1.0, 1.0, 8.0, 11.0, 13.0, 14.0, 14.0)",963626400.0,28,-20.74669420395486,29.0,31.0,9.768439464168316e-10,3.009465078997421e-08,3.217014304221545e-08
1748,"(1.0, 1.0, 8.0, 11.0, 14.0, 14.0, 14.0)",321208800.00000006,23,-20.6563514375786,24.0,26.0,1.0692039497231743e-09,7.471775368545319e-08,8.094422757649824e-08
1749,"(1.0, 1.0, 8.0, 12.0, 12.0, 12.0, 12.0)",80302199.99999999,1,-21.413929573076945,1.0,1.0,5.01243265365943e-10,1.2452958947575535e-08,1.2452958792499349e-08
1750,"(1.0, 1.0, 8.0, 12.0, 12.0, 12.0, 13.0)",321208799.99999994,1,-21.29110245328158,1.0,1.0,5.667502115447638e-10,3.113239736893884e-09,3.113239727201622e-09
1751,"(1.0, 1.0, 8.0, 12.0, 12.0, 13.0, 14.0)",963626399.9999998,6,-21.07793256710996,6.0,6.0,7.014071621108805e-10,6.2264794737877685e-09,6.226479435018722e-09
1752,"(1.0, 1.0, 8.0, 12.0, 12.0, 14.0, 14.0)",481813199.9999999,9,-20.9875898007337,9.0,9.0,7.677247843362938e-10,1.8679438421363305e-08,1.8679438072441886e-08
1753,"(1.0, 1.0, 8.0, 12.0, 13.0, 13.0, 14.0)",963626399.9999998,5,-20.955105447314605,8.0,16.0,7.930733138431923e-10,8.301972631717025e-09,1.66039451945113e-08
1754,"(1.0, 1.0, 8.0, 12.0, 13.0, 14.0, 14.0)",963626399.9999998,21,-20.86476268093834,22.0,24.0,8.680579151783542e-10,2.2830424737221815e-08,2.490591737392278e-08
1755,"(1.0, 1.0, 8.0, 12.0, 14.0, 14.0, 14.0)",321208799.99999994,7,-20.77441991456208,8.0,10.0,9.501322651398359e-10,2.490591789515107e-08,3.1132396748634094e-08
1756,"(1.0, 1.0, 8.0, 13.0, 13.0, 13.0, 13.0)",80302199.99999999,1,-20.92262109389551,2.0,4.0,8.192587942487327e-10,2.490591789515107e-08,4.9811835169997395e-08
1757,"(1.0, 1.0, 8.0, 13.0, 13.0, 13.0, 14.0)",321208799.99999994,3,-20.832278327519248,3.0,3.0,8.967192168915921e-10,9.339719210681652e-09,9.339719123451298e-09
1758,"(1.0, 1.0, 8.0, 13.0, 13.0, 14.0, 14.0)",481813199.9999999,8,-20.741935561142984,9.0,11.0,9.815034755654243e-10,1.8679438421363305e-08,2.2830424388300397e-08
1759,"(1.0, 1.0, 8.0, 13.0, 14.0, 14.0, 14.0)",321208799.99999994,12,-20.65159279476672,12.0,12.0,1.0743040345297637e-09,3.735887684272661e-08,3.735887544704093e-08
1760,"(1.0, 1.0, 8.0, 14.0, 14.0, 14.0, 14.0)",80302199.99999999,11,-20.56125002839046,11.0,11.0,1.1758788301203449e-09,1.369825484233309e-07,1.3698252965911232e-07
1761,"(1.0, 1.0, 9.0, 9.0, 9.0, 9.0, 14.0)",61099499.99999999,1,-22.59430326561194,1.0,1.0,1.5396385242008466e-10,1.636674604538499e-08,1.6366745777514616e-08
1762,"(1.0, 1.0, 9.0, 9.0, 9.0, 11.0, 14.0)",244398000.0,1,-22.223528735887754,1.0,1.0,2.2307150717578514e-10,4.091686511346247e-09,4.0916864946043485e-09
1763,"(1.0, 1.0, 9.0, 9.0, 9.0, 13.0, 14.0)",293277599.99999994,1,-22.21877009307588,1.0,1.0,2.241355545026061e-10,3.409738759455206e-09,3.4097387478288877e-09
1764,"(1.0, 1.0, 9.0, 9.0, 9.0, 14.0, 14.0)",146638799.99999997,1,-22.12842732669961,1.0,1.0,2.4532743538682043e-10,6.819477518910412e-09,6.819477472405139e-09
1765,"(1.0, 1.0, 9.0, 9.0, 11.0, 11.0, 14.0)",366597000.0,3,-21.852754206163564,4.0,6.0,3.2319857246690454e-10,1.0911164030256657e-08,1.6366745926331485e-08
1766,"(1.0, 1.0, 9.0, 9.0, 11.0, 12.0, 14.0)",879832799.9999999,2,-21.970822683147045,3.0,5.0,2.8720562791359614e-10,3.409738759455206e-09,5.682897920799025e-09
1767,"(1.0, 1.0, 9.0, 9.0, 11.0, 13.0, 14.0)",879832799.9999999,3,-21.847995563351688,3.0,3.0,3.2474022420638356e-10,3.409738759455206e-09,3.4097387478288877e-09
1768,"(1.0, 1.0, 9.0, 9.0, 11.0, 14.0, 14.0)",439916400.0,9,-21.757652796975425,10.0,12.0,3.5544421565908477e-10,2.273159172970137e-08,2.7277909558916383e-08
1769,"(1.0, 1.0, 9.0, 9.0, 12.0, 12.0, 14.0)",481813200.00000006,1,-22.08889116013053,1.0,1.0,2.5522103045083655e-10,2.0754931579292553e-09,2.0754931536215837e-09
1770,"(1.0, 1.0, 9.0, 9.0, 12.0, 13.0, 14.0)",963626400.0,1,-21.96606404033517,1.0,1.0,2.885755939146264e-10,1.0377465789646279e-09,1.0377465778877099e-09
1771,"(1.0, 1.0, 9.0, 9.0, 12.0, 14.0, 14.0)",481813200.00000006,1,-21.87572127395891,1.0,1.0,3.158602414838212e-10,2.0754931579292553e-09,2.0754931536215837e-09
1772,"(1.0, 1.0, 9.0, 9.0, 13.0, 13.0, 14.0)",481813200.00000006,2,-21.84323692053981,2.0,2.0,3.26289229598659e-10,4.150986315858511e-09,4.150986298627823e-09
1773,"(1.0, 1.0, 9.0, 9.0, 13.0, 14.0, 14.0)",481813200.00000006,4,-21.75289415416355,4.0,4.0,3.5713967857272347e-10,8.301972631717021e-09,8.301972562794271e-09
1774,"(1.0, 1.0, 9.0, 9.0, 14.0, 14.0, 14.0)",160604400.00000003,4,-21.66255138778729,4.0,4.0,3.90907018806337e-10,2.490591789515106e-08,2.4905917274846314e-08
1775,"(1.0, 1.0, 9.0, 11.0, 11.0, 11.0, 14.0)",244398000.0,3,-21.481979676439373,3.0,3.0,4.682683080736543e-10,1.227505953403874e-08,1.2275059383361654e-08
1776,"(1.0, 1.0, 9.0, 11.0, 11.0, 12.0, 13.0)",879832799.9999999,2,-21.69039091979912,3.0,5.0,3.8017443852106126e-10,3.409738759455206e-09,5.682897920799025e-09
1777,"(1.0, 1.0, 9.0, 11.0, 11.0, 12.0, 14.0)",879832799.9999999,6,-21.60004815342285,6.0,6.0,4.1611970135203283e-10,6.819477518910412e-09,6.819477472405139e-09
1778,"(1.0, 1.0, 9.0, 11.0, 11.0, 13.0, 14.0)",879832799.9999999,12,-21.477221033627497,13.0,15.0,4.705019400051772e-10,1.4775534624305893e-08,1.7048693578959607e-08
1779,"(1.0, 1.0, 9.0, 11.0, 11.0, 14.0, 14.0)",439916400.0,15,-21.38687826725124,18.0,24.0,5.149876133759511e-10,4.091686511346247e-08,5.455581847709344e-08
1780,"(1.0, 1.0, 9.0, 11.0, 12.0, 12.0, 13.0)",963626400.0,1,-21.8084593967826,1.0,1.0,3.3783638800979387e-10,1.0377465789646279e-09,1.0377465778877099e-09
1781,"(1.0, 1.0, 9.0, 11.0, 12.0, 12.0, 14.0)",963626400.0,2,-21.71811663040633,2.0,2.0,3.6977861381571267e-10,2.0754931579292558e-09,2.075493153621584e-09
1782,"(1.0, 1.0, 9.0, 11.0, 12.0, 13.0, 14.0)",1927252800.0,12,-21.59528951061098,14.0,18.0,4.181045853090499e-10,7.2642260527523945e-09,9.339719157912671e-09
1783,"(1.0, 1.0, 9.0, 11.0, 12.0, 14.0, 14.0)",963626400.0,17,-21.504946744234715,23.0,47.0,4.5763612053859267e-10,2.3868171316186438e-08,4.8774088641647904e-08
1784,"(1.0, 1.0, 9.0, 11.0, 13.0, 13.0, 14.0)",963626400.0,2,-21.472462390815625,2.0,2.0,4.727462263233383e-10,2.0754931579292558e-09,2.075493153621584e-09
1785,"(1.0, 1.0, 9.0, 11.0, 13.0, 14.0, 14.0)",963626400.0,17,-21.38211962443936,21.0,29.0,5.174440956057843e-10,2.1792678158257183e-08,3.009465031505339e-08
1786,"(1.0, 1.0, 9.0, 11.0, 14.0, 14.0, 14.0)",321208800.00000006,18,-21.2917768580631,18.0,18.0,5.663681213483819e-10,5.603831526408989e-08,5.603831212379711e-08
1787,"(1.0, 1.0, 9.0, 12.0, 12.0, 12.0, 14.0)",321208799.99999994,3,-21.83618510738982,4.0,6.0,3.285982922490628e-10,1.2452958947575535e-08,1.867943826628712e-08
1788,"(1.0, 1.0, 9.0, 12.0, 12.0, 14.0, 14.0)",481813199.9999999,2,-21.6230152212182,2.0,2.0,4.0667156526097336e-10,4.150986315858512e-09,4.150986298627825e-09
1789,"(1.0, 1.0, 9.0, 12.0, 13.0, 13.0, 14.0)",963626399.9999998,2,-21.590530867799103,3.0,5.0,4.200989371290657e-10,3.1132397368938842e-09,5.188732885130879e-09
1790,"(1.0, 1.0, 9.0, 12.0, 13.0, 14.0, 14.0)",963626399.9999998,9,-21.500188101422843,9.0,9.0,4.5981903711489797e-10,9.339719210681652e-09,9.339719123451298e-09
1791,"(1.0, 1.0, 9.0, 12.0, 14.0, 14.0, 14.0)",321208799.99999994,7,-21.40984533504658,8.0,10.0,5.03294648489707e-10,2.490591789515107e-08,3.1132396748634094e-08
1792,"(1.0, 1.0, 9.0, 13.0, 13.0, 13.0, 14.0)",321208799.99999994,1,-21.467703748003743,1.0,1.0,4.750012178493893e-10,3.113239736893884e-09,3.113239727201622e-09
1793,"(1.0, 1.0, 9.0, 13.0, 13.0, 14.0, 14.0)",481813199.9999999,11,-21.377360981627483,12.0,14.0,5.199122952144181e-10,2.4905917895151074e-08,2.9056903590704838e-08
1794,"(1.0, 1.0, 9.0, 13.0, 14.0, 14.0, 14.0)",321208799.99999994,5,-21.287018215251223,5.0,5.0,5.69069687734637e-10,1.556619868446942e-08,1.5566198442162877e-08
1795,"(1.0, 1.0, 9.0, 14.0, 14.0, 14.0, 14.0)",80302199.99999999,5,-21.19667544887496,6.0,8.0,6.228748819353133e-10,7.471775368545322e-08,9.962366599786157e-08
1796,"(1.0, 1.0, 11.0, 11.0, 11.0, 11.0, 14.0)",61099499.99999999,1,-21.111205146715182,1.0,1.0,6.784535175155101e-10,1.636674604538499e-08,1.6366745777514616e-08
1797,"(1.0, 1.0, 11.0, 11.0, 11.0, 12.0, 14.0)",293277599.99999994,3,-21.229273623698667,3.0,3.0,6.028976768707187e-10,1.0229216278365618e-08,1.0229216173728753e-08
1798,"(1.0, 1.0, 11.0, 11.0, 11.0, 13.0, 14.0)",293277599.99999994,4,-21.106446503903307,4.0,4.0,6.816897293510081e-10,1.3638955037820825e-08,1.363895485179973e-08
1799,"(1.0, 1.0, 11.0, 11.0, 11.0, 14.0, 14.0)",146638799.99999997,3,-21.016103737527047,3.0,3.0,7.461430802549127e-10,2.0458432556731237e-08,2.0458432138183773e-08
1800,"(1.0, 1.0, 11.0, 11.0, 12.0, 12.0, 14.0)",481813200.00000006,3,-21.347342100682148,3.0,3.0,5.357560973479679e-10,6.226479473787766e-09,6.22647943501872e-09
1801,"(1.0, 1.0, 11.0, 11.0, 12.0, 13.0, 14.0)",963626400.0,5,-21.22451498088679,5.0,5.0,6.057734886206942e-10,5.188732894823139e-09,5.18873286790019e-09
1802,"(1.0, 1.0, 11.0, 11.0, 12.0, 14.0, 14.0)",481813200.00000006,12,-21.134172214510528,12.0,12.0,6.630490049579068e-10,2.4905917895151064e-08,2.4905917274846318e-08
1803,"(1.0, 1.0, 11.0, 11.0, 13.0, 13.0, 14.0)",481813200.00000006,3,-21.101687861091435,4.0,6.0,6.849413778623759e-10,8.301972631717021e-09,1.2452958878652782e-08
1804,"(1.0, 1.0, 11.0, 11.0, 13.0, 14.0, 14.0)",481813200.00000006,17,-21.01134509471517,19.0,23.0,7.497021701630001e-10,3.943437000065585e-08,4.7736341077303335e-08
1805,"(1.0, 1.0, 11.0, 11.0, 14.0, 14.0, 14.0)",160604400.00000003,9,-20.921002328338908,10.0,12.0,8.205860561398941e-10,6.226479473787765e-08,7.471774980854853e-08
1806,"(1.0, 1.0, 11.0, 12.0, 12.0, 12.0, 14.0)",321208799.99999994,1,-21.46541057766563,1.0,1.0,4.760917264358194e-10,3.113239736893884e-09,3.113239727201622e-09
1807,"(1.0, 1.0, 11.0, 12.0, 12.0, 13.0, 14.0)",963626399.9999998,7,-21.34258345787028,7.0,7.0,5.38311644896051e-10,7.264226052752396e-09,7.264225999983416e-09
1808,"(1.0, 1.0, 11.0, 12.0, 12.0, 14.0, 14.0)",481813199.9999999,7,-21.25224069149401,7.0,7.0,5.892086847813068e-10,1.4528452105504792e-08,1.4528451894428872e-08
1809,"(1.0, 1.0, 11.0, 12.0, 13.0, 13.0, 14.0)",963626399.9999998,5,-21.21975633807492,5.0,5.0,6.086630179442104e-10,5.18873289482314e-09,5.188732867900191e-09
1810,"(1.0, 1.0, 11.0, 12.0, 13.0, 14.0, 14.0)",963626399.9999998,11,-21.12941357169865,13.0,17.0,6.662117375283256e-10,1.3490705526540165e-08,1.7641691660399538e-08
1811,"(1.0, 1.0, 11.0, 12.0, 14.0, 14.0, 14.0)",321208799.99999994,12,-21.03907080532239,12.0,12.0,7.292016536828392e-10,3.735887684272661e-08,3.735887544704093e-08
1812,"(1.0, 1.0, 11.0, 13.0, 13.0, 13.0, 14.0)",321208799.99999994,4,-21.09692921827956,4.0,4.0,6.882085366823018e-10,1.2452958947575535e-08,1.2452958792499349e-08
1813,"(1.0, 1.0, 11.0, 13.0, 13.0, 14.0, 14.0)",481813199.9999999,4,-21.006586451903296,6.0,10.0,7.532782368699203e-10,1.2452958947575537e-08,2.0754931424216375e-08
1814,"(1.0, 1.0, 11.0, 13.0, 14.0, 14.0, 14.0)",321208799.99999994,11,-20.916243685527032,12.0,14.0,8.245002377873699e-10,3.735887684272661e-08,4.358535492082869e-08
1815,"(1.0, 1.0, 11.0, 14.0, 14.0, 14.0, 14.0)",80302199.99999999,10,-20.82590091915077,10.0,10.0,9.024562357412442e-10,1.2452958947575536e-07,1.245295739681367e-07
1816,"(1.0, 1.0, 12.0, 12.0, 12.0, 13.0, 14.0)",293277599.99999994,1,-21.46065193485376,1.0,1.0,4.783626759409736e-10,3.409738759455206e-09,3.4097387478288877e-09
1817,"(1.0, 1.0, 12.0, 12.0, 13.0, 13.0, 14.0)",439916400.0,2,-21.3378248150584,2.0,2.0,5.408793823628413e-10,4.546318345940274e-09,4.546318325271264e-09
1818,"(1.0, 1.0, 12.0, 12.0, 13.0, 14.0, 14.0)",439916400.0,3,-21.247482048682134,3.0,3.0,5.920192002698995e-10,6.8194775189104115e-09,6.819477472405138e-09
1819,"(1.0, 1.0, 12.0, 12.0, 14.0, 14.0, 14.0)",146638799.99999997,2,-21.15713928230587,2.0,2.0,6.479942569766708e-10,1.3638955037820825e-08,1.363895485179973e-08
1820,"(1.0, 1.0, 12.0, 13.0, 13.0, 13.0, 14.0)",293277599.99999994,1,-21.21499769526304,1.0,1.0,6.115663302738681e-10,3.409738759455206e-09,3.4097387478288877e-09
1821,"(1.0, 1.0, 12.0, 13.0, 13.0, 14.0, 14.0)",439916400.0,6,-21.124654928886777,6.0,6.0,6.693895562797569e-10,1.3638955037820823e-08,1.3638954851799729e-08
1822,"(1.0, 1.0, 12.0, 13.0, 14.0, 14.0, 14.0)",293277599.99999994,10,-21.03431216251052,10.0,10.0,7.326799332719131e-10,3.4097387594552065e-08,3.4097386431920226e-08
1823,"(1.0, 1.0, 12.0, 14.0, 14.0, 14.0, 14.0)",73319399.99999999,1,-20.94396939613425,1.0,1.0,8.019543770637953e-10,1.3638955037820825e-08,1.363895485179973e-08
1824,"(1.0, 1.0, 13.0, 13.0, 13.0, 13.0, 14.0)",73319399.99999999,1,-21.092170575467684,1.0,1.0,6.914912797946936e-10,1.3638955037820825e-08,1.363895485179973e-08
1825,"(1.0, 1.0, 13.0, 13.0, 13.0, 14.0, 14.0)",146638799.99999997,2,-21.00182780909142,2.0,2.0,7.568713613547171e-10,1.3638955037820825e-08,1.363895485179973e-08
1826,"(1.0, 1.0, 13.0, 13.0, 14.0, 14.0, 14.0)",146638799.99999997,4,-20.91148504271516,5.0,7.0,8.284330900152831e-10,3.4097387594552065e-08,4.773634146974105e-08
1827,"(1.0, 1.0, 13.0, 14.0, 14.0, 14.0, 14.0)",73319399.99999999,3,-20.821142276338893,3.0,3.0,9.067609367645653e-10,4.0916865113462474e-08,4.0916863439272624e-08
1828,"(1.0, 1.0, 14.0, 14.0, 14.0, 14.0, 14.0)",14663879.999999998,3,-20.73079950996263,3.0,3.0,9.924946339685447e-10,2.0458432556731235e-07,2.045842837125661e-07
1829,"(1.0, 2.0, 2.0, 2.0, 3.0, 12.0, 14.0)",510048000.0,1,-21.194083998095813,1.0,1.0,6.244911248358715e-10,1.960599786686743e-09,1.9605997828427918e-09
1830,"(1.0, 2.0, 2.0, 2.0, 4.0, 7.0, 14.0)",745945200.0,1,-21.17108514682809,1.0,1.0,6.390201382252712e-10,1.3405810507259782e-09,1.3405810489288206e-09
1831,"(1.0, 2.0, 2.0, 2.0, 4.0, 8.0, 14.0)",659874599.9999998,2,-21.04997244411435,2.0,2.0,7.212953348663741e-10,3.030878897293517e-09,3.03087888810729e-09
1832,"(1.0, 2.0, 2.0, 2.0, 4.0, 9.0, 14.0)",659874599.9999998,1,-21.685397864598848,1.0,1.0,3.820774173640017e-10,1.5154394486467585e-09,1.5154394463502017e-09
1833,"(1.0, 2.0, 2.0, 2.0, 4.0, 14.0, 14.0)",344282399.9999998,1,-21.21952192568652,1.0,1.0,6.088057128200461e-10,2.9045922765729543e-09,2.904592268136298e-09
1834,"(1.0, 2.0, 2.0, 2.0, 6.0, 7.0, 14.0)",745945200.0,2,-21.15440491772603,3.0,5.0,6.497685341757664e-10,4.021743152177935e-09,6.702905237455473e-09
1835,"(1.0, 2.0, 2.0, 2.0, 6.0, 13.0, 14.0)",688564799.9999996,1,-21.29318446296072,1.0,1.0,5.655714596309215e-10,1.4522961382864772e-09,1.452296136177313e-09
1836,"(1.0, 2.0, 2.0, 2.0, 6.0, 14.0, 14.0)",344282399.9999998,2,-21.202841696584457,2.0,2.0,6.190458984838161e-10,5.809184553145909e-09,5.809184519399284e-09
1837,"(1.0, 2.0, 2.0, 2.0, 7.0, 11.0, 14.0)",659874599.9999998,1,-21.07868967269531,1.0,1.0,7.008763238065209e-10,1.5154394486467585e-09,1.5154394463502017e-09
1838,"(1.0, 2.0, 2.0, 2.0, 7.0, 12.0, 14.0)",688564799.9999996,1,-21.1967581496788,1.0,1.0,6.228233718118787e-10,1.4522961382864772e-09,1.452296136177313e-09
1839,"(1.0, 2.0, 2.0, 2.0, 7.0, 13.0, 14.0)",688564799.9999996,1,-21.07393102988344,1.0,1.0,7.04219492049833e-10,1.4522961382864772e-09,1.452296136177313e-09
1840,"(1.0, 2.0, 2.0, 2.0, 7.0, 14.0, 14.0)",344282399.9999998,1,-20.983588263507173,2.0,4.0,7.708030183671111e-10,5.809184553145909e-09,1.1618369072545193e-08
1841,"(1.0, 2.0, 2.0, 2.0, 8.0, 12.0, 14.0)",586555199.9999999,2,-21.07564544696505,2.0,2.0,7.03013200462374e-10,3.409738759455206e-09,3.4097387478288877e-09
1842,"(1.0, 2.0, 2.0, 2.0, 8.0, 14.0, 14.0)",293277599.99999994,2,-20.86247556079343,2.0,2.0,8.700455400250957e-10,6.819477518910412e-09,6.819477472405139e-09
1843,"(1.0, 2.0, 2.0, 2.0, 9.0, 14.0, 14.0)",293277599.99999994,1,-21.49790098127793,1.0,1.0,4.6087190205304896e-10,3.409738759455206e-09,3.4097387478288877e-09
1844,"(1.0, 2.0, 2.0, 2.0, 11.0, 14.0, 14.0)",293277599.99999994,2,-21.12712645155374,2.0,2.0,6.677371875928297e-10,6.819477518910412e-09,6.819477472405139e-09
1845,"(1.0, 2.0, 2.0, 2.0, 12.0, 12.0, 14.0)",293277599.99999994,1,-21.458364814708844,3.0,9.0,4.79458000946174e-10,1.0229216278365618e-08,3.068764873045999e-08
1846,"(1.0, 2.0, 2.0, 2.0, 14.0, 14.0, 14.0)",97759200.0,1,-21.032025042365603,1.0,1.0,7.343575780633732e-10,1.0229216278365617e-08,1.0229216173728752e-08
1847,"(1.0, 2.0, 2.0, 3.0, 3.0, 4.0, 14.0)",860705999.9999996,1,-20.951534082977567,1.0,1.0,7.959107313028173e-10,1.1618369106291816e-09,1.1618369092793165e-09
1848,"(1.0, 2.0, 2.0, 3.0, 3.0, 7.0, 14.0)",860705999.9999996,1,-20.71560042079822,1.0,1.0,1.0076948706628232e-09,1.1618369106291816e-09,1.1618369092793165e-09
1849,"(1.0, 2.0, 2.0, 3.0, 3.0, 13.0, 14.0)",765071999.9999999,1,-20.854379966032912,1.0,1.0,8.7711766404065e-10,1.307066524457829e-09,1.3070665227494062e-09
1850,"(1.0, 2.0, 2.0, 3.0, 3.0, 14.0, 14.0)",382536000.0,2,-20.76403719965665,2.0,2.0,9.600486077681563e-10,5.2282660978313154e-09,5.228266070496549e-09
1851,"(1.0, 2.0, 2.0, 3.0, 4.0, 4.0, 14.0)",1118917800.0,1,-21.19014189673989,1.0,1.0,6.269577908752541e-10,8.937207004839856e-10,8.937206996852489e-10
1852,"(1.0, 2.0, 2.0, 3.0, 4.0, 7.0, 14.0)",2237835600.0,2,-20.95420823456055,2.0,2.0,7.937851886390914e-10,8.937207004839856e-10,8.937206996852489e-10
1853,"(1.0, 2.0, 2.0, 3.0, 4.0, 8.0, 14.0)",1979623799.9999995,1,-20.83309553184681,1.0,1.0,8.95986713410214e-10,5.051464828822528e-10,5.051464826270798e-10
1854,"(1.0, 2.0, 2.0, 3.0, 4.0, 9.0, 14.0)",1979623799.9999995,2,-21.468520952331307,2.0,2.0,4.746132033637166e-10,1.0102929657645057e-09,1.0102929647438138e-09
1855,"(1.0, 2.0, 2.0, 3.0, 4.0, 11.0, 14.0)",1979623799.9999995,5,-21.09774642260712,5.0,5.0,6.876463594259904e-10,2.525732414411264e-09,2.5257324080319395e-09
1856,"(1.0, 2.0, 2.0, 3.0, 4.0, 13.0, 14.0)",2065694399.999999,2,-21.09298777979524,2.0,2.0,6.909264209623539e-10,9.68197425524318e-10,9.681974245869118e-10
1857,"(1.0, 2.0, 2.0, 3.0, 4.0, 14.0, 14.0)",1032847199.9999996,6,-21.002645013418977,6.0,6.0,7.562530954620031e-10,5.809184553145908e-09,5.809184519399283e-09
1858,"(1.0, 2.0, 2.0, 3.0, 6.0, 7.0, 14.0)",2237835600.0,2,-20.93752800545849,2.0,2.0,8.071367514408943e-10,8.937207004839856e-10,8.937206996852489e-10
1859,"(1.0, 2.0, 2.0, 3.0, 6.0, 8.0, 14.0)",1979623799.9999995,4,-20.816415302744744,4.0,4.0,9.110573182097187e-10,2.0205859315290113e-09,2.020585927446244e-09
1860,"(1.0, 2.0, 2.0, 3.0, 6.0, 11.0, 14.0)",1979623799.9999995,2,-21.08106619350505,2.0,2.0,6.992126542935652e-10,1.0102929657645057e-09,1.0102929647438138e-09
1861,"(1.0, 2.0, 2.0, 3.0, 6.0, 13.0, 14.0)",2065694399.999999,1,-21.076307550693176,1.0,1.0,7.025478868613606e-10,4.84098712762159e-10,4.840987125278075e-10
1862,"(1.0, 2.0, 2.0, 3.0, 6.0, 14.0, 14.0)",1032847199.9999996,4,-20.98596478431692,4.0,4.0,7.689733639208134e-10,3.872789702097272e-09,3.872789687098772e-09
1863,"(1.0, 2.0, 2.0, 3.0, 7.0, 8.0, 14.0)",1979623799.9999995,2,-20.597161869667463,2.0,2.0,1.1344001026441717e-09,1.0102929657645057e-09,1.0102929647438138e-09
1864,"(1.0, 2.0, 2.0, 3.0, 7.0, 9.0, 14.0)",1979623799.9999995,2,-21.23258729015196,2.0,2.0,6.009031814354375e-10,1.0102929657645057e-09,1.0102929647438138e-09
1865,"(1.0, 2.0, 2.0, 3.0, 7.0, 11.0, 14.0)",1979623799.9999995,1,-20.86181276042777,1.0,1.0,8.706223976767785e-10,5.051464828822528e-10,5.051464826270798e-10
1866,"(1.0, 2.0, 2.0, 3.0, 7.0, 12.0, 14.0)",2065694399.999999,2,-20.97988123741125,2.0,2.0,7.736657080253828e-10,9.68197425524318e-10,9.681974245869118e-10
1867,"(1.0, 2.0, 2.0, 3.0, 7.0, 13.0, 14.0)",2065694399.999999,1,-20.85705411761589,1.0,1.0,8.747752518294598e-10,4.84098712762159e-10,4.840987125278075e-10
1868,"(1.0, 2.0, 2.0, 3.0, 7.0, 14.0, 14.0)",1032847199.9999996,3,-20.766711351239632,3.0,3.0,9.574847219015571e-10,2.904592276572954e-09,2.9045922681362977e-09
1869,"(1.0, 2.0, 2.0, 3.0, 8.0, 9.0, 14.0)",1613026800.0,1,-21.111474587438217,1.0,1.0,6.78270739134281e-10,6.199525017191283e-10,6.199525013347872e-10
1870,"(1.0, 2.0, 2.0, 3.0, 8.0, 11.0, 14.0)",1613026800.0,2,-20.74070005771403,2.0,2.0,9.827168759008025e-10,1.2399050034382566e-09,1.2399050019008922e-09
1871,"(1.0, 2.0, 2.0, 3.0, 8.0, 12.0, 14.0)",1759665599.9999998,1,-20.85876853469751,1.0,1.0,8.732768070418351e-10,5.682897932425344e-10,5.68289792919581e-10
1872,"(1.0, 2.0, 2.0, 3.0, 8.0, 13.0, 14.0)",1759665599.9999998,1,-20.73594141490215,1.0,1.0,9.874044188239822e-10,5.682897932425344e-10,5.68289792919581e-10
1873,"(1.0, 2.0, 2.0, 3.0, 8.0, 14.0, 14.0)",879832799.9999999,4,-20.64559864852589,4.0,4.0,1.0807629083982889e-09,4.546318345940275e-09,4.546318325271265e-09
1874,"(1.0, 2.0, 2.0, 3.0, 9.0, 11.0, 14.0)",1613026800.0,1,-21.376125478198524,1.0,1.0,5.205550456163143e-10,6.199525017191283e-10,6.199525013347872e-10
1875,"(1.0, 2.0, 2.0, 3.0, 9.0, 12.0, 14.0)",1759665599.9999998,4,-21.49419395518201,4.0,4.0,4.6258353679805666e-10,2.2731591729701374e-09,2.273159167802885e-09
1876,"(1.0, 2.0, 2.0, 3.0, 9.0, 13.0, 14.0)",1759665599.9999998,1,-21.37136683538665,1.0,1.0,5.23038084404028e-10,5.682897932425344e-10,5.68289792919581e-10
1877,"(1.0, 2.0, 2.0, 3.0, 9.0, 14.0, 14.0)",879832799.9999999,1,-21.28102406901039,1.0,1.0,5.724910183983444e-10,1.1365795864850687e-09,1.1365795851932556e-09
1878,"(1.0, 2.0, 2.0, 3.0, 11.0, 11.0, 14.0)",806513400.0,1,-21.005350948474337,1.0,1.0,7.542094898792151e-10,1.2399050034382566e-09,1.2399050019008922e-09
1879,"(1.0, 2.0, 2.0, 3.0, 11.0, 12.0, 14.0)",1759665599.9999998,4,-21.12341942545782,7.0,15.0,6.702171004834316e-10,3.9780285526977405e-09,8.524346882813303e-09
1880,"(1.0, 2.0, 2.0, 3.0, 11.0, 13.0, 14.0)",1759665599.9999998,3,-21.00059230566246,3.0,3.0,7.578070564251594e-10,1.704869379727603e-09,1.7048693768210234e-09
1881,"(1.0, 2.0, 2.0, 3.0, 11.0, 14.0, 14.0)",879832799.9999999,3,-20.9102495392862,3.0,3.0,8.294572544877416e-10,3.409738759455206e-09,3.4097387478288877e-09
1882,"(1.0, 2.0, 2.0, 3.0, 12.0, 13.0, 14.0)",1759665599.9999998,4,-21.118660782645943,4.0,4.0,6.734140247486052e-10,2.2731591729701374e-09,2.273159167802885e-09
1883,"(1.0, 2.0, 2.0, 3.0, 12.0, 14.0, 14.0)",879832799.9999999,4,-21.02831801626968,6.0,12.0,7.370849127962454e-10,6.819477518910412e-09,1.3638954991315551e-08
1884,"(1.0, 2.0, 2.0, 3.0, 13.0, 13.0, 14.0)",879832799.9999999,2,-20.995833662850583,4.0,10.0,7.614217833028527e-10,4.546318345940275e-09,1.1365795844181677e-08
1885,"(1.0, 2.0, 2.0, 3.0, 13.0, 14.0, 14.0)",879832799.9999999,4,-20.905490896474323,4.0,4.0,8.334137516017117e-10,4.546318345940275e-09,4.546318325271265e-09
1886,"(1.0, 2.0, 2.0, 4.0, 4.0, 6.0, 14.0)",1332044999.9999998,1,-21.41206948140016,1.0,1.0,5.021764914658701e-10,7.50725388406548e-10,7.507253878429593e-10
1887,"(1.0, 2.0, 2.0, 4.0, 4.0, 9.0, 14.0)",1225481400.0,1,-21.70712876609364,1.0,1.0,3.738640953038335e-10,8.16005856963639e-10,8.160058562977734e-10
1888,"(1.0, 2.0, 2.0, 4.0, 4.0, 12.0, 14.0)",1278763200.0,3,-21.45442271335293,3.0,3.0,4.813518033097413e-10,2.346016838770462e-09,2.346016833266667e-09
1889,"(1.0, 2.0, 2.0, 4.0, 4.0, 13.0, 14.0)",1278763200.0,2,-21.33159559355757,3.0,5.0,5.442591555900118e-10,2.346016838770462e-09,3.910028059113642e-09
1890,"(1.0, 2.0, 2.0, 4.0, 4.0, 14.0, 14.0)",639381600.0,2,-21.241252827181302,2.0,2.0,5.957185290080409e-10,3.1280224516939493e-09,3.1280224419094247e-09
1891,"(1.0, 2.0, 2.0, 4.0, 6.0, 8.0, 14.0)",2450962800.0,2,-21.05502311650708,2.0,2.0,7.176614928291126e-10,8.16005856963639e-10,8.160058562977734e-10
1892,"(1.0, 2.0, 2.0, 4.0, 6.0, 9.0, 14.0)",2450962800.0,1,-21.69044853699157,1.0,1.0,3.8015253456830064e-10,4.080029284818195e-10,4.080029283153531e-10
1893,"(1.0, 2.0, 2.0, 4.0, 6.0, 11.0, 14.0)",2450962800.0,1,-21.31967400726738,1.0,1.0,5.507864184345618e-10,4.080029284818195e-10,4.080029283153531e-10
1894,"(1.0, 2.0, 2.0, 4.0, 6.0, 12.0, 14.0)",2557526400.0,2,-21.43774248425086,2.0,2.0,4.894481988127516e-10,7.820056129234873e-10,7.820056123119546e-10
1895,"(1.0, 2.0, 2.0, 4.0, 6.0, 13.0, 14.0)",2557526400.0,1,-21.314915364455505,1.0,1.0,5.534136603607248e-10,3.9100280646174367e-10,3.910028063088605e-10
1896,"(1.0, 2.0, 2.0, 4.0, 6.0, 14.0, 14.0)",1278763200.0,4,-21.22457259807924,5.0,7.0,6.057385866585054e-10,3.910028064617437e-09,5.4740392751760915e-09
1897,"(1.0, 2.0, 2.0, 4.0, 7.0, 8.0, 14.0)",2450962800.0,2,-20.835769683429792,4.0,10.0,8.935939099077816e-10,1.632011713927278e-09,4.0800292821547324e-09
1898,"(1.0, 2.0, 2.0, 4.0, 7.0, 9.0, 14.0)",2450962800.0,1,-21.47119510391429,2.0,4.0,4.733457112030495e-10,8.16005856963639e-10,1.6320117132614125e-09
1899,"(1.0, 2.0, 2.0, 4.0, 7.0, 12.0, 14.0)",2557526400.0,1,-21.21848905117358,1.0,1.0,6.094348575820128e-10,3.9100280646174367e-10,3.910028063088605e-10
1900,"(1.0, 2.0, 2.0, 4.0, 7.0, 14.0, 14.0)",1278763200.0,7,-21.00531916500196,9.0,13.0,7.542334616566541e-10,7.038050516311386e-09,1.016607291847118e-08
1901,"(1.0, 2.0, 2.0, 4.0, 8.0, 8.0, 14.0)",1036945800.0,2,-20.714656980716047,2.0,2.0,1.0086460189995909e-09,1.9287411164595104e-09,1.9287411127394682e-09
1902,"(1.0, 2.0, 2.0, 4.0, 8.0, 9.0, 14.0)",2073891600.0,1,-21.350082401200545,1.0,1.0,5.342899743629153e-10,4.821852791148776e-10,4.821852788823749e-10
1903,"(1.0, 2.0, 2.0, 4.0, 8.0, 11.0, 14.0)",2073891600.0,1,-20.97930787147636,1.0,1.0,7.74109428782382e-10,4.821852791148776e-10,4.821852788823749e-10
1904,"(1.0, 2.0, 2.0, 4.0, 8.0, 12.0, 14.0)",2262427199.9999995,2,-21.09737634845984,2.0,2.0,6.879008866601552e-10,8.840063450439424e-10,8.840063442624752e-10
1905,"(1.0, 2.0, 2.0, 4.0, 8.0, 14.0, 14.0)",1131213599.9999998,1,-20.88420646228822,1.0,1.0,8.513426177834757e-10,8.840063450439424e-10,8.840063442624752e-10
1906,"(1.0, 2.0, 2.0, 4.0, 9.0, 11.0, 14.0)",2073891600.0,2,-21.614733291960853,2.0,2.0,4.1005357585057855e-10,9.643705582297552e-10,9.643705572997446e-10
1907,"(1.0, 2.0, 2.0, 4.0, 9.0, 13.0, 14.0)",2262427199.9999995,1,-21.60997464914898,1.0,1.0,4.1200952449126724e-10,4.420031725219712e-10,4.420031723266044e-10
1908,"(1.0, 2.0, 2.0, 4.0, 9.0, 14.0, 14.0)",1131213599.9999998,1,-21.51963188277272,1.0,1.0,4.509647754132199e-10,8.840063450439424e-10,8.840063442624752e-10
1909,"(1.0, 2.0, 2.0, 4.0, 11.0, 12.0, 14.0)",2262427199.9999995,1,-21.362027239220147,1.0,1.0,5.279459318736542e-10,4.420031725219712e-10,4.420031723266044e-10
1910,"(1.0, 2.0, 2.0, 4.0, 11.0, 13.0, 14.0)",2262427199.9999995,1,-21.23920011942479,1.0,1.0,5.969426209749508e-10,4.420031725219712e-10,4.420031723266044e-10
1911,"(1.0, 2.0, 2.0, 4.0, 11.0, 14.0, 14.0)",1131213599.9999998,3,-21.148857353048527,3.0,3.0,6.533831841264979e-10,2.652019035131827e-09,2.652019028098622e-09
1912,"(1.0, 2.0, 2.0, 4.0, 12.0, 13.0, 14.0)",2262427199.9999995,1,-21.35726859640827,1.0,1.0,5.304642250641578e-10,4.420031725219712e-10,4.420031723266044e-10
1913,"(1.0, 2.0, 2.0, 4.0, 12.0, 14.0, 14.0)",1131213599.9999998,3,-21.266925830032008,4.0,6.0,5.806192961587152e-10,3.5360253801757696e-09,5.304038057760179e-09
1914,"(1.0, 2.0, 2.0, 4.0, 13.0, 13.0, 14.0)",1131213599.9999998,1,-21.234441476612915,1.0,1.0,5.997900272087437e-10,8.840063450439424e-10,8.840063442624752e-10
1915,"(1.0, 2.0, 2.0, 4.0, 13.0, 14.0, 14.0)",1131213599.9999998,2,-21.14409871023665,2.0,2.0,6.564998108945759e-10,1.7680126900878848e-09,1.768012686962016e-09
1916,"(1.0, 2.0, 2.0, 4.0, 14.0, 14.0, 14.0)",377071200.0,1,-21.053755943860388,1.0,1.0,7.185714702699061e-10,2.6520190351318266e-09,2.6520190280986217e-09
1917,"(1.0, 2.0, 2.0, 6.0, 6.0, 7.0, 14.0)",1332044999.9999998,2,-21.15945559011876,2.0,2.0,6.464950398110549e-10,1.501450776813096e-09,1.5014507745587416e-09
1918,"(1.0, 2.0, 2.0, 6.0, 6.0, 8.0, 12.0)",1225481400.0,1,-21.25151277357663,1.0,1.0,5.896377364782993e-10,8.16005856963639e-10,8.160058562977734e-10
1919,"(1.0, 2.0, 2.0, 6.0, 6.0, 8.0, 14.0)",1225481400.0,1,-21.03834288740501,1.0,1.0,7.297326458678552e-10,8.16005856963639e-10,8.160058562977734e-10
1920,"(1.0, 2.0, 2.0, 6.0, 6.0, 13.0, 14.0)",1278763200.0,1,-21.298235135353444,1.0,1.0,5.627221450080005e-10,7.820056129234873e-10,7.820056123119546e-10
1921,"(1.0, 2.0, 2.0, 6.0, 6.0, 14.0, 14.0)",639381600.0,2,-21.20789236897718,2.0,2.0,6.15927182889574e-10,3.1280224516939493e-09,3.1280224419094247e-09
1922,"(1.0, 2.0, 2.0, 6.0, 7.0, 7.0, 14.0)",1332044999.9999998,1,-20.94020215704147,1.0,1.0,8.049812288010146e-10,7.50725388406548e-10,7.507253878429593e-10
1923,"(1.0, 2.0, 2.0, 6.0, 7.0, 11.0, 14.0)",2450962800.0,1,-21.083740345088035,1.0,1.0,6.973453515053652e-10,4.080029284818195e-10,4.080029283153531e-10
1924,"(1.0, 2.0, 2.0, 6.0, 7.0, 12.0, 14.0)",2557526400.0,1,-21.20180882207152,1.0,1.0,6.19685625536709e-10,3.9100280646174367e-10,3.910028063088605e-10
1925,"(1.0, 2.0, 2.0, 6.0, 7.0, 14.0, 14.0)",1278763200.0,3,-20.9886389358999,3.0,3.0,7.669197596307885e-10,2.346016838770462e-09,2.346016833266667e-09
1926,"(1.0, 2.0, 2.0, 6.0, 8.0, 8.0, 14.0)",1036945800.0,4,-20.697976751613982,4.0,4.0,1.0256115669339799e-09,3.857482232919021e-09,3.857482218038851e-09
1927,"(1.0, 2.0, 2.0, 6.0, 8.0, 9.0, 13.0)",2073891600.0,1,-21.423744938474748,1.0,1.0,4.963474459969797e-10,4.821852791148776e-10,4.821852788823749e-10
1928,"(1.0, 2.0, 2.0, 6.0, 8.0, 11.0, 14.0)",2073891600.0,2,-20.962627642374294,2.0,2.0,7.871300429255862e-10,9.643705582297552e-10,9.643705572997446e-10
1929,"(1.0, 2.0, 2.0, 6.0, 8.0, 12.0, 14.0)",2262427199.9999995,1,-21.08069611935777,1.0,1.0,6.994714627065657e-10,4.420031725219712e-10,4.420031723266044e-10
1930,"(1.0, 2.0, 2.0, 6.0, 8.0, 13.0, 14.0)",2262427199.9999995,4,-20.95786899956241,4.0,4.0,7.908846399543169e-10,1.7680126900878848e-09,1.768012686962016e-09
1931,"(1.0, 2.0, 2.0, 6.0, 8.0, 14.0, 14.0)",1131213599.9999998,3,-20.867526233186155,3.0,3.0,8.656623034993022e-10,2.652019035131827e-09,2.652019028098622e-09
1932,"(1.0, 2.0, 2.0, 6.0, 9.0, 11.0, 14.0)",2073891600.0,1,-21.598053062858792,1.0,1.0,4.1695072655133584e-10,4.821852791148776e-10,4.821852788823749e-10
1933,"(1.0, 2.0, 2.0, 6.0, 9.0, 13.0, 14.0)",2262427199.9999995,1,-21.59329442004692,3.0,9.0,4.189395744845372e-10,1.3260095175659135e-09,3.978028550939439e-09
1934,"(1.0, 2.0, 2.0, 6.0, 9.0, 14.0, 14.0)",1131213599.9999998,4,-21.502951653670653,4.0,4.0,4.5855005743474013e-10,3.5360253801757696e-09,3.536025367672294e-09
1935,"(1.0, 2.0, 2.0, 6.0, 11.0, 12.0, 14.0)",2262427199.9999995,1,-21.345347010118083,1.0,1.0,5.368260462500058e-10,4.420031725219712e-10,4.420031723266044e-10
1936,"(1.0, 2.0, 2.0, 6.0, 11.0, 13.0, 14.0)",2262427199.9999995,1,-21.22251989032273,1.0,1.0,6.069832680002302e-10,4.420031725219712e-10,4.420031723266044e-10
1937,"(1.0, 2.0, 2.0, 6.0, 11.0, 14.0, 14.0)",1131213599.9999998,4,-21.132177123946462,6.0,10.0,6.643731682448274e-10,5.304038070263654e-09,8.840063422306605e-09
1938,"(1.0, 2.0, 2.0, 6.0, 12.0, 14.0, 14.0)",1131213599.9999998,4,-21.250245600929944,4.0,4.0,5.903853828879146e-10,3.5360253801757696e-09,3.536025367672294e-09
1939,"(1.0, 2.0, 2.0, 6.0, 13.0, 13.0, 14.0)",1131213599.9999998,2,-21.21776124751085,2.0,2.0,6.098785679509865e-10,1.7680126900878848e-09,1.768012686962016e-09
1940,"(1.0, 2.0, 2.0, 6.0, 14.0, 14.0, 14.0)",377071200.0,2,-21.037075714758323,2.0,2.0,7.306579292391685e-10,5.304038070263653e-09,5.3040380421308336e-09
1941,"(1.0, 2.0, 2.0, 7.0, 7.0, 8.0, 14.0)",1225481400.0,1,-20.599836021250447,1.0,1.0,1.1313705972975629e-09,8.16005856963639e-10,8.160058562977734e-10
1942,"(1.0, 2.0, 2.0, 7.0, 7.0, 9.0, 14.0)",1225481400.0,1,-21.235261441734945,1.0,1.0,5.992984218830453e-10,8.16005856963639e-10,8.160058562977734e-10
1943,"(1.0, 2.0, 2.0, 7.0, 7.0, 11.0, 14.0)",1225481400.0,1,-20.864486912010754,1.0,1.0,8.682973315889923e-10,8.16005856963639e-10,8.160058562977734e-10
1944,"(1.0, 2.0, 2.0, 7.0, 7.0, 12.0, 14.0)",1278763200.0,1,-20.98255538899424,1.0,1.0,7.715995724586688e-10,7.820056129234873e-10,7.820056123119546e-10
1945,"(1.0, 2.0, 2.0, 7.0, 7.0, 14.0, 14.0)",639381600.0,4,-20.76938550282261,6.0,12.0,9.549276830952912e-10,9.384067355081848e-09,1.8768134622102974e-08
1946,"(1.0, 2.0, 2.0, 7.0, 8.0, 8.0, 14.0)",1036945800.0,1,-20.4787233185367,1.0,1.0,1.2770369586506497e-09,9.643705582297552e-10,9.643705572997446e-10
1947,"(1.0, 2.0, 2.0, 7.0, 8.0, 9.0, 14.0)",2073891600.0,2,-21.1141487390212,2.0,2.0,6.764593633896331e-10,9.643705582297552e-10,9.643705572997446e-10
1948,"(1.0, 2.0, 2.0, 7.0, 8.0, 11.0, 14.0)",2073891600.0,2,-20.74337420929701,3.0,5.0,9.800924526282721e-10,1.4465558373446327e-09,2.410926393481864e-09
1949,"(1.0, 2.0, 2.0, 7.0, 8.0, 12.0, 14.0)",2262427199.9999995,2,-20.86144268628049,2.0,2.0,8.709446521435478e-10,8.840063450439424e-10,8.840063442624752e-10
1950,"(1.0, 2.0, 2.0, 7.0, 8.0, 13.0, 14.0)",2262427199.9999995,1,-20.738615566485137,1.0,1.0,9.847674770966993e-10,4.420031725219712e-10,4.420031723266044e-10
1951,"(1.0, 2.0, 2.0, 7.0, 8.0, 14.0, 14.0)",1131213599.9999998,4,-20.64827280010888,4.0,4.0,1.0778766454282962e-09,3.5360253801757696e-09,3.536025367672294e-09
1952,"(1.0, 2.0, 2.0, 7.0, 9.0, 11.0, 12.0)",2073891600.0,1,-21.59196951595313,1.0,1.0,4.1949499710142354e-10,4.821852791148776e-10,4.821852788823749e-10
1953,"(1.0, 2.0, 2.0, 7.0, 9.0, 11.0, 14.0)",2073891600.0,1,-21.37879962978151,1.0,1.0,5.191648621261816e-10,4.821852791148776e-10,4.821852788823749e-10
1954,"(1.0, 2.0, 2.0, 7.0, 9.0, 14.0, 14.0)",1131213599.9999998,1,-21.28369822059337,1.0,1.0,5.709621357782896e-10,8.840063450439424e-10,8.840063442624752e-10
1955,"(1.0, 2.0, 2.0, 7.0, 11.0, 11.0, 14.0)",1036945800.0,1,-21.00802510005732,1.0,1.0,7.521953136844789e-10,9.643705582297552e-10,9.643705572997446e-10
1956,"(1.0, 2.0, 2.0, 7.0, 11.0, 13.0, 14.0)",2262427199.9999995,1,-21.003266457245445,1.0,1.0,7.557832726439462e-10,4.420031725219712e-10,4.420031723266044e-10
1957,"(1.0, 2.0, 2.0, 7.0, 11.0, 14.0, 14.0)",1131213599.9999998,2,-20.91292369086918,2.0,2.0,8.272421231761375e-10,1.7680126900878848e-09,1.768012686962016e-09
1958,"(1.0, 2.0, 2.0, 7.0, 12.0, 13.0, 14.0)",2262427199.9999995,2,-21.121334934228926,2.0,2.0,6.716156192444961e-10,8.840063450439424e-10,8.840063442624752e-10
1959,"(1.0, 2.0, 2.0, 7.0, 13.0, 13.0, 13.0)",377071200.0,1,-21.08885058080984,1.0,1.0,6.937908423049645e-10,2.6520190351318266e-09,2.6520190280986217e-09
1960,"(1.0, 2.0, 2.0, 7.0, 13.0, 14.0, 14.0)",1131213599.9999998,2,-20.908165048057302,2.0,2.0,8.311880541511153e-10,1.7680126900878848e-09,1.768012686962016e-09
1961,"(1.0, 2.0, 2.0, 7.0, 14.0, 14.0, 14.0)",377071200.0,3,-20.817822281681043,3.0,3.0,9.097763810903208e-10,7.95605710539548e-09,7.956057042096634e-09
1962,"(1.0, 2.0, 2.0, 8.0, 8.0, 8.0, 14.0)",268837799.99999994,1,-20.35761061582296,1.0,1.0,1.4414581726404643e-09,3.7197150103147707e-09,3.719714996478491e-09
1963,"(1.0, 2.0, 2.0, 8.0, 8.0, 12.0, 14.0)",921729600.0,2,-20.74032998356675,2.0,2.0,9.83080621312905e-10,2.169833756016949e-09,2.1698337513087706e-09
1964,"(1.0, 2.0, 2.0, 8.0, 8.0, 14.0, 14.0)",460864800.0,2,-20.52716009739513,2.0,2.0,1.2166555471445531e-09,4.339667512033898e-09,4.339667493201184e-09
1965,"(1.0, 2.0, 2.0, 8.0, 9.0, 9.0, 14.0)",806513399.9999999,1,-21.62846145679196,1.0,1.0,4.0446275642175926e-10,1.2399050034382568e-09,1.2399050019008925e-09
1966,"(1.0, 2.0, 2.0, 8.0, 9.0, 13.0, 14.0)",1843459200.0,1,-21.25292828425589,1.0,1.0,5.888036884066577e-10,5.424584390042373e-10,5.424584387099761e-10
1967,"(1.0, 2.0, 2.0, 8.0, 9.0, 14.0, 14.0)",921729600.0,1,-21.162585517879627,1.0,1.0,6.444747204148987e-10,1.0849168780084746e-09,1.0849168768314298e-09
1968,"(1.0, 2.0, 2.0, 8.0, 11.0, 13.0, 14.0)",1843459200.0,1,-20.8821537545317,1.0,1.0,8.530919702188544e-10,5.424584390042373e-10,5.424584387099761e-10
1969,"(1.0, 2.0, 2.0, 8.0, 11.0, 14.0, 14.0)",921729600.0,3,-20.79181098815544,3.0,3.0,9.33751299151632e-10,3.2547506340254234e-09,3.2547506234320216e-09
1970,"(1.0, 2.0, 2.0, 8.0, 12.0, 12.0, 14.0)",963626400.0,2,-21.12304935131054,2.0,2.0,6.70465176405795e-10,2.0754931579292558e-09,2.075493153621584e-09
1971,"(1.0, 2.0, 2.0, 8.0, 12.0, 14.0, 14.0)",963626400.0,1,-20.90987946513892,1.0,1.0,8.297642719800133e-10,1.0377465789646279e-09,1.0377465778877099e-09
1972,"(1.0, 2.0, 2.0, 8.0, 13.0, 13.0, 14.0)",963626400.0,1,-20.877395111719824,2.0,4.0,8.571612045282298e-10,2.0754931579292558e-09,4.1509863115508394e-09
1973,"(1.0, 2.0, 2.0, 8.0, 13.0, 14.0, 14.0)",963626400.0,3,-20.78705234534356,3.0,3.0,9.382052770995897e-10,3.1132397368938834e-09,3.1132397272016217e-09
1974,"(1.0, 2.0, 2.0, 9.0, 9.0, 13.0, 14.0)",921729600.0,1,-21.88835370474039,1.0,1.0,3.1189525528054527e-10,1.0849168780084746e-09,1.0849168768314298e-09
1975,"(1.0, 2.0, 2.0, 9.0, 11.0, 13.0, 14.0)",1843459200.0,2,-21.5175791750162,2.0,2.0,4.518914250507001e-10,1.0849168780084746e-09,1.0849168768314298e-09
1976,"(1.0, 2.0, 2.0, 9.0, 11.0, 14.0, 14.0)",921729600.0,2,-21.42723640863994,2.0,2.0,4.946174855078337e-10,2.169833756016949e-09,2.1698337513087706e-09
1977,"(1.0, 2.0, 2.0, 9.0, 12.0, 14.0, 14.0)",963626400.0,2,-21.54530488562342,2.0,2.0,4.395345078972093e-10,2.0754931579292558e-09,2.075493153621584e-09
1978,"(1.0, 2.0, 2.0, 9.0, 13.0, 14.0, 14.0)",963626400.0,1,-21.422477765828063,1.0,1.0,4.969768025713024e-10,1.0377465789646279e-09,1.0377465778877099e-09
1979,"(1.0, 2.0, 2.0, 9.0, 14.0, 14.0, 14.0)",321208799.99999994,1,-21.3321349994518,1.0,1.0,5.439656581577367e-10,3.113239736893884e-09,3.113239727201622e-09
1980,"(1.0, 2.0, 2.0, 11.0, 11.0, 14.0, 14.0)",460864800.0,1,-21.056461878915748,1.0,1.0,7.166296908879935e-10,2.169833756016949e-09,2.1698337513087706e-09
1981,"(1.0, 2.0, 2.0, 11.0, 12.0, 12.0, 14.0)",963626400.0,1,-21.38770024207085,1.0,1.0,5.145644804514745e-10,1.0377465789646279e-09,1.0377465778877099e-09
1982,"(1.0, 2.0, 2.0, 11.0, 12.0, 13.0, 14.0)",1927252800.0,1,-21.264873122275493,1.0,1.0,5.818123619803298e-10,5.188732894823139e-10,5.188732892130844e-10
1983,"(1.0, 2.0, 2.0, 11.0, 12.0, 14.0, 14.0)",963626400.0,3,-21.17453035589923,3.0,3.0,6.368223683107028e-10,3.1132397368938834e-09,3.1132397272016217e-09
1984,"(1.0, 2.0, 2.0, 11.0, 13.0, 14.0, 14.0)",963626400.0,2,-21.051703236103872,3.0,5.0,7.200480024265846e-10,3.1132397368938834e-09,5.188732885130878e-09
1985,"(1.0, 2.0, 2.0, 11.0, 14.0, 14.0, 14.0)",321208799.99999994,1,-20.96136046972761,1.0,1.0,7.881281048101741e-10,3.113239736893884e-09,3.113239727201622e-09
1986,"(1.0, 2.0, 2.0, 12.0, 13.0, 14.0, 14.0)",921729600.0,1,-21.16977171308736,1.0,1.0,6.398600002666559e-10,1.0849168780084746e-09,1.0849168768314298e-09
1987,"(1.0, 2.0, 2.0, 13.0, 14.0, 14.0, 14.0)",307243199.99999994,1,-20.956601826915733,1.0,1.0,7.91887462577255e-10,3.2547506340254243e-09,3.2547506234320224e-09
1988,"(1.0, 2.0, 3.0, 3.0, 3.0, 11.0, 14.0)",488796000.0,1,-20.642261696577247,1.0,1.0,1.0843753862718774e-09,2.0458432556731234e-09,2.0458432514876486e-09
1989,"(1.0, 2.0, 3.0, 3.0, 3.0, 12.0, 14.0)",510048000.0,1,-20.760330173560728,1.0,1.0,9.636141376835882e-10,1.960599786686743e-09,1.9605997828427918e-09
1990,"(1.0, 2.0, 3.0, 3.0, 3.0, 13.0, 14.0)",510048000.0,4,-20.63750305376537,4.0,4.0,1.089547838574913e-09,7.842399146746972e-09,7.842399085243748e-09
1991,"(1.0, 2.0, 3.0, 3.0, 3.0, 14.0, 14.0)",255024000.0,1,-20.547160287389108,1.0,1.0,1.192563926602408e-09,3.921199573373486e-09,3.92119955799768e-09
1992,"(1.0, 2.0, 3.0, 3.0, 4.0, 6.0, 14.0)",2237835600.0,2,-20.95658475537029,2.0,2.0,7.919009814354518e-10,8.937207004839856e-10,8.937206996852489e-10
1993,"(1.0, 2.0, 3.0, 3.0, 4.0, 7.0, 14.0)",2237835600.0,2,-20.73733132229301,2.0,2.0,9.860329714377062e-10,8.937207004839856e-10,8.937206996852489e-10
1994,"(1.0, 2.0, 3.0, 3.0, 4.0, 8.0, 14.0)",1979623799.9999995,1,-20.616218619579264,1.0,1.0,1.1129868055452814e-09,5.051464828822528e-10,5.051464826270798e-10
1995,"(1.0, 2.0, 3.0, 3.0, 4.0, 13.0, 14.0)",2065694399.999999,2,-20.8761108675277,2.0,2.0,8.582627159803099e-10,9.68197425524318e-10,9.681974245869118e-10
1996,"(1.0, 2.0, 3.0, 3.0, 4.0, 14.0, 14.0)",1032847199.9999996,6,-20.78576810115144,7.0,9.0,9.394109357921027e-10,6.777381978670226e-09,8.713776783785956e-09
1997,"(1.0, 2.0, 3.0, 3.0, 6.0, 8.0, 14.0)",1979623799.9999995,5,-20.599538390477203,5.0,5.0,1.131707378118943e-09,2.525732414411264e-09,2.5257324080319395e-09
1998,"(1.0, 2.0, 3.0, 3.0, 6.0, 9.0, 14.0)",1979623799.9999995,3,-21.234963810961705,4.0,6.0,5.994768180825342e-10,2.0205859315290113e-09,3.0308788932107495e-09
1999,"(1.0, 2.0, 3.0, 3.0, 6.0, 13.0, 14.0)",2065694399.999999,1,-20.85943063842564,1.0,1.0,8.726987985840976e-10,4.84098712762159e-10,4.840987125278075e-10
2000,"(1.0, 2.0, 3.0, 3.0, 6.0, 14.0, 14.0)",1032847199.9999996,4,-20.76908787204937,5.0,7.0,9.552119412598925e-10,4.84098712762159e-09,6.777381955235069e-09
2001,"(1.0, 2.0, 3.0, 3.0, 7.0, 8.0, 14.0)",1979623799.9999995,2,-20.380284957399923,2.0,2.0,1.4091418182382374e-09,1.0102929657645057e-09,1.0102929647438138e-09
2002,"(1.0, 2.0, 3.0, 3.0, 7.0, 9.0, 14.0)",1979623799.9999995,2,-21.015710377884417,2.0,2.0,7.46436640563916e-10,1.0102929657645057e-09,1.0102929647438138e-09
2003,"(1.0, 2.0, 3.0, 3.0, 7.0, 11.0, 14.0)",1979623799.9999995,7,-20.64493584816023,7.0,7.0,1.0814794758935336e-09,3.5360253801757696e-09,3.536025367672294e-09
2004,"(1.0, 2.0, 3.0, 3.0, 7.0, 13.0, 14.0)",2065694399.999999,3,-20.640177205348355,3.0,3.0,1.0866381147529082e-09,1.4522961382864772e-09,1.452296136177313e-09
2005,"(1.0, 2.0, 3.0, 3.0, 7.0, 14.0, 14.0)",1032847199.9999996,4,-20.54983443897209,4.0,4.0,1.1893790901559076e-09,3.872789702097272e-09,3.872789687098772e-09
2006,"(1.0, 2.0, 3.0, 3.0, 8.0, 8.0, 14.0)",806513400.0,1,-20.259172254686177,1.0,1.0,1.5905718127807333e-09,1.2399050034382566e-09,1.2399050019008922e-09
2007,"(1.0, 2.0, 3.0, 3.0, 8.0, 9.0, 14.0)",1613026800.0,1,-20.89459767517068,1.0,1.0,8.425419394564976e-10,6.199525017191283e-10,6.199525013347872e-10
2008,"(1.0, 2.0, 3.0, 3.0, 8.0, 11.0, 14.0)",1613026800.0,4,-20.523823145446485,4.0,4.0,1.220722249665231e-09,2.4798100068765133e-09,2.4798100007270557e-09
2009,"(1.0, 2.0, 3.0, 3.0, 8.0, 13.0, 14.0)",1759665599.9999998,2,-20.51906450263461,3.0,5.0,1.2265450742069757e-09,1.704869379727603e-09,2.8414489633060923e-09
2010,"(1.0, 2.0, 3.0, 3.0, 8.0, 14.0, 14.0)",879832799.9999999,3,-20.428721736258343,3.0,3.0,1.3425141678628057e-09,3.409738759455206e-09,3.4097387478288877e-09
2011,"(1.0, 2.0, 3.0, 3.0, 9.0, 11.0, 14.0)",1613026800.0,3,-21.159248565930984,4.0,6.0,6.466288937765996e-10,2.4798100068765133e-09,3.7197150041653123e-09
2012,"(1.0, 2.0, 3.0, 3.0, 11.0, 12.0, 14.0)",1759665599.9999998,3,-20.906542513190274,3.0,3.0,8.32537780442908e-10,1.704869379727603e-09,1.7048693768210234e-09
2013,"(1.0, 2.0, 3.0, 3.0, 11.0, 13.0, 14.0)",1759665599.9999998,4,-20.78371539339492,5.0,7.0,9.41341252416716e-10,2.8414489662126718e-09,3.9780285446239085e-09
2014,"(1.0, 2.0, 3.0, 3.0, 11.0, 14.0, 14.0)",879832799.9999999,5,-20.693372627018658,5.0,5.0,1.0303444975148936e-09,5.6828979324253436e-09,5.682897900130015e-09
2015,"(1.0, 2.0, 3.0, 3.0, 12.0, 12.0, 14.0)",879832799.9999999,1,-21.02461099017376,1.0,1.0,7.398223765928945e-10,1.1365795864850687e-09,1.1365795851932556e-09
2016,"(1.0, 2.0, 3.0, 3.0, 12.0, 13.0, 14.0)",1759665599.9999998,1,-20.9017838703784,1.0,1.0,8.365089716137268e-10,5.682897932425344e-10,5.68289792919581e-10
2017,"(1.0, 2.0, 3.0, 3.0, 12.0, 14.0, 14.0)",879832799.9999999,3,-20.81144110400214,4.0,6.0,9.156003880753091e-10,4.546318345940275e-09,6.819477498241402e-09
2018,"(1.0, 2.0, 3.0, 3.0, 13.0, 14.0, 14.0)",879832799.9999999,1,-20.688613984206786,1.0,1.0,1.03525922338986e-09,1.1365795864850687e-09,1.1365795851932556e-09
2019,"(1.0, 2.0, 3.0, 3.0, 14.0, 14.0, 14.0)",293277599.99999994,1,-20.59827121783052,1.0,1.0,1.1331423557427285e-09,3.409738759455206e-09,3.4097387478288877e-09
2020,"(1.0, 2.0, 3.0, 4.0, 4.0, 6.0, 14.0)",2664089999.9999995,1,-21.19519256913262,1.0,1.0,6.23799215648238e-10,3.75362694203274e-10,3.7536269406237686e-10
2021,"(1.0, 2.0, 3.0, 4.0, 4.0, 7.0, 14.0)",2664089999.9999995,3,-20.97593913605533,3.0,3.0,7.767215960146943e-10,1.126088082609822e-09,1.1260880813417477e-09
2022,"(1.0, 2.0, 3.0, 4.0, 4.0, 9.0, 14.0)",2450962800.0,1,-21.49025185382609,1.0,1.0,4.644106870252037e-10,4.080029284818195e-10,4.080029283153531e-10
2023,"(1.0, 2.0, 3.0, 4.0, 4.0, 11.0, 14.0)",2450962800.0,2,-21.119477324101904,2.0,2.0,6.728643787152976e-10,8.16005856963639e-10,8.160058562977734e-10
2024,"(1.0, 2.0, 3.0, 4.0, 4.0, 13.0, 14.0)",2557526400.0,1,-21.11471868129003,1.0,1.0,6.760739304529871e-10,3.9100280646174367e-10,3.910028063088605e-10
2025,"(1.0, 2.0, 3.0, 4.0, 4.0, 14.0, 14.0)",1278763200.0,7,-21.024375914913765,9.0,13.0,7.399963109734552e-10,7.038050516311386e-09,1.016607291847118e-08
2026,"(1.0, 2.0, 3.0, 4.0, 6.0, 6.0, 14.0)",2664089999.9999995,1,-21.17851234003056,1.0,1.0,6.342915938415376e-10,3.75362694203274e-10,3.7536269406237686e-10
2027,"(1.0, 2.0, 3.0, 4.0, 6.0, 7.0, 14.0)",5328179999.999999,2,-20.95925890695328,2.0,2.0,7.897861471264122e-10,3.75362694203274e-10,3.7536269406237686e-10
2028,"(1.0, 2.0, 3.0, 4.0, 6.0, 8.0, 12.0)",4901925600.0,1,-21.05131609041115,1.0,1.0,7.203268198772833e-10,2.0400146424090975e-10,2.0400146419929315e-10
2029,"(1.0, 2.0, 3.0, 4.0, 6.0, 8.0, 14.0)",4901925600.0,3,-20.83814620423953,3.0,3.0,8.914727868303141e-10,6.120043927227292e-10,6.120043923481798e-10
2030,"(1.0, 2.0, 3.0, 4.0, 6.0, 9.0, 13.0)",4901925600.0,1,-21.56391439110029,2.0,4.0,4.314306265497891e-10,4.080029284818195e-10,8.160058567971726e-10
2031,"(1.0, 2.0, 3.0, 4.0, 6.0, 9.0, 14.0)",4901925600.0,1,-21.47357162472403,1.0,1.0,4.722221309049718e-10,2.0400146424090975e-10,2.0400146419929315e-10
2032,"(1.0, 2.0, 3.0, 4.0, 6.0, 11.0, 14.0)",4901925600.0,2,-21.10279709499984,3.0,5.0,6.841820388809119e-10,6.120043927227292e-10,1.0200073208299992e-09
2033,"(1.0, 2.0, 3.0, 4.0, 6.0, 12.0, 14.0)",5115052800.0,3,-21.22086557198332,4.0,6.0,6.079882425969514e-10,7.820056129234873e-10,1.1730084187736982e-09
2034,"(1.0, 2.0, 3.0, 4.0, 6.0, 13.0, 14.0)",5115052800.0,2,-21.098038452187964,2.0,2.0,6.874455756667035e-10,3.9100280646174367e-10,3.910028063088605e-10
2035,"(1.0, 2.0, 3.0, 4.0, 6.0, 14.0, 14.0)",2557526400.0,5,-21.0076956858117,5.0,5.0,7.524431383525421e-10,1.9550140323087184e-09,1.9550140284866386e-09
2036,"(1.0, 2.0, 3.0, 4.0, 7.0, 7.0, 14.0)",2664089999.9999995,2,-20.740005473876,3.0,5.0,9.833996922693173e-10,1.126088082609822e-09,1.8768134697482954e-09
2037,"(1.0, 2.0, 3.0, 4.0, 7.0, 8.0, 12.0)",4901925600.0,1,-20.83206265733387,1.0,1.0,8.969126333476613e-10,2.0400146424090975e-10,2.0400146419929315e-10
2038,"(1.0, 2.0, 3.0, 4.0, 7.0, 8.0, 14.0)",4901925600.0,8,-20.61889277116225,8.0,8.0,1.110014486105033e-09,1.632011713927278e-09,1.6320117112638158e-09
2039,"(1.0, 2.0, 3.0, 4.0, 7.0, 9.0, 14.0)",4901925600.0,2,-21.254318191646743,2.0,2.0,5.879858742829851e-10,4.080029284818195e-10,4.080029283153531e-10
2040,"(1.0, 2.0, 3.0, 4.0, 7.0, 11.0, 14.0)",4901925600.0,4,-20.88354366192256,4.0,4.0,8.519070750224129e-10,8.16005856963639e-10,8.160058562977734e-10
2041,"(1.0, 2.0, 3.0, 4.0, 7.0, 12.0, 14.0)",5115052800.0,5,-21.00161213890604,5.0,5.0,7.570346135452115e-10,9.775070161543592e-10,9.775070151988392e-10
2042,"(1.0, 2.0, 3.0, 4.0, 7.0, 13.0, 14.0)",5115052800.0,2,-20.878785019110683,2.0,2.0,8.559706574016861e-10,3.9100280646174367e-10,3.910028063088605e-10
2043,"(1.0, 2.0, 3.0, 4.0, 7.0, 14.0, 14.0)",2557526400.0,16,-20.78844225273442,17.0,19.0,9.369021644635322e-10,6.647047709849643e-09,7.429053278589886e-09
2044,"(1.0, 2.0, 3.0, 4.0, 8.0, 8.0, 14.0)",2073891600.0,2,-20.497780068448503,2.0,2.0,1.2529312028964766e-09,9.643705582297552e-10,9.643705572997446e-10
2045,"(1.0, 2.0, 3.0, 4.0, 8.0, 9.0, 14.0)",4147783200.0,2,-21.133205488933005,2.0,2.0,6.636903013190044e-10,4.821852791148776e-10,4.821852788823749e-10
2046,"(1.0, 2.0, 3.0, 4.0, 8.0, 11.0, 14.0)",4147783200.0,4,-20.76243095920881,4.0,4.0,9.615919158039273e-10,9.643705582297552e-10,9.643705572997446e-10
2047,"(1.0, 2.0, 3.0, 4.0, 8.0, 12.0, 13.0)",4524854399.999999,1,-20.97084220256856,1.0,1.0,7.806906006110676e-10,2.210015862609856e-10,2.210015862121439e-10
2048,"(1.0, 2.0, 3.0, 4.0, 8.0, 12.0, 14.0)",4524854399.999999,1,-20.88049943619229,1.0,1.0,8.545044239122838e-10,2.210015862609856e-10,2.210015862121439e-10
2049,"(1.0, 2.0, 3.0, 4.0, 8.0, 13.0, 14.0)",4524854399.999999,1,-20.75767231639694,1.0,1.0,9.661786930237393e-10,2.210015862609856e-10,2.210015862121439e-10
2050,"(1.0, 2.0, 3.0, 4.0, 8.0, 14.0, 14.0)",2262427199.9999995,10,-20.667329550020675,13.0,21.0,1.0575303030833834e-09,5.746041242785626e-09,9.282066589944405e-09
2051,"(1.0, 2.0, 3.0, 4.0, 9.0, 9.0, 14.0)",2073891600.0,1,-21.768630909417503,1.0,1.0,3.515634498100272e-10,4.821852791148776e-10,4.821852788823749e-10
2052,"(1.0, 2.0, 3.0, 4.0, 9.0, 11.0, 14.0)",4147783200.0,3,-21.397856379693312,4.0,6.0,5.093649410841262e-10,9.643705582297552e-10,1.4465558364146221e-09
2053,"(1.0, 2.0, 3.0, 4.0, 9.0, 14.0, 14.0)",2262427199.9999995,5,-21.302754970505177,10.0,26.0,5.601844729262289e-10,4.420031725219712e-09,1.149208246603457e-08
2054,"(1.0, 2.0, 3.0, 4.0, 11.0, 11.0, 14.0)",2073891600.0,1,-21.02708184996912,1.0,1.0,7.379966357305763e-10,4.821852791148776e-10,4.821852788823749e-10
2055,"(1.0, 2.0, 3.0, 4.0, 11.0, 12.0, 14.0)",4524854399.999999,3,-21.145150326952603,3.0,3.0,6.558097876030253e-10,6.630047587829568e-10,6.630047583433814e-10
2056,"(1.0, 2.0, 3.0, 4.0, 11.0, 13.0, 14.0)",4524854399.999999,5,-21.02232320715725,6.0,8.0,7.41516867235681e-10,1.3260095175659135e-09,1.7680126883295836e-09
2057,"(1.0, 2.0, 3.0, 4.0, 11.0, 14.0, 14.0)",2262427199.9999995,14,-20.931980440780983,14.0,14.0,8.116268377799198e-10,6.188044415307597e-09,6.188044377015703e-09
2058,"(1.0, 2.0, 3.0, 4.0, 12.0, 12.0, 14.0)",2262427199.9999995,1,-21.263218803936088,1.0,1.0,5.827756614231195e-10,4.420031725219712e-10,4.420031723266044e-10
2059,"(1.0, 2.0, 3.0, 4.0, 12.0, 13.0, 14.0)",4524854399.999999,3,-21.14039168414073,3.0,3.0,6.589379892287561e-10,6.630047587829568e-10,6.630047583433814e-10
2060,"(1.0, 2.0, 3.0, 4.0, 12.0, 14.0, 14.0)",2262427199.9999995,4,-21.050048917764467,5.0,7.0,7.212401768883965e-10,2.210015862609856e-09,3.094022202769628e-09
2061,"(1.0, 2.0, 3.0, 4.0, 13.0, 14.0, 14.0)",2262427199.9999995,3,-20.92722179796911,4.0,6.0,8.154982841069251e-10,1.7680126900878848e-09,2.652019032005958e-09
2062,"(1.0, 2.0, 3.0, 4.0, 14.0, 14.0, 14.0)",754142399.9999999,1,-20.836879031592847,1.0,1.0,8.926031527942066e-10,1.3260095175659135e-09,1.3260095158076123e-09
2063,"(1.0, 2.0, 3.0, 6.0, 6.0, 7.0, 14.0)",2664089999.9999995,1,-20.942578677851213,1.0,1.0,8.030704455666937e-10,3.75362694203274e-10,3.7536269406237686e-10
2064,"(1.0, 2.0, 3.0, 6.0, 6.0, 8.0, 14.0)",2450962800.0,3,-20.821465975137468,3.0,3.0,9.06467466839234e-10,1.2240087854454583e-09,1.2240087839472607e-09
2065,"(1.0, 2.0, 3.0, 6.0, 6.0, 9.0, 14.0)",2450962800.0,4,-21.45689139562197,4.0,4.0,4.801649642148102e-10,1.632011713927278e-09,1.6320117112638158e-09
2066,"(1.0, 2.0, 3.0, 6.0, 6.0, 11.0, 14.0)",2450962800.0,2,-21.08611686589778,2.0,2.0,6.95690063458248e-10,8.16005856963639e-10,8.160058562977734e-10
2067,"(1.0, 2.0, 3.0, 6.0, 6.0, 12.0, 14.0)",2557526400.0,1,-21.20418534288126,1.0,1.0,6.182146783127756e-10,3.9100280646174367e-10,3.910028063088605e-10
2068,"(1.0, 2.0, 3.0, 6.0, 6.0, 13.0, 14.0)",2557526400.0,1,-21.0813582230859,1.0,1.0,6.990084933271773e-10,3.9100280646174367e-10,3.910028063088605e-10
2069,"(1.0, 2.0, 3.0, 6.0, 6.0, 14.0, 14.0)",1278763200.0,6,-20.99101545670964,6.0,6.0,7.650993228723409e-10,4.692033677540924e-09,4.692033655525743e-09
2070,"(1.0, 2.0, 3.0, 6.0, 7.0, 7.0, 14.0)",2664089999.9999995,2,-20.72332524477393,2.0,2.0,9.99940593937093e-10,7.50725388406548e-10,7.507253878429593e-10
2071,"(1.0, 2.0, 3.0, 6.0, 7.0, 8.0, 14.0)",4901925600.0,2,-20.602212542060187,2.0,2.0,1.1286850639065092e-09,4.080029284818195e-10,4.080029283153531e-10
2072,"(1.0, 2.0, 3.0, 6.0, 7.0, 9.0, 14.0)",4901925600.0,2,-21.237637962544685,3.0,5.0,5.978758677464813e-10,6.120043927227292e-10,1.0200073208299992e-09
2073,"(1.0, 2.0, 3.0, 6.0, 7.0, 11.0, 14.0)",4901925600.0,5,-20.86686343282049,5.0,5.0,8.662362549772159e-10,1.0200073212045486e-09,1.0200073201641337e-09
2074,"(1.0, 2.0, 3.0, 6.0, 7.0, 12.0, 12.0)",2557526400.0,1,-21.1981017959756,1.0,1.0,6.219870794611627e-10,3.9100280646174367e-10,3.910028063088605e-10
2075,"(1.0, 2.0, 3.0, 6.0, 7.0, 12.0, 14.0)",5115052800.0,3,-20.984931909803976,3.0,3.0,7.697680272326333e-10,5.865042096926155e-10,5.865042093486283e-10
2076,"(1.0, 2.0, 3.0, 6.0, 7.0, 13.0, 14.0)",5115052800.0,2,-20.86210479000862,2.0,2.0,8.703681873031892e-10,3.9100280646174367e-10,3.910028063088605e-10
2077,"(1.0, 2.0, 3.0, 6.0, 7.0, 14.0, 14.0)",2557526400.0,12,-20.771762023632355,15.0,21.0,9.526609720943835e-10,5.865042096926155e-09,8.211058901297898e-09
2078,"(1.0, 2.0, 3.0, 6.0, 8.0, 8.0, 14.0)",2073891600.0,3,-20.48109983934644,3.0,3.0,1.2740056571458575e-09,1.4465558373446327e-09,1.446555835252109e-09
2079,"(1.0, 2.0, 3.0, 6.0, 8.0, 9.0, 14.0)",4147783200.0,3,-21.116525259830944,3.0,3.0,6.74853652394124e-10,7.232779186723163e-10,7.232779181491854e-10
2080,"(1.0, 2.0, 3.0, 6.0, 8.0, 11.0, 14.0)",4147783200.0,6,-20.74575073010676,8.0,12.0,9.777660080360652e-10,1.9287411164595104e-09,2.893111670969223e-09
2081,"(1.0, 2.0, 3.0, 6.0, 8.0, 12.0, 14.0)",4524854399.999999,2,-20.86381920709024,3.0,5.0,8.688772915892886e-10,6.630047587829568e-10,1.1050079308653527e-09
2082,"(1.0, 2.0, 3.0, 6.0, 8.0, 13.0, 14.0)",4524854399.999999,3,-20.74099208729488,3.0,3.0,9.824299354030333e-10,6.630047587829568e-10,6.630047583433814e-10
2083,"(1.0, 2.0, 3.0, 6.0, 8.0, 14.0, 14.0)",2262427199.9999995,9,-20.65064932091861,10.0,12.0,1.0753180905837245e-09,4.420031725219712e-09,5.304038050726974e-09
2084,"(1.0, 2.0, 3.0, 6.0, 9.0, 9.0, 14.0)",2073891600.0,1,-21.75195068031544,1.0,1.0,3.574767895222554e-10,4.821852791148776e-10,4.821852788823749e-10
2085,"(1.0, 2.0, 3.0, 6.0, 9.0, 11.0, 14.0)",4147783200.0,1,-21.38117615059125,1.0,1.0,5.179325209498844e-10,2.410926395574388e-10,2.410926394993131e-10
2086,"(1.0, 2.0, 3.0, 6.0, 9.0, 12.0, 14.0)",4524854399.999999,1,-21.499244627574733,1.0,1.0,4.6025306906798186e-10,2.210015862609856e-10,2.210015862121439e-10
2087,"(1.0, 2.0, 3.0, 6.0, 9.0, 13.0, 14.0)",4524854399.999999,1,-21.376417507779376,1.0,1.0,5.204030503391717e-10,2.210015862609856e-10,2.210015862121439e-10
2088,"(1.0, 2.0, 3.0, 6.0, 9.0, 14.0, 14.0)",2262427199.9999995,4,-21.286074741403112,4.0,4.0,5.696068434591108e-10,1.7680126900878848e-09,1.768012686962016e-09
2089,"(1.0, 2.0, 3.0, 6.0, 11.0, 11.0, 14.0)",2073891600.0,1,-21.01040162086706,1.0,1.0,7.504098283304147e-10,4.821852791148776e-10,4.821852788823749e-10
2090,"(1.0, 2.0, 3.0, 6.0, 11.0, 12.0, 14.0)",4524854399.999999,3,-21.128470097850546,3.0,3.0,6.668405874850802e-10,6.630047587829568e-10,6.630047583433814e-10
2091,"(1.0, 2.0, 3.0, 6.0, 11.0, 13.0, 14.0)",4524854399.999999,3,-21.005642978055185,4.0,6.0,7.539892705548577e-10,8.840063450439424e-10,1.3260095167844462e-09
2092,"(1.0, 2.0, 3.0, 6.0, 11.0, 14.0, 14.0)",2262427199.9999995,8,-20.91530021167892,10.0,14.0,8.252784992764337e-10,4.420031725219712e-09,6.1880443957709165e-09
2093,"(1.0, 2.0, 3.0, 6.0, 12.0, 12.0, 14.0)",2262427199.9999995,2,-21.246538574834027,2.0,2.0,5.925780184766609e-10,8.840063450439424e-10,8.840063442624752e-10
2094,"(1.0, 2.0, 3.0, 6.0, 12.0, 13.0, 14.0)",4524854399.999999,3,-21.123711455038663,3.0,3.0,6.700214058402058e-10,6.630047587829568e-10,6.630047583433814e-10
2095,"(1.0, 2.0, 3.0, 6.0, 12.0, 14.0, 14.0)",2262427199.9999995,1,-21.033368688662406,1.0,1.0,7.333715238254923e-10,4.420031725219712e-10,4.420031723266044e-10
2096,"(1.0, 2.0, 3.0, 6.0, 13.0, 13.0, 14.0)",2262427199.9999995,1,-21.00088433524331,1.0,1.0,7.575857866583391e-10,4.420031725219712e-10,4.420031723266044e-10
2097,"(1.0, 2.0, 3.0, 6.0, 13.0, 14.0, 14.0)",2262427199.9999995,7,-20.91054156886705,8.0,10.0,8.292150637985233e-10,3.5360253801757696e-09,4.420031712716237e-09
2098,"(1.0, 2.0, 3.0, 6.0, 14.0, 14.0, 14.0)",754142399.9999999,3,-20.820198802490783,3.0,3.0,9.076168456952469e-10,3.9780285526977405e-09,3.978028536873029e-09
2099,"(1.0, 2.0, 3.0, 7.0, 7.0, 8.0, 14.0)",2450962800.0,5,-20.382959108982902,5.0,5.0,1.4053785933738121e-09,2.0400146424090972e-09,2.0400146382474374e-09
2100,"(1.0, 2.0, 3.0, 7.0, 7.0, 11.0, 14.0)",2450962800.0,3,-20.647609999743214,4.0,6.0,1.0785912992732826e-09,1.632011713927278e-09,2.4480175682274542e-09
2101,"(1.0, 2.0, 3.0, 7.0, 7.0, 12.0, 14.0)",2557526400.0,1,-20.76567847672669,1.0,1.0,9.584741943798247e-10,3.9100280646174367e-10,3.910028063088605e-10
2102,"(1.0, 2.0, 3.0, 7.0, 7.0, 14.0, 14.0)",1278763200.0,8,-20.552508590555075,8.0,8.0,1.1862027590674554e-09,6.256044903387899e-09,6.256044864249801e-09
2103,"(1.0, 2.0, 3.0, 7.0, 8.0, 8.0, 14.0)",2073891600.0,1,-20.26184640626916,1.0,1.0,1.586324064742142e-09,4.821852791148776e-10,4.821852788823749e-10
2104,"(1.0, 2.0, 3.0, 7.0, 8.0, 11.0, 14.0)",4147783200.0,1,-20.52649729702947,1.0,1.0,1.217462214186157e-09,2.410926395574388e-10,2.410926394993131e-10
2105,"(1.0, 2.0, 3.0, 7.0, 8.0, 12.0, 12.0)",2262427199.9999995,1,-20.857735660184574,1.0,1.0,8.741792583778295e-10,4.420031725219712e-10,4.420031723266044e-10
2106,"(1.0, 2.0, 3.0, 7.0, 8.0, 12.0, 14.0)",4524854399.999999,5,-20.64456577401296,6.0,8.0,1.081879777554444e-09,1.3260095175659135e-09,1.7680126883295836e-09
2107,"(1.0, 2.0, 3.0, 7.0, 8.0, 13.0, 14.0)",4524854399.999999,4,-20.5217386542176,4.0,4.0,1.2232694884136428e-09,8.840063450439424e-10,8.840063442624752e-10
2108,"(1.0, 2.0, 3.0, 7.0, 8.0, 14.0, 14.0)",2262427199.9999995,7,-20.431395887841333,7.0,7.0,1.3389288774172485e-09,3.0940222076537983e-09,3.094022198080825e-09
2109,"(1.0, 2.0, 3.0, 7.0, 9.0, 11.0, 14.0)",4147783200.0,2,-21.161922717513967,2.0,2.0,6.449020200867949e-10,4.821852791148776e-10,4.821852788823749e-10
2110,"(1.0, 2.0, 3.0, 7.0, 9.0, 12.0, 14.0)",4524854399.999999,3,-21.27999119449745,3.0,3.0,5.730826352605284e-10,6.630047587829568e-10,6.630047583433814e-10
2111,"(1.0, 2.0, 3.0, 7.0, 9.0, 13.0, 13.0)",2262427199.9999995,1,-21.247506841078355,1.0,1.0,5.920045228772603e-10,4.420031725219712e-10,4.420031723266044e-10
2112,"(1.0, 2.0, 3.0, 7.0, 9.0, 13.0, 14.0)",4524854399.999999,4,-21.15716407470209,4.0,4.0,6.4797819184545e-10,8.840063450439424e-10,8.840063442624752e-10
2113,"(1.0, 2.0, 3.0, 7.0, 9.0, 14.0, 14.0)",2262427199.9999995,9,-21.066821308325828,9.0,9.0,7.092441373025647e-10,3.9780285526977405e-09,3.978028536873029e-09
2114,"(1.0, 2.0, 3.0, 7.0, 11.0, 11.0, 14.0)",2073891600.0,1,-20.79114818778978,2.0,4.0,9.343703949999584e-10,9.643705582297552e-10,1.9287411155294996e-09
2115,"(1.0, 2.0, 3.0, 7.0, 11.0, 13.0, 14.0)",4524854399.999999,1,-20.7863895449779,1.0,1.0,9.388273260246707e-10,2.210015862609856e-10,2.210015862121439e-10
2116,"(1.0, 2.0, 3.0, 7.0, 11.0, 14.0, 14.0)",2262427199.9999995,11,-20.69604677860164,16.0,26.0,1.0275928809055555e-09,7.072050760351539e-09,1.1492082435557349e-08
2117,"(1.0, 2.0, 3.0, 7.0, 12.0, 13.0, 14.0)",4524854399.999999,2,-20.904458021961386,2.0,2.0,8.342750081328646e-10,4.420031725219712e-10,4.420031723266044e-10
2118,"(1.0, 2.0, 3.0, 7.0, 12.0, 14.0, 14.0)",2262427199.9999995,7,-20.81411525558512,9.0,13.0,9.131552047007995e-10,3.9780285526977405e-09,5.7460412269609145e-09
2119,"(1.0, 2.0, 3.0, 7.0, 13.0, 13.0, 14.0)",2262427199.9999995,2,-20.78163090216603,2.0,2.0,9.43305516535192e-10,8.840063450439424e-10,8.840063442624752e-10
2120,"(1.0, 2.0, 3.0, 7.0, 13.0, 14.0, 14.0)",2262427199.9999995,8,-20.691288135789765,9.0,11.0,1.032494481615709e-09,3.9780285526977405e-09,4.862034881916972e-09
2121,"(1.0, 2.0, 3.0, 7.0, 14.0, 14.0, 14.0)",754142399.9999999,4,-20.600945369413505,4.0,4.0,1.1301162093088605e-09,5.304038070263654e-09,5.304038042130834e-09
2122,"(1.0, 2.0, 3.0, 8.0, 8.0, 9.0, 14.0)",1613026799.9999998,2,-20.77615912403992,2.0,2.0,9.484812222699863e-10,1.2399050034382568e-09,1.2399050019008925e-09
2123,"(1.0, 2.0, 3.0, 8.0, 8.0, 12.0, 14.0)",1843459200.0,2,-20.52345307129921,2.0,2.0,1.2211740910130819e-09,1.0849168780084746e-09,1.0849168768314298e-09
2124,"(1.0, 2.0, 3.0, 8.0, 8.0, 13.0, 14.0)",1843459200.0,1,-20.40062595150385,1.0,1.0,1.3807680266972991e-09,5.424584390042373e-10,5.424584387099761e-10
2125,"(1.0, 2.0, 3.0, 8.0, 8.0, 14.0, 14.0)",921729600.0,6,-20.310283185127588,7.0,9.0,1.5113188070740884e-09,7.594418146059322e-09,9.764251844401085e-09
2126,"(1.0, 2.0, 3.0, 8.0, 9.0, 11.0, 14.0)",3226053599.9999995,2,-21.040810014800226,2.0,2.0,7.279345214790761e-10,6.199525017191284e-10,6.199525013347873e-10
2127,"(1.0, 2.0, 3.0, 8.0, 9.0, 14.0, 14.0)",1843459200.0,5,-20.945708605612086,5.0,5.0,8.005608226032507e-10,2.712292195021186e-09,2.712292187664657e-09
2128,"(1.0, 2.0, 3.0, 8.0, 11.0, 11.0, 14.0)",1613026799.9999998,1,-20.670035485076035,1.0,1.0,1.0546725629375023e-09,6.199525017191284e-10,6.199525013347873e-10
2129,"(1.0, 2.0, 3.0, 8.0, 11.0, 12.0, 14.0)",3686918400.0,5,-20.78810396205952,5.0,5.0,9.372191633449238e-10,1.356146097510593e-09,1.3561460956714608e-09
2130,"(1.0, 2.0, 3.0, 8.0, 11.0, 14.0, 14.0)",1843459200.0,9,-20.574934075887896,10.0,12.0,1.1598976414070162e-09,5.424584390042372e-09,6.509501238624731e-09
2131,"(1.0, 2.0, 3.0, 8.0, 12.0, 13.0, 14.0)",3854505600.0,5,-20.78334531924764,7.0,11.0,9.416896829465932e-10,1.8160565131880986e-09,2.853803088854665e-09
2132,"(1.0, 2.0, 3.0, 8.0, 12.0, 14.0, 14.0)",1927252800.0,5,-20.693002552871377,6.0,8.0,1.0307258719402717e-09,3.1132397368938834e-09,4.15098630616625e-09
2133,"(1.0, 2.0, 3.0, 8.0, 13.0, 14.0, 14.0)",1927252800.0,6,-20.57017543307602,8.0,14.0,1.1654303335932598e-09,4.1509863158585115e-09,7.264226035521707e-09
2134,"(1.0, 2.0, 3.0, 8.0, 14.0, 14.0, 14.0)",642417599.9999999,5,-20.47983266669976,5.0,5.0,1.2756210655508232e-09,7.78309934223471e-09,7.783099281658075e-09
2135,"(1.0, 2.0, 3.0, 9.0, 9.0, 11.0, 14.0)",1613026799.9999998,3,-21.676235435284724,4.0,6.0,3.855942615078069e-10,2.4798100068765137e-09,3.7197150041653128e-09
2136,"(1.0, 2.0, 3.0, 9.0, 9.0, 13.0, 14.0)",1843459200.0,3,-21.67147679247285,3.0,3.0,3.87433539631622e-10,1.6273753170127117e-09,1.6273753143643613e-09
2137,"(1.0, 2.0, 3.0, 9.0, 11.0, 11.0, 14.0)",1613026799.9999998,1,-21.305460905560533,1.0,1.0,5.586706991339215e-10,6.199525017191284e-10,6.199525013347873e-10
2138,"(1.0, 2.0, 3.0, 9.0, 11.0, 12.0, 14.0)",3686918400.0,1,-21.42352938254401,1.0,1.0,4.96454448164732e-10,2.7122921950211864e-10,2.7122921942855333e-10
2139,"(1.0, 2.0, 3.0, 9.0, 11.0, 14.0, 14.0)",1843459200.0,2,-21.2103594963724,2.0,2.0,6.144094850100306e-10,1.0849168780084746e-09,1.0849168768314298e-09
2140,"(1.0, 2.0, 3.0, 9.0, 12.0, 12.0, 14.0)",1927252800.0,2,-21.5415978595275,2.0,2.0,4.4116689757424393e-10,1.0377465789646279e-09,1.0377465778877099e-09
2141,"(1.0, 2.0, 3.0, 9.0, 12.0, 13.0, 14.0)",3854505600.0,1,-21.41877073973214,1.0,1.0,4.988225275090896e-10,2.5943664474115697e-10,2.594366446738496e-10
2142,"(1.0, 2.0, 3.0, 9.0, 12.0, 14.0, 14.0)",1927252800.0,5,-21.32842797335588,5.0,5.0,5.459858952701449e-10,2.5943664474115696e-09,2.5943664406808324e-09
2143,"(1.0, 2.0, 3.0, 9.0, 13.0, 14.0, 14.0)",1927252800.0,2,-21.20560085356052,2.0,2.0,6.173402078906725e-10,1.0377465789646279e-09,1.0377465778877099e-09
2144,"(1.0, 2.0, 3.0, 9.0, 14.0, 14.0, 14.0)",642417599.9999999,2,-21.11525808718426,2.0,2.0,6.757093505270857e-10,3.113239736893884e-09,3.113239727201622e-09
2145,"(1.0, 2.0, 3.0, 11.0, 11.0, 13.0, 14.0)",1843459200.0,3,-20.92992773302447,3.0,3.0,8.132945815949548e-10,1.6273753170127117e-09,1.6273753143643613e-09
2146,"(1.0, 2.0, 3.0, 11.0, 11.0, 14.0, 14.0)",921729600.0,3,-20.839584966648207,3.0,3.0,8.901910915448572e-10,3.2547506340254234e-09,3.2547506234320216e-09
2147,"(1.0, 2.0, 3.0, 11.0, 12.0, 12.0, 14.0)",1927252800.0,2,-21.17082332980331,2.0,2.0,6.391874664803744e-10,1.0377465789646279e-09,1.0377465778877099e-09
2148,"(1.0, 2.0, 3.0, 11.0, 12.0, 13.0, 14.0)",3854505600.0,2,-21.047996210007952,3.0,5.0,7.22722192746143e-10,7.783099342234709e-10,1.2971832231000185e-09
2149,"(1.0, 2.0, 3.0, 11.0, 12.0, 14.0, 14.0)",1927252800.0,5,-20.95765344363169,5.0,5.0,7.910551382042708e-10,2.5943664474115696e-09,2.5943664406808324e-09
2150,"(1.0, 2.0, 3.0, 11.0, 13.0, 13.0, 14.0)",1927252800.0,1,-20.92516909021259,1.0,1.0,8.171739830318348e-10,5.188732894823139e-10,5.188732892130844e-10
2151,"(1.0, 2.0, 3.0, 11.0, 13.0, 14.0, 14.0)",1927252800.0,2,-20.83482632383633,2.0,2.0,8.944372880372301e-10,1.0377465789646279e-09,1.0377465778877099e-09
2152,"(1.0, 2.0, 3.0, 11.0, 14.0, 14.0, 14.0)",642417599.9999999,2,-20.744483557460068,2.0,2.0,9.79005791720404e-10,3.113239736893884e-09,3.113239727201622e-09
2153,"(1.0, 2.0, 3.0, 12.0, 12.0, 13.0, 14.0)",1843459200.0,1,-21.16606468699144,2.0,4.0,6.42236379914706e-10,1.0849168780084746e-09,2.1698337548399046e-09
2154,"(1.0, 2.0, 3.0, 12.0, 12.0, 14.0, 14.0)",921729600.0,3,-21.07572192061517,3.0,3.0,7.029594405324886e-10,3.2547506340254234e-09,3.2547506234320216e-09
2155,"(1.0, 2.0, 3.0, 12.0, 13.0, 13.0, 14.0)",1843459200.0,2,-21.04323756719608,2.0,2.0,7.261695654158364e-10,1.0849168780084746e-09,1.0849168768314298e-09
2156,"(1.0, 2.0, 3.0, 12.0, 14.0, 14.0, 14.0)",614486399.9999999,3,-20.86255203444355,3.0,3.0,8.699790070109246e-10,4.882125951038136e-09,4.8821259272029825e-09
2157,"(1.0, 2.0, 3.0, 13.0, 13.0, 13.0, 14.0)",614486399.9999999,2,-20.92041044740072,2.0,2.0,8.210718891481315e-10,3.2547506340254243e-09,3.2547506234320224e-09
2158,"(1.0, 2.0, 3.0, 13.0, 13.0, 14.0, 14.0)",921729600.0,3,-20.830067681024456,3.0,3.0,8.987037388152535e-10,3.2547506340254234e-09,3.2547506234320216e-09
2159,"(1.0, 2.0, 3.0, 14.0, 14.0, 14.0, 14.0)",153621599.99999997,1,-20.64938214827193,1.0,1.0,1.0766815679527594e-09,6.5095012680508485e-09,6.509501225677242e-09
2160,"(1.0, 2.0, 4.0, 4.0, 4.0, 9.0, 14.0)",928395000.0,1,-21.728859667588424,1.0,1.0,3.658273308107951e-10,1.0771277311920035e-09,1.0771277300317993e-09
2161,"(1.0, 2.0, 4.0, 4.0, 6.0, 6.0, 14.0)",1453139999.9999995,1,-21.417120153792887,1.0,1.0,4.996465568377056e-10,6.88164939372669e-10,6.88164938899098e-10
2162,"(1.0, 2.0, 4.0, 4.0, 6.0, 7.0, 14.0)",2906279999.999999,3,-21.1978667207156,5.0,9.0,6.221333104225515e-10,1.7204123484316726e-09,3.0967422242171923e-09
2163,"(1.0, 2.0, 4.0, 4.0, 6.0, 8.0, 14.0)",2785184999.9999995,1,-21.07675401800186,1.0,1.0,7.022342922071815e-10,3.590425770640012e-10,3.5904257693508965e-10
2164,"(1.0, 2.0, 4.0, 4.0, 6.0, 11.0, 14.0)",2785184999.9999995,1,-21.34140490876217,1.0,1.0,5.389464456034559e-10,3.590425770640012e-10,3.5904257693508965e-10
2165,"(1.0, 2.0, 4.0, 4.0, 6.0, 12.0, 14.0)",2906279999.9999995,1,-21.459473385745653,1.0,1.0,4.789267821942224e-10,3.4408246968633446e-10,3.440824695679417e-10
2166,"(1.0, 2.0, 4.0, 4.0, 6.0, 13.0, 14.0)",2906279999.9999995,1,-21.336646265950293,1.0,1.0,5.415172110589119e-10,3.4408246968633446e-10,3.440824695679417e-10
2167,"(1.0, 2.0, 4.0, 4.0, 6.0, 14.0, 14.0)",1453139999.9999998,1,-21.24630349957404,1.0,1.0,5.927173352827423e-10,6.881649393726689e-10,6.881649388990979e-10
2168,"(1.0, 2.0, 4.0, 4.0, 7.0, 7.0, 14.0)",1453139999.9999995,1,-20.97861328763832,1.0,1.0,7.746472994570032e-10,6.88164939372669e-10,6.88164938899098e-10
2169,"(1.0, 2.0, 4.0, 4.0, 7.0, 8.0, 14.0)",2785184999.9999995,2,-20.85750058492458,2.0,2.0,8.743847804499047e-10,7.180851541280024e-10,7.180851536123561e-10
2170,"(1.0, 2.0, 4.0, 4.0, 7.0, 11.0, 14.0)",2785184999.9999995,1,-21.122151475684888,1.0,1.0,6.71067441084466e-10,3.590425770640012e-10,3.5904257693508965e-10
2171,"(1.0, 2.0, 4.0, 4.0, 7.0, 12.0, 14.0)",2906279999.9999995,1,-21.24021995266837,1.0,1.0,5.963341493680951e-10,3.4408246968633446e-10,3.440824695679417e-10
2172,"(1.0, 2.0, 4.0, 4.0, 7.0, 13.0, 14.0)",2906279999.9999995,1,-21.11739283287301,1.0,1.0,6.742684214599665e-10,3.4408246968633446e-10,3.440824695679417e-10
2173,"(1.0, 2.0, 4.0, 4.0, 8.0, 9.0, 14.0)",2450962800.0000005,2,-21.371813302695333,2.0,2.0,5.228046171197779e-10,8.160058569636388e-10,8.160058562977732e-10
2174,"(1.0, 2.0, 4.0, 4.0, 8.0, 11.0, 14.0)",2450962800.0000005,2,-21.001038772971143,2.0,2.0,7.574687958649379e-10,8.160058569636388e-10,8.160058562977732e-10
2175,"(1.0, 2.0, 4.0, 4.0, 8.0, 12.0, 14.0)",2673777600.0,4,-21.119107249954624,4.0,4.0,6.731134345081987e-10,1.4960107377666714e-09,1.4960107355286232e-09
2176,"(1.0, 2.0, 4.0, 4.0, 8.0, 13.0, 14.0)",2673777600.0,8,-20.99628013015927,9.0,11.0,7.610819092454587e-10,3.3660241599750107e-09,4.114029517528228e-09
2177,"(1.0, 2.0, 4.0, 4.0, 8.0, 14.0, 14.0)",1336888800.0,3,-20.905937363783007,3.0,3.0,8.33041742658109e-10,2.244016106650007e-09,2.2440161016143988e-09
2178,"(1.0, 2.0, 4.0, 4.0, 9.0, 9.0, 14.0)",1225481400.0000002,1,-22.00723872317983,1.0,1.0,2.769348812329503e-10,8.160058569636388e-10,8.160058562977732e-10
2179,"(1.0, 2.0, 4.0, 4.0, 9.0, 12.0, 14.0)",2673777600.0,1,-21.75453267043913,1.0,1.0,3.5655497854779384e-10,3.7400268444166784e-10,3.7400268430178984e-10
2180,"(1.0, 2.0, 4.0, 4.0, 9.0, 13.0, 14.0)",2673777600.0,2,-21.631705550643765,2.0,2.0,4.0315276729308255e-10,7.480053688833357e-10,7.480053683238237e-10
2181,"(1.0, 2.0, 4.0, 4.0, 9.0, 14.0, 14.0)",1336888800.0,2,-21.541362784267506,2.0,2.0,4.412706171878718e-10,1.4960107377666714e-09,1.4960107355286232e-09
2182,"(1.0, 2.0, 4.0, 4.0, 11.0, 11.0, 14.0)",1225481400.0000002,1,-21.26568966373145,1.0,1.0,5.813374819731755e-10,8.160058569636388e-10,8.160058562977732e-10
2183,"(1.0, 2.0, 4.0, 4.0, 11.0, 14.0, 14.0)",1336888800.0,1,-21.170588254543315,2.0,4.0,6.393377413024963e-10,1.4960107377666714e-09,2.9920214732952947e-09
2184,"(1.0, 2.0, 4.0, 4.0, 12.0, 14.0, 14.0)",1336888800.0,1,-21.2886567315268,1.0,1.0,5.681380212731165e-10,7.480053688833357e-10,7.480053683238237e-10
2185,"(1.0, 2.0, 4.0, 6.0, 6.0, 7.0, 14.0)",2906279999.999999,2,-21.18118649161354,2.0,2.0,6.325976678886305e-10,6.88164939372669e-10,6.88164938899098e-10
2186,"(1.0, 2.0, 4.0, 6.0, 6.0, 8.0, 14.0)",2785184999.9999995,2,-21.0600737888998,2.0,2.0,7.140459578670792e-10,7.180851541280024e-10,7.180851536123561e-10
2187,"(1.0, 2.0, 4.0, 6.0, 6.0, 9.0, 14.0)",2785184999.9999995,1,-21.69549920938429,1.0,1.0,3.782373492150793e-10,3.590425770640012e-10,3.5904257693508965e-10
2188,"(1.0, 2.0, 4.0, 6.0, 6.0, 11.0, 14.0)",2785184999.9999995,2,-21.324724679660108,2.0,2.0,5.480115899501522e-10,7.180851541280024e-10,7.180851536123561e-10
2189,"(1.0, 2.0, 4.0, 6.0, 6.0, 12.0, 14.0)",2906279999.9999995,1,-21.44279315664359,1.0,1.0,4.869823885490043e-10,3.4408246968633446e-10,3.440824695679417e-10
2190,"(1.0, 2.0, 4.0, 6.0, 6.0, 13.0, 14.0)",2906279999.9999995,1,-21.31996603684823,1.0,1.0,5.506255959912479e-10,3.4408246968633446e-10,3.440824695679417e-10
2191,"(1.0, 2.0, 4.0, 6.0, 6.0, 14.0, 14.0)",1453139999.9999998,1,-21.22962327047197,1.0,1.0,6.026869124920595e-10,6.881649393726689e-10,6.881649388990979e-10
2192,"(1.0, 2.0, 4.0, 6.0, 7.0, 7.0, 14.0)",2906279999.999999,4,-20.96193305853626,5.0,7.0,7.876769606499506e-10,1.7204123484316726e-09,2.4085772848445233e-09
2193,"(1.0, 2.0, 4.0, 6.0, 7.0, 8.0, 14.0)",5570369999.999999,5,-20.840820355822515,5.0,5.0,8.890920381264246e-10,8.97606442660003e-10,8.976064418543057e-10
2194,"(1.0, 2.0, 4.0, 6.0, 7.0, 9.0, 14.0)",5570369999.999999,3,-21.47624577630701,3.0,3.0,4.709610242927394e-10,5.385638655960018e-10,5.385638653059507e-10
2195,"(1.0, 2.0, 4.0, 6.0, 7.0, 11.0, 14.0)",5570369999.999999,3,-21.105471246582823,3.0,3.0,6.823548765419698e-10,5.385638655960018e-10,5.385638653059507e-10
2196,"(1.0, 2.0, 4.0, 6.0, 7.0, 13.0, 14.0)",5812559999.999999,1,-21.100712603770948,1.0,1.0,6.856096977942224e-10,1.7204123484316723e-10,1.7204123481356905e-10
2197,"(1.0, 2.0, 4.0, 6.0, 7.0, 14.0, 14.0)",2906279999.9999995,4,-21.010369837394684,4.0,4.0,7.504336793394965e-10,1.3763298787453378e-09,1.376329876851054e-09
2198,"(1.0, 2.0, 4.0, 6.0, 8.0, 8.0, 14.0)",2450962800.0000005,1,-20.71970765310877,1.0,1.0,1.0035645216886022e-09,4.080029284818194e-10,4.08002928315353e-10
2199,"(1.0, 2.0, 4.0, 6.0, 8.0, 9.0, 14.0)",4901925600.000001,1,-21.355133073593272,1.0,1.0,5.315982539606397e-10,2.040014642409097e-10,2.040014641992931e-10
2200,"(1.0, 2.0, 4.0, 6.0, 8.0, 11.0, 14.0)",4901925600.000001,2,-20.98435854386908,2.0,2.0,7.702095125514456e-10,4.080029284818194e-10,4.08002928315353e-10
2201,"(1.0, 2.0, 4.0, 6.0, 8.0, 12.0, 14.0)",5347555200.0,2,-21.102427020852563,2.0,2.0,6.844352838223456e-10,3.7400268444166784e-10,3.7400268430178984e-10
2202,"(1.0, 2.0, 4.0, 6.0, 8.0, 13.0, 14.0)",5347555200.0,3,-20.97959990105721,3.0,3.0,7.738833989356713e-10,5.610040266625018e-10,5.610040263477763e-10
2203,"(1.0, 2.0, 4.0, 6.0, 8.0, 14.0, 14.0)",2673777600.0,5,-20.889257134680943,5.0,5.0,8.47053605442667e-10,1.870013422208339e-09,1.870013418711389e-09
2204,"(1.0, 2.0, 4.0, 6.0, 9.0, 11.0, 14.0)",4901925600.000001,1,-21.61978396435358,1.0,1.0,4.079877508695667e-10,2.040014642409097e-10,2.040014641992931e-10
2205,"(1.0, 2.0, 4.0, 6.0, 9.0, 12.0, 14.0)",5347555200.0,1,-21.73785244133706,1.0,1.0,3.625522763766185e-10,1.8700134222083392e-10,1.8700134218586442e-10
2206,"(1.0, 2.0, 4.0, 6.0, 9.0, 13.0, 14.0)",5347555200.0,1,-21.615025321541705,1.0,1.0,4.0993384555994044e-10,1.8700134222083392e-10,1.8700134218586442e-10
2207,"(1.0, 2.0, 4.0, 6.0, 9.0, 14.0, 14.0)",2673777600.0,3,-21.52468255516544,3.0,3.0,4.4869284229650155e-10,1.1220080533250036e-09,1.1220080520661015e-09
2208,"(1.0, 2.0, 4.0, 6.0, 11.0, 12.0, 14.0)",5347555200.0,1,-21.36707791161287,1.0,1.0,5.252861723716793e-10,1.8700134222083392e-10,1.8700134218586442e-10
2209,"(1.0, 2.0, 4.0, 6.0, 11.0, 13.0, 14.0)",5347555200.0,1,-21.24425079181752,1.0,1.0,5.939352603487604e-10,1.8700134222083392e-10,1.8700134218586442e-10
2210,"(1.0, 2.0, 4.0, 6.0, 11.0, 14.0, 14.0)",2673777600.0,6,-21.15390802544125,6.0,6.0,6.500914793751351e-10,2.244016106650007e-09,2.2440161016143988e-09
2211,"(1.0, 2.0, 4.0, 6.0, 12.0, 12.0, 14.0)",2673777600.0,1,-21.485146388596355,1.0,1.0,4.667877825660435e-10,3.7400268444166784e-10,3.7400268430178984e-10
2212,"(1.0, 2.0, 4.0, 6.0, 12.0, 13.0, 14.0)",5347555200.0,2,-21.362319268800995,2.0,2.0,5.277917785542189e-10,3.7400268444166784e-10,3.7400268430178984e-10
2213,"(1.0, 2.0, 4.0, 6.0, 12.0, 14.0, 14.0)",2673777600.0,4,-21.27197650242473,5.0,7.0,5.776941714503809e-10,1.870013422208339e-09,2.618018787594725e-09
2214,"(1.0, 2.0, 4.0, 6.0, 13.0, 13.0, 14.0)",2673777600.0,1,-21.23949214900564,1.0,1.0,5.967683215230939e-10,3.7400268444166784e-10,3.7400268430178984e-10
2215,"(1.0, 2.0, 4.0, 6.0, 13.0, 14.0, 14.0)",2673777600.0,7,-21.14914938262937,9.0,13.0,6.531924047670707e-10,3.3660241599750107e-09,4.862034886411564e-09
2216,"(1.0, 2.0, 4.0, 6.0, 14.0, 14.0, 14.0)",891259200.0,2,-21.058806616253115,2.0,2.0,7.14951350896854e-10,2.244016106650007e-09,2.2440161016143988e-09
2217,"(1.0, 2.0, 4.0, 7.0, 7.0, 7.0, 14.0)",968759999.9999996,2,-20.742679625458976,3.0,5.0,9.807734454815823e-10,3.096742227177011e-09,5.161237035705206e-09
2218,"(1.0, 2.0, 4.0, 7.0, 7.0, 11.0, 14.0)",2785184999.9999995,2,-20.886217813505542,2.0,2.0,8.496319896864907e-10,7.180851541280024e-10,7.180851536123561e-10
2219,"(1.0, 2.0, 4.0, 7.0, 7.0, 12.0, 14.0)",2906279999.9999995,1,-21.004286290489024,1.0,1.0,7.550128926339057e-10,3.4408246968633446e-10,3.440824695679417e-10
2220,"(1.0, 2.0, 4.0, 7.0, 7.0, 13.0, 14.0)",2906279999.9999995,1,-20.881459170693667,1.0,1.0,8.536847199470841e-10,3.4408246968633446e-10,3.440824695679417e-10
2221,"(1.0, 2.0, 4.0, 7.0, 7.0, 14.0, 14.0)",1453139999.9999998,3,-20.791116404317403,3.0,3.0,9.344000930075478e-10,2.0644948181180067e-09,2.064494813855868e-09
2222,"(1.0, 2.0, 4.0, 7.0, 8.0, 8.0, 13.0)",2450962800.0000005,1,-20.59079698640776,1.0,1.0,1.1416434539566738e-09,4.080029284818194e-10,4.08002928315353e-10
2223,"(1.0, 2.0, 4.0, 7.0, 8.0, 8.0, 14.0)",2450962800.0000005,1,-20.50045422003149,1.0,1.0,1.2495851508560498e-09,4.080029284818194e-10,4.08002928315353e-10
2224,"(1.0, 2.0, 4.0, 7.0, 8.0, 9.0, 14.0)",4901925600.000001,2,-21.135879640515988,3.0,5.0,6.61917863788673e-10,6.120043927227291e-10,1.020007320829999e-09
2225,"(1.0, 2.0, 4.0, 7.0, 8.0, 11.0, 14.0)",4901925600.000001,4,-20.7651051107918,4.0,4.0,9.590239084109438e-10,8.160058569636388e-10,8.160058562977732e-10
2226,"(1.0, 2.0, 4.0, 7.0, 8.0, 12.0, 14.0)",5347555200.0,2,-20.88317358777528,2.0,2.0,8.522224021503742e-10,3.7400268444166784e-10,3.7400268430178984e-10
2227,"(1.0, 2.0, 4.0, 7.0, 8.0, 13.0, 14.0)",5347555200.0,3,-20.76034646797992,6.0,14.0,9.635984362788111e-10,1.1220080533250036e-09,2.6180187898327732e-09
2228,"(1.0, 2.0, 4.0, 7.0, 8.0, 14.0, 14.0)",2673777600.0,3,-20.67000370160366,3.0,3.0,1.054706084626484e-09,1.1220080533250036e-09,1.1220080520661015e-09
2229,"(1.0, 2.0, 4.0, 7.0, 9.0, 9.0, 14.0)",2450962800.0000005,1,-21.771305061000486,1.0,1.0,3.5062457176480386e-10,4.080029284818194e-10,4.08002928315353e-10
2230,"(1.0, 2.0, 4.0, 7.0, 9.0, 11.0, 14.0)",4901925600.000001,2,-21.400530531276296,2.0,2.0,5.08004641654681e-10,4.080029284818194e-10,4.08002928315353e-10
2231,"(1.0, 2.0, 4.0, 7.0, 9.0, 12.0, 14.0)",5347555200.0,1,-21.518599008259777,1.0,1.0,4.5143080607014246e-10,1.8700134222083392e-10,1.8700134218586442e-10
2232,"(1.0, 2.0, 4.0, 7.0, 9.0, 14.0, 14.0)",2673777600.0,5,-21.30542912208816,5.0,5.0,5.586884559108376e-10,1.870013422208339e-09,1.870013418711389e-09
2233,"(1.0, 2.0, 4.0, 7.0, 11.0, 12.0, 14.0)",5347555200.0,1,-21.14782447853559,1.0,1.0,6.540583956089013e-10,1.8700134222083392e-10,1.8700134218586442e-10
2234,"(1.0, 2.0, 4.0, 7.0, 11.0, 13.0, 14.0)",5347555200.0,1,-21.02499735874024,1.0,1.0,7.395365876952783e-10,1.8700134222083392e-10,1.8700134218586442e-10
2235,"(1.0, 2.0, 4.0, 7.0, 11.0, 14.0, 14.0)",2673777600.0,5,-20.93465459236397,6.0,8.0,8.094593240087403e-10,2.244016106650007e-09,2.9920214704977343e-09
2236,"(1.0, 2.0, 4.0, 7.0, 12.0, 12.0, 14.0)",2673777600.0,1,-21.26589295551907,1.0,1.0,5.812193128490674e-10,3.7400268444166784e-10,3.7400268430178984e-10
2237,"(1.0, 2.0, 4.0, 7.0, 12.0, 14.0, 14.0)",2673777600.0,2,-21.05272306934745,2.0,2.0,7.193140478559859e-10,7.480053688833357e-10,7.480053683238237e-10
2238,"(1.0, 2.0, 4.0, 7.0, 13.0, 13.0, 14.0)",2673777600.0,1,-21.02023871592836,1.0,1.0,7.430641647452864e-10,3.7400268444166784e-10,3.7400268430178984e-10
2239,"(1.0, 2.0, 4.0, 7.0, 13.0, 14.0, 14.0)",2673777600.0,7,-20.92989594955209,7.0,7.0,8.133204313316209e-10,2.618018791091675e-09,2.618018784237653e-09
2240,"(1.0, 2.0, 4.0, 7.0, 14.0, 14.0, 14.0)",891259200.0,8,-20.83955318317583,9.0,11.0,8.902193853584607e-10,1.0098072479925032e-08,1.2342088484603972e-08
2241,"(1.0, 2.0, 4.0, 8.0, 8.0, 8.0, 14.0)",659874599.9999998,1,-20.379341517317748,1.0,1.0,1.4104718864321993e-09,1.5154394486467585e-09,1.5154394463502017e-09
2242,"(1.0, 2.0, 4.0, 8.0, 8.0, 13.0, 14.0)",2262427199.9999995,1,-20.63923376526618,1.0,1.0,1.0876637764542879e-09,4.420031725219712e-10,4.420031723266044e-10
2243,"(1.0, 2.0, 4.0, 8.0, 8.0, 14.0, 14.0)",1131213599.9999998,4,-20.54889099888992,4.0,4.0,1.1905017275497448e-09,3.5360253801757696e-09,3.536025367672294e-09
2244,"(1.0, 2.0, 4.0, 8.0, 9.0, 9.0, 14.0)",1979623799.9999995,1,-21.650192358286745,1.0,1.0,3.9576822822181236e-10,5.051464828822528e-10,5.051464826270798e-10
2245,"(1.0, 2.0, 4.0, 8.0, 9.0, 11.0, 14.0)",3959247599.999999,2,-21.27941782856256,2.0,2.0,5.734113155394954e-10,5.051464828822528e-10,5.051464826270798e-10
2246,"(1.0, 2.0, 4.0, 8.0, 9.0, 12.0, 14.0)",4524854399.999999,2,-21.397486305546035,2.0,2.0,5.095534787646597e-10,4.420031725219712e-10,4.420031723266044e-10
2247,"(1.0, 2.0, 4.0, 8.0, 9.0, 13.0, 14.0)",4524854399.999999,2,-21.27465918575068,2.0,2.0,5.761464778432531e-10,4.420031725219712e-10,4.420031723266044e-10
2248,"(1.0, 2.0, 4.0, 8.0, 9.0, 14.0, 14.0)",2262427199.9999995,3,-21.18431641937441,3.0,3.0,6.30620778261181e-10,1.3260095175659135e-09,1.3260095158076123e-09
2249,"(1.0, 2.0, 4.0, 8.0, 11.0, 11.0, 14.0)",1979623799.9999995,3,-20.908643298838363,4.0,6.0,8.307906328561064e-10,2.0205859315290113e-09,3.0308788932107495e-09
2250,"(1.0, 2.0, 4.0, 8.0, 11.0, 12.0, 14.0)",4524854399.999999,2,-21.026711775821845,3.0,5.0,7.382697997485905e-10,6.630047587829568e-10,1.1050079308653527e-09
2251,"(1.0, 2.0, 4.0, 8.0, 11.0, 13.0, 14.0)",4524854399.999999,2,-20.903884656026488,2.0,2.0,8.347534901624043e-10,4.420031725219712e-10,4.420031723266044e-10
2252,"(1.0, 2.0, 4.0, 8.0, 11.0, 14.0, 14.0)",2262427199.9999995,1,-20.813541889650224,3.0,9.0,9.136789269163372e-10,1.3260095175659135e-09,3.978028550939439e-09
2253,"(1.0, 2.0, 4.0, 8.0, 12.0, 12.0, 14.0)",2365264799.9999995,1,-21.14478025280533,1.0,1.0,6.5605253076466e-10,4.2278564328188547e-10,4.227856431031378e-10
2254,"(1.0, 2.0, 4.0, 8.0, 12.0, 13.0, 14.0)",4730529599.999999,1,-21.02195313300997,1.0,1.0,7.417913342414565e-10,2.1139282164094273e-10,2.113928215962558e-10
2255,"(1.0, 2.0, 4.0, 8.0, 12.0, 14.0, 14.0)",2365264799.9999995,3,-20.931610366633706,3.0,3.0,8.119272554748008e-10,1.2683569298456565e-09,1.2683569282369271e-09
2256,"(1.0, 2.0, 4.0, 8.0, 13.0, 14.0, 14.0)",2365264799.9999995,3,-20.808783246838352,3.0,3.0,9.180371599872742e-10,1.2683569298456565e-09,1.2683569282369271e-09
2257,"(1.0, 2.0, 4.0, 8.0, 14.0, 14.0, 14.0)",788421599.9999999,3,-20.71844048046209,3.0,3.0,1.0048370172651864e-09,3.8050707895369695e-09,3.805070775058405e-09
2258,"(1.0, 2.0, 4.0, 9.0, 9.0, 11.0, 14.0)",1979623799.9999995,1,-21.914843249047053,1.0,1.0,3.0374176005063773e-10,5.051464828822528e-10,5.051464826270798e-10
2259,"(1.0, 2.0, 4.0, 9.0, 11.0, 12.0, 14.0)",4524854399.999999,2,-21.662137196306347,2.0,2.0,3.910689626989423e-10,4.420031725219712e-10,4.420031723266044e-10
2260,"(1.0, 2.0, 4.0, 9.0, 11.0, 13.0, 14.0)",4524854399.999999,3,-21.539310076510983,3.0,3.0,4.421773471138912e-10,6.630047587829568e-10,6.630047583433814e-10
2261,"(1.0, 2.0, 4.0, 9.0, 11.0, 14.0, 14.0)",2262427199.9999995,2,-21.448967310134726,2.0,2.0,4.839849473874363e-10,8.840063450439424e-10,8.840063442624752e-10
2262,"(1.0, 2.0, 4.0, 9.0, 13.0, 13.0, 14.0)",2365264799.9999995,1,-21.53455143369911,1.0,1.0,4.442865256016943e-10,4.2278564328188547e-10,4.227856431031378e-10
2263,"(1.0, 2.0, 4.0, 9.0, 13.0, 14.0, 14.0)",2365264799.9999995,2,-21.444208667322847,2.0,2.0,4.862935474234047e-10,8.455712865637709e-10,8.455712858487801e-10
2264,"(1.0, 2.0, 4.0, 11.0, 11.0, 13.0, 14.0)",2262427199.9999995,2,-21.1685355467868,2.0,2.0,6.406514627248856e-10,8.840063450439424e-10,8.840063442624752e-10
2265,"(1.0, 2.0, 4.0, 11.0, 11.0, 14.0, 14.0)",1131213599.9999998,7,-21.078192780410536,7.0,7.0,7.012246703825982e-10,6.188044415307597e-09,6.188044377015703e-09
2266,"(1.0, 2.0, 4.0, 11.0, 13.0, 13.0, 14.0)",2365264799.9999995,1,-21.16377690397492,1.0,1.0,6.437073593966182e-10,4.2278564328188547e-10,4.227856431031378e-10
2267,"(1.0, 2.0, 4.0, 11.0, 13.0, 14.0, 14.0)",2365264799.9999995,3,-21.07343413759866,3.0,3.0,7.045695002332054e-10,1.2683569298456565e-09,1.2683569282369271e-09
2268,"(1.0, 2.0, 4.0, 11.0, 14.0, 14.0, 14.0)",788421599.9999999,3,-20.9830913712224,3.0,3.0,7.711861196121612e-10,3.8050707895369695e-09,3.805070775058405e-09
2269,"(1.0, 2.0, 4.0, 12.0, 12.0, 13.0, 14.0)",2262427199.999999,1,-21.40467250075376,1.0,1.0,5.059048535656039e-10,4.420031725219713e-10,4.420031723266045e-10
2270,"(1.0, 2.0, 4.0, 12.0, 12.0, 14.0, 14.0)",1131213599.9999995,1,-21.3143297343775,1.0,1.0,5.537378509644306e-10,8.840063450439426e-10,8.840063442624754e-10
2271,"(1.0, 2.0, 4.0, 12.0, 14.0, 14.0, 14.0)",754142399.9999996,1,-21.10115984820588,1.0,1.0,6.853031312325516e-10,1.326009517565914e-09,1.3260095158076127e-09
2272,"(1.0, 2.0, 4.0, 13.0, 13.0, 13.0, 14.0)",754142399.9999996,1,-21.159018261163048,1.0,1.0,6.467778326439285e-10,1.326009517565914e-09,1.3260095158076127e-09
2273,"(1.0, 2.0, 4.0, 13.0, 13.0, 14.0, 14.0)",1131213599.9999995,2,-21.068675494786785,2.0,2.0,7.07930284865785e-10,1.7680126900878852e-09,1.7680126869620164e-09
2274,"(1.0, 2.0, 4.0, 13.0, 14.0, 14.0, 14.0)",754142399.9999996,2,-20.97833272841052,2.0,2.0,7.748646643956002e-10,2.652019035131828e-09,2.652019028098623e-09
2275,"(1.0, 2.0, 4.0, 14.0, 14.0, 14.0, 14.0)",188535599.9999999,1,-20.887989962034258,1.0,1.0,8.481276489573229e-10,5.304038070263656e-09,5.304038042130836e-09
2276,"(1.0, 2.0, 6.0, 6.0, 6.0, 11.0, 14.0)",928395000.0,1,-21.308044450558043,1.0,1.0,5.572292111202843e-10,1.0771277311920035e-09,1.0771277300317993e-09
2277,"(1.0, 2.0, 6.0, 6.0, 6.0, 12.0, 14.0)",968760000.0,1,-21.426112927541524,1.0,1.0,4.951734911761934e-10,1.0322474090590033e-09,1.0322474079934686e-09
2278,"(1.0, 2.0, 6.0, 6.0, 6.0, 14.0, 14.0)",484380000.0,2,-21.212943041369904,2.0,2.0,6.128241791948562e-10,4.128989636236013e-09,4.128989619187458e-09
2279,"(1.0, 2.0, 6.0, 6.0, 7.0, 7.0, 14.0)",1453139999.9999995,2,-20.9452528294342,2.0,2.0,8.009257823187971e-10,1.376329878745338e-09,1.3763298768510541e-09
2280,"(1.0, 2.0, 6.0, 6.0, 7.0, 8.0, 14.0)",2785184999.9999995,1,-20.82414012672045,1.0,1.0,9.040466736544349e-10,3.590425770640012e-10,3.5904257693508965e-10
2281,"(1.0, 2.0, 6.0, 6.0, 7.0, 9.0, 14.0)",2785184999.9999995,1,-21.45956554720495,1.0,1.0,4.788826456369553e-10,3.590425770640012e-10,3.5904257693508965e-10
2282,"(1.0, 2.0, 6.0, 6.0, 7.0, 11.0, 14.0)",2785184999.9999995,4,-21.08879101748076,4.0,4.0,6.938321680279549e-10,1.4361703082560048e-09,1.4361703061934196e-09
2283,"(1.0, 2.0, 6.0, 6.0, 7.0, 12.0, 14.0)",2906279999.9999995,1,-21.20685949446424,1.0,1.0,6.165636870364765e-10,3.4408246968633446e-10,3.440824695679417e-10
2284,"(1.0, 2.0, 6.0, 6.0, 7.0, 13.0, 14.0)",2906279999.9999995,2,-21.084032374668887,2.0,2.0,6.971417357670127e-10,6.881649393726689e-10,6.881649388990979e-10
2285,"(1.0, 2.0, 6.0, 6.0, 7.0, 14.0, 14.0)",1453139999.9999998,4,-20.993689608292623,4.0,4.0,7.630560645158529e-10,2.7526597574906757e-09,2.75265974991354e-09
2286,"(1.0, 2.0, 6.0, 6.0, 8.0, 9.0, 14.0)",2450962800.0000005,2,-21.338452844491208,2.0,2.0,5.405398008358773e-10,8.160058569636388e-10,8.160058562977732e-10
2287,"(1.0, 2.0, 6.0, 6.0, 8.0, 12.0, 14.0)",2673777600.0,2,-21.0857467917505,2.0,2.0,6.959475680102037e-10,7.480053688833357e-10,7.480053683238237e-10
2288,"(1.0, 2.0, 6.0, 6.0, 8.0, 13.0, 14.0)",2673777600.0,1,-20.96291967195514,1.0,1.0,7.869002112295381e-10,3.7400268444166784e-10,3.7400268430178984e-10
2289,"(1.0, 2.0, 6.0, 6.0, 8.0, 14.0, 14.0)",1336888800.0,3,-20.87257690557888,3.0,3.0,8.613011494525911e-10,2.244016106650007e-09,2.2440161016143988e-09
2290,"(1.0, 2.0, 6.0, 6.0, 9.0, 11.0, 14.0)",2450962800.0000005,2,-21.60310373525152,2.0,2.0,4.1485015414448854e-10,8.160058569636388e-10,8.160058562977732e-10
2291,"(1.0, 2.0, 6.0, 6.0, 9.0, 12.0, 14.0)",2673777600.0,1,-21.721172212235,1.0,1.0,3.686504494796945e-10,3.7400268444166784e-10,3.7400268430178984e-10
2292,"(1.0, 2.0, 6.0, 6.0, 9.0, 13.0, 14.0)",2673777600.0,1,-21.59834509243964,1.0,1.0,4.1682898238274127e-10,3.7400268444166784e-10,3.7400268430178984e-10
2293,"(1.0, 2.0, 6.0, 6.0, 11.0, 14.0, 14.0)",1336888800.0,3,-21.13722779633919,5.0,11.0,6.61026096621742e-10,3.740026844416678e-09,8.228059043728891e-09
2294,"(1.0, 2.0, 6.0, 6.0, 12.0, 12.0, 14.0)",1336888800.0,2,-21.46846615949429,2.0,2.0,4.746392094800822e-10,1.4960107377666714e-09,1.4960107355286232e-09
2295,"(1.0, 2.0, 6.0, 6.0, 12.0, 14.0, 14.0)",1336888800.0,1,-21.25529627332267,1.0,1.0,5.87411057228483e-10,7.480053688833357e-10,7.480053683238237e-10
2296,"(1.0, 2.0, 6.0, 6.0, 13.0, 14.0, 14.0)",1336888800.0,3,-21.13246915352731,3.0,3.0,6.641791799535165e-10,2.244016106650007e-09,2.2440161016143988e-09
2297,"(1.0, 2.0, 6.0, 6.0, 14.0, 14.0, 14.0)",445629600.0,1,-21.04212638715105,1.0,1.0,7.269769190207704e-10,2.244016106650007e-09,2.2440161016143988e-09
2298,"(1.0, 2.0, 6.0, 7.0, 7.0, 8.0, 14.0)",2785184999.9999995,2,-20.60488669364317,2.0,2.0,1.1256708210236214e-09,7.180851541280024e-10,7.180851536123561e-10
2299,"(1.0, 2.0, 6.0, 7.0, 7.0, 11.0, 14.0)",2785184999.9999995,2,-20.86953758440348,2.0,2.0,8.639229024309935e-10,7.180851541280024e-10,7.180851536123561e-10
2300,"(1.0, 2.0, 6.0, 7.0, 7.0, 12.0, 14.0)",2906279999.9999995,1,-20.987606061386963,2.0,4.0,7.677123007312717e-10,6.881649393726689e-10,1.3763298782717668e-09
2301,"(1.0, 2.0, 6.0, 7.0, 7.0, 13.0, 14.0)",2906279999.9999995,2,-20.8647789415916,2.0,2.0,8.680438001043484e-10,6.881649393726689e-10,6.881649388990979e-10
2302,"(1.0, 2.0, 6.0, 7.0, 7.0, 14.0, 14.0)",1453139999.9999998,6,-20.774436175215342,7.0,9.0,9.50116815494131e-10,4.817154575608683e-09,6.193484431149043e-09
2303,"(1.0, 2.0, 6.0, 7.0, 8.0, 8.0, 14.0)",2450962800.0000005,3,-20.48377399092943,3.0,3.0,1.2706033241057404e-09,1.2240087854454581e-09,1.2240087839472605e-09
2304,"(1.0, 2.0, 6.0, 7.0, 8.0, 9.0, 14.0)",4901925600.000001,2,-21.119199411413923,2.0,2.0,6.730514022503359e-10,4.080029284818194e-10,4.08002928315353e-10
2305,"(1.0, 2.0, 6.0, 7.0, 8.0, 11.0, 14.0)",4901925600.000001,2,-20.748424881689736,4.0,10.0,9.75154806448402e-10,8.160058569636388e-10,2.0400146417432313e-09
2306,"(1.0, 2.0, 6.0, 7.0, 8.0, 12.0, 14.0)",5347555200.0,3,-20.866493358673218,3.0,3.0,8.665568859455707e-10,5.610040266625018e-10,5.610040263477763e-10
2307,"(1.0, 2.0, 6.0, 7.0, 8.0, 13.0, 14.0)",5347555200.0,1,-20.74366623887786,1.0,1.0,9.79806278427835e-10,1.8700134222083392e-10,1.8700134218586442e-10
2308,"(1.0, 2.0, 6.0, 7.0, 8.0, 14.0, 14.0)",2673777600.0,5,-20.6533234725016,7.0,13.0,1.0724463684310697e-09,2.618018791091675e-09,4.86203489088766e-09
2309,"(1.0, 2.0, 6.0, 7.0, 9.0, 9.0, 14.0)",2450962800.0000005,2,-21.754624831898425,3.0,5.0,3.5652211943484674e-10,1.2240087854454581e-09,2.0400146409108994e-09
2310,"(1.0, 2.0, 6.0, 7.0, 9.0, 11.0, 14.0)",4901925600.000001,1,-21.383850302174235,1.0,1.0,5.165493411196439e-10,2.040014642409097e-10,2.040014641992931e-10
2311,"(1.0, 2.0, 6.0, 7.0, 9.0, 12.0, 14.0)",5347555200.0,2,-21.50191877915772,2.0,2.0,4.59023926783627e-10,3.7400268444166784e-10,3.7400268430178984e-10
2312,"(1.0, 2.0, 6.0, 7.0, 9.0, 13.0, 14.0)",5347555200.0,2,-21.37909165936236,3.0,5.0,5.1901327276447e-10,5.610040266625018e-10,9.35006710789444e-10
2313,"(1.0, 2.0, 6.0, 7.0, 9.0, 14.0, 14.0)",2673777600.0,5,-21.288748892986096,6.0,8.0,5.680856632567271e-10,2.244016106650007e-09,2.9920214704977343e-09
2314,"(1.0, 2.0, 6.0, 7.0, 11.0, 11.0, 14.0)",2450962800.0000005,2,-21.013075772450044,2.0,2.0,7.484057994328715e-10,8.160058569636388e-10,8.160058562977732e-10
2315,"(1.0, 2.0, 6.0, 7.0, 11.0, 12.0, 14.0)",5347555200.0,2,-21.131144249433525,3.0,5.0,6.650597368659642e-10,5.610040266625018e-10,9.35006710789444e-10
2316,"(1.0, 2.0, 6.0, 7.0, 11.0, 13.0, 14.0)",5347555200.0,2,-21.00831712963817,2.0,2.0,7.51975682473274e-10,3.7400268444166784e-10,3.7400268430178984e-10
2317,"(1.0, 2.0, 6.0, 7.0, 11.0, 14.0, 14.0)",2673777600.0,6,-20.917974363261905,8.0,14.0,8.23074527661682e-10,2.9920214755333427e-09,5.2360375732311575e-09
2318,"(1.0, 2.0, 6.0, 7.0, 12.0, 13.0, 14.0)",5347555200.0,2,-21.12638560662165,2.0,2.0,6.682320605936684e-10,3.7400268444166784e-10,3.7400268430178984e-10
2319,"(1.0, 2.0, 6.0, 7.0, 12.0, 14.0, 14.0)",2673777600.0,4,-21.036042840245383,4.0,4.0,7.314129970699893e-10,1.4960107377666714e-09,1.4960107355286232e-09
2320,"(1.0, 2.0, 6.0, 7.0, 13.0, 13.0, 14.0)",2673777600.0,1,-21.003558486826293,1.0,1.0,7.555625937955682e-10,3.7400268444166784e-10,3.7400268430178984e-10
2321,"(1.0, 2.0, 6.0, 7.0, 13.0, 14.0, 14.0)",2673777600.0,3,-20.91321572045003,4.0,6.0,8.270005792763451e-10,1.4960107377666714e-09,2.244016104411959e-09
2322,"(1.0, 2.0, 6.0, 7.0, 14.0, 14.0, 14.0)",891259200.0,2,-20.82287295407377,2.0,2.0,9.051929830031503e-10,2.244016106650007e-09,2.2440161016143988e-09
2323,"(1.0, 2.0, 6.0, 8.0, 8.0, 8.0, 14.0)",659874599.9999998,1,-20.362661288215683,1.0,1.0,1.4341961940174387e-09,1.5154394486467585e-09,1.5154394463502017e-09
2324,"(1.0, 2.0, 6.0, 8.0, 8.0, 9.0, 14.0)",1979623799.9999995,3,-20.998086708700185,3.0,3.0,7.597081962341796e-10,1.5154394486467585e-09,1.5154394463502017e-09
2325,"(1.0, 2.0, 6.0, 8.0, 8.0, 11.0, 14.0)",1979623799.9999995,1,-20.62731217897599,1.0,1.0,1.1007080537668426e-09,5.051464828822528e-10,5.051464826270798e-10
2326,"(1.0, 2.0, 6.0, 8.0, 8.0, 13.0, 14.0)",2262427199.9999995,1,-20.62255353616412,2.0,4.0,1.1059584126183525e-09,8.840063450439424e-10,1.7680126893064175e-09
2327,"(1.0, 2.0, 6.0, 8.0, 8.0, 14.0, 14.0)",1131213599.9999998,4,-20.53221076978785,4.0,4.0,1.2105261104792083e-09,3.5360253801757696e-09,3.536025367672294e-09
2328,"(1.0, 2.0, 6.0, 8.0, 9.0, 12.0, 14.0)",4524854399.999999,2,-21.38080607644397,2.0,2.0,5.18124229856991e-10,4.420031725219712e-10,4.420031723266044e-10
2329,"(1.0, 2.0, 6.0, 8.0, 9.0, 13.0, 14.0)",4524854399.999999,4,-21.25797895664861,4.0,4.0,5.858373312278486e-10,8.840063450439424e-10,8.840063442624752e-10
2330,"(1.0, 2.0, 6.0, 8.0, 9.0, 14.0, 14.0)",2262427199.9999995,2,-21.16763619027236,2.0,2.0,6.412278959620113e-10,8.840063450439424e-10,8.840063442624752e-10
2331,"(1.0, 2.0, 6.0, 8.0, 11.0, 11.0, 14.0)",1979623799.9999995,3,-20.8919630697363,3.0,3.0,8.447646317017482e-10,1.5154394486467585e-09,1.5154394463502017e-09
2332,"(1.0, 2.0, 6.0, 8.0, 11.0, 12.0, 14.0)",4524854399.999999,2,-21.01003154671978,3.0,5.0,7.506875870002263e-10,6.630047587829568e-10,1.1050079308653527e-09
2333,"(1.0, 2.0, 6.0, 8.0, 11.0, 13.0, 14.0)",4524854399.999999,2,-20.887204426924427,2.0,2.0,8.487941447468461e-10,4.420031725219712e-10,4.420031723266044e-10
2334,"(1.0, 2.0, 6.0, 8.0, 11.0, 14.0, 14.0)",2262427199.9999995,5,-20.796861660548164,5.0,5.0,9.290471168851147e-10,2.210015862609856e-09,2.210015857725686e-09
2335,"(1.0, 2.0, 6.0, 8.0, 12.0, 13.0, 14.0)",4730529599.999999,4,-21.00527290390791,5.0,7.0,7.54268354128837e-10,1.0569641082047136e-09,1.479749750369426e-09
2336,"(1.0, 2.0, 6.0, 8.0, 12.0, 14.0, 14.0)",2365264799.9999995,2,-20.914930137531645,2.0,2.0,8.255839700332481e-10,8.455712865637709e-10,8.455712858487801e-10
2337,"(1.0, 2.0, 6.0, 8.0, 13.0, 14.0, 14.0)",2365264799.9999995,2,-20.792103017736288,3.0,5.0,9.334786559630002e-10,1.2683569298456565e-09,2.113928214800698e-09
2338,"(1.0, 2.0, 6.0, 8.0, 14.0, 14.0, 14.0)",788421599.9999999,2,-20.701760251360025,3.0,5.0,1.021738497330085e-09,3.8050707895369695e-09,6.3417846347497175e-09
2339,"(1.0, 2.0, 6.0, 9.0, 9.0, 12.0, 14.0)",2262427199.9999995,1,-22.01623149692847,1.0,1.0,2.744556328707517e-10,4.420031725219712e-10,4.420031723266044e-10
2340,"(1.0, 2.0, 6.0, 9.0, 9.0, 14.0, 14.0)",1131213599.9999998,1,-21.80306161075685,1.0,1.0,3.3966488702759834e-10,8.840063450439424e-10,8.840063442624752e-10
2341,"(1.0, 2.0, 6.0, 9.0, 11.0, 11.0, 14.0)",1979623799.9999995,1,-21.5273884902208,1.0,1.0,4.4748034980823746e-10,5.051464828822528e-10,5.051464826270798e-10
2342,"(1.0, 2.0, 6.0, 9.0, 11.0, 12.0, 14.0)",4524854399.999999,1,-21.64545696720428,1.0,1.0,3.9764678991220247e-10,2.210015862609856e-10,2.210015862121439e-10
2343,"(1.0, 2.0, 6.0, 9.0, 11.0, 13.0, 14.0)",4524854399.999999,2,-21.52262984740892,2.0,2.0,4.496148235294549e-10,4.420031725219712e-10,4.420031723266044e-10
2344,"(1.0, 2.0, 6.0, 9.0, 11.0, 14.0, 14.0)",2262427199.9999995,3,-21.432287081032666,4.0,6.0,4.921256326920454e-10,1.7680126900878848e-09,2.652019032005958e-09
2345,"(1.0, 2.0, 6.0, 9.0, 12.0, 12.0, 14.0)",2365264799.9999995,1,-21.763525444187763,2.0,4.0,3.533629344735248e-10,8.455712865637709e-10,1.6911425724125511e-09
2346,"(1.0, 2.0, 6.0, 9.0, 12.0, 13.0, 14.0)",4730529599.999999,1,-21.640698324392407,1.0,1.0,3.995435583932227e-10,2.1139282164094273e-10,2.113928215962558e-10
2347,"(1.0, 2.0, 6.0, 9.0, 12.0, 14.0, 14.0)",2365264799.9999995,1,-21.550355558016143,1.0,1.0,4.373201597731948e-10,4.2278564328188547e-10,4.227856431031378e-10
2348,"(1.0, 2.0, 6.0, 9.0, 13.0, 14.0, 14.0)",2365264799.9999995,3,-21.427528438220783,3.0,3.0,4.944730636596148e-10,1.2683569298456565e-09,1.2683569282369271e-09
2349,"(1.0, 2.0, 6.0, 9.0, 14.0, 14.0, 14.0)",788421599.9999999,2,-21.337185671844523,2.0,2.0,5.412251922488538e-10,2.5367138596913126e-09,2.5367138532563954e-09
2350,"(1.0, 2.0, 6.0, 11.0, 11.0, 11.0, 14.0)",659874599.9999998,2,-21.15661396049661,2.0,2.0,6.48334751919015e-10,3.030878897293517e-09,3.03087888810729e-09
2351,"(1.0, 2.0, 6.0, 11.0, 11.0, 12.0, 14.0)",2262427199.9999995,2,-21.27468243748009,3.0,5.0,5.761330815969915e-10,1.3260095175659135e-09,2.2100158608515547e-09
2352,"(1.0, 2.0, 6.0, 11.0, 11.0, 13.0, 14.0)",2262427199.9999995,1,-21.15185531768473,1.0,1.0,6.514272977506144e-10,4.420031725219712e-10,4.420031723266044e-10
2353,"(1.0, 2.0, 6.0, 11.0, 11.0, 14.0, 14.0)",1131213599.9999998,4,-21.06151255130847,4.0,4.0,7.130193540813962e-10,3.5360253801757696e-09,3.536025367672294e-09
2354,"(1.0, 2.0, 6.0, 11.0, 12.0, 13.0, 14.0)",4730529599.999999,2,-21.269923794668216,3.0,5.0,5.78881226678933e-10,6.341784649228282e-10,1.0569641078025314e-09
2355,"(1.0, 2.0, 6.0, 11.0, 12.0, 14.0, 14.0)",2365264799.9999995,5,-21.17958102829196,5.0,5.0,6.336140959424021e-10,2.1139282164094272e-09,2.113928211940735e-09
2356,"(1.0, 2.0, 6.0, 11.0, 13.0, 14.0, 14.0)",2365264799.9999995,4,-21.0567539084966,4.0,4.0,7.164204443743107e-10,1.6911425731275419e-09,1.6911425702675787e-09
2357,"(1.0, 2.0, 6.0, 12.0, 12.0, 14.0, 14.0)",1131213599.9999995,2,-21.29764950527544,2.0,2.0,5.630517885368371e-10,1.7680126900878852e-09,1.7680126869620164e-09
2358,"(1.0, 2.0, 6.0, 12.0, 13.0, 13.0, 14.0)",2262427199.999999,1,-21.26516515185634,1.0,1.0,5.81642480366564e-10,4.420031725219713e-10,4.420031723266045e-10
2359,"(1.0, 2.0, 6.0, 12.0, 13.0, 14.0, 14.0)",2262427199.999999,2,-21.17482238548008,3.0,5.0,6.366364244932772e-10,1.326009517565914e-09,2.210015860851555e-09
2360,"(1.0, 2.0, 6.0, 12.0, 14.0, 14.0, 14.0)",754142399.9999996,4,-21.084479619103817,4.0,4.0,6.968300127187286e-10,5.304038070263656e-09,5.304038042130836e-09
2361,"(1.0, 2.0, 6.0, 13.0, 14.0, 14.0, 14.0)",754142399.9999996,1,-20.961652499308457,3.0,9.0,7.87897981693086e-10,3.978028552697741e-09,1.1934085642268514e-08
2362,"(1.0, 2.0, 7.0, 7.0, 7.0, 8.0, 14.0)",928395000.0,1,-20.38563326056589,1.0,1.0,1.4016254184995176e-09,1.0771277311920035e-09,1.0771277300317993e-09
2363,"(1.0, 2.0, 7.0, 7.0, 7.0, 9.0, 14.0)",928395000.0,1,-21.021058681050388,1.0,1.0,7.424551277754276e-10,1.0771277311920035e-09,1.0771277300317993e-09
2364,"(1.0, 2.0, 7.0, 7.0, 7.0, 11.0, 14.0)",928395000.0,1,-20.6502841513262,1.0,1.0,1.075710835757507e-09,1.0771277311920035e-09,1.0771277300317993e-09
2365,"(1.0, 2.0, 7.0, 7.0, 7.0, 14.0, 14.0)",484380000.0,2,-20.55518274213805,2.0,2.0,1.1830349106228272e-09,4.128989636236013e-09,4.128989619187458e-09
2366,"(1.0, 2.0, 7.0, 7.0, 8.0, 8.0, 14.0)",1225481400.0000002,1,-20.264520557852144,1.0,1.0,1.5820876606512143e-09,8.160058569636388e-10,8.160058562977732e-10
2367,"(1.0, 2.0, 7.0, 7.0, 8.0, 9.0, 14.0)",2450962800.0000005,2,-20.899945978336643,2.0,2.0,8.380477984611614e-10,8.160058569636388e-10,8.160058562977732e-10
2368,"(1.0, 2.0, 7.0, 7.0, 8.0, 11.0, 14.0)",2450962800.0000005,1,-20.52917144861245,1.0,1.0,1.2142108848901095e-09,4.080029284818194e-10,4.08002928315353e-10
2369,"(1.0, 2.0, 7.0, 7.0, 8.0, 12.0, 14.0)",2673777600.0,1,-20.647239925595933,1.0,1.0,1.0789905318969054e-09,3.7400268444166784e-10,3.7400268430178984e-10
2370,"(1.0, 2.0, 7.0, 7.0, 8.0, 13.0, 14.0)",2673777600.0,1,-20.52441280580058,1.0,1.0,1.2200026503316913e-09,3.7400268444166784e-10,3.7400268430178984e-10
2371,"(1.0, 2.0, 7.0, 7.0, 8.0, 14.0, 14.0)",1336888800.0,6,-20.43407003942432,7.0,9.0,1.3353531617738743e-09,5.23603758218335e-09,6.7320482925339315e-09
2372,"(1.0, 2.0, 7.0, 7.0, 9.0, 9.0, 14.0)",1225481400.0000002,1,-21.53537139882114,1.0,1.0,4.4392237546212253e-10,8.160058569636388e-10,8.160058562977732e-10
2373,"(1.0, 2.0, 7.0, 7.0, 9.0, 11.0, 14.0)",2450962800.0000005,2,-21.16459686909696,2.0,2.0,6.431797581499831e-10,8.160058569636388e-10,8.160058562977732e-10
2374,"(1.0, 2.0, 7.0, 7.0, 9.0, 12.0, 14.0)",2673777600.0,1,-21.282665346080435,1.0,1.0,5.715521726807685e-10,3.7400268444166784e-10,3.7400268430178984e-10
2375,"(1.0, 2.0, 7.0, 7.0, 9.0, 13.0, 14.0)",2673777600.0,1,-21.159838226285075,2.0,4.0,6.462477147482548e-10,7.480053688833357e-10,1.4960107372071594e-09
2376,"(1.0, 2.0, 7.0, 7.0, 9.0, 14.0, 14.0)",1336888800.0,1,-21.06949545990881,1.0,1.0,7.073500446442506e-10,7.480053688833357e-10,7.480053683238237e-10
2377,"(1.0, 2.0, 7.0, 7.0, 11.0, 11.0, 14.0)",1225481400.0000002,1,-20.793822339372763,1.0,1.0,9.318750848349051e-10,8.160058569636388e-10,8.160058562977732e-10
2378,"(1.0, 2.0, 7.0, 7.0, 11.0, 12.0, 14.0)",2673777600.0,1,-20.911890816356244,1.0,1.0,8.280970018964142e-10,3.7400268444166784e-10,3.7400268430178984e-10
2379,"(1.0, 2.0, 7.0, 7.0, 11.0, 13.0, 14.0)",2673777600.0,2,-20.789063696560888,2.0,2.0,9.363201132722138e-10,7.480053688833357e-10,7.480053683238237e-10
2380,"(1.0, 2.0, 7.0, 7.0, 11.0, 14.0, 14.0)",1336888800.0,3,-20.698720930184624,4.0,6.0,1.024848612706369e-09,2.9920214755333427e-09,4.4880322043478215e-09
2381,"(1.0, 2.0, 7.0, 7.0, 12.0, 13.0, 14.0)",2673777600.0,1,-20.90713217354437,1.0,1.0,8.320470106284661e-10,3.7400268444166784e-10,3.7400268430178984e-10
2382,"(1.0, 2.0, 7.0, 7.0, 12.0, 14.0, 14.0)",1336888800.0,4,-20.816789407168105,5.0,7.0,9.107165513822038e-10,3.740026844416678e-09,5.236037568195549e-09
2383,"(1.0, 2.0, 7.0, 7.0, 13.0, 14.0, 14.0)",1336888800.0,2,-20.69396228737275,2.0,2.0,1.029737123303498e-09,1.4960107377666714e-09,1.4960107355286232e-09
2384,"(1.0, 2.0, 7.0, 7.0, 14.0, 14.0, 14.0)",445629600.0,2,-20.603619520996485,2.0,2.0,1.1270981444387977e-09,4.488032213300014e-09,4.488032193157581e-09
2385,"(1.0, 2.0, 7.0, 8.0, 8.0, 9.0, 12.0)",1979623799.9999995,1,-20.99200316179452,1.0,1.0,7.643440034585185e-10,5.051464828822528e-10,5.051464826270798e-10
2386,"(1.0, 2.0, 7.0, 8.0, 8.0, 9.0, 14.0)",1979623799.9999995,4,-20.7788332756229,4.0,4.0,9.45948228022786e-10,2.0205859315290113e-09,2.020585927446244e-09
2387,"(1.0, 2.0, 7.0, 8.0, 8.0, 11.0, 14.0)",1979623799.9999995,1,-20.40805874589871,1.0,1.0,1.3705431087783044e-09,5.051464828822528e-10,5.051464826270798e-10
2388,"(1.0, 2.0, 7.0, 8.0, 8.0, 12.0, 14.0)",2262427199.9999995,2,-20.52612722288219,2.0,2.0,1.2179128488558914e-09,8.840063450439424e-10,8.840063442624752e-10
2389,"(1.0, 2.0, 7.0, 8.0, 8.0, 13.0, 14.0)",2262427199.9999995,1,-20.403300103086835,1.0,1.0,1.3770805762910837e-09,4.420031725219712e-10,4.420031723266044e-10
2390,"(1.0, 2.0, 7.0, 8.0, 8.0, 14.0, 14.0)",1131213599.9999998,3,-20.31295733671057,3.0,3.0,1.5072827104660318e-09,2.652019035131827e-09,2.652019028098622e-09
2391,"(1.0, 2.0, 7.0, 8.0, 9.0, 11.0, 14.0)",3959247599.999999,2,-21.04348416638321,3.0,5.0,7.259905146690788e-10,7.577197243233792e-10,1.2628662066314927e-09
2392,"(1.0, 2.0, 7.0, 8.0, 9.0, 13.0, 14.0)",4524854399.999999,1,-21.038725523571333,1.0,1.0,7.294534771792225e-10,2.210015862609856e-10,2.210015862121439e-10
2393,"(1.0, 2.0, 7.0, 8.0, 9.0, 14.0, 14.0)",2262427199.9999995,2,-20.94838275719507,2.0,2.0,7.984228615023049e-10,8.840063450439424e-10,8.840063442624752e-10
2394,"(1.0, 2.0, 7.0, 8.0, 11.0, 11.0, 14.0)",1979623799.9999995,3,-20.67270963665901,3.0,3.0,1.051855976302077e-09,1.5154394486467585e-09,1.5154394463502017e-09
2395,"(1.0, 2.0, 7.0, 8.0, 11.0, 12.0, 14.0)",4524854399.999999,2,-20.790778113642503,3.0,5.0,9.347162453183125e-10,6.630047587829568e-10,1.1050079308653527e-09
2396,"(1.0, 2.0, 7.0, 8.0, 11.0, 13.0, 14.0)",4524854399.999999,3,-20.667950993847143,3.0,3.0,1.056873311568034e-09,6.630047587829568e-10,6.630047583433814e-10
2397,"(1.0, 2.0, 7.0, 8.0, 11.0, 14.0, 14.0)",2262427199.9999995,7,-20.577608227470883,8.0,10.0,1.1568000428631024e-09,3.5360253801757696e-09,4.420031712716237e-09
2398,"(1.0, 2.0, 7.0, 8.0, 12.0, 12.0, 14.0)",2365264799.9999995,2,-20.908846590625984,2.0,2.0,8.306217571093224e-10,8.455712865637709e-10,8.455712858487801e-10
2399,"(1.0, 2.0, 7.0, 8.0, 12.0, 13.0, 14.0)",4730529599.999999,3,-20.786019470830624,3.0,3.0,9.3917482604321e-10,6.341784649228282e-10,6.341784645206459e-10
2400,"(1.0, 2.0, 7.0, 8.0, 12.0, 14.0, 14.0)",2365264799.9999995,2,-20.695676704454364,2.0,2.0,1.0279732368403128e-09,8.455712865637709e-10,8.455712858487801e-10
2401,"(1.0, 2.0, 7.0, 8.0, 13.0, 13.0, 14.0)",2365264799.9999995,1,-20.663192351035267,3.0,9.0,1.0619145794385926e-09,1.2683569298456565e-09,3.8050707879282405e-09
2402,"(1.0, 2.0, 7.0, 8.0, 13.0, 14.0, 14.0)",2365264799.9999995,2,-20.572849584659004,2.0,2.0,1.162317959556541e-09,8.455712865637709e-10,8.455712858487801e-10
2403,"(1.0, 2.0, 7.0, 8.0, 14.0, 14.0, 14.0)",788421599.9999999,3,-20.482506818282744,3.0,3.0,1.272214418434585e-09,3.8050707895369695e-09,3.805070775058405e-09
2404,"(1.0, 2.0, 7.0, 9.0, 9.0, 9.0, 14.0)",659874599.9999998,1,-22.04968411659189,1.0,1.0,2.654262433696084e-10,1.5154394486467585e-09,1.5154394463502017e-09
2405,"(1.0, 2.0, 7.0, 9.0, 9.0, 14.0, 14.0)",1131213599.9999998,3,-21.58380817767957,3.0,3.0,4.2293264650559734e-10,2.652019035131827e-09,2.652019028098622e-09
2406,"(1.0, 2.0, 7.0, 9.0, 11.0, 11.0, 14.0)",1979623799.9999995,2,-21.30813505714352,3.0,5.0,5.57178724771369e-10,1.5154394486467585e-09,2.5257324121147074e-09
2407,"(1.0, 2.0, 7.0, 9.0, 11.0, 12.0, 14.0)",4524854399.999999,4,-21.426203534127,4.0,4.0,4.951286272294544e-10,8.840063450439424e-10,8.840063442624752e-10
2408,"(1.0, 2.0, 7.0, 9.0, 11.0, 13.0, 14.0)",4524854399.999999,3,-21.30337641433164,3.0,3.0,5.598364578909455e-10,6.630047587829568e-10,6.630047583433814e-10
2409,"(1.0, 2.0, 7.0, 9.0, 11.0, 14.0, 14.0)",2262427199.9999995,7,-21.213033647955378,7.0,7.0,6.12768655803914e-10,3.0940222076537983e-09,3.094022198080825e-09
2410,"(1.0, 2.0, 7.0, 9.0, 12.0, 13.0, 14.0)",4730529599.999999,3,-21.42144489131512,4.0,6.0,4.974903824303177e-10,8.455712865637709e-10,1.2683569291306658e-09
2411,"(1.0, 2.0, 7.0, 9.0, 12.0, 14.0, 14.0)",2365264799.9999995,1,-21.33110212493886,1.0,1.0,5.445277966812641e-10,4.2278564328188547e-10,4.227856431031378e-10
2412,"(1.0, 2.0, 7.0, 9.0, 13.0, 14.0, 14.0)",2365264799.9999995,2,-21.208275005143506,2.0,2.0,6.156915519569111e-10,8.455712865637709e-10,8.455712858487801e-10
2413,"(1.0, 2.0, 7.0, 9.0, 14.0, 14.0, 14.0)",788421599.9999999,2,-21.11793223876724,2.0,2.0,6.739048151736411e-10,2.5367138596913126e-09,2.5367138532563954e-09
2414,"(1.0, 2.0, 7.0, 11.0, 11.0, 11.0, 14.0)",659874599.9999998,1,-20.93736052741933,1.0,1.0,8.072719404416376e-10,1.5154394486467585e-09,1.5154394463502017e-09
2415,"(1.0, 2.0, 7.0, 11.0, 11.0, 14.0, 14.0)",1131213599.9999998,2,-20.84225911823119,2.0,2.0,8.878137657097724e-10,1.7680126900878848e-09,1.768012686962016e-09
2416,"(1.0, 2.0, 7.0, 11.0, 12.0, 13.0, 14.0)",4730529599.999999,2,-21.05067036159093,2.0,2.0,7.207921058729746e-10,4.2278564328188547e-10,4.227856431031378e-10
2417,"(1.0, 2.0, 7.0, 11.0, 12.0, 14.0, 14.0)",2365264799.9999995,2,-20.96032759521467,2.0,2.0,7.889425627865975e-10,8.455712865637709e-10,8.455712858487801e-10
2418,"(1.0, 2.0, 7.0, 11.0, 13.0, 13.0, 14.0)",2365264799.9999995,2,-20.92784324179558,3.0,5.0,8.149916551697892e-10,1.2683569298456565e-09,2.113928214800698e-09
2419,"(1.0, 2.0, 7.0, 11.0, 13.0, 14.0, 14.0)",2365264799.9999995,6,-20.837500475419315,6.0,6.0,8.920486223980088e-10,2.536713859691313e-09,2.536713853256396e-09
2420,"(1.0, 2.0, 7.0, 11.0, 14.0, 14.0, 14.0)",788421599.9999999,2,-20.74715770904305,2.0,2.0,9.763912791921834e-10,2.5367138596913126e-09,2.5367138532563954e-09
2421,"(1.0, 2.0, 7.0, 12.0, 12.0, 13.0, 14.0)",2262427199.999999,1,-21.168738838574416,2.0,4.0,6.405212367811697e-10,8.840063450439426e-10,1.768012689306418e-09
2422,"(1.0, 2.0, 7.0, 12.0, 12.0, 14.0, 14.0)",1131213599.9999995,1,-21.07839607219816,1.0,1.0,7.010821316547971e-10,8.840063450439426e-10,8.840063442624754e-10
2423,"(1.0, 2.0, 7.0, 12.0, 13.0, 14.0, 14.0)",2262427199.999999,1,-20.9555689524028,1.0,1.0,7.927058055044862e-10,4.420031725219713e-10,4.420031723266045e-10
2424,"(1.0, 2.0, 7.0, 12.0, 14.0, 14.0, 14.0)",754142399.9999996,1,-20.865226186026533,1.0,1.0,8.67655659148884e-10,1.326009517565914e-09,1.3260095158076127e-09
2425,"(1.0, 2.0, 7.0, 13.0, 13.0, 14.0, 14.0)",1131213599.9999995,2,-20.83274183260744,2.0,2.0,8.963036792812214e-10,1.7680126900878852e-09,1.7680126869620164e-09
2426,"(1.0, 2.0, 7.0, 13.0, 14.0, 14.0, 14.0)",754142399.9999996,1,-20.742399066231176,1.0,1.0,9.810486491257493e-10,1.326009517565914e-09,1.3260095158076127e-09
2427,"(1.0, 2.0, 8.0, 8.0, 8.0, 8.0, 14.0)",122199000.0,1,-20.022295152424658,1.0,1.0,2.015708375068834e-09,8.183373022692493e-09,8.183372955724899e-09
2428,"(1.0, 2.0, 8.0, 8.0, 8.0, 11.0, 14.0)",488796000.0,1,-20.28694604318497,1.0,1.0,1.5470034377016036e-09,2.0458432556731234e-09,2.0458432514876486e-09
2429,"(1.0, 2.0, 8.0, 8.0, 9.0, 11.0, 14.0)",1466387999.9999998,1,-20.922371463669464,1.0,1.0,8.194633315350147e-10,6.819477518910412e-10,6.819477514259885e-10
2430,"(1.0, 2.0, 8.0, 8.0, 9.0, 14.0, 14.0)",879832799.9999999,3,-20.82727005448133,3.0,3.0,9.012214964800601e-10,3.409738759455206e-09,3.4097387478288877e-09
2431,"(1.0, 2.0, 8.0, 8.0, 11.0, 11.0, 14.0)",733193999.9999999,2,-20.55159693394528,2.0,2.0,1.1872846617402446e-09,2.7277910075641647e-09,2.727791000123321e-09
2432,"(1.0, 2.0, 8.0, 8.0, 11.0, 12.0, 14.0)",1759665599.9999998,1,-20.66966541092876,1.0,1.0,1.0550629422170681e-09,5.682897932425344e-10,5.68289792919581e-10
2433,"(1.0, 2.0, 8.0, 8.0, 11.0, 13.0, 14.0)",1759665599.9999998,2,-20.5468382911334,2.0,2.0,1.1929479895515625e-09,1.1365795864850687e-09,1.1365795851932556e-09
2434,"(1.0, 2.0, 8.0, 8.0, 11.0, 14.0, 14.0)",879832799.9999999,2,-20.456495524757138,2.0,2.0,1.3057404992082341e-09,2.2731591729701374e-09,2.273159167802885e-09
2435,"(1.0, 2.0, 8.0, 8.0, 12.0, 13.0, 14.0)",1927252800.0,1,-20.66490676811688,1.0,1.0,1.0600955746563645e-09,5.188732894823139e-10,5.188732892130844e-10
2436,"(1.0, 2.0, 8.0, 8.0, 12.0, 14.0, 14.0)",963626400.0,4,-20.57456400174062,4.0,4.0,1.160326968974205e-09,4.1509863158585115e-09,4.150986298627824e-09
2437,"(1.0, 2.0, 8.0, 8.0, 13.0, 13.0, 14.0)",963626400.0,2,-20.54207964832153,2.0,2.0,1.1986383313410119e-09,2.0754931579292558e-09,2.075493153621584e-09
2438,"(1.0, 2.0, 8.0, 8.0, 13.0, 14.0, 14.0)",963626400.0,2,-20.451736881945266,2.0,2.0,1.3119688593663448e-09,2.0754931579292558e-09,2.075493153621584e-09
2439,"(1.0, 2.0, 8.0, 8.0, 14.0, 14.0, 14.0)",321208800.00000006,2,-20.361394115569,4.0,10.0,1.436014720154428e-09,1.245295894757553e-08,3.113239721386264e-08
2440,"(1.0, 2.0, 8.0, 9.0, 9.0, 12.0, 14.0)",1759665599.9999998,1,-21.675865361137447,1.0,1.0,3.8573698638309367e-10,5.682897932425344e-10,5.68289792919581e-10
2441,"(1.0, 2.0, 8.0, 9.0, 9.0, 13.0, 14.0)",1759665599.9999998,1,-21.553038241342087,2.0,4.0,4.36148540516852e-10,1.1365795864850687e-09,2.273159171678324e-09
2442,"(1.0, 2.0, 8.0, 9.0, 9.0, 14.0, 14.0)",879832799.9999999,2,-21.462695474965827,2.0,2.0,4.773861207792412e-10,2.2731591729701374e-09,2.273159167802885e-09
2443,"(1.0, 2.0, 8.0, 9.0, 11.0, 11.0, 14.0)",1466387999.9999998,1,-21.18702235442977,1.0,1.0,6.289166660389503e-10,6.819477518910412e-10,6.819477514259885e-10
2444,"(1.0, 2.0, 8.0, 9.0, 11.0, 12.0, 14.0)",3519331199.9999995,3,-21.305090831413256,3.0,3.0,5.588774869775695e-10,8.524346898638015e-10,8.524346891371567e-10
2445,"(1.0, 2.0, 8.0, 9.0, 11.0, 13.0, 14.0)",3519331199.9999995,4,-21.1822637116179,4.0,4.0,6.319165879284099e-10,1.1365795864850687e-09,1.1365795851932556e-09
2446,"(1.0, 2.0, 8.0, 9.0, 11.0, 14.0, 14.0)",1759665599.9999998,1,-21.09192094524164,1.0,1.0,6.916639184661949e-10,5.682897932425344e-10,5.68289792919581e-10
2447,"(1.0, 2.0, 8.0, 9.0, 12.0, 13.0, 14.0)",3854505600.000001,3,-21.30033218860138,4.0,6.0,5.615433231642158e-10,1.0377465789646275e-09,1.5566198673700233e-09
2448,"(1.0, 2.0, 8.0, 9.0, 12.0, 14.0, 14.0)",1927252800.0,2,-21.20998942222512,2.0,2.0,6.146369041546542e-10,1.0377465789646279e-09,1.0377465778877099e-09
2449,"(1.0, 2.0, 8.0, 9.0, 13.0, 13.0, 14.0)",1927252800.0,1,-21.177505068806024,1.0,1.0,6.349308193946867e-10,5.188732894823139e-10,5.188732892130844e-10
2450,"(1.0, 2.0, 8.0, 11.0, 11.0, 12.0, 14.0)",1759665599.9999998,1,-20.934316301689066,1.0,1.0,8.097332028724873e-10,5.682897932425344e-10,5.68289792919581e-10
2451,"(1.0, 2.0, 8.0, 11.0, 11.0, 14.0, 14.0)",879832799.9999999,3,-20.721146415517445,4.0,6.0,1.002121668990125e-09,4.546318345940275e-09,6.819477498241402e-09
2452,"(1.0, 2.0, 8.0, 11.0, 12.0, 12.0, 14.0)",1927252800.0,2,-21.052384778672547,3.0,5.0,7.195574262547033e-10,1.5566198684469417e-09,2.594366444988504e-09
2453,"(1.0, 2.0, 8.0, 11.0, 12.0, 13.0, 14.0)",3854505600.000001,1,-20.92955765887719,1.0,1.0,8.135956165929259e-10,2.5943664474115687e-10,2.594366446738495e-10
2454,"(1.0, 2.0, 8.0, 11.0, 12.0, 14.0, 14.0)",1927252800.0,3,-20.839214892500927,3.0,3.0,8.905205892195023e-10,1.5566198684469417e-09,1.5566198660238764e-09
2455,"(1.0, 2.0, 8.0, 11.0, 13.0, 14.0, 14.0)",1927252800.0,5,-20.71638777270557,6.0,8.0,1.0069017724490489e-09,3.1132397368938834e-09,4.15098630616625e-09
2456,"(1.0, 2.0, 8.0, 11.0, 14.0, 14.0, 14.0)",642417600.0000001,2,-20.626045006329303,2.0,2.0,1.1021037249960127e-09,3.1132397368938826e-09,3.113239727201621e-09
2457,"(1.0, 2.0, 8.0, 12.0, 12.0, 14.0, 14.0)",963626399.9999998,1,-20.957283369484408,1.0,1.0,7.913479414361051e-10,1.037746578964628e-09,1.03774657788771e-09
2458,"(1.0, 2.0, 8.0, 12.0, 13.0, 13.0, 14.0)",1927252799.9999995,1,-20.924799016065315,1.0,1.0,8.174764539616659e-10,5.18873289482314e-10,5.188732892130845e-10
2459,"(1.0, 2.0, 8.0, 12.0, 13.0, 14.0, 14.0)",1927252799.9999995,3,-20.83445624968905,4.0,6.0,8.947683574102258e-10,2.075493157929256e-09,3.1132397325862126e-09
2460,"(1.0, 2.0, 8.0, 12.0, 14.0, 14.0, 14.0)",642417599.9999999,1,-20.744113483312788,1.0,1.0,9.79368163502036e-10,1.556619868446942e-09,1.5566198660238766e-09
2461,"(1.0, 2.0, 8.0, 13.0, 13.0, 14.0, 14.0)",963626399.9999998,2,-20.71162912989369,2.0,2.0,1.0117046769208523e-09,2.075493157929256e-09,2.0754931536215845e-09
2462,"(1.0, 2.0, 8.0, 13.0, 14.0, 14.0, 14.0)",642417599.9999999,2,-20.621286363517434,2.0,2.0,1.1073607411757419e-09,3.113239736893884e-09,3.113239727201622e-09
2463,"(1.0, 2.0, 8.0, 14.0, 14.0, 14.0, 14.0)",160604399.99999997,1,-20.53094359714117,1.0,1.0,1.2120610283520801e-09,6.226479473787768e-09,6.2264794350187214e-09
2464,"(1.0, 2.0, 9.0, 9.0, 9.0, 11.0, 14.0)",488796000.0,2,-22.19322230463846,2.0,2.0,2.2993549459161532e-10,4.091686511346247e-09,4.0916864946043485e-09
2465,"(1.0, 2.0, 9.0, 9.0, 9.0, 13.0, 14.0)",586555199.9999999,1,-22.18846366182659,1.0,1.0,2.310322830226384e-10,1.704869379727603e-09,1.7048693768210234e-09
2466,"(1.0, 2.0, 9.0, 9.0, 11.0, 14.0, 14.0)",879832799.9999999,4,-21.72734636572613,6.0,10.0,3.663813570905586e-10,6.819477518910412e-09,1.1365795818345414e-08
2467,"(1.0, 2.0, 9.0, 9.0, 12.0, 14.0, 14.0)",963626400.0,1,-21.845414842709616,1.0,1.0,3.25579370341446e-10,1.0377465789646279e-09,1.0377465778877099e-09
2468,"(1.0, 2.0, 9.0, 9.0, 14.0, 14.0, 14.0)",321208800.00000006,2,-21.632244956538,3.0,5.0,4.0293536295399035e-10,9.339719210681649e-09,1.556619859723906e-08
2469,"(1.0, 2.0, 9.0, 11.0, 11.0, 12.0, 14.0)",1759665599.9999998,1,-21.569741722173564,1.0,1.0,4.289238484603765e-10,5.682897932425344e-10,5.68289792919581e-10
2470,"(1.0, 2.0, 9.0, 11.0, 11.0, 13.0, 14.0)",1759665599.9999998,2,-21.446914602378207,2.0,2.0,4.849794474027218e-10,1.1365795864850687e-09,1.1365795851932556e-09
2471,"(1.0, 2.0, 9.0, 11.0, 11.0, 14.0, 14.0)",879832799.9999999,1,-21.356571836001944,1.0,1.0,5.308339603266436e-10,1.1365795864850687e-09,1.1365795851932556e-09
2472,"(1.0, 2.0, 9.0, 11.0, 12.0, 12.0, 14.0)",1927252800.0,1,-21.68781019915705,1.0,1.0,3.8115682963541776e-10,5.188732894823139e-10,5.188732892130844e-10
2473,"(1.0, 2.0, 9.0, 11.0, 12.0, 14.0, 14.0)",1927252800.0,6,-21.47464031298543,7.0,9.0,4.717177422220386e-10,3.6321130263761973e-09,4.66985959214858e-09
2474,"(1.0, 2.0, 9.0, 11.0, 13.0, 13.0, 14.0)",1927252800.0,1,-21.44215595956633,1.0,1.0,4.872927911869895e-10,5.188732894823139e-10,5.188732892130844e-10
2475,"(1.0, 2.0, 9.0, 11.0, 13.0, 14.0, 14.0)",1927252800.0,5,-21.35181319319007,5.0,5.0,5.333660293641574e-10,2.5943664474115696e-09,2.5943664406808324e-09
2476,"(1.0, 2.0, 9.0, 12.0, 12.0, 13.0, 14.0)",1927252799.9999995,1,-21.68305155634517,1.0,1.0,3.829749412840463e-10,5.18873289482314e-10,5.188732892130845e-10
2477,"(1.0, 2.0, 9.0, 12.0, 12.0, 14.0, 14.0)",963626399.9999998,2,-21.59270878996891,2.0,2.0,4.1918498995455055e-10,2.075493157929256e-09,2.0754931536215845e-09
2478,"(1.0, 2.0, 9.0, 12.0, 13.0, 13.0, 14.0)",1927252799.9999995,2,-21.560224436549813,2.0,2.0,4.3302552669832383e-10,1.037746578964628e-09,1.03774657788771e-09
2479,"(1.0, 2.0, 9.0, 12.0, 13.0, 14.0, 14.0)",1927252799.9999995,2,-21.46988167017355,2.0,2.0,4.739678278962714e-10,1.037746578964628e-09,1.03774657788771e-09
2480,"(1.0, 2.0, 9.0, 12.0, 14.0, 14.0, 14.0)",642417599.9999999,1,-21.37953890379729,1.0,1.0,5.187811988673191e-10,1.556619868446942e-09,1.5566198660238766e-09
2481,"(1.0, 2.0, 11.0, 11.0, 12.0, 14.0, 14.0)",963626400.0,2,-21.103865783261234,2.0,2.0,6.834512521284672e-10,2.0754931579292558e-09,2.075493153621584e-09
2482,"(1.0, 2.0, 11.0, 11.0, 13.0, 14.0, 14.0)",963626400.0,1,-20.98103866346588,3.0,9.0,7.727707651923227e-10,3.1132397368938834e-09,9.339719200989388e-09
2483,"(1.0, 2.0, 11.0, 12.0, 12.0, 13.0, 14.0)",1927252799.9999995,2,-21.312277026620983,2.0,2.0,5.548756803622662e-10,1.037746578964628e-09,1.03774657788771e-09
2484,"(1.0, 2.0, 11.0, 12.0, 13.0, 14.0, 14.0)",1927252799.9999995,1,-21.09910714044936,1.0,1.0,6.867113030737753e-10,5.18873289482314e-10,5.188732892130845e-10
2485,"(1.0, 2.0, 11.0, 13.0, 13.0, 14.0, 14.0)",963626399.9999998,2,-20.976280020654,2.0,2.0,7.764568687084546e-10,2.075493157929256e-09,2.0754931536215845e-09
2486,"(1.0, 2.0, 11.0, 13.0, 14.0, 14.0, 14.0)",642417599.9999999,2,-20.885937254277746,2.0,2.0,8.498703952233012e-10,3.113239736893884e-09,3.113239727201622e-09
2487,"(1.0, 2.0, 12.0, 12.0, 13.0, 14.0, 14.0)",879832799.9999999,2,-21.217175617432844,2.0,2.0,6.102358357874949e-10,2.2731591729701374e-09,2.273159167802885e-09
2488,"(1.0, 3.0, 3.0, 3.0, 3.0, 7.0, 14.0)",143450999.99999994,1,-20.281846596263136,1.0,1.0,1.554912448270801e-09,6.97102146377509e-09,6.97102141517995e-09
2489,"(1.0, 3.0, 3.0, 3.0, 3.0, 14.0, 14.0)",63755999.99999999,1,-20.330283375121567,1.0,1.0,1.4813924081819043e-09,1.5684798293493948e-08,1.568479804748105e-08
2490,"(1.0, 3.0, 3.0, 3.0, 4.0, 7.0, 14.0)",745945200.0,2,-20.52045441002547,3.0,5.0,1.224841474340394e-09,4.021743152177935e-09,6.702905237455473e-09
2491,"(1.0, 3.0, 3.0, 3.0, 4.0, 9.0, 14.0)",659874599.9999998,1,-21.034767127796226,1.0,1.0,7.323466651552023e-10,1.5154394486467585e-09,1.5154394463502017e-09
2492,"(1.0, 3.0, 3.0, 3.0, 4.0, 11.0, 14.0)",659874599.9999998,2,-20.663992598072035,2.0,2.0,1.0610651253749771e-09,3.030878897293517e-09,3.03087888810729e-09
2493,"(1.0, 3.0, 3.0, 3.0, 4.0, 13.0, 14.0)",688564799.9999996,2,-20.65923395526016,2.0,2.0,1.0661263881266942e-09,2.9045922765729543e-09,2.904592268136298e-09
2494,"(1.0, 3.0, 3.0, 3.0, 4.0, 14.0, 14.0)",344282399.9999998,1,-20.568891188883896,1.0,1.0,1.1669279922043505e-09,2.9045922765729543e-09,2.904592268136298e-09
2495,"(1.0, 3.0, 3.0, 3.0, 6.0, 7.0, 12.0)",745945200.0,1,-20.716944067095024,1.0,1.0,1.0063417944130644e-09,1.3405810507259782e-09,1.3405810489288206e-09
2496,"(1.0, 3.0, 3.0, 3.0, 6.0, 7.0, 14.0)",745945200.0,2,-20.503774180923404,2.0,2.0,1.2454434559608238e-09,2.6811621014519565e-09,2.6811620942633264e-09
2497,"(1.0, 3.0, 3.0, 3.0, 6.0, 8.0, 14.0)",659874599.9999998,2,-20.382661478209663,2.0,2.0,1.4057969395445112e-09,3.030878897293517e-09,3.03087888810729e-09
2498,"(1.0, 3.0, 3.0, 3.0, 6.0, 13.0, 14.0)",688564799.9999996,1,-20.64255372615809,2.0,4.0,1.0840587628163042e-09,2.9045922765729543e-09,5.809184544709252e-09
2499,"(1.0, 3.0, 3.0, 3.0, 6.0, 14.0, 14.0)",344282399.9999998,1,-20.55221095978183,1.0,1.0,1.1865558620564112e-09,2.9045922765729543e-09,2.904592268136298e-09
2500,"(1.0, 3.0, 3.0, 3.0, 7.0, 8.0, 14.0)",659874599.9999998,1,-20.16340804513238,1.0,1.0,1.7504235580368446e-09,1.5154394486467585e-09,1.5154394463502017e-09
2501,"(1.0, 3.0, 3.0, 3.0, 7.0, 11.0, 14.0)",659874599.9999998,1,-20.42805893589269,2.0,4.0,1.3434042816954605e-09,3.030878897293517e-09,6.061757785400807e-09
2502,"(1.0, 3.0, 3.0, 3.0, 7.0, 12.0, 14.0)",688564799.9999996,3,-20.546127412876167,4.0,6.0,1.1937963318376627e-09,5.809184553145909e-09,8.713776795972239e-09
2503,"(1.0, 3.0, 3.0, 3.0, 7.0, 14.0, 14.0)",344282399.9999998,2,-20.33295752670455,3.0,5.0,1.477436232392999e-09,8.713776829718863e-09,1.4522961306934865e-08
2504,"(1.0, 3.0, 3.0, 3.0, 8.0, 8.0, 14.0)",268837800.0,1,-20.04229534241864,1.0,1.0,1.9757942996267227e-09,3.71971501031477e-09,3.71971499647849e-09
2505,"(1.0, 3.0, 3.0, 3.0, 8.0, 9.0, 14.0)",537675600.0,2,-20.67772076290313,2.0,2.0,1.0465981779623639e-09,3.71971501031477e-09,3.71971499647849e-09
2506,"(1.0, 3.0, 3.0, 3.0, 8.0, 11.0, 14.0)",537675600.0,2,-20.306946233178945,2.0,2.0,1.5163704291348277e-09,3.71971501031477e-09,3.71971499647849e-09
2507,"(1.0, 3.0, 3.0, 3.0, 8.0, 14.0, 14.0)",293277599.99999994,5,-20.21184482399081,5.0,5.0,1.6676592774482277e-09,1.7048693797276032e-08,1.7048693506618073e-08
2508,"(1.0, 3.0, 3.0, 3.0, 9.0, 12.0, 14.0)",586555199.9999999,2,-21.060440130646924,3.0,5.0,7.137844209322209e-10,5.114608139182809e-09,8.5243468724788e-09
2509,"(1.0, 3.0, 3.0, 3.0, 9.0, 14.0, 14.0)",293277599.99999994,1,-20.847270244475304,1.0,1.0,8.833759473691593e-10,3.409738759455206e-09,3.4097387478288877e-09
2510,"(1.0, 3.0, 3.0, 3.0, 11.0, 14.0, 14.0)",293277599.99999994,3,-20.47649571475112,3.0,3.0,1.2798848618363658e-09,1.0229216278365618e-08,1.0229216173728753e-08
2511,"(1.0, 3.0, 3.0, 3.0, 12.0, 14.0, 14.0)",293277599.99999994,3,-20.5945641917346,3.0,3.0,1.1373507395007473e-09,1.0229216278365618e-08,1.0229216173728753e-08
2512,"(1.0, 3.0, 3.0, 3.0, 14.0, 14.0, 14.0)",97759200.0,1,-20.38139430556297,1.0,1.0,1.4075794561127045e-09,1.0229216278365617e-08,1.0229216173728752e-08
2513,"(1.0, 3.0, 3.0, 4.0, 4.0, 4.0, 14.0)",444015000.0,1,-20.994995885967143,1.0,1.0,7.620599521556818e-10,2.2521761652196435e-09,2.252176160147346e-09
2514,"(1.0, 3.0, 3.0, 4.0, 4.0, 8.0, 14.0)",1225481400.0,1,-20.63794952107405,1.0,1.0,1.0890614996590416e-09,8.16005856963639e-10,8.160058562977734e-10
2515,"(1.0, 3.0, 3.0, 4.0, 4.0, 9.0, 14.0)",1225481400.0,1,-21.27337494155855,1.0,1.0,5.768868659290286e-10,8.16005856963639e-10,8.160058562977734e-10
2516,"(1.0, 3.0, 3.0, 4.0, 4.0, 11.0, 14.0)",1225481400.0,1,-20.902600411834364,1.0,1.0,8.358262061512057e-10,8.16005856963639e-10,8.160058562977734e-10
2517,"(1.0, 3.0, 3.0, 4.0, 4.0, 12.0, 13.0)",1278763200.0,1,-21.111011655194105,1.0,1.0,6.785848052197138e-10,7.820056129234873e-10,7.820056123119546e-10
2518,"(1.0, 3.0, 3.0, 4.0, 4.0, 12.0, 14.0)",1278763200.0,2,-21.020668888817845,2.0,2.0,7.427445874281432e-10,1.5640112258469747e-09,1.5640112234008436e-09
2519,"(1.0, 3.0, 3.0, 4.0, 4.0, 13.0, 14.0)",1278763200.0,1,-20.897841769022484,1.0,1.0,8.398130830571922e-10,7.820056129234873e-10,7.820056123119546e-10
2520,"(1.0, 3.0, 3.0, 4.0, 4.0, 14.0, 14.0)",639381600.0,1,-20.807499002646225,1.0,1.0,9.192169012539364e-10,1.5640112258469747e-09,1.5640112234008436e-09
2521,"(1.0, 3.0, 3.0, 4.0, 6.0, 7.0, 14.0)",2664089999.9999995,5,-20.742381994685733,6.0,8.0,9.810653972853028e-10,2.252176165219644e-09,3.0029015485538944e-09
2522,"(1.0, 3.0, 3.0, 4.0, 6.0, 9.0, 14.0)",2450962800.0,1,-21.256694712456486,1.0,1.0,5.865901727307007e-10,4.080029284818195e-10,4.080029283153531e-10
2523,"(1.0, 3.0, 3.0, 4.0, 6.0, 11.0, 14.0)",2450962800.0,3,-20.8859201827323,5.0,11.0,8.498849039482199e-10,2.0400146424090972e-09,4.4880322091383545e-09
2524,"(1.0, 3.0, 3.0, 4.0, 6.0, 12.0, 14.0)",2557526400.0,3,-21.00398865971578,3.0,3.0,7.55237641149327e-10,1.173008419385231e-09,1.1730084180092822e-09
2525,"(1.0, 3.0, 3.0, 4.0, 6.0, 13.0, 14.0)",2557526400.0,4,-20.881161539920424,5.0,7.0,8.53938840605576e-10,1.9550140323087184e-09,2.7370196414101256e-09
2526,"(1.0, 3.0, 3.0, 4.0, 6.0, 14.0, 14.0)",1278763200.0,1,-20.79081877354416,1.0,1.0,9.346782406203395e-10,7.820056129234873e-10,7.820056123119546e-10
2527,"(1.0, 3.0, 3.0, 4.0, 7.0, 7.0, 14.0)",1332044999.9999998,1,-20.52312856160845,2.0,4.0,1.2215704381454849e-09,1.501450776813096e-09,3.0029015513718374e-09
2528,"(1.0, 3.0, 3.0, 4.0, 7.0, 8.0, 14.0)",2450962800.0,2,-20.402015858894707,2.0,2.0,1.378850220107454e-09,8.16005856963639e-10,8.160058562977734e-10
2529,"(1.0, 3.0, 3.0, 4.0, 7.0, 9.0, 14.0)",2450962800.0,2,-21.037441279379205,3.0,5.0,7.303908753659697e-10,1.2240087854454583e-09,2.0400146409109e-09
2530,"(1.0, 3.0, 3.0, 4.0, 7.0, 11.0, 14.0)",2450962800.0,2,-20.66666674965501,2.0,2.0,1.0582314668951142e-09,8.16005856963639e-10,8.160058562977734e-10
2531,"(1.0, 3.0, 3.0, 4.0, 7.0, 12.0, 13.0)",2557526400.0,1,-20.87507799301476,2.0,4.0,8.591496516328175e-10,7.820056129234873e-10,1.564011225235442e-09
2532,"(1.0, 3.0, 3.0, 4.0, 7.0, 12.0, 14.0)",2557526400.0,2,-20.784735226638496,2.0,2.0,9.403817306732023e-10,7.820056129234873e-10,7.820056123119546e-10
2533,"(1.0, 3.0, 3.0, 4.0, 7.0, 13.0, 14.0)",2557526400.0,4,-20.661908106843143,5.0,7.0,1.0632792131436681e-09,1.9550140323087184e-09,2.7370196414101256e-09
2534,"(1.0, 3.0, 3.0, 4.0, 7.0, 14.0, 14.0)",1278763200.0,6,-20.57156534046688,7.0,9.0,1.1638116185516592e-09,5.474039290464411e-09,7.038050486346279e-09
2535,"(1.0, 3.0, 3.0, 4.0, 8.0, 8.0, 12.0)",1036945800.0,1,-20.494073042352586,3.0,9.0,1.2575844711265997e-09,2.8931116746892653e-09,8.679335015697701e-09
2536,"(1.0, 3.0, 3.0, 4.0, 8.0, 8.0, 14.0)",1036945800.0,3,-20.280903156180965,3.0,3.0,1.5563801072140425e-09,2.8931116746892653e-09,2.8931116663191703e-09
2537,"(1.0, 3.0, 3.0, 4.0, 8.0, 9.0, 14.0)",2073891600.0,2,-20.916328576665464,2.0,2.0,8.244302479943455e-10,9.643705582297552e-10,9.643705572997446e-10
2538,"(1.0, 3.0, 3.0, 4.0, 8.0, 11.0, 14.0)",2073891600.0,5,-20.54555404694128,5.0,5.0,1.1944810102544144e-09,2.410926395574388e-09,2.410926389761822e-09
2539,"(1.0, 3.0, 3.0, 4.0, 8.0, 12.0, 14.0)",2262427199.9999995,1,-20.663622523924754,2.0,4.0,1.0614578708144437e-09,8.840063450439424e-10,1.7680126893064175e-09
2540,"(1.0, 3.0, 3.0, 4.0, 8.0, 14.0, 14.0)",1131213599.9999998,4,-20.45045263775313,5.0,7.0,1.313654830121603e-09,4.420031725219712e-09,6.1880443957709165e-09
2541,"(1.0, 3.0, 3.0, 4.0, 9.0, 11.0, 14.0)",2073891600.0,1,-21.18097946742577,1.0,1.0,6.327286444642019e-10,4.821852791148776e-10,4.821852788823749e-10
2542,"(1.0, 3.0, 3.0, 4.0, 9.0, 13.0, 14.0)",2262427199.9999995,2,-21.176220824613896,4.0,10.0,6.35746749426458e-10,1.7680126900878848e-09,4.420031722093843e-09
2543,"(1.0, 3.0, 3.0, 4.0, 9.0, 14.0, 14.0)",1131213599.9999998,5,-21.08587805823764,5.0,5.0,6.958562194133524e-10,4.420031725219712e-09,4.420031705683032e-09
2544,"(1.0, 3.0, 3.0, 4.0, 11.0, 13.0, 14.0)",2262427199.9999995,2,-20.805446294889705,2.0,2.0,9.211057228532079e-10,8.840063450439424e-10,8.840063442624752e-10
2545,"(1.0, 3.0, 3.0, 4.0, 11.0, 14.0, 14.0)",1131213599.9999998,7,-20.715103528513445,8.0,10.0,1.0081957108909815e-09,7.072050760351539e-09,8.840063400425522e-09
2546,"(1.0, 3.0, 3.0, 4.0, 12.0, 12.0, 14.0)",1131213599.9999998,1,-21.046341891668547,1.0,1.0,7.239187948313832e-10,8.840063450439424e-10,8.840063442624752e-10
2547,"(1.0, 3.0, 3.0, 4.0, 12.0, 13.0, 14.0)",2262427199.9999995,2,-20.923514771873187,2.0,2.0,8.185269677636091e-10,8.840063450439424e-10,8.840063442624752e-10
2548,"(1.0, 3.0, 3.0, 4.0, 12.0, 14.0, 14.0)",1131213599.9999998,2,-20.833172005496927,2.0,2.0,8.959181966556787e-10,1.7680126900878848e-09,1.768012686962016e-09
2549,"(1.0, 3.0, 3.0, 4.0, 13.0, 13.0, 14.0)",1131213599.9999998,1,-20.80068765207783,1.0,1.0,9.254993816155039e-10,8.840063450439424e-10,8.840063442624752e-10
2550,"(1.0, 3.0, 3.0, 4.0, 13.0, 14.0, 14.0)",1131213599.9999998,5,-20.710344885701566,5.0,5.0,1.0130047874273289e-09,4.420031725219712e-09,4.420031705683032e-09
2551,"(1.0, 3.0, 3.0, 6.0, 6.0, 8.0, 14.0)",1225481400.0,2,-20.604589062869927,3.0,5.0,1.1260059051637021e-09,2.4480175708909167e-09,4.080029278825404e-09
2552,"(1.0, 3.0, 3.0, 6.0, 6.0, 12.0, 14.0)",1278763200.0,1,-20.98730843061372,1.0,1.0,7.679408295438833e-10,7.820056129234873e-10,7.820056123119546e-10
2553,"(1.0, 3.0, 3.0, 6.0, 7.0, 7.0, 14.0)",1332044999.9999998,5,-20.506448332506388,6.0,8.0,1.2421174005418075e-09,4.504352330439288e-09,6.005803086963194e-09
2554,"(1.0, 3.0, 3.0, 6.0, 7.0, 8.0, 14.0)",2450962800.0,2,-20.38533562979264,2.0,2.0,1.4020426474436395e-09,8.16005856963639e-10,8.160058562977734e-10
2555,"(1.0, 3.0, 3.0, 6.0, 7.0, 9.0, 14.0)",2450962800.0,1,-21.020761050277144,2.0,4.0,7.426761381573197e-10,8.16005856963639e-10,1.6320117132614125e-09
2556,"(1.0, 3.0, 3.0, 6.0, 7.0, 13.0, 14.0)",2557526400.0,1,-20.64522787774108,1.0,1.0,1.081163698005979e-09,3.9100280646174367e-10,3.910028063088605e-10
2557,"(1.0, 3.0, 3.0, 6.0, 7.0, 14.0, 14.0)",1278763200.0,3,-20.55488511136481,3.0,3.0,1.1833870706222722e-09,2.346016838770462e-09,2.346016833266667e-09
2558,"(1.0, 3.0, 3.0, 6.0, 8.0, 8.0, 14.0)",1036945800.0,1,-20.2642229270789,1.0,1.0,1.5825586087058327e-09,9.643705582297552e-10,9.643705572997446e-10
2559,"(1.0, 3.0, 3.0, 6.0, 8.0, 11.0, 14.0)",2073891600.0,1,-20.52887381783921,1.0,1.0,1.2145723251998665e-09,4.821852791148776e-10,4.821852788823749e-10
2560,"(1.0, 3.0, 3.0, 6.0, 8.0, 12.0, 14.0)",2262427199.9999995,1,-20.646942294822693,1.0,1.0,1.079311720478664e-09,4.420031725219712e-10,4.420031723266044e-10
2561,"(1.0, 3.0, 3.0, 6.0, 8.0, 13.0, 14.0)",2262427199.9999995,4,-20.524115175027333,5.0,7.0,1.2203658147056385e-09,2.210015862609856e-09,3.094022202769628e-09
2562,"(1.0, 3.0, 3.0, 6.0, 8.0, 14.0, 14.0)",1131213599.9999998,8,-20.43377240865108,9.0,11.0,1.3357506631193433e-09,7.956057105395481e-09,9.724069732184521e-09
2563,"(1.0, 3.0, 3.0, 6.0, 9.0, 13.0, 13.0)",1131213599.9999998,1,-21.24988336188809,1.0,1.0,5.905992822623488e-10,8.840063450439424e-10,8.840063442624752e-10
2564,"(1.0, 3.0, 3.0, 6.0, 9.0, 13.0, 14.0)",2262427199.9999995,1,-21.15954059551183,1.0,1.0,6.464400865817707e-10,4.420031725219712e-10,4.420031723266044e-10
2565,"(1.0, 3.0, 3.0, 6.0, 9.0, 14.0, 14.0)",1131213599.9999998,1,-21.069197829135568,1.0,1.0,7.075606051180757e-10,8.840063450439424e-10,8.840063442624752e-10
2566,"(1.0, 3.0, 3.0, 6.0, 11.0, 12.0, 14.0)",2262427199.9999995,2,-20.911593185583,2.0,2.0,8.283435057291524e-10,8.840063450439424e-10,8.840063442624752e-10
2567,"(1.0, 3.0, 3.0, 6.0, 11.0, 13.0, 14.0)",2262427199.9999995,4,-20.78876606578764,4.0,4.0,9.365988324271748e-10,1.7680126900878848e-09,1.768012686962016e-09
2568,"(1.0, 3.0, 3.0, 6.0, 11.0, 14.0, 14.0)",1131213599.9999998,6,-20.69842329941138,8.0,12.0,1.025153684588564e-09,7.072050760351539e-09,1.0608076090513406e-08
2569,"(1.0, 3.0, 3.0, 6.0, 12.0, 12.0, 14.0)",1131213599.9999998,1,-21.029661662566483,1.0,1.0,7.360951964459935e-10,8.840063450439424e-10,8.840063442624752e-10
2570,"(1.0, 3.0, 3.0, 6.0, 12.0, 13.0, 14.0)",2262427199.9999995,1,-20.90683454277113,1.0,1.0,8.32294690280326e-10,4.420031725219712e-10,4.420031723266044e-10
2571,"(1.0, 3.0, 3.0, 6.0, 12.0, 14.0, 14.0)",1131213599.9999998,5,-20.816491776394862,9.0,19.0,9.109876489950919e-10,7.956057105395481e-09,1.679612049253606e-08
2572,"(1.0, 3.0, 3.0, 6.0, 13.0, 13.0, 14.0)",1131213599.9999998,2,-20.78400742297577,2.0,2.0,9.410663930608224e-10,1.7680126900878848e-09,1.768012686962016e-09
2573,"(1.0, 3.0, 3.0, 6.0, 13.0, 14.0, 14.0)",1131213599.9999998,3,-20.693664656599505,4.0,6.0,1.0300436503734257e-09,3.5360253801757696e-09,5.304038057760179e-09
2574,"(1.0, 3.0, 3.0, 6.0, 14.0, 14.0, 14.0)",377071200.0,4,-20.60332189022324,4.0,4.0,1.1274336534574795e-09,1.0608076140527306e-08,1.0608076027996026e-08
2575,"(1.0, 3.0, 3.0, 7.0, 7.0, 7.0, 14.0)",444015000.0,1,-20.287194899429107,1.0,1.0,1.5466185041349761e-09,2.2521761652196435e-09,2.252176160147346e-09
2576,"(1.0, 3.0, 3.0, 7.0, 7.0, 8.0, 14.0)",1225481400.0,2,-20.16608219671536,3.0,5.0,1.7457489132483418e-09,2.4480175708909167e-09,4.080029278825404e-09
2577,"(1.0, 3.0, 3.0, 7.0, 7.0, 12.0, 14.0)",1278763200.0,1,-20.54880156445916,1.0,1.0,1.190608204155332e-09,7.820056129234873e-10,7.820056123119546e-10
2578,"(1.0, 3.0, 3.0, 7.0, 7.0, 13.0, 14.0)",1278763200.0,2,-20.4259744446638,2.0,2.0,1.3462075167819524e-09,1.5640112258469747e-09,1.5640112234008436e-09
2579,"(1.0, 3.0, 3.0, 7.0, 7.0, 14.0, 14.0)",639381600.0,3,-20.33563167828753,3.0,3.0,1.4734906218849696e-09,4.692033677540924e-09,4.692033655525743e-09
2580,"(1.0, 3.0, 3.0, 7.0, 8.0, 8.0, 14.0)",1036945800.0,2,-20.04496949400162,3.0,5.0,1.970517784417884e-09,2.8931116746892653e-09,4.821852782778681e-09
2581,"(1.0, 3.0, 3.0, 7.0, 8.0, 9.0, 14.0)",2073891600.0,1,-20.68039491448612,1.0,1.0,1.0438031546116943e-09,4.821852791148776e-10,4.821852788823749e-10
2582,"(1.0, 3.0, 3.0, 7.0, 8.0, 11.0, 14.0)",2073891600.0,4,-20.309620384761928,5.0,7.0,1.5123208417698443e-09,2.410926395574388e-09,3.375296947991577e-09
2583,"(1.0, 3.0, 3.0, 7.0, 8.0, 12.0, 14.0)",2262427199.9999995,2,-20.42768886174541,2.0,2.0,1.3439015328936935e-09,8.840063450439424e-10,8.840063442624752e-10
2584,"(1.0, 3.0, 3.0, 7.0, 8.0, 13.0, 14.0)",2262427199.9999995,3,-20.30486174195005,4.0,6.0,1.5195345866777225e-09,1.7680126900878848e-09,2.652019032005958e-09
2585,"(1.0, 3.0, 3.0, 7.0, 8.0, 14.0, 14.0)",1131213599.9999998,9,-20.21451897557379,9.0,9.0,1.6632056612280172e-09,7.956057105395481e-09,7.956057042096636e-09
2586,"(1.0, 3.0, 3.0, 7.0, 9.0, 11.0, 14.0)",2073891600.0,1,-20.945045805246423,2.0,4.0,8.010916104929804e-10,9.643705582297552e-10,1.9287411155294996e-09
2587,"(1.0, 3.0, 3.0, 7.0, 9.0, 13.0, 13.0)",1131213599.9999998,1,-21.03062992881081,1.0,1.0,7.353828052624884e-10,8.840063450439424e-10,8.840063442624752e-10
2588,"(1.0, 3.0, 3.0, 7.0, 9.0, 14.0, 14.0)",1131213599.9999998,3,-20.849944396058287,4.0,6.0,8.810168219165234e-10,3.5360253801757696e-09,5.304038057760179e-09
2589,"(1.0, 3.0, 3.0, 7.0, 11.0, 11.0, 14.0)",1036945800.0,1,-20.57427127552224,1.0,1.0,1.1606666768181873e-09,9.643705582297552e-10,9.643705572997446e-10
2590,"(1.0, 3.0, 3.0, 7.0, 11.0, 12.0, 14.0)",2262427199.9999995,2,-20.69233975250572,3.0,5.0,1.0314092638762797e-09,1.3260095175659135e-09,2.2100158608515547e-09
2591,"(1.0, 3.0, 3.0, 7.0, 11.0, 14.0, 14.0)",1131213599.9999998,4,-20.479169866334097,4.0,4.0,1.2764668279143582e-09,3.5360253801757696e-09,3.536025367672294e-09
2592,"(1.0, 3.0, 3.0, 7.0, 12.0, 14.0, 14.0)",1131213599.9999998,3,-20.59723834331757,3.0,3.0,1.1343133542446658e-09,2.652019035131827e-09,2.652019028098622e-09
2593,"(1.0, 3.0, 3.0, 7.0, 13.0, 13.0, 14.0)",1131213599.9999998,1,-20.564753989898485,1.0,1.0,1.1717658061086338e-09,8.840063450439424e-10,8.840063442624752e-10
2594,"(1.0, 3.0, 3.0, 7.0, 13.0, 14.0, 14.0)",1131213599.9999998,6,-20.474411223522225,6.0,6.0,1.2825555531541379e-09,5.304038070263654e-09,5.304038042130834e-09
2595,"(1.0, 3.0, 3.0, 7.0, 14.0, 14.0, 14.0)",377071200.0,1,-20.38406845714596,1.0,1.0,1.4038204036600982e-09,2.6520190351318266e-09,2.6520190280986217e-09
2596,"(1.0, 3.0, 3.0, 8.0, 8.0, 13.0, 14.0)",921729600.0,2,-20.18374903923631,2.0,2.0,1.715177884037766e-09,2.169833756016949e-09,2.1698337513087706e-09
2597,"(1.0, 3.0, 3.0, 8.0, 8.0, 14.0, 14.0)",460864800.0,2,-20.093406272860047,2.0,2.0,1.8773469138216733e-09,4.339667512033898e-09,4.339667493201184e-09
2598,"(1.0, 3.0, 3.0, 8.0, 9.0, 9.0, 14.0)",806513399.9999999,1,-21.194707632256872,1.0,1.0,6.241017922503143e-10,1.2399050034382568e-09,1.2399050019008925e-09
2599,"(1.0, 3.0, 3.0, 8.0, 9.0, 11.0, 14.0)",1613026799.9999998,2,-20.823933102532685,2.0,2.0,9.042338525573624e-10,1.2399050034382568e-09,1.2399050019008925e-09
2600,"(1.0, 3.0, 3.0, 8.0, 9.0, 13.0, 14.0)",1843459200.0,5,-20.81917445972081,5.0,5.0,9.085470327829145e-10,2.712292195021186e-09,2.712292187664657e-09
2601,"(1.0, 3.0, 3.0, 8.0, 9.0, 14.0, 14.0)",921729600.0,3,-20.728831693344542,4.0,6.0,9.944496042833144e-10,4.339667512033898e-09,6.509501249218133e-09
2602,"(1.0, 3.0, 3.0, 8.0, 11.0, 12.0, 14.0)",1843459200.0,1,-20.57122704979197,1.0,1.0,1.164205391770717e-09,5.424584390042373e-10,5.424584387099761e-10
2603,"(1.0, 3.0, 3.0, 8.0, 11.0, 13.0, 14.0)",1843459200.0,2,-20.44839992999662,3.0,5.0,1.3163541490894414e-09,1.6273753170127117e-09,2.712292192372836e-09
2604,"(1.0, 3.0, 3.0, 8.0, 11.0, 14.0, 14.0)",921729600.0,5,-20.358057163620355,5.0,5.0,1.4408146363639817e-09,5.424584390042372e-09,5.4245843606162565e-09
2605,"(1.0, 3.0, 3.0, 8.0, 12.0, 14.0, 14.0)",963626400.0,5,-20.47612564060384,6.0,8.0,1.280358601789275e-09,6.226479473787767e-09,8.301972592947976e-09
2606,"(1.0, 3.0, 3.0, 8.0, 13.0, 14.0, 14.0)",963626400.0,1,-20.35329852080848,1.0,1.0,1.447687297878119e-09,1.0377465789646279e-09,1.0377465778877099e-09
2607,"(1.0, 3.0, 3.0, 8.0, 14.0, 14.0, 14.0)",321208799.99999994,3,-20.262955754432216,3.0,3.0,1.5845652548015719e-09,9.339719210681652e-09,9.339719123451298e-09
2608,"(1.0, 3.0, 3.0, 9.0, 9.0, 14.0, 14.0)",460864800.0,2,-21.364257113829044,2.0,2.0,5.26769990233766e-10,4.339667512033898e-09,4.339667493201184e-09
2609,"(1.0, 3.0, 3.0, 9.0, 11.0, 13.0, 14.0)",1843459200.0,2,-21.08382535048112,2.0,2.0,6.972860759090525e-10,1.0849168780084746e-09,1.0849168768314298e-09
2610,"(1.0, 3.0, 3.0, 9.0, 11.0, 14.0, 14.0)",921729600.0,3,-20.993482584104854,4.0,6.0,7.632140519308759e-10,4.339667512033898e-09,6.509501249218133e-09
2611,"(1.0, 3.0, 3.0, 9.0, 12.0, 13.0, 14.0)",1927252800.0,3,-21.2018938274646,3.0,3.0,6.196329511553602e-10,1.5566198684469417e-09,1.5566198660238764e-09
2612,"(1.0, 3.0, 3.0, 9.0, 12.0, 14.0, 14.0)",963626400.0,4,-21.11155106108833,4.0,4.0,6.782188712783808e-10,4.1509863158585115e-09,4.150986298627824e-09
2613,"(1.0, 3.0, 3.0, 9.0, 13.0, 14.0, 14.0)",963626400.0,1,-20.98872394129297,1.0,1.0,7.668545700859377e-10,1.0377465789646279e-09,1.0377465778877099e-09
2614,"(1.0, 3.0, 3.0, 11.0, 11.0, 13.0, 14.0)",921729600.0,3,-20.713050820756926,3.0,3.0,1.0102673675722567e-09,3.2547506340254234e-09,3.2547506234320216e-09
2615,"(1.0, 3.0, 3.0, 11.0, 11.0, 14.0, 14.0)",460864800.0,2,-20.622708054380663,2.0,2.0,1.1057875350990479e-09,4.339667512033898e-09,4.339667493201184e-09
2616,"(1.0, 3.0, 3.0, 11.0, 12.0, 12.0, 14.0)",963626400.0,1,-20.953946417535768,1.0,1.0,7.939930423241263e-10,1.0377465789646279e-09,1.0377465778877099e-09
2617,"(1.0, 3.0, 3.0, 11.0, 12.0, 13.0, 14.0)",1927252800.0,1,-20.831119297740408,1.0,1.0,8.977591437038838e-10,5.188732894823139e-10,5.188732892130844e-10
2618,"(1.0, 3.0, 3.0, 11.0, 12.0, 14.0, 14.0)",963626400.0,1,-20.740776531364148,1.0,1.0,9.826417268277682e-10,1.0377465789646279e-09,1.0377465778877099e-09
2619,"(1.0, 3.0, 3.0, 11.0, 14.0, 14.0, 14.0)",321208799.99999994,1,-20.527606645192527,1.0,1.0,1.2161123735752891e-09,3.113239736893884e-09,3.113239727201622e-09
2620,"(1.0, 3.0, 3.0, 12.0, 13.0, 14.0, 14.0)",921729600.0,5,-20.73601788855227,5.0,5.0,9.87328911291137e-10,5.424584390042372e-09,5.4245843606162565e-09
2621,"(1.0, 3.0, 3.0, 12.0, 14.0, 14.0, 14.0)",307243199.99999994,2,-20.64567512217601,2.0,2.0,1.08068026167396e-09,6.5095012680508485e-09,6.509501225677242e-09
2622,"(1.0, 3.0, 3.0, 13.0, 13.0, 14.0, 14.0)",460864800.0,1,-20.613190768756915,1.0,1.0,1.1163618705779167e-09,2.169833756016949e-09,2.1698337513087706e-09
2623,"(1.0, 3.0, 3.0, 13.0, 14.0, 14.0, 14.0)",307243199.99999994,4,-20.52284800238065,4.0,4.0,1.2219132090858411e-09,1.3019002536101697e-08,1.301900236660727e-08
2624,"(1.0, 3.0, 3.0, 14.0, 14.0, 14.0, 14.0)",76810799.99999999,1,-20.43250523600439,1.0,1.0,1.3374443627007044e-09,1.3019002536101697e-08,1.301900236660727e-08
2625,"(1.0, 3.0, 4.0, 4.0, 4.0, 6.0, 14.0)",968759999.9999996,1,-21.216923470627407,1.0,1.0,6.103897242044728e-10,1.0322474090590035e-09,1.0322474079934688e-09
2626,"(1.0, 3.0, 4.0, 4.0, 4.0, 14.0, 14.0)",484380000.0,1,-21.04610681640856,1.0,1.0,7.240889902338678e-10,2.0644948181180067e-09,2.064494813855868e-09
2627,"(1.0, 3.0, 4.0, 4.0, 6.0, 6.0, 14.0)",1453139999.9999995,1,-21.200243241525342,2.0,4.0,6.206565531311566e-10,1.376329878745338e-09,2.752659755596392e-09
2628,"(1.0, 3.0, 4.0, 4.0, 6.0, 7.0, 14.0)",2906279999.999999,2,-20.98098980844806,2.0,2.0,7.728085198440712e-10,6.88164939372669e-10,6.88164938899098e-10
2629,"(1.0, 3.0, 4.0, 4.0, 6.0, 8.0, 14.0)",2785184999.9999995,2,-20.85987710573432,2.0,2.0,8.723092540661218e-10,7.180851541280024e-10,7.180851536123561e-10
2630,"(1.0, 3.0, 4.0, 4.0, 6.0, 9.0, 14.0)",2785184999.9999995,1,-21.49530252621882,1.0,1.0,4.620710142233864e-10,3.590425770640012e-10,3.5904257693508965e-10
2631,"(1.0, 3.0, 4.0, 4.0, 6.0, 12.0, 14.0)",2906279999.9999995,1,-21.24259647347811,1.0,1.0,5.949186315225909e-10,3.4408246968633446e-10,3.440824695679417e-10
2632,"(1.0, 3.0, 4.0, 4.0, 6.0, 13.0, 14.0)",2906279999.9999995,1,-21.119769353682752,2.0,4.0,6.726679111013876e-10,6.881649393726689e-10,1.3763298782717668e-09
2633,"(1.0, 3.0, 4.0, 4.0, 6.0, 14.0, 14.0)",1453139999.9999998,4,-21.02942658730649,4.0,4.0,7.362682545557213e-10,2.7526597574906757e-09,2.75265974991354e-09
2634,"(1.0, 3.0, 4.0, 4.0, 7.0, 8.0, 14.0)",2785184999.9999995,2,-20.64062367265704,3.0,5.0,1.0861530746436336e-09,1.0771277311920037e-09,1.7952128841598018e-09
2635,"(1.0, 3.0, 4.0, 4.0, 7.0, 9.0, 14.0)",2785184999.9999995,1,-21.276049093141538,1.0,1.0,5.753462438498794e-10,3.590425770640012e-10,3.5904257693508965e-10
2636,"(1.0, 3.0, 4.0, 4.0, 7.0, 13.0, 14.0)",2906279999.9999995,1,-20.90051592060547,1.0,1.0,8.375702956849531e-10,3.4408246968633446e-10,3.440824695679417e-10
2637,"(1.0, 3.0, 4.0, 4.0, 7.0, 14.0, 14.0)",1453139999.9999998,3,-20.810173154229208,3.0,3.0,9.167620596944629e-10,2.0644948181180067e-09,2.064494813855868e-09
2638,"(1.0, 3.0, 4.0, 4.0, 8.0, 9.0, 14.0)",2450962800.0000005,2,-21.1549363904278,3.0,5.0,6.494232916889881e-10,1.2240087854454581e-09,2.0400146409108994e-09
2639,"(1.0, 3.0, 4.0, 4.0, 8.0, 13.0, 14.0)",2673777600.0,1,-20.779403217891726,1.0,1.0,9.454092457524945e-10,3.7400268444166784e-10,3.7400268430178984e-10
2640,"(1.0, 3.0, 4.0, 4.0, 8.0, 14.0, 14.0)",1336888800.0,3,-20.689060451515463,3.0,3.0,1.0347971171559491e-09,2.244016106650007e-09,2.2440161016143988e-09
2641,"(1.0, 3.0, 4.0, 4.0, 9.0, 14.0, 14.0)",1336888800.0,3,-21.32448587199996,3.0,3.0,5.481424749432287e-10,2.244016106650007e-09,2.2440161016143988e-09
2642,"(1.0, 3.0, 4.0, 4.0, 11.0, 12.0, 14.0)",2673777600.0,1,-21.166881228447394,1.0,1.0,6.417121813300469e-10,3.7400268444166784e-10,3.7400268430178984e-10
2643,"(1.0, 3.0, 4.0, 4.0, 11.0, 14.0, 14.0)",1336888800.0,3,-20.95371134227577,3.0,3.0,7.941797123848837e-10,2.244016106650007e-09,2.2440161016143988e-09
2644,"(1.0, 3.0, 4.0, 4.0, 12.0, 14.0, 14.0)",1336888800.0,4,-21.07177981925925,4.0,4.0,7.05736047132749e-10,2.9920214755333427e-09,2.9920214665811503e-09
2645,"(1.0, 3.0, 4.0, 4.0, 13.0, 13.0, 14.0)",1336888800.0,1,-21.03929546584016,1.0,1.0,7.290378492626463e-10,7.480053688833357e-10,7.480053683238237e-10
2646,"(1.0, 3.0, 4.0, 4.0, 13.0, 14.0, 14.0)",1336888800.0,3,-20.9489526994639,3.0,3.0,7.979679362180245e-10,2.244016106650007e-09,2.2440161016143988e-09
2647,"(1.0, 3.0, 4.0, 6.0, 6.0, 8.0, 14.0)",2785184999.9999995,1,-20.843196876632256,1.0,1.0,8.869816011380392e-10,3.590425770640012e-10,3.5904257693508965e-10
2648,"(1.0, 3.0, 4.0, 6.0, 6.0, 11.0, 14.0)",2785184999.9999995,2,-21.107847767392563,2.0,2.0,6.807351713720822e-10,7.180851541280024e-10,7.180851536123561e-10
2649,"(1.0, 3.0, 4.0, 6.0, 6.0, 13.0, 14.0)",2906279999.9999995,1,-21.103089124580688,1.0,1.0,6.839822666579929e-10,3.4408246968633446e-10,3.440824695679417e-10
2650,"(1.0, 3.0, 4.0, 6.0, 6.0, 14.0, 14.0)",1453139999.9999998,2,-21.012746358204424,2.0,2.0,7.486523755753265e-10,1.3763298787453378e-09,1.376329876851054e-09
2651,"(1.0, 3.0, 4.0, 6.0, 7.0, 7.0, 12.0)",2906279999.999999,1,-20.958226032440336,1.0,1.0,7.9060231853722e-10,3.440824696863345e-10,3.4408246956794176e-10
2652,"(1.0, 3.0, 4.0, 6.0, 7.0, 7.0, 14.0)",2906279999.999999,2,-20.74505614626872,2.0,2.0,9.78445384417246e-10,6.88164939372669e-10,6.88164938899098e-10
2653,"(1.0, 3.0, 4.0, 6.0, 7.0, 8.0, 14.0)",5570369999.999999,5,-20.62394344355497,5.0,5.0,1.1044223006206827e-09,8.97606442660003e-10,8.976064418543057e-10
2654,"(1.0, 3.0, 4.0, 6.0, 7.0, 9.0, 14.0)",5570369999.999999,2,-21.25936886403948,2.0,2.0,5.85023637201992e-10,3.590425770640012e-10,3.5904257693508965e-10
2655,"(1.0, 3.0, 4.0, 6.0, 7.0, 11.0, 14.0)",5570369999.999999,2,-20.88859433431528,2.0,2.0,8.476152189803602e-10,3.590425770640012e-10,3.5904257693508965e-10
2656,"(1.0, 3.0, 4.0, 6.0, 7.0, 12.0, 14.0)",5812559999.999999,2,-21.006662811298764,2.0,2.0,7.53220719195169e-10,3.4408246968633446e-10,3.440824695679417e-10
2657,"(1.0, 3.0, 4.0, 6.0, 7.0, 13.0, 14.0)",5812559999.999999,1,-20.883835691503407,2.0,4.0,8.51658329278698e-10,3.4408246968633446e-10,6.881649392542762e-10
2658,"(1.0, 3.0, 4.0, 6.0, 7.0, 14.0, 14.0)",2906279999.9999995,7,-20.793492925127143,7.0,7.0,9.32182108329168e-10,2.4085772878043414e-09,2.4085772820030967e-09
2659,"(1.0, 3.0, 4.0, 6.0, 8.0, 11.0, 14.0)",4901925600.000001,4,-20.76748163160154,4.0,4.0,9.567474742036129e-10,8.160058569636388e-10,8.160058562977732e-10
2660,"(1.0, 3.0, 4.0, 6.0, 8.0, 12.0, 14.0)",5347555200.0,3,-20.885550108585026,3.0,3.0,8.501994825844491e-10,5.610040266625018e-10,5.610040263477763e-10
2661,"(1.0, 3.0, 4.0, 6.0, 8.0, 14.0, 14.0)",2673777600.0,6,-20.6723802224134,6.0,6.0,1.0522025297216869e-09,2.244016106650007e-09,2.2440161016143988e-09
2662,"(1.0, 3.0, 4.0, 6.0, 9.0, 9.0, 14.0)",2450962800.0000005,3,-21.773681581810227,3.0,3.0,3.497922945274004e-10,1.2240087854454581e-09,1.2240087839472605e-09
2663,"(1.0, 3.0, 4.0, 6.0, 9.0, 11.0, 14.0)",4901925600.000001,3,-21.40290705208604,4.0,6.0,5.067987914838929e-10,8.160058569636388e-10,1.2240087847795926e-09
2664,"(1.0, 3.0, 4.0, 6.0, 9.0, 12.0, 14.0)",5347555200.0,1,-21.52097552906952,1.0,1.0,4.503592451630893e-10,1.8700134222083392e-10,1.8700134218586442e-10
2665,"(1.0, 3.0, 4.0, 6.0, 9.0, 13.0, 14.0)",5347555200.0,2,-21.398148409274164,4.0,8.0,5.092162131714129e-10,7.480053688833357e-10,1.4960107372071594e-09
2666,"(1.0, 3.0, 4.0, 6.0, 9.0, 14.0, 14.0)",2673777600.0,3,-21.3078056428979,5.0,9.0,5.573622976147598e-10,1.870013422208339e-09,3.3660241564780604e-09
2667,"(1.0, 3.0, 4.0, 6.0, 11.0, 11.0, 14.0)",2450962800.0000005,4,-21.03213252236185,6.0,10.0,7.342786535551191e-10,2.4480175708909162e-09,4.080029278825403e-09
2668,"(1.0, 3.0, 4.0, 6.0, 11.0, 14.0, 14.0)",2673777600.0,6,-20.93703111317371,6.0,6.0,8.07537911123769e-10,2.244016106650007e-09,2.2440161016143988e-09
2669,"(1.0, 3.0, 4.0, 6.0, 12.0, 13.0, 14.0)",5347555200.0,1,-21.14544235653345,1.0,1.0,6.556182997070615e-10,1.8700134222083392e-10,1.8700134218586442e-10
2670,"(1.0, 3.0, 4.0, 6.0, 12.0, 14.0, 14.0)",2673777600.0,3,-21.05509959015719,3.0,3.0,7.176066127336791e-10,1.1220080533250036e-09,1.1220080520661015e-09
2671,"(1.0, 3.0, 4.0, 6.0, 13.0, 13.0, 14.0)",2673777600.0,1,-21.022615236738098,1.0,1.0,7.413003539914252e-10,3.7400268444166784e-10,3.7400268430178984e-10
2672,"(1.0, 3.0, 4.0, 6.0, 13.0, 14.0, 14.0)",2673777600.0,3,-20.93227247036184,3.0,3.0,8.113898533395869e-10,1.1220080533250036e-09,1.1220080520661015e-09
2673,"(1.0, 3.0, 4.0, 6.0, 14.0, 14.0, 14.0)",891259200.0,1,-20.84192970398557,1.0,1.0,8.881062723869428e-10,1.1220080533250036e-09,1.1220080520661015e-09
2674,"(1.0, 3.0, 4.0, 7.0, 7.0, 8.0, 14.0)",2785184999.9999995,1,-20.40469001047769,1.0,1.0,1.3751678913556746e-09,3.590425770640012e-10,3.5904257693508965e-10
2675,"(1.0, 3.0, 4.0, 7.0, 7.0, 9.0, 14.0)",2785184999.9999995,1,-21.04011543096219,1.0,1.0,7.284403086683135e-10,3.590425770640012e-10,3.5904257693508965e-10
2676,"(1.0, 3.0, 4.0, 7.0, 7.0, 11.0, 14.0)",2785184999.9999995,1,-20.669340901238,1.0,1.0,1.0554053759247023e-09,3.590425770640012e-10,3.5904257693508965e-10
2677,"(1.0, 3.0, 4.0, 7.0, 7.0, 12.0, 14.0)",2906279999.9999995,1,-20.787409378221483,1.0,1.0,9.378703667599842e-10,3.4408246968633446e-10,3.440824695679417e-10
2678,"(1.0, 3.0, 4.0, 7.0, 7.0, 14.0, 14.0)",1453139999.9999998,3,-20.574239492049863,3.0,3.0,1.160703567421701e-09,2.0644948181180067e-09,2.064494813855868e-09
2679,"(1.0, 3.0, 4.0, 7.0, 8.0, 8.0, 14.0)",2450962800.0000005,3,-20.28357730776395,3.0,3.0,1.5522236708339942e-09,1.2240087854454581e-09,1.2240087839472605e-09
2680,"(1.0, 3.0, 4.0, 7.0, 8.0, 11.0, 14.0)",4901925600.000001,1,-20.548228198524257,1.0,1.0,1.1912910540841495e-09,2.040014642409097e-10,2.040014641992931e-10
2681,"(1.0, 3.0, 4.0, 7.0, 8.0, 12.0, 14.0)",5347555200.0,3,-20.666296675507738,3.0,3.0,1.0586231634767621e-09,5.610040266625018e-10,5.610040263477763e-10
2682,"(1.0, 3.0, 4.0, 7.0, 8.0, 13.0, 14.0)",5347555200.0,5,-20.54346955571238,5.0,5.0,1.1969734923193703e-09,9.350067111041696e-10,9.350067102299321e-10
2683,"(1.0, 3.0, 4.0, 7.0, 8.0, 14.0, 14.0)",2673777600.0,5,-20.45312678933612,5.0,5.0,1.310146610823856e-09,1.870013422208339e-09,1.870013418711389e-09
2684,"(1.0, 3.0, 4.0, 7.0, 9.0, 9.0, 14.0)",2450962800.0000005,3,-21.554428148732946,3.0,3.0,4.355427555269161e-10,1.2240087854454581e-09,1.2240087839472605e-09
2685,"(1.0, 3.0, 4.0, 7.0, 9.0, 11.0, 14.0)",4901925600.000001,2,-21.183653619008755,2.0,2.0,6.31038892491429e-10,4.080029284818194e-10,4.08002928315353e-10
2686,"(1.0, 3.0, 4.0, 7.0, 9.0, 12.0, 14.0)",5347555200.0,3,-21.30172209599224,3.0,3.0,5.607633721044954e-10,5.610040266625018e-10,5.610040263477763e-10
2687,"(1.0, 3.0, 4.0, 7.0, 9.0, 13.0, 14.0)",5347555200.0,2,-21.17889497619688,2.0,2.0,6.340489373652749e-10,3.7400268444166784e-10,3.7400268430178984e-10
2688,"(1.0, 3.0, 4.0, 7.0, 9.0, 14.0, 14.0)",2673777600.0,5,-21.08855220982062,6.0,8.0,6.939978802504175e-10,2.244016106650007e-09,2.9920214704977343e-09
2689,"(1.0, 3.0, 4.0, 7.0, 11.0, 11.0, 14.0)",2450962800.0000005,1,-20.812879089284564,1.0,1.0,9.142847143790922e-10,4.080029284818194e-10,4.08002928315353e-10
2690,"(1.0, 3.0, 4.0, 7.0, 11.0, 12.0, 14.0)",5347555200.0,3,-20.93094756626805,3.0,3.0,8.124655795376015e-10,5.610040266625018e-10,5.610040263477763e-10
2691,"(1.0, 3.0, 4.0, 7.0, 11.0, 13.0, 14.0)",5347555200.0,4,-20.80812044647269,4.0,4.0,9.186458370460122e-10,7.480053688833357e-10,7.480053683238237e-10
2692,"(1.0, 3.0, 4.0, 7.0, 11.0, 14.0, 14.0)",2673777600.0,4,-20.71777768009643,4.0,4.0,1.0055032443710534e-09,1.4960107377666714e-09,1.4960107355286232e-09
2693,"(1.0, 3.0, 4.0, 7.0, 12.0, 12.0, 14.0)",2673777600.0,1,-21.04901604325153,1.0,1.0,7.219855123375431e-10,3.7400268444166784e-10,3.7400268430178984e-10
2694,"(1.0, 3.0, 4.0, 7.0, 12.0, 13.0, 14.0)",5347555200.0,4,-20.926188923456174,4.0,4.0,8.163410266486474e-10,7.480053688833357e-10,7.480053683238237e-10
2695,"(1.0, 3.0, 4.0, 7.0, 12.0, 14.0, 14.0)",2673777600.0,3,-20.83584615707991,5.0,11.0,8.935255761326675e-10,1.870013422208339e-09,4.114029525361396e-09
2696,"(1.0, 3.0, 4.0, 7.0, 13.0, 13.0, 14.0)",2673777600.0,1,-20.803361803660813,1.0,1.0,9.230277621944972e-10,3.7400268444166784e-10,3.7400268430178984e-10
2697,"(1.0, 3.0, 4.0, 7.0, 13.0, 14.0, 14.0)",2673777600.0,2,-20.71301903728456,2.0,2.0,1.0102994778875022e-09,7.480053688833357e-10,7.480053683238237e-10
2698,"(1.0, 3.0, 4.0, 7.0, 14.0, 14.0, 14.0)",891259200.0,3,-20.62267627090829,3.0,3.0,1.1058226814251536e-09,3.3660241599750107e-09,3.366024148644892e-09
2699,"(1.0, 3.0, 4.0, 8.0, 8.0, 9.0, 14.0)",1979623799.9999995,2,-20.797890025534706,3.0,5.0,9.28092208440621e-10,1.5154394486467585e-09,2.5257324121147074e-09
2700,"(1.0, 3.0, 4.0, 8.0, 8.0, 11.0, 14.0)",1979623799.9999995,2,-20.427115495810515,2.0,2.0,1.3446723011975354e-09,1.0102929657645057e-09,1.0102929647438138e-09
2701,"(1.0, 3.0, 4.0, 8.0, 8.0, 12.0, 14.0)",2262427199.9999995,3,-20.545183972794,3.0,3.0,1.1949231386008165e-09,1.3260095175659135e-09,1.3260095158076123e-09
2702,"(1.0, 3.0, 4.0, 8.0, 8.0, 13.0, 14.0)",2262427199.9999995,2,-20.42235685299864,3.0,5.0,1.3510863653945014e-09,1.3260095175659135e-09,2.2100158608515547e-09
2703,"(1.0, 3.0, 4.0, 8.0, 8.0, 14.0, 14.0)",1131213599.9999998,2,-20.332014086622376,2.0,2.0,1.4788307626779418e-09,1.7680126900878848e-09,1.768012686962016e-09
2704,"(1.0, 3.0, 4.0, 8.0, 9.0, 9.0, 14.0)",1979623799.9999995,2,-21.4333154460192,2.0,2.0,4.916198080531597e-10,1.0102929657645057e-09,1.0102929647438138e-09
2705,"(1.0, 3.0, 4.0, 8.0, 9.0, 11.0, 14.0)",3959247599.999999,6,-21.062540916295013,7.0,9.0,7.12286486835026e-10,1.7680126900878848e-09,2.2731591698442686e-09
2706,"(1.0, 3.0, 4.0, 8.0, 9.0, 12.0, 14.0)",4524854399.999999,2,-21.18060939327849,5.0,17.0,6.329628443107433e-10,1.105007931304928e-09,3.757026965215712e-09
2707,"(1.0, 3.0, 4.0, 8.0, 9.0, 13.0, 14.0)",4524854399.999999,4,-21.05778227348313,5.0,7.0,7.156840813635438e-10,1.105007931304928e-09,1.5470111026058567e-09
2708,"(1.0, 3.0, 4.0, 8.0, 9.0, 14.0, 14.0)",2262427199.9999995,5,-20.967439507106874,5.0,5.0,7.833515776545275e-10,2.210015862609856e-09,2.210015857725686e-09
2709,"(1.0, 3.0, 4.0, 8.0, 11.0, 11.0, 14.0)",1979623799.9999995,1,-20.691766386570823,1.0,1.0,1.032000808382653e-09,5.051464828822528e-10,5.051464826270798e-10
2710,"(1.0, 3.0, 4.0, 8.0, 11.0, 12.0, 14.0)",4524854399.999999,5,-20.809834863554304,5.0,5.0,9.170722442136702e-10,1.105007931304928e-09,1.1050079300838856e-09
2711,"(1.0, 3.0, 4.0, 8.0, 11.0, 13.0, 14.0)",4524854399.999999,4,-20.687007743758947,4.0,4.0,1.0369234348325264e-09,8.840063450439424e-10,8.840063442624752e-10
2712,"(1.0, 3.0, 4.0, 8.0, 11.0, 14.0, 14.0)",2262427199.9999995,11,-20.596664977382684,12.0,14.0,1.1349639173690214e-09,5.304038070263654e-09,6.188044387174777e-09
2713,"(1.0, 3.0, 4.0, 8.0, 12.0, 12.0, 14.0)",2365264799.9999995,2,-20.92790334053779,4.0,10.0,8.149426766681894e-10,1.6911425731275419e-09,4.2278564299588915e-09
2714,"(1.0, 3.0, 4.0, 8.0, 12.0, 13.0, 14.0)",4730529599.999999,5,-20.80507622074243,5.0,5.0,9.214466633508857e-10,1.0569641082047136e-09,1.0569641070875404e-09
2715,"(1.0, 3.0, 4.0, 8.0, 12.0, 14.0, 14.0)",2365264799.9999995,2,-20.71473345436617,2.0,2.0,1.0085688871061535e-09,8.455712865637709e-10,8.455712858487801e-10
2716,"(1.0, 3.0, 4.0, 8.0, 13.0, 14.0, 14.0)",2365264799.9999995,4,-20.591906334570808,4.0,4.0,1.1403776761121454e-09,1.6911425731275419e-09,1.6911425702675787e-09
2717,"(1.0, 3.0, 4.0, 8.0, 14.0, 14.0, 14.0)",788421599.9999999,4,-20.50156356819455,5.0,7.0,1.2481996944831878e-09,6.341784649228282e-09,8.878498468701362e-09
2718,"(1.0, 3.0, 4.0, 9.0, 9.0, 11.0, 14.0)",1979623799.9999995,1,-21.697966336779512,1.0,1.0,3.7730533965483427e-10,5.051464828822528e-10,5.051464826270798e-10
2719,"(1.0, 3.0, 4.0, 9.0, 9.0, 12.0, 14.0)",2262427199.9999995,2,-21.816034813763,4.0,10.0,3.352868057664922e-10,1.7680126900878848e-09,4.420031722093843e-09
2720,"(1.0, 3.0, 4.0, 9.0, 9.0, 13.0, 14.0)",2262427199.9999995,1,-21.69320769396764,1.0,1.0,3.791050797612134e-10,4.420031725219712e-10,4.420031723266044e-10
2721,"(1.0, 3.0, 4.0, 9.0, 11.0, 11.0, 14.0)",1979623799.9999995,1,-21.32719180705532,1.0,1.0,5.466612419688727e-10,5.051464828822528e-10,5.051464826270798e-10
2722,"(1.0, 3.0, 4.0, 9.0, 11.0, 12.0, 13.0)",4524854399.999999,1,-21.535603050415062,1.0,1.0,4.4381955204633325e-10,2.210015862609856e-10,2.210015862121439e-10
2723,"(1.0, 3.0, 4.0, 9.0, 11.0, 12.0, 14.0)",4524854399.999999,2,-21.4452602840388,2.0,2.0,4.857824218013034e-10,4.420031725219712e-10,4.420031723266044e-10
2724,"(1.0, 3.0, 4.0, 9.0, 11.0, 13.0, 14.0)",4524854399.999999,2,-21.32243316424345,2.0,2.0,5.492688068728691e-10,4.420031725219712e-10,4.420031723266044e-10
2725,"(1.0, 3.0, 4.0, 9.0, 11.0, 14.0, 14.0)",2262427199.9999995,2,-21.232090397867186,2.0,2.0,6.012018397845599e-10,8.840063450439424e-10,8.840063442624752e-10
2726,"(1.0, 3.0, 4.0, 9.0, 12.0, 13.0, 14.0)",4730529599.999999,1,-21.440501641226927,1.0,1.0,4.880995957599058e-10,2.1139282164094273e-10,2.113928215962558e-10
2727,"(1.0, 3.0, 4.0, 9.0, 12.0, 14.0, 14.0)",2365264799.9999995,2,-21.350158874850663,2.0,2.0,5.342491168206368e-10,8.455712865637709e-10,8.455712858487801e-10
2728,"(1.0, 3.0, 4.0, 9.0, 13.0, 14.0, 14.0)",2365264799.9999995,2,-21.227331755055307,2.0,2.0,6.040695624202391e-10,8.455712865637709e-10,8.455712858487801e-10
2729,"(1.0, 3.0, 4.0, 9.0, 14.0, 14.0, 14.0)",788421599.9999999,1,-21.136988988679043,1.0,1.0,6.611839735675336e-10,1.2683569298456563e-09,1.268356928236927e-09
2730,"(1.0, 3.0, 4.0, 11.0, 11.0, 11.0, 14.0)",659874599.9999998,1,-20.95641727733113,1.0,1.0,7.920336185656244e-10,1.5154394486467585e-09,1.5154394463502017e-09
2731,"(1.0, 3.0, 4.0, 11.0, 11.0, 13.0, 14.0)",2262427199.9999995,1,-20.95165863451925,2.0,4.0,7.958116055674498e-10,8.840063450439424e-10,1.7680126893064175e-09
2732,"(1.0, 3.0, 4.0, 11.0, 11.0, 14.0, 14.0)",1131213599.9999998,1,-20.861315868142995,1.0,1.0,8.71055110726122e-10,8.840063450439424e-10,8.840063442624752e-10
2733,"(1.0, 3.0, 4.0, 11.0, 12.0, 12.0, 14.0)",2365264799.9999995,1,-21.192554231298097,1.0,1.0,6.254471817096993e-10,4.2278564328188547e-10,4.227856431031378e-10
2734,"(1.0, 3.0, 4.0, 11.0, 12.0, 14.0, 14.0)",2365264799.9999995,1,-20.97938434512648,1.0,1.0,7.740502320722952e-10,4.2278564328188547e-10,4.227856431031378e-10
2735,"(1.0, 3.0, 4.0, 11.0, 13.0, 14.0, 14.0)",2365264799.9999995,3,-20.85655722533112,3.0,3.0,8.75210028912744e-10,1.2683569298456565e-09,1.2683569282369271e-09
2736,"(1.0, 3.0, 4.0, 11.0, 14.0, 14.0, 14.0)",788421599.9999999,3,-20.766214458954856,3.0,3.0,9.5796060689466e-10,3.8050707895369695e-09,3.805070775058405e-09
2737,"(1.0, 3.0, 4.0, 12.0, 12.0, 13.0, 14.0)",2262427199.999999,2,-21.18779558848622,2.0,2.0,6.284305542174284e-10,8.840063450439426e-10,8.840063442624754e-10
2738,"(1.0, 3.0, 4.0, 12.0, 12.0, 14.0, 14.0)",1131213599.9999995,1,-21.09745282210996,1.0,1.0,6.878482823798766e-10,8.840063450439426e-10,8.840063442624754e-10
2739,"(1.0, 3.0, 4.0, 12.0, 13.0, 14.0, 14.0)",2262427199.999999,4,-20.9746257023146,4.0,4.0,7.777424386238619e-10,1.7680126900878852e-09,1.7680126869620164e-09
2740,"(1.0, 3.0, 4.0, 13.0, 13.0, 13.0, 14.0)",754142399.9999996,1,-20.942141348895504,1.0,1.0,8.034217283334779e-10,1.326009517565914e-09,1.3260095158076127e-09
2741,"(1.0, 3.0, 4.0, 13.0, 13.0, 14.0, 14.0)",1131213599.9999995,1,-20.851798582519244,1.0,1.0,8.793847659890379e-10,8.840063450439426e-10,8.840063442624754e-10
2742,"(1.0, 3.0, 4.0, 13.0, 14.0, 14.0, 14.0)",754142399.9999996,5,-20.76145581614298,5.0,5.0,9.625300628322255e-10,6.630047587829569e-09,6.630047543872038e-09
2743,"(1.0, 3.0, 4.0, 14.0, 14.0, 14.0, 14.0)",188535599.9999999,2,-20.67111304976672,2.0,2.0,1.0535366971178048e-09,1.0608076140527311e-08,1.0608076027996031e-08
2744,"(1.0, 3.0, 6.0, 6.0, 6.0, 7.0, 14.0)",968759999.9999996,2,-20.947629350243936,2.0,2.0,7.990246254942275e-10,2.064494818118007e-09,2.0644948138558684e-09
2745,"(1.0, 3.0, 6.0, 6.0, 6.0, 9.0, 14.0)",928395000.0,1,-21.46194206801469,1.0,1.0,4.777459223224852e-10,1.0771277311920035e-09,1.0771277300317993e-09
2746,"(1.0, 3.0, 6.0, 6.0, 6.0, 14.0, 14.0)",484380000.0,3,-20.996066129102363,3.0,3.0,7.612447990070991e-10,6.193484454354019e-09,6.19348441599477e-09
2747,"(1.0, 3.0, 6.0, 6.0, 7.0, 7.0, 14.0)",1453139999.9999995,2,-20.72837591716665,4.0,10.0,9.949029540282183e-10,2.752659757490676e-09,6.8816493861495546e-09
2748,"(1.0, 3.0, 6.0, 6.0, 7.0, 11.0, 14.0)",2785184999.9999995,1,-20.87191410521321,1.0,1.0,8.618722093978654e-10,3.590425770640012e-10,3.5904257693508965e-10
2749,"(1.0, 3.0, 6.0, 6.0, 7.0, 14.0, 14.0)",1453139999.9999998,2,-20.776812696025083,3.0,5.0,9.478615240454176e-10,2.0644948181180067e-09,3.440824692601206e-09
2750,"(1.0, 3.0, 6.0, 6.0, 8.0, 8.0, 14.0)",1225481400.0000002,2,-20.48615051173917,2.0,2.0,1.2675872941136048e-09,1.6320117139272776e-09,1.6320117112638153e-09
2751,"(1.0, 3.0, 6.0, 6.0, 8.0, 11.0, 14.0)",2450962800.0000005,1,-20.75080140249948,1.0,1.0,9.728400823425938e-10,4.080029284818194e-10,4.08002928315353e-10
2752,"(1.0, 3.0, 6.0, 6.0, 8.0, 12.0, 14.0)",2673777600.0,1,-20.86886987948296,1.0,1.0,8.6449994062808e-10,3.7400268444166784e-10,3.7400268430178984e-10
2753,"(1.0, 3.0, 6.0, 6.0, 8.0, 13.0, 14.0)",2673777600.0,1,-20.7460427596876,1.0,1.0,9.774805131270864e-10,3.7400268444166784e-10,3.7400268430178984e-10
2754,"(1.0, 3.0, 6.0, 6.0, 8.0, 14.0, 14.0)",1336888800.0,5,-20.655699993311337,5.0,5.0,1.0699007034302194e-09,3.740026844416678e-09,3.740026830428877e-09
2755,"(1.0, 3.0, 6.0, 6.0, 9.0, 11.0, 14.0)",2450962800.0000005,1,-21.38622682298397,1.0,1.0,5.153232084032598e-10,4.080029284818194e-10,4.08002928315353e-10
2756,"(1.0, 3.0, 6.0, 6.0, 9.0, 12.0, 14.0)",2673777600.0,1,-21.504295299967456,1.0,1.0,4.579343420926224e-10,3.7400268444166784e-10,3.7400268430178984e-10
2757,"(1.0, 3.0, 6.0, 6.0, 9.0, 13.0, 14.0)",2673777600.0,1,-21.3814681801721,1.0,1.0,5.177812914157074e-10,3.7400268444166784e-10,3.7400268430178984e-10
2758,"(1.0, 3.0, 6.0, 6.0, 9.0, 14.0, 14.0)",1336888800.0,3,-21.29112541379584,3.0,3.0,5.667371988178409e-10,2.244016106650007e-09,2.2440161016143988e-09
2759,"(1.0, 3.0, 6.0, 6.0, 11.0, 11.0, 14.0)",1225481400.0000002,2,-21.015452293259784,2.0,2.0,7.466293092454511e-10,1.6320117139272776e-09,1.6320117112638153e-09
2760,"(1.0, 3.0, 6.0, 6.0, 11.0, 14.0, 14.0)",1336888800.0,5,-20.920350884071645,6.0,8.0,8.211207963797828e-10,4.488032213300014e-09,5.984042930924252e-09
2761,"(1.0, 3.0, 6.0, 6.0, 12.0, 12.0, 14.0)",1336888800.0,2,-21.251589247226747,2.0,2.0,5.895926464524649e-10,1.4960107377666714e-09,1.4960107355286232e-09
2762,"(1.0, 3.0, 6.0, 6.0, 12.0, 13.0, 14.0)",2673777600.0,1,-21.12876212743139,1.0,1.0,6.666458787395673e-10,3.7400268444166784e-10,3.7400268430178984e-10
2763,"(1.0, 3.0, 6.0, 6.0, 12.0, 14.0, 14.0)",1336888800.0,4,-21.038419361055126,5.0,7.0,7.296768426825791e-10,3.740026844416678e-09,5.236037568195549e-09
2764,"(1.0, 3.0, 6.0, 6.0, 13.0, 14.0, 14.0)",1336888800.0,2,-20.91559224125977,2.0,2.0,8.250375287291836e-10,1.4960107377666714e-09,1.4960107355286232e-09
2765,"(1.0, 3.0, 6.0, 6.0, 14.0, 14.0, 14.0)",445629600.0,2,-20.825249474883503,2.0,2.0,9.030443272160884e-10,4.488032213300014e-09,4.488032193157581e-09
2766,"(1.0, 3.0, 6.0, 7.0, 7.0, 7.0, 14.0)",968759999.9999996,1,-20.50912248408937,1.0,1.0,1.2388002276172935e-09,1.0322474090590035e-09,1.0322474079934688e-09
2767,"(1.0, 3.0, 6.0, 7.0, 7.0, 8.0, 14.0)",2785184999.9999995,5,-20.38800978137563,7.0,11.0,1.3982983814772358e-09,2.5132980394480083e-09,3.949468341387346e-09
2768,"(1.0, 3.0, 6.0, 7.0, 7.0, 11.0, 14.0)",2785184999.9999995,2,-20.652660672135937,2.0,2.0,1.0731574218934372e-09,7.180851541280024e-10,7.180851536123561e-10
2769,"(1.0, 3.0, 6.0, 7.0, 7.0, 12.0, 14.0)",2906279999.9999995,5,-20.77072914911942,5.0,5.0,9.536454596704692e-10,1.7204123484316724e-09,1.7204123454718537e-09
2770,"(1.0, 3.0, 6.0, 7.0, 7.0, 14.0, 14.0)",1453139999.9999998,3,-20.5575592629478,4.0,6.0,1.1802267416966921e-09,2.7526597574906757e-09,4.128989628658878e-09
2771,"(1.0, 3.0, 6.0, 7.0, 8.0, 8.0, 14.0)",2450962800.0000005,5,-20.266897078661884,5.0,5.0,1.5783322605635668e-09,2.040014642409097e-09,2.040014638247437e-09
2772,"(1.0, 3.0, 6.0, 7.0, 8.0, 9.0, 14.0)",4901925600.000001,2,-20.902322499146383,2.0,2.0,8.36058525139544e-10,4.080029284818194e-10,4.08002928315353e-10
2773,"(1.0, 3.0, 6.0, 7.0, 8.0, 11.0, 14.0)",4901925600.000001,4,-20.531547969422192,5.0,7.0,1.2113287135813031e-09,1.0200073212045484e-09,1.4280102486459529e-09
2774,"(1.0, 3.0, 6.0, 7.0, 8.0, 12.0, 13.0)",5347555200.0,1,-20.739959212781937,1.0,1.0,9.834451864672806e-10,1.8700134222083392e-10,1.8700134218586442e-10
2775,"(1.0, 3.0, 6.0, 7.0, 8.0, 12.0, 14.0)",5347555200.0,2,-20.64961644640568,2.0,2.0,1.0764293330209845e-09,3.7400268444166784e-10,3.7400268430178984e-10
2776,"(1.0, 3.0, 6.0, 7.0, 8.0, 13.0, 14.0)",5347555200.0,2,-20.52678932661032,2.0,2.0,1.2171067311143581e-09,3.7400268444166784e-10,3.7400268430178984e-10
2777,"(1.0, 3.0, 6.0, 7.0, 8.0, 14.0, 14.0)",2673777600.0,11,-20.436446560234057,11.0,11.0,1.332183435149059e-09,4.114029528858346e-09,4.114029511933108e-09
2778,"(1.0, 3.0, 6.0, 7.0, 9.0, 11.0, 14.0)",4901925600.000001,3,-21.16697338990669,4.0,6.0,6.416530429241501e-10,8.160058569636388e-10,1.2240087847795926e-09
2779,"(1.0, 3.0, 6.0, 7.0, 9.0, 12.0, 14.0)",5347555200.0,3,-21.28504186689017,3.0,3.0,5.701954797915176e-10,5.610040266625018e-10,5.610040263477763e-10
2780,"(1.0, 3.0, 6.0, 7.0, 9.0, 14.0, 14.0)",2673777600.0,8,-21.071871980718555,10.0,16.0,7.056710084658351e-10,3.740026844416678e-09,5.984042937078884e-09
2781,"(1.0, 3.0, 6.0, 7.0, 11.0, 12.0, 14.0)",5347555200.0,2,-20.914267337165985,2.0,2.0,8.261313487718445e-10,3.7400268444166784e-10,3.7400268430178984e-10
2782,"(1.0, 3.0, 6.0, 7.0, 11.0, 13.0, 14.0)",5347555200.0,4,-20.791440217370628,5.0,7.0,9.340975710434216e-10,9.350067111041696e-10,1.3090093946716e-09
2783,"(1.0, 3.0, 6.0, 7.0, 11.0, 14.0, 14.0)",2673777600.0,10,-20.701097450994364,11.0,13.0,1.0224159304563863e-09,4.114029528858346e-09,4.862034880816444e-09
2784,"(1.0, 3.0, 6.0, 7.0, 12.0, 13.0, 14.0)",5347555200.0,2,-20.90950869435411,2.0,2.0,8.300719813716456e-10,3.7400268444166784e-10,3.7400268430178984e-10
2785,"(1.0, 3.0, 6.0, 7.0, 12.0, 14.0, 14.0)",2673777600.0,5,-20.81916592797785,5.0,5.0,9.085547843057323e-10,1.870013422208339e-09,1.870013418711389e-09
2786,"(1.0, 3.0, 6.0, 7.0, 13.0, 13.0, 14.0)",2673777600.0,2,-20.786681574558752,2.0,2.0,9.385532007024594e-10,7.480053688833357e-10,7.480053683238237e-10
2787,"(1.0, 3.0, 6.0, 7.0, 13.0, 14.0, 14.0)",2673777600.0,9,-20.69633880818249,9.0,9.0,1.0272928372002136e-09,3.3660241599750107e-09,3.366024148644892e-09
2788,"(1.0, 3.0, 6.0, 7.0, 14.0, 14.0, 14.0)",891259200.0,1,-20.605996041806225,1.0,1.0,1.1244227525653346e-09,1.1220080533250036e-09,1.1220080520661015e-09
2789,"(1.0, 3.0, 6.0, 8.0, 8.0, 9.0, 14.0)",1979623799.9999995,1,-20.78120979643264,1.0,1.0,9.437028315464844e-10,5.051464828822528e-10,5.051464826270798e-10
2790,"(1.0, 3.0, 6.0, 8.0, 8.0, 11.0, 14.0)",1979623799.9999995,1,-20.41043526670845,1.0,1.0,1.3672898518072514e-09,5.051464828822528e-10,5.051464826270798e-10
2791,"(1.0, 3.0, 6.0, 8.0, 8.0, 12.0, 14.0)",2262427199.9999995,2,-20.52850374369193,2.0,2.0,1.215021890198482e-09,8.840063450439424e-10,8.840063442624752e-10
2792,"(1.0, 3.0, 6.0, 8.0, 8.0, 14.0, 14.0)",1131213599.9999998,2,-20.31533385752031,2.0,2.0,1.503704874822801e-09,1.7680126900878848e-09,1.768012686962016e-09
2793,"(1.0, 3.0, 6.0, 8.0, 9.0, 9.0, 14.0)",1979623799.9999995,1,-21.41663521691714,1.0,1.0,4.998889126368387e-10,5.051464828822528e-10,5.051464826270798e-10
2794,"(1.0, 3.0, 6.0, 8.0, 9.0, 11.0, 14.0)",3959247599.999999,4,-21.04586068719295,4.0,4.0,7.242672316233738e-10,1.0102929657645057e-09,1.0102929647438138e-09
2795,"(1.0, 3.0, 6.0, 8.0, 9.0, 12.0, 13.0)",4524854399.999999,1,-21.254271930552694,1.0,1.0,5.880130757819954e-10,2.210015862609856e-10,2.210015862121439e-10
2796,"(1.0, 3.0, 6.0, 8.0, 9.0, 13.0, 14.0)",4524854399.999999,2,-21.04110204438108,3.0,5.0,7.277219741024498e-10,6.630047587829568e-10,1.1050079308653527e-09
2797,"(1.0, 3.0, 6.0, 8.0, 9.0, 14.0, 14.0)",2262427199.9999995,3,-20.95075927800481,3.0,3.0,7.965276458586717e-10,1.3260095175659135e-09,1.3260095158076123e-09
2798,"(1.0, 3.0, 6.0, 8.0, 11.0, 11.0, 14.0)",1979623799.9999995,1,-20.67508615746876,1.0,1.0,1.0493591866968899e-09,5.051464828822528e-10,5.051464826270798e-10
2799,"(1.0, 3.0, 6.0, 8.0, 11.0, 13.0, 14.0)",4524854399.999999,2,-20.670327514656883,2.0,2.0,1.0543646123185493e-09,4.420031725219712e-10,4.420031723266044e-10
2800,"(1.0, 3.0, 6.0, 8.0, 11.0, 14.0, 14.0)",2262427199.9999995,3,-20.579984748280623,4.0,6.0,1.154054147619491e-09,1.7680126900878848e-09,2.652019032005958e-09
2801,"(1.0, 3.0, 6.0, 8.0, 12.0, 12.0, 14.0)",2365264799.9999995,1,-20.911223111435724,1.0,1.0,8.286501109755258e-10,4.2278564328188547e-10,4.227856431031378e-10
2802,"(1.0, 3.0, 6.0, 8.0, 12.0, 13.0, 14.0)",4730529599.999999,3,-20.788395991640364,3.0,3.0,9.36945507585226e-10,6.341784649228282e-10,6.341784645206459e-10
2803,"(1.0, 3.0, 6.0, 8.0, 12.0, 14.0, 14.0)",2365264799.9999995,4,-20.698053225264104,8.0,22.0,1.0255331376727735e-09,3.3822851462550837e-09,9.301284140761627e-09
2804,"(1.0, 3.0, 6.0, 8.0, 13.0, 13.0, 14.0)",2365264799.9999995,2,-20.665568871845007,2.0,2.0,1.0593939137360006e-09,8.455712865637709e-10,8.455712858487801e-10
2805,"(1.0, 3.0, 6.0, 8.0, 13.0, 14.0, 14.0)",2365264799.9999995,5,-20.575226105468744,5.0,5.0,1.1595589664389308e-09,2.1139282164094272e-09,2.113928211940735e-09
2806,"(1.0, 3.0, 6.0, 8.0, 14.0, 14.0, 14.0)",788421599.9999999,2,-20.484883339092484,2.0,2.0,1.2691945641892592e-09,2.5367138596913126e-09,2.5367138532563954e-09
2807,"(1.0, 3.0, 6.0, 9.0, 9.0, 12.0, 14.0)",2262427199.9999995,1,-21.79935458466093,1.0,1.0,3.40926370358879e-10,4.420031725219712e-10,4.420031723266044e-10
2808,"(1.0, 3.0, 6.0, 9.0, 9.0, 14.0, 14.0)",1131213599.9999998,1,-21.58618469848931,1.0,1.0,4.219287316548221e-10,8.840063450439424e-10,8.840063442624752e-10
2809,"(1.0, 3.0, 6.0, 9.0, 11.0, 11.0, 14.0)",1979623799.9999995,1,-21.310511577953257,1.0,1.0,5.5585615012277e-10,5.051464828822528e-10,5.051464826270798e-10
2810,"(1.0, 3.0, 6.0, 9.0, 11.0, 12.0, 14.0)",4524854399.999999,1,-21.42858005493673,2.0,4.0,4.93953340842782e-10,4.420031725219712e-10,8.840063448485756e-10
2811,"(1.0, 3.0, 6.0, 9.0, 11.0, 13.0, 14.0)",4524854399.999999,2,-21.30575293514138,2.0,2.0,5.585075745835778e-10,4.420031725219712e-10,4.420031723266044e-10
2812,"(1.0, 3.0, 6.0, 9.0, 11.0, 14.0, 14.0)",2262427199.9999995,3,-21.21541016876512,3.0,3.0,6.113141273849453e-10,1.3260095175659135e-09,1.3260095158076123e-09
2813,"(1.0, 3.0, 6.0, 9.0, 12.0, 13.0, 14.0)",4730529599.999999,2,-21.423821412124862,2.0,2.0,4.963094899473966e-10,4.2278564328188547e-10,4.227856431031378e-10
2814,"(1.0, 3.0, 6.0, 9.0, 12.0, 14.0, 14.0)",2365264799.9999995,3,-21.3334786457486,5.0,9.0,5.432352515295363e-10,2.1139282164094272e-09,3.805070785068277e-09
2815,"(1.0, 3.0, 6.0, 9.0, 14.0, 14.0, 14.0)",788421599.9999999,2,-21.120308759576982,2.0,2.0,6.723051679069839e-10,2.5367138596913126e-09,2.5367138532563954e-09
2816,"(1.0, 3.0, 6.0, 11.0, 11.0, 12.0, 12.0)",1131213599.9999998,1,-21.27097541138417,1.0,1.0,5.782727854839433e-10,8.840063450439424e-10,8.840063442624752e-10
2817,"(1.0, 3.0, 6.0, 11.0, 11.0, 13.0, 14.0)",2262427199.9999995,1,-20.93497840541719,1.0,1.0,8.091972529468801e-10,4.420031725219712e-10,4.420031723266044e-10
2818,"(1.0, 3.0, 6.0, 11.0, 11.0, 14.0, 14.0)",1131213599.9999998,3,-20.84463563904093,3.0,3.0,8.857063629554975e-10,2.652019035131827e-09,2.652019028098622e-09
2819,"(1.0, 3.0, 6.0, 11.0, 12.0, 12.0, 14.0)",2365264799.9999995,1,-21.175874002196032,1.0,1.0,6.359672788913138e-10,4.2278564328188547e-10,4.227856431031378e-10
2820,"(1.0, 3.0, 6.0, 11.0, 12.0, 13.0, 14.0)",4730529599.999999,4,-21.053046882400675,4.0,4.0,7.190811622856511e-10,8.455712865637709e-10,8.455712858487801e-10
2821,"(1.0, 3.0, 6.0, 11.0, 12.0, 14.0, 14.0)",2365264799.9999995,1,-20.96270411602441,1.0,1.0,7.870698505196846e-10,4.2278564328188547e-10,4.227856431031378e-10
2822,"(1.0, 3.0, 6.0, 11.0, 13.0, 14.0, 14.0)",2365264799.9999995,1,-20.83987699622905,2.0,4.0,8.899311673681433e-10,8.455712865637709e-10,1.6911425724125511e-09
2823,"(1.0, 3.0, 6.0, 11.0, 14.0, 14.0, 14.0)",788421599.9999999,2,-20.74953422985279,2.0,2.0,9.740736200721148e-10,2.5367138596913126e-09,2.5367138532563954e-09
2824,"(1.0, 3.0, 6.0, 12.0, 12.0, 13.0, 14.0)",2262427199.999999,1,-21.17111535938416,1.0,1.0,6.39000832085161e-10,4.420031725219713e-10,4.420031723266045e-10
2825,"(1.0, 3.0, 6.0, 12.0, 13.0, 13.0, 14.0)",2262427199.999999,1,-21.0482882395888,1.0,1.0,7.225111673014616e-10,4.420031725219713e-10,4.420031723266045e-10
2826,"(1.0, 3.0, 6.0, 12.0, 13.0, 14.0, 14.0)",2262427199.999999,1,-20.957945473212536,1.0,1.0,7.90824160431646e-10,4.420031725219713e-10,4.420031723266045e-10
2827,"(1.0, 3.0, 6.0, 12.0, 14.0, 14.0, 14.0)",754142399.9999996,1,-20.86760270683628,1.0,1.0,8.655961056744046e-10,1.326009517565914e-09,1.3260095158076127e-09
2828,"(1.0, 3.0, 6.0, 13.0, 14.0, 14.0, 14.0)",754142399.9999996,1,-20.74477558704092,1.0,1.0,9.78719934810765e-10,1.326009517565914e-09,1.3260095158076127e-09
2829,"(1.0, 3.0, 6.0, 14.0, 14.0, 14.0, 14.0)",188535599.9999999,1,-20.654432820664653,1.0,1.0,1.0712573116831817e-09,5.304038070263656e-09,5.304038042130836e-09
2830,"(1.0, 3.0, 7.0, 7.0, 7.0, 7.0, 14.0)",242189999.9999999,1,-20.28986905101209,1.0,1.0,1.5424881368893107e-09,4.128989636236014e-09,4.128989619187459e-09
2831,"(1.0, 3.0, 7.0, 7.0, 7.0, 8.0, 14.0)",928395000.0,1,-20.168756348298345,1.0,1.0,1.7410867524690938e-09,1.0771277311920035e-09,1.0771277300317993e-09
2832,"(1.0, 3.0, 7.0, 7.0, 7.0, 13.0, 14.0)",968760000.0,1,-20.42864859624678,1.0,1.0,1.3426123629555165e-09,1.0322474090590033e-09,1.0322474079934686e-09
2833,"(1.0, 3.0, 7.0, 7.0, 8.0, 9.0, 14.0)",2450962800.0000005,1,-20.683069066069105,1.0,1.0,1.0410155955923177e-09,4.080029284818194e-10,4.08002928315353e-10
2834,"(1.0, 3.0, 7.0, 7.0, 8.0, 11.0, 14.0)",2450962800.0000005,2,-20.31229453634491,2.0,2.0,1.5082820691487468e-09,8.160058569636388e-10,8.160058562977732e-10
2835,"(1.0, 3.0, 7.0, 7.0, 8.0, 12.0, 14.0)",2673777600.0,1,-20.4303630133284,1.0,1.0,1.3403125373799077e-09,3.7400268444166784e-10,3.7400268430178984e-10
2836,"(1.0, 3.0, 7.0, 7.0, 8.0, 13.0, 14.0)",2673777600.0,1,-20.30753589353304,1.0,1.0,1.515476549179331e-09,3.7400268444166784e-10,3.7400268430178984e-10
2837,"(1.0, 3.0, 7.0, 7.0, 8.0, 14.0, 14.0)",1336888800.0,5,-20.217193127156776,5.0,5.0,1.6587639387427472e-09,3.740026844416678e-09,3.740026830428877e-09
2838,"(1.0, 3.0, 7.0, 7.0, 9.0, 9.0, 14.0)",1225481400.0000002,2,-21.3184944865536,2.0,2.0,5.514364657207277e-10,1.6320117139272776e-09,1.6320117112638153e-09
2839,"(1.0, 3.0, 7.0, 7.0, 9.0, 11.0, 14.0)",2450962800.0000005,2,-20.94771995682941,2.0,2.0,7.989522318809207e-10,8.160058569636388e-10,8.160058562977732e-10
2840,"(1.0, 3.0, 7.0, 7.0, 9.0, 14.0, 14.0)",1336888800.0,4,-20.85261854764127,4.0,4.0,8.786639966953099e-10,2.9920214755333427e-09,2.9920214665811503e-09
2841,"(1.0, 3.0, 7.0, 7.0, 11.0, 11.0, 14.0)",1225481400.0000002,1,-20.576945427105223,1.0,1.0,1.1575670245042856e-09,8.160058569636388e-10,8.160058562977732e-10
2842,"(1.0, 3.0, 7.0, 7.0, 11.0, 12.0, 12.0)",1336888800.0,1,-20.908183790260324,1.0,1.0,8.311724760018402e-10,7.480053688833357e-10,7.480053683238237e-10
2843,"(1.0, 3.0, 7.0, 7.0, 11.0, 12.0, 14.0)",2673777600.0,2,-20.695013904088704,2.0,2.0,1.028654803724018e-09,7.480053688833357e-10,7.480053683238237e-10
2844,"(1.0, 3.0, 7.0, 7.0, 11.0, 13.0, 14.0)",2673777600.0,1,-20.572186784293343,1.0,1.0,1.1630885996872165e-09,3.7400268444166784e-10,3.7400268430178984e-10
2845,"(1.0, 3.0, 7.0, 7.0, 11.0, 14.0, 14.0)",1336888800.0,3,-20.481844017917084,5.0,9.0,1.2730579221227185e-09,3.740026844416678e-09,6.73204830596222e-09
2846,"(1.0, 3.0, 7.0, 7.0, 12.0, 12.0, 14.0)",1336888800.0,1,-20.813082381072185,1.0,1.0,9.140988666964057e-10,7.480053688833357e-10,7.480053683238237e-10
2847,"(1.0, 3.0, 7.0, 7.0, 12.0, 13.0, 14.0)",2673777600.0,1,-20.69025526127683,1.0,1.0,1.0335614697881047e-09,3.7400268444166784e-10,3.7400268430178984e-10
2848,"(1.0, 3.0, 7.0, 7.0, 12.0, 14.0, 14.0)",1336888800.0,3,-20.599912494900565,6.0,14.0,1.1312840805665182e-09,4.488032213300014e-09,1.0472075144224267e-08
2849,"(1.0, 3.0, 7.0, 7.0, 13.0, 13.0, 14.0)",1336888800.0,2,-20.56742814148147,2.0,2.0,1.1686365126906326e-09,1.4960107377666714e-09,1.4960107355286232e-09
2850,"(1.0, 3.0, 7.0, 7.0, 13.0, 14.0, 14.0)",1336888800.0,3,-20.477085375105208,3.0,3.0,1.2791303869393724e-09,2.244016106650007e-09,2.2440161016143988e-09
2851,"(1.0, 3.0, 7.0, 7.0, 14.0, 14.0, 14.0)",445629600.0,4,-20.386742608728945,5.0,7.0,1.4000713900548862e-09,1.1220080533250035e-08,1.5708112620659845e-08
2852,"(1.0, 3.0, 7.0, 8.0, 8.0, 8.0, 14.0)",659874599.9999998,2,-19.926530942870865,2.0,2.0,2.218286151874003e-09,3.030878897293517e-09,3.03087888810729e-09
2853,"(1.0, 3.0, 7.0, 8.0, 8.0, 9.0, 14.0)",1979623799.9999995,3,-20.56195636335536,3.0,3.0,1.1750485590474095e-09,1.5154394486467585e-09,1.5154394463502017e-09
2854,"(1.0, 3.0, 7.0, 8.0, 8.0, 11.0, 14.0)",1979623799.9999995,2,-20.19118183363117,2.0,2.0,1.7024765810370659e-09,1.0102929657645057e-09,1.0102929647438138e-09
2855,"(1.0, 3.0, 7.0, 8.0, 8.0, 12.0, 14.0)",2262427199.9999995,2,-20.30925031061465,2.0,2.0,1.5128806161884031e-09,8.840063450439424e-10,8.840063442624752e-10
2856,"(1.0, 3.0, 7.0, 8.0, 8.0, 13.0, 14.0)",2262427199.9999995,1,-20.18642319081929,1.0,1.0,1.7105973656140114e-09,4.420031725219712e-10,4.420031723266044e-10
2857,"(1.0, 3.0, 7.0, 8.0, 8.0, 14.0, 14.0)",1131213599.9999998,8,-20.09608042444303,8.0,8.0,1.8723333101560835e-09,7.072050760351539e-09,7.072050710337638e-09
2858,"(1.0, 3.0, 7.0, 8.0, 9.0, 11.0, 14.0)",3959247599.999999,7,-20.826607254115668,7.0,7.0,9.018190244164605e-10,1.7680126900878848e-09,1.768012686962016e-09
2859,"(1.0, 3.0, 7.0, 8.0, 9.0, 12.0, 14.0)",4524854399.999999,1,-20.94467573109915,1.0,1.0,8.013881286510896e-10,2.210015862609856e-10,2.210015862121439e-10
2860,"(1.0, 3.0, 7.0, 8.0, 9.0, 13.0, 14.0)",4524854399.999999,2,-20.8218486113038,2.0,2.0,9.061206859525034e-10,4.420031725219712e-10,4.420031723266044e-10
2861,"(1.0, 3.0, 7.0, 8.0, 9.0, 14.0, 14.0)",2262427199.9999995,7,-20.73150584492753,7.0,7.0,9.917938478301096e-10,3.0940222076537983e-09,3.094022198080825e-09
2862,"(1.0, 3.0, 7.0, 8.0, 11.0, 11.0, 14.0)",1979623799.9999995,2,-20.45583272439148,2.0,2.0,1.3066062313606621e-09,1.0102929657645057e-09,1.0102929647438138e-09
2863,"(1.0, 3.0, 7.0, 8.0, 11.0, 12.0, 14.0)",4524854399.999999,6,-20.57390120137496,6.0,6.0,1.1610962890381727e-09,1.3260095175659135e-09,1.3260095158076123e-09
2864,"(1.0, 3.0, 7.0, 8.0, 11.0, 13.0, 14.0)",4524854399.999999,2,-20.4510740815796,2.0,2.0,1.312838721046552e-09,4.420031725219712e-10,4.420031723266044e-10
2865,"(1.0, 3.0, 7.0, 8.0, 11.0, 14.0, 14.0)",2262427199.9999995,7,-20.36073131520334,9.0,15.0,1.4369668267294774e-09,3.9780285526977405e-09,6.630047572004856e-09
2866,"(1.0, 3.0, 7.0, 8.0, 12.0, 12.0, 14.0)",2365264799.9999995,2,-20.69196967835844,2.0,2.0,1.0317910324170826e-09,8.455712865637709e-10,8.455712858487801e-10
2867,"(1.0, 3.0, 7.0, 8.0, 12.0, 13.0, 14.0)",4730529599.999999,3,-20.569142558563083,3.0,3.0,1.1666346987534001e-09,6.341784649228282e-10,6.341784645206459e-10
2868,"(1.0, 3.0, 7.0, 8.0, 12.0, 14.0, 14.0)",2365264799.9999995,5,-20.47879979218682,5.0,5.0,1.2769393027071867e-09,2.1139282164094272e-09,2.113928211940735e-09
2869,"(1.0, 3.0, 7.0, 8.0, 13.0, 14.0, 14.0)",2365264799.9999995,4,-20.355972672391463,4.0,4.0,1.4438211342565566e-09,1.6911425731275419e-09,1.6911425702675787e-09
2870,"(1.0, 3.0, 7.0, 8.0, 14.0, 14.0, 14.0)",788421599.9999999,4,-20.2656299060152,4.0,4.0,1.5803335477519317e-09,5.073427719382625e-09,5.0734276936429565e-09
2871,"(1.0, 3.0, 7.0, 9.0, 9.0, 11.0, 14.0)",1979623799.9999995,3,-21.462032674600167,3.0,3.0,4.777026373567191e-10,1.5154394486467585e-09,1.5154394463502017e-09
2872,"(1.0, 3.0, 7.0, 9.0, 9.0, 14.0, 14.0)",1131213599.9999998,1,-21.366931265412028,1.0,1.0,5.25363209241657e-10,8.840063450439424e-10,8.840063442624752e-10
2873,"(1.0, 3.0, 7.0, 9.0, 11.0, 12.0, 14.0)",4524854399.999999,5,-21.209326621859457,6.0,8.0,6.150444207556358e-10,1.3260095175659135e-09,1.7680126883295836e-09
2874,"(1.0, 3.0, 7.0, 9.0, 11.0, 13.0, 14.0)",4524854399.999999,3,-21.0864995020641,3.0,3.0,6.954239182010661e-10,6.630047587829568e-10,6.630047583433814e-10
2875,"(1.0, 3.0, 7.0, 9.0, 11.0, 14.0, 14.0)",2262427199.9999995,2,-20.99615673568784,2.0,2.0,7.611758283397943e-10,8.840063450439424e-10,8.840063442624752e-10
2876,"(1.0, 3.0, 7.0, 9.0, 12.0, 12.0, 14.0)",2365264799.9999995,3,-21.327395098842945,3.0,3.0,5.465501215230876e-10,1.2683569298456565e-09,1.2683569282369271e-09
2877,"(1.0, 3.0, 7.0, 9.0, 12.0, 13.0, 13.0)",2365264799.9999995,1,-21.294910745423845,1.0,1.0,5.645959657697413e-10,4.2278564328188547e-10,4.227856431031378e-10
2878,"(1.0, 3.0, 7.0, 9.0, 12.0, 13.0, 14.0)",4730529599.999999,4,-21.20456797904758,4.0,4.0,6.179781722690708e-10,8.455712865637709e-10,8.455712858487801e-10
2879,"(1.0, 3.0, 7.0, 9.0, 12.0, 14.0, 14.0)",2365264799.9999995,3,-21.11422521267132,4.0,6.0,6.764076340509466e-10,1.6911425731275419e-09,2.5367138568313497e-09
2880,"(1.0, 3.0, 7.0, 9.0, 13.0, 13.0, 14.0)",2365264799.9999995,1,-21.081740859252225,1.0,1.0,6.98741078561605e-10,4.2278564328188547e-10,4.227856431031378e-10
2881,"(1.0, 3.0, 7.0, 9.0, 13.0, 14.0, 14.0)",2365264799.9999995,3,-20.99139809287596,3.0,3.0,7.648066242027014e-10,1.2683569298456565e-09,1.2683569282369271e-09
2882,"(1.0, 3.0, 7.0, 9.0, 14.0, 14.0, 14.0)",788421599.9999999,3,-20.9010553264997,3.0,3.0,8.371186271579129e-10,3.8050707895369695e-09,3.805070775058405e-09
2883,"(1.0, 3.0, 7.0, 11.0, 11.0, 11.0, 14.0)",659874599.9999998,4,-20.720483615151785,4.0,4.0,1.0027860957655988e-09,6.061757794587034e-09,6.061757757842127e-09
2884,"(1.0, 3.0, 7.0, 11.0, 11.0, 12.0, 14.0)",2262427199.9999995,1,-20.838552092135263,2.0,4.0,8.911110222396638e-10,8.840063450439424e-10,1.7680126893064175e-09
2885,"(1.0, 3.0, 7.0, 11.0, 11.0, 13.0, 14.0)",2262427199.9999995,2,-20.71572497233991,2.0,2.0,1.007569368529035e-09,8.840063450439424e-10,8.840063442624752e-10
2886,"(1.0, 3.0, 7.0, 11.0, 11.0, 14.0, 14.0)",1131213599.9999998,2,-20.625382205963646,2.0,2.0,1.1028344418808902e-09,1.7680126900878848e-09,1.768012686962016e-09
2887,"(1.0, 3.0, 7.0, 11.0, 12.0, 13.0, 14.0)",4730529599.999999,5,-20.83379344932339,6.0,8.0,8.953616067859319e-10,1.2683569298456565e-09,1.6911425715188125e-09
2888,"(1.0, 3.0, 7.0, 11.0, 12.0, 14.0, 14.0)",2365264799.9999995,2,-20.743450682947127,2.0,2.0,9.800175042467909e-10,8.455712865637709e-10,8.455712858487801e-10
2889,"(1.0, 3.0, 7.0, 11.0, 13.0, 14.0, 14.0)",2365264799.9999995,7,-20.62062356315177,8.0,10.0,1.1080949435678435e-09,3.3822851462550837e-09,4.227856421379002e-09
2890,"(1.0, 3.0, 7.0, 11.0, 14.0, 14.0, 14.0)",788421599.9999999,5,-20.53028079677551,7.0,11.0,1.2128646491355294e-09,8.878498508919595e-09,1.3951926149474484e-08
2891,"(1.0, 3.0, 7.0, 12.0, 13.0, 14.0, 14.0)",2262427199.999999,1,-20.73869204013525,1.0,1.0,9.846921712127096e-10,4.420031725219713e-10,4.420031723266045e-10
2892,"(1.0, 3.0, 7.0, 13.0, 13.0, 14.0, 14.0)",1131213599.9999995,1,-20.61586492033989,1.0,1.0,1.113380537759122e-09,8.840063450439426e-10,8.840063442624754e-10
2893,"(1.0, 3.0, 7.0, 13.0, 14.0, 14.0, 14.0)",754142399.9999996,5,-20.525522153963635,6.0,8.0,1.2186499930552767e-09,7.956057105395483e-09,1.0608076077228466e-08
2894,"(1.0, 3.0, 7.0, 14.0, 14.0, 14.0, 14.0)",188535599.9999999,1,-20.43517938758737,1.0,1.0,1.3338726115714958e-09,5.304038070263656e-09,5.304038042130836e-09
2895,"(1.0, 3.0, 8.0, 8.0, 8.0, 8.0, 14.0)",122199000.0,1,-19.80541824015712,1.0,1.0,2.5038951936462286e-09,8.183373022692493e-09,8.183372955724899e-09
2896,"(1.0, 3.0, 8.0, 8.0, 8.0, 9.0, 14.0)",488796000.0,1,-20.44084366064161,1.0,1.0,1.3263385505130542e-09,2.0458432556731234e-09,2.0458432514876486e-09
2897,"(1.0, 3.0, 8.0, 8.0, 8.0, 14.0, 14.0)",293277599.99999994,1,-19.97496772172929,1.0,1.0,2.1134001906124764e-09,3.409738759455206e-09,3.4097387478288877e-09
2898,"(1.0, 3.0, 8.0, 8.0, 9.0, 11.0, 14.0)",1466387999.9999998,1,-20.705494551401923,1.0,1.0,1.0179301344272028e-09,6.819477518910412e-10,6.819477514259885e-10
2899,"(1.0, 3.0, 8.0, 8.0, 9.0, 12.0, 14.0)",1759665599.9999998,3,-20.823563028385408,4.0,6.0,9.045685480565424e-10,2.2731591729701374e-09,3.4097387542879536e-09
2900,"(1.0, 3.0, 8.0, 8.0, 9.0, 13.0, 14.0)",1759665599.9999998,1,-20.700735908590048,1.0,1.0,1.0227856439996298e-09,5.682897932425344e-10,5.68289792919581e-10
2901,"(1.0, 3.0, 8.0, 8.0, 9.0, 14.0, 14.0)",879832799.9999999,4,-20.610393142213788,4.0,4.0,1.1194894069783447e-09,4.546318345940275e-09,4.546318325271265e-09
2902,"(1.0, 3.0, 8.0, 8.0, 11.0, 11.0, 14.0)",733193999.9999999,2,-20.33472002167773,2.0,2.0,1.474834551858133e-09,2.7277910075641647e-09,2.727791000123321e-09
2903,"(1.0, 3.0, 8.0, 8.0, 11.0, 14.0, 14.0)",879832799.9999999,5,-20.2396186124896,6.0,8.0,1.621979350065992e-09,6.819477518910412e-09,9.092636645375276e-09
2904,"(1.0, 3.0, 8.0, 8.0, 12.0, 14.0, 14.0)",963626400.0,1,-20.35768708947308,1.0,1.0,1.441347943287379e-09,1.0377465789646279e-09,1.0377465778877099e-09
2905,"(1.0, 3.0, 8.0, 8.0, 13.0, 13.0, 14.0)",963626400.0,2,-20.32520273605398,2.0,2.0,1.488937980258398e-09,2.0754931579292558e-09,2.075493153621584e-09
2906,"(1.0, 3.0, 8.0, 8.0, 13.0, 14.0, 14.0)",963626400.0,3,-20.23485996967772,3.0,3.0,1.6297161642089018e-09,3.1132397368938834e-09,3.1132397272016217e-09
2907,"(1.0, 3.0, 8.0, 9.0, 9.0, 11.0, 14.0)",1466387999.9999998,1,-21.34091997188642,1.0,1.0,5.392078639895665e-10,6.819477518910412e-10,6.819477514259885e-10
2908,"(1.0, 3.0, 8.0, 9.0, 9.0, 12.0, 14.0)",1759665599.9999998,1,-21.458988448869903,1.0,1.0,4.791590877739114e-10,5.682897932425344e-10,5.68289792919581e-10
2909,"(1.0, 3.0, 8.0, 9.0, 9.0, 13.0, 14.0)",1759665599.9999998,1,-21.336161329074542,1.0,1.0,5.41779876406317e-10,5.682897932425344e-10,5.68289792919581e-10
2910,"(1.0, 3.0, 8.0, 9.0, 9.0, 14.0, 14.0)",879832799.9999999,2,-21.245818562698283,2.0,2.0,5.930048354796112e-10,2.2731591729701374e-09,2.273159167802885e-09
2911,"(1.0, 3.0, 8.0, 9.0, 11.0, 11.0, 14.0)",1466387999.9999998,1,-20.970145442162234,2.0,4.0,7.812347444580927e-10,1.3638955037820824e-09,2.727791005703954e-09
2912,"(1.0, 3.0, 8.0, 9.0, 11.0, 12.0, 14.0)",3519331199.9999995,2,-21.08821391914572,2.0,2.0,6.942326929769454e-10,5.682897932425344e-10,5.68289792919581e-10
2913,"(1.0, 3.0, 8.0, 9.0, 11.0, 13.0, 14.0)",3519331199.9999995,2,-20.965386799350355,2.0,2.0,7.84961221012563e-10,5.682897932425344e-10,5.68289792919581e-10
2914,"(1.0, 3.0, 8.0, 9.0, 11.0, 14.0, 14.0)",1759665599.9999998,3,-20.87504403297409,3.0,3.0,8.591788288853572e-10,1.704869379727603e-09,1.7048693768210234e-09
2915,"(1.0, 3.0, 8.0, 9.0, 12.0, 12.0, 14.0)",1927252800.0,1,-21.2062823961292,1.0,1.0,6.169196076044167e-10,5.188732894823139e-10,5.188732892130844e-10
2916,"(1.0, 3.0, 8.0, 9.0, 12.0, 13.0, 14.0)",3854505600.000001,3,-21.08345527633384,3.0,3.0,6.975441712132594e-10,7.783099342234706e-10,7.783099336177043e-10
2917,"(1.0, 3.0, 8.0, 9.0, 12.0, 14.0, 14.0)",1927252800.0,1,-20.993112509957577,1.0,1.0,7.63496549989724e-10,5.188732894823139e-10,5.188732892130844e-10
2918,"(1.0, 3.0, 8.0, 9.0, 14.0, 14.0, 14.0)",642417600.0000001,1,-20.77994262378596,1.0,1.0,9.448994239456778e-10,1.5566198684469413e-09,1.556619866023876e-09
2919,"(1.0, 3.0, 8.0, 11.0, 11.0, 12.0, 14.0)",1759665599.9999998,1,-20.717439389421525,1.0,1.0,1.0058434542838859e-09,5.682897932425344e-10,5.68289792919581e-10
2920,"(1.0, 3.0, 8.0, 11.0, 11.0, 13.0, 14.0)",1759665599.9999998,1,-20.594612269626168,1.0,1.0,1.137296059389683e-09,5.682897932425344e-10,5.68289792919581e-10
2921,"(1.0, 3.0, 8.0, 11.0, 11.0, 14.0, 14.0)",879832799.9999999,2,-20.504269503249905,2.0,2.0,1.244826712766639e-09,2.2731591729701374e-09,2.273159167802885e-09
2922,"(1.0, 3.0, 8.0, 11.0, 12.0, 12.0, 14.0)",1927252800.0,1,-20.83550786640501,1.0,1.0,8.938278986364168e-10,5.188732894823139e-10,5.188732892130844e-10
2923,"(1.0, 3.0, 8.0, 11.0, 12.0, 13.0, 13.0)",1927252800.0,1,-20.80302351298591,1.0,1.0,9.233400667009978e-10,5.188732894823139e-10,5.188732892130844e-10
2924,"(1.0, 3.0, 8.0, 11.0, 12.0, 13.0, 14.0)",3854505600.000001,3,-20.71268074660965,3.0,3.0,1.0106413105958879e-09,7.783099342234706e-10,7.783099336177043e-10
2925,"(1.0, 3.0, 8.0, 11.0, 12.0, 14.0, 14.0)",1927252800.0,5,-20.622337980233382,7.0,11.0,1.1061968342090115e-09,3.6321130263761973e-09,5.707606171113208e-09
2926,"(1.0, 3.0, 8.0, 11.0, 13.0, 13.0, 14.0)",1927252800.0,2,-20.589853626814293,2.0,2.0,1.1427209424109108e-09,1.0377465789646279e-09,1.0377465778877099e-09
2927,"(1.0, 3.0, 8.0, 11.0, 13.0, 14.0, 14.0)",1927252800.0,5,-20.49951086043803,6.0,8.0,1.2507645151908226e-09,3.1132397368938834e-09,4.15098630616625e-09
2928,"(1.0, 3.0, 8.0, 11.0, 14.0, 14.0, 14.0)",642417600.0000001,3,-20.40916809406177,4.0,6.0,1.369023542318157e-09,6.226479473787765e-09,9.339719171912602e-09
2929,"(1.0, 3.0, 8.0, 12.0, 13.0, 13.0, 14.0)",1927252799.9999995,1,-20.70792210379777,1.0,1.0,1.0154620526015791e-09,5.18873289482314e-10,5.188732892130845e-10
2930,"(1.0, 3.0, 8.0, 12.0, 13.0, 14.0, 14.0)",1927252799.9999995,3,-20.61757933742151,3.0,3.0,1.1114733744506546e-09,1.5566198684469421e-09,1.5566198660238768e-09
2931,"(1.0, 3.0, 8.0, 12.0, 14.0, 14.0, 14.0)",642417599.9999999,1,-20.52723657104525,1.0,1.0,1.2165625086114655e-09,1.556619868446942e-09,1.5566198660238766e-09
2932,"(1.0, 3.0, 8.0, 13.0, 13.0, 14.0, 14.0)",963626399.9999998,1,-20.49475221762616,1.0,1.0,1.2567306408324113e-09,1.037746578964628e-09,1.03774657788771e-09
2933,"(1.0, 3.0, 8.0, 13.0, 14.0, 14.0, 14.0)",642417599.9999999,2,-20.40440945124989,2.0,2.0,1.375553761524556e-09,3.113239736893884e-09,3.113239727201622e-09
2934,"(1.0, 3.0, 8.0, 14.0, 14.0, 14.0, 14.0)",160604399.99999997,1,-20.31406668487363,1.0,1.0,1.5056115362883543e-09,6.226479473787768e-09,6.2264794350187214e-09
2935,"(1.0, 3.0, 9.0, 9.0, 11.0, 11.0, 14.0)",733193999.9999999,1,-21.60557086264673,1.0,1.0,4.13827927464515e-10,1.3638955037820824e-09,1.3638955019218715e-09
2936,"(1.0, 3.0, 9.0, 9.0, 12.0, 14.0, 14.0)",963626400.0,1,-21.628537930442075,1.0,1.0,4.044318268611035e-10,1.0377465789646279e-09,1.0377465778877099e-09
2937,"(1.0, 3.0, 9.0, 9.0, 13.0, 14.0, 14.0)",963626400.0,2,-21.50571081064672,3.0,5.0,4.5728658969936135e-10,3.1132397368938834e-09,5.188732885130878e-09
2938,"(1.0, 3.0, 9.0, 11.0, 11.0, 12.0, 14.0)",1759665599.9999998,1,-21.352864809906023,1.0,1.0,5.328054275527374e-10,5.682897932425344e-10,5.68289792919581e-10
2939,"(1.0, 3.0, 9.0, 11.0, 11.0, 13.0, 14.0)",1759665599.9999998,1,-21.230037690110667,1.0,1.0,6.024371989462091e-10,5.682897932425344e-10,5.68289792919581e-10
2940,"(1.0, 3.0, 9.0, 11.0, 11.0, 14.0, 14.0)",879832799.9999999,1,-21.139694923734403,2.0,4.0,6.593972711160123e-10,2.2731591729701374e-09,4.546318340773022e-09
2941,"(1.0, 3.0, 9.0, 11.0, 12.0, 13.0, 14.0)",3854505600.000001,3,-21.348106167094148,3.0,3.0,5.353469004556682e-10,7.783099342234706e-10,7.783099336177043e-10
2942,"(1.0, 3.0, 9.0, 11.0, 12.0, 14.0, 14.0)",1927252800.0,2,-21.257763400717884,2.0,2.0,5.859636255502918e-10,1.0377465789646279e-09,1.0377465778877099e-09
2943,"(1.0, 3.0, 9.0, 11.0, 13.0, 14.0, 14.0)",1927252800.0,1,-21.134936280922528,1.0,1.0,6.625425849775945e-10,5.188732894823139e-10,5.188732892130844e-10
2944,"(1.0, 3.0, 9.0, 11.0, 14.0, 14.0, 14.0)",642417600.0000001,2,-21.044593514546264,2.0,2.0,7.251855849814194e-10,3.1132397368938826e-09,3.113239727201621e-09
2945,"(1.0, 3.0, 9.0, 12.0, 13.0, 14.0, 14.0)",1927252799.9999995,1,-21.25300475790601,1.0,1.0,5.887586621610848e-10,5.18873289482314e-10,5.188732892130845e-10
2946,"(1.0, 3.0, 9.0, 12.0, 14.0, 14.0, 14.0)",642417599.9999999,1,-21.162661991529745,1.0,1.0,6.444254369650863e-10,1.556619868446942e-09,1.5566198660238766e-09
2947,"(1.0, 3.0, 9.0, 13.0, 14.0, 14.0, 14.0)",642417599.9999999,2,-21.03983487173439,2.0,2.0,7.286447079905293e-10,3.113239736893884e-09,3.113239727201622e-09
2948,"(1.0, 3.0, 11.0, 11.0, 12.0, 12.0, 14.0)",963626400.0,1,-21.10015875716532,1.0,1.0,6.859895255715836e-10,1.0377465789646279e-09,1.0377465778877099e-09
2949,"(1.0, 3.0, 11.0, 11.0, 12.0, 14.0, 14.0)",963626400.0,1,-20.886988870993697,1.0,1.0,8.489771270794699e-10,1.0377465789646279e-09,1.0377465778877099e-09
2950,"(1.0, 3.0, 11.0, 11.0, 13.0, 13.0, 14.0)",963626400.0,1,-20.8545045175746,1.0,1.0,8.770084244864703e-10,1.0377465789646279e-09,1.0377465778877099e-09
2951,"(1.0, 3.0, 11.0, 11.0, 13.0, 14.0, 14.0)",963626400.0,1,-20.764161751198337,1.0,1.0,9.599290396803124e-10,1.0377465789646279e-09,1.0377465778877099e-09
2952,"(1.0, 3.0, 11.0, 12.0, 14.0, 14.0, 14.0)",642417599.9999999,2,-20.79188746180556,2.0,2.0,9.336798945118047e-10,3.113239736893884e-09,3.113239727201622e-09
2953,"(1.0, 3.0, 11.0, 13.0, 13.0, 14.0, 14.0)",963626399.9999998,2,-20.75940310838646,2.0,2.0,9.64507885009065e-10,2.075493157929256e-09,2.0754931536215845e-09
2954,"(1.0, 3.0, 11.0, 13.0, 14.0, 14.0, 14.0)",642417599.9999999,2,-20.6690603420102,2.0,2.0,1.055701521183188e-09,3.113239736893884e-09,3.113239727201622e-09
2955,"(1.0, 3.0, 12.0, 12.0, 12.0, 13.0, 14.0)",586555199.9999999,1,-21.21346859133692,1.0,1.0,6.12502194084737e-10,1.704869379727603e-09,1.7048693768210234e-09
2956,"(1.0, 3.0, 12.0, 12.0, 14.0, 14.0, 14.0)",293277599.99999994,1,-20.90995593878904,1.0,1.0,8.297008193036571e-10,3.409738759455206e-09,3.4097387478288877e-09
2957,"(1.0, 3.0, 12.0, 13.0, 13.0, 14.0, 14.0)",879832799.9999999,1,-20.877471585369943,1.0,1.0,8.570956567885493e-10,1.1365795864850687e-09,1.1365795851932556e-09
2958,"(1.0, 3.0, 12.0, 13.0, 14.0, 14.0, 14.0)",586555199.9999999,1,-20.787128818993683,1.0,1.0,9.381335318608315e-10,1.704869379727603e-09,1.7048693768210234e-09
2959,"(1.0, 3.0, 12.0, 14.0, 14.0, 14.0, 14.0)",146638799.99999997,1,-20.69678605261742,1.0,1.0,1.026833488923869e-09,6.819477518910412e-09,6.819477472405139e-09
2960,"(1.0, 3.0, 13.0, 14.0, 14.0, 14.0, 14.0)",146638799.99999997,1,-20.573958932822062,1.0,1.0,1.161029259204063e-09,6.819477518910412e-09,6.819477472405139e-09
2961,"(1.0, 4.0, 4.0, 4.0, 4.0, 11.0, 14.0)",242189999.99999988,1,-21.37981603935902,1.0,1.0,5.186374460687817e-10,4.128989636236015e-09,4.1289896191874594e-09
2962,"(1.0, 4.0, 4.0, 4.0, 8.0, 8.0, 14.0)",444015000.0,1,-20.758118783705623,1.0,1.0,9.657474221043042e-10,2.2521761652196435e-09,2.252176160147346e-09
2963,"(1.0, 4.0, 4.0, 4.0, 8.0, 14.0, 14.0)",484379999.9999998,2,-20.927668265277795,2.0,2.0,8.151342720485719e-10,4.128989636236014e-09,4.128989619187459e-09
2964,"(1.0, 4.0, 4.0, 4.0, 9.0, 12.0, 14.0)",968759999.9999996,1,-21.77626357193391,1.0,1.0,3.488902992501477e-10,1.0322474090590035e-09,1.0322474079934688e-09
2965,"(1.0, 4.0, 4.0, 4.0, 9.0, 14.0, 14.0)",484379999.9999998,1,-21.56309368576229,1.0,1.0,4.317848493043458e-10,2.064494818118007e-09,2.0644948138558684e-09
2966,"(1.0, 4.0, 4.0, 4.0, 11.0, 14.0, 14.0)",484379999.9999998,1,-21.192319156038103,1.0,1.0,6.255942261511301e-10,2.064494818118007e-09,2.0644948138558684e-09
2967,"(1.0, 4.0, 4.0, 4.0, 12.0, 14.0, 14.0)",484379999.9999998,2,-21.310387633021584,2.0,2.0,5.559250499451206e-10,4.128989636236014e-09,4.128989619187459e-09
2968,"(1.0, 4.0, 4.0, 6.0, 6.0, 12.0, 14.0)",1516319999.999999,1,-21.464524058138373,1.0,1.0,4.76513978187627e-10,6.594914002321414e-10,6.594913997972125e-10
2969,"(1.0, 4.0, 4.0, 6.0, 7.0, 8.0, 13.0)",2906279999.9999986,1,-20.952894023693567,1.0,1.0,7.948290755535689e-10,3.4408246968633457e-10,3.440824695679418e-10
2970,"(1.0, 4.0, 4.0, 6.0, 7.0, 8.0, 14.0)",2906279999.9999986,1,-20.862551257317303,1.0,1.0,8.699796830947071e-10,3.4408246968633457e-10,3.440824695679418e-10
2971,"(1.0, 4.0, 4.0, 6.0, 7.0, 12.0, 14.0)",3032639999.999998,2,-21.24527062506109,2.0,2.0,5.933298541848672e-10,6.594914002321414e-10,6.594913997972125e-10
2972,"(1.0, 4.0, 4.0, 6.0, 7.0, 14.0, 14.0)",1516319999.999999,1,-21.032100738889472,1.0,1.0,7.343019918513053e-10,6.594914002321414e-10,6.594913997972125e-10
2973,"(1.0, 4.0, 4.0, 6.0, 8.0, 9.0, 14.0)",2664089999.9999995,1,-21.376863975088057,1.0,1.0,5.20170759248905e-10,3.75362694203274e-10,3.7536269406237686e-10
2974,"(1.0, 4.0, 4.0, 6.0, 8.0, 12.0, 14.0)",2906279999.999999,1,-21.12415792234735,1.0,1.0,6.697223299551478e-10,3.440824696863345e-10,3.4408246956794176e-10
2975,"(1.0, 4.0, 4.0, 6.0, 8.0, 13.0, 14.0)",2906279999.999999,1,-21.00133080255199,1.0,1.0,7.572476248657849e-10,3.440824696863345e-10,3.4408246956794176e-10
2976,"(1.0, 4.0, 4.0, 6.0, 8.0, 14.0, 14.0)",1453139999.9999995,1,-20.91098803617573,1.0,1.0,8.288449290133606e-10,6.88164939372669e-10,6.88164938899098e-10
2977,"(1.0, 4.0, 4.0, 6.0, 9.0, 9.0, 14.0)",1332044999.9999998,1,-22.012289395572555,2.0,4.0,2.75539700140876e-10,1.501450776813096e-09,3.0029015513718374e-09
2978,"(1.0, 4.0, 4.0, 6.0, 9.0, 14.0, 14.0)",1453139999.9999995,1,-21.54641345666023,1.0,1.0,4.390475226508185e-10,6.88164939372669e-10,6.88164938899098e-10
2979,"(1.0, 4.0, 4.0, 6.0, 11.0, 12.0, 14.0)",2906279999.999999,1,-21.38880881310766,1.0,1.0,5.139943652368684e-10,3.440824696863345e-10,3.4408246956794176e-10
2980,"(1.0, 4.0, 4.0, 6.0, 11.0, 13.0, 14.0)",2906279999.999999,2,-21.265981693312305,2.0,2.0,5.811677390181678e-10,6.88164939372669e-10,6.88164938899098e-10
2981,"(1.0, 4.0, 4.0, 6.0, 11.0, 14.0, 14.0)",1453139999.9999995,1,-21.17563892693604,1.0,1.0,6.361167966380198e-10,6.88164939372669e-10,6.88164938899098e-10
2982,"(1.0, 4.0, 4.0, 7.0, 7.0, 7.0, 14.0)",484379999.9999998,1,-20.764410526953764,1.0,1.0,9.596902623105513e-10,2.064494818118007e-09,2.0644948138558684e-09
2983,"(1.0, 4.0, 4.0, 7.0, 7.0, 12.0, 14.0)",1516319999.999999,1,-21.02601719198381,1.0,1.0,7.387827681487606e-10,6.594914002321414e-10,6.594913997972125e-10
2984,"(1.0, 4.0, 4.0, 7.0, 7.0, 14.0, 14.0)",758159999.9999995,1,-20.81284730581219,1.0,1.0,9.143137739838579e-10,1.3189828004642828e-09,1.3189827987245671e-09
2985,"(1.0, 4.0, 4.0, 7.0, 8.0, 9.0, 14.0)",2664089999.9999995,1,-21.157610542010776,1.0,1.0,6.476889553381777e-10,3.75362694203274e-10,3.7536269406237686e-10
2986,"(1.0, 4.0, 4.0, 7.0, 8.0, 11.0, 14.0)",2664089999.9999995,1,-20.786836012286585,1.0,1.0,9.384082638708382e-10,3.75362694203274e-10,3.7536269406237686e-10
2987,"(1.0, 4.0, 4.0, 7.0, 8.0, 12.0, 14.0)",2906279999.999999,2,-20.904904489270063,2.0,2.0,8.33902614752208e-10,6.88164939372669e-10,6.88164938899098e-10
2988,"(1.0, 4.0, 4.0, 7.0, 8.0, 14.0, 14.0)",1453139999.9999995,1,-20.69173460309845,1.0,1.0,1.0320336094730987e-09,6.88164939372669e-10,6.88164938899098e-10
2989,"(1.0, 4.0, 4.0, 7.0, 9.0, 11.0, 14.0)",2664089999.9999995,1,-21.422261432771084,1.0,1.0,4.970843267123442e-10,3.75362694203274e-10,3.7536269406237686e-10
2990,"(1.0, 4.0, 4.0, 7.0, 9.0, 13.0, 14.0)",2906279999.999999,2,-21.417502789959208,3.0,5.0,4.994554105667518e-10,1.0322474090590035e-09,1.7204123473661378e-09
2991,"(1.0, 4.0, 4.0, 7.0, 9.0, 14.0, 14.0)",1453139999.9999995,1,-21.327160023582948,1.0,1.0,5.466786170374728e-10,6.88164939372669e-10,6.88164938899098e-10
2992,"(1.0, 4.0, 4.0, 7.0, 11.0, 11.0, 14.0)",1332044999.9999998,1,-21.051486903046893,1.0,1.0,7.202037894624567e-10,7.50725388406548e-10,7.507253878429593e-10
2993,"(1.0, 4.0, 4.0, 7.0, 11.0, 12.0, 14.0)",2906279999.999999,1,-21.16955538003037,1.0,1.0,6.399984381103602e-10,3.440824696863345e-10,3.4408246956794176e-10
2994,"(1.0, 4.0, 4.0, 7.0, 11.0, 14.0, 14.0)",1453139999.9999995,1,-20.95638549385876,1.0,1.0,7.92058792544312e-10,6.88164939372669e-10,6.88164938899098e-10
2995,"(1.0, 4.0, 4.0, 7.0, 12.0, 14.0, 14.0)",1453139999.9999995,1,-21.07445397084224,1.0,1.0,7.038513231071557e-10,6.88164939372669e-10,6.88164938899098e-10
2996,"(1.0, 4.0, 4.0, 7.0, 13.0, 13.0, 14.0)",1453139999.9999995,1,-21.041969617423145,1.0,1.0,7.270908959283894e-10,6.88164939372669e-10,6.88164938899098e-10
2997,"(1.0, 4.0, 4.0, 7.0, 14.0, 14.0, 14.0)",484379999.9999998,1,-20.86128408467062,1.0,1.0,8.710827963221421e-10,2.064494818118007e-09,2.0644948138558684e-09
2998,"(1.0, 4.0, 4.0, 8.0, 8.0, 8.0, 14.0)",372972600.0,1,-20.40107241881253,1.0,1.0,1.3801516965083901e-09,2.6811621014519565e-09,2.6811620942633264e-09
2999,"(1.0, 4.0, 4.0, 8.0, 8.0, 11.0, 14.0)",1118917799.9999998,1,-20.665723309572844,1.0,1.0,1.0592303159802375e-09,8.937207004839857e-10,8.93720699685249e-10
3000,"(1.0, 4.0, 4.0, 8.0, 8.0, 12.0, 14.0)",1278763200.0,1,-20.783791786556325,1.0,1.0,9.412693431292079e-10,7.820056129234873e-10,7.820056123119546e-10
3001,"(1.0, 4.0, 4.0, 8.0, 8.0, 14.0, 14.0)",639381600.0,2,-20.570621900384705,2.0,2.0,1.1649101231858729e-09,3.1280224516939493e-09,3.1280224419094247e-09
3002,"(1.0, 4.0, 4.0, 8.0, 9.0, 11.0, 14.0)",2237835599.9999995,1,-21.301148730057346,1.0,1.0,5.61084986912273e-10,4.4686035024199283e-10,4.4686035004230864e-10
3003,"(1.0, 4.0, 4.0, 8.0, 9.0, 14.0, 14.0)",1278763200.0,1,-21.206047320869203,1.0,1.0,6.170646471885128e-10,7.820056129234873e-10,7.820056123119546e-10
3004,"(1.0, 4.0, 4.0, 8.0, 11.0, 11.0, 14.0)",1118917799.9999998,1,-20.93037420033315,1.0,1.0,8.129315531981314e-10,8.937207004839857e-10,8.93720699685249e-10
3005,"(1.0, 4.0, 4.0, 8.0, 11.0, 12.0, 14.0)",2557526400.0,1,-21.04844267731664,1.0,1.0,7.223995929343122e-10,3.9100280646174367e-10,3.910028063088605e-10
3006,"(1.0, 4.0, 4.0, 8.0, 11.0, 14.0, 14.0)",1278763200.0,3,-20.83527279114501,3.0,3.0,8.940380401606539e-10,2.346016838770462e-09,2.346016833266667e-09
3007,"(1.0, 4.0, 4.0, 8.0, 12.0, 14.0, 14.0)",1336888799.9999998,1,-20.953341268128497,1.0,1.0,7.944736721548271e-10,7.480053688833358e-10,7.480053683238238e-10
3008,"(1.0, 4.0, 4.0, 8.0, 13.0, 14.0, 14.0)",1336888799.9999998,1,-20.830514148333137,1.0,1.0,8.983025865330368e-10,7.480053688833358e-10,7.480053683238238e-10
3009,"(1.0, 4.0, 4.0, 9.0, 9.0, 14.0, 14.0)",639381600.0,1,-21.8414727413537,1.0,1.0,3.268653703244781e-10,1.5640112258469747e-09,1.5640112234008436e-09
3010,"(1.0, 4.0, 4.0, 9.0, 11.0, 12.0, 14.0)",2557526400.0,1,-21.68386809780113,1.0,1.0,3.826623540054972e-10,3.9100280646174367e-10,3.910028063088605e-10
3011,"(1.0, 4.0, 4.0, 9.0, 11.0, 14.0, 14.0)",1278763200.0,1,-21.47069821162951,1.0,1.0,4.735809714796474e-10,7.820056129234873e-10,7.820056123119546e-10
3012,"(1.0, 4.0, 4.0, 9.0, 13.0, 14.0, 14.0)",1336888799.9999998,1,-21.465939568817635,1.0,1.0,4.758399447260114e-10,7.480053688833358e-10,7.480053683238238e-10
3013,"(1.0, 4.0, 4.0, 9.0, 14.0, 14.0, 14.0)",445629600.0,1,-21.37559680244137,1.0,1.0,5.208303232090803e-10,2.244016106650007e-09,2.2440161016143988e-09
3014,"(1.0, 4.0, 4.0, 11.0, 12.0, 12.0, 14.0)",1336888799.9999998,1,-21.431162045060425,1.0,1.0,4.926796032916812e-10,7.480053688833358e-10,7.480053683238238e-10
3015,"(1.0, 4.0, 4.0, 11.0, 12.0, 14.0, 14.0)",1336888799.9999998,2,-21.217992158888805,2.0,2.0,6.097377563086068e-10,1.4960107377666716e-09,1.4960107355286234e-09
3016,"(1.0, 4.0, 4.0, 11.0, 13.0, 14.0, 14.0)",1336888799.9999998,2,-21.095165039093445,2.0,2.0,6.894237314539108e-10,1.4960107377666716e-09,1.4960107355286234e-09
3017,"(1.0, 4.0, 4.0, 13.0, 14.0, 14.0, 14.0)",426254400.0,1,-21.00006362990531,1.0,1.0,7.582077965659554e-10,2.346016838770462e-09,2.346016833266667e-09
3018,"(1.0, 4.0, 4.0, 14.0, 14.0, 14.0, 14.0)",106563600.0,1,-20.90972086352905,1.0,1.0,8.298958843660559e-10,9.384067355081848e-09,9.384067267021128e-09
3019,"(1.0, 4.0, 6.0, 6.0, 6.0, 6.0, 14.0)",242189999.9999999,1,-21.405490597083546,1.0,1.0,5.054911439119307e-10,4.128989636236014e-09,4.128989619187459e-09
3020,"(1.0, 4.0, 6.0, 6.0, 7.0, 14.0, 14.0)",1516319999.999999,2,-21.01542050978741,2.0,2.0,7.466530400945968e-10,1.3189828004642828e-09,1.3189827987245671e-09
3021,"(1.0, 4.0, 6.0, 6.0, 8.0, 11.0, 14.0)",2664089999.9999995,1,-20.989409216261805,3.0,9.0,7.663292438613357e-10,1.126088082609822e-09,3.378264246561391e-09
3022,"(1.0, 4.0, 6.0, 6.0, 8.0, 12.0, 14.0)",2906279999.999999,2,-21.107477693245286,2.0,2.0,6.809871404809e-10,6.88164939372669e-10,6.88164938899098e-10
3023,"(1.0, 4.0, 6.0, 6.0, 8.0, 14.0, 14.0)",1453139999.9999995,1,-20.894307807073663,1.0,1.0,8.427862008852323e-10,6.88164939372669e-10,6.88164938899098e-10
3024,"(1.0, 4.0, 6.0, 6.0, 9.0, 13.0, 14.0)",2906279999.999999,1,-21.620075993934428,1.0,1.0,4.0786862377285387e-10,3.440824696863345e-10,3.4408246956794176e-10
3025,"(1.0, 4.0, 6.0, 6.0, 12.0, 12.0, 13.0)",1453139999.9999995,1,-21.580539827365342,1.0,1.0,4.2431719992400415e-10,6.88164939372669e-10,6.88164938899098e-10
3026,"(1.0, 4.0, 6.0, 6.0, 12.0, 13.0, 14.0)",2906279999.999999,2,-21.36736994119372,3.0,5.0,5.251327956672937e-10,1.0322474090590035e-09,1.7204123473661378e-09
3027,"(1.0, 4.0, 6.0, 7.0, 7.0, 8.0, 14.0)",2906279999.9999986,1,-20.62661759513796,1.0,1.0,1.1014728533693519e-09,3.4408246968633457e-10,3.440824695679418e-10
3028,"(1.0, 4.0, 6.0, 7.0, 7.0, 9.0, 14.0)",2906279999.9999986,1,-21.262043015622456,1.0,1.0,5.834612852305313e-10,3.4408246968633457e-10,3.440824695679418e-10
3029,"(1.0, 4.0, 6.0, 7.0, 7.0, 11.0, 14.0)",2906279999.9999986,1,-20.891268485898262,1.0,1.0,8.453515953860194e-10,3.4408246968633457e-10,3.440824695679418e-10
3030,"(1.0, 4.0, 6.0, 7.0, 7.0, 12.0, 14.0)",3032639999.999998,1,-21.009336962881747,1.0,1.0,7.512091835908797e-10,3.297457001160707e-10,3.297457000073385e-10
3031,"(1.0, 4.0, 6.0, 7.0, 8.0, 8.0, 14.0)",2664089999.9999995,2,-20.505504892424213,2.0,2.0,1.2432898168495521e-09,7.50725388406548e-10,7.507253878429593e-10
3032,"(1.0, 4.0, 6.0, 7.0, 8.0, 11.0, 14.0)",5328179999.999999,3,-20.77015578318452,3.0,3.0,9.541924042757327e-10,5.63044041304911e-10,5.630440409878924e-10
3033,"(1.0, 4.0, 6.0, 7.0, 8.0, 12.0, 14.0)",5812559999.999998,1,-20.888224260168,1.0,1.0,8.47928957509425e-10,1.7204123484316726e-10,1.7204123481356908e-10
3034,"(1.0, 4.0, 6.0, 7.0, 8.0, 14.0, 14.0)",2906279999.999999,2,-20.675054373996385,2.0,2.0,1.049392539505641e-09,6.88164939372669e-10,6.88164938899098e-10
3035,"(1.0, 4.0, 6.0, 7.0, 9.0, 9.0, 14.0)",2664089999.9999995,2,-21.77635573339321,2.0,2.0,3.4885814649267857e-10,7.50725388406548e-10,7.507253878429593e-10
3036,"(1.0, 4.0, 6.0, 7.0, 9.0, 11.0, 14.0)",5328179999.999999,1,-21.405581203669023,2.0,4.0,5.054453451602575e-10,3.75362694203274e-10,7.507253882656508e-10
3037,"(1.0, 4.0, 6.0, 7.0, 9.0, 14.0, 14.0)",2906279999.999999,3,-21.310479794480884,4.0,6.0,5.558738174421238e-10,1.376329878745338e-09,2.064494816223723e-09
3038,"(1.0, 4.0, 6.0, 7.0, 11.0, 12.0, 14.0)",5812559999.999998,1,-21.15287515092832,2.0,4.0,6.507632891831432e-10,3.440824696863345e-10,6.881649392542763e-10
3039,"(1.0, 4.0, 6.0, 7.0, 11.0, 13.0, 14.0)",5812559999.999998,1,-21.03004803113296,1.0,1.0,7.358108473354681e-10,1.7204123484316726e-10,1.7204123481356908e-10
3040,"(1.0, 4.0, 6.0, 7.0, 11.0, 14.0, 14.0)",2906279999.999999,6,-20.939705264756693,8.0,12.0,8.053813171551715e-10,2.752659757490676e-09,4.1289896286588785e-09
3041,"(1.0, 4.0, 6.0, 7.0, 12.0, 13.0, 14.0)",5812559999.999998,2,-21.14811650811644,2.0,2.0,6.53867419096532e-10,3.440824696863345e-10,3.4408246956794176e-10
3042,"(1.0, 4.0, 6.0, 7.0, 12.0, 14.0, 14.0)",2906279999.999999,4,-21.05777374174017,4.0,4.0,7.156901874222142e-10,1.376329878745338e-09,1.3763298768510541e-09
3043,"(1.0, 4.0, 6.0, 7.0, 13.0, 13.0, 14.0)",2906279999.999999,1,-21.02528938832108,1.0,1.0,7.393206526667997e-10,3.440824696863345e-10,3.4408246956794176e-10
3044,"(1.0, 4.0, 6.0, 7.0, 13.0, 14.0, 14.0)",2906279999.999999,1,-20.934946621944817,1.0,1.0,8.092229724541389e-10,3.440824696863345e-10,3.4408246956794176e-10
3045,"(1.0, 4.0, 6.0, 7.0, 14.0, 14.0, 14.0)",968759999.9999996,2,-20.84460385556856,2.0,2.0,8.857345142265821e-10,2.064494818118007e-09,2.0644948138558684e-09
3046,"(1.0, 4.0, 6.0, 8.0, 8.0, 12.0, 14.0)",2557526400.0,1,-20.76711155745426,1.0,1.0,9.571016072329893e-10,3.9100280646174367e-10,3.910028063088605e-10
3047,"(1.0, 4.0, 6.0, 8.0, 9.0, 11.0, 14.0)",4475671199.999999,2,-21.28446850095528,2.0,2.0,5.705225041992271e-10,4.4686035024199283e-10,4.4686035004230864e-10
3048,"(1.0, 4.0, 6.0, 8.0, 9.0, 13.0, 14.0)",5115052800.0,3,-21.2797098581434,3.0,3.0,5.732438869216154e-10,5.865042096926155e-10,5.865042093486283e-10
3049,"(1.0, 4.0, 6.0, 8.0, 9.0, 14.0, 14.0)",2557526400.0,2,-21.18936709176714,2.0,2.0,6.274437491264522e-10,7.820056129234873e-10,7.820056123119546e-10
3050,"(1.0, 4.0, 6.0, 8.0, 11.0, 11.0, 14.0)",2237835599.9999995,1,-20.913693971231087,1.0,1.0,8.266051601656573e-10,4.4686035024199283e-10,4.4686035004230864e-10
3051,"(1.0, 4.0, 6.0, 8.0, 11.0, 14.0, 14.0)",2557526400.0,1,-20.81859256204295,1.0,1.0,9.090758680405975e-10,3.9100280646174367e-10,3.910028063088605e-10
3052,"(1.0, 4.0, 6.0, 8.0, 12.0, 12.0, 14.0)",2673777599.9999995,2,-21.149830925198053,2.0,2.0,6.527473780072491e-10,7.480053688833358e-10,7.480053683238238e-10
3053,"(1.0, 4.0, 6.0, 8.0, 12.0, 13.0, 13.0)",2673777599.9999995,1,-21.11734657177896,2.0,4.0,6.742996145763342e-10,7.480053688833358e-10,1.4960107372071596e-09
3054,"(1.0, 4.0, 6.0, 8.0, 12.0, 13.0, 14.0)",5347555199.999999,1,-21.027003805402693,1.0,1.0,7.380542346056484e-10,1.8700134222083395e-10,1.8700134218586445e-10
3055,"(1.0, 4.0, 6.0, 8.0, 13.0, 13.0, 14.0)",2673777599.9999995,1,-20.904176685607336,1.0,1.0,8.345097530415175e-10,3.740026844416679e-10,3.740026843017899e-10
3056,"(1.0, 4.0, 6.0, 8.0, 13.0, 14.0, 14.0)",2673777599.9999995,1,-20.813833919231072,1.0,1.0,9.134121445983405e-10,3.740026844416679e-10,3.740026843017899e-10
3057,"(1.0, 4.0, 6.0, 8.0, 14.0, 14.0, 14.0)",891259199.9999999,1,-20.72349115285481,1.0,1.0,9.99774709473325e-10,1.1220080533250038e-09,1.1220080520661017e-09
3058,"(1.0, 4.0, 6.0, 9.0, 9.0, 11.0, 14.0)",2237835599.9999995,1,-21.919893921439776,1.0,1.0,3.022115275331256e-10,4.4686035024199283e-10,4.4686035004230864e-10
3059,"(1.0, 4.0, 6.0, 9.0, 9.0, 13.0, 14.0)",2557526400.0,1,-21.9151352786279,1.0,1.0,3.036530714222459e-10,3.9100280646174367e-10,3.910028063088605e-10
3060,"(1.0, 4.0, 6.0, 9.0, 11.0, 11.0, 14.0)",2237835599.9999995,1,-21.549119391715585,1.0,1.0,4.378610944910116e-10,4.4686035024199283e-10,4.4686035004230864e-10
3061,"(1.0, 4.0, 6.0, 9.0, 11.0, 13.0, 14.0)",5115052800.0,1,-21.54436074890372,1.0,1.0,4.3994968452659994e-10,1.9550140323087183e-10,1.9550140319265102e-10
3062,"(1.0, 4.0, 6.0, 9.0, 11.0, 14.0, 14.0)",2557526400.0,3,-21.45401798252745,4.0,6.0,4.815466606521676e-10,1.5640112258469747e-09,2.346016836324331e-09
3063,"(1.0, 4.0, 6.0, 9.0, 12.0, 13.0, 14.0)",5347555199.999999,1,-21.662429225887195,1.0,1.0,3.909547756674897e-10,1.8700134222083395e-10,1.8700134218586445e-10
3064,"(1.0, 4.0, 6.0, 9.0, 12.0, 14.0, 14.0)",2673777599.9999995,2,-21.57208645951093,2.0,2.0,4.279193128443145e-10,7.480053688833358e-10,7.480053683238238e-10
3065,"(1.0, 4.0, 6.0, 9.0, 14.0, 14.0, 14.0)",891259199.9999999,2,-21.35891657333931,2.0,2.0,5.295907521877691e-10,2.2440161066500076e-09,2.244016101614399e-09
3066,"(1.0, 4.0, 6.0, 11.0, 11.0, 13.0, 14.0)",2557526400.0,1,-21.17358621917952,1.0,1.0,6.374238996117687e-10,3.9100280646174367e-10,3.910028063088605e-10
3067,"(1.0, 4.0, 6.0, 11.0, 12.0, 13.0, 14.0)",5347555199.999999,3,-21.291654696163004,3.0,3.0,5.664373141805166e-10,5.610040266625019e-10,5.610040263477764e-10
3068,"(1.0, 4.0, 6.0, 11.0, 12.0, 14.0, 14.0)",2673777599.9999995,1,-21.20131192978674,1.0,1.0,6.199936190564918e-10,3.740026844416679e-10,3.740026843017899e-10
3069,"(1.0, 4.0, 6.0, 11.0, 13.0, 14.0, 14.0)",2673777599.9999995,1,-21.078484809991384,1.0,1.0,7.010199219337831e-10,3.740026844416679e-10,3.740026843017899e-10
3070,"(1.0, 4.0, 6.0, 11.0, 14.0, 14.0, 14.0)",891259199.9999999,1,-20.98814204361512,1.0,1.0,7.673009308350666e-10,1.1220080533250038e-09,1.1220080520661017e-09
3071,"(1.0, 4.0, 6.0, 12.0, 14.0, 14.0, 14.0)",852508799.9999999,1,-21.1062105205986,1.0,1.0,6.818506157286269e-10,1.1730084193852312e-09,1.1730084180092824e-09
3072,"(1.0, 4.0, 6.0, 13.0, 13.0, 14.0, 14.0)",1278763199.9999998,1,-21.073726167179508,1.0,1.0,7.043637751377428e-10,7.820056129234874e-10,7.820056123119547e-10
3073,"(1.0, 4.0, 7.0, 7.0, 7.0, 8.0, 14.0)",968759999.9999996,1,-20.40736416206068,1.0,1.0,1.3714953965545484e-09,1.0322474090590035e-09,1.0322474079934688e-09
3074,"(1.0, 4.0, 7.0, 7.0, 8.0, 9.0, 14.0)",2664089999.9999995,1,-20.92167687983143,1.0,1.0,8.200327152404281e-10,3.75362694203274e-10,3.7536269406237686e-10
3075,"(1.0, 4.0, 7.0, 7.0, 8.0, 11.0, 14.0)",2664089999.9999995,2,-20.55090235010724,2.0,2.0,1.1881096169445523e-09,7.50725388406548e-10,7.507253878429593e-10
3076,"(1.0, 4.0, 7.0, 7.0, 8.0, 12.0, 12.0)",1453139999.9999995,1,-20.882140713262345,2.0,4.0,8.531030956935677e-10,1.376329878745338e-09,2.752659755596392e-09
3077,"(1.0, 4.0, 7.0, 7.0, 8.0, 12.0, 14.0)",2906279999.999999,1,-20.668970827090725,1.0,1.0,1.0557960264496007e-09,3.440824696863345e-10,3.4408246956794176e-10
3078,"(1.0, 4.0, 7.0, 7.0, 8.0, 13.0, 14.0)",2906279999.999999,1,-20.546143707295364,1.0,1.0,1.1937768797782762e-09,3.440824696863345e-10,3.4408246956794176e-10
3079,"(1.0, 4.0, 7.0, 7.0, 8.0, 14.0, 14.0)",1453139999.9999995,3,-20.455800940919104,3.0,3.0,1.3066477605036903e-09,2.064494818118007e-09,2.0644948138558684e-09
3080,"(1.0, 4.0, 7.0, 7.0, 9.0, 13.0, 14.0)",2906279999.999999,1,-21.181569127779863,1.0,1.0,6.323556594457098e-10,3.440824696863345e-10,3.4408246956794176e-10
3081,"(1.0, 4.0, 7.0, 7.0, 11.0, 11.0, 14.0)",1332044999.9999998,2,-20.81555324086755,2.0,2.0,9.118430446154157e-10,1.501450776813096e-09,1.5014507745587416e-09
3082,"(1.0, 4.0, 7.0, 7.0, 11.0, 13.0, 14.0)",2906279999.999999,1,-20.810794598055672,1.0,1.0,9.161925205587483e-10,3.440824696863345e-10,3.4408246956794176e-10
3083,"(1.0, 4.0, 7.0, 7.0, 11.0, 14.0, 14.0)",1453139999.9999995,1,-20.72045183167941,1.0,1.0,1.0028179682962804e-09,6.88164939372669e-10,6.88164938899098e-10
3084,"(1.0, 4.0, 7.0, 7.0, 12.0, 13.0, 14.0)",2906279999.999999,1,-20.92886307503916,1.0,1.0,8.141609232626137e-10,3.440824696863345e-10,3.4408246956794176e-10
3085,"(1.0, 4.0, 7.0, 7.0, 12.0, 14.0, 14.0)",1453139999.9999995,1,-20.838520308662893,1.0,1.0,8.911393452923175e-10,6.88164939372669e-10,6.88164938899098e-10
3086,"(1.0, 4.0, 7.0, 7.0, 14.0, 14.0, 14.0)",484379999.9999998,1,-20.62535042249128,1.0,1.0,1.1028694943459397e-09,2.064494818118007e-09,2.0644948138558684e-09
3087,"(1.0, 4.0, 7.0, 8.0, 8.0, 8.0, 14.0)",745945199.9999999,1,-20.16513875663319,1.0,1.0,1.7473966999182807e-09,1.3405810507259784e-09,1.3405810489288208e-09
3088,"(1.0, 4.0, 7.0, 8.0, 8.0, 9.0, 14.0)",2237835599.9999995,2,-20.800564177117685,2.0,2.0,9.256136646701652e-10,8.937207004839857e-10,8.93720699685249e-10
3089,"(1.0, 4.0, 7.0, 8.0, 8.0, 11.0, 14.0)",2237835599.9999995,1,-20.4297896473935,1.0,1.0,1.3410812472859398e-09,4.4686035024199283e-10,4.4686035004230864e-10
3090,"(1.0, 4.0, 7.0, 8.0, 8.0, 13.0, 14.0)",2557526400.0,3,-20.425031004581623,3.0,3.0,1.3474781822163156e-09,1.173008419385231e-09,1.1730084180092822e-09
3091,"(1.0, 4.0, 7.0, 8.0, 8.0, 14.0, 14.0)",1278763200.0,1,-20.33468823820536,1.0,1.0,1.4748814279663003e-09,7.820056129234873e-10,7.820056123119546e-10
3092,"(1.0, 4.0, 7.0, 8.0, 9.0, 11.0, 14.0)",4475671199.999999,2,-21.065215067878,2.0,2.0,7.103842693412538e-10,4.4686035024199283e-10,4.4686035004230864e-10
3093,"(1.0, 4.0, 7.0, 8.0, 9.0, 12.0, 14.0)",5115052800.0,2,-21.18328354486148,2.0,2.0,6.312724668887213e-10,3.9100280646174367e-10,3.910028063088605e-10
3094,"(1.0, 4.0, 7.0, 8.0, 9.0, 13.0, 14.0)",5115052800.0,2,-21.06045642506612,2.0,2.0,7.137727903244071e-10,3.9100280646174367e-10,3.910028063088605e-10
3095,"(1.0, 4.0, 7.0, 8.0, 9.0, 14.0, 14.0)",2557526400.0,1,-20.970113658689858,1.0,1.0,7.812595752056146e-10,3.9100280646174367e-10,3.910028063088605e-10
3096,"(1.0, 4.0, 7.0, 8.0, 11.0, 11.0, 14.0)",2237835599.9999995,2,-20.69444053815381,2.0,2.0,1.0292447684639184e-09,8.937207004839857e-10,8.93720699685249e-10
3097,"(1.0, 4.0, 7.0, 8.0, 11.0, 12.0, 14.0)",5115052800.0,3,-20.812509015137287,3.0,3.0,9.146231301307325e-10,5.865042096926155e-10,5.865042093486283e-10
3098,"(1.0, 4.0, 7.0, 8.0, 11.0, 13.0, 14.0)",5115052800.0,6,-20.68968189534193,6.0,6.0,1.0341542486498674e-09,1.173008419385231e-09,1.1730084180092822e-09
3099,"(1.0, 4.0, 7.0, 8.0, 11.0, 14.0, 14.0)",2557526400.0,1,-20.599339128965667,1.0,1.0,1.1319329063105217e-09,3.9100280646174367e-10,3.910028063088605e-10
3100,"(1.0, 4.0, 7.0, 8.0, 12.0, 13.0, 14.0)",5347555199.999999,2,-20.80775037232541,2.0,2.0,9.189858670350832e-10,3.740026844416679e-10,3.740026843017899e-10
3101,"(1.0, 4.0, 7.0, 8.0, 12.0, 14.0, 14.0)",2673777599.9999995,2,-20.71740760594915,2.0,2.0,1.0058754239895818e-09,7.480053688833358e-10,7.480053683238238e-10
3102,"(1.0, 4.0, 7.0, 8.0, 13.0, 13.0, 14.0)",2673777599.9999995,1,-20.68492325253005,1.0,1.0,1.0390871469734982e-09,3.740026844416679e-10,3.740026843017899e-10
3103,"(1.0, 4.0, 7.0, 8.0, 13.0, 14.0, 14.0)",2673777599.9999995,4,-20.59458048615379,6.0,10.0,1.137332207182019e-09,2.2440161066500076e-09,3.740026839381071e-09
3104,"(1.0, 4.0, 7.0, 8.0, 14.0, 14.0, 14.0)",891259199.9999999,3,-20.504237719777528,3.0,3.0,1.2448662783108397e-09,3.366024159975011e-09,3.3660241486448925e-09
3105,"(1.0, 4.0, 7.0, 9.0, 9.0, 9.0, 14.0)",745945199.9999999,1,-22.07141501808668,2.0,4.0,2.597205117012593e-10,2.681162101451957e-09,5.362324195715283e-09
3106,"(1.0, 4.0, 7.0, 9.0, 9.0, 11.0, 14.0)",2237835599.9999995,2,-21.70064048836249,2.0,2.0,3.762977158533884e-10,8.937207004839857e-10,8.93720699685249e-10
3107,"(1.0, 4.0, 7.0, 9.0, 9.0, 12.0, 14.0)",2557526400.0,1,-21.818708965345976,1.0,1.0,3.343913957887016e-10,3.9100280646174367e-10,3.910028063088605e-10
3108,"(1.0, 4.0, 7.0, 9.0, 9.0, 14.0, 14.0)",1278763200.0,2,-21.60553907917436,3.0,5.0,4.138410805620378e-10,2.346016838770462e-09,3.910028059113642e-09
3109,"(1.0, 4.0, 7.0, 9.0, 11.0, 12.0, 14.0)",5115052800.0,1,-21.447934435621782,1.0,1.0,4.844851013579208e-10,1.9550140323087183e-10,1.9550140319265102e-10
3110,"(1.0, 4.0, 7.0, 9.0, 11.0, 13.0, 14.0)",5115052800.0,1,-21.32510731582643,1.0,1.0,5.478019410084656e-10,1.9550140323087183e-10,1.9550140319265102e-10
3111,"(1.0, 4.0, 7.0, 9.0, 11.0, 14.0, 14.0)",2557526400.0,5,-21.23476454945017,5.0,5.0,5.995962826413852e-10,1.9550140323087184e-09,1.9550140284866386e-09
3112,"(1.0, 4.0, 7.0, 9.0, 12.0, 12.0, 14.0)",2673777599.9999995,2,-21.56600291260527,2.0,2.0,4.305305146870088e-10,7.480053688833358e-10,7.480053683238238e-10
3113,"(1.0, 4.0, 7.0, 9.0, 12.0, 13.0, 14.0)",5347555199.999999,1,-21.44317579280991,1.0,1.0,4.867960871198892e-10,1.8700134222083395e-10,1.8700134218586445e-10
3114,"(1.0, 4.0, 7.0, 9.0, 12.0, 14.0, 14.0)",2673777599.9999995,2,-21.35283302643365,3.0,5.0,5.328223622284443e-10,1.1220080533250038e-09,1.8700134209494377e-09
3115,"(1.0, 4.0, 7.0, 9.0, 13.0, 13.0, 14.0)",2673777599.9999995,4,-21.32034867301456,4.0,4.0,5.504149470276395e-10,1.4960107377666716e-09,1.4960107355286234e-09
3116,"(1.0, 4.0, 7.0, 9.0, 13.0, 14.0, 14.0)",2673777599.9999995,4,-21.23000590663829,5.0,7.0,6.024563467965715e-10,1.8700134222083396e-09,2.6180187875947253e-09
3117,"(1.0, 4.0, 7.0, 9.0, 14.0, 14.0, 14.0)",891259199.9999999,4,-21.13966314026203,4.0,4.0,6.594182293840232e-10,4.488032213300015e-09,4.4880321931575816e-09
3118,"(1.0, 4.0, 7.0, 11.0, 11.0, 12.0, 14.0)",2557526400.0,1,-21.077159905897595,1.0,1.0,7.019493216449682e-10,3.9100280646174367e-10,3.910028063088605e-10
3119,"(1.0, 4.0, 7.0, 11.0, 11.0, 13.0, 14.0)",2557526400.0,3,-20.95433278610224,3.0,3.0,7.936863276268505e-10,1.173008419385231e-09,1.1730084180092822e-09
3120,"(1.0, 4.0, 7.0, 11.0, 11.0, 14.0, 14.0)",1278763200.0,1,-20.86399001972597,1.0,1.0,8.68728889043862e-10,7.820056129234873e-10,7.820056123119546e-10
3121,"(1.0, 4.0, 7.0, 11.0, 12.0, 13.0, 13.0)",2673777599.9999995,1,-21.162744029461983,1.0,1.0,6.443725718032602e-10,3.740026844416679e-10,3.740026843017899e-10
3122,"(1.0, 4.0, 7.0, 11.0, 12.0, 13.0, 14.0)",5347555199.999999,1,-21.07240126308572,1.0,1.0,7.052976080698747e-10,1.8700134222083395e-10,1.8700134218586445e-10
3123,"(1.0, 4.0, 7.0, 11.0, 13.0, 14.0, 14.0)",2673777599.9999995,2,-20.859231376914103,2.0,2.0,8.728727111922885e-10,7.480053688833358e-10,7.480053683238238e-10
3124,"(1.0, 4.0, 7.0, 12.0, 12.0, 14.0, 14.0)",1278763199.9999998,1,-21.10012697369294,1.0,1.0,6.860113290472161e-10,7.820056129234874e-10,7.820056123119547e-10
3125,"(1.0, 4.0, 7.0, 12.0, 13.0, 14.0, 14.0)",2557526399.9999995,2,-20.977299853897584,2.0,2.0,7.756654158251125e-10,7.820056129234874e-10,7.820056123119547e-10
3126,"(1.0, 4.0, 7.0, 13.0, 14.0, 14.0, 14.0)",852508799.9999999,2,-20.764129967725964,2.0,2.0,9.599595500432852e-10,2.3460168387704623e-09,2.3460168332666672e-09
3127,"(1.0, 4.0, 8.0, 8.0, 8.0, 9.0, 13.0)",573803999.9999996,1,-20.769794240780207,1.0,1.0,9.545374476619011e-10,1.7427553659437728e-09,1.7427553629065765e-09
3128,"(1.0, 4.0, 8.0, 8.0, 8.0, 9.0, 14.0)",573803999.9999996,1,-20.679451474403944,1.0,1.0,1.0447883850255088e-09,1.7427553659437728e-09,1.7427553629065765e-09
3129,"(1.0, 4.0, 8.0, 8.0, 8.0, 11.0, 14.0)",573803999.9999996,1,-20.30867694467976,1.0,1.0,1.5137482991234298e-09,1.7427553659437728e-09,1.7427553629065765e-09
3130,"(1.0, 4.0, 8.0, 8.0, 9.0, 9.0, 14.0)",860705999.9999995,1,-21.31487689488844,1.0,1.0,5.534349503541531e-10,1.1618369106291818e-09,1.1618369092793167e-09
3131,"(1.0, 4.0, 8.0, 8.0, 9.0, 14.0, 14.0)",1032847199.9999994,3,-20.84900095597612,3.0,3.0,8.81848400710085e-10,2.9045922765729548e-09,2.9045922681362986e-09
3132,"(1.0, 4.0, 8.0, 8.0, 11.0, 13.0, 14.0)",2065694399.9999988,3,-20.56856919262819,3.0,3.0,1.1673037991494874e-09,1.4522961382864774e-09,1.4522961361773132e-09
3133,"(1.0, 4.0, 8.0, 8.0, 11.0, 14.0, 14.0)",1032847199.9999994,3,-20.47822642625193,4.0,6.0,1.2776716661403405e-09,3.872789702097273e-09,5.8091845381474094e-09
3134,"(1.0, 4.0, 8.0, 8.0, 12.0, 12.0, 14.0)",1131213599.9999998,1,-20.809464789407027,1.0,1.0,9.174116917489435e-10,8.840063450439424e-10,8.840063442624752e-10
3135,"(1.0, 4.0, 8.0, 8.0, 12.0, 14.0, 14.0)",1131213599.9999998,1,-20.596294903235407,1.0,1.0,1.1353840159019404e-09,8.840063450439424e-10,8.840063442624752e-10
3136,"(1.0, 4.0, 8.0, 8.0, 13.0, 14.0, 14.0)",1131213599.9999998,3,-20.47346778344005,3.0,3.0,1.283766138438146e-09,2.652019035131827e-09,2.652019028098622e-09
3137,"(1.0, 4.0, 8.0, 8.0, 14.0, 14.0, 14.0)",377071200.0,2,-20.383125017063787,2.0,2.0,1.4051454490492682e-09,5.304038070263653e-09,5.3040380421308336e-09
3138,"(1.0, 4.0, 8.0, 9.0, 9.0, 12.0, 14.0)",2065694399.9999988,2,-21.69759626263223,2.0,2.0,3.7744499644676165e-10,9.681974255243182e-10,9.68197424586912e-10
3139,"(1.0, 4.0, 8.0, 9.0, 9.0, 13.0, 14.0)",2065694399.9999988,2,-21.574769142836875,2.0,2.0,4.267728792855475e-10,9.681974255243182e-10,9.68197424586912e-10
3140,"(1.0, 4.0, 8.0, 9.0, 11.0, 12.0, 14.0)",4131388799.9999976,4,-21.326821732908044,4.0,4.0,5.468635846004227e-10,9.681974255243182e-10,9.68197424586912e-10
3141,"(1.0, 4.0, 8.0, 9.0, 11.0, 14.0, 14.0)",2065694399.9999988,2,-21.113651846736424,2.0,2.0,6.767955743516648e-10,9.681974255243182e-10,9.68197424586912e-10
3142,"(1.0, 4.0, 8.0, 9.0, 12.0, 14.0, 14.0)",2262427199.9999995,2,-21.231720323719905,2.0,2.0,6.014243702166019e-10,8.840063450439424e-10,8.840063442624752e-10
3143,"(1.0, 4.0, 8.0, 11.0, 11.0, 13.0, 14.0)",2065694399.9999988,2,-20.833220083388497,2.0,2.0,8.958751238331978e-10,9.681974255243182e-10,9.68197424586912e-10
3144,"(1.0, 4.0, 8.0, 11.0, 11.0, 14.0, 14.0)",1032847199.9999994,2,-20.74287731701224,2.0,2.0,9.805795740197513e-10,1.9363948510486364e-09,1.9363948472990113e-09
3145,"(1.0, 4.0, 8.0, 11.0, 12.0, 12.0, 14.0)",2262427199.9999995,1,-21.07411568016733,1.0,1.0,7.040894697254031e-10,4.420031725219712e-10,4.420031723266044e-10
3146,"(1.0, 4.0, 8.0, 11.0, 12.0, 13.0, 14.0)",4524854399.999999,1,-20.95128856037197,1.0,1.0,7.961061693706384e-10,2.210015862609856e-10,2.210015862121439e-10
3147,"(1.0, 4.0, 8.0, 11.0, 12.0, 14.0, 14.0)",2262427199.9999995,2,-20.860945793995715,3.0,5.0,8.713775253584386e-10,1.3260095175659135e-09,2.2100158608515547e-09
3148,"(1.0, 4.0, 8.0, 11.0, 13.0, 14.0, 14.0)",2262427199.9999995,1,-20.73811867420036,1.0,1.0,9.852569220490067e-10,4.420031725219712e-10,4.420031723266044e-10
3149,"(1.0, 4.0, 8.0, 11.0, 14.0, 14.0, 14.0)",754142399.9999999,1,-20.64777590782409,1.0,1.0,1.0784123671043263e-09,1.3260095175659135e-09,1.3260095158076123e-09
3150,"(1.0, 4.0, 8.0, 13.0, 13.0, 13.0, 14.0)",754142399.9999995,1,-20.823702797764746,1.0,1.0,9.044421259071905e-10,1.3260095175659141e-09,1.3260095158076129e-09
3151,"(1.0, 4.0, 8.0, 13.0, 14.0, 14.0, 14.0)",754142399.9999995,1,-20.64301726501222,1.0,1.0,1.0835563759065033e-09,1.3260095175659141e-09,1.3260095158076129e-09
3152,"(1.0, 4.0, 8.0, 14.0, 14.0, 14.0, 14.0)",188535599.99999988,1,-20.55267449863596,1.0,1.0,1.186005974768663e-09,5.3040380702636565e-09,5.304038042130837e-09
3153,"(1.0, 4.0, 9.0, 9.0, 9.0, 13.0, 14.0)",688564799.9999996,2,-22.210194563321373,2.0,2.0,2.2606590065999677e-10,2.9045922765729543e-09,2.904592268136298e-09
3154,"(1.0, 4.0, 9.0, 9.0, 11.0, 12.0, 14.0)",2065694399.9999988,2,-21.962247153392543,2.0,2.0,2.896791590829551e-10,9.681974255243182e-10,9.68197424586912e-10
3155,"(1.0, 4.0, 9.0, 9.0, 11.0, 13.0, 14.0)",2065694399.9999988,1,-21.839420033597182,1.0,1.0,3.2753701851837073e-10,4.840987127621591e-10,4.840987125278076e-10
3156,"(1.0, 4.0, 9.0, 9.0, 11.0, 14.0, 14.0)",1032847199.9999994,1,-21.74907726722092,1.0,1.0,3.58505445178814e-10,9.681974255243182e-10,9.68197424586912e-10
3157,"(1.0, 4.0, 9.0, 9.0, 12.0, 13.0, 14.0)",2262427199.9999995,1,-21.957488510580667,1.0,1.0,2.9106092378594367e-10,4.420031725219712e-10,4.420031723266044e-10
3158,"(1.0, 4.0, 9.0, 9.0, 13.0, 13.0, 14.0)",1131213599.9999998,1,-21.83466139078531,1.0,1.0,3.290993645723402e-10,8.840063450439424e-10,8.840063442624752e-10
3159,"(1.0, 4.0, 9.0, 9.0, 13.0, 14.0, 14.0)",1131213599.9999998,1,-21.744318624409047,1.0,1.0,3.602155101056286e-10,8.840063450439424e-10,8.840063442624752e-10
3160,"(1.0, 4.0, 9.0, 11.0, 11.0, 12.0, 14.0)",2065694399.9999988,2,-21.591472623668352,2.0,2.0,4.1970349272463026e-10,9.681974255243182e-10,9.68197424586912e-10
3161,"(1.0, 4.0, 9.0, 11.0, 11.0, 14.0, 14.0)",1032847199.9999994,1,-21.37830273749673,2.0,4.0,5.194228952427258e-10,1.9363948510486364e-09,3.872789698347648e-09
3162,"(1.0, 4.0, 9.0, 11.0, 12.0, 12.0, 14.0)",2262427199.9999995,1,-21.70954110065184,1.0,1.0,3.729632969769673e-10,4.420031725219712e-10,4.420031723266044e-10
3163,"(1.0, 4.0, 9.0, 11.0, 12.0, 13.0, 14.0)",4524854399.999999,2,-21.58671398085648,3.0,5.0,4.2170547130604903e-10,6.630047587829568e-10,1.1050079308653527e-09
3164,"(1.0, 4.0, 9.0, 11.0, 12.0, 14.0, 14.0)",2262427199.9999995,1,-21.496371214480213,1.0,1.0,4.615774681249891e-10,4.420031725219712e-10,4.420031723266044e-10
3165,"(1.0, 4.0, 9.0, 11.0, 13.0, 14.0, 14.0)",2262427199.9999995,1,-21.373544094684856,1.0,1.0,5.219005336922507e-10,4.420031725219712e-10,4.420031723266044e-10
3166,"(1.0, 4.0, 9.0, 11.0, 14.0, 14.0, 14.0)",754142399.9999999,3,-21.2832013283086,3.0,3.0,5.712459129559592e-10,3.9780285526977405e-09,3.978028536873029e-09
3167,"(1.0, 4.0, 9.0, 12.0, 12.0, 14.0, 14.0)",1131213599.9999993,2,-21.61443969146369,2.0,2.0,4.1017398545960705e-10,1.7680126900878854e-09,1.7680126869620166e-09
3168,"(1.0, 4.0, 9.0, 12.0, 13.0, 14.0, 14.0)",2262427199.9999986,1,-21.491612571668337,1.0,1.0,4.6377918486280694e-10,4.4200317252197136e-10,4.4200317232660453e-10
3169,"(1.0, 4.0, 11.0, 11.0, 11.0, 14.0, 14.0)",344282399.9999998,1,-21.00752820777254,1.0,1.0,7.525691666071203e-10,2.9045922765729543e-09,2.904592268136298e-09
3170,"(1.0, 4.0, 11.0, 11.0, 12.0, 13.0, 14.0)",2262427199.9999995,1,-21.21593945113229,1.0,1.0,6.109906552081309e-10,4.420031725219712e-10,4.420031723266044e-10
3171,"(1.0, 4.0, 11.0, 11.0, 12.0, 14.0, 14.0)",1131213599.9999998,1,-21.125596684756022,2.0,4.0,6.687594514853332e-10,1.7680126900878848e-09,3.536025377049901e-09
3172,"(1.0, 4.0, 11.0, 11.0, 13.0, 14.0, 14.0)",1131213599.9999998,1,-21.002769564960666,1.0,1.0,7.561589088387231e-10,8.840063450439424e-10,8.840063442624752e-10
3173,"(1.0, 4.0, 11.0, 11.0, 14.0, 14.0, 14.0)",377071200.0,1,-20.91242679858441,1.0,1.0,8.27653275545543e-10,2.6520190351318266e-09,2.6520190280986217e-09
3174,"(1.0, 4.0, 11.0, 12.0, 12.0, 13.0, 14.0)",2262427199.9999986,1,-21.334007928115767,1.0,1.0,5.429478027671687e-10,4.4200317252197136e-10,4.4200317232660453e-10
3175,"(1.0, 4.0, 11.0, 12.0, 12.0, 14.0, 14.0)",1131213599.9999993,1,-21.243665161739507,1.0,1.0,5.942831885702856e-10,8.840063450439427e-10,8.840063442624755e-10
3176,"(1.0, 4.0, 11.0, 13.0, 14.0, 14.0, 14.0)",754142399.9999995,1,-20.90766815577253,3.0,9.0,8.316011677103883e-10,3.978028552697742e-09,1.1934085642268516e-08
3177,"(1.0, 4.0, 12.0, 12.0, 13.0, 13.0, 14.0)",1032847199.9999996,1,-21.32924928530389,1.0,1.0,5.455376546288073e-10,9.68197425524318e-10,9.681974245869118e-10
3178,"(1.0, 4.0, 13.0, 13.0, 13.0, 13.0, 14.0)",172141199.9999999,1,-21.08359504571317,1.0,1.0,6.974466827105055e-10,5.809184553145909e-09,5.809184519399284e-09
3179,"(1.0, 4.0, 13.0, 13.0, 14.0, 14.0, 14.0)",344282399.9999998,1,-20.90290951296065,1.0,1.0,8.355678912542732e-10,2.9045922765729543e-09,2.904592268136298e-09
3180,"(1.0, 6.0, 6.0, 6.0, 7.0, 11.0, 14.0)",968759999.9999996,3,-21.09384168987349,3.0,3.0,6.903366837552728e-10,3.096742227177011e-09,3.0967422175871983e-09
3181,"(1.0, 6.0, 6.0, 6.0, 11.0, 11.0, 14.0)",444015000.0,1,-21.23737987792005,1.0,1.0,5.980301902286612e-10,2.2521761652196435e-09,2.252176160147346e-09
3182,"(1.0, 6.0, 6.0, 6.0, 11.0, 12.0, 14.0)",968759999.9999996,1,-21.35544835490353,1.0,1.0,5.314306773848698e-10,1.0322474090590035e-09,1.0322474079934688e-09
3183,"(1.0, 6.0, 6.0, 6.0, 12.0, 14.0, 14.0)",484379999.9999998,1,-21.2603469457154,1.0,1.0,5.844517160408617e-10,2.064494818118007e-09,2.0644948138558684e-09
3184,"(1.0, 6.0, 6.0, 7.0, 8.0, 11.0, 14.0)",2664089999.9999995,3,-20.75347555408246,3.0,3.0,9.702420358297465e-10,1.126088082609822e-09,1.1260880813417477e-09
3185,"(1.0, 6.0, 6.0, 7.0, 8.0, 12.0, 14.0)",2906279999.999999,1,-20.87154403106594,1.0,1.0,8.621912250468952e-10,3.440824696863345e-10,3.4408246956794176e-10
3186,"(1.0, 6.0, 6.0, 7.0, 8.0, 14.0, 14.0)",1453139999.9999995,2,-20.65837414489432,2.0,2.0,1.0670434488391564e-09,1.376329878745338e-09,1.3763298768510541e-09
3187,"(1.0, 6.0, 6.0, 7.0, 9.0, 9.0, 14.0)",1332044999.9999998,1,-21.75967550429115,1.0,1.0,3.547259826761719e-10,7.50725388406548e-10,7.507253878429593e-10
3188,"(1.0, 6.0, 6.0, 7.0, 9.0, 12.0, 13.0)",2906279999.999999,1,-21.597312217926703,1.0,1.0,4.172597368342499e-10,3.440824696863345e-10,3.4408246956794176e-10
3189,"(1.0, 6.0, 6.0, 7.0, 9.0, 12.0, 14.0)",2906279999.999999,1,-21.50696945155044,1.0,1.0,4.567113921523573e-10,3.440824696863345e-10,3.4408246956794176e-10
3190,"(1.0, 6.0, 6.0, 7.0, 9.0, 14.0, 14.0)",1453139999.9999995,4,-21.29379956537882,7.0,19.0,5.652236822288205e-10,4.817154575608684e-09,1.3075133824875734e-08
3191,"(1.0, 6.0, 6.0, 7.0, 11.0, 11.0, 14.0)",1332044999.9999998,2,-21.018126444842768,2.0,2.0,7.446353765236347e-10,1.501450776813096e-09,1.5014507745587416e-09
3192,"(1.0, 6.0, 6.0, 7.0, 11.0, 12.0, 14.0)",2906279999.999999,2,-21.13619492182625,2.0,2.0,6.61709206351916e-10,6.88164939372669e-10,6.88164938899098e-10
3193,"(1.0, 6.0, 6.0, 7.0, 11.0, 14.0, 14.0)",1453139999.9999995,2,-20.923025035654632,2.0,2.0,8.189279282400063e-10,1.376329878745338e-09,1.3763298768510541e-09
3194,"(1.0, 6.0, 6.0, 7.0, 12.0, 13.0, 14.0)",2906279999.999999,2,-21.131436279014373,2.0,2.0,6.648655481055795e-10,6.88164939372669e-10,6.88164938899098e-10
3195,"(1.0, 6.0, 6.0, 7.0, 12.0, 14.0, 14.0)",1453139999.9999995,2,-21.04109351263812,2.0,2.0,7.27728182865765e-10,1.376329878745338e-09,1.3763298768510541e-09
3196,"(1.0, 6.0, 6.0, 7.0, 14.0, 14.0, 14.0)",484379999.9999998,1,-20.827923626466493,1.0,1.0,9.006326757968437e-10,2.064494818118007e-09,2.0644948138558684e-09
3197,"(1.0, 6.0, 6.0, 8.0, 8.0, 14.0, 14.0)",639381600.0,1,-20.53726144218058,1.0,1.0,1.204427553543058e-09,1.5640112258469747e-09,1.5640112234008436e-09
3198,"(1.0, 6.0, 6.0, 8.0, 9.0, 11.0, 14.0)",2237835599.9999995,1,-21.267788271853213,1.0,1.0,5.801187616674734e-10,4.4686035024199283e-10,4.4686035004230864e-10
3199,"(1.0, 6.0, 6.0, 8.0, 9.0, 14.0, 14.0)",1278763200.0,1,-21.17268686266508,1.0,1.0,6.37997428813297e-10,7.820056129234873e-10,7.820056123119546e-10
3200,"(1.0, 6.0, 6.0, 8.0, 11.0, 11.0, 14.0)",1118917799.9999998,2,-20.897013742129023,2.0,2.0,8.405087588548317e-10,1.7874414009679713e-09,1.7874413977730245e-09
3201,"(1.0, 6.0, 6.0, 8.0, 11.0, 12.0, 14.0)",2557526400.0,1,-21.015082219112507,1.0,1.0,7.469056685839713e-10,3.9100280646174367e-10,3.910028063088605e-10
3202,"(1.0, 6.0, 6.0, 8.0, 11.0, 13.0, 14.0)",2557526400.0,1,-20.89225509931715,1.0,1.0,8.445179714582309e-10,3.9100280646174367e-10,3.910028063088605e-10
3203,"(1.0, 6.0, 6.0, 8.0, 12.0, 13.0, 14.0)",2673777599.9999995,1,-21.01032357630063,1.0,1.0,7.504683960255263e-10,3.740026844416679e-10,3.740026843017899e-10
3204,"(1.0, 6.0, 6.0, 8.0, 12.0, 14.0, 14.0)",1336888799.9999998,1,-20.91998080992437,1.0,1.0,8.214247281934991e-10,7.480053688833358e-10,7.480053683238238e-10
3205,"(1.0, 6.0, 6.0, 8.0, 13.0, 14.0, 14.0)",1336888799.9999998,2,-20.79715369012901,2.0,2.0,9.287758472562886e-10,1.4960107377666716e-09,1.4960107355286234e-09
3206,"(1.0, 6.0, 6.0, 8.0, 14.0, 14.0, 14.0)",445629600.0,1,-20.706810923752748,1.0,1.0,1.0165910409093815e-09,2.244016106650007e-09,2.2440161016143988e-09
3207,"(1.0, 6.0, 6.0, 9.0, 11.0, 11.0, 14.0)",1118917799.9999998,1,-21.532439162613525,1.0,1.0,4.45225971015838e-10,8.937207004839857e-10,8.93720699685249e-10
3208,"(1.0, 6.0, 6.0, 9.0, 11.0, 12.0, 14.0)",2557526400.0,1,-21.65050763959701,1.0,1.0,3.956434695643275e-10,3.9100280646174367e-10,3.910028063088605e-10
3209,"(1.0, 6.0, 6.0, 9.0, 11.0, 14.0, 14.0)",1278763200.0,1,-21.437337753425386,1.0,1.0,4.896463336792243e-10,7.820056129234873e-10,7.820056123119546e-10
3210,"(1.0, 6.0, 6.0, 9.0, 12.0, 14.0, 14.0)",1336888799.9999998,1,-21.555406230408867,1.0,1.0,4.351169674003812e-10,7.480053688833358e-10,7.480053683238238e-10
3211,"(1.0, 6.0, 6.0, 11.0, 11.0, 14.0, 14.0)",639381600.0,1,-21.066563223701195,1.0,1.0,7.094272059320968e-10,1.5640112258469747e-09,1.5640112234008436e-09
3212,"(1.0, 6.0, 6.0, 11.0, 12.0, 12.0, 14.0)",1336888799.9999998,1,-21.397801586856296,1.0,1.0,5.093928513989604e-10,7.480053688833358e-10,7.480053683238238e-10
3213,"(1.0, 6.0, 6.0, 11.0, 12.0, 13.0, 14.0)",2673777599.9999995,1,-21.27497446706094,1.0,1.0,5.759648582589511e-10,3.740026844416679e-10,3.740026843017899e-10
3214,"(1.0, 6.0, 6.0, 11.0, 13.0, 14.0, 14.0)",1336888799.9999998,1,-21.06180458088932,1.0,1.0,7.128111617389282e-10,7.480053688833358e-10,7.480053683238238e-10
3215,"(1.0, 6.0, 6.0, 11.0, 14.0, 14.0, 14.0)",445629600.0,1,-20.971461814513056,1.0,1.0,7.802070252199876e-10,2.244016106650007e-09,2.2440161016143988e-09
3216,"(1.0, 6.0, 6.0, 12.0, 12.0, 13.0, 14.0)",1278763199.9999998,1,-21.39304294404442,1.0,1.0,5.118226467085229e-10,7.820056129234874e-10,7.820056123119547e-10
3217,"(1.0, 6.0, 6.0, 12.0, 13.0, 13.0, 14.0)",1278763199.9999998,1,-21.270215824249064,1.0,1.0,5.787122009184074e-10,7.820056129234874e-10,7.820056123119547e-10
3218,"(1.0, 6.0, 6.0, 14.0, 14.0, 14.0, 14.0)",106563600.0,1,-20.87636040532492,1.0,1.0,8.580485737121341e-10,9.384067355081848e-09,9.384067267021128e-09
3219,"(1.0, 6.0, 7.0, 7.0, 7.0, 12.0, 14.0)",1010879999.9999994,2,-20.773403300702405,2.0,2.0,9.51098673918149e-10,1.9784742006964242e-09,1.978474196782064e-09
3220,"(1.0, 6.0, 7.0, 7.0, 7.0, 14.0, 14.0)",505439999.9999997,3,-20.560233414530785,3.0,3.0,1.1770748526798921e-09,5.935422602089272e-09,5.93542256686003e-09
3221,"(1.0, 6.0, 7.0, 7.0, 8.0, 9.0, 14.0)",2664089999.9999995,2,-20.90499665072937,3.0,5.0,8.338257646116775e-10,1.126088082609822e-09,1.8768134697482954e-09
3222,"(1.0, 6.0, 7.0, 7.0, 8.0, 11.0, 14.0)",2664089999.9999995,3,-20.53422212100518,3.0,3.0,1.208093764284537e-09,1.126088082609822e-09,1.1260880813417477e-09
3223,"(1.0, 6.0, 7.0, 7.0, 8.0, 13.0, 14.0)",2906279999.999999,2,-20.529463478193303,2.0,2.0,1.2138563511640125e-09,6.88164939372669e-10,6.88164938899098e-10
3224,"(1.0, 6.0, 7.0, 7.0, 8.0, 14.0, 14.0)",1453139999.9999995,5,-20.43912071181704,5.0,5.0,1.3286257337436724e-09,3.440824696863345e-09,3.4408246850240707e-09
3225,"(1.0, 6.0, 7.0, 7.0, 9.0, 11.0, 14.0)",2664089999.9999995,1,-21.16964754148968,1.0,1.0,6.399394576382526e-10,3.75362694203274e-10,3.7536269406237686e-10
3226,"(1.0, 6.0, 7.0, 7.0, 9.0, 12.0, 14.0)",2906279999.999999,1,-21.28771601847316,1.0,1.0,5.686727275891716e-10,3.440824696863345e-10,3.4408246956794176e-10
3227,"(1.0, 6.0, 7.0, 7.0, 9.0, 14.0, 14.0)",1453139999.9999995,4,-21.07454613230154,4.0,4.0,7.037864581311595e-10,2.752659757490676e-09,2.7526597499135404e-09
3228,"(1.0, 6.0, 7.0, 7.0, 11.0, 11.0, 14.0)",1332044999.9999998,2,-20.798873011765487,2.0,2.0,9.271803548220286e-10,1.501450776813096e-09,1.5014507745587416e-09
3229,"(1.0, 6.0, 7.0, 7.0, 13.0, 14.0, 14.0)",1453139999.9999995,2,-20.699012959765472,2.0,2.0,1.0245493702915127e-09,1.376329878745338e-09,1.3763298768510541e-09
3230,"(1.0, 6.0, 7.0, 8.0, 8.0, 8.0, 14.0)",745945199.9999999,1,-20.14845852753113,1.0,1.0,1.7767881235836946e-09,1.3405810507259784e-09,1.3405810489288208e-09
3231,"(1.0, 6.0, 7.0, 8.0, 8.0, 11.0, 14.0)",2237835599.9999995,1,-20.41310941829144,1.0,1.0,1.3636383959348744e-09,4.4686035024199283e-10,4.4686035004230864e-10
3232,"(1.0, 6.0, 7.0, 8.0, 8.0, 12.0, 14.0)",2557526400.0,1,-20.531177895274915,1.0,1.0,1.2117770779809733e-09,3.9100280646174367e-10,3.910028063088605e-10
3233,"(1.0, 6.0, 7.0, 8.0, 8.0, 14.0, 14.0)",1278763200.0,2,-20.31800800910329,2.0,2.0,1.499689111824038e-09,1.5640112258469747e-09,1.5640112234008436e-09
3234,"(1.0, 6.0, 7.0, 8.0, 9.0, 9.0, 14.0)",2237835599.9999995,1,-21.419309368500123,1.0,1.0,4.985539196920974e-10,4.4686035024199283e-10,4.4686035004230864e-10
3235,"(1.0, 6.0, 7.0, 8.0, 9.0, 11.0, 14.0)",4475671199.999999,2,-21.04853483877593,2.0,2.0,7.223330186014785e-10,4.4686035024199283e-10,4.4686035004230864e-10
3236,"(1.0, 6.0, 7.0, 8.0, 9.0, 14.0, 14.0)",2557526400.0,1,-20.9534334295878,1.0,1.0,7.944004556757438e-10,3.9100280646174367e-10,3.910028063088605e-10
3237,"(1.0, 6.0, 7.0, 8.0, 11.0, 11.0, 14.0)",2237835599.9999995,1,-20.67776030905174,1.0,1.0,1.0465567898536586e-09,4.4686035024199283e-10,4.4686035004230864e-10
3238,"(1.0, 6.0, 7.0, 8.0, 11.0, 12.0, 14.0)",5115052800.0,2,-20.795828786035223,2.0,2.0,9.300072017116862e-10,3.9100280646174367e-10,3.910028063088605e-10
3239,"(1.0, 6.0, 7.0, 8.0, 11.0, 13.0, 14.0)",5115052800.0,3,-20.67300166623987,4.0,6.0,1.0515488480896384e-09,7.820056129234873e-10,1.1730084187736982e-09
3240,"(1.0, 6.0, 7.0, 8.0, 11.0, 14.0, 14.0)",2557526400.0,4,-20.58265889986361,4.0,4.0,1.1509721545886859e-09,1.5640112258469747e-09,1.5640112234008436e-09
3241,"(1.0, 6.0, 7.0, 8.0, 12.0, 12.0, 14.0)",2673777599.9999995,1,-20.913897263018708,1.0,1.0,8.264371352046167e-10,3.740026844416679e-10,3.740026843017899e-10
3242,"(1.0, 6.0, 7.0, 8.0, 12.0, 13.0, 14.0)",5347555199.999999,1,-20.79107014322335,1.0,1.0,9.34443320377998e-10,1.8700134222083395e-10,1.8700134218586445e-10
3243,"(1.0, 6.0, 7.0, 8.0, 12.0, 14.0, 14.0)",2673777599.9999995,2,-20.700727376847087,2.0,2.0,1.0227943701810725e-09,7.480053688833358e-10,7.480053683238238e-10
3244,"(1.0, 6.0, 7.0, 8.0, 13.0, 14.0, 14.0)",2673777599.9999995,4,-20.57790025705173,4.0,4.0,1.1564622723533507e-09,1.4960107377666716e-09,1.4960107355286234e-09
3245,"(1.0, 6.0, 7.0, 8.0, 14.0, 14.0, 14.0)",891259199.9999999,2,-20.487557490675467,2.0,2.0,1.2658050795540446e-09,2.2440161066500076e-09,2.244016101614399e-09
3246,"(1.0, 6.0, 7.0, 9.0, 9.0, 11.0, 14.0)",2237835599.9999995,2,-21.68396025926043,3.0,5.0,3.8262708890959926e-10,1.3405810507259786e-09,2.234301749412807e-09
3247,"(1.0, 6.0, 7.0, 9.0, 9.0, 13.0, 14.0)",2557526400.0,1,-21.679201616448555,1.0,1.0,3.844522136701664e-10,3.9100280646174367e-10,3.910028063088605e-10
3248,"(1.0, 6.0, 7.0, 9.0, 9.0, 14.0, 14.0)",1278763200.0,2,-21.58885885007229,2.0,2.0,4.208019375497645e-10,1.5640112258469747e-09,1.5640112234008436e-09
3249,"(1.0, 6.0, 7.0, 9.0, 11.0, 11.0, 14.0)",2237835599.9999995,1,-21.313185729536244,2.0,4.0,5.543716922363335e-10,8.937207004839857e-10,1.7874414001692346e-09
3250,"(1.0, 6.0, 7.0, 9.0, 11.0, 14.0, 14.0)",2557526400.0,5,-21.218084320348105,5.0,5.0,6.09681564576591e-10,1.9550140323087184e-09,1.9550140284866386e-09
3251,"(1.0, 6.0, 7.0, 9.0, 12.0, 12.0, 14.0)",2673777599.9999995,1,-21.54932268350321,1.0,1.0,4.377720899736317e-10,3.740026844416679e-10,3.740026843017899e-10
3252,"(1.0, 6.0, 7.0, 9.0, 12.0, 13.0, 14.0)",5347555199.999999,1,-21.42649556370785,1.0,1.0,4.949840561345243e-10,1.8700134222083395e-10,1.8700134218586445e-10
3253,"(1.0, 6.0, 7.0, 9.0, 12.0, 14.0, 14.0)",2673777599.9999995,1,-21.336152797331582,1.0,1.0,5.417844987526817e-10,3.740026844416679e-10,3.740026843017899e-10
3254,"(1.0, 6.0, 7.0, 9.0, 13.0, 14.0, 14.0)",2673777599.9999995,1,-21.21332567753623,1.0,1.0,6.125897353565039e-10,3.740026844416679e-10,3.740026843017899e-10
3255,"(1.0, 6.0, 7.0, 9.0, 14.0, 14.0, 14.0)",891259199.9999999,1,-21.12298291115997,1.0,1.0,6.705097236929167e-10,1.1220080533250038e-09,1.1220080520661017e-09
3256,"(1.0, 6.0, 7.0, 11.0, 11.0, 11.0, 14.0)",745945199.9999999,1,-20.942411199812053,1.0,1.0,8.032049534934718e-10,1.3405810507259784e-09,1.3405810489288208e-09
3257,"(1.0, 6.0, 7.0, 11.0, 11.0, 12.0, 14.0)",2557526400.0,2,-21.06047967679553,2.0,2.0,7.137561940655733e-10,7.820056129234873e-10,7.820056123119546e-10
3258,"(1.0, 6.0, 7.0, 11.0, 11.0, 14.0, 14.0)",1278763200.0,5,-20.84730979062392,7.0,13.0,8.833410139434055e-10,5.474039290464411e-09,1.016607293804023e-08
3259,"(1.0, 6.0, 7.0, 11.0, 12.0, 12.0, 14.0)",2673777599.9999995,1,-21.17854815377901,1.0,1.0,6.34268877888728e-10,3.740026844416679e-10,3.740026843017899e-10
3260,"(1.0, 6.0, 7.0, 11.0, 12.0, 13.0, 14.0)",5347555199.999999,2,-21.05572103398366,2.0,2.0,7.171607990727845e-10,3.740026844416679e-10,3.740026843017899e-10
3261,"(1.0, 6.0, 7.0, 11.0, 13.0, 13.0, 14.0)",2673777599.9999995,2,-20.932893914188305,3.0,5.0,8.108857767682325e-10,1.1220080533250038e-09,1.8700134209494377e-09
3262,"(1.0, 6.0, 7.0, 11.0, 13.0, 14.0, 14.0)",2673777599.9999995,2,-20.84255114781204,2.0,2.0,8.875545356811618e-10,7.480053688833358e-10,7.480053683238238e-10
3263,"(1.0, 6.0, 7.0, 11.0, 14.0, 14.0, 14.0)",891259199.9999999,2,-20.75220838143577,3.0,5.0,9.71472279299034e-10,3.366024159975011e-09,5.6100402552949e-09
3264,"(1.0, 6.0, 7.0, 12.0, 14.0, 14.0, 14.0)",852508799.9999999,1,-20.87027685841926,1.0,1.0,8.632844626976202e-10,1.1730084193852312e-09,1.1730084180092824e-09
3265,"(1.0, 6.0, 7.0, 13.0, 13.0, 14.0, 14.0)",1278763199.9999998,1,-20.837792505000163,1.0,1.0,8.917881558465339e-10,7.820056129234874e-10,7.820056123119547e-10
3266,"(1.0, 6.0, 7.0, 14.0, 14.0, 14.0, 14.0)",213127200.0,2,-20.65710697224764,2.0,2.0,1.0683964341622986e-09,9.384067355081848e-09,9.384067267021128e-09
3267,"(1.0, 6.0, 8.0, 8.0, 8.0, 12.0, 14.0)",688564799.9999996,1,-20.410065192561174,1.0,1.0,1.3677959440732955e-09,1.4522961382864772e-09,1.452296136177313e-09
3268,"(1.0, 6.0, 8.0, 8.0, 8.0, 13.0, 14.0)",688564799.9999996,5,-20.287238072765817,6.0,8.0,1.546551732894914e-09,8.713776829718863e-09,1.1618369030361911e-08
3269,"(1.0, 6.0, 8.0, 8.0, 8.0, 14.0, 14.0)",344282399.9999998,2,-20.19689530638956,2.0,2.0,1.6927772622515211e-09,5.809184553145909e-09,5.809184519399284e-09
3270,"(1.0, 6.0, 8.0, 8.0, 9.0, 12.0, 14.0)",2065694399.9999988,1,-21.045490613045672,1.0,1.0,7.245353138036e-10,4.840987127621591e-10,4.840987125278076e-10
3271,"(1.0, 6.0, 8.0, 8.0, 11.0, 11.0, 14.0)",860705999.9999995,1,-20.556647606338,1.0,1.0,1.1813031938096115e-09,1.1618369106291818e-09,1.1618369092793167e-09
3272,"(1.0, 6.0, 8.0, 8.0, 11.0, 12.0, 14.0)",2065694399.9999988,2,-20.67471608332148,3.0,5.0,1.049747599269387e-09,1.4522961382864774e-09,2.420493561701631e-09
3273,"(1.0, 6.0, 8.0, 8.0, 11.0, 13.0, 14.0)",2065694399.9999988,1,-20.551888963526125,1.0,1.0,1.1869379901197815e-09,4.840987127621591e-10,4.840987125278076e-10
3274,"(1.0, 6.0, 8.0, 8.0, 11.0, 14.0, 14.0)",1032847199.9999994,1,-20.46154619714986,1.0,1.0,1.299162257971376e-09,9.681974255243182e-10,9.68197424586912e-10
3275,"(1.0, 6.0, 8.0, 8.0, 12.0, 14.0, 14.0)",1131213599.9999998,1,-20.579614674133342,1.0,1.0,1.1544813122605067e-09,8.840063450439424e-10,8.840063442624752e-10
3276,"(1.0, 6.0, 8.0, 9.0, 9.0, 11.0, 14.0)",1721411999.999999,1,-21.56284755654669,1.0,1.0,4.3189113725036107e-10,5.809184553145909e-10,5.809184549771247e-10
3277,"(1.0, 6.0, 8.0, 9.0, 9.0, 12.0, 14.0)",2065694399.9999988,1,-21.68091603353017,1.0,1.0,3.837936669012018e-10,4.840987127621591e-10,4.840987125278076e-10
3278,"(1.0, 6.0, 8.0, 9.0, 11.0, 11.0, 14.0)",1721411999.999999,2,-21.1920730268225,2.0,2.0,6.25748222117975e-10,1.1618369106291818e-09,1.1618369092793167e-09
3279,"(1.0, 6.0, 8.0, 9.0, 11.0, 12.0, 14.0)",4131388799.9999976,1,-21.31014150380598,1.0,1.0,5.56061896181836e-10,2.4204935638107955e-10,2.4204935632249164e-10
3280,"(1.0, 6.0, 8.0, 9.0, 11.0, 13.0, 14.0)",4131388799.9999976,1,-21.187314384010623,1.0,1.0,6.287330305833741e-10,2.4204935638107955e-10,2.4204935632249164e-10
3281,"(1.0, 6.0, 8.0, 9.0, 11.0, 14.0, 14.0)",2065694399.9999988,3,-21.09697161763436,3.0,3.0,6.881793577029677e-10,1.4522961382864774e-09,1.4522961361773132e-09
3282,"(1.0, 6.0, 8.0, 9.0, 12.0, 14.0, 14.0)",2262427199.9999995,4,-21.21504009461784,5.0,7.0,6.115404008057471e-10,2.210015862609856e-09,3.094022202769628e-09
3283,"(1.0, 6.0, 8.0, 11.0, 11.0, 12.0, 14.0)",2065694399.9999988,1,-20.9393669740818,1.0,1.0,8.056538162338482e-10,4.840987127621591e-10,4.840987125278076e-10
3284,"(1.0, 6.0, 8.0, 11.0, 11.0, 14.0, 14.0)",1032847199.9999994,1,-20.72619708791017,1.0,1.0,9.97073040957758e-10,9.681974255243182e-10,9.68197424586912e-10
3285,"(1.0, 6.0, 8.0, 11.0, 12.0, 13.0, 14.0)",4524854399.999999,1,-20.93460833126992,1.0,1.0,8.094967713488277e-10,2.210015862609856e-10,2.210015862121439e-10
3286,"(1.0, 6.0, 8.0, 11.0, 12.0, 14.0, 14.0)",2262427199.9999995,2,-20.844265564893654,2.0,2.0,8.860342006408903e-10,8.840063450439424e-10,8.840063442624752e-10
3287,"(1.0, 6.0, 8.0, 11.0, 13.0, 14.0, 14.0)",2262427199.9999995,3,-20.721438445098293,3.0,3.0,1.0018290625461194e-09,1.3260095175659135e-09,1.3260095158076123e-09
3288,"(1.0, 6.0, 8.0, 11.0, 14.0, 14.0, 14.0)",754142399.9999999,1,-20.63109567872204,1.0,1.0,1.0965513934450804e-09,1.3260095175659135e-09,1.3260095158076123e-09
3289,"(1.0, 6.0, 8.0, 12.0, 13.0, 13.0, 14.0)",2262427199.9999986,1,-20.92984968845804,1.0,1.0,8.133580572948889e-10,4.4200317252197136e-10,4.4200317232660453e-10
3290,"(1.0, 6.0, 8.0, 12.0, 13.0, 14.0, 14.0)",2262427199.9999986,1,-20.83950692208177,1.0,1.0,8.902605688337693e-10,4.4200317252197136e-10,4.4200317232660453e-10
3291,"(1.0, 6.0, 8.0, 12.0, 14.0, 14.0, 14.0)",754142399.9999995,1,-20.749164155705515,1.0,1.0,9.74434166246742e-10,1.3260095175659141e-09,1.3260095158076129e-09
3292,"(1.0, 6.0, 8.0, 13.0, 13.0, 14.0, 14.0)",1131213599.9999993,2,-20.71667980228642,3.0,5.0,1.0066077702772367e-09,2.6520190351318282e-09,4.420031718186509e-09
3293,"(1.0, 6.0, 9.0, 9.0, 9.0, 13.0, 14.0)",688564799.9999996,1,-22.193514334219312,1.0,1.0,2.298683564291487e-10,1.4522961382864772e-09,1.452296136177313e-09
3294,"(1.0, 6.0, 9.0, 9.0, 11.0, 11.0, 14.0)",860705999.9999995,2,-21.827498447307,3.0,5.0,3.314651475892923e-10,3.4855107318875455e-09,5.8091845409971236e-09
3295,"(1.0, 6.0, 9.0, 9.0, 11.0, 13.0, 14.0)",2065694399.9999988,1,-21.82273980449512,1.0,1.0,3.330462307526792e-10,4.840987127621591e-10,4.840987125278076e-10
3296,"(1.0, 6.0, 9.0, 9.0, 11.0, 14.0, 14.0)",1032847199.9999994,3,-21.73239703811885,3.0,3.0,3.645355500920862e-10,2.9045922765729548e-09,2.9045922681362986e-09
3297,"(1.0, 6.0, 9.0, 9.0, 12.0, 13.0, 14.0)",2262427199.9999995,1,-21.940808281478603,1.0,1.0,2.9595660369871984e-10,4.420031725219712e-10,4.420031723266044e-10
3298,"(1.0, 6.0, 9.0, 9.0, 14.0, 14.0, 14.0)",377071200.0,1,-21.637295628930723,1.0,1.0,4.0090539909671587e-10,2.6520190351318266e-09,2.6520190280986217e-09
3299,"(1.0, 6.0, 9.0, 11.0, 11.0, 13.0, 14.0)",2065694399.9999988,1,-21.45196527477093,1.0,1.0,4.825361504368485e-10,4.840987127621591e-10,4.840987125278076e-10
3300,"(1.0, 6.0, 9.0, 11.0, 12.0, 13.0, 14.0)",4524854399.999999,1,-21.57003375175441,1.0,1.0,4.2879860829650277e-10,2.210015862609856e-10,2.210015862121439e-10
3301,"(1.0, 6.0, 9.0, 11.0, 13.0, 14.0, 14.0)",2262427199.9999995,2,-21.356863865582795,2.0,2.0,5.306789637406032e-10,8.840063450439424e-10,8.840063442624752e-10
3302,"(1.0, 6.0, 9.0, 12.0, 13.0, 13.0, 14.0)",2262427199.9999986,2,-21.565275108942537,2.0,2.0,4.3084397042579777e-10,8.840063450439427e-10,8.840063442624755e-10
3303,"(1.0, 6.0, 9.0, 12.0, 14.0, 14.0, 14.0)",754142399.9999995,2,-21.384589576190013,2.0,2.0,5.161676107329502e-10,2.6520190351318282e-09,2.6520190280986233e-09
3304,"(1.0, 6.0, 9.0, 13.0, 14.0, 14.0, 14.0)",754142399.9999995,1,-21.261762456394656,1.0,1.0,5.836250036434488e-10,1.3260095175659141e-09,1.3260095158076129e-09
3305,"(1.0, 6.0, 11.0, 11.0, 11.0, 14.0, 14.0)",344282399.9999998,1,-20.99084797867048,1.0,1.0,7.652274709373917e-10,2.9045922765729543e-09,2.904592268136298e-09
3306,"(1.0, 6.0, 11.0, 11.0, 12.0, 13.0, 14.0)",2262427199.9999995,1,-21.199259222030225,2.0,4.0,6.212675918669187e-10,8.840063450439424e-10,1.7680126893064175e-09
3307,"(1.0, 6.0, 11.0, 11.0, 13.0, 13.0, 14.0)",1131213599.9999998,2,-21.076432102234868,2.0,2.0,7.024603888880565e-10,1.7680126900878848e-09,1.768012686962016e-09
3308,"(1.0, 6.0, 11.0, 11.0, 13.0, 14.0, 14.0)",1131213599.9999998,1,-20.986089335858605,1.0,1.0,7.688775930671501e-10,8.840063450439424e-10,8.840063442624752e-10
3309,"(1.0, 6.0, 11.0, 12.0, 12.0, 13.0, 14.0)",2262427199.9999986,1,-21.317327699013703,1.0,1.0,5.520802504249245e-10,4.4200317252197136e-10,4.4200317232660453e-10
3310,"(1.0, 6.0, 11.0, 12.0, 12.0, 14.0, 14.0)",1131213599.9999993,3,-21.226984932637443,3.0,3.0,6.042791036211283e-10,2.6520190351318282e-09,2.6520190280986233e-09
3311,"(1.0, 6.0, 11.0, 12.0, 13.0, 14.0, 14.0)",2262427199.9999986,2,-21.10415781284209,4.0,10.0,6.83251693285734e-10,1.7680126900878854e-09,4.420031722093845e-09
3312,"(1.0, 6.0, 11.0, 12.0, 14.0, 14.0, 14.0)",754142399.9999995,2,-21.013815046465822,3.0,5.0,7.47852726933346e-10,3.978028552697742e-09,6.6300475720048596e-09
3313,"(1.0, 6.0, 12.0, 14.0, 14.0, 14.0, 14.0)",172141199.9999999,1,-20.918713637277683,1.0,1.0,8.224662749107617e-10,5.809184553145909e-09,5.809184519399284e-09
3314,"(1.0, 7.0, 7.0, 7.0, 7.0, 9.0, 14.0)",242189999.99999988,1,-20.806855920365827,2.0,4.0,9.198082234690156e-10,8.25797927247203e-09,1.6515958476749838e-08
3315,"(1.0, 7.0, 7.0, 7.0, 7.0, 11.0, 14.0)",242189999.99999988,1,-20.43608139064164,1.0,1.0,1.3326699968644618e-09,4.128989636236015e-09,4.1289896191874594e-09
3316,"(1.0, 7.0, 7.0, 7.0, 7.0, 14.0, 14.0)",126359999.99999993,1,-20.3409799814535,1.0,1.0,1.465630983925182e-09,7.913896802785697e-09,7.913896740155934e-09
3317,"(1.0, 7.0, 7.0, 7.0, 8.0, 8.0, 14.0)",444015000.0,1,-20.050317797167587,1.0,1.0,1.9600069904238066e-09,2.2521761652196435e-09,2.252176160147346e-09
3318,"(1.0, 7.0, 7.0, 7.0, 8.0, 14.0, 14.0)",484379999.9999998,1,-20.21986727873976,1.0,1.0,1.6543340782292743e-09,2.064494818118007e-09,2.0644948138558684e-09
3319,"(1.0, 7.0, 7.0, 7.0, 11.0, 12.0, 14.0)",968759999.9999996,1,-20.697688055671684,1.0,1.0,1.0259076995758178e-09,1.0322474090590035e-09,1.0322474079934688e-09
3320,"(1.0, 7.0, 7.0, 7.0, 11.0, 13.0, 14.0)",968759999.9999996,1,-20.57486093587633,1.0,1.0,1.1599824794364127e-09,1.0322474090590035e-09,1.0322474079934688e-09
3321,"(1.0, 7.0, 7.0, 7.0, 12.0, 14.0, 14.0)",484379999.9999998,1,-20.602586646483548,1.0,1.0,1.1282628968037337e-09,2.064494818118007e-09,2.0644948138558684e-09
3322,"(1.0, 7.0, 7.0, 8.0, 8.0, 9.0, 14.0)",1118917799.9999998,1,-20.564630514938344,1.0,1.0,1.1719104987776145e-09,8.937207004839857e-10,8.93720699685249e-10
3323,"(1.0, 7.0, 7.0, 8.0, 8.0, 12.0, 14.0)",1278763200.0,1,-20.311924462197634,1.0,1.0,1.5088403486453729e-09,7.820056129234873e-10,7.820056123119546e-10
3324,"(1.0, 7.0, 7.0, 8.0, 8.0, 13.0, 14.0)",1278763200.0,2,-20.18909734240228,3.0,5.0,1.7060290798275796e-09,2.346016838770462e-09,3.910028059113642e-09
3325,"(1.0, 7.0, 7.0, 8.0, 9.0, 11.0, 14.0)",2237835599.9999995,1,-20.82928140569865,1.0,1.0,8.994106452654228e-10,4.4686035024199283e-10,4.4686035004230864e-10
3326,"(1.0, 7.0, 7.0, 8.0, 9.0, 13.0, 14.0)",2557526400.0,1,-20.824522762886776,1.0,1.0,9.037008188735423e-10,3.9100280646174367e-10,3.910028063088605e-10
3327,"(1.0, 7.0, 7.0, 8.0, 9.0, 14.0, 14.0)",1278763200.0,1,-20.734179996510512,1.0,1.0,9.891451837849182e-10,7.820056129234873e-10,7.820056123119546e-10
3328,"(1.0, 7.0, 7.0, 8.0, 11.0, 11.0, 14.0)",1118917799.9999998,3,-20.45850687597446,3.0,3.0,1.3031168359043431e-09,2.6811621014519573e-09,2.6811620942633272e-09
3329,"(1.0, 7.0, 7.0, 8.0, 11.0, 12.0, 14.0)",2557526400.0,1,-20.576575352957946,1.0,1.0,1.1579954894107973e-09,3.9100280646174367e-10,3.910028063088605e-10
3330,"(1.0, 7.0, 7.0, 8.0, 11.0, 14.0, 14.0)",1278763200.0,1,-20.36340546678632,1.0,1.0,1.4331292929754488e-09,7.820056129234873e-10,7.820056123119546e-10
3331,"(1.0, 7.0, 7.0, 8.0, 12.0, 14.0, 14.0)",1336888799.9999998,1,-20.481473943769807,1.0,1.0,1.273529135134181e-09,7.480053688833358e-10,7.480053683238238e-10
3332,"(1.0, 7.0, 7.0, 8.0, 13.0, 14.0, 14.0)",1336888799.9999998,2,-20.358646823974446,2.0,2.0,1.4399652955312412e-09,1.4960107377666716e-09,1.4960107355286234e-09
3333,"(1.0, 7.0, 7.0, 8.0, 14.0, 14.0, 14.0)",445629600.0,1,-20.268304057598183,1.0,1.0,1.5761131418112232e-09,2.244016106650007e-09,2.2440161016143988e-09
3334,"(1.0, 7.0, 7.0, 9.0, 9.0, 11.0, 14.0)",1118917799.9999998,1,-21.46470682618315,1.0,1.0,4.764268946178141e-10,8.937207004839857e-10,8.93720699685249e-10
3335,"(1.0, 7.0, 7.0, 9.0, 9.0, 13.0, 14.0)",1278763200.0,1,-21.459948183371274,1.0,1.0,4.786994428695468e-10,7.820056129234873e-10,7.820056123119546e-10
3336,"(1.0, 7.0, 7.0, 9.0, 9.0, 14.0, 14.0)",639381600.0,1,-21.36960541699501,1.0,1.0,5.239601851696392e-10,1.5640112258469747e-09,1.5640112234008436e-09
3337,"(1.0, 7.0, 7.0, 9.0, 11.0, 11.0, 14.0)",1118917799.9999998,3,-21.09393229645896,3.0,3.0,6.902741375391254e-10,2.6811621014519573e-09,2.6811620942633272e-09
3338,"(1.0, 7.0, 7.0, 9.0, 11.0, 12.0, 14.0)",2557526400.0,2,-21.21200077344244,2.0,2.0,6.134018959033037e-10,7.820056129234873e-10,7.820056123119546e-10
3339,"(1.0, 7.0, 7.0, 9.0, 11.0, 14.0, 14.0)",1278763200.0,2,-20.99883088727082,2.0,2.0,7.591430479862959e-10,1.5640112258469747e-09,1.5640112234008436e-09
3340,"(1.0, 7.0, 7.0, 9.0, 12.0, 14.0, 14.0)",1336888799.9999998,1,-21.1168993642543,2.0,4.0,6.746012338760301e-10,1.4960107377666716e-09,2.992021473295295e-09
3341,"(1.0, 7.0, 7.0, 9.0, 14.0, 14.0, 14.0)",445629600.0,1,-20.90372947808268,1.0,1.0,8.348830355436261e-10,2.244016106650007e-09,2.2440161016143988e-09
3342,"(1.0, 7.0, 7.0, 11.0, 11.0, 11.0, 14.0)",372972600.0,1,-20.72315776673477,1.0,1.0,1.0001080760514381e-09,2.6811621014519565e-09,2.6811620942633264e-09
3343,"(1.0, 7.0, 7.0, 11.0, 11.0, 14.0, 14.0)",639381600.0,1,-20.62805635754664,1.0,1.0,1.0998892351321177e-09,1.5640112258469747e-09,1.5640112234008436e-09
3344,"(1.0, 7.0, 7.0, 11.0, 13.0, 14.0, 14.0)",1336888799.9999998,1,-20.62329771473476,1.0,1.0,1.1051356882325584e-09,7.480053688833358e-10,7.480053683238238e-10
3345,"(1.0, 7.0, 7.0, 12.0, 12.0, 13.0, 14.0)",1278763199.9999998,1,-20.95453607788986,1.0,1.0,7.935249941139419e-10,7.820056129234874e-10,7.820056123119547e-10
3346,"(1.0, 7.0, 7.0, 12.0, 12.0, 14.0, 14.0)",639381599.9999999,1,-20.8641933115136,1.0,1.0,8.685523015450467e-10,1.5640112258469749e-09,1.5640112234008438e-09
3347,"(1.0, 7.0, 7.0, 13.0, 13.0, 14.0, 14.0)",639381599.9999999,1,-20.61853907192288,1.0,1.0,1.1104071668258033e-09,1.5640112258469749e-09,1.5640112234008438e-09
3348,"(1.0, 7.0, 7.0, 13.0, 14.0, 14.0, 14.0)",426254400.0,1,-20.52819630554662,2.0,4.0,1.2153954917016536e-09,4.692033677540924e-09,9.384067333066667e-09
3349,"(1.0, 7.0, 8.0, 8.0, 8.0, 12.0, 14.0)",688564799.9999996,1,-20.190811759483893,1.0,1.0,1.7031067402016682e-09,1.4522961382864772e-09,1.452296136177313e-09
3350,"(1.0, 7.0, 8.0, 8.0, 8.0, 14.0, 14.0)",344282399.9999998,1,-19.977641873312272,1.0,1.0,2.1077561879699684e-09,2.9045922765729543e-09,2.904592268136298e-09
3351,"(1.0, 7.0, 8.0, 8.0, 9.0, 9.0, 14.0)",860705999.9999995,2,-21.078943232709097,2.0,2.0,7.006986321248993e-10,2.3236738212583636e-09,2.3236738158589036e-09
3352,"(1.0, 7.0, 8.0, 8.0, 9.0, 11.0, 14.0)",1721411999.999999,1,-20.708168702984903,1.0,1.0,1.015211671358018e-09,5.809184553145909e-10,5.809184549771247e-10
3353,"(1.0, 7.0, 8.0, 8.0, 9.0, 12.0, 14.0)",2065694399.9999988,1,-20.826237179968388,1.0,1.0,9.02152826084797e-10,4.840987127621591e-10,4.840987125278076e-10
3354,"(1.0, 7.0, 8.0, 8.0, 9.0, 14.0, 14.0)",1032847199.9999994,1,-20.613067293796767,1.0,1.0,1.1164997218258106e-09,9.681974255243182e-10,9.68197424586912e-10
3355,"(1.0, 7.0, 8.0, 8.0, 11.0, 11.0, 14.0)",860705999.9999995,3,-20.33739417326072,3.0,3.0,1.4708958893440737e-09,3.4855107318875455e-09,3.4855107197387604e-09
3356,"(1.0, 7.0, 8.0, 8.0, 11.0, 12.0, 14.0)",2065694399.9999988,4,-20.4554626502442,4.0,4.0,1.3070898620316487e-09,1.9363948510486364e-09,1.9363948472990113e-09
3357,"(1.0, 7.0, 8.0, 8.0, 11.0, 14.0, 14.0)",1032847199.9999994,2,-20.24229276407258,2.0,2.0,1.6176477257108337e-09,1.9363948510486364e-09,1.9363948472990113e-09
3358,"(1.0, 7.0, 8.0, 8.0, 12.0, 13.0, 14.0)",2262427199.9999995,2,-20.450704007432325,2.0,2.0,1.3133246586276729e-09,8.840063450439424e-10,8.840063442624752e-10
3359,"(1.0, 7.0, 8.0, 8.0, 14.0, 14.0, 14.0)",377071200.0,2,-20.14719135488444,3.0,5.0,1.779041048013502e-09,7.95605710539548e-09,1.3260095112360288e-08
3360,"(1.0, 7.0, 8.0, 9.0, 9.0, 11.0, 14.0)",1721411999.999999,1,-21.343594123469405,1.0,1.0,5.377678666702059e-10,5.809184553145909e-10,5.809184549771247e-10
3361,"(1.0, 7.0, 8.0, 9.0, 9.0, 12.0, 14.0)",2065694399.9999988,1,-21.46166260045289,2.0,4.0,4.778794554687788e-10,9.681974255243182e-10,1.9363948501112302e-09
3362,"(1.0, 7.0, 8.0, 9.0, 11.0, 13.0, 14.0)",4131388799.9999976,2,-20.968060950933346,2.0,2.0,7.828649198835333e-10,4.840987127621591e-10,4.840987125278076e-10
3363,"(1.0, 7.0, 8.0, 9.0, 11.0, 14.0, 14.0)",2065694399.9999988,2,-20.87771818455708,2.0,2.0,8.568843237546354e-10,9.681974255243182e-10,9.68197424586912e-10
3364,"(1.0, 7.0, 8.0, 9.0, 12.0, 12.0, 14.0)",2262427199.9999995,1,-21.20895654771218,1.0,1.0,6.15272074917046e-10,4.420031725219712e-10,4.420031723266044e-10
3365,"(1.0, 7.0, 8.0, 9.0, 12.0, 13.0, 14.0)",4524854399.999999,2,-21.086129427916823,2.0,2.0,6.95681324241313e-10,4.420031725219712e-10,4.420031723266044e-10
3366,"(1.0, 7.0, 8.0, 9.0, 12.0, 14.0, 14.0)",2262427199.9999995,1,-20.99578666154056,1.0,1.0,7.614575719651981e-10,4.420031725219712e-10,4.420031723266044e-10
3367,"(1.0, 7.0, 8.0, 9.0, 13.0, 14.0, 14.0)",2262427199.9999995,1,-20.872959541745203,1.0,1.0,8.609716475264133e-10,4.420031725219712e-10,4.420031723266044e-10
3368,"(1.0, 7.0, 8.0, 9.0, 14.0, 14.0, 14.0)",754142399.9999999,4,-20.78261677536894,5.0,7.0,9.423759951746694e-10,6.6300475878295675e-09,9.282066579003863e-09
3369,"(1.0, 7.0, 8.0, 11.0, 11.0, 12.0, 14.0)",2065694399.9999988,1,-20.72011354100451,1.0,1.0,1.0031572696515838e-09,4.840987127621591e-10,4.840987125278076e-10
3370,"(1.0, 7.0, 8.0, 11.0, 11.0, 14.0, 14.0)",1032847199.9999994,3,-20.506943654832888,3.0,3.0,1.241502304409184e-09,2.9045922765729548e-09,2.9045922681362986e-09
3371,"(1.0, 7.0, 8.0, 11.0, 12.0, 13.0, 14.0)",4524854399.999999,3,-20.71535489819264,3.0,3.0,1.0079423129081889e-09,6.630047587829568e-10,6.630047583433814e-10
3372,"(1.0, 7.0, 8.0, 11.0, 12.0, 14.0, 14.0)",2262427199.9999995,3,-20.62501213181637,3.0,3.0,1.10324264792515e-09,1.3260095175659135e-09,1.3260095158076123e-09
3373,"(1.0, 7.0, 8.0, 11.0, 13.0, 14.0, 14.0)",2262427199.9999995,3,-20.502185012021013,3.0,3.0,1.2474242494615732e-09,1.3260095175659135e-09,1.3260095158076123e-09
3374,"(1.0, 7.0, 8.0, 11.0, 14.0, 14.0, 14.0)",754142399.9999999,2,-20.41184224564475,2.0,2.0,1.3653674564879343e-09,2.652019035131827e-09,2.652019028098622e-09
3375,"(1.0, 7.0, 8.0, 12.0, 13.0, 13.0, 14.0)",2262427199.9999986,1,-20.71059625538076,1.0,1.0,1.0127501807404321e-09,4.4200317252197136e-10,4.4200317232660453e-10
3376,"(1.0, 7.0, 8.0, 12.0, 13.0, 14.0, 14.0)",2262427199.9999986,1,-20.620253489004494,1.0,1.0,1.1085050967480495e-09,4.4200317252197136e-10,4.4200317232660453e-10
3377,"(1.0, 7.0, 8.0, 13.0, 13.0, 14.0, 14.0)",1131213599.9999993,2,-20.497426369209137,2.0,2.0,1.2533744420919806e-09,1.7680126900878854e-09,1.7680126869620166e-09
3378,"(1.0, 7.0, 8.0, 14.0, 14.0, 14.0, 14.0)",188535599.99999988,1,-20.31674083645661,1.0,1.0,1.5015906813990928e-09,5.3040380702636565e-09,5.304038042130837e-09
3379,"(1.0, 7.0, 9.0, 9.0, 9.0, 14.0, 14.0)",344282399.9999998,2,-21.883918134765768,2.0,2.0,3.1328176120891905e-10,5.809184553145909e-09,5.809184519399284e-09
3380,"(1.0, 7.0, 9.0, 9.0, 11.0, 14.0, 14.0)",1032847199.9999994,1,-21.513143605041577,1.0,1.0,4.5390027298668586e-10,9.681974255243182e-10,9.68197424586912e-10
3381,"(1.0, 7.0, 9.0, 9.0, 12.0, 13.0, 14.0)",2262427199.9999995,1,-21.72155484840132,1.0,1.0,3.6850941746868893e-10,4.420031725219712e-10,4.420031723266044e-10
3382,"(1.0, 7.0, 9.0, 11.0, 11.0, 11.0, 14.0)",573803999.9999996,1,-21.23747048450553,1.0,1.0,5.979760072098165e-10,1.7427553659437728e-09,1.7427553629065765e-09
3383,"(1.0, 7.0, 9.0, 11.0, 11.0, 12.0, 14.0)",2065694399.9999988,1,-21.355538961489007,1.0,1.0,5.313825284471125e-10,4.840987127621591e-10,4.840987125278076e-10
3384,"(1.0, 7.0, 9.0, 11.0, 11.0, 13.0, 14.0)",2065694399.9999988,1,-21.23271184169365,1.0,1.0,6.008283426785223e-10,4.840987127621591e-10,4.840987125278076e-10
3385,"(1.0, 7.0, 9.0, 11.0, 11.0, 14.0, 14.0)",1032847199.9999994,2,-21.142369075317387,2.0,2.0,6.576362984629519e-10,1.9363948510486364e-09,1.9363948472990113e-09
3386,"(1.0, 7.0, 9.0, 11.0, 12.0, 12.0, 14.0)",2262427199.9999995,1,-21.47360743847249,1.0,1.0,4.722052191631961e-10,4.420031725219712e-10,4.420031723266044e-10
3387,"(1.0, 7.0, 9.0, 11.0, 13.0, 14.0, 14.0)",2262427199.9999995,1,-21.13761043250551,1.0,1.0,6.607732125146803e-10,4.420031725219712e-10,4.420031723266044e-10
3388,"(1.0, 7.0, 9.0, 11.0, 14.0, 14.0, 14.0)",754142399.9999999,1,-21.04726766612925,1.0,1.0,7.232489194241201e-10,1.3260095175659135e-09,1.3260095158076123e-09
3389,"(1.0, 7.0, 9.0, 12.0, 13.0, 14.0, 14.0)",2262427199.9999986,1,-21.255678909488992,1.0,1.0,5.871863355095606e-10,4.4200317252197136e-10,4.4200317232660453e-10
3390,"(1.0, 7.0, 9.0, 12.0, 14.0, 14.0, 14.0)",754142399.9999995,2,-21.16533614311273,2.0,2.0,6.42704447781265e-10,2.6520190351318282e-09,2.6520190280986233e-09
3391,"(1.0, 7.0, 9.0, 13.0, 13.0, 14.0, 14.0)",1131213599.9999993,1,-21.132851789693635,1.0,1.0,6.63925089593527e-10,8.840063450439427e-10,8.840063442624755e-10
3392,"(1.0, 7.0, 9.0, 13.0, 14.0, 14.0, 14.0)",754142399.9999995,1,-21.04250902331737,1.0,1.0,7.266988045711913e-10,1.3260095175659141e-09,1.3260095158076129e-09
3393,"(1.0, 7.0, 9.0, 14.0, 14.0, 14.0, 14.0)",188535599.99999988,1,-20.952166256941112,1.0,1.0,7.954077362681152e-10,5.3040380702636565e-09,5.304038042130837e-09
3394,"(1.0, 7.0, 11.0, 11.0, 11.0, 11.0, 14.0)",143450999.9999999,1,-20.86669595478133,1.0,1.0,8.663813426758109e-10,6.971021463775091e-09,6.971021415179951e-09
3395,"(1.0, 7.0, 11.0, 11.0, 12.0, 12.0, 14.0)",1131213599.9999998,2,-21.102832908748297,3.0,5.0,6.841575361962414e-10,2.652019035131827e-09,4.420031718186507e-09
3396,"(1.0, 7.0, 11.0, 11.0, 13.0, 13.0, 14.0)",1131213599.9999998,1,-20.857178669157584,1.0,1.0,8.746663040081578e-10,8.840063450439424e-10,8.840063442624752e-10
3397,"(1.0, 7.0, 11.0, 11.0, 13.0, 14.0, 14.0)",1131213599.9999998,2,-20.76683590278132,2.0,2.0,9.573654731297647e-10,1.7680126900878848e-09,1.768012686962016e-09
3398,"(1.0, 7.0, 11.0, 12.0, 12.0, 14.0, 14.0)",1131213599.9999993,1,-21.00773149956016,2.0,4.0,7.524161910258018e-10,1.7680126900878854e-09,3.536025377049902e-09
3399,"(1.0, 7.0, 11.0, 12.0, 14.0, 14.0, 14.0)",754142399.9999995,3,-20.79456161338854,4.0,6.0,9.3118642838301e-10,5.3040380702636565e-09,7.956057077262665e-09
3400,"(1.0, 7.0, 11.0, 13.0, 13.0, 14.0, 14.0)",1131213599.9999993,2,-20.762077259969445,2.0,2.0,9.619320902893091e-10,1.7680126900878854e-09,1.7680126869620166e-09
3401,"(1.0, 7.0, 11.0, 13.0, 14.0, 14.0, 14.0)",754142399.9999995,1,-20.671734493593185,1.0,1.0,1.0528821866332413e-09,1.3260095175659141e-09,1.3260095158076129e-09
3402,"(1.0, 7.0, 12.0, 12.0, 12.0, 14.0, 14.0)",344282399.9999998,2,-21.125799976543643,2.0,2.0,6.686235119991112e-10,5.809184553145909e-09,5.809184519399284e-09
3403,"(1.0, 7.0, 14.0, 14.0, 14.0, 14.0, 14.0)",34428239.999999985,1,-20.486290318028782,1.0,1.0,1.2674100898246791e-09,2.9045922765729543e-08,2.9045921922063912e-08
3404,"(1.0, 8.0, 8.0, 8.0, 8.0, 9.0, 14.0)",100947000.0,1,-20.322405109510854,1.0,1.0,1.493109304856601e-09,9.906188395890912e-09,9.906188297758344e-09
3405,"(1.0, 8.0, 8.0, 8.0, 9.0, 13.0, 14.0)",510047999.9999998,1,-20.58229735745929,1.0,1.0,1.1513883550612878e-09,1.960599786686744e-09,1.9605997828427926e-09
3406,"(1.0, 8.0, 8.0, 8.0, 11.0, 11.0, 14.0)",201894000.0,1,-20.21628147054697,2.0,4.0,1.6602768513752252e-09,9.906188395890912e-09,1.9812376693649256e-08
3407,"(1.0, 8.0, 8.0, 8.0, 11.0, 12.0, 14.0)",510047999.9999998,2,-20.33434994753045,3.0,5.0,1.4753804510026416e-09,5.881799360060232e-09,9.802998898838155e-09
3408,"(1.0, 8.0, 8.0, 8.0, 11.0, 14.0, 14.0)",255023999.9999999,1,-20.121180061358835,1.0,1.0,1.825923297586438e-09,3.921199573373488e-09,3.921199557997682e-09
3409,"(1.0, 8.0, 8.0, 9.0, 9.0, 11.0, 14.0)",605681999.9999999,1,-21.222481420755663,1.0,1.0,6.070066188329118e-10,1.6510313993151524e-09,1.6510313965892478e-09
3410,"(1.0, 8.0, 8.0, 9.0, 11.0, 11.0, 14.0)",605681999.9999999,3,-20.85170689103148,3.0,3.0,8.794654017833001e-10,4.953094197945458e-09,4.953094173412316e-09
3411,"(1.0, 8.0, 8.0, 9.0, 11.0, 14.0, 14.0)",765071999.9999998,1,-20.756605481843334,1.0,1.0,9.672099958553483e-10,1.3070665244578293e-09,1.3070665227494064e-09
3412,"(1.0, 8.0, 8.0, 9.0, 12.0, 14.0, 14.0)",879832799.9999998,1,-20.87467395882682,1.0,1.0,8.594968475994319e-10,1.136579586485069e-09,1.1365795851932558e-09
3413,"(1.0, 8.0, 8.0, 11.0, 12.0, 14.0, 14.0)",879832799.9999998,1,-20.503899429102624,1.0,1.0,1.2452874762039376e-09,1.136579586485069e-09,1.1365795851932558e-09
3414,"(1.0, 8.0, 8.0, 11.0, 13.0, 14.0, 14.0)",879832799.9999998,2,-20.38107230930727,2.0,2.0,1.4080327644050424e-09,2.273159172970138e-09,2.2731591678028853e-09
3415,"(1.0, 8.0, 8.0, 11.0, 14.0, 14.0, 14.0)",293277599.99999994,1,-20.290729542931008,1.0,1.0,1.5411614092135774e-09,3.409738759455206e-09,3.4097387478288877e-09
3416,"(1.0, 8.0, 8.0, 12.0, 12.0, 14.0, 14.0)",460864800.0,1,-20.62196790608611,1.0,1.0,1.1066062848180174e-09,2.169833756016949e-09,2.1698337513087706e-09
3417,"(1.0, 8.0, 8.0, 12.0, 13.0, 14.0, 14.0)",921729600.0,1,-20.499140786290752,1.0,1.0,1.251227476461941e-09,1.0849168780084746e-09,1.0849168768314298e-09
3418,"(1.0, 8.0, 8.0, 13.0, 14.0, 14.0, 14.0)",307243199.99999994,1,-20.28597090011913,1.0,1.0,1.5485127231417265e-09,3.2547506340254243e-09,3.2547506234320224e-09
3419,"(1.0, 8.0, 9.0, 9.0, 9.0, 14.0, 14.0)",255023999.9999999,1,-21.762805432052023,1.0,1.0,3.5361745169141403e-10,3.921199573373488e-09,3.921199557997682e-09
3420,"(1.0, 8.0, 9.0, 9.0, 11.0, 12.0, 14.0)",1530143999.9999995,1,-21.60520078849945,2.0,4.0,4.139811028232643e-10,1.3070665244578293e-09,2.6141330472072357e-09
3421,"(1.0, 8.0, 9.0, 9.0, 11.0, 13.0, 14.0)",1530143999.9999995,1,-21.482373668704096,1.0,1.0,4.680838503223083e-10,6.535332622289146e-10,6.535332618018089e-10
3422,"(1.0, 8.0, 9.0, 9.0, 13.0, 13.0, 14.0)",879832799.9999998,1,-21.47761502589222,1.0,1.0,4.703166023934682e-10,1.136579586485069e-09,1.1365795851932558e-09
3423,"(1.0, 8.0, 9.0, 9.0, 14.0, 14.0, 14.0)",293277599.99999994,1,-21.296929493139697,1.0,1.0,5.634573386406139e-10,3.409738759455206e-09,3.4097387478288877e-09
3424,"(1.0, 8.0, 9.0, 11.0, 12.0, 14.0, 14.0)",1759665599.9999995,2,-21.13932484958713,2.0,2.0,6.596413421582408e-10,1.136579586485069e-09,1.1365795851932558e-09
3425,"(1.0, 8.0, 9.0, 11.0, 13.0, 14.0, 14.0)",1759665599.9999995,3,-21.01649772979177,3.0,3.0,7.458491635571706e-10,1.7048693797276033e-09,1.7048693768210236e-09
3426,"(1.0, 8.0, 9.0, 12.0, 13.0, 14.0, 14.0)",1843459200.0,1,-21.13456620677525,1.0,1.0,6.627878202345802e-10,5.424584390042373e-10,5.424584387099761e-10
3427,"(1.0, 8.0, 9.0, 12.0, 14.0, 14.0, 14.0)",614486399.9999999,1,-21.044223440398987,1.0,1.0,7.254540070833757e-10,1.6273753170127121e-09,1.6273753143643617e-09
3428,"(1.0, 8.0, 9.0, 13.0, 14.0, 14.0, 14.0)",614486399.9999999,3,-20.92139632060363,3.0,3.0,8.202628152626198e-10,4.882125951038136e-09,4.8821259272029825e-09
3429,"(1.0, 8.0, 11.0, 11.0, 13.0, 13.0, 14.0)",879832799.9999998,2,-20.73606596644384,2.0,2.0,9.87281443739875e-10,2.273159172970138e-09,2.2731591678028853e-09
3430,"(1.0, 8.0, 11.0, 11.0, 13.0, 14.0, 14.0)",879832799.9999998,1,-20.64572320006758,1.0,1.0,1.0806283060944847e-09,1.136579586485069e-09,1.1365795851932558e-09
3431,"(1.0, 8.0, 11.0, 11.0, 14.0, 14.0, 14.0)",293277599.99999994,1,-20.555380433691315,1.0,1.0,1.1828010577299127e-09,3.409738759455206e-09,3.4097387478288877e-09
3432,"(1.0, 8.0, 11.0, 12.0, 13.0, 13.0, 14.0)",1843459200.0,1,-20.854134443427323,1.0,1.0,8.773330426940152e-10,5.424584390042373e-10,5.424584387099761e-10
3433,"(1.0, 8.0, 11.0, 12.0, 14.0, 14.0, 14.0)",614486399.9999999,1,-20.6734489106748,1.0,1.0,1.0510786538729837e-09,1.6273753170127121e-09,1.6273753143643617e-09
3434,"(1.0, 8.0, 11.0, 13.0, 13.0, 13.0, 14.0)",614486399.9999999,1,-20.731307323631967,1.0,1.0,9.919907595746522e-10,1.6273753170127121e-09,1.6273753143643617e-09
3435,"(1.0, 8.0, 11.0, 13.0, 13.0, 14.0, 14.0)",921729600.0,1,-20.640964557255703,1.0,1.0,1.0857828848882738e-09,1.0849168780084746e-09,1.0849168768314298e-09
3436,"(1.0, 8.0, 12.0, 12.0, 12.0, 13.0, 14.0)",586555199.9999998,1,-21.09503004020616,1.0,1.0,6.895168091730767e-10,1.7048693797276035e-09,1.7048693768210238e-09
3437,"(1.0, 8.0, 12.0, 12.0, 13.0, 13.0, 14.0)",879832799.9999996,1,-20.972202920410805,1.0,1.0,7.796290233988662e-10,1.136579586485069e-09,1.1365795851932558e-09
3438,"(1.0, 8.0, 12.0, 12.0, 14.0, 14.0, 14.0)",293277599.9999999,1,-20.79151738765828,1.0,1.0,9.3402548924649e-10,3.409738759455207e-09,3.4097387478288886e-09
3439,"(1.0, 8.0, 12.0, 13.0, 14.0, 14.0, 14.0)",586555199.9999998,1,-20.66869026786292,1.0,1.0,1.0560922813240757e-09,1.7048693797276035e-09,1.7048693768210238e-09
3440,"(1.0, 8.0, 13.0, 14.0, 14.0, 14.0, 14.0)",146638799.99999994,1,-20.4555203816913,1.0,1.0,1.3070144040205947e-09,6.819477518910414e-09,6.81947747240514e-09
3441,"(1.0, 8.0, 14.0, 14.0, 14.0, 14.0, 14.0)",29327759.99999999,1,-20.36517761531504,1.0,1.0,1.430591824057417e-09,3.409738759455207e-08,3.409738643192023e-08
3442,"(1.0, 9.0, 9.0, 9.0, 9.0, 12.0, 14.0)",127511999.99999996,1,-22.61140073870814,1.0,1.0,1.513538355228672e-10,7.842399146746976e-09,7.842399085243751e-09
3443,"(1.0, 9.0, 9.0, 9.0, 11.0, 14.0, 14.0)",255023999.9999999,1,-22.02745632281233,1.0,1.0,2.713921419209359e-10,3.921199573373488e-09,3.921199557997682e-09
3444,"(1.0, 9.0, 9.0, 12.0, 12.0, 14.0, 14.0)",460864800.0,2,-21.892818747055102,2.0,2.0,3.105057342116709e-10,4.339667512033898e-09,4.339667493201184e-09
3445,"(1.0, 9.0, 9.0, 13.0, 13.0, 14.0, 14.0)",460864800.0,1,-21.647164507464392,1.0,1.0,3.9696837138743294e-10,2.169833756016949e-09,2.1698337513087706e-09
3446,"(1.0, 9.0, 11.0, 11.0, 12.0, 13.0, 14.0)",1759665599.9999995,1,-21.494318506723697,2.0,4.0,4.625259248932891e-10,1.136579586485069e-09,2.2731591716783245e-09
3447,"(1.0, 9.0, 11.0, 12.0, 14.0, 14.0, 14.0)",614486399.9999999,1,-21.30887433115929,1.0,1.0,5.567669692368416e-10,1.6273753170127121e-09,1.6273753143643617e-09
3448,"(1.0, 9.0, 12.0, 12.0, 12.0, 14.0, 14.0)",293277599.9999999,1,-21.6401126943144,1.0,1.0,3.9977761164611464e-10,3.409738759455207e-09,3.4097387478288886e-09
3449,"(1.0, 9.0, 12.0, 12.0, 14.0, 14.0, 14.0)",293277599.9999999,1,-21.426942808142776,1.0,1.0,4.947627267678937e-10,3.409738759455207e-09,3.4097387478288886e-09
3450,"(1.0, 9.0, 12.0, 13.0, 13.0, 14.0, 14.0)",879832799.9999996,1,-21.394458454723683,1.0,1.0,5.110986688063294e-10,1.136579586485069e-09,1.1365795851932558e-09
3451,"(1.0, 9.0, 12.0, 13.0, 14.0, 14.0, 14.0)",586555199.9999998,1,-21.304115688347423,1.0,1.0,5.594227382894573e-10,1.7048693797276035e-09,1.7048693768210238e-09
3452,"(1.0, 11.0, 11.0, 11.0, 13.0, 14.0, 14.0)",293277599.99999994,2,-20.910374090827887,2.0,2.0,8.293539507413847e-10,6.819477518910412e-09,6.819477472405139e-09
3453,"(1.0, 11.0, 12.0, 13.0, 14.0, 14.0, 14.0)",586555199.9999998,1,-20.933341158623232,1.0,1.0,8.105231937048841e-10,1.7048693797276035e-09,1.7048693768210238e-09
3454,"(1.0, 13.0, 13.0, 13.0, 14.0, 14.0, 14.0)",85007999.99999997,1,-20.805755396016,1.0,1.0,9.208210520351395e-10,1.1763598720120463e-08,1.176359858173821e-08
3455,"(2.0, 2.0, 2.0, 3.0, 4.0, 8.0, 14.0)",659874599.9999998,1,-20.80278910059752,1.0,1.0,9.235565344216966e-10,1.5154394486467585e-09,1.5154394463502017e-09
3456,"(2.0, 2.0, 2.0, 3.0, 6.0, 14.0, 14.0)",344282399.9999998,1,-20.955658353067623,1.0,1.0,7.926349402462128e-10,2.9045922765729543e-09,2.904592268136298e-09
3457,"(2.0, 2.0, 2.0, 3.0, 11.0, 14.0, 14.0)",293277599.99999994,1,-20.87994310803691,1.0,1.0,8.549799410417251e-10,3.409738759455206e-09,3.4097387478288877e-09
3458,"(2.0, 2.0, 2.0, 6.0, 11.0, 14.0, 14.0)",377071200.0,1,-21.10187069269717,1.0,1.0,6.848161603776334e-10,2.6520190351318266e-09,2.6520190280986217e-09
3459,"(2.0, 2.0, 2.0, 11.0, 14.0, 14.0, 14.0)",107069600.0,1,-20.93105403847832,1.0,1.0,8.123790791366062e-10,9.33971921068165e-09,9.339719123451296e-09
3460,"(2.0, 2.0, 3.0, 3.0, 8.0, 11.0, 14.0)",806513400.0,1,-20.493516714197195,1.0,1.0,1.2582842954235995e-09,1.2399050034382566e-09,1.2399050019008922e-09
3461,"(2.0, 2.0, 3.0, 3.0, 8.0, 12.0, 14.0)",879832799.9999999,1,-20.61158519118068,2.0,4.0,1.1181557158577994e-09,2.2731591729701374e-09,4.546318340773022e-09
3462,"(2.0, 2.0, 3.0, 3.0, 8.0, 14.0, 14.0)",439916400.0,1,-20.39841530500906,1.0,1.0,1.383823793060788e-09,2.273159172970137e-09,2.2731591678028845e-09
3463,"(2.0, 2.0, 3.0, 3.0, 9.0, 14.0, 14.0)",439916400.0,1,-21.033840725493555,1.0,1.0,7.330254271469476e-10,2.273159172970137e-09,2.2731591678028845e-09
3464,"(2.0, 2.0, 3.0, 4.0, 6.0, 8.0, 14.0)",2450962800.0,1,-20.80783977299024,1.0,1.0,9.189037127599789e-10,4.080029284818195e-10,4.080029283153531e-10
3465,"(2.0, 2.0, 3.0, 4.0, 6.0, 14.0, 14.0)",1278763200.0,1,-20.97738925456241,2.0,4.0,7.75596073920907e-10,1.5640112258469747e-09,3.1280224492478183e-09
3466,"(2.0, 2.0, 3.0, 6.0, 7.0, 11.0, 14.0)",2450962800.0,1,-20.836557001571204,1.0,1.0,8.928906440947495e-10,4.080029284818195e-10,4.080029283153531e-10
3467,"(2.0, 2.0, 3.0, 6.0, 9.0, 14.0, 14.0)",1131213599.9999998,1,-21.255768310153822,1.0,1.0,5.871338430072541e-10,8.840063450439424e-10,8.840063442624752e-10
3468,"(2.0, 2.0, 3.0, 6.0, 13.0, 14.0, 14.0)",1131213599.9999998,1,-20.88023513761776,1.0,1.0,8.54730298061248e-10,8.840063450439424e-10,8.840063442624752e-10
3469,"(2.0, 2.0, 3.0, 7.0, 11.0, 12.0, 13.0)",2262427199.9999995,1,-20.96925299990023,1.0,1.0,7.819322625616145e-10,4.420031725219712e-10,4.420031723266044e-10
3470,"(2.0, 2.0, 3.0, 8.0, 8.0, 14.0, 14.0)",460864800.0,1,-20.27997675387829,2.0,4.0,1.5578226093947076e-09,4.339667512033898e-09,8.679335005235083e-09
3471,"(2.0, 2.0, 3.0, 8.0, 9.0, 14.0, 14.0)",921729600.0,1,-20.9154021743628,1.0,1.0,8.251943559555128e-10,1.0849168780084746e-09,1.0849168768314298e-09
3472,"(2.0, 2.0, 3.0, 8.0, 11.0, 13.0, 14.0)",1843459200.0,1,-20.63497041101487,2.0,4.0,1.0923107712935134e-09,1.0849168780084746e-09,2.1698337548399046e-09
3473,"(2.0, 2.0, 3.0, 11.0, 11.0, 12.0, 14.0)",921729600.0,1,-21.022448421570537,1.0,1.0,7.41424024448956e-10,1.0849168780084746e-09,1.0849168768314298e-09
3474,"(2.0, 2.0, 4.0, 4.0, 8.0, 14.0, 14.0)",668444400.0,1,-20.87563093253372,1.0,1.0,8.586747251526381e-10,1.4960107377666714e-09,1.4960107355286232e-09
3475,"(2.0, 2.0, 4.0, 6.0, 9.0, 14.0, 14.0)",1336888800.0,1,-21.49437612391615,1.0,1.0,4.624992762157781e-10,7.480053688833357e-10,7.480053683238237e-10
3476,"(2.0, 2.0, 4.0, 6.0, 11.0, 11.0, 14.0)",1225481400.0000002,1,-21.2187030033801,1.0,1.0,6.093044815971159e-10,8.160058569636388e-10,8.160058562977732e-10
3477,"(2.0, 2.0, 4.0, 7.0, 7.0, 14.0, 14.0)",726569999.9999999,1,-20.76080997306812,1.0,1.0,9.631519069929079e-10,1.3763298787453378e-09,1.376329876851054e-09
3478,"(2.0, 2.0, 4.0, 9.0, 12.0, 14.0, 14.0)",1182632399.9999998,1,-21.53672935586892,2.0,4.0,4.4331995706542417e-10,1.6911425731275419e-09,3.3822851433951204e-09
3479,"(2.0, 2.0, 4.0, 11.0, 14.0, 14.0, 14.0)",394210800.0,1,-20.952784939973107,1.0,1.0,7.949157831953702e-10,2.536713859691312e-09,2.536713853256395e-09
3480,"(2.0, 2.0, 6.0, 7.0, 7.0, 12.0, 14.0)",1453139999.9999998,1,-20.95729963013767,1.0,1.0,7.913350737062395e-10,6.881649393726689e-10,6.881649388990979e-10
3481,"(2.0, 2.0, 6.0, 7.0, 7.0, 14.0, 14.0)",726569999.9999999,1,-20.74412974396605,1.0,1.0,9.793522384653903e-10,1.3763298787453378e-09,1.376329876851054e-09
3482,"(2.0, 2.0, 6.0, 8.0, 14.0, 14.0, 14.0)",394210800.0,1,-20.67145382011073,1.0,1.0,1.0531777442188254e-09,2.536713859691312e-09,2.536713853256395e-09
3483,"(2.0, 2.0, 6.0, 11.0, 13.0, 14.0, 14.0)",1182632399.9999998,1,-21.026447477247302,1.0,1.0,7.384649491920156e-10,8.455712865637709e-10,8.455712858487801e-10
3484,"(2.0, 2.0, 6.0, 12.0, 13.0, 14.0, 14.0)",1131213599.9999995,1,-21.144515954230787,2.0,4.0,6.562259474292451e-10,1.7680126900878852e-09,3.5360253770499016e-09
3485,"(2.0, 2.0, 7.0, 7.0, 9.0, 13.0, 14.0)",1336888800.0,1,-21.12953179503579,2.0,4.0,6.6613298040903e-10,1.4960107377666714e-09,2.9920214732952947e-09
3486,"(2.0, 2.0, 7.0, 8.0, 11.0, 14.0, 14.0)",1131213599.9999998,1,-20.54730179622159,1.0,1.0,1.192395180213329e-09,8.840063450439424e-10,8.840063442624752e-10
3487,"(2.0, 2.0, 7.0, 11.0, 13.0, 14.0, 14.0)",1182632399.9999998,1,-20.807194044170025,1.0,1.0,9.194972669872204e-10,8.455712865637709e-10,8.455712858487801e-10
3488,"(2.0, 2.0, 8.0, 8.0, 12.0, 14.0, 14.0)",481813200.00000006,1,-20.54425757049133,1.0,1.0,1.1960306310605073e-09,2.0754931579292553e-09,2.0754931536215837e-09
3489,"(2.0, 3.0, 3.0, 3.0, 6.0, 9.0, 14.0)",659874599.9999998,1,-20.98778046744487,2.0,4.0,7.675784187305486e-10,3.030878897293517e-09,6.061757785400807e-09
3490,"(2.0, 3.0, 3.0, 4.0, 4.0, 14.0, 14.0)",639381600.0,1,-20.77719257139693,1.0,1.0,9.475015231785708e-10,1.5640112258469747e-09,1.5640112234008436e-09
3491,"(2.0, 3.0, 3.0, 4.0, 12.0, 14.0, 14.0)",1131213599.9999998,1,-20.80286557424764,1.0,1.0,9.234859093829273e-10,8.840063450439424e-10,8.840063442624752e-10
3492,"(2.0, 3.0, 3.0, 6.0, 6.0, 11.0, 14.0)",1225481400.0,1,-20.838933522380945,2.0,4.0,8.907711903587204e-10,1.632011713927278e-09,3.2640234251910935e-09
3493,"(2.0, 3.0, 3.0, 7.0, 11.0, 14.0, 14.0)",1131213599.9999998,1,-20.44886343508481,1.0,1.0,1.3157441536223986e-09,8.840063450439424e-10,8.840063442624752e-10
3494,"(2.0, 3.0, 3.0, 9.0, 11.0, 12.0, 14.0)",1843459200.0,1,-21.176346039027184,1.0,1.0,6.356671497538462e-10,5.424584390042373e-10,5.424584387099761e-10
3495,"(2.0, 3.0, 3.0, 12.0, 12.0, 14.0, 14.0)",460864800.0,1,-20.82853857709833,1.0,1.0,9.000790014224625e-10,2.169833756016949e-09,2.1698337513087706e-09
3496,"(2.0, 3.0, 4.0, 4.0, 9.0, 12.0, 14.0)",2673777600.0,1,-21.50734932692229,1.0,1.0,4.5653793169119893e-10,3.7400268444166784e-10,3.7400268430178984e-10
3497,"(2.0, 3.0, 4.0, 6.0, 9.0, 11.0, 14.0)",4901925600.000001,1,-21.37260062083675,1.0,1.0,5.223931655531985e-10,2.040014642409097e-10,2.040014641992931e-10
3498,"(2.0, 3.0, 4.0, 7.0, 8.0, 12.0, 14.0)",5347555200.0,1,-20.63599024425845,1.0,1.0,1.0911973642978604e-09,1.8700134222083392e-10,1.8700134218586442e-10
3499,"(2.0, 3.0, 4.0, 7.0, 9.0, 14.0, 14.0)",2673777600.0,1,-21.05824577857133,1.0,1.0,7.153524350161112e-10,3.7400268444166784e-10,3.7400268430178984e-10
3500,"(2.0, 3.0, 4.0, 8.0, 8.0, 14.0, 14.0)",1131213599.9999998,2,-20.30170765537309,2.0,2.0,1.5243348966378323e-09,1.7680126900878848e-09,1.768012686962016e-09
3501,"(2.0, 3.0, 4.0, 8.0, 12.0, 14.0, 14.0)",2365264799.9999995,1,-20.684427023116875,1.0,1.0,1.0396029005341402e-09,4.2278564328188547e-10,4.227856431031378e-10
3502,"(2.0, 3.0, 4.0, 8.0, 14.0, 14.0, 14.0)",788421599.9999999,1,-20.47125713694525,2.0,4.0,1.2866072307205488e-09,2.5367138596913126e-09,5.073427712947708e-09
3503,"(2.0, 3.0, 4.0, 11.0, 11.0, 12.0, 14.0)",2262427199.9999995,1,-21.04417932306532,1.0,1.0,7.254860128858678e-10,4.420031725219712e-10,4.420031723266044e-10
3504,"(2.0, 3.0, 4.0, 11.0, 13.0, 14.0, 14.0)",2365264799.9999995,1,-20.82625079408183,1.0,1.0,9.021405441574847e-10,4.2278564328188547e-10,4.227856431031378e-10
3505,"(2.0, 3.0, 4.0, 12.0, 14.0, 14.0, 14.0)",754142399.9999996,1,-20.853976504689047,1.0,1.0,8.774716185107831e-10,1.326009517565914e-09,1.3260095158076127e-09
3506,"(2.0, 3.0, 6.0, 8.0, 8.0, 14.0, 14.0)",1131213599.9999998,1,-20.28502742627102,3.0,9.0,1.5499743938150743e-09,2.652019035131827e-09,7.956057098362275e-09
3507,"(2.0, 3.0, 6.0, 8.0, 11.0, 14.0, 14.0)",2262427199.9999995,1,-20.54967831703133,1.0,1.0,1.1895647928235178e-09,4.420031725219712e-10,4.420031723266044e-10
3508,"(2.0, 3.0, 6.0, 11.0, 14.0, 14.0, 14.0)",788421599.9999999,1,-20.7192277986035,1.0,1.0,1.0040462022047024e-09,1.2683569298456563e-09,1.268356928236927e-09
3509,"(2.0, 3.0, 7.0, 8.0, 11.0, 14.0, 14.0)",2262427199.9999995,1,-20.33042488395405,1.0,1.0,1.4811827929033325e-09,4.420031725219712e-10,4.420031723266044e-10
3510,"(2.0, 3.0, 7.0, 8.0, 13.0, 14.0, 14.0)",2365264799.9999995,1,-20.325666241142173,1.0,1.0,1.488248009843298e-09,4.2278564328188547e-10,4.227856431031378e-10
3511,"(2.0, 3.0, 7.0, 9.0, 13.0, 14.0, 14.0)",2365264799.9999995,1,-20.96109166162667,1.0,1.0,7.883399885060746e-10,4.2278564328188547e-10,4.227856431031378e-10
3512,"(2.0, 3.0, 8.0, 9.0, 12.0, 12.0, 14.0)",1927252800.0,1,-21.175975964879907,1.0,1.0,6.359024372664708e-10,5.188732894823139e-10,5.188732892130844e-10
3513,"(2.0, 3.0, 8.0, 9.0, 13.0, 14.0, 14.0)",1927252800.0,1,-20.83997895891293,1.0,1.0,8.898404322237295e-10,5.188732894823139e-10,5.188732892130844e-10
3514,"(2.0, 3.0, 8.0, 11.0, 11.0, 12.0, 14.0)",1759665599.9999998,1,-20.687132958172235,1.0,1.0,1.0367936052014496e-09,5.682897932425344e-10,5.68289792919581e-10
3515,"(2.0, 3.0, 8.0, 11.0, 14.0, 14.0, 14.0)",642417600.0000001,1,-20.37886166281248,1.0,1.0,1.4111488701353085e-09,1.5566198684469413e-09,1.556619866023876e-09
3516,"(2.0, 3.0, 9.0, 12.0, 13.0, 14.0, 14.0)",1927252799.9999995,1,-21.22269832665672,2.0,4.0,6.068749697935501e-10,1.037746578964628e-09,2.075493156852338e-09
3517,"(2.0, 4.0, 6.0, 6.0, 6.0, 14.0, 14.0)",505439999.9999997,1,-21.2043675116154,1.0,1.0,6.181020691846441e-10,1.9784742006964242e-09,1.978474196782064e-09
3518,"(2.0, 4.0, 6.0, 7.0, 8.0, 8.0, 14.0)",2664089999.9999995,1,-20.475198461174923,3.0,9.0,1.2815462744542395e-09,1.126088082609822e-09,3.378264246561391e-09
3519,"(2.0, 4.0, 6.0, 11.0, 12.0, 13.0, 14.0)",5347555199.999999,1,-21.26134826491372,1.0,1.0,5.838667862167032e-10,1.8700134222083395e-10,1.8700134218586445e-10
3520,"(2.0, 4.0, 7.0, 8.0, 9.0, 14.0, 14.0)",2557526400.0,1,-20.939807227440568,1.0,1.0,8.052992025009182e-10,3.9100280646174367e-10,3.910028063088605e-10
3521,"(2.0, 6.0, 6.0, 8.0, 9.0, 11.0, 14.0)",2237835599.9999995,1,-21.237481840603923,2.0,4.0,5.97969216573999e-10,8.937207004839857e-10,1.7874414001692346e-09
3522,"(2.0, 6.0, 7.0, 7.0, 14.0, 14.0, 14.0)",484379999.9999998,1,-20.57836376213992,1.0,1.0,1.15592637041205e-09,2.064494818118007e-09,2.0644948138558684e-09
3523,"(2.0, 7.0, 8.0, 9.0, 9.0, 11.0, 14.0)",1721411999.999999,1,-21.313287692220115,1.0,1.0,5.543151698923648e-10,5.809184553145909e-10,5.809184549771247e-10
3524,"(2.0, 7.0, 11.0, 14.0, 14.0, 14.0, 14.0)",188535599.99999988,1,-20.55108529596763,1.0,1.0,1.1878922770897606e-09,5.3040380702636565e-09,5.304038042130837e-09
3525,"(2.0, 8.0, 12.0, 12.0, 13.0, 14.0, 14.0)",879832799.9999996,1,-20.85155372278525,4.0,16.0,8.796001182733908e-10,4.546318345940276e-09,1.8185273363092093e-08
3526,"(2.0, 9.0, 11.0, 13.0, 13.0, 14.0, 14.0)",921729600.0,1,-21.24608354649091,1.0,1.0,5.92847719626755e-10,1.0849168780084746e-09,1.0849168768314298e-09
3527,"(3.0, 3.0, 3.0, 4.0, 4.0, 14.0, 14.0)",213127200.0,1,-20.5603156591294,1.0,1.0,1.1769780486119529e-09,4.692033677540924e-09,4.692033655525743e-09
3528,"(3.0, 3.0, 3.0, 4.0, 9.0, 14.0, 14.0)",377071200.0,1,-20.8386947147208,1.0,1.0,8.909839387443767e-10,2.6520190351318266e-09,2.6520190280986217e-09
3529,"(3.0, 3.0, 3.0, 4.0, 12.0, 14.0, 14.0)",377071200.0,1,-20.585988661980096,1.0,1.0,1.1471460646309919e-09,2.6520190351318266e-09,2.6520190280986217e-09
3530,"(3.0, 3.0, 3.0, 7.0, 11.0, 14.0, 14.0)",377071200.0,1,-20.231986522817262,1.0,1.0,1.634405801489405e-09,2.6520190351318266e-09,2.6520190280986217e-09
3531,"(3.0, 3.0, 3.0, 7.0, 12.0, 14.0, 14.0)",377071200.0,1,-20.350054999800747,1.0,1.0,1.452390525426763e-09,2.6520190351318266e-09,2.6520190280986217e-09
3532,"(3.0, 3.0, 3.0, 8.0, 9.0, 13.0, 14.0)",614486400.0,1,-20.57199111620397,1.0,1.0,1.1633162012777456e-09,1.6273753170127117e-09,1.6273753143643613e-09
3533,"(3.0, 3.0, 3.0, 8.0, 9.0, 14.0, 14.0)",307243200.0,1,-20.481648349827715,1.0,1.0,1.2733070433057337e-09,3.2547506340254234e-09,3.2547506234320216e-09
3534,"(3.0, 3.0, 3.0, 11.0, 14.0, 14.0, 14.0)",107069600.0,1,-20.280423301675697,1.0,1.0,1.5571271224353754e-09,9.33971921068165e-09,9.339719123451296e-09
3535,"(3.0, 3.0, 4.0, 4.0, 8.0, 14.0, 14.0)",668444400.0,1,-20.441877107998632,1.0,1.0,1.3249685574732863e-09,1.4960107377666714e-09,1.4960107355286232e-09
3536,"(3.0, 3.0, 4.0, 6.0, 13.0, 14.0, 14.0)",1336888800.0,1,-20.685089126845003,1.0,1.0,1.0389148033989e-09,7.480053688833357e-10,7.480053683238237e-10
3537,"(3.0, 3.0, 4.0, 9.0, 11.0, 11.0, 14.0)",989811899.9999996,1,-21.08000846353849,1.0,1.0,6.999526237459505e-10,1.0102929657645057e-09,1.0102929647438138e-09
3538,"(3.0, 3.0, 4.0, 11.0, 12.0, 12.0, 14.0)",1182632399.9999998,2,-20.945370887781262,2.0,2.0,8.008312319261579e-10,1.6911425731275419e-09,1.6911425702675787e-09
3539,"(3.0, 3.0, 6.0, 6.0, 7.0, 11.0, 14.0)",1392592499.9999998,1,-20.624730761696387,1.0,1.0,1.1035531111168503e-09,7.180851541280024e-10,7.180851536123561e-10
3540,"(3.0, 3.0, 6.0, 7.0, 8.0, 14.0, 14.0)",1336888800.0,1,-20.189263216717222,1.0,1.0,1.7057461168914837e-09,7.480053688833357e-10,7.480053683238237e-10
3541,"(3.0, 3.0, 6.0, 7.0, 9.0, 11.0, 14.0)",2450962800.0000005,1,-20.91979004638986,1.0,1.0,8.215814410250535e-10,4.080029284818194e-10,4.08002928315353e-10
3542,"(3.0, 3.0, 6.0, 7.0, 9.0, 14.0, 14.0)",1336888800.0,1,-20.824688637201724,1.0,1.0,9.035509305509484e-10,7.480053688833357e-10,7.480053683238237e-10
3543,"(3.0, 3.0, 6.0, 7.0, 11.0, 13.0, 14.0)",2673777600.0,1,-20.5442568738538,2.0,4.0,1.19603146426062e-09,7.480053688833357e-10,1.4960107372071594e-09
3544,"(3.0, 3.0, 6.0, 7.0, 11.0, 14.0, 14.0)",1336888800.0,1,-20.453914107477534,1.0,1.0,1.309115514582894e-09,7.480053688833357e-10,7.480053683238237e-10
3545,"(3.0, 3.0, 6.0, 9.0, 12.0, 13.0, 14.0)",2365264799.9999995,1,-21.17663806860803,1.0,1.0,6.354815432451593e-10,4.2278564328188547e-10,4.227856431031378e-10
3546,"(3.0, 3.0, 7.0, 7.0, 8.0, 14.0, 14.0)",668444400.0,1,-19.97000978363994,1.0,1.0,2.123904315799781e-09,1.4960107377666714e-09,1.4960107355286232e-09
3547,"(3.0, 3.0, 7.0, 8.0, 8.0, 11.0, 14.0)",989811899.9999996,1,-19.94399849011434,1.0,1.0,2.179874588275243e-09,1.0102929657645057e-09,1.0102929647438138e-09
3548,"(3.0, 3.0, 7.0, 8.0, 11.0, 12.0, 14.0)",2262427199.9999995,1,-20.326717857858128,1.0,1.0,1.486683765995307e-09,4.420031725219712e-10,4.420031723266044e-10
3549,"(3.0, 3.0, 7.0, 8.0, 12.0, 12.0, 14.0)",1182632399.9999998,1,-20.44478633484161,1.0,1.0,1.3211195249488767e-09,8.455712865637709e-10,8.455712858487801e-10
3550,"(3.0, 3.0, 7.0, 9.0, 13.0, 14.0, 14.0)",1182632399.9999998,1,-20.74421474935913,1.0,1.0,9.792689917816527e-10,8.455712865637709e-10,8.455712858487801e-10
3551,"(3.0, 3.0, 8.0, 11.0, 11.0, 12.0, 14.0)",879832799.9999999,1,-20.47025604590469,2.0,4.0,1.2878958866152563e-09,2.2731591729701374e-09,4.546318340773022e-09
3552,"(3.0, 4.0, 6.0, 8.0, 12.0, 14.0, 14.0)",2673777599.9999995,2,-20.6894776955096,4.0,10.0,1.0343654443363752e-09,1.4960107377666716e-09,3.740026842178631e-09
3553,"(3.0, 4.0, 8.0, 8.0, 8.0, 11.0, 14.0)",573803999.9999996,1,-20.061493601162923,1.0,1.0,1.938224282823317e-09,1.7427553659437728e-09,1.7427553629065765e-09
3554,"(3.0, 4.0, 8.0, 12.0, 13.0, 14.0, 14.0)",2262427199.9999986,1,-20.60900380766701,1.0,1.0,1.1210458332342388e-09,4.4200317252197136e-10,4.4200317232660453e-10
3555,"(3.0, 4.0, 13.0, 14.0, 14.0, 14.0, 14.0)",172141199.9999999,1,-20.56538340306756,1.0,1.0,1.1710285133344275e-09,5.809184553145909e-09,5.809184519399284e-09
3556,"(3.0, 6.0, 6.0, 8.0, 11.0, 14.0, 14.0)",1278763200.0,1,-20.554728989424056,1.0,1.0,1.1835718377311265e-09,7.820056129234873e-10,7.820056123119546e-10
3557,"(3.0, 6.0, 7.0, 7.0, 11.0, 13.0, 14.0)",2906279999.999999,1,-20.546931025436777,1.0,1.0,1.1928373674800973e-09,3.440824696863345e-10,3.4408246956794176e-10
3558,"(3.0, 6.0, 7.0, 12.0, 13.0, 14.0, 14.0)",2557526399.9999995,1,-20.71343628127869,1.0,1.0,1.009878024428659e-09,3.910028064617437e-10,3.9100280630886053e-10
3559,"(3.0, 7.0, 7.0, 11.0, 11.0, 13.0, 14.0)",1278763200.0,1,-20.471215780406062,1.0,1.0,1.2866604414432046e-09,7.820056129234873e-10,7.820056123119546e-10
3560,"(3.0, 7.0, 8.0, 9.0, 11.0, 14.0, 14.0)",2065694399.9999988,1,-20.630534841040244,1.0,1.0,1.0971665532728319e-09,4.840987127621591e-10,4.840987125278076e-10
3561,"(3.0, 8.0, 8.0, 9.0, 11.0, 14.0, 14.0)",765071999.9999998,1,-20.509422138326503,1.0,1.0,1.2384290714921578e-09,1.3070665244578293e-09,1.3070665227494064e-09
3562,"(3.0, 8.0, 8.0, 12.0, 12.0, 14.0, 14.0)",460864800.0,1,-20.374784562569275,1.0,1.0,1.4169140100776291e-09,2.169833756016949e-09,2.1698337513087706e-09
