,label,n_lambdas,n_nonzeros,log_lambda,sum_counts,sum_counts_2,mean_lambda,mean_count,var_count
0,"(0.0, 0.0, 0.0, 0.0, 0.0, 0.0, 0.0, 0.0)",203490.0,1,-inf,1.0,1.0,0.0,4.914246400314512e-06,4.914222250496829e-06
1,"(1.0, 1.0, 1.0, 3.0, 7.0, 9.0, 12.0, 13.0)",9620432640.000002,1,-26.18076504656992,2.0,4.0,4.264206307949846e-12,2.0789085843025035e-10,4.157817168172821e-10
2,"(1.0, 1.0, 1.0, 9.0, 11.0, 12.0, 13.0, 13.0)",6105274559.999997,1,-26.4721675436366,2.0,4.0,3.186278343679818e-12,3.2758559510221287e-10,6.551711900971134e-10
3,"(1.0, 1.0, 2.0, 2.0, 3.0, 9.0, 12.0, 13.0)",9435424319.999998,1,-26.344184341522933,1.0,1.0,3.6213133880163364e-12,1.0598357488601002e-10,1.059835748747775e-10
4,"(1.0, 1.0, 2.0, 3.0, 4.0, 11.0, 12.0, 13.0)",28861297920.000004,1,-26.03807333457408,1.0,1.0,4.918225434289022e-12,3.464847640504173e-11,3.464847640384121e-11
5,"(1.0, 1.0, 2.0, 3.0, 8.0, 9.0, 12.0, 13.0)",29971347839.99999,1,-26.004198746092342,1.0,1.0,5.0876822327695525e-12,3.336519950115131e-11,3.336519950003807e-11
6,"(1.0, 1.0, 2.0, 8.0, 9.0, 12.0, 13.0, 13.0)",18315823679.999992,1,-26.133959522173093,1.0,1.0,4.468539376220786e-12,5.4597599183702145e-11,5.4597599180721245e-11
7,"(1.0, 1.0, 2.0, 9.0, 9.0, 12.0, 13.0, 14.0)",18315823679.999992,1,-26.702186011956904,1.0,1.0,2.531558456918101e-12,5.4597599183702145e-11,5.4597599180721245e-11
8,"(1.0, 1.0, 3.0, 3.0, 4.0, 9.0, 12.0, 13.0)",14430648960.000002,1,-26.18401218596328,1.0,1.0,4.2503822920657684e-12,6.929695281008346e-11,6.929695280528139e-11
9,"(1.0, 1.0, 3.0, 3.0, 8.0, 9.0, 12.0, 13.0)",14985673919.999994,1,-25.805711965395066,1.0,1.0,6.2047129129377795e-12,6.673039900230262e-11,6.673039899784967e-11
10,"(1.0, 1.0, 3.0, 3.0, 9.0, 9.0, 12.0, 13.0)",7492836959.999997,1,-26.45057208452956,1.0,1.0,3.2558358472283634e-12,1.3346079800460523e-10,1.3346079798679345e-10
11,"(1.0, 1.0, 3.0, 3.0, 9.0, 12.0, 12.0, 13.0)",6105274559.999999,2,-26.191857929521326,3.0,5.0,4.217165358739656e-12,4.913783926533192e-10,8.189639875140793e-10
12,"(1.0, 1.0, 3.0, 3.0, 9.0, 12.0, 13.0, 13.0)",6105274559.999999,1,-26.076971556209138,1.0,1.0,4.7305882462052125e-12,1.6379279755110638e-10,1.637927975242783e-10
13,"(1.0, 1.0, 3.0, 3.0, 9.0, 12.0, 13.0, 14.0)",12210549119.999998,1,-26.00033792685845,1.0,1.0,5.107362821340766e-12,8.189639877555319e-11,8.189639876884617e-11
14,"(1.0, 1.0, 3.0, 3.0, 11.0, 11.0, 12.0, 13.0)",7492836959.999997,1,-25.761720820356626,2.0,4.0,6.483758097485542e-12,2.6692159600921046e-10,5.338431919471738e-10
15,"(1.0, 1.0, 3.0, 4.0, 8.0, 9.0, 12.0, 13.0)",43291946879.99999,2,-26.042513371229955,2.0,2.0,4.896436740174242e-12,4.619796854005565e-11,4.61979685379214e-11
16,"(1.0, 1.0, 3.0, 4.0, 9.0, 9.0, 11.0, 13.0)",24469361280.000004,1,-26.601662013286216,1.0,1.0,2.7992712141521793e-12,4.0867433708510757e-11,4.086743370684061e-11
17,"(1.0, 1.0, 3.0, 4.0, 9.0, 9.0, 12.0, 13.0)",21645973440.0,1,-26.68737349036445,1.0,1.0,2.569336323217111e-12,4.619796854005564e-11,4.6197968537921384e-11
18,"(1.0, 1.0, 3.0, 4.0, 9.0, 9.0, 13.0, 13.0)",10822986719.999998,1,-26.572487117052265,1.0,1.0,2.8821426662746348e-12,9.23959370801113e-11,9.23959370715743e-11
19,"(1.0, 1.0, 3.0, 4.0, 9.0, 12.0, 12.0, 13.0)",17637459840.000004,3,-26.42865933535621,5.0,9.0,3.327967577495258e-12,2.8348753422306865e-10,5.102775615211584e-10
20,"(1.0, 1.0, 3.0, 4.0, 9.0, 12.0, 13.0, 13.0)",17637459840.000004,1,-26.313772962044027,1.0,1.0,3.733134218515923e-12,5.669750684461373e-11,5.669750684139913e-11
21,"(1.0, 1.0, 3.0, 4.0, 9.0, 12.0, 13.0, 14.0)",35274919680.00001,1,-26.23713933269334,1.0,1.0,4.030465118163265e-12,2.8348753422306866e-11,2.8348753421503215e-11
22,"(1.0, 1.0, 3.0, 4.0, 9.0, 13.0, 14.0, 14.0)",17637459840.000004,1,-26.045619330030465,1.0,1.0,4.881252202870664e-12,5.669750684461373e-11,5.669750684139913e-11
23,"(1.0, 1.0, 3.0, 6.0, 7.0, 9.0, 12.0, 13.0)",40085136000.0,1,-26.14577914880914,1.0,1.0,4.416033818496108e-12,2.4946903011630047e-11,2.49469030110077e-11
24,"(1.0, 1.0, 3.0, 6.0, 8.0, 9.0, 13.0, 14.0)",43291946879.99999,1,-25.815466380084167,2.0,4.0,6.144483797600777e-12,4.619796854005565e-11,9.239593707797705e-11
25,"(1.0, 1.0, 3.0, 6.0, 9.0, 9.0, 12.0, 13.0)",21645973440.0,1,-26.651846501881536,1.0,1.0,2.6622579445216794e-12,4.619796854005564e-11,4.6197968537921384e-11
26,"(1.0, 1.0, 3.0, 6.0, 9.0, 12.0, 13.0, 13.0)",17637459840.000004,2,-26.27824597356112,3.0,5.0,3.8681453032841655e-12,1.7009252053384118e-10,2.834875341941372e-10
27,"(1.0, 1.0, 3.0, 7.0, 8.0, 9.0, 12.0, 13.0)",43291946879.99999,1,-25.803005916723848,1.0,1.0,6.221525906200456e-12,2.3098984270027826e-11,2.3098984269494262e-11
28,"(1.0, 1.0, 3.0, 7.0, 9.0, 9.0, 13.0, 13.0)",10822986719.999998,1,-26.33297966254615,1.0,1.0,3.662117211986145e-12,9.23959370801113e-11,9.23959370715743e-11
29,"(1.0, 1.0, 3.0, 7.0, 9.0, 11.0, 12.0, 13.0)",43291946879.99999,1,-26.10344040377188,1.0,1.0,4.607017627350425e-12,2.3098984270027826e-11,2.3098984269494262e-11
30,"(1.0, 1.0, 3.0, 7.0, 9.0, 12.0, 13.0, 13.0)",17637459840.000004,2,-26.07426550753792,2.0,2.0,4.743406784214618e-12,1.1339501368922746e-10,1.1339501367636903e-10
31,"(1.0, 1.0, 3.0, 7.0, 9.0, 12.0, 13.0, 14.0)",35274919680.00001,2,-25.997631878187235,2.0,2.0,5.121202310437205e-12,5.669750684461373e-11,5.669750684139913e-11
32,"(1.0, 1.0, 3.0, 8.0, 8.0, 9.0, 12.0, 13.0)",21645973440.0,1,-25.664213150661745,1.0,1.0,7.147823932415319e-12,4.619796854005564e-11,4.6197968537921384e-11
33,"(1.0, 1.0, 3.0, 8.0, 9.0, 9.0, 11.0, 13.0)",23528231999.999992,1,-26.22336179271801,1.0,1.0,4.086379307971238e-12,4.2502131056851204e-11,4.250213105504477e-11
34,"(1.0, 1.0, 3.0, 8.0, 9.0, 9.0, 12.0, 13.0)",21645973440.0,1,-26.309073269796244,1.0,1.0,3.750720092191296e-12,4.619796854005564e-11,4.6197968537921384e-11
35,"(1.0, 1.0, 3.0, 8.0, 9.0, 11.0, 12.0, 13.0)",43291946880.0,1,-25.96464763770977,1.0,1.0,5.2929379946833e-12,2.309898427002782e-11,2.3098984269494256e-11
36,"(1.0, 1.0, 3.0, 8.0, 9.0, 12.0, 12.0, 13.0)",18315823679.999992,2,-26.05035911478801,2.0,2.0,4.858170861587826e-12,1.0919519836740429e-10,1.091951983554807e-10
37,"(1.0, 1.0, 3.0, 8.0, 9.0, 12.0, 13.0, 13.0)",18315823679.999992,2,-25.93547274147582,2.0,2.0,5.4496335858057105e-12,1.0919519836740429e-10,1.091951983554807e-10
38,"(1.0, 1.0, 3.0, 9.0, 9.0, 12.0, 13.0, 13.0)",9157911839.999996,8,-26.580332860610312,9.0,11.0,2.859618588626208e-12,9.827567853066386e-10,1.2011471810756363e-09
39,"(1.0, 1.0, 3.0, 9.0, 9.0, 12.0, 13.0, 14.0)",18315823679.999992,2,-26.503699231259628,2.0,2.0,3.087377066579476e-12,1.0919519836740429e-10,1.091951983554807e-10
40,"(1.0, 1.0, 3.0, 9.0, 11.0, 12.0, 12.0, 13.0)",18315823679.999992,2,-26.35079360183604,2.0,2.0,3.5974581048854135e-12,1.0919519836740429e-10,1.091951983554807e-10
41,"(1.0, 1.0, 3.0, 9.0, 11.0, 12.0, 13.0, 13.0)",18315823679.999992,1,-26.235907228523843,1.0,1.0,4.035434131582824e-12,5.4597599183702145e-11,5.4597599180721245e-11
42,"(1.0, 1.0, 3.0, 9.0, 12.0, 12.0, 13.0, 13.0)",7122820319.999999,3,-26.32161870560208,3.0,3.0,3.703959602701844e-12,4.211814794171307e-10,4.2118147923973687e-10
43,"(1.0, 1.0, 3.0, 9.0, 12.0, 13.0, 13.0, 13.0)",4748546879.999999,1,-26.20673233228989,1.0,1.0,4.154901757562795e-12,2.1059073970856538e-10,2.1059073966421692e-10
44,"(1.0, 1.0, 3.0, 9.0, 12.0, 13.0, 13.0, 14.0)",14245640639.999998,1,-26.1300987029392,1.0,1.0,4.485824945750114e-12,7.019691323618846e-11,7.019691323126085e-11
45,"(1.0, 1.0, 3.0, 11.0, 12.0, 12.0, 13.0, 13.0)",7122820319.999999,1,-25.97719307351561,1.0,1.0,5.226950566833364e-12,1.403938264723769e-10,1.403938264526665e-10
46,"(1.0, 1.0, 4.0, 4.0, 9.0, 9.0, 12.0, 13.0)",14240771999.999996,1,-26.92417489619934,1.0,1.0,2.027586601892893e-12,7.02209121808846e-11,7.022091217595362e-11
47,"(1.0, 1.0, 4.0, 9.0, 9.0, 13.0, 13.0, 13.0)",4177293120.0,1,-26.702247893133013,2.0,4.0,2.5314018059503222e-12,4.787789466878494e-10,9.575578931464694e-10
48,"(1.0, 1.0, 4.0, 9.0, 11.0, 12.0, 13.0, 13.0)",25063758720.0,1,-26.47270863435873,1.0,1.0,3.1845547443837745e-12,3.9898245557320784e-11,3.9898245555728913e-11
49,"(1.0, 1.0, 4.0, 9.0, 12.0, 12.0, 13.0, 13.0)",9747017280.000002,1,-26.558420111436966,1.0,1.0,2.9229722853048995e-12,1.025954885759677e-10,1.0259548856544187e-10
50,"(1.0, 1.0, 6.0, 9.0, 9.0, 12.0, 13.0, 13.0)",12531879359.999998,1,-26.78160727796229,1.0,1.0,2.3382758416253747e-12,7.979649111464158e-11,7.97964911082741e-11
51,"(1.0, 1.0, 6.0, 9.0, 12.0, 13.0, 13.0, 13.0)",6498011520.000001,1,-26.408006749641867,1.0,1.0,3.3974133622845256e-12,1.5389323286395156e-10,1.5389323284026842e-10
52,"(1.0, 1.0, 7.0, 9.0, 9.0, 12.0, 13.0, 13.0)",12531879359.999998,3,-26.57762681193909,3.0,3.0,2.8673673352223976e-12,2.3938947334392473e-10,2.393894732866174e-10
53,"(1.0, 1.0, 7.0, 9.0, 11.0, 12.0, 13.0, 13.0)",25063758720.0,1,-26.233201179852628,1.0,1.0,4.04636900122437e-12,3.9898245557320784e-11,3.9898245555728913e-11
54,"(1.0, 1.0, 7.0, 9.0, 12.0, 12.0, 13.0, 13.0)",9747017280.000002,1,-26.318912656930863,1.0,1.0,3.7139962713953464e-12,1.025954885759677e-10,1.0259548856544187e-10
55,"(1.0, 1.0, 8.0, 9.0, 9.0, 12.0, 12.0, 13.0)",12531879360.0,1,-26.553720419189183,1.0,1.0,2.9367416861239314e-12,7.979649111464157e-11,7.979649110827409e-11
56,"(1.0, 1.0, 8.0, 9.0, 9.0, 12.0, 13.0, 13.0)",12531879360.0,1,-26.438834045876995,1.0,1.0,3.2942781514905234e-12,7.979649111464157e-11,7.979649110827409e-11
57,"(1.0, 1.0, 8.0, 9.0, 9.0, 12.0, 13.0, 14.0)",25063758720.0,1,-26.362200416526303,1.0,1.0,3.5566557219548116e-12,3.9898245557320784e-11,3.9898245555728913e-11
58,"(1.0, 1.0, 9.0, 9.0, 9.0, 9.0, 12.0, 13.0)",2373461999.9999995,1,-27.45729469333192,1.0,1.0,1.1897300380393493e-12,4.2132547308530755e-10,4.213254729077924e-10
59,"(1.0, 1.0, 9.0, 9.0, 11.0, 12.0, 13.0, 13.0)",12531879360.0,3,-26.739268532925024,4.0,6.0,2.4394011601216467e-12,3.1918596445856627e-10,4.787789465859697e-10
60,"(1.0, 1.0, 9.0, 9.0, 11.0, 12.0, 13.0, 14.0)",25063758720.0,1,-26.662634903574336,1.0,1.0,2.6336908103416377e-12,3.9898245557320784e-11,3.9898245555728913e-11
61,"(1.0, 1.0, 9.0, 9.0, 12.0, 12.0, 13.0, 13.0)",5060951279.999998,1,-26.82498001000326,1.0,1.0,2.2390263493981594e-12,1.9759131133149346e-10,1.9759131129245113e-10
62,"(1.0, 1.0, 9.0, 9.0, 12.0, 13.0, 13.0, 14.0)",10121902559.999996,2,-26.633460007340386,2.0,2.0,2.7116603121145063e-12,1.9759131133149346e-10,1.9759131129245113e-10
63,"(1.0, 1.0, 9.0, 11.0, 12.0, 13.0, 13.0, 13.0)",6747935039.999997,1,-26.3656680046046,1.0,1.0,3.544344063191778e-12,1.481934834986201e-10,1.481934834766588e-10
64,"(1.0, 1.0, 9.0, 12.0, 12.0, 13.0, 13.0, 13.0)",2499235199.9999995,1,-26.451379481682835,1.0,1.0,3.253208155571913e-12,4.001224054462742e-10,4.0012240528617623e-10
65,"(1.0, 2.0, 2.0, 3.0, 4.0, 9.0, 12.0, 13.0)",28861297920.000004,2,-26.34472543224508,2.0,2.0,3.6193544589670515e-12,6.929695281008346e-11,6.929695280528139e-11
66,"(1.0, 2.0, 2.0, 3.0, 7.0, 9.0, 12.0, 13.0)",28861297920.000004,1,-26.105217977738967,1.0,1.0,4.598835586995554e-12,3.464847640504173e-11,3.464847640384121e-11
67,"(1.0, 2.0, 2.0, 3.0, 9.0, 9.0, 12.0, 13.0)",14985673919.999994,1,-26.611285330811363,1.0,1.0,2.7724621414238662e-12,6.673039900230262e-11,6.673039899784967e-11
68,"(1.0, 2.0, 2.0, 3.0, 9.0, 12.0, 13.0, 14.0)",24421098240.0,1,-26.16105117314025,1.0,1.0,4.349104417145968e-12,4.094819938777659e-11,4.0948199386099836e-11
69,"(1.0, 2.0, 2.0, 7.0, 9.0, 12.0, 12.0, 13.0)",17637459840.000004,1,-26.349865127131903,1.0,1.0,3.6007998048368603e-12,5.669750684461373e-11,5.669750684139913e-11
70,"(1.0, 2.0, 2.0, 9.0, 9.0, 12.0, 13.0, 13.0)",9157911839.999996,1,-26.74104610689212,1.0,1.0,2.4350687958138863e-12,1.0919519836740429e-10,1.091951983554807e-10
71,"(1.0, 2.0, 3.0, 3.0, 4.0, 8.0, 9.0, 13.0)",33880654079.99999,1,-25.76009268742154,1.0,1.0,6.494323115880561e-12,2.951536878948e-11,2.9515368788608845e-11
72,"(1.0, 2.0, 3.0, 3.0, 4.0, 9.0, 11.0, 13.0)",33880654079.99999,1,-26.060527174469563,1.0,1.0,4.809022983051998e-12,2.951536878948e-11,2.9515368788608845e-11
73,"(1.0, 2.0, 3.0, 3.0, 7.0, 8.0, 8.0, 13.0)",16940327039.999994,1,-24.87572511378093,1.0,1.0,1.5725695053458922e-11,5.903073757896e-11,5.903073757547538e-11
74,"(1.0, 2.0, 3.0, 3.0, 7.0, 9.0, 9.0, 12.0)",16940327039.999994,1,-26.28033172536212,1.0,1.0,3.860085720317991e-12,5.903073757896e-11,5.903073757547538e-11
75,"(1.0, 2.0, 3.0, 3.0, 9.0, 9.0, 13.0, 13.0)",7492836959.999997,2,-26.29791217680189,2.0,2.0,3.79281671308924e-12,2.6692159600921046e-10,2.6692159593796333e-10
76,"(1.0, 2.0, 3.0, 3.0, 9.0, 11.0, 12.0, 13.0)",29971347839.99999,1,-26.06837291802762,1.0,1.0,4.771440247002541e-12,3.336519950115131e-11,3.336519950003807e-11
77,"(1.0, 2.0, 3.0, 3.0, 9.0, 12.0, 13.0, 13.0)",12210549119.999998,2,-26.039198021793663,2.0,2.0,4.912697078418388e-12,1.6379279755110638e-10,1.637927975242783e-10
78,"(1.0, 2.0, 3.0, 3.0, 9.0, 12.0, 13.0, 14.0)",24421098240.0,1,-25.96256439244297,1.0,1.0,5.3039759761274996e-12,4.094819938777659e-11,4.0948199386099836e-11
79,"(1.0, 2.0, 3.0, 4.0, 4.0, 8.0, 9.0, 13.0)",47056463999.99999,1,-25.996894093256422,1.0,1.0,5.12498205047566e-12,2.12510655284256e-11,2.125106552797399e-11
80,"(1.0, 2.0, 3.0, 4.0, 6.0, 9.0, 12.0, 13.0)",80170272000.0,2,-26.34751306889978,2.0,2.0,3.6092790636061865e-12,2.4946903011630047e-11,2.49469030110077e-11
81,"(1.0, 2.0, 3.0, 4.0, 7.0, 8.0, 9.0, 9.0)",50977836000.00001,1,-26.130987167070742,1.0,1.0,4.481841221145702e-12,1.961636818008516e-11,1.961636817970036e-11
82,"(1.0, 2.0, 3.0, 4.0, 7.0, 9.0, 12.0, 13.0)",80170272000.0,1,-26.14353260287658,1.0,1.0,4.425965793450873e-12,1.2473451505815024e-11,1.2473451505659436e-11
83,"(1.0, 2.0, 3.0, 4.0, 8.0, 9.0, 11.0, 13.0)",97877445120.00002,1,-25.919028359736245,1.0,1.0,5.539990335107863e-12,1.0216858427127689e-11,1.0216858427023304e-11
84,"(1.0, 2.0, 3.0, 4.0, 8.0, 9.0, 12.0, 13.0)",86583893759.99998,2,-26.00473983681448,2.0,2.0,5.084930079765593e-12,2.3098984270027826e-11,2.3098984269494262e-11
85,"(1.0, 2.0, 3.0, 4.0, 8.0, 12.0, 13.0, 14.0)",70549839360.00002,1,-25.554505679143368,1.0,1.0,7.97662537582183e-12,1.4174376711153433e-11,1.417437671095252e-11
86,"(1.0, 2.0, 3.0, 4.0, 9.0, 9.0, 12.0, 13.0)",43291946879.99999,1,-26.64959995594897,1.0,1.0,2.6682455524782694e-12,2.3098984270027826e-11,2.3098984269494262e-11
87,"(1.0, 2.0, 3.0, 4.0, 9.0, 9.0, 12.0, 14.0)",43291946879.99999,1,-26.57296632659829,1.0,1.0,2.8807618468732926e-12,2.3098984270027826e-11,2.3098984269494262e-11
88,"(1.0, 2.0, 3.0, 4.0, 9.0, 11.0, 13.0, 13.0)",43291946879.99999,1,-26.19028795055032,1.0,1.0,4.223791419697301e-12,2.3098984270027826e-11,2.3098984269494262e-11
89,"(1.0, 2.0, 3.0, 4.0, 9.0, 12.0, 12.0, 13.0)",35274919680.00001,2,-26.390885800940744,2.0,2.0,3.456081092694337e-12,5.669750684461373e-11,5.669750684139913e-11
90,"(1.0, 2.0, 3.0, 4.0, 9.0, 12.0, 13.0, 13.0)",35274919680.00001,3,-26.27599942762855,3.0,3.0,3.8768450378996215e-12,8.504626026692059e-11,8.504626025968772e-11
91,"(1.0, 2.0, 3.0, 4.0, 9.0, 12.0, 13.0, 14.0)",70549839360.00002,1,-26.199365798277867,1.0,1.0,4.185621994590496e-12,1.4174376711153433e-11,1.417437671095252e-11
92,"(1.0, 2.0, 3.0, 4.0, 9.0, 13.0, 13.0, 13.0)",11758306560.000002,1,-26.16111305431636,1.0,1.0,4.348835297776414e-12,8.50462602669206e-11,8.504626025968774e-11
93,"(1.0, 2.0, 3.0, 6.0, 7.0, 8.0, 12.0, 13.0)",80170272000.0,1,-25.463145495259177,1.0,1.0,8.739697872179004e-12,1.2473451505815024e-11,1.2473451505659436e-11
94,"(1.0, 2.0, 3.0, 6.0, 9.0, 9.0, 12.0, 13.0)",43291946879.99999,2,-26.614072967466065,2.0,2.0,2.764744286620034e-12,4.619796854005565e-11,4.61979685379214e-11
95,"(1.0, 2.0, 3.0, 6.0, 9.0, 11.0, 12.0, 13.0)",86583893759.99998,1,-26.269647335379595,1.0,1.0,3.9015494946425735e-12,1.1549492135013913e-11,1.1549492134880522e-11
96,"(1.0, 2.0, 3.0, 6.0, 9.0, 12.0, 13.0, 13.0)",35274919680.00001,1,-26.24047243914564,1.0,1.0,4.0170535124433754e-12,2.8348753422306866e-11,2.8348753421503215e-11
97,"(1.0, 2.0, 3.0, 6.0, 9.0, 12.0, 13.0, 14.0)",70549839360.00002,1,-26.16383880979496,1.0,1.0,4.336997576833594e-12,1.4174376711153433e-11,1.417437671095252e-11
98,"(1.0, 2.0, 3.0, 7.0, 7.0, 9.0, 12.0, 13.0)",40085136000.0,1,-25.904025148370472,1.0,1.0,5.623734626852705e-12,2.4946903011630047e-11,2.49469030110077e-11
99,"(1.0, 2.0, 3.0, 7.0, 8.0, 8.0, 9.0, 13.0)",48938722560.00001,1,-25.379086418182112,1.0,1.0,9.506109505516929e-12,2.0433716854255378e-11,2.0433716853837843e-11
100,"(1.0, 2.0, 3.0, 7.0, 8.0, 9.0, 12.0, 13.0)",86583893759.99998,3,-25.765232382308373,3.0,3.0,6.461029908323458e-12,3.464847640504174e-11,3.4648476403841224e-11
101,"(1.0, 2.0, 3.0, 7.0, 9.0, 9.0, 12.0, 13.0)",43291946879.99999,3,-26.41009250144287,4.0,6.0,3.390334586096755e-12,9.23959370801113e-11,1.3859390561162994e-10
102,"(1.0, 2.0, 3.0, 7.0, 9.0, 9.0, 13.0, 14.0)",43291946879.99999,1,-26.21857249877999,1.0,1.0,4.105997119854762e-12,2.3098984270027826e-11,2.3098984269494262e-11
103,"(1.0, 2.0, 3.0, 7.0, 9.0, 12.0, 12.0, 13.0)",35274919680.00001,2,-26.15137834643464,3.0,5.0,4.391376666976435e-12,8.504626026692059e-11,1.4174376710430146e-10
104,"(1.0, 2.0, 3.0, 7.0, 9.0, 12.0, 13.0, 13.0)",35274919680.00001,9,-26.036491973122445,12.0,24.0,4.92600907915718e-12,3.4018504106768236e-10,6.803700820196389e-10
105,"(1.0, 2.0, 3.0, 7.0, 9.0, 12.0, 14.0, 14.0)",35274919680.00001,1,-25.883224714421075,1.0,1.0,5.7419358036998485e-12,2.8348753422306866e-11,2.8348753421503215e-11
106,"(1.0, 2.0, 3.0, 8.0, 8.0, 9.0, 12.0, 13.0)",43291946880.0,3,-25.62643961624628,4.0,6.0,7.4229867243242e-12,9.239593708011128e-11,1.3859390561162992e-10
107,"(1.0, 2.0, 3.0, 8.0, 9.0, 9.0, 12.0, 13.0)",43291946880.0,2,-26.27129973538077,2.0,2.0,3.895107897766082e-12,4.619796854005564e-11,4.6197968537921384e-11
108,"(1.0, 2.0, 3.0, 8.0, 9.0, 9.0, 13.0, 13.0)",21645973440.0,1,-26.156413362068577,1.0,1.0,4.36932158723324e-12,4.619796854005564e-11,4.6197968537921384e-11
109,"(1.0, 2.0, 3.0, 8.0, 9.0, 9.0, 13.0, 14.0)",43291946880.0,1,-26.07977973271789,1.0,1.0,4.717322554339392e-12,2.309898427002782e-11,2.3098984269494256e-11
110,"(1.0, 2.0, 3.0, 8.0, 9.0, 11.0, 12.0, 13.0)",86583893760.0,1,-25.926874103294303,1.0,1.0,5.49669505554387e-12,1.154949213501391e-11,1.1549492134880519e-11
111,"(1.0, 2.0, 3.0, 8.0, 9.0, 12.0, 12.0, 13.0)",36631647359.99999,2,-26.012585580372537,2.0,2.0,5.045191117050865e-12,5.459759918370213e-11,5.459759918072123e-11
112,"(1.0, 2.0, 3.0, 8.0, 9.0, 12.0, 13.0, 13.0)",36631647359.99999,6,-25.89769920706034,6.0,6.0,5.659422803689337e-12,1.637927975511064e-10,1.6379279752427833e-10
113,"(1.0, 2.0, 3.0, 8.0, 9.0, 12.0, 13.0, 14.0)",73263294719.99997,1,-25.82106557770966,1.0,1.0,6.110175756894009e-12,1.3649399795925536e-11,1.364939979573923e-11
114,"(1.0, 2.0, 3.0, 8.0, 12.0, 12.0, 13.0, 13.0)",14245640639.999998,1,-25.63898505205212,1.0,1.0,7.33044383011414e-12,7.019691323618846e-11,7.019691323126085e-11
115,"(1.0, 2.0, 3.0, 9.0, 9.0, 11.0, 11.0, 13.0)",23528231999.999992,1,-26.48602274535056,3.0,9.0,3.1424362364802203e-12,1.2750639317055362e-10,3.82519179495403e-10
116,"(1.0, 2.0, 3.0, 9.0, 9.0, 11.0, 12.0, 13.0)",43291946880.0,2,-26.571734222428795,2.0,2.0,2.884313433068931e-12,4.619796854005564e-11,4.6197968537921384e-11
117,"(1.0, 2.0, 3.0, 9.0, 9.0, 12.0, 13.0, 13.0)",18315823679.999992,9,-26.54255932619484,9.0,9.0,2.9697025305477017e-12,4.913783926533193e-10,4.913783924118666e-10
118,"(1.0, 2.0, 3.0, 9.0, 9.0, 12.0, 13.0, 14.0)",36631647359.99999,2,-26.46592569684416,2.0,2.0,3.2062288040240603e-12,5.459759918370213e-11,5.459759918072123e-11
119,"(1.0, 2.0, 3.0, 9.0, 9.0, 13.0, 13.0, 14.0)",18315823679.999992,1,-26.351039323531964,2.0,4.0,3.5965742399756986e-12,1.0919519836740429e-10,2.1839039672288498e-10
120,"(1.0, 2.0, 3.0, 9.0, 11.0, 11.0, 12.0, 13.0)",43291946880.0,1,-26.227308590342325,1.0,1.0,4.0702829811932786e-12,2.309898427002782e-11,2.3098984269494256e-11
121,"(1.0, 2.0, 3.0, 9.0, 11.0, 12.0, 12.0, 13.0)",36631647359.99999,1,-26.31302006742056,1.0,1.0,3.7359459335274644e-12,2.7298799591851066e-11,2.729879959110584e-11
122,"(1.0, 2.0, 3.0, 9.0, 11.0, 12.0, 13.0, 13.0)",36631647359.99999,7,-26.19813369410837,9.0,13.0,4.1907822952631395e-12,2.456891963266596e-10,3.548843946337007e-10
123,"(1.0, 2.0, 3.0, 9.0, 11.0, 12.0, 13.0, 14.0)",73263294719.99997,3,-26.121500064757683,4.0,6.0,4.5245632410154995e-12,5.4597599183702145e-11,8.189639877257232e-11
124,"(1.0, 2.0, 3.0, 9.0, 11.0, 13.0, 13.0, 13.0)",12210549119.999994,1,-26.08324732079618,1.0,1.0,4.7009931510728455e-12,8.189639877555322e-11,8.189639876884619e-11
125,"(1.0, 2.0, 3.0, 9.0, 12.0, 13.0, 13.0, 14.0)",28491281280.0,3,-26.09232516852373,3.0,3.0,4.658511364408198e-12,1.0529536985428266e-10,1.0529536984319555e-10
126,"(1.0, 2.0, 3.0, 11.0, 11.0, 12.0, 13.0, 13.0)",18315823679.999992,1,-25.8537080620219,1.0,1.0,5.913944600724678e-12,5.4597599183702145e-11,5.4597599180721245e-11
127,"(1.0, 2.0, 3.0, 11.0, 12.0, 13.0, 13.0, 14.0)",28491281280.0,1,-25.74789953643726,1.0,1.0,6.57399411133728e-12,3.509845661809422e-11,3.509845661686232e-11
128,"(1.0, 2.0, 3.0, 12.0, 12.0, 13.0, 13.0, 14.0)",10175457600.0,1,-25.83361101351549,1.0,1.0,6.033999768754126e-12,9.827567853066382e-11,9.827567852100571e-11
129,"(1.0, 2.0, 4.0, 6.0, 9.0, 11.0, 13.0, 13.0)",56963087999.99999,1,-26.391562367902296,3.0,9.0,3.453743613230429e-12,5.266568413566344e-11,1.5799705240421665e-10
130,"(1.0, 2.0, 4.0, 9.0, 9.0, 12.0, 13.0, 13.0)",25063758720.0,3,-26.77936073202973,3.0,3.0,2.3435347907301316e-12,1.1969473667196234e-10,1.1969473665763552e-10
131,"(1.0, 2.0, 6.0, 6.0, 9.0, 12.0, 13.0, 13.0)",23207184000.000004,1,-26.441746856497616,1.0,1.0,3.284696504639531e-12,4.309010520190644e-11,4.309010520004968e-11
132,"(1.0, 2.0, 6.0, 9.0, 9.0, 12.0, 13.0, 13.0)",25063758720.0,1,-26.743833743546816,1.0,1.0,2.4282901613565965e-12,3.9898245557320784e-11,3.9898245555728913e-11
133,"(1.0, 2.0, 6.0, 9.0, 9.0, 12.0, 13.0, 14.0)",50127517439.99999,1,-26.66720011419613,1.0,1.0,2.6216948599339592e-12,1.9949122778660395e-11,1.9949122778262428e-11
134,"(1.0, 2.0, 6.0, 9.0, 11.0, 11.0, 12.0, 13.0)",59241611520.000015,1,-26.428583007694304,2.0,4.0,3.3282216031738123e-12,3.3760053933117575e-11,6.752010786509541e-11
135,"(1.0, 2.0, 6.0, 9.0, 11.0, 12.0, 13.0, 13.0)",50127517439.99999,2,-26.399408111460342,2.0,2.0,3.426752447861536e-12,3.989824555732079e-11,3.989824555572892e-11
136,"(1.0, 2.0, 6.0, 9.0, 12.0, 13.0, 13.0, 14.0)",38988069120.00001,1,-26.293599585875704,1.0,1.0,3.809208901025522e-12,2.5648872143991925e-11,2.564887214333406e-11
137,"(1.0, 2.0, 7.0, 7.0, 9.0, 9.0, 12.0, 12.0)",14240771999.999996,1,-26.52227282608384,1.0,1.0,3.030562633310536e-12,7.02209121808846e-11,7.022091217595362e-11
138,"(1.0, 2.0, 7.0, 8.0, 9.0, 11.0, 12.0, 13.0)",118483223040.00005,1,-25.92416805462308,1.0,1.0,5.5115895233835135e-12,8.440013483279392e-12,8.440013483208158e-12
139,"(1.0, 2.0, 7.0, 9.0, 9.0, 11.0, 12.0, 13.0)",59241611520.000015,1,-26.569028173757573,2.0,4.0,2.8921290956141846e-12,3.3760053933117575e-11,6.752010786509541e-11
140,"(1.0, 2.0, 7.0, 9.0, 9.0, 12.0, 13.0, 13.0)",25063758720.0,3,-26.53985327752362,3.0,3.0,2.9777495730682684e-12,1.1969473667196234e-10,1.1969473665763552e-10
141,"(1.0, 2.0, 7.0, 9.0, 11.0, 11.0, 12.0, 13.0)",59241611520.000015,1,-26.224602541671107,1.0,1.0,4.081312281227015e-12,1.6880026966558788e-11,1.6880026966273853e-11
142,"(1.0, 2.0, 7.0, 9.0, 12.0, 12.0, 13.0, 13.0)",19494034560.000004,1,-26.281139122515384,2.0,4.0,3.856970355933461e-12,1.025954885759677e-10,2.0519097714140958e-10
143,"(1.0, 2.0, 7.0, 9.0, 12.0, 13.0, 13.0, 13.0)",12996023040.000002,1,-26.1662527492032,1.0,1.0,4.326540953374812e-12,7.694661643197578e-11,7.6946616426055e-11
144,"(1.0, 2.0, 8.0, 8.0, 9.0, 12.0, 13.0, 13.0)",25063758720.0,2,-25.756200392327024,3.0,5.0,6.519650196146497e-12,1.1969473667196234e-10,1.9949122777227709e-10
145,"(1.0, 2.0, 8.0, 9.0, 9.0, 12.0, 12.0, 13.0)",25063758720.0,1,-26.51594688477371,1.0,1.0,3.049794560552548e-12,3.9898245557320784e-11,3.9898245555728913e-11
146,"(1.0, 2.0, 8.0, 9.0, 9.0, 12.0, 13.0, 13.0)",25063758720.0,3,-26.401060511461523,3.0,3.0,3.421094757783515e-12,1.1969473667196234e-10,1.1969473665763552e-10
147,"(1.0, 2.0, 8.0, 9.0, 11.0, 12.0, 13.0, 13.0)",50127517440.0,1,-26.056634879375054,1.0,1.0,4.827777595183081e-12,1.9949122778660392e-11,1.9949122778262424e-11
148,"(1.0, 2.0, 8.0, 9.0, 12.0, 12.0, 13.0, 13.0)",20243805119.999992,1,-26.142346356453288,1.0,1.0,4.431219194841228e-12,4.9397827832873364e-11,4.939782783043322e-11
149,"(1.0, 2.0, 9.0, 9.0, 9.0, 12.0, 12.0, 13.0)",8354586240.0,1,-27.160807003908207,1.0,1.0,1.6003368078842542e-12,1.1969473667196234e-10,1.1969473665763552e-10
150,"(1.0, 2.0, 9.0, 9.0, 9.0, 12.0, 13.0, 13.0)",8354586240.0,1,-27.04592063059601,1.0,1.0,1.795171364968579e-12,1.1969473667196234e-10,1.1969473665763552e-10
151,"(1.0, 2.0, 9.0, 9.0, 11.0, 12.0, 12.0, 13.0)",25063758720.0,1,-26.81638137182174,1.0,1.0,2.2583619375851523e-12,3.9898245557320784e-11,3.9898245555728913e-11
152,"(1.0, 2.0, 9.0, 9.0, 12.0, 12.0, 13.0, 13.0)",10121902559.999996,1,-26.78720647558778,2.0,4.0,2.3252199584298805e-12,1.9759131133149346e-10,3.951826226239446e-10
153,"(1.0, 2.0, 9.0, 9.0, 12.0, 13.0, 13.0, 14.0)",20243805119.999992,2,-26.595686472924903,3.0,5.0,2.8160484488740753e-12,1.481934834986201e-10,2.4698913914240555e-10
154,"(1.0, 2.0, 9.0, 11.0, 12.0, 13.0, 14.0, 14.0)",40487610239.99999,1,-26.17462721148776,1.0,1.0,4.2904597903764735e-12,2.469891391643668e-11,2.4698913915826643e-11
155,"(1.0, 2.0, 9.0, 12.0, 13.0, 13.0, 14.0, 14.0)",14995411199.999998,1,-26.145452315253795,1.0,1.0,4.4174773624159765e-12,6.668706757437903e-11,6.668706756993186e-11
156,"(1.0, 3.0, 3.0, 3.0, 4.0, 9.0, 12.0, 13.0)",9620432640.000002,1,-25.947751870850524,1.0,1.0,5.383125993276675e-12,1.0394542921512518e-10,1.0394542920432053e-10
157,"(1.0, 3.0, 3.0, 3.0, 7.0, 9.0, 12.0, 13.0)",9620432640.000002,1,-25.708244416344417,2.0,4.0,6.8399245411919886e-12,2.0789085843025035e-10,4.157817168172821e-10
158,"(1.0, 3.0, 3.0, 3.0, 8.0, 9.0, 12.0, 13.0)",9990449279.999996,1,-25.56945165028232,2.0,4.0,7.858293458638757e-12,2.0019119700690786e-10,4.003823939737392e-10
159,"(1.0, 3.0, 3.0, 3.0, 9.0, 11.0, 12.0, 13.0)",9990449279.999996,1,-25.869886137330347,1.0,1.0,5.819038131587761e-12,1.0009559850345393e-10,1.000955984934348e-10
160,"(1.0, 3.0, 3.0, 3.0, 9.0, 12.0, 12.0, 13.0)",4070183040.0,2,-25.955597614408585,2.0,2.0,5.34105661576707e-12,4.913783926533191e-10,4.913783924118664e-10
161,"(1.0, 3.0, 3.0, 3.0, 9.0, 12.0, 13.0, 13.0)",4070183040.0,1,-25.840711241096383,1.0,1.0,5.991308734551438e-12,2.4568919632665955e-10,2.4568919626629636e-10
162,"(1.0, 3.0, 3.0, 3.0, 9.0, 12.0, 13.0, 14.0)",8140366079.999999,1,-25.764077611745705,1.0,1.0,6.4684952250004946e-12,1.228445981633298e-10,1.22844598148239e-10
163,"(1.0, 3.0, 3.0, 3.0, 12.0, 13.0, 13.0, 14.0)",3052637280.0,1,-25.39047708342528,1.0,1.0,9.39844295530776e-12,3.275855951022127e-10,3.275855949949004e-10
164,"(1.0, 3.0, 3.0, 4.0, 6.0, 9.0, 12.0, 13.0)",40085136000.0,2,-26.149026288202503,3.0,5.0,4.401717597083985e-12,7.484070903489014e-11,1.247345150525491e-10
165,"(1.0, 3.0, 3.0, 4.0, 6.0, 12.0, 12.0, 13.0)",15747732000.000002,1,-25.89031213319427,1.0,1.0,5.701384173031771e-12,6.350120766596738e-11,6.350120766193498e-11
166,"(1.0, 3.0, 3.0, 4.0, 8.0, 9.0, 9.0, 13.0)",24469361280.000004,1,-26.06496721112544,1.0,1.0,4.787718077010453e-12,4.0867433708510757e-11,4.086743370684061e-11
167,"(1.0, 3.0, 3.0, 4.0, 8.0, 9.0, 11.0, 13.0)",48938722560.00001,1,-25.72054157903897,2.0,4.0,6.756327930308306e-12,4.0867433708510757e-11,8.173486741535137e-11
168,"(1.0, 3.0, 3.0, 4.0, 8.0, 9.0, 12.0, 13.0)",43291946879.99999,3,-25.806253056117207,3.0,3.0,6.201356508488584e-12,6.929695281008348e-11,6.929695280528141e-11
169,"(1.0, 3.0, 3.0, 4.0, 9.0, 9.0, 12.0, 13.0)",21645973440.0,1,-26.451113175251702,2.0,4.0,3.254074621193118e-12,9.239593708011128e-11,1.8479187415168554e-10
170,"(1.0, 3.0, 3.0, 4.0, 9.0, 11.0, 12.0, 13.0)",43291946879.99999,1,-26.10668754316524,1.0,1.0,4.592082260658626e-12,2.3098984270027826e-11,2.3098984269494262e-11
171,"(1.0, 3.0, 3.0, 4.0, 9.0, 12.0, 12.0, 13.0)",17637459840.000004,1,-26.19239902024347,1.0,1.0,4.214884106928047e-12,5.669750684461373e-11,5.669750684139913e-11
172,"(1.0, 3.0, 3.0, 4.0, 9.0, 12.0, 13.0, 13.0)",17637459840.000004,3,-26.077512646931275,4.0,6.0,4.728029261178901e-12,2.2679002737845493e-10,3.4018504101624864e-10
173,"(1.0, 3.0, 3.0, 4.0, 11.0, 12.0, 13.0, 13.0)",17637459840.000004,1,-25.73308701484481,2.0,4.0,6.672096317869323e-12,1.1339501368922746e-10,2.267900273655965e-10
174,"(1.0, 3.0, 3.0, 6.0, 7.0, 9.0, 12.0, 13.0)",40085136000.0,1,-25.9095188336964,1.0,1.0,5.592924307046561e-12,2.4946903011630047e-11,2.49469030110077e-11
175,"(1.0, 3.0, 3.0, 6.0, 8.0, 9.0, 12.0, 13.0)",43291946879.99999,2,-25.770726067634293,2.0,2.0,6.4256323636381635e-12,4.619796854005565e-11,4.61979685379214e-11
176,"(1.0, 3.0, 3.0, 6.0, 8.0, 11.0, 12.0, 13.0)",43291946879.99999,1,-25.426300435547827,1.0,1.0,9.067718422436795e-12,2.3098984270027826e-11,2.3098984269494262e-11
177,"(1.0, 3.0, 3.0, 6.0, 9.0, 9.0, 11.0, 13.0)",24469361280.000004,1,-26.32987470969056,3.0,9.0,3.673505584311242e-12,1.2260230112553226e-10,3.678069033615655e-10
178,"(1.0, 3.0, 3.0, 6.0, 9.0, 9.0, 12.0, 13.0)",21645973440.0,3,-26.415586186768792,7.0,19.0,3.3717602223014516e-12,3.2338577978038947e-10,8.777614021564788e-10
179,"(1.0, 3.0, 3.0, 6.0, 9.0, 9.0, 12.0, 14.0)",21645973440.0,1,-26.338952557418104,1.0,1.0,3.6403089648887345e-12,4.619796854005564e-11,4.6197968537921384e-11
180,"(1.0, 3.0, 3.0, 6.0, 9.0, 9.0, 13.0, 13.0)",10822986719.999998,1,-26.3006998134566,3.0,9.0,3.7822584413451895e-12,2.771878112403339e-10,8.315634336441686e-10
181,"(1.0, 3.0, 3.0, 6.0, 9.0, 11.0, 12.0, 12.0)",21645973440.0,1,-26.18604692799451,1.0,1.0,4.2417426532662026e-12,4.619796854005564e-11,4.6197968537921384e-11
182,"(1.0, 3.0, 3.0, 6.0, 9.0, 11.0, 12.0, 13.0)",43291946879.99999,2,-26.07116055468232,2.0,2.0,4.758157727295141e-12,4.619796854005565e-11,4.61979685379214e-11
183,"(1.0, 3.0, 3.0, 6.0, 9.0, 12.0, 12.0, 13.0)",17637459840.000004,1,-26.15687203176056,1.0,1.0,4.367317971380705e-12,5.669750684461373e-11,5.669750684139913e-11
184,"(1.0, 3.0, 3.0, 6.0, 9.0, 12.0, 13.0, 13.0)",17637459840.000004,6,-26.041985658448368,7.0,9.0,4.8990213343279665e-12,3.9688254791229613e-10,5.102775614440078e-10
185,"(1.0, 3.0, 3.0, 7.0, 7.0, 9.0, 9.0, 13.0)",11764115999.999996,1,-25.964252522681434,2.0,4.0,5.295029727239323e-12,1.7000852422740481e-10,3.4001704842590675e-10
186,"(1.0, 3.0, 3.0, 7.0, 7.0, 9.0, 12.0, 13.0)",20042568000.0,1,-25.7055383676732,1.0,1.0,6.858458775868421e-12,4.9893806023260094e-11,4.98938060207707e-11
187,"(1.0, 3.0, 3.0, 7.0, 8.0, 9.0, 11.0, 13.0)",48938722560.00001,1,-25.48103412453286,1.0,1.0,8.584746720878297e-12,2.0433716854255378e-11,2.0433716853837843e-11
188,"(1.0, 3.0, 3.0, 7.0, 8.0, 9.0, 12.0, 13.0)",43291946879.99999,2,-25.566745601611096,2.0,2.0,7.879587181141386e-12,4.619796854005565e-11,4.61979685379214e-11
189,"(1.0, 3.0, 3.0, 7.0, 9.0, 11.0, 12.0, 13.0)",43291946879.99999,2,-25.86718008865913,3.0,5.0,5.834806056756006e-12,6.929695281008348e-11,1.1549492134533706e-10
190,"(1.0, 3.0, 3.0, 7.0, 9.0, 11.0, 13.0, 13.0)",21645973440.0,1,-25.752293715346937,1.0,1.0,6.545170180195687e-12,4.619796854005564e-11,4.6197968537921384e-11
191,"(1.0, 3.0, 3.0, 7.0, 9.0, 12.0, 13.0, 13.0)",17637459840.000004,6,-25.83800519242517,6.0,6.0,6.0075434636681265e-12,3.4018504106768236e-10,3.401850409519565e-10
192,"(1.0, 3.0, 3.0, 8.0, 8.0, 9.0, 12.0, 13.0)",21645973440.0,1,-25.427952835549,1.0,1.0,9.05274729705518e-12,4.619796854005564e-11,4.6197968537921384e-11
193,"(1.0, 3.0, 3.0, 8.0, 8.0, 11.0, 12.0, 13.0)",21645973440.0,1,-25.08352720346253,1.0,1.0,1.277504824329768e-11,4.619796854005564e-11,4.6197968537921384e-11
194,"(1.0, 3.0, 3.0, 8.0, 8.0, 12.0, 13.0, 13.0)",9157911839.999996,1,-25.054352307228577,1.0,1.0,1.3153249109831896e-11,1.0919519836740429e-10,1.091951983554807e-10
195,"(1.0, 3.0, 3.0, 8.0, 9.0, 9.0, 9.0, 13.0)",7842743999.999997,1,-26.331527109691727,1.0,1.0,3.667440496035401e-12,1.2750639317055362e-10,1.2750639315429574e-10
196,"(1.0, 3.0, 3.0, 8.0, 9.0, 9.0, 12.0, 13.0)",21645973440.0,2,-26.07281295468349,2.0,2.0,4.750301839782753e-12,9.239593708011128e-11,9.239593707157427e-11
197,"(1.0, 3.0, 3.0, 8.0, 9.0, 9.0, 12.0, 14.0)",21645973440.0,1,-25.99617932533281,1.0,1.0,5.128646532725595e-12,4.619796854005564e-11,4.6197968537921384e-11
198,"(1.0, 3.0, 3.0, 8.0, 9.0, 11.0, 12.0, 13.0)",43291946880.0,2,-25.728387322597023,2.0,2.0,6.703526916430204e-12,4.619796854005564e-11,4.6197968537921384e-11
199,"(1.0, 3.0, 3.0, 8.0, 9.0, 12.0, 12.0, 13.0)",18315823679.999992,3,-25.814098799675264,4.0,6.0,6.152892621826267e-12,2.1839039673480858e-10,3.275855950545185e-10
200,"(1.0, 3.0, 3.0, 8.0, 9.0, 12.0, 13.0, 13.0)",18315823679.999992,9,-25.69921242636307,13.0,23.0,6.901982502690667e-12,7.097687893881279e-10,1.2557447807213774e-09
201,"(1.0, 3.0, 3.0, 8.0, 11.0, 12.0, 13.0, 13.0)",18315823679.999992,1,-25.3547867942766,1.0,1.0,9.739933807160627e-12,5.4597599183702145e-11,5.4597599180721245e-11
202,"(1.0, 3.0, 3.0, 9.0, 9.0, 9.0, 12.0, 13.0)",7215324480.0,1,-26.71767307381799,1.0,1.0,2.4926540892601186e-12,1.3859390562016694e-10,1.3859390560095867e-10
203,"(1.0, 3.0, 3.0, 9.0, 9.0, 11.0, 12.0, 13.0)",21645973440.0,2,-26.37324744173152,2.0,2.0,3.517581480984221e-12,9.239593708011128e-11,9.239593707157427e-11
204,"(1.0, 3.0, 3.0, 9.0, 9.0, 11.0, 13.0, 13.0)",10822986720.0,1,-26.25836106841933,1.0,1.0,3.945832850620361e-12,9.239593708011128e-11,9.239593707157427e-11
205,"(1.0, 3.0, 3.0, 9.0, 9.0, 12.0, 12.0, 13.0)",9157911839.999996,1,-26.45895891880976,1.0,1.0,3.228643878190945e-12,1.0919519836740429e-10,1.091951983554807e-10
206,"(1.0, 3.0, 3.0, 9.0, 9.0, 12.0, 13.0, 13.0)",9157911839.999996,12,-26.344072545497568,13.0,15.0,3.621718259090785e-12,1.4195375787762558e-09,1.6379279734959773e-09
207,"(1.0, 3.0, 3.0, 9.0, 9.0, 12.0, 13.0, 14.0)",18315823679.999992,5,-26.26743891614688,5.0,5.0,3.910175272745321e-12,2.7298799591851073e-10,2.7298799584398827e-10
208,"(1.0, 3.0, 3.0, 9.0, 11.0, 11.0, 12.0, 13.0)",21645973440.0,1,-26.02882180964505,1.0,1.0,4.963937647295422e-12,4.619796854005564e-11,4.6197968537921384e-11
209,"(1.0, 3.0, 3.0, 9.0, 11.0, 12.0, 12.0, 13.0)",18315823679.999992,2,-26.114533286723287,2.0,2.0,4.556194926344002e-12,1.0919519836740429e-10,1.091951983554807e-10
210,"(1.0, 3.0, 3.0, 9.0, 11.0, 12.0, 13.0, 13.0)",18315823679.999992,12,-25.99964691341109,14.0,18.0,5.110893297393582e-12,7.6436638857183e-10,9.827567847223825e-10
211,"(1.0, 3.0, 3.0, 9.0, 11.0, 12.0, 13.0, 14.0)",36631647359.99999,1,-25.92301328406041,1.0,1.0,5.517957820972263e-12,2.7298799591851066e-11,2.729879959110584e-11
212,"(1.0, 3.0, 3.0, 9.0, 11.0, 13.0, 14.0, 14.0)",18315823679.999992,1,-25.731493281397533,1.0,1.0,6.682738338954485e-12,5.4597599183702145e-11,5.4597599180721245e-11
213,"(1.0, 3.0, 3.0, 9.0, 12.0, 12.0, 13.0, 13.0)",7122820319.999999,5,-26.085358390489333,6.0,8.0,4.6910794947953295e-12,8.423629588342614e-10,1.12315061106944e-09
214,"(1.0, 3.0, 3.0, 9.0, 12.0, 12.0, 13.0, 14.0)",14245640639.999998,1,-26.008724761138645,1.0,1.0,5.0647073380125985e-12,7.019691323618846e-11,7.019691323126085e-11
215,"(1.0, 3.0, 3.0, 9.0, 12.0, 13.0, 13.0, 13.0)",4748546879.999999,3,-25.97047201717714,3.0,3.0,5.26219951847592e-12,6.317722191256961e-10,6.317722187265599e-10
216,"(1.0, 3.0, 3.0, 9.0, 12.0, 13.0, 13.0, 14.0)",14245640639.999998,6,-25.893838387826456,6.0,6.0,5.681315045903748e-12,4.211814794171307e-10,4.2118147923973687e-10
217,"(1.0, 3.0, 3.0, 9.0, 12.0, 13.0, 14.0, 14.0)",14245640639.999998,1,-25.817204758475768,1.0,1.0,6.133811638552399e-12,7.019691323618846e-11,7.019691323126085e-11
218,"(1.0, 3.0, 3.0, 11.0, 12.0, 12.0, 13.0, 13.0)",7122820319.999999,1,-25.740932758402863,1.0,1.0,6.619953577920971e-12,1.403938264723769e-10,1.403938264526665e-10
219,"(1.0, 3.0, 3.0, 11.0, 12.0, 13.0, 13.0, 14.0)",14245640639.999998,1,-25.549412755739983,1.0,1.0,8.017353342051566e-12,7.019691323618846e-11,7.019691323126085e-11
220,"(1.0, 3.0, 4.0, 4.0, 8.0, 12.0, 13.0, 13.0)",23207184000.000004,3,-25.669453933631672,3.0,3.0,7.110461727596858e-12,1.292703156057193e-10,1.292703155890085e-10
221,"(1.0, 3.0, 4.0, 4.0, 9.0, 9.0, 12.0, 13.0)",28481543999.999992,2,-26.687914581086588,2.0,2.0,2.567946455226815e-12,7.02209121808846e-11,7.022091217595362e-11
222,"(1.0, 3.0, 4.0, 4.0, 9.0, 9.0, 13.0, 13.0)",14240771999.999996,2,-26.5730282077744,2.0,2.0,2.8805835874576275e-12,1.404418243617692e-10,1.4044182434204529e-10
223,"(1.0, 3.0, 4.0, 4.0, 9.0, 11.0, 12.0, 13.0)",56963087999.99999,2,-26.34348894900012,3.0,5.0,3.6238324980527592e-12,5.266568413566344e-11,8.777614022333206e-11
224,"(1.0, 3.0, 4.0, 4.0, 9.0, 12.0, 12.0, 13.0)",23207184000.000004,1,-26.42920042607836,1.0,1.0,3.326167332207388e-12,4.309010520190644e-11,4.309010520004968e-11
225,"(1.0, 3.0, 4.0, 4.0, 9.0, 12.0, 13.0, 13.0)",23207184000.000004,5,-26.314314052766164,5.0,5.0,3.731114800619205e-12,2.154505260095322e-10,2.1545052596311327e-10
226,"(1.0, 3.0, 4.0, 6.0, 7.0, 9.0, 12.0, 13.0)",101267712000.0,1,-26.146320239531285,1.0,1.0,4.413644989913018e-12,9.874815775436893e-12,9.874815775339381e-12
227,"(1.0, 3.0, 4.0, 6.0, 8.0, 9.0, 12.0, 13.0)",113926175999.99995,1,-26.00752747346918,1.0,1.0,5.0707748812303605e-12,8.777614022610575e-12,8.77761402253353e-12
228,"(1.0, 3.0, 4.0, 6.0, 9.0, 9.0, 12.0, 12.0)",28481543999.999992,1,-26.76727396591587,1.0,1.0,2.372032422798309e-12,3.51104560904423e-11,3.5110456089209555e-11
229,"(1.0, 3.0, 4.0, 6.0, 9.0, 9.0, 12.0, 13.0)",56963087999.99999,2,-26.65238759260368,2.0,2.0,2.660817811104495e-12,3.5110456090442294e-11,3.511045608920955e-11
230,"(1.0, 3.0, 4.0, 6.0, 9.0, 11.0, 12.0, 13.0)",113926175999.99995,3,-26.30796196051721,5.0,9.0,3.754890619176251e-12,4.3888070113052875e-11,7.899852620156901e-11
231,"(1.0, 3.0, 4.0, 6.0, 9.0, 11.0, 13.0, 13.0)",56963087999.99999,1,-26.19307558720502,1.0,1.0,4.212033420043566e-12,1.7555228045221147e-11,1.755522804491296e-11
232,"(1.0, 3.0, 4.0, 6.0, 9.0, 11.0, 13.0, 14.0)",113926175999.99995,1,-26.11644195785433,1.0,1.0,4.547506942510189e-12,8.777614022610575e-12,8.77761402253353e-12
233,"(1.0, 3.0, 4.0, 6.0, 9.0, 12.0, 12.0, 13.0)",46414368000.00001,2,-26.39367343759545,2.0,2.0,3.4464602103510994e-12,4.309010520190644e-11,4.309010520004968e-11
234,"(1.0, 3.0, 4.0, 6.0, 9.0, 12.0, 13.0, 13.0)",46414368000.00001,4,-26.278787064283257,5.0,7.0,3.866052851902745e-12,1.077252630047661e-10,1.5081536819506782e-10
235,"(1.0, 3.0, 4.0, 6.0, 9.0, 12.0, 13.0, 14.0)",92828736000.00002,1,-26.20215343493257,1.0,1.0,4.173970249257236e-12,1.077252630047661e-11,1.0772526300360562e-11
236,"(1.0, 3.0, 4.0, 6.0, 9.0, 13.0, 13.0, 14.0)",46414368000.00001,1,-26.087267061620377,1.0,1.0,4.682134306217409e-12,2.154505260095322e-11,2.1545052600489028e-11
237,"(1.0, 3.0, 4.0, 7.0, 7.0, 9.0, 12.0, 13.0)",50633856000.0,1,-25.94233977350809,1.0,1.0,5.4123389756049705e-12,1.9749631550873786e-11,1.9749631550483738e-11
238,"(1.0, 3.0, 4.0, 7.0, 8.0, 9.0, 9.0, 13.0)",64393056000.0,1,-26.06226116245422,1.0,1.0,4.800691420483691e-12,1.552962480923409e-11,1.552962480899292e-11
239,"(1.0, 3.0, 4.0, 7.0, 8.0, 9.0, 13.0, 13.0)",56963087999.99999,1,-25.6886606341338,1.0,1.0,6.97519637752345e-12,1.7555228045221147e-11,1.755522804491296e-11
240,"(1.0, 3.0, 4.0, 7.0, 9.0, 9.0, 12.0, 13.0)",56963087999.99999,2,-26.448407126580484,2.0,2.0,3.262892230557169e-12,3.5110456090442294e-11,3.511045608920955e-11
241,"(1.0, 3.0, 4.0, 7.0, 9.0, 11.0, 12.0, 13.0)",113926175999.99995,2,-26.10398149449401,3.0,5.0,4.6045254871533485e-12,2.6332842067831725e-11,4.388807011235946e-11
242,"(1.0, 3.0, 4.0, 7.0, 9.0, 12.0, 12.0, 13.0)",46414368000.00001,2,-26.18969297157225,2.0,2.0,4.2263052345591206e-12,4.309010520190644e-11,4.309010520004968e-11
243,"(1.0, 3.0, 4.0, 7.0, 9.0, 12.0, 13.0, 13.0)",46414368000.00001,7,-26.07480659826006,9.0,13.0,4.740840865072464e-12,1.9390547340857896e-10,2.800856837747925e-10
244,"(1.0, 3.0, 4.0, 7.0, 9.0, 12.0, 13.0, 14.0)",92828736000.00002,1,-25.998172968909373,2.0,4.0,5.11843202493632e-12,2.154505260095322e-11,4.309010520144225e-11
245,"(1.0, 3.0, 4.0, 7.0, 12.0, 12.0, 13.0, 13.0)",17405388000.000004,1,-25.816092443251826,2.0,4.0,6.140638166540417e-12,1.1490694720508383e-10,2.2981389439696405e-10
246,"(1.0, 3.0, 4.0, 8.0, 8.0, 9.0, 13.0, 13.0)",29620805760.000008,1,-25.549867868071694,1.0,1.0,8.013705375858083e-12,3.3760053933117575e-11,3.3760053931977837e-11
247,"(1.0, 3.0, 4.0, 8.0, 8.0, 9.0, 13.0, 14.0)",59241611520.000015,2,-25.47323423872101,3.0,5.0,8.651968585654953e-12,5.064008089967636e-11,8.440013483022952e-11
248,"(1.0, 3.0, 4.0, 8.0, 9.0, 9.0, 12.0, 13.0)",59241611520.000015,1,-26.30961436051838,1.0,1.0,3.748691161315416e-12,1.6880026966558788e-11,1.6880026966273853e-11
249,"(1.0, 3.0, 4.0, 8.0, 9.0, 9.0, 13.0, 13.0)",29620805760.000008,2,-26.1947279872062,2.0,2.0,4.205079203171628e-12,6.752010786623515e-11,6.752010786167618e-11
250,"(1.0, 3.0, 4.0, 8.0, 9.0, 9.0, 13.0, 14.0)",59241611520.000015,1,-26.118094357855504,1.0,1.0,4.5399988469299795e-12,1.6880026966558788e-11,1.6880026966273853e-11
251,"(1.0, 3.0, 4.0, 8.0, 9.0, 11.0, 12.0, 13.0)",118483223040.00005,6,-25.96518872843191,6.0,6.0,5.290074809732772e-12,5.0640080899676356e-11,5.064008089711194e-11
252,"(1.0, 3.0, 4.0, 8.0, 9.0, 12.0, 12.0, 13.0)",50127517439.99999,2,-26.05090020551015,2.0,2.0,4.855542861465406e-12,3.989824555732079e-11,3.989824555572892e-11
253,"(1.0, 3.0, 4.0, 8.0, 9.0, 12.0, 12.0, 14.0)",50127517439.99999,1,-25.974266576159465,1.0,1.0,5.242269628511461e-12,1.9949122778660395e-11,1.9949122778262428e-11
254,"(1.0, 3.0, 4.0, 8.0, 9.0, 12.0, 13.0, 13.0)",50127517439.99999,16,-25.93601383219796,18.0,22.0,5.446685637259091e-12,3.590842100158871e-10,4.388807010015872e-10
255,"(1.0, 3.0, 4.0, 8.0, 9.0, 12.0, 13.0, 14.0)",100255034879.99998,2,-25.85938020284728,2.0,2.0,5.880494829703865e-12,1.9949122778660395e-11,1.9949122778262428e-11
256,"(1.0, 3.0, 4.0, 8.0, 9.0, 13.0, 13.0, 14.0)",50127517439.99999,1,-25.74449382953508,1.0,1.0,6.596421377126573e-12,1.9949122778660395e-11,1.9949122778262428e-11
257,"(1.0, 3.0, 4.0, 8.0, 11.0, 12.0, 13.0, 13.0)",50127517439.99999,1,-25.591588200111488,1.0,1.0,7.686249212401668e-12,1.9949122778660395e-11,1.9949122778262428e-11
258,"(1.0, 3.0, 4.0, 9.0, 9.0, 9.0, 12.0, 13.0)",19747203840.000004,1,-26.95447447965288,3.0,9.0,1.9670729708943106e-12,1.519202426990291e-10,4.557607280740076e-10
259,"(1.0, 3.0, 4.0, 9.0, 9.0, 9.0, 13.0, 13.0)",9873601920.000002,1,-26.839588106340685,2.0,4.0,2.2065561778971073e-12,2.0256032359870548e-10,4.0512064715638026e-10
260,"(1.0, 3.0, 4.0, 9.0, 9.0, 11.0, 12.0, 13.0)",59241611520.000015,3,-26.61004884756641,3.0,3.0,2.775892364678755e-12,5.064008089967636e-11,5.064008089711195e-11
261,"(1.0, 3.0, 4.0, 9.0, 9.0, 11.0, 13.0, 13.0)",29620805760.000008,1,-26.49516247425422,1.0,1.0,3.113846073373958e-12,3.3760053933117575e-11,3.3760053931977837e-11
262,"(1.0, 3.0, 4.0, 9.0, 9.0, 12.0, 12.0, 13.0)",25063758720.0,4,-26.695760324644645,5.0,7.0,2.547877835435217e-12,1.994912277866039e-10,2.792877188614487e-10
263,"(1.0, 3.0, 4.0, 9.0, 9.0, 12.0, 13.0, 13.0)",25063758720.0,19,-26.580873951332457,20.0,22.0,2.8580716940819144e-12,7.979649111464156e-10,8.777614016243091e-10
264,"(1.0, 3.0, 4.0, 9.0, 9.0, 12.0, 13.0, 14.0)",50127517439.99999,3,-26.50424032198177,3.0,3.0,3.0857069673713398e-12,5.984736833598118e-11,5.984736833239948e-11
265,"(1.0, 3.0, 4.0, 9.0, 9.0, 13.0, 13.0, 14.0)",25063758720.0,2,-26.389353948669577,3.0,5.0,3.461379355407342e-12,1.1969473667196234e-10,1.9949122777227709e-10
266,"(1.0, 3.0, 4.0, 9.0, 11.0, 11.0, 12.0, 13.0)",59241611520.000015,1,-26.26562321547994,1.0,1.0,3.917281429970818e-12,1.6880026966558788e-11,1.6880026966273853e-11
267,"(1.0, 3.0, 4.0, 9.0, 11.0, 11.0, 13.0, 13.0)",29620805760.000008,1,-26.15073684216775,1.0,1.0,4.3941946576257e-12,3.3760053933117575e-11,3.3760053931977837e-11
268,"(1.0, 3.0, 4.0, 9.0, 11.0, 12.0, 13.0, 13.0)",50127517439.99999,11,-26.236448319245987,11.0,11.0,4.033251186253392e-12,2.1944035056526434e-10,2.1944035051711028e-10
269,"(1.0, 3.0, 4.0, 9.0, 11.0, 12.0, 13.0, 14.0)",100255034879.99998,3,-26.1598146898953,3.0,3.0,4.354485337911931e-12,2.992368416799059e-11,2.992368416709516e-11
270,"(1.0, 3.0, 4.0, 9.0, 12.0, 12.0, 13.0, 13.0)",19494034560.000004,5,-26.32215979632422,6.0,8.0,3.701955966648961e-12,3.077864657279031e-10,4.103819542091383e-10
271,"(1.0, 3.0, 4.0, 9.0, 12.0, 13.0, 13.0, 13.0)",12996023040.000002,5,-26.20727342301203,7.0,11.0,4.152654186895025e-12,5.386263150238305e-10,8.464127804616153e-10
272,"(1.0, 3.0, 4.0, 11.0, 11.0, 12.0, 13.0, 14.0)",50127517439.99999,1,-25.81538905780883,1.0,1.0,6.144958921437377e-12,1.9949122778660395e-11,1.9949122778262428e-11
273,"(1.0, 3.0, 6.0, 6.0, 7.0, 11.0, 12.0, 13.0)",50633856000.0,1,-25.766367618961905,1.0,1.0,6.4536992721426934e-12,1.9749631550873786e-11,1.9749631550483738e-11
274,"(1.0, 3.0, 6.0, 6.0, 9.0, 9.0, 12.0, 13.0)",28481543999.999992,4,-26.616860604120767,5.0,7.0,2.757047916431585e-12,1.7555228045221147e-10,2.457731926022775e-10
275,"(1.0, 3.0, 6.0, 6.0, 9.0, 11.0, 12.0, 13.0)",56963087999.99999,2,-26.272434972034297,2.0,2.0,3.890688537495598e-12,3.5110456090442294e-11,3.511045608920955e-11
276,"(1.0, 3.0, 6.0, 6.0, 9.0, 12.0, 13.0, 13.0)",23207184000.000004,1,-26.243260075800343,1.0,1.0,4.005871020432018e-12,4.309010520190644e-11,4.309010520004968e-11
277,"(1.0, 3.0, 6.0, 7.0, 7.0, 8.0, 9.0, 13.0)",59439743999.99997,1,-25.52066682089892,1.0,1.0,8.251164113258227e-12,1.6823760210003605e-11,1.6823760209720567e-11
278,"(1.0, 3.0, 6.0, 7.0, 8.0, 8.0, 9.0, 13.0)",64393056000.0,1,-25.38187405483681,1.0,1.0,9.479646827517965e-12,1.552962480923409e-11,1.552962480899292e-11
279,"(1.0, 3.0, 6.0, 7.0, 8.0, 9.0, 12.0, 13.0)",113926175999.99995,1,-25.76802001896308,1.0,1.0,6.443043985280276e-12,8.777614022610575e-12,8.77761402253353e-12
280,"(1.0, 3.0, 6.0, 7.0, 9.0, 9.0, 9.0, 13.0)",21464352000.0,1,-26.671594293105805,1.0,1.0,2.610199937541707e-12,4.6588874427702266e-11,4.6588874425531744e-11
281,"(1.0, 3.0, 6.0, 7.0, 9.0, 9.0, 12.0, 13.0)",56963087999.99999,1,-26.41288013809757,1.0,1.0,3.380896725907087e-12,1.7555228045221147e-11,1.755522804491296e-11
282,"(1.0, 3.0, 6.0, 7.0, 9.0, 9.0, 13.0, 14.0)",56963087999.99999,1,-26.221360135434693,2.0,4.0,4.094567030649029e-12,3.5110456090442294e-11,7.022091217965184e-11
283,"(1.0, 3.0, 6.0, 7.0, 9.0, 11.0, 12.0, 13.0)",113926175999.99995,1,-26.0684545060111,1.0,1.0,4.771050970694841e-12,8.777614022610575e-12,8.77761402253353e-12
284,"(1.0, 3.0, 6.0, 7.0, 9.0, 11.0, 13.0, 13.0)",56963087999.99999,1,-25.953568132698912,1.0,1.0,5.351907199285216e-12,1.7555228045221147e-11,1.755522804491296e-11
285,"(1.0, 3.0, 6.0, 7.0, 9.0, 11.0, 13.0, 14.0)",113926175999.99995,1,-25.876934503348224,2.0,4.0,5.778167625310069e-12,1.755522804522115e-11,3.511045609013412e-11
286,"(1.0, 3.0, 6.0, 7.0, 9.0, 12.0, 12.0, 13.0)",46414368000.00001,2,-26.15416598308934,3.0,5.0,4.379152151085584e-12,6.463515780285965e-11,1.077252630005884e-10
287,"(1.0, 3.0, 6.0, 7.0, 9.0, 12.0, 13.0, 13.0)",46414368000.00001,3,-26.039279609777147,4.0,6.0,4.9122962777207754e-12,8.618021040381287e-11,1.2927031559829228e-10
288,"(1.0, 3.0, 6.0, 7.0, 9.0, 12.0, 13.0, 14.0)",92828736000.00002,2,-25.962645980426466,2.0,2.0,5.303543253075844e-12,2.154505260095322e-11,2.1545052600489028e-11
289,"(1.0, 3.0, 6.0, 7.0, 11.0, 11.0, 12.0, 13.0)",56963087999.99999,1,-25.724028873924635,2.0,4.0,6.732807657371096e-12,3.5110456090442294e-11,7.022091217965184e-11
290,"(1.0, 3.0, 6.0, 8.0, 8.0, 9.0, 12.0, 13.0)",59241611520.000015,1,-25.62922725290097,2.0,4.0,7.402322949373798e-12,3.3760053933117575e-11,6.752010786509541e-11
291,"(1.0, 3.0, 6.0, 8.0, 8.0, 9.0, 13.0, 13.0)",29620805760.000008,1,-25.514340879588783,1.0,1.0,8.303525937476656e-12,3.3760053933117575e-11,3.3760053931977837e-11
292,"(1.0, 3.0, 6.0, 8.0, 8.0, 12.0, 13.0, 13.0)",25063758720.0,1,-25.25562672458055,1.0,1.0,1.075525412889975e-11,3.9898245557320784e-11,3.9898245555728913e-11
293,"(1.0, 3.0, 6.0, 8.0, 8.0, 12.0, 13.0, 14.0)",50127517439.99999,1,-25.178993095229867,1.0,1.0,1.161187197302127e-11,1.9949122778660395e-11,1.9949122778262428e-11
294,"(1.0, 3.0, 6.0, 8.0, 9.0, 9.0, 12.0, 13.0)",59241611520.000015,10,-26.27408737203548,12.0,18.0,3.884264872445313e-12,2.0256032359870545e-10,3.038404853570275e-10
295,"(1.0, 3.0, 6.0, 8.0, 9.0, 11.0, 11.0, 13.0)",64393056000.0,1,-25.84395026287077,1.0,1.0,5.971934149393398e-12,1.552962480923409e-11,1.552962480899292e-11
296,"(1.0, 3.0, 6.0, 8.0, 9.0, 11.0, 12.0, 13.0)",118483223040.00005,5,-25.929661739949005,9.0,19.0,5.481393604279384e-12,7.596012134951453e-11,1.603602561765385e-10
297,"(1.0, 3.0, 6.0, 8.0, 9.0, 12.0, 12.0, 13.0)",50127517439.99999,3,-26.01537321702724,3.0,3.0,5.031146542043977e-12,5.984736833598118e-11,5.984736833239948e-11
298,"(1.0, 3.0, 6.0, 8.0, 9.0, 12.0, 13.0, 13.0)",50127517439.99999,7,-25.90048684371505,7.0,7.0,5.6436683582742406e-12,1.3964385945062275e-10,1.3964385943112235e-10
299,"(1.0, 3.0, 6.0, 8.0, 9.0, 12.0, 13.0, 14.0)",100255034879.99998,3,-25.82385321436436,3.0,3.0,6.09316652578028e-12,2.992368416799059e-11,2.992368416709516e-11
300,"(1.0, 3.0, 6.0, 8.0, 9.0, 13.0, 13.0, 13.0)",16709172479.999998,1,-25.78560047040285,1.0,1.0,6.3307622371989726e-12,5.984736833598118e-11,5.984736833239948e-11
301,"(1.0, 3.0, 6.0, 8.0, 9.0, 13.0, 13.0, 14.0)",50127517439.99999,1,-25.70896684105217,1.0,1.0,6.8349849951441486e-12,1.9949122778660395e-11,1.9949122778262428e-11
302,"(1.0, 3.0, 6.0, 8.0, 9.0, 13.0, 14.0, 14.0)",50127517439.99999,1,-25.63233321170149,1.0,1.0,7.379367307358467e-12,1.9949122778660395e-11,1.9949122778262428e-11
303,"(1.0, 3.0, 6.0, 8.0, 11.0, 12.0, 13.0, 13.0)",50127517439.99999,3,-25.55606121162858,3.0,3.0,7.96422712137113e-12,5.984736833598118e-11,5.984736833239948e-11
304,"(1.0, 3.0, 6.0, 8.0, 12.0, 13.0, 13.0, 13.0)",12996023040.000002,1,-25.526886315394623,1.0,1.0,8.200005299364195e-12,7.694661643197578e-11,7.6946616426055e-11
305,"(1.0, 3.0, 6.0, 9.0, 9.0, 9.0, 9.0, 12.0)",5366088000.0,1,-27.2925480194904,2.0,4.0,1.402804008021724e-12,3.7271099542161813e-10,7.454219907043228e-10
306,"(1.0, 3.0, 6.0, 9.0, 9.0, 9.0, 12.0, 13.0)",19747203840.000004,1,-26.91894749116997,1.0,1.0,2.0382133693031134e-12,5.064008089967637e-11,5.0640080897111954e-11
307,"(1.0, 3.0, 6.0, 9.0, 9.0, 9.0, 13.0, 13.0)",9873601920.000002,1,-26.804061117857778,1.0,1.0,2.286357633120002e-12,1.0128016179935274e-10,1.0128016178909507e-10
308,"(1.0, 3.0, 6.0, 9.0, 9.0, 11.0, 12.0, 13.0)",59241611520.000015,5,-26.574521859083497,5.0,5.0,2.8762842116946992e-12,8.440013483279394e-11,8.440013482567056e-11
309,"(1.0, 3.0, 6.0, 9.0, 9.0, 11.0, 12.0, 14.0)",59241611520.000015,1,-26.497888229732816,1.0,1.0,3.105370047414939e-12,1.6880026966558788e-11,1.6880026966273853e-11
310,"(1.0, 3.0, 6.0, 9.0, 9.0, 11.0, 13.0, 13.0)",29620805760.000008,1,-26.459635485771308,2.0,4.0,3.2264602231900663e-12,6.752010786623515e-11,1.3504021572791135e-10
311,"(1.0, 3.0, 6.0, 9.0, 9.0, 12.0, 12.0, 13.0)",25063758720.0,3,-26.66023333616173,3.0,3.0,2.6400233973903646e-12,1.1969473667196234e-10,1.1969473665763552e-10
312,"(1.0, 3.0, 6.0, 9.0, 9.0, 12.0, 13.0, 13.0)",25063758720.0,24,-26.545346962849543,27.0,33.0,2.9614356068631933e-12,1.077252630047661e-09,1.3166421022311127e-09
313,"(1.0, 3.0, 6.0, 9.0, 9.0, 12.0, 13.0, 14.0)",50127517439.99999,4,-26.46871333349885,6.0,12.0,3.1973034491896317e-12,1.1969473667196236e-10,2.393894733295979e-10
314,"(1.0, 3.0, 6.0, 9.0, 9.0, 12.0, 14.0, 14.0)",25063758720.0,1,-26.392079704148173,1.0,1.0,3.451957328570076e-12,3.9898245557320784e-11,3.9898245555728913e-11
315,"(1.0, 3.0, 6.0, 9.0, 9.0, 13.0, 13.0, 14.0)",25063758720.0,2,-26.353826960186662,2.0,2.0,3.5865622591588767e-12,7.979649111464157e-11,7.979649110827409e-11
316,"(1.0, 3.0, 6.0, 9.0, 11.0, 11.0, 12.0, 13.0)",59241611520.000015,1,-26.23009622699703,1.0,1.0,4.058952311392584e-12,1.6880026966558788e-11,1.6880026966273853e-11
317,"(1.0, 3.0, 6.0, 9.0, 11.0, 12.0, 13.0, 13.0)",50127517439.99999,9,-26.20092133076308,9.0,9.0,4.179116184918064e-12,1.7954210500794355e-10,1.795421049757082e-10
318,"(1.0, 3.0, 6.0, 9.0, 11.0, 12.0, 13.0, 14.0)",100255034879.99998,2,-26.12428770141239,2.0,2.0,4.5119679663593685e-12,1.9949122778660395e-11,1.9949122778262428e-11
319,"(1.0, 3.0, 6.0, 9.0, 11.0, 13.0, 13.0, 13.0)",16709172479.999998,1,-26.086034957450885,1.0,1.0,4.687906738807102e-12,5.984736833598118e-11,5.984736833239948e-11
320,"(1.0, 3.0, 6.0, 9.0, 12.0, 12.0, 13.0, 13.0)",19494034560.000004,6,-26.286632807841308,8.0,12.0,3.835839470848373e-12,4.103819543038708e-10,6.155729312873929e-10
321,"(1.0, 3.0, 6.0, 9.0, 12.0, 13.0, 13.0, 13.0)",12996023040.000002,4,-26.17174643452912,6.0,10.0,4.302837468187017e-12,4.616796985918547e-10,7.694661641066097e-10
322,"(1.0, 3.0, 6.0, 9.0, 12.0, 13.0, 13.0, 14.0)",38988069120.00001,4,-26.09511280517843,4.0,4.0,4.645543211020163e-12,1.025954885759677e-10,1.0259548856544187e-10
323,"(1.0, 3.0, 6.0, 9.0, 13.0, 13.0, 13.0, 14.0)",12996023040.000002,1,-25.98022643186624,1.0,1.0,5.211119375660025e-12,7.694661643197578e-11,7.6946616426055e-11
324,"(1.0, 3.0, 6.0, 12.0, 13.0, 13.0, 13.0, 14.0)",9282873600.000002,1,-25.721512276858007,1.0,1.0,6.74977275958133e-12,1.0772526300476608e-10,1.0772526299316135e-10
325,"(1.0, 3.0, 7.0, 7.0, 8.0, 8.0, 9.0, 13.0)",32196528000.0,1,-25.177893588813617,1.0,1.0,1.16246463222128e-11,3.105924961846818e-11,3.10592496175035e-11
326,"(1.0, 3.0, 7.0, 7.0, 8.0, 9.0, 9.0, 13.0)",32196528000.0,1,-25.82275370794812,1.0,1.0,6.099869685879059e-12,3.105924961846818e-11,3.10592496175035e-11
327,"(1.0, 3.0, 7.0, 7.0, 8.0, 9.0, 13.0, 13.0)",28481543999.999992,1,-25.44915317962769,1.0,1.0,8.862846038128044e-12,3.51104560904423e-11,3.5110456089209555e-11
328,"(1.0, 3.0, 7.0, 7.0, 9.0, 9.0, 12.0, 13.0)",28481543999.999992,1,-26.208899672074374,1.0,1.0,4.145906425175075e-12,3.51104560904423e-11,3.5110456089209555e-11
329,"(1.0, 3.0, 7.0, 7.0, 9.0, 11.0, 12.0, 13.0)",56963087999.99999,2,-25.864474039987904,2.0,2.0,5.85061670848124e-12,3.5110456090442294e-11,3.511045608920955e-11
330,"(1.0, 3.0, 7.0, 7.0, 9.0, 12.0, 12.0, 13.0)",23207184000.000004,1,-25.950185517066146,2.0,4.0,5.370041297293344e-12,8.618021040381287e-11,1.7236042080019873e-10
331,"(1.0, 3.0, 7.0, 7.0, 9.0, 12.0, 13.0, 13.0)",23207184000.000004,1,-25.83529914375395,3.0,9.0,6.0238221842467065e-12,1.292703156057193e-10,3.878109468004471e-10
332,"(1.0, 3.0, 7.0, 7.0, 9.0, 12.0, 13.0, 14.0)",46414368000.00001,1,-25.758665514403265,1.0,1.0,6.5035982556437924e-12,2.154505260095322e-11,2.1545052600489028e-11
333,"(1.0, 3.0, 7.0, 8.0, 8.0, 8.0, 9.0, 13.0)",21464352000.0,1,-25.03910082275152,2.0,4.0,1.3355393265334833e-11,9.317774885540453e-11,1.8635549770212698e-10
334,"(1.0, 3.0, 7.0, 8.0, 8.0, 9.0, 11.0, 13.0)",64393056000.0,1,-25.339535309799544,1.0,1.0,9.889620829558102e-12,1.552962480923409e-11,1.552962480899292e-11
335,"(1.0, 3.0, 7.0, 8.0, 8.0, 9.0, 12.0, 13.0)",59241611520.000015,2,-25.42524678687778,2.0,2.0,9.077277647040742e-12,3.3760053933117575e-11,3.3760053931977837e-11
336,"(1.0, 3.0, 7.0, 8.0, 8.0, 9.0, 12.0, 14.0)",59241611520.000015,1,-25.348613157527097,2.0,4.0,9.800250615908713e-12,3.3760053933117575e-11,6.752010786509541e-11
337,"(1.0, 3.0, 7.0, 8.0, 9.0, 9.0, 9.0, 13.0)",21464352000.0,1,-26.32882106102051,1.0,1.0,3.677378208418925e-12,4.6588874427702266e-11,4.6588874425531744e-11
338,"(1.0, 3.0, 7.0, 8.0, 9.0, 9.0, 12.0, 13.0)",59241611520.000015,3,-26.07010690601228,4.0,6.0,4.763173795979324e-12,6.752010786623515e-11,1.0128016179479376e-10
339,"(1.0, 3.0, 7.0, 8.0, 9.0, 9.0, 13.0, 13.0)",29620805760.000008,1,-25.95522053270008,1.0,1.0,5.3430710102927715e-12,3.3760053933117575e-11,3.3760053931977837e-11
340,"(1.0, 3.0, 7.0, 8.0, 9.0, 11.0, 11.0, 13.0)",64393056000.0,1,-25.639969796847573,2.0,4.0,7.323228766785158e-12,3.105924961846818e-11,6.211849923597168e-11
341,"(1.0, 3.0, 7.0, 8.0, 9.0, 11.0, 12.0, 13.0)",118483223040.00005,1,-25.725681273925808,1.0,1.0,6.721691552645194e-12,8.440013483279392e-12,8.440013483208158e-12
342,"(1.0, 3.0, 7.0, 8.0, 9.0, 11.0, 13.0, 13.0)",59241611520.000015,1,-25.610794900613616,1.0,1.0,7.540030411106138e-12,1.6880026966558788e-11,1.6880026966273853e-11
343,"(1.0, 3.0, 7.0, 8.0, 9.0, 12.0, 12.0, 13.0)",50127517439.99999,3,-25.811392751004043,5.0,11.0,6.169565196955596e-12,9.974561389330197e-11,2.1944035055531514e-10
344,"(1.0, 3.0, 7.0, 8.0, 9.0, 12.0, 13.0, 13.0)",50127517439.99999,14,-25.69650637769185,15.0,17.0,6.920684896652342e-12,2.992368416799059e-10,3.3913508714768404e-10
345,"(1.0, 3.0, 7.0, 8.0, 9.0, 12.0, 13.0, 14.0)",100255034879.99998,2,-25.61987274834117,2.0,2.0,7.471892902057313e-12,1.9949122778660395e-11,1.9949122778262428e-11
346,"(1.0, 3.0, 7.0, 8.0, 9.0, 13.0, 13.0, 14.0)",50127517439.99999,1,-25.50498637502897,1.0,1.0,8.381565751536125e-12,1.9949122778660395e-11,1.9949122778262428e-11
347,"(1.0, 3.0, 7.0, 8.0, 11.0, 12.0, 12.0, 12.0)",16709172479.999998,1,-25.581853492229765,1.0,1.0,7.761437979765533e-12,5.984736833598118e-11,5.984736833239948e-11
348,"(1.0, 3.0, 7.0, 8.0, 12.0, 12.0, 13.0, 13.0)",19494034560.000004,1,-25.43779222268362,1.0,1.0,8.964110592295415e-12,5.129774428798385e-11,5.1297744285352396e-11
349,"(1.0, 3.0, 7.0, 9.0, 9.0, 9.0, 13.0, 13.0)",9873601920.000002,1,-26.60008065183458,1.0,1.0,2.8037013756630186e-12,1.0128016179935274e-10,1.0128016178909507e-10
350,"(1.0, 3.0, 7.0, 9.0, 9.0, 11.0, 12.0, 13.0)",59241611520.000015,4,-26.3705413930603,5.0,7.0,3.5271131183976884e-12,8.440013483279394e-11,1.1816018875878812e-10
351,"(1.0, 3.0, 7.0, 9.0, 9.0, 11.0, 13.0, 13.0)",29620805760.000008,2,-26.25565501974811,2.0,2.0,3.956524926476893e-12,6.752010786623515e-11,6.752010786167618e-11
352,"(1.0, 3.0, 7.0, 9.0, 9.0, 12.0, 12.0, 12.0)",8354586239.999999,1,-26.57113924345073,1.0,1.0,2.886030049552476e-12,1.1969473667196236e-10,1.1969473665763554e-10
353,"(1.0, 3.0, 7.0, 9.0, 9.0, 12.0, 12.0, 13.0)",25063758720.0,4,-26.45625287013853,4.0,4.0,3.2373925775318335e-12,1.5959298222928313e-10,1.595929822038132e-10
354,"(1.0, 3.0, 7.0, 9.0, 9.0, 12.0, 13.0, 13.0)",25063758720.0,28,-26.341366496826343,31.0,37.0,3.6315320773196022e-12,1.2368456122769443e-09,1.476235084091082e-09
355,"(1.0, 3.0, 7.0, 9.0, 9.0, 12.0, 13.0, 14.0)",50127517439.99999,3,-26.26473286747565,4.0,6.0,3.9207707267879615e-12,7.979649111464158e-11,1.1969473666559488e-10
356,"(1.0, 3.0, 7.0, 9.0, 9.0, 13.0, 13.0, 13.0)",8354586239.999999,2,-26.22648012351416,2.0,2.0,4.07365647284445e-12,2.3938947334392473e-10,2.393894732866174e-10
357,"(1.0, 3.0, 7.0, 9.0, 11.0, 12.0, 12.0, 13.0)",50127517439.99999,2,-26.11182723805207,3.0,5.0,4.568540908450658e-12,5.984736833598118e-11,9.974561388972026e-11
358,"(1.0, 3.0, 7.0, 9.0, 11.0, 12.0, 13.0, 13.0)",50127517439.99999,12,-25.99694086473988,15.0,21.0,5.12474235306801e-12,2.992368416799059e-10,4.189315782623256e-10
359,"(1.0, 3.0, 7.0, 9.0, 11.0, 12.0, 13.0, 14.0)",100255034879.99998,3,-25.92030723538919,3.0,3.0,5.53290990481073e-12,2.992368416799059e-11,2.992368416709516e-11
360,"(1.0, 3.0, 7.0, 9.0, 11.0, 13.0, 13.0, 14.0)",50127517439.99999,1,-25.805420862077,1.0,1.0,6.206519388377122e-12,1.9949122778660395e-11,1.9949122778262428e-11
361,"(1.0, 3.0, 7.0, 9.0, 12.0, 12.0, 13.0, 13.0)",19494034560.000004,2,-26.08265234181811,3.0,5.0,4.703790975414573e-12,1.5389323286395156e-10,2.5648872141623614e-10
362,"(1.0, 3.0, 7.0, 9.0, 12.0, 12.0, 13.0, 14.0)",38988069120.00001,2,-26.00601871246743,3.0,5.0,5.078431242977447e-12,7.694661643197578e-11,1.2824436071403885e-10
363,"(1.0, 3.0, 7.0, 9.0, 12.0, 13.0, 13.0, 13.0)",12996023040.000002,3,-25.967765968505923,3.0,3.0,5.2764585706339205e-12,2.3083984929592734e-10,2.308398492426403e-10
364,"(1.0, 3.0, 7.0, 9.0, 12.0, 13.0, 13.0, 14.0)",38988069120.00001,4,-25.891132339155234,4.0,4.0,5.696709780991471e-12,1.025954885759677e-10,1.0259548856544187e-10
365,"(1.0, 3.0, 7.0, 9.0, 12.0, 13.0, 14.0, 14.0)",38988069120.00001,2,-25.81449870980456,2.0,2.0,6.150432509686995e-12,5.129774428798385e-11,5.1297744285352396e-11
366,"(1.0, 3.0, 8.0, 8.0, 9.0, 9.0, 13.0, 13.0)",14240771999.999998,1,-25.816427766637982,1.0,1.0,6.138579412150787e-12,7.022091218088459e-11,7.022091217595361e-11
367,"(1.0, 3.0, 8.0, 8.0, 9.0, 9.0, 13.0, 14.0)",28481544000.0,1,-25.73979413728729,1.0,1.0,6.6274954897241025e-12,3.511045609044229e-11,3.511045608920954e-11
368,"(1.0, 3.0, 8.0, 8.0, 9.0, 11.0, 12.0, 13.0)",56963087999.99999,2,-25.586888507863705,2.0,2.0,7.722457234876806e-12,3.5110456090442294e-11,3.511045608920955e-11
369,"(1.0, 3.0, 8.0, 8.0, 9.0, 12.0, 12.0, 13.0)",25063758720.0,2,-25.672599984941943,2.0,2.0,7.088127001680739e-12,7.979649111464157e-11,7.979649110827409e-11
370,"(1.0, 3.0, 8.0, 8.0, 9.0, 12.0, 13.0, 13.0)",25063758720.0,14,-25.55771361162975,17.0,25.0,7.951077899345617e-12,6.782701744744533e-10,9.974561384729691e-10
371,"(1.0, 3.0, 8.0, 8.0, 9.0, 12.0, 13.0, 14.0)",50127517440.0,4,-25.481079982279063,4.0,4.0,8.584353052768404e-12,7.979649111464157e-11,7.979649110827409e-11
372,"(1.0, 3.0, 8.0, 8.0, 9.0, 13.0, 13.0, 13.0)",8354586240.0,1,-25.44282723831756,1.0,1.0,8.919089591153157e-12,1.1969473667196234e-10,1.1969473665763552e-10
373,"(1.0, 3.0, 8.0, 8.0, 11.0, 12.0, 13.0, 13.0)",25063758720.0,1,-25.21328797954328,1.0,1.0,1.1220395358147277e-11,3.9898245557320784e-11,3.9898245555728913e-11
374,"(1.0, 3.0, 8.0, 8.0, 11.0, 12.0, 13.0, 14.0)",50127517440.0,2,-25.1366543501926,2.0,2.0,1.2114060051393352e-11,3.9898245557320784e-11,3.9898245555728913e-11
375,"(1.0, 3.0, 8.0, 8.0, 12.0, 12.0, 13.0, 13.0)",10121902559.999996,1,-25.29899945662152,2.0,4.0,1.0298741046882038e-11,1.9759131133149346e-10,3.951826226239446e-10
376,"(1.0, 3.0, 8.0, 8.0, 12.0, 13.0, 13.0, 13.0)",6747935039.999997,1,-25.184113083309327,1.0,1.0,1.1552571265939571e-11,1.481934834986201e-10,1.481934834766588e-10
377,"(1.0, 3.0, 8.0, 8.0, 12.0, 13.0, 13.0, 14.0)",20243805119.999992,1,-25.10747945395864,1.0,1.0,1.247269259206413e-11,4.9397827832873364e-11,4.939782783043322e-11
378,"(1.0, 3.0, 8.0, 9.0, 9.0, 9.0, 12.0, 13.0)",18987696000.0,2,-26.57617425908468,2.0,2.0,2.8715353642381915e-12,1.0533136827132686e-10,1.0533136826023216e-10
379,"(1.0, 3.0, 8.0, 9.0, 9.0, 9.0, 12.0, 14.0)",18987696000.0,1,-26.499540629733985,1.0,1.0,3.100242971102002e-12,5.266568413566343e-11,5.266568413288976e-11
380,"(1.0, 3.0, 8.0, 9.0, 9.0, 9.0, 13.0, 14.0)",18987696000.0,1,-26.3846542564218,1.0,1.0,3.4776850590128354e-12,5.266568413566343e-11,5.266568413288976e-11
381,"(1.0, 3.0, 8.0, 9.0, 9.0, 11.0, 12.0, 13.0)",56963087999.99999,6,-26.231748626998204,9.0,21.0,4.052250836871552e-12,1.579970524069903e-10,3.68659788924681e-10
382,"(1.0, 3.0, 8.0, 9.0, 9.0, 11.0, 13.0, 14.0)",56963087999.99999,1,-26.040228624335327,1.0,1.0,4.9076366484168595e-12,1.7555228045221147e-11,1.755522804491296e-11
383,"(1.0, 3.0, 8.0, 9.0, 9.0, 12.0, 12.0, 13.0)",25063758720.0,7,-26.31746010407644,9.0,13.0,3.719394967277009e-12,3.5908421001588704e-10,5.186771921162287e-10
384,"(1.0, 3.0, 8.0, 9.0, 9.0, 12.0, 13.0, 13.0)",25063758720.0,40,-26.202573730764247,46.0,58.0,4.172216315571255e-12,1.8353192956367559e-09,2.3140982389562086e-09
385,"(1.0, 3.0, 8.0, 9.0, 9.0, 12.0, 13.0, 14.0)",50127517440.0,4,-26.12594010141356,5.0,7.0,4.5045185468918525e-12,9.974561389330195e-11,1.3964385944067352e-10
386,"(1.0, 3.0, 8.0, 9.0, 9.0, 13.0, 13.0, 13.0)",8354586240.0,1,-26.08768735745205,2.0,4.0,4.68016683817344e-12,2.393894733439247e-10,4.787789466305421e-10
387,"(1.0, 3.0, 8.0, 9.0, 9.0, 13.0, 13.0, 14.0)",25063758720.0,2,-26.011053728101366,2.0,2.0,5.052925526996285e-12,7.979649111464157e-11,7.979649110827409e-11
388,"(1.0, 3.0, 8.0, 9.0, 11.0, 11.0, 12.0, 13.0)",56963087999.99999,3,-25.88732299491173,3.0,3.0,5.718451894909015e-12,5.266568413566344e-11,5.2665684132889765e-11
389,"(1.0, 3.0, 8.0, 9.0, 11.0, 11.0, 13.0, 13.0)",28481544000.0,1,-25.77243662159954,1.0,1.0,6.414650368045153e-12,3.511045609044229e-11,3.511045608920954e-11
390,"(1.0, 3.0, 8.0, 9.0, 11.0, 12.0, 12.0, 13.0)",50127517440.0,3,-25.97303447198997,5.0,11.0,5.248732631507229e-12,9.974561389330195e-11,2.194403505553151e-10
391,"(1.0, 3.0, 8.0, 9.0, 11.0, 12.0, 13.0, 13.0)",50127517440.0,12,-25.85814809867778,12.0,12.0,5.8877446772688154e-12,2.393894733439247e-10,2.3938947328661735e-10
392,"(1.0, 3.0, 8.0, 9.0, 11.0, 12.0, 13.0, 14.0)",100255034880.0,5,-25.78151446932709,6.0,8.0,6.356682657881312e-12,5.984736833598117e-11,7.979649111105986e-11
393,"(1.0, 3.0, 8.0, 9.0, 12.0, 12.0, 13.0, 13.0)",20243805119.999992,13,-25.94385957575601,15.0,19.0,5.4041195382051456e-12,7.409674174931005e-10,9.385587282755613e-10
394,"(1.0, 3.0, 8.0, 9.0, 12.0, 12.0, 13.0, 14.0)",40487610239.99999,1,-25.867225946405327,1.0,1.0,5.834538491835751e-12,2.469891391643668e-11,2.4698913915826643e-11
395,"(1.0, 3.0, 8.0, 9.0, 12.0, 13.0, 13.0, 13.0)",13495870079.999994,6,-25.82897320244382,6.0,6.0,6.062049313655929e-12,4.445804504958603e-10,4.4458045029820856e-10
396,"(1.0, 3.0, 8.0, 9.0, 12.0, 13.0, 13.0, 14.0)",40487610239.99999,12,-25.75233957309314,15.0,23.0,6.544870040324641e-12,3.704837087465502e-10,5.680750199407854e-10
397,"(1.0, 3.0, 8.0, 9.0, 12.0, 13.0, 14.0, 14.0)",40487610239.99999,1,-25.67570594374245,1.0,1.0,7.066145725381116e-12,2.469891391643668e-11,2.4698913915826643e-11
398,"(1.0, 3.0, 8.0, 9.0, 13.0, 13.0, 13.0, 13.0)",3373967519.9999986,1,-25.71408682913163,1.0,1.0,6.800079387844433e-12,2.963869669972402e-10,2.96386966909395e-10
399,"(1.0, 3.0, 8.0, 11.0, 11.0, 11.0, 12.0, 13.0)",18987696000.0,1,-25.542897362825265,1.0,1.0,8.069760089095102e-12,5.266568413566343e-11,5.266568413288976e-11
400,"(1.0, 3.0, 8.0, 11.0, 11.0, 12.0, 13.0, 14.0)",50127517440.0,1,-25.437088837240623,1.0,1.0,8.970418035217161e-12,1.9949122778660392e-11,1.9949122778262424e-11
401,"(1.0, 3.0, 8.0, 11.0, 12.0, 12.0, 13.0, 13.0)",20243805119.999992,1,-25.599433943669545,1.0,1.0,7.626180820884706e-12,4.9397827832873364e-11,4.939782783043322e-11
402,"(1.0, 3.0, 8.0, 11.0, 12.0, 13.0, 13.0, 13.0)",13495870079.999994,1,-25.48454757035736,1.0,1.0,8.554637602708198e-12,7.409674174931006e-11,7.409674174381974e-11
403,"(1.0, 3.0, 8.0, 12.0, 12.0, 12.0, 13.0, 14.0)",9996940799.999998,1,-25.60851179139709,1.0,1.0,7.557264790529576e-12,1.0003060136156855e-10,1.0003060135156243e-10
404,"(1.0, 3.0, 8.0, 12.0, 13.0, 13.0, 13.0, 14.0)",9996940799.999998,1,-25.37873904477271,1.0,1.0,9.509412248795382e-12,1.0003060136156855e-10,1.0003060135156243e-10
405,"(1.0, 3.0, 9.0, 9.0, 9.0, 9.0, 12.0, 13.0)",4746923999.999999,1,-27.22103437821917,1.0,1.0,1.5067978013899897e-12,2.1066273654265377e-10,2.10662736498275e-10
406,"(1.0, 3.0, 9.0, 9.0, 9.0, 11.0, 12.0, 13.0)",18987696000.0,5,-26.876608746132696,7.0,11.0,2.126361641831515e-12,3.6865978894964403e-10,5.793225253563878e-10
407,"(1.0, 3.0, 9.0, 9.0, 9.0, 11.0, 13.0, 13.0)",9493847999.999998,1,-26.761722372820508,1.0,1.0,2.385237602595693e-12,1.0533136827132689e-10,1.0533136826023218e-10
408,"(1.0, 3.0, 9.0, 9.0, 9.0, 11.0, 13.0, 14.0)",18987696000.0,1,-26.68508874346982,1.0,1.0,2.5752133175686156e-12,5.266568413566343e-11,5.266568413288976e-11
409,"(1.0, 3.0, 9.0, 9.0, 9.0, 12.0, 12.0, 13.0)",8354586240.0,3,-26.96232022321093,4.0,6.0,1.951700205050684e-12,4.787789466878494e-10,7.181684198025448e-10
410,"(1.0, 3.0, 9.0, 9.0, 9.0, 12.0, 13.0, 13.0)",8354586240.0,16,-26.847433849898746,16.0,16.0,2.189311839763457e-12,1.9151157867513974e-09,1.915115783083729e-09
411,"(1.0, 3.0, 9.0, 9.0, 9.0, 12.0, 13.0, 14.0)",16709172480.0,3,-26.77080022054805,3.0,3.0,2.363682762645594e-12,1.7954210500794352e-10,1.7954210497570816e-10
412,"(1.0, 3.0, 9.0, 9.0, 11.0, 11.0, 12.0, 13.0)",28481544000.0,2,-26.532183114046227,2.0,2.0,3.0006772160680687e-12,7.022091218088457e-11,7.02209121759536e-11
413,"(1.0, 3.0, 9.0, 9.0, 11.0, 11.0, 13.0, 13.0)",14240771999.999998,1,-26.41729674073404,1.0,1.0,3.3659975745484275e-12,7.022091218088459e-11,7.022091217595361e-11
414,"(1.0, 3.0, 9.0, 9.0, 11.0, 12.0, 12.0, 13.0)",25063758720.0,5,-26.617894591124465,5.0,5.0,2.7541986380296946e-12,1.994912277866039e-10,1.9949122774680716e-10
415,"(1.0, 3.0, 9.0, 9.0, 11.0, 12.0, 13.0, 13.0)",25063758720.0,31,-26.50300821781228,35.0,43.0,3.089511222929963e-12,1.3964385945062274e-09,1.715624557014753e-09
416,"(1.0, 3.0, 9.0, 9.0, 11.0, 12.0, 13.0, 14.0)",50127517440.0,4,-26.426374588461584,4.0,4.0,3.335579833811464e-12,7.979649111464157e-11,7.979649110827409e-11
417,"(1.0, 3.0, 9.0, 9.0, 11.0, 13.0, 13.0, 13.0)",8354586240.0,2,-26.388121844500084,2.0,2.0,3.465646763749284e-12,2.393894733439247e-10,2.3938947328661735e-10
418,"(1.0, 3.0, 9.0, 9.0, 11.0, 13.0, 13.0, 14.0)",25063758720.0,2,-26.3114882151494,3.0,5.0,3.741673236361637e-12,1.1969473667196234e-10,1.9949122777227709e-10
419,"(1.0, 3.0, 9.0, 9.0, 12.0, 12.0, 13.0, 13.0)",10121902559.999996,17,-26.588719694890507,19.0,23.0,2.8357357321895386e-12,1.877117457649188e-09,2.272300076788605e-09
420,"(1.0, 3.0, 9.0, 9.0, 12.0, 12.0, 13.0, 14.0)",20243805119.999992,6,-26.512086065539822,6.0,6.0,3.061592025336474e-12,2.963869669972402e-10,2.96386966909395e-10
421,"(1.0, 3.0, 9.0, 9.0, 12.0, 13.0, 13.0, 13.0)",6747935039.999997,15,-26.47383332157832,18.0,26.0,3.180975129713454e-12,2.667482702975162e-09,3.853030563848659e-09
422,"(1.0, 3.0, 9.0, 9.0, 12.0, 13.0, 13.0, 14.0)",20243805119.999992,21,-26.39719969222763,25.0,33.0,3.4343285163617156e-12,1.2349456958218342e-09,1.6301283169597303e-09
423,"(1.0, 3.0, 9.0, 9.0, 12.0, 13.0, 14.0, 14.0)",20243805119.999992,2,-26.32056606287695,2.0,2.0,3.70786060165068e-12,9.879565566574673e-11,9.879565565598615e-11
424,"(1.0, 3.0, 9.0, 9.0, 13.0, 13.0, 13.0, 13.0)",1686983759.9999993,1,-26.358946948266123,2.0,4.0,3.5682460325887936e-12,1.185547867988961e-09,2.371095734572398e-09
425,"(1.0, 3.0, 9.0, 9.0, 13.0, 13.0, 13.0, 14.0)",6747935039.999997,2,-26.28231331891544,2.0,2.0,3.852444173060261e-12,2.963869669972402e-10,2.96386966909395e-10
426,"(1.0, 3.0, 9.0, 11.0, 11.0, 11.0, 12.0, 13.0)",18987696000.0,1,-26.18775748195976,2.0,4.0,4.234493125672848e-12,1.0533136827132686e-10,2.1066273653155903e-10
427,"(1.0, 3.0, 9.0, 11.0, 11.0, 12.0, 12.0, 13.0)",25063758720.0,3,-26.273468959038,3.0,3.0,3.886667695219939e-12,1.1969473667196234e-10,1.1969473665763552e-10
428,"(1.0, 3.0, 9.0, 11.0, 11.0, 12.0, 13.0, 13.0)",25063758720.0,12,-26.158582585725803,14.0,20.0,4.3598538240407036e-12,5.585754378024909e-10,7.979649108344091e-10
429,"(1.0, 3.0, 9.0, 11.0, 11.0, 12.0, 13.0, 14.0)",50127517440.0,2,-26.08194895637512,3.0,5.0,4.707100717389265e-12,5.984736833598117e-11,9.974561388972025e-11
430,"(1.0, 3.0, 9.0, 11.0, 11.0, 13.0, 13.0, 14.0)",25063758720.0,2,-25.967062583062926,3.0,5.0,5.280171260355958e-12,1.1969473667196234e-10,1.9949122777227709e-10
431,"(1.0, 3.0, 9.0, 11.0, 12.0, 12.0, 12.0, 13.0)",13495870079.999994,1,-26.35918043611624,1.0,1.0,3.5674129877506633e-12,7.409674174931006e-11,7.409674174381974e-11
432,"(1.0, 3.0, 9.0, 11.0, 12.0, 12.0, 13.0, 13.0)",20243805119.999992,8,-26.24429406280404,8.0,8.0,4.00173114251722e-12,3.951826226629869e-10,3.951826225068176e-10
433,"(1.0, 3.0, 9.0, 11.0, 12.0, 12.0, 13.0, 14.0)",40487610239.99999,2,-26.16766043345336,2.0,2.0,4.320454834488928e-12,4.939782783287336e-11,4.9397827830433214e-11
434,"(1.0, 3.0, 9.0, 11.0, 12.0, 13.0, 13.0, 13.0)",13495870079.999994,13,-26.12940768949185,14.0,16.0,4.488925782346598e-12,1.0373543844903407e-09,1.1855478669128568e-09
435,"(1.0, 3.0, 9.0, 11.0, 12.0, 13.0, 13.0, 14.0)",40487610239.99999,6,-26.05277406014116,8.0,14.0,4.846452799375698e-12,1.9759131133149343e-10,3.457847947910712e-10
436,"(1.0, 3.0, 9.0, 11.0, 12.0, 13.0, 14.0, 14.0)",40487610239.99999,3,-25.97614043079048,3.0,3.0,5.232455575217354e-12,7.409674174931003e-11,7.409674174381971e-11
437,"(1.0, 3.0, 9.0, 11.0, 13.0, 13.0, 13.0, 14.0)",13495870079.999994,1,-25.93788768682897,2.0,4.0,5.436488896742468e-12,1.481934834986201e-10,2.9638696697527894e-10
438,"(1.0, 3.0, 9.0, 11.0, 13.0, 14.0, 14.0, 14.0)",13495870079.999994,1,-25.784620428127603,1.0,1.0,6.336969693113737e-12,7.409674174931006e-11,7.409674174381974e-11
439,"(1.0, 3.0, 9.0, 12.0, 12.0, 12.0, 13.0, 13.0)",4998470399.999999,2,-26.33000553988228,3.0,5.0,3.6730250103088475e-12,6.001836081694113e-10,1.000306013255465e-09
440,"(1.0, 3.0, 9.0, 12.0, 12.0, 12.0, 13.0, 14.0)",9996940799.999998,1,-26.25337191053159,1.0,1.0,3.965568424720685e-12,1.0003060136156855e-10,1.0003060135156243e-10
441,"(1.0, 3.0, 9.0, 12.0, 12.0, 13.0, 13.0, 13.0)",4998470399.999999,5,-26.215119166570084,6.0,8.0,4.1202010032107936e-12,1.2003672163388226e-09,1.6004896203442154e-09
442,"(1.0, 3.0, 9.0, 12.0, 12.0, 13.0, 13.0, 14.0)",14995411199.999998,3,-26.138485537219395,3.0,3.0,4.4483603993922566e-12,2.000612027231371e-10,2.0006120268311262e-10
443,"(1.0, 3.0, 9.0, 12.0, 13.0, 13.0, 13.0, 14.0)",9996940799.999998,3,-26.023599163907207,3.0,3.0,4.989930351353061e-12,3.0009180408470565e-10,3.0009180399465055e-10
444,"(1.0, 3.0, 9.0, 12.0, 13.0, 13.0, 14.0, 14.0)",14995411199.999998,4,-25.94696553455652,4.0,4.0,5.3873606053167665e-12,2.667482702975161e-10,2.6674827022636147e-10
445,"(1.0, 3.0, 9.0, 12.0, 13.0, 14.0, 14.0, 14.0)",9996940799.999998,1,-25.87033190520584,1.0,1.0,5.816444769384149e-12,1.0003060136156855e-10,1.0003060135156243e-10
446,"(1.0, 3.0, 11.0, 11.0, 11.0, 12.0, 13.0, 13.0)",8354586240.0,1,-25.814156953639333,1.0,1.0,6.152534817133797e-12,1.1969473667196234e-10,1.1969473665763552e-10
447,"(1.0, 4.0, 4.0, 7.0, 7.0, 8.0, 9.0, 13.0)",34177852799.999985,1,-25.79299521521672,1.0,1.0,6.2841205302770605e-12,2.925871340870192e-11,2.9258713407845845e-11
448,"(1.0, 4.0, 6.0, 6.0, 8.0, 9.0, 11.0, 13.0)",77271667200.0,1,-26.12309041374293,1.0,1.0,4.5173733252095215e-12,1.2941354007695075e-11,1.2941354007527596e-11
449,"(1.0, 4.0, 6.0, 7.0, 9.0, 9.0, 13.0, 14.0)",68355705599.99999,1,-26.458161541269583,2.0,4.0,3.231219352981062e-12,2.925871340870191e-11,5.851742681654776e-11
450,"(1.0, 4.0, 6.0, 8.0, 9.0, 9.0, 11.0, 13.0)",80491319999.99998,1,-26.425177300792125,1.0,1.0,3.3395758741445327e-12,1.2423699847387273e-11,1.2423699847232925e-11
451,"(1.0, 4.0, 6.0, 9.0, 12.0, 12.0, 13.0, 13.0)",24367543200.0,2,-26.5234342136762,2.0,2.0,3.0270450185228055e-12,8.207639086077417e-11,8.207639085403764e-11
452,"(1.0, 4.0, 7.0, 9.0, 9.0, 12.0, 13.0, 14.0)",62659396799.99998,1,-26.501534273310547,2.0,4.0,3.0940683486602144e-12,3.191859644585664e-11,6.383719289069448e-11
453,"(1.0, 4.0, 7.0, 9.0, 9.0, 13.0, 13.0, 14.0)",31329698399.99999,3,-26.38664789999836,4.0,6.0,3.4707587011721853e-12,1.2767438578342656e-10,1.9151157865883906e-10
454,"(1.0, 4.0, 7.0, 9.0, 11.0, 11.0, 12.0, 13.0)",74052014400.00002,1,-26.26291716680872,1.0,1.0,3.92789613966236e-12,1.350402157324703e-11,1.3504021573064671e-11
455,"(1.0, 4.0, 7.0, 9.0, 11.0, 13.0, 13.0, 14.0)",62659396799.99998,1,-26.04222226791189,1.0,1.0,4.897862316640959e-12,1.595929822292832e-11,1.595929822267362e-11
456,"(1.0, 4.0, 8.0, 8.0, 9.0, 12.0, 12.0, 13.0)",32582886336.000004,1,-25.90940139077683,2.0,4.0,5.5935811949787814e-12,6.138191624203197e-11,1.227638324802962e-10
457,"(1.0, 4.0, 8.0, 9.0, 9.0, 12.0, 13.0, 13.0)",32582886336.000004,1,-26.43937513659913,1.0,1.0,3.2924961303076663e-12,3.0690958121015984e-11,3.069095812007405e-11
458,"(1.0, 4.0, 8.0, 9.0, 11.0, 12.0, 13.0, 13.0)",65165772672.00001,1,-26.094949504512662,1.0,1.0,4.64630189326435e-12,1.5345479060507992e-11,1.5345479060272507e-11
459,"(1.0, 4.0, 9.0, 9.0, 9.0, 11.0, 12.0, 13.0)",24684004800.000004,1,-27.113410151967585,1.0,1.0,1.678014021285542e-12,4.0512064719741096e-11,4.0512064718099866e-11
460,"(1.0, 4.0, 9.0, 9.0, 9.0, 12.0, 13.0, 13.0)",10860962112.000002,1,-27.08423525573363,1.0,1.0,1.727691043620053e-12,9.207287436304795e-11,9.207287435457053e-11
461,"(1.0, 6.0, 6.0, 7.0, 9.0, 12.0, 13.0, 13.0)",27848620800.0,1,-26.240554027129125,2.0,4.0,4.016725782517342e-12,7.181684200317741e-11,1.4363368400119717e-10
462,"(1.0, 6.0, 6.0, 8.0, 9.0, 12.0, 13.0, 13.0)",31329698399.99999,1,-26.101761261067026,1.0,1.0,4.6147599658169676e-12,3.191859644585664e-11,3.1918596444837844e-11
463,"(1.0, 6.0, 7.0, 9.0, 9.0, 12.0, 13.0, 13.0)",31329698399.99999,1,-26.54264091417832,1.0,1.0,2.9694602483904886e-12,3.191859644585664e-11,3.1918596444837844e-11
464,"(1.0, 6.0, 7.0, 9.0, 12.0, 13.0, 13.0, 14.0)",48735086400.0,1,-26.092406756507213,1.0,1.0,4.658131301364439e-12,2.0519097715193544e-11,2.051909771477251e-11
465,"(1.0, 6.0, 7.0, 9.0, 13.0, 14.0, 14.0, 14.0)",16245028800.0,1,-25.82425312449365,1.0,1.0,6.090730293936518e-12,6.155729314558063e-11,6.155729314179133e-11
466,"(1.0, 6.0, 8.0, 9.0, 9.0, 12.0, 13.0, 13.0)",32582886336.000004,3,-26.403848148116225,3.0,3.0,3.4115712688181563e-12,9.207287436304795e-11,9.207287435457053e-11
467,"(1.0, 6.0, 8.0, 9.0, 11.0, 11.0, 12.0, 13.0)",74052014400.00002,1,-26.08859741226371,1.0,1.0,4.675909567291743e-12,1.350402157324703e-11,1.3504021573064671e-11
468,"(1.0, 6.0, 8.0, 9.0, 11.0, 12.0, 13.0, 13.0)",65165772672.00001,1,-26.059422516029755,2.0,4.0,4.8143382461120484e-12,3.0690958121015984e-11,6.138191624109003e-11
469,"(1.0, 6.0, 9.0, 9.0, 9.0, 12.0, 12.0, 13.0)",10860962112.000002,1,-27.16359464056292,1.0,1.0,1.5958818626080011e-12,9.207287436304795e-11,9.207287435457053e-11
470,"(1.0, 6.0, 9.0, 9.0, 11.0, 12.0, 12.0, 13.0)",32582886336.000004,1,-26.819169008476443,1.0,1.0,2.252075211693259e-12,3.0690958121015984e-11,3.069095812007405e-11
471,"(1.0, 6.0, 9.0, 9.0, 11.0, 12.0, 13.0, 14.0)",65165772672.00001,1,-26.627649005813566,3.0,9.0,2.7274636464582047e-12,4.603643718152397e-11,1.3810931154245256e-10
472,"(1.0, 6.0, 9.0, 11.0, 12.0, 13.0, 13.0, 14.0)",52633893311.99999,1,-26.25404847749314,1.0,1.0,3.962886359541413e-12,1.8999164551105136e-11,1.8999164550744168e-11
473,"(1.0, 6.0, 9.0, 12.0, 12.0, 13.0, 13.0, 14.0)",19494034560.000004,1,-26.339759954571377,1.0,1.0,3.637370976014977e-12,5.129774428798385e-11,5.1297744285352396e-11
474,"(1.0, 7.0, 7.0, 8.0, 9.0, 12.0, 12.0, 13.0)",31329698399.99999,1,-25.80868670233282,1.0,1.0,6.186282949983928e-12,3.191859644585664e-11,3.1918596444837844e-11
475,"(1.0, 7.0, 7.0, 8.0, 9.0, 12.0, 13.0, 13.0)",31329698399.99999,2,-25.693800329020632,4.0,8.0,6.9394379687401574e-12,1.2767438578342656e-10,2.553487715505524e-10
476,"(1.0, 7.0, 8.0, 9.0, 9.0, 12.0, 13.0, 13.0)",32582886336.000004,1,-26.19986768209303,1.0,1.0,4.183521825719494e-12,3.0690958121015984e-11,3.069095812007405e-11
477,"(1.0, 7.0, 8.0, 9.0, 11.0, 12.0, 13.0, 14.0)",130331545344.00002,1,-25.77880842065587,1.0,1.0,6.3739074455869745e-12,7.672739530253996e-12,7.672739530195126e-12
478,"(1.0, 7.0, 8.0, 9.0, 12.0, 12.0, 13.0, 13.0)",26316946655.999992,1,-25.9411535270848,1.0,1.0,5.418763152931759e-12,3.799832910221028e-11,3.79983291007664e-11
479,"(1.0, 7.0, 8.0, 9.0, 12.0, 13.0, 13.0, 14.0)",52633893311.99999,1,-25.74963352442192,1.0,1.0,6.5626047618882485e-12,1.8999164551105136e-11,1.8999164550744168e-11
480,"(1.0, 7.0, 8.0, 11.0, 11.0, 12.0, 13.0, 13.0)",32582886336.000004,1,-25.51101641792009,1.0,1.0,8.33117662753402e-12,3.0690958121015984e-11,3.069095812007405e-11
481,"(1.0, 7.0, 9.0, 9.0, 11.0, 12.0, 13.0, 13.0)",32582886336.000004,1,-26.50030216914105,1.0,1.0,3.097882912660841e-12,3.0690958121015984e-11,3.069095812007405e-11
482,"(1.0, 7.0, 9.0, 9.0, 12.0, 12.0, 12.0, 13.0)",8772315551.999998,1,-26.70090001953148,1.0,1.0,2.5348161161317963e-12,1.1399498730663083e-10,1.1399498729363597e-10
483,"(1.0, 7.0, 9.0, 12.0, 12.0, 13.0, 13.0, 14.0)",19494034560.000004,1,-26.13577948854818,1.0,1.0,4.460414180844238e-12,5.129774428798385e-11,5.1297744285352396e-11
484,"(1.0, 8.0, 8.0, 8.0, 8.0, 12.0, 13.0, 13.0)",2610808199.9999995,1,-24.77135467776193,1.0,1.0,1.745570340894864e-11,3.830231573502796e-10,3.8302315720357284e-10
485,"(1.0, 8.0, 8.0, 9.0, 11.0, 12.0, 13.0, 13.0)",31329698400.0,1,-25.71664928394446,1.0,1.0,6.782676797887001e-12,3.191859644585663e-11,3.191859644483783e-11
486,"(1.0, 8.0, 9.0, 9.0, 9.0, 12.0, 13.0, 13.0)",10443232799.999998,1,-26.705935035165425,1.0,1.0,2.522085354046158e-12,9.57557893375699e-11,9.575578932840073e-11
487,"(1.0, 8.0, 9.0, 9.0, 11.0, 12.0, 12.0, 13.0)",31329698400.0,2,-26.476395776391143,2.0,2.0,3.1728344591874495e-12,6.383719289171325e-11,6.383719288763807e-11
488,"(1.0, 8.0, 9.0, 9.0, 11.0, 12.0, 13.0, 13.0)",31329698400.0,1,-26.361509403078955,1.0,1.0,3.5591142682327092e-12,3.191859644585663e-11,3.191859644483783e-11
489,"(1.0, 8.0, 9.0, 9.0, 12.0, 13.0, 13.0, 13.0)",8772315552.0,2,-26.332334506845,3.0,5.0,3.664480610081641e-12,3.419849619198924e-10,5.699749364162003e-10
490,"(1.0, 8.0, 9.0, 9.0, 12.0, 13.0, 13.0, 14.0)",26316946656.0,1,-26.25570087749432,1.0,1.0,3.956343493321037e-12,3.799832910221027e-11,3.7998329100766395e-11
491,"(1.0, 8.0, 9.0, 11.0, 12.0, 12.0, 13.0, 13.0)",26316946656.0,1,-26.10279524807072,2.0,4.0,4.60999083002426e-12,7.599665820442054e-11,1.5199331640306558e-10
492,"(1.0, 8.0, 11.0, 12.0, 13.0, 13.0, 13.0, 13.0)",3373967519.9999986,1,-25.614308346438104,1.0,1.0,7.513585406490998e-12,2.963869669972402e-10,2.96386966909395e-10
493,"(1.0, 9.0, 9.0, 9.0, 11.0, 12.0, 13.0, 13.0)",10443232799.999998,1,-27.00636952221345,1.0,1.0,1.8675951621760714e-12,9.57557893375699e-11,9.575578932840073e-11
494,"(1.0, 9.0, 9.0, 9.0, 12.0, 12.0, 13.0, 14.0)",8772315552.0,1,-27.015447369941,1.0,1.0,1.8507181371079997e-12,1.139949873066308e-10,1.1399498729363595e-10
495,"(1.0, 9.0, 9.0, 11.0, 11.0, 12.0, 12.0, 13.0)",15664849199.999998,1,-26.776830263439173,1.0,1.0,2.3494725413862996e-12,6.383719289171325e-11,6.383719288763807e-11
496,"(1.0, 9.0, 9.0, 11.0, 11.0, 12.0, 13.0, 13.0)",15664849199.999998,3,-26.66194389012698,3.0,3.0,2.6355113550457524e-12,1.915115786751398e-10,1.915115786384631e-10
497,"(1.0, 9.0, 9.0, 11.0, 11.0, 12.0, 13.0, 14.0)",31329698400.0,1,-26.585310260776296,1.0,1.0,2.8454204867185e-12,3.191859644585663e-11,3.191859644483783e-11
498,"(1.0, 9.0, 9.0, 11.0, 12.0, 12.0, 13.0, 13.0)",13158473328.0,1,-26.74765536720522,3.0,9.0,2.4190278600142997e-12,2.279899746132616e-10,6.839699237878054e-10
499,"(1.0, 9.0, 9.0, 11.0, 12.0, 13.0, 13.0, 14.0)",26316946656.0,2,-26.55613536454234,2.0,2.0,2.9296581720278973e-12,7.599665820442054e-11,7.599665819864505e-11
500,"(1.0, 9.0, 9.0, 12.0, 12.0, 12.0, 13.0, 13.0)",3373967519.9999986,1,-26.833366844283454,1.0,1.0,2.2203265322011098e-12,2.963869669972402e-10,2.96386966909395e-10
501,"(1.0, 9.0, 9.0, 12.0, 13.0, 13.0, 13.0, 13.0)",1686983759.9999993,1,-26.60359409765907,1.0,1.0,2.7938680073904356e-12,5.927739339944805e-10,5.927739336430995e-10
502,"(1.0, 9.0, 11.0, 11.0, 12.0, 12.0, 13.0, 14.0)",26316946656.0,1,-26.32659610576806,1.0,1.0,3.685569319427591e-12,3.799832910221027e-11,3.7998329100766395e-11
503,"(1.0, 9.0, 11.0, 12.0, 12.0, 12.0, 13.0, 13.0)",6747935039.999997,1,-26.488941212196984,1.0,1.0,3.13327851026726e-12,1.481934834986201e-10,1.481934834766588e-10
504,"(1.0, 9.0, 11.0, 12.0, 12.0, 13.0, 13.0, 13.0)",6747935039.999997,2,-26.374054838884792,2.0,2.0,3.5147425419399524e-12,2.963869669972402e-10,2.96386966909395e-10
505,"(1.0, 9.0, 11.0, 12.0, 13.0, 13.0, 13.0, 13.0)",3373967519.9999986,1,-26.2591684655726,1.0,1.0,3.942648282188233e-12,2.963869669972402e-10,2.96386966909395e-10
506,"(2.0, 2.0, 2.0, 6.0, 9.0, 12.0, 13.0, 13.0)",5879153280.000001,2,-26.401185685427443,4.0,8.0,3.420666552585527e-12,6.803700821353648e-10,1.3607401638078262e-09
507,"(2.0, 2.0, 2.0, 9.0, 12.0, 13.0, 13.0, 14.0)",4748546879.999999,1,-26.25303841480553,1.0,1.0,3.966891145390315e-12,2.1059073970856538e-10,2.1059073966421692e-10
508,"(2.0, 2.0, 3.0, 3.0, 8.0, 9.0, 12.0, 13.0)",14985673919.999994,2,-25.73016489656412,3.0,5.0,6.6916214860222735e-12,2.0019119700690786e-10,3.3365199497143655e-10
509,"(2.0, 2.0, 3.0, 3.0, 9.0, 9.0, 12.0, 13.0)",7492836959.999997,1,-26.37502501569861,1.0,1.0,3.5113342737979153e-12,1.3346079800460523e-10,1.3346079798679345e-10
510,"(2.0, 2.0, 3.0, 3.0, 9.0, 11.0, 12.0, 13.0)",14985673919.999994,3,-26.03059938361214,3.0,3.0,4.955121718763202e-12,2.0019119700690786e-10,2.0019119696683135e-10
511,"(2.0, 2.0, 3.0, 3.0, 9.0, 12.0, 12.0, 13.0)",6105274559.999999,1,-26.11631086069038,1.0,1.0,4.548103146852896e-12,1.6379279755110638e-10,1.637927975242783e-10
512,"(2.0, 2.0, 3.0, 3.0, 9.0, 12.0, 13.0, 13.0)",6105274559.999999,1,-26.001424487378188,1.0,1.0,5.101816376358874e-12,1.6379279755110638e-10,1.637927975242783e-10
513,"(2.0, 2.0, 3.0, 3.0, 9.0, 12.0, 13.0, 14.0)",12210549119.999998,1,-25.924790858027503,1.0,1.0,5.508157955371614e-12,8.189639877555319e-11,8.189639876884617e-11
514,"(2.0, 2.0, 3.0, 4.0, 7.0, 9.0, 12.0, 13.0)",40085136000.0,3,-26.105759068461104,3.0,3.0,4.596347872827018e-12,7.484070903489014e-11,7.4840709029289e-11
515,"(2.0, 2.0, 3.0, 4.0, 9.0, 11.0, 12.0, 13.0)",43291946879.99999,1,-26.26740078944703,1.0,1.0,3.910324357666341e-12,2.3098984270027826e-11,2.3098984269494262e-11
516,"(2.0, 2.0, 3.0, 4.0, 9.0, 11.0, 13.0, 14.0)",43291946879.99999,1,-26.07588078678416,1.0,1.0,4.7357510424245775e-12,2.3098984270027826e-11,2.3098984269494262e-11
517,"(2.0, 2.0, 3.0, 4.0, 9.0, 12.0, 12.0, 13.0)",17637459840.000004,1,-26.35311226652527,1.0,1.0,3.5891264686746876e-12,5.669750684461373e-11,5.669750684139913e-11
518,"(2.0, 2.0, 3.0, 4.0, 9.0, 12.0, 13.0, 13.0)",17637459840.000004,1,-26.23822589321308,1.0,1.0,4.0260881522394825e-12,5.669750684461373e-11,5.669750684139913e-11
519,"(2.0, 2.0, 3.0, 4.0, 9.0, 12.0, 13.0, 14.0)",35274919680.00001,1,-26.161592263862392,2.0,4.0,4.346751793645003e-12,5.669750684461373e-11,1.1339501368601286e-10
520,"(2.0, 2.0, 3.0, 6.0, 7.0, 8.0, 9.0, 13.0)",47056463999.99999,1,-25.684086115851933,1.0,1.0,7.007177634523915e-12,2.12510655284256e-11,2.125106552797399e-11
521,"(2.0, 2.0, 3.0, 6.0, 7.0, 8.0, 12.0, 13.0)",40085136000.0,1,-25.42537196084369,1.0,1.0,9.076141479308768e-12,2.4946903011630047e-11,2.49469030110077e-11
522,"(2.0, 2.0, 3.0, 6.0, 8.0, 9.0, 12.0, 13.0)",43291946879.99999,2,-25.93143931391609,3.0,5.0,5.471658676545464e-12,6.929695281008348e-11,1.1549492134533706e-10
523,"(2.0, 2.0, 3.0, 6.0, 9.0, 9.0, 12.0, 13.0)",21645973440.0,1,-26.5762994330506,1.0,1.0,2.87117594526379e-12,4.619796854005564e-11,4.6197968537921384e-11
524,"(2.0, 2.0, 3.0, 6.0, 9.0, 11.0, 12.0, 13.0)",43291946879.99999,1,-26.231873800964124,1.0,1.0,4.051743632308465e-12,2.3098984270027826e-11,2.3098984269494262e-11
525,"(2.0, 2.0, 3.0, 6.0, 9.0, 12.0, 13.0, 13.0)",17637459840.000004,2,-26.20269890473017,2.0,2.0,4.171694095393213e-12,1.1339501368922746e-10,1.1339501367636903e-10
526,"(2.0, 2.0, 3.0, 6.0, 11.0, 11.0, 12.0, 13.0)",21645973440.0,1,-25.88744816887765,2.0,4.0,5.7177361384043835e-12,9.239593708011128e-11,1.8479187415168554e-10
527,"(2.0, 2.0, 3.0, 7.0, 7.0, 9.0, 12.0, 13.0)",20042568000.0,1,-25.866251613955,1.0,1.0,5.840226042353596e-12,4.9893806023260094e-11,4.98938060207707e-11
528,"(2.0, 2.0, 3.0, 7.0, 8.0, 9.0, 12.0, 13.0)",43291946879.99999,2,-25.727458847892898,2.0,2.0,6.709753861933886e-12,4.619796854005565e-11,4.61979685379214e-11
529,"(2.0, 2.0, 3.0, 7.0, 9.0, 11.0, 12.0, 13.0)",43291946879.99999,1,-26.027893334940927,1.0,1.0,4.968548678115259e-12,2.3098984270027826e-11,2.3098984269494262e-11
530,"(2.0, 2.0, 3.0, 7.0, 9.0, 11.0, 13.0, 14.0)",43291946879.99999,1,-25.83637333227805,1.0,1.0,6.017354937728034e-12,2.3098984270027826e-11,2.3098984269494262e-11
531,"(2.0, 2.0, 3.0, 7.0, 9.0, 12.0, 13.0, 13.0)",17637459840.000004,1,-25.99871843870697,1.0,1.0,5.115640836179453e-12,5.669750684461373e-11,5.669750684139913e-11
532,"(2.0, 2.0, 3.0, 8.0, 9.0, 11.0, 12.0, 13.0)",43291946880.0,2,-25.889100568878824,3.0,5.0,5.708295952831877e-12,6.929695281008347e-11,1.1549492134533703e-10
533,"(2.0, 2.0, 3.0, 8.0, 9.0, 12.0, 13.0, 13.0)",18315823679.999992,5,-25.85992567264487,7.0,13.0,5.877288072053612e-12,3.82183194285915e-10,7.097687892420639e-10
534,"(2.0, 2.0, 3.0, 8.0, 9.0, 12.0, 13.0, 14.0)",36631647359.99999,1,-25.783292043294185,1.0,1.0,6.3453932211486545e-12,2.7298799591851066e-11,2.729879959110584e-11
535,"(2.0, 2.0, 3.0, 8.0, 12.0, 13.0, 13.0, 13.0)",4748546879.999999,1,-25.486325144324447,1.0,1.0,8.539444608943399e-12,2.1059073970856538e-10,2.1059073966421692e-10
536,"(2.0, 2.0, 3.0, 8.0, 12.0, 13.0, 13.0, 14.0)",14245640639.999998,1,-25.40969151497376,1.0,1.0,9.219581083938706e-12,7.019691323618846e-11,7.019691323126085e-11
537,"(2.0, 2.0, 3.0, 9.0, 9.0, 11.0, 12.0, 13.0)",21645973440.0,1,-26.533960688013323,1.0,1.0,2.995348028281114e-12,4.619796854005564e-11,4.6197968537921384e-11
538,"(2.0, 2.0, 3.0, 9.0, 9.0, 11.0, 13.0, 13.0)",10822986720.0,1,-26.419074314701128,1.0,1.0,3.3600195796248018e-12,9.239593708011128e-11,9.239593707157427e-11
539,"(2.0, 2.0, 3.0, 9.0, 9.0, 12.0, 12.0, 12.0)",3052637279.9999986,1,-26.734558538403743,2.0,4.0,2.4509178266486337e-12,6.551711902044257e-10,1.3103423799796022e-09
540,"(2.0, 2.0, 3.0, 9.0, 9.0, 12.0, 12.0, 13.0)",9157911839.999996,1,-26.61967216509156,1.0,1.0,2.749307194969429e-12,1.0919519836740429e-10,1.091951983554807e-10
541,"(2.0, 2.0, 3.0, 9.0, 9.0, 12.0, 13.0, 13.0)",9157911839.999996,7,-26.50478579177936,7.0,7.0,3.08402426638943e-12,7.6436638857183e-10,7.643663879875741e-10
542,"(2.0, 2.0, 3.0, 9.0, 9.0, 12.0, 13.0, 14.0)",18315823679.999992,1,-26.42815216242868,1.0,1.0,3.3296558606438162e-12,5.4597599183702145e-11,5.4597599180721245e-11
543,"(2.0, 2.0, 3.0, 9.0, 9.0, 13.0, 13.0, 14.0)",9157911839.999996,1,-26.313265789116485,1.0,1.0,3.735028043334177e-12,1.0919519836740429e-10,1.091951983554807e-10
544,"(2.0, 2.0, 3.0, 9.0, 11.0, 12.0, 13.0, 13.0)",18315823679.999992,8,-26.160360159692896,9.0,11.0,4.3521107453691555e-12,4.913783926533193e-10,6.005735907792709e-10
545,"(2.0, 2.0, 3.0, 9.0, 12.0, 12.0, 13.0, 13.0)",7122820319.999999,2,-26.24607163677113,2.0,2.0,3.9946240879439736e-12,2.807876529447538e-10,2.8078765286591214e-10
546,"(2.0, 2.0, 3.0, 9.0, 12.0, 12.0, 13.0, 14.0)",14245640639.999998,1,-26.16943800742045,1.0,1.0,4.312781728226561e-12,7.019691323618846e-11,7.019691323126085e-11
547,"(2.0, 2.0, 3.0, 9.0, 12.0, 13.0, 13.0, 14.0)",14245640639.999998,1,-26.05455163410825,1.0,1.0,4.837845523348114e-12,7.019691323618846e-11,7.019691323126085e-11
548,"(2.0, 2.0, 3.0, 9.0, 12.0, 13.0, 14.0, 14.0)",14245640639.999998,1,-25.97791800475757,1.0,1.0,5.223162760182867e-12,7.019691323618846e-11,7.019691323126085e-11
549,"(2.0, 2.0, 3.0, 11.0, 12.0, 13.0, 13.0, 13.0)",4748546879.999999,1,-25.78675963137247,1.0,1.0,6.323428116240274e-12,2.1059073970856538e-10,2.1059073966421692e-10
550,"(2.0, 2.0, 4.0, 9.0, 9.0, 12.0, 13.0, 13.0)",12531879359.999998,1,-26.74158719761425,2.0,4.0,2.4337515590851467e-12,1.5959298222928316e-10,3.191859644330964e-10
551,"(2.0, 2.0, 4.0, 9.0, 12.0, 12.0, 13.0, 13.0)",9747017280.000002,1,-26.482873042606023,1.0,1.0,3.1523495803664693e-12,1.025954885759677e-10,1.0259548856544187e-10
552,"(2.0, 2.0, 4.0, 9.0, 12.0, 13.0, 13.0, 13.0)",6498011520.000001,2,-26.367986669293828,2.0,2.0,3.5361354379683148e-12,3.077864657279031e-10,3.077864656331706e-10
553,"(2.0, 2.0, 6.0, 7.0, 8.0, 9.0, 11.0, 13.0)",64393056000.0,1,-25.84302178816664,2.0,4.0,5.977481514081208e-12,3.105924961846818e-11,6.211849923597168e-11
554,"(2.0, 2.0, 6.0, 7.0, 9.0, 11.0, 12.0, 13.0)",56963087999.99999,1,-26.229167752292906,2.0,4.0,4.062722696021478e-12,3.5110456090442294e-11,7.022091217965184e-11
555,"(2.0, 2.0, 6.0, 8.0, 9.0, 9.0, 11.0, 13.0)",32196528000.0,1,-26.34908914123904,1.0,1.0,3.6035950590871005e-12,3.105924961846818e-11,3.10592496175035e-11
556,"(2.0, 2.0, 6.0, 9.0, 11.0, 13.0, 14.0, 14.0)",25063758720.0,1,-26.09348094503131,1.0,1.0,4.653130276679322e-12,3.9898245557320784e-11,3.9898245555728913e-11
557,"(2.0, 2.0, 6.0, 9.0, 13.0, 13.0, 13.0, 13.0)",1624502880.0000002,1,-26.217573307498725,1.0,1.0,4.110101846739977e-12,6.155729314558062e-10,6.155729310768762e-10
558,"(2.0, 2.0, 7.0, 8.0, 9.0, 12.0, 13.0, 13.0)",25063758720.0,1,-25.85721962397365,1.0,1.0,5.893213837861782e-12,3.9898245557320784e-11,3.9898245555728913e-11
559,"(2.0, 2.0, 7.0, 8.0, 11.0, 12.0, 13.0, 13.0)",25063758720.0,1,-25.512793991887182,1.0,1.0,8.316380499347829e-12,3.9898245557320784e-11,3.9898245555728913e-11
560,"(2.0, 2.0, 8.0, 8.0, 9.0, 12.0, 13.0, 13.0)",12531879360.0,1,-25.718426857911552,1.0,1.0,6.7706307976839365e-12,7.979649111464157e-11,7.979649110827409e-11
561,"(2.0, 2.0, 8.0, 9.0, 9.0, 12.0, 13.0, 13.0)",12531879360.0,1,-26.363286977046045,1.0,1.0,3.552793299023159e-12,7.979649111464157e-11,7.979649110827409e-11
562,"(2.0, 2.0, 8.0, 9.0, 12.0, 12.0, 13.0, 13.0)",10121902559.999996,1,-26.104572822037813,1.0,1.0,4.601803509276219e-12,9.879565566574673e-11,9.879565565598615e-11
563,"(2.0, 2.0, 9.0, 9.0, 9.0, 12.0, 13.0, 13.0)",4177293120.0,1,-27.008147096180544,2.0,4.0,1.8642783224720444e-12,4.787789466878494e-10,9.575578931464694e-10
564,"(2.0, 2.0, 9.0, 9.0, 11.0, 12.0, 13.0, 13.0)",12531879360.0,1,-26.66372146409408,1.0,1.0,2.63083070000878e-12,7.979649111464157e-11,7.979649110827409e-11
565,"(2.0, 2.0, 9.0, 9.0, 11.0, 12.0, 13.0, 14.0)",25063758720.0,1,-26.587087834743382,1.0,1.0,2.8403670341094423e-12,3.9898245557320784e-11,3.9898245555728913e-11
566,"(2.0, 2.0, 9.0, 9.0, 12.0, 12.0, 13.0, 13.0)",5060951279.999998,1,-26.74943294117231,1.0,1.0,2.4147316785860512e-12,1.9759131133149346e-10,1.9759131129245113e-10
567,"(2.0, 2.0, 9.0, 9.0, 12.0, 13.0, 13.0, 14.0)",10121902559.999996,1,-26.557912938509432,1.0,1.0,2.9244551137093658e-12,9.879565566574673e-11,9.879565565598615e-11
568,"(2.0, 2.0, 9.0, 11.0, 12.0, 13.0, 13.0, 13.0)",6747935039.999997,1,-26.29012093577365,1.0,1.0,3.8224828803368535e-12,1.481934834986201e-10,1.481934834766588e-10
569,"(2.0, 2.0, 9.0, 11.0, 12.0, 13.0, 13.0, 14.0)",20243805119.999992,1,-26.21348730642296,1.0,1.0,4.126930083992177e-12,4.9397827832873364e-11,4.939782783043322e-11
570,"(2.0, 2.0, 9.0, 12.0, 12.0, 13.0, 13.0, 13.0)",2499235199.9999995,1,-26.375832412851885,1.0,1.0,3.508500376695234e-12,4.001224054462742e-10,4.0012240528617623e-10
571,"(2.0, 3.0, 3.0, 3.0, 9.0, 9.0, 12.0, 13.0)",4995224639.999998,1,-26.17653823500134,1.0,1.0,4.282268450247703e-12,2.0019119700690786e-10,2.0019119696683135e-10
572,"(2.0, 3.0, 3.0, 3.0, 9.0, 9.0, 13.0, 13.0)",2497612319.999999,1,-26.06165186168915,1.0,1.0,4.80361737674223e-12,4.003823940138157e-10,4.0038239385350966e-10
573,"(2.0, 3.0, 3.0, 3.0, 9.0, 11.0, 12.0, 13.0)",9990449279.999996,1,-25.83211260291487,1.0,1.0,6.043047955228099e-12,1.0009559850345393e-10,1.000955984934348e-10
574,"(2.0, 3.0, 3.0, 3.0, 9.0, 12.0, 12.0, 13.0)",4070183040.0,1,-25.917824079993103,1.0,1.0,5.54666605215423e-12,2.4568919632665955e-10,2.4568919626629636e-10
575,"(2.0, 3.0, 3.0, 3.0, 9.0, 12.0, 13.0, 13.0)",4070183040.0,1,-25.802937706680915,1.0,1.0,6.221950291223123e-12,2.4568919632665955e-10,2.4568919626629636e-10
576,"(2.0, 3.0, 3.0, 3.0, 9.0, 12.0, 13.0, 14.0)",8140366079.999999,1,-25.726304077330227,1.0,1.0,6.717506563610739e-12,1.228445981633298e-10,1.22844598148239e-10
577,"(2.0, 3.0, 3.0, 3.0, 11.0, 12.0, 13.0, 13.0)",4070183040.0,1,-25.458512074594445,1.0,1.0,8.780286528447757e-12,2.4568919632665955e-10,2.4568919626629636e-10
578,"(2.0, 3.0, 3.0, 3.0, 12.0, 13.0, 13.0, 13.0)",1017545760.0,1,-25.42933717836049,1.0,1.0,9.040223861774058e-12,9.827567853066382e-10,9.827567843408273e-10
579,"(2.0, 3.0, 3.0, 4.0, 7.0, 9.0, 12.0, 13.0)",40085136000.0,1,-25.90727228776383,2.0,4.0,5.605503192631404e-12,4.9893806023260094e-11,9.97876120440308e-11
580,"(2.0, 3.0, 3.0, 4.0, 8.0, 9.0, 11.0, 12.0)",48938722560.00001,1,-25.79765441793569,1.0,1.0,6.2549096413854316e-12,2.0433716854255378e-11,2.0433716853837843e-11
581,"(2.0, 3.0, 3.0, 4.0, 8.0, 9.0, 12.0, 13.0)",43291946879.99999,6,-25.76847952170173,8.0,12.0,6.440084069020691e-12,1.847918741602226e-10,2.771878112061859e-10
582,"(2.0, 3.0, 3.0, 4.0, 9.0, 9.0, 11.0, 12.0)",24469361280.000004,1,-26.44251453707018,1.0,1.0,3.2821758745892977e-12,4.0867433708510757e-11,4.086743370684061e-11
583,"(2.0, 3.0, 3.0, 4.0, 9.0, 9.0, 12.0, 13.0)",21645973440.0,1,-26.413339640836227,1.0,1.0,3.3793435514736974e-12,4.619796854005564e-11,4.6197968537921384e-11
584,"(2.0, 3.0, 3.0, 4.0, 9.0, 11.0, 12.0, 13.0)",43291946879.99999,2,-26.06891400874976,2.0,2.0,4.768859163316829e-12,4.619796854005565e-11,4.61979685379214e-11
585,"(2.0, 3.0, 3.0, 4.0, 9.0, 12.0, 12.0, 13.0)",17637459840.000004,1,-26.154625485827992,1.0,1.0,4.3771403809215266e-12,5.669750684461373e-11,5.669750684139913e-11
586,"(2.0, 3.0, 3.0, 4.0, 9.0, 12.0, 13.0, 13.0)",17637459840.000004,3,-26.039739112515804,3.0,3.0,4.910039582646558e-12,1.7009252053384118e-10,1.7009252050490971e-10
587,"(2.0, 3.0, 3.0, 6.0, 6.0, 9.0, 12.0, 13.0)",20042568000.0,3,-26.07572576530412,3.0,3.0,4.736485242467195e-12,1.4968141806978028e-10,1.4968141804737576e-10
588,"(2.0, 3.0, 3.0, 6.0, 7.0, 9.0, 12.0, 13.0)",40085136000.0,1,-25.87174529928092,1.0,1.0,5.808229647778776e-12,2.4946903011630047e-11,2.49469030110077e-11
589,"(2.0, 3.0, 3.0, 6.0, 8.0, 9.0, 12.0, 13.0)",43291946879.99999,4,-25.73295253321882,5.0,7.0,6.672993652567061e-12,1.1549492135013913e-10,1.616928898768557e-10
590,"(2.0, 3.0, 3.0, 6.0, 9.0, 9.0, 12.0, 13.0)",21645973440.0,2,-26.37781265235332,2.0,2.0,3.501559580146357e-12,9.239593708011128e-11,9.239593707157427e-11
591,"(2.0, 3.0, 3.0, 6.0, 9.0, 9.0, 13.0, 13.0)",10822986719.999998,1,-26.262926279041125,1.0,1.0,3.9278603479229434e-12,9.23959370801113e-11,9.23959370715743e-11
592,"(2.0, 3.0, 3.0, 6.0, 9.0, 11.0, 12.0, 13.0)",43291946879.99999,5,-26.03338702026685,7.0,11.0,4.941327874876414e-12,1.6169288989019479e-10,2.5408882694416146e-10
593,"(2.0, 3.0, 3.0, 6.0, 9.0, 12.0, 13.0, 13.0)",17637459840.000004,3,-26.00421212403289,4.0,6.0,5.0876141705143865e-12,2.2679002737845493e-10,3.4018504101624864e-10
594,"(2.0, 3.0, 3.0, 6.0, 9.0, 12.0, 13.0, 14.0)",35274919680.00001,1,-25.92757849468221,1.0,1.0,5.4928245942046505e-12,2.8348753422306866e-11,2.8348753421503215e-11
595,"(2.0, 3.0, 3.0, 6.0, 9.0, 13.0, 13.0, 14.0)",17637459840.000004,1,-25.812692121370013,1.0,1.0,6.1615538527465506e-12,5.669750684461373e-11,5.669750684139913e-11
596,"(2.0, 3.0, 3.0, 7.0, 7.0, 9.0, 12.0, 13.0)",20042568000.0,2,-25.667764833257724,2.0,2.0,7.122482160160537e-12,9.978761204652019e-11,9.978761203656263e-11
597,"(2.0, 3.0, 3.0, 7.0, 8.0, 8.0, 12.0, 14.0)",21645973440.0,1,-24.807478318710444,1.0,1.0,1.6836393063059715e-11,4.619796854005564e-11,4.6197968537921384e-11
598,"(2.0, 3.0, 3.0, 7.0, 8.0, 9.0, 13.0, 14.0)",43291946879.99999,1,-25.337452064532748,1.0,1.0,9.910244810287954e-12,2.3098984270027826e-11,2.3098984269494262e-11
599,"(2.0, 3.0, 3.0, 7.0, 8.0, 11.0, 12.0, 13.0)",43291946879.99999,1,-25.184546435109155,1.0,1.0,1.1547566022982692e-11,2.3098984270027826e-11,2.3098984269494262e-11
600,"(2.0, 3.0, 3.0, 7.0, 8.0, 12.0, 13.0, 13.0)",17637459840.000004,1,-25.1553715388752,1.0,1.0,1.188942770468275e-11,5.669750684461373e-11,5.669750684139913e-11
601,"(2.0, 3.0, 3.0, 7.0, 9.0, 9.0, 11.0, 13.0)",24469361280.000004,1,-26.08812070925188,2.0,4.0,4.6781391188402675e-12,8.173486741702151e-11,1.6346973482736243e-10
602,"(2.0, 3.0, 3.0, 7.0, 9.0, 9.0, 12.0, 13.0)",21645973440.0,2,-26.17383218633012,4.0,10.0,4.293872170131803e-12,1.8479187416022256e-10,4.6197968536640837e-10
603,"(2.0, 3.0, 3.0, 7.0, 9.0, 9.0, 12.0, 14.0)",21645973440.0,1,-26.09719855697944,1.0,1.0,4.6358638587733625e-12,4.619796854005564e-11,4.6197968537921384e-11
604,"(2.0, 3.0, 3.0, 7.0, 9.0, 9.0, 13.0, 14.0)",21645973440.0,1,-25.982312183667243,1.0,1.0,5.20026160128449e-12,4.619796854005564e-11,4.6197968537921384e-11
605,"(2.0, 3.0, 3.0, 7.0, 9.0, 11.0, 12.0, 13.0)",43291946879.99999,1,-25.82940655424365,2.0,4.0,6.059422882800562e-12,4.619796854005565e-11,9.239593707797705e-11
606,"(2.0, 3.0, 3.0, 7.0, 9.0, 12.0, 12.0, 13.0)",17637459840.000004,1,-25.91511803132189,1.0,1.0,5.561695927069251e-12,5.669750684461373e-11,5.669750684139913e-11
607,"(2.0, 3.0, 3.0, 7.0, 9.0, 12.0, 13.0, 13.0)",17637459840.000004,2,-25.800231658009693,2.0,2.0,6.238809992839462e-12,1.1339501368922746e-10,1.1339501367636903e-10
608,"(2.0, 3.0, 3.0, 7.0, 9.0, 12.0, 13.0, 14.0)",35274919680.00001,1,-25.72359802865901,1.0,1.0,6.735709080662007e-12,2.8348753422306866e-11,2.8348753421503215e-11
609,"(2.0, 3.0, 3.0, 7.0, 11.0, 12.0, 13.0, 13.0)",17637459840.000004,1,-25.455806025923227,1.0,1.0,8.804078587857847e-12,5.669750684461373e-11,5.669750684139913e-11
610,"(2.0, 3.0, 3.0, 8.0, 8.0, 9.0, 12.0, 13.0)",21645973440.0,3,-25.390179301133525,3.0,3.0,9.401242061931443e-12,1.3859390562016694e-10,1.3859390560095867e-10
611,"(2.0, 3.0, 3.0, 8.0, 8.0, 12.0, 13.0, 13.0)",9157911839.999996,2,-25.01657877281309,3.0,5.0,1.3659596885316825e-11,3.2758559510221287e-10,5.459759917297091e-10
612,"(2.0, 3.0, 3.0, 8.0, 9.0, 9.0, 12.0, 13.0)",21645973440.0,3,-26.03503942026802,5.0,11.0,4.933169566940514e-12,2.309898427002782e-10,5.081776538872557e-10
613,"(2.0, 3.0, 3.0, 8.0, 9.0, 9.0, 13.0, 13.0)",10822986720.0,1,-25.920153046955832,1.0,1.0,5.533763081294137e-12,9.239593708011128e-11,9.239593707157427e-11
614,"(2.0, 3.0, 3.0, 8.0, 9.0, 9.0, 13.0, 14.0)",21645973440.0,1,-25.843519417605144,1.0,1.0,5.9745076833059354e-12,4.619796854005564e-11,4.6197968537921384e-11
615,"(2.0, 3.0, 3.0, 8.0, 9.0, 11.0, 12.0, 13.0)",43291946880.0,2,-25.69061378818155,2.0,2.0,6.9615860403541376e-12,4.619796854005564e-11,4.6197968537921384e-11
616,"(2.0, 3.0, 3.0, 8.0, 9.0, 12.0, 12.0, 13.0)",18315823679.999992,4,-25.776325265259786,7.0,15.0,6.389754515480358e-12,3.82183194285915e-10,8.189639876094682e-10
617,"(2.0, 3.0, 3.0, 8.0, 9.0, 12.0, 13.0, 13.0)",18315823679.999992,4,-25.6614388919476,4.0,4.0,7.167681377355736e-12,2.1839039673480858e-10,2.1839039668711423e-10
618,"(2.0, 3.0, 3.0, 8.0, 9.0, 12.0, 13.0, 14.0)",36631647359.99999,3,-25.58480526259691,3.0,3.0,7.738561776389983e-12,8.18963987755532e-11,8.189639876884618e-11
619,"(2.0, 3.0, 3.0, 8.0, 9.0, 13.0, 13.0, 13.0)",6105274559.999997,1,-25.546552518635405,1.0,1.0,8.040317699659004e-12,1.6379279755110644e-10,1.6379279752427836e-10
620,"(2.0, 3.0, 3.0, 8.0, 9.0, 13.0, 13.0, 14.0)",18315823679.999992,1,-25.46991888928472,1.0,1.0,8.680700486656766e-12,5.4597599183702145e-11,5.4597599180721245e-11
621,"(2.0, 3.0, 3.0, 8.0, 12.0, 13.0, 13.0, 13.0)",4748546879.999999,2,-25.287838363627174,2.0,2.0,1.0414330103628503e-11,4.2118147941713076e-10,4.211814792397369e-10
622,"(2.0, 3.0, 3.0, 9.0, 9.0, 9.0, 13.0, 13.0)",3607662240.0,2,-26.565013166090324,3.0,5.0,2.9037643583119105e-12,8.315634337210015e-10,1.3859390555101714e-09
623,"(2.0, 3.0, 3.0, 9.0, 9.0, 11.0, 12.0, 13.0)",21645973440.0,1,-26.33547390731605,1.0,1.0,3.652994377304362e-12,4.619796854005564e-11,4.6197968537921384e-11
624,"(2.0, 3.0, 3.0, 9.0, 9.0, 11.0, 13.0, 14.0)",21645973440.0,1,-26.14395390465317,1.0,1.0,4.42410151893762e-12,4.619796854005564e-11,4.6197968537921384e-11
625,"(2.0, 3.0, 3.0, 9.0, 9.0, 12.0, 12.0, 13.0)",9157911839.999996,2,-26.421185384394285,2.0,2.0,3.3529338260132317e-12,2.1839039673480858e-10,2.1839039668711423e-10
626,"(2.0, 3.0, 3.0, 9.0, 9.0, 12.0, 13.0, 13.0)",9157911839.999996,21,-26.30629901108209,23.0,27.0,3.761140007178307e-12,2.5114895624502985e-09,2.948270349612336e-09
627,"(2.0, 3.0, 3.0, 9.0, 9.0, 12.0, 13.0, 14.0)",18315823679.999992,4,-26.229665381731408,5.0,7.0,4.06070146856032e-12,2.7298799591851073e-10,3.8218319421139256e-10
628,"(2.0, 3.0, 3.0, 9.0, 9.0, 13.0, 13.0, 14.0)",9157911839.999996,1,-26.11477900841921,1.0,1.0,4.555075507938076e-12,1.0919519836740429e-10,1.091951983554807e-10
629,"(2.0, 3.0, 3.0, 9.0, 11.0, 11.0, 12.0, 13.0)",21645973440.0,3,-25.99104827522958,3.0,3.0,5.155029503335306e-12,1.3859390562016694e-10,1.3859390560095867e-10
630,"(2.0, 3.0, 3.0, 9.0, 11.0, 12.0, 13.0, 13.0)",18315823679.999992,6,-25.961873378995623,9.0,17.0,5.307642361466308e-12,4.913783926533193e-10,9.281591858814838e-10
631,"(2.0, 3.0, 3.0, 9.0, 11.0, 12.0, 13.0, 14.0)",36631647359.99999,3,-25.88523974964494,4.0,6.0,5.7303772501594905e-12,1.0919519836740427e-10,1.637927975391828e-10
632,"(2.0, 3.0, 3.0, 9.0, 12.0, 12.0, 13.0, 13.0)",7122820319.999999,3,-26.04758485607386,5.0,9.0,4.871667397219845e-12,7.019691323618845e-10,1.2635444377586316e-09
633,"(2.0, 3.0, 3.0, 9.0, 12.0, 13.0, 13.0, 13.0)",4748546879.999999,2,-25.932698482761666,2.0,2.0,5.464773270260618e-12,4.2118147941713076e-10,4.211814792397369e-10
634,"(2.0, 3.0, 3.0, 9.0, 12.0, 13.0, 13.0, 14.0)",14245640639.999998,6,-25.85606485341098,7.0,9.0,5.900023078519909e-12,4.913783926533192e-10,6.317722188842434e-10
635,"(2.0, 3.0, 4.0, 4.0, 4.0, 9.0, 12.0, 13.0)",16877952000.0,1,-26.38358114810483,2.0,4.0,3.481418994873955e-12,1.1849778930524271e-10,2.3699557859644373e-10
636,"(2.0, 3.0, 4.0, 4.0, 6.0, 9.0, 13.0, 13.0)",25316928000.0,1,-26.23316778630973,1.0,1.0,4.046504126077337e-12,3.949926310174757e-11,3.949926310018738e-11
637,"(2.0, 3.0, 4.0, 4.0, 7.0, 9.0, 12.0, 13.0)",50633856000.0,1,-26.14407369359872,1.0,1.0,4.4235715922219735e-12,1.9749631550873786e-11,1.9749631550483738e-11
638,"(2.0, 3.0, 4.0, 4.0, 8.0, 9.0, 12.0, 13.0)",56963087999.99999,1,-26.00528092753662,1.0,1.0,5.082179415523258e-12,1.7555228045221147e-11,1.755522804491296e-11
639,"(2.0, 3.0, 4.0, 4.0, 9.0, 11.0, 13.0, 13.0)",28481543999.999992,1,-26.19082904127246,2.0,4.0,4.221506583555424e-12,7.02209121808846e-11,1.4044182435683822e-10
640,"(2.0, 3.0, 4.0, 4.0, 9.0, 12.0, 13.0, 13.0)",23207184000.000004,2,-26.276540518350693,2.0,2.0,3.874747880445809e-12,8.618021040381287e-11,8.618021039638584e-11
641,"(2.0, 3.0, 4.0, 4.0, 9.0, 12.0, 13.0, 14.0)",46414368000.00001,2,-26.199906889000005,2.0,2.0,4.183357805983815e-12,4.309010520190644e-11,4.309010520004968e-11
642,"(2.0, 3.0, 4.0, 6.0, 8.0, 9.0, 13.0, 13.0)",56963087999.99999,1,-25.85486756574152,1.0,1.0,5.907091333924505e-12,1.7555228045221147e-11,1.755522804491296e-11
643,"(2.0, 3.0, 4.0, 6.0, 9.0, 9.0, 12.0, 14.0)",56963087999.99999,1,-26.53798042883752,2.0,4.0,2.983331673026374e-12,3.5110456090442294e-11,7.022091217965184e-11
644,"(2.0, 3.0, 4.0, 6.0, 9.0, 11.0, 12.0, 13.0)",113926175999.99995,3,-26.27018842610174,4.0,6.0,3.899438973452245e-12,3.51104560904423e-11,5.2665684134430705e-11
645,"(2.0, 3.0, 4.0, 6.0, 9.0, 11.0, 13.0, 14.0)",113926175999.99995,1,-26.07866842343886,1.0,1.0,4.722567872711856e-12,8.777614022610575e-12,8.77761402253353e-12
646,"(2.0, 3.0, 4.0, 6.0, 9.0, 12.0, 12.0, 13.0)",46414368000.00001,1,-26.35589990317997,1.0,1.0,3.579135220626988e-12,2.154505260095322e-11,2.1545052600489028e-11
647,"(2.0, 3.0, 4.0, 6.0, 9.0, 12.0, 13.0, 13.0)",46414368000.00001,1,-26.24101352986778,1.0,1.0,4.014880510006209e-12,2.154505260095322e-11,2.1545052600489028e-11
648,"(2.0, 3.0, 4.0, 6.0, 11.0, 12.0, 13.0, 13.0)",46414368000.00001,1,-25.89658789778132,1.0,1.0,5.665715668777022e-12,2.154505260095322e-11,2.1545052600489028e-11
649,"(2.0, 3.0, 4.0, 7.0, 7.0, 8.0, 9.0, 13.0)",59439743999.99997,1,-25.51842027496636,1.0,1.0,8.26972156972002e-12,1.6823760210003605e-11,1.6823760209720567e-11
650,"(2.0, 3.0, 4.0, 7.0, 7.0, 9.0, 12.0, 13.0)",50633856000.0,1,-25.90456623909261,1.0,1.0,5.6206924993300635e-12,1.9749631550873786e-11,1.9749631550483738e-11
651,"(2.0, 3.0, 4.0, 7.0, 8.0, 9.0, 12.0, 13.0)",113926175999.99995,1,-25.76577347303052,1.0,1.0,6.457534850641458e-12,8.777614022610575e-12,8.77761402253353e-12
652,"(2.0, 3.0, 4.0, 7.0, 9.0, 9.0, 12.0, 13.0)",56963087999.99999,3,-26.41063359216501,3.0,3.0,3.388500603727433e-12,5.266568413566344e-11,5.2665684132889765e-11
653,"(2.0, 3.0, 4.0, 7.0, 9.0, 11.0, 12.0, 13.0)",113926175999.99995,2,-26.06620796007854,2.0,2.0,4.781781404540338e-12,1.755522804522115e-11,1.7555228044912964e-11
654,"(2.0, 3.0, 4.0, 7.0, 9.0, 12.0, 12.0, 13.0)",46414368000.00001,4,-26.15191943715677,4.0,4.0,4.38900117654043e-12,8.618021040381287e-11,8.618021039638584e-11
655,"(2.0, 3.0, 4.0, 7.0, 9.0, 12.0, 13.0, 13.0)",46414368000.00001,3,-26.037033063844586,5.0,11.0,4.9233443823336436e-12,1.077252630047661e-10,2.369955785988807e-10
656,"(2.0, 3.0, 4.0, 7.0, 12.0, 13.0, 13.0, 14.0)",34810776000.00001,1,-25.58679890617347,1.0,1.0,7.723149211098472e-12,2.8726736801270957e-11,2.872673680044573e-11
657,"(2.0, 3.0, 4.0, 8.0, 8.0, 8.0, 12.0, 13.0)",19747203840.000004,1,-24.98212058783392,1.0,1.0,1.4138485229376446e-11,5.064008089967637e-11,5.0640080897111954e-11
658,"(2.0, 3.0, 4.0, 8.0, 8.0, 9.0, 12.0, 13.0)",59241611520.000015,2,-25.62698070696841,2.0,2.0,7.41897130152915e-12,3.3760053933117575e-11,3.3760053931977837e-11
659,"(2.0, 3.0, 4.0, 8.0, 9.0, 9.0, 12.0, 13.0)",59241611520.000015,3,-26.27184082610291,4.0,6.0,3.893000861121261e-12,6.752010786623515e-11,1.0128016179479376e-10
660,"(2.0, 3.0, 4.0, 8.0, 9.0, 9.0, 13.0, 13.0)",29620805760.000008,1,-26.15695445279072,1.0,1.0,4.366958027368146e-12,3.3760053933117575e-11,3.3760053931977837e-11
661,"(2.0, 3.0, 4.0, 8.0, 9.0, 11.0, 12.0, 13.0)",118483223040.00005,1,-25.92741519401644,1.0,1.0,5.493721649360692e-12,8.440013483279392e-12,8.440013483208158e-12
662,"(2.0, 3.0, 4.0, 8.0, 9.0, 11.0, 13.0, 14.0)",118483223040.00005,1,-25.735895191353563,1.0,1.0,6.653386176710231e-12,8.440013483279392e-12,8.440013483208158e-12
663,"(2.0, 3.0, 4.0, 8.0, 9.0, 12.0, 12.0, 13.0)",50127517439.99999,1,-26.013126671094675,1.0,1.0,5.042461949376259e-12,1.9949122778660395e-11,1.9949122778262428e-11
664,"(2.0, 3.0, 4.0, 8.0, 9.0, 12.0, 13.0, 13.0)",50127517439.99999,17,-25.89824029778249,23.0,37.0,5.656361370848694e-12,4.5882982390918907e-10,7.381175425999098e-10
665,"(2.0, 3.0, 4.0, 8.0, 9.0, 12.0, 13.0, 14.0)",100255034879.99998,3,-25.8216066684318,3.0,3.0,6.106870491786088e-12,2.992368416799059e-11,2.992368416709516e-11
666,"(2.0, 3.0, 4.0, 8.0, 9.0, 13.0, 13.0, 13.0)",16709172479.999998,1,-25.78335392447029,2.0,4.0,6.3450005729021735e-12,1.1969473667196236e-10,2.393894733295979e-10
667,"(2.0, 3.0, 4.0, 8.0, 11.0, 12.0, 13.0, 13.0)",50127517439.99999,2,-25.553814665696017,3.0,5.0,7.982139236077395e-12,5.984736833598118e-11,9.974561388972026e-11
668,"(2.0, 3.0, 4.0, 9.0, 9.0, 9.0, 12.0, 13.0)",19747203840.000004,2,-26.9167009452374,2.0,2.0,2.042797456510884e-12,1.0128016179935274e-10,1.0128016178909507e-10
669,"(2.0, 3.0, 4.0, 9.0, 9.0, 9.0, 13.0, 13.0)",9873601920.000002,1,-26.801814571925213,1.0,1.0,2.2914998144716734e-12,1.0128016179935274e-10,1.0128016178909507e-10
670,"(2.0, 3.0, 4.0, 9.0, 9.0, 11.0, 12.0, 12.0)",29620805760.000008,2,-26.687161686463128,2.0,2.0,2.5698805763096077e-12,6.752010786623515e-11,6.752010786167618e-11
671,"(2.0, 3.0, 4.0, 9.0, 9.0, 11.0, 12.0, 13.0)",59241611520.000015,1,-26.572275313150936,1.0,1.0,2.8827531799878513e-12,1.6880026966558788e-11,1.6880026966273853e-11
672,"(2.0, 3.0, 4.0, 9.0, 9.0, 12.0, 12.0, 13.0)",25063758720.0,8,-26.65798679022917,9.0,11.0,2.645960998264944e-12,3.5908421001588704e-10,4.388807010015871e-10
673,"(2.0, 3.0, 4.0, 9.0, 9.0, 12.0, 13.0, 13.0)",25063758720.0,17,-26.54310041691697,18.0,20.0,2.968096086716056e-12,7.181684200317741e-10,7.979649106306497e-10
674,"(2.0, 3.0, 4.0, 9.0, 9.0, 12.0, 13.0, 14.0)",50127517439.99999,1,-26.466466787566297,1.0,1.0,3.2044944126390127e-12,1.9949122778660395e-11,1.9949122778262428e-11
675,"(2.0, 3.0, 4.0, 9.0, 9.0, 13.0, 13.0, 14.0)",25063758720.0,1,-26.3515804142541,3.0,9.0,3.59462869342903e-12,1.1969473667196234e-10,3.590842100015602e-10
676,"(2.0, 3.0, 4.0, 9.0, 11.0, 11.0, 12.0, 13.0)",59241611520.000015,2,-26.22784968106447,2.0,2.0,4.068081184575233e-12,3.3760053933117575e-11,3.3760053931977837e-11
677,"(2.0, 3.0, 4.0, 9.0, 11.0, 12.0, 12.0, 13.0)",50127517439.99999,1,-26.313561158142704,1.0,1.0,3.733924994649345e-12,1.9949122778660395e-11,1.9949122778262428e-11
678,"(2.0, 3.0, 4.0, 9.0, 11.0, 12.0, 13.0, 13.0)",50127517439.99999,13,-26.19867478483051,14.0,16.0,4.1885153152209195e-12,2.792877189012455e-10,3.191859643805647e-10
679,"(2.0, 3.0, 4.0, 9.0, 12.0, 12.0, 13.0, 13.0)",19494034560.000004,3,-26.284386261908747,5.0,11.0,3.844466547342987e-12,2.5648872143991925e-10,5.642751871020359e-10
680,"(2.0, 3.0, 4.0, 9.0, 12.0, 13.0, 13.0, 13.0)",12996023040.000002,1,-26.169499888596555,1.0,1.0,4.312514856478188e-12,7.694661643197578e-11,7.6946616426055e-11
681,"(2.0, 3.0, 4.0, 9.0, 12.0, 13.0, 14.0, 14.0)",38988069120.00001,1,-26.016232629895185,1.0,1.0,5.026824567411543e-12,2.5648872143991925e-11,2.564887214333406e-11
682,"(2.0, 3.0, 4.0, 9.0, 13.0, 13.0, 14.0, 14.0)",19494034560.000004,1,-25.90134625658299,1.0,1.0,5.638820200647684e-12,5.129774428798385e-11,5.1297744285352396e-11
683,"(2.0, 3.0, 6.0, 6.0, 7.0, 9.0, 12.0, 13.0)",50633856000.0,1,-26.0730197166329,1.0,1.0,4.749319759645971e-12,1.9749631550873786e-11,1.9749631550483738e-11
684,"(2.0, 3.0, 6.0, 6.0, 8.0, 9.0, 12.0, 13.0)",56963087999.99999,3,-25.9342269505708,4.0,6.0,5.45642692042124e-12,7.022091218088459e-11,1.053313682663959e-10
685,"(2.0, 3.0, 6.0, 6.0, 9.0, 9.0, 9.0, 13.0)",10732176000.0,1,-26.83780122471353,1.0,1.0,2.210502557397139e-12,9.317774885540453e-11,9.317774884672244e-11
686,"(2.0, 3.0, 6.0, 6.0, 9.0, 9.0, 13.0, 13.0)",14240771999.999996,1,-26.464200696393103,1.0,1.0,3.2117643231710686e-12,7.02209121808846e-11,7.022091217595362e-11
687,"(2.0, 3.0, 6.0, 6.0, 9.0, 11.0, 13.0, 13.0)",28481543999.999992,1,-26.11977506430664,1.0,1.0,4.532374850224689e-12,3.51104560904423e-11,3.5110456089209555e-11
688,"(2.0, 3.0, 6.0, 6.0, 9.0, 12.0, 13.0, 13.0)",23207184000.000004,1,-26.20548654138487,1.0,1.0,4.1600811219162465e-12,4.309010520190644e-11,4.309010520004968e-11
689,"(2.0, 3.0, 6.0, 6.0, 9.0, 12.0, 13.0, 14.0)",46414368000.00001,1,-26.128852912034183,2.0,4.0,4.491416828103903e-12,4.309010520190644e-11,8.618021040195611e-11
690,"(2.0, 3.0, 6.0, 7.0, 8.0, 9.0, 12.0, 13.0)",113926175999.99995,2,-25.7302464845476,3.0,5.0,6.69107555239013e-12,2.6332842067831725e-11,4.388807011235946e-11
691,"(2.0, 3.0, 6.0, 7.0, 8.0, 9.0, 13.0, 14.0)",113926175999.99995,1,-25.538726481884723,1.0,1.0,8.103488387107652e-12,8.777614022610575e-12,8.77761402253353e-12
692,"(2.0, 3.0, 6.0, 7.0, 9.0, 9.0, 12.0, 13.0)",56963087999.99999,2,-26.3751066036821,2.0,2.0,3.5110478028016204e-12,3.5110456090442294e-11,3.511045608920955e-11
693,"(2.0, 3.0, 6.0, 7.0, 9.0, 9.0, 12.0, 14.0)",56963087999.99999,2,-26.29847297433141,2.0,2.0,3.790690307143947e-12,3.5110456090442294e-11,3.511045608920955e-11
694,"(2.0, 3.0, 6.0, 7.0, 9.0, 9.0, 13.0, 13.0)",28481543999.999992,1,-26.260220230369907,1.0,1.0,3.938503723449418e-12,3.51104560904423e-11,3.5110456089209555e-11
695,"(2.0, 3.0, 6.0, 7.0, 9.0, 11.0, 12.0, 13.0)",113926175999.99995,1,-26.03068097159563,1.0,1.0,4.954717456865914e-12,8.777614022610575e-12,8.77761402253353e-12
696,"(2.0, 3.0, 6.0, 7.0, 9.0, 11.0, 13.0, 14.0)",113926175999.99995,1,-25.839160968932752,1.0,1.0,6.000604097015504e-12,8.777614022610575e-12,8.77761402253353e-12
697,"(2.0, 3.0, 6.0, 7.0, 9.0, 12.0, 13.0, 13.0)",46414368000.00001,4,-26.001506075361675,5.0,7.0,5.101400146428515e-12,1.077252630047661e-10,1.5081536819506782e-10
698,"(2.0, 3.0, 6.0, 7.0, 9.0, 12.0, 13.0, 14.0)",92828736000.00002,2,-25.924872446010987,4.0,10.0,5.5077085742036256e-12,4.309010520190644e-11,1.0772526300290933e-10
699,"(2.0, 3.0, 6.0, 7.0, 9.0, 13.0, 13.0, 13.0)",15471456000.000002,1,-25.88661970204948,1.0,1.0,5.7224750558742e-12,6.463515780285965e-11,6.463515779868195e-11
700,"(2.0, 3.0, 6.0, 8.0, 8.0, 8.0, 9.0, 13.0)",21464352000.0,1,-25.20530775435924,1.0,1.0,1.1310294871844723e-11,4.6588874427702266e-11,4.6588874425531744e-11
701,"(2.0, 3.0, 6.0, 8.0, 8.0, 9.0, 12.0, 13.0)",59241611520.000015,2,-25.591453718485504,2.0,2.0,7.68728294120068e-12,3.3760053933117575e-11,3.3760053931977837e-11
702,"(2.0, 3.0, 6.0, 8.0, 9.0, 9.0, 12.0, 13.0)",59241611520.000015,5,-26.23631383762,8.0,14.0,4.033793620903867e-12,1.350402157324703e-10,2.3632037751358716e-10
703,"(2.0, 3.0, 6.0, 8.0, 9.0, 9.0, 13.0, 13.0)",29620805760.000008,1,-26.121427464307807,1.0,1.0,4.524891738266669e-12,3.3760053933117575e-11,3.3760053931977837e-11
704,"(2.0, 3.0, 6.0, 8.0, 9.0, 9.0, 13.0, 14.0)",59241611520.000015,1,-26.04479383495712,2.0,4.0,4.885283316119045e-12,3.3760053933117575e-11,6.752010786509541e-11
705,"(2.0, 3.0, 6.0, 8.0, 9.0, 11.0, 12.0, 13.0)",118483223040.00005,2,-25.89188820553353,3.0,5.0,5.692405456553111e-12,2.5320040449838178e-11,4.220006741575586e-11
706,"(2.0, 3.0, 6.0, 8.0, 9.0, 11.0, 13.0, 13.0)",59241611520.000015,1,-25.777001832221337,1.0,1.0,6.3854328807852336e-12,1.6880026966558788e-11,1.6880026966273853e-11
707,"(2.0, 3.0, 6.0, 8.0, 9.0, 12.0, 12.0, 13.0)",50127517439.99999,3,-25.977599682611768,3.0,3.0,5.224825673217541e-12,5.984736833598118e-11,5.984736833239948e-11
708,"(2.0, 3.0, 6.0, 8.0, 9.0, 12.0, 13.0, 13.0)",50127517439.99999,9,-25.86271330929957,11.0,17.0,5.860927143151242e-12,2.1944035056526434e-10,3.3913508718907265e-10
709,"(2.0, 3.0, 6.0, 8.0, 9.0, 12.0, 13.0, 14.0)",100255034879.99998,1,-25.78607967994889,2.0,4.0,6.327729202288885e-12,1.9949122778660395e-11,3.9898245556922826e-11
710,"(2.0, 3.0, 6.0, 8.0, 11.0, 12.0, 13.0, 13.0)",50127517439.99999,2,-25.518287677213102,3.0,5.0,8.270818188923242e-12,5.984736833598118e-11,9.974561388972026e-11
711,"(2.0, 3.0, 6.0, 8.0, 11.0, 13.0, 13.0, 14.0)",50127517439.99999,1,-25.326767674550226,1.0,1.0,1.0016697408517084e-11,1.9949122778660395e-11,1.9949122778262428e-11
712,"(2.0, 3.0, 6.0, 9.0, 9.0, 9.0, 12.0, 13.0)",19747203840.000004,2,-26.88117395675449,2.0,2.0,2.1166764773072513e-12,1.0128016179935274e-10,1.0128016178909507e-10
713,"(2.0, 3.0, 6.0, 9.0, 9.0, 9.0, 13.0, 14.0)",19747203840.000004,1,-26.68965395409161,1.0,1.0,2.5634837207892904e-12,5.064008089967637e-11,5.0640080897111954e-11
714,"(2.0, 3.0, 6.0, 9.0, 9.0, 11.0, 12.0, 12.0)",29620805760.000008,1,-26.651634697980214,1.0,1.0,2.662821880860506e-12,3.3760053933117575e-11,3.3760053931977837e-11
715,"(2.0, 3.0, 6.0, 9.0, 9.0, 11.0, 12.0, 13.0)",59241611520.000015,5,-26.536748324668025,6.0,8.0,2.9870097138191007e-12,1.0128016179935273e-10,1.3504021572221264e-10
716,"(2.0, 3.0, 6.0, 9.0, 9.0, 11.0, 12.0, 14.0)",59241611520.000015,1,-26.460114695317337,1.0,1.0,3.2249144430571104e-12,1.6880026966558788e-11,1.6880026966273853e-11
717,"(2.0, 3.0, 6.0, 9.0, 9.0, 12.0, 13.0, 13.0)",25063758720.0,22,-26.50757342843407,26.0,34.0,3.0754390990235896e-12,1.0373543844903402e-09,1.3565403478728025e-09
718,"(2.0, 3.0, 6.0, 9.0, 9.0, 12.0, 13.0, 14.0)",50127517439.99999,2,-26.430939799083383,2.0,2.0,3.320386915147601e-12,3.989824555732079e-11,3.989824555572892e-11
719,"(2.0, 3.0, 6.0, 9.0, 9.0, 13.0, 13.0, 14.0)",25063758720.0,1,-26.31605342577119,1.0,1.0,3.724630641077161e-12,3.9898245557320784e-11,3.9898245555728913e-11
720,"(2.0, 3.0, 6.0, 9.0, 11.0, 12.0, 12.0, 13.0)",50127517439.99999,5,-26.27803416965979,7.0,11.0,3.868964678320663e-12,1.3964385945062275e-10,2.1944035054576395e-10
721,"(2.0, 3.0, 6.0, 9.0, 11.0, 12.0, 13.0, 13.0)",50127517439.99999,10,-26.1631477963476,13.0,21.0,4.339995536176164e-12,2.593385961225851e-10,4.1893157828461174e-10
722,"(2.0, 3.0, 6.0, 9.0, 11.0, 12.0, 13.0, 14.0)",100255034879.99998,2,-26.08651416699692,2.0,2.0,4.685660787330614e-12,1.9949122778660395e-11,1.9949122778262428e-11
723,"(2.0, 3.0, 6.0, 9.0, 12.0, 12.0, 13.0, 13.0)",19494034560.000004,2,-26.24885927342584,2.0,2.0,3.983504033950779e-12,1.025954885759677e-10,1.0259548856544187e-10
724,"(2.0, 3.0, 6.0, 9.0, 12.0, 12.0, 13.0, 14.0)",38988069120.00001,2,-26.172225644075148,2.0,2.0,4.300776001373989e-12,5.129774428798385e-11,5.1297744285352396e-11
725,"(2.0, 3.0, 6.0, 9.0, 12.0, 13.0, 13.0, 13.0)",12996023040.000002,3,-26.133972900113644,3.0,3.0,4.468479596766525e-12,2.3083984929592734e-10,2.308398492426403e-10
726,"(2.0, 3.0, 6.0, 9.0, 12.0, 13.0, 13.0, 14.0)",38988069120.00001,7,-26.05733927076296,8.0,10.0,4.824378147633656e-12,2.051909771519354e-10,2.564887213978159e-10
727,"(2.0, 3.0, 6.0, 9.0, 12.0, 13.0, 14.0, 14.0)",38988069120.00001,1,-25.98070564141227,2.0,4.0,5.208622755759516e-12,5.129774428798385e-11,1.0259548857333625e-10
728,"(2.0, 3.0, 6.0, 11.0, 12.0, 13.0, 13.0, 13.0)",12996023040.000002,1,-25.78954726802717,2.0,4.0,6.305825242846826e-12,1.5389323286395156e-10,3.0778646570422e-10
729,"(2.0, 3.0, 7.0, 7.0, 7.0, 9.0, 12.0, 13.0)",16877952000.0,1,-25.665058784586503,1.0,1.0,7.1417820449824075e-12,5.924889465262136e-11,5.924889464911093e-11
730,"(2.0, 3.0, 7.0, 7.0, 8.0, 9.0, 11.0, 13.0)",64393056000.0,1,-25.44055454144617,1.0,1.0,8.939383029845046e-12,1.552962480923409e-11,1.552962480899292e-11
731,"(2.0, 3.0, 7.0, 7.0, 9.0, 9.0, 12.0, 13.0)",28481543999.999992,2,-26.171126137658906,3.0,5.0,4.305507332770286e-12,1.0533136827132689e-10,1.7555228044111678e-10
732,"(2.0, 3.0, 7.0, 7.0, 9.0, 11.0, 12.0, 13.0)",56963087999.99999,1,-25.82670050557244,1.0,1.0,6.075842181732433e-12,1.7555228045221147e-11,1.755522804491296e-11
733,"(2.0, 3.0, 7.0, 7.0, 9.0, 11.0, 13.0, 13.0)",28481543999.999992,1,-25.71181413226024,2.0,4.0,6.815551482024771e-12,7.02209121808846e-11,1.4044182435683822e-10
734,"(2.0, 3.0, 7.0, 7.0, 9.0, 12.0, 13.0, 13.0)",23207184000.000004,4,-25.79752560933848,4.0,4.0,6.255715379413896e-12,1.7236042080762575e-10,1.7236042077791764e-10
735,"(2.0, 3.0, 7.0, 8.0, 8.0, 8.0, 9.0, 13.0)",21464352000.0,1,-25.001327288336043,3.0,9.0,1.3869522786805883e-11,1.397666232831068e-10,4.192998698297857e-10
736,"(2.0, 3.0, 7.0, 8.0, 9.0, 9.0, 11.0, 13.0)",64393056000.0,1,-25.946621894518564,1.0,1.0,5.3892122362486905e-12,1.552962480923409e-11,1.552962480899292e-11
737,"(2.0, 3.0, 7.0, 8.0, 9.0, 9.0, 12.0, 13.0)",59241611520.000015,4,-26.0323333715968,5.0,7.0,4.946537042254283e-12,8.440013483279394e-11,1.1816018875878812e-10
738,"(2.0, 3.0, 7.0, 8.0, 9.0, 9.0, 13.0, 13.0)",29620805760.000008,1,-25.91744699828461,2.0,4.0,5.548757992857114e-12,6.752010786623515e-11,1.3504021572791135e-10
739,"(2.0, 3.0, 7.0, 8.0, 9.0, 9.0, 13.0, 14.0)",59241611520.000015,2,-25.84081336893392,2.0,2.0,5.990696886390263e-12,3.3760053933117575e-11,3.3760053931977837e-11
740,"(2.0, 3.0, 7.0, 8.0, 9.0, 11.0, 12.0, 13.0)",118483223040.00005,7,-25.687907739510333,7.0,7.0,6.980449942816081e-12,5.908009438295574e-11,5.908009437946529e-11
741,"(2.0, 3.0, 7.0, 8.0, 9.0, 12.0, 12.0, 13.0)",50127517439.99999,2,-25.773619216588568,2.0,2.0,6.407068918439263e-12,3.989824555732079e-11,3.989824555572892e-11
742,"(2.0, 3.0, 7.0, 8.0, 9.0, 12.0, 13.0, 13.0)",50127517439.99999,14,-25.65873284327637,17.0,23.0,7.187103739098831e-12,3.391350872372267e-10,4.588298237941765e-10
743,"(2.0, 3.0, 7.0, 8.0, 9.0, 12.0, 13.0, 14.0)",100255034879.99998,7,-25.58209921392569,7.0,7.0,7.759531060357652e-12,6.982192972531137e-11,6.982192972043627e-11
744,"(2.0, 3.0, 7.0, 8.0, 9.0, 13.0, 13.0, 14.0)",50127517439.99999,1,-25.4672128406135,1.0,1.0,8.704222696442384e-12,1.9949122778660395e-11,1.9949122778262428e-11
745,"(2.0, 3.0, 7.0, 8.0, 9.0, 13.0, 14.0, 14.0)",50127517439.99999,1,-25.39057921126281,1.0,1.0,9.397483161664252e-12,1.9949122778660395e-11,1.9949122778262428e-11
746,"(2.0, 3.0, 7.0, 8.0, 11.0, 12.0, 13.0, 13.0)",50127517439.99999,2,-25.314307211189902,2.0,2.0,1.0142290951437426e-11,3.989824555732079e-11,3.989824555572892e-11
747,"(2.0, 3.0, 7.0, 8.0, 11.0, 12.0, 13.0, 14.0)",100255034879.99998,1,-25.23767358183922,2.0,4.0,1.0950088452560899e-11,1.9949122778660395e-11,3.9898245556922826e-11
748,"(2.0, 3.0, 7.0, 9.0, 9.0, 9.0, 13.0, 13.0)",9873601920.000002,1,-26.562307117419103,2.0,4.0,2.9116327272884935e-12,2.0256032359870548e-10,4.0512064715638026e-10
749,"(2.0, 3.0, 7.0, 9.0, 9.0, 11.0, 12.0, 13.0)",59241611520.000015,5,-26.33276785864483,6.0,8.0,3.662892944847468e-12,1.0128016179935273e-10,1.3504021572221264e-10
750,"(2.0, 3.0, 7.0, 9.0, 9.0, 12.0, 12.0, 13.0)",25063758720.0,4,-26.418479335723063,6.0,10.0,3.3620193154819694e-12,2.393894733439247e-10,3.989824555159005e-10
751,"(2.0, 3.0, 7.0, 9.0, 9.0, 12.0, 13.0, 13.0)",25063758720.0,32,-26.303592962410875,40.0,58.0,3.7713316183757785e-12,1.5959298222928312e-09,2.3140982397776134e-09
752,"(2.0, 3.0, 7.0, 9.0, 9.0, 12.0, 13.0, 14.0)",50127517439.99999,1,-26.226959333060183,1.0,1.0,4.071704805441623e-12,1.9949122778660395e-11,1.9949122778262428e-11
753,"(2.0, 3.0, 7.0, 9.0, 9.0, 13.0, 13.0, 13.0)",8354586239.999999,2,-26.18870658909868,2.0,2.0,4.230476044639264e-12,2.3938947334392473e-10,2.393894732866174e-10
754,"(2.0, 3.0, 7.0, 9.0, 9.0, 13.0, 13.0, 14.0)",25063758720.0,1,-26.112072959747994,1.0,1.0,4.5674184567417436e-12,3.9898245557320784e-11,3.9898245555728913e-11
755,"(2.0, 3.0, 7.0, 9.0, 11.0, 11.0, 12.0, 13.0)",59241611520.000015,3,-25.98834222655836,3.0,3.0,5.168998155475176e-12,5.064008089967636e-11,5.064008089711195e-11
756,"(2.0, 3.0, 7.0, 9.0, 11.0, 11.0, 13.0, 14.0)",59241611520.000015,2,-25.79682222389548,3.0,5.0,6.2601171064211964e-12,5.064008089967636e-11,8.440013483022952e-11
757,"(2.0, 3.0, 7.0, 9.0, 11.0, 12.0, 12.0, 13.0)",50127517439.99999,8,-26.0740537036366,10.0,16.0,4.744411562681302e-12,1.9949122778660393e-10,3.191859644187696e-10
758,"(2.0, 3.0, 7.0, 9.0, 11.0, 12.0, 13.0, 13.0)",50127517439.99999,11,-25.959167330324405,11.0,11.0,5.32202455070152e-12,2.1944035056526434e-10,2.1944035051711028e-10
759,"(2.0, 3.0, 7.0, 9.0, 11.0, 12.0, 13.0, 14.0)",100255034879.99998,2,-25.88253370097372,2.0,2.0,5.7459049297558555e-12,1.9949122778660395e-11,1.9949122778262428e-11
760,"(2.0, 3.0, 7.0, 9.0, 11.0, 13.0, 13.0, 13.0)",16709172479.999998,1,-25.84428095701221,1.0,1.0,5.9699595922623634e-12,5.984736833598118e-11,5.984736833239948e-11
761,"(2.0, 3.0, 7.0, 9.0, 11.0, 13.0, 13.0, 14.0)",50127517439.99999,1,-25.76764732766153,1.0,1.0,6.445445699250269e-12,1.9949122778660395e-11,1.9949122778262428e-11
762,"(2.0, 3.0, 7.0, 9.0, 12.0, 12.0, 13.0, 13.0)",19494034560.000004,3,-26.04487880740264,3.0,3.0,4.884868219284759e-12,1.5389323286395156e-10,1.5389323284026842e-10
763,"(2.0, 3.0, 7.0, 9.0, 12.0, 13.0, 13.0, 13.0)",12996023040.000002,4,-25.929992434090448,4.0,4.0,5.479581239213277e-12,3.077864657279031e-10,3.077864656331706e-10
764,"(2.0, 3.0, 7.0, 9.0, 12.0, 13.0, 13.0, 14.0)",38988069120.00001,5,-25.853358804739763,7.0,13.0,5.916010449678041e-12,1.795421050079435e-10,3.3343533783965964e-10
765,"(2.0, 3.0, 7.0, 9.0, 13.0, 13.0, 13.0, 13.0)",3249005760.0000005,1,-25.81510606077825,1.0,1.0,6.146698172655043e-12,3.077864657279031e-10,3.077864656331706e-10
766,"(2.0, 3.0, 7.0, 11.0, 11.0, 12.0, 12.0, 13.0)",25063758720.0,2,-25.729628071550124,3.0,5.0,6.695214680192123e-12,1.1969473667196234e-10,1.9949122777227709e-10
767,"(2.0, 3.0, 7.0, 11.0, 11.0, 12.0, 13.0, 13.0)",25063758720.0,2,-25.61474169823793,2.0,2.0,7.510330086132375e-12,7.979649111464157e-11,7.979649110827409e-11
768,"(2.0, 3.0, 8.0, 8.0, 8.0, 12.0, 13.0, 14.0)",16709172480.0,1,-24.798446328729096,1.0,1.0,1.6989147998613713e-11,5.984736833598117e-11,5.984736833239946e-11
769,"(2.0, 3.0, 8.0, 8.0, 9.0, 9.0, 12.0, 13.0)",28481544000.0,1,-25.893540605534703,1.0,1.0,5.683007092836592e-12,3.511045609044229e-11,3.511045608920954e-11
770,"(2.0, 3.0, 8.0, 8.0, 9.0, 11.0, 12.0, 13.0)",56963087999.99999,2,-25.54911497344824,3.0,5.0,8.019741123405327e-12,5.266568413566344e-11,8.777614022333206e-11
771,"(2.0, 3.0, 8.0, 8.0, 9.0, 12.0, 12.0, 13.0)",25063758720.0,2,-25.634826450526468,3.0,5.0,7.360991699192769e-12,1.1969473667196234e-10,1.9949122777227709e-10
772,"(2.0, 3.0, 8.0, 8.0, 9.0, 12.0, 13.0, 13.0)",25063758720.0,10,-25.51994007721428,14.0,24.0,8.257162774148917e-12,5.585754378024909e-10,9.575578930636922e-10
773,"(2.0, 3.0, 8.0, 8.0, 9.0, 12.0, 13.0, 14.0)",50127517440.0,2,-25.44330644786359,2.0,2.0,8.914816502213438e-12,3.9898245557320784e-11,3.9898245555728913e-11
774,"(2.0, 3.0, 8.0, 8.0, 11.0, 12.0, 13.0, 13.0)",25063758720.0,2,-25.17551444512781,2.0,2.0,1.1652335951852776e-11,7.979649111464157e-11,7.979649110827409e-11
775,"(2.0, 3.0, 8.0, 8.0, 12.0, 12.0, 13.0, 14.0)",20243805119.999992,1,-25.18459229285536,1.0,1.0,1.1547036489772419e-11,4.9397827832873364e-11,4.939782783043322e-11
776,"(2.0, 3.0, 8.0, 9.0, 9.0, 9.0, 12.0, 13.0)",18987696000.0,2,-26.538400724669195,4.0,8.0,2.982078054623449e-12,2.1066273654265372e-10,4.2132547304092864e-10
777,"(2.0, 3.0, 8.0, 9.0, 9.0, 11.0, 12.0, 13.0)",56963087999.99999,5,-26.193975092582725,5.0,5.0,4.2082463768193756e-12,8.777614022610574e-11,8.777614021840109e-11
778,"(2.0, 3.0, 8.0, 9.0, 9.0, 11.0, 13.0, 13.0)",28481544000.0,1,-26.079088719270537,1.0,1.0,4.720583414179179e-12,3.511045609044229e-11,3.511045608920954e-11
779,"(2.0, 3.0, 8.0, 9.0, 9.0, 11.0, 13.0, 14.0)",56963087999.99999,1,-26.00245508991985,1.0,1.0,5.096561139929472e-12,1.7555228045221147e-11,1.755522804491296e-11
780,"(2.0, 3.0, 8.0, 9.0, 9.0, 12.0, 12.0, 13.0)",25063758720.0,4,-26.279686569660964,7.0,19.0,3.862576880133981e-12,2.7928771890124545e-10,7.580666655110933e-10
781,"(2.0, 3.0, 8.0, 9.0, 9.0, 12.0, 13.0, 13.0)",25063758720.0,30,-26.16480019634877,36.0,60.0,4.33283004930277e-12,1.4363368400635482e-09,2.3938947313761834e-09
782,"(2.0, 3.0, 8.0, 9.0, 9.0, 12.0, 13.0, 14.0)",50127517440.0,6,-26.088166566998087,6.0,6.0,4.67792459484266e-12,1.1969473667196234e-10,1.1969473665763552e-10
783,"(2.0, 3.0, 8.0, 9.0, 9.0, 13.0, 13.0, 13.0)",8354586240.0,4,-26.049913823036583,4.0,4.0,4.86033464672159e-12,4.787789466878494e-10,4.7877894645862e-10
784,"(2.0, 3.0, 8.0, 9.0, 9.0, 13.0, 13.0, 14.0)",25063758720.0,2,-25.97328019368589,2.0,2.0,5.2474430624676065e-12,7.979649111464157e-11,7.979649110827409e-11
785,"(2.0, 3.0, 8.0, 9.0, 11.0, 11.0, 12.0, 13.0)",56963087999.99999,2,-25.84954946049626,3.0,5.0,5.9385895485051346e-12,5.266568413566344e-11,8.777614022333206e-11
786,"(2.0, 3.0, 8.0, 9.0, 11.0, 12.0, 12.0, 13.0)",50127517440.0,2,-25.935260937574498,2.0,2.0,5.4507879617063065e-12,3.9898245557320784e-11,3.9898245555728913e-11
787,"(2.0, 3.0, 8.0, 9.0, 11.0, 12.0, 13.0, 13.0)",50127517440.0,12,-25.820374564262305,17.0,29.0,6.114399429646994e-12,3.3913508723722666e-10,5.785245604661387e-10
788,"(2.0, 3.0, 8.0, 9.0, 11.0, 12.0, 13.0, 14.0)",100255034880.0,2,-25.743740934911617,3.0,5.0,6.601389657376567e-12,2.9923684167990585e-11,4.987280694575555e-11
789,"(2.0, 3.0, 8.0, 9.0, 11.0, 13.0, 13.0, 13.0)",16709172480.0,1,-25.70548819095012,1.0,1.0,6.8588029194890924e-12,5.984736833598117e-11,5.984736833239946e-11
790,"(2.0, 3.0, 8.0, 9.0, 12.0, 12.0, 12.0, 13.0)",13495870079.999994,1,-26.02097241465273,1.0,1.0,5.003054877056033e-12,7.409674174931006e-11,7.409674174381974e-11
791,"(2.0, 3.0, 8.0, 9.0, 12.0, 12.0, 13.0, 13.0)",20243805119.999992,5,-25.906086041340536,5.0,5.0,5.6121566462820104e-12,2.4698913916436683e-10,2.469891391033632e-10
792,"(2.0, 3.0, 8.0, 9.0, 12.0, 13.0, 13.0, 13.0)",13495870079.999994,5,-25.791199668028348,5.0,5.0,6.295414101262211e-12,3.704837087465503e-10,3.7048370860929213e-10
793,"(2.0, 3.0, 8.0, 9.0, 12.0, 13.0, 13.0, 14.0)",40487610239.99999,13,-25.71456603867766,19.0,39.0,6.796821505554516e-12,4.692793644122969e-10,9.632576425208074e-10
794,"(2.0, 3.0, 8.0, 9.0, 12.0, 13.0, 14.0, 14.0)",40487610239.99999,2,-25.63793240932698,4.0,8.0,7.338164231183096e-12,9.879565566574672e-11,1.9759131132173286e-10
795,"(2.0, 3.0, 8.0, 9.0, 13.0, 13.0, 13.0, 14.0)",13495870079.999994,3,-25.59967966536547,3.0,3.0,7.62430713301227e-12,2.2229022524793016e-10,2.222902251985172e-10
796,"(2.0, 3.0, 8.0, 11.0, 11.0, 12.0, 12.0, 13.0)",25063758720.0,1,-25.590835305488028,1.0,1.0,7.692038327131473e-12,3.9898245557320784e-11,3.9898245555728913e-11
797,"(2.0, 3.0, 8.0, 11.0, 11.0, 12.0, 13.0, 13.0)",25063758720.0,2,-25.475948932175832,2.0,2.0,8.628512994938217e-12,7.979649111464157e-11,7.979649110827409e-11
798,"(2.0, 3.0, 8.0, 11.0, 12.0, 12.0, 13.0, 13.0)",20243805119.999992,3,-25.56166040925407,3.0,3.0,7.919758450400841e-12,1.481934834986201e-10,1.481934834766588e-10
799,"(2.0, 3.0, 8.0, 11.0, 12.0, 13.0, 13.0, 13.0)",13495870079.999994,1,-25.44677403594188,1.0,1.0,8.883957125515136e-12,7.409674174931006e-11,7.409674174381974e-11
800,"(2.0, 3.0, 8.0, 11.0, 12.0, 13.0, 13.0, 14.0)",40487610239.99999,1,-25.37014040659119,1.0,1.0,9.591532800522053e-12,2.469891391643668e-11,2.4698913915826643e-11
801,"(2.0, 3.0, 9.0, 9.0, 9.0, 9.0, 12.0, 13.0)",4746923999.999999,3,-27.18326084380369,4.0,6.0,1.5648035236619832e-12,8.426509461706151e-10,1.2639764185458622e-09
802,"(2.0, 3.0, 9.0, 9.0, 9.0, 11.0, 12.0, 13.0)",18987696000.0,2,-26.838835211717225,3.0,5.0,2.2082181077303213e-12,1.5799705240699029e-10,2.633284206533541e-10
803,"(2.0, 3.0, 9.0, 9.0, 9.0, 12.0, 12.0, 13.0)",8354586240.0,3,-26.92454668879546,4.0,6.0,2.0268329003253306e-12,4.787789466878494e-10,7.181684198025448e-10
804,"(2.0, 3.0, 9.0, 9.0, 9.0, 12.0, 13.0, 13.0)",8354586240.0,13,-26.80966031548327,14.0,16.0,2.273591637906875e-12,1.6757263134074728e-09,1.915115783943339e-09
805,"(2.0, 3.0, 9.0, 9.0, 9.0, 12.0, 13.0, 14.0)",16709172480.0,3,-26.733026686132582,4.0,6.0,2.4546751477835346e-12,2.393894733439247e-10,3.590842099585797e-10
806,"(2.0, 3.0, 9.0, 9.0, 9.0, 12.0, 14.0, 14.0)",8354586240.0,1,-26.65639305678189,1.0,1.0,2.6501813169463004e-12,1.1969473667196234e-10,1.1969473665763552e-10
807,"(2.0, 3.0, 9.0, 9.0, 9.0, 13.0, 13.0, 14.0)",8354586240.0,1,-26.61814031282039,2.0,4.0,2.7535219548107206e-12,2.393894733439247e-10,4.787789466305421e-10
808,"(2.0, 3.0, 9.0, 9.0, 11.0, 11.0, 12.0, 13.0)",28481544000.0,1,-26.494409579630755,1.0,1.0,3.116191354104736e-12,3.511045609044229e-11,3.511045608920954e-11
809,"(2.0, 3.0, 9.0, 9.0, 11.0, 12.0, 12.0, 13.0)",25063758720.0,1,-26.58012105670899,4.0,16.0,2.8602243311466234e-12,1.5959298222928313e-10,6.383719288916626e-10
810,"(2.0, 3.0, 9.0, 9.0, 11.0, 12.0, 13.0, 13.0)",25063758720.0,39,-26.4652346833968,46.0,62.0,3.208445116905761e-12,1.8353192956367559e-09,2.4736912211854917e-09
811,"(2.0, 3.0, 9.0, 9.0, 11.0, 12.0, 13.0, 14.0)",50127517440.0,3,-26.38860105404612,3.0,3.0,3.463986390602012e-12,5.984736833598117e-11,5.984736833239946e-11
812,"(2.0, 3.0, 9.0, 9.0, 11.0, 13.0, 13.0, 13.0)",8354586240.0,2,-26.350348310084605,2.0,2.0,3.5990603800191187e-12,2.393894733439247e-10,2.3938947328661735e-10
813,"(2.0, 3.0, 9.0, 9.0, 12.0, 12.0, 12.0, 13.0)",6747935039.999997,2,-26.665832533787224,2.0,2.0,2.625282691227244e-12,2.963869669972402e-10,2.96386966909395e-10
814,"(2.0, 3.0, 9.0, 9.0, 12.0, 12.0, 13.0, 13.0)",10121902559.999996,21,-26.55094616047504,25.0,33.0,2.9449002791289955e-12,2.4698913916436685e-09,3.260256630869279e-09
815,"(2.0, 3.0, 9.0, 9.0, 12.0, 12.0, 13.0, 14.0)",20243805119.999992,7,-26.474312531124347,9.0,13.0,3.1794511412496893e-12,4.445804504958603e-10,6.42171761629702e-10
816,"(2.0, 3.0, 9.0, 9.0, 12.0, 13.0, 13.0, 13.0)",6747935039.999997,20,-26.436059787162844,24.0,34.0,3.303430020315265e-12,3.5566436039668825e-09,5.03857842630337e-09
817,"(2.0, 3.0, 9.0, 9.0, 12.0, 13.0, 13.0, 14.0)",20243805119.999992,8,-26.35942615781216,9.0,11.0,3.5665365046711356e-12,4.445804504958603e-10,5.433761059639552e-10
818,"(2.0, 3.0, 9.0, 9.0, 12.0, 13.0, 14.0, 14.0)",20243805119.999992,3,-26.28279252846147,5.0,9.0,3.85059848730741e-12,2.4698913916436683e-10,4.4458045043485667e-10
819,"(2.0, 3.0, 9.0, 9.0, 13.0, 13.0, 13.0, 13.0)",1686983759.9999993,1,-26.32117341385065,2.0,4.0,3.705609312634408e-12,1.185547867988961e-09,2.371095734572398e-09
820,"(2.0, 3.0, 9.0, 9.0, 13.0, 13.0, 13.0, 14.0)",6747935039.999997,4,-26.244539784499963,4.0,4.0,4.000747951154928e-12,5.927739339944805e-10,5.927739336430995e-10
821,"(2.0, 3.0, 9.0, 11.0, 11.0, 12.0, 12.0, 13.0)",25063758720.0,2,-26.23569542462252,2.0,2.0,4.036288942798404e-12,7.979649111464157e-11,7.979649110827409e-11
822,"(2.0, 3.0, 9.0, 11.0, 11.0, 12.0, 13.0, 13.0)",25063758720.0,7,-26.12080905131033,9.0,15.0,4.527690855545829e-12,3.5908421001588704e-10,5.984736832308703e-10
823,"(2.0, 3.0, 9.0, 11.0, 11.0, 12.0, 13.0, 14.0)",50127517440.0,1,-26.044175421959643,1.0,1.0,4.888305373161449e-12,1.9949122778660392e-11,1.9949122778262424e-11
824,"(2.0, 3.0, 9.0, 11.0, 11.0, 13.0, 13.0, 13.0)",8354586240.0,1,-26.005922677998136,1.0,1.0,5.0789189708456814e-12,1.1969473667196234e-10,1.1969473665763552e-10
825,"(2.0, 3.0, 9.0, 11.0, 11.0, 13.0, 13.0, 14.0)",25063758720.0,1,-25.92928904864745,1.0,1.0,5.483436852722899e-12,3.9898245557320784e-11,3.9898245555728913e-11
826,"(2.0, 3.0, 9.0, 11.0, 12.0, 12.0, 13.0, 13.0)",20243805119.999992,13,-26.20652052838857,13.0,13.0,4.155781875167525e-12,6.421717618273538e-10,6.421717614149692e-10
827,"(2.0, 3.0, 9.0, 11.0, 12.0, 12.0, 13.0, 14.0)",40487610239.99999,2,-26.12988689903788,2.0,2.0,4.486775161600418e-12,4.939782783287336e-11,4.9397827830433214e-11
828,"(2.0, 3.0, 9.0, 11.0, 12.0, 13.0, 13.0, 13.0)",13495870079.999994,12,-26.09163415507637,17.0,33.0,4.661731570880528e-12,1.259644609738271e-09,2.4451924761405273e-09
829,"(2.0, 3.0, 9.0, 11.0, 12.0, 13.0, 13.0, 14.0)",40487610239.99999,12,-26.01500052572569,14.0,18.0,5.033021956050555e-12,3.457847948301135e-10,4.4458045037629306e-10
830,"(2.0, 3.0, 9.0, 12.0, 12.0, 12.0, 13.0, 13.0)",4998470399.999999,1,-26.2922320054668,1.0,1.0,3.814421864252702e-12,2.000612027231371e-10,2.0006120268311262e-10
831,"(2.0, 3.0, 9.0, 12.0, 12.0, 12.0, 13.0, 14.0)",9996940799.999998,2,-26.21559837611612,3.0,5.0,4.118227036568073e-12,3.0009180408470565e-10,5.001530067177877e-10
832,"(2.0, 3.0, 9.0, 12.0, 12.0, 13.0, 13.0, 13.0)",4998470399.999999,5,-26.17734563215461,6.0,8.0,4.278812354300198e-12,1.2003672163388226e-09,1.6004896203442154e-09
833,"(2.0, 3.0, 9.0, 12.0, 12.0, 13.0, 13.0, 14.0)",14995411199.999998,6,-26.100712002803924,6.0,6.0,4.619604582025656e-12,4.001224054462742e-10,4.0012240528617623e-10
834,"(2.0, 3.0, 9.0, 12.0, 12.0, 13.0, 14.0, 14.0)",14995411199.999998,1,-26.02407837345324,1.0,1.0,4.987539701951412e-12,6.668706757437903e-11,6.668706756993186e-11
835,"(2.0, 3.0, 9.0, 12.0, 13.0, 13.0, 13.0, 13.0)",2499235199.9999995,2,-26.062459258842416,2.0,2.0,4.799740515041024e-12,8.002448108925484e-10,8.002448102521566e-10
836,"(2.0, 3.0, 9.0, 12.0, 13.0, 13.0, 13.0, 14.0)",9996940799.999998,3,-25.98582562949173,4.0,6.0,5.182022823116805e-12,4.001224054462742e-10,6.001836080093134e-10
837,"(2.0, 3.0, 9.0, 12.0, 13.0, 13.0, 14.0, 14.0)",14995411199.999998,2,-25.909192000141047,3.0,5.0,5.594752561133765e-12,2.000612027231371e-10,3.3343533783187065e-10
838,"(2.0, 3.0, 11.0, 11.0, 12.0, 13.0, 13.0, 14.0)",20243805119.999992,3,-25.67057489363922,3.0,3.0,7.10249565002636e-12,1.481934834986201e-10,1.481934834766588e-10
839,"(2.0, 3.0, 11.0, 12.0, 12.0, 13.0, 13.0, 13.0)",4998470399.999999,1,-25.832920000068142,1.0,1.0,6.038170784683706e-12,2.000612027231371e-10,2.0006120268311262e-10
840,"(2.0, 4.0, 6.0, 7.0, 9.0, 9.0, 13.0, 14.0)",68355705599.99999,1,-26.42038800685411,2.0,4.0,3.355608446339159e-12,2.925871340870191e-11,5.851742681654776e-11
841,"(2.0, 4.0, 6.0, 8.0, 9.0, 11.0, 12.0, 12.0)",74052014400.00002,1,-26.24357598468061,3.0,9.0,4.00460573007221e-12,4.0512064719741096e-11,1.2153619415758206e-10
842,"(2.0, 4.0, 6.0, 9.0, 9.0, 12.0, 13.0, 13.0)",31329698399.99999,1,-26.74437483426896,1.0,1.0,2.426976591491894e-12,3.191859644585664e-11,3.1918596444837844e-11
843,"(2.0, 4.0, 7.0, 8.0, 9.0, 9.0, 13.0, 13.0)",37026007200.00001,1,-26.1542484041195,2.0,4.0,4.378791231727937e-12,5.401608629298812e-11,1.0803217258305851e-10
844,"(2.0, 4.0, 7.0, 8.0, 9.0, 12.0, 13.0, 13.0)",62659396799.99998,1,-25.895534249111265,1.0,1.0,5.671688488630614e-12,1.595929822292832e-11,1.595929822267362e-11
845,"(2.0, 4.0, 8.0, 8.0, 9.0, 9.0, 12.0, 13.0)",37026007200.00001,1,-26.130342011369592,1.0,1.0,4.484733639490943e-12,2.700804314649406e-11,2.7008043145764627e-11
846,"(2.0, 4.0, 8.0, 8.0, 9.0, 12.0, 13.0, 13.0)",32582886336.000004,1,-25.75674148304917,1.0,1.0,6.516123428150503e-12,3.0690958121015984e-11,3.069095812007405e-11
847,"(2.0, 4.0, 8.0, 9.0, 9.0, 12.0, 13.0, 14.0)",65165772672.00001,1,-26.324967972832976,1.0,1.0,3.691574803757886e-12,1.5345479060507992e-11,1.5345479060272507e-11
848,"(2.0, 4.0, 9.0, 9.0, 9.0, 12.0, 13.0, 13.0)",10860962112.000002,2,-27.04646172131816,2.0,2.0,1.7942002771453272e-12,1.841457487260959e-10,1.8414574869218624e-10
849,"(2.0, 4.0, 9.0, 9.0, 9.0, 12.0, 13.0, 14.0)",21721924224.000004,1,-26.96982809196747,1.0,1.0,1.9371019654653377e-12,4.603643718152397e-11,4.603643717940462e-11
850,"(2.0, 4.0, 9.0, 9.0, 11.0, 12.0, 13.0, 13.0)",32582886336.000004,2,-26.70203608923169,2.0,2.0,2.531938023513119e-12,6.138191624203197e-11,6.138191623826422e-11
851,"(2.0, 4.0, 9.0, 9.0, 11.0, 12.0, 13.0, 14.0)",65165772672.00001,1,-26.625402459881,1.0,1.0,2.7335979066881155e-12,1.5345479060507992e-11,1.5345479060272507e-11
852,"(2.0, 4.0, 9.0, 9.0, 12.0, 12.0, 13.0, 13.0)",13158473327.999996,1,-26.787747566309925,1.0,1.0,2.3239621438100275e-12,7.599665820442056e-11,7.599665819864506e-11
853,"(2.0, 4.0, 9.0, 9.0, 12.0, 13.0, 13.0, 14.0)",26316946655.999992,4,-26.596227563647048,4.0,4.0,2.8145251233511e-12,1.519933164088411e-10,1.5199331638573915e-10
854,"(2.0, 4.0, 9.0, 11.0, 12.0, 13.0, 13.0, 13.0)",17544631103.999996,1,-26.328435560911263,1.0,1.0,3.678796111403327e-12,5.6997493653315414e-11,5.69974936500667e-11
855,"(2.0, 6.0, 6.0, 6.0, 6.0, 9.0, 12.0, 13.0)",4852411200.0,1,-26.47827460000807,1.0,1.0,3.1668788593856364e-12,2.0608311183520472e-10,2.0608311179273448e-10
856,"(2.0, 6.0, 6.0, 9.0, 12.0, 13.0, 13.0, 13.0)",8122514400.0,1,-26.335247317465623,3.0,9.0,3.653822202538785e-12,3.693437588734838e-10,1.1080312764840366e-09
857,"(2.0, 6.0, 6.0, 9.0, 12.0, 13.0, 13.0, 14.0)",24367543200.0,2,-26.25861368811493,2.0,2.0,3.94483618142118e-12,8.207639086077417e-11,8.207639085403764e-11
858,"(2.0, 6.0, 7.0, 8.0, 9.0, 12.0, 12.0, 13.0)",62659396799.99998,1,-25.974893633940543,1.0,1.0,5.238983452969047e-12,1.595929822292832e-11,1.595929822267362e-11
859,"(2.0, 6.0, 7.0, 9.0, 9.0, 11.0, 13.0, 14.0)",74052014400.00002,2,-26.342522273333927,2.0,2.0,3.627337262459292e-12,2.700804314649406e-11,2.7008043145764627e-11
860,"(2.0, 6.0, 7.0, 9.0, 9.0, 12.0, 13.0, 13.0)",31329698399.99999,2,-26.50486737976285,3.0,5.0,3.083772657332775e-12,9.575578933756991e-11,1.5959298222011402e-10
861,"(2.0, 6.0, 7.0, 9.0, 12.0, 13.0, 13.0, 14.0)",48735086400.0,1,-26.05463322209173,1.0,1.0,4.837450829388836e-12,2.0519097715193544e-11,2.051909771477251e-11
862,"(2.0, 6.0, 8.0, 9.0, 11.0, 12.0, 13.0, 13.0)",65165772672.00001,1,-26.021648981614284,1.0,1.0,4.9996711202174845e-12,1.5345479060507992e-11,1.5345479060272507e-11
863,"(2.0, 6.0, 8.0, 9.0, 11.0, 12.0, 13.0, 14.0)",130331545344.00002,1,-25.9450153522636,1.0,1.0,5.397877191872201e-12,7.672739530253996e-12,7.672739530195126e-12
864,"(2.0, 6.0, 8.0, 9.0, 12.0, 12.0, 13.0, 13.0)",26316946655.999992,1,-26.10736045869252,1.0,1.0,4.58899321665229e-12,3.799832910221028e-11,3.79983291007664e-11
865,"(2.0, 6.0, 9.0, 9.0, 9.0, 12.0, 13.0, 13.0)",10860962112.000002,1,-27.01093473283525,1.0,1.0,1.8590886287367136e-12,9.207287436304795e-11,9.207287435457053e-11
866,"(2.0, 6.0, 9.0, 9.0, 9.0, 13.0, 13.0, 13.0)",3620320704.000001,1,-26.896048359523057,2.0,4.0,2.0854251772531976e-12,5.524372461782876e-10,1.1048744920513884e-09
867,"(2.0, 6.0, 9.0, 9.0, 11.0, 12.0, 13.0, 13.0)",32582886336.000004,1,-26.666509100748776,1.0,1.0,2.6235071124103385e-12,3.0690958121015984e-11,3.069095812007405e-11
868,"(2.0, 6.0, 9.0, 9.0, 12.0, 13.0, 13.0, 13.0)",8772315551.999998,1,-26.637334204514826,1.0,1.0,2.701175129342697e-12,1.1399498730663083e-10,1.1399498729363597e-10
869,"(2.0, 6.0, 9.0, 11.0, 11.0, 11.0, 11.0, 13.0)",6439305599.999999,1,-26.265546887818022,1.0,1.0,3.917580438314605e-12,1.5529624809234091e-10,1.55296248068224e-10
870,"(2.0, 6.0, 9.0, 11.0, 12.0, 13.0, 13.0, 14.0)",52633893311.99999,1,-26.216274943077664,1.0,1.0,4.115441722546959e-12,1.8999164551105136e-11,1.8999164550744168e-11
871,"(2.0, 6.0, 9.0, 12.0, 13.0, 13.0, 14.0, 14.0)",19494034560.000004,1,-26.110466417493026,1.0,1.0,4.574762104849636e-12,5.129774428798385e-11,5.1297744285352396e-11
872,"(2.0, 7.0, 7.0, 9.0, 9.0, 12.0, 13.0, 13.0)",15664849199.999994,2,-26.300886913739653,2.0,2.0,3.781550845917949e-12,1.2767438578342656e-10,1.276743857671258e-10
873,"(2.0, 7.0, 8.0, 8.0, 9.0, 13.0, 13.0, 14.0)",32582886336.000004,1,-25.32571402588018,2.0,4.0,1.002725705051926e-11,6.138191624203197e-11,1.227638324802962e-10
874,"(2.0, 7.0, 8.0, 9.0, 9.0, 12.0, 12.0, 13.0)",32582886336.000004,1,-26.276980520989746,2.0,4.0,3.8730433561778365e-12,6.138191624203197e-11,1.227638324802962e-10
875,"(2.0, 7.0, 8.0, 9.0, 9.0, 12.0, 13.0, 13.0)",32582886336.000004,2,-26.16209414767756,2.0,2.0,4.34457077662557e-12,6.138191624203197e-11,6.138191623826422e-11
876,"(2.0, 7.0, 8.0, 9.0, 12.0, 12.0, 12.0, 13.0)",17544631103.999996,1,-26.01826636598151,1.0,1.0,5.01661172152588e-12,5.6997493653315414e-11,5.69974936500667e-11
877,"(2.0, 7.0, 8.0, 9.0, 12.0, 13.0, 13.0, 13.0)",17544631103.999996,1,-25.788493619357126,2.0,4.0,6.312472868743575e-12,1.1399498730663083e-10,2.279899746002668e-10
878,"(2.0, 7.0, 9.0, 9.0, 9.0, 12.0, 13.0, 13.0)",10860962112.000002,3,-26.80695426681205,5.0,9.0,2.2797524194654464e-12,4.603643718152397e-10,8.286558690554961e-10
879,"(2.0, 7.0, 9.0, 9.0, 11.0, 12.0, 13.0, 14.0)",65165772672.00001,2,-26.38589500537489,2.0,2.0,3.4733728006849005e-12,3.0690958121015984e-11,3.069095812007405e-11
880,"(2.0, 7.0, 9.0, 9.0, 12.0, 13.0, 13.0, 13.0)",8772315551.999998,1,-26.433353738491626,1.0,1.0,3.312381368662015e-12,1.1399498730663083e-10,1.1399498729363597e-10
881,"(2.0, 7.0, 9.0, 9.0, 12.0, 13.0, 13.0, 14.0)",26316946655.999992,2,-26.356720109140937,2.0,2.0,3.5762007961646504e-12,7.599665820442056e-11,7.599665819864506e-11
882,"(2.0, 7.0, 9.0, 12.0, 12.0, 12.0, 13.0, 13.0)",6498011520.000001,1,-26.289525956795583,1.0,1.0,3.824757854008321e-12,1.5389323286395156e-10,1.5389323284026842e-10
883,"(2.0, 7.0, 9.0, 12.0, 13.0, 14.0, 14.0, 14.0)",12996023040.000002,1,-25.829852322119145,1.0,1.0,6.056722388676859e-12,7.694661643197578e-11,7.6946616426055e-11
884,"(2.0, 7.0, 11.0, 12.0, 12.0, 13.0, 13.0, 13.0)",6498011520.000001,1,-25.83021395139692,1.0,1.0,6.054532496522174e-12,1.5389323286395156e-10,1.5389323284026842e-10
885,"(2.0, 8.0, 8.0, 9.0, 9.0, 12.0, 12.0, 13.0)",15664849199.999998,1,-26.13818775492764,1.0,1.0,4.449685239593732e-12,6.383719289171325e-11,6.383719288763807e-11
886,"(2.0, 8.0, 8.0, 9.0, 9.0, 12.0, 13.0, 13.0)",15664849199.999998,1,-26.02330138161545,1.0,1.0,4.991416485510028e-12,6.383719289171325e-11,6.383719288763807e-11
887,"(2.0, 8.0, 8.0, 9.0, 11.0, 12.0, 13.0, 14.0)",62659396799.99999,1,-25.602242120178296,1.0,1.0,7.604795200404198e-12,1.5959298222928313e-11,1.5959298222673613e-11
888,"(2.0, 8.0, 8.0, 9.0, 12.0, 13.0, 14.0, 14.0)",26316946656.0,1,-25.49643359459366,1.0,1.0,8.453558874943933e-12,3.799832910221027e-11,3.7998329100766395e-11
889,"(2.0, 8.0, 9.0, 9.0, 9.0, 12.0, 13.0, 13.0)",10443232799.999998,1,-26.66816150074995,1.0,1.0,2.6191756089284628e-12,9.57557893375699e-11,9.575578932840073e-11
890,"(2.0, 8.0, 9.0, 9.0, 9.0, 13.0, 13.0, 14.0)",10443232799.999998,1,-26.47664149808707,1.0,1.0,3.172054920701928e-12,9.57557893375699e-11,9.575578932840073e-11
891,"(2.0, 8.0, 9.0, 9.0, 11.0, 12.0, 12.0, 13.0)",31329698400.0,1,-26.438622241975672,1.0,1.0,3.2949759663523973e-12,3.191859644585663e-11,3.191859644483783e-11
892,"(2.0, 8.0, 9.0, 9.0, 11.0, 12.0, 13.0, 13.0)",31329698400.0,3,-26.323735868663483,4.0,6.0,3.6961260116709534e-12,1.276743857834265e-10,1.91511578658839e-10
893,"(2.0, 8.0, 9.0, 9.0, 12.0, 12.0, 13.0, 13.0)",13158473328.0,3,-26.40944734574172,4.0,6.0,3.3925225855080255e-12,3.0398663281768217e-10,4.5597994913411534e-10
894,"(2.0, 8.0, 9.0, 9.0, 12.0, 13.0, 13.0, 13.0)",8772315552.0,2,-26.29456097242952,3.0,5.0,3.805548538600941e-12,3.419849619198924e-10,5.699749364162003e-10
895,"(2.0, 8.0, 9.0, 9.0, 12.0, 13.0, 13.0, 14.0)",26316946656.0,4,-26.21792734307884,4.0,4.0,4.108646982000466e-12,1.5199331640884109e-10,1.5199331638573912e-10
896,"(2.0, 8.0, 9.0, 11.0, 11.0, 12.0, 13.0, 13.0)",31329698400.0,1,-25.97931023657701,1.0,1.0,5.2158959664944945e-12,3.191859644585663e-11,3.191859644483783e-11
897,"(2.0, 8.0, 9.0, 11.0, 11.0, 12.0, 13.0, 14.0)",62659396799.99999,1,-25.90267660722633,1.0,1.0,5.6313235802386155e-12,1.5959298222928313e-11,1.5959298222673613e-11
898,"(2.0, 8.0, 9.0, 11.0, 12.0, 13.0, 13.0, 14.0)",52633893312.0,2,-25.87350171099237,2.0,2.0,5.7980369591018565e-12,3.799832910221027e-11,3.7998329100766395e-11
899,"(2.0, 8.0, 9.0, 12.0, 12.0, 13.0, 13.0, 14.0)",20243805119.999992,1,-25.959213188070606,1.0,1.0,5.3217805002462416e-12,4.9397827832873364e-11,4.939782783043322e-11
900,"(2.0, 8.0, 9.0, 12.0, 13.0, 13.0, 13.0, 13.0)",3373967519.9999986,1,-25.9209604441091,2.0,4.0,5.5292969399529695e-12,5.927739339944805e-10,1.18554786763758e-09
901,"(2.0, 8.0, 11.0, 11.0, 12.0, 13.0, 13.0, 13.0)",8772315552.0,1,-25.605709708256587,1.0,1.0,7.578470571092458e-12,1.139949873066308e-10,1.1399498729363595e-10
902,"(2.0, 8.0, 11.0, 12.0, 13.0, 13.0, 14.0, 14.0)",20243805119.999992,1,-25.42326755332126,1.0,1.0,9.095261490804354e-12,4.9397827832873364e-11,4.939782783043322e-11
903,"(2.0, 9.0, 9.0, 9.0, 9.0, 12.0, 13.0, 13.0)",2610808199.9999995,1,-27.313021619884445,1.0,1.0,1.3743755686027145e-12,3.830231573502796e-10,3.8302315720357284e-10
904,"(2.0, 9.0, 9.0, 9.0, 11.0, 12.0, 13.0, 14.0)",20886465600.0,1,-26.891962358447287,1.0,1.0,2.093963659014275e-12,4.787789466878494e-11,4.787789466649265e-11
905,"(2.0, 9.0, 9.0, 9.0, 12.0, 12.0, 13.0, 14.0)",8772315552.0,1,-26.977673835525525,1.0,1.0,1.9219634244091806e-12,1.139949873066308e-10,1.1399498729363595e-10
906,"(2.0, 9.0, 9.0, 9.0, 12.0, 13.0, 13.0, 14.0)",8772315552.0,2,-26.862787462213333,2.0,2.0,2.155954725916573e-12,2.279899746132616e-10,2.2798997456128217e-10
907,"(2.0, 9.0, 9.0, 11.0, 11.0, 12.0, 13.0, 13.0)",15664849199.999998,2,-26.624170355711502,2.0,2.0,2.7369680598301937e-12,1.276743857834265e-10,1.2767438576712575e-10
908,"(2.0, 9.0, 9.0, 11.0, 12.0, 12.0, 13.0, 13.0)",13158473328.0,1,-26.70988183278974,1.0,1.0,2.5121508112734297e-12,7.599665820442054e-11,7.599665819864505e-11
909,"(2.0, 9.0, 9.0, 12.0, 12.0, 13.0, 13.0, 13.0)",3373967519.9999986,1,-26.680706936555787,1.0,1.0,2.5865221635841113e-12,2.963869669972402e-10,2.96386966909395e-10
910,"(2.0, 9.0, 9.0, 12.0, 13.0, 13.0, 13.0, 13.0)",1686983759.9999993,1,-26.565820563243594,2.0,4.0,2.9014208134482786e-12,1.185547867988961e-09,2.371095734572398e-09
911,"(2.0, 9.0, 9.0, 12.0, 13.0, 13.0, 13.0, 14.0)",6747935039.999997,1,-26.48918693389291,1.0,1.0,3.1325086903425117e-12,1.481934834986201e-10,1.481934834766588e-10
912,"(2.0, 9.0, 9.0, 12.0, 13.0, 13.0, 14.0, 14.0)",10121902559.999996,2,-26.41255330454222,2.0,2.0,3.3820018969979425e-12,1.9759131133149346e-10,1.9759131129245113e-10
913,"(2.0, 9.0, 9.0, 12.0, 13.0, 14.0, 14.0, 14.0)",6747935039.999997,2,-26.33591967519154,2.0,2.0,3.651366352649117e-12,2.963869669972402e-10,2.96386966909395e-10
914,"(2.0, 9.0, 11.0, 11.0, 12.0, 13.0, 13.0, 14.0)",26316946656.0,2,-26.1739361980404,2.0,2.0,4.2934255803693446e-12,7.599665820442054e-11,7.599665819864505e-11
915,"(2.0, 9.0, 11.0, 12.0, 12.0, 13.0, 13.0, 13.0)",6747935039.999997,1,-26.33628130446932,2.0,4.0,3.6500461503983795e-12,2.963869669972402e-10,5.927739339066352e-10
916,"(2.0, 9.0, 11.0, 12.0, 13.0, 13.0, 13.0, 14.0)",13495870079.999994,2,-26.14476130180644,2.0,2.0,4.420530953591568e-12,1.481934834986201e-10,1.481934834766588e-10
917,"(3.0, 3.0, 3.0, 3.0, 9.0, 12.0, 13.0, 13.0)",1017545760.0,1,-25.60445092598364,1.0,1.0,7.58801622219113e-12,9.827567853066382e-10,9.827567843408273e-10
918,"(3.0, 3.0, 3.0, 3.0, 9.0, 12.0, 13.0, 14.0)",2035091520.0,1,-25.52781729663296,1.0,1.0,8.192374800752874e-12,4.913783926533191e-10,4.913783924118664e-10
919,"(3.0, 3.0, 3.0, 3.0, 11.0, 11.0, 12.0, 13.0)",1248806159.9999995,1,-25.28920019013113,1.0,1.0,1.0400157245549698e-11,8.007647880276314e-10,8.007647873864072e-10
920,"(3.0, 3.0, 3.0, 4.0, 7.0, 9.0, 12.0, 13.0)",13361712000.0,1,-25.70878550706656,1.0,1.0,6.836224522595746e-12,7.484070903489014e-11,7.4840709029289e-11
921,"(3.0, 3.0, 3.0, 4.0, 8.0, 9.0, 12.0, 13.0)",14430648959.999998,2,-25.56999274100446,2.0,2.0,7.854042559121314e-12,1.3859390562016694e-10,1.3859390560095867e-10
922,"(3.0, 3.0, 3.0, 4.0, 9.0, 9.0, 12.0, 13.0)",7215324479.999999,1,-26.214852860138954,1.0,1.0,4.121298385348968e-12,1.3859390562016694e-10,1.3859390560095867e-10
923,"(3.0, 3.0, 3.0, 4.0, 9.0, 12.0, 12.0, 13.0)",5879153280.000001,1,-25.95613870513072,1.0,1.0,5.338167401319944e-12,1.700925205338412e-10,1.7009252050490974e-10
924,"(3.0, 3.0, 3.0, 4.0, 9.0, 12.0, 13.0, 13.0)",5879153280.000001,4,-25.84125233181853,5.0,7.0,5.988067769888675e-12,8.50462602669206e-10,1.1906476430136016e-09
925,"(3.0, 3.0, 3.0, 4.0, 9.0, 12.0, 13.0, 14.0)",11758306560.000002,2,-25.764618702467843,2.0,2.0,6.464996128997619e-12,1.700925205338412e-10,1.7009252050490974e-10
926,"(3.0, 3.0, 3.0, 6.0, 6.0, 9.0, 11.0, 13.0)",7842743999.999997,1,-25.79152750752861,1.0,1.0,6.2933505541239255e-12,1.2750639317055362e-10,1.2750639315429574e-10
927,"(3.0, 3.0, 3.0, 6.0, 6.0, 9.0, 12.0, 13.0)",6680856000.0,1,-25.877238984606844,1.0,1.0,5.776408549375412e-12,1.4968141806978028e-10,1.4968141804737576e-10
928,"(3.0, 3.0, 3.0, 6.0, 7.0, 9.0, 12.0, 13.0)",13361712000.0,3,-25.673258518583644,3.0,3.0,7.083460768197979e-12,2.245221271046704e-10,2.2452212705426021e-10
929,"(3.0, 3.0, 3.0, 6.0, 8.0, 9.0, 11.0, 13.0)",16312907520.000002,1,-25.44875427544332,1.0,1.0,8.866382169740028e-12,6.130115056276613e-11,6.13011505590083e-11
930,"(3.0, 3.0, 3.0, 6.0, 9.0, 9.0, 13.0, 13.0)",3607662240.0,1,-26.06443949834385,1.0,1.0,4.790245283795338e-12,2.7718781124033387e-10,2.771878111635008e-10
931,"(3.0, 3.0, 3.0, 6.0, 9.0, 11.0, 12.0, 13.0)",14430648959.999998,3,-25.83490023956957,3.0,3.0,6.026225591454686e-12,2.078908584302504e-10,2.078908583870318e-10
932,"(3.0, 3.0, 3.0, 6.0, 9.0, 12.0, 13.0, 13.0)",5879153280.000001,6,-25.805725343335617,8.0,12.0,6.204629907212519e-12,1.3607401642707297e-09,2.041110244554481e-09
933,"(3.0, 3.0, 3.0, 6.0, 9.0, 12.0, 13.0, 14.0)",11758306560.000002,2,-25.729091713984936,2.0,2.0,6.6988066724464025e-12,1.700925205338412e-10,1.7009252050490974e-10
934,"(3.0, 3.0, 3.0, 6.0, 12.0, 13.0, 13.0, 13.0)",1469788320.0000005,1,-25.4321248150152,1.0,1.0,9.015058095173668e-12,6.803700821353647e-10,6.803700816724613e-10
935,"(3.0, 3.0, 3.0, 7.0, 8.0, 9.0, 12.0, 13.0)",14430648959.999998,1,-25.33048528649835,1.0,1.0,9.97952834743155e-12,6.929695281008347e-11,6.92969528052814e-11
936,"(3.0, 3.0, 3.0, 7.0, 9.0, 9.0, 9.0, 13.0)",2718817920.0000005,1,-26.23405956064108,1.0,1.0,4.0428971661021975e-12,3.678069033765968e-10,3.6780690324131487e-10
937,"(3.0, 3.0, 3.0, 7.0, 9.0, 9.0, 12.0, 12.0)",3607662240.0,1,-26.09023177894504,1.0,1.0,4.668273658127534e-12,2.7718781124033387e-10,2.771878111635008e-10
938,"(3.0, 3.0, 3.0, 7.0, 9.0, 9.0, 12.0, 13.0)",7215324479.999999,2,-25.975345405632844,2.0,2.0,5.236617163100197e-12,2.7718781124033387e-10,2.771878111635008e-10
939,"(3.0, 3.0, 3.0, 7.0, 9.0, 12.0, 12.0, 13.0)",5879153280.000001,1,-25.716631250624616,3.0,9.0,6.782799113169965e-12,5.102775616015236e-10,1.5308326845441875e-09
940,"(3.0, 3.0, 3.0, 7.0, 9.0, 12.0, 13.0, 13.0)",5879153280.000001,3,-25.60174487731242,4.0,6.0,7.608577570864479e-12,6.803700821353648e-10,1.0205551227401437e-09
941,"(3.0, 3.0, 3.0, 8.0, 8.0, 9.0, 12.0, 13.0)",7215324480.0,1,-25.19169252043625,1.0,1.0,1.1465340276876126e-11,1.3859390562016694e-10,1.3859390560095867e-10
942,"(3.0, 3.0, 3.0, 8.0, 9.0, 9.0, 12.0, 13.0)",7215324480.0,2,-25.836552639570748,2.0,2.0,6.016276078831476e-12,2.7718781124033387e-10,2.771878111635008e-10
943,"(3.0, 3.0, 3.0, 8.0, 9.0, 11.0, 12.0, 13.0)",14430648960.0,2,-25.49212700748428,2.0,2.0,8.490043368058145e-12,1.3859390562016694e-10,1.3859390560095867e-10
944,"(3.0, 3.0, 3.0, 8.0, 9.0, 12.0, 12.0, 13.0)",6105274559.999997,1,-25.57783848456252,1.0,1.0,7.792662854873474e-12,1.6379279755110644e-10,1.6379279752427836e-10
945,"(3.0, 3.0, 3.0, 8.0, 9.0, 12.0, 13.0, 13.0)",6105274559.999997,6,-25.462952111250324,8.0,12.0,8.7413881534211e-12,1.3103423804088515e-09,1.9655135688962802e-09
946,"(3.0, 3.0, 3.0, 8.0, 9.0, 13.0, 13.0, 14.0)",6105274559.999997,1,-25.271432108587447,1.0,1.0,1.0586599543498644e-11,1.6379279755110644e-10,1.6379279752427836e-10
947,"(3.0, 3.0, 3.0, 9.0, 9.0, 9.0, 12.0, 13.0)",2405108160.0,2,-26.48141275870524,2.0,2.0,3.156956268425905e-12,8.315634337210015e-10,8.315634330295038e-10
948,"(3.0, 3.0, 3.0, 9.0, 9.0, 11.0, 12.0, 13.0)",7215324480.0,2,-26.13698712661877,2.0,2.0,4.455030866071035e-12,2.7718781124033387e-10,2.771878111635008e-10
949,"(3.0, 3.0, 3.0, 9.0, 9.0, 11.0, 14.0, 14.0)",3607662240.0,1,-25.86883349460521,1.0,1.0,5.825166724787902e-12,2.7718781124033387e-10,2.771878111635008e-10
950,"(3.0, 3.0, 3.0, 9.0, 9.0, 12.0, 12.0, 13.0)",3052637279.9999986,1,-26.22269860369701,1.0,1.0,4.089090248697632e-12,3.2758559510221287e-10,3.2758559499490056e-10
951,"(3.0, 3.0, 3.0, 9.0, 9.0, 12.0, 13.0, 13.0)",3052637279.9999986,8,-26.107812230384816,10.0,16.0,4.58692050765174e-12,3.2758559510221287e-09,5.2413695109041735e-09
952,"(3.0, 3.0, 3.0, 9.0, 9.0, 12.0, 13.0, 14.0)",6105274559.999997,1,-26.03117860103413,1.0,1.0,4.9522524569790386e-12,1.6379279755110644e-10,1.6379279752427836e-10
953,"(3.0, 3.0, 3.0, 9.0, 9.0, 13.0, 13.0, 13.0)",1017545759.9999996,1,-25.992925857072628,1.0,1.0,5.145359594402978e-12,9.827567853066386e-10,9.827567843408277e-10
954,"(3.0, 3.0, 3.0, 9.0, 11.0, 12.0, 12.0, 13.0)",6105274559.999997,2,-25.878272971610546,2.0,2.0,5.770438904806598e-12,3.2758559510221287e-10,3.2758559499490056e-10
955,"(3.0, 3.0, 3.0, 9.0, 11.0, 12.0, 13.0, 13.0)",6105274559.999997,8,-25.763386598298347,10.0,14.0,6.472966586892819e-12,1.6379279755110644e-09,2.293099163032682e-09
956,"(3.0, 3.0, 3.0, 9.0, 11.0, 12.0, 13.0, 14.0)",12210549119.999994,1,-25.686752968947665,1.0,1.0,6.988515416913978e-12,8.189639877555322e-11,8.189639876884619e-11
957,"(3.0, 3.0, 3.0, 9.0, 12.0, 12.0, 13.0, 13.0)",2374273439.9999995,2,-25.84909807537658,2.0,2.0,5.94127074453968e-12,8.423629588342615e-10,8.423629581246861e-10
958,"(3.0, 3.0, 3.0, 9.0, 12.0, 12.0, 13.0, 14.0)",4748546879.999999,1,-25.7724644460259,1.0,1.0,6.414471886561439e-12,2.1059073970856538e-10,2.1059073966421692e-10
959,"(3.0, 3.0, 3.0, 9.0, 12.0, 13.0, 13.0, 13.0)",1582848959.9999998,2,-25.7342117020644,2.0,2.0,6.6645965146696985e-12,1.2635444382513922e-09,1.2635444366548476e-09
960,"(3.0, 3.0, 3.0, 9.0, 12.0, 13.0, 13.0, 14.0)",4748546879.999999,1,-25.657578072713704,1.0,1.0,7.1954079887562725e-12,2.1059073970856538e-10,2.1059073966421692e-10
961,"(3.0, 3.0, 4.0, 4.0, 4.0, 9.0, 12.0, 13.0)",8438976000.0,1,-26.18509436740756,1.0,1.0,4.245785095167434e-12,1.1849778930524271e-10,1.18497789291201e-10
962,"(3.0, 3.0, 4.0, 4.0, 4.0, 9.0, 13.0, 13.0)",4219488000.0,1,-26.07020799409536,1.0,1.0,4.762692320207063e-12,2.3699557861048543e-10,2.369955785543185e-10
963,"(3.0, 3.0, 4.0, 4.0, 6.0, 9.0, 12.0, 13.0)",25316928000.0,1,-26.149567378924644,1.0,1.0,4.399336512780125e-12,3.949926310174757e-11,3.949926310018738e-11
964,"(3.0, 3.0, 4.0, 4.0, 7.0, 9.0, 12.0, 13.0)",25316928000.0,1,-25.945586912901447,1.0,1.0,5.394792859266911e-12,3.949926310174757e-11,3.949926310018738e-11
965,"(3.0, 3.0, 4.0, 4.0, 8.0, 9.0, 12.0, 13.0)",28481543999.999992,1,-25.806794146839344,1.0,1.0,6.198001919667464e-12,3.51104560904423e-11,3.5110456089209555e-11
966,"(3.0, 3.0, 4.0, 4.0, 8.0, 9.0, 13.0, 13.0)",14240771999.999996,1,-25.69190777352716,1.0,1.0,6.9525836757557906e-12,7.02209121808846e-11,7.022091217595362e-11
967,"(3.0, 3.0, 4.0, 4.0, 9.0, 9.0, 12.0, 13.0)",14240771999.999996,1,-26.451654265973843,2.0,4.0,3.252314347883162e-12,1.404418243617692e-10,2.808836487038145e-10
968,"(3.0, 3.0, 4.0, 4.0, 9.0, 12.0, 12.0, 13.0)",11603592000.000002,1,-26.19294011096561,1.0,1.0,4.212604089146765e-12,8.618021040381287e-11,8.618021039638584e-11
969,"(3.0, 3.0, 4.0, 4.0, 9.0, 12.0, 13.0, 13.0)",11603592000.000002,4,-26.07805373765342,4.0,4.0,4.72547166042107e-12,3.447208416152515e-10,3.4472084149641904e-10
970,"(3.0, 3.0, 4.0, 4.0, 9.0, 12.0, 13.0, 14.0)",23207184000.000004,2,-26.00142010830273,2.0,2.0,5.101838717646666e-12,8.618021040381287e-11,8.618021039638584e-11
971,"(3.0, 3.0, 4.0, 6.0, 7.0, 8.0, 9.0, 13.0)",59439743999.99997,1,-25.52391396029228,1.0,1.0,8.2244148859633e-12,1.6823760210003605e-11,1.6823760209720567e-11
972,"(3.0, 3.0, 4.0, 6.0, 7.0, 9.0, 9.0, 13.0)",29719871999.999985,1,-26.16877407942677,1.0,1.0,4.31564605549488e-12,3.364752042000721e-11,3.364752041887505e-11
973,"(3.0, 3.0, 4.0, 6.0, 7.0, 9.0, 12.0, 13.0)",50633856000.0,1,-25.910059924418533,1.0,1.0,5.5898988461926355e-12,1.9749631550873786e-11,1.9749631550483738e-11
974,"(3.0, 3.0, 4.0, 6.0, 7.0, 9.0, 12.0, 14.0)",50633856000.0,1,-25.83342629506785,1.0,1.0,6.0351144627735854e-12,1.9749631550873786e-11,1.9749631550483738e-11
975,"(3.0, 3.0, 4.0, 6.0, 8.0, 8.0, 9.0, 13.0)",32196528000.0,1,-25.385121194230173,1.0,1.0,9.44891501511131e-12,3.105924961846818e-11,3.10592496175035e-11
976,"(3.0, 3.0, 4.0, 6.0, 8.0, 9.0, 12.0, 13.0)",56963087999.99999,1,-25.77126715835644,1.0,1.0,6.422156454058283e-12,1.7555228045221147e-11,1.755522804491296e-11
977,"(3.0, 3.0, 4.0, 6.0, 8.0, 9.0, 13.0, 14.0)",56963087999.99999,1,-25.57974715569356,1.0,1.0,7.77780340965661e-12,1.7555228045221147e-11,1.755522804491296e-11
978,"(3.0, 3.0, 4.0, 6.0, 9.0, 9.0, 11.0, 12.0)",32196528000.0,1,-26.445302173724887,1.0,1.0,3.273039101732322e-12,3.105924961846818e-11,3.10592496175035e-11
979,"(3.0, 3.0, 4.0, 6.0, 9.0, 9.0, 12.0, 13.0)",28481543999.999992,6,-26.41612727749093,7.0,9.0,3.3699362876294574e-12,2.4577319263309607e-10,3.159941047535762e-10
980,"(3.0, 3.0, 4.0, 6.0, 9.0, 11.0, 11.0, 13.0)",32196528000.0,1,-25.985990168326225,1.0,1.0,5.181170249263831e-12,3.105924961846818e-11,3.10592496175035e-11
981,"(3.0, 3.0, 4.0, 6.0, 9.0, 11.0, 12.0, 13.0)",56963087999.99999,3,-26.07170164540446,3.0,3.0,4.755583828713538e-12,5.266568413566344e-11,5.2665684132889765e-11
982,"(3.0, 3.0, 4.0, 6.0, 9.0, 11.0, 12.0, 14.0)",56963087999.99999,1,-25.99506801605378,1.0,1.0,5.1343492133403264e-12,1.7555228045221147e-11,1.755522804491296e-11
983,"(3.0, 3.0, 4.0, 6.0, 9.0, 11.0, 13.0, 14.0)",56963087999.99999,1,-25.880181642741583,1.0,1.0,5.7594355388994674e-12,1.7555228045221147e-11,1.755522804491296e-11
984,"(3.0, 3.0, 4.0, 6.0, 9.0, 12.0, 12.0, 13.0)",23207184000.000004,1,-26.15741312248269,1.0,1.0,4.364955495360366e-12,4.309010520190644e-11,4.309010520004968e-11
985,"(3.0, 3.0, 4.0, 6.0, 9.0, 12.0, 13.0, 13.0)",23207184000.000004,9,-26.042526749170506,10.0,12.0,4.896371236372774e-12,4.309010520190644e-10,5.170812622372015e-10
986,"(3.0, 3.0, 4.0, 7.0, 7.0, 9.0, 12.0, 13.0)",25316928000.0,1,-25.706079458395337,2.0,4.0,6.854748731282507e-12,7.899852620349514e-11,1.5799705240074952e-10
987,"(3.0, 3.0, 4.0, 7.0, 8.0, 9.0, 9.0, 13.0)",32196528000.0,1,-25.826000847341472,1.0,1.0,6.080094682199945e-12,3.105924961846818e-11,3.10592496175035e-11
988,"(3.0, 3.0, 4.0, 7.0, 8.0, 9.0, 12.0, 13.0)",56963087999.99999,2,-25.56728669233324,2.0,2.0,7.875324762904818e-12,3.5110456090442294e-11,3.511045608920955e-11
989,"(3.0, 3.0, 4.0, 7.0, 8.0, 9.0, 13.0, 13.0)",28481543999.999992,1,-25.452400319021045,1.0,1.0,8.834113815631993e-12,3.51104560904423e-11,3.5110456089209555e-11
990,"(3.0, 3.0, 4.0, 7.0, 9.0, 9.0, 12.0, 13.0)",28481543999.999992,1,-26.212146811467733,3.0,9.0,4.132465922503179e-12,1.0533136827132689e-10,3.1599410480288596e-10
991,"(3.0, 3.0, 4.0, 7.0, 9.0, 9.0, 13.0, 13.0)",14240771999.999996,1,-26.097260438155544,2.0,4.0,4.635576994941346e-12,1.404418243617692e-10,2.808836487038145e-10
992,"(3.0, 3.0, 4.0, 7.0, 9.0, 12.0, 12.0, 13.0)",23207184000.000004,1,-25.9534326564595,2.0,4.0,5.352632304662417e-12,8.618021040381287e-11,1.7236042080019873e-10
993,"(3.0, 3.0, 4.0, 7.0, 9.0, 12.0, 13.0, 13.0)",23207184000.000004,9,-25.83854628314731,14.0,26.0,6.0042937169202934e-12,6.032614728266902e-10,1.120342734885643e-09
994,"(3.0, 3.0, 4.0, 7.0, 9.0, 13.0, 13.0, 14.0)",23207184000.000004,2,-25.647026280484432,2.0,2.0,7.27173442100301e-12,8.618021040381287e-11,8.618021039638584e-11
995,"(3.0, 3.0, 4.0, 8.0, 8.0, 9.0, 9.0, 12.0)",16098264000.0,1,-25.802094454591565,1.0,1.0,6.227199176561764e-12,6.211849923693636e-11,6.211849923307765e-11
996,"(3.0, 3.0, 4.0, 8.0, 8.0, 9.0, 9.0, 13.0)",16098264000.0,2,-25.687208081279373,3.0,5.0,6.985335581013567e-12,1.8635549771080907e-10,3.105924961499534e-10
997,"(3.0, 3.0, 4.0, 8.0, 8.0, 9.0, 11.0, 13.0)",32196528000.0,1,-25.342782449192903,1.0,1.0,9.85755993344704e-12,3.105924961846818e-11,3.10592496175035e-11
998,"(3.0, 3.0, 4.0, 8.0, 8.0, 9.0, 12.0, 13.0)",29620805760.000008,5,-25.428493926271138,6.0,8.0,9.047850264471816e-12,2.0256032359870545e-10,2.700804314239099e-10
999,"(3.0, 3.0, 4.0, 8.0, 8.0, 11.0, 12.0, 13.0)",29620805760.000008,1,-25.084068294184668,1.0,1.0,1.2768137653015123e-11,3.3760053933117575e-11,3.3760053931977837e-11
1000,"(3.0, 3.0, 4.0, 8.0, 9.0, 9.0, 9.0, 13.0)",10732176000.0,1,-26.332068200413868,2.0,4.0,3.6654566147872635e-12,1.8635549771080907e-10,3.727109953868898e-10
1001,"(3.0, 3.0, 4.0, 8.0, 9.0, 9.0, 12.0, 13.0)",29620805760.000008,7,-26.07335404540564,7.0,7.0,4.747732190799133e-12,2.3632037753182303e-10,2.363203774759757e-10
1002,"(3.0, 3.0, 4.0, 8.0, 9.0, 9.0, 13.0, 13.0)",14810402880.000004,1,-25.95846767209344,1.0,1.0,5.325749451910754e-12,6.752010786623515e-11,6.752010786167618e-11
1003,"(3.0, 3.0, 4.0, 8.0, 9.0, 11.0, 12.0, 13.0)",59241611520.000015,2,-25.728928413319167,2.0,2.0,6.699900681359627e-12,3.3760053933117575e-11,3.3760053931977837e-11
1004,"(3.0, 3.0, 4.0, 8.0, 9.0, 11.0, 13.0, 13.0)",29620805760.000008,2,-25.61404204000697,2.0,2.0,7.515586589057679e-12,6.752010786623515e-11,6.752010786167618e-11
1005,"(3.0, 3.0, 4.0, 8.0, 9.0, 11.0, 13.0, 14.0)",59241611520.000015,1,-25.53740841065629,1.0,1.0,8.1141764042372e-12,1.6880026966558788e-11,1.6880026966273853e-11
1006,"(3.0, 3.0, 4.0, 8.0, 9.0, 12.0, 12.0, 13.0)",25063758720.0,6,-25.8146398903974,6.0,6.0,6.14956424927125e-12,2.393894733439247e-10,2.3938947328661735e-10
1007,"(3.0, 3.0, 4.0, 8.0, 9.0, 12.0, 12.0, 14.0)",25063758720.0,1,-25.73800626104672,1.0,1.0,6.639355230159598e-12,3.9898245557320784e-11,3.9898245555728913e-11
1008,"(3.0, 3.0, 4.0, 8.0, 9.0, 12.0, 13.0, 13.0)",25063758720.0,16,-25.699753517085213,22.0,34.0,6.898248914190199e-12,8.777614022610572e-10,1.3565403481784414e-09
1009,"(3.0, 3.0, 4.0, 8.0, 9.0, 12.0, 13.0, 14.0)",50127517439.99999,3,-25.623119887734525,4.0,6.0,7.44766997316912e-12,7.979649111464158e-11,1.1969473666559488e-10
1010,"(3.0, 3.0, 4.0, 8.0, 9.0, 13.0, 13.0, 14.0)",25063758720.0,1,-25.508233514422333,2.0,4.0,8.3543937786729e-12,7.979649111464157e-11,1.5959298222291565e-10
1011,"(3.0, 3.0, 4.0, 8.0, 11.0, 12.0, 13.0, 13.0)",25063758720.0,2,-25.355327884998744,4.0,8.0,9.734665044911004e-12,1.5959298222928313e-10,3.1918596443309634e-10
1012,"(3.0, 3.0, 4.0, 9.0, 9.0, 11.0, 12.0, 13.0)",29620805760.000008,4,-26.37378853245366,5.0,7.0,3.515678665124927e-12,1.6880026966558788e-10,2.363203775033295e-10
1013,"(3.0, 3.0, 4.0, 9.0, 9.0, 11.0, 12.0, 14.0)",29620805760.000008,1,-26.29715490310297,1.0,1.0,3.795690001226343e-12,3.3760053933117575e-11,3.3760053931977837e-11
1014,"(3.0, 3.0, 4.0, 9.0, 9.0, 11.0, 13.0, 13.0)",14810402880.000004,2,-26.25890215914147,2.0,2.0,3.943698374598435e-12,1.350402157324703e-10,1.3504021571423443e-10
1015,"(3.0, 3.0, 4.0, 9.0, 9.0, 12.0, 12.0, 13.0)",12531879359.999998,4,-26.459500009531897,5.0,7.0,3.2268973614979713e-12,3.9898245557320786e-10,5.58575437643304e-10
1016,"(3.0, 3.0, 4.0, 9.0, 9.0, 12.0, 13.0, 13.0)",12531879359.999998,30,-26.344613636219705,33.0,39.0,3.6197591110288147e-12,2.633284206783172e-09,3.1120631465368358e-09
1017,"(3.0, 3.0, 4.0, 9.0, 9.0, 12.0, 13.0, 14.0)",25063758720.0,5,-26.26798000686902,7.0,11.0,3.908060085489001e-12,2.7928771890124545e-10,4.3888070105252695e-10
1018,"(3.0, 3.0, 4.0, 9.0, 9.0, 13.0, 13.0, 14.0)",12531879359.999998,1,-26.15309363355683,1.0,1.0,4.383850651614768e-12,7.979649111464158e-11,7.97964911082741e-11
1019,"(3.0, 3.0, 4.0, 9.0, 11.0, 11.0, 12.0, 13.0)",29620805760.000008,1,-26.0293629003672,1.0,1.0,4.9612524332268555e-12,3.3760053933117575e-11,3.3760053931977837e-11
1020,"(3.0, 3.0, 4.0, 9.0, 11.0, 12.0, 12.0, 13.0)",25063758720.0,1,-26.11507437744543,1.0,1.0,4.553730278400276e-12,3.9898245557320784e-11,3.9898245555728913e-11
1021,"(3.0, 3.0, 4.0, 9.0, 11.0, 12.0, 13.0, 13.0)",25063758720.0,8,-26.00018800413324,8.0,8.0,5.108128588495095e-12,3.1918596445856627e-10,3.1918596435668657e-10
1022,"(3.0, 3.0, 4.0, 9.0, 11.0, 12.0, 13.0, 14.0)",50127517439.99999,2,-25.92355437478255,2.0,2.0,5.514972912816052e-12,3.989824555732079e-11,3.989824555572892e-11
1023,"(3.0, 3.0, 4.0, 9.0, 12.0, 12.0, 13.0, 13.0)",9747017280.000002,3,-26.08589948121147,4.0,6.0,4.6885418818052226e-12,4.103819543038708e-10,6.155729312873929e-10
1024,"(3.0, 3.0, 4.0, 9.0, 12.0, 12.0, 13.0, 14.0)",19494034560.000004,1,-26.00926585186079,2.0,4.0,5.061967613148319e-12,1.025954885759677e-10,2.0519097714140958e-10
1025,"(3.0, 3.0, 4.0, 9.0, 12.0, 13.0, 13.0, 13.0)",6498011520.000001,5,-25.97101310789928,8.0,16.0,5.2593529613307e-12,1.2311458629116125e-09,2.462291724307505e-09
1026,"(3.0, 3.0, 4.0, 9.0, 12.0, 13.0, 13.0, 14.0)",19494034560.000004,7,-25.8943794785486,8.0,10.0,5.678241770578195e-12,4.103819543038708e-10,5.129774427114251e-10
1027,"(3.0, 3.0, 4.0, 11.0, 12.0, 13.0, 13.0, 13.0)",6498011520.000001,1,-25.62658747581281,1.0,1.0,7.42188924586314e-12,1.5389323286395156e-10,1.5389323284026842e-10
1028,"(3.0, 3.0, 4.0, 11.0, 12.0, 13.0, 13.0, 14.0)",19494034560.000004,1,-25.549953846462124,1.0,1.0,8.013016399987426e-12,5.129774428798385e-11,5.1297744285352396e-11
1029,"(3.0, 3.0, 6.0, 6.0, 7.0, 9.0, 12.0, 13.0)",25316928000.0,1,-25.874532935935623,1.0,1.0,5.792060960596685e-12,3.949926310174757e-11,3.949926310018738e-11
1030,"(3.0, 3.0, 6.0, 6.0, 8.0, 9.0, 12.0, 13.0)",28481543999.999992,1,-25.735740169873523,1.0,1.0,6.65441767443271e-12,3.51104560904423e-11,3.5110456089209555e-11
1031,"(3.0, 3.0, 6.0, 6.0, 9.0, 9.0, 12.0, 12.0)",7120385999.999998,1,-26.49548666232021,1.0,1.0,3.112836765249298e-12,1.404418243617692e-10,1.4044182434204529e-10
1032,"(3.0, 3.0, 6.0, 6.0, 9.0, 9.0, 12.0, 13.0)",14240771999.999996,1,-26.380600289008022,1.0,1.0,3.4918120968452295e-12,7.02209121808846e-11,7.022091217595362e-11
1033,"(3.0, 3.0, 6.0, 6.0, 9.0, 11.0, 12.0, 13.0)",28481543999.999992,1,-26.03617465692156,1.0,1.0,4.927572429668807e-12,3.51104560904423e-11,3.5110456089209555e-11
1034,"(3.0, 3.0, 6.0, 6.0, 9.0, 12.0, 12.0, 13.0)",11603592000.000002,1,-26.121886133999787,1.0,1.0,4.522816783462652e-12,8.618021040381287e-11,8.618021039638584e-11
1035,"(3.0, 3.0, 6.0, 6.0, 9.0, 12.0, 13.0, 13.0)",11603592000.000002,3,-26.0069997606876,3.0,3.0,5.073451500128603e-12,2.585406312114386e-10,2.5854063114459533e-10
1036,"(3.0, 3.0, 6.0, 7.0, 7.0, 9.0, 12.0, 13.0)",25316928000.0,1,-25.67055246991243,1.0,1.0,7.102654916234009e-12,3.949926310174757e-11,3.949926310018738e-11
1037,"(3.0, 3.0, 6.0, 7.0, 8.0, 11.0, 12.0, 13.0)",56963087999.99999,1,-25.187334071763857,1.0,1.0,1.1515420430596973e-11,1.7555228045221147e-11,1.755522804491296e-11
1038,"(3.0, 3.0, 6.0, 7.0, 9.0, 9.0, 12.0, 13.0)",28481543999.999992,2,-26.176619822984826,2.0,2.0,4.28191908285238e-12,7.02209121808846e-11,7.022091217595362e-11
1039,"(3.0, 3.0, 6.0, 7.0, 9.0, 9.0, 12.0, 14.0)",28481543999.999992,1,-26.099986193634138,1.0,1.0,4.622958750487943e-12,3.51104560904423e-11,3.5110456089209555e-11
1040,"(3.0, 3.0, 6.0, 7.0, 9.0, 9.0, 13.0, 13.0)",14240771999.999996,5,-26.06173344967263,5.0,5.0,4.803225475274494e-12,3.5110456090442295e-10,3.5110456078114853e-10
1041,"(3.0, 3.0, 6.0, 7.0, 9.0, 11.0, 12.0, 13.0)",56963087999.99999,1,-25.83219419089836,1.0,1.0,6.042554935243819e-12,1.7555228045221147e-11,1.755522804491296e-11
1042,"(3.0, 3.0, 6.0, 7.0, 9.0, 12.0, 13.0, 13.0)",23207184000.000004,4,-25.8030192946644,4.0,4.0,6.221442675553476e-12,1.7236042080762575e-10,1.7236042077791764e-10
1043,"(3.0, 3.0, 6.0, 7.0, 9.0, 12.0, 13.0, 14.0)",46414368000.00001,4,-25.72638566531372,6.0,10.0,6.716958518153369e-12,1.292703156057193e-10,2.154505259928214e-10
1044,"(3.0, 3.0, 6.0, 8.0, 8.0, 9.0, 12.0, 13.0)",29620805760.000008,2,-25.39296693778823,2.0,2.0,9.375071309182227e-12,6.752010786623515e-11,6.752010786167618e-11
1045,"(3.0, 3.0, 6.0, 8.0, 8.0, 11.0, 12.0, 13.0)",29620805760.000008,1,-25.04854130570176,1.0,1.0,1.322990516902185e-11,3.3760053933117575e-11,3.3760053931977837e-11
1046,"(3.0, 3.0, 6.0, 8.0, 8.0, 12.0, 13.0, 13.0)",12531879359.999998,2,-25.019366409467807,2.0,2.0,1.3621571916872656e-11,1.5959298222928316e-10,1.5959298220381324e-10
1047,"(3.0, 3.0, 6.0, 8.0, 9.0, 9.0, 11.0, 13.0)",32196528000.0,1,-25.952115579844488,1.0,1.0,5.359686776119569e-12,3.105924961846818e-11,3.10592496175035e-11
1048,"(3.0, 3.0, 6.0, 8.0, 9.0, 9.0, 12.0, 13.0)",29620805760.000008,2,-26.037827056922723,2.0,2.0,4.9194368324618465e-12,6.752010786623515e-11,6.752010786167618e-11
1049,"(3.0, 3.0, 6.0, 8.0, 9.0, 9.0, 13.0, 13.0)",14810402880.000004,1,-25.92294068361053,1.0,1.0,5.51835844173493e-12,6.752010786623515e-11,6.752010786167618e-11
1050,"(3.0, 3.0, 6.0, 8.0, 9.0, 9.0, 13.0, 14.0)",29620805760.000008,2,-25.84630705425985,2.0,2.0,5.957876118843702e-12,6.752010786623515e-11,6.752010786167618e-11
1051,"(3.0, 3.0, 6.0, 8.0, 9.0, 11.0, 12.0, 13.0)",59241611520.000015,2,-25.693401424836253,2.0,2.0,6.9422066917740175e-12,3.3760053933117575e-11,3.3760053931977837e-11
1052,"(3.0, 3.0, 6.0, 8.0, 9.0, 11.0, 12.0, 14.0)",59241611520.000015,1,-25.61676779548557,1.0,1.0,7.495128831825933e-12,1.6880026966558788e-11,1.6880026966273853e-11
1053,"(3.0, 3.0, 6.0, 8.0, 9.0, 11.0, 13.0, 13.0)",29620805760.000008,2,-25.578515051524064,4.0,8.0,7.78739237975912e-12,1.350402157324703e-10,2.7008043144670473e-10
1054,"(3.0, 3.0, 6.0, 8.0, 9.0, 11.0, 13.0, 14.0)",59241611520.000015,1,-25.501881422173376,1.0,1.0,8.407630562114405e-12,1.6880026966558788e-11,1.6880026966273853e-11
1055,"(3.0, 3.0, 6.0, 8.0, 9.0, 12.0, 13.0, 13.0)",25063758720.0,16,-25.6642265286023,17.0,19.0,7.147728309891275e-12,6.782701744744533e-10,7.580666651290444e-10
1056,"(3.0, 3.0, 6.0, 8.0, 9.0, 12.0, 13.0, 14.0)",50127517439.99999,3,-25.58759289925161,4.0,6.0,7.717019517872436e-12,7.979649111464158e-11,1.1969473666559488e-10
1057,"(3.0, 3.0, 6.0, 8.0, 11.0, 12.0, 13.0, 13.0)",25063758720.0,2,-25.31980089651583,2.0,2.0,1.0086725166684948e-11,7.979649111464157e-11,7.979649110827409e-11
1058,"(3.0, 3.0, 6.0, 8.0, 12.0, 13.0, 13.0, 13.0)",6498011520.000001,1,-25.290626000281875,2.0,4.0,1.0385339162176835e-11,3.077864657279031e-10,6.155729313610737e-10
1059,"(3.0, 3.0, 6.0, 9.0, 9.0, 11.0, 11.0, 12.0)",16098264000.0,1,-26.367436440204703,2.0,4.0,3.5380816579336887e-12,1.242369984738727e-10,2.484739969323106e-10
1060,"(3.0, 3.0, 6.0, 9.0, 9.0, 11.0, 12.0, 13.0)",29620805760.000008,3,-26.338261543970752,3.0,3.0,3.642825336659222e-12,1.0128016179935273e-10,1.0128016178909505e-10
1061,"(3.0, 3.0, 6.0, 9.0, 9.0, 11.0, 13.0, 13.0)",14810402880.000004,1,-26.22337517065856,1.0,1.0,4.0863246409974535e-12,6.752010786623515e-11,6.752010786167618e-11
1062,"(3.0, 3.0, 6.0, 9.0, 9.0, 12.0, 12.0, 13.0)",12531879359.999998,1,-26.423973021048987,1.0,1.0,3.3436000803691026e-12,7.979649111464158e-11,7.97964911082741e-11
1063,"(3.0, 3.0, 6.0, 9.0, 9.0, 12.0, 13.0, 13.0)",12531879359.999998,23,-26.3090866477368,29.0,43.0,3.750669915616484e-12,2.3140982423246055e-09,3.4312491125745373e-09
1064,"(3.0, 3.0, 6.0, 9.0, 9.0, 12.0, 13.0, 14.0)",25063758720.0,1,-26.23245301838611,1.0,1.0,4.049397471341457e-12,3.9898245557320784e-11,3.9898245555728913e-11
1065,"(3.0, 3.0, 6.0, 9.0, 9.0, 13.0, 13.0, 13.0)",4177293120.0,2,-26.194200274424603,2.0,2.0,4.2072988628346465e-12,4.787789466878494e-10,4.7877894645862e-10
1066,"(3.0, 3.0, 6.0, 9.0, 9.0, 13.0, 13.0, 14.0)",12531879359.999998,2,-26.11756664507392,3.0,5.0,4.542395294612299e-12,2.3938947334392473e-10,3.9898245551590053e-10
1067,"(3.0, 3.0, 6.0, 9.0, 11.0, 11.0, 12.0, 13.0)",29620805760.000008,3,-25.993835911884283,4.0,6.0,5.140679165192985e-12,1.350402157324703e-10,2.0256032358046958e-10
1068,"(3.0, 3.0, 6.0, 9.0, 11.0, 12.0, 12.0, 13.0)",25063758720.0,3,-26.07954738896252,5.0,11.0,4.7184187221158854e-12,1.994912277866039e-10,4.3888070109073184e-10
1069,"(3.0, 3.0, 6.0, 9.0, 11.0, 12.0, 13.0, 13.0)",25063758720.0,14,-25.96466101565033,20.0,34.0,5.292867186547064e-12,7.979649111464156e-10,1.3565403483121587e-09
1070,"(3.0, 3.0, 6.0, 9.0, 11.0, 12.0, 13.0, 14.0)",50127517439.99999,3,-25.88802738629964,4.0,6.0,5.71442528496324e-12,7.979649111464158e-11,1.1969473666559488e-10
1071,"(3.0, 3.0, 6.0, 9.0, 11.0, 13.0, 13.0, 14.0)",25063758720.0,1,-25.77314101298745,2.0,4.0,6.4101335345655124e-12,7.979649111464157e-11,1.5959298222291565e-10
1072,"(3.0, 3.0, 6.0, 9.0, 12.0, 12.0, 12.0, 13.0)",6498011520.000001,1,-26.16525886604075,1.0,1.0,4.330843167174793e-12,1.5389323286395156e-10,1.5389323284026842e-10
1073,"(3.0, 3.0, 6.0, 9.0, 12.0, 12.0, 13.0, 13.0)",9747017280.000002,3,-26.050372492728563,5.0,9.0,4.858105869701566e-12,5.129774428798385e-10,9.233593969205635e-10
1074,"(3.0, 3.0, 6.0, 9.0, 12.0, 13.0, 13.0, 13.0)",6498011520.000001,1,-25.93548611941637,1.0,1.0,5.449560681419232e-12,1.5389323286395156e-10,1.5389323284026842e-10
1075,"(3.0, 3.0, 6.0, 9.0, 12.0, 13.0, 13.0, 14.0)",19494034560.000004,9,-25.858852490065686,10.0,12.0,5.883598860934038e-12,5.129774428798385e-10,6.155729311926603e-10
1076,"(3.0, 3.0, 6.0, 9.0, 13.0, 13.0, 13.0, 13.0)",1624502880.0000002,1,-25.82059974610418,1.0,1.0,6.113022732930844e-12,6.155729314558062e-10,6.155729310768762e-10
1077,"(3.0, 3.0, 6.0, 11.0, 12.0, 12.0, 13.0, 13.0)",9747017280.000002,1,-25.705946860642094,1.0,1.0,6.855657715826644e-12,1.025954885759677e-10,1.0259548856544187e-10
1078,"(3.0, 3.0, 6.0, 11.0, 12.0, 13.0, 13.0, 13.0)",6498011520.000001,1,-25.5910604873299,1.0,1.0,7.690306414778133e-12,1.5389323286395156e-10,1.5389323284026842e-10
1079,"(3.0, 3.0, 7.0, 7.0, 8.0, 9.0, 12.0, 12.0)",14240771999.999996,1,-25.44266561113933,1.0,1.0,8.920531274940657e-12,7.02209121808846e-11,7.022091217595362e-11
1080,"(3.0, 3.0, 7.0, 7.0, 8.0, 9.0, 12.0, 13.0)",28481543999.999992,2,-25.32777923782713,2.0,2.0,1.000657000837938e-11,7.02209121808846e-11,7.022091217595362e-11
1081,"(3.0, 3.0, 7.0, 7.0, 9.0, 9.0, 9.0, 13.0)",5366088000.0,1,-26.23135351196986,1.0,1.0,4.053852258427845e-12,1.8635549771080907e-10,1.863554976760807e-10
1082,"(3.0, 3.0, 7.0, 7.0, 9.0, 9.0, 12.0, 13.0)",14240771999.999996,3,-25.97263935696163,4.0,6.0,5.250806894408912e-12,2.808836487235384e-10,4.2132547300641194e-10
1083,"(3.0, 3.0, 7.0, 7.0, 9.0, 9.0, 13.0, 13.0)",7120385999.999998,1,-25.85775298364944,1.0,1.0,5.8900714733196054e-12,1.404418243617692e-10,1.4044182434204529e-10
1084,"(3.0, 3.0, 7.0, 7.0, 9.0, 11.0, 12.0, 13.0)",28481543999.999992,1,-25.62821372487516,2.0,4.0,7.409829214401526e-12,7.02209121808846e-11,1.4044182435683822e-10
1085,"(3.0, 3.0, 7.0, 7.0, 9.0, 11.0, 13.0, 14.0)",28481543999.999992,1,-25.436693722212283,1.0,1.0,8.973963082497975e-12,3.51104560904423e-11,3.5110456089209555e-11
1086,"(3.0, 3.0, 7.0, 7.0, 9.0, 12.0, 12.0, 13.0)",11603592000.000002,3,-25.7139252019534,6.0,18.0,6.801178554312822e-12,5.170812624228772e-10,1.5512437870012586e-09
1087,"(3.0, 3.0, 7.0, 7.0, 9.0, 12.0, 12.0, 14.0)",11603592000.000002,1,-25.63729157260271,3.0,9.0,7.342868303421292e-12,2.585406312114386e-10,7.756218935674726e-10
1088,"(3.0, 3.0, 7.0, 7.0, 9.0, 12.0, 13.0, 13.0)",11603592000.000002,3,-25.5990388286412,3.0,3.0,7.629194634898324e-12,2.585406312114386e-10,2.5854063114459533e-10
1089,"(3.0, 3.0, 7.0, 7.0, 11.0, 12.0, 13.0, 13.0)",11603592000.000002,1,-25.254613196554736,1.0,1.0,1.0766160406359475e-11,8.618021040381287e-11,8.618021039638584e-11
1090,"(3.0, 3.0, 7.0, 8.0, 8.0, 8.0, 9.0, 13.0)",10732176000.0,1,-24.80284050763877,1.0,1.0,1.691465842290486e-11,9.317774885540453e-11,9.317774884672244e-11
1091,"(3.0, 3.0, 7.0, 8.0, 8.0, 9.0, 12.0, 13.0)",29620805760.000008,1,-25.18898647176504,1.0,1.0,1.149640806220858e-11,3.3760053933117575e-11,3.3760053931977837e-11
1092,"(3.0, 3.0, 7.0, 8.0, 8.0, 9.0, 13.0, 13.0)",14810402880.000004,1,-25.07410009845284,1.0,1.0,1.2896049413845366e-11,6.752010786623515e-11,6.752010786167618e-11
1093,"(3.0, 3.0, 7.0, 8.0, 8.0, 12.0, 12.0, 13.0)",12531879359.999998,1,-24.9302723167568,2.0,4.0,1.4890877828239952e-11,1.5959298222928316e-10,3.191859644330964e-10
1094,"(3.0, 3.0, 7.0, 8.0, 8.0, 12.0, 13.0, 13.0)",12531879359.999998,1,-24.815385943444607,1.0,1.0,1.670378219435115e-11,7.979649111464158e-11,7.97964911082741e-11
1095,"(3.0, 3.0, 7.0, 8.0, 9.0, 9.0, 12.0, 13.0)",29620805760.000008,6,-25.83384659089953,8.0,14.0,6.032578462293711e-12,2.700804314649406e-10,4.726407549907026e-10
1096,"(3.0, 3.0, 7.0, 8.0, 9.0, 9.0, 13.0, 13.0)",14810402880.000004,5,-25.718960217587338,7.0,11.0,6.767020579094915e-12,4.726407550636461e-10,7.427211863051973e-10
1097,"(3.0, 3.0, 7.0, 8.0, 9.0, 9.0, 13.0, 14.0)",29620805760.000008,1,-25.64232658823665,1.0,1.0,7.30598976663038e-12,3.3760053933117575e-11,3.3760053931977837e-11
1098,"(3.0, 3.0, 7.0, 8.0, 9.0, 11.0, 12.0, 13.0)",59241611520.000015,7,-25.489420958813056,9.0,13.0,8.513048951708877e-12,1.519202426990291e-10,2.1944035054218448e-10
1099,"(3.0, 3.0, 7.0, 8.0, 9.0, 12.0, 12.0, 13.0)",25063758720.0,1,-25.57513243589129,1.0,1.0,7.81377873725453e-12,3.9898245557320784e-11,3.9898245555728913e-11
1100,"(3.0, 3.0, 7.0, 8.0, 9.0, 12.0, 13.0, 13.0)",25063758720.0,10,-25.460246062579102,10.0,10.0,8.76507480938606e-12,3.989824555732078e-10,3.9898245541402083e-10
1101,"(3.0, 3.0, 7.0, 8.0, 9.0, 12.0, 13.0, 14.0)",50127517439.99999,4,-25.38361243322841,5.0,7.0,9.463181929570765e-12,9.974561389330197e-11,1.3964385944067355e-10
1102,"(3.0, 3.0, 7.0, 8.0, 9.0, 13.0, 13.0, 14.0)",25063758720.0,1,-25.268726059916222,1.0,1.0,1.0615286193356178e-11,3.9898245557320784e-11,3.9898245555728913e-11
1103,"(3.0, 3.0, 7.0, 8.0, 11.0, 12.0, 13.0, 13.0)",25063758720.0,3,-25.11582043049264,4.0,6.0,1.2369090826432776e-11,1.5959298222928313e-10,2.3938947331845475e-10
1104,"(3.0, 3.0, 7.0, 8.0, 12.0, 13.0, 13.0, 14.0)",19494034560.000004,1,-25.01001190490799,1.0,1.0,1.3749592826013556e-11,5.129774428798385e-11,5.1297744285352396e-11
1105,"(3.0, 3.0, 7.0, 9.0, 9.0, 9.0, 12.0, 13.0)",9873601920.000002,1,-26.478706710034025,1.0,1.0,3.165510714895276e-12,1.0128016179935274e-10,1.0128016178909507e-10
1106,"(3.0, 3.0, 7.0, 9.0, 9.0, 11.0, 12.0, 13.0)",29620805760.000008,7,-26.13428107794756,8.0,10.0,4.467102722575449e-12,2.700804314649406e-10,3.3760053925823233e-10
1107,"(3.0, 3.0, 7.0, 9.0, 9.0, 11.0, 13.0, 13.0)",14810402880.000004,1,-26.01939470463536,1.0,1.0,5.010954476853257e-12,6.752010786623515e-11,6.752010786167618e-11
1108,"(3.0, 3.0, 7.0, 9.0, 9.0, 12.0, 12.0, 13.0)",12531879359.999998,8,-26.21999255502579,11.0,17.0,4.100170511034747e-12,8.777614022610574e-10,1.3565403481784416e-09
1109,"(3.0, 3.0, 7.0, 9.0, 9.0, 12.0, 13.0, 13.0)",12531879359.999998,29,-26.1051061817136,32.0,38.0,4.59934974727549e-12,2.5534877156685306e-09,3.0322666558360803e-09
1110,"(3.0, 3.0, 7.0, 9.0, 9.0, 12.0, 13.0, 14.0)",25063758720.0,7,-26.02847255236292,10.0,18.0,4.965671641454186e-12,3.989824555732078e-10,7.181684198725871e-10
1111,"(3.0, 3.0, 7.0, 9.0, 9.0, 13.0, 13.0, 13.0)",4177293120.0,2,-25.99021980840141,2.0,2.0,5.1593020438617374e-12,4.787789466878494e-10,4.7877894645862e-10
1112,"(3.0, 3.0, 7.0, 9.0, 9.0, 13.0, 13.0, 14.0)",12531879359.999998,1,-25.91358617905072,1.0,1.0,5.570222152398209e-12,7.979649111464158e-11,7.97964911082741e-11
1113,"(3.0, 3.0, 7.0, 9.0, 11.0, 11.0, 12.0, 13.0)",29620805760.000008,1,-25.78985544586109,1.0,1.0,6.303882226695048e-12,3.3760053933117575e-11,3.3760053931977837e-11
1114,"(3.0, 3.0, 7.0, 9.0, 11.0, 11.0, 13.0, 13.0)",14810402880.000004,2,-25.67496907254889,2.0,2.0,7.071354483471853e-12,1.350402157324703e-10,1.3504021571423443e-10
1115,"(3.0, 3.0, 7.0, 9.0, 11.0, 11.0, 13.0, 14.0)",29620805760.000008,1,-25.59833544319821,2.0,4.0,7.634562787064963e-12,6.752010786623515e-11,1.3504021572791135e-10
1116,"(3.0, 3.0, 7.0, 9.0, 11.0, 12.0, 12.0, 13.0)",25063758720.0,4,-25.87556692293932,4.0,4.0,5.786075140002454e-12,1.5959298222928313e-10,1.595929822038132e-10
1117,"(3.0, 3.0, 7.0, 9.0, 11.0, 12.0, 12.0, 14.0)",25063758720.0,1,-25.798933293588632,1.0,1.0,6.246915502577997e-12,3.9898245557320784e-11,3.9898245555728913e-11
1118,"(3.0, 3.0, 7.0, 9.0, 11.0, 12.0, 13.0, 13.0)",25063758720.0,12,-25.76068054962713,14.0,18.0,6.490506470710495e-12,5.585754378024909e-10,7.181684197197676e-10
1119,"(3.0, 3.0, 7.0, 9.0, 11.0, 12.0, 13.0, 14.0)",50127517439.99999,1,-25.684046920276444,1.0,1.0,7.007452290266465e-12,1.9949122778660395e-11,1.9949122778262428e-11
1120,"(3.0, 3.0, 7.0, 9.0, 11.0, 13.0, 13.0, 13.0)",8354586239.999999,2,-25.645794176314936,3.0,5.0,7.28069947710996e-12,3.590842100158871e-10,5.984736832308703e-10
1121,"(3.0, 3.0, 7.0, 9.0, 12.0, 12.0, 13.0, 13.0)",9747017280.000002,5,-25.846392026705367,6.0,8.0,5.957369885048061e-12,6.155729314558062e-10,8.207639082288116e-10
1122,"(3.0, 3.0, 7.0, 9.0, 12.0, 13.0, 13.0, 13.0)",6498011520.000001,5,-25.73150565339317,8.0,16.0,6.682655660656356e-12,1.2311458629116125e-09,2.462291724307505e-09
1123,"(3.0, 3.0, 7.0, 9.0, 12.0, 13.0, 13.0, 14.0)",19494034560.000004,7,-25.65487202404249,7.0,7.0,7.21490548166763e-12,3.59084210015887e-10,3.590842098869455e-10
1124,"(3.0, 3.0, 7.0, 11.0, 12.0, 13.0, 13.0, 14.0)",19494034560.000004,1,-25.31044639195602,3.0,9.0,1.0181524190907175e-11,1.5389323286395156e-10,4.6167969856817157e-10
1125,"(3.0, 3.0, 8.0, 8.0, 8.0, 9.0, 12.0, 13.0)",9493847999.999998,2,-25.05019370570293,2.0,2.0,1.3208062125397802e-11,2.1066273654265377e-10,2.10662736498275e-10
1126,"(3.0, 3.0, 8.0, 8.0, 9.0, 9.0, 12.0, 13.0)",14240771999.999998,7,-25.69505382483743,8.0,10.0,6.930744861800263e-12,5.617672974470767e-10,7.022091214932634e-10
1127,"(3.0, 3.0, 8.0, 8.0, 9.0, 9.0, 13.0, 13.0)",7120385999.999999,1,-25.580167451525234,1.0,1.0,7.774535118176706e-12,1.4044182436176917e-10,1.4044182434204526e-10
1128,"(3.0, 3.0, 8.0, 8.0, 9.0, 11.0, 12.0, 13.0)",28481544000.0,2,-25.35062819275096,2.0,2.0,9.780522648664648e-12,7.022091218088457e-11,7.02209121759536e-11
1129,"(3.0, 3.0, 8.0, 8.0, 9.0, 11.0, 13.0, 13.0)",14240771999.999998,2,-25.23574181943877,3.0,5.0,1.0971261866132891e-11,2.1066273654265375e-10,3.5110456086004414e-10
1130,"(3.0, 3.0, 8.0, 8.0, 9.0, 12.0, 12.0, 13.0)",12531879360.0,6,-25.436339669829195,6.0,6.0,8.977140898036462e-12,4.787789466878494e-10,4.7877894645862e-10
1131,"(3.0, 3.0, 8.0, 8.0, 9.0, 12.0, 13.0, 13.0)",12531879360.0,10,-25.321453296517003,10.0,10.0,1.007007162495314e-11,7.979649111464156e-10,7.979649105096676e-10
1132,"(3.0, 3.0, 8.0, 8.0, 9.0, 12.0, 13.0, 14.0)",25063758720.0,2,-25.24481966716632,4.0,10.0,1.0872117112873111e-11,1.5959298222928313e-10,3.989824555477379e-10
1133,"(3.0, 3.0, 8.0, 8.0, 9.0, 13.0, 13.0, 14.0)",12531879360.0,2,-25.12993329385413,2.0,2.0,1.2195753557288759e-11,1.5959298222928313e-10,1.595929822038132e-10
1134,"(3.0, 3.0, 8.0, 8.0, 11.0, 12.0, 12.0, 13.0)",12531879360.0,1,-25.091914037742725,3.0,9.0,1.266835406933346e-11,2.393894733439247e-10,7.181684199744668e-10
1135,"(3.0, 3.0, 8.0, 8.0, 11.0, 12.0, 13.0, 13.0)",12531879360.0,1,-24.977027664430537,1.0,1.0,1.4210675124454969e-11,7.979649111464157e-11,7.979649110827409e-11
1136,"(3.0, 3.0, 8.0, 8.0, 12.0, 12.0, 13.0, 14.0)",10121902559.999996,1,-24.986105512158083,1.0,1.0,1.4082256543615365e-11,9.879565566574673e-11,9.879565565598615e-11
1137,"(3.0, 3.0, 8.0, 9.0, 9.0, 9.0, 12.0, 13.0)",9493847999.999998,4,-26.33991394397192,5.0,7.0,3.636810902562629e-12,5.266568413566344e-10,7.373195776219208e-10
1138,"(3.0, 3.0, 8.0, 9.0, 9.0, 9.0, 12.0, 14.0)",9493847999.999998,1,-26.26328031462124,1.0,1.0,3.926469991738352e-12,1.0533136827132689e-10,1.0533136826023218e-10
1139,"(3.0, 3.0, 8.0, 9.0, 9.0, 11.0, 12.0, 13.0)",28481544000.0,1,-25.995488311885453,2.0,4.0,5.132191721191839e-12,7.022091218088457e-11,1.4044182435683817e-10
1140,"(3.0, 3.0, 8.0, 9.0, 9.0, 12.0, 12.0, 13.0)",12531879360.0,7,-26.081199788963687,7.0,7.0,4.710628445113386e-12,5.585754378024909e-10,5.585754374904844e-10
1141,"(3.0, 3.0, 8.0, 9.0, 9.0, 12.0, 13.0, 13.0)",12531879360.0,46,-25.9663134156515,56.0,82.0,5.2841284747139106e-12,4.468603502419927e-09,6.543312251432191e-09
1142,"(3.0, 3.0, 8.0, 9.0, 9.0, 12.0, 13.0, 14.0)",25063758720.0,8,-25.88967978630081,10.0,14.0,5.704990565727453e-12,3.989824555732078e-10,5.585754376433039e-10
1143,"(3.0, 3.0, 8.0, 9.0, 9.0, 13.0, 13.0, 13.0)",4177293120.0,2,-25.85142704233931,2.0,2.0,5.92744982174247e-12,4.787789466878494e-10,4.7877894645862e-10
1144,"(3.0, 3.0, 8.0, 9.0, 11.0, 11.0, 12.0, 13.0)",28481544000.0,2,-25.651062679798983,2.0,2.0,7.2424419549860184e-12,7.022091218088457e-11,7.02209121759536e-11
1145,"(3.0, 3.0, 8.0, 9.0, 11.0, 12.0, 12.0, 13.0)",25063758720.0,7,-25.73677415687722,7.0,7.0,6.647540649030316e-12,2.7928771890124545e-10,2.792877188232438e-10
1146,"(3.0, 3.0, 8.0, 9.0, 11.0, 12.0, 13.0, 13.0)",25063758720.0,16,-25.62188778356503,20.0,30.0,7.456851933800503e-12,7.979649111464156e-10,1.1969473660828756e-09
1147,"(3.0, 3.0, 8.0, 9.0, 11.0, 12.0, 13.0, 14.0)",50127517440.0,2,-25.54525415421434,2.0,2.0,8.050763742011709e-12,3.9898245557320784e-11,3.9898245555728913e-11
1148,"(3.0, 3.0, 8.0, 9.0, 11.0, 13.0, 13.0, 13.0)",8354586240.0,3,-25.50700141025284,3.0,3.0,8.36469360600829e-12,3.5908421001588704e-10,3.5908420988694556e-10
1149,"(3.0, 3.0, 8.0, 9.0, 11.0, 13.0, 13.0, 14.0)",25063758720.0,3,-25.430367780902152,3.0,3.0,9.03091178343496e-12,1.1969473667196234e-10,1.1969473665763552e-10
1150,"(3.0, 3.0, 8.0, 9.0, 12.0, 12.0, 13.0, 13.0)",10121902559.999996,8,-25.707599260643264,9.0,11.0,6.8443387812881725e-12,8.891609009917206e-10,1.086752211532607e-09
1151,"(3.0, 3.0, 8.0, 9.0, 12.0, 12.0, 13.0, 14.0)",20243805119.999992,4,-25.630965631292582,4.0,4.0,7.38946608939241e-12,1.9759131133149346e-10,1.9759131129245113e-10
1152,"(3.0, 3.0, 8.0, 9.0, 12.0, 13.0, 13.0, 13.0)",6747935039.999997,13,-25.592712887331075,17.0,27.0,7.677609445574304e-12,2.519289219476542e-09,4.001224048115925e-09
1153,"(3.0, 3.0, 8.0, 9.0, 12.0, 13.0, 13.0, 14.0)",20243805119.999992,11,-25.516079257980387,11.0,11.0,8.289103806605083e-12,5.43376106161607e-10,5.433761058663494e-10
1154,"(3.0, 3.0, 8.0, 9.0, 12.0, 13.0, 14.0, 14.0)",20243805119.999992,6,-25.439445628629706,9.0,17.0,8.949301524614709e-12,4.445804504958603e-10,8.397630729611955e-10
1155,"(3.0, 3.0, 8.0, 9.0, 13.0, 13.0, 13.0, 14.0)",6747935039.999997,1,-25.4011928846682,1.0,1.0,9.298268790394293e-12,1.481934834986201e-10,1.481934834766588e-10
1156,"(3.0, 3.0, 8.0, 9.0, 13.0, 13.0, 14.0, 14.0)",10121902559.999996,1,-25.32455925531751,1.0,1.0,1.0038842920008576e-11,9.879565566574673e-11,9.879565565598615e-11
1157,"(3.0, 3.0, 8.0, 11.0, 11.0, 12.0, 13.0, 13.0)",12531879360.0,2,-25.27746215147856,3.0,5.0,1.0522953979773326e-11,2.393894733439247e-10,3.989824555159005e-10
1158,"(3.0, 3.0, 8.0, 11.0, 11.0, 12.0, 13.0, 14.0)",25063758720.0,1,-25.200828522127875,1.0,1.0,1.136106994095011e-11,3.9898245557320784e-11,3.9898245555728913e-11
1159,"(3.0, 3.0, 8.0, 11.0, 11.0, 13.0, 13.0, 13.0)",4177293120.0,1,-25.16257577816637,1.0,1.0,1.1804081219843665e-11,2.393894733439247e-10,2.3938947328661735e-10
1160,"(3.0, 3.0, 8.0, 11.0, 12.0, 12.0, 13.0, 13.0)",10121902559.999996,1,-25.3631736285568,1.0,1.0,9.658588189341354e-12,9.879565566574673e-11,9.879565565598615e-11
1161,"(3.0, 3.0, 8.0, 11.0, 12.0, 13.0, 13.0, 13.0)",6747935039.999997,3,-25.248287255244605,3.0,3.0,1.0834482377776667e-11,4.445804504958603e-10,4.4458045029820856e-10
1162,"(3.0, 3.0, 8.0, 11.0, 12.0, 13.0, 13.0, 14.0)",20243805119.999992,1,-25.17165362589392,1.0,1.0,1.1697410470910725e-11,4.9397827832873364e-11,4.939782783043322e-11
1163,"(3.0, 3.0, 8.0, 12.0, 12.0, 13.0, 13.0, 14.0)",7497705599.999999,1,-25.25736510297215,1.0,1.0,1.0736573669084045e-11,1.3337413514875806e-10,1.333741351309694e-10
1164,"(3.0, 3.0, 9.0, 9.0, 9.0, 9.0, 12.0, 13.0)",2373461999.9999995,1,-26.98477406310642,1.0,1.0,1.9083653784310067e-12,4.2132547308530755e-10,4.213254729077924e-10
1165,"(3.0, 3.0, 9.0, 9.0, 9.0, 9.0, 13.0, 13.0)",1186730999.9999998,1,-26.869887689794226,1.0,1.0,2.1407011726399946e-12,8.426509461706151e-10,8.426509454605545e-10
1166,"(3.0, 3.0, 9.0, 9.0, 9.0, 11.0, 12.0, 13.0)",9493847999.999998,1,-26.64034843101995,1.0,1.0,2.6930454341993707e-12,1.0533136827132689e-10,1.0533136826023218e-10
1167,"(3.0, 3.0, 9.0, 9.0, 9.0, 12.0, 12.0, 13.0)",4177293120.0,4,-26.726059908098183,5.0,7.0,2.471836033314885e-12,1.1969473667196235e-09,1.6757263119747898e-09
1168,"(3.0, 3.0, 9.0, 9.0, 9.0, 12.0, 13.0, 13.0)",4177293120.0,20,-26.611173534786,23.0,29.0,2.7727721089979916e-12,5.505957886910268e-09,6.942294696658244e-09
1169,"(3.0, 3.0, 9.0, 9.0, 9.0, 12.0, 13.0, 14.0)",8354586240.0,3,-26.53453990543531,3.0,3.0,2.9936135728801056e-12,3.5908421001588704e-10,3.5908420988694556e-10
1170,"(3.0, 3.0, 9.0, 9.0, 9.0, 13.0, 13.0, 13.0)",1392431040.0,1,-26.4962871614738,1.0,1.0,3.1103459391385657e-12,7.181684200317741e-10,7.181684195160082e-10
1171,"(3.0, 3.0, 9.0, 9.0, 9.0, 13.0, 13.0, 14.0)",4177293120.0,2,-26.41965353212312,2.0,2.0,3.3580739612684637e-12,4.787789466878494e-10,4.7877894645862e-10
1172,"(3.0, 3.0, 9.0, 9.0, 11.0, 11.0, 12.0, 13.0)",14240771999.999998,4,-26.29592279893348,4.0,4.0,3.80036956896842e-12,2.8088364872353835e-10,2.8088364864464274e-10
1173,"(3.0, 3.0, 9.0, 9.0, 11.0, 12.0, 12.0, 13.0)",12531879360.0,6,-26.38163427601172,8.0,12.0,3.48820347447356e-12,6.383719289171325e-10,9.5755789296818e-10
1174,"(3.0, 3.0, 9.0, 9.0, 11.0, 12.0, 13.0, 13.0)",12531879360.0,39,-26.266747902699528,47.0,71.0,3.912878190208893e-12,3.750435082388154e-09,5.665550855073788e-09
1175,"(3.0, 3.0, 9.0, 9.0, 11.0, 12.0, 13.0, 14.0)",25063758720.0,4,-26.19011427334884,4.0,4.0,4.224525059677138e-12,1.5959298222928313e-10,1.595929822038132e-10
1176,"(3.0, 3.0, 9.0, 9.0, 11.0, 13.0, 13.0, 13.0)",4177293120.0,4,-26.15186152938733,4.0,4.0,4.389255341167623e-12,9.575578933756987e-10,9.575578924587816e-10
1177,"(3.0, 3.0, 9.0, 9.0, 11.0, 13.0, 13.0, 14.0)",12531879360.0,1,-26.075227900036648,1.0,1.0,4.738843961072631e-12,7.979649111464157e-11,7.979649110827409e-11
1178,"(3.0, 3.0, 9.0, 9.0, 11.0, 13.0, 14.0, 14.0)",12531879360.0,1,-25.998594270685963,1.0,1.0,5.116276074615595e-12,7.979649111464157e-11,7.979649110827409e-11
1179,"(3.0, 3.0, 9.0, 9.0, 12.0, 12.0, 12.0, 13.0)",3373967519.9999986,4,-26.46734575308995,4.0,4.0,3.2016790100317346e-12,1.185547867988961e-09,1.1855478665834371e-09
1180,"(3.0, 3.0, 9.0, 9.0, 12.0, 12.0, 13.0, 13.0)",5060951279.999998,25,-26.352459379777763,30.0,42.0,3.5914705269002194e-12,5.927739339944804e-09,8.298835040784632e-09
1181,"(3.0, 3.0, 9.0, 9.0, 12.0, 12.0, 13.0, 14.0)",10121902559.999996,5,-26.275825750427074,5.0,5.0,3.877518415969868e-12,4.939782783287337e-10,4.939782780847191e-10
1182,"(3.0, 3.0, 9.0, 9.0, 12.0, 13.0, 13.0, 13.0)",3373967519.9999986,20,-26.237573006465567,22.0,26.0,4.028717590107566e-12,6.520513273939285e-09,7.706061099411153e-09
1183,"(3.0, 3.0, 9.0, 9.0, 12.0, 13.0, 13.0, 14.0)",10121902559.999996,33,-26.16093937711489,38.0,50.0,4.3495906569130184e-12,3.754234915298376e-09,4.939782769193057e-09
1184,"(3.0, 3.0, 9.0, 9.0, 12.0, 13.0, 14.0, 14.0)",10121902559.999996,1,-26.0843057477642,2.0,4.0,4.696020125401763e-12,1.9759131133149346e-10,3.951826226239446e-10
1185,"(3.0, 3.0, 9.0, 9.0, 13.0, 13.0, 13.0, 13.0)",843491879.9999996,1,-26.12268663315338,1.0,1.0,4.519197721177047e-12,1.185547867988961e-09,1.1855478665834371e-09
1186,"(3.0, 3.0, 9.0, 9.0, 13.0, 13.0, 13.0, 14.0)",3373967519.9999986,4,-26.04605300380269,4.0,4.0,4.879135790764045e-12,1.185547867988961e-09,1.1855478665834371e-09
1187,"(3.0, 3.0, 9.0, 11.0, 11.0, 11.0, 12.0, 13.0)",9493847999.999998,2,-25.95149716684701,2.0,2.0,5.363002301160563e-12,2.1066273654265377e-10,2.10662736498275e-10
1188,"(3.0, 3.0, 9.0, 11.0, 11.0, 11.0, 12.0, 14.0)",9493847999.999998,1,-25.874863537496324,1.0,1.0,5.790146412697133e-12,1.0533136827132689e-10,1.0533136826023218e-10
1189,"(3.0, 3.0, 9.0, 11.0, 11.0, 12.0, 12.0, 13.0)",12531879360.0,1,-26.037208643925247,1.0,1.0,4.9224800170147565e-12,7.979649111464157e-11,7.979649110827409e-11
1190,"(3.0, 3.0, 9.0, 11.0, 11.0, 12.0, 13.0, 13.0)",12531879360.0,15,-25.92232227061306,15.0,15.0,5.5217721217432585e-12,1.1969473667196235e-09,1.1969473652869405e-09
1191,"(3.0, 3.0, 9.0, 11.0, 11.0, 12.0, 13.0, 14.0)",25063758720.0,1,-25.84568864126237,1.0,1.0,5.961561686356934e-12,3.9898245557320784e-11,3.9898245555728913e-11
1192,"(3.0, 3.0, 9.0, 11.0, 12.0, 12.0, 12.0, 13.0)",6747935039.999997,1,-26.12292012100348,1.0,1.0,4.518142666592946e-12,1.481934834986201e-10,1.481934834766588e-10
1193,"(3.0, 3.0, 9.0, 11.0, 12.0, 12.0, 13.0, 13.0)",10121902559.999996,9,-26.008033747691293,12.0,20.0,5.068208328366462e-12,1.185547867988961e-09,1.975913111909411e-09
1194,"(3.0, 3.0, 9.0, 11.0, 12.0, 12.0, 13.0, 14.0)",20243805119.999992,1,-25.931400118340605,1.0,1.0,5.471873145559243e-12,4.9397827832873364e-11,4.939782783043322e-11
1195,"(3.0, 3.0, 9.0, 11.0, 12.0, 13.0, 13.0, 13.0)",6747935039.999997,11,-25.8931473743791,13.0,17.0,5.685242267724402e-12,1.9265152854820615e-09,2.519289215765081e-09
1196,"(3.0, 3.0, 9.0, 11.0, 12.0, 13.0, 13.0, 14.0)",20243805119.999992,16,-25.816513745028416,18.0,24.0,6.1380516496617896e-12,8.891609009917206e-10,1.1855478671983539e-09
1197,"(3.0, 3.0, 9.0, 11.0, 12.0, 13.0, 14.0, 14.0)",20243805119.999992,1,-25.739880115677728,1.0,1.0,6.626925692824726e-12,4.9397827832873364e-11,4.939782783043322e-11
1198,"(3.0, 3.0, 9.0, 12.0, 12.0, 12.0, 13.0, 13.0)",2499235199.9999995,6,-26.093745224769528,6.0,6.0,4.651900711109697e-12,2.400734432677645e-09,2.4007344269141195e-09
1199,"(3.0, 3.0, 9.0, 12.0, 12.0, 12.0, 13.0, 14.0)",4998470399.999999,1,-26.01711159541884,1.0,1.0,5.022408103167573e-12,2.000612027231371e-10,2.0006120268311262e-10
1200,"(3.0, 3.0, 9.0, 12.0, 12.0, 13.0, 13.0, 13.0)",2499235199.9999995,4,-25.97885885145734,4.0,4.0,5.218250875765041e-12,1.6004896217850968e-09,1.6004896192235298e-09
1201,"(3.0, 3.0, 9.0, 12.0, 12.0, 13.0, 13.0, 14.0)",7497705599.999999,3,-25.90222522210665,3.0,3.0,5.6338660496800974e-12,4.001224054462742e-10,4.0012240528617623e-10
1202,"(3.0, 3.0, 9.0, 12.0, 13.0, 13.0, 13.0, 13.0)",1249617599.9999998,2,-25.863972478145143,2.0,2.0,5.853551890604977e-12,1.6004896217850968e-09,1.6004896192235298e-09
1203,"(3.0, 3.0, 9.0, 12.0, 13.0, 13.0, 13.0, 14.0)",4998470399.999999,3,-25.78733884879446,4.0,6.0,6.31976653703625e-12,8.002448108925484e-10,1.2003672156984307e-09
1204,"(3.0, 3.0, 11.0, 11.0, 11.0, 12.0, 13.0, 13.0)",4177293120.0,2,-25.57789663852659,3.0,5.0,7.792209693814493e-12,7.181684200317741e-10,1.1969473662038576e-09
1205,"(3.0, 3.0, 11.0, 11.0, 12.0, 13.0, 13.0, 13.0)",3373967519.9999986,2,-25.54872174229263,2.0,2.0,8.022895355605512e-12,5.927739339944805e-10,5.927739336430995e-10
1206,"(3.0, 3.0, 11.0, 12.0, 13.0, 13.0, 13.0, 13.0)",1249617599.9999998,2,-25.51954684605868,4.0,10.0,8.26041038629785e-12,3.2009792435701936e-09,8.002448098679216e-09
1207,"(3.0, 4.0, 4.0, 4.0, 6.0, 9.0, 12.0, 13.0)",19409644800.0,1,-26.386368784759533,1.0,1.0,3.4717275780238254e-12,5.152077795880118e-11,5.152077795614679e-11
1208,"(3.0, 4.0, 4.0, 4.0, 9.0, 11.0, 13.0, 13.0)",11392617599.999998,1,-26.22914366641007,1.0,1.0,4.062820551462788e-12,8.777614022610574e-11,8.777614021840109e-11
1209,"(3.0, 4.0, 4.0, 4.0, 9.0, 12.0, 13.0, 13.0)",9282873600.0,2,-26.31485514348831,2.0,2.0,3.729096475115179e-12,2.1545052600953222e-10,2.154505259631133e-10
1210,"(3.0, 4.0, 4.0, 6.0, 8.0, 9.0, 12.0, 13.0)",68355705599.99999,2,-26.008068564191326,2.0,2.0,5.068031874162806e-12,2.925871340870191e-11,2.925871340784584e-11
1211,"(3.0, 4.0, 4.0, 6.0, 8.0, 11.0, 12.0, 13.0)",68355705599.99999,1,-25.663642932104857,1.0,1.0,7.1519009165384815e-12,1.4629356704350956e-11,1.462935670413694e-11
1212,"(3.0, 4.0, 4.0, 6.0, 9.0, 11.0, 12.0, 13.0)",68355705599.99999,1,-26.30850305123935,1.0,1.0,3.752859432277324e-12,1.4629356704350956e-11,1.462935670413694e-11
1213,"(3.0, 4.0, 4.0, 6.0, 9.0, 11.0, 13.0, 14.0)",68355705599.99999,1,-26.116983048576472,1.0,1.0,4.545046994282325e-12,1.4629356704350956e-11,1.462935670413694e-11
1214,"(3.0, 4.0, 4.0, 6.0, 9.0, 12.0, 13.0, 13.0)",27848620800.0,1,-26.279328155005395,1.0,1.0,3.863961532421096e-12,3.5908421001588705e-11,3.590842100029929e-11
1215,"(3.0, 4.0, 4.0, 7.0, 9.0, 12.0, 12.0, 13.0)",27848620800.0,1,-26.19023406229439,1.0,1.0,4.22401903858326e-12,3.5908421001588705e-11,3.590842100029929e-11
1216,"(3.0, 4.0, 4.0, 7.0, 9.0, 12.0, 13.0, 13.0)",27848620800.0,4,-26.0753476889822,4.0,4.0,4.738276333949812e-12,1.4363368400635482e-10,1.436336839857242e-10
1217,"(3.0, 4.0, 4.0, 7.0, 9.0, 12.0, 13.0, 14.0)",55697241600.0,2,-25.99871405963152,2.0,2.0,5.1156632380056944e-12,3.5908421001588705e-11,3.590842100029929e-11
1218,"(3.0, 4.0, 4.0, 7.0, 12.0, 12.0, 13.0, 13.0)",10443232800.000002,1,-25.816633533973963,1.0,1.0,6.137316422963859e-12,9.575578933756986e-11,9.575578932840069e-11
1219,"(3.0, 4.0, 4.0, 8.0, 8.0, 9.0, 12.0, 13.0)",37026007200.00001,1,-25.665295332106027,3.0,9.0,7.1400928739471705e-12,8.102412943948219e-11,2.4307238831188165e-10
1220,"(3.0, 4.0, 4.0, 8.0, 9.0, 9.0, 9.0, 13.0)",13415219999.999998,2,-26.56886960624876,2.0,2.0,2.8925877296813093e-12,1.4908439816864727e-10,1.490843981464211e-10
1221,"(3.0, 4.0, 4.0, 8.0, 9.0, 9.0, 13.0, 13.0)",18513003600.000004,1,-26.19526907792833,1.0,1.0,4.202804489297754e-12,5.401608629298812e-11,5.4016086290070386e-11
1222,"(3.0, 4.0, 4.0, 8.0, 9.0, 11.0, 12.0, 13.0)",74052014400.00002,3,-25.965729819154056,4.0,6.0,5.287213173605973e-12,5.401608629298812e-11,8.102412943656445e-11
1223,"(3.0, 4.0, 4.0, 8.0, 9.0, 12.0, 12.0, 13.0)",31329698399.99999,1,-26.05144129623229,1.0,1.0,4.852916282944826e-12,3.191859644585664e-11,3.1918596444837844e-11
1224,"(3.0, 4.0, 4.0, 8.0, 9.0, 12.0, 13.0, 13.0)",31329698399.99999,5,-25.936554922920102,6.0,8.0,5.4437392833886094e-12,1.9151157867513981e-10,2.5534877153017645e-10
1225,"(3.0, 4.0, 4.0, 8.0, 11.0, 11.0, 12.0, 13.0)",37026007200.00001,1,-25.621304187067587,1.0,1.0,7.461204996563556e-12,2.700804314649406e-11,2.7008043145764627e-11
1226,"(3.0, 4.0, 4.0, 9.0, 9.0, 9.0, 12.0, 13.0)",12342002400.000002,1,-26.95501557037501,1.0,1.0,1.966008893867071e-12,8.102412943948219e-11,8.102412943291728e-11
1227,"(3.0, 4.0, 4.0, 9.0, 9.0, 12.0, 12.0, 13.0)",15664849199.999994,4,-26.696301415366783,4.0,4.0,2.546499575292838e-12,2.553487715668531e-10,2.5534877150165014e-10
1228,"(3.0, 4.0, 4.0, 9.0, 9.0, 12.0, 13.0, 13.0)",15664849199.999994,8,-26.581415042054594,8.0,8.0,2.8565256363215193e-12,5.106975431337062e-10,5.106975428728942e-10
1229,"(3.0, 4.0, 4.0, 9.0, 9.0, 12.0, 13.0, 14.0)",31329698399.99999,4,-26.50478141270391,5.0,7.0,3.0840377715939487e-12,1.5959298222928319e-10,2.2343017509552654e-10
1230,"(3.0, 4.0, 4.0, 9.0, 9.0, 13.0, 13.0, 14.0)",15664849199.999994,1,-26.38989503939172,3.0,9.0,3.459506941770815e-12,1.9151157867513981e-10,5.745347359887428e-10
1231,"(3.0, 4.0, 4.0, 9.0, 11.0, 11.0, 12.0, 13.0)",37026007200.00001,1,-26.26616430620208,1.0,1.0,3.915162398678846e-12,2.700804314649406e-11,2.7008043145764627e-11
1232,"(3.0, 4.0, 4.0, 9.0, 11.0, 12.0, 12.0, 13.0)",31329698399.99999,1,-26.35187578328032,1.0,1.0,3.5935671082396434e-12,3.191859644585664e-11,3.1918596444837844e-11
1233,"(3.0, 4.0, 4.0, 9.0, 11.0, 12.0, 13.0, 13.0)",31329698399.99999,5,-26.236989409968125,8.0,16.0,4.0310694217759494e-12,2.553487715668531e-10,5.106975430685032e-10
1234,"(3.0, 4.0, 4.0, 9.0, 11.0, 13.0, 14.0, 14.0)",31329698399.99999,1,-25.968835777954563,1.0,1.0,5.2708167837562316e-12,3.191859644585664e-11,3.1918596444837844e-11
1235,"(3.0, 4.0, 4.0, 9.0, 12.0, 12.0, 13.0, 13.0)",12183771600.0,1,-26.32270088704636,1.0,1.0,3.699953414451713e-12,8.207639086077417e-11,8.207639085403764e-11
1236,"(3.0, 4.0, 4.0, 9.0, 12.0, 12.0, 13.0, 14.0)",24367543200.0,1,-26.24606725769568,1.0,1.0,3.994641580742546e-12,4.103819543038709e-11,4.1038195428702954e-11
1237,"(3.0, 4.0, 4.0, 9.0, 12.0, 13.0, 13.0, 13.0)",8122514400.0,3,-26.20781451373417,3.0,3.0,4.150407832037929e-12,3.693437588734838e-10,3.69343758737069e-10
1238,"(3.0, 4.0, 4.0, 9.0, 12.0, 13.0, 13.0, 14.0)",24367543200.0,1,-26.131180884383483,1.0,1.0,4.480973094996461e-12,4.103819543038709e-11,4.1038195428702954e-11
1239,"(3.0, 4.0, 4.0, 11.0, 11.0, 12.0, 12.0, 13.0)",15664849199.999994,1,-26.00745015119385,1.0,1.0,5.071166980240667e-12,6.383719289171328e-11,6.38371928876381e-11
1240,"(3.0, 4.0, 6.0, 6.0, 6.0, 9.0, 12.0, 13.0)",19409644800.0,1,-26.315314807793712,1.0,1.0,3.72738273647658e-12,5.152077795880118e-11,5.152077795614679e-11
1241,"(3.0, 4.0, 6.0, 6.0, 9.0, 9.0, 12.0, 13.0)",34177852799.999992,1,-26.61740169484291,1.0,1.0,2.75555650691381e-12,2.925871340870191e-11,2.925871340784584e-11
1242,"(3.0, 4.0, 6.0, 6.0, 9.0, 12.0, 13.0, 13.0)",27848620800.0,3,-26.243801166522488,3.0,3.0,4.003704067100796e-12,1.0772526300476611e-10,1.0772526299316137e-10
1243,"(3.0, 4.0, 6.0, 7.0, 8.0, 9.0, 12.0, 13.0)",136711411199.99995,2,-25.768561109685216,4.0,10.0,6.4395586569819784e-12,2.925871340870192e-11,7.314678352089873e-11
1244,"(3.0, 4.0, 6.0, 7.0, 8.0, 9.0, 13.0, 13.0)",68355705599.99999,1,-25.653674736373027,1.0,1.0,7.2235489723770584e-12,1.4629356704350956e-11,1.462935670413694e-11
1245,"(3.0, 4.0, 6.0, 7.0, 8.0, 12.0, 13.0, 13.0)",55697241600.0,1,-25.394960581364792,1.0,1.0,9.356399377259918e-12,1.7954210500794353e-11,1.7954210500471998e-11
1246,"(3.0, 4.0, 6.0, 7.0, 9.0, 9.0, 12.0, 14.0)",68355705599.99999,1,-26.336787599469027,2.0,4.0,3.648198618021404e-12,2.925871340870191e-11,5.851742681654776e-11
1247,"(3.0, 4.0, 6.0, 7.0, 9.0, 9.0, 13.0, 14.0)",68355705599.99999,1,-26.22190122615684,1.0,1.0,4.0923520977114025e-12,1.4629356704350956e-11,1.462935670413694e-11
1248,"(3.0, 4.0, 6.0, 7.0, 9.0, 11.0, 11.0, 13.0)",77271667200.0,1,-25.98328411965501,1.0,1.0,5.195209735331252e-12,1.2941354007695075e-11,1.2941354007527596e-11
1249,"(3.0, 4.0, 6.0, 7.0, 9.0, 11.0, 12.0, 13.0)",136711411199.99995,1,-26.068995596733245,1.0,1.0,4.7684700975859354e-12,7.31467835217548e-12,7.314678352121975e-12
1250,"(3.0, 4.0, 6.0, 7.0, 9.0, 12.0, 13.0, 13.0)",55697241600.0,3,-26.03982070049929,4.0,6.0,4.909638998759804e-12,7.181684200317741e-11,1.0772526299960844e-10
1251,"(3.0, 4.0, 6.0, 7.0, 9.0, 12.0, 13.0, 14.0)",111394483200.0,4,-25.963187071148603,4.0,4.0,5.300674331270632e-12,3.5908421001588705e-11,3.590842100029929e-11
1252,"(3.0, 4.0, 6.0, 7.0, 9.0, 13.0, 13.0, 13.0)",18565747200.0,1,-25.924934327187096,1.0,1.0,5.507367761264452e-12,5.3862631502383055e-11,5.3862631499481874e-11
1253,"(3.0, 4.0, 6.0, 7.0, 11.0, 12.0, 12.0, 13.0)",55697241600.0,1,-25.81028144172501,1.0,1.0,6.176425303150379e-12,1.7954210500794353e-11,1.7954210500471998e-11
1254,"(3.0, 4.0, 6.0, 7.0, 11.0, 12.0, 13.0, 13.0)",55697241600.0,2,-25.69539506841282,2.0,2.0,6.928380193130438e-12,3.5908421001588705e-11,3.590842100029929e-11
1255,"(3.0, 4.0, 6.0, 8.0, 8.0, 9.0, 9.0, 13.0)",40245659999.99999,1,-25.888482498631348,1.0,1.0,5.711825171264218e-12,2.4847399694774547e-11,2.4847399694157153e-11
1256,"(3.0, 4.0, 6.0, 8.0, 8.0, 9.0, 12.0, 13.0)",74052014400.00002,2,-25.62976834362312,3.0,5.0,7.398318704531112e-12,4.0512064719741096e-11,6.752010786459392e-11
1257,"(3.0, 4.0, 6.0, 8.0, 8.0, 9.0, 13.0, 13.0)",37026007200.00001,1,-25.514881970310924,1.0,1.0,8.299034191961334e-12,2.700804314649406e-11,2.7008043145764627e-11
1258,"(3.0, 4.0, 6.0, 8.0, 8.0, 12.0, 12.0, 13.0)",31329698399.99999,1,-25.371054188614885,1.0,1.0,9.582772233503178e-12,3.191859644585664e-11,3.1918596444837844e-11
1259,"(3.0, 4.0, 6.0, 8.0, 9.0, 9.0, 12.0, 13.0)",74052014400.00002,4,-26.27462846275761,5.0,7.0,3.8821637012739145e-12,6.752010786623515e-11,9.452815100817025e-11
1260,"(3.0, 4.0, 6.0, 8.0, 9.0, 9.0, 13.0, 13.0)",37026007200.00001,2,-26.159742089445423,2.0,2.0,4.354801486982585e-12,5.401608629298812e-11,5.4016086290070386e-11
1261,"(3.0, 4.0, 6.0, 8.0, 9.0, 11.0, 12.0, 13.0)",148104028800.00003,3,-25.930202830671146,4.0,6.0,5.478428475329931e-12,2.700804314649406e-11,4.051206471901166e-11
1262,"(3.0, 4.0, 6.0, 8.0, 9.0, 12.0, 12.0, 12.0)",20886465599.999992,1,-26.13080068106157,1.0,1.0,4.482677099766195e-12,4.7877894668784953e-11,4.787789466649266e-11
1263,"(3.0, 4.0, 6.0, 8.0, 9.0, 12.0, 12.0, 13.0)",62659396799.99998,1,-26.015914307749377,1.0,1.0,5.028424971702995e-12,1.595929822292832e-11,1.595929822267362e-11
1264,"(3.0, 4.0, 6.0, 8.0, 9.0, 12.0, 13.0, 13.0)",62659396799.99998,10,-25.901027934437188,11.0,13.0,5.640615447712034e-12,1.755522804522115e-10,2.0747087686724955e-10
1265,"(3.0, 4.0, 6.0, 8.0, 9.0, 13.0, 13.0, 14.0)",62659396799.99998,2,-25.70950793177431,2.0,2.0,6.831287648567476e-12,3.191859644585664e-11,3.1918596444837844e-11
1266,"(3.0, 4.0, 6.0, 8.0, 11.0, 12.0, 13.0, 13.0)",62659396799.99998,2,-25.55660230235072,2.0,2.0,7.959918917636408e-12,3.191859644585664e-11,3.1918596444837844e-11
1267,"(3.0, 4.0, 6.0, 9.0, 9.0, 9.0, 12.0, 13.0)",24684004800.000004,3,-26.91948858189211,3.0,3.0,2.03711080927864e-12,1.2153619415922329e-10,1.2153619414445224e-10
1268,"(3.0, 4.0, 6.0, 9.0, 9.0, 9.0, 13.0, 13.0)",12342002400.000002,1,-26.804602208579915,2.0,4.0,2.285120840855818e-12,1.6204825887896438e-10,3.2409651773166914e-10
1269,"(3.0, 4.0, 6.0, 9.0, 9.0, 11.0, 12.0, 13.0)",74052014400.00002,5,-26.57506294980564,7.0,11.0,2.8747283019756183e-12,9.452815101272922e-11,1.4854423729678177e-10
1270,"(3.0, 4.0, 6.0, 9.0, 9.0, 11.0, 13.0, 13.0)",37026007200.00001,2,-26.46017657649345,2.0,2.0,3.2247148877329356e-12,5.401608629298812e-11,5.4016086290070386e-11
1271,"(3.0, 4.0, 6.0, 9.0, 9.0, 12.0, 12.0, 12.0)",10443232799.999996,1,-26.775660800196064,2.0,4.0,2.3522217704119596e-12,1.9151157867513981e-10,3.8302315731360296e-10
1272,"(3.0, 4.0, 6.0, 9.0, 9.0, 12.0, 12.0, 13.0)",31329698399.99999,4,-26.66077442688388,5.0,7.0,2.6385952916260155e-12,1.5959298222928319e-10,2.2343017509552654e-10
1273,"(3.0, 4.0, 6.0, 9.0, 9.0, 12.0, 12.0, 14.0)",31329698399.99999,1,-26.584140797533188,1.0,1.0,2.8487500479091487e-12,3.191859644585664e-11,3.1918596444837844e-11
1274,"(3.0, 4.0, 6.0, 9.0, 9.0, 12.0, 13.0, 13.0)",31329698399.99999,16,-26.545888053571684,24.0,46.0,2.959833634977249e-12,7.660463147005593e-10,1.4682554359225784e-09
1275,"(3.0, 4.0, 6.0, 9.0, 9.0, 12.0, 13.0, 14.0)",62659396799.99998,3,-26.469254424221,4.0,6.0,3.195573885924899e-12,6.383719289171328e-11,9.575578933349472e-11
1276,"(3.0, 4.0, 6.0, 9.0, 9.0, 13.0, 13.0, 13.0)",10443232799.999996,1,-26.43100168025949,1.0,1.0,3.3201814520573704e-12,9.575578933756991e-11,9.575578932840074e-11
1277,"(3.0, 4.0, 6.0, 9.0, 9.0, 13.0, 13.0, 14.0)",31329698399.99999,2,-26.354368050908803,2.0,2.0,3.58462212853674e-12,6.383719289171328e-11,6.38371928876381e-11
1278,"(3.0, 4.0, 6.0, 9.0, 11.0, 12.0, 12.0, 13.0)",62659396799.99998,5,-26.31634879479741,7.0,11.0,3.7235306630094035e-12,1.1171508756049823e-10,1.7555228043973123e-10
1279,"(3.0, 4.0, 6.0, 9.0, 11.0, 12.0, 13.0, 13.0)",62659396799.99998,13,-26.201462421485218,15.0,19.0,4.176855515592426e-12,2.393894733439248e-10,3.032266661783307e-10
1280,"(3.0, 4.0, 6.0, 9.0, 11.0, 12.0, 13.0, 14.0)",125318793599.99995,2,-26.12482879213453,3.0,5.0,4.509527242740176e-12,2.3938947334392477e-11,3.989824555674772e-11
1281,"(3.0, 4.0, 6.0, 9.0, 11.0, 13.0, 13.0, 14.0)",62659396799.99998,1,-26.009942418822337,1.0,1.0,5.0585440113793535e-12,1.595929822292832e-11,1.595929822267362e-11
1282,"(3.0, 4.0, 6.0, 9.0, 12.0, 12.0, 13.0, 13.0)",24367543200.0,4,-26.28717389856345,6.0,10.0,3.833764495124757e-12,2.4622917258232254e-10,4.103819542432421e-10
1283,"(3.0, 4.0, 6.0, 9.0, 12.0, 12.0, 13.0, 14.0)",48735086400.0,1,-26.210540269212764,1.0,1.0,4.139110239383742e-12,2.0519097715193544e-11,2.051909771477251e-11
1284,"(3.0, 4.0, 6.0, 9.0, 12.0, 13.0, 13.0, 13.0)",16245028800.0,5,-26.172287525251257,6.0,8.0,4.300509872531112e-12,3.693437588734838e-10,4.924583450282303e-10
1285,"(3.0, 4.0, 6.0, 9.0, 12.0, 13.0, 13.0, 14.0)",48735086400.0,7,-26.09565389590057,9.0,13.0,4.643030230625892e-12,1.846718794367419e-10,2.6674827026341234e-10
1286,"(3.0, 4.0, 6.0, 11.0, 11.0, 12.0, 13.0, 14.0)",62659396799.99998,1,-25.78040316004806,1.0,1.0,6.363750825035292e-12,1.595929822292832e-11,1.595929822267362e-11
1287,"(3.0, 4.0, 7.0, 7.0, 8.0, 9.0, 9.0, 12.0)",38635833600.0,1,-25.938181171982443,1.0,1.0,5.434893602073349e-12,2.588270801539015e-11,2.5882708014720233e-11
1288,"(3.0, 4.0, 7.0, 7.0, 8.0, 9.0, 13.0, 14.0)",68355705599.99999,1,-25.373060640999142,1.0,1.0,9.563564133820248e-12,1.4629356704350956e-11,1.462935670413694e-11
1289,"(3.0, 4.0, 7.0, 7.0, 8.0, 11.0, 12.0, 13.0)",68355705599.99999,1,-25.22015501157555,3.0,9.0,1.1143608494481757e-11,4.388807011305286e-11,1.3166421033723244e-10
1290,"(3.0, 4.0, 7.0, 7.0, 9.0, 9.0, 9.0, 12.0)",12878611200.0,1,-26.583041291116945,1.0,1.0,2.8518839894437856e-12,7.764812404617044e-11,7.764812404014121e-11
1291,"(3.0, 4.0, 7.0, 7.0, 9.0, 9.0, 12.0, 12.0)",17088926399.999996,1,-26.324327136108707,1.0,1.0,3.693941258637131e-12,5.851742681740382e-11,5.851742681397953e-11
1292,"(3.0, 4.0, 7.0, 7.0, 9.0, 9.0, 12.0, 13.0)",34177852799.999992,1,-26.20944076279652,1.0,1.0,4.1436637204816025e-12,2.925871340870191e-11,2.925871340784584e-11
1293,"(3.0, 4.0, 7.0, 7.0, 9.0, 9.0, 12.0, 14.0)",34177852799.999992,1,-26.13280713344583,1.0,1.0,4.473691838875008e-12,2.925871340870191e-11,2.925871340784584e-11
1294,"(3.0, 4.0, 7.0, 7.0, 9.0, 12.0, 13.0, 13.0)",27848620800.0,4,-25.83584023447609,4.0,4.0,6.020563631616784e-12,1.4363368400635482e-10,1.436336839857242e-10
1295,"(3.0, 4.0, 7.0, 7.0, 9.0, 12.0, 13.0, 14.0)",55697241600.0,1,-25.759206605125406,1.0,1.0,6.5000801708544854e-12,1.7954210500794353e-11,1.7954210500471998e-11
1296,"(3.0, 4.0, 7.0, 7.0, 11.0, 12.0, 13.0, 13.0)",27848620800.0,1,-25.491414602389625,1.0,1.0,8.496093873156836e-12,3.5908421001588705e-11,3.590842100029929e-11
1297,"(3.0, 4.0, 7.0, 8.0, 8.0, 9.0, 12.0, 13.0)",74052014400.00002,2,-25.425787877599923,3.0,5.0,9.072367344902867e-12,4.0512064719741096e-11,6.752010786459392e-11
1298,"(3.0, 4.0, 7.0, 8.0, 9.0, 9.0, 12.0, 13.0)",74052014400.00002,4,-26.07064799673441,6.0,12.0,4.760597183983712e-12,8.102412943948219e-11,1.6204825887239946e-10
1299,"(3.0, 4.0, 7.0, 8.0, 9.0, 9.0, 12.0, 14.0)",74052014400.00002,1,-25.99401436738373,1.0,1.0,5.139761864576163e-12,1.350402157324703e-11,1.3504021573064671e-11
1300,"(3.0, 4.0, 7.0, 8.0, 9.0, 9.0, 13.0, 13.0)",37026007200.00001,2,-25.955761623422227,2.0,2.0,5.3401807061702144e-12,5.401608629298812e-11,5.4016086290070386e-11
1301,"(3.0, 4.0, 7.0, 8.0, 9.0, 11.0, 12.0, 13.0)",148104028800.00003,6,-25.726222364647946,8.0,14.0,6.718055491517172e-12,5.401608629298812e-11,9.452815100981148e-11
1302,"(3.0, 4.0, 7.0, 8.0, 9.0, 11.0, 13.0, 14.0)",148104028800.00003,1,-25.53470236198507,2.0,4.0,8.136163496167326e-12,1.350402157324703e-11,2.7008043146311704e-11
1303,"(3.0, 4.0, 7.0, 8.0, 9.0, 12.0, 12.0, 13.0)",62659396799.99998,2,-25.81193384172618,2.0,2.0,6.166227805465114e-12,3.191859644585664e-11,3.1918596444837844e-11
1304,"(3.0, 4.0, 7.0, 8.0, 9.0, 12.0, 13.0, 13.0)",62659396799.99998,9,-25.69704746841399,10.0,12.0,6.916941191197385e-12,1.5959298222928319e-10,1.915115786496699e-10
1305,"(3.0, 4.0, 7.0, 8.0, 9.0, 12.0, 13.0, 14.0)",125318793599.99995,3,-25.620413839063303,4.0,6.0,7.467851023741276e-12,3.191859644585664e-11,4.787789466776616e-11
1306,"(3.0, 4.0, 7.0, 8.0, 9.0, 12.0, 14.0, 14.0)",62659396799.99998,2,-25.543780209712622,2.0,2.0,8.062638870454112e-12,3.191859644585664e-11,3.1918596444837844e-11
1307,"(3.0, 4.0, 7.0, 8.0, 9.0, 13.0, 13.0, 14.0)",62659396799.99998,1,-25.505527465751115,1.0,1.0,8.377031790823582e-12,1.595929822292832e-11,1.595929822267362e-11
1308,"(3.0, 4.0, 7.0, 9.0, 9.0, 9.0, 11.0, 13.0)",26830440000.0,1,-26.62979663879068,3.0,9.0,2.721612341064416e-12,1.1181329862648544e-10,3.354398958669541e-10
1309,"(3.0, 4.0, 7.0, 9.0, 9.0, 9.0, 12.0, 13.0)",24684004800.000004,2,-26.71550811586891,2.0,2.0,2.498056426351203e-12,8.102412943948219e-11,8.102412943291728e-11
1310,"(3.0, 4.0, 7.0, 9.0, 9.0, 11.0, 12.0, 13.0)",74052014400.00002,8,-26.371082483782445,9.0,11.0,3.5252051464528788e-12,1.2153619415922329e-10,1.485442372909463e-10
1311,"(3.0, 4.0, 7.0, 9.0, 9.0, 11.0, 13.0, 13.0)",37026007200.00001,1,-26.25619611047025,1.0,1.0,3.95438466663686e-12,2.700804314649406e-11,2.7008043145764627e-11
1312,"(3.0, 4.0, 7.0, 9.0, 9.0, 11.0, 13.0, 14.0)",74052014400.00002,1,-26.179562481119564,1.0,1.0,4.269337379735439e-12,1.350402157324703e-11,1.3504021573064671e-11
1313,"(3.0, 4.0, 7.0, 9.0, 9.0, 12.0, 12.0, 13.0)",31329698399.99999,9,-26.45679396086068,12.0,18.0,3.2356413282792688e-12,3.8302315735027963e-10,5.745347358787127e-10
1314,"(3.0, 4.0, 7.0, 9.0, 9.0, 12.0, 13.0, 13.0)",31329698399.99999,37,-26.341907587548484,45.0,61.0,3.6295676205280085e-12,1.4363368400635486e-09,1.9470343811341913e-09
1315,"(3.0, 4.0, 7.0, 9.0, 9.0, 12.0, 13.0, 14.0)",62659396799.99998,4,-26.265273958197803,4.0,4.0,3.918649807980504e-12,6.383719289171328e-11,6.38371928876381e-11
1316,"(3.0, 4.0, 7.0, 9.0, 9.0, 13.0, 13.0, 13.0)",10443232799.999996,2,-26.22702121423629,2.0,2.0,4.071452851355183e-12,1.9151157867513981e-10,1.9151157863846312e-10
1317,"(3.0, 4.0, 7.0, 9.0, 11.0, 11.0, 12.0, 13.0)",74052014400.00002,1,-26.02665685169597,1.0,1.0,4.974696005057662e-12,1.350402157324703e-11,1.3504021573064671e-11
1318,"(3.0, 4.0, 7.0, 9.0, 11.0, 11.0, 13.0, 13.0)",37026007200.00001,1,-25.91177047838378,1.0,1.0,5.580345195902643e-12,2.700804314649406e-11,2.7008043145764627e-11
1319,"(3.0, 4.0, 7.0, 9.0, 11.0, 12.0, 12.0, 13.0)",62659396799.99998,2,-26.11236832877421,2.0,2.0,4.566069582017571e-12,3.191859644585664e-11,3.1918596444837844e-11
1320,"(3.0, 4.0, 7.0, 9.0, 11.0, 12.0, 13.0, 13.0)",62659396799.99998,11,-25.997481955462018,14.0,26.0,5.121970152601033e-12,2.2343017512099647e-10,4.149417537462153e-10
1321,"(3.0, 4.0, 7.0, 9.0, 11.0, 12.0, 13.0, 14.0)",125318793599.99995,3,-25.920848326111333,4.0,6.0,5.529916908409091e-12,3.191859644585664e-11,4.787789466776616e-11
1322,"(3.0, 4.0, 7.0, 9.0, 11.0, 13.0, 13.0, 14.0)",62659396799.99998,1,-25.805961952799137,1.0,1.0,6.2031620067252505e-12,1.595929822292832e-11,1.595929822267362e-11
1323,"(3.0, 4.0, 7.0, 9.0, 12.0, 12.0, 12.0, 13.0)",16245028800.0,1,-26.198079805852444,1.0,1.0,4.191008135297009e-12,6.155729314558063e-11,6.155729314179133e-11
1324,"(3.0, 4.0, 7.0, 9.0, 12.0, 12.0, 13.0, 13.0)",24367543200.0,4,-26.083193432540256,4.0,4.0,4.701246486220697e-12,1.6415278172154835e-10,1.6415278169460222e-10
1325,"(3.0, 4.0, 7.0, 9.0, 12.0, 13.0, 13.0, 13.0)",16245028800.0,4,-25.96830705922806,4.0,4.0,5.27360430013489e-12,2.4622917258232254e-10,2.462291725216937e-10
1326,"(3.0, 4.0, 7.0, 9.0, 12.0, 13.0, 13.0, 14.0)",48735086400.0,3,-25.89167342987737,4.0,6.0,5.693628177970875e-12,8.207639086077417e-11,1.2311458628442473e-10
1327,"(3.0, 4.0, 7.0, 11.0, 12.0, 13.0, 13.0, 13.0)",16245028800.0,1,-25.6238814271416,1.0,1.0,7.44200043805486e-12,6.155729314558063e-11,6.155729314179133e-11
1328,"(3.0, 4.0, 8.0, 8.0, 8.0, 12.0, 13.0, 13.0)",10860962112.000002,1,-24.9133945832174,1.0,1.0,1.5144334970874257e-11,9.207287436304795e-11,9.207287435457053e-11
1329,"(3.0, 4.0, 8.0, 8.0, 9.0, 9.0, 12.0, 13.0)",37026007200.00001,4,-25.93185523067232,4.0,4.0,5.469383395214141e-12,1.0803217258597625e-10,1.080321725743053e-10
1330,"(3.0, 4.0, 8.0, 8.0, 9.0, 9.0, 13.0, 13.0)",18513003600.000004,1,-25.816968857360123,1.0,1.0,6.135258782245781e-12,5.401608629298812e-11,5.4016086290070386e-11
1331,"(3.0, 4.0, 8.0, 8.0, 9.0, 11.0, 13.0, 13.0)",37026007200.00001,1,-25.47254322527365,1.0,1.0,8.657949278425347e-12,2.700804314649406e-11,2.7008043145764627e-11
1332,"(3.0, 4.0, 8.0, 8.0, 9.0, 11.0, 13.0, 14.0)",74052014400.00002,1,-25.395909595922973,1.0,1.0,9.34752423002681e-12,1.350402157324703e-11,1.3504021573064671e-11
1333,"(3.0, 4.0, 8.0, 8.0, 9.0, 12.0, 12.0, 13.0)",32582886336.000004,1,-25.673141075664084,1.0,1.0,7.084292719363616e-12,3.0690958121015984e-11,3.069095812007405e-11
1334,"(3.0, 4.0, 8.0, 8.0, 9.0, 12.0, 13.0, 13.0)",32582886336.000004,11,-25.55825470235189,12.0,14.0,7.946776808608374e-12,3.682914974521918e-10,4.296734135585851e-10
1335,"(3.0, 4.0, 8.0, 8.0, 9.0, 12.0, 13.0, 14.0)",65165772672.00001,2,-25.481621073001207,2.0,2.0,8.579709395409191e-12,3.0690958121015984e-11,3.069095812007405e-11
1336,"(3.0, 4.0, 8.0, 8.0, 9.0, 13.0, 13.0, 13.0)",10860962112.000002,1,-25.4433683290397,1.0,1.0,8.9142648599518e-12,9.207287436304795e-11,9.207287435457053e-11
1337,"(3.0, 4.0, 8.0, 8.0, 11.0, 12.0, 13.0, 13.0)",32582886336.000004,1,-25.213829070265422,2.0,4.0,1.1214325748573031e-11,6.138191624203197e-11,1.227638324802962e-10
1338,"(3.0, 4.0, 8.0, 8.0, 11.0, 13.0, 13.0, 13.0)",10860962112.000002,1,-25.09894269695323,1.0,1.0,1.2579624715301864e-11,9.207287436304795e-11,9.207287435457053e-11
1339,"(3.0, 4.0, 8.0, 8.0, 12.0, 12.0, 13.0, 13.0)",13158473327.999996,1,-25.29954054734366,1.0,1.0,1.0293170001008379e-11,7.599665820442056e-11,7.599665819864506e-11
1340,"(3.0, 4.0, 8.0, 8.0, 12.0, 13.0, 13.0, 14.0)",26316946655.999992,1,-25.108020544680784,1.0,1.0,1.2465945559365417e-11,3.799832910221028e-11,3.79983291007664e-11
1341,"(3.0, 4.0, 8.0, 9.0, 9.0, 9.0, 12.0, 13.0)",24684004800.000004,4,-26.57671534980681,6.0,10.0,2.8699820233813948e-12,2.4307238831844657e-10,4.051206471383268e-10
1342,"(3.0, 4.0, 8.0, 9.0, 9.0, 9.0, 13.0, 14.0)",24684004800.000004,1,-26.38519534714393,1.0,1.0,3.4758038248979736e-12,4.0512064719741096e-11,4.0512064718099866e-11
1343,"(3.0, 4.0, 8.0, 9.0, 9.0, 11.0, 12.0, 13.0)",74052014400.00002,6,-26.23228971772034,8.0,12.0,4.050058794640286e-12,1.0803217258597625e-10,1.6204825886729343e-10
1344,"(3.0, 4.0, 8.0, 9.0, 9.0, 11.0, 12.0, 14.0)",74052014400.00002,1,-26.155656088369657,1.0,1.0,4.372631612692804e-12,1.350402157324703e-11,1.3504021573064671e-11
1345,"(3.0, 4.0, 8.0, 9.0, 9.0, 12.0, 12.0, 13.0)",32582886336.000004,5,-26.318001194798576,6.0,8.0,3.717382981550744e-12,1.841457487260959e-10,2.455276649342182e-10
1346,"(3.0, 4.0, 8.0, 9.0, 9.0, 12.0, 13.0, 13.0)",32582886336.000004,43,-26.203114821486388,53.0,75.0,4.169959378691002e-12,1.626620780413847e-09,2.3018218564303035e-09
1347,"(3.0, 4.0, 8.0, 9.0, 9.0, 12.0, 13.0, 14.0)",65165772672.00001,9,-26.1264811921357,11.0,17.0,4.502081852994099e-12,1.688002696655879e-10,2.6087314400014233e-10
1348,"(3.0, 4.0, 8.0, 9.0, 9.0, 13.0, 13.0, 13.0)",10860962112.000002,1,-26.0882284481742,1.0,1.0,4.6776351283233236e-12,9.207287436304795e-11,9.207287435457053e-11
1349,"(3.0, 4.0, 8.0, 9.0, 9.0, 13.0, 13.0, 14.0)",32582886336.000004,2,-26.01159481882351,4.0,10.0,5.050192175436214e-12,1.2276383248406394e-10,3.0690958119508885e-10
1350,"(3.0, 4.0, 8.0, 9.0, 9.0, 13.0, 14.0, 14.0)",32582886336.000004,1,-25.934961189472823,1.0,1.0,5.452422069948647e-12,3.0690958121015984e-11,3.069095812007405e-11
1351,"(3.0, 4.0, 8.0, 9.0, 11.0, 11.0, 12.0, 13.0)",74052014400.00002,2,-25.887864085633872,4.0,10.0,5.715358530614503e-12,5.401608629298812e-11,1.3504021572955255e-10
1352,"(3.0, 4.0, 8.0, 9.0, 11.0, 11.0, 13.0, 14.0)",74052014400.00002,1,-25.696344082970995,1.0,1.0,6.921808178424657e-12,1.350402157324703e-11,1.3504021573064671e-11
1353,"(3.0, 4.0, 8.0, 9.0, 11.0, 12.0, 12.0, 13.0)",65165772672.00001,7,-25.973575562712107,9.0,13.0,5.245893359198565e-12,1.3810931154457192e-10,1.994912277675297e-10
1354,"(3.0, 4.0, 8.0, 9.0, 11.0, 12.0, 13.0, 13.0)",65165772672.00001,24,-25.85868918939992,28.0,36.0,5.884559734998674e-12,4.2967341369422374e-10,5.524372459936684e-10
1355,"(3.0, 4.0, 8.0, 9.0, 11.0, 12.0, 13.0, 14.0)",130331545344.00002,1,-25.78205556004923,1.0,1.0,6.353244046255858e-12,7.672739530253996e-12,7.672739530195126e-12
1356,"(3.0, 4.0, 8.0, 9.0, 11.0, 13.0, 13.0, 13.0)",21721924224.000004,2,-25.74380281608773,2.0,2.0,6.600981168259617e-12,9.207287436304795e-11,9.207287435457053e-11
1357,"(3.0, 4.0, 8.0, 9.0, 11.0, 13.0, 13.0, 14.0)",65165772672.00001,2,-25.66716918673704,2.0,2.0,7.126725905638505e-12,3.0690958121015984e-11,3.069095812007405e-11
1358,"(3.0, 4.0, 8.0, 9.0, 12.0, 12.0, 12.0, 13.0)",17544631103.999996,3,-26.059287039790345,4.0,6.0,4.814990518735607e-12,2.2798997461326165e-10,3.4198496186791306e-10
1359,"(3.0, 4.0, 8.0, 9.0, 12.0, 12.0, 13.0, 13.0)",26316946655.999992,5,-25.94440066647816,5.0,5.0,5.401196210225791e-12,1.899916455110514e-10,1.899916454749546e-10
1360,"(3.0, 4.0, 8.0, 9.0, 12.0, 13.0, 13.0, 13.0)",17544631103.999996,10,-25.829514293165964,12.0,18.0,6.058770082275972e-12,6.839699238397849e-10,1.0259548852918625e-09
1361,"(3.0, 4.0, 8.0, 9.0, 12.0, 13.0, 13.0, 14.0)",52633893311.99999,9,-25.75288066381528,11.0,15.0,6.541329629796227e-12,2.089908100621565e-10,2.849874682228999e-10
1362,"(3.0, 4.0, 8.0, 9.0, 12.0, 13.0, 14.0, 14.0)",52633893311.99999,5,-25.67624703446459,6.0,8.0,7.06232333371141e-12,1.1399498730663083e-10,1.5199331639584623e-10
1363,"(3.0, 4.0, 8.0, 9.0, 13.0, 13.0, 13.0, 14.0)",17544631103.999996,1,-25.637994290503087,1.0,1.0,7.337710150999645e-12,5.6997493653315414e-11,5.69974936500667e-11
1364,"(3.0, 4.0, 8.0, 11.0, 11.0, 12.0, 13.0, 13.0)",32582886336.000004,1,-25.51426355731345,1.0,1.0,8.304168009818369e-12,3.0690958121015984e-11,3.069095812007405e-11
1365,"(3.0, 4.0, 8.0, 11.0, 12.0, 12.0, 13.0, 13.0)",26316946655.999992,1,-25.599975034391683,1.0,1.0,7.622055481389295e-12,3.799832910221028e-11,3.79983291007664e-11
1366,"(3.0, 4.0, 8.0, 11.0, 12.0, 13.0, 13.0, 13.0)",17544631103.999996,2,-25.48508866107949,2.0,2.0,8.550010019754192e-12,1.1399498730663083e-10,1.1399498729363597e-10
1367,"(3.0, 4.0, 8.0, 11.0, 13.0, 13.0, 13.0, 14.0)",17544631103.999996,1,-25.293568658416618,1.0,1.0,1.0354823579892555e-11,5.6997493653315414e-11,5.69974936500667e-11
1368,"(3.0, 4.0, 9.0, 9.0, 9.0, 9.0, 11.0, 12.0)",6439305599.999999,1,-27.250750365175264,1.0,1.0,1.4626805576902623e-12,1.5529624809234091e-10,1.55296248068224e-10
1369,"(3.0, 4.0, 9.0, 9.0, 9.0, 11.0, 12.0, 13.0)",24684004800.000004,5,-26.87714983685484,6.0,8.0,2.1252113984962583e-12,2.4307238831844657e-10,3.240965176988446e-10
1370,"(3.0, 4.0, 9.0, 9.0, 9.0, 11.0, 13.0, 13.0)",12342002400.000002,1,-26.762263463542645,1.0,1.0,2.3839473217698074e-12,8.102412943948219e-11,8.102412943291728e-11
1371,"(3.0, 4.0, 9.0, 9.0, 9.0, 12.0, 12.0, 13.0)",10860962112.000002,5,-26.962861313933075,5.0,5.0,1.9506444438343815e-12,4.603643718152397e-10,4.6036437160330436e-10
1372,"(3.0, 4.0, 9.0, 9.0, 9.0, 12.0, 13.0, 13.0)",10860962112.000002,18,-26.84797494062088,22.0,32.0,2.1881275438737567e-12,2.0256032359870545e-09,2.9463319755144657e-09
1373,"(3.0, 4.0, 9.0, 9.0, 9.0, 12.0, 13.0, 14.0)",21721924224.000004,4,-26.7713413112702,5.0,7.0,2.3624041417887627e-12,2.3018218590761986e-10,3.22255060217684e-10
1374,"(3.0, 4.0, 9.0, 9.0, 9.0, 13.0, 13.0, 13.0)",3620320704.000001,2,-26.73308856730869,2.0,2.0,2.4545232542981474e-12,5.524372461782876e-10,5.524372458731007e-10
1375,"(3.0, 4.0, 9.0, 9.0, 11.0, 11.0, 12.0, 12.0)",18513003600.000004,1,-26.64761057808056,1.0,1.0,2.6735589845875908e-12,5.401608629298812e-11,5.4016086290070386e-11
1376,"(3.0, 4.0, 9.0, 9.0, 11.0, 11.0, 12.0, 13.0)",37026007200.00001,1,-26.53272420476837,1.0,1.0,2.999054016654978e-12,2.700804314649406e-11,2.7008043145764627e-11
1377,"(3.0, 4.0, 9.0, 9.0, 11.0, 12.0, 12.0, 13.0)",32582886336.000004,7,-26.61843568184661,10.0,16.0,2.7527087698129984e-12,3.0690958121015983e-10,4.910553298420622e-10
1378,"(3.0, 4.0, 9.0, 9.0, 11.0, 12.0, 13.0, 13.0)",32582886336.000004,34,-26.503549308534414,41.0,57.0,3.0878399692620095e-12,1.2583292829616553e-09,1.7493846113145183e-09
1379,"(3.0, 4.0, 9.0, 9.0, 11.0, 12.0, 13.0, 14.0)",65165772672.00001,9,-26.42691567918373,11.0,15.0,3.3337754707165047e-12,1.688002696655879e-10,2.3018218587912633e-10
1380,"(3.0, 4.0, 9.0, 9.0, 11.0, 12.0, 14.0, 14.0)",32582886336.000004,2,-26.35028204983304,2.0,2.0,3.5992988625661647e-12,6.138191624203197e-11,6.138191623826422e-11
1381,"(3.0, 4.0, 9.0, 9.0, 11.0, 13.0, 13.0, 13.0)",10860962112.000002,2,-26.38866293522222,2.0,2.0,3.463772041682312e-12,1.841457487260959e-10,1.8414574869218624e-10
1382,"(3.0, 4.0, 9.0, 9.0, 11.0, 13.0, 13.0, 14.0)",32582886336.000004,4,-26.312029305871533,5.0,7.0,3.739649199331397e-12,1.5345479060507991e-10,2.1483670682356348e-10
1383,"(3.0, 4.0, 9.0, 9.0, 12.0, 12.0, 12.0, 13.0)",8772315551.999998,1,-26.70414715892484,1.0,1.0,2.5265985638554693e-12,1.1399498730663083e-10,1.1399498729363597e-10
1384,"(3.0, 4.0, 9.0, 9.0, 12.0, 12.0, 13.0, 13.0)",13158473327.999996,24,-26.58926078561265,30.0,42.0,2.8342017569417106e-12,2.2798997461326166e-09,3.1918596393877203e-09
1385,"(3.0, 4.0, 9.0, 9.0, 12.0, 12.0, 13.0, 14.0)",26316946655.999992,5,-26.512627156261964,6.0,8.0,3.059935874400943e-12,2.2798997461326168e-10,3.039866327657028e-10
1386,"(3.0, 4.0, 9.0, 9.0, 12.0, 13.0, 13.0, 13.0)",8772315551.999998,22,-26.474374412300456,24.0,28.0,3.1792543991610675e-12,2.7358796953591397e-09,3.1918596371006255e-09
1387,"(3.0, 4.0, 9.0, 9.0, 12.0, 13.0, 13.0, 14.0)",26316946655.999992,24,-26.39774078294977,29.0,41.0,3.4324707357239877e-12,1.101951543964098e-09,1.5579314919763242e-09
1388,"(3.0, 4.0, 9.0, 9.0, 12.0, 13.0, 14.0, 14.0)",26316946655.999992,2,-26.321107153599087,3.0,5.0,3.7058548553744356e-12,1.1399498730663084e-10,1.8999164549805656e-10
1389,"(3.0, 4.0, 9.0, 9.0, 13.0, 13.0, 13.0, 13.0)",2193078887.9999995,2,-26.359488038988268,2.0,2.0,3.566315810026085e-12,9.119598984530466e-10,9.119598976213758e-10
1390,"(3.0, 4.0, 9.0, 9.0, 13.0, 13.0, 13.0, 14.0)",8772315551.999998,2,-26.28285440963758,2.0,2.0,3.850360215116651e-12,2.2798997461326165e-10,2.2798997456128222e-10
1391,"(3.0, 4.0, 9.0, 9.0, 13.0, 13.0, 14.0, 14.0)",13158473327.999996,1,-26.20622078028689,1.0,1.0,4.1570277496105175e-12,7.599665820442056e-11,7.599665819864506e-11
1392,"(3.0, 4.0, 9.0, 11.0, 11.0, 12.0, 13.0, 13.0)",32582886336.000004,9,-26.159123676447948,10.0,12.0,4.3574953857087005e-12,3.0690958121015983e-10,3.682914973579983e-10
1393,"(3.0, 4.0, 9.0, 11.0, 11.0, 12.0, 13.0, 14.0)",65165772672.00001,3,-26.08249004709726,3.0,3.0,4.7045544378091554e-12,4.603643718152397e-11,4.603643717940462e-11
1394,"(3.0, 4.0, 9.0, 11.0, 11.0, 13.0, 13.0, 14.0)",32582886336.000004,1,-25.967603673785067,2.0,4.0,5.277314981498347e-12,6.138191624203197e-11,1.227638324802962e-10
1395,"(3.0, 4.0, 9.0, 11.0, 12.0, 12.0, 13.0, 13.0)",26316946655.999992,8,-26.244835153526186,11.0,19.0,3.999566428629602e-12,4.1798162012431306e-10,7.219682527672867e-10
1396,"(3.0, 4.0, 9.0, 11.0, 12.0, 12.0, 13.0, 14.0)",52633893311.99999,3,-26.16820152417549,4.0,6.0,4.318117708818133e-12,7.599665820442054e-11,1.1399498730085534e-10
1397,"(3.0, 4.0, 9.0, 11.0, 12.0, 13.0, 13.0, 13.0)",17544631103.999996,6,-26.129948780213983,6.0,6.0,4.486497523266897e-12,3.4198496191989247e-10,3.4198496180293875e-10
1398,"(3.0, 4.0, 9.0, 11.0, 12.0, 13.0, 13.0, 14.0)",52633893311.99999,14,-26.053315150863305,14.0,14.0,4.843831138072912e-12,2.659883037154719e-10,2.6598830364472213e-10
1399,"(3.0, 4.0, 9.0, 11.0, 12.0, 13.0, 14.0, 14.0)",52633893311.99999,1,-25.976681521512617,2.0,4.0,5.2296251078904704e-12,3.799832910221027e-11,7.599665820297667e-11
1400,"(3.0, 4.0, 9.0, 11.0, 13.0, 13.0, 13.0, 14.0)",17544631103.999996,1,-25.93842877755111,1.0,1.0,5.4335480587412486e-12,5.6997493653315414e-11,5.69974936500667e-11
1401,"(3.0, 4.0, 9.0, 11.0, 13.0, 13.0, 14.0, 14.0)",26316946655.999992,1,-25.86179514820043,1.0,1.0,5.8663108896540615e-12,3.799832910221028e-11,3.79983291007664e-11
1402,"(3.0, 4.0, 9.0, 12.0, 12.0, 12.0, 13.0, 13.0)",6498011520.000001,2,-26.330546630604417,2.0,2.0,3.671038108149229e-12,3.077864657279031e-10,3.077864656331706e-10
1403,"(3.0, 4.0, 9.0, 12.0, 12.0, 13.0, 13.0, 13.0)",6498011520.000001,3,-26.215660257292225,3.0,3.0,4.117972203720342e-12,4.616796985918547e-10,4.616796983787065e-10
1404,"(3.0, 4.0, 9.0, 12.0, 12.0, 13.0, 13.0, 14.0)",19494034560.000004,3,-26.13902662794154,4.0,6.0,4.4459540839275854e-12,2.051909771519354e-10,3.077864656857998e-10
1405,"(3.0, 4.0, 9.0, 12.0, 13.0, 13.0, 13.0, 13.0)",3249005760.0000005,2,-26.10077388398004,2.0,2.0,4.619318724305627e-12,6.155729314558062e-10,6.155729310768762e-10
1406,"(3.0, 4.0, 9.0, 12.0, 13.0, 13.0, 13.0, 14.0)",12996023040.000002,5,-26.024140254629344,5.0,5.0,4.987231076677931e-12,3.847330821598789e-10,3.8473308201185937e-10
1407,"(3.0, 4.0, 9.0, 12.0, 13.0, 13.0, 14.0, 14.0)",19494034560.000004,2,-25.947506625278663,2.0,2.0,5.384446342987639e-12,1.025954885759677e-10,1.0259548856544187e-10
1408,"(3.0, 4.0, 11.0, 12.0, 13.0, 13.0, 13.0, 14.0)",12996023040.000002,1,-25.67971462254288,2.0,4.0,7.037876515757715e-12,1.5389323286395156e-10,3.0778646570422e-10
1409,"(3.0, 6.0, 6.0, 6.0, 9.0, 12.0, 13.0, 13.0)",9282873600.0,1,-26.208274178039574,1.0,1.0,4.14850047610998e-12,1.0772526300476611e-10,1.0772526299316137e-10
1410,"(3.0, 6.0, 6.0, 7.0, 8.0, 9.0, 13.0, 13.0)",34177852799.999992,1,-25.61814774789012,1.0,1.0,7.484793043859936e-12,2.925871340870191e-11,2.925871340784584e-11
1411,"(3.0, 6.0, 6.0, 7.0, 9.0, 9.0, 12.0, 12.0)",17088926399.999996,1,-26.492780613649,1.0,1.0,3.1212716605129747e-12,5.851742681740382e-11,5.851742681397953e-11
1412,"(3.0, 6.0, 6.0, 7.0, 9.0, 9.0, 12.0, 13.0)",34177852799.999992,1,-26.3778942403368,1.0,1.0,3.501273906615099e-12,2.925871340870191e-11,2.925871340784584e-11
1413,"(3.0, 6.0, 6.0, 7.0, 9.0, 11.0, 12.0, 13.0)",68355705599.99999,1,-26.03346860825033,1.0,1.0,4.94092473834516e-12,1.4629356704350956e-11,1.462935670413694e-11
1414,"(3.0, 6.0, 6.0, 7.0, 9.0, 12.0, 13.0, 13.0)",27848620800.0,2,-26.004293712016377,2.0,2.0,5.087199099266095e-12,7.181684200317741e-11,7.181684199801975e-11
1415,"(3.0, 6.0, 6.0, 7.0, 9.0, 12.0, 13.0, 14.0)",55697241600.0,1,-25.92766008266569,1.0,1.0,5.4923764640036666e-12,1.7954210500794353e-11,1.7954210500471998e-11
1416,"(3.0, 6.0, 6.0, 8.0, 8.0, 9.0, 12.0, 12.0)",18513003600.000004,1,-25.7091277284524,1.0,1.0,6.833885420633877e-12,5.401608629298812e-11,5.4016086290070386e-11
1417,"(3.0, 6.0, 6.0, 8.0, 8.0, 9.0, 12.0, 13.0)",37026007200.00001,1,-25.594241355140205,1.0,1.0,7.665883430386912e-12,2.700804314649406e-11,2.7008043145764627e-11
1418,"(3.0, 6.0, 6.0, 8.0, 9.0, 9.0, 9.0, 13.0)",13415219999.999998,1,-26.497815629282933,1.0,1.0,3.1055955068615644e-12,7.454219908432364e-11,7.45421990787671e-11
1419,"(3.0, 6.0, 6.0, 8.0, 9.0, 9.0, 12.0, 13.0)",37026007200.00001,1,-26.239101474274705,1.0,1.0,4.022564528535157e-12,2.700804314649406e-11,2.7008043145764627e-11
1420,"(3.0, 6.0, 6.0, 8.0, 9.0, 9.0, 13.0, 14.0)",37026007200.00001,1,-26.047581471611828,1.0,1.0,4.871683885221091e-12,2.700804314649406e-11,2.7008043145764627e-11
1421,"(3.0, 6.0, 6.0, 8.0, 9.0, 11.0, 12.0, 13.0)",74052014400.00002,1,-25.894675842188235,1.0,1.0,5.676559195519691e-12,1.350402157324703e-11,1.3504021573064671e-11
1422,"(3.0, 6.0, 6.0, 8.0, 9.0, 11.0, 13.0, 13.0)",37026007200.00001,1,-25.77978946887604,1.0,1.0,6.367657401330641e-12,2.700804314649406e-11,2.7008043145764627e-11
1423,"(3.0, 6.0, 6.0, 8.0, 9.0, 12.0, 12.0, 14.0)",31329698399.99999,1,-25.90375368991578,1.0,1.0,5.6252614443884906e-12,3.191859644585664e-11,3.1918596444837844e-11
1424,"(3.0, 6.0, 6.0, 8.0, 9.0, 12.0, 13.0, 13.0)",31329698399.99999,7,-25.86550094595428,9.0,13.0,5.844611759063211e-12,2.8726736801270975e-10,4.1494175371361377e-10
1425,"(3.0, 6.0, 6.0, 8.0, 9.0, 12.0, 13.0, 14.0)",62659396799.99998,1,-25.7888673166036,1.0,1.0,6.310114355726443e-12,1.595929822292832e-11,1.595929822267362e-11
1426,"(3.0, 6.0, 6.0, 8.0, 11.0, 12.0, 13.0, 13.0)",31329698399.99999,1,-25.52107531386781,1.0,1.0,8.24779425906053e-12,3.191859644585664e-11,3.1918596444837844e-11
1427,"(3.0, 6.0, 6.0, 8.0, 12.0, 13.0, 13.0, 14.0)",24367543200.0,1,-25.41526678828317,1.0,1.0,9.168322422895417e-12,4.103819543038709e-11,4.1038195428702954e-11
1428,"(3.0, 6.0, 6.0, 9.0, 9.0, 9.0, 11.0, 12.0)",13415219999.999998,1,-26.91313648964315,1.0,1.0,2.0500919099872067e-12,7.454219908432364e-11,7.45421990787671e-11
1429,"(3.0, 6.0, 6.0, 9.0, 9.0, 9.0, 13.0, 13.0)",6171001200.000001,1,-26.769075220097008,1.0,1.0,2.367763635218864e-12,1.6204825887896438e-10,1.6204825885270473e-10
1430,"(3.0, 6.0, 6.0, 9.0, 9.0, 11.0, 12.0, 13.0)",37026007200.00001,2,-26.539535961322727,3.0,5.0,2.9786946111800245e-12,8.102412943948219e-11,1.3504021572590538e-10
1431,"(3.0, 6.0, 6.0, 9.0, 9.0, 11.0, 12.0, 14.0)",37026007200.00001,1,-26.46290233197204,1.0,1.0,3.215937071985232e-12,2.700804314649406e-11,2.7008043145764627e-11
1432,"(3.0, 6.0, 6.0, 9.0, 9.0, 11.0, 13.0, 13.0)",18513003600.000004,2,-26.42464958801054,4.0,10.0,3.341338676104051e-12,2.160643451719525e-10,5.401608628831974e-10
1433,"(3.0, 6.0, 6.0, 9.0, 9.0, 12.0, 12.0, 13.0)",15664849199.999994,2,-26.62524743840096,4.0,10.0,2.73402170592958e-12,2.553487715668531e-10,6.383719288519297e-10
1434,"(3.0, 6.0, 6.0, 9.0, 9.0, 12.0, 13.0, 13.0)",15664849199.999994,9,-26.510361065088773,11.0,15.0,3.066877830658676e-12,7.02209121808846e-10,9.575578928826015e-10
1435,"(3.0, 6.0, 6.0, 9.0, 9.0, 12.0, 13.0, 14.0)",31329698399.99999,1,-26.433727435738085,2.0,4.0,3.3111437721229343e-12,6.383719289171328e-11,1.2767438577935138e-10
1436,"(3.0, 6.0, 6.0, 9.0, 9.0, 13.0, 13.0, 14.0)",15664849199.999994,1,-26.318841062425896,3.0,9.0,3.714262182638622e-12,1.9151157867513981e-10,5.745347359887428e-10
1437,"(3.0, 6.0, 6.0, 9.0, 11.0, 11.0, 13.0, 13.0)",18513003600.000004,1,-26.08022395592407,1.0,1.0,4.715227475565473e-12,5.401608629298812e-11,5.4016086290070386e-11
1438,"(3.0, 6.0, 6.0, 9.0, 11.0, 12.0, 12.0, 13.0)",31329698399.99999,1,-26.28082180631449,1.0,1.0,3.8581944293126595e-12,3.191859644585664e-11,3.1918596444837844e-11
1439,"(3.0, 6.0, 6.0, 9.0, 11.0, 12.0, 12.0, 14.0)",31329698399.99999,1,-26.20418817696381,1.0,1.0,4.1654859311804305e-12,3.191859644585664e-11,3.1918596444837844e-11
1440,"(3.0, 6.0, 6.0, 9.0, 11.0, 12.0, 13.0, 13.0)",31329698399.99999,4,-26.165935433002304,5.0,7.0,4.327914052754974e-12,1.5959298222928319e-10,2.2343017509552654e-10
1441,"(3.0, 6.0, 6.0, 9.0, 11.0, 12.0, 13.0, 14.0)",62659396799.99998,2,-26.08930180365161,3.0,5.0,4.672617056606171e-12,4.7877894668784953e-11,7.97964911123493e-11
1442,"(3.0, 6.0, 6.0, 9.0, 11.0, 13.0, 13.0, 13.0)",10443232799.999996,1,-26.05104905969011,1.0,1.0,4.854820147405332e-12,9.575578933756991e-11,9.575578932840074e-11
1443,"(3.0, 6.0, 6.0, 9.0, 12.0, 12.0, 13.0, 14.0)",24367543200.0,2,-26.175013280729853,2.0,2.0,4.288803695521183e-12,8.207639086077417e-11,8.207639085403764e-11
1444,"(3.0, 6.0, 6.0, 9.0, 12.0, 13.0, 13.0, 13.0)",8122514400.0,2,-26.13676053676835,2.0,2.0,4.4560404452244726e-12,2.4622917258232254e-10,2.462291725216937e-10
1445,"(3.0, 6.0, 6.0, 9.0, 12.0, 13.0, 13.0, 14.0)",24367543200.0,11,-26.06012690741766,13.0,19.0,4.810948261791068e-12,5.334965405950321e-10,7.797257128927361e-10
1446,"(3.0, 6.0, 6.0, 9.0, 12.0, 13.0, 14.0, 14.0)",24367543200.0,1,-25.983493278066977,1.0,1.0,5.194123227143304e-12,4.103819543038709e-11,4.1038195428702954e-11
1447,"(3.0, 6.0, 6.0, 9.0, 13.0, 13.0, 13.0, 13.0)",2030628600.0,1,-26.02187416345616,1.0,1.0,4.998545411815157e-12,4.924583451646451e-10,4.924583449221299e-10
1448,"(3.0, 6.0, 6.0, 11.0, 11.0, 12.0, 13.0, 13.0)",15664849199.999994,1,-25.82150980091584,1.0,1.0,6.107462077813192e-12,6.383719289171328e-11,6.38371928876381e-11
1449,"(3.0, 6.0, 7.0, 7.0, 9.0, 9.0, 12.0, 13.0)",34177852799.999992,2,-26.173913774313604,2.0,2.0,4.293521856051008e-12,5.851742681740382e-11,5.851742681397953e-11
1450,"(3.0, 6.0, 7.0, 7.0, 9.0, 11.0, 12.0, 13.0)",68355705599.99999,2,-25.82948814222713,2.0,2.0,6.058928526873525e-12,2.925871340870191e-11,2.925871340784584e-11
1451,"(3.0, 6.0, 7.0, 7.0, 9.0, 12.0, 12.0, 13.0)",27848620800.0,1,-25.91519961930537,1.0,1.0,5.561242178024316e-12,3.5908421001588705e-11,3.590842100029929e-11
1452,"(3.0, 6.0, 7.0, 7.0, 9.0, 12.0, 13.0, 14.0)",55697241600.0,1,-25.72367961664249,2.0,4.0,6.735159550158654e-12,3.5908421001588705e-11,7.181684200188799e-11
1453,"(3.0, 6.0, 7.0, 7.0, 11.0, 11.0, 12.0, 13.0)",34177852799.999992,1,-25.485062510140665,1.0,1.0,8.55023361346676e-12,2.925871340870191e-11,2.925871340784584e-11
1454,"(3.0, 6.0, 7.0, 8.0, 8.0, 8.0, 12.0, 13.0)",24684004800.000004,1,-24.74540076998252,1.0,1.0,1.791467744671668e-11,4.0512064719741096e-11,4.0512064718099866e-11
1455,"(3.0, 6.0, 7.0, 8.0, 9.0, 9.0, 12.0, 13.0)",74052014400.00002,4,-26.035121008251505,6.0,10.0,4.932767096001982e-12,8.102412943948219e-11,1.3504021572590538e-10
1456,"(3.0, 6.0, 7.0, 8.0, 9.0, 9.0, 13.0, 13.0)",37026007200.00001,1,-25.920234634939312,1.0,1.0,5.533311611140796e-12,2.700804314649406e-11,2.7008043145764627e-11
1457,"(3.0, 6.0, 7.0, 8.0, 9.0, 11.0, 12.0, 13.0)",148104028800.00003,3,-25.69069537616504,4.0,6.0,6.961018081756844e-12,2.700804314649406e-11,4.051206471901166e-11
1458,"(3.0, 6.0, 7.0, 8.0, 9.0, 11.0, 13.0, 13.0)",74052014400.00002,1,-25.575809002852843,1.0,1.0,7.80849398066347e-12,1.350402157324703e-11,1.3504021573064671e-11
1459,"(3.0, 6.0, 7.0, 8.0, 9.0, 12.0, 12.0, 12.0)",20886465599.999992,1,-25.89129322655546,1.0,1.0,5.695793325889975e-12,4.7877894668784953e-11,4.787789466649266e-11
1460,"(3.0, 6.0, 7.0, 8.0, 9.0, 12.0, 12.0, 13.0)",62659396799.99998,1,-25.77640685324328,1.0,1.0,6.3892332095608525e-12,1.595929822292832e-11,1.595929822267362e-11
1461,"(3.0, 6.0, 7.0, 8.0, 9.0, 12.0, 13.0, 13.0)",62659396799.99998,14,-25.66152047993108,19.0,31.0,7.167096604541469e-12,3.0322666623563803e-10,4.947382448188314e-10
1462,"(3.0, 6.0, 7.0, 8.0, 9.0, 12.0, 13.0, 14.0)",125318793599.99995,2,-25.5848868505804,2.0,2.0,7.737930428495078e-12,1.595929822292832e-11,1.595929822267362e-11
1463,"(3.0, 6.0, 7.0, 8.0, 9.0, 13.0, 13.0, 14.0)",62659396799.99998,1,-25.4700004772682,1.0,1.0,8.679992274700047e-12,1.595929822292832e-11,1.595929822267362e-11
1464,"(3.0, 6.0, 7.0, 8.0, 11.0, 11.0, 12.0, 13.0)",74052014400.00002,1,-25.34626974407857,1.0,1.0,9.823243585495737e-12,1.350402157324703e-11,1.3504021573064671e-11
1465,"(3.0, 6.0, 7.0, 8.0, 11.0, 12.0, 13.0, 13.0)",62659396799.99998,3,-25.31709484784461,3.0,3.0,1.011405730028235e-11,4.7877894668784953e-11,4.787789466649266e-11
1466,"(3.0, 6.0, 7.0, 8.0, 11.0, 12.0, 13.0, 14.0)",125318793599.99995,1,-25.240461218493927,1.0,1.0,1.0919606091231813e-11,7.97964911146416e-12,7.979649111400485e-12
1467,"(3.0, 6.0, 7.0, 9.0, 9.0, 9.0, 12.0, 13.0)",24684004800.000004,1,-26.679981127386,1.0,1.0,2.588400166541736e-12,4.0512064719741096e-11,4.0512064718099866e-11
1468,"(3.0, 6.0, 7.0, 9.0, 9.0, 9.0, 12.0, 14.0)",24684004800.000004,1,-26.60334749803532,1.0,1.0,2.7945570591463263e-12,4.0512064719741096e-11,4.0512064718099866e-11
1469,"(3.0, 6.0, 7.0, 9.0, 9.0, 9.0, 13.0, 13.0)",12342002400.000002,1,-26.56509475407381,1.0,1.0,2.9035274556977275e-12,8.102412943948219e-11,8.102412943291728e-11
1470,"(3.0, 6.0, 7.0, 9.0, 9.0, 9.0, 13.0, 14.0)",24684004800.000004,2,-26.488461124723123,2.0,2.0,3.1347831191752016e-12,8.102412943948219e-11,8.102412943291728e-11
1471,"(3.0, 6.0, 7.0, 9.0, 9.0, 11.0, 12.0, 13.0)",74052014400.00002,4,-26.33555549529953,4.0,4.0,3.652696349017382e-12,5.401608629298812e-11,5.4016086290070386e-11
1472,"(3.0, 6.0, 7.0, 9.0, 9.0, 12.0, 12.0, 13.0)",31329698399.99999,3,-26.421266972377765,3.0,3.0,3.352660278062889e-12,9.575578933756991e-11,9.575578932840074e-11
1473,"(3.0, 6.0, 7.0, 9.0, 9.0, 12.0, 13.0, 13.0)",31329698399.99999,35,-26.306380599065577,40.0,52.0,3.760833155867368e-12,1.2767438578342655e-09,1.6597670135544704e-09
1474,"(3.0, 6.0, 7.0, 9.0, 9.0, 12.0, 13.0, 14.0)",62659396799.99998,7,-26.22974696971489,8.0,10.0,4.060370177630848e-12,1.2767438578342656e-10,1.5959298221298243e-10
1475,"(3.0, 6.0, 7.0, 9.0, 9.0, 13.0, 13.0, 14.0)",31329698399.99999,4,-26.1148605964027,5.0,7.0,4.554703883672977e-12,1.5959298222928319e-10,2.2343017509552654e-10
1476,"(3.0, 6.0, 7.0, 9.0, 11.0, 11.0, 12.0, 13.0)",74052014400.00002,3,-25.99112986321306,3.0,3.0,5.154608932030363e-12,4.0512064719741096e-11,4.0512064718099866e-11
1477,"(3.0, 6.0, 7.0, 9.0, 11.0, 11.0, 13.0, 13.0)",37026007200.00001,1,-25.876243489900872,2.0,4.0,5.782161796694343e-12,5.401608629298812e-11,1.0803217258305851e-10
1478,"(3.0, 6.0, 7.0, 9.0, 11.0, 12.0, 12.0, 13.0)",62659396799.99998,4,-26.076841340291296,4.0,4.0,4.7312042842037324e-12,6.383719289171328e-11,6.38371928876381e-11
1479,"(3.0, 6.0, 7.0, 9.0, 11.0, 12.0, 13.0, 13.0)",62659396799.99998,13,-25.961954966979107,13.0,13.0,5.307209339293925e-12,2.0747087689806815e-10,2.07470876855024e-10
1480,"(3.0, 6.0, 7.0, 9.0, 11.0, 12.0, 13.0, 14.0)",125318793599.99995,1,-25.88532133762842,1.0,1.0,5.7299097393069615e-12,7.97964911146416e-12,7.979649111400485e-12
1481,"(3.0, 6.0, 7.0, 9.0, 12.0, 12.0, 12.0, 13.0)",16245028800.0,1,-26.162552817369534,2.0,4.0,4.342578510616645e-12,1.2311458629116127e-10,2.4622917256716533e-10
1482,"(3.0, 6.0, 7.0, 9.0, 12.0, 12.0, 13.0, 13.0)",24367543200.0,3,-26.04766644405734,5.0,11.0,4.871269943914646e-12,2.0519097715193546e-10,4.5142014969215463e-10
1483,"(3.0, 6.0, 7.0, 9.0, 12.0, 12.0, 13.0, 14.0)",48735086400.0,1,-25.971032814706657,4.0,16.0,5.2592493172962224e-12,8.207639086077417e-11,3.2830556343636014e-10
1484,"(3.0, 6.0, 7.0, 9.0, 12.0, 13.0, 13.0, 13.0)",16245028800.0,4,-25.93278007074516,4.0,4.0,5.4643274286171495e-12,2.4622917258232254e-10,2.462291725216937e-10
1485,"(3.0, 6.0, 7.0, 9.0, 12.0, 13.0, 13.0, 14.0)",48735086400.0,7,-25.856146441394465,10.0,18.0,5.899541727170934e-12,2.0519097715193546e-10,3.6934375883138047e-10
1486,"(3.0, 6.0, 7.0, 11.0, 12.0, 13.0, 13.0, 14.0)",48735086400.0,1,-25.511720809307995,1.0,1.0,8.325310284809666e-12,2.0519097715193544e-11,2.051909771477251e-11
1487,"(3.0, 6.0, 8.0, 8.0, 8.0, 9.0, 12.0, 13.0)",24684004800.000004,1,-25.25146812305491,1.0,1.0,1.0800074074683449e-11,4.0512064719741096e-11,4.0512064718099866e-11
1488,"(3.0, 6.0, 8.0, 8.0, 9.0, 9.0, 12.0, 12.0)",18513003600.000004,1,-26.0112146155016,2.0,4.0,5.052112640338033e-12,1.0803217258597625e-10,2.1606434516028154e-10
1489,"(3.0, 6.0, 8.0, 8.0, 9.0, 9.0, 12.0, 13.0)",37026007200.00001,3,-25.896328242189405,3.0,3.0,5.667186994543333e-12,8.102412943948219e-11,8.102412943291728e-11
1490,"(3.0, 6.0, 8.0, 8.0, 9.0, 9.0, 13.0, 13.0)",18513003600.000004,1,-25.781441868877216,1.0,1.0,6.357144172654857e-12,5.401608629298812e-11,5.4016086290070386e-11
1491,"(3.0, 6.0, 8.0, 8.0, 9.0, 11.0, 12.0, 13.0)",74052014400.00002,4,-25.55190261010293,5.0,7.0,7.997416130529982e-12,6.752010786623515e-11,9.452815100817025e-11
1492,"(3.0, 6.0, 8.0, 8.0, 9.0, 11.0, 13.0, 13.0)",37026007200.00001,1,-25.437016236790747,1.0,1.0,8.97106931524342e-12,2.700804314649406e-11,2.7008043145764627e-11
1493,"(3.0, 6.0, 8.0, 8.0, 9.0, 12.0, 12.0, 13.0)",32582886336.000004,2,-25.63761408718117,2.0,2.0,7.340500503191294e-12,6.138191624203197e-11,6.138191623826422e-11
1494,"(3.0, 6.0, 8.0, 8.0, 9.0, 12.0, 13.0, 13.0)",32582886336.000004,12,-25.52272771386898,13.0,15.0,8.234176857612735e-12,3.9898245557320776e-10,4.6036437165605273e-10
1495,"(3.0, 6.0, 8.0, 8.0, 9.0, 12.0, 13.0, 14.0)",65165772672.00001,3,-25.446094084518293,3.0,3.0,8.889999838952689e-12,4.603643718152397e-11,4.603643717940462e-11
1496,"(3.0, 6.0, 8.0, 8.0, 9.0, 13.0, 13.0, 13.0)",10860962112.000002,1,-25.40784134055679,2.0,4.0,9.236654706714955e-12,1.841457487260959e-10,3.6829149741828213e-10
1497,"(3.0, 6.0, 8.0, 8.0, 11.0, 12.0, 13.0, 13.0)",32582886336.000004,3,-25.178302081782512,3.0,3.0,1.1619898705674296e-11,9.207287436304795e-11,9.207287435457053e-11
1498,"(3.0, 6.0, 8.0, 8.0, 11.0, 12.0, 13.0, 14.0)",65165772672.00001,1,-25.101668452431824,1.0,1.0,1.2545382423573571e-11,1.5345479060507992e-11,1.5345479060272507e-11
1499,"(3.0, 6.0, 8.0, 8.0, 11.0, 13.0, 13.0, 14.0)",32582886336.000004,1,-24.986782079119635,1.0,1.0,1.4072732176393264e-11,3.0690958121015984e-11,3.069095812007405e-11
1500,"(3.0, 6.0, 8.0, 9.0, 9.0, 9.0, 11.0, 13.0)",25757222400.0,1,-26.455476884245662,1.0,1.0,3.2399057234584605e-12,3.882406202308522e-11,3.882406202157791e-11
1501,"(3.0, 6.0, 8.0, 9.0, 9.0, 9.0, 12.0, 12.0)",12342002400.000002,1,-26.656074734636093,1.0,1.0,2.651025062634209e-12,8.102412943948219e-11,8.102412943291728e-11
1502,"(3.0, 6.0, 8.0, 9.0, 9.0, 9.0, 12.0, 13.0)",24684004800.000004,3,-26.5411883613239,4.0,6.0,2.9737766805143373e-12,1.6204825887896438e-10,2.4307238829218695e-10
1503,"(3.0, 6.0, 8.0, 9.0, 9.0, 9.0, 12.0, 14.0)",24684004800.000004,1,-26.464554731973216,3.0,9.0,3.2106274455851615e-12,1.2153619415922329e-10,3.6460858246289877e-10
1504,"(3.0, 6.0, 8.0, 9.0, 9.0, 11.0, 11.0, 13.0)",38635833599.99999,1,-26.1110512521592,1.0,1.0,4.572087407585295e-12,2.5882708015390152e-11,2.5882708014720236e-11
1505,"(3.0, 6.0, 8.0, 9.0, 9.0, 11.0, 12.0, 12.0)",37026007200.00001,2,-26.311649102549623,2.0,2.0,3.7410712967057034e-12,5.401608629298812e-11,5.4016086290070386e-11
1506,"(3.0, 6.0, 8.0, 9.0, 9.0, 11.0, 12.0, 13.0)",74052014400.00002,1,-26.196762729237435,1.0,1.0,4.1965316507533784e-12,1.350402157324703e-11,1.3504021573064671e-11
1507,"(3.0, 6.0, 8.0, 9.0, 9.0, 11.0, 12.0, 14.0)",74052014400.00002,1,-26.120129099886743,2.0,4.0,4.530770512278465e-12,2.700804314649406e-11,5.4016086292258685e-11
1508,"(3.0, 6.0, 8.0, 9.0, 9.0, 11.0, 13.0, 13.0)",37026007200.00001,1,-26.08187635592524,1.0,1.0,4.707442467424428e-12,2.700804314649406e-11,2.7008043145764627e-11
1509,"(3.0, 6.0, 8.0, 9.0, 9.0, 12.0, 12.0, 13.0)",32582886336.000004,5,-26.28247420631567,6.0,8.0,3.851824413189837e-12,1.841457487260959e-10,2.455276649342182e-10
1510,"(3.0, 6.0, 8.0, 9.0, 9.0, 12.0, 13.0, 13.0)",32582886336.000004,51,-26.16758783300348,56.0,68.0,4.320768512840053e-12,1.718693654776895e-09,2.086985149275179e-09
1511,"(3.0, 6.0, 8.0, 9.0, 9.0, 12.0, 13.0, 14.0)",65165772672.00001,9,-26.090954203652792,10.0,12.0,4.664902399781133e-12,1.5345479060507991e-10,1.841457487025475e-10
1512,"(3.0, 6.0, 8.0, 9.0, 9.0, 12.0, 14.0, 14.0)",32582886336.000004,1,-26.014320574302104,1.0,1.0,5.036445330226684e-12,3.0690958121015984e-11,3.069095812007405e-11
1513,"(3.0, 6.0, 8.0, 9.0, 9.0, 13.0, 13.0, 13.0)",10860962112.000002,3,-26.052701459691285,3.0,3.0,4.846804666801947e-12,2.7621862308914385e-10,2.7621862301284714e-10
1514,"(3.0, 6.0, 8.0, 9.0, 9.0, 13.0, 13.0, 14.0)",32582886336.000004,1,-25.9760678303406,2.0,4.0,5.2328354676361025e-12,6.138191624203197e-11,1.227638324802962e-10
1515,"(3.0, 6.0, 8.0, 9.0, 11.0, 12.0, 12.0, 13.0)",65165772672.00001,6,-25.9380485742292,7.0,9.0,5.435614304534808e-12,1.0741835342355593e-10,1.3810931153303322e-10
1516,"(3.0, 6.0, 8.0, 9.0, 11.0, 12.0, 13.0, 13.0)",65165772672.00001,21,-25.823162200917007,30.0,52.0,6.097378440863927e-12,4.603643718152397e-10,7.979649109344802e-10
1517,"(3.0, 6.0, 8.0, 9.0, 11.0, 12.0, 13.0, 14.0)",130331545344.00002,7,-25.746528571566323,7.0,7.0,6.583013007207756e-12,5.370917671177797e-11,5.370917670889329e-11
1518,"(3.0, 6.0, 8.0, 9.0, 12.0, 12.0, 12.0, 13.0)",17544631103.999996,4,-26.02376005130744,4.0,4.0,4.989127599009582e-12,2.2798997461326165e-10,2.2798997456128222e-10
1519,"(3.0, 6.0, 8.0, 9.0, 12.0, 12.0, 13.0, 13.0)",26316946655.999992,10,-25.90887367799525,13.0,19.0,5.596533778259623e-12,4.939782783287337e-10,7.219682526979808e-10
1520,"(3.0, 6.0, 8.0, 9.0, 12.0, 12.0, 13.0, 14.0)",52633893311.99999,1,-25.83224004864456,1.0,1.0,6.042277843646638e-12,1.8999164551105136e-11,1.8999164550744168e-11
1521,"(3.0, 6.0, 8.0, 9.0, 12.0, 13.0, 13.0, 13.0)",17544631103.999996,9,-25.79398730468305,11.0,15.0,6.2778892120175235e-12,6.269724301864696e-10,8.549624044066367e-10
1522,"(3.0, 6.0, 8.0, 9.0, 12.0, 13.0, 13.0, 14.0)",52633893311.99999,11,-25.717353675332365,16.0,30.0,6.777900821039574e-12,3.0398663281768217e-10,5.699749364407463e-10
1523,"(3.0, 6.0, 8.0, 9.0, 12.0, 13.0, 14.0, 14.0)",52633893311.99999,1,-25.64072004598168,2.0,4.0,7.317736581255345e-12,3.799832910221027e-11,7.599665820297667e-11
1524,"(3.0, 6.0, 8.0, 9.0, 13.0, 13.0, 13.0, 14.0)",17544631103.999996,3,-25.602467302020173,3.0,3.0,7.603082931407052e-12,1.7099248095994623e-10,1.709924809307078e-10
1525,"(3.0, 6.0, 8.0, 11.0, 11.0, 12.0, 13.0, 13.0)",32582886336.000004,1,-25.47873656883054,1.0,1.0,8.604493330441055e-12,3.0690958121015984e-11,3.069095812007405e-11
1526,"(3.0, 6.0, 8.0, 11.0, 11.0, 12.0, 13.0, 14.0)",65165772672.00001,2,-25.402102939479853,2.0,2.0,9.289810705385762e-12,3.0690958121015984e-11,3.069095812007405e-11
1527,"(3.0, 6.0, 8.0, 11.0, 12.0, 12.0, 13.0, 13.0)",26316946655.999992,1,-25.564448045908776,1.0,1.0,7.897711784771602e-12,3.799832910221028e-11,3.79983291007664e-11
1528,"(3.0, 6.0, 8.0, 11.0, 12.0, 13.0, 13.0, 13.0)",17544631103.999996,1,-25.44956167259658,1.0,1.0,8.859226367192505e-12,5.6997493653315414e-11,5.69974936500667e-11
1529,"(3.0, 6.0, 8.0, 12.0, 12.0, 13.0, 13.0, 13.0)",6498011520.000001,1,-25.53527314967482,1.0,1.0,8.131520799325073e-12,1.5389323286395156e-10,1.5389323284026842e-10
1530,"(3.0, 6.0, 9.0, 9.0, 9.0, 9.0, 11.0, 13.0)",6439305599.999999,1,-27.10033700338016,1.0,1.0,1.7000949671790468e-12,1.5529624809234091e-10,1.55296248068224e-10
1531,"(3.0, 6.0, 9.0, 9.0, 9.0, 9.0, 12.0, 13.0)",6171001200.000001,1,-27.1860484804584,1.0,1.0,1.5604474943363756e-12,1.6204825887896438e-10,1.6204825885270473e-10
1532,"(3.0, 6.0, 9.0, 9.0, 9.0, 11.0, 12.0, 13.0)",24684004800.000004,4,-26.841622848371927,8.0,22.0,2.2020709699656543e-12,3.2409651775792876e-10,8.912654237292654e-10
1533,"(3.0, 6.0, 9.0, 9.0, 9.0, 12.0, 13.0, 13.0)",10860962112.000002,19,-26.812447952137973,20.0,22.0,2.2672625162635543e-12,1.8414574872609589e-09,2.025603232596089e-09
1534,"(3.0, 6.0, 9.0, 9.0, 9.0, 12.0, 13.0, 14.0)",21721924224.000004,3,-26.735814322787284,4.0,6.0,2.4478419340497522e-12,1.841457487260959e-10,2.762186230552342e-10
1535,"(3.0, 6.0, 9.0, 9.0, 9.0, 13.0, 13.0, 13.0)",3620320704.000001,2,-26.69756157882578,2.0,2.0,2.543292590666515e-12,5.524372461782876e-10,5.524372458731007e-10
1536,"(3.0, 6.0, 9.0, 9.0, 9.0, 13.0, 13.0, 14.0)",10860962112.000002,2,-26.620927949475096,3.0,5.0,2.745856824842343e-12,2.7621862308914385e-10,4.60364371738943e-10
1537,"(3.0, 6.0, 9.0, 9.0, 11.0, 11.0, 12.0, 13.0)",37026007200.00001,2,-26.497197216285457,2.0,2.0,3.1075166414539845e-12,5.401608629298812e-11,5.4016086290070386e-11
1538,"(3.0, 6.0, 9.0, 9.0, 11.0, 11.0, 13.0, 13.0)",18513003600.000004,2,-26.38231084297327,2.0,2.0,3.485844269417664e-12,1.0803217258597625e-10,1.080321725743053e-10
1539,"(3.0, 6.0, 9.0, 9.0, 11.0, 12.0, 12.0, 13.0)",32582886336.000004,3,-26.58290869336369,3.0,3.0,2.852262167925581e-12,9.207287436304795e-11,9.207287435457053e-11
1540,"(3.0, 6.0, 9.0, 9.0, 11.0, 12.0, 13.0, 13.0)",32582886336.000004,30,-26.468022320051503,38.0,60.0,3.1995135923996675e-12,1.1662564085986074e-09,1.8414574859008049e-09
1541,"(3.0, 6.0, 9.0, 9.0, 11.0, 12.0, 13.0, 14.0)",65165772672.00001,9,-26.39138869070081,12.0,18.0,3.4543435018477995e-12,1.841457487260959e-10,2.762186230552342e-10
1542,"(3.0, 6.0, 9.0, 9.0, 11.0, 12.0, 14.0, 14.0)",32582886336.000004,1,-26.314755061350134,1.0,1.0,3.729469709740618e-12,3.0690958121015984e-11,3.069095812007405e-11
1543,"(3.0, 6.0, 9.0, 9.0, 11.0, 13.0, 13.0, 13.0)",10860962112.000002,2,-26.35313594673931,2.0,2.0,3.589041478397983e-12,1.841457487260959e-10,1.8414574869218624e-10
1544,"(3.0, 6.0, 9.0, 9.0, 11.0, 13.0, 13.0, 14.0)",32582886336.000004,5,-26.276502317388623,5.0,5.0,3.874895902369893e-12,1.5345479060507991e-10,1.5345479058153153e-10
1545,"(3.0, 6.0, 9.0, 9.0, 12.0, 12.0, 12.0, 13.0)",8772315551.999998,2,-26.66862017044193,2.0,2.0,2.6179745479248702e-12,2.2798997461326165e-10,2.2798997456128222e-10
1546,"(3.0, 6.0, 9.0, 9.0, 12.0, 12.0, 13.0, 13.0)",13158473327.999996,19,-26.553733797129738,21.0,27.0,2.9367023988310225e-12,1.5959298222928317e-09,2.051909768972363e-09
1547,"(3.0, 6.0, 9.0, 9.0, 12.0, 12.0, 13.0, 14.0)",26316946655.999992,5,-26.477100167779053,6.0,8.0,3.170600328862591e-12,2.2798997461326168e-10,3.039866327657028e-10
1548,"(3.0, 6.0, 9.0, 9.0, 12.0, 13.0, 13.0, 13.0)",8772315551.999998,19,-26.43884742381755,21.0,25.0,3.294234081128029e-12,2.3938947334392475e-09,2.8498746769350385e-09
1549,"(3.0, 6.0, 9.0, 9.0, 12.0, 13.0, 13.0, 14.0)",26316946655.999992,17,-26.36221379446686,18.0,20.0,3.5566081415442426e-12,6.83969923839785e-10,7.599665815763907e-10
1550,"(3.0, 6.0, 9.0, 9.0, 12.0, 13.0, 14.0, 14.0)",26316946655.999992,2,-26.285580165116176,2.0,2.0,3.8398793652718354e-12,7.599665820442056e-11,7.599665819864506e-11
1551,"(3.0, 6.0, 9.0, 9.0, 13.0, 13.0, 13.0, 13.0)",2193078887.9999995,1,-26.32396105050536,1.0,1.0,3.695293804910278e-12,4.559799492265233e-10,4.559799490186056e-10
1552,"(3.0, 6.0, 9.0, 9.0, 13.0, 13.0, 14.0, 14.0)",13158473327.999996,2,-26.170693791803984,2.0,2.0,4.3073692034759826e-12,1.519933164088411e-10,1.5199331638573915e-10
1553,"(3.0, 6.0, 9.0, 11.0, 11.0, 11.0, 12.0, 13.0)",24684004800.000004,2,-26.152771584198987,2.0,2.0,4.3852626952636625e-12,8.102412943948219e-11,8.102412943291728e-11
1554,"(3.0, 6.0, 9.0, 11.0, 11.0, 12.0, 12.0, 13.0)",32582886336.000004,3,-26.238483061277226,3.0,3.0,4.025052904065383e-12,9.207287436304795e-11,9.207287435457053e-11
1555,"(3.0, 6.0, 9.0, 11.0, 11.0, 12.0, 13.0, 13.0)",32582886336.000004,6,-26.12359668796504,7.0,9.0,4.51508687437771e-12,2.1483670684711187e-10,2.7621862304298903e-10
1556,"(3.0, 6.0, 9.0, 11.0, 11.0, 13.0, 13.0, 14.0)",32582886336.000004,1,-25.93207668530216,1.0,1.0,5.468172309044163e-12,3.0690958121015984e-11,3.069095812007405e-11
1557,"(3.0, 6.0, 9.0, 11.0, 12.0, 12.0, 13.0, 13.0)",26316946655.999992,4,-26.209308165043268,4.0,4.0,4.1442131974100616e-12,1.519933164088411e-10,1.5199331638573915e-10
1558,"(3.0, 6.0, 9.0, 11.0, 12.0, 13.0, 13.0, 13.0)",17544631103.999996,8,-26.09442179173108,9.0,11.0,4.648754453227223e-12,5.129774428798387e-10,6.269724299233237e-10
1559,"(3.0, 6.0, 9.0, 11.0, 12.0, 13.0, 13.0, 14.0)",52633893311.99999,16,-26.01778816238039,18.0,22.0,5.019011257004058e-12,3.4198496191989247e-10,4.179816200073593e-10
1560,"(3.0, 6.0, 9.0, 11.0, 12.0, 13.0, 14.0, 14.0)",52633893311.99999,1,-25.941154533029707,1.0,1.0,5.41875770195731e-12,1.8999164551105136e-11,1.8999164550744168e-11
1561,"(3.0, 6.0, 9.0, 11.0, 13.0, 13.0, 13.0, 14.0)",17544631103.999996,1,-25.902901789068203,3.0,9.0,5.63005565118529e-12,1.7099248095994623e-10,5.129774428506002e-10
1562,"(3.0, 6.0, 9.0, 12.0, 12.0, 12.0, 13.0, 13.0)",6498011520.000001,3,-26.295019642121503,3.0,3.0,3.803803449065346e-12,4.616796985918547e-10,4.616796983787065e-10
1563,"(3.0, 6.0, 9.0, 12.0, 12.0, 12.0, 13.0, 14.0)",12996023040.000002,1,-26.21838601277082,1.0,1.0,4.106762902272942e-12,7.694661643197578e-11,7.6946616426055e-11
1564,"(3.0, 6.0, 9.0, 12.0, 12.0, 13.0, 13.0, 13.0)",6498011520.000001,3,-26.18013326880932,3.0,3.0,4.266901189855407e-12,4.616796985918547e-10,4.616796983787065e-10
1565,"(3.0, 6.0, 9.0, 12.0, 12.0, 13.0, 13.0, 14.0)",19494034560.000004,3,-26.103499639458622,4.0,6.0,4.606744735579985e-12,2.051909771519354e-10,3.077864656857998e-10
1566,"(3.0, 6.0, 9.0, 12.0, 12.0, 13.0, 14.0, 14.0)",19494034560.000004,2,-26.026866010107945,2.0,2.0,4.973655614348221e-12,1.025954885759677e-10,1.0259548856544187e-10
1567,"(3.0, 6.0, 9.0, 12.0, 13.0, 13.0, 13.0, 13.0)",3249005760.0000005,1,-26.06524689549712,3.0,9.0,4.7863792143265146e-12,9.233593971837094e-10,2.770078190698536e-09
1568,"(3.0, 6.0, 9.0, 12.0, 13.0, 13.0, 13.0, 14.0)",12996023040.000002,10,-25.98861326614644,11.0,13.0,5.1675973421908245e-12,8.464127807517336e-10,1.0003060128992706e-09
1569,"(3.0, 6.0, 9.0, 12.0, 13.0, 13.0, 14.0, 14.0)",19494034560.000004,3,-25.91197963679575,3.0,3.0,5.5791781418170695e-12,1.5389323286395156e-10,1.5389323284026842e-10
1570,"(3.0, 6.0, 9.0, 13.0, 13.0, 14.0, 14.0, 14.0)",6498011520.000001,1,-25.720459634132872,1.0,1.0,6.756881599650992e-12,1.5389323286395156e-10,1.5389323284026842e-10
1571,"(3.0, 6.0, 11.0, 11.0, 11.0, 12.0, 13.0, 13.0)",10860962112.000002,1,-25.779171055878564,1.0,1.0,6.371596461288497e-12,9.207287436304795e-11,9.207287435457053e-11
1572,"(3.0, 6.0, 11.0, 11.0, 12.0, 13.0, 13.0, 14.0)",26316946655.999992,1,-25.67336253029392,1.0,1.0,7.082724043643449e-12,3.799832910221028e-11,3.79983291007664e-11
1573,"(3.0, 6.0, 11.0, 12.0, 13.0, 13.0, 13.0, 14.0)",12996023040.000002,1,-25.644187634059968,1.0,1.0,7.292405629161846e-12,7.694661643197578e-11,7.6946616426055e-11
1574,"(3.0, 7.0, 7.0, 7.0, 8.0, 9.0, 12.0, 13.0)",22785235200.0,2,-25.325073189155912,2.0,2.0,1.0033684944476195e-11,8.777614022610572e-11,8.777614021840108e-11
1575,"(3.0, 7.0, 7.0, 7.0, 9.0, 9.0, 12.0, 13.0)",11392617599.999998,2,-25.969933308290408,2.0,2.0,5.265035075821681e-12,1.7555228045221147e-10,1.7555228042139287e-10
1576,"(3.0, 7.0, 7.0, 7.0, 9.0, 9.0, 13.0, 14.0)",11392617599.999998,1,-25.77841330562753,1.0,1.0,6.3764263698076104e-12,8.777614022610574e-11,8.777614021840109e-11
1577,"(3.0, 7.0, 7.0, 7.0, 9.0, 11.0, 12.0, 13.0)",22785235200.0,1,-25.62550767620393,1.0,1.0,7.429907727365444e-12,4.388807011305286e-11,4.38880701111267e-11
1578,"(3.0, 7.0, 7.0, 7.0, 9.0, 12.0, 13.0, 14.0)",18565747200.0,1,-25.519699150619296,1.0,1.0,8.259152383925649e-12,5.3862631502383055e-11,5.3862631499481874e-11
1579,"(3.0, 7.0, 7.0, 8.0, 8.0, 9.0, 12.0, 13.0)",37026007200.00001,1,-25.18628042309381,1.0,1.0,1.1527560032333238e-11,2.700804314649406e-11,2.7008043145764627e-11
1580,"(3.0, 7.0, 7.0, 8.0, 8.0, 9.0, 13.0, 13.0)",18513003600.000004,1,-25.071394049781624,2.0,4.0,1.2930994010791622e-11,1.0803217258597625e-10,2.1606434516028154e-10
1581,"(3.0, 7.0, 7.0, 8.0, 9.0, 9.0, 11.0, 13.0)",40245659999.99999,2,-25.74542906515007,2.0,2.0,6.5902550528557015e-12,4.969479938954909e-11,4.969479938707952e-11
1582,"(3.0, 7.0, 7.0, 8.0, 9.0, 9.0, 12.0, 13.0)",37026007200.00001,3,-25.831140542228308,3.0,3.0,6.0489250205416776e-12,8.102412943948219e-11,8.102412943291728e-11
1583,"(3.0, 7.0, 7.0, 8.0, 9.0, 12.0, 12.0, 13.0)",31329698399.99999,1,-25.57242638722008,1.0,1.0,7.83495183762332e-12,3.191859644585664e-11,3.1918596444837844e-11
1584,"(3.0, 7.0, 7.0, 8.0, 9.0, 12.0, 13.0, 13.0)",31329698399.99999,7,-25.45754001390788,7.0,7.0,8.788825649398331e-12,2.2343017512099647e-10,2.2343017507107542e-10
1585,"(3.0, 7.0, 7.0, 8.0, 9.0, 12.0, 13.0, 14.0)",62659396799.99998,1,-25.3809063845572,1.0,1.0,9.488824439749307e-12,1.595929822292832e-11,1.595929822267362e-11
1586,"(3.0, 7.0, 7.0, 9.0, 9.0, 9.0, 12.0, 13.0)",12342002400.000002,2,-26.476000661362804,2.0,2.0,3.174088341462262e-12,1.6204825887896438e-10,1.6204825885270473e-10
1587,"(3.0, 7.0, 7.0, 9.0, 9.0, 11.0, 12.0, 12.0)",18513003600.000004,1,-26.24646140258853,1.0,1.0,3.993067423408154e-12,5.401608629298812e-11,5.4016086290070386e-11
1588,"(3.0, 7.0, 7.0, 9.0, 9.0, 11.0, 12.0, 13.0)",37026007200.00001,1,-26.13157502927633,1.0,1.0,4.47920729035038e-12,2.700804314649406e-11,2.7008043145764627e-11
1589,"(3.0, 7.0, 7.0, 9.0, 9.0, 11.0, 13.0, 14.0)",37026007200.00001,1,-25.940055026613457,1.0,1.0,5.424718937426484e-12,2.700804314649406e-11,2.7008043145764627e-11
1590,"(3.0, 7.0, 7.0, 9.0, 9.0, 12.0, 13.0, 13.0)",15664849199.999994,16,-26.10240013304238,19.0,25.0,4.611812666575511e-12,1.2129066649425521e-09,1.5959298208216893e-09
1591,"(3.0, 7.0, 7.0, 9.0, 9.0, 12.0, 13.0, 14.0)",31329698399.99999,3,-26.02576650369169,3.0,3.0,4.979127188072433e-12,9.575578933756991e-11,9.575578932840074e-11
1592,"(3.0, 7.0, 7.0, 9.0, 9.0, 13.0, 13.0, 13.0)",5221616399.999998,1,-25.987513759730188,1.0,1.0,5.173282273361608e-12,1.9151157867513981e-10,1.9151157863846312e-10
1593,"(3.0, 7.0, 7.0, 9.0, 9.0, 13.0, 13.0, 14.0)",15664849199.999994,1,-25.910880130379503,2.0,4.0,5.585315857591982e-12,1.2767438578342656e-10,2.553487715505524e-10
1594,"(3.0, 7.0, 7.0, 9.0, 11.0, 12.0, 12.0, 13.0)",31329698399.99999,2,-25.8728608742681,2.0,2.0,5.801753744913164e-12,6.383719289171328e-11,6.38371928876381e-11
1595,"(3.0, 7.0, 7.0, 9.0, 11.0, 12.0, 13.0, 13.0)",31329698399.99999,11,-25.75797450095591,12.0,14.0,6.508093882585084e-12,3.8302315735027963e-10,4.468603500952862e-10
1596,"(3.0, 7.0, 7.0, 9.0, 11.0, 12.0, 13.0, 14.0)",62659396799.99998,1,-25.681340871605222,1.0,1.0,7.026440477117023e-12,1.595929822292832e-11,1.595929822267362e-11
1597,"(3.0, 7.0, 7.0, 9.0, 11.0, 13.0, 14.0, 14.0)",31329698399.99999,1,-25.489820868942346,1.0,1.0,8.50964517784914e-12,3.191859644585664e-11,3.1918596444837844e-11
1598,"(3.0, 7.0, 7.0, 9.0, 12.0, 12.0, 13.0, 13.0)",12183771600.0,1,-25.843685978034145,1.0,1.0,5.973512649612054e-12,8.207639086077417e-11,8.207639085403764e-11
1599,"(3.0, 7.0, 7.0, 9.0, 12.0, 12.0, 13.0, 14.0)",24367543200.0,2,-25.76705234868346,2.0,2.0,6.449281745015733e-12,8.207639086077417e-11,8.207639085403764e-11
1600,"(3.0, 7.0, 7.0, 9.0, 12.0, 13.0, 13.0, 13.0)",8122514400.0,3,-25.72879960472196,4.0,6.0,6.700763741751426e-12,4.924583451646451e-10,7.386875175044524e-10
1601,"(3.0, 7.0, 7.0, 9.0, 12.0, 13.0, 13.0, 14.0)",24367543200.0,4,-25.65216597537127,5.0,7.0,7.234455807195399e-12,2.0519097715193546e-10,2.872673679706063e-10
1602,"(3.0, 7.0, 7.0, 9.0, 13.0, 13.0, 14.0, 14.0)",12183771600.0,1,-25.46064597270839,1.0,1.0,8.76157026798332e-12,8.207639086077417e-11,8.207639085403764e-11
1603,"(3.0, 7.0, 7.0, 11.0, 11.0, 11.0, 12.0, 13.0)",12342002400.000002,1,-25.442723765103395,2.0,4.0,8.920012525769254e-12,1.6204825887896438e-10,3.2409651773166914e-10
1604,"(3.0, 7.0, 7.0, 11.0, 12.0, 12.0, 13.0, 13.0)",12183771600.0,1,-25.499260345947675,1.0,1.0,8.429696508325916e-12,8.207639086077417e-11,8.207639085403764e-11
1605,"(3.0, 7.0, 7.0, 11.0, 12.0, 13.0, 13.0, 14.0)",24367543200.0,1,-25.3077403432848,2.0,4.0,1.0209113202683818e-11,8.207639086077417e-11,1.6415278171481182e-10
1606,"(3.0, 7.0, 8.0, 8.0, 8.0, 9.0, 13.0, 14.0)",24684004800.000004,1,-24.85596765436884,1.0,1.0,1.6039484468591157e-11,4.0512064719741096e-11,4.0512064718099866e-11
1607,"(3.0, 7.0, 8.0, 8.0, 9.0, 9.0, 9.0, 13.0)",12878611199.999998,1,-25.951061931174443,1.0,1.0,5.365336979104786e-12,7.764812404617046e-11,7.764812404014123e-11
1608,"(3.0, 7.0, 8.0, 8.0, 9.0, 9.0, 12.0, 13.0)",37026007200.00001,6,-25.69234777616621,8.0,12.0,6.949525193509722e-12,2.160643451719525e-10,3.2409651771124496e-10
1609,"(3.0, 7.0, 8.0, 8.0, 9.0, 9.0, 13.0, 13.0)",18513003600.000004,1,-25.57746140285402,1.0,1.0,7.795601879587957e-12,5.401608629298812e-11,5.4016086290070386e-11
1610,"(3.0, 7.0, 8.0, 8.0, 9.0, 11.0, 12.0, 13.0)",74052014400.00002,2,-25.34792214407974,3.0,5.0,9.807025061218627e-12,4.0512064719741096e-11,6.752010786459392e-11
1611,"(3.0, 7.0, 8.0, 8.0, 9.0, 12.0, 12.0, 13.0)",32582886336.000004,2,-25.433633621157973,2.0,2.0,9.001466376355092e-12,6.138191624203197e-11,6.138191623826422e-11
1612,"(3.0, 7.0, 8.0, 8.0, 9.0, 12.0, 12.0, 14.0)",32582886336.000004,1,-25.35699999180729,2.0,4.0,9.718401246403995e-12,6.138191624203197e-11,1.227638324802962e-10
1613,"(3.0, 7.0, 8.0, 8.0, 9.0, 12.0, 13.0, 13.0)",32582886336.000004,11,-25.318747247845785,11.0,11.0,1.0097358632226591e-11,3.376005393311758e-10,3.376005392172017e-10
1614,"(3.0, 7.0, 8.0, 8.0, 9.0, 12.0, 13.0, 14.0)",65165772672.00001,1,-25.242113618495097,1.0,1.0,1.090157743349308e-11,1.5345479060507992e-11,1.5345479060272507e-11
1615,"(3.0, 7.0, 8.0, 8.0, 12.0, 12.0, 13.0, 13.0)",13158473327.999996,1,-25.06003309283755,3.0,9.0,1.3078740156647131e-11,2.2798997461326168e-10,6.839699237878056e-10
1616,"(3.0, 7.0, 8.0, 8.0, 12.0, 13.0, 13.0, 13.0)",8772315551.999998,2,-24.94514671952536,2.0,2.0,1.4671024064064104e-11,2.2798997461326165e-10,2.2798997456128222e-10
1617,"(3.0, 7.0, 8.0, 9.0, 9.0, 9.0, 12.0, 13.0)",24684004800.000004,2,-26.337207895300704,3.0,5.0,3.646665617528544e-12,1.2153619415922329e-10,2.0256032358393444e-10
1618,"(3.0, 7.0, 8.0, 9.0, 9.0, 9.0, 13.0, 13.0)",12342002400.000002,1,-26.222321521988512,1.0,1.0,4.090632460586479e-12,8.102412943948219e-11,8.102412943291728e-11
1619,"(3.0, 7.0, 8.0, 9.0, 9.0, 11.0, 11.0, 13.0)",38635833599.99999,1,-25.907070786136,1.0,1.0,5.606632824457037e-12,2.5882708015390152e-11,2.5882708014720236e-11
1620,"(3.0, 7.0, 8.0, 9.0, 9.0, 11.0, 12.0, 13.0)",74052014400.00002,8,-25.99278226321424,9.0,11.0,5.14609848948905e-12,1.2153619415922329e-10,1.485442372909463e-10
1621,"(3.0, 7.0, 8.0, 9.0, 9.0, 11.0, 13.0, 13.0)",37026007200.00001,2,-25.87789588990204,2.0,2.0,5.7726152420703564e-12,5.401608629298812e-11,5.4016086290070386e-11
1622,"(3.0, 7.0, 8.0, 9.0, 9.0, 12.0, 12.0, 13.0)",32582886336.000004,13,-26.07849374029248,16.0,24.0,4.723392897783744e-12,4.910553299362557e-10,7.365829946632482e-10
1623,"(3.0, 7.0, 8.0, 9.0, 9.0, 12.0, 13.0, 13.0)",32582886336.000004,56,-25.96360736698028,61.0,71.0,5.298446948056848e-12,1.872148445381975e-09,2.179058023087195e-09
1624,"(3.0, 7.0, 8.0, 9.0, 9.0, 12.0, 13.0, 14.0)",65165772672.00001,7,-25.8869737376296,8.0,10.0,5.720449454686675e-12,1.2276383248406394e-10,1.5345479059000897e-10
1625,"(3.0, 7.0, 8.0, 9.0, 9.0, 13.0, 13.0, 14.0)",32582886336.000004,4,-25.7720873643174,4.0,4.0,6.416891122675725e-12,1.2276383248406394e-10,1.22763832468993e-10
1626,"(3.0, 7.0, 8.0, 9.0, 9.0, 13.0, 14.0, 14.0)",32582886336.000004,1,-25.69545373496672,1.0,1.0,6.927973740863108e-12,3.0690958121015984e-11,3.069095812007405e-11
1627,"(3.0, 7.0, 8.0, 9.0, 11.0, 11.0, 12.0, 13.0)",74052014400.00002,6,-25.64835663112777,9.0,21.0,7.2620668964624315e-12,1.2153619415922329e-10,2.835844530234166e-10
1628,"(3.0, 7.0, 8.0, 9.0, 11.0, 11.0, 13.0, 14.0)",74052014400.00002,1,-25.45683662846489,1.0,1.0,8.795009756071428e-12,1.350402157324703e-11,1.3504021573064671e-11
1629,"(3.0, 7.0, 8.0, 9.0, 11.0, 12.0, 12.0, 13.0)",65165772672.00001,3,-25.734068108206003,4.0,6.0,6.665553578510497e-12,6.138191624203197e-11,9.20728743592802e-11
1630,"(3.0, 7.0, 8.0, 9.0, 11.0, 12.0, 13.0, 13.0)",65165772672.00001,32,-25.61918173489381,40.0,56.0,7.477057864853709e-12,6.138191624203197e-10,8.593468270116735e-10
1631,"(3.0, 7.0, 8.0, 9.0, 11.0, 12.0, 13.0, 14.0)",130331545344.00002,1,-25.542548105543126,1.0,1.0,8.072579003805921e-12,7.672739530253996e-12,7.672739530195126e-12
1632,"(3.0, 7.0, 8.0, 9.0, 11.0, 13.0, 13.0, 13.0)",21721924224.000004,2,-25.50429536158162,2.0,2.0,8.387359527738386e-12,9.207287436304795e-11,9.207287435457053e-11
1633,"(3.0, 7.0, 8.0, 9.0, 11.0, 13.0, 13.0, 14.0)",65165772672.00001,1,-25.42766173223093,2.0,4.0,9.05538296543829e-12,3.0690958121015984e-11,6.138191624109003e-11
1634,"(3.0, 7.0, 8.0, 9.0, 12.0, 12.0, 13.0, 13.0)",26316946655.999992,18,-25.70489321197205,21.0,27.0,6.862884977289792e-12,7.979649111464158e-10,1.0259548851229297e-09
1635,"(3.0, 7.0, 8.0, 9.0, 12.0, 12.0, 13.0, 14.0)",52633893311.99999,3,-25.62825958262136,4.0,6.0,7.409489424125084e-12,7.599665820442054e-11,1.1399498730085534e-10
1636,"(3.0, 7.0, 8.0, 9.0, 12.0, 13.0, 13.0, 13.0)",17544631103.999996,12,-25.590006838659853,12.0,12.0,7.698413566198953e-12,6.839699238397849e-10,6.8396992337197e-10
1637,"(3.0, 7.0, 8.0, 9.0, 12.0, 13.0, 13.0, 14.0)",52633893311.99999,10,-25.51337320930917,11.0,13.0,8.311564901648414e-12,2.089908100621565e-10,2.469891391206896e-10
1638,"(3.0, 7.0, 8.0, 9.0, 12.0, 13.0, 14.0, 14.0)",52633893311.99999,4,-25.436739579958484,4.0,4.0,8.973551566212196e-12,7.599665820442054e-11,7.599665819864505e-11
1639,"(3.0, 7.0, 8.0, 9.0, 13.0, 13.0, 13.0, 14.0)",17544631103.999996,1,-25.398486835996977,1.0,1.0,9.323464433242117e-12,5.6997493653315414e-11,5.69974936500667e-11
1640,"(3.0, 7.0, 8.0, 11.0, 12.0, 12.0, 13.0, 13.0)",26316946655.999992,1,-25.36046757988558,1.0,1.0,9.684760194466036e-12,3.799832910221028e-11,3.79983291007664e-11
1641,"(3.0, 7.0, 8.0, 11.0, 12.0, 12.0, 13.0, 14.0)",52633893311.99999,1,-25.28383395053489,1.0,1.0,1.0456116993588597e-11,1.8999164551105136e-11,1.8999164550744168e-11
1642,"(3.0, 7.0, 8.0, 11.0, 12.0, 13.0, 13.0, 14.0)",52633893311.99999,1,-25.1689475772227,1.0,1.0,1.1729107099940628e-11,1.8999164551105136e-11,1.8999164550744168e-11
1643,"(3.0, 7.0, 9.0, 9.0, 9.0, 9.0, 12.0, 13.0)",6171001200.000001,1,-26.9820680144352,2.0,4.0,1.913536501527359e-12,3.2409651775792876e-10,6.481930354108189e-10
1644,"(3.0, 7.0, 9.0, 9.0, 9.0, 9.0, 13.0, 13.0)",3085500600.0000005,1,-26.86718164112301,1.0,1.0,2.146501859133951e-12,3.2409651775792876e-10,3.240965176528902e-10
1645,"(3.0, 7.0, 9.0, 9.0, 9.0, 11.0, 11.0, 13.0)",12878611199.999998,1,-26.55193090527049,1.0,1.0,2.94200173130518e-12,7.764812404617046e-11,7.764812404014123e-11
1646,"(3.0, 7.0, 9.0, 9.0, 9.0, 11.0, 12.0, 13.0)",24684004800.000004,3,-26.63764238234873,4.0,6.0,2.700342815299296e-12,1.6204825887896438e-10,2.4307238829218695e-10
1647,"(3.0, 7.0, 9.0, 9.0, 9.0, 11.0, 13.0, 13.0)",12342002400.000002,1,-26.52275600903654,2.0,4.0,3.0290986708183642e-12,1.6204825887896438e-10,3.2409651773166914e-10
1648,"(3.0, 7.0, 9.0, 9.0, 9.0, 12.0, 12.0, 13.0)",10860962112.000002,4,-26.723353859426965,4.0,4.0,2.478534000353442e-12,3.682914974521918e-10,3.6829149731655313e-10
1649,"(3.0, 7.0, 9.0, 9.0, 9.0, 12.0, 13.0, 13.0)",10860962112.000002,32,-26.608467486114776,40.0,58.0,2.7802855265310474e-12,3.6829149745219177e-09,5.340226699492918e-09
1650,"(3.0, 7.0, 9.0, 9.0, 9.0, 12.0, 13.0, 14.0)",21721924224.000004,3,-26.531833856764088,6.0,18.0,3.001725407470713e-12,2.7621862308914385e-10,8.286558691911347e-10
1651,"(3.0, 7.0, 9.0, 9.0, 9.0, 13.0, 13.0, 14.0)",10860962112.000002,1,-26.4169474834519,1.0,1.0,3.3671733790301984e-12,9.207287436304795e-11,9.207287435457053e-11
1652,"(3.0, 7.0, 9.0, 9.0, 11.0, 11.0, 12.0, 12.0)",18513003600.000004,1,-26.408103123574456,1.0,1.0,3.3970859559751417e-12,5.401608629298812e-11,5.4016086290070386e-11
1653,"(3.0, 7.0, 9.0, 9.0, 11.0, 11.0, 12.0, 13.0)",37026007200.00001,4,-26.29321675026226,5.0,7.0,3.810667481032251e-12,1.350402157324703e-10,1.8905630200722257e-10
1654,"(3.0, 7.0, 9.0, 9.0, 11.0, 12.0, 12.0, 13.0)",32582886336.000004,2,-26.37892822734049,3.0,5.0,3.497655505911326e-12,9.207287436304795e-11,1.534547905966025e-10
1655,"(3.0, 7.0, 9.0, 9.0, 11.0, 12.0, 13.0, 13.0)",32582886336.000004,63,-26.264041854028303,67.0,75.0,3.92348096838299e-12,2.056294194108071e-09,2.301821854847853e-09
1656,"(3.0, 7.0, 9.0, 9.0, 11.0, 12.0, 13.0, 14.0)",65165772672.00001,12,-26.18740822467762,13.0,15.0,4.23597231152635e-12,1.9949122778660388e-10,2.301821858678231e-10
1657,"(3.0, 7.0, 9.0, 9.0, 11.0, 13.0, 13.0, 13.0)",10860962112.000002,3,-26.149155480716114,4.0,6.0,4.401148964855714e-12,3.682914974521918e-10,5.524372460426491e-10
1658,"(3.0, 7.0, 9.0, 9.0, 11.0, 13.0, 13.0, 14.0)",32582886336.000004,3,-26.07252185136543,5.0,9.0,4.751684869702627e-12,1.5345479060507991e-10,2.7621862306559546e-10
1659,"(3.0, 7.0, 9.0, 9.0, 12.0, 12.0, 12.0, 13.0)",8772315551.999998,1,-26.464639704418733,1.0,1.0,3.2103546423100106e-12,1.1399498730663083e-10,1.1399498729363597e-10
1660,"(3.0, 7.0, 9.0, 9.0, 12.0, 12.0, 13.0, 13.0)",13158473327.999996,29,-26.34975333110654,31.0,35.0,3.601202382446033e-12,2.355896404337037e-09,2.6598830316044717e-09
1661,"(3.0, 7.0, 9.0, 9.0, 12.0, 12.0, 13.0, 14.0)",26316946655.999992,1,-26.273119701755856,2.0,4.0,3.888025379292485e-12,7.599665820442056e-11,1.519933164030656e-10
1662,"(3.0, 7.0, 9.0, 9.0, 12.0, 13.0, 13.0, 13.0)",8772315551.999998,19,-26.23486695779436,20.0,22.0,4.039634259847144e-12,2.2798997461326166e-09,2.5078897155479354e-09
1663,"(3.0, 7.0, 9.0, 9.0, 12.0, 13.0, 13.0, 14.0)",26316946655.999992,28,-26.158233328443664,31.0,39.0,4.361376800677669e-12,1.1779482021685186e-09,1.481934833598639e-09
1664,"(3.0, 7.0, 9.0, 9.0, 12.0, 13.0, 14.0, 14.0)",26316946655.999992,3,-26.08159969909298,3.0,3.0,4.708744993713599e-12,1.1399498730663084e-10,1.1399498729363599e-10
1665,"(3.0, 7.0, 9.0, 9.0, 13.0, 13.0, 13.0, 13.0)",2193078887.9999995,3,-26.11998058448216,4.0,6.0,4.531443451463846e-12,1.8239197969060932e-09,2.7358796920324563e-09
1666,"(3.0, 7.0, 9.0, 9.0, 13.0, 13.0, 13.0, 14.0)",8772315551.999998,2,-26.04334695513148,2.0,2.0,4.892356850034416e-12,2.2798997461326165e-10,2.2798997456128222e-10
1667,"(3.0, 7.0, 9.0, 9.0, 13.0, 13.0, 14.0, 14.0)",13158473327.999996,1,-25.966713325780788,1.0,1.0,5.282015720696431e-12,7.599665820442056e-11,7.599665819864506e-11
1668,"(3.0, 7.0, 9.0, 11.0, 11.0, 11.0, 12.0, 13.0)",24684004800.000004,1,-25.94879111817579,1.0,1.0,5.377534499962076e-12,4.0512064719741096e-11,4.0512064718099866e-11
1669,"(3.0, 7.0, 9.0, 11.0, 11.0, 12.0, 12.0, 13.0)",32582886336.000004,2,-26.034502595254025,3.0,5.0,4.935818526712645e-12,9.207287436304795e-11,1.534547905966025e-10
1670,"(3.0, 7.0, 9.0, 11.0, 11.0, 12.0, 13.0, 13.0)",32582886336.000004,14,-25.91961622194184,18.0,26.0,5.536734541243333e-12,5.524372461782877e-10,7.979649108412286e-10
1671,"(3.0, 7.0, 9.0, 11.0, 11.0, 13.0, 13.0, 13.0)",10860962112.000002,1,-25.804729848629645,1.0,1.0,6.2108096588823495e-12,9.207287436304795e-11,9.207287435457053e-11
1672,"(3.0, 7.0, 9.0, 11.0, 11.0, 13.0, 13.0, 14.0)",32582886336.000004,1,-25.72809621927896,1.0,1.0,6.7054786194181225e-12,3.0690958121015984e-11,3.069095812007405e-11
1673,"(3.0, 7.0, 9.0, 11.0, 12.0, 12.0, 12.0, 13.0)",17544631103.999996,2,-26.120214072332264,2.0,2.0,4.530385537984278e-12,1.1399498730663083e-10,1.1399498729363597e-10
1674,"(3.0, 7.0, 9.0, 11.0, 12.0, 12.0, 13.0, 13.0)",26316946655.999992,8,-26.00532769902007,10.0,14.0,5.081941720011561e-12,3.799832910221028e-10,5.319766072865567e-10
1675,"(3.0, 7.0, 9.0, 11.0, 12.0, 12.0, 13.0, 14.0)",52633893311.99999,4,-25.928694069669387,5.0,7.0,5.486700353138611e-12,9.499582275552568e-11,1.3299415184871176e-10
1676,"(3.0, 7.0, 9.0, 11.0, 12.0, 13.0, 13.0, 13.0)",17544631103.999996,13,-25.890441325707883,13.0,13.0,5.7006476444574054e-12,7.409674174931004e-10,7.409674169440676e-10
1677,"(3.0, 7.0, 9.0, 11.0, 12.0, 13.0, 13.0, 14.0)",52633893311.99999,12,-25.813807696357195,13.0,15.0,6.1546840100110774e-12,2.469891391643668e-10,2.8498746820557343e-10
1678,"(3.0, 7.0, 9.0, 11.0, 13.0, 13.0, 13.0, 14.0)",17544631103.999996,1,-25.69892132304501,1.0,1.0,6.903991985167702e-12,5.6997493653315414e-11,5.69974936500667e-11
1679,"(3.0, 7.0, 9.0, 11.0, 13.0, 13.0, 14.0, 14.0)",26316946655.999992,1,-25.62228769369432,2.0,4.0,7.453870459380185e-12,7.599665820442056e-11,1.519933164030656e-10
1680,"(3.0, 7.0, 9.0, 12.0, 12.0, 12.0, 13.0, 13.0)",6498011520.000001,2,-26.091039176098302,2.0,2.0,4.664506028456717e-12,3.077864657279031e-10,3.077864656331706e-10
1681,"(3.0, 7.0, 9.0, 12.0, 12.0, 12.0, 13.0, 14.0)",12996023040.000002,2,-26.014405546747625,2.0,2.0,5.036017389332093e-12,1.5389323286395156e-10,1.5389323284026842e-10
1682,"(3.0, 7.0, 9.0, 12.0, 12.0, 13.0, 13.0, 13.0)",6498011520.000001,7,-25.97615280278612,7.0,7.0,5.232390839700238e-12,1.077252630047661e-09,1.0772526288871878e-09
1683,"(3.0, 7.0, 9.0, 12.0, 12.0, 13.0, 13.0, 14.0)",19494034560.000004,1,-25.89951917343543,1.0,1.0,5.649132211590459e-12,5.129774428798385e-11,5.1297744285352396e-11
1684,"(3.0, 7.0, 9.0, 12.0, 13.0, 13.0, 13.0, 13.0)",3249005760.0000005,2,-25.861266429473925,2.0,2.0,5.869413338165952e-12,6.155729314558062e-10,6.155729310768762e-10
1685,"(3.0, 7.0, 9.0, 12.0, 13.0, 13.0, 13.0, 14.0)",12996023040.000002,8,-25.78463280012324,9.0,11.0,6.336891292637323e-12,6.925195478877821e-10,8.464127802721503e-10
1686,"(3.0, 7.0, 9.0, 12.0, 13.0, 13.0, 14.0, 14.0)",19494034560.000004,2,-25.70799917077256,2.0,2.0,6.8416022081093386e-12,1.025954885759677e-10,1.0259548856544187e-10
1687,"(3.0, 7.0, 9.0, 12.0, 13.0, 14.0, 14.0, 14.0)",12996023040.000002,2,-25.63136554142187,4.0,10.0,7.386511557866143e-12,3.077864657279031e-10,7.694661642250252e-10
1688,"(3.0, 7.0, 11.0, 11.0, 11.0, 12.0, 13.0, 13.0)",10860962112.000002,1,-25.575190589855367,1.0,1.0,7.813324348258933e-12,9.207287436304795e-11,9.207287435457053e-11
1689,"(3.0, 7.0, 11.0, 11.0, 12.0, 12.0, 13.0, 13.0)",13158473327.999996,1,-25.6609020669336,1.0,1.0,7.1715302009914704e-12,7.599665820442056e-11,7.599665819864506e-11
1690,"(3.0, 7.0, 11.0, 11.0, 12.0, 13.0, 13.0, 14.0)",26316946655.999992,1,-25.469382064270725,1.0,1.0,8.685361754847743e-12,3.799832910221028e-11,3.79983291007664e-11
1691,"(3.0, 7.0, 11.0, 12.0, 13.0, 13.0, 13.0, 13.0)",3249005760.0000005,1,-25.516840797387456,1.0,1.0,8.282793730397873e-12,3.077864657279031e-10,3.077864656331706e-10
1692,"(3.0, 7.0, 11.0, 12.0, 13.0, 13.0, 14.0, 14.0)",19494034560.000004,1,-25.363573538686083,1.0,1.0,9.654726394326814e-12,5.129774428798385e-11,5.1297744285352396e-11
1693,"(3.0, 8.0, 8.0, 8.0, 8.0, 12.0, 13.0, 13.0)",2610808199.9999995,1,-24.53509436264919,1.0,1.0,2.2107717446274444e-11,3.830231573502796e-10,3.8302315720357284e-10
1694,"(3.0, 8.0, 8.0, 8.0, 9.0, 9.0, 12.0, 13.0)",11392617599.999996,1,-25.55355501010411,1.0,1.0,7.984212112270728e-12,8.777614022610575e-11,8.77761402184011e-11
1695,"(3.0, 8.0, 8.0, 8.0, 9.0, 9.0, 13.0, 13.0)",5696308799.999998,1,-25.43866863679192,1.0,1.0,8.956257760972684e-12,1.755522804522115e-10,1.755522804213929e-10
1696,"(3.0, 8.0, 8.0, 8.0, 9.0, 11.0, 12.0, 13.0)",22785235199.999992,2,-25.209129378017643,2.0,2.0,1.1267153668606171e-11,8.777614022610575e-11,8.77761402184011e-11
1697,"(3.0, 8.0, 8.0, 8.0, 9.0, 12.0, 12.0, 13.0)",10443232799.999998,4,-25.29484085509588,4.0,4.0,1.0341658583727673e-11,3.830231573502796e-10,3.8302315720357284e-10
1698,"(3.0, 8.0, 8.0, 8.0, 9.0, 12.0, 13.0, 13.0)",10443232799.999998,8,-25.17995448178368,9.0,11.0,1.1600713839940804e-11,8.618021040381291e-10,1.053313681970566e-09
1699,"(3.0, 8.0, 8.0, 8.0, 9.0, 12.0, 13.0, 14.0)",20886465600.0,1,-25.103320852433,1.0,1.0,1.2524669551330064e-11,4.787789466878494e-11,4.787789466649265e-11
1700,"(3.0, 8.0, 8.0, 8.0, 11.0, 12.0, 13.0, 13.0)",10443232799.999998,2,-24.835528849697216,3.0,5.0,1.637068550561911e-11,2.872673680127097e-10,4.787789466053269e-10
1701,"(3.0, 8.0, 8.0, 8.0, 12.0, 13.0, 13.0, 13.0)",2924105184.0,1,-24.80635395346325,1.0,1.0,1.6855333964558185e-11,3.419849619198924e-10,3.419849618029387e-10
1702,"(3.0, 8.0, 8.0, 9.0, 9.0, 9.0, 12.0, 13.0)",11392617599.999996,3,-26.198415129238604,3.0,3.0,4.1896030278535146e-12,2.6332842067831726e-10,2.633284206089754e-10
1703,"(3.0, 8.0, 8.0, 9.0, 9.0, 9.0, 13.0, 13.0)",5696308799.999998,1,-26.083528755926416,2.0,4.0,4.699670312608469e-12,3.51104560904423e-10,7.022091216855716e-10
1704,"(3.0, 8.0, 8.0, 9.0, 9.0, 11.0, 12.0, 13.0)",34177852799.99999,3,-25.85398949715213,3.0,3.0,5.912280443142988e-12,8.777614022610575e-11,8.77761402184011e-11
1705,"(3.0, 8.0, 8.0, 9.0, 9.0, 11.0, 13.0, 13.0)",17088926399.999994,2,-25.739103123839943,2.0,2.0,6.63207676090744e-12,1.1703485363480768e-10,1.1703485362111052e-10
1706,"(3.0, 8.0, 8.0, 9.0, 9.0, 12.0, 12.0, 12.0)",5221616399.999999,1,-26.054587347542565,1.0,1.0,4.837672750354968e-12,1.915115786751398e-10,1.915115786384631e-10
1707,"(3.0, 8.0, 8.0, 9.0, 9.0, 12.0, 12.0, 13.0)",15664849199.999998,5,-25.93970097423037,5.0,5.0,5.426639912136632e-12,3.1918596445856627e-10,3.1918596435668657e-10
1708,"(3.0, 8.0, 8.0, 9.0, 9.0, 12.0, 13.0, 13.0)",15664849199.999998,49,-25.82481460091818,60.0,84.0,6.0873114523575955e-12,3.830231573502796e-09,5.36232418823324e-09
1709,"(3.0, 8.0, 8.0, 9.0, 9.0, 12.0, 13.0, 14.0)",31329698400.0,4,-25.748180971567493,4.0,4.0,6.57214421877299e-12,1.276743857834265e-10,1.2767438576712575e-10
1710,"(3.0, 8.0, 8.0, 9.0, 9.0, 13.0, 13.0, 13.0)",5221616399.999999,2,-25.70992822760599,2.0,2.0,6.828417090127924e-12,3.830231573502796e-10,3.8302315720357284e-10
1711,"(3.0, 8.0, 8.0, 9.0, 9.0, 13.0, 13.0, 14.0)",15664849199.999998,2,-25.633294598255304,3.0,5.0,7.372276292003083e-12,1.915115786751398e-10,3.191859644218896e-10
1712,"(3.0, 8.0, 8.0, 9.0, 11.0, 11.0, 13.0, 13.0)",17088926399.999994,1,-25.39467749175348,2.0,4.0,9.359048451667934e-12,1.1703485363480768e-10,2.3406970725591817e-10
1713,"(3.0, 8.0, 8.0, 9.0, 11.0, 12.0, 12.0, 13.0)",31329698400.0,6,-25.5952753421439,8.0,12.0,7.657961103045644e-12,2.55348771566853e-10,3.8302315728507655e-10
1714,"(3.0, 8.0, 8.0, 9.0, 11.0, 12.0, 13.0, 13.0)",31329698400.0,20,-25.48038896883171,23.0,29.0,8.590287006149348e-12,7.341277182547024e-10,9.256392963908986e-10
1715,"(3.0, 8.0, 8.0, 9.0, 11.0, 12.0, 13.0, 14.0)",62659396799.99999,2,-25.403755339481023,2.0,2.0,9.274472897751884e-12,3.191859644585663e-11,3.191859644483783e-11
1716,"(3.0, 8.0, 8.0, 9.0, 11.0, 13.0, 13.0, 14.0)",31329698400.0,1,-25.288868966168835,1.0,1.0,1.0403602597401108e-11,3.191859644585663e-11,3.191859644483783e-11
1717,"(3.0, 8.0, 8.0, 9.0, 12.0, 12.0, 12.0, 13.0)",8772315552.0,2,-25.68098681922213,2.0,2.0,7.028928645557588e-12,2.279899746132616e-10,2.2798997456128217e-10
1718,"(3.0, 8.0, 8.0, 9.0, 12.0, 12.0, 13.0, 13.0)",13158473328.0,12,-25.566100445909942,15.0,21.0,7.884672381930796e-12,1.139949873066308e-09,1.5959298209933456e-09
1719,"(3.0, 8.0, 8.0, 9.0, 12.0, 12.0, 13.0, 14.0)",26316946656.0,1,-25.48946681655926,1.0,1.0,8.512658571421669e-12,3.799832910221027e-11,3.7998329100766395e-11
1720,"(3.0, 8.0, 8.0, 9.0, 12.0, 13.0, 13.0, 13.0)",8772315552.0,12,-25.45121407259776,15.0,21.0,8.844599469603831e-12,1.7099248095994621e-09,2.3938947305154043e-09
1721,"(3.0, 8.0, 8.0, 9.0, 12.0, 13.0, 13.0, 14.0)",26316946656.0,12,-25.37458044324707,12.0,12.0,9.549040446913046e-12,4.559799492265232e-10,4.559799490186055e-10
1722,"(3.0, 8.0, 8.0, 9.0, 12.0, 13.0, 14.0, 14.0)",26316946656.0,1,-25.297946813896385,1.0,1.0,1.0309587649520212e-11,3.799832910221027e-11,3.7998329100766395e-11
1723,"(3.0, 8.0, 8.0, 11.0, 11.0, 12.0, 13.0, 13.0)",15664849199.999998,1,-25.13596333674524,1.0,1.0,1.2122433922686598e-11,6.383719289171325e-11,6.383719288763807e-11
1724,"(3.0, 8.0, 8.0, 11.0, 12.0, 12.0, 13.0, 13.0)",13158473328.0,1,-25.22167481382348,1.0,1.0,1.112668527647161e-11,7.599665820442054e-11,7.599665819864505e-11
1725,"(3.0, 8.0, 8.0, 11.0, 12.0, 13.0, 13.0, 14.0)",26316946656.0,1,-25.0301548111606,1.0,1.0,1.34754067890747e-11,3.799832910221027e-11,3.7998329100766395e-11
1726,"(3.0, 8.0, 9.0, 9.0, 9.0, 11.0, 12.0, 13.0)",22785235199.999992,1,-26.49884961628664,1.0,1.0,3.102386021037955e-12,4.3888070113052875e-11,4.3888070111126714e-11
1727,"(3.0, 8.0, 9.0, 9.0, 9.0, 12.0, 12.0, 13.0)",10443232799.999998,1,-26.58456109336487,1.0,1.0,2.8475529817170984e-12,9.57557893375699e-11,9.575578932840073e-11
1728,"(3.0, 8.0, 9.0, 9.0, 9.0, 12.0, 13.0, 13.0)",10443232799.999998,41,-26.46967472005268,47.0,61.0,3.194231081748082e-12,4.500522098865785e-09,5.8411031293370645e-09
1729,"(3.0, 8.0, 9.0, 9.0, 9.0, 12.0, 13.0, 14.0)",20886465600.0,5,-26.393041090701992,5.0,5.0,3.4486402579590627e-12,2.393894733439247e-10,2.3938947328661735e-10
1730,"(3.0, 8.0, 9.0, 9.0, 9.0, 13.0, 13.0, 13.0)",3481077599.9999995,3,-26.354788346740484,5.0,9.0,3.583115843362828e-12,1.4363368400635484e-09,2.5854063100513232e-09
1731,"(3.0, 8.0, 9.0, 9.0, 9.0, 13.0, 13.0, 14.0)",10443232799.999998,2,-26.2781547173898,2.0,2.0,3.868498311521498e-12,1.915115786751398e-10,1.915115786384631e-10
1732,"(3.0, 8.0, 9.0, 9.0, 11.0, 11.0, 12.0, 13.0)",34177852799.99999,3,-26.154423984200164,3.0,3.0,4.378022470701792e-12,8.777614022610575e-11,8.77761402184011e-11
1733,"(3.0, 8.0, 9.0, 9.0, 11.0, 11.0, 13.0, 13.0)",17088926399.999994,1,-26.03953761088797,3.0,9.0,4.911029063302829e-12,1.755522804522115e-10,5.266568413258159e-10
1734,"(3.0, 8.0, 9.0, 9.0, 11.0, 12.0, 12.0, 13.0)",31329698400.0,6,-26.2401354612784,6.0,6.0,4.018407398670631e-12,1.9151157867513976e-10,1.9151157863846306e-10
1735,"(3.0, 8.0, 9.0, 9.0, 11.0, 12.0, 13.0, 13.0)",31329698400.0,65,-26.125249087966207,74.0,96.0,4.507632305482227e-12,2.3619761369933903e-09,3.064185253223305e-09
1736,"(3.0, 8.0, 9.0, 9.0, 11.0, 12.0, 13.0, 14.0)",62659396799.99999,13,-26.04861545861552,16.0,22.0,4.866649230729897e-12,2.55348771566853e-10,3.511045608392199e-10
1737,"(3.0, 8.0, 9.0, 9.0, 11.0, 13.0, 13.0, 13.0)",10443232799.999998,2,-26.01036271465401,2.0,2.0,5.056418373146767e-12,1.915115786751398e-10,1.915115786384631e-10
1738,"(3.0, 8.0, 9.0, 9.0, 11.0, 13.0, 13.0, 14.0)",31329698400.0,1,-25.933729085303327,2.0,4.0,5.459144162223453e-12,6.383719289171325e-11,1.2767438577935133e-10
1739,"(3.0, 8.0, 9.0, 9.0, 11.0, 13.0, 14.0, 14.0)",31329698400.0,1,-25.85709545595265,1.0,1.0,5.893945631993129e-12,3.191859644585663e-11,3.191859644483783e-11
1740,"(3.0, 8.0, 9.0, 9.0, 12.0, 12.0, 12.0, 13.0)",8772315552.0,7,-26.32584693835664,9.0,15.0,3.688331462378792e-12,1.0259548857596772e-09,1.7099248085468787e-09
1741,"(3.0, 8.0, 9.0, 9.0, 12.0, 12.0, 13.0, 13.0)",13158473328.0,39,-26.210960565044445,43.0,57.0,4.137370954136034e-12,3.267856302790083e-09,4.3318095069730854e-09
1742,"(3.0, 8.0, 9.0, 9.0, 12.0, 12.0, 13.0, 14.0)",26316946656.0,11,-26.13432693569376,13.0,17.0,4.46689787600948e-12,4.939782783287335e-10,6.4597159449356e-10
1743,"(3.0, 8.0, 9.0, 9.0, 12.0, 13.0, 13.0, 13.0)",8772315552.0,38,-26.09607419173225,44.0,58.0,4.641079194408506e-12,5.015779441491755e-09,6.6117092386265436e-09
1744,"(3.0, 8.0, 9.0, 9.0, 12.0, 13.0, 13.0, 14.0)",26316946656.0,52,-26.019440562381565,59.0,75.0,5.0107246910433834e-12,2.241901417030406e-09,2.8498746776396484e-09
1745,"(3.0, 8.0, 9.0, 9.0, 12.0, 13.0, 14.0, 14.0)",26316946656.0,6,-25.94280693303088,10.0,20.0,5.409811140409053e-12,3.7998329102210266e-10,7.599665818998181e-10
1746,"(3.0, 8.0, 9.0, 9.0, 13.0, 13.0, 13.0, 13.0)",2193078888.0,1,-25.98118781842006,1.0,1.0,5.20611188301564e-12,4.559799492265232e-10,4.559799490186055e-10
1747,"(3.0, 8.0, 9.0, 9.0, 13.0, 13.0, 14.0, 14.0)",13158473328.0,2,-25.827920559718688,2.0,2.0,6.068433845491296e-12,1.5199331640884109e-10,1.5199331638573912e-10
1748,"(3.0, 8.0, 9.0, 11.0, 11.0, 11.0, 12.0, 13.0)",22785235199.999992,2,-25.80999835211369,2.0,2.0,6.178174032500665e-12,8.777614022610575e-11,8.77761402184011e-11
1749,"(3.0, 8.0, 9.0, 11.0, 11.0, 12.0, 12.0, 13.0)",31329698400.0,3,-25.89570982919193,4.0,6.0,5.6706927405275985e-12,1.276743857834265e-10,1.91511578658839e-10
1750,"(3.0, 8.0, 9.0, 11.0, 11.0, 12.0, 13.0, 13.0)",31329698400.0,23,-25.780823455879737,29.0,43.0,6.361076729084752e-12,9.256392969298421e-10,1.3724996463150267e-09
1751,"(3.0, 8.0, 9.0, 11.0, 11.0, 12.0, 13.0, 14.0)",62659396799.99999,4,-25.704189826529053,5.0,7.0,6.867713928787776e-12,7.979649111464157e-11,1.1171508755413073e-10
1752,"(3.0, 8.0, 9.0, 11.0, 12.0, 12.0, 12.0, 13.0)",17544631104.0,3,-25.981421306270164,3.0,3.0,5.204896461043331e-12,1.709924809599462e-10,1.7099248093070778e-10
1753,"(3.0, 8.0, 9.0, 11.0, 12.0, 12.0, 13.0, 13.0)",26316946656.0,21,-25.86653493295797,27.0,47.0,5.838571629708509e-12,1.0259548857596772e-09,1.7859214667512991e-09
1754,"(3.0, 8.0, 9.0, 11.0, 12.0, 12.0, 13.0, 14.0)",52633893312.0,4,-25.789901303607287,4.0,4.0,6.303593151492055e-12,7.599665820442054e-11,7.599665819864505e-11
1755,"(3.0, 8.0, 9.0, 11.0, 12.0, 13.0, 13.0, 13.0)",17544631104.0,27,-25.75164855964578,28.0,30.0,6.5493941964800664e-12,1.5959298222928312e-09,1.70992480705247e-09
1756,"(3.0, 8.0, 9.0, 11.0, 12.0, 13.0, 13.0, 14.0)",52633893312.0,27,-25.67501493029509,32.0,48.0,7.071030214527829e-12,6.079732656353643e-10,9.11959898083415e-10
1757,"(3.0, 8.0, 9.0, 11.0, 12.0, 13.0, 14.0, 14.0)",52633893312.0,2,-25.59838130094441,2.0,2.0,7.63421269124968e-12,3.799832910221027e-11,3.7998329100766395e-11
1758,"(3.0, 8.0, 9.0, 11.0, 13.0, 13.0, 13.0, 13.0)",4386157776.0,1,-25.63676218633359,1.0,1.0,7.346756546177423e-12,2.279899746132616e-10,2.2798997456128217e-10
1759,"(3.0, 8.0, 9.0, 11.0, 13.0, 13.0, 13.0, 14.0)",17544631104.0,1,-25.560128556982903,1.0,1.0,7.931899647255991e-12,5.69974936533154e-11,5.699749365006669e-11
1760,"(3.0, 8.0, 9.0, 12.0, 12.0, 12.0, 13.0, 13.0)",6747935039.999997,5,-25.95224641003621,5.0,5.0,5.358985613138723e-12,7.409674174931006e-10,7.409674169440678e-10
1761,"(3.0, 8.0, 9.0, 12.0, 12.0, 12.0, 13.0, 14.0)",13495870079.999994,1,-25.87561278068552,1.0,1.0,5.785809809720974e-12,7.409674174931006e-11,7.409674174381974e-11
1762,"(3.0, 8.0, 9.0, 12.0, 12.0, 13.0, 13.0, 13.0)",6747935039.999997,9,-25.83736003672401,10.0,12.0,6.011420515100124e-12,1.4819348349862012e-09,1.7783217997873104e-09
1763,"(3.0, 8.0, 9.0, 12.0, 12.0, 13.0, 13.0, 14.0)",20243805119.999992,18,-25.760726407373333,22.0,36.0,6.490208837536466e-12,1.086752212323214e-09,1.778321800802411e-09
1764,"(3.0, 8.0, 9.0, 12.0, 12.0, 13.0, 14.0, 14.0)",20243805119.999992,1,-25.684092778022645,1.0,1.0,7.007130951665809e-12,4.9397827832873364e-11,4.939782783043322e-11
1765,"(3.0, 8.0, 9.0, 12.0, 13.0, 13.0, 13.0, 13.0)",3373967519.9999986,6,-25.722473663411822,7.0,9.0,6.7432867370959305e-12,2.0747087689806813e-09,2.6674826986707456e-09
1766,"(3.0, 8.0, 9.0, 12.0, 13.0, 13.0, 13.0, 14.0)",13495870079.999994,7,-25.645840034061138,8.0,10.0,7.280365608296466e-12,5.927739339944805e-10,7.409674171417196e-10
1767,"(3.0, 8.0, 9.0, 12.0, 13.0, 13.0, 14.0, 14.0)",20243805119.999992,13,-25.569206404710457,14.0,16.0,7.860220906651286e-12,6.915695896602271e-10,7.903652448477053e-10
1768,"(3.0, 8.0, 9.0, 13.0, 13.0, 13.0, 13.0, 14.0)",3373967519.9999986,2,-25.53095366074895,2.0,2.0,8.166720781605015e-12,5.927739339944805e-10,5.927739336430995e-10
1769,"(3.0, 8.0, 11.0, 11.0, 12.0, 13.0, 13.0, 14.0)",26316946656.0,1,-25.33058929820863,1.0,1.0,9.978490413599945e-12,3.799832910221027e-11,3.7998329100766395e-11
1770,"(3.0, 8.0, 11.0, 12.0, 13.0, 13.0, 13.0, 14.0)",13495870079.999994,1,-25.301414401974668,2.0,4.0,1.0273900156816196e-11,1.481934834986201e-10,2.9638696697527894e-10
1771,"(3.0, 9.0, 9.0, 9.0, 9.0, 11.0, 12.0, 13.0)",5696308799.999998,1,-27.14370973542113,2.0,4.0,1.6279334372060581e-12,3.51104560904423e-10,7.022091216855716e-10
1772,"(3.0, 9.0, 9.0, 9.0, 9.0, 12.0, 13.0, 13.0)",2610808199.9999995,8,-27.11453483918717,10.0,14.0,1.6761278412416374e-12,3.830231573502796e-09,5.36232418823324e-09
1773,"(3.0, 9.0, 9.0, 9.0, 9.0, 12.0, 13.0, 14.0)",5221616399.999999,3,-27.037901209836484,4.0,6.0,1.8096254788268272e-12,7.660463147005592e-10,1.1490694714640118e-09
1774,"(3.0, 9.0, 9.0, 9.0, 9.0, 13.0, 13.0, 14.0)",2610808199.9999995,1,-26.92301483652429,1.0,1.0,2.0299400881757575e-12,3.830231573502796e-10,3.8302315720357284e-10
1775,"(3.0, 9.0, 9.0, 9.0, 11.0, 11.0, 12.0, 13.0)",11392617599.999996,2,-26.799284103334656,2.0,2.0,2.2973057255171624e-12,1.755522804522115e-10,1.755522804213929e-10
1776,"(3.0, 9.0, 9.0, 9.0, 11.0, 11.0, 13.0, 14.0)",11392617599.999996,1,-26.60776410067178,1.0,1.0,2.7822418268337034e-12,8.777614022610575e-11,8.77761402184011e-11
1777,"(3.0, 9.0, 9.0, 9.0, 11.0, 12.0, 12.0, 13.0)",10443232799.999998,4,-26.88499558041289,4.0,4.0,2.1086027735592607e-12,3.830231573502796e-10,3.8302315720357284e-10
1778,"(3.0, 9.0, 9.0, 9.0, 11.0, 12.0, 12.0, 14.0)",10443232799.999998,1,-26.80836195106221,1.0,1.0,2.276545505580944e-12,9.57557893375699e-11,9.575578932840073e-11
1779,"(3.0, 9.0, 9.0, 9.0, 11.0, 12.0, 13.0, 13.0)",10443232799.999998,34,-26.770109207100703,38.0,48.0,2.3653166636786237e-12,3.6387199948276558e-09,4.596277874963072e-09
1780,"(3.0, 9.0, 9.0, 9.0, 11.0, 12.0, 13.0, 14.0)",20886465600.0,4,-26.69347557775001,6.0,10.0,2.5537057465233417e-12,2.8726736801270964e-10,4.787789466053268e-10
1781,"(3.0, 9.0, 9.0, 9.0, 11.0, 13.0, 13.0, 13.0)",3481077599.9999995,1,-26.65522283378851,1.0,1.0,2.6532844353761636e-12,2.8726736801270964e-10,2.872673679301871e-10
1782,"(3.0, 9.0, 9.0, 9.0, 11.0, 13.0, 13.0, 14.0)",10443232799.999998,1,-26.578589204437822,1.0,1.0,2.864609129858835e-12,9.57557893375699e-11,9.575578932840073e-11
1783,"(3.0, 9.0, 9.0, 9.0, 12.0, 12.0, 12.0, 13.0)",2924105184.0,4,-26.97070705749113,5.0,7.0,1.9354000676861915e-12,1.7099248095994621e-09,2.3938947305154043e-09
1784,"(3.0, 9.0, 9.0, 9.0, 12.0, 12.0, 13.0, 13.0)",4386157776.0,26,-26.855820684178937,29.0,35.0,2.171027226363574e-12,6.611709263784587e-09,7.979649067749457e-09
1785,"(3.0, 9.0, 9.0, 9.0, 12.0, 12.0, 13.0, 14.0)",8772315552.0,2,-26.77918705482825,2.0,2.0,2.343941844641128e-12,2.279899746132616e-10,2.2798997456128217e-10
1786,"(3.0, 9.0, 9.0, 9.0, 12.0, 13.0, 13.0, 13.0)",2924105184.0,15,-26.74093431086675,20.0,30.0,2.435341042044506e-12,6.8396992383978485e-09,1.0259548810815286e-08
1787,"(3.0, 9.0, 9.0, 9.0, 12.0, 13.0, 13.0, 14.0)",8772315552.0,12,-26.66430068151606,13.0,15.0,2.629307318260272e-12,1.4819348349862006e-09,1.7099248074033313e-09
1788,"(3.0, 9.0, 9.0, 9.0, 12.0, 13.0, 14.0, 14.0)",8772315552.0,3,-26.587667052165376,4.0,6.0,2.8387223204078276e-12,4.559799492265232e-10,6.839699236318671e-10
1789,"(3.0, 9.0, 9.0, 11.0, 11.0, 11.0, 13.0, 13.0)",5696308799.999998,1,-26.339972097936,1.0,1.0,3.6365994137415526e-12,1.755522804522115e-10,1.755522804213929e-10
1790,"(3.0, 9.0, 9.0, 11.0, 11.0, 11.0, 13.0, 14.0)",11392617599.999996,1,-26.26333846858531,1.0,1.0,3.926241658582837e-12,8.777614022610575e-11,8.77761402184011e-11
1791,"(3.0, 9.0, 9.0, 11.0, 11.0, 12.0, 12.0, 13.0)",15664849199.999998,2,-26.54056994832642,2.0,2.0,2.975616271420004e-12,1.276743857834265e-10,1.2767438576712575e-10
1792,"(3.0, 9.0, 9.0, 11.0, 11.0, 12.0, 13.0, 13.0)",15664849199.999998,28,-26.42568357501424,33.0,45.0,3.3378855608837762e-12,2.1066273654265377e-09,2.8726736756892177e-09
1793,"(3.0, 9.0, 9.0, 11.0, 11.0, 12.0, 13.0, 14.0)",31329698400.0,2,-26.349049945663545,2.0,2.0,3.6037363068374225e-12,6.383719289171325e-11,6.383719288763807e-11
1794,"(3.0, 9.0, 9.0, 11.0, 11.0, 13.0, 13.0, 13.0)",5221616399.999999,1,-26.31079720170204,1.0,1.0,3.744259676413093e-12,1.915115786751398e-10,1.915115786384631e-10
1795,"(3.0, 9.0, 9.0, 11.0, 11.0, 13.0, 13.0, 14.0)",15664849199.999998,3,-26.23416357235136,5.0,9.0,4.0424766793216145e-12,3.1918596445856627e-10,5.745347359235396e-10
1796,"(3.0, 9.0, 9.0, 11.0, 12.0, 12.0, 12.0, 12.0)",2193078888.0,1,-26.74116779871685,1.0,1.0,2.4347724858783923e-12,4.559799492265232e-10,4.559799490186055e-10
1797,"(3.0, 9.0, 9.0, 11.0, 12.0, 12.0, 12.0, 13.0)",8772315552.0,2,-26.62628142540466,2.0,2.0,2.7311962240253387e-12,2.279899746132616e-10,2.2798997456128217e-10
1798,"(3.0, 9.0, 9.0, 11.0, 12.0, 12.0, 13.0, 13.0)",13158473328.0,29,-26.511395052092467,31.0,35.0,3.0637083577191517e-12,2.3558964043370368e-09,2.659883031604471e-09
1799,"(3.0, 9.0, 9.0, 11.0, 12.0, 12.0, 13.0, 14.0)",26316946656.0,3,-26.434761422741783,3.0,3.0,3.3077218619054024e-12,1.139949873066308e-10,1.1399498729363595e-10
1800,"(3.0, 9.0, 9.0, 11.0, 12.0, 13.0, 13.0, 13.0)",8772315552.0,32,-26.39650867878028,38.0,50.0,3.4367025036832607e-12,4.3318095176519706e-09,5.6997493465669665e-09
1801,"(3.0, 9.0, 9.0, 11.0, 12.0, 13.0, 13.0, 14.0)",26316946656.0,36,-26.31987504942959,43.0,63.0,3.710423668642242e-12,1.6339281513950415e-09,2.3938947307695258e-09
1802,"(3.0, 9.0, 9.0, 11.0, 12.0, 13.0, 14.0, 14.0)",26316946656.0,4,-26.243241420078903,5.0,7.0,4.0059457535429994e-12,1.8999164551105133e-10,2.6598830367937506e-10
1803,"(3.0, 9.0, 9.0, 11.0, 13.0, 13.0, 13.0, 14.0)",8772315552.0,1,-26.2049886761174,1.0,1.0,4.16215279748158e-12,1.139949873066308e-10,1.1399498729363595e-10
1804,"(3.0, 9.0, 9.0, 11.0, 13.0, 13.0, 14.0, 14.0)",13158473328.0,1,-26.12835504676672,1.0,1.0,4.493653505280052e-12,7.599665820442054e-11,7.599665819864505e-11
1805,"(3.0, 9.0, 9.0, 12.0, 12.0, 12.0, 12.0, 13.0)",1686983759.9999993,1,-26.711992902482898,1.0,1.0,2.5068530797388484e-12,5.927739339944805e-10,5.927739336430995e-10
1806,"(3.0, 9.0, 9.0, 12.0, 12.0, 12.0, 13.0, 13.0)",3373967519.9999986,5,-26.597106529170706,8.0,16.0,2.8120523397071934e-12,2.371095735977922e-09,4.7421914663337485e-09
1807,"(3.0, 9.0, 9.0, 12.0, 12.0, 12.0, 13.0, 14.0)",6747935039.999997,1,-26.52047289982002,1.0,1.0,3.0360223346442894e-12,1.481934834986201e-10,1.481934834766588e-10
1808,"(3.0, 9.0, 9.0, 12.0, 12.0, 13.0, 13.0, 13.0)",3373967519.9999986,15,-26.48222015585852,19.0,29.0,3.1544083796392343e-12,5.631352372947564e-09,8.595222011207837e-09
1809,"(3.0, 9.0, 9.0, 12.0, 12.0, 13.0, 13.0, 14.0)",10121902559.999996,20,-26.405586526507825,22.0,26.0,3.4056458188723173e-12,2.173504424646428e-09,2.5686870425852936e-09
1810,"(3.0, 9.0, 9.0, 12.0, 13.0, 13.0, 13.0, 13.0)",1686983759.9999993,10,-26.36733378254632,11.0,13.0,3.5384448877556958e-12,6.520513273939285e-09,7.706061099411153e-09
1811,"(3.0, 9.0, 9.0, 12.0, 13.0, 13.0, 13.0, 14.0)",6747935039.999997,23,-26.29070015319564,25.0,29.0,3.8202694727413065e-12,3.7048370874655027e-09,4.297611007734165e-09
1812,"(3.0, 9.0, 9.0, 12.0, 13.0, 13.0, 14.0, 14.0)",10121902559.999996,10,-26.21406652384495,10.0,10.0,4.124540386332264e-12,9.879565566574673e-10,9.87956555681409e-10
1813,"(3.0, 9.0, 9.0, 12.0, 13.0, 14.0, 14.0, 14.0)",6747935039.999997,1,-26.137432894494268,1.0,1.0,4.45304539898819e-12,1.481934834986201e-10,1.481934834766588e-10
1814,"(3.0, 9.0, 9.0, 13.0, 13.0, 13.0, 14.0, 14.0)",3373967519.9999986,1,-26.09918015053276,1.0,1.0,4.626686556681128e-12,2.963869669972402e-10,2.96386966909395e-10
1815,"(3.0, 9.0, 9.0, 13.0, 13.0, 14.0, 14.0, 14.0)",3373967519.9999986,1,-26.022546521182072,1.0,1.0,4.995185730769527e-12,2.963869669972402e-10,2.96386966909395e-10
1816,"(3.0, 9.0, 11.0, 11.0, 11.0, 12.0, 13.0, 13.0)",10443232799.999998,8,-26.081257942927763,10.0,14.0,4.7103545113612564e-12,9.57557893375699e-10,1.3405810498090613e-09
1817,"(3.0, 9.0, 11.0, 11.0, 12.0, 12.0, 12.0, 13.0)",8772315552.0,2,-26.28185579331819,2.0,2.0,3.854207168158345e-12,2.279899746132616e-10,2.2798997456128217e-10
1818,"(3.0, 9.0, 11.0, 11.0, 12.0, 12.0, 13.0, 13.0)",13158473328.0,7,-26.166969420006,11.0,19.0,4.323441358623596e-12,8.359632402486259e-10,1.4439365051851558e-09
1819,"(3.0, 9.0, 11.0, 11.0, 12.0, 12.0, 13.0, 14.0)",26316946656.0,1,-26.09033579065532,1.0,1.0,4.667788128251126e-12,3.799832910221027e-11,3.7998329100766395e-11
1820,"(3.0, 9.0, 11.0, 11.0, 12.0, 12.0, 14.0, 14.0)",13158473328.0,1,-26.01370216130463,1.0,1.0,5.039560896734091e-12,7.599665820442054e-11,7.599665819864505e-11
1821,"(3.0, 9.0, 11.0, 11.0, 12.0, 13.0, 13.0, 13.0)",8772315552.0,3,-26.05208304669381,3.0,3.0,4.849802920788188e-12,3.419849619198924e-10,3.419849618029387e-10
1822,"(3.0, 9.0, 11.0, 11.0, 12.0, 13.0, 13.0, 14.0)",26316946656.0,13,-25.97544941734312,15.0,19.0,5.236072521918015e-12,5.69974936533154e-10,7.219682526171237e-10
1823,"(3.0, 9.0, 11.0, 11.0, 12.0, 13.0, 14.0, 14.0)",26316946656.0,1,-25.89881578799244,1.0,1.0,5.6531071267384565e-12,3.799832910221027e-11,3.7998329100766395e-11
1824,"(3.0, 9.0, 11.0, 11.0, 13.0, 13.0, 13.0, 14.0)",8772315552.0,1,-25.860563044030933,1.0,1.0,5.873543250356711e-12,1.139949873066308e-10,1.1399498729363595e-10
1825,"(3.0, 9.0, 11.0, 12.0, 12.0, 12.0, 13.0, 13.0)",6747935039.999997,5,-26.252680897084232,5.0,5.0,3.968309632825341e-12,7.409674174931006e-10,7.409674169440678e-10
1826,"(3.0, 9.0, 11.0, 12.0, 12.0, 13.0, 13.0, 13.0)",6747935039.999997,7,-26.137794523772044,8.0,10.0,4.451435338536694e-12,1.185547867988961e-09,1.4819348335806774e-09
1827,"(3.0, 9.0, 11.0, 12.0, 12.0, 13.0, 13.0, 14.0)",20243805119.999992,6,-26.06116089442136,7.0,9.0,4.805976374689203e-12,3.4578479483011357e-10,4.4458045037629316e-10
1828,"(3.0, 9.0, 11.0, 12.0, 12.0, 13.0, 14.0, 14.0)",20243805119.999992,1,-25.984527265070675,1.0,1.0,5.1887553468683e-12,4.9397827832873364e-11,4.939782783043322e-11
1829,"(3.0, 9.0, 11.0, 12.0, 13.0, 13.0, 13.0, 13.0)",3373967519.9999986,2,-26.02290815045985,2.0,2.0,4.993379651946522e-12,5.927739339944805e-10,5.927739336430995e-10
1830,"(3.0, 9.0, 11.0, 12.0, 13.0, 13.0, 13.0, 14.0)",13495870079.999994,14,-25.946274521109167,17.0,25.0,5.391084630468315e-12,1.259644609738271e-09,1.852418542146047e-09
1831,"(3.0, 9.0, 11.0, 12.0, 13.0, 13.0, 14.0, 14.0)",20243805119.999992,5,-25.86964089175848,5.0,5.0,5.820465399930532e-12,2.4698913916436683e-10,2.469891391033632e-10
1832,"(3.0, 9.0, 11.0, 12.0, 14.0, 14.0, 14.0, 14.0)",3373967519.9999986,1,-25.71637363305711,1.0,1.0,6.784546706474085e-12,2.963869669972402e-10,2.96386966909395e-10
1833,"(3.0, 9.0, 11.0, 13.0, 13.0, 13.0, 14.0, 14.0)",6747935039.999997,1,-25.75475451844629,1.0,1.0,6.529083606193802e-12,1.481934834986201e-10,1.481934834766588e-10
1834,"(3.0, 9.0, 12.0, 12.0, 13.0, 13.0, 13.0, 13.0)",1187136719.9999998,2,-26.10861962753809,4.0,10.0,4.583218535773453e-12,3.369451835337046e-09,8.423629576989408e-09
1835,"(3.0, 9.0, 12.0, 12.0, 13.0, 13.0, 13.0, 14.0)",4748546879.999999,4,-26.0319859981874,4.0,4.0,4.9482556361709935e-12,8.423629588342615e-10,8.423629581246861e-10
1836,"(3.0, 9.0, 12.0, 12.0, 13.0, 13.0, 14.0, 14.0)",7122820319.999999,1,-25.95535236883672,1.0,1.0,5.342366646884265e-12,1.403938264723769e-10,1.403938264526665e-10
1837,"(3.0, 9.0, 12.0, 13.0, 13.0, 13.0, 13.0, 14.0)",2374273439.9999995,2,-25.917099624875213,2.0,2.0,5.550685818657339e-12,8.423629588342615e-10,8.423629581246861e-10
1838,"(3.0, 9.0, 12.0, 13.0, 13.0, 13.0, 14.0, 14.0)",4748546879.999999,3,-25.840465995524525,3.0,3.0,5.9927782566777496e-12,6.317722191256961e-10,6.317722187265599e-10
1839,"(3.0, 11.0, 11.0, 11.0, 11.0, 12.0, 12.0, 13.0)",2610808199.9999995,1,-25.85171868415349,1.0,1.0,5.925721381577964e-12,3.830231573502796e-10,3.8302315720357284e-10
1840,"(3.0, 11.0, 11.0, 11.0, 12.0, 12.0, 13.0, 13.0)",4386157776.0,1,-25.82254378791953,1.0,1.0,6.101150305107036e-12,2.279899746132616e-10,2.2798997456128217e-10
1841,"(3.0, 11.0, 11.0, 12.0, 12.0, 13.0, 13.0, 14.0)",10121902559.999996,1,-25.71673526233489,2.0,4.0,6.782093659322126e-12,1.9759131133149346e-10,3.951826226239446e-10
1842,"(3.0, 11.0, 12.0, 12.0, 12.0, 13.0, 14.0, 14.0)",4748546879.999999,1,-25.72581311006244,1.0,1.0,6.7208054492107745e-12,2.1059073970856538e-10,2.1059073966421692e-10
1843,"(4.0, 4.0, 8.0, 9.0, 12.0, 13.0, 14.0, 14.0)",31329698399.999992,1,-25.91304844029948,1.0,1.0,5.573218282197925e-12,3.1918596445856633e-11,3.191859644483784e-11
1844,"(4.0, 4.0, 9.0, 9.0, 9.0, 11.0, 13.0, 13.0)",7346430000.0,1,-26.99906486937753,1.0,1.0,1.881287243542571e-12,1.361205374583301e-10,1.3612053743980132e-10
1845,"(4.0, 6.0, 8.0, 9.0, 9.0, 12.0, 13.0, 13.0)",38789150400.00001,2,-26.404389238838363,2.0,2.0,3.4097257985851248e-12,5.1560809643306844e-11,5.1560809640648324e-11
1846,"(4.0, 6.0, 8.0, 9.0, 12.0, 13.0, 13.0, 14.0)",62659396799.99999,1,-25.95415508116725,1.0,1.0,5.348766827260337e-12,1.5959298222928313e-11,1.5959298222673613e-11
1847,"(4.0, 6.0, 9.0, 9.0, 12.0, 12.0, 12.0, 13.0)",10443232799.999998,1,-26.90542157627682,1.0,1.0,2.0659693592867656e-12,9.57557893375699e-11,9.575578932840073e-11
1848,"(4.0, 6.0, 9.0, 9.0, 12.0, 13.0, 14.0, 14.0)",31329698399.999992,1,-26.522381570951065,1.0,1.0,3.030233093097583e-12,3.1918596445856633e-11,3.191859644483784e-11
1849,"(4.0, 6.0, 9.0, 11.0, 12.0, 12.0, 13.0, 14.0)",62659396799.99999,1,-26.369475941527472,1.0,1.0,3.5308730891537554e-12,1.5959298222928313e-11,1.5959298222673613e-11
1850,"(4.0, 7.0, 9.0, 9.0, 9.0, 12.0, 13.0, 13.0)",12929716800.000002,1,-26.845268891949665,1.0,1.0,2.194056742237837e-12,7.734121446496027e-11,7.73412144589786e-11
1851,"(4.0, 7.0, 9.0, 11.0, 13.0, 13.0, 13.0, 14.0)",20886465600.0,1,-25.93572272887989,1.0,1.0,5.448271416322154e-12,4.787789466878494e-11,4.787789466649265e-11
1852,"(4.0, 8.0, 8.0, 9.0, 9.0, 12.0, 13.0, 13.0)",19394575200.000004,1,-26.06161600675307,1.0,1.0,4.803789613223971e-12,5.1560809643306844e-11,5.1560809640648324e-11
1853,"(4.0, 8.0, 9.0, 9.0, 11.0, 12.0, 13.0, 14.0)",77578300800.00002,1,-26.28541686445041,1.0,1.0,3.840506471330665e-12,1.2890202410826711e-11,1.2890202410660554e-11
1854,"(4.0, 8.0, 9.0, 9.0, 12.0, 13.0, 13.0, 13.0)",10860962112.000002,1,-26.33287559756714,1.0,1.0,3.662498329967126e-12,9.207287436304795e-11,9.207287435457053e-11
1855,"(4.0, 8.0, 9.0, 11.0, 12.0, 13.0, 13.0, 14.0)",65165772672.000015,1,-25.911816336129984,1.0,1.0,5.58008929971637e-12,1.534547906050799e-11,1.5345479060272504e-11
1856,"(4.0, 8.0, 9.0, 11.0, 13.0, 13.0, 13.0, 14.0)",21721924224.000004,1,-25.796929962817792,1.0,1.0,6.259442684481994e-12,4.603643718152397e-11,4.603643717940462e-11
1857,"(4.0, 9.0, 9.0, 9.0, 11.0, 12.0, 13.0, 13.0)",12929716800.000002,2,-27.00691061293559,2.0,2.0,1.8665848971082787e-12,1.5468242892992054e-10,1.5468242890599387e-10
1858,"(4.0, 9.0, 9.0, 9.0, 12.0, 13.0, 13.0, 14.0)",10860962112.000002,1,-26.90110208735095,1.0,1.0,2.0749125922480377e-12,9.207287436304795e-11,9.207287435457053e-11
1859,"(4.0, 9.0, 9.0, 11.0, 12.0, 13.0, 13.0, 13.0)",10860962112.000002,1,-26.633310084615168,1.0,1.0,2.712066882094641e-12,9.207287436304795e-11,9.207287435457053e-11
1860,"(4.0, 9.0, 9.0, 12.0, 13.0, 13.0, 13.0, 14.0)",8354586239.999999,1,-26.52750155903053,1.0,1.0,3.014757985771161e-12,1.1969473667196236e-10,1.1969473665763554e-10
1861,"(4.0, 9.0, 11.0, 11.0, 12.0, 12.0, 13.0, 13.0)",16291443168.000004,1,-26.403770825840887,2.0,4.0,3.411835069469841e-12,1.227638324840639e-10,2.4552766495305685e-10
1862,"(6.0, 6.0, 6.0, 9.0, 11.0, 13.0, 13.0, 13.0)",3978374399.999999,1,-26.25232347704209,1.0,1.0,3.969728239725708e-12,2.5135894701112097e-10,2.5135894694793967e-10
1863,"(6.0, 6.0, 8.0, 9.0, 12.0, 13.0, 13.0, 14.0)",31329698399.999992,1,-25.918628092684344,1.0,1.0,5.542208254557287e-12,3.1918596445856633e-11,3.191859644483784e-11
1864,"(6.0, 6.0, 9.0, 9.0, 12.0, 12.0, 13.0, 13.0)",7832424599.999998,1,-26.75500821448172,1.0,1.0,2.4013063492249636e-12,1.2767438578342653e-10,1.2767438576712578e-10
1865,"(6.0, 7.0, 7.0, 9.0, 9.0, 9.0, 13.0, 14.0)",14105145600.000002,1,-26.485755076051905,1.0,1.0,3.143277482766585e-12,7.089611325954692e-11,7.089611325452066e-11
1866,"(6.0, 7.0, 9.0, 9.0, 9.0, 11.0, 13.0, 14.0)",29385720000.0,1,-26.64739679703783,2.0,4.0,2.6741306019134166e-12,6.806026872916506e-11,1.361205374536979e-10
1867,"(6.0, 7.0, 9.0, 9.0, 9.0, 13.0, 14.0, 14.0)",12929716800.000002,2,-26.5415882714532,2.0,2.0,2.972587674861073e-12,1.5468242892992054e-10,1.5468242890599387e-10
1868,"(6.0, 8.0, 8.0, 8.0, 9.0, 11.0, 13.0, 13.0)",14105145600.0,1,-25.29551742205743,1.0,1.0,1.0334664125578765e-11,7.089611325954692e-11,7.089611325452066e-11
1869,"(6.0, 8.0, 9.0, 9.0, 12.0, 13.0, 13.0, 13.0)",10860962112.000002,1,-26.29734860908423,1.0,1.0,3.794954824576451e-12,9.207287436304795e-11,9.207287435457053e-11
1870,"(6.0, 8.0, 9.0, 11.0, 12.0, 13.0, 13.0, 13.0)",21721924224.000004,1,-25.95292297699776,1.0,1.0,5.355361126767583e-12,4.603643718152397e-11,4.603643717940462e-11
1871,"(6.0, 9.0, 9.0, 9.0, 12.0, 13.0, 13.0, 14.0)",10860962112.000002,1,-26.865575098868035,1.0,1.0,2.1499530765920794e-12,9.207287436304795e-11,9.207287435457053e-11
1872,"(6.0, 9.0, 9.0, 11.0, 11.0, 12.0, 13.0, 13.0)",19394575200.000004,1,-26.626957992366208,1.0,1.0,2.7293490118464854e-12,5.1560809643306844e-11,5.1560809640648324e-11
1873,"(6.0, 9.0, 9.0, 11.0, 12.0, 12.0, 13.0, 13.0)",16291443168.000004,3,-26.71266946944445,4.0,6.0,2.5051575993853026e-12,2.455276649681278e-10,3.682914973919079e-10
1874,"(6.0, 9.0, 9.0, 12.0, 12.0, 13.0, 13.0, 14.0)",12531879359.999998,1,-26.606860943859804,1.0,1.0,2.7847557625603776e-12,7.979649111464158e-11,7.97964911082741e-11
1875,"(7.0, 8.0, 9.0, 9.0, 11.0, 12.0, 13.0, 13.0)",38789150400.00001,1,-26.12254303929499,1.0,1.0,4.519846696807999e-12,2.5780404821653422e-11,2.5780404820988792e-11
1876,"(7.0, 8.0, 9.0, 9.0, 12.0, 12.0, 13.0, 13.0)",16291443168.000004,1,-26.208254516373223,1.0,1.0,4.148582043344065e-12,6.138191624203196e-11,6.138191623826421e-11
1877,"(7.0, 8.0, 9.0, 11.0, 11.0, 12.0, 13.0, 13.0)",38789150400.00001,2,-25.77811740720852,2.0,2.0,6.378313423463708e-12,5.1560809643306844e-11,5.1560809640648324e-11
1878,"(7.0, 8.0, 9.0, 11.0, 12.0, 12.0, 13.0, 13.0)",32582886336.000008,1,-25.86382888428676,2.0,4.0,5.854392485056847e-12,6.138191624203196e-11,1.2276383248029618e-10
1879,"(7.0, 9.0, 9.0, 9.0, 12.0, 12.0, 13.0, 13.0)",5430481056.000001,1,-26.853114635507715,1.0,1.0,2.176910087769438e-12,1.841457487260959e-10,1.8414574869218624e-10
1880,"(7.0, 9.0, 9.0, 12.0, 12.0, 13.0, 13.0, 13.0)",4177293120.0,1,-26.47951410718729,2.0,4.0,3.1629559220604636e-12,4.787789466878494e-10,9.575578931464694e-10
1881,"(7.0, 9.0, 9.0, 13.0, 13.0, 13.0, 14.0, 14.0)",4177293120.0,1,-26.09647410186154,2.0,4.0,4.6392235508978784e-12,4.787789466878494e-10,9.575578931464694e-10
1882,"(7.0, 9.0, 11.0, 11.0, 12.0, 13.0, 13.0, 14.0)",32582886336.000008,1,-25.9727433686719,1.0,1.0,5.250260777405299e-12,3.069095812101598e-11,3.0690958120074045e-11
1883,"(8.0, 8.0, 9.0, 9.0, 11.0, 12.0, 13.0, 13.0)",17902684799.999996,1,-25.98375027323289,1.0,1.0,5.19278853409495e-12,5.5857543780249104e-11,5.5857543777129037e-11
1884,"(8.0, 8.0, 9.0, 9.0, 11.0, 13.0, 13.0, 13.0)",5967561599.999999,1,-25.868863899920697,1.0,1.0,5.8249896114484684e-12,1.675726313407473e-10,1.6757263131266672e-10
1885,"(8.0, 9.0, 9.0, 9.0, 12.0, 13.0, 13.0, 13.0)",3481077599.9999995,1,-26.599435496133427,1.0,1.0,2.8055107832018947e-12,2.8726736801270964e-10,2.872673679301871e-10
1886,"(8.0, 9.0, 9.0, 9.0, 12.0, 13.0, 14.0, 14.0)",10443232799.999998,1,-26.44616823743205,1.0,1.0,3.270205668498133e-12,9.57557893375699e-11,9.575578932840073e-11
1887,"(8.0, 9.0, 9.0, 11.0, 11.0, 12.0, 13.0, 13.0)",17902684799.999996,1,-26.284184760280915,1.0,1.0,3.8452412916639196e-12,5.5857543780249104e-11,5.5857543777129037e-11
1888,"(8.0, 9.0, 9.0, 11.0, 12.0, 13.0, 13.0, 14.0)",31329698400.0,1,-26.17837623469628,1.0,1.0,4.274404870984388e-12,3.191859644585663e-11,3.191859644483783e-11
1889,"(8.0, 9.0, 9.0, 12.0, 13.0, 13.0, 13.0, 13.0)",2088646560.0,1,-26.225834967813,1.0,1.0,4.076285463505445e-12,4.787789466878494e-10,4.7877894645862e-10
1890,"(8.0, 9.0, 12.0, 13.0, 13.0, 13.0, 13.0, 14.0)",3052637279.9999986,1,-25.77560081014189,1.0,1.0,6.394385283030296e-12,3.2758559510221287e-10,3.2758559499490056e-10
1891,"(9.0, 9.0, 11.0, 12.0, 12.0, 13.0, 13.0, 13.0)",4177293120.0,1,-26.64115582817322,1.0,1.0,2.6908719545309013e-12,2.393894733439247e-10,2.3938947328661735e-10
1892,"(9.0, 9.0, 11.0, 12.0, 12.0, 13.0, 13.0, 14.0)",12531879360.0,1,-26.564522198822534,1.0,1.0,2.9051903615970418e-12,7.979649111464157e-11,7.979649110827409e-11
1893,"(9.0, 9.0, 11.0, 12.0, 13.0, 13.0, 14.0, 14.0)",12531879360.0,1,-26.373002196159657,2.0,4.0,3.5184442580579098e-12,1.5959298222928313e-10,3.1918596443309634e-10
1894,"(9.0, 9.0, 12.0, 12.0, 12.0, 13.0, 14.0, 14.0)",3052637279.9999986,1,-26.573600046550084,1.0,1.0,2.878936828950778e-12,3.2758559510221287e-10,3.2758559499490056e-10
