,label,n_lambdas,n_nonzeros,log_lambda,sum_counts,sum_counts_2,mean_lambda,mean_count,var_count
0,"(1.0, 1.0, 1.0, 1.0, 1.0, 2.0, 11.0, 14.0)",177768864.00000003,1,-26.30168216821238,1.0,1.0,3.778544746159455e-12,5.625282051642068e-09,5.62528201999827e-09
1,"(1.0, 1.0, 1.0, 1.0, 2.0, 3.0, 4.0, 6.0)",1513965600.0000002,1,-26.317710953047182,1.0,1.0,3.71846207788974e-12,6.605169892895848e-10,6.605169888533021e-10
2,"(1.0, 1.0, 1.0, 1.0, 2.0, 4.0, 7.0, 8.0)",2460194100.0000014,1,-25.98001896883914,1.0,1.0,5.2122006024136834e-12,4.064719934089751e-10,4.064719932437556e-10
3,"(1.0, 1.0, 1.0, 1.0, 3.0, 4.0, 12.0, 14.0)",1324719899.9999998,1,-26.194298203173812,1.0,1.0,4.206886867492883e-12,7.548765591880972e-10,7.548765586182585e-10
4,"(1.0, 1.0, 1.0, 1.0, 3.0, 6.0, 6.0, 11.0)",1230097050.0000007,1,-26.230366151307127,1.0,1.0,4.057856849342788e-12,8.129439868179502e-10,8.129439861570723e-10
5,"(1.0, 1.0, 1.0, 1.0, 3.0, 8.0, 8.0, 14.0)",694409625.0000001,1,-25.45453247053694,1.0,1.0,8.815298212454913e-12,1.4400722052203696e-09,1.4400722031465616e-09
6,"(1.0, 1.0, 1.0, 1.0, 3.0, 9.0, 9.0, 14.0)",694409625.0000001,1,-26.725383311505936,1.0,1.0,2.4735090350614347e-12,1.4400722052203696e-09,1.4400722031465616e-09
7,"(1.0, 1.0, 1.0, 1.0, 6.0, 6.0, 8.0, 8.0)",904483125.0000004,1,-25.847276709416057,1.0,1.0,5.952101833530211e-12,1.1056038220724126e-09,1.1056038208500528e-09
8,"(1.0, 1.0, 1.0, 1.0, 6.0, 7.0, 8.0, 12.0)",3039063300.000002,1,-26.01074264408257,1.0,1.0,5.054497655895316e-12,3.290487565691703e-10,3.2904875646089723e-10
9,"(1.0, 1.0, 1.0, 1.0, 7.0, 9.0, 12.0, 14.0)",2026042200.0,1,-26.47535141034821,1.0,1.0,3.176149790664945e-12,4.935731348537558e-10,4.935731346101414e-10
10,"(1.0, 1.0, 1.0, 2.0, 2.0, 3.0, 8.0, 9.0)",2116296000.0,1,-26.225417441598275,1.0,1.0,4.07798777490025e-12,4.725236923379338e-10,4.725236921146551e-10
11,"(1.0, 1.0, 1.0, 2.0, 2.0, 3.0, 8.0, 14.0)",1777688640.0000002,1,-25.75954150268595,1.0,1.0,6.4979036743339695e-12,5.625282051642068e-10,5.625282048477689e-10
12,"(1.0, 1.0, 1.0, 2.0, 2.0, 4.0, 6.0, 14.0)",3974159700.000001,1,-26.338515452239303,1.0,1.0,3.641900510600818e-12,2.516255197293656e-10,2.516255196660502e-10
13,"(1.0, 1.0, 1.0, 2.0, 2.0, 6.0, 8.0, 13.0)",3444271740.0000005,1,-26.07181185372248,1.0,1.0,4.755059752697871e-12,2.9033713814926804e-10,2.903371380649724e-10
14,"(1.0, 1.0, 1.0, 2.0, 3.0, 3.0, 7.0, 14.0)",2119551840.0,1,-25.66377729313215,1.0,1.0,7.1509400443375745e-12,4.717978494925607e-10,4.717978492699675e-10
15,"(1.0, 1.0, 1.0, 2.0, 3.0, 3.0, 8.0, 9.0)",2116296000.0,1,-26.00854052933073,1.0,1.0,5.065640504158841e-12,4.725236923379338e-10,4.725236921146551e-10
16,"(1.0, 1.0, 1.0, 2.0, 3.0, 6.0, 6.0, 6.0)",1829375100.0000005,1,-26.27577496508855,1.0,1.0,3.877715342055689e-12,5.466347497568977e-10,5.466347494580881e-10
17,"(1.0, 1.0, 1.0, 2.0, 3.0, 6.0, 8.0, 9.0)",8200647000.0,1,-26.230468113991,1.0,1.0,4.057443120460462e-12,1.219415980226926e-10,1.2194159800782283e-10
18,"(1.0, 1.0, 1.0, 2.0, 3.0, 7.0, 8.0, 8.0)",4100323500.0,1,-25.37578926042922,1.0,1.0,9.537504376652495e-12,2.438831960453852e-10,2.438831959859062e-10
19,"(1.0, 1.0, 1.0, 2.0, 3.0, 7.0, 9.0, 14.0)",6888543480.000001,1,-26.18076416248589,1.0,1.0,4.264210077868214e-12,1.4516856907463402e-10,1.451685690535601e-10
20,"(1.0, 1.0, 1.0, 2.0, 4.0, 4.0, 4.0, 8.0)",2797867800.0000014,1,-26.207377101263983,1.0,1.0,4.152223669286003e-12,3.5741502868720226e-10,3.574150285594568e-10
21,"(1.0, 1.0, 1.0, 2.0, 4.0, 4.0, 6.0, 8.0)",8393603400.000004,1,-26.19069687216192,1.0,1.0,4.222064573199395e-12,1.1913834289573409e-10,1.1913834288154013e-10
22,"(1.0, 1.0, 1.0, 2.0, 4.0, 4.0, 7.0, 13.0)",6779448900.000001,1,-26.23133568703307,1.0,1.0,4.053924518732126e-12,1.4750461501376606e-10,1.4750461499200844e-10
23,"(1.0, 1.0, 1.0, 2.0, 4.0, 6.0, 7.0, 8.0)",16787206800.000008,1,-25.954763209982573,1.0,1.0,5.3455150768680085e-12,5.956917144786704e-11,5.956917144431855e-11
24,"(1.0, 1.0, 1.0, 2.0, 4.0, 7.0, 8.0, 8.0)",7235865000.000003,1,-25.614397074191547,2.0,4.0,7.512918772512481e-12,2.7640095551810314e-10,5.528019109598088e-10
25,"(1.0, 1.0, 1.0, 2.0, 4.0, 8.0, 9.0, 13.0)",10130211000.0,1,-26.388602039910737,1.0,1.0,3.4639829755820803e-12,9.871462697075115e-11,9.871462696100658e-11
26,"(1.0, 1.0, 1.0, 2.0, 6.0, 7.0, 8.0, 8.0)",7235865000.000003,1,-25.597716845089487,1.0,1.0,7.639286974201932e-12,1.3820047775905157e-10,1.382004777399522e-10
27,"(1.0, 1.0, 1.0, 2.0, 6.0, 7.0, 8.0, 11.0)",14471730000.000006,1,-25.862367735849794,3.0,9.0,5.862952873962208e-12,2.0730071663857733e-10,6.219021498727584e-10
28,"(1.0, 1.0, 1.0, 2.0, 6.0, 7.0, 9.0, 12.0)",12156253200.000008,1,-26.61586163331777,1.0,1.0,2.75980350294864e-12,8.226218914229258e-11,8.22621891355255e-11
29,"(1.0, 1.0, 1.0, 2.0, 6.0, 8.0, 11.0, 12.0)",10130211000.0,2,-26.12397440087984,2.0,2.0,4.51338178979033e-12,1.974292539415023e-10,1.97429253902524e-10
30,"(1.0, 1.0, 1.0, 2.0, 6.0, 11.0, 12.0, 13.0)",8104168800.0,1,-26.383866648828278,1.0,1.0,3.480425189105181e-12,1.2339328371343895e-10,1.2339328369821304e-10
31,"(1.0, 1.0, 1.0, 2.0, 6.0, 12.0, 12.0, 13.0)",2961138599.9999995,1,-26.501935125811755,1.0,1.0,3.092828332172204e-12,3.377079343736224e-10,3.3770793425957576e-10
32,"(1.0, 1.0, 1.0, 2.0, 7.0, 8.0, 11.0, 12.0)",10130211000.0,2,-25.90472096780256,3.0,5.0,5.619822884109565e-12,2.9614388091225344e-10,4.935731347660546e-10
33,"(1.0, 1.0, 1.0, 2.0, 7.0, 9.0, 11.0, 11.0)",5788692000.0,1,-26.42207791130357,1.0,1.0,3.3499425774319547e-12,1.7275059719881451e-10,1.7275059716897175e-10
34,"(1.0, 1.0, 1.0, 2.0, 8.0, 9.0, 13.0, 13.0)",3267810000.0000005,1,-26.29144792296608,1.0,1.0,3.817413858518721e-12,3.0601534360932854e-10,3.0601534351568316e-10
35,"(1.0, 1.0, 1.0, 2.0, 8.0, 11.0, 11.0, 13.0)",3921372000.000001,1,-25.925432036053767,1.0,1.0,5.504627377510867e-12,2.550127863411071e-10,2.5501278627607554e-10
36,"(1.0, 1.0, 1.0, 3.0, 4.0, 4.0, 6.0, 8.0)",8393603400.000004,1,-25.973819959894374,1.0,1.0,5.244611434298897e-12,1.1913834289573409e-10,1.1913834288154013e-10
37,"(1.0, 1.0, 1.0, 3.0, 4.0, 6.0, 8.0, 12.0)",12156253200.000008,1,-25.99949296274508,1.0,1.0,5.111680183389884e-12,8.226218914229258e-11,8.22621891355255e-11
38,"(1.0, 1.0, 1.0, 3.0, 4.0, 6.0, 9.0, 14.0)",12156253200.000008,1,-26.42174849705796,1.0,1.0,3.3510462780163123e-12,8.226218914229258e-11,8.22621891355255e-11
39,"(1.0, 1.0, 1.0, 3.0, 4.0, 6.0, 12.0, 12.0)",4675482000.000001,1,-26.38221233048887,1.0,1.0,3.486187685511982e-12,2.138816917699608e-10,2.138816917242154e-10
40,"(1.0, 1.0, 1.0, 3.0, 4.0, 6.0, 14.0, 14.0)",4675482000.000001,1,-25.955872558145632,1.0,1.0,5.339588327558925e-12,2.138816917699608e-10,2.138816917242154e-10
41,"(1.0, 1.0, 1.0, 3.0, 4.0, 7.0, 11.0, 13.0)",12156253200.000008,1,-25.92206330063275,1.0,1.0,5.523202280136945e-12,8.226218914229258e-11,8.22621891355255e-11
42,"(1.0, 1.0, 1.0, 3.0, 6.0, 6.0, 6.0, 7.0)",3013088400.0000005,1,-26.061572204403998,1.0,1.0,4.804000035101932e-12,3.3188538378097364e-10,3.3188538367082575e-10
43,"(1.0, 1.0, 1.0, 3.0, 6.0, 6.0, 12.0, 13.0)",4675482000.000001,1,-26.24270498159145,1.0,1.0,4.008095273514916e-12,2.138816917699608e-10,2.138816917242154e-10
44,"(1.0, 1.0, 1.0, 3.0, 6.0, 7.0, 8.0, 11.0)",14471730000.000006,2,-25.645490823582254,2.0,2.0,7.282908432221528e-12,1.3820047775905157e-10,1.382004777399522e-10
45,"(1.0, 1.0, 1.0, 3.0, 6.0, 7.0, 8.0, 13.0)",12156253200.000008,1,-25.640732180770375,1.0,1.0,7.317647782606992e-12,8.226218914229258e-11,8.22621891355255e-11
46,"(1.0, 1.0, 1.0, 3.0, 6.0, 8.0, 9.0, 11.0)",11577384000.0,1,-26.159803541353007,1.0,1.0,4.354533884346491e-12,8.637529859940726e-11,8.637529859194657e-11
47,"(1.0, 1.0, 1.0, 3.0, 6.0, 8.0, 11.0, 11.0)",5788692000.0,1,-25.78902901162882,1.0,1.0,6.309094124111964e-12,1.7275059719881451e-10,1.7275059716897175e-10
48,"(1.0, 1.0, 1.0, 3.0, 6.0, 12.0, 13.0, 14.0)",5922277199.999999,1,-26.0718883273726,1.0,1.0,4.754696129825997e-12,1.688539671868112e-10,1.6885396715829953e-10
49,"(1.0, 1.0, 1.0, 3.0, 7.0, 8.0, 8.0, 13.0)",5065105500.0,1,-25.300366044979352,1.0,1.0,1.0284676519665478e-11,1.974292539415023e-10,1.97429253902524e-10
50,"(1.0, 1.0, 1.0, 3.0, 7.0, 8.0, 9.0, 14.0)",10130211000.0,1,-25.84544869908759,1.0,1.0,5.962992288057019e-12,9.871462697075115e-11,9.871462696100658e-11
51,"(1.0, 1.0, 1.0, 3.0, 7.0, 14.0, 14.0, 14.0)",987046199.9999998,1,-25.549122241747437,1.0,1.0,8.019682833739199e-12,1.0131238031208673e-09,1.0131238020944475e-09
52,"(1.0, 1.0, 1.0, 4.0, 4.0, 4.0, 6.0, 7.0)",4519632599.999999,1,-26.33354047637045,1.0,1.0,3.660064021809985e-12,2.2125692252064918e-10,2.2125692247169456e-10
53,"(1.0, 1.0, 1.0, 4.0, 4.0, 6.0, 9.0, 14.0)",9792537300.000006,1,-26.660356310820287,1.0,1.0,2.6396987613759018e-12,1.0211857962491493e-10,1.0211857961448672e-10
54,"(1.0, 1.0, 1.0, 4.0, 4.0, 7.0, 7.0, 7.0)",2259816299.9999995,1,-25.878353381113826,1.0,1.0,5.769974925334986e-12,4.4251384504129836e-10,4.4251384484547984e-10
55,"(1.0, 1.0, 1.0, 4.0, 4.0, 8.0, 9.0, 12.0)",8441842500.000004,1,-26.53316006120088,1.0,1.0,2.997747144495381e-12,1.1845755236490132e-10,1.1845755235086914e-10
56,"(1.0, 1.0, 1.0, 4.0, 6.0, 6.0, 7.0, 11.0)",13056716400.000006,1,-26.224464773135608,1.0,1.0,4.081874596376691e-12,7.65889347186862e-11,7.658893471282034e-11
57,"(1.0, 1.0, 1.0, 4.0, 6.0, 7.0, 7.0, 12.0)",10545809400.000002,1,-26.123279817041805,1.0,1.0,4.516517800821601e-12,9.482439536599247e-11,9.482439535700081e-11
58,"(1.0, 1.0, 1.0, 4.0, 6.0, 7.0, 7.0, 14.0)",10545809400.000002,1,-25.91010993087019,1.0,1.0,5.589619322175287e-12,9.482439536599247e-11,9.482439535700081e-11
59,"(1.0, 1.0, 1.0, 4.0, 6.0, 7.0, 12.0, 13.0)",15065442000.000006,1,-26.262059362276496,2.0,4.0,3.931266952315557e-12,1.3275415351238942e-10,2.655083070071552e-10
60,"(1.0, 1.0, 1.0, 4.0, 6.0, 9.0, 12.0, 12.0)",6753474000.000003,1,-26.89919919984261,1.0,1.0,2.078864676494061e-12,1.4807194045612667e-10,1.4807194043420137e-10
61,"(1.0, 1.0, 1.0, 4.0, 6.0, 11.0, 11.0, 11.0)",3215940000.0000014,1,-26.292287716151456,1.0,1.0,3.8142093661183414e-12,3.10951074957866e-10,3.109510748611754e-10
62,"(1.0, 1.0, 1.0, 4.0, 7.0, 7.0, 7.0, 8.0)",4352238800.000002,1,-25.52130701622073,1.0,1.0,8.245883447102667e-12,2.2976680415605862e-10,2.2976680410326584e-10
63,"(1.0, 1.0, 1.0, 4.0, 7.0, 8.0, 8.0, 9.0)",9647820000.000004,1,-25.914507031277747,1.0,1.0,5.565095161886754e-12,1.0365035831928866e-10,1.0365035830854527e-10
64,"(1.0, 1.0, 1.0, 4.0, 7.0, 8.0, 8.0, 11.0)",9647820000.000004,1,-25.54373250155356,1.0,1.0,8.063023533287512e-12,1.0365035831928866e-10,1.0365035830854527e-10
65,"(1.0, 1.0, 1.0, 4.0, 8.0, 8.0, 9.0, 9.0)",3698331000.0,1,-26.4288197490485,1.0,1.0,3.3274337687445846e-12,2.7039223909379664e-10,2.703922390206847e-10
66,"(1.0, 1.0, 1.0, 4.0, 8.0, 8.0, 12.0, 14.0)",5627895000.0,1,-25.710237757395465,1.0,1.0,6.8263038187006645e-12,1.7768632854735206e-10,1.7768632851577964e-10
67,"(1.0, 1.0, 1.0, 4.0, 8.0, 9.0, 14.0, 14.0)",5627895000.0,1,-26.132493291708343,1.0,1.0,4.4750960904395514e-12,1.7768632854735206e-10,1.7768632851577964e-10
68,"(1.0, 1.0, 1.0, 6.0, 6.0, 7.0, 7.0, 8.0)",6528358200.000003,1,-25.72388022019595,1.0,1.0,6.733808588728115e-12,1.531778694373724e-10,1.5317786941390894e-10
69,"(1.0, 1.0, 1.0, 6.0, 6.0, 7.0, 8.0, 11.0)",11657782500.000006,1,-25.86741840824252,1.0,1.0,5.833415673891699e-12,8.577960688492854e-11,8.577960687757039e-11
70,"(1.0, 1.0, 1.0, 6.0, 6.0, 8.0, 9.0, 11.0)",9647820000.000004,1,-26.381731126013275,1.0,1.0,3.4878656583206462e-12,1.0365035831928866e-10,1.0365035830854527e-10
71,"(1.0, 1.0, 1.0, 6.0, 6.0, 9.0, 13.0, 14.0)",6753474000.000003,1,-26.546521964773568,1.0,1.0,2.957957957849505e-12,1.4807194045612667e-10,1.4807194043420137e-10
72,"(1.0, 1.0, 1.0, 6.0, 7.0, 7.0, 8.0, 9.0)",11657782500.000006,1,-26.018939504889428,1.0,1.0,5.013235981288723e-12,8.577960688492854e-11,8.577960687757039e-11
73,"(1.0, 1.0, 1.0, 6.0, 7.0, 8.0, 11.0, 14.0)",16883685000.000008,1,-25.696601754023664,1.0,1.0,6.920024858589766e-12,5.922877618245066e-11,5.922877617894261e-11
74,"(1.0, 1.0, 1.0, 6.0, 7.0, 9.0, 9.0, 13.0)",8441842500.000004,1,-26.793144470608617,1.0,1.0,2.311453726252943e-12,1.1845755236490132e-10,1.1845755235086914e-10
75,"(1.0, 1.0, 1.0, 6.0, 8.0, 8.0, 12.0, 14.0)",5627895000.0,1,-25.693557528293404,1.0,1.0,6.941123073889625e-12,1.7768632854735206e-10,1.7768632851577964e-10
76,"(1.0, 1.0, 1.0, 6.0, 9.0, 9.0, 11.0, 11.0)",3698331000.0,1,-26.94144130146706,1.0,1.0,1.9928779787845685e-12,2.7039223909379664e-10,2.703922390206847e-10
77,"(1.0, 1.0, 1.0, 7.0, 7.0, 8.0, 8.0, 11.0)",4823910000.000002,1,-25.30779883937421,1.0,1.0,1.0208516026951485e-11,2.0730071663857733e-10,2.0730071659560375e-10
78,"(1.0, 1.0, 1.0, 7.0, 8.0, 8.0, 9.0, 11.0)",7396662000.0,1,-25.822111557144964,1.0,1.0,6.1037879800302156e-12,1.3519611954689832e-10,1.3519611952862031e-10
79,"(1.0, 1.0, 1.0, 7.0, 8.0, 9.0, 9.0, 11.0)",7396662000.0,1,-26.457536977629463,1.0,1.0,3.2332380854500124e-12,1.3519611954689832e-10,1.3519611952862031e-10
80,"(1.0, 1.0, 1.0, 7.0, 8.0, 9.0, 13.0, 13.0)",5627895000.0,1,-26.077245162281525,1.0,1.0,4.729294105585528e-12,1.7768632854735206e-10,1.7768632851577964e-10
81,"(1.0, 1.0, 1.0, 7.0, 8.0, 9.0, 13.0, 14.0)",11255790000.0,1,-25.98690239590526,1.0,1.0,5.176445997994531e-12,8.884316427367603e-11,8.884316426578292e-11
82,"(1.0, 1.0, 1.0, 7.0, 8.0, 11.0, 11.0, 13.0)",6753474000.0,1,-25.71122927536921,1.0,1.0,6.819538770158023e-12,1.4807194045612672e-10,1.4807194043420142e-10
83,"(1.0, 1.0, 1.0, 7.0, 8.0, 11.0, 13.0, 14.0)",11255790000.0,1,-25.616127866181078,1.0,1.0,7.499926719397049e-12,8.884316427367603e-11,8.884316426578292e-11
84,"(1.0, 1.0, 1.0, 7.0, 9.0, 11.0, 11.0, 14.0)",6753474000.0,1,-26.256311929477448,1.0,1.0,3.9539267002518054e-12,1.4807194045612672e-10,1.4807194043420142e-10
85,"(1.0, 1.0, 2.0, 2.0, 2.0, 6.0, 6.0, 14.0)",1987079850.0,1,-26.29152879188795,1.0,1.0,3.817105160857842e-12,5.032510394587313e-10,5.032510392054697e-10
86,"(1.0, 1.0, 2.0, 2.0, 2.0, 8.0, 11.0, 14.0)",2777638500.0000005,1,-25.875447411066208,1.0,1.0,5.786766686003561e-12,3.600180513050924e-10,3.600180511754794e-10
87,"(1.0, 1.0, 2.0, 2.0, 3.0, 4.0, 4.0, 8.0)",7380582300.000004,1,-25.938462856252364,1.0,1.0,5.433362893635312e-12,1.3549066446965838e-10,1.3549066445130065e-10
88,"(1.0, 1.0, 2.0, 2.0, 3.0, 4.0, 7.0, 8.0)",14761164600.000008,1,-25.702529194073016,1.0,1.0,6.879128152228568e-12,6.774533223482919e-11,6.774533223023976e-11
89,"(1.0, 1.0, 2.0, 2.0, 3.0, 6.0, 7.0, 8.0)",14761164600.000008,1,-25.685848964970955,1.0,1.0,6.994835919091286e-12,6.774533223482919e-11,6.774533223023976e-11
90,"(1.0, 1.0, 2.0, 2.0, 3.0, 6.0, 7.0, 9.0)",14761164600.000008,1,-26.321274385455453,1.0,1.0,3.705235170204542e-12,6.774533223482919e-11,6.774533223023976e-11
91,"(1.0, 1.0, 2.0, 2.0, 3.0, 6.0, 7.0, 11.0)",14761164600.000008,1,-25.950499855731262,1.0,1.0,5.368353550956194e-12,6.774533223482919e-11,6.774533223023976e-11
92,"(1.0, 1.0, 2.0, 2.0, 3.0, 6.0, 7.0, 14.0)",11922479100.000002,1,-25.855398446543127,1.0,1.0,5.903956204805557e-12,8.387517324312189e-11,8.387517323608684e-11
93,"(1.0, 1.0, 2.0, 2.0, 3.0, 6.0, 9.0, 13.0)",10332815220.000002,1,-26.460053930690144,1.0,1.0,3.2251104097348334e-12,9.677904604975602e-11,9.677904604038984e-11
94,"(1.0, 1.0, 2.0, 2.0, 3.0, 7.0, 7.0, 13.0)",5961239550.000001,1,-25.726487779842103,1.0,1.0,6.716272654121066e-12,1.6775034648624377e-10,1.677503464581036e-10
95,"(1.0, 1.0, 2.0, 2.0, 3.0, 7.0, 8.0, 11.0)",12300970500.0,1,-25.61013371994024,1.0,1.0,7.545017381953323e-12,8.129439868179507e-11,8.129439867518628e-11
96,"(1.0, 1.0, 2.0, 2.0, 4.0, 4.0, 4.0, 8.0)",4196801700.000002,1,-26.177070670014693,1.0,1.0,4.279989027464306e-12,2.3827668579146817e-10,2.382766857346924e-10
97,"(1.0, 1.0, 2.0, 2.0, 4.0, 4.0, 8.0, 12.0)",9117189900.000006,1,-26.202743672865395,1.0,1.0,4.171507340608193e-12,1.096829188563901e-10,1.0968291884435975e-10
98,"(1.0, 1.0, 2.0, 2.0, 4.0, 6.0, 8.0, 11.0)",21707595000.000008,1,-26.06799496677985,1.0,1.0,4.773243959633807e-12,4.606682591968386e-11,4.6066825917561706e-11
99,"(1.0, 1.0, 2.0, 2.0, 4.0, 6.0, 11.0, 11.0)",10853797500.000004,1,-26.33264585754016,1.0,1.0,3.6633398490938704e-12,9.213365183936771e-11,9.213365183087911e-11
100,"(1.0, 1.0, 2.0, 2.0, 4.0, 7.0, 7.0, 12.0)",10169173350.000002,1,-26.08792271339979,1.0,1.0,4.679065462684377e-12,9.833641000917738e-11,9.833640999950733e-11
101,"(1.0, 1.0, 2.0, 2.0, 4.0, 8.0, 9.0, 14.0)",15195316500.0,1,-26.267952842285183,1.0,1.0,3.9081662477567546e-12,6.58097513138341e-11,6.580975130950318e-11
102,"(1.0, 1.0, 2.0, 2.0, 4.0, 9.0, 9.0, 13.0)",7597658250.0,1,-26.993721029145945,1.0,1.0,1.8913674515242087e-12,1.316195026276682e-10,1.316195026103445e-10
103,"(1.0, 1.0, 2.0, 2.0, 6.0, 6.0, 11.0, 12.0)",9117189900.000006,1,-26.43403410542157,2.0,4.0,3.3101285003948484e-12,2.193658377127802e-10,4.38731675377439e-10
104,"(1.0, 1.0, 2.0, 2.0, 6.0, 8.0, 9.0, 11.0)",17366076000.0,1,-26.346374022371258,1.0,1.0,3.613392542671333e-12,5.758353239960484e-11,5.758353239628898e-11
105,"(1.0, 1.0, 2.0, 2.0, 6.0, 9.0, 9.0, 14.0)",7597658250.0,1,-26.88669803366762,1.0,1.0,2.1050160299024915e-12,1.316195026276682e-10,1.316195026103445e-10
106,"(1.0, 1.0, 2.0, 2.0, 7.0, 7.0, 8.0, 12.0)",9117189900.000006,1,-25.730876348506705,1.0,1.0,6.686862412043949e-12,1.096829188563901e-10,1.0968291884435975e-10
107,"(1.0, 1.0, 2.0, 2.0, 7.0, 7.0, 11.0, 13.0)",9117189900.000006,1,-25.872700119471656,1.0,1.0,5.802686479624222e-12,1.096829188563901e-10,1.0968291884435975e-10
108,"(1.0, 1.0, 2.0, 2.0, 7.0, 8.0, 9.0, 11.0)",17366076000.0,1,-26.127120589293977,1.0,1.0,4.499204154745044e-12,5.758353239960484e-11,5.758353239628898e-11
109,"(1.0, 1.0, 2.0, 2.0, 7.0, 8.0, 11.0, 11.0)",8683038000.0,1,-25.756346059569783,1.0,1.0,6.518700565845367e-12,1.1516706479920968e-10,1.1516706478594623e-10
110,"(1.0, 1.0, 2.0, 2.0, 7.0, 9.0, 9.0, 13.0)",7597658250.0,1,-26.757787366966603,1.0,1.0,2.394642017603875e-12,1.316195026276682e-10,1.316195026103445e-10
111,"(1.0, 1.0, 2.0, 2.0, 7.0, 11.0, 11.0, 12.0)",7597658250.0,1,-26.13906542731358,1.0,1.0,4.445781587047423e-12,1.316195026276682e-10,1.316195026103445e-10
112,"(1.0, 1.0, 2.0, 2.0, 8.0, 8.0, 11.0, 12.0)",5882058000.000001,1,-25.75330183383953,1.0,1.0,6.5385751979202044e-12,1.7000852422740474e-10,1.7000852419850183e-10
113,"(1.0, 1.0, 2.0, 2.0, 8.0, 11.0, 13.0, 14.0)",9803430000.000002,1,-25.800024195616334,1.0,1.0,6.240104445562775e-12,1.0200511453644284e-10,1.020051145260378e-10
114,"(1.0, 1.0, 2.0, 3.0, 3.0, 3.0, 4.0, 14.0)",2119551840.0,1,-25.652527611794664,1.0,1.0,7.231840037479382e-12,4.717978494925607e-10,4.717978492699675e-10
115,"(1.0, 1.0, 2.0, 3.0, 3.0, 4.0, 6.0, 7.0)",16464375900.000004,1,-25.8260184175965,1.0,1.0,6.079987854324279e-12,6.073719441743309e-11,6.073719441374408e-11
116,"(1.0, 1.0, 2.0, 3.0, 3.0, 4.0, 7.0, 13.0)",11922479100.000002,1,-25.74554452975391,1.0,1.0,6.589494155596009e-12,8.387517324312189e-11,8.387517323608684e-11
117,"(1.0, 1.0, 2.0, 3.0, 3.0, 4.0, 11.0, 14.0)",10332815220.000002,2,-25.798739951424214,2.0,2.0,6.248123411508309e-12,1.9355809209951204e-10,1.935580920620473e-10
118,"(1.0, 1.0, 2.0, 3.0, 3.0, 6.0, 7.0, 11.0)",14761164600.000008,2,-25.73362294346372,2.0,2.0,6.6685215085113436e-12,1.3549066446965838e-10,1.3549066445130065e-10
119,"(1.0, 1.0, 2.0, 3.0, 3.0, 6.0, 8.0, 9.0)",12300970500.0,1,-25.98328477047417,1.0,1.0,5.195206354190314e-12,8.129439868179507e-11,8.129439867518628e-11
120,"(1.0, 1.0, 2.0, 3.0, 3.0, 7.0, 7.0, 14.0)",5961239550.000001,1,-25.419268101198305,1.0,1.0,9.131710392916833e-12,1.6775034648624377e-10,1.677503464581036e-10
121,"(1.0, 1.0, 2.0, 3.0, 3.0, 8.0, 8.0, 12.0)",4166457750.000001,1,-25.39021258194244,1.0,1.0,9.400929186197232e-12,2.4001203420339493e-10,2.4001203414578914e-10
122,"(1.0, 1.0, 2.0, 3.0, 3.0, 8.0, 8.0, 13.0)",4166457750.000001,1,-25.26738546214708,1.0,1.0,1.0629526565518651e-11,2.4001203420339493e-10,2.4001203414578914e-10
123,"(1.0, 1.0, 2.0, 3.0, 3.0, 8.0, 11.0, 12.0)",8332915500.000001,1,-25.654863472702743,1.0,1.0,7.21496717903944e-12,1.2000601710169746e-10,1.2000601708729602e-10
124,"(1.0, 1.0, 2.0, 3.0, 4.0, 4.0, 4.0, 8.0)",8393603400.000004,1,-25.960193757747152,1.0,1.0,5.31656468131733e-12,1.1913834289573409e-10,1.1913834288154013e-10
125,"(1.0, 1.0, 2.0, 3.0, 4.0, 4.0, 4.0, 11.0)",8393603400.000004,1,-26.22484464850746,1.0,1.0,4.0803242872273145e-12,1.1913834289573409e-10,1.1913834288154013e-10
126,"(1.0, 1.0, 2.0, 3.0, 4.0, 4.0, 8.0, 9.0)",21707595000.000008,1,-26.238572813338564,1.0,1.0,4.024691663481533e-12,4.606682591968386e-11,4.6066825917561706e-11
127,"(1.0, 1.0, 2.0, 3.0, 4.0, 4.0, 9.0, 12.0)",18234379800.00001,1,-26.621292181082357,1.0,1.0,2.744856879114697e-12,5.484145942819505e-11,5.4841459425187466e-11
128,"(1.0, 1.0, 2.0, 3.0, 4.0, 4.0, 12.0, 13.0)",14026446000.000004,1,-26.245759008546287,1.0,1.0,3.995873115411953e-12,7.12938972566536e-11,7.129389725157078e-11
129,"(1.0, 1.0, 2.0, 3.0, 4.0, 6.0, 6.0, 7.0)",27117795600.000004,1,-26.04794600225677,1.0,1.0,4.869908330794126e-12,3.6876153753441515e-11,3.687615375208166e-11
130,"(1.0, 1.0, 2.0, 3.0, 4.0, 6.0, 6.0, 8.0)",25180810200.00001,1,-25.926833299543027,1.0,1.0,5.496919345897667e-12,3.9712780965244695e-11,3.971278096366759e-11
131,"(1.0, 1.0, 2.0, 3.0, 4.0, 6.0, 6.0, 11.0)",25180810200.00001,1,-26.19148419030333,1.0,1.0,4.218741773388626e-12,3.9712780965244695e-11,3.971278096366759e-11
132,"(1.0, 1.0, 2.0, 3.0, 4.0, 6.0, 7.0, 7.0)",27117795600.000004,2,-25.828692569179488,2.0,2.0,6.063750765074126e-12,7.375230750688303e-11,7.375230750144363e-11
133,"(1.0, 1.0, 2.0, 3.0, 4.0, 6.0, 7.0, 8.0)",50361620400.00002,1,-25.707579866465743,1.0,1.0,6.844471522896713e-12,1.9856390482622348e-11,1.985639048222807e-11
134,"(1.0, 1.0, 2.0, 3.0, 4.0, 6.0, 7.0, 9.0)",50361620400.00002,1,-26.34300528695024,1.0,1.0,3.6255856322352394e-12,1.9856390482622348e-11,1.985639048222807e-11
135,"(1.0, 1.0, 2.0, 3.0, 4.0, 6.0, 8.0, 13.0)",36468759600.00002,2,-25.846359411700437,2.0,2.0,5.957564187864806e-12,5.484145942819505e-11,5.4841459425187466e-11
136,"(1.0, 1.0, 2.0, 3.0, 4.0, 7.0, 7.0, 8.0)",25180810200.00001,2,-25.488326433388465,2.0,2.0,8.522371801344568e-12,7.942556193048939e-11,7.942556192418098e-11
137,"(1.0, 1.0, 2.0, 3.0, 4.0, 7.0, 7.0, 11.0)",25180810200.00001,1,-25.75297732414877,1.0,1.0,6.540697373250298e-12,3.9712780965244695e-11,3.971278096366759e-11
138,"(1.0, 1.0, 2.0, 3.0, 4.0, 7.0, 8.0, 12.0)",36468759600.00002,2,-25.74993309841851,2.0,2.0,6.560639070601394e-12,5.484145942819505e-11,5.4841459425187466e-11
139,"(1.0, 1.0, 2.0, 3.0, 4.0, 7.0, 11.0, 14.0)",36468759600.00002,1,-25.8014141030072,1.0,1.0,6.2314373029322075e-12,2.7420729714097525e-11,2.7420729713345627e-11
140,"(1.0, 1.0, 2.0, 3.0, 4.0, 7.0, 13.0, 14.0)",28052892000.000008,1,-25.79665546019532,1.0,1.0,6.261161153765462e-12,3.56469486283268e-11,3.564694862705609e-11
141,"(1.0, 1.0, 2.0, 3.0, 4.0, 8.0, 9.0, 9.0)",17366076000.0,1,-26.51695186892997,3.0,9.0,3.0467311049593607e-12,1.7275059719881451e-10,5.182517915666007e-10
142,"(1.0, 1.0, 2.0, 3.0, 4.0, 8.0, 9.0, 14.0)",30390633000.0,2,-26.05107593001765,2.0,2.0,4.854689698550442e-12,6.58097513138341e-11,6.580975130950318e-11
143,"(1.0, 1.0, 2.0, 3.0, 4.0, 9.0, 11.0, 12.0)",30390633000.0,1,-26.52889670694957,1.0,1.0,3.0105548850962365e-12,3.290487565691705e-11,3.2904875655834324e-11
144,"(1.0, 1.0, 2.0, 3.0, 4.0, 9.0, 11.0, 13.0)",30390633000.0,1,-26.406069587154214,1.0,1.0,3.404001082687328e-12,3.290487565691705e-11,3.2904875655834324e-11
145,"(1.0, 1.0, 2.0, 3.0, 6.0, 6.0, 8.0, 8.0)",10853797500.000004,1,-25.569786934649937,1.0,1.0,7.855659137333995e-12,9.213365183936771e-11,9.213365183087911e-11
146,"(1.0, 1.0, 2.0, 3.0, 6.0, 6.0, 9.0, 11.0)",21707595000.000008,1,-26.469863245894743,1.0,1.0,3.193628943404755e-12,4.606682591968386e-11,4.6066825917561706e-11
147,"(1.0, 1.0, 2.0, 3.0, 6.0, 6.0, 11.0, 11.0)",10853797500.000004,1,-26.09908871617056,1.0,1.0,4.62710961415624e-12,9.213365183936771e-11,9.213365183087911e-11
148,"(1.0, 1.0, 2.0, 3.0, 6.0, 7.0, 11.0, 13.0)",36468759600.00002,1,-25.8750766402814,1.0,1.0,5.788912647834627e-12,2.7420729714097525e-11,2.7420729713345627e-11
149,"(1.0, 1.0, 2.0, 3.0, 6.0, 7.0, 11.0, 14.0)",36468759600.00002,2,-25.78473387390513,2.0,2.0,6.336250831436426e-12,5.484145942819505e-11,5.4841459425187466e-11
150,"(1.0, 1.0, 2.0, 3.0, 6.0, 8.0, 8.0, 13.0)",15195316500.0,1,-25.489313046807347,1.0,1.0,8.513967661464978e-12,6.58097513138341e-11,6.580975130950318e-11
151,"(1.0, 1.0, 2.0, 3.0, 6.0, 8.0, 11.0, 11.0)",17366076000.0,1,-25.75872258037953,1.0,1.0,6.5032271320494686e-12,5.758353239960484e-11,5.758353239628898e-11
152,"(1.0, 1.0, 2.0, 3.0, 7.0, 7.0, 7.0, 8.0)",8393603400.000004,2,-25.25239277120912,2.0,2.0,1.0790092421594678e-11,2.3827668579146817e-10,2.382766857346924e-10
153,"(1.0, 1.0, 2.0, 3.0, 7.0, 7.0, 9.0, 11.0)",21707595000.000008,1,-26.03135637974018,1.0,1.0,4.951372130199202e-12,4.606682591968386e-11,4.6066825917561706e-11
154,"(1.0, 1.0, 2.0, 3.0, 7.0, 7.0, 9.0, 13.0)",18234379800.00001,1,-26.026597736928306,1.0,1.0,4.974990091748556e-12,5.484145942819505e-11,5.4841459425187466e-11
155,"(1.0, 1.0, 2.0, 3.0, 7.0, 8.0, 8.0, 8.0)",5788692000.0,1,-25.01016736578163,1.0,1.0,1.3747455468442684e-11,1.7275059719881451e-10,1.7275059716897175e-10
156,"(1.0, 1.0, 2.0, 3.0, 7.0, 8.0, 9.0, 11.0)",34732152000.0,1,-25.91024367702644,1.0,1.0,5.58887178206746e-12,2.879176619980242e-11,2.8791766198973456e-11
157,"(1.0, 1.0, 2.0, 3.0, 7.0, 8.0, 11.0, 13.0)",30390633000.0,2,-25.53471050449037,2.0,2.0,8.136097247682642e-12,6.58097513138341e-11,6.580975130950318e-11
158,"(1.0, 1.0, 2.0, 3.0, 7.0, 8.0, 11.0, 14.0)",30390633000.0,1,-25.44436773811411,1.0,1.0,8.90536031314268e-12,3.290487565691705e-11,3.2904875655834324e-11
159,"(1.0, 1.0, 2.0, 3.0, 7.0, 8.0, 13.0, 14.0)",24312506400.0,1,-25.43960909530223,1.0,1.0,8.947838731635262e-12,4.1131094571146315e-11,4.113109456945455e-11
160,"(1.0, 1.0, 2.0, 3.0, 7.0, 8.0, 14.0, 14.0)",12156253200.0,1,-25.34926632892597,1.0,1.0,9.793851462604074e-12,8.226218914229263e-11,8.226218913552556e-11
161,"(1.0, 1.0, 2.0, 3.0, 7.0, 9.0, 11.0, 13.0)",30390633000.0,1,-26.170135924974872,1.0,1.0,4.30977281225981e-12,3.290487565691705e-11,3.2904875655834324e-11
162,"(1.0, 1.0, 2.0, 3.0, 7.0, 9.0, 11.0, 14.0)",30390633000.0,1,-26.07979315859861,1.0,1.0,4.7172592205546155e-12,3.290487565691705e-11,3.2904875655834324e-11
163,"(1.0, 1.0, 2.0, 3.0, 7.0, 9.0, 12.0, 14.0)",24312506400.0,1,-26.19786163558209,1.0,1.0,4.191922588424561e-12,4.1131094571146315e-11,4.113109456945455e-11
164,"(1.0, 1.0, 2.0, 3.0, 7.0, 11.0, 11.0, 14.0)",15195316500.0,1,-25.709018628874414,1.0,1.0,6.834631035321663e-12,6.58097513138341e-11,6.580975130950318e-11
165,"(1.0, 1.0, 2.0, 3.0, 8.0, 9.0, 9.0, 11.0)",12884508000.000002,1,-26.424556394797197,1.0,1.0,3.341650080702313e-12,7.761258714729347e-11,7.761258714126976e-11
166,"(1.0, 1.0, 2.0, 3.0, 8.0, 9.0, 11.0, 13.0)",23528232000.000004,1,-26.049023222261127,1.0,1.0,4.864665192634472e-12,4.2502131056851184e-11,4.250213105504475e-11
167,"(1.0, 1.0, 2.0, 4.0, 4.0, 6.0, 7.0, 8.0)",39170149200.000015,1,-25.94618768022807,1.0,1.0,5.3915528173362734e-12,2.5529644906228738e-11,2.5529644905576974e-11
168,"(1.0, 1.0, 2.0, 4.0, 4.0, 6.0, 7.0, 12.0)",31637428200.000004,1,-26.32890704797186,1.0,1.0,3.677062015472246e-12,3.160813178866416e-11,3.1608131787665085e-11
169,"(1.0, 1.0, 2.0, 4.0, 4.0, 6.0, 7.0, 13.0)",31637428200.000004,1,-26.206079928176507,1.0,1.0,4.1576133169802065e-12,3.160813178866416e-11,3.1608131787665085e-11
170,"(1.0, 1.0, 2.0, 4.0, 4.0, 6.0, 8.0, 8.0)",17486673750.000008,1,-25.825074977514326,1.0,1.0,6.085726665251644e-12,5.7186404589952364e-11,5.718640458668208e-11
171,"(1.0, 1.0, 2.0, 4.0, 4.0, 6.0, 8.0, 9.0)",34973347500.000015,1,-26.46050039799883,1.0,1.0,3.223670824757717e-12,2.8593202294976182e-11,2.859320229415861e-11
172,"(1.0, 1.0, 2.0, 4.0, 4.0, 6.0, 8.0, 14.0)",29377611900.00001,1,-25.9946244590865,1.0,1.0,5.1366270948541135e-12,3.4039526541638315e-11,3.403952654047963e-11
173,"(1.0, 1.0, 2.0, 4.0, 4.0, 6.0, 11.0, 11.0)",17486673750.000008,1,-26.354376759034945,1.0,1.0,3.584590913330987e-12,5.7186404589952364e-11,5.718640458668208e-11
174,"(1.0, 1.0, 2.0, 4.0, 4.0, 7.0, 8.0, 11.0)",34973347500.000015,1,-25.87047243519736,1.0,1.0,5.815627441880894e-12,2.8593202294976182e-11,2.859320229415861e-11
175,"(1.0, 1.0, 2.0, 4.0, 4.0, 7.0, 9.0, 12.0)",29377611900.00001,1,-26.623966332665336,1.0,1.0,2.7375265213585934e-12,3.4039526541638315e-11,3.403952654047963e-11
176,"(1.0, 1.0, 2.0, 4.0, 4.0, 8.0, 8.0, 8.0)",4823910000.000002,1,-25.484708841723304,1.0,1.0,8.553258095857327e-12,2.0730071663857733e-10,2.0730071659560375e-10
177,"(1.0, 1.0, 2.0, 4.0, 4.0, 8.0, 9.0, 11.0)",28943460000.00001,1,-26.38478515296811,1.0,1.0,3.4772298718413224e-12,3.455011943976289e-11,3.455011943856918e-11
178,"(1.0, 1.0, 2.0, 4.0, 4.0, 8.0, 9.0, 14.0)",25325527500.00001,1,-26.28968374377997,1.0,1.0,3.824154404610004e-12,3.948585078830044e-11,3.948585078674131e-11
179,"(1.0, 1.0, 2.0, 4.0, 4.0, 8.0, 11.0, 14.0)",25325527500.00001,2,-25.91890921405578,2.0,2.0,5.540650440349672e-12,7.897170157660088e-11,7.897170157036435e-11
180,"(1.0, 1.0, 2.0, 4.0, 4.0, 9.0, 13.0, 14.0)",20260422000.000008,1,-26.549575991728407,1.0,1.0,2.948938055038888e-12,4.935731348537556e-11,4.9357313482939414e-11
181,"(1.0, 1.0, 2.0, 4.0, 6.0, 7.0, 7.0, 8.0)",39170149200.000015,1,-25.71025401804873,1.0,1.0,6.826192819443652e-12,2.5529644906228738e-11,2.5529644905576974e-11
182,"(1.0, 1.0, 2.0, 4.0, 6.0, 7.0, 7.0, 11.0)",39170149200.000015,3,-25.97490490880904,4.0,6.0,5.238924384452545e-12,1.0211857962491495e-10,1.531778694269442e-10
183,"(1.0, 1.0, 2.0, 4.0, 6.0, 7.0, 8.0, 11.0)",69946695000.00003,2,-25.85379220609529,2.0,2.0,5.913446998271629e-12,2.8593202294976182e-11,2.859320229415861e-11
184,"(1.0, 1.0, 2.0, 4.0, 6.0, 7.0, 9.0, 11.0)",69946695000.00003,1,-26.48921762657979,1.0,1.0,3.1324125467095876e-12,1.4296601147488091e-11,1.4296601147283698e-11
185,"(1.0, 1.0, 2.0, 4.0, 6.0, 7.0, 11.0, 11.0)",34973347500.000015,1,-26.1184430968556,1.0,1.0,4.538415848314387e-12,2.8593202294976182e-11,2.859320229415861e-11
186,"(1.0, 1.0, 2.0, 4.0, 6.0, 7.0, 11.0, 13.0)",58755223800.00003,1,-26.113684454043725,1.0,1.0,4.560064015364226e-12,1.7019763270819154e-11,1.7019763270529483e-11
187,"(1.0, 1.0, 2.0, 4.0, 6.0, 8.0, 8.0, 11.0)",28943460000.00001,1,-25.732679503381547,2.0,4.0,6.67481582768092e-12,6.910023887952579e-11,1.3820047775427672e-10
188,"(1.0, 1.0, 2.0, 4.0, 6.0, 8.0, 9.0, 14.0)",50651055000.00002,1,-26.27300351467791,1.0,1.0,3.888477143844379e-12,1.974292539415022e-11,1.9742925393760438e-11
189,"(1.0, 1.0, 2.0, 4.0, 6.0, 8.0, 11.0, 11.0)",28943460000.00001,1,-25.99733039414186,1.0,1.0,5.122746503990111e-12,3.455011943976289e-11,3.455011943856918e-11
190,"(1.0, 1.0, 2.0, 4.0, 6.0, 8.0, 13.0, 14.0)",40520844000.000015,1,-25.897470342141844,1.0,1.0,5.6607181952572355e-12,2.467865674268778e-11,2.467865674207874e-11
191,"(1.0, 1.0, 2.0, 4.0, 6.0, 9.0, 14.0, 14.0)",20260422000.000008,1,-26.44255299625008,1.0,1.0,3.282049647224197e-12,4.935731348537556e-11,4.9357313482939414e-11
192,"(1.0, 1.0, 2.0, 4.0, 6.0, 11.0, 11.0, 13.0)",25325527500.00001,1,-26.25722264209029,1.0,1.0,3.9503274485263696e-12,3.948585078830044e-11,3.948585078674131e-11
193,"(1.0, 1.0, 2.0, 4.0, 6.0, 11.0, 12.0, 14.0)",40520844000.000015,1,-26.284948352697512,1.0,1.0,3.842306215317254e-12,2.467865674268778e-11,2.467865674207874e-11
194,"(1.0, 1.0, 2.0, 4.0, 7.0, 7.0, 9.0, 9.0)",17486673750.000008,1,-26.640738723226697,1.0,1.0,2.6919945646404307e-12,5.7186404589952364e-11,5.718640458668208e-11
195,"(1.0, 1.0, 2.0, 4.0, 7.0, 7.0, 9.0, 11.0)",34973347500.000015,1,-26.26996419350251,1.0,1.0,3.900313452828529e-12,2.8593202294976182e-11,2.859320229415861e-11
196,"(1.0, 1.0, 2.0, 4.0, 7.0, 7.0, 9.0, 13.0)",29377611900.00001,2,-26.265205550690634,2.0,2.0,3.918917882214374e-12,6.807905308327663e-11,6.807905307864187e-11
197,"(1.0, 1.0, 2.0, 4.0, 7.0, 8.0, 8.0, 13.0)",25325527500.00001,1,-25.50866742749239,1.0,1.0,8.350769484391118e-12,3.948585078830044e-11,3.948585078674131e-11
198,"(1.0, 1.0, 2.0, 4.0, 7.0, 8.0, 12.0, 14.0)",40520844000.000015,1,-25.80104402885992,1.0,1.0,6.233743823543922e-12,2.467865674268778e-11,2.467865674207874e-11
199,"(1.0, 1.0, 2.0, 4.0, 7.0, 8.0, 14.0, 14.0)",20260422000.000008,1,-25.5878741426883,1.0,1.0,7.714849461953532e-12,4.935731348537556e-11,4.9357313482939414e-11
200,"(1.0, 1.0, 2.0, 4.0, 7.0, 9.0, 13.0, 13.0)",20260422000.000008,2,-26.40398509592532,2.0,2.0,3.411104093597357e-12,9.871462697075112e-11,9.871462696100654e-11
201,"(1.0, 1.0, 2.0, 4.0, 7.0, 9.0, 13.0, 14.0)",40520844000.000015,1,-26.31364232954906,1.0,1.0,3.7336219190070004e-12,2.467865674268778e-11,2.467865674207874e-11
202,"(1.0, 1.0, 2.0, 4.0, 8.0, 8.0, 9.0, 9.0)",11094993000.0,1,-26.39851331779921,1.0,1.0,3.4298200564638426e-12,9.013074636459887e-11,9.013074635647533e-11
203,"(1.0, 1.0, 2.0, 4.0, 8.0, 8.0, 9.0, 13.0)",20260422000.0,1,-26.022980145263148,1.0,1.0,4.9930201675013426e-12,4.935731348537558e-11,4.9357313482939434e-11
204,"(1.0, 1.0, 2.0, 4.0, 8.0, 8.0, 11.0, 12.0)",20260422000.0,1,-25.775032735334317,1.0,1.0,6.398018804177689e-12,4.935731348537558e-11,4.9357313482939434e-11
205,"(1.0, 1.0, 2.0, 4.0, 8.0, 9.0, 9.0, 14.0)",20260422000.0,1,-26.568062799371383,1.0,1.0,2.894922431054953e-12,4.935731348537558e-11,4.9357313482939434e-11
206,"(1.0, 1.0, 2.0, 4.0, 9.0, 9.0, 12.0, 14.0)",16883685000.0,1,-26.95078216711517,1.0,1.0,1.974349444327593e-12,5.922877618245069e-11,5.922877617894264e-11
207,"(1.0, 1.0, 2.0, 4.0, 9.0, 11.0, 13.0, 13.0)",16883685000.0,1,-26.54752328397189,1.0,1.0,2.9549975801473402e-12,5.922877618245069e-11,5.922877617894264e-11
208,"(1.0, 1.0, 2.0, 4.0, 9.0, 12.0, 13.0, 14.0)",25663201200.000004,1,-26.57524899457911,1.0,1.0,2.874193523547804e-12,3.896630012003334e-11,3.8966300118514967e-11
209,"(1.0, 1.0, 2.0, 4.0, 12.0, 13.0, 14.0, 14.0)",8883415799.999998,2,-26.10937305566678,2.0,2.0,4.579766710523077e-12,2.251386229157483e-10,2.2513862286506089e-10
210,"(1.0, 1.0, 2.0, 6.0, 6.0, 6.0, 7.0, 11.0)",13056716400.000006,1,-26.177478112784254,1.0,1.0,4.278245532092678e-12,7.65889347186862e-11,7.658893471282034e-11
211,"(1.0, 1.0, 2.0, 6.0, 6.0, 7.0, 7.0, 9.0)",19585074600.000008,2,-26.32899920943116,2.0,2.0,3.676723147686479e-12,1.0211857962491495e-10,1.0211857961448675e-10
212,"(1.0, 1.0, 2.0, 6.0, 6.0, 7.0, 7.0, 13.0)",15818714100.000002,1,-25.953466036895097,1.0,1.0,5.3524536344465625e-12,6.321626357732831e-11,6.321626357333202e-11
213,"(1.0, 1.0, 2.0, 6.0, 6.0, 7.0, 8.0, 12.0)",29377611900.00001,1,-25.95518045397671,1.0,1.0,5.343285158049092e-12,3.4039526541638315e-11,3.403952654047963e-11
214,"(1.0, 1.0, 2.0, 6.0, 6.0, 7.0, 9.0, 11.0)",34973347500.000015,1,-26.472537397477726,1.0,1.0,3.1851001042971264e-12,2.8593202294976182e-11,2.859320229415861e-11
215,"(1.0, 1.0, 2.0, 6.0, 6.0, 7.0, 9.0, 14.0)",29377611900.00001,1,-26.37743598828959,1.0,1.0,3.502878740231709e-12,3.4039526541638315e-11,3.403952654047963e-11
216,"(1.0, 1.0, 2.0, 6.0, 6.0, 7.0, 11.0, 12.0)",29377611900.00001,1,-26.21983134473702,1.0,1.0,4.100831553988867e-12,3.4039526541638315e-11,3.403952654047963e-11
217,"(1.0, 1.0, 2.0, 6.0, 6.0, 8.0, 8.0, 12.0)",12662763750.000006,1,-25.834067751262968,2.0,4.0,6.031244442570104e-12,1.5794340315320177e-10,3.158868062814574e-10
218,"(1.0, 1.0, 2.0, 6.0, 6.0, 8.0, 9.0, 13.0)",25325527500.00001,1,-26.34666605195211,2.0,4.0,3.612337479224011e-12,7.897170157660088e-11,1.5794340314696524e-10
219,"(1.0, 1.0, 2.0, 6.0, 6.0, 9.0, 9.0, 11.0)",14471730000.000006,1,-26.986850115248483,1.0,1.0,1.90440762207505e-12,6.910023887952579e-11,6.910023887475094e-11
220,"(1.0, 1.0, 2.0, 6.0, 6.0, 9.0, 9.0, 14.0)",12662763750.000006,1,-26.891748706060344,1.0,1.0,2.0944110871435372e-12,7.897170157660088e-11,7.897170157036435e-11
221,"(1.0, 1.0, 2.0, 6.0, 6.0, 11.0, 12.0, 14.0)",20260422000.000008,1,-26.268268123595448,1.0,1.0,3.906934270201384e-12,4.935731348537556e-11,4.9357313482939414e-11
222,"(1.0, 1.0, 2.0, 6.0, 7.0, 7.0, 7.0, 7.0)",3389724449.9999995,1,-25.59543305858313,1.0,1.0,7.656753411927588e-12,2.950092300275322e-10,2.9500922994050176e-10
223,"(1.0, 1.0, 2.0, 6.0, 7.0, 7.0, 8.0, 11.0)",34973347500.000015,1,-25.617858543915947,1.0,1.0,7.486957988794333e-12,2.8593202294976182e-11,2.859320229415861e-11
224,"(1.0, 1.0, 2.0, 6.0, 7.0, 7.0, 13.0, 13.0)",11299081500.000004,1,-25.872992149052504,1.0,1.0,5.800992170929955e-12,8.850276900825962e-11,8.850276900042688e-11
225,"(1.0, 1.0, 2.0, 6.0, 7.0, 7.0, 13.0, 14.0)",22598163000.000008,1,-25.78264938267624,1.0,1.0,6.349472466121913e-12,4.425138450412981e-11,4.425138450217163e-11
226,"(1.0, 1.0, 2.0, 6.0, 7.0, 8.0, 8.0, 9.0)",28943460000.00001,1,-25.867520370926396,1.0,1.0,5.83282091349563e-12,3.455011943976289e-11,3.455011943856918e-11
227,"(1.0, 1.0, 2.0, 6.0, 7.0, 8.0, 9.0, 11.0)",57886920000.00002,1,-26.1321712616867,1.0,1.0,4.476537437796513e-12,1.7275059719881446e-11,1.7275059719583018e-11
228,"(1.0, 1.0, 2.0, 6.0, 7.0, 8.0, 12.0, 13.0)",40520844000.000015,1,-25.87470656613412,1.0,1.0,5.791055371205264e-12,2.467865674268778e-11,2.467865674207874e-11
229,"(1.0, 1.0, 2.0, 6.0, 7.0, 9.0, 12.0, 13.0)",40520844000.000015,1,-26.510131986618617,1.0,1.0,3.067580466816613e-12,2.467865674268778e-11,2.467865674207874e-11
230,"(1.0, 1.0, 2.0, 6.0, 7.0, 11.0, 12.0, 13.0)",40520844000.000015,1,-26.139357456894427,1.0,1.0,4.444483476866528e-12,2.467865674268778e-11,2.467865674207874e-11
231,"(1.0, 1.0, 2.0, 6.0, 8.0, 8.0, 8.0, 11.0)",7396662000.0,1,-25.37563313848846,1.0,1.0,9.538993506585674e-12,1.3519611954689832e-10,1.3519611952862031e-10
232,"(1.0, 1.0, 2.0, 6.0, 8.0, 8.0, 8.0, 12.0)",6753474000.0,1,-25.49370161547194,1.0,1.0,8.47668539749876e-12,1.4807194045612672e-10,1.4807194043420142e-10
233,"(1.0, 1.0, 2.0, 6.0, 8.0, 8.0, 9.0, 13.0)",20260422000.0,1,-26.006299916161083,1.0,1.0,5.077003370124927e-12,4.935731348537558e-11,4.9357313482939434e-11
234,"(1.0, 1.0, 2.0, 6.0, 8.0, 8.0, 11.0, 12.0)",20260422000.0,1,-25.75835250623225,1.0,1.0,6.5056342536642005e-12,4.935731348537558e-11,4.9357313482939434e-11
235,"(1.0, 1.0, 2.0, 6.0, 8.0, 8.0, 11.0, 13.0)",20260422000.0,1,-25.635525386436893,1.0,1.0,7.355848635303258e-12,4.935731348537558e-11,4.9357313482939434e-11
236,"(1.0, 1.0, 2.0, 6.0, 8.0, 8.0, 11.0, 14.0)",20260422000.0,1,-25.54518262006063,1.0,1.0,8.05133966718164e-12,4.935731348537558e-11,4.9357313482939434e-11
237,"(1.0, 1.0, 2.0, 6.0, 8.0, 9.0, 9.0, 12.0)",20260422000.0,1,-26.76455245644094,2.0,4.0,2.3784967238501973e-12,9.871462697075115e-11,1.9742925393175773e-10
238,"(1.0, 1.0, 2.0, 6.0, 8.0, 9.0, 11.0, 13.0)",40520844000.0,1,-26.27095080692139,1.0,1.0,3.896467248908318e-12,2.467865674268779e-11,2.467865674207875e-11
239,"(1.0, 1.0, 2.0, 6.0, 9.0, 9.0, 11.0, 14.0)",20260422000.0,1,-26.81603346102963,1.0,1.0,2.2591477827698158e-12,4.935731348537558e-11,4.9357313482939434e-11
240,"(1.0, 1.0, 2.0, 6.0, 9.0, 11.0, 12.0, 13.0)",33767370000.0,2,-26.653670174665184,2.0,2.0,2.657407281520609e-12,5.922877618245069e-11,5.922877617894264e-11
241,"(1.0, 1.0, 2.0, 6.0, 9.0, 11.0, 13.0, 13.0)",16883685000.0,1,-26.530843054869827,1.0,1.0,3.004700996556713e-12,5.922877618245069e-11,5.922877617894264e-11
242,"(1.0, 1.0, 2.0, 6.0, 9.0, 13.0, 14.0, 14.0)",12831600600.000002,1,-26.345398879305424,1.0,1.0,3.6169178359067284e-12,7.793260024006668e-11,7.793260023399319e-11
243,"(1.0, 1.0, 2.0, 6.0, 11.0, 11.0, 11.0, 11.0)",1849165500.0,1,-26.169585810769387,1.0,1.0,4.312144331749719e-12,5.407844781875933e-10,5.407844778951454e-10
244,"(1.0, 1.0, 2.0, 7.0, 7.0, 7.0, 7.0, 8.0)",3264179100.0000014,1,-25.2550669227921,1.0,1.0,1.076127662494111e-11,3.063557388747448e-10,3.06355738780891e-10
245,"(1.0, 1.0, 2.0, 7.0, 7.0, 7.0, 7.0, 13.0)",2636452350.0000005,1,-25.51495917074053,1.0,1.0,8.298393527686509e-12,3.792975814639699e-10,3.792975813201032e-10
246,"(1.0, 1.0, 2.0, 7.0, 7.0, 7.0, 11.0, 13.0)",9792537300.000006,1,-25.6584973587871,1.0,1.0,7.188796389840839e-12,1.0211857962491493e-10,1.0211857961448672e-10
247,"(1.0, 1.0, 2.0, 7.0, 7.0, 8.0, 9.0, 11.0)",28943460000.00001,1,-25.91291782860942,1.0,1.0,5.573946257196828e-12,3.455011943976289e-11,3.455011943856918e-11
248,"(1.0, 1.0, 2.0, 7.0, 7.0, 8.0, 11.0, 11.0)",14471730000.000006,1,-25.54214329888523,1.0,1.0,8.075847499042748e-12,6.910023887952579e-11,6.910023887475094e-11
249,"(1.0, 1.0, 2.0, 7.0, 7.0, 8.0, 11.0, 12.0)",25325527500.00001,1,-25.66021177586871,1.0,1.0,7.176482353227369e-12,3.948585078830044e-11,3.948585078674131e-11
250,"(1.0, 1.0, 2.0, 7.0, 7.0, 9.0, 11.0, 14.0)",25325527500.00001,1,-26.082467310181592,2.0,4.0,4.704661406082721e-12,7.897170157660088e-11,1.5794340314696524e-10
251,"(1.0, 1.0, 2.0, 7.0, 7.0, 11.0, 12.0, 13.0)",20260422000.000008,1,-25.920104023817142,1.0,1.0,5.534034370378814e-12,4.935731348537556e-11,4.9357313482939414e-11
252,"(1.0, 1.0, 2.0, 7.0, 8.0, 8.0, 8.0, 14.0)",6753474000.0,1,-25.06127829622304,1.0,1.0,1.306246460041796e-11,1.4807194045612672e-10,1.4807194043420142e-10
253,"(1.0, 1.0, 2.0, 7.0, 8.0, 9.0, 11.0, 11.0)",22189986000.0,2,-26.056456016655986,2.0,2.0,4.828641181840237e-12,9.013074636459887e-11,9.013074635647533e-11
254,"(1.0, 1.0, 2.0, 7.0, 8.0, 9.0, 11.0, 13.0)",40520844000.0,1,-26.05169737384411,1.0,1.0,4.851673718835945e-12,2.467865674268779e-11,2.467865674207875e-11
255,"(1.0, 1.0, 2.0, 8.0, 8.0, 9.0, 9.0, 13.0)",7515963000.000001,1,-26.30135920085456,1.0,1.0,3.7797652898598084e-12,1.3305014939536023e-10,1.330501493776579e-10
256,"(1.0, 1.0, 2.0, 8.0, 8.0, 9.0, 11.0, 11.0)",7873866000.000002,1,-25.93534331394224,1.0,1.0,5.450338964086334e-12,1.2700241533193476e-10,1.2700241531580516e-10
257,"(1.0, 1.0, 2.0, 8.0, 8.0, 11.0, 12.0, 12.0)",6535620000.000001,1,-25.800705738185016,1.0,1.0,6.235852997686024e-12,1.5300767180466427e-10,1.530076717812529e-10
258,"(1.0, 1.0, 2.0, 8.0, 9.0, 11.0, 11.0, 14.0)",15031926000.000002,1,-26.104892795514413,1.0,1.0,4.6003312897568855e-12,6.652507469768011e-11,6.652507469325453e-11
259,"(1.0, 1.0, 2.0, 8.0, 13.0, 13.0, 14.0, 14.0)",3725303400.000001,1,-25.62949957097833,1.0,1.0,7.400307437462867e-12,2.6843451193800746e-10,2.6843451186595036e-10
260,"(1.0, 1.0, 3.0, 3.0, 3.0, 4.0, 11.0, 11.0)",2050161750.0,1,-25.67696444834481,1.0,1.0,7.0572585419184205e-12,4.877663920907704e-10,4.877663918528543e-10
261,"(1.0, 1.0, 3.0, 3.0, 3.0, 6.0, 8.0, 9.0)",4100323500.0,1,-25.766407858206627,1.0,1.0,6.453439585383153e-12,2.438831960453852e-10,2.438831959859062e-10
262,"(1.0, 1.0, 3.0, 3.0, 3.0, 6.0, 8.0, 11.0)",4100323500.0,1,-25.39563332848244,1.0,1.0,9.350107003372826e-12,2.438831960453852e-10,2.438831959859062e-10
263,"(1.0, 1.0, 3.0, 3.0, 4.0, 4.0, 4.0, 11.0)",4196801700.000002,1,-26.00796773623992,1.0,1.0,5.068542899196712e-12,2.3827668579146817e-10,2.382766857346924e-10
264,"(1.0, 1.0, 3.0, 3.0, 4.0, 4.0, 6.0, 9.0)",12590405100.000006,1,-26.36206203686204,1.0,1.0,3.5571479248341685e-12,7.942556193048939e-11,7.942556192418098e-11
265,"(1.0, 1.0, 3.0, 3.0, 4.0, 4.0, 8.0, 8.0)",5426898750.000002,1,-25.38627048058652,1.0,1.0,9.438061743955015e-12,1.8426730367873543e-10,1.8426730364478098e-10
266,"(1.0, 1.0, 3.0, 3.0, 4.0, 6.0, 6.0, 12.0)",10169173350.000002,1,-26.092675755019272,1.0,1.0,4.656878439491941e-12,9.833641000917738e-11,9.833640999950733e-11
267,"(1.0, 1.0, 3.0, 3.0, 4.0, 6.0, 8.0, 11.0)",21707595000.000008,1,-25.63424114224477,1.0,1.0,7.365301409727427e-12,4.606682591968386e-11,4.6066825917561706e-11
268,"(1.0, 1.0, 3.0, 3.0, 4.0, 6.0, 8.0, 12.0)",18234379800.00001,1,-25.75230961922825,1.0,1.0,6.545066087413713e-12,5.484145942819505e-11,5.4841459425187466e-11
269,"(1.0, 1.0, 3.0, 3.0, 4.0, 6.0, 8.0, 13.0)",18234379800.00001,2,-25.62948249943289,2.0,2.0,7.400433773225923e-12,1.096829188563901e-10,1.0968291884435975e-10
270,"(1.0, 1.0, 3.0, 3.0, 4.0, 7.0, 7.0, 8.0)",12590405100.000006,1,-25.27144952112092,1.0,1.0,1.058641520558462e-11,7.942556193048939e-11,7.942556192418098e-11
271,"(1.0, 1.0, 3.0, 3.0, 4.0, 7.0, 8.0, 11.0)",21707595000.000008,1,-25.414987709167484,1.0,1.0,9.170881467280831e-12,4.606682591968386e-11,4.6066825917561706e-11
272,"(1.0, 1.0, 3.0, 3.0, 4.0, 7.0, 8.0, 14.0)",18234379800.00001,1,-25.319886299979345,1.0,1.0,1.0085863762204172e-11,5.484145942819505e-11,5.4841459425187466e-11
273,"(1.0, 1.0, 3.0, 3.0, 4.0, 7.0, 11.0, 11.0)",10853797500.000004,2,-25.67963859992779,3.0,5.0,7.0384115738731e-12,2.7640095551810314e-10,4.606682591204411e-10
274,"(1.0, 1.0, 3.0, 3.0, 4.0, 7.0, 12.0, 14.0)",14026446000.000004,1,-25.702605667723137,1.0,1.0,6.878602100303924e-12,7.12938972566536e-11,7.129389725157078e-11
275,"(1.0, 1.0, 3.0, 3.0, 6.0, 6.0, 7.0, 8.0)",12590405100.000006,1,-25.474022725096138,1.0,1.0,8.64514931511138e-12,7.942556193048939e-11,7.942556192418098e-11
276,"(1.0, 1.0, 3.0, 3.0, 6.0, 6.0, 11.0, 14.0)",9117189900.000006,1,-25.787110394714876,1.0,1.0,6.321210478414516e-12,1.096829188563901e-10,1.0968291884435975e-10
277,"(1.0, 1.0, 3.0, 3.0, 6.0, 7.0, 7.0, 7.0)",4519632600.000001,1,-25.3758819947326,1.0,1.0,9.536619963836451e-12,2.2125692252064908e-10,2.2125692247169446e-10
278,"(1.0, 1.0, 3.0, 3.0, 6.0, 7.0, 7.0, 8.0)",12590405100.000006,1,-25.254769292018857,1.0,1.0,1.0764479988710246e-11,7.942556193048939e-11,7.942556192418098e-11
279,"(1.0, 1.0, 3.0, 3.0, 6.0, 7.0, 8.0, 8.0)",10853797500.000004,1,-25.13365658930511,1.0,1.0,1.2150429593162564e-11,9.213365183936771e-11,9.213365183087911e-11
280,"(1.0, 1.0, 3.0, 3.0, 6.0, 7.0, 8.0, 14.0)",18234379800.00001,1,-25.303206070877284,1.0,1.0,1.0255509209560488e-11,5.484145942819505e-11,5.4841459425187466e-11
281,"(1.0, 1.0, 3.0, 3.0, 6.0, 7.0, 9.0, 9.0)",10853797500.000004,1,-26.40450743027411,1.0,1.0,3.4093228220121488e-12,9.213365183936771e-11,9.213365183087911e-11
282,"(1.0, 1.0, 3.0, 3.0, 6.0, 7.0, 11.0, 13.0)",18234379800.00001,1,-25.65819972801385,1.0,1.0,7.190936315307099e-12,5.484145942819505e-11,5.4841459425187466e-11
283,"(1.0, 1.0, 3.0, 3.0, 6.0, 8.0, 9.0, 13.0)",15195316500.0,1,-25.9078615550243,1.0,1.0,5.6022010261463805e-12,6.58097513138341e-11,6.580975130950318e-11
284,"(1.0, 1.0, 3.0, 3.0, 6.0, 8.0, 12.0, 13.0)",12156253200.0,1,-25.65515550228359,1.0,1.0,7.2128605028191716e-12,8.226218914229263e-11,8.226218913552556e-11
285,"(1.0, 1.0, 3.0, 3.0, 6.0, 11.0, 11.0, 13.0)",7597658250.0,1,-25.801737916060414,1.0,1.0,6.22941980885632e-12,1.316195026276682e-10,1.316195026103445e-10
286,"(1.0, 1.0, 3.0, 3.0, 7.0, 8.0, 11.0, 13.0)",15195316500.0,1,-25.31783359222283,1.0,1.0,1.0106588356470597e-11,6.58097513138341e-11,6.580975130950318e-11
287,"(1.0, 1.0, 3.0, 3.0, 7.0, 8.0, 11.0, 14.0)",15195316500.0,1,-25.22749082584657,1.0,1.0,1.1062160162431461e-11,6.58097513138341e-11,6.580975130950318e-11
288,"(1.0, 1.0, 3.0, 3.0, 7.0, 9.0, 12.0, 12.0)",6078126600.0,1,-26.19415460948617,1.0,1.0,4.207490993264967e-12,1.6452437828458526e-10,1.64524378257517e-10
289,"(1.0, 1.0, 3.0, 3.0, 8.0, 8.0, 9.0, 12.0)",5882058000.000001,1,-25.690322539028635,1.0,1.0,6.963613891681998e-12,1.7000852422740474e-10,1.7000852419850183e-10
290,"(1.0, 1.0, 3.0, 3.0, 8.0, 11.0, 13.0, 13.0)",4901715000.000001,1,-25.45661313745752,1.0,1.0,8.796975581325608e-12,2.0401022907288567e-10,2.040102290312655e-10
291,"(1.0, 1.0, 3.0, 3.0, 12.0, 14.0, 14.0, 14.0)",859685400.0,1,-25.563545563260647,1.0,1.0,7.904842549829167e-12,1.1632162183980326e-09,1.1632162170449605e-09
292,"(1.0, 1.0, 3.0, 4.0, 4.0, 4.0, 7.0, 8.0)",13056716400.000006,1,-25.74599099706259,1.0,1.0,6.586552818529073e-12,7.65889347186862e-11,7.658893471282034e-11
293,"(1.0, 1.0, 3.0, 4.0, 4.0, 6.0, 6.0, 7.0)",20338346700.0,1,-26.06967690375156,1.0,1.0,4.7652224119029755e-12,4.9168205004588695e-11,4.916820500217118e-11
294,"(1.0, 1.0, 3.0, 4.0, 4.0, 6.0, 6.0, 14.0)",15818714100.000002,1,-26.11811368260998,2.0,4.0,4.5399111134146594e-12,1.2643252715465663e-10,2.528650542933281e-10
295,"(1.0, 1.0, 3.0, 4.0, 4.0, 6.0, 7.0, 7.0)",20338346700.0,1,-25.850423470674272,1.0,1.0,5.933401428361871e-12,4.9168205004588695e-11,4.916820500217118e-11
296,"(1.0, 1.0, 3.0, 4.0, 4.0, 6.0, 7.0, 11.0)",39170149200.000015,1,-25.99396165872084,1.0,1.0,5.1400327816914055e-12,2.5529644906228738e-11,2.5529644905576974e-11
297,"(1.0, 1.0, 3.0, 4.0, 4.0, 6.0, 8.0, 13.0)",29377611900.00001,1,-25.868090313195214,1.0,1.0,5.829497489480458e-12,3.4039526541638315e-11,3.403952654047963e-11
298,"(1.0, 1.0, 3.0, 4.0, 4.0, 6.0, 8.0, 14.0)",29377611900.00001,1,-25.77774754681896,1.0,1.0,6.380672945271162e-12,3.4039526541638315e-11,3.403952654047963e-11
299,"(1.0, 1.0, 3.0, 4.0, 4.0, 6.0, 9.0, 14.0)",29377611900.00001,1,-26.413172967303456,1.0,1.0,3.3799068455436708e-12,3.4039526541638315e-11,3.403952654047963e-11
300,"(1.0, 1.0, 3.0, 4.0, 4.0, 7.0, 7.0, 11.0)",19585074600.000008,1,-25.77470822564356,1.0,1.0,6.400095360194337e-12,5.1059289812457475e-11,5.105928980985042e-11
301,"(1.0, 1.0, 3.0, 4.0, 4.0, 7.0, 9.0, 14.0)",29377611900.00001,1,-26.193919534226172,1.0,1.0,4.208480186567026e-12,3.4039526541638315e-11,3.403952654047963e-11
302,"(1.0, 1.0, 3.0, 4.0, 4.0, 9.0, 9.0, 11.0)",14471730000.000006,1,-26.803333661185068,1.0,1.0,2.2880214643456058e-12,6.910023887952579e-11,6.910023887475094e-11
303,"(1.0, 1.0, 3.0, 4.0, 4.0, 9.0, 11.0, 12.0)",25325527500.00001,1,-26.55062760844436,1.0,1.0,2.9458385325263927e-12,3.948585078830044e-11,3.948585078674131e-11
304,"(1.0, 1.0, 3.0, 4.0, 6.0, 6.0, 11.0, 14.0)",29377611900.00001,1,-26.0257182084772,1.0,1.0,4.9793676618947605e-12,3.4039526541638315e-11,3.403952654047963e-11
305,"(1.0, 1.0, 3.0, 4.0, 6.0, 7.0, 7.0, 7.0)",13558897799.999998,1,-25.614489808494927,1.0,1.0,7.512222099527008e-12,7.375230750688306e-11,7.375230750144366e-11
306,"(1.0, 1.0, 3.0, 4.0, 6.0, 7.0, 7.0, 11.0)",39170149200.000015,1,-25.758027996541493,1.0,1.0,6.507745737604001e-12,2.5529644906228738e-11,2.5529644905576974e-11
307,"(1.0, 1.0, 3.0, 4.0, 6.0, 7.0, 7.0, 14.0)",31637428200.000004,1,-25.662926587353358,1.0,1.0,7.157025978659801e-12,3.160813178866416e-11,3.1608131787665085e-11
308,"(1.0, 1.0, 3.0, 4.0, 6.0, 7.0, 8.0, 8.0)",34973347500.000015,1,-25.37226440306744,2.0,4.0,9.571182038775829e-12,5.7186404589952364e-11,1.1437280917663444e-10
309,"(1.0, 1.0, 3.0, 4.0, 6.0, 7.0, 8.0, 11.0)",69946695000.00003,2,-25.636915293827748,2.0,2.0,7.345631788799048e-12,2.8593202294976182e-11,2.859320229415861e-11
310,"(1.0, 1.0, 3.0, 4.0, 6.0, 7.0, 8.0, 13.0)",58755223800.00003,1,-25.63215665101588,1.0,1.0,7.38067032853739e-12,1.7019763270819154e-11,1.7019763270529483e-11
311,"(1.0, 1.0, 3.0, 4.0, 6.0, 7.0, 8.0, 14.0)",58755223800.00003,2,-25.541813884639613,3.0,5.0,8.078508236472703e-12,5.105928981245747e-11,8.509881635148872e-11
312,"(1.0, 1.0, 3.0, 4.0, 6.0, 7.0, 9.0, 11.0)",69946695000.00003,1,-26.27234071431225,1.0,1.0,3.891055282218327e-12,1.4296601147488091e-11,1.4296601147283698e-11
313,"(1.0, 1.0, 3.0, 4.0, 6.0, 7.0, 11.0, 11.0)",34973347500.000015,1,-25.90156618458806,1.0,1.0,5.637580202530164e-12,2.8593202294976182e-11,2.859320229415861e-11
314,"(1.0, 1.0, 3.0, 4.0, 6.0, 7.0, 11.0, 13.0)",58755223800.00003,1,-25.896807541776184,1.0,1.0,5.664471365010695e-12,1.7019763270819154e-11,1.7019763270529483e-11
315,"(1.0, 1.0, 3.0, 4.0, 6.0, 7.0, 12.0, 13.0)",45196326000.000015,1,-26.014876018759665,1.0,1.0,5.03364864135677e-12,2.2125692252064906e-11,2.212569225157536e-11
316,"(1.0, 1.0, 3.0, 4.0, 6.0, 8.0, 8.0, 9.0)",28943460000.00001,1,-25.8865771208382,1.0,1.0,5.7227187309815455e-12,3.455011943976289e-11,3.455011943856918e-11
317,"(1.0, 1.0, 3.0, 4.0, 6.0, 8.0, 8.0, 11.0)",28943460000.00001,2,-25.515802591114007,2.0,2.0,8.291397444252497e-12,6.910023887952579e-11,6.910023887475094e-11
318,"(1.0, 1.0, 3.0, 4.0, 6.0, 8.0, 8.0, 13.0)",25325527500.00001,1,-25.51104394830213,1.0,1.0,8.33094727021577e-12,3.948585078830044e-11,3.948585078674131e-11
319,"(1.0, 1.0, 3.0, 4.0, 6.0, 8.0, 9.0, 14.0)",50651055000.00002,1,-26.05612660241037,1.0,1.0,4.830232067048243e-12,1.974292539415022e-11,1.9742925393760438e-11
320,"(1.0, 1.0, 3.0, 4.0, 6.0, 8.0, 11.0, 13.0)",50651055000.00002,1,-25.77569483906244,1.0,1.0,6.393784054151445e-12,1.974292539415022e-11,1.9742925393760438e-11
321,"(1.0, 1.0, 3.0, 4.0, 6.0, 8.0, 11.0, 14.0)",50651055000.00002,2,-25.68535207268618,2.0,2.0,6.998312462755088e-12,3.948585078830044e-11,3.948585078674131e-11
322,"(1.0, 1.0, 3.0, 4.0, 6.0, 9.0, 14.0, 14.0)",20260422000.000008,1,-26.22567608398254,1.0,1.0,4.0769331708076894e-12,4.935731348537556e-11,4.9357313482939414e-11
323,"(1.0, 1.0, 3.0, 4.0, 6.0, 12.0, 13.0, 14.0)",29611386000.000008,1,-26.06331279761809,2.0,4.0,4.795645498274681e-12,6.754158687472445e-11,1.3508317374488703e-10
324,"(1.0, 1.0, 3.0, 4.0, 7.0, 7.0, 7.0, 8.0)",13056716400.000006,1,-25.2741236727039,1.0,1.0,1.055814334507267e-11,7.65889347186862e-11,7.658893471282034e-11
325,"(1.0, 1.0, 3.0, 4.0, 7.0, 7.0, 7.0, 9.0)",13056716400.000006,1,-25.909549093188403,2.0,4.0,5.5927550705587325e-12,1.531778694373724e-10,3.0635573885128137e-10
326,"(1.0, 1.0, 3.0, 4.0, 7.0, 7.0, 8.0, 13.0)",29377611900.00001,1,-25.41290321793859,1.0,1.0,9.190018027327178e-12,3.4039526541638315e-11,3.403952654047963e-11
327,"(1.0, 1.0, 3.0, 4.0, 7.0, 7.0, 9.0, 11.0)",34973347500.000015,1,-26.05308728123497,1.0,1.0,4.844935025840539e-12,2.8593202294976182e-11,2.859320229415861e-11
328,"(1.0, 1.0, 3.0, 4.0, 7.0, 7.0, 9.0, 14.0)",29377611900.00001,1,-25.957985872046827,2.0,4.0,5.328316016480758e-12,6.807905308327663e-11,1.3615810616191851e-10
329,"(1.0, 1.0, 3.0, 4.0, 7.0, 8.0, 8.0, 11.0)",28943460000.00001,2,-25.29654915803673,2.0,2.0,1.0324006979392361e-11,6.910023887952579e-11,6.910023887475094e-11
330,"(1.0, 1.0, 3.0, 4.0, 7.0, 8.0, 8.0, 12.0)",25325527500.00001,1,-25.414617635020207,1.0,1.0,9.17427600149555e-12,3.948585078830044e-11,3.948585078674131e-11
331,"(1.0, 1.0, 3.0, 4.0, 7.0, 8.0, 11.0, 12.0)",50651055000.00002,3,-25.679268525780515,3.0,3.0,7.0410167900663335e-12,5.922877618245066e-11,5.922877617894261e-11
332,"(1.0, 1.0, 3.0, 4.0, 7.0, 8.0, 11.0, 13.0)",50651055000.00002,1,-25.55644140598516,1.0,1.0,7.96119974269767e-12,1.974292539415022e-11,1.9742925393760438e-11
333,"(1.0, 1.0, 3.0, 4.0, 7.0, 9.0, 12.0, 13.0)",40520844000.000015,1,-26.309935303453138,1.0,1.0,3.747488238417736e-12,2.467865674268778e-11,2.467865674207874e-11
334,"(1.0, 1.0, 3.0, 4.0, 7.0, 11.0, 14.0, 14.0)",20260422000.000008,1,-25.635648121181067,1.0,1.0,7.354945872504133e-12,4.935731348537556e-11,4.9357313482939414e-11
335,"(1.0, 1.0, 3.0, 4.0, 8.0, 8.0, 9.0, 14.0)",20260422000.0,1,-25.715760466619344,1.0,1.0,6.788708038474132e-12,4.935731348537558e-11,4.9357313482939434e-11
336,"(1.0, 1.0, 3.0, 4.0, 8.0, 8.0, 11.0, 11.0)",11094993000.0,1,-25.44008734608329,1.0,1.0,8.943560443901852e-12,9.013074636459887e-11,9.013074635647533e-11
337,"(1.0, 1.0, 3.0, 4.0, 8.0, 8.0, 11.0, 13.0)",20260422000.0,1,-25.435328703271416,1.0,1.0,8.986221076373795e-12,4.935731348537558e-11,4.9357313482939434e-11
338,"(1.0, 1.0, 3.0, 4.0, 9.0, 11.0, 12.0, 14.0)",33767370000.0,1,-26.36313072512344,1.0,1.0,3.5533484731791314e-12,2.9614388091225344e-11,2.961438809034833e-11
339,"(1.0, 1.0, 3.0, 4.0, 12.0, 12.0, 13.0, 14.0)",8883415799.999998,1,-26.105666029570852,1.0,1.0,4.5967755318264716e-12,1.1256931145787415e-10,1.125693114452023e-10
340,"(1.0, 1.0, 3.0, 6.0, 6.0, 7.0, 7.0, 8.0)",19585074600.000008,1,-25.47669687667912,1.0,1.0,8.622061758956092e-12,5.1059289812457475e-11,5.105928980985042e-11
341,"(1.0, 1.0, 3.0, 6.0, 6.0, 7.0, 8.0, 11.0)",34973347500.000015,1,-25.620235064725687,1.0,1.0,7.469186203205817e-12,2.8593202294976182e-11,2.859320229415861e-11
342,"(1.0, 1.0, 3.0, 6.0, 6.0, 7.0, 11.0, 13.0)",29377611900.00001,1,-25.88012731267412,1.0,1.0,5.759748457921227e-12,3.4039526541638315e-11,3.403952654047963e-11
343,"(1.0, 1.0, 3.0, 6.0, 6.0, 8.0, 13.0, 14.0)",20260422000.000008,1,-25.66391320077224,1.0,1.0,7.149968242990837e-12,4.935731348537556e-11,4.9357313482939414e-11
344,"(1.0, 1.0, 3.0, 6.0, 6.0, 11.0, 13.0, 14.0)",20260422000.000008,1,-25.928564091532547,1.0,1.0,5.4874135505769455e-12,4.935731348537556e-11,4.9357313482939414e-11
345,"(1.0, 1.0, 3.0, 6.0, 7.0, 7.0, 7.0, 11.0)",13056716400.000006,1,-25.522094334362148,2.0,4.0,8.23939386848947e-12,1.531778694373724e-10,3.0635573885128137e-10
346,"(1.0, 1.0, 3.0, 6.0, 7.0, 7.0, 8.0, 8.0)",17486673750.000008,1,-25.13633074088809,1.0,1.0,1.2117980908320036e-11,5.7186404589952364e-11,5.718640458668208e-11
347,"(1.0, 1.0, 3.0, 6.0, 7.0, 7.0, 8.0, 13.0)",29377611900.00001,1,-25.396222988836527,1.0,1.0,9.344595241159992e-12,3.4039526541638315e-11,3.403952654047963e-11
348,"(1.0, 1.0, 3.0, 6.0, 7.0, 7.0, 9.0, 12.0)",29377611900.00001,1,-26.154475529116382,2.0,4.0,4.3777968117161765e-12,6.807905308327663e-11,1.3615810616191851e-10
349,"(1.0, 1.0, 3.0, 6.0, 7.0, 7.0, 9.0, 14.0)",29377611900.00001,1,-25.94130564294477,1.0,1.0,5.417938935804622e-12,3.4039526541638315e-11,3.403952654047963e-11
350,"(1.0, 1.0, 3.0, 6.0, 7.0, 7.0, 11.0, 11.0)",17486673750.000008,1,-25.665632522408718,1.0,1.0,7.137685709728786e-12,5.7186404589952364e-11,5.718640458668208e-11
351,"(1.0, 1.0, 3.0, 6.0, 7.0, 8.0, 8.0, 8.0)",9647820000.000004,1,-25.015218038174357,1.0,1.0,1.3678196623734047e-11,1.0365035831928866e-10,1.0365035830854527e-10
352,"(1.0, 1.0, 3.0, 6.0, 7.0, 8.0, 8.0, 12.0)",25325527500.00001,1,-25.397937405918142,1.0,1.0,9.328588432551453e-12,3.948585078830044e-11,3.948585078674131e-11
353,"(1.0, 1.0, 3.0, 6.0, 7.0, 8.0, 9.0, 11.0)",57886920000.00002,1,-25.91529434941916,1.0,1.0,5.560715385871909e-12,1.7275059719881446e-11,1.7275059719583018e-11
354,"(1.0, 1.0, 3.0, 6.0, 7.0, 8.0, 9.0, 13.0)",50651055000.00002,2,-25.910535706607284,2.0,2.0,5.587239904473412e-12,3.948585078830044e-11,3.948585078674131e-11
355,"(1.0, 1.0, 3.0, 6.0, 7.0, 8.0, 11.0, 11.0)",28943460000.00001,1,-25.54451981969497,1.0,1.0,8.056677866942054e-12,3.455011943976289e-11,3.455011943856918e-11
356,"(1.0, 1.0, 3.0, 6.0, 7.0, 9.0, 11.0, 14.0)",50651055000.00002,1,-26.08484383099133,1.0,1.0,4.693493955443826e-12,1.974292539415022e-11,1.9742925393760438e-11
357,"(1.0, 1.0, 3.0, 6.0, 7.0, 11.0, 12.0, 13.0)",40520844000.000015,1,-25.92248054462689,1.0,1.0,5.520898237864469e-12,2.467865674268778e-11,2.467865674207874e-11
358,"(1.0, 1.0, 3.0, 6.0, 8.0, 11.0, 14.0, 14.0)",16883685000.0,1,-25.49785518936526,1.0,1.0,8.441549877832104e-12,5.922877618245069e-11,5.922877617894264e-11
359,"(1.0, 1.0, 3.0, 6.0, 9.0, 9.0, 9.0, 11.0)",7396662000.0,1,-27.06503248767441,2.0,4.0,1.761188082624574e-12,2.7039223909379664e-10,5.407844781144813e-10
360,"(1.0, 1.0, 3.0, 6.0, 9.0, 12.0, 12.0, 14.0)",12831600600.000002,1,-26.46451897300486,1.0,1.0,3.2107422563631343e-12,7.793260024006668e-11,7.793260023399319e-11
361,"(1.0, 1.0, 3.0, 6.0, 9.0, 12.0, 13.0, 13.0)",12831600600.000002,1,-26.432034619585764,1.0,1.0,3.3167536767119344e-12,7.793260024006668e-11,7.793260023399319e-11
362,"(1.0, 1.0, 3.0, 7.0, 7.0, 7.0, 9.0, 11.0)",11657782500.000006,1,-25.81715361905562,1.0,1.0,6.134125326143721e-12,8.577960688492854e-11,8.577960687757039e-11
363,"(1.0, 1.0, 3.0, 7.0, 7.0, 7.0, 11.0, 14.0)",9792537300.000006,1,-25.35127768014329,1.0,1.0,9.774172384945282e-12,1.0211857962491493e-10,1.0211857961448672e-10
364,"(1.0, 1.0, 3.0, 7.0, 7.0, 8.0, 9.0, 9.0)",14471730000.000006,1,-26.06681544606607,1.0,1.0,4.77887742149546e-12,6.910023887952579e-11,6.910023887475094e-11
365,"(1.0, 1.0, 3.0, 7.0, 7.0, 11.0, 12.0, 13.0)",20260422000.000008,1,-25.703227111549605,1.0,1.0,6.874328763450892e-12,4.935731348537556e-11,4.9357313482939414e-11
366,"(1.0, 1.0, 3.0, 7.0, 7.0, 11.0, 13.0, 14.0)",20260422000.000008,1,-25.490057225377985,1.0,1.0,8.507634106120583e-12,4.935731348537556e-11,4.9357313482939414e-11
367,"(1.0, 1.0, 3.0, 7.0, 8.0, 8.0, 8.0, 13.0)",6753474000.0,1,-24.93474415033176,1.0,1.0,1.4824436967762063e-11,1.4807194045612672e-10,1.4807194043420142e-10
368,"(1.0, 1.0, 3.0, 7.0, 8.0, 8.0, 9.0, 12.0)",20260422000.0,1,-25.69299669061162,1.0,1.0,6.945017009094103e-12,4.935731348537558e-11,4.9357313482939434e-11
369,"(1.0, 1.0, 3.0, 7.0, 8.0, 8.0, 11.0, 13.0)",20260422000.0,1,-25.199395041092068,1.0,1.0,1.1377367497585348e-11,4.935731348537558e-11,4.9357313482939434e-11
370,"(1.0, 1.0, 3.0, 7.0, 8.0, 9.0, 11.0, 12.0)",40520844000.0,1,-25.957647581371926,2.0,4.0,5.3301188410242285e-12,4.935731348537558e-11,9.8714626968315e-11
371,"(1.0, 1.0, 3.0, 7.0, 8.0, 11.0, 12.0, 14.0)",33767370000.0,1,-25.4917716424596,1.0,1.0,8.493060968672283e-12,2.9614388091225344e-11,2.961438809034833e-11
372,"(1.0, 1.0, 3.0, 7.0, 8.0, 12.0, 13.0, 14.0)",25663201200.000004,1,-25.48701299964772,1.0,1.0,8.533572726245734e-12,3.896630012003334e-11,3.8966300118514967e-11
373,"(1.0, 1.0, 3.0, 7.0, 9.0, 12.0, 12.0, 14.0)",12831600600.000002,1,-26.24526553992758,1.0,1.0,3.997845439998865e-12,7.793260024006668e-11,7.793260023399319e-11
374,"(1.0, 1.0, 3.0, 7.0, 9.0, 13.0, 13.0, 14.0)",12831600600.000002,1,-25.999611300336863,1.0,1.0,5.111075315257044e-12,7.793260024006668e-11,7.793260023399319e-11
375,"(1.0, 1.0, 3.0, 8.0, 9.0, 9.0, 11.0, 11.0)",7873866000.000002,1,-26.3538918221592,1.0,1.0,3.58632963520043e-12,1.2700241533193476e-10,1.2700241531580516e-10
376,"(1.0, 1.0, 3.0, 8.0, 11.0, 13.0, 13.0, 14.0)",10348065000.000002,1,-25.50772406789893,1.0,1.0,8.358650979854676e-12,9.663642429768269e-11,9.663642428834409e-11
377,"(1.0, 1.0, 4.0, 4.0, 4.0, 6.0, 7.0, 8.0)",18554281200.0,1,-25.96791858172286,1.0,1.0,5.275653374760752e-12,5.389591702426069e-11,5.389591702135592e-11
378,"(1.0, 1.0, 4.0, 4.0, 4.0, 6.0, 7.0, 14.0)",14986150199.999998,2,-26.13746806329503,2.0,2.0,4.4528887934755904e-12,1.334565564410265e-10,1.3345655642321584e-10
379,"(1.0, 1.0, 4.0, 4.0, 4.0, 6.0, 8.0, 9.0)",17179890000.000004,1,-26.482231299493613,1.0,1.0,3.154373228259178e-12,5.8207590386201526e-11,5.82075903828134e-11
380,"(1.0, 1.0, 4.0, 4.0, 4.0, 6.0, 9.0, 9.0)",8589945000.000002,1,-27.117656719978115,1.0,1.0,1.6709033293258258e-12,1.1641518077240305e-10,1.1641518075885056e-10
381,"(1.0, 1.0, 4.0, 4.0, 4.0, 7.0, 8.0, 12.0)",14431107600.000008,1,-26.010271813675622,1.0,1.0,5.056878027415224e-12,6.92947504597637e-11,6.929475045496194e-11
382,"(1.0, 1.0, 4.0, 4.0, 4.0, 9.0, 11.0, 14.0)",12884917500.000008,1,-26.576065536035067,1.0,1.0,2.871847583292462e-12,7.761012051493535e-11,7.761012050891201e-11
383,"(1.0, 1.0, 4.0, 4.0, 4.0, 11.0, 11.0, 14.0)",6442458750.000004,1,-26.20529100631088,2.0,4.0,4.1608946432196146e-12,3.104404820597414e-10,6.208809640231095e-10
384,"(1.0, 1.0, 4.0, 4.0, 6.0, 6.0, 8.0, 14.0)",21646661400.00001,1,-25.999675131479226,1.0,1.0,5.1107490798930674e-12,4.6196500306509135e-11,4.6196500304375015e-11
385,"(1.0, 1.0, 4.0, 4.0, 6.0, 7.0, 8.0, 8.0)",25769835000.000008,1,-25.61087221682977,1.0,1.0,7.53944746702088e-12,3.8805060257467686e-11,3.8805060255961855e-11
386,"(1.0, 1.0, 4.0, 4.0, 6.0, 7.0, 8.0, 11.0)",51539670000.000015,1,-25.87552310759008,1.0,1.0,5.7863286644595344e-12,1.9402530128733843e-11,1.9402530128357385e-11
387,"(1.0, 1.0, 4.0, 4.0, 6.0, 7.0, 8.0, 14.0)",43293322800.00002,2,-25.78042169840194,2.0,2.0,6.363632852663995e-12,4.6196500306509135e-11,4.6196500304375015e-11
388,"(1.0, 1.0, 4.0, 4.0, 6.0, 7.0, 9.0, 13.0)",43293322800.00002,1,-26.506189885262703,1.0,1.0,3.079697046635963e-12,2.3098250153254567e-11,2.309825015272104e-11
389,"(1.0, 1.0, 4.0, 4.0, 6.0, 7.0, 11.0, 11.0)",25769835000.000008,1,-26.140173998350388,1.0,1.0,4.440855853111479e-12,3.8805060257467686e-11,3.8805060255961855e-11
390,"(1.0, 1.0, 4.0, 4.0, 6.0, 8.0, 8.0, 8.0)",7362810000.000004,1,-25.489759514116027,2.0,4.0,8.510167301668302e-12,2.716354218022737e-10,5.432708435307617e-10
391,"(1.0, 1.0, 4.0, 4.0, 6.0, 8.0, 8.0, 11.0)",22088430000.00001,1,-25.75441040487633,1.0,1.0,6.5313307390743745e-12,4.5272570300378955e-11,4.527257029832935e-11
392,"(1.0, 1.0, 4.0, 4.0, 6.0, 8.0, 9.0, 9.0)",22088430000.00001,2,-26.760610355085024,2.0,2.0,2.3878915044325954e-12,9.054514060075791e-11,9.054514059255949e-11
393,"(1.0, 1.0, 4.0, 4.0, 6.0, 8.0, 11.0, 12.0)",38654752500.00002,1,-26.137129772620128,1.0,1.0,4.454395419055131e-12,2.5870040171645115e-11,2.5870040170975855e-11
394,"(1.0, 1.0, 4.0, 4.0, 6.0, 8.0, 11.0, 14.0)",38654752500.00002,1,-25.923959886448507,1.0,1.0,5.512736980341461e-12,2.5870040171645115e-11,2.5870040170975855e-11
395,"(1.0, 1.0, 4.0, 4.0, 6.0, 8.0, 14.0, 14.0)",15461901000.00001,1,-25.82885847726037,1.0,1.0,6.062744823270998e-12,6.467510042911278e-11,6.467510042492991e-11
396,"(1.0, 1.0, 4.0, 4.0, 7.0, 7.0, 8.0, 9.0)",25769835000.000008,1,-26.027044204236987,1.0,1.0,4.972769417077789e-12,3.8805060257467686e-11,3.8805060255961855e-11
397,"(1.0, 1.0, 4.0, 4.0, 7.0, 7.0, 8.0, 11.0)",25769835000.000008,1,-25.6562696745128,1.0,1.0,7.2048286092410515e-12,3.8805060257467686e-11,3.8805060255961855e-11
398,"(1.0, 1.0, 4.0, 4.0, 7.0, 7.0, 9.0, 12.0)",21646661400.00001,1,-26.40976357198078,1.0,1.0,3.3914499504565056e-12,4.6196500306509135e-11,4.6196500304375015e-11
399,"(1.0, 1.0, 4.0, 4.0, 7.0, 7.0, 9.0, 14.0)",21646661400.00001,2,-26.19659368580916,2.0,2.0,4.197241106813242e-12,9.239300061301827e-11,9.23930006044818e-11
400,"(1.0, 1.0, 4.0, 4.0, 7.0, 8.0, 8.0, 9.0)",22088430000.00001,1,-25.905931501523245,1.0,1.0,5.6130240149645105e-12,4.5272570300378955e-11,4.527257029832935e-11
401,"(1.0, 1.0, 4.0, 4.0, 7.0, 8.0, 9.0, 11.0)",44176860000.00002,1,-26.170582392283556,1.0,1.0,4.307849069067457e-12,2.2636285150189478e-11,2.2636285149677075e-11
402,"(1.0, 1.0, 4.0, 4.0, 7.0, 8.0, 11.0, 12.0)",38654752500.00002,1,-25.917876339542843,1.0,1.0,5.5463761934577945e-12,2.5870040171645115e-11,2.5870040170975855e-11
403,"(1.0, 1.0, 4.0, 4.0, 7.0, 8.0, 14.0, 14.0)",15461901000.00001,1,-25.609605044183084,1.0,1.0,7.549007304325167e-12,6.467510042911278e-11,6.467510042492991e-11
404,"(1.0, 1.0, 4.0, 4.0, 7.0, 9.0, 9.0, 14.0)",19327376250.00001,1,-26.710906403579912,1.0,1.0,2.5095782530407475e-12,5.174008034329023e-11,5.1740080340613196e-11
405,"(1.0, 1.0, 4.0, 4.0, 7.0, 9.0, 11.0, 11.0)",22088430000.00001,1,-26.43523328304386,1.0,1.0,3.3061614474462262e-12,4.5272570300378955e-11,4.527257029832935e-11
406,"(1.0, 1.0, 4.0, 4.0, 7.0, 11.0, 11.0, 14.0)",19327376250.00001,1,-25.96935734413153,1.0,1.0,5.268068420785718e-12,5.174008034329023e-11,5.1740080340613196e-11
407,"(1.0, 1.0, 4.0, 4.0, 8.0, 8.0, 8.0, 13.0)",5331690000.000003,1,-25.40928562627344,1.0,1.0,9.223323967267978e-12,1.8755779124442708e-10,1.8755779120924916e-10
408,"(1.0, 1.0, 4.0, 4.0, 8.0, 8.0, 11.0, 11.0)",8759205000.000004,1,-25.678695159845617,1.0,1.0,7.0450550268238664e-12,1.1416561206182519e-10,1.1416561204879141e-10
409,"(1.0, 1.0, 4.0, 4.0, 8.0, 8.0, 11.0, 12.0)",15995070000.000008,2,-25.796763636829105,3.0,5.0,6.260483879061577e-12,1.875577912444271e-10,3.125963187055339e-10
410,"(1.0, 1.0, 4.0, 4.0, 8.0, 9.0, 12.0, 14.0)",26658450000.00001,1,-26.33708764812546,1.0,1.0,3.647104145133431e-12,3.751155824888542e-11,3.75115582474783e-11
411,"(1.0, 1.0, 4.0, 4.0, 9.0, 11.0, 11.0, 13.0)",15995070000.000008,1,-26.57401282827855,1.0,1.0,2.8777487016658618e-12,6.251926374814237e-11,6.251926374423371e-11
412,"(1.0, 1.0, 4.0, 6.0, 6.0, 6.0, 8.0, 9.0)",17179890000.000004,1,-26.448870841289487,1.0,1.0,3.261379530193779e-12,5.8207590386201526e-11,5.82075903828134e-11
413,"(1.0, 1.0, 4.0, 6.0, 6.0, 7.0, 7.0, 9.0)",27831421800.0,1,-26.350730110925948,1.0,1.0,3.5976865180255065e-12,3.593061134950712e-11,3.593061134821611e-11
414,"(1.0, 1.0, 4.0, 6.0, 6.0, 7.0, 7.0, 12.0)",22479225300.0,1,-26.09802405818524,1.0,1.0,4.632038526693378e-12,4.448551881367549e-11,4.448551881169653e-11
415,"(1.0, 1.0, 4.0, 6.0, 6.0, 7.0, 8.0, 11.0)",51539670000.000015,1,-25.858842878488016,1.0,1.0,5.883655411873244e-12,1.9402530128733843e-11,1.9402530128357385e-11
416,"(1.0, 1.0, 4.0, 6.0, 6.0, 7.0, 8.0, 13.0)",43293322800.00002,2,-25.85408423567614,2.0,2.0,5.911720348951945e-12,4.6196500306509135e-11,4.6196500304375015e-11
417,"(1.0, 1.0, 4.0, 6.0, 6.0, 7.0, 9.0, 14.0)",43293322800.00002,1,-26.39916688978437,1.0,1.0,3.4275791545359226e-12,2.3098250153254567e-11,2.309825015272104e-11
418,"(1.0, 1.0, 4.0, 6.0, 6.0, 7.0, 11.0, 11.0)",25769835000.000008,1,-26.123493769248324,1.0,1.0,4.515551585237999e-12,3.8805060257467686e-11,3.8805060255961855e-11
419,"(1.0, 1.0, 4.0, 6.0, 6.0, 7.0, 13.0, 14.0)",33302556000.000008,1,-26.02363371724831,1.0,1.0,4.9897579355663425e-12,3.0027725199230946e-11,3.002772519832928e-11
420,"(1.0, 1.0, 4.0, 6.0, 6.0, 8.0, 8.0, 9.0)",22088430000.00001,1,-26.10850470549846,2.0,4.0,4.583745278862263e-12,9.054514060075791e-11,1.810902811933174e-10
421,"(1.0, 1.0, 4.0, 6.0, 6.0, 8.0, 9.0, 14.0)",38654752500.00002,1,-26.278054187070637,1.0,1.0,3.868887232440279e-12,2.5870040171645115e-11,2.5870040170975855e-11
422,"(1.0, 1.0, 4.0, 6.0, 7.0, 7.0, 8.0, 9.0)",51539670000.000015,1,-26.01036397513492,3.0,9.0,5.056411999631966e-12,5.8207590386201526e-11,1.7462277115521645e-10
423,"(1.0, 1.0, 4.0, 6.0, 7.0, 7.0, 8.0, 11.0)",51539670000.000015,1,-25.63958944541073,1.0,1.0,7.326014697151651e-12,1.9402530128733843e-11,1.9402530128357385e-11
424,"(1.0, 1.0, 4.0, 6.0, 7.0, 7.0, 9.0, 9.0)",25769835000.000008,1,-26.645789395619424,1.0,1.0,2.6784324597158572e-12,3.8805060257467686e-11,3.8805060255961855e-11
425,"(1.0, 1.0, 4.0, 6.0, 7.0, 7.0, 11.0, 12.0)",43293322800.00002,1,-26.022308813154524,1.0,1.0,4.996373267654757e-12,2.3098250153254567e-11,2.309825015272104e-11
426,"(1.0, 1.0, 4.0, 6.0, 7.0, 7.0, 11.0, 13.0)",43293322800.00002,1,-25.899481693359167,1.0,1.0,5.64934394546444e-12,2.3098250153254567e-11,2.309825015272104e-11
427,"(1.0, 1.0, 4.0, 6.0, 7.0, 7.0, 13.0, 13.0)",16651278000.000004,2,-25.89472305054729,2.0,2.0,5.676291220800356e-12,1.2011090079692378e-10,1.2011090078249716e-10
428,"(1.0, 1.0, 4.0, 6.0, 7.0, 7.0, 14.0, 14.0)",16651278000.000004,1,-25.714037517794765,1.0,1.0,6.8004147171175435e-12,6.005545039846189e-11,6.005545039485523e-11
429,"(1.0, 1.0, 4.0, 6.0, 7.0, 8.0, 8.0, 8.0)",14725620000.000008,1,-25.25382585193668,2.0,4.0,1.0774640422722117e-11,1.3581771090113685e-10,2.7163542178382727e-10
430,"(1.0, 1.0, 4.0, 6.0, 7.0, 8.0, 8.0, 11.0)",44176860000.00002,1,-25.51847674269699,1.0,1.0,8.269254610494223e-12,2.2636285150189478e-11,2.2636285149677075e-11
431,"(1.0, 1.0, 4.0, 6.0, 7.0, 8.0, 8.0, 14.0)",38654752500.00002,2,-25.42337533350885,2.0,2.0,9.094281254640655e-12,5.174008034329023e-11,5.1740080340613196e-11
432,"(1.0, 1.0, 4.0, 6.0, 7.0, 8.0, 9.0, 11.0)",88353720000.00005,2,-26.15390216318149,2.0,2.0,4.38030761101251e-12,2.2636285150189478e-11,2.2636285149677075e-11
433,"(1.0, 1.0, 4.0, 6.0, 7.0, 8.0, 9.0, 13.0)",77309505000.00005,1,-26.149143520369613,1.0,1.0,4.401201604437132e-12,1.2935020085822558e-11,1.2935020085655243e-11
434,"(1.0, 1.0, 4.0, 6.0, 7.0, 8.0, 11.0, 11.0)",44176860000.00002,1,-25.783127633457298,1.0,1.0,6.346436551977708e-12,2.2636285150189478e-11,2.2636285149677075e-11
435,"(1.0, 1.0, 4.0, 6.0, 7.0, 8.0, 11.0, 13.0)",77309505000.00005,2,-25.778368990645426,2.0,2.0,6.376708947289245e-12,2.5870040171645115e-11,2.5870040170975855e-11
436,"(1.0, 1.0, 4.0, 6.0, 7.0, 8.0, 13.0, 14.0)",61847604000.00004,1,-25.683267581457287,1.0,1.0,7.012915598467223e-12,1.6168775107278195e-11,1.6168775107016768e-11
437,"(1.0, 1.0, 4.0, 6.0, 7.0, 9.0, 9.0, 13.0)",38654752500.00002,3,-26.784568940854115,3.0,3.0,2.3313609017493008e-12,7.761012051493535e-11,7.761012050891201e-11
438,"(1.0, 1.0, 4.0, 6.0, 7.0, 9.0, 11.0, 14.0)",77309505000.00005,1,-26.32345164475366,1.0,1.0,3.697176688363835e-12,1.2935020085822558e-11,1.2935020085655243e-11
439,"(1.0, 1.0, 4.0, 6.0, 7.0, 9.0, 12.0, 14.0)",61847604000.00004,1,-26.441520121737145,1.0,1.0,3.2854413439520202e-12,1.6168775107278195e-11,1.6168775107016768e-11
440,"(1.0, 1.0, 4.0, 6.0, 7.0, 11.0, 12.0, 14.0)",61847604000.00004,1,-26.07074559201295,1.0,1.0,4.7601325948467485e-12,1.6168775107278195e-11,1.6168775107016768e-11
441,"(1.0, 1.0, 4.0, 6.0, 8.0, 8.0, 8.0, 12.0)",10663380000.000006,1,-25.51543251696673,1.0,1.0,8.294466443935108e-12,9.377889562221354e-11,9.377889561341906e-11
442,"(1.0, 1.0, 4.0, 6.0, 8.0, 8.0, 9.0, 11.0)",35036820000.000015,1,-26.032789460467747,1.0,1.0,4.9442814961634144e-12,2.8541403015456298e-11,2.8541403014641686e-11
443,"(1.0, 1.0, 4.0, 6.0, 8.0, 8.0, 13.0, 14.0)",26658450000.00001,1,-25.56215487874354,1.0,1.0,7.91584333951435e-12,3.751155824888542e-11,3.75115582474783e-11
444,"(1.0, 1.0, 4.0, 6.0, 8.0, 9.0, 11.0, 11.0)",35036820000.000015,1,-26.29744035122805,1.0,1.0,3.7946066832550055e-12,2.8541403015456298e-11,2.8541403014641686e-11
445,"(1.0, 1.0, 4.0, 6.0, 8.0, 9.0, 11.0, 12.0)",63980280000.00003,1,-26.415508828211536,1.0,1.0,3.3720210668968125e-12,1.5629815937035592e-11,1.5629815936791303e-11
446,"(1.0, 1.0, 4.0, 6.0, 8.0, 9.0, 11.0, 14.0)",63980280000.00003,1,-26.20233894203992,2.0,4.0,4.173196019924873e-12,3.1259631874071185e-11,6.251926374716521e-11
447,"(1.0, 1.0, 4.0, 6.0, 8.0, 9.0, 12.0, 13.0)",53316900000.00002,1,-26.41075018539966,1.0,1.0,3.388105550512141e-12,1.875577912444271e-11,1.8755779124090932e-11
448,"(1.0, 1.0, 4.0, 6.0, 8.0, 11.0, 12.0, 14.0)",53316900000.00002,1,-25.94963288929921,1.0,1.0,5.37300975137335e-12,1.875577912444271e-11,1.8755779124090932e-11
449,"(1.0, 1.0, 4.0, 6.0, 8.0, 11.0, 13.0, 13.0)",26658450000.00001,1,-25.917148535880116,1.0,1.0,5.5504143356753535e-12,3.751155824888542e-11,3.75115582474783e-11
450,"(1.0, 1.0, 4.0, 6.0, 8.0, 11.0, 13.0, 14.0)",53316900000.00002,1,-25.82680576950385,1.0,1.0,6.075202648358249e-12,1.875577912444271e-11,1.8755779124090932e-11
451,"(1.0, 1.0, 4.0, 6.0, 8.0, 12.0, 13.0, 14.0)",40520844000.00002,1,-25.94487424648733,1.0,1.0,5.398638917264226e-12,2.4678656742687773e-11,2.4678656742078735e-11
452,"(1.0, 1.0, 4.0, 6.0, 9.0, 11.0, 11.0, 14.0)",31990140000.00001,1,-26.466989832800223,1.0,1.0,3.2028187553698146e-12,3.1259631874071185e-11,3.125963187309402e-11
453,"(1.0, 1.0, 4.0, 7.0, 7.0, 7.0, 8.0, 8.0)",8589945000.000002,1,-25.155685121573143,1.0,1.0,1.188569997037317e-11,1.1641518077240305e-10,1.1641518075885056e-10
454,"(1.0, 1.0, 4.0, 7.0, 7.0, 7.0, 8.0, 11.0)",17179890000.000004,1,-25.42033601233345,1.0,1.0,9.121963742909638e-12,5.8207590386201526e-11,5.82075903828134e-11
455,"(1.0, 1.0, 4.0, 7.0, 7.0, 7.0, 8.0, 13.0)",14431107600.000008,1,-25.41557736952158,1.0,1.0,9.16547535610883e-12,6.92947504597637e-11,6.929475045496194e-11
456,"(1.0, 1.0, 4.0, 7.0, 7.0, 7.0, 12.0, 12.0)",5550426000.000001,1,-25.921123857060724,1.0,1.0,5.528393455042176e-12,1.801663511953857e-10,1.801663511629258e-10
457,"(1.0, 1.0, 4.0, 7.0, 7.0, 8.0, 8.0, 8.0)",7362810000.000004,1,-25.0345724188594,1.0,1.0,1.3416009022910212e-11,1.3581771090113685e-10,1.3581771088269041e-10
458,"(1.0, 1.0, 4.0, 7.0, 7.0, 8.0, 8.0, 12.0)",19327376250.00001,1,-25.41729178660319,1.0,1.0,9.149775370604374e-12,5.174008034329023e-11,5.1740080340613196e-11
459,"(1.0, 1.0, 4.0, 7.0, 7.0, 8.0, 9.0, 9.0)",22088430000.00001,1,-26.3054232598284,1.0,1.0,3.764435272960852e-12,4.5272570300378955e-11,4.527257029832935e-11
460,"(1.0, 1.0, 4.0, 7.0, 7.0, 8.0, 11.0, 11.0)",22088430000.00001,1,-25.563874200380017,1.0,1.0,7.902245151968569e-12,4.5272570300378955e-11,4.527257029832935e-11
461,"(1.0, 1.0, 4.0, 7.0, 7.0, 8.0, 13.0, 14.0)",30923802000.00002,1,-25.46401414838,1.0,1.0,8.732109402698305e-12,3.233755021455639e-11,3.233755021351067e-11
462,"(1.0, 1.0, 4.0, 7.0, 8.0, 8.0, 9.0, 13.0)",31990140000.00001,1,-25.80877738457859,1.0,1.0,6.185721989388026e-12,3.1259631874071185e-11,3.125963187309402e-11
463,"(1.0, 1.0, 4.0, 7.0, 8.0, 8.0, 9.0, 14.0)",31990140000.00001,1,-25.718434618202327,1.0,1.0,6.7705782558240905e-12,3.1259631874071185e-11,3.125963187309402e-11
464,"(1.0, 1.0, 4.0, 7.0, 8.0, 8.0, 11.0, 11.0)",17518410000.000008,1,-25.442761497666275,1.0,1.0,8.919675957185568e-12,5.7082806030912595e-11,5.708280602765415e-11
465,"(1.0, 1.0, 4.0, 7.0, 8.0, 8.0, 11.0, 13.0)",31990140000.00001,1,-25.4380028548544,1.0,1.0,8.96222266105875e-12,3.1259631874071185e-11,3.125963187309402e-11
466,"(1.0, 1.0, 4.0, 7.0, 8.0, 9.0, 11.0, 13.0)",63980280000.00003,1,-26.073428275338895,1.0,1.0,4.747379780035376e-12,1.5629815937035592e-11,1.5629815936791303e-11
467,"(1.0, 1.0, 4.0, 7.0, 8.0, 11.0, 11.0, 13.0)",31990140000.00001,1,-25.702653745614708,1.0,1.0,6.8782713995677524e-12,3.1259631874071185e-11,3.125963187309402e-11
468,"(1.0, 1.0, 4.0, 7.0, 8.0, 11.0, 12.0, 12.0)",26658450000.00001,1,-25.943549342393545,1.0,1.0,5.405796336466584e-12,3.751155824888542e-11,3.75115582474783e-11
469,"(1.0, 1.0, 4.0, 7.0, 8.0, 11.0, 12.0, 14.0)",53316900000.00002,1,-25.730379456221925,1.0,1.0,6.690185888022281e-12,1.875577912444271e-11,1.8755779124090932e-11
470,"(1.0, 1.0, 4.0, 7.0, 8.0, 12.0, 14.0, 14.0)",20260422000.00001,1,-25.635278047033783,1.0,1.0,7.357668251536201e-12,4.9357313485375545e-11,4.93573134829394e-11
471,"(1.0, 1.0, 4.0, 7.0, 9.0, 11.0, 11.0, 11.0)",11678940000.000006,1,-26.34283780891108,1.0,1.0,3.626192889057403e-12,8.562420904636889e-11,8.562420903903738e-11
472,"(1.0, 1.0, 4.0, 7.0, 11.0, 11.0, 11.0, 14.0)",10663380000.000006,1,-25.876961869998752,1.0,1.0,5.778009498379687e-12,9.377889562221354e-11,9.377889561341906e-11
473,"(1.0, 1.0, 4.0, 8.0, 8.0, 8.0, 9.0, 14.0)",8175258000.0,1,-25.597321915488585,1.0,1.0,7.642304550583721e-12,1.2232029863766992e-10,1.2232029862270767e-10
474,"(1.0, 1.0, 4.0, 8.0, 8.0, 9.0, 13.0, 13.0)",10663380000.0,1,-25.94755692981328,1.0,1.0,5.3841754877328614e-12,9.377889562221359e-11,9.377889561341911e-11
475,"(1.0, 1.0, 4.0, 8.0, 8.0, 9.0, 13.0, 14.0)",21326760000.0,1,-25.85721416343701,1.0,1.0,5.8932460180597195e-12,4.6889447811106797e-11,4.6889447808908176e-11
476,"(1.0, 1.0, 4.0, 8.0, 9.0, 9.0, 13.0, 14.0)",21326760000.0,1,-26.49263958392152,1.0,1.0,3.121711883646193e-12,4.6889447811106797e-11,4.6889447808908176e-11
477,"(1.0, 1.0, 4.0, 8.0, 9.0, 11.0, 11.0, 13.0)",24525774000.0,1,-26.21696646338546,1.0,1.0,4.1125967947962914e-12,4.0773432879223303e-11,4.077343287756083e-11
478,"(1.0, 1.0, 4.0, 9.0, 11.0, 11.0, 11.0, 13.0)",8175258000.0,1,-26.48161735414577,1.0,1.0,3.1563104356369107e-12,1.2232029863766992e-10,1.2232029862270767e-10
479,"(1.0, 1.0, 4.0, 9.0, 11.0, 12.0, 12.0, 14.0)",16883685000.0,1,-26.62741154173647,1.0,1.0,2.7281113980016393e-12,5.922877618245069e-11,5.922877617894264e-11
480,"(1.0, 1.0, 4.0, 9.0, 12.0, 12.0, 13.0, 14.0)",12156253200.000002,1,-26.6226528989246,1.0,1.0,2.7411244433567494e-12,8.226218914229262e-11,8.226218913552554e-11
481,"(1.0, 1.0, 6.0, 6.0, 6.0, 6.0, 8.0, 14.0)",3607776900.000002,1,-25.966314673275097,1.0,1.0,5.284121829273423e-12,2.771790018390548e-10,2.771790017622266e-10
482,"(1.0, 1.0, 6.0, 6.0, 6.0, 7.0, 8.0, 9.0)",17179890000.000004,1,-26.212937179110146,1.0,1.0,4.129201045551168e-12,5.8207590386201526e-11,5.82075903828134e-11
483,"(1.0, 1.0, 6.0, 6.0, 6.0, 7.0, 8.0, 11.0)",17179890000.000004,1,-25.842162649385955,1.0,1.0,5.982619206940363e-12,5.8207590386201526e-11,5.82075903828134e-11
484,"(1.0, 1.0, 6.0, 6.0, 6.0, 8.0, 8.0, 9.0)",7362810000.000004,1,-26.0918244763964,2.0,4.0,4.660844428398074e-12,2.716354218022737e-10,5.432708435307617e-10
485,"(1.0, 1.0, 6.0, 6.0, 6.0, 8.0, 11.0, 12.0)",12884917500.000008,1,-26.103769314416,1.0,1.0,4.60550257938651e-12,7.761012051493535e-11,7.761012050891201e-11
486,"(1.0, 1.0, 6.0, 6.0, 6.0, 11.0, 11.0, 14.0)",6442458750.000004,1,-26.15525031900469,1.0,1.0,4.3744062526684394e-12,1.552202410298707e-10,1.5522024100577738e-10
487,"(1.0, 1.0, 6.0, 6.0, 7.0, 7.0, 9.0, 11.0)",25769835000.000008,1,-26.25833463679317,1.0,1.0,3.945937146777514e-12,3.8805060257467686e-11,3.8805060255961855e-11
488,"(1.0, 1.0, 6.0, 6.0, 7.0, 7.0, 9.0, 13.0)",21646661400.00001,1,-26.253575993981293,1.0,1.0,3.9647592004139895e-12,4.6196500306509135e-11,4.6196500304375015e-11
489,"(1.0, 1.0, 6.0, 6.0, 7.0, 8.0, 8.0, 8.0)",7362810000.000004,1,-25.237145622834618,1.0,1.0,1.0955871176746966e-11,1.3581771090113685e-10,1.3581771088269041e-10
490,"(1.0, 1.0, 6.0, 6.0, 7.0, 8.0, 8.0, 9.0)",22088430000.00001,1,-25.87257104331912,2.0,4.0,5.803435516409739e-12,9.054514060075791e-11,1.810902811933174e-10
491,"(1.0, 1.0, 6.0, 6.0, 7.0, 8.0, 8.0, 13.0)",19327376250.00001,1,-25.497037870783053,1.0,1.0,8.448452133696644e-12,5.174008034329023e-11,5.1740080340613196e-11
492,"(1.0, 1.0, 6.0, 6.0, 7.0, 8.0, 9.0, 14.0)",38654752500.00002,1,-26.04212052489129,1.0,1.0,4.898360665298858e-12,2.5870040171645115e-11,2.5870040170975855e-11
493,"(1.0, 1.0, 6.0, 6.0, 7.0, 8.0, 11.0, 13.0)",38654752500.00002,1,-25.76168876154336,1.0,1.0,6.483965962407575e-12,2.5870040171645115e-11,2.5870040170975855e-11
494,"(1.0, 1.0, 6.0, 6.0, 7.0, 8.0, 12.0, 14.0)",30923802000.00002,1,-25.78941447215058,1.0,1.0,6.306662686040856e-12,3.233755021455639e-11,3.233755021351067e-11
495,"(1.0, 1.0, 6.0, 6.0, 7.0, 9.0, 11.0, 14.0)",38654752500.00002,1,-26.3067714156516,1.0,1.0,3.7593636470657e-12,2.5870040171645115e-11,2.5870040170975855e-11
496,"(1.0, 1.0, 6.0, 6.0, 7.0, 9.0, 12.0, 14.0)",30923802000.00002,1,-26.42483989263508,1.0,1.0,3.3407028644026985e-12,3.233755021455639e-11,3.233755021351067e-11
497,"(1.0, 1.0, 6.0, 6.0, 8.0, 8.0, 8.0, 12.0)",5331690000.000003,1,-25.498752287864665,1.0,1.0,8.433980371907908e-12,1.8755779124442708e-10,1.8755779120924916e-10
498,"(1.0, 1.0, 6.0, 6.0, 8.0, 8.0, 9.0, 12.0)",15995070000.000008,1,-26.134177708349164,2.0,4.0,4.467564509056804e-12,1.2503852749628474e-10,2.5007705497693483e-10
499,"(1.0, 1.0, 6.0, 6.0, 8.0, 9.0, 11.0, 13.0)",31990140000.00001,1,-26.27600147931412,1.0,1.0,3.876837083840746e-12,3.1259631874071185e-11,3.125963187309402e-11
500,"(1.0, 1.0, 6.0, 6.0, 8.0, 9.0, 13.0, 13.0)",13329225000.000006,1,-26.27124283650224,1.0,1.0,3.8953295313425086e-12,7.502311649777084e-11,7.502311649214237e-11
501,"(1.0, 1.0, 6.0, 6.0, 11.0, 11.0, 13.0, 14.0)",13329225000.000006,1,-26.074776431162096,1.0,1.0,4.740983884640507e-12,7.502311649777084e-11,7.502311649214237e-11
502,"(1.0, 1.0, 6.0, 7.0, 7.0, 7.0, 8.0, 14.0)",14431107600.000008,1,-25.30855437404325,1.0,1.0,1.020080605211708e-11,6.92947504597637e-11,6.929475045496194e-11
503,"(1.0, 1.0, 6.0, 7.0, 7.0, 7.0, 9.0, 13.0)",14431107600.000008,1,-26.034322560904013,1.0,1.0,4.936707223588466e-12,6.92947504597637e-11,6.929475045496194e-11
504,"(1.0, 1.0, 6.0, 7.0, 7.0, 7.0, 12.0, 13.0)",11100852000.000002,1,-25.781616508163303,2.0,4.0,6.356034062472242e-12,1.801663511953857e-10,3.603327023583115e-10
505,"(1.0, 1.0, 6.0, 7.0, 7.0, 8.0, 9.0, 11.0)",44176860000.00002,2,-25.917968501002143,4.0,10.0,5.54586505488798e-12,9.054514060075791e-11,2.2636285149369634e-10
506,"(1.0, 1.0, 6.0, 7.0, 7.0, 8.0, 9.0, 14.0)",38654752500.00002,1,-25.822867091814004,1.0,1.0,6.099178098280866e-12,2.5870040171645115e-11,2.5870040170975855e-11
507,"(1.0, 1.0, 6.0, 7.0, 7.0, 9.0, 9.0, 12.0)",19327376250.00001,1,-26.671462398470126,1.0,1.0,2.61054423161629e-12,5.174008034329023e-11,5.1740080340613196e-11
508,"(1.0, 1.0, 6.0, 7.0, 7.0, 9.0, 11.0, 11.0)",22088430000.00001,1,-26.18261939176245,1.0,1.0,4.2563063243947425e-12,4.5272570300378955e-11,4.527257029832935e-11
509,"(1.0, 1.0, 6.0, 7.0, 7.0, 11.0, 13.0, 14.0)",30923802000.00002,1,-25.71198481003825,1.0,1.0,6.8143883181078555e-12,3.233755021455639e-11,3.233755021351067e-11
510,"(1.0, 1.0, 6.0, 7.0, 7.0, 12.0, 14.0, 14.0)",11299081500.000004,1,-25.739710520645467,1.0,1.0,6.628049681810174e-12,8.850276900825962e-11,8.850276900042688e-11
511,"(1.0, 1.0, 6.0, 7.0, 8.0, 8.0, 11.0, 12.0)",31990140000.00001,2,-25.54414974554769,2.0,2.0,8.059659986902293e-12,6.251926374814237e-11,6.251926374423371e-11
512,"(1.0, 1.0, 6.0, 7.0, 8.0, 8.0, 12.0, 14.0)",26658450000.00001,1,-25.449048336359557,2.0,4.0,8.863775296584037e-12,7.502311649777084e-11,1.500462329899132e-10
513,"(1.0, 1.0, 6.0, 7.0, 8.0, 9.0, 11.0, 11.0)",35036820000.000015,1,-26.06150668904871,1.0,1.0,4.804314781181275e-12,2.8541403015456298e-11,2.8541403014641686e-11
514,"(1.0, 1.0, 6.0, 7.0, 8.0, 11.0, 12.0, 12.0)",26658450000.00001,1,-25.92686911329148,1.0,1.0,5.4967224841361414e-12,3.751155824888542e-11,3.75115582474783e-11
515,"(1.0, 1.0, 6.0, 7.0, 8.0, 11.0, 12.0, 13.0)",53316900000.00002,1,-25.804041993496128,1.0,1.0,6.215083265832245e-12,1.875577912444271e-11,1.8755779124090932e-11
516,"(1.0, 1.0, 6.0, 7.0, 8.0, 11.0, 13.0, 14.0)",53316900000.00002,1,-25.590872107324508,1.0,1.0,7.691755251203653e-12,1.875577912444271e-11,1.8755779124090932e-11
517,"(1.0, 1.0, 6.0, 7.0, 9.0, 9.0, 11.0, 13.0)",31990140000.00001,1,-26.69217346672133,1.0,1.0,2.557033120775125e-12,3.1259631874071185e-11,3.125963187309402e-11
518,"(1.0, 1.0, 6.0, 7.0, 9.0, 12.0, 13.0, 13.0)",20260422000.00001,1,-26.43470877116875,1.0,1.0,3.3078960232494784e-12,4.9357313485375545e-11,4.93573134829394e-11
519,"(1.0, 1.0, 6.0, 7.0, 11.0, 11.0, 11.0, 13.0)",10663380000.000006,1,-25.950624407272954,1.0,1.0,5.367684955883213e-12,9.377889562221354e-11,9.377889561341906e-11
520,"(1.0, 1.0, 6.0, 7.0, 11.0, 12.0, 14.0, 14.0)",20260422000.00001,1,-25.883248708692037,1.0,1.0,5.741798031789208e-12,4.9357313485375545e-11,4.93573134829394e-11
521,"(1.0, 1.0, 6.0, 7.0, 12.0, 13.0, 13.0, 14.0)",14026446000.000004,1,-25.96883283225642,1.0,1.0,5.270832310014307e-12,7.12938972566536e-11,7.129389725157078e-11
522,"(1.0, 1.0, 6.0, 8.0, 8.0, 11.0, 11.0, 13.0)",12262887000.0,1,-25.5648608137989,1.0,1.0,7.894452535644351e-12,8.154686575844661e-11,8.154686575179672e-11
523,"(1.0, 1.0, 6.0, 8.0, 9.0, 12.0, 13.0, 14.0)",33767370000.0,1,-26.223253302078746,1.0,1.0,4.0868226659242915e-12,2.9614388091225344e-11,2.961438809034833e-11
524,"(1.0, 1.0, 6.0, 11.0, 11.0, 12.0, 13.0, 13.0)",8441842500.0,1,-26.207472429491126,1.0,1.0,4.151827864030914e-12,1.1845755236490138e-10,1.184575523508692e-10
525,"(1.0, 1.0, 7.0, 7.0, 7.0, 7.0, 8.0, 8.0)",2147486250.0000005,1,-24.9197514593938,1.0,1.0,1.504836965167814e-11,4.656607230896122e-10,4.656607228727723e-10
526,"(1.0, 1.0, 7.0, 7.0, 7.0, 7.0, 8.0, 11.0)",4294972500.000001,1,-25.184402350154105,1.0,1.0,1.1549229973386278e-11,2.328303615448061e-10,2.3283036149059612e-10
527,"(1.0, 1.0, 7.0, 7.0, 7.0, 8.0, 8.0, 9.0)",7362810000.000004,1,-25.434064177164554,1.0,1.0,8.99759157515804e-12,1.3581771090113685e-10,1.3581771088269041e-10
528,"(1.0, 1.0, 7.0, 7.0, 7.0, 8.0, 8.0, 11.0)",7362810000.000004,3,-25.063289647440364,3.0,3.0,1.3036217800957216e-11,4.0745313270341056e-10,4.074531325373925e-10
529,"(1.0, 1.0, 7.0, 7.0, 7.0, 8.0, 9.0, 13.0)",12884917500.000008,1,-25.693956425112987,1.0,1.0,6.938354834128843e-12,7.761012051493535e-11,7.761012050891201e-11
530,"(1.0, 1.0, 7.0, 7.0, 7.0, 8.0, 11.0, 11.0)",7362810000.000004,1,-25.32794053820067,1.0,1.0,1.0004956075066682e-11,1.3581771090113685e-10,1.3581771088269041e-10
531,"(1.0, 1.0, 7.0, 7.0, 8.0, 8.0, 8.0, 11.0)",5839470000.000003,1,-24.94217694472662,1.0,1.0,1.471465846169885e-11,1.7124841809273779e-10,1.7124841806341178e-10
532,"(1.0, 1.0, 7.0, 7.0, 8.0, 8.0, 8.0, 14.0)",5331690000.000003,1,-24.84707553553848,1.0,1.0,1.618274547343627e-11,1.8755779124442708e-10,1.8755779120924916e-10
533,"(1.0, 1.0, 7.0, 7.0, 8.0, 8.0, 9.0, 13.0)",15995070000.000008,1,-25.57284372239924,1.0,1.0,7.831682718801037e-12,6.251926374814237e-11,6.251926374423371e-11
534,"(1.0, 1.0, 7.0, 7.0, 8.0, 8.0, 9.0, 14.0)",15995070000.000008,1,-25.48250095602298,1.0,1.0,8.572163574986878e-12,6.251926374814237e-11,6.251926374423371e-11
535,"(1.0, 1.0, 7.0, 7.0, 8.0, 11.0, 11.0, 12.0)",15995070000.000008,1,-25.58954720323072,1.0,1.0,7.701952843148337e-12,6.251926374814237e-11,6.251926374423371e-11
536,"(1.0, 1.0, 7.0, 7.0, 8.0, 11.0, 12.0, 14.0)",26658450000.00001,1,-25.49444579404258,1.0,1.0,8.470379576495343e-12,3.751155824888542e-11,3.75115582474783e-11
537,"(1.0, 1.0, 7.0, 8.0, 8.0, 8.0, 11.0, 13.0)",8175258000.0,1,-25.08095648996131,1.0,1.0,1.2807931480877627e-11,1.2232029863766992e-10,1.2232029862270767e-10
538,"(1.0, 1.0, 7.0, 8.0, 8.0, 9.0, 11.0, 14.0)",24525774000.0,1,-25.626039144069544,1.0,1.0,7.425960019296789e-12,4.0773432879223303e-11,4.077343287756083e-11
539,"(1.0, 1.0, 7.0, 8.0, 8.0, 9.0, 12.0, 14.0)",21326760000.0,1,-25.74410762105303,1.0,1.0,6.598969463028129e-12,4.6889447811106797e-11,4.6889447808908176e-11
540,"(1.0, 1.0, 7.0, 8.0, 9.0, 11.0, 11.0, 12.0)",24525774000.0,1,-26.10385992100148,1.0,1.0,4.605085309427358e-12,4.0773432879223303e-11,4.077343287756083e-11
541,"(1.0, 1.0, 7.0, 8.0, 9.0, 11.0, 14.0, 14.0)",21326760000.0,1,-25.79558862564172,1.0,1.0,6.2678443411237e-12,4.6889447811106797e-11,4.6889447808908176e-11
542,"(1.0, 1.0, 7.0, 8.0, 9.0, 12.0, 12.0, 14.0)",16883685000.0,1,-26.126826988796815,1.0,1.0,4.500525317259207e-12,5.922877618245069e-11,5.922877617894264e-11
543,"(1.0, 1.0, 7.0, 9.0, 9.0, 9.0, 11.0, 14.0)",8175258000.0,1,-26.896889985038545,1.0,1.0,2.0836707685944856e-12,1.2232029863766992e-10,1.2232029862270767e-10
544,"(1.0, 1.0, 7.0, 9.0, 9.0, 9.0, 13.0, 14.0)",7108920000.0,1,-26.89213134222667,1.0,1.0,2.09360984301671e-12,1.406683434333204e-10,1.4066834341353281e-10
545,"(1.0, 1.0, 8.0, 8.0, 8.0, 8.0, 14.0, 14.0)",659295000.0000001,1,-24.774399611683165,1.0,1.0,1.74026327847958e-11,1.5167717031071065e-09,1.51677170080651e-09
546,"(1.0, 1.0, 8.0, 8.0, 8.0, 9.0, 11.0, 14.0)",5801796000.000001,1,-25.504926441355803,2.0,4.0,8.38206810461229e-12,3.447208416152515e-10,6.894416831116705e-10
547,"(1.0, 1.0, 8.0, 8.0, 8.0, 11.0, 12.0, 13.0)",5274360000.000001,1,-25.34256315499136,1.0,1.0,9.859721876223898e-12,1.8959646288838832e-10,1.895964628524415e-10
548,"(1.0, 1.0, 8.0, 8.0, 8.0, 11.0, 12.0, 14.0)",5274360000.000001,1,-25.252220388615093,1.0,1.0,1.0791952606043206e-11,1.8959646288838832e-10,1.895964628524415e-10
549,"(1.0, 1.0, 8.0, 8.0, 9.0, 11.0, 11.0, 13.0)",8702694000.000002,1,-25.85992009849237,1.0,1.0,5.877320833044917e-12,1.1490694720508383e-10,1.1490694719188022e-10
550,"(1.0, 1.0, 8.0, 8.0, 11.0, 12.0, 12.0, 14.0)",6535620000.000001,1,-25.63493975635889,1.0,1.0,7.360157703150046e-12,1.5300767180466427e-10,1.530076717812529e-10
551,"(1.0, 1.0, 11.0, 11.0, 11.0, 12.0, 13.0, 13.0)",2178540000.0000005,1,-26.131757184460408,1.0,1.0,4.478391453828566e-12,4.5902301541399275e-10,4.590230152032906e-10
552,"(1.0, 2.0, 2.0, 2.0, 2.0, 3.0, 8.0, 14.0)",888844320.0000001,1,-25.69892864018737,1.0,1.0,6.9039414678603244e-12,1.1250564103284136e-09,1.1250564090626617e-09
553,"(1.0, 2.0, 2.0, 2.0, 3.0, 4.0, 6.0, 6.0)",5488125300.000001,1,-26.23184233169204,1.0,1.0,4.051871139737518e-12,1.8221158325229926e-10,1.822115832190982e-10
554,"(1.0, 2.0, 2.0, 2.0, 3.0, 4.0, 7.0, 8.0)",9840776400.000006,1,-25.67222276282373,1.0,1.0,7.090801304333826e-12,1.0161799835224378e-10,1.0161799834191756e-10
555,"(1.0, 2.0, 2.0, 2.0, 3.0, 6.0, 6.0, 7.0)",5488125300.000001,1,-25.99590866951269,1.0,1.0,5.130034818624371e-12,1.8221158325229926e-10,1.822115832190982e-10
556,"(1.0, 2.0, 2.0, 2.0, 3.0, 6.0, 6.0, 8.0)",4920388200.000003,1,-25.87479596679895,1.0,1.0,5.790537670146764e-12,2.0323599670448755e-10,2.0323599666318268e-10
557,"(1.0, 2.0, 2.0, 2.0, 3.0, 6.0, 6.0, 13.0)",3974159700.000001,1,-26.134688214747374,1.0,1.0,4.465284370852603e-12,2.516255197293656e-10,2.516255196660502e-10
558,"(1.0, 2.0, 2.0, 2.0, 4.0, 4.0, 8.0, 12.0)",6078126600.000004,1,-26.1724372416161,1.0,1.0,4.299866064021553e-12,1.6452437828458515e-10,1.6452437825751688e-10
559,"(1.0, 2.0, 2.0, 2.0, 4.0, 6.0, 6.0, 8.0)",8393603400.000004,1,-26.11340378056128,1.0,1.0,4.561344084043846e-12,1.1913834289573409e-10,1.1913834288154013e-10
560,"(1.0, 2.0, 2.0, 2.0, 4.0, 6.0, 8.0, 9.0)",14471730000.000006,1,-26.40846306525475,1.0,1.0,3.3958634231814975e-12,6.910023887952579e-11,6.910023887475094e-11
561,"(1.0, 2.0, 2.0, 2.0, 4.0, 6.0, 8.0, 14.0)",12156253200.000008,1,-25.94258712634242,1.0,1.0,5.411000383778053e-12,8.226218914229258e-11,8.22621891355255e-11
562,"(1.0, 2.0, 2.0, 2.0, 4.0, 7.0, 11.0, 14.0)",12156253200.000008,1,-25.987984584025448,1.0,1.0,5.170847139686106e-12,8.226218914229258e-11,8.22621891355255e-11
563,"(1.0, 2.0, 2.0, 2.0, 4.0, 8.0, 8.0, 14.0)",5065105500.0,1,-25.602220990551395,1.0,1.0,7.60495588858708e-12,1.974292539415023e-10,1.97429253902524e-10
564,"(1.0, 2.0, 2.0, 2.0, 4.0, 8.0, 9.0, 14.0)",10130211000.0,1,-26.237646411035897,1.0,1.0,4.0284218746774494e-12,9.871462697075115e-11,9.871462696100658e-11
565,"(1.0, 2.0, 2.0, 2.0, 6.0, 7.0, 7.0, 11.0)",8393603400.000004,1,-25.92286757606496,2.0,4.0,5.518761890123568e-12,2.3827668579146817e-10,4.765533715261605e-10
566,"(1.0, 2.0, 2.0, 2.0, 6.0, 9.0, 13.0, 14.0)",8104168800.0,1,-26.480858429882264,1.0,1.0,3.1587067454034633e-12,1.2339328371343895e-10,1.2339328369821304e-10
567,"(1.0, 2.0, 2.0, 2.0, 7.0, 8.0, 8.0, 8.0)",1929564000.0,1,-25.19673784679988,1.0,1.0,1.1407639575144107e-11,5.182517915964435e-10,5.182517913278586e-10
568,"(1.0, 2.0, 2.0, 2.0, 7.0, 8.0, 11.0, 12.0)",10130211000.0,1,-25.84410810530398,1.0,1.0,5.970991599165449e-12,9.871462697075115e-11,9.871462696100658e-11
569,"(1.0, 2.0, 2.0, 2.0, 7.0, 9.0, 12.0, 13.0)",8104168800.0,1,-26.474774882976604,1.0,1.0,3.177981455907425e-12,1.2339328371343895e-10,1.2339328369821304e-10
570,"(1.0, 2.0, 2.0, 2.0, 8.0, 11.0, 11.0, 13.0)",3921372000.000001,1,-25.864819173555187,1.0,1.0,5.848597812680232e-12,2.550127863411071e-10,2.5501278627607554e-10
571,"(1.0, 2.0, 2.0, 3.0, 3.0, 4.0, 6.0, 7.0)",16464375900.000004,2,-25.79571198634721,2.0,2.0,6.267071183113513e-12,1.2147438883486618e-10,1.2147438882011015e-10
572,"(1.0, 2.0, 2.0, 3.0, 3.0, 4.0, 6.0, 12.0)",11922479100.000002,1,-26.05731865137726,1.0,1.0,4.824477624373021e-12,8.387517324312189e-11,8.387517323608684e-11
573,"(1.0, 2.0, 2.0, 3.0, 3.0, 4.0, 7.0, 8.0)",14761164600.000008,1,-25.455345850556185,1.0,1.0,8.808130940278353e-12,6.774533223482919e-11,6.774533223023976e-11
574,"(1.0, 2.0, 2.0, 3.0, 3.0, 4.0, 11.0, 14.0)",10332815220.000002,1,-25.768433520174924,1.0,1.0,6.440380329534805e-12,9.677904604975602e-11,9.677904604038984e-11
575,"(1.0, 2.0, 2.0, 3.0, 3.0, 6.0, 6.0, 13.0)",5961239550.000001,1,-25.91781130247984,2.0,4.0,5.546736925206065e-12,3.3550069297248754e-10,6.710013858324144e-10
576,"(1.0, 2.0, 2.0, 3.0, 3.0, 7.0, 7.0, 14.0)",5961239550.000001,1,-25.38896166994901,1.0,1.0,9.412696279530318e-12,1.6775034648624377e-10,1.677503464581036e-10
577,"(1.0, 2.0, 2.0, 3.0, 3.0, 7.0, 8.0, 9.0)",12300970500.0,1,-25.7337249061476,1.0,1.0,6.667841602823905e-12,8.129439868179507e-11,8.129439867518628e-11
578,"(1.0, 2.0, 2.0, 3.0, 3.0, 7.0, 8.0, 12.0)",10332815220.000002,1,-25.481018853406887,1.0,1.0,8.584877820627947e-12,9.677904604975602e-11,9.677904604038984e-11
579,"(1.0, 2.0, 2.0, 3.0, 4.0, 4.0, 4.0, 7.0)",9039265200.000002,1,-26.051000029211604,1.0,1.0,4.8550581873957864e-12,1.1062846126032454e-10,1.1062846124808588e-10
580,"(1.0, 2.0, 2.0, 3.0, 4.0, 4.0, 6.0, 6.0)",13558897800.000002,1,-26.253573233186824,1.0,1.0,3.964770146314373e-12,7.375230750688303e-11,7.375230750144363e-11
581,"(1.0, 2.0, 2.0, 3.0, 4.0, 4.0, 7.0, 8.0)",25180810200.00001,1,-25.693953664318517,1.0,1.0,6.9383739895269386e-12,3.9712780965244695e-11,3.971278096366759e-11
582,"(1.0, 2.0, 2.0, 3.0, 4.0, 4.0, 7.0, 9.0)",25180810200.00001,1,-26.329379084803016,1.0,1.0,3.675326716365268e-12,3.9712780965244695e-11,3.971278096366759e-11
583,"(1.0, 2.0, 2.0, 3.0, 4.0, 4.0, 8.0, 11.0)",21707595000.000008,1,-25.83749185236508,1.0,1.0,6.010628168074203e-12,4.606682591968386e-11,4.6066825917561706e-11
584,"(1.0, 2.0, 2.0, 3.0, 4.0, 4.0, 8.0, 14.0)",18234379800.00001,1,-25.742390443176944,1.0,1.0,6.6103108021564675e-12,5.484145942819505e-11,5.4841459425187466e-11
585,"(1.0, 2.0, 2.0, 3.0, 4.0, 6.0, 6.0, 8.0)",25180810200.00001,1,-25.896526868293734,1.0,1.0,5.666061455052569e-12,3.9712780965244695e-11,3.971278096366759e-11
586,"(1.0, 2.0, 2.0, 3.0, 4.0, 6.0, 7.0, 8.0)",50361620400.00002,1,-25.677273435216453,1.0,1.0,7.055078278532896e-12,1.9856390482622348e-11,1.985639048222807e-11
587,"(1.0, 2.0, 2.0, 3.0, 4.0, 6.0, 7.0, 9.0)",50361620400.00002,1,-26.31269885570095,2.0,4.0,3.737146155897563e-12,3.9712780965244695e-11,7.942556192891228e-11
588,"(1.0, 2.0, 2.0, 3.0, 4.0, 6.0, 7.0, 12.0)",40676693400.00001,2,-26.05999280296024,2.0,2.0,4.811593474659384e-12,4.916820500458869e-11,4.9168205002171176e-11
589,"(1.0, 2.0, 2.0, 3.0, 4.0, 6.0, 7.0, 13.0)",40676693400.00001,1,-25.937165683164885,1.0,1.0,5.440415478978474e-12,2.4584102502294344e-11,2.4584102501689966e-11
590,"(1.0, 2.0, 2.0, 3.0, 4.0, 6.0, 8.0, 9.0)",43415190000.000015,1,-26.19158615298721,1.0,1.0,4.218311641083917e-12,2.303341295984193e-11,2.303341295931139e-11
591,"(1.0, 2.0, 2.0, 3.0, 4.0, 6.0, 8.0, 14.0)",36468759600.00002,1,-25.72571021407488,1.0,1.0,6.721497028704435e-12,2.7420729714097525e-11,2.7420729713345627e-11
592,"(1.0, 2.0, 2.0, 3.0, 4.0, 6.0, 11.0, 11.0)",21707595000.000008,1,-26.085462514023327,1.0,1.0,4.690591068448864e-12,4.606682591968386e-11,4.6066825917561706e-11
593,"(1.0, 2.0, 2.0, 3.0, 4.0, 6.0, 14.0, 14.0)",14026446000.000004,1,-25.89525969564705,1.0,1.0,5.6732458841375035e-12,7.12938972566536e-11,7.129389725157078e-11
594,"(1.0, 2.0, 2.0, 3.0, 4.0, 7.0, 7.0, 9.0)",25180810200.00001,1,-26.09344542262367,1.0,1.0,4.6532955700056004e-12,3.9712780965244695e-11,3.971278096366759e-11
595,"(1.0, 2.0, 2.0, 3.0, 4.0, 7.0, 8.0, 11.0)",43415190000.000015,1,-25.60155819018573,1.0,1.0,7.609998126945015e-12,2.303341295984193e-11,2.303341295931139e-11
596,"(1.0, 2.0, 2.0, 3.0, 4.0, 7.0, 9.0, 13.0)",36468759600.00002,1,-26.23222496785836,1.0,1.0,4.0503210438784614e-12,2.7420729714097525e-11,2.7420729713345627e-11
597,"(1.0, 2.0, 2.0, 3.0, 4.0, 7.0, 11.0, 12.0)",36468759600.00002,1,-25.984277557929527,1.0,1.0,5.1900511779144796e-12,2.7420729714097525e-11,2.7420729713345627e-11
598,"(1.0, 2.0, 2.0, 3.0, 4.0, 7.0, 11.0, 14.0)",36468759600.00002,1,-25.771107671757907,1.0,1.0,6.423180783627641e-12,2.7420729714097525e-11,2.7420729713345627e-11
599,"(1.0, 2.0, 2.0, 3.0, 4.0, 8.0, 11.0, 11.0)",17366076000.0,1,-25.7450963782323,1.0,1.0,6.5924479092436386e-12,5.758353239960484e-11,5.758353239628898e-11
600,"(1.0, 2.0, 2.0, 3.0, 4.0, 8.0, 14.0, 14.0)",12156253200.0,1,-25.554893559856023,1.0,1.0,7.973531996656319e-12,8.226218914229263e-11,8.226218913552556e-11
601,"(1.0, 2.0, 2.0, 3.0, 4.0, 9.0, 12.0, 14.0)",24312506400.0,1,-26.403488866512145,1.0,1.0,3.412797203830812e-12,4.1131094571146315e-11,4.113109456945455e-11
602,"(1.0, 2.0, 2.0, 3.0, 4.0, 11.0, 14.0, 14.0)",12156253200.0,1,-25.81954445061633,1.0,1.0,6.119477183315205e-12,8.226218914229263e-11,8.226218913552556e-11
603,"(1.0, 2.0, 2.0, 3.0, 6.0, 7.0, 7.0, 8.0)",25180810200.00001,1,-25.441339773037107,1.0,1.0,8.932366299126358e-12,3.9712780965244695e-11,3.971278096366759e-11
604,"(1.0, 2.0, 2.0, 3.0, 6.0, 7.0, 7.0, 12.0)",20338346700.000004,1,-25.824059140780896,1.0,1.0,6.0919119110158545e-12,4.916820500458869e-11,4.9168205002171176e-11
605,"(1.0, 2.0, 2.0, 3.0, 6.0, 7.0, 8.0, 11.0)",43415190000.000015,1,-25.584877961083677,1.0,1.0,7.737999215108002e-12,2.303341295984193e-11,2.303341295931139e-11
606,"(1.0, 2.0, 2.0, 3.0, 6.0, 7.0, 11.0, 11.0)",21707595000.000008,1,-25.84952885184398,1.0,1.0,5.938711936093279e-12,4.606682591968386e-11,4.6066825917561706e-11
607,"(1.0, 2.0, 2.0, 3.0, 6.0, 7.0, 11.0, 12.0)",36468759600.00002,1,-25.967597328827463,1.0,1.0,5.2773484659444e-12,2.7420729714097525e-11,2.7420729713345627e-11
608,"(1.0, 2.0, 2.0, 3.0, 6.0, 8.0, 8.0, 14.0)",15195316500.0,1,-25.368663849181797,1.0,1.0,9.605705710328591e-12,6.58097513138341e-11,6.580975130950318e-11
609,"(1.0, 2.0, 2.0, 3.0, 6.0, 8.0, 11.0, 11.0)",17366076000.0,1,-25.72841614913024,1.0,1.0,6.7033336797740596e-12,5.758353239960484e-11,5.758353239628898e-11
610,"(1.0, 2.0, 2.0, 3.0, 7.0, 7.0, 9.0, 13.0)",18234379800.00001,1,-25.996291305679016,1.0,1.0,5.128072257265681e-12,5.484145942819505e-11,5.4841459425187466e-11
611,"(1.0, 2.0, 2.0, 3.0, 7.0, 7.0, 11.0, 12.0)",18234379800.00001,1,-25.748343895750185,1.0,1.0,6.571073544769321e-12,5.484145942819505e-11,5.4841459425187466e-11
612,"(1.0, 2.0, 2.0, 3.0, 7.0, 8.0, 8.0, 11.0)",17366076000.0,1,-25.244511825292648,1.0,1.0,1.0875464520985662e-11,5.758353239960484e-11,5.758353239628898e-11
613,"(1.0, 2.0, 2.0, 3.0, 7.0, 8.0, 9.0, 11.0)",34732152000.0,1,-25.879937245777143,1.0,1.0,5.7608432994812635e-12,2.879176619980242e-11,2.8791766198973456e-11
614,"(1.0, 2.0, 2.0, 3.0, 7.0, 8.0, 9.0, 12.0)",30390633000.0,1,-25.998005722760627,1.0,1.0,5.1192881345686284e-12,3.290487565691705e-11,3.2904875655834324e-11
615,"(1.0, 2.0, 2.0, 3.0, 7.0, 8.0, 9.0, 14.0)",30390633000.0,2,-25.784835836589007,2.0,2.0,6.335604803231871e-12,6.58097513138341e-11,6.580975130950318e-11
616,"(1.0, 2.0, 2.0, 3.0, 7.0, 8.0, 11.0, 12.0)",30390633000.0,1,-25.62723119303644,1.0,1.0,7.417113185304834e-12,3.290487565691705e-11,3.2904875655834324e-11
617,"(1.0, 2.0, 2.0, 3.0, 7.0, 8.0, 11.0, 13.0)",30390633000.0,1,-25.50440407324108,1.0,1.0,8.386447773525683e-12,3.290487565691705e-11,3.2904875655834324e-11
618,"(1.0, 2.0, 2.0, 3.0, 7.0, 9.0, 9.0, 9.0)",5788692000.0,1,-26.886137195985835,1.0,1.0,2.10619693332944e-12,1.7275059719881451e-10,1.7275059716897175e-10
619,"(1.0, 2.0, 2.0, 3.0, 8.0, 12.0, 14.0, 14.0)",7450606800.000002,1,-25.58056656270673,1.0,1.0,7.771432833399575e-12,1.3421725596900373e-10,1.3421725595098947e-10
620,"(1.0, 2.0, 2.0, 4.0, 4.0, 4.0, 7.0, 11.0)",13056716400.000006,1,-26.197212368841157,1.0,1.0,4.194645148079865e-12,7.65889347186862e-11,7.658893471282034e-11
621,"(1.0, 2.0, 2.0, 4.0, 4.0, 4.0, 8.0, 14.0)",9792537300.000006,1,-25.980998256939277,1.0,1.0,5.207098854836277e-12,1.0211857962491493e-10,1.0211857961448672e-10
622,"(1.0, 2.0, 2.0, 4.0, 4.0, 4.0, 11.0, 12.0)",9792537300.000006,1,-26.4588190338712,1.0,1.0,3.2290955484316695e-12,1.0211857962491493e-10,1.0211857961448672e-10
623,"(1.0, 2.0, 2.0, 4.0, 4.0, 6.0, 7.0, 7.0)",20338346700.0,1,-26.036993951692523,1.0,1.0,4.923536948693601e-12,4.9168205004588695e-11,4.916820500217118e-11
624,"(1.0, 2.0, 2.0, 4.0, 4.0, 6.0, 7.0, 8.0)",39170149200.000015,1,-25.91588124897878,1.0,1.0,5.557452761970677e-12,2.5529644906228738e-11,2.5529644905576974e-11
625,"(1.0, 2.0, 2.0, 4.0, 4.0, 6.0, 8.0, 14.0)",29377611900.00001,1,-25.96431802783721,1.0,1.0,5.294682886852252e-12,3.4039526541638315e-11,3.403952654047963e-11
626,"(1.0, 2.0, 2.0, 4.0, 4.0, 7.0, 7.0, 8.0)",19585074600.000008,1,-25.6966278159015,1.0,1.0,6.919844512097371e-12,5.1059289812457475e-11,5.105928980985042e-11
627,"(1.0, 2.0, 2.0, 4.0, 4.0, 7.0, 8.0, 11.0)",34973347500.000015,1,-25.840166003948063,1.0,1.0,5.994576309361202e-12,2.8593202294976182e-11,2.859320229415861e-11
628,"(1.0, 2.0, 2.0, 4.0, 4.0, 7.0, 8.0, 13.0)",29377611900.00001,1,-25.835407361136188,1.0,1.0,6.023170337250087e-12,3.4039526541638315e-11,3.403952654047963e-11
629,"(1.0, 2.0, 2.0, 4.0, 4.0, 7.0, 8.0, 14.0)",29377611900.00001,1,-25.745064594759924,1.0,1.0,6.5926574434595015e-12,3.4039526541638315e-11,3.403952654047963e-11
630,"(1.0, 2.0, 2.0, 4.0, 4.0, 8.0, 9.0, 14.0)",25325527500.00001,1,-26.25937731253068,1.0,1.0,3.9418249580650755e-12,3.948585078830044e-11,3.948585078674131e-11
631,"(1.0, 2.0, 2.0, 4.0, 4.0, 8.0, 11.0, 13.0)",25325527500.00001,1,-25.978945549182757,1.0,1.0,5.217798484894363e-12,3.948585078830044e-11,3.948585078674131e-11
632,"(1.0, 2.0, 2.0, 4.0, 4.0, 8.0, 11.0, 14.0)",25325527500.00001,1,-25.88860278280649,1.0,1.0,5.711138170403426e-12,3.948585078830044e-11,3.948585078674131e-11
633,"(1.0, 2.0, 2.0, 4.0, 4.0, 8.0, 12.0, 14.0)",20260422000.000008,1,-26.00667125978997,1.0,1.0,5.075118407275719e-12,4.935731348537556e-11,4.9357313482939414e-11
634,"(1.0, 2.0, 2.0, 4.0, 4.0, 11.0, 11.0, 11.0)",4823910000.000002,1,-26.24835508275494,1.0,1.0,3.9855129859270496e-12,2.0730071663857733e-10,2.0730071659560375e-10
635,"(1.0, 2.0, 2.0, 4.0, 6.0, 6.0, 6.0, 14.0)",10545809400.000002,1,-26.28800393452617,1.0,1.0,3.830583653010495e-12,9.482439536599247e-11,9.482439535700081e-11
636,"(1.0, 2.0, 2.0, 4.0, 6.0, 6.0, 7.0, 8.0)",39170149200.000015,1,-25.89920101987672,1.0,1.0,5.650929789044863e-12,2.5529644906228738e-11,2.5529644905576974e-11
637,"(1.0, 2.0, 2.0, 4.0, 6.0, 6.0, 8.0, 9.0)",34973347500.000015,1,-26.413513737647477,1.0,1.0,3.3787552697477397e-12,2.8593202294976182e-11,2.859320229415861e-11
638,"(1.0, 2.0, 2.0, 4.0, 6.0, 6.0, 9.0, 11.0)",34973347500.000015,1,-26.67816462840778,1.0,1.0,2.5931062658176957e-12,2.8593202294976182e-11,2.859320229415861e-11
639,"(1.0, 2.0, 2.0, 4.0, 6.0, 7.0, 7.0, 8.0)",39170149200.000015,2,-25.67994758679944,2.0,2.0,7.0362371330536525e-12,5.1059289812457475e-11,5.105928980985042e-11
640,"(1.0, 2.0, 2.0, 4.0, 6.0, 7.0, 7.0, 9.0)",39170149200.000015,1,-26.31537300728393,1.0,1.0,3.727165811014002e-12,2.5529644906228738e-11,2.5529644905576974e-11
641,"(1.0, 2.0, 2.0, 4.0, 6.0, 7.0, 7.0, 11.0)",39170149200.000015,2,-25.944598477559744,2.0,2.0,5.400127899426939e-12,5.1059289812457475e-11,5.105928980985042e-11
642,"(1.0, 2.0, 2.0, 4.0, 6.0, 7.0, 8.0, 12.0)",58755223800.00003,1,-25.941554251829483,2.0,4.0,5.416592155466058e-12,3.403952654163831e-11,6.807905308211793e-11
643,"(1.0, 2.0, 2.0, 4.0, 6.0, 7.0, 8.0, 13.0)",58755223800.00003,1,-25.818727132034127,1.0,1.0,6.124480790222414e-12,1.7019763270819154e-11,1.7019763270529483e-11
644,"(1.0, 2.0, 2.0, 4.0, 6.0, 7.0, 9.0, 11.0)",69946695000.00003,1,-26.4589111953305,1.0,1.0,3.2287979639868266e-12,1.4296601147488091e-11,1.4296601147283698e-11
645,"(1.0, 2.0, 2.0, 4.0, 6.0, 7.0, 9.0, 13.0)",58755223800.00003,1,-26.454152552518625,1.0,1.0,3.2441992758169287e-12,1.7019763270819154e-11,1.7019763270529483e-11
646,"(1.0, 2.0, 2.0, 4.0, 6.0, 7.0, 11.0, 14.0)",58755223800.00003,1,-25.99303525641817,1.0,1.0,5.144796726220031e-12,1.7019763270819154e-11,1.7019763270529483e-11
647,"(1.0, 2.0, 2.0, 4.0, 6.0, 8.0, 8.0, 9.0)",28943460000.00001,1,-26.073147601856448,1.0,1.0,4.748712430661834e-12,3.455011943976289e-11,3.455011943856918e-11
648,"(1.0, 2.0, 2.0, 4.0, 6.0, 8.0, 9.0, 9.0)",28943460000.00001,1,-26.708573022340943,1.0,1.0,2.5154408930812487e-12,3.455011943976289e-11,3.455011943856918e-11
649,"(1.0, 2.0, 2.0, 4.0, 6.0, 8.0, 9.0, 12.0)",50651055000.00002,1,-26.45586696960024,1.0,1.0,3.23864213015617e-12,1.974292539415022e-11,1.9742925393760438e-11
650,"(1.0, 2.0, 2.0, 4.0, 6.0, 8.0, 9.0, 13.0)",50651055000.00002,1,-26.33303984980488,1.0,1.0,3.6618968058229e-12,1.974292539415022e-11,1.9742925393760438e-11
651,"(1.0, 2.0, 2.0, 4.0, 6.0, 8.0, 11.0, 11.0)",28943460000.00001,1,-25.96702396289257,1.0,1.0,5.280375185407336e-12,3.455011943976289e-11,3.455011943856918e-11
652,"(1.0, 2.0, 2.0, 4.0, 6.0, 8.0, 11.0, 14.0)",50651055000.00002,1,-25.87192255370443,1.0,1.0,5.807200204620324e-12,1.974292539415022e-11,1.9742925393760438e-11
653,"(1.0, 2.0, 2.0, 4.0, 6.0, 8.0, 12.0, 12.0)",20260422000.000008,1,-26.20316091685953,1.0,1.0,4.169767167287511e-12,4.935731348537556e-11,4.9357313482939414e-11
654,"(1.0, 2.0, 2.0, 4.0, 6.0, 8.0, 12.0, 14.0)",40520844000.000015,1,-25.98999103068791,1.0,1.0,5.1604825122138586e-12,2.467865674268778e-11,2.467865674207874e-11
655,"(1.0, 2.0, 2.0, 4.0, 6.0, 9.0, 12.0, 14.0)",40520844000.000015,1,-26.62541645117241,1.0,1.0,2.7335596603907615e-12,2.467865674268778e-11,2.467865674207874e-11
656,"(1.0, 2.0, 2.0, 4.0, 6.0, 11.0, 12.0, 14.0)",40520844000.000015,1,-26.25464192144822,1.0,1.0,3.9605353062648524e-12,2.467865674268778e-11,2.467865674207874e-11
657,"(1.0, 2.0, 2.0, 4.0, 7.0, 7.0, 7.0, 14.0)",10545809400.000002,1,-25.630243635294324,1.0,1.0,7.39480318078569e-12,9.482439536599247e-11,9.482439535700081e-11
658,"(1.0, 2.0, 2.0, 4.0, 7.0, 7.0, 11.0, 11.0)",17486673750.000008,1,-25.86888323252903,1.0,1.0,5.82487700029431e-12,5.7186404589952364e-11,5.718640458668208e-11
659,"(1.0, 2.0, 2.0, 4.0, 7.0, 7.0, 12.0, 14.0)",22598163000.000008,1,-25.89185030032437,1.0,1.0,5.6926212324620435e-12,4.425138450412981e-11,4.425138450217163e-11
660,"(1.0, 2.0, 2.0, 4.0, 7.0, 8.0, 8.0, 11.0)",28943460000.00001,1,-25.483119639054976,2.0,4.0,8.566861763075199e-12,6.910023887952579e-11,1.3820047775427672e-10
661,"(1.0, 2.0, 2.0, 4.0, 7.0, 8.0, 11.0, 11.0)",28943460000.00001,1,-25.747770529815284,2.0,4.0,6.574842254817355e-12,6.910023887952579e-11,1.3820047775427672e-10
662,"(1.0, 2.0, 2.0, 4.0, 7.0, 8.0, 11.0, 13.0)",50651055000.00002,2,-25.74301188700341,2.0,2.0,6.606204141479084e-12,3.948585078830044e-11,3.948585078674131e-11
663,"(1.0, 2.0, 2.0, 4.0, 7.0, 8.0, 11.0, 14.0)",50651055000.00002,1,-25.652669120627145,1.0,1.0,7.230816740643465e-12,1.974292539415022e-11,1.9742925393760438e-11
664,"(1.0, 2.0, 2.0, 4.0, 7.0, 9.0, 9.0, 11.0)",28943460000.00001,1,-26.753970480023973,1.0,1.0,2.4037995609892952e-12,3.455011943976289e-11,3.455011943856918e-11
665,"(1.0, 2.0, 2.0, 4.0, 7.0, 9.0, 11.0, 12.0)",50651055000.00002,1,-26.501264427283264,1.0,1.0,3.094903383372576e-12,1.974292539415022e-11,1.9742925393760438e-11
666,"(1.0, 2.0, 2.0, 4.0, 7.0, 11.0, 11.0, 13.0)",25325527500.00001,1,-26.00766277776372,2.0,4.0,5.0700888300261776e-12,7.897170157660088e-11,1.5794340314696524e-10
667,"(1.0, 2.0, 2.0, 4.0, 7.0, 12.0, 12.0, 14.0)",14805693000.000004,1,-26.15345696535442,1.0,1.0,4.382258148598159e-12,6.754158687472445e-11,6.754158687016259e-11
668,"(1.0, 2.0, 2.0, 4.0, 8.0, 8.0, 9.0, 9.0)",11094993000.0,1,-26.36820688654992,1.0,1.0,3.535356805662275e-12,9.013074636459887e-11,9.013074635647533e-11
669,"(1.0, 2.0, 2.0, 6.0, 6.0, 6.0, 8.0, 11.0)",11657782500.000006,1,-26.02605897882122,1.0,1.0,4.977671130143899e-12,8.577960688492854e-11,8.577960687757039e-11
670,"(1.0, 2.0, 2.0, 6.0, 6.0, 7.0, 8.0, 8.0)",17486673750.000008,1,-25.542154654983623,1.0,1.0,8.075755789444665e-12,5.7186404589952364e-11,5.718640458668208e-11
671,"(1.0, 2.0, 2.0, 6.0, 6.0, 7.0, 9.0, 11.0)",34973347500.000015,1,-26.44223096622844,1.0,1.0,3.2831067359411295e-12,2.8593202294976182e-11,2.859320229415861e-11
672,"(1.0, 2.0, 2.0, 6.0, 6.0, 7.0, 9.0, 12.0)",29377611900.00001,1,-26.56029944321192,1.0,1.0,2.9174842091850036e-12,3.4039526541638315e-11,3.403952654047963e-11
673,"(1.0, 2.0, 2.0, 6.0, 6.0, 7.0, 9.0, 14.0)",29377611900.00001,1,-26.347129557040297,1.0,1.0,3.610663530394007e-12,3.4039526541638315e-11,3.403952654047963e-11
674,"(1.0, 2.0, 2.0, 6.0, 6.0, 7.0, 12.0, 12.0)",11299081500.000004,1,-26.30759339047121,1.0,1.0,3.756274814455274e-12,8.850276900825962e-11,8.850276900042688e-11
675,"(1.0, 2.0, 2.0, 6.0, 6.0, 8.0, 8.0, 11.0)",14471730000.000006,1,-25.6856928430302,1.0,1.0,6.995928051700949e-12,6.910023887952579e-11,6.910023887475094e-11
676,"(1.0, 2.0, 2.0, 6.0, 6.0, 8.0, 8.0, 12.0)",12662763750.000006,1,-25.80376132001368,1.0,1.0,6.216827919723752e-12,7.897170157660088e-11,7.897170157036435e-11
677,"(1.0, 2.0, 2.0, 6.0, 6.0, 8.0, 11.0, 12.0)",25325527500.00001,1,-26.068412210773985,1.0,1.0,4.7712527676944316e-12,3.948585078830044e-11,3.948585078674131e-11
678,"(1.0, 2.0, 2.0, 6.0, 6.0, 11.0, 12.0, 12.0)",10130211000.000004,1,-26.45113157851777,1.0,1.0,3.2540147361431e-12,9.871462697075112e-11,9.871462696100654e-11
679,"(1.0, 2.0, 2.0, 6.0, 7.0, 7.0, 8.0, 8.0)",17486673750.000008,1,-25.322901221906346,1.0,1.0,1.0055501463373824e-11,5.7186404589952364e-11,5.718640458668208e-11
680,"(1.0, 2.0, 2.0, 6.0, 7.0, 7.0, 8.0, 9.0)",34973347500.000015,1,-25.958326642390844,1.0,1.0,5.3265005937374724e-12,2.8593202294976182e-11,2.859320229415861e-11
681,"(1.0, 2.0, 2.0, 6.0, 7.0, 7.0, 8.0, 13.0)",29377611900.00001,1,-25.582793469854774,1.0,1.0,7.754145829492624e-12,3.4039526541638315e-11,3.403952654047963e-11
682,"(1.0, 2.0, 2.0, 6.0, 7.0, 7.0, 9.0, 14.0)",29377611900.00001,1,-26.127876123963016,2.0,4.0,4.495806133845987e-12,6.807905308327663e-11,1.3615810616191851e-10
683,"(1.0, 2.0, 2.0, 6.0, 7.0, 7.0, 11.0, 13.0)",29377611900.00001,1,-25.84744436061509,1.0,1.0,5.951104040164024e-12,3.4039526541638315e-11,3.403952654047963e-11
684,"(1.0, 2.0, 2.0, 6.0, 7.0, 7.0, 11.0, 14.0)",29377611900.00001,1,-25.757101594238826,1.0,1.0,6.513777321645794e-12,3.4039526541638315e-11,3.403952654047963e-11
685,"(1.0, 2.0, 2.0, 6.0, 7.0, 8.0, 8.0, 8.0)",9647820000.000004,1,-25.201788519192604,1.0,1.0,1.1350168580628787e-11,1.0365035831928866e-10,1.0365035830854527e-10
686,"(1.0, 2.0, 2.0, 6.0, 7.0, 8.0, 8.0, 14.0)",25325527500.00001,1,-25.371338000764773,1.0,1.0,9.580052912220161e-12,3.948585078830044e-11,3.948585078674131e-11
687,"(1.0, 2.0, 2.0, 6.0, 7.0, 8.0, 9.0, 13.0)",50651055000.00002,1,-26.09710618762553,1.0,1.0,4.636292090300233e-12,1.974292539415022e-11,1.9742925393760438e-11
688,"(1.0, 2.0, 2.0, 6.0, 7.0, 8.0, 11.0, 13.0)",50651055000.00002,1,-25.726331657901348,1.0,1.0,6.717321293498144e-12,1.974292539415022e-11,1.9742925393760438e-11
689,"(1.0, 2.0, 2.0, 6.0, 7.0, 8.0, 11.0, 14.0)",50651055000.00002,1,-25.63598889152508,1.0,1.0,7.352439952064892e-12,1.974292539415022e-11,1.9742925393760438e-11
690,"(1.0, 2.0, 2.0, 6.0, 7.0, 9.0, 12.0, 14.0)",40520844000.000015,1,-26.389482788993064,1.0,1.0,3.4609334188993974e-12,2.467865674268778e-11,2.467865674207874e-11
691,"(1.0, 2.0, 2.0, 6.0, 7.0, 11.0, 11.0, 14.0)",25325527500.00001,1,-25.900639782285392,1.0,1.0,5.642805289703964e-12,3.948585078830044e-11,3.948585078674131e-11
692,"(1.0, 2.0, 2.0, 6.0, 7.0, 11.0, 13.0, 13.0)",20260422000.000008,3,-25.98622390584978,3.0,3.0,5.179959356881658e-12,1.4807194045612667e-10,1.4807194043420137e-10
693,"(1.0, 2.0, 2.0, 6.0, 7.0, 11.0, 13.0, 14.0)",40520844000.000015,1,-25.89588113947352,1.0,1.0,5.669721375762166e-12,2.467865674268778e-11,2.467865674207874e-11
694,"(1.0, 2.0, 2.0, 6.0, 7.0, 13.0, 13.0, 14.0)",14805693000.000004,1,-25.89112249666164,1.0,1.0,5.696765851096929e-12,6.754158687472445e-11,6.754158687016259e-11
695,"(1.0, 2.0, 2.0, 6.0, 7.0, 13.0, 14.0, 14.0)",14805693000.000004,1,-25.800779730285377,1.0,1.0,6.23539161089488e-12,6.754158687472445e-11,6.754158687016259e-11
696,"(1.0, 2.0, 2.0, 6.0, 8.0, 8.0, 11.0, 12.0)",20260422000.0,1,-25.72804607498296,1.0,1.0,6.7058148693532795e-12,4.935731348537558e-11,4.9357313482939434e-11
697,"(1.0, 2.0, 2.0, 6.0, 8.0, 9.0, 9.0, 11.0)",22189986000.0,1,-26.616177548208167,1.0,1.0,2.7589317776302434e-12,4.506537318229944e-11,4.506537318026855e-11
698,"(1.0, 2.0, 2.0, 6.0, 8.0, 11.0, 11.0, 13.0)",20260422000.0,1,-25.86986984594791,1.0,1.0,5.8191329325355945e-12,4.935731348537558e-11,4.9357313482939434e-11
699,"(1.0, 2.0, 2.0, 6.0, 8.0, 12.0, 13.0, 13.0)",12831600600.000002,1,-25.98317968011952,1.0,1.0,5.195752348957453e-12,7.793260024006668e-11,7.793260023399319e-11
700,"(1.0, 2.0, 2.0, 6.0, 9.0, 11.0, 13.0, 14.0)",33767370000.0,1,-26.410193857244277,1.0,1.0,3.3899909734316005e-12,2.9614388091225344e-11,2.961438809034833e-11
701,"(1.0, 2.0, 2.0, 7.0, 7.0, 7.0, 9.0, 9.0)",5828891250.000003,1,-26.37449862979806,1.0,1.0,3.513183077201092e-12,1.7155921376985708e-10,1.7155921374042452e-10
702,"(1.0, 2.0, 2.0, 7.0, 7.0, 8.0, 8.0, 11.0)",14471730000.000006,1,-25.24718597687563,1.0,1.0,1.0846420731377053e-11,6.910023887952579e-11,6.910023887475094e-11
703,"(1.0, 2.0, 2.0, 7.0, 7.0, 8.0, 8.0, 12.0)",12662763750.000006,1,-25.365254453859112,1.0,1.0,9.638511250198e-12,7.897170157660088e-11,7.897170157036435e-11
704,"(1.0, 2.0, 2.0, 7.0, 7.0, 8.0, 9.0, 12.0)",25325527500.00001,1,-26.00067987434361,1.0,1.0,5.105616670031242e-12,3.948585078830044e-11,3.948585078674131e-11
705,"(1.0, 2.0, 2.0, 7.0, 7.0, 8.0, 11.0, 11.0)",14471730000.000006,1,-25.51183686763594,1.0,1.0,8.324344119285262e-12,6.910023887952579e-11,6.910023887475094e-11
706,"(1.0, 2.0, 2.0, 7.0, 7.0, 8.0, 12.0, 14.0)",20260422000.000008,1,-25.534803935431285,1.0,1.0,8.135337119971695e-12,4.935731348537556e-11,4.9357313482939414e-11
707,"(1.0, 2.0, 2.0, 7.0, 7.0, 9.0, 9.0, 9.0)",4823910000.000002,1,-26.88881134756882,1.0,1.0,2.1005721675561825e-12,2.0730071663857733e-10,2.0730071659560375e-10
708,"(1.0, 2.0, 2.0, 7.0, 7.0, 9.0, 11.0, 12.0)",25325527500.00001,1,-26.26533076510392,1.0,1.0,3.9184272079314305e-12,3.948585078830044e-11,3.948585078674131e-11
709,"(1.0, 2.0, 2.0, 7.0, 7.0, 11.0, 11.0, 14.0)",12662763750.000006,1,-25.68138634920811,1.0,1.0,7.026120938713258e-12,7.897170157660088e-11,7.897170157036435e-11
710,"(1.0, 2.0, 2.0, 7.0, 7.0, 11.0, 12.0, 13.0)",20260422000.000008,1,-25.889797592567856,1.0,1.0,5.704318521671653e-12,4.935731348537556e-11,4.9357313482939414e-11
711,"(1.0, 2.0, 2.0, 7.0, 8.0, 8.0, 9.0, 13.0)",20260422000.0,1,-25.756740051834512,1.0,1.0,6.516132754128528e-12,4.935731348537558e-11,4.9357313482939434e-11
712,"(1.0, 2.0, 2.0, 7.0, 8.0, 8.0, 14.0, 14.0)",8441842500.0,2,-25.20052134654592,2.0,2.0,1.1364560320273063e-11,2.3691510472980275e-10,2.36915104673674e-10
713,"(1.0, 2.0, 2.0, 7.0, 8.0, 9.0, 9.0, 13.0)",20260422000.0,1,-26.39216547231901,1.0,1.0,3.4516612732004405e-12,4.935731348537558e-11,4.9357313482939434e-11
714,"(1.0, 2.0, 2.0, 7.0, 8.0, 9.0, 11.0, 11.0)",22189986000.0,1,-26.026149585406696,1.0,1.0,4.97722014079078e-12,4.506537318229944e-11,4.506537318026855e-11
715,"(1.0, 2.0, 2.0, 7.0, 8.0, 9.0, 11.0, 14.0)",40520844000.0,1,-25.93104817621856,1.0,1.0,5.4737992671274256e-12,2.467865674268779e-11,2.467865674207875e-11
716,"(1.0, 2.0, 2.0, 7.0, 8.0, 9.0, 12.0, 13.0)",33767370000.0,1,-26.1394594195783,1.0,1.0,4.444030328505293e-12,2.9614388091225344e-11,2.961438809034833e-11
717,"(1.0, 2.0, 2.0, 7.0, 8.0, 9.0, 12.0, 14.0)",33767370000.0,1,-26.04911665320204,1.0,1.0,4.864210703620288e-12,2.9614388091225344e-11,2.961438809034833e-11
718,"(1.0, 2.0, 2.0, 7.0, 9.0, 13.0, 13.0, 14.0)",12831600600.000002,1,-26.186181781355117,1.0,1.0,4.241170678581804e-12,7.793260024006668e-11,7.793260023399319e-11
719,"(1.0, 2.0, 2.0, 8.0, 8.0, 11.0, 11.0, 13.0)",7515963000.000001,1,-25.529503710156888,1.0,1.0,8.178570712068282e-12,1.3305014939536023e-10,1.330501493776579e-10
720,"(1.0, 2.0, 2.0, 8.0, 9.0, 11.0, 13.0, 14.0)",26142480000.000004,1,-26.069827721453247,1.0,1.0,4.764503786202883e-12,3.825191795116607e-11,3.8251917949702856e-11
721,"(1.0, 2.0, 2.0, 8.0, 11.0, 11.0, 14.0, 14.0)",6535620000.000001,1,-25.608710425352797,1.0,1.0,7.55576381020766e-12,1.5300767180466427e-10,1.530076717812529e-10
722,"(1.0, 2.0, 3.0, 3.0, 3.0, 4.0, 4.0, 11.0)",4920388200.000003,1,-25.739053491228297,1.0,1.0,6.632405936366568e-12,2.0323599670448755e-10,2.0323599666318268e-10
723,"(1.0, 2.0, 3.0, 3.0, 3.0, 4.0, 7.0, 12.0)",7948319400.000001,1,-25.62118830603244,2.0,4.0,7.462069658820007e-12,2.5162551972936567e-10,5.032510393954159e-10
724,"(1.0, 2.0, 3.0, 3.0, 3.0, 4.0, 12.0, 13.0)",5298879599.999999,1,-25.759967851267128,1.0,1.0,6.4951338928099464e-12,1.887191397970243e-10,1.8871913976140938e-10
725,"(1.0, 2.0, 3.0, 3.0, 3.0, 6.0, 7.0, 8.0)",9840776400.000006,1,-25.221788709186583,1.0,1.0,1.1125418070777705e-11,1.0161799835224378e-10,1.0161799834191756e-10
726,"(1.0, 2.0, 3.0, 3.0, 3.0, 6.0, 8.0, 8.0)",4100323500.0,1,-25.10067600647284,1.0,1.0,1.255783921798897e-11,2.438831960453852e-10,2.438831959859062e-10
727,"(1.0, 2.0, 3.0, 3.0, 3.0, 7.0, 8.0, 9.0)",8200647000.0,2,-25.516847993880056,2.0,2.0,8.282734123548565e-12,2.438831960453852e-10,2.438831959859062e-10
728,"(1.0, 2.0, 3.0, 3.0, 3.0, 7.0, 9.0, 11.0)",8200647000.0,1,-25.781498884640364,1.0,1.0,6.356781725561113e-12,1.219415980226926e-10,1.2194159800782283e-10
729,"(1.0, 2.0, 3.0, 3.0, 3.0, 8.0, 9.0, 11.0)",6348888000.000001,1,-25.66038618192662,1.0,1.0,7.1752308403693764e-12,1.5750789744597792e-10,1.5750789742116917e-10
730,"(1.0, 2.0, 3.0, 3.0, 4.0, 4.0, 6.0, 14.0)",20338346700.000004,1,-25.865879666700422,1.0,1.0,5.842398702428593e-12,4.916820500458869e-11,4.9168205002171176e-11
731,"(1.0, 2.0, 3.0, 3.0, 4.0, 4.0, 7.0, 13.0)",20338346700.000004,1,-25.736968999999405,1.0,1.0,6.646245547630311e-12,4.916820500458869e-11,4.9168205002171176e-11
732,"(1.0, 2.0, 3.0, 3.0, 4.0, 4.0, 8.0, 11.0)",21707595000.000008,1,-25.62061494009754,1.0,1.0,7.466349382172778e-12,4.606682591968386e-11,4.6066825917561706e-11
733,"(1.0, 2.0, 3.0, 3.0, 4.0, 4.0, 8.0, 12.0)",18234379800.00001,1,-25.73868341708102,1.0,1.0,6.634860872564056e-12,5.484145942819505e-11,5.4841459425187466e-11
734,"(1.0, 2.0, 3.0, 3.0, 4.0, 4.0, 11.0, 13.0)",18234379800.00001,1,-25.88050718804597,2.0,4.0,5.757560886862491e-12,1.096829188563901e-10,2.1936583770074986e-10
735,"(1.0, 2.0, 3.0, 3.0, 4.0, 6.0, 7.0, 7.0)",27117795600.000004,1,-25.581509225662654,1.0,1.0,7.764110443368216e-12,3.6876153753441515e-11,3.687615375208166e-11
736,"(1.0, 2.0, 3.0, 3.0, 4.0, 6.0, 7.0, 9.0)",50361620400.00002,1,-26.09582194343341,1.0,1.0,4.642250046406577e-12,1.9856390482622348e-11,1.985639048222807e-11
737,"(1.0, 2.0, 3.0, 3.0, 4.0, 6.0, 7.0, 11.0)",50361620400.00002,3,-25.72504741370922,3.0,3.0,6.725953516110439e-12,5.956917144786704e-11,5.956917144431855e-11
738,"(1.0, 2.0, 3.0, 3.0, 4.0, 6.0, 8.0, 14.0)",36468759600.00002,1,-25.50883330180734,1.0,1.0,8.34938442109999e-12,2.7420729714097525e-11,2.7420729713345627e-11
739,"(1.0, 2.0, 3.0, 3.0, 4.0, 6.0, 9.0, 9.0)",21707595000.000008,1,-26.610134661204164,1.0,1.0,2.7756541654774473e-12,4.606682591968386e-11,4.6066825917561706e-11
740,"(1.0, 2.0, 3.0, 3.0, 4.0, 6.0, 9.0, 14.0)",36468759600.00002,1,-26.14425872229184,1.0,1.0,4.422753180268521e-12,2.7420729714097525e-11,2.7420729713345627e-11
741,"(1.0, 2.0, 3.0, 3.0, 4.0, 6.0, 11.0, 11.0)",21707595000.000008,1,-25.868585601755782,1.0,1.0,5.8266109209612495e-12,4.606682591968386e-11,4.6066825917561706e-11
742,"(1.0, 2.0, 3.0, 3.0, 4.0, 7.0, 7.0, 8.0)",25180810200.00001,1,-25.241143089871628,1.0,1.0,1.09121628623332e-11,3.9712780965244695e-11,3.971278096366759e-11
743,"(1.0, 2.0, 3.0, 3.0, 4.0, 7.0, 8.0, 11.0)",43415190000.000015,1,-25.384681277918197,1.0,1.0,9.453072661398089e-12,2.303341295984193e-11,2.303341295931139e-11
744,"(1.0, 2.0, 3.0, 3.0, 4.0, 7.0, 8.0, 14.0)",36468759600.00002,1,-25.28957986873005,1.0,1.0,1.0396209277944976e-11,2.7420729714097525e-11,2.7420729713345627e-11
745,"(1.0, 2.0, 3.0, 3.0, 4.0, 7.0, 9.0, 9.0)",21707595000.000008,1,-26.390881228126883,1.0,1.0,3.4560968967459963e-12,4.606682591968386e-11,4.6066825917561706e-11
746,"(1.0, 2.0, 3.0, 3.0, 4.0, 7.0, 9.0, 11.0)",43415190000.000015,1,-26.02010669840269,1.0,1.0,5.007387978310401e-12,2.303341295984193e-11,2.303341295931139e-11
747,"(1.0, 2.0, 3.0, 3.0, 4.0, 7.0, 9.0, 13.0)",36468759600.00002,1,-26.015348055590817,1.0,1.0,5.031273134510444e-12,2.7420729714097525e-11,2.7420729713345627e-11
748,"(1.0, 2.0, 3.0, 3.0, 4.0, 7.0, 11.0, 11.0)",21707595000.000008,1,-25.649332168678505,1.0,1.0,7.254985931943926e-12,4.606682591968386e-11,4.6066825917561706e-11
749,"(1.0, 2.0, 3.0, 3.0, 4.0, 8.0, 9.0, 11.0)",34732152000.0,1,-25.898993995688947,1.0,1.0,5.6520997892996005e-12,2.879176619980242e-11,2.8791766198973456e-11
750,"(1.0, 2.0, 3.0, 3.0, 4.0, 8.0, 12.0, 13.0)",24312506400.0,1,-25.64152930013637,1.0,1.0,7.311817068042432e-12,4.1131094571146315e-11,4.113109456945455e-11
751,"(1.0, 2.0, 3.0, 3.0, 4.0, 8.0, 12.0, 14.0)",24312506400.0,1,-25.551186533760102,1.0,1.0,8.003144941913147e-12,4.1131094571146315e-11,4.113109456945455e-11
752,"(1.0, 2.0, 3.0, 3.0, 4.0, 12.0, 12.0, 13.0)",8883415799.999998,1,-26.02424866788016,1.0,1.0,4.9866904240518316e-12,1.1256931145787415e-10,1.125693114452023e-10
753,"(1.0, 2.0, 3.0, 3.0, 6.0, 6.0, 6.0, 11.0)",8393603400.000004,1,-25.92762061768444,1.0,1.0,5.492593224815034e-12,1.1913834289573409e-10,1.1913834288154013e-10
754,"(1.0, 2.0, 3.0, 3.0, 6.0, 6.0, 8.0, 8.0)",10853797500.000004,2,-25.322603591133102,2.0,2.0,1.0058494735472565e-11,1.8426730367873543e-10,1.8426730364478098e-10
755,"(1.0, 2.0, 3.0, 3.0, 6.0, 6.0, 9.0, 11.0)",21707595000.000008,1,-26.222679902377912,1.0,1.0,4.089166720794248e-12,4.606682591968386e-11,4.6066825917561706e-11
756,"(1.0, 2.0, 3.0, 3.0, 6.0, 7.0, 7.0, 9.0)",25180810200.00001,2,-25.859888281254065,2.0,2.0,5.877507836137404e-12,7.942556193048939e-11,7.942556192418098e-11
757,"(1.0, 2.0, 3.0, 3.0, 6.0, 7.0, 8.0, 9.0)",43415190000.000015,1,-25.73877557854032,1.0,1.0,6.6342494222802984e-12,2.303341295984193e-11,2.303341295931139e-11
758,"(1.0, 2.0, 3.0, 3.0, 6.0, 7.0, 8.0, 11.0)",43415190000.000015,1,-25.368001048816133,1.0,1.0,9.612074485966114e-12,2.303341295984193e-11,2.303341295931139e-11
759,"(1.0, 2.0, 3.0, 3.0, 6.0, 7.0, 8.0, 13.0)",36468759600.00002,1,-25.36324240600425,1.0,1.0,9.657923919143395e-12,2.7420729714097525e-11,2.7420729713345627e-11
760,"(1.0, 2.0, 3.0, 3.0, 6.0, 7.0, 9.0, 13.0)",36468759600.00002,1,-25.99866782648876,1.0,1.0,5.115899756661954e-12,2.7420729714097525e-11,2.7420729713345627e-11
761,"(1.0, 2.0, 3.0, 3.0, 6.0, 8.0, 9.0, 12.0)",30390633000.0,1,-26.000382243570368,1.0,1.0,5.107136484829234e-12,3.290487565691705e-11,3.2904875655834324e-11
762,"(1.0, 2.0, 3.0, 3.0, 6.0, 8.0, 9.0, 13.0)",30390633000.0,1,-25.87755512377501,2.0,4.0,5.774582689009818e-12,6.58097513138341e-11,1.316195026233373e-10
763,"(1.0, 2.0, 3.0, 3.0, 6.0, 8.0, 11.0, 11.0)",17366076000.0,1,-25.511539236862696,1.0,1.0,8.32682206900098e-12,5.758353239960484e-11,5.758353239628898e-11
764,"(1.0, 2.0, 3.0, 3.0, 6.0, 8.0, 11.0, 14.0)",30390633000.0,1,-25.41643782767456,1.0,1.0,9.157592240144796e-12,3.290487565691705e-11,3.2904875655834324e-11
765,"(1.0, 2.0, 3.0, 3.0, 6.0, 11.0, 11.0, 11.0)",5788692000.0,1,-25.776190127623003,1.0,1.0,6.390618070153252e-12,1.7275059719881451e-10,1.7275059716897175e-10
766,"(1.0, 2.0, 3.0, 3.0, 6.0, 11.0, 11.0, 13.0)",15195316500.0,1,-25.77143148481113,1.0,1.0,6.421101210561304e-12,6.58097513138341e-11,6.580975130950318e-11
767,"(1.0, 2.0, 3.0, 3.0, 7.0, 7.0, 9.0, 11.0)",21707595000.000008,1,-25.784173036223347,1.0,1.0,6.339805436348935e-12,4.606682591968386e-11,4.6066825917561706e-11
768,"(1.0, 2.0, 3.0, 3.0, 7.0, 7.0, 9.0, 12.0)",18234379800.00001,1,-25.90224151320683,1.0,1.0,5.633774268551486e-12,5.484145942819505e-11,5.4841459425187466e-11
769,"(1.0, 2.0, 3.0, 3.0, 7.0, 7.0, 9.0, 14.0)",18234379800.00001,1,-25.68907162703521,1.0,1.0,6.972330210353864e-12,5.484145942819505e-11,5.4841459425187466e-11
770,"(1.0, 2.0, 3.0, 3.0, 7.0, 11.0, 13.0, 14.0)",24312506400.0,2,-25.457076642545708,3.0,5.0,8.792899083194793e-12,1.2339328371343895e-10,2.0565547284050565e-10
771,"(1.0, 2.0, 3.0, 3.0, 8.0, 11.0, 13.0, 13.0)",9803430000.000002,1,-25.42630670620823,1.0,1.0,9.06766156203221e-12,1.0200511453644284e-10,1.020051145260378e-10
772,"(1.0, 2.0, 3.0, 3.0, 9.0, 13.0, 14.0, 14.0)",7450606800.000002,1,-25.87628795112833,1.0,1.0,5.781904720398513e-12,1.3421725596900373e-10,1.3421725595098947e-10
773,"(1.0, 2.0, 3.0, 4.0, 4.0, 4.0, 6.0, 7.0)",27117795600.0,1,-26.056050701604327,1.0,1.0,4.830598699469175e-12,3.687615375344152e-11,3.687615375208167e-11
774,"(1.0, 2.0, 3.0, 4.0, 4.0, 4.0, 8.0, 12.0)",19585074600.00001,1,-25.97729123084335,1.0,1.0,5.226437528513152e-12,5.105928981245746e-11,5.105928980985041e-11
775,"(1.0, 2.0, 3.0, 4.0, 4.0, 4.0, 8.0, 13.0)",19585074600.00001,1,-25.854464111047992,1.0,1.0,5.9094750584783795e-12,5.105928981245746e-11,5.105928980985041e-11
776,"(1.0, 2.0, 3.0, 4.0, 4.0, 4.0, 9.0, 9.0)",11657782500.000006,1,-26.86542270406856,1.0,1.0,2.1502807432267786e-12,8.577960688492854e-11,8.577960687757039e-11
777,"(1.0, 2.0, 3.0, 4.0, 4.0, 6.0, 6.0, 12.0)",31637428200.000004,1,-26.300977137532318,1.0,1.0,3.781209675449555e-12,3.160813178866416e-11,3.1608131787665085e-11
778,"(1.0, 2.0, 3.0, 4.0, 4.0, 6.0, 7.0, 11.0)",78340298400.00003,2,-25.96365522747155,2.0,2.0,5.298193367851242e-12,2.5529644906228738e-11,2.5529644905576974e-11
779,"(1.0, 2.0, 3.0, 4.0, 4.0, 6.0, 8.0, 8.0)",34973347500.000015,2,-25.577891633997496,2.0,2.0,7.792248690252186e-12,5.7186404589952364e-11,5.718640458668208e-11
780,"(1.0, 2.0, 3.0, 4.0, 4.0, 6.0, 8.0, 14.0)",58755223800.00003,1,-25.747441115569668,2.0,4.0,6.577008458288325e-12,3.403952654163831e-11,6.807905308211793e-11
781,"(1.0, 2.0, 3.0, 4.0, 4.0, 6.0, 9.0, 11.0)",69946695000.00003,1,-26.477967945242305,1.0,1.0,3.1678501467978136e-12,1.4296601147488091e-11,1.4296601147283698e-11
782,"(1.0, 2.0, 3.0, 4.0, 4.0, 6.0, 11.0, 11.0)",34973347500.000015,1,-26.107193415518115,1.0,1.0,4.589759840674389e-12,2.8593202294976182e-11,2.859320229415861e-11
783,"(1.0, 2.0, 3.0, 4.0, 4.0, 6.0, 11.0, 12.0)",58755223800.00003,1,-26.2252618925016,1.0,1.0,4.078622151551967e-12,1.7019763270819154e-11,1.7019763270529483e-11
784,"(1.0, 2.0, 3.0, 4.0, 4.0, 6.0, 11.0, 14.0)",58755223800.00003,1,-26.012092006329976,1.0,1.0,5.0476819070700864e-12,1.7019763270819154e-11,1.7019763270529483e-11
785,"(1.0, 2.0, 3.0, 4.0, 4.0, 6.0, 14.0, 14.0)",22598163000.000008,1,-25.91699059714184,1.0,1.0,5.5512910303426425e-12,4.425138450412981e-11,4.425138450217163e-11
786,"(1.0, 2.0, 3.0, 4.0, 4.0, 7.0, 7.0, 12.0)",31637428200.000004,1,-25.862470271377745,1.0,1.0,5.86235174381305e-12,3.160813178866416e-11,3.1608131787665085e-11
787,"(1.0, 2.0, 3.0, 4.0, 4.0, 7.0, 8.0, 9.0)",69946695000.00003,1,-25.994063621404717,1.0,1.0,5.139508716871744e-12,1.4296601147488091e-11,1.4296601147283698e-11
788,"(1.0, 2.0, 3.0, 4.0, 4.0, 7.0, 8.0, 11.0)",69946695000.00003,2,-25.62328909168052,2.0,2.0,7.44640990462849e-12,2.8593202294976182e-11,2.859320229415861e-11
789,"(1.0, 2.0, 3.0, 4.0, 4.0, 7.0, 8.0, 12.0)",58755223800.00003,2,-25.741357568664004,2.0,2.0,6.617141950959072e-12,3.403952654163831e-11,3.403952654047962e-11
790,"(1.0, 2.0, 3.0, 4.0, 4.0, 7.0, 8.0, 14.0)",58755223800.00003,1,-25.528187682492383,1.0,1.0,8.189341022840485e-12,1.7019763270819154e-11,1.7019763270529483e-11
791,"(1.0, 2.0, 3.0, 4.0, 4.0, 7.0, 11.0, 14.0)",58755223800.00003,1,-25.79283857325269,1.0,1.0,6.28510496435895e-12,1.7019763270819154e-11,1.7019763270529483e-11
792,"(1.0, 2.0, 3.0, 4.0, 4.0, 7.0, 13.0, 13.0)",22598163000.000008,1,-25.878422696817083,3.0,9.0,5.7695749893263426e-12,1.3275415351238942e-10,3.9826246051954467e-10
793,"(1.0, 2.0, 3.0, 4.0, 4.0, 8.0, 11.0, 11.0)",28943460000.00001,1,-25.76682727972709,1.0,1.0,6.450733441487207e-12,3.455011943976289e-11,3.455011943856918e-11
794,"(1.0, 2.0, 3.0, 4.0, 4.0, 8.0, 11.0, 12.0)",50651055000.00002,1,-25.88489575671057,1.0,1.0,5.732348798524724e-12,1.974292539415022e-11,1.9742925393760438e-11
795,"(1.0, 2.0, 3.0, 4.0, 4.0, 11.0, 12.0, 13.0)",40520844000.000015,1,-26.14478800465901,1.0,1.0,4.4204129143812355e-12,2.467865674268778e-11,2.467865674207874e-11
796,"(1.0, 2.0, 3.0, 4.0, 4.0, 13.0, 13.0, 14.0)",14805693000.000004,1,-25.926859475675503,2.0,4.0,5.4967754596918605e-12,1.350831737494489e-10,2.7016634748065036e-10
797,"(1.0, 2.0, 3.0, 4.0, 6.0, 6.0, 7.0, 8.0)",78340298400.00003,1,-25.682324107609176,1.0,1.0,7.019535223163741e-12,1.2764822453114369e-11,1.2764822452951429e-11
798,"(1.0, 2.0, 3.0, 4.0, 6.0, 6.0, 7.0, 9.0)",78340298400.00003,1,-26.317749528093675,1.0,1.0,3.71831864080877e-12,1.2764822453114369e-11,1.2764822452951429e-11
799,"(1.0, 2.0, 3.0, 4.0, 6.0, 6.0, 7.0, 11.0)",78340298400.00003,1,-25.946974998369484,1.0,1.0,5.3873096205848764e-12,1.2764822453114369e-11,1.2764822452951429e-11
800,"(1.0, 2.0, 3.0, 4.0, 6.0, 6.0, 8.0, 11.0)",69946695000.00003,2,-25.825862295655742,2.0,2.0,6.080937147928736e-12,2.8593202294976182e-11,2.859320229415861e-11
801,"(1.0, 2.0, 3.0, 4.0, 6.0, 6.0, 8.0, 12.0)",58755223800.00003,1,-25.943930772639224,1.0,1.0,5.4037347954339254e-12,1.7019763270819154e-11,1.7019763270529483e-11
802,"(1.0, 2.0, 3.0, 4.0, 6.0, 6.0, 8.0, 14.0)",58755223800.00003,1,-25.730760886467603,1.0,1.0,6.687634535387844e-12,1.7019763270819154e-11,1.7019763270529483e-11
803,"(1.0, 2.0, 3.0, 4.0, 6.0, 6.0, 14.0, 14.0)",22598163000.000008,1,-25.900310368039776,1.0,1.0,5.64466441634622e-12,4.425138450412981e-11,4.425138450217163e-11
804,"(1.0, 2.0, 3.0, 4.0, 6.0, 7.0, 7.0, 7.0)",27117795600.0,1,-25.58418337724564,1.0,1.0,7.743375771319924e-12,3.687615375344152e-11,3.687615375208167e-11
805,"(1.0, 2.0, 3.0, 4.0, 6.0, 7.0, 7.0, 8.0)",78340298400.00003,1,-25.46307067453189,2.0,4.0,8.740351807193692e-12,2.5529644906228738e-11,5.1059289811805715e-11
806,"(1.0, 2.0, 3.0, 4.0, 6.0, 7.0, 7.0, 11.0)",78340298400.00003,1,-25.727721565292203,1.0,1.0,6.7079913243840775e-12,1.2764822453114369e-11,1.2764822452951429e-11
807,"(1.0, 2.0, 3.0, 4.0, 6.0, 7.0, 7.0, 13.0)",63274856400.00001,1,-25.722962922480328,1.0,1.0,6.739988329861897e-12,1.580406589433208e-11,1.580406589408231e-11
808,"(1.0, 2.0, 3.0, 4.0, 6.0, 7.0, 7.0, 14.0)",63274856400.00001,1,-25.632620156104064,1.0,1.0,7.377250142983837e-12,1.580406589433208e-11,1.580406589408231e-11
809,"(1.0, 2.0, 3.0, 4.0, 6.0, 7.0, 8.0, 8.0)",69946695000.00003,1,-25.34195797181815,1.0,1.0,9.865690619905372e-12,1.4296601147488091e-11,1.4296601147283698e-11
810,"(1.0, 2.0, 3.0, 4.0, 6.0, 7.0, 8.0, 9.0)",139893390000.00006,3,-25.97738339230265,3.0,3.0,5.22595587459889e-12,2.1444901721232138e-11,2.1444901720772255e-11
811,"(1.0, 2.0, 3.0, 4.0, 6.0, 7.0, 8.0, 11.0)",139893390000.00006,2,-25.60660886257846,2.0,2.0,7.571659419122515e-12,1.4296601147488091e-11,1.4296601147283698e-11
812,"(1.0, 2.0, 3.0, 4.0, 6.0, 7.0, 8.0, 12.0)",117510447600.00006,1,-25.724677339561943,1.0,1.0,6.728443078255419e-12,8.509881635409577e-12,8.509881635337158e-12
813,"(1.0, 2.0, 3.0, 4.0, 6.0, 7.0, 8.0, 13.0)",117510447600.00006,1,-25.601850219766582,1.0,1.0,7.607776106845313e-12,8.509881635409577e-12,8.509881635337158e-12
814,"(1.0, 2.0, 3.0, 4.0, 6.0, 7.0, 9.0, 9.0)",69946695000.00003,1,-26.61280881278715,1.0,1.0,2.7682415611281864e-12,1.4296601147488091e-11,1.4296601147283698e-11
815,"(1.0, 2.0, 3.0, 4.0, 6.0, 7.0, 11.0, 12.0)",117510447600.00006,1,-25.98932823032225,1.0,1.0,5.163904015671551e-12,8.509881635409577e-12,8.509881635337158e-12
816,"(1.0, 2.0, 3.0, 4.0, 6.0, 7.0, 11.0, 13.0)",117510447600.00006,1,-25.86650111052689,1.0,1.0,5.838769107734623e-12,8.509881635409577e-12,8.509881635337158e-12
817,"(1.0, 2.0, 3.0, 4.0, 6.0, 7.0, 12.0, 12.0)",45196326000.000015,1,-26.10739670730573,1.0,1.0,4.588826875027002e-12,2.2125692252064906e-11,2.212569225157536e-11
818,"(1.0, 2.0, 3.0, 4.0, 6.0, 7.0, 12.0, 13.0)",90392652000.00005,1,-25.98456958751037,1.0,1.0,5.188535750729985e-12,1.1062846126032452e-11,1.1062846125910064e-11
819,"(1.0, 2.0, 3.0, 4.0, 6.0, 7.0, 14.0, 14.0)",45196326000.000015,1,-25.68105693496249,1.0,1.0,7.02843582429913e-12,2.2125692252064906e-11,2.212569225157536e-11
820,"(1.0, 2.0, 3.0, 4.0, 6.0, 8.0, 8.0, 9.0)",57886920000.00002,2,-25.856270689588907,2.0,2.0,5.898808765298833e-12,3.455011943976289e-11,3.455011943856918e-11
821,"(1.0, 2.0, 3.0, 4.0, 6.0, 8.0, 8.0, 14.0)",50651055000.00002,1,-25.390394750676577,1.0,1.0,9.399216786805209e-12,1.974292539415022e-11,1.9742925393760438e-11
822,"(1.0, 2.0, 3.0, 4.0, 6.0, 8.0, 9.0, 11.0)",115773840000.00005,2,-26.12092158034921,2.0,2.0,4.527181387511021e-12,1.7275059719881446e-11,1.7275059719583018e-11
823,"(1.0, 2.0, 3.0, 4.0, 6.0, 8.0, 9.0, 12.0)",101302110000.00005,2,-26.238990057332696,2.0,2.0,4.02301273534241e-12,1.974292539415022e-11,1.9742925393760438e-11
824,"(1.0, 2.0, 3.0, 4.0, 6.0, 8.0, 11.0, 11.0)",57886920000.00002,1,-25.750147050625024,2.0,4.0,6.559235557543802e-12,3.455011943976289e-11,6.910023887833207e-11
825,"(1.0, 2.0, 3.0, 4.0, 6.0, 8.0, 11.0, 12.0)",101302110000.00005,1,-25.868215527608506,1.0,1.0,5.8287675980699455e-12,9.87146269707511e-12,9.871462696977665e-12
826,"(1.0, 2.0, 3.0, 4.0, 6.0, 9.0, 9.0, 9.0)",19295640000.000008,1,-27.127121530557904,1.0,1.0,1.6551631522177362e-12,5.182517915964433e-11,5.1825179156958483e-11
827,"(1.0, 2.0, 3.0, 4.0, 6.0, 9.0, 11.0, 12.0)",101302110000.00005,2,-26.503640948093008,4.0,8.0,3.087557013935366e-12,3.948585078830044e-11,7.897170157504175e-11
828,"(1.0, 2.0, 3.0, 4.0, 6.0, 9.0, 11.0, 13.0)",101302110000.00005,1,-26.380813828297647,1.0,1.0,3.4910665373765183e-12,9.87146269707511e-12,9.871462696977665e-12
829,"(1.0, 2.0, 3.0, 4.0, 6.0, 9.0, 12.0, 12.0)",40520844000.000015,1,-26.62170942507649,1.0,1.0,2.7437118429634747e-12,2.467865674268778e-11,2.467865674207874e-11
830,"(1.0, 2.0, 3.0, 4.0, 6.0, 11.0, 14.0, 14.0)",40520844000.000015,1,-25.824595123009058,1.0,1.0,6.088647629372647e-12,2.467865674268778e-11,2.467865674207874e-11
831,"(1.0, 2.0, 3.0, 4.0, 6.0, 12.0, 14.0, 14.0)",29611386000.000008,1,-25.94266359999254,1.0,1.0,5.41058660064987e-12,3.3770793437362226e-11,3.377079343622176e-11
832,"(1.0, 2.0, 3.0, 4.0, 7.0, 7.0, 8.0, 8.0)",34973347500.000015,3,-25.12270453874087,3.0,3.0,1.2284233086309574e-11,8.577960688492855e-11,8.57796068775704e-11
833,"(1.0, 2.0, 3.0, 4.0, 7.0, 7.0, 8.0, 9.0)",69946695000.00003,1,-25.758129959225368,1.0,1.0,6.507082224209998e-12,1.4296601147488091e-11,1.4296601147283698e-11
834,"(1.0, 2.0, 3.0, 4.0, 7.0, 7.0, 8.0, 11.0)",69946695000.00003,2,-25.387355429501177,3.0,5.0,9.427827481939097e-12,4.2889803442464276e-11,7.148300573560093e-11
835,"(1.0, 2.0, 3.0, 4.0, 7.0, 7.0, 8.0, 12.0)",58755223800.00003,1,-25.50542390648466,1.0,1.0,8.377899355012301e-12,1.7019763270819154e-11,1.7019763270529483e-11
836,"(1.0, 2.0, 3.0, 4.0, 7.0, 7.0, 8.0, 13.0)",58755223800.00003,1,-25.3825967866893,1.0,1.0,9.472798060014679e-12,1.7019763270819154e-11,1.7019763270529483e-11
837,"(1.0, 2.0, 3.0, 4.0, 7.0, 7.0, 8.0, 14.0)",58755223800.00003,1,-25.29225402031304,1.0,1.0,1.0368445377431682e-11,1.7019763270819154e-11,1.7019763270529483e-11
838,"(1.0, 2.0, 3.0, 4.0, 7.0, 7.0, 9.0, 13.0)",58755223800.00003,1,-26.0180222071738,3.0,9.0,5.017836721003674e-12,5.105928981245747e-11,1.5317786943476537e-10
839,"(1.0, 2.0, 3.0, 4.0, 7.0, 7.0, 11.0, 11.0)",34973347500.000015,1,-25.652006320261485,1.0,1.0,7.235610917238677e-12,2.8593202294976182e-11,2.859320229415861e-11
840,"(1.0, 2.0, 3.0, 4.0, 7.0, 8.0, 8.0, 8.0)",19295640000.000008,2,-25.001591836027124,2.0,2.0,1.3865854121866048e-11,1.0365035831928866e-10,1.0365035830854527e-10
841,"(1.0, 2.0, 3.0, 4.0, 7.0, 8.0, 8.0, 9.0)",57886920000.00002,1,-25.637017256511623,2.0,4.0,7.344882846649831e-12,3.455011943976289e-11,6.910023887833207e-11
842,"(1.0, 2.0, 3.0, 4.0, 7.0, 8.0, 8.0, 11.0)",57886920000.00002,1,-25.266242726787432,1.0,1.0,1.064168024427804e-11,1.7275059719881446e-11,1.7275059719583018e-11
843,"(1.0, 2.0, 3.0, 4.0, 7.0, 8.0, 8.0, 14.0)",50651055000.00002,1,-25.171141317599297,1.0,1.0,1.170340468663271e-11,1.974292539415022e-11,1.9742925393760438e-11
844,"(1.0, 2.0, 3.0, 4.0, 7.0, 8.0, 9.0, 9.0)",57886920000.00002,2,-26.27244267699612,2.0,2.0,3.890658560004435e-12,3.455011943976289e-11,3.455011943856918e-11
845,"(1.0, 2.0, 3.0, 4.0, 7.0, 8.0, 9.0, 11.0)",115773840000.00005,2,-25.90166814727193,2.0,2.0,5.637005409026416e-12,1.7275059719881446e-11,1.7275059719583018e-11
846,"(1.0, 2.0, 3.0, 4.0, 7.0, 8.0, 9.0, 14.0)",101302110000.00005,1,-25.806566738083795,1.0,1.0,6.1994115598470915e-12,9.87146269707511e-12,9.871462696977665e-12
847,"(1.0, 2.0, 3.0, 4.0, 7.0, 8.0, 11.0, 11.0)",57886920000.00002,2,-25.530893617547743,2.0,2.0,8.167211152385665e-12,3.455011943976289e-11,3.455011943856918e-11
848,"(1.0, 2.0, 3.0, 4.0, 7.0, 8.0, 11.0, 12.0)",101302110000.00005,2,-25.648962094531225,2.0,2.0,7.257671311540356e-12,1.974292539415022e-11,1.9742925393760438e-11
849,"(1.0, 2.0, 3.0, 4.0, 7.0, 8.0, 11.0, 13.0)",101302110000.00005,1,-25.526134974735868,1.0,1.0,8.206168611831303e-12,9.87146269707511e-12,9.871462696977665e-12
850,"(1.0, 2.0, 3.0, 4.0, 7.0, 8.0, 11.0, 14.0)",101302110000.00005,1,-25.435792208359604,1.0,1.0,8.98205688231843e-12,9.87146269707511e-12,9.871462696977665e-12
851,"(1.0, 2.0, 3.0, 4.0, 7.0, 8.0, 13.0, 14.0)",81041688000.00003,1,-25.43103356554773,1.0,1.0,9.024901142152357e-12,1.233932837134389e-11,1.233932837119163e-11
852,"(1.0, 2.0, 3.0, 4.0, 7.0, 9.0, 9.0, 13.0)",50651055000.00002,1,-26.53233492494456,1.0,1.0,3.000221715140164e-12,1.974292539415022e-11,1.9742925393760438e-11
853,"(1.0, 2.0, 3.0, 4.0, 7.0, 9.0, 11.0, 14.0)",101302110000.00005,2,-26.071217628844103,4.0,8.0,4.757886167180825e-12,3.948585078830044e-11,7.897170157504175e-11
854,"(1.0, 2.0, 3.0, 4.0, 7.0, 11.0, 12.0, 13.0)",81041688000.00003,1,-25.908854342479657,1.0,1.0,5.596641991171928e-12,1.233932837134389e-11,1.233932837119163e-11
855,"(1.0, 2.0, 3.0, 4.0, 8.0, 8.0, 8.0, 12.0)",13506948000.0,1,-25.26319850105717,1.0,1.0,1.0674125281042266e-11,7.403597022806336e-11,7.403597022258203e-11
856,"(1.0, 2.0, 3.0, 4.0, 8.0, 8.0, 8.0, 14.0)",13506948000.0,1,-25.05002861488555,1.0,1.0,1.3210242835172708e-11,7.403597022806336e-11,7.403597022258203e-11
857,"(1.0, 2.0, 3.0, 4.0, 8.0, 8.0, 11.0, 11.0)",22189986000.0,1,-25.409780914834,1.0,1.0,9.218756891520222e-12,4.506537318229944e-11,4.506537318026855e-11
858,"(1.0, 2.0, 3.0, 4.0, 8.0, 9.0, 11.0, 12.0)",81041688000.0,2,-26.163274812301974,2.0,2.0,4.339444322508368e-12,2.467865674268779e-11,2.467865674207875e-11
859,"(1.0, 2.0, 3.0, 4.0, 8.0, 9.0, 11.0, 13.0)",81041688000.0,1,-26.040447692506625,1.0,1.0,4.90656165918316e-12,1.2339328371343894e-11,1.2339328371191635e-11
860,"(1.0, 2.0, 3.0, 4.0, 8.0, 11.0, 12.0, 14.0)",67534740000.0,1,-25.69739887338965,1.0,1.0,6.914510970667275e-12,1.4807194045612672e-11,1.4807194045393417e-11
861,"(1.0, 2.0, 3.0, 4.0, 11.0, 11.0, 13.0, 14.0)",33767370000.0,1,-25.839222644354603,1.0,1.0,6.00023401863895e-12,2.9614388091225344e-11,2.961438809034833e-11
862,"(1.0, 2.0, 3.0, 4.0, 11.0, 11.0, 14.0, 14.0)",16883685000.0,1,-25.74887987797834,1.0,1.0,6.567552509819802e-12,5.922877618245069e-11,5.922877617894264e-11
863,"(1.0, 2.0, 3.0, 6.0, 6.0, 6.0, 7.0, 8.0)",26113432800.00001,1,-25.66564387850711,1.0,1.0,7.1376046539278e-12,3.82944673593431e-11,3.8294467357876633e-11
864,"(1.0, 2.0, 3.0, 6.0, 6.0, 6.0, 7.0, 9.0)",26113432800.00001,1,-26.301069298991614,1.0,1.0,3.780861209705763e-12,3.82944673593431e-11,3.8294467357876633e-11
865,"(1.0, 2.0, 3.0, 6.0, 6.0, 6.0, 8.0, 8.0)",11657782500.000006,3,-25.54453117579337,3.0,3.0,8.056586375034907e-12,2.5733882065478566e-10,2.573388205885624e-10
866,"(1.0, 2.0, 3.0, 6.0, 6.0, 6.0, 8.0, 12.0)",19585074600.00001,1,-25.92725054353716,1.0,1.0,5.494626267734176e-12,5.105928981245746e-11,5.105928980985041e-11
867,"(1.0, 2.0, 3.0, 6.0, 6.0, 6.0, 9.0, 12.0)",19585074600.00001,1,-26.562675964021658,1.0,1.0,2.910558979485433e-12,5.105928981245746e-11,5.105928980985041e-11
868,"(1.0, 2.0, 3.0, 6.0, 6.0, 6.0, 12.0, 13.0)",15065442000.000006,1,-26.187142791485595,4.0,16.0,4.237096828413772e-12,2.6550830702477885e-10,1.0620332280286208e-09
869,"(1.0, 2.0, 3.0, 6.0, 6.0, 7.0, 7.0, 13.0)",31637428200.000004,1,-25.706282693378263,1.0,1.0,6.853355748097392e-12,3.160813178866416e-11,3.1608131787665085e-11
870,"(1.0, 2.0, 3.0, 6.0, 6.0, 7.0, 8.0, 8.0)",34973347500.000015,2,-25.32527774271609,2.0,2.0,1.0031632728400313e-11,5.7186404589952364e-11,5.718640458668208e-11
871,"(1.0, 2.0, 3.0, 6.0, 6.0, 7.0, 8.0, 9.0)",69946695000.00003,1,-25.960703163200588,2.0,4.0,5.313857083966104e-12,2.8593202294976182e-11,5.718640458913479e-11
872,"(1.0, 2.0, 3.0, 6.0, 6.0, 7.0, 8.0, 11.0)",69946695000.00003,1,-25.5899286334764,1.0,1.0,7.69901564558675e-12,1.4296601147488091e-11,1.4296601147283698e-11
873,"(1.0, 2.0, 3.0, 6.0, 6.0, 7.0, 8.0, 13.0)",58755223800.00003,1,-25.58516999066452,1.0,1.0,7.735739820361747e-12,1.7019763270819154e-11,1.7019763270529483e-11
874,"(1.0, 2.0, 3.0, 6.0, 6.0, 7.0, 9.0, 12.0)",58755223800.00003,1,-26.343422530944377,1.0,1.0,3.624073193954801e-12,1.7019763270819154e-11,1.7019763270529483e-11
875,"(1.0, 2.0, 3.0, 6.0, 6.0, 8.0, 8.0, 11.0)",28943460000.00001,1,-25.46881593076265,1.0,1.0,8.690280221289894e-12,3.455011943976289e-11,3.455011943856918e-11
876,"(1.0, 2.0, 3.0, 6.0, 6.0, 8.0, 9.0, 14.0)",50651055000.00002,4,-26.00913994205901,6.0,12.0,5.0626050046131704e-12,1.1845755236490132e-10,2.3691510471577046e-10
877,"(1.0, 2.0, 3.0, 6.0, 6.0, 8.0, 11.0, 13.0)",50651055000.00002,1,-25.728708178711088,1.0,1.0,6.701376393855874e-12,1.974292539415022e-11,1.9742925393760438e-11
878,"(1.0, 2.0, 3.0, 6.0, 6.0, 9.0, 9.0, 9.0)",9647820000.000004,1,-27.110441301455843,1.0,1.0,1.6830031964644081e-12,1.0365035831928866e-10,1.0365035830854527e-10
879,"(1.0, 2.0, 3.0, 6.0, 6.0, 9.0, 11.0, 13.0)",50651055000.00002,1,-26.364133599195583,1.0,1.0,3.5497866984303897e-12,1.974292539415022e-11,1.9742925393760438e-11
880,"(1.0, 2.0, 3.0, 6.0, 7.0, 7.0, 7.0, 14.0)",21091618800.000004,1,-25.39668649392472,1.0,1.0,9.340264977345804e-12,4.7412197682996236e-11,4.741219768074832e-11
881,"(1.0, 2.0, 3.0, 6.0, 7.0, 7.0, 8.0, 8.0)",34973347500.000015,1,-25.106024309638805,1.0,1.0,1.2490855371370191e-11,2.8593202294976182e-11,2.859320229415861e-11
882,"(1.0, 2.0, 3.0, 6.0, 7.0, 7.0, 8.0, 11.0)",69946695000.00003,2,-25.370675200399116,2.0,2.0,9.58640467953771e-12,2.8593202294976182e-11,2.859320229415861e-11
883,"(1.0, 2.0, 3.0, 6.0, 7.0, 7.0, 8.0, 12.0)",58755223800.00003,1,-25.488743677382597,1.0,1.0,8.518816634632253e-12,1.7019763270819154e-11,1.7019763270529483e-11
884,"(1.0, 2.0, 3.0, 6.0, 7.0, 7.0, 8.0, 14.0)",58755223800.00003,1,-25.275573791210977,1.0,1.0,1.0542843881706135e-11,1.7019763270819154e-11,1.7019763270529483e-11
885,"(1.0, 2.0, 3.0, 6.0, 7.0, 7.0, 9.0, 11.0)",69946695000.00003,1,-26.00610062088361,1.0,1.0,5.078015293752753e-12,1.4296601147488091e-11,1.4296601147283698e-11
886,"(1.0, 2.0, 3.0, 6.0, 7.0, 7.0, 9.0, 12.0)",58755223800.00003,1,-26.124169097867096,1.0,1.0,4.512503133492157e-12,1.7019763270819154e-11,1.7019763270529483e-11
887,"(1.0, 2.0, 3.0, 6.0, 7.0, 7.0, 9.0, 14.0)",58755223800.00003,2,-25.91099921169548,2.0,2.0,5.5846507904288415e-12,3.403952654163831e-11,3.403952654047962e-11
888,"(1.0, 2.0, 3.0, 6.0, 7.0, 7.0, 11.0, 12.0)",58755223800.00003,2,-25.753394568142905,2.0,2.0,6.5379688758180174e-12,3.403952654163831e-11,3.403952654047962e-11
889,"(1.0, 2.0, 3.0, 6.0, 7.0, 7.0, 11.0, 13.0)",58755223800.00003,1,-25.63056744834755,1.0,1.0,7.392409034638532e-12,1.7019763270819154e-11,1.7019763270529483e-11
890,"(1.0, 2.0, 3.0, 6.0, 7.0, 7.0, 11.0, 14.0)",58755223800.00003,2,-25.540224681971285,3.0,5.0,8.091356830123706e-12,5.105928981245747e-11,8.509881635148872e-11
891,"(1.0, 2.0, 3.0, 6.0, 7.0, 7.0, 14.0, 14.0)",22598163000.000008,1,-25.44512327278315,1.0,1.0,8.898634545780962e-12,4.425138450412981e-11,4.425138450217163e-11
892,"(1.0, 2.0, 3.0, 6.0, 7.0, 8.0, 8.0, 8.0)",19295640000.000008,2,-24.984911606925063,3.0,5.0,1.4099079463883492e-11,1.55475537478933e-10,2.59125895774049e-10
893,"(1.0, 2.0, 3.0, 6.0, 7.0, 8.0, 8.0, 9.0)",57886920000.00002,1,-25.62033702740956,1.0,1.0,7.468424663759168e-12,1.7275059719881446e-11,1.7275059719583018e-11
894,"(1.0, 2.0, 3.0, 6.0, 7.0, 8.0, 8.0, 11.0)",57886920000.00002,2,-25.24956249768537,2.0,2.0,1.0820674592033228e-11,3.455011943976289e-11,3.455011943856918e-11
895,"(1.0, 2.0, 3.0, 6.0, 7.0, 8.0, 9.0, 9.0)",57886920000.00002,1,-26.25576244789406,1.0,1.0,3.956099907169568e-12,1.7275059719881446e-11,1.7275059719583018e-11
896,"(1.0, 2.0, 3.0, 6.0, 7.0, 8.0, 9.0, 11.0)",115773840000.00005,1,-25.88498791816987,1.0,1.0,5.731820521238013e-12,8.637529859940723e-12,8.637529859866117e-12
897,"(1.0, 2.0, 3.0, 6.0, 7.0, 8.0, 9.0, 12.0)",101302110000.00005,2,-26.00305639515335,2.0,2.0,5.093497472235188e-12,1.974292539415022e-11,1.9742925393760438e-11
898,"(1.0, 2.0, 3.0, 6.0, 7.0, 8.0, 9.0, 13.0)",101302110000.00005,1,-25.880229275357998,1.0,1.0,5.759161208449268e-12,9.87146269707511e-12,9.871462696977665e-12
899,"(1.0, 2.0, 3.0, 6.0, 7.0, 8.0, 11.0, 11.0)",57886920000.00002,1,-25.514213388445683,1.0,1.0,8.304584630975778e-12,1.7275059719881446e-11,1.7275059719583018e-11
900,"(1.0, 2.0, 3.0, 6.0, 7.0, 8.0, 11.0, 12.0)",101302110000.00005,1,-25.632281865429164,1.0,1.0,7.379746220089616e-12,9.87146269707511e-12,9.871462696977665e-12
901,"(1.0, 2.0, 3.0, 6.0, 7.0, 8.0, 11.0, 13.0)",101302110000.00005,2,-25.509454745633803,2.0,2.0,8.344197359597329e-12,1.974292539415022e-11,1.9742925393760438e-11
902,"(1.0, 2.0, 3.0, 6.0, 7.0, 8.0, 11.0, 14.0)",101302110000.00005,2,-25.419111979257544,2.0,2.0,9.133136164560073e-12,1.974292539415022e-11,1.9742925393760438e-11
903,"(1.0, 2.0, 3.0, 6.0, 7.0, 8.0, 13.0, 13.0)",40520844000.000015,1,-25.50469610282193,1.0,1.0,8.383999040266222e-12,2.467865674268778e-11,2.467865674207874e-11
904,"(1.0, 2.0, 3.0, 6.0, 7.0, 11.0, 11.0, 11.0)",19295640000.000008,2,-25.77886427920599,2.0,2.0,6.373551418302144e-12,1.0365035831928866e-10,1.0365035830854527e-10
905,"(1.0, 2.0, 3.0, 6.0, 7.0, 11.0, 11.0, 12.0)",50651055000.00002,1,-25.89693275618947,1.0,1.0,5.663762135955917e-12,1.974292539415022e-11,1.9742925393760438e-11
906,"(1.0, 2.0, 3.0, 6.0, 7.0, 11.0, 11.0, 13.0)",50651055000.00002,1,-25.774105636394115,1.0,1.0,6.403953151068741e-12,1.974292539415022e-11,1.9742925393760438e-11
907,"(1.0, 2.0, 3.0, 6.0, 7.0, 11.0, 11.0, 14.0)",50651055000.00002,2,-25.68376287001785,2.0,2.0,7.009443041624924e-12,3.948585078830044e-11,3.948585078674131e-11
908,"(1.0, 2.0, 3.0, 6.0, 7.0, 11.0, 13.0, 13.0)",40520844000.000015,1,-25.76934699358224,1.0,1.0,6.434499899587868e-12,2.467865674268778e-11,2.467865674207874e-11
909,"(1.0, 2.0, 3.0, 6.0, 8.0, 8.0, 8.0, 8.0)",3698331000.0,1,-24.86379890421132,1.0,1.0,1.5914365815533108e-11,2.7039223909379664e-10,2.703922390206847e-10
910,"(1.0, 2.0, 3.0, 6.0, 8.0, 8.0, 13.0, 14.0)",33767370000.0,1,-25.293240633731923,1.0,1.0,1.035822077478385e-11,2.9614388091225344e-11,2.961438809034833e-11
911,"(1.0, 2.0, 3.0, 6.0, 8.0, 9.0, 13.0, 14.0)",67534740000.0,1,-25.92866605421642,1.0,1.0,5.4868540676874715e-12,1.4807194045612672e-11,1.4807194045393417e-11
912,"(1.0, 2.0, 3.0, 6.0, 8.0, 11.0, 11.0, 12.0)",40520844000.0,1,-25.775820053475726,1.0,1.0,6.392983510353273e-12,2.467865674268779e-11,2.467865674207875e-11
913,"(1.0, 2.0, 3.0, 6.0, 8.0, 11.0, 12.0, 14.0)",67534740000.0,1,-25.680718644287587,1.0,1.0,7.030813880812143e-12,1.4807194045612672e-11,1.4807194045393417e-11
914,"(1.0, 2.0, 3.0, 6.0, 8.0, 13.0, 13.0, 14.0)",25663201200.000004,1,-25.553132881680355,1.0,1.0,7.987583186607688e-12,3.896630012003334e-11,3.8966300118514967e-11
915,"(1.0, 2.0, 3.0, 6.0, 9.0, 9.0, 13.0, 13.0)",16883685000.0,1,-26.654434241077183,1.0,1.0,2.6553776213701127e-12,5.922877618245069e-11,5.922877617894264e-11
916,"(1.0, 2.0, 3.0, 6.0, 11.0, 12.0, 12.0, 14.0)",25663201200.000004,1,-26.06343801203138,1.0,1.0,4.795045051930315e-12,3.896630012003334e-11,3.8966300118514967e-11
917,"(1.0, 2.0, 3.0, 7.0, 7.0, 7.0, 8.0, 11.0)",23315565000.00001,1,-25.151421767321832,1.0,1.0,1.193648109190961e-11,4.288980344246427e-11,4.2889803440624736e-11
918,"(1.0, 2.0, 3.0, 7.0, 7.0, 7.0, 9.0, 9.0)",11657782500.000006,1,-26.15762171753052,1.0,1.0,4.364045082217172e-12,8.577960688492854e-11,8.577960687757039e-11
919,"(1.0, 2.0, 3.0, 7.0, 7.0, 7.0, 11.0, 12.0)",19585074600.00001,1,-25.534141135065624,1.0,1.0,8.14073101172883e-12,5.105928981245746e-11,5.105928980985041e-11
920,"(1.0, 2.0, 3.0, 7.0, 7.0, 8.0, 9.0, 11.0)",57886920000.00002,2,-25.665734485092585,2.0,2.0,7.136957969239035e-12,3.455011943976289e-11,3.455011943856918e-11
921,"(1.0, 2.0, 3.0, 7.0, 7.0, 8.0, 11.0, 11.0)",28943460000.00001,1,-25.2949599553684,1.0,1.0,1.034042696271669e-11,3.455011943976289e-11,3.455011943856918e-11
922,"(1.0, 2.0, 3.0, 7.0, 7.0, 9.0, 9.0, 13.0)",25325527500.00001,1,-26.29640126276521,1.0,1.0,3.798551664517895e-12,3.948585078830044e-11,3.948585078674131e-11
923,"(1.0, 2.0, 3.0, 7.0, 7.0, 9.0, 11.0, 12.0)",50651055000.00002,1,-26.048453852836374,1.0,1.0,4.8674357729238216e-12,1.974292539415022e-11,1.9742925393760438e-11
924,"(1.0, 2.0, 3.0, 7.0, 7.0, 11.0, 11.0, 12.0)",25325527500.00001,1,-25.677679323112187,1.0,1.0,7.05221528872194e-12,3.948585078830044e-11,3.948585078674131e-11
925,"(1.0, 2.0, 3.0, 7.0, 7.0, 13.0, 13.0, 14.0)",14805693000.000004,1,-25.454992151316816,1.0,1.0,8.811246920519628e-12,6.754158687472445e-11,6.754158687016259e-11
926,"(1.0, 2.0, 3.0, 7.0, 8.0, 8.0, 11.0, 11.0)",22189986000.0,2,-25.173847252654653,2.0,2.0,1.1671778841662664e-11,9.013074636459887e-11,9.013074635647533e-11
927,"(1.0, 2.0, 3.0, 7.0, 8.0, 8.0, 11.0, 12.0)",40520844000.0,1,-25.29191572963813,1.0,1.0,1.0371953519168552e-11,2.467865674268779e-11,2.467865674207875e-11
928,"(1.0, 2.0, 3.0, 7.0, 8.0, 8.0, 11.0, 13.0)",40520844000.0,2,-25.16908860984278,2.0,2.0,1.1727453029876761e-11,4.935731348537558e-11,4.9357313482939434e-11
929,"(1.0, 2.0, 3.0, 7.0, 8.0, 8.0, 12.0, 14.0)",33767370000.0,2,-25.19681432045,2.0,2.0,1.14067672246629e-11,5.922877618245069e-11,5.922877617894264e-11
930,"(1.0, 2.0, 3.0, 7.0, 8.0, 8.0, 13.0, 13.0)",16883685000.0,1,-25.164329967030906,1.0,1.0,1.1783392783029662e-11,5.922877618245069e-11,5.922877617894264e-11
931,"(1.0, 2.0, 3.0, 7.0, 8.0, 9.0, 9.0, 11.0)",44379972000.0,1,-26.180047202863346,1.0,1.0,4.267268440546357e-12,2.253268659114972e-11,2.2532686590641998e-11
932,"(1.0, 2.0, 3.0, 7.0, 8.0, 9.0, 11.0, 11.0)",44379972000.0,1,-25.809272673139155,1.0,1.0,6.18265903063468e-12,2.253268659114972e-11,2.2532686590641998e-11
933,"(1.0, 2.0, 3.0, 7.0, 8.0, 9.0, 11.0, 14.0)",81041688000.0,1,-25.714171263951016,1.0,1.0,6.799505248608528e-12,1.2339328371343894e-11,1.2339328371191635e-11
934,"(1.0, 2.0, 3.0, 7.0, 8.0, 9.0, 13.0, 13.0)",33767370000.0,1,-25.799755387515404,1.0,1.0,6.24178206165669e-12,2.9614388091225344e-11,2.961438809034833e-11
935,"(1.0, 2.0, 3.0, 7.0, 8.0, 11.0, 11.0, 12.0)",40520844000.0,1,-25.55656662039845,1.0,1.0,7.960202948150646e-12,2.467865674268779e-11,2.467865674207875e-11
936,"(1.0, 2.0, 3.0, 7.0, 8.0, 11.0, 11.0, 13.0)",40520844000.0,3,-25.43373950060309,3.0,3.0,9.000513356543434e-12,7.403597022806336e-11,7.403597022258203e-11
937,"(1.0, 2.0, 3.0, 7.0, 8.0, 11.0, 11.0, 14.0)",40520844000.0,1,-25.343396734226825,1.0,1.0,9.851506441384076e-12,2.467865674268779e-11,2.467865674207875e-11
938,"(1.0, 2.0, 3.0, 7.0, 8.0, 12.0, 12.0, 14.0)",25663201200.000004,1,-25.579533688193788,2.0,4.0,7.779463895127727e-12,7.793260024006668e-11,1.5586520047405987e-10
939,"(1.0, 2.0, 3.0, 7.0, 8.0, 12.0, 13.0, 14.0)",51326402400.00001,1,-25.45670656839843,1.0,1.0,8.796153710014576e-12,1.948315006001667e-11,1.948315005963708e-11
940,"(1.0, 2.0, 3.0, 7.0, 9.0, 9.0, 9.0, 12.0)",13506948000.0,1,-26.933541100331325,2.0,4.0,2.008684470677512e-12,1.4807194045612672e-10,2.9614388089032814e-10
941,"(1.0, 2.0, 3.0, 7.0, 9.0, 11.0, 11.0, 13.0)",40520844000.0,1,-26.069164921087587,1.0,1.0,4.76766274781938e-12,2.467865674268779e-11,2.467865674207875e-11
942,"(1.0, 2.0, 3.0, 7.0, 9.0, 11.0, 12.0, 12.0)",33767370000.0,1,-26.310060517866425,1.0,1.0,3.747019028253211e-12,2.9614388091225344e-11,2.961438809034833e-11
943,"(1.0, 2.0, 3.0, 7.0, 9.0, 11.0, 12.0, 13.0)",67534740000.0,1,-26.18723339807107,1.0,1.0,4.23671293692964e-12,1.4807194045612672e-11,1.4807194045393417e-11
944,"(1.0, 2.0, 3.0, 7.0, 9.0, 12.0, 13.0, 14.0)",51326402400.00001,1,-26.09213198888293,1.0,1.0,4.659411380889866e-12,1.948315006001667e-11,1.948315005963708e-11
945,"(1.0, 2.0, 3.0, 8.0, 8.0, 9.0, 11.0, 12.0)",30063852000.000004,1,-25.80622844740889,1.0,1.0,6.201509117739813e-12,3.3262537348840056e-11,3.326253734773366e-11
946,"(1.0, 2.0, 3.0, 8.0, 8.0, 12.0, 12.0, 13.0)",10348065000.000002,1,-25.548763751856303,1.0,1.0,8.02255832435156e-12,9.663642429768269e-11,9.663642428834409e-11
947,"(1.0, 2.0, 3.0, 8.0, 9.0, 9.0, 9.0, 13.0)",10021284000.000002,1,-26.689601277822224,1.0,1.0,2.563618759104963e-12,9.978761204652016e-11,9.97876120365626e-11
948,"(1.0, 2.0, 3.0, 8.0, 9.0, 9.0, 13.0, 14.0)",26142480000.000004,1,-26.22372533890989,1.0,1.0,4.084893990342385e-12,3.825191795116607e-11,3.8251917949702856e-11
949,"(1.0, 2.0, 3.0, 8.0, 9.0, 12.0, 13.0, 14.0)",41392260000.00001,1,-25.971019286169188,1.0,1.0,5.259320467728949e-12,2.4159106074420672e-11,2.415910607383701e-11
950,"(1.0, 2.0, 3.0, 8.0, 11.0, 12.0, 13.0, 13.0)",20696130000.000004,1,-25.69058752282126,2.0,4.0,6.961768891320992e-12,9.663642429768269e-11,1.9327284858602677e-10
951,"(1.0, 2.0, 3.0, 8.0, 12.0, 12.0, 13.0, 14.0)",14901213600.000004,1,-25.71831323342848,1.0,1.0,6.771400150816256e-12,6.710862798450186e-11,6.710862797999829e-11
952,"(1.0, 2.0, 3.0, 9.0, 11.0, 12.0, 12.0, 13.0)",20696130000.000004,1,-26.44884006310112,1.0,1.0,3.2614799110920614e-12,4.8318212148841344e-11,4.831821214650669e-11
953,"(1.0, 2.0, 4.0, 4.0, 4.0, 4.0, 6.0, 9.0)",9277140600.0,1,-26.808971233137413,2.0,4.0,2.275158869680105e-12,2.1558366809704275e-10,4.311673361476092e-10
954,"(1.0, 2.0, 4.0, 4.0, 4.0, 4.0, 8.0, 11.0)",8589945000.000002,1,-26.0978305676222,1.0,1.0,4.632934869150031e-12,1.1641518077240305e-10,1.1641518075885056e-10
955,"(1.0, 2.0, 4.0, 4.0, 4.0, 6.0, 7.0, 12.0)",29972300400.0,1,-26.32033151821736,1.0,1.0,3.708730362548205e-12,3.3364139110256616e-11,3.336413910914345e-11
956,"(1.0, 2.0, 4.0, 4.0, 4.0, 6.0, 9.0, 12.0)",28862215200.00001,1,-26.834644235988115,1.0,1.0,2.2174921162223823e-12,3.4647375229881856e-11,3.4647375228681416e-11
957,"(1.0, 2.0, 4.0, 4.0, 4.0, 6.0, 11.0, 12.0)",28862215200.00001,1,-26.463869706263925,1.0,1.0,3.21282756141026e-12,3.4647375229881856e-11,3.4647375228681416e-11
958,"(1.0, 2.0, 4.0, 4.0, 4.0, 6.0, 11.0, 14.0)",28862215200.00001,1,-26.250699820092304,1.0,1.0,3.97617895202568e-12,3.4647375229881856e-11,3.4647375228681416e-11
959,"(1.0, 2.0, 4.0, 4.0, 4.0, 6.0, 14.0, 14.0)",11100852000.000002,1,-26.155598410904165,1.0,1.0,4.372883822275087e-12,9.008317559769285e-11,9.008317558957787e-11
960,"(1.0, 2.0, 4.0, 4.0, 4.0, 7.0, 7.0, 11.0)",18554281200.0,1,-25.983009608156596,1.0,1.0,5.1966360759047624e-12,5.389591702426069e-11,5.389591702135592e-11
961,"(1.0, 2.0, 4.0, 4.0, 4.0, 7.0, 8.0, 8.0)",17179890000.000004,1,-25.597246014682543,2.0,4.0,7.642884629673085e-12,1.1641518077240305e-10,2.328303615312536e-10
962,"(1.0, 2.0, 4.0, 4.0, 4.0, 7.0, 9.0, 11.0)",34359780000.00001,1,-26.49732232592735,1.0,1.0,3.1071278854788644e-12,2.9103795193100763e-11,2.9103795192253733e-11
963,"(1.0, 2.0, 4.0, 4.0, 4.0, 8.0, 9.0, 11.0)",29451240000.00001,1,-26.376209623213605,1.0,1.0,3.507177183575815e-12,3.395442772528422e-11,3.395442772413132e-11
964,"(1.0, 2.0, 4.0, 4.0, 4.0, 8.0, 11.0, 12.0)",25769835000.00001,1,-26.1235035704729,1.0,1.0,4.515507327519722e-12,3.880506025746768e-11,3.880506025596185e-11
965,"(1.0, 2.0, 4.0, 4.0, 4.0, 8.0, 11.0, 14.0)",25769835000.00001,1,-25.91033368430128,1.0,1.0,5.588368765586844e-12,3.880506025746768e-11,3.880506025596185e-11
966,"(1.0, 2.0, 4.0, 4.0, 4.0, 9.0, 13.0, 14.0)",20615868000.00001,1,-26.5410004619739,1.0,1.0,2.9743355037192636e-12,4.850632532183459e-11,4.850632531948173e-11
967,"(1.0, 2.0, 4.0, 4.0, 6.0, 6.0, 6.0, 7.0)",18554281200.000004,1,-26.26129805716253,1.0,1.0,3.9342609854924924e-12,5.3895917024260675e-11,5.389591702135591e-11
968,"(1.0, 2.0, 4.0, 4.0, 6.0, 6.0, 7.0, 11.0)",55662843600.0,1,-26.185582812131813,1.0,1.0,4.24371177023093e-12,1.796530567475356e-11,1.7965305674430808e-11
969,"(1.0, 2.0, 4.0, 4.0, 6.0, 6.0, 8.0, 9.0)",51539670000.000015,1,-26.43524463914226,1.0,1.0,3.3061239025646806e-12,1.9402530128733843e-11,1.9402530128357385e-11
970,"(1.0, 2.0, 4.0, 4.0, 6.0, 6.0, 9.0, 11.0)",51539670000.000015,1,-26.69989552990257,1.0,1.0,2.53736359187393e-12,1.9402530128733843e-11,1.9402530128357385e-11
971,"(1.0, 2.0, 4.0, 4.0, 6.0, 6.0, 11.0, 11.0)",25769835000.000008,1,-26.32912100017838,2.0,4.0,3.67627538409429e-12,7.761012051493537e-11,1.5522024102384742e-10
972,"(1.0, 2.0, 4.0, 4.0, 6.0, 7.0, 7.0, 8.0)",55662843600.0,1,-25.70167848829422,1.0,1.0,6.884982756220385e-12,1.796530567475356e-11,1.7965305674430808e-11
973,"(1.0, 2.0, 4.0, 4.0, 6.0, 7.0, 7.0, 11.0)",55662843600.0,1,-25.96632937905453,1.0,1.0,5.284044122714663e-12,1.796530567475356e-11,1.7965305674430808e-11
974,"(1.0, 2.0, 4.0, 4.0, 6.0, 7.0, 8.0, 11.0)",103079340000.00005,1,-25.84521667634079,1.0,1.0,5.964375998426777e-12,9.70126506436692e-12,9.701265064272805e-12
975,"(1.0, 2.0, 4.0, 4.0, 6.0, 7.0, 8.0, 13.0)",86586645600.00005,1,-25.84045803352891,1.0,1.0,5.992825971341896e-12,1.1549125076627284e-11,1.15491250764939e-11
976,"(1.0, 2.0, 4.0, 4.0, 6.0, 7.0, 9.0, 11.0)",103079340000.00005,1,-26.480642096825285,2.0,4.0,3.1593901520088526e-12,1.940253012873384e-11,3.880506025709122e-11
977,"(1.0, 2.0, 4.0, 4.0, 6.0, 7.0, 9.0, 13.0)",86586645600.00005,1,-26.475883454013413,1.0,1.0,3.1744603897464666e-12,1.1549125076627284e-11,1.15491250764939e-11
978,"(1.0, 2.0, 4.0, 4.0, 6.0, 7.0, 11.0, 13.0)",86586645600.00005,2,-26.105108924289222,3.0,5.0,4.599337133228299e-12,3.464737522988185e-11,5.774562538193598e-11
979,"(1.0, 2.0, 4.0, 4.0, 6.0, 7.0, 11.0, 14.0)",86586645600.00005,1,-26.01476615791296,1.0,1.0,5.0342016726362165e-12,1.1549125076627284e-11,1.15491250764939e-11
980,"(1.0, 2.0, 4.0, 4.0, 6.0, 8.0, 8.0, 9.0)",44176860000.00002,2,-26.09487850335124,2.0,2.0,4.646631797806759e-12,4.5272570300378955e-11,4.527257029832935e-11
981,"(1.0, 2.0, 4.0, 4.0, 6.0, 8.0, 8.0, 11.0)",44176860000.00002,1,-25.724103973627045,1.0,1.0,6.732302044505565e-12,2.2636285150189478e-11,2.2636285149677075e-11
982,"(1.0, 2.0, 4.0, 4.0, 6.0, 8.0, 9.0, 13.0)",77309505000.00005,1,-26.354770751299668,1.0,1.0,3.583178890420257e-12,1.2935020085822558e-11,1.2935020085655243e-11
983,"(1.0, 2.0, 4.0, 4.0, 6.0, 8.0, 11.0, 13.0)",77309505000.00005,1,-25.98399622157548,1.0,1.0,5.1915115334061e-12,1.2935020085822558e-11,1.2935020085655243e-11
984,"(1.0, 2.0, 4.0, 4.0, 6.0, 9.0, 11.0, 12.0)",77309505000.00005,1,-26.742248761855336,1.0,1.0,2.432142008551214e-12,1.2935020085822558e-11,1.2935020085655243e-11
985,"(1.0, 2.0, 4.0, 4.0, 6.0, 9.0, 12.0, 14.0)",61847604000.00004,1,-26.6471473526672,1.0,1.0,2.6747977319408424e-12,1.6168775107278195e-11,1.6168775107016768e-11
986,"(1.0, 2.0, 4.0, 4.0, 6.0, 11.0, 11.0, 13.0)",38654752500.00002,1,-26.24864711233579,1.0,1.0,3.984349268168581e-12,2.5870040171645115e-11,2.5870040170975855e-11
987,"(1.0, 2.0, 4.0, 4.0, 6.0, 11.0, 12.0, 13.0)",61847604000.00004,1,-26.36671558931927,1.0,1.0,3.540633006690069e-12,1.6168775107278195e-11,1.6168775107016768e-11
988,"(1.0, 2.0, 4.0, 4.0, 7.0, 7.0, 8.0, 11.0)",51539670000.000015,3,-25.625963243263502,3.0,3.0,7.426523677038657e-12,5.8207590386201526e-11,5.82075903828134e-11
989,"(1.0, 2.0, 4.0, 4.0, 7.0, 7.0, 9.0, 14.0)",43293322800.00002,1,-26.16628725455987,1.0,1.0,4.326391667111672e-12,2.3098250153254567e-11,2.309825015272104e-11
990,"(1.0, 2.0, 4.0, 4.0, 7.0, 7.0, 11.0, 13.0)",43293322800.00002,1,-25.88585549121194,1.0,1.0,5.726849904769993e-12,2.3098250153254567e-11,2.309825015272104e-11
991,"(1.0, 2.0, 4.0, 4.0, 7.0, 7.0, 11.0, 14.0)",43293322800.00002,1,-25.795512724835675,1.0,1.0,6.26832009361613e-12,2.3098250153254567e-11,2.309825015272104e-11
992,"(1.0, 2.0, 4.0, 4.0, 7.0, 8.0, 8.0, 11.0)",44176860000.00002,1,-25.50485054054976,1.0,1.0,8.382704334482604e-12,2.2636285150189478e-11,2.2636285149677075e-11
993,"(1.0, 2.0, 4.0, 4.0, 7.0, 8.0, 8.0, 13.0)",38654752500.00002,1,-25.50009189773789,1.0,1.0,8.422689692772227e-12,2.5870040171645115e-11,2.5870040170975855e-11
994,"(1.0, 2.0, 4.0, 4.0, 7.0, 8.0, 9.0, 9.0)",44176860000.00002,1,-26.51105049075845,1.0,1.0,3.0647641750443955e-12,2.2636285150189478e-11,2.2636285149677075e-11
995,"(1.0, 2.0, 4.0, 4.0, 7.0, 8.0, 9.0, 11.0)",88353720000.00005,2,-26.140275961034263,2.0,2.0,4.4404030746136425e-12,2.2636285150189478e-11,2.2636285149677075e-11
996,"(1.0, 2.0, 4.0, 4.0, 7.0, 8.0, 11.0, 13.0)",77309505000.00005,1,-25.7647427884982,1.0,1.0,6.4641939630615175e-12,1.2935020085822558e-11,1.2935020085655243e-11
997,"(1.0, 2.0, 4.0, 4.0, 7.0, 9.0, 11.0, 11.0)",44176860000.00002,1,-26.40492685179457,1.0,1.0,3.407893178482984e-12,2.2636285150189478e-11,2.2636285149677075e-11
998,"(1.0, 2.0, 4.0, 4.0, 7.0, 9.0, 11.0, 14.0)",77309505000.00005,1,-26.30982544260643,1.0,1.0,3.747899963264436e-12,1.2935020085822558e-11,1.2935020085655243e-11
999,"(1.0, 2.0, 4.0, 4.0, 7.0, 11.0, 11.0, 14.0)",38654752500.00002,1,-25.939050912882244,1.0,1.0,5.430168707836283e-12,2.5870040171645115e-11,2.5870040170975855e-11
1000,"(1.0, 2.0, 4.0, 4.0, 8.0, 8.0, 9.0, 9.0)",17518410000.000008,1,-26.38993778804471,1.0,1.0,3.4593590556700426e-12,5.7082806030912595e-11,5.708280602765415e-11
1001,"(1.0, 2.0, 4.0, 4.0, 8.0, 8.0, 11.0, 14.0)",31990140000.00001,1,-25.55328731940819,1.0,1.0,7.98634969766051e-12,3.1259631874071185e-11,3.125963187309402e-11
1002,"(1.0, 2.0, 4.0, 4.0, 8.0, 8.0, 14.0, 14.0)",13329225000.000006,1,-25.458185910220053,1.0,1.0,8.783150812198562e-12,7.502311649777084e-11,7.502311649214237e-11
1003,"(1.0, 2.0, 4.0, 4.0, 8.0, 9.0, 9.0, 11.0)",35036820000.000015,1,-26.654588678805016,1.0,1.0,2.6549675625488216e-12,2.8541403015456298e-11,2.8541403014641686e-11
1004,"(1.0, 2.0, 4.0, 4.0, 8.0, 9.0, 9.0, 12.0)",31990140000.00001,1,-26.7726571557885,1.0,1.0,2.3592976295405617e-12,3.1259631874071185e-11,3.125963187309402e-11
1005,"(1.0, 2.0, 4.0, 4.0, 8.0, 9.0, 11.0, 14.0)",63980280000.00003,1,-26.18871273989269,1.0,1.0,4.2304500239325695e-12,1.5629815937035592e-11,1.5629815936791303e-11
1006,"(1.0, 2.0, 4.0, 4.0, 8.0, 11.0, 11.0, 12.0)",31990140000.00001,1,-26.03110809634012,1.0,1.0,4.952601626332082e-12,3.1259631874071185e-11,3.125963187309402e-11
1007,"(1.0, 2.0, 4.0, 4.0, 8.0, 12.0, 13.0, 13.0)",20260422000.00001,1,-26.02159081071637,1.0,1.0,4.999961964035071e-12,4.9357313485375545e-11,4.93573134829394e-11
1008,"(1.0, 2.0, 4.0, 4.0, 11.0, 11.0, 11.0, 14.0)",10663380000.000006,1,-26.082589100928807,1.0,1.0,4.704088456745351e-12,9.377889562221354e-11,9.377889561341906e-11
1009,"(1.0, 2.0, 4.0, 4.0, 11.0, 11.0, 12.0, 12.0)",13329225000.000006,1,-26.41382746408391,1.0,1.0,3.3776954311557737e-12,7.502311649777084e-11,7.502311649214237e-11
1010,"(1.0, 2.0, 4.0, 6.0, 6.0, 6.0, 7.0, 7.0)",18554281200.000004,1,-26.025364394983185,1.0,1.0,4.981129741070518e-12,5.3895917024260675e-11,5.389591702135591e-11
1011,"(1.0, 2.0, 4.0, 6.0, 6.0, 6.0, 7.0, 11.0)",37108562400.0,1,-26.16890258302975,1.0,1.0,4.315091515058533e-12,2.6947958512130344e-11,2.694795851140415e-11
1012,"(1.0, 2.0, 4.0, 6.0, 6.0, 7.0, 7.0, 11.0)",55662843600.0,2,-25.94964914995247,2.0,2.0,5.3729223834351455e-12,3.593061134950712e-11,3.593061134821611e-11
1013,"(1.0, 2.0, 4.0, 6.0, 6.0, 7.0, 7.0, 13.0)",44958450599.99999,1,-25.94489050714059,1.0,1.0,5.39855113258243e-12,2.224275940683775e-11,2.2242759406343007e-11
1014,"(1.0, 2.0, 4.0, 6.0, 6.0, 7.0, 7.0, 14.0)",44958450599.99999,1,-25.85454774076433,1.0,1.0,5.9089808714201936e-12,2.224275940683775e-11,2.2242759406343007e-11
1015,"(1.0, 2.0, 4.0, 6.0, 6.0, 7.0, 8.0, 13.0)",86586645600.00005,2,-25.82377780442685,2.0,2.0,6.093626028412533e-12,2.3098250153254567e-11,2.309825015272104e-11
1016,"(1.0, 2.0, 4.0, 6.0, 6.0, 7.0, 9.0, 11.0)",103079340000.00005,1,-26.463961867723224,1.0,1.0,3.2125314761777556e-12,9.70126506436692e-12,9.701265064272805e-12
1017,"(1.0, 2.0, 4.0, 6.0, 6.0, 7.0, 12.0, 13.0)",66605112000.000015,1,-26.206497172170643,1.0,1.0,4.155878939648183e-12,1.5013862599615473e-11,1.5013862599390056e-11
1018,"(1.0, 2.0, 4.0, 6.0, 6.0, 8.0, 8.0, 9.0)",44176860000.00002,1,-26.07819827424917,1.0,1.0,4.724788706191082e-12,2.2636285150189478e-11,2.2636285149677075e-11
1019,"(1.0, 2.0, 4.0, 6.0, 6.0, 8.0, 8.0, 14.0)",38654752500.00002,1,-25.612322335336845,1.0,1.0,7.528522298025192e-12,2.5870040171645115e-11,2.5870040170975855e-11
1020,"(1.0, 2.0, 4.0, 6.0, 6.0, 8.0, 9.0, 11.0)",88353720000.00005,1,-26.342849165009483,1.0,1.0,3.6261517098879507e-12,1.1318142575094739e-11,1.1318142574966639e-11
1021,"(1.0, 2.0, 4.0, 6.0, 6.0, 8.0, 11.0, 12.0)",77309505000.00005,1,-26.090143112268773,1.0,1.0,4.668687596787712e-12,1.2935020085822558e-11,1.2935020085655243e-11
1022,"(1.0, 2.0, 4.0, 6.0, 6.0, 8.0, 11.0, 13.0)",77309505000.00005,1,-25.967315992473416,1.0,1.0,5.278833384791873e-12,1.2935020085822558e-11,1.2935020085655243e-11
1023,"(1.0, 2.0, 4.0, 6.0, 6.0, 8.0, 12.0, 14.0)",61847604000.00004,1,-25.995041703080638,1.0,1.0,5.134484315110729e-12,1.6168775107278195e-11,1.6168775107016768e-11
1024,"(1.0, 2.0, 4.0, 6.0, 6.0, 9.0, 9.0, 11.0)",44176860000.00002,1,-26.978274585493978,1.0,1.0,1.9208091516919645e-12,2.2636285150189478e-11,2.2636285149677075e-11
1025,"(1.0, 2.0, 4.0, 6.0, 6.0, 9.0, 9.0, 14.0)",38654752500.00002,2,-26.88317317630584,2.0,2.0,2.112449003542102e-12,5.174008034329023e-11,5.1740080340613196e-11
1026,"(1.0, 2.0, 4.0, 6.0, 6.0, 9.0, 11.0, 13.0)",77309505000.00005,2,-26.602741412957915,2.0,2.0,2.796251311856608e-12,2.5870040171645115e-11,2.5870040170975855e-11
1027,"(1.0, 2.0, 4.0, 6.0, 6.0, 9.0, 11.0, 14.0)",77309505000.00005,2,-26.51239864658165,2.0,2.0,3.0606351792653005e-12,2.5870040171645115e-11,2.5870040170975855e-11
1028,"(1.0, 2.0, 4.0, 6.0, 6.0, 9.0, 12.0, 13.0)",61847604000.00004,1,-26.7208098899414,1.0,1.0,2.484847342289014e-12,1.6168775107278195e-11,1.6168775107016768e-11
1029,"(1.0, 2.0, 4.0, 6.0, 6.0, 9.0, 13.0, 14.0)",61847604000.00004,1,-26.507640003769776,1.0,1.0,3.0752343574485777e-12,1.6168775107278195e-11,1.6168775107016768e-11
1030,"(1.0, 2.0, 4.0, 6.0, 6.0, 11.0, 12.0, 14.0)",61847604000.00004,1,-26.259692593840946,1.0,1.0,3.940582370220118e-12,1.6168775107278195e-11,1.6168775107016768e-11
1031,"(1.0, 2.0, 4.0, 6.0, 6.0, 11.0, 13.0, 14.0)",61847604000.00004,1,-26.136865474045585,1.0,1.0,4.455572865006625e-12,1.6168775107278195e-11,1.6168775107016768e-11
1032,"(1.0, 2.0, 4.0, 6.0, 7.0, 7.0, 7.0, 7.0)",9277140600.000002,2,-25.58685752882862,2.0,2.0,7.722696472856089e-12,2.155836680970427e-10,2.155836680505664e-10
1033,"(1.0, 2.0, 4.0, 6.0, 7.0, 7.0, 7.0, 8.0)",37108562400.0,2,-25.46574482611488,2.0,2.0,8.71701000524088e-12,5.389591702426069e-11,5.389591702135592e-11
1034,"(1.0, 2.0, 4.0, 6.0, 7.0, 7.0, 7.0, 9.0)",37108562400.0,1,-26.101170246599377,2.0,4.0,4.6174881618437385e-12,5.389591702426069e-11,1.077918340456166e-10
1035,"(1.0, 2.0, 4.0, 6.0, 7.0, 7.0, 7.0, 11.0)",37108562400.0,1,-25.730395716875183,1.0,1.0,6.690077102113794e-12,2.6947958512130344e-11,2.694795851140415e-11
1036,"(1.0, 2.0, 4.0, 6.0, 7.0, 7.0, 7.0, 12.0)",29972300400.0,1,-25.848464193858668,1.0,1.0,5.945038000128267e-12,3.3364139110256616e-11,3.336413910914345e-11
1037,"(1.0, 2.0, 4.0, 6.0, 7.0, 7.0, 8.0, 9.0)",103079340000.00005,1,-25.98005754388564,1.0,1.0,5.211999545410998e-12,9.70126506436692e-12,9.701265064272805e-12
1038,"(1.0, 2.0, 4.0, 6.0, 7.0, 7.0, 8.0, 11.0)",103079340000.00005,3,-25.60928301416144,3.0,3.0,7.551438702781397e-12,2.9103795193100756e-11,2.9103795192253727e-11
1039,"(1.0, 2.0, 4.0, 6.0, 7.0, 7.0, 8.0, 12.0)",86586645600.00005,2,-25.727351491144923,2.0,2.0,6.710474237956138e-12,2.3098250153254567e-11,2.309825015272104e-11
1040,"(1.0, 2.0, 4.0, 6.0, 7.0, 7.0, 9.0, 11.0)",103079340000.00005,2,-26.244708434645943,3.0,5.0,4.000073281322117e-12,2.9103795193100756e-11,4.8506325320987566e-11
1041,"(1.0, 2.0, 4.0, 6.0, 7.0, 7.0, 9.0, 13.0)",86586645600.00005,1,-26.239949791834068,1.0,1.0,4.019153563407291e-12,1.1549125076627284e-11,1.15491250764939e-11
1042,"(1.0, 2.0, 4.0, 6.0, 7.0, 7.0, 11.0, 14.0)",86586645600.00005,1,-25.778832495733614,1.0,1.0,6.373753995116869e-12,1.1549125076627284e-11,1.15491250764939e-11
1043,"(1.0, 2.0, 4.0, 6.0, 7.0, 8.0, 8.0, 9.0)",88353720000.00005,2,-25.85894484117189,2.0,2.0,5.883055529159801e-12,2.2636285150189478e-11,2.2636285149677075e-11
1044,"(1.0, 2.0, 4.0, 6.0, 7.0, 8.0, 8.0, 11.0)",88353720000.00005,2,-25.4881703114477,2.0,2.0,8.523702434437928e-12,2.2636285150189478e-11,2.2636285149677075e-11
1045,"(1.0, 2.0, 4.0, 6.0, 7.0, 8.0, 8.0, 12.0)",77309505000.00005,1,-25.60623878843118,1.0,1.0,7.574462013077343e-12,1.2935020085822558e-11,1.2935020085655243e-11
1046,"(1.0, 2.0, 4.0, 6.0, 7.0, 8.0, 8.0, 13.0)",77309505000.00005,2,-25.483411668635824,2.0,2.0,8.56436035128624e-12,2.5870040171645115e-11,2.5870040170975855e-11
1047,"(1.0, 2.0, 4.0, 6.0, 7.0, 8.0, 8.0, 14.0)",77309505000.00005,2,-25.39306890225956,2.0,2.0,9.374115433726e-12,2.5870040171645115e-11,2.5870040170975855e-11
1048,"(1.0, 2.0, 4.0, 6.0, 7.0, 8.0, 9.0, 11.0)",176707440000.0001,1,-26.1235957319322,1.0,1.0,4.51509119095111e-12,5.659071287547369e-12,5.6590712875153444e-12
1049,"(1.0, 2.0, 4.0, 6.0, 7.0, 8.0, 9.0, 12.0)",154619010000.0001,1,-26.24166420891568,1.0,1.0,4.012268961110737e-12,6.467510042911279e-12,6.4675100428694505e-12
1050,"(1.0, 2.0, 4.0, 6.0, 7.0, 8.0, 11.0, 12.0)",154619010000.0001,1,-25.87088967919149,2.0,4.0,5.813201412416988e-12,1.2935020085822558e-11,2.5870040171477802e-11
1051,"(1.0, 2.0, 4.0, 6.0, 7.0, 8.0, 12.0, 12.0)",61847604000.00004,1,-25.988958156174974,1.0,1.0,5.165815396701309e-12,1.6168775107278195e-11,1.6168775107016768e-11
1052,"(1.0, 2.0, 4.0, 6.0, 7.0, 8.0, 12.0, 13.0)",123695208000.00008,1,-25.866131036379613,1.0,1.0,5.8409302851065864e-12,8.084387553639098e-12,8.08438755357374e-12
1053,"(1.0, 2.0, 4.0, 6.0, 7.0, 9.0, 9.0, 12.0)",77309505000.00005,1,-26.87708962940018,1.0,1.0,2.125339355917131e-12,1.2935020085822558e-11,1.2935020085655243e-11
1054,"(1.0, 2.0, 4.0, 6.0, 7.0, 9.0, 11.0, 13.0)",154619010000.0001,1,-26.383487979880638,2.0,4.0,3.4817433676097616e-12,1.2935020085822558e-11,2.5870040171477802e-11
1055,"(1.0, 2.0, 4.0, 6.0, 7.0, 9.0, 11.0, 14.0)",154619010000.0001,1,-26.29314521350437,1.0,1.0,3.810940093580033e-12,6.467510042911279e-12,6.4675100428694505e-12
1056,"(1.0, 2.0, 4.0, 6.0, 7.0, 11.0, 11.0, 12.0)",77309505000.00005,1,-26.1355405699518,1.0,1.0,4.461479984054635e-12,1.2935020085822558e-11,1.2935020085655243e-11
1057,"(1.0, 2.0, 4.0, 6.0, 8.0, 8.0, 8.0, 8.0)",5839470000.000003,2,-25.102406717973647,2.0,2.0,1.253612401802266e-11,3.4249683618547557e-10,3.424968360681715e-10
1058,"(1.0, 2.0, 4.0, 6.0, 8.0, 8.0, 8.0, 11.0)",23357880000.00001,3,-25.36705760873396,3.0,3.0,9.621147181408337e-12,1.2843631356955333e-10,1.2843631355305744e-10
1059,"(1.0, 2.0, 4.0, 6.0, 8.0, 8.0, 8.0, 14.0)",21326760000.00001,1,-25.27195619954582,1.0,1.0,1.0581052656061734e-11,4.688944781110677e-11,4.688944780890815e-11
1060,"(1.0, 2.0, 4.0, 6.0, 8.0, 8.0, 9.0, 12.0)",63980280000.00003,1,-26.120551506201934,1.0,1.0,4.528857090350598e-12,1.5629815937035592e-11,1.5629815936791303e-11
1061,"(1.0, 2.0, 4.0, 6.0, 8.0, 8.0, 9.0, 13.0)",63980280000.00003,2,-25.99772438640658,2.0,2.0,5.120728579042917e-12,3.1259631874071185e-11,3.125963187309402e-11
1062,"(1.0, 2.0, 4.0, 6.0, 8.0, 8.0, 9.0, 14.0)",63980280000.00003,1,-25.90738162003032,1.0,1.0,5.604890363764131e-12,1.5629815937035592e-11,1.5629815936791303e-11
1063,"(1.0, 2.0, 4.0, 6.0, 8.0, 8.0, 11.0, 11.0)",35036820000.000015,1,-25.631708499494263,1.0,1.0,7.383978728452535e-12,2.8541403015456298e-11,2.8541403014641686e-11
1064,"(1.0, 2.0, 4.0, 6.0, 8.0, 8.0, 11.0, 14.0)",63980280000.00003,2,-25.536607090306127,2.0,2.0,8.12068106472508e-12,3.1259631874071185e-11,3.125963187309402e-11
1065,"(1.0, 2.0, 4.0, 6.0, 8.0, 8.0, 13.0, 13.0)",26658450000.00001,1,-25.622191213870515,1.0,1.0,7.454589642181541e-12,3.751155824888542e-11,3.75115582474783e-11
1066,"(1.0, 2.0, 4.0, 6.0, 8.0, 9.0, 9.0, 11.0)",70073640000.00003,2,-26.637908449702955,2.0,2.0,2.6996244378035663e-12,2.8541403015456298e-11,2.8541403014641686e-11
1067,"(1.0, 2.0, 4.0, 6.0, 8.0, 9.0, 9.0, 12.0)",63980280000.00003,1,-26.75597692668644,1.0,1.0,2.3989813007904138e-12,1.5629815937035592e-11,1.5629815936791303e-11
1068,"(1.0, 2.0, 4.0, 6.0, 8.0, 9.0, 11.0, 12.0)",127960560000.00006,1,-26.38520239696225,1.0,1.0,3.475779321198871e-12,7.814907968517796e-12,7.814907968456724e-12
1069,"(1.0, 2.0, 4.0, 6.0, 8.0, 9.0, 11.0, 13.0)",127960560000.00006,1,-26.26237527716689,1.0,1.0,3.930025202701134e-12,7.814907968517796e-12,7.814907968456724e-12
1070,"(1.0, 2.0, 4.0, 6.0, 8.0, 9.0, 11.0, 14.0)",127960560000.00006,1,-26.172032510790626,1.0,1.0,4.301606704584767e-12,7.814907968517796e-12,7.814907968456724e-12
1071,"(1.0, 2.0, 4.0, 6.0, 8.0, 9.0, 13.0, 14.0)",106633800000.00005,2,-26.16727386797875,4.0,10.0,4.3221252960131276e-12,3.751155824888542e-11,9.377889562080644e-11
1072,"(1.0, 2.0, 4.0, 6.0, 8.0, 9.0, 14.0, 14.0)",53316900000.00002,1,-26.07693110160249,1.0,1.0,4.730779624162959e-12,1.875577912444271e-11,1.8755779124090932e-11
1073,"(1.0, 2.0, 4.0, 6.0, 8.0, 11.0, 11.0, 12.0)",63980280000.00003,1,-26.01442786723805,1.0,1.0,5.035904984208639e-12,1.5629815937035592e-11,1.5629815936791303e-11
1074,"(1.0, 2.0, 4.0, 6.0, 8.0, 11.0, 11.0, 14.0)",63980280000.00003,1,-25.801257981066435,1.0,1.0,6.232410242964366e-12,1.5629815937035592e-11,1.5629815936791303e-11
1075,"(1.0, 2.0, 4.0, 6.0, 8.0, 11.0, 12.0, 12.0)",53316900000.00002,1,-26.132496344221536,1.0,1.0,4.475082430170543e-12,1.875577912444271e-11,1.8755779124090932e-11
1076,"(1.0, 2.0, 4.0, 6.0, 8.0, 11.0, 12.0, 14.0)",106633800000.00005,1,-25.91932645804992,1.0,1.0,5.538339119455723e-12,9.377889562221355e-12,9.37788956213341e-12
1077,"(1.0, 2.0, 4.0, 6.0, 8.0, 11.0, 13.0, 14.0)",106633800000.00005,1,-25.796499338254563,1.0,1.0,6.26213873470512e-12,9.377889562221355e-12,9.37788956213341e-12
1078,"(1.0, 2.0, 4.0, 6.0, 9.0, 11.0, 11.0, 12.0)",63980280000.00003,1,-26.64985328772256,1.0,1.0,2.667569686712831e-12,1.5629815937035592e-11,1.5629815936791303e-11
1079,"(1.0, 2.0, 4.0, 6.0, 9.0, 11.0, 12.0, 14.0)",106633800000.00005,1,-26.554751878534415,1.0,1.0,2.9337141181423132e-12,9.377889562221355e-12,9.37788956213341e-12
1080,"(1.0, 2.0, 4.0, 6.0, 9.0, 11.0, 13.0, 14.0)",106633800000.00005,2,-26.431924758739054,2.0,2.0,3.317118078095541e-12,1.875577912444271e-11,1.8755779124090932e-11
1081,"(1.0, 2.0, 4.0, 6.0, 9.0, 12.0, 14.0, 14.0)",40520844000.00002,1,-26.45965046934628,1.0,1.0,3.2264118796436018e-12,2.4678656742687773e-11,2.4678656742078735e-11
1082,"(1.0, 2.0, 4.0, 6.0, 11.0, 12.0, 13.0, 14.0)",81041688000.00005,1,-26.179218705998352,1.0,1.0,4.27080532401756e-12,1.2339328371343886e-11,1.2339328371191627e-11
1083,"(1.0, 2.0, 4.0, 7.0, 7.0, 7.0, 7.0, 8.0)",9277140600.0,1,-25.246491393037594,1.0,1.0,1.085395709693348e-11,1.0779183404852138e-10,1.077918340369023e-10
1084,"(1.0, 2.0, 4.0, 7.0, 7.0, 7.0, 8.0, 11.0)",34359780000.00001,2,-25.39002958108416,3.0,5.0,9.402649721731861e-12,8.731138557930229e-11,1.4551897595788054e-10
1085,"(1.0, 2.0, 4.0, 7.0, 7.0, 7.0, 11.0, 11.0)",17179890000.000004,1,-25.654680471844472,1.0,1.0,7.216287645045126e-12,5.8207590386201526e-11,5.82075903828134e-11
1086,"(1.0, 2.0, 4.0, 7.0, 7.0, 7.0, 12.0, 13.0)",22201704000.000004,1,-25.767990306016078,1.0,1.0,6.4432354299489345e-12,4.5041587798846425e-11,4.504158779681768e-11
1087,"(1.0, 2.0, 4.0, 7.0, 7.0, 8.0, 8.0, 12.0)",38654752500.00002,1,-25.3869853553539,1.0,1.0,9.431317122828262e-12,2.5870040171645115e-11,2.5870040170975855e-11
1088,"(1.0, 2.0, 4.0, 7.0, 7.0, 8.0, 8.0, 13.0)",38654752500.00002,1,-25.26415823555854,1.0,1.0,1.0663885869082504e-11,2.5870040171645115e-11,2.5870040170975855e-11
1089,"(1.0, 2.0, 4.0, 7.0, 7.0, 8.0, 8.0, 14.0)",38654752500.00002,1,-25.17381546918228,4.0,16.0,1.1672149817218437e-11,1.0348016068658046e-10,4.139206427356137e-10
1090,"(1.0, 2.0, 4.0, 7.0, 7.0, 8.0, 9.0, 11.0)",88353720000.00005,4,-25.904342298854917,5.0,7.0,5.62195133949158e-12,5.659071287547369e-11,7.922699802246066e-11
1091,"(1.0, 2.0, 4.0, 7.0, 7.0, 8.0, 9.0, 13.0)",77309505000.00005,1,-25.89958365604304,1.0,1.0,5.64876795255904e-12,1.2935020085822558e-11,1.2935020085655243e-11
1092,"(1.0, 2.0, 4.0, 7.0, 7.0, 8.0, 9.0, 14.0)",77309505000.00005,1,-25.80924088966678,2.0,4.0,6.182855540130055e-12,2.5870040171645115e-11,5.174008034262097e-11
1093,"(1.0, 2.0, 4.0, 7.0, 7.0, 8.0, 11.0, 14.0)",77309505000.00005,2,-25.438466359942588,2.0,2.0,8.958069587813519e-12,2.5870040171645115e-11,2.5870040170975855e-11
1094,"(1.0, 2.0, 4.0, 7.0, 7.0, 8.0, 12.0, 13.0)",61847604000.00004,1,-25.64687760330233,1.0,1.0,7.27281564236021e-12,1.6168775107278195e-11,1.6168775107016768e-11
1095,"(1.0, 2.0, 4.0, 7.0, 7.0, 8.0, 12.0, 14.0)",61847604000.00004,1,-25.55653483692607,1.0,1.0,7.960455955061887e-12,1.6168775107278195e-11,1.6168775107016768e-11
1096,"(1.0, 2.0, 4.0, 7.0, 7.0, 8.0, 13.0, 14.0)",61847604000.00004,1,-25.433707717130712,1.0,1.0,9.000799428657235e-12,1.6168775107278195e-11,1.6168775107016768e-11
1097,"(1.0, 2.0, 4.0, 7.0, 7.0, 9.0, 9.0, 11.0)",44176860000.00002,1,-26.539767719339416,1.0,1.0,2.9780043548139283e-12,2.2636285150189478e-11,2.2636285149677075e-11
1098,"(1.0, 2.0, 4.0, 7.0, 7.0, 9.0, 13.0, 14.0)",61847604000.00004,1,-26.06913313761521,1.0,1.0,4.767814283104772e-12,1.6168775107278195e-11,1.6168775107016768e-11
1099,"(1.0, 2.0, 4.0, 7.0, 7.0, 9.0, 14.0, 14.0)",30923802000.00002,1,-25.97879037123895,1.0,1.0,5.2186082349604965e-12,3.233755021455639e-11,3.233755021351067e-11
1100,"(1.0, 2.0, 4.0, 7.0, 7.0, 11.0, 11.0, 14.0)",38654752500.00002,1,-25.703117250702896,1.0,1.0,6.875084024515455e-12,2.5870040171645115e-11,2.5870040170975855e-11
1101,"(1.0, 2.0, 4.0, 7.0, 8.0, 8.0, 8.0, 11.0)",23357880000.00001,3,-25.147804175656677,3.0,3.0,1.1979740606871372e-11,1.2843631356955333e-10,1.2843631355305744e-10
1102,"(1.0, 2.0, 4.0, 7.0, 8.0, 8.0, 9.0, 11.0)",70073640000.00003,1,-25.78322959614117,1.0,1.0,6.3457894852627405e-12,1.4270701507728149e-11,1.4270701507524496e-11
1103,"(1.0, 2.0, 4.0, 7.0, 8.0, 8.0, 9.0, 12.0)",63980280000.00003,2,-25.901298073124657,2.0,2.0,5.639091905051643e-12,3.1259631874071185e-11,3.125963187309402e-11
1104,"(1.0, 2.0, 4.0, 7.0, 8.0, 8.0, 9.0, 13.0)",63980280000.00003,1,-25.778470953329297,1.0,1.0,6.376058794076961e-12,1.5629815937035592e-11,1.5629815936791303e-11
1105,"(1.0, 2.0, 4.0, 7.0, 8.0, 8.0, 11.0, 12.0)",63980280000.00003,2,-25.530523543400463,2.0,2.0,8.17023418542723e-12,3.1259631874071185e-11,3.125963187309402e-11
1106,"(1.0, 2.0, 4.0, 7.0, 8.0, 8.0, 11.0, 13.0)",63980280000.00003,1,-25.40769642360511,1.0,1.0,9.237993351552592e-12,1.5629815937035592e-11,1.5629815936791303e-11
1107,"(1.0, 2.0, 4.0, 7.0, 8.0, 8.0, 11.0, 14.0)",63980280000.00003,1,-25.317353657228843,1.0,1.0,1.011144002604256e-11,1.5629815937035592e-11,1.5629815936791303e-11
1108,"(1.0, 2.0, 4.0, 7.0, 8.0, 9.0, 9.0, 11.0)",70073640000.00003,1,-26.41865501662567,1.0,1.0,3.3614287247733144e-12,1.4270701507728149e-11,1.4270701507524496e-11
1109,"(1.0, 2.0, 4.0, 7.0, 8.0, 9.0, 11.0, 11.0)",70073640000.00003,2,-26.047880486901484,3.0,5.0,4.870227395020312e-12,4.2812104523184446e-11,7.135350753680787e-11
1110,"(1.0, 2.0, 4.0, 7.0, 8.0, 9.0, 11.0, 13.0)",127960560000.00006,1,-26.043121844089605,1.0,1.0,4.893458297551498e-12,7.814907968517796e-12,7.814907968456724e-12
1111,"(1.0, 2.0, 4.0, 7.0, 8.0, 9.0, 11.0, 14.0)",127960560000.00006,1,-25.952779077713345,1.0,1.0,5.356131814850903e-12,7.814907968517796e-12,7.814907968456724e-12
1112,"(1.0, 2.0, 4.0, 7.0, 8.0, 9.0, 13.0, 14.0)",106633800000.00005,1,-25.94802043490147,1.0,1.0,5.3816804732692175e-12,9.377889562221355e-12,9.37788956213341e-12
1113,"(1.0, 2.0, 4.0, 7.0, 8.0, 11.0, 11.0, 11.0)",23357880000.00001,2,-25.677105957177293,3.0,5.0,7.0562599481581956e-12,1.2843631356955333e-10,2.1406052259942634e-10
1114,"(1.0, 2.0, 4.0, 7.0, 8.0, 11.0, 11.0, 12.0)",63980280000.00003,1,-25.79517443416077,1.0,1.0,6.2704409665666584e-12,1.5629815937035592e-11,1.5629815936791303e-11
1115,"(1.0, 2.0, 4.0, 7.0, 8.0, 11.0, 11.0, 13.0)",63980280000.00003,1,-25.672347314365418,1.0,1.0,7.089918189097389e-12,1.5629815937035592e-11,1.5629815936791303e-11
1116,"(1.0, 2.0, 4.0, 7.0, 8.0, 11.0, 12.0, 13.0)",106633800000.00005,4,-25.7904157913489,4.0,4.0,6.3003508642175545e-12,3.751155824888542e-11,3.75115582474783e-11
1117,"(1.0, 2.0, 4.0, 7.0, 8.0, 13.0, 13.0, 14.0)",40520844000.00002,1,-25.572487262365403,1.0,1.0,7.83447489830863e-12,2.4678656742687773e-11,2.4678656742078735e-11
1118,"(1.0, 2.0, 4.0, 7.0, 9.0, 9.0, 9.0, 13.0)",21326760000.00001,1,-27.049321794298294,1.0,1.0,1.7890760647154842e-12,4.688944781110677e-11,4.688944780890815e-11
1119,"(1.0, 2.0, 4.0, 7.0, 9.0, 9.0, 11.0, 11.0)",35036820000.000015,1,-26.68330590738598,1.0,1.0,2.579808595891593e-12,2.8541403015456298e-11,2.8541403014641686e-11
1120,"(1.0, 2.0, 4.0, 7.0, 9.0, 11.0, 13.0, 14.0)",106633800000.00005,1,-26.212671325661777,1.0,1.0,4.130298953823019e-12,9.377889562221355e-12,9.37788956213341e-12
1121,"(1.0, 2.0, 4.0, 7.0, 9.0, 12.0, 12.0, 13.0)",40520844000.00002,1,-26.54390968881688,1.0,1.0,2.965695061628959e-12,2.4678656742687773e-11,2.4678656742078735e-11
1122,"(1.0, 2.0, 4.0, 7.0, 9.0, 12.0, 13.0, 14.0)",81041688000.00005,1,-26.330739802645255,1.0,1.0,3.670329034714671e-12,1.2339328371343886e-11,1.2339328371191627e-11
1123,"(1.0, 2.0, 4.0, 7.0, 9.0, 14.0, 14.0, 14.0)",13506948000.000008,1,-26.02722715009737,2.0,4.0,4.9718597527104916e-12,1.4807194045612664e-10,2.96143880890328e-10
1124,"(1.0, 2.0, 4.0, 7.0, 11.0, 11.0, 12.0, 13.0)",53316900000.00002,1,-26.055066682109207,1.0,1.0,4.835354442250617e-12,1.875577912444271e-11,1.8755779124090932e-11
1125,"(1.0, 2.0, 4.0, 8.0, 8.0, 8.0, 11.0, 14.0)",16350516000.0,1,-25.1962409545151,1.0,1.0,1.141330935175401e-11,6.116014931883496e-11,6.11601493150944e-11
1126,"(1.0, 2.0, 4.0, 8.0, 8.0, 11.0, 13.0, 13.0)",21326760000.0,2,-25.5464759688398,2.0,2.0,8.040933207893723e-12,9.377889562221359e-11,9.377889561341911e-11
1127,"(1.0, 2.0, 4.0, 8.0, 8.0, 11.0, 13.0, 14.0)",42653520000.0,1,-25.456133202463533,1.0,1.0,8.801198571047545e-12,2.3444723905553398e-11,2.3444723905003743e-11
1128,"(1.0, 2.0, 4.0, 8.0, 9.0, 11.0, 11.0, 11.0)",17129112000.000002,1,-26.191418674948046,1.0,1.0,4.2190181748089355e-12,5.838014253161518e-11,5.838014252820693e-11
1129,"(1.0, 2.0, 4.0, 8.0, 9.0, 11.0, 12.0, 13.0)",85307040000.0,1,-26.304728509119656,1.0,1.0,3.7670515257512766e-12,1.1722361952776699e-11,1.1722361952639285e-11
1130,"(1.0, 2.0, 4.0, 8.0, 9.0, 11.0, 12.0, 14.0)",85307040000.0,1,-26.21438574274339,1.0,1.0,4.123223965217996e-12,1.1722361952776699e-11,1.1722361952639285e-11
1131,"(1.0, 2.0, 4.0, 8.0, 9.0, 11.0, 13.0, 14.0)",85307040000.0,1,-26.091558622948035,1.0,1.0,4.6620836946859655e-12,1.1722361952776699e-11,1.1722361952639285e-11
1132,"(1.0, 2.0, 4.0, 8.0, 9.0, 12.0, 13.0, 14.0)",67534740000.0,1,-26.20962709993152,1.0,1.0,4.142891673988217e-12,1.4807194045612672e-11,1.4807194045393417e-11
1133,"(1.0, 2.0, 4.0, 8.0, 11.0, 12.0, 13.0, 14.0)",67534740000.0,1,-25.83885257020733,1.0,1.0,6.0024549610581775e-12,1.4807194045612672e-11,1.4807194045393417e-11
1134,"(1.0, 2.0, 6.0, 6.0, 6.0, 6.0, 6.0, 14.0)",1498615019.9999998,1,-26.27637437781683,1.0,1.0,3.875391686606923e-12,6.672827822051324e-10,6.67282781759866e-10
1135,"(1.0, 2.0, 6.0, 6.0, 6.0, 6.0, 8.0, 9.0)",8589945000.000002,1,-26.401884180938133,1.0,1.0,3.4182780666254493e-12,1.1641518077240305e-10,1.1641518075885056e-10
1136,"(1.0, 2.0, 6.0, 6.0, 6.0, 6.0, 9.0, 13.0)",7215553800.000004,1,-26.66177642888657,1.0,1.0,2.6359527380026268e-12,1.385895009195274e-10,1.3858950090032034e-10
1137,"(1.0, 2.0, 6.0, 6.0, 6.0, 7.0, 7.0, 11.0)",18554281200.0,1,-25.932968920850406,1.0,1.0,5.463295587241898e-12,5.389591702426069e-11,5.389591702135592e-11
1138,"(1.0, 2.0, 6.0, 6.0, 6.0, 7.0, 7.0, 14.0)",14986150199.999998,1,-25.837867511662267,1.0,1.0,6.008370643777473e-12,6.672827822051325e-11,6.672827821606058e-11
1139,"(1.0, 2.0, 6.0, 6.0, 6.0, 7.0, 8.0, 9.0)",34359780000.00001,1,-26.18263074786085,1.0,1.0,4.25625798963576e-12,2.9103795193100763e-11,2.9103795192253733e-11
1140,"(1.0, 2.0, 6.0, 6.0, 6.0, 7.0, 11.0, 12.0)",28862215200.00001,1,-26.19457558588045,1.0,1.0,4.205720111653483e-12,3.4647375229881856e-11,3.4647375228681416e-11
1141,"(1.0, 2.0, 6.0, 6.0, 6.0, 7.0, 12.0, 14.0)",22201704000.000004,1,-26.099474176692315,1.0,1.0,4.625326389773528e-12,4.5041587798846425e-11,4.504158779681768e-11
1142,"(1.0, 2.0, 6.0, 6.0, 6.0, 7.0, 14.0, 14.0)",11100852000.000002,1,-25.88630429052069,1.0,1.0,5.7242802751585485e-12,9.008317559769285e-11,9.008317558957787e-11
1143,"(1.0, 2.0, 6.0, 6.0, 6.0, 8.0, 8.0, 13.0)",12884917500.000008,1,-25.685984872611044,1.0,1.0,6.993885332046193e-12,7.761012051493535e-11,7.761012050891201e-11
1144,"(1.0, 2.0, 6.0, 6.0, 6.0, 9.0, 11.0, 12.0)",25769835000.00001,1,-26.708888303651207,1.0,1.0,2.5146479465877584e-12,3.880506025746768e-11,3.880506025596185e-11
1145,"(1.0, 2.0, 6.0, 6.0, 7.0, 7.0, 7.0, 8.0)",18554281200.0,1,-25.44906459701281,1.0,1.0,8.86363116697924e-12,5.389591702426069e-11,5.389591702135592e-11
1146,"(1.0, 2.0, 6.0, 6.0, 7.0, 7.0, 7.0, 9.0)",18554281200.0,1,-26.084490017497316,3.0,9.0,4.695154870749124e-12,1.6168775107278206e-10,4.850632531922033e-10
1147,"(1.0, 2.0, 6.0, 6.0, 7.0, 7.0, 7.0, 13.0)",14986150199.999998,1,-25.70895684496125,1.0,1.0,6.8350533186170826e-12,6.672827822051325e-11,6.672827821606058e-11
1148,"(1.0, 2.0, 6.0, 6.0, 7.0, 7.0, 8.0, 11.0)",51539670000.000015,1,-25.59260278505938,1.0,1.0,7.678454814353103e-12,1.9402530128733843e-11,1.9402530128357385e-11
1149,"(1.0, 2.0, 6.0, 6.0, 7.0, 7.0, 8.0, 12.0)",43293322800.00002,1,-25.71067126204286,1.0,1.0,6.823345225598977e-12,2.3098250153254567e-11,2.309825015272104e-11
1150,"(1.0, 2.0, 6.0, 6.0, 7.0, 7.0, 8.0, 13.0)",43293322800.00002,1,-25.587844142247505,1.0,1.0,7.715080914309873e-12,2.3098250153254567e-11,2.309825015272104e-11
1151,"(1.0, 2.0, 6.0, 6.0, 7.0, 7.0, 11.0, 11.0)",25769835000.000008,1,-25.85725367581969,1.0,1.0,5.893013166468131e-12,3.8805060257467686e-11,3.8805060255961855e-11
1152,"(1.0, 2.0, 6.0, 6.0, 7.0, 7.0, 11.0, 12.0)",43293322800.00002,1,-25.97532215280317,1.0,1.0,5.236738930682874e-12,2.3098250153254567e-11,2.309825015272104e-11
1153,"(1.0, 2.0, 6.0, 6.0, 7.0, 7.0, 11.0, 13.0)",43293322800.00002,1,-25.852495033007813,1.0,1.0,5.921122739878418e-12,2.3098250153254567e-11,2.309825015272104e-11
1154,"(1.0, 2.0, 6.0, 6.0, 7.0, 7.0, 13.0, 14.0)",33302556000.000008,1,-25.757393623819677,1.0,1.0,6.5118753837093795e-12,3.0027725199230946e-11,3.002772519832928e-11
1155,"(1.0, 2.0, 6.0, 6.0, 7.0, 8.0, 8.0, 8.0)",14725620000.000008,1,-25.206839191585328,1.0,1.0,1.1292987121489199e-11,6.790885545056843e-11,6.790885544595682e-11
1156,"(1.0, 2.0, 6.0, 6.0, 7.0, 8.0, 13.0, 14.0)",61847604000.00004,1,-25.63628092110593,1.0,1.0,7.350293135589695e-12,1.6168775107278195e-11,1.6168775107016768e-11
1157,"(1.0, 2.0, 6.0, 6.0, 7.0, 9.0, 14.0, 14.0)",30923802000.00002,1,-26.181363575214167,1.0,1.0,4.261654821974451e-12,3.233755021455639e-11,3.233755021351067e-11
1158,"(1.0, 2.0, 6.0, 6.0, 7.0, 11.0, 12.0, 14.0)",61847604000.00004,1,-26.0237589316616,1.0,1.0,4.989133185068675e-12,1.6168775107278195e-11,1.6168775107016768e-11
1159,"(1.0, 2.0, 6.0, 6.0, 8.0, 8.0, 9.0, 9.0)",17518410000.000008,1,-26.356577329840583,1.0,1.0,3.5767114400660755e-12,5.7082806030912595e-11,5.708280602765415e-11
1160,"(1.0, 2.0, 6.0, 6.0, 8.0, 8.0, 9.0, 14.0)",31990140000.00001,1,-25.890701390928253,1.0,1.0,5.6991652970333555e-12,3.1259631874071185e-11,3.125963187309402e-11
1161,"(1.0, 2.0, 6.0, 6.0, 8.0, 8.0, 11.0, 13.0)",31990140000.00001,1,-25.61026962758033,1.0,1.0,7.543992026124932e-12,3.1259631874071185e-11,3.125963187309402e-11
1162,"(1.0, 2.0, 6.0, 6.0, 8.0, 8.0, 11.0, 14.0)",31990140000.00001,1,-25.519926861204063,1.0,1.0,8.257271901617616e-12,3.1259631874071185e-11,3.125963187309402e-11
1163,"(1.0, 2.0, 6.0, 6.0, 8.0, 9.0, 9.0, 11.0)",35036820000.000015,1,-26.62122822060089,1.0,1.0,2.7450324470968867e-12,2.8541403015456298e-11,2.8541403014641686e-11
1164,"(1.0, 2.0, 6.0, 6.0, 8.0, 11.0, 11.0, 11.0)",11678940000.000006,1,-25.87967916115251,1.0,1.0,5.762330276436472e-12,8.562420904636889e-11,8.562420903903738e-11
1165,"(1.0, 2.0, 6.0, 6.0, 8.0, 13.0, 14.0, 14.0)",20260422000.00001,1,-25.68471769996436,1.0,1.0,7.002753409739111e-12,4.9357313485375545e-11,4.93573134829394e-11
1166,"(1.0, 2.0, 6.0, 6.0, 9.0, 9.0, 9.0, 13.0)",10663380000.000006,1,-27.251894998273517,1.0,1.0,1.4610072829372827e-12,9.377889562221354e-11,9.377889561341906e-11
1167,"(1.0, 2.0, 6.0, 6.0, 9.0, 9.0, 11.0, 14.0)",31990140000.00001,1,-26.790777702173063,1.0,1.0,2.3169308809942285e-12,3.1259631874071185e-11,3.125963187309402e-11
1168,"(1.0, 2.0, 6.0, 6.0, 11.0, 12.0, 13.0, 14.0)",40520844000.00002,1,-26.162538476896287,1.0,1.0,4.342640785694123e-12,2.4678656742687773e-11,2.4678656742078735e-11
1169,"(1.0, 2.0, 6.0, 7.0, 7.0, 7.0, 7.0, 14.0)",7493075099.999999,1,-25.399360645507706,1.0,1.0,9.315321059744164e-12,1.334565564410265e-10,1.3345655642321584e-10
1170,"(1.0, 2.0, 6.0, 7.0, 7.0, 7.0, 8.0, 8.0)",17179890000.000004,1,-25.10869846122179,1.0,1.0,1.245749755251679e-11,5.8207590386201526e-11,5.82075903828134e-11
1171,"(1.0, 2.0, 6.0, 7.0, 7.0, 7.0, 8.0, 11.0)",34359780000.00001,1,-25.3733493519821,1.0,1.0,9.560803426361056e-12,2.9103795193100763e-11,2.9103795192253733e-11
1172,"(1.0, 2.0, 6.0, 7.0, 7.0, 7.0, 9.0, 14.0)",28862215200.00001,1,-25.91367336327846,1.0,1.0,5.569736538050788e-12,3.4647375229881856e-11,3.4647375228681416e-11
1173,"(1.0, 2.0, 6.0, 7.0, 7.0, 8.0, 8.0, 11.0)",44176860000.00002,1,-25.252236649268355,1.0,1.0,1.0791777123270603e-11,2.2636285150189478e-11,2.2636285149677075e-11
1174,"(1.0, 2.0, 6.0, 7.0, 7.0, 8.0, 11.0, 11.0)",44176860000.00002,1,-25.516887540028662,1.0,1.0,8.282406579790636e-12,2.2636285150189478e-11,2.2636285149677075e-11
1175,"(1.0, 2.0, 6.0, 7.0, 7.0, 8.0, 11.0, 13.0)",77309505000.00005,2,-25.51212889721679,2.0,2.0,8.321913519482039e-12,2.5870040171645115e-11,2.5870040170975855e-11
1176,"(1.0, 2.0, 6.0, 7.0, 7.0, 8.0, 12.0, 13.0)",61847604000.00004,1,-25.63019737420027,1.0,1.0,7.395145280384026e-12,1.6168775107278195e-11,1.6168775107016768e-11
1177,"(1.0, 2.0, 6.0, 7.0, 7.0, 9.0, 9.0, 12.0)",38654752500.00002,1,-26.641155967220836,2.0,4.0,2.690871580371592e-12,5.174008034329023e-11,1.0348016068390342e-10
1178,"(1.0, 2.0, 6.0, 7.0, 7.0, 9.0, 9.0, 14.0)",38654752500.00002,1,-26.42798608104921,1.0,1.0,3.3302089004058516e-12,2.5870040171645115e-11,2.5870040170975855e-11
1179,"(1.0, 2.0, 6.0, 7.0, 7.0, 9.0, 11.0, 14.0)",77309505000.00005,2,-26.057211551325025,2.0,2.0,4.824994353848972e-12,2.5870040171645115e-11,2.5870040170975855e-11
1180,"(1.0, 2.0, 6.0, 7.0, 8.0, 8.0, 8.0, 11.0)",23357880000.00001,1,-25.13112394655461,1.0,1.0,1.2181241291629983e-11,4.2812104523184446e-11,4.281210452135157e-11
1181,"(1.0, 2.0, 6.0, 7.0, 8.0, 8.0, 9.0, 12.0)",63980280000.00003,1,-25.884617844022596,1.0,1.0,5.7339421123785374e-12,1.5629815937035592e-11,1.5629815936791303e-11
1182,"(1.0, 2.0, 6.0, 7.0, 8.0, 8.0, 11.0, 14.0)",63980280000.00003,2,-25.30067342812678,2.0,2.0,1.028151566924753e-11,3.1259631874071185e-11,3.125963187309402e-11
1183,"(1.0, 2.0, 6.0, 7.0, 8.0, 9.0, 9.0, 12.0)",63980280000.00003,1,-26.52004326450709,1.0,1.0,3.0373269972946006e-12,1.5629815937035592e-11,1.5629815936791303e-11
1184,"(1.0, 2.0, 6.0, 7.0, 8.0, 9.0, 11.0, 11.0)",70073640000.00003,1,-26.03120025779942,1.0,1.0,4.9521452083712654e-12,1.4270701507728149e-11,1.4270701507524496e-11
1185,"(1.0, 2.0, 6.0, 7.0, 8.0, 9.0, 11.0, 12.0)",127960560000.00006,1,-26.1492687347829,1.0,1.0,4.40065054506148e-12,7.814907968517796e-12,7.814907968456724e-12
1186,"(1.0, 2.0, 6.0, 7.0, 8.0, 9.0, 11.0, 13.0)",127960560000.00006,1,-26.026441614987544,1.0,1.0,4.9757668574904614e-12,7.814907968517796e-12,7.814907968456724e-12
1187,"(1.0, 2.0, 6.0, 7.0, 8.0, 9.0, 11.0, 14.0)",127960560000.00006,2,-25.93609884861128,2.0,2.0,5.446222599264929e-12,1.5629815937035592e-11,1.5629815936791303e-11
1188,"(1.0, 2.0, 6.0, 7.0, 8.0, 9.0, 12.0, 13.0)",106633800000.00005,1,-26.144510091971025,1.0,1.0,4.4216415739384036e-12,9.377889562221355e-12,9.37788956213341e-12
1189,"(1.0, 2.0, 6.0, 7.0, 8.0, 11.0, 13.0, 14.0)",106633800000.00005,1,-25.56056567607521,1.0,1.0,7.928433220157838e-12,9.377889562221355e-12,9.37788956213341e-12
1190,"(1.0, 2.0, 6.0, 7.0, 8.0, 11.0, 14.0, 14.0)",53316900000.00002,1,-25.470222909698958,1.0,1.0,8.678061777629972e-12,1.875577912444271e-11,1.8755779124090932e-11
1191,"(1.0, 2.0, 6.0, 7.0, 9.0, 9.0, 11.0, 11.0)",35036820000.000015,1,-26.66662567828392,1.0,1.0,2.6232012882441975e-12,2.8541403015456298e-11,2.8541403014641686e-11
1192,"(1.0, 2.0, 6.0, 7.0, 9.0, 9.0, 13.0, 14.0)",53316900000.00002,1,-26.566765626283903,1.0,1.0,2.898680083158545e-12,1.875577912444271e-11,1.8755779124090932e-11
1193,"(1.0, 2.0, 6.0, 7.0, 9.0, 11.0, 11.0, 13.0)",63980280000.00003,1,-26.29109250574785,1.0,1.0,3.818770874272234e-12,1.5629815937035592e-11,1.5629815936791303e-11
1194,"(1.0, 2.0, 6.0, 7.0, 9.0, 13.0, 14.0, 14.0)",40520844000.00002,1,-26.100889687371577,1.0,1.0,4.61878382250308e-12,2.4678656742687773e-11,2.4678656742078735e-11
1195,"(1.0, 2.0, 6.0, 7.0, 11.0, 11.0, 11.0, 12.0)",21326760000.00001,1,-26.04314509581902,1.0,1.0,4.893344517506049e-12,4.688944781110677e-11,4.688944780890815e-11
1196,"(1.0, 2.0, 6.0, 7.0, 11.0, 11.0, 12.0, 14.0)",53316900000.00002,1,-25.94804368663088,1.0,1.0,5.3815553413458576e-12,1.875577912444271e-11,1.8755779124090932e-11
1197,"(1.0, 2.0, 6.0, 7.0, 11.0, 13.0, 14.0, 14.0)",40520844000.00002,1,-25.730115157647383,1.0,1.0,6.691954328303737e-12,2.4678656742687773e-11,2.4678656742078735e-11
1198,"(1.0, 2.0, 6.0, 7.0, 12.0, 12.0, 12.0, 14.0)",9350964000.000002,1,-26.184180640597845,1.0,1.0,4.249666355773083e-12,1.069408458849804e-10,1.0694084587354406e-10
1199,"(1.0, 2.0, 6.0, 8.0, 8.0, 8.0, 11.0, 12.0)",16350516000.0,1,-25.39273061158466,1.0,1.0,9.377287146012765e-12,6.116014931883496e-11,6.11601493150944e-11
1200,"(1.0, 2.0, 6.0, 8.0, 8.0, 8.0, 11.0, 14.0)",16350516000.0,1,-25.17956072541304,1.0,1.0,1.1605282594348277e-11,6.116014931883496e-11,6.11601493150944e-11
1201,"(1.0, 2.0, 6.0, 8.0, 8.0, 8.0, 13.0, 14.0)",14217840000.0,1,-25.17480208260116,1.0,1.0,1.166063959658432e-11,7.03341717166602e-11,7.03341717117133e-11
1202,"(1.0, 2.0, 6.0, 8.0, 8.0, 9.0, 9.0, 13.0)",24525774000.0,1,-26.27610344199799,1.0,1.0,3.8764418112786285e-12,4.0773432879223303e-11,4.077343287756083e-11
1203,"(1.0, 2.0, 6.0, 8.0, 8.0, 9.0, 11.0, 12.0)",49051548000.0,1,-26.028156032069155,1.0,1.0,4.967243626070273e-12,2.0386716439611652e-11,2.0386716439196032e-11
1204,"(1.0, 2.0, 6.0, 8.0, 8.0, 9.0, 11.0, 13.0)",49051548000.0,1,-25.9053289122738,1.0,1.0,5.616407382180789e-12,2.0386716439611652e-11,2.0386716439196032e-11
1205,"(1.0, 2.0, 6.0, 8.0, 8.0, 11.0, 11.0, 12.0)",24525774000.0,1,-25.65738150234497,1.0,1.0,7.1968225317818966e-12,4.0773432879223303e-11,4.077343287756083e-11
1206,"(1.0, 2.0, 6.0, 8.0, 8.0, 11.0, 12.0, 13.0)",42653520000.0,1,-25.652622859533093,1.0,1.0,7.2311512538741936e-12,2.3444723905553398e-11,2.3444723905003743e-11
1207,"(1.0, 2.0, 6.0, 8.0, 9.0, 11.0, 11.0, 11.0)",17129112000.000002,1,-26.174738445845986,1.0,1.0,4.28998257037732e-12,5.838014253161518e-11,5.838014252820693e-11
1208,"(1.0, 2.0, 6.0, 8.0, 9.0, 11.0, 11.0, 12.0)",49051548000.0,1,-26.292806922829467,1.0,1.0,3.812229517163999e-12,2.0386716439611652e-11,2.0386716439196032e-11
1209,"(1.0, 2.0, 6.0, 8.0, 9.0, 11.0, 13.0, 14.0)",85307040000.0,1,-26.07487839384597,1.0,1.0,4.740500505843141e-12,1.1722361952776699e-11,1.1722361952639285e-11
1210,"(1.0, 2.0, 6.0, 8.0, 11.0, 11.0, 11.0, 13.0)",16350516000.0,1,-25.79920527330992,1.0,1.0,6.245216699271201e-12,6.116014931883496e-11,6.11601493150944e-11
1211,"(1.0, 2.0, 6.0, 8.0, 11.0, 11.0, 12.0, 14.0)",42653520000.0,1,-25.826930983917137,1.0,1.0,6.074441993046529e-12,2.3444723905553398e-11,2.3444723905003743e-11
1212,"(1.0, 2.0, 6.0, 8.0, 11.0, 13.0, 13.0, 13.0)",11255790000.0,1,-25.789687987686168,1.0,1.0,6.3049379517000735e-12,8.884316427367603e-11,8.884316426578292e-11
1213,"(1.0, 2.0, 6.0, 9.0, 11.0, 14.0, 14.0, 14.0)",11255790000.0,1,-26.15408510904188,1.0,1.0,4.3795063251660336e-12,8.884316427367603e-11,8.884316426578292e-11
1214,"(1.0, 2.0, 7.0, 7.0, 7.0, 7.0, 8.0, 8.0)",4294972500.000001,1,-24.889445028144507,2.0,4.0,1.551141318971495e-11,4.656607230896122e-10,9.313214459623845e-10
1215,"(1.0, 2.0, 7.0, 7.0, 7.0, 8.0, 8.0, 9.0)",14725620000.000008,1,-25.403757745915264,1.0,1.0,9.274450579369588e-12,6.790885545056843e-11,6.790885544595682e-11
1216,"(1.0, 2.0, 7.0, 7.0, 7.0, 8.0, 9.0, 11.0)",29451240000.00001,1,-25.66840863667557,1.0,1.0,7.117898157558893e-12,3.395442772528422e-11,3.395442772413132e-11
1217,"(1.0, 2.0, 7.0, 7.0, 7.0, 8.0, 11.0, 11.0)",14725620000.000008,1,-25.29763410695138,1.0,1.0,1.031281203329566e-11,6.790885545056843e-11,6.790885544595682e-11
1218,"(1.0, 2.0, 7.0, 7.0, 7.0, 8.0, 11.0, 14.0)",25769835000.00001,2,-25.20253269776324,2.0,2.0,1.13417251704901e-11,7.761012051493536e-11,7.761012050891202e-11
1219,"(1.0, 2.0, 7.0, 7.0, 8.0, 8.0, 8.0, 8.0)",2919735000.0000014,1,-24.64721962271702,1.0,1.0,1.9762802184293498e-11,3.4249683618547557e-10,3.424968360681715e-10
1220,"(1.0, 2.0, 7.0, 7.0, 8.0, 8.0, 8.0, 9.0)",11678940000.000006,1,-25.28264504320152,1.0,1.0,1.0468555740554431e-11,8.562420904636889e-11,8.562420903903738e-11
1221,"(1.0, 2.0, 7.0, 7.0, 8.0, 8.0, 9.0, 9.0)",17518410000.000008,1,-25.918070463686018,1.0,1.0,5.545299612430082e-12,5.7082806030912595e-11,5.708280602765415e-11
1222,"(1.0, 2.0, 7.0, 7.0, 8.0, 8.0, 9.0, 11.0)",35036820000.000015,1,-25.547295933961827,1.0,1.0,8.03434262550781e-12,2.8541403015456298e-11,2.8541403014641686e-11
1223,"(1.0, 2.0, 7.0, 7.0, 8.0, 8.0, 9.0, 13.0)",31990140000.00001,1,-25.54253729114995,1.0,1.0,8.072666304321252e-12,3.1259631874071185e-11,3.125963187309402e-11
1224,"(1.0, 2.0, 7.0, 7.0, 8.0, 9.0, 11.0, 13.0)",63980280000.00003,1,-25.807188181910263,1.0,1.0,6.195560170640462e-12,1.5629815937035592e-11,1.5629815936791303e-11
1225,"(1.0, 2.0, 7.0, 7.0, 8.0, 9.0, 13.0, 14.0)",53316900000.00002,1,-25.712086772722124,1.0,1.0,6.813693540207289e-12,1.875577912444271e-11,1.8755779124090932e-11
1226,"(1.0, 2.0, 7.0, 7.0, 8.0, 11.0, 11.0, 12.0)",31990140000.00001,1,-25.55924077198143,1.0,1.0,7.93894459553302e-12,3.1259631874071185e-11,3.125963187309402e-11
1227,"(1.0, 2.0, 7.0, 7.0, 8.0, 11.0, 11.0, 13.0)",31990140000.00001,1,-25.436413652186072,1.0,1.0,8.976476772561895e-12,3.1259631874071185e-11,3.125963187309402e-11
1228,"(1.0, 2.0, 7.0, 7.0, 8.0, 11.0, 13.0, 14.0)",53316900000.00002,2,-25.341312242997933,2.0,2.0,9.872063237940123e-12,3.751155824888542e-11,3.75115582474783e-11
1229,"(1.0, 2.0, 7.0, 7.0, 8.0, 13.0, 14.0, 14.0)",20260422000.00001,1,-25.246210833809798,1.0,1.0,1.0857002701971454e-11,4.9357313485375545e-11,4.93573134829394e-11
1230,"(1.0, 2.0, 7.0, 7.0, 9.0, 9.0, 9.0, 9.0)",2919735000.0000014,1,-27.18892130465501,1.0,1.0,1.5559710361345513e-12,3.4249683618547557e-10,3.424968360681715e-10
1231,"(1.0, 2.0, 7.0, 7.0, 9.0, 11.0, 11.0, 14.0)",31990140000.00001,1,-25.981496306294307,1.0,1.0,5.2045061083215046e-12,3.1259631874071185e-11,3.125963187309402e-11
1232,"(1.0, 2.0, 7.0, 7.0, 11.0, 12.0, 13.0, 14.0)",40520844000.00002,1,-25.72403161074173,2.0,4.0,6.732789230933219e-12,4.9357313485375545e-11,9.871462696831494e-11
1233,"(1.0, 2.0, 7.0, 8.0, 8.0, 8.0, 9.0, 13.0)",16350516000.0,1,-25.42142458843621,2.0,4.0,9.112039193962322e-12,1.2232029863766992e-10,2.446405972603776e-10
1234,"(1.0, 2.0, 7.0, 8.0, 8.0, 9.0, 11.0, 13.0)",49051548000.0,1,-25.68607547919652,1.0,1.0,6.993251668684509e-12,2.0386716439611652e-11,2.0386716439196032e-11
1235,"(1.0, 2.0, 7.0, 8.0, 8.0, 9.0, 11.0, 14.0)",49051548000.0,1,-25.59573271282025,1.0,1.0,7.654459377050911e-12,2.0386716439611652e-11,2.0386716439196032e-11
1236,"(1.0, 2.0, 7.0, 8.0, 8.0, 9.0, 13.0, 13.0)",21326760000.0,1,-25.68131683638464,1.0,1.0,7.0266093611933835e-12,4.6889447811106797e-11,4.6889447808908176e-11
1237,"(1.0, 2.0, 7.0, 8.0, 8.0, 12.0, 13.0, 14.0)",33767370000.0,1,-25.338268017267676,1.0,1.0,9.902161817049865e-12,2.9614388091225344e-11,2.961438809034833e-11
1238,"(1.0, 2.0, 7.0, 8.0, 9.0, 9.0, 11.0, 11.0)",25693668000.000004,1,-26.32625954249289,1.0,1.0,3.686809955473169e-12,3.8920095021076785e-11,3.892009501956201e-11
1239,"(1.0, 2.0, 7.0, 8.0, 9.0, 11.0, 11.0, 11.0)",17129112000.000002,1,-25.9554850127687,1.0,1.0,5.341658061361965e-12,5.838014253161518e-11,5.838014252820693e-11
1240,"(1.0, 2.0, 7.0, 8.0, 9.0, 11.0, 12.0, 13.0)",85307040000.0,1,-26.068794846940307,1.0,1.0,4.769427463062904e-12,1.1722361952776699e-11,1.1722361952639285e-11
1241,"(1.0, 2.0, 7.0, 8.0, 9.0, 11.0, 13.0, 13.0)",42653520000.0,1,-25.945967727144957,1.0,1.0,5.3927388364307164e-12,2.3444723905553398e-11,2.3444723905003743e-11
1242,"(1.0, 2.0, 7.0, 8.0, 11.0, 11.0, 11.0, 14.0)",16350516000.0,1,-25.48960907385637,1.0,1.0,8.511447669753918e-12,6.116014931883496e-11,6.11601493150944e-11
1243,"(1.0, 2.0, 7.0, 8.0, 11.0, 11.0, 14.0, 14.0)",21326760000.0,1,-25.39450766466824,1.0,1.0,9.360638006558026e-12,4.6889447811106797e-11,4.6889447808908176e-11
1244,"(1.0, 2.0, 7.0, 8.0, 11.0, 12.0, 12.0, 14.0)",33767370000.0,1,-25.725746027823337,1.0,1.0,6.721256311011118e-12,2.9614388091225344e-11,2.961438809034833e-11
1245,"(1.0, 2.0, 7.0, 11.0, 11.0, 13.0, 14.0, 14.0)",16883685000.0,1,-25.654399912616668,1.0,1.0,7.218312525170549e-12,5.922877618245069e-11,5.922877617894264e-11
1246,"(1.0, 2.0, 7.0, 11.0, 13.0, 13.0, 14.0, 14.0)",12156253200.000002,1,-25.6496412698048,1.0,1.0,7.2527437541688e-12,8.226218914229262e-11,8.226218913552554e-11
1247,"(1.0, 2.0, 8.0, 8.0, 8.0, 8.0, 11.0, 14.0)",2900898000.0000005,1,-24.83919458962201,1.0,1.0,1.6310784687652042e-11,3.447208416152515e-10,3.4472084149641904e-10
1248,"(1.0, 2.0, 8.0, 9.0, 9.0, 11.0, 12.0, 14.0)",31646160000.000008,1,-26.4927647983348,1.0,1.0,3.1213210247953427e-12,3.159941048139805e-11,3.159941048039953e-11
1249,"(1.0, 2.0, 8.0, 9.0, 11.0, 11.0, 13.0, 14.0)",31646160000.000008,1,-25.999163148815256,1.0,1.0,5.1133663647669385e-12,3.159941048139805e-11,3.159941048039953e-11
1250,"(1.0, 3.0, 3.0, 3.0, 3.0, 3.0, 8.0, 14.0)",177768864.00000003,1,-24.8314209911172,1.0,1.0,1.643807227944282e-11,5.625282051642068e-09,5.62528201999827e-09
1251,"(1.0, 3.0, 3.0, 3.0, 3.0, 6.0, 7.0, 11.0)",2460194100.0000014,1,-25.26956268767935,1.0,1.0,1.060640886424107e-11,4.064719934089751e-10,4.064719932437556e-10
1252,"(1.0, 3.0, 3.0, 3.0, 4.0, 4.0, 6.0, 7.0)",9039265200.000002,1,-25.600565975574455,2.0,4.0,7.617552625500503e-12,2.2125692252064908e-10,4.4251384499234353e-10
1253,"(1.0, 3.0, 3.0, 3.0, 4.0, 6.0, 6.0, 13.0)",6779448900.000001,1,-25.722665291707084,1.0,1.0,6.741994656357606e-12,1.4750461501376606e-10,1.4750461499200844e-10
1254,"(1.0, 3.0, 3.0, 3.0, 4.0, 6.0, 7.0, 8.0)",16787206800.000008,1,-25.243519610681368,1.0,1.0,1.0886260670950986e-11,5.956917144786704e-11,5.956917144431855e-11
1255,"(1.0, 3.0, 3.0, 3.0, 4.0, 6.0, 7.0, 13.0)",13558897800.000002,1,-25.503411858629804,1.0,1.0,8.39477305909526e-12,7.375230750688303e-11,7.375230750144363e-11
1256,"(1.0, 3.0, 3.0, 3.0, 4.0, 6.0, 8.0, 9.0)",14471730000.000006,1,-25.757832328452125,1.0,1.0,6.5090192203644795e-12,6.910023887952579e-11,6.910023887475094e-11
1257,"(1.0, 3.0, 3.0, 3.0, 4.0, 6.0, 8.0, 12.0)",12156253200.000008,1,-25.50512627571141,1.0,1.0,8.380393246786576e-12,8.226218914229258e-11,8.22621891355255e-11
1258,"(1.0, 3.0, 3.0, 3.0, 4.0, 6.0, 9.0, 12.0)",12156253200.000008,1,-26.140551696195917,1.0,1.0,4.439178868140194e-12,8.226218914229258e-11,8.22621891355255e-11
1259,"(1.0, 3.0, 3.0, 3.0, 4.0, 7.0, 8.0, 12.0)",12156253200.000008,1,-25.28587284263413,1.0,1.0,1.0434819817961046e-11,8.226218914229258e-11,8.22621891355255e-11
1260,"(1.0, 3.0, 3.0, 3.0, 4.0, 7.0, 9.0, 12.0)",12156253200.000008,1,-25.921298263118636,1.0,1.0,5.5274293538080875e-12,8.226218914229258e-11,8.22621891355255e-11
1261,"(1.0, 3.0, 3.0, 3.0, 4.0, 8.0, 8.0, 9.0)",5788692000.0,1,-25.4174661926611,1.0,1.0,9.148179733499672e-12,1.7275059719881451e-10,1.7275059716897175e-10
1262,"(1.0, 3.0, 3.0, 3.0, 4.0, 8.0, 8.0, 13.0)",5065105500.0,1,-25.04193302012504,1.0,1.0,1.3317621669162423e-11,1.974292539415023e-10,1.97429253902524e-10
1263,"(1.0, 3.0, 3.0, 3.0, 4.0, 8.0, 11.0, 13.0)",10130211000.0,1,-25.306583910885344,1.0,1.0,1.0220926181100097e-11,9.871462697075115e-11,9.871462696100658e-11
1264,"(1.0, 3.0, 3.0, 3.0, 6.0, 6.0, 7.0, 8.0)",8393603400.000004,1,-25.226839381579307,1.0,1.0,1.1069368891040344e-11,1.1913834289573409e-10,1.1913834288154013e-10
1265,"(1.0, 3.0, 3.0, 3.0, 6.0, 6.0, 7.0, 11.0)",8393603400.000004,1,-25.49149027233961,1.0,1.0,8.495450998481832e-12,1.1913834289573409e-10,1.1913834288154013e-10
1266,"(1.0, 3.0, 3.0, 3.0, 6.0, 6.0, 12.0, 13.0)",4675482000.000001,1,-25.748338294557787,1.0,1.0,6.57111035071959e-12,2.138816917699608e-10,2.138816917242154e-10
1267,"(1.0, 3.0, 3.0, 3.0, 6.0, 7.0, 7.0, 8.0)",8393603400.000004,2,-25.007585948502022,2.0,2.0,1.3782989231542355e-11,2.3827668579146817e-10,2.382766857346924e-10
1268,"(1.0, 3.0, 3.0, 3.0, 6.0, 7.0, 7.0, 14.0)",6779448900.000001,1,-25.177135430074195,1.0,1.0,1.1633462991209687e-11,1.4750461501376606e-10,1.4750461499200844e-10
1269,"(1.0, 3.0, 3.0, 3.0, 6.0, 7.0, 8.0, 9.0)",14471730000.000006,1,-25.52189866627278,1.0,1.0,8.241006212682281e-12,6.910023887952579e-11,6.910023887475094e-11
1270,"(1.0, 3.0, 3.0, 3.0, 6.0, 7.0, 9.0, 14.0)",12156253200.000008,1,-25.69144814784495,1.0,1.0,6.955779996270094e-12,8.226218914229258e-11,8.22621891355255e-11
1271,"(1.0, 3.0, 3.0, 3.0, 6.0, 7.0, 11.0, 11.0)",7235865000.000003,1,-25.415775027308896,1.0,1.0,9.163663907559577e-12,1.3820047775905157e-10,1.382004777399522e-10
1272,"(1.0, 3.0, 3.0, 3.0, 6.0, 7.0, 11.0, 14.0)",12156253200.000008,1,-25.32067361812076,2.0,4.0,1.007792610383358e-11,1.6452437828458515e-10,3.29048756542102e-10
1273,"(1.0, 3.0, 3.0, 3.0, 6.0, 8.0, 9.0, 11.0)",11577384000.0,1,-25.665436854319346,1.0,1.0,7.13908246369978e-12,8.637529859940726e-11,8.637529859194657e-11
1274,"(1.0, 3.0, 3.0, 3.0, 6.0, 9.0, 9.0, 14.0)",5065105500.0,1,-26.205760865615705,1.0,1.0,4.158940067378882e-12,1.974292539415023e-10,1.97429253902524e-10
1275,"(1.0, 3.0, 3.0, 3.0, 7.0, 7.0, 8.0, 8.0)",3617932500.0000014,1,-24.667219812711,1.0,1.0,1.9371468801405543e-11,2.7640095551810314e-10,2.7640095544170567e-10
1276,"(1.0, 3.0, 3.0, 3.0, 7.0, 8.0, 8.0, 13.0)",5065105500.0,1,-24.805999357945687,1.0,1.0,1.6861311850232153e-11,1.974292539415023e-10,1.97429253902524e-10
1277,"(1.0, 3.0, 3.0, 4.0, 4.0, 4.0, 6.0, 7.0)",13558897799.999998,1,-25.839173789336787,2.0,4.0,6.000527167339666e-12,1.475046150137661e-10,2.9500923000577463e-10
1278,"(1.0, 3.0, 3.0, 4.0, 4.0, 4.0, 6.0, 8.0)",13056716400.000006,1,-25.71806108662304,1.0,1.0,6.7731077530067905e-12,7.65889347186862e-11,7.658893471282034e-11
1279,"(1.0, 3.0, 3.0, 4.0, 4.0, 4.0, 7.0, 8.0)",13056716400.000006,1,-25.49880765354576,1.0,1.0,8.433513431766619e-12,7.65889347186862e-11,7.658893471282034e-11
1280,"(1.0, 3.0, 3.0, 4.0, 4.0, 4.0, 14.0, 14.0)",3766360500.0000014,1,-25.71679391397636,1.0,1.0,6.781695890061423e-12,2.6550830702477885e-10,2.655083069542842e-10
1281,"(1.0, 3.0, 3.0, 4.0, 4.0, 6.0, 6.0, 9.0)",19585074600.000008,1,-26.33680627800548,1.0,1.0,3.648130475646933e-12,5.1059289812457475e-11,5.105928980985042e-11
1282,"(1.0, 3.0, 3.0, 4.0, 4.0, 6.0, 6.0, 14.0)",15818714100.000002,2,-25.87093033909315,4.0,8.0,5.812965053024433e-12,2.5286505430931326e-10,5.057301085546858e-10
1283,"(1.0, 3.0, 3.0, 4.0, 4.0, 6.0, 7.0, 9.0)",39170149200.000015,1,-26.1175528449282,1.0,1.0,4.542457980761835e-12,2.5529644906228738e-11,2.5529644905576974e-11
1284,"(1.0, 3.0, 3.0, 4.0, 4.0, 6.0, 7.0, 11.0)",39170149200.000015,1,-25.746778315204008,2.0,4.0,6.581369146872783e-12,5.1059289812457475e-11,1.021185796223079e-10
1285,"(1.0, 3.0, 3.0, 4.0, 4.0, 6.0, 7.0, 14.0)",31637428200.000004,1,-25.65167690601587,1.0,1.0,7.237994823175282e-12,3.160813178866416e-11,3.1608131787665085e-11
1286,"(1.0, 3.0, 3.0, 4.0, 4.0, 6.0, 8.0, 9.0)",34973347500.000015,1,-25.996440142214453,1.0,1.0,5.127309069553952e-12,2.8593202294976182e-11,2.859320229415861e-11
1287,"(1.0, 3.0, 3.0, 4.0, 4.0, 6.0, 8.0, 11.0)",34973347500.000015,1,-25.625665612490263,1.0,1.0,7.428734367991645e-12,2.8593202294976182e-11,2.859320229415861e-11
1288,"(1.0, 3.0, 3.0, 4.0, 4.0, 6.0, 8.0, 13.0)",29377611900.00001,2,-25.620906969678387,2.0,2.0,7.464169305631152e-12,6.807905308327663e-11,6.807905307864187e-11
1289,"(1.0, 3.0, 3.0, 4.0, 4.0, 6.0, 8.0, 14.0)",29377611900.00001,1,-25.530564203302127,2.0,4.0,8.169901991262213e-12,6.807905308327663e-11,1.3615810616191851e-10
1290,"(1.0, 3.0, 3.0, 4.0, 4.0, 6.0, 9.0, 11.0)",34973347500.000015,1,-26.26109103297476,1.0,1.0,3.935075556992581e-12,2.8593202294976182e-11,2.859320229415861e-11
1291,"(1.0, 3.0, 3.0, 4.0, 4.0, 6.0, 9.0, 12.0)",29377611900.00001,1,-26.37915950995824,1.0,1.0,3.4968466525304098e-12,3.4039526541638315e-11,3.403952654047963e-11
1292,"(1.0, 3.0, 3.0, 4.0, 4.0, 6.0, 9.0, 14.0)",29377611900.00001,1,-26.165989623786626,1.0,1.0,4.327679526052626e-12,3.4039526541638315e-11,3.403952654047963e-11
1293,"(1.0, 3.0, 3.0, 4.0, 4.0, 6.0, 13.0, 14.0)",22598163000.000008,2,-25.79045645125056,2.0,2.0,6.300094697778874e-12,8.850276900825962e-11,8.850276900042688e-11
1294,"(1.0, 3.0, 3.0, 4.0, 4.0, 7.0, 7.0, 8.0)",19585074600.000008,1,-25.262873991366416,1.0,1.0,1.0677589700224669e-11,5.1059289812457475e-11,5.105928980985042e-11
1295,"(1.0, 3.0, 3.0, 4.0, 4.0, 7.0, 7.0, 11.0)",19585074600.000008,1,-25.527524882126723,1.0,1.0,8.194770720268885e-12,5.1059289812457475e-11,5.105928980985042e-11
1296,"(1.0, 3.0, 3.0, 4.0, 4.0, 7.0, 8.0, 8.0)",17486673750.000008,2,-25.141761288652678,2.0,2.0,1.205235199594637e-11,1.1437280917990473e-10,1.1437280916682359e-10
1297,"(1.0, 3.0, 3.0, 4.0, 4.0, 7.0, 8.0, 14.0)",29377611900.00001,1,-25.311310770224843,1.0,1.0,1.0172727305119235e-11,3.4039526541638315e-11,3.403952654047963e-11
1298,"(1.0, 3.0, 3.0, 4.0, 4.0, 7.0, 11.0, 14.0)",29377611900.00001,1,-25.57596166098515,1.0,1.0,7.807302041538162e-12,3.4039526541638315e-11,3.403952654047963e-11
1299,"(1.0, 3.0, 3.0, 4.0, 4.0, 8.0, 11.0, 11.0)",14471730000.000006,1,-25.549950367459548,1.0,1.0,8.013044277340615e-12,6.910023887952579e-11,6.910023887475094e-11
1300,"(1.0, 3.0, 3.0, 4.0, 4.0, 11.0, 13.0, 14.0)",20260422000.000008,1,-25.71474120621984,1.0,1.0,6.79563102730636e-12,4.935731348537556e-11,4.9357313482939414e-11
1301,"(1.0, 3.0, 3.0, 4.0, 6.0, 6.0, 8.0, 12.0)",29377611900.00001,1,-25.727053860371683,1.0,1.0,6.712471778842459e-12,3.4039526541638315e-11,3.403952654047963e-11
1302,"(1.0, 3.0, 3.0, 4.0, 6.0, 6.0, 8.0, 13.0)",29377611900.00001,1,-25.604226740576323,1.0,1.0,7.589717535396317e-12,3.4039526541638315e-11,3.403952654047963e-11
1303,"(1.0, 3.0, 3.0, 4.0, 6.0, 6.0, 9.0, 11.0)",34973347500.000015,3,-26.244410803872697,3.0,3.0,4.00126400341486e-12,8.577960688492855e-11,8.57796068775704e-11
1304,"(1.0, 3.0, 3.0, 4.0, 6.0, 7.0, 7.0, 7.0)",13558897799.999998,1,-25.367306464978096,1.0,1.0,9.618753196747845e-12,7.375230750688306e-11,7.375230750144366e-11
1305,"(1.0, 3.0, 3.0, 4.0, 6.0, 7.0, 7.0, 11.0)",39170149200.000015,1,-25.510844653024662,1.0,1.0,8.332607754121368e-12,2.5529644906228738e-11,2.5529644905576974e-11
1306,"(1.0, 3.0, 3.0, 4.0, 6.0, 7.0, 7.0, 14.0)",31637428200.000004,1,-25.415743243836523,1.0,1.0,9.163955165246786e-12,3.160813178866416e-11,3.1608131787665085e-11
1307,"(1.0, 3.0, 3.0, 4.0, 6.0, 7.0, 8.0, 8.0)",34973347500.000015,2,-25.12508105955061,2.0,2.0,1.2255074013044305e-11,5.7186404589952364e-11,5.718640458668208e-11
1308,"(1.0, 3.0, 3.0, 4.0, 6.0, 7.0, 8.0, 9.0)",69946695000.00003,1,-25.760506480035108,2.0,4.0,6.49163636886146e-12,2.8593202294976182e-11,5.718640458913479e-11
1309,"(1.0, 3.0, 3.0, 4.0, 6.0, 7.0, 8.0, 11.0)",69946695000.00003,2,-25.38973195031092,2.0,2.0,9.405448656142886e-12,2.8593202294976182e-11,2.859320229415861e-11
1310,"(1.0, 3.0, 3.0, 4.0, 6.0, 7.0, 8.0, 13.0)",58755223800.00003,1,-25.38497330749904,1.0,1.0,9.450312487596937e-12,1.7019763270819154e-11,1.7019763270529483e-11
1311,"(1.0, 3.0, 3.0, 4.0, 6.0, 7.0, 8.0, 14.0)",58755223800.00003,1,-25.29463054112278,1.0,1.0,1.0343833807764875e-11,1.7019763270819154e-11,1.7019763270529483e-11
1312,"(1.0, 3.0, 3.0, 4.0, 6.0, 7.0, 9.0, 9.0)",34973347500.000015,1,-26.395931900519606,1.0,1.0,3.438685290735049e-12,2.8593202294976182e-11,2.859320229415861e-11
1313,"(1.0, 3.0, 3.0, 4.0, 6.0, 7.0, 9.0, 11.0)",69946695000.00003,1,-26.025157370795416,1.0,1.0,4.98216106215986e-12,1.4296601147488091e-11,1.4296601147283698e-11
1314,"(1.0, 3.0, 3.0, 4.0, 6.0, 7.0, 11.0, 12.0)",58755223800.00003,1,-25.77245131805471,1.0,1.0,6.4145560961163146e-12,1.7019763270819154e-11,1.7019763270529483e-11
1315,"(1.0, 3.0, 3.0, 4.0, 6.0, 8.0, 8.0, 11.0)",28943460000.00001,2,-25.268619247597176,2.0,2.0,1.0616420097248207e-11,6.910023887952579e-11,6.910023887475094e-11
1316,"(1.0, 3.0, 3.0, 4.0, 6.0, 8.0, 8.0, 14.0)",25325527500.00001,1,-25.17351783840904,1.0,1.0,1.1675624325228509e-11,3.948585078830044e-11,3.948585078674131e-11
1317,"(1.0, 3.0, 3.0, 4.0, 6.0, 8.0, 9.0, 13.0)",50651055000.00002,1,-25.8992860252698,1.0,1.0,5.650449449952883e-12,1.974292539415022e-11,1.9742925393760438e-11
1318,"(1.0, 3.0, 3.0, 4.0, 6.0, 8.0, 11.0, 11.0)",28943460000.00001,1,-25.533270138357484,1.0,1.0,8.147824650461443e-12,3.455011943976289e-11,3.455011943856918e-11
1319,"(1.0, 3.0, 3.0, 4.0, 6.0, 8.0, 11.0, 13.0)",50651055000.00002,1,-25.528511495545608,1.0,1.0,8.186689636619883e-12,1.974292539415022e-11,1.9742925393760438e-11
1320,"(1.0, 3.0, 3.0, 4.0, 6.0, 8.0, 11.0, 14.0)",50651055000.00002,1,-25.438168729169345,1.0,1.0,8.960736181802237e-12,1.974292539415022e-11,1.9742925393760438e-11
1321,"(1.0, 3.0, 3.0, 4.0, 6.0, 8.0, 13.0, 13.0)",20260422000.000008,1,-25.523752852733733,1.0,1.0,8.225740008106788e-12,4.935731348537556e-11,4.9357313482939414e-11
1322,"(1.0, 3.0, 3.0, 4.0, 6.0, 11.0, 11.0, 12.0)",25325527500.00001,1,-25.915989506101276,1.0,1.0,5.556851160690664e-12,3.948585078830044e-11,3.948585078674131e-11
1323,"(1.0, 3.0, 3.0, 4.0, 6.0, 11.0, 12.0, 13.0)",40520844000.000015,2,-25.9112308632894,2.0,2.0,5.5833572470032274e-12,4.935731348537556e-11,4.9357313482939414e-11
1324,"(1.0, 3.0, 3.0, 4.0, 6.0, 11.0, 14.0, 14.0)",20260422000.000008,1,-25.60771821074152,1.0,1.0,7.56326446997625e-12,4.935731348537556e-11,4.9357313482939414e-11
1325,"(1.0, 3.0, 3.0, 4.0, 7.0, 7.0, 8.0, 8.0)",17486673750.000008,2,-24.905827626473325,2.0,2.0,1.5259366167683046e-11,1.1437280917990473e-10,1.1437280916682359e-10
1326,"(1.0, 3.0, 3.0, 4.0, 7.0, 7.0, 8.0, 9.0)",34973347500.000015,1,-25.541253046957827,2.0,4.0,8.083040239044448e-12,5.7186404589952364e-11,1.1437280917663444e-10
1327,"(1.0, 3.0, 3.0, 4.0, 7.0, 7.0, 8.0, 11.0)",34973347500.000015,1,-25.17047851723364,1.0,1.0,1.1711164278784626e-11,2.8593202294976182e-11,2.859320229415861e-11
1328,"(1.0, 3.0, 3.0, 4.0, 7.0, 7.0, 11.0, 11.0)",17486673750.000008,1,-25.435129407993944,1.0,1.0,8.988012166268587e-12,5.7186404589952364e-11,5.718640458668208e-11
1329,"(1.0, 3.0, 3.0, 4.0, 7.0, 7.0, 11.0, 12.0)",29377611900.00001,1,-25.553197884977426,1.0,1.0,7.987063984240049e-12,3.4039526541638315e-11,3.403952654047963e-11
1330,"(1.0, 3.0, 3.0, 4.0, 7.0, 7.0, 11.0, 14.0)",29377611900.00001,1,-25.340027998805805,1.0,1.0,9.884749522217612e-12,3.4039526541638315e-11,3.403952654047963e-11
1331,"(1.0, 3.0, 3.0, 4.0, 7.0, 8.0, 8.0, 11.0)",28943460000.00001,2,-25.04936581451989,2.0,2.0,1.3219001491253904e-11,6.910023887952579e-11,6.910023887475094e-11
1332,"(1.0, 3.0, 3.0, 4.0, 7.0, 8.0, 8.0, 13.0)",25325527500.00001,1,-25.044607171708016,1.0,1.0,1.3282055905410559e-11,3.948585078830044e-11,3.948585078674131e-11
1333,"(1.0, 3.0, 3.0, 4.0, 7.0, 8.0, 8.0, 14.0)",25325527500.00001,1,-24.95426440533176,1.0,1.0,1.4537866244245618e-11,3.948585078830044e-11,3.948585078674131e-11
1334,"(1.0, 3.0, 3.0, 4.0, 7.0, 8.0, 9.0, 11.0)",57886920000.00002,1,-25.68479123500439,1.0,1.0,7.0022384809196896e-12,1.7275059719881446e-11,1.7275059719583018e-11
1335,"(1.0, 3.0, 3.0, 4.0, 7.0, 8.0, 11.0, 11.0)",28943460000.00001,1,-25.314016705280203,1.0,1.0,1.0145237774910803e-11,3.455011943976289e-11,3.455011943856918e-11
1336,"(1.0, 3.0, 3.0, 4.0, 7.0, 8.0, 11.0, 13.0)",50651055000.00002,1,-25.309258062468324,1.0,1.0,1.0193630387983787e-11,1.974292539415022e-11,1.9742925393760438e-11
1337,"(1.0, 3.0, 3.0, 4.0, 7.0, 8.0, 11.0, 14.0)",50651055000.00002,1,-25.218915296092064,2.0,4.0,1.1157431965289234e-11,3.948585078830044e-11,7.897170157504175e-11
1338,"(1.0, 3.0, 3.0, 4.0, 7.0, 8.0, 12.0, 13.0)",40520844000.000015,1,-25.42732653945181,1.0,1.0,9.058418773182485e-12,2.467865674268778e-11,2.467865674207874e-11
1339,"(1.0, 3.0, 3.0, 4.0, 7.0, 9.0, 11.0, 14.0)",50651055000.00002,1,-25.85434071657656,1.0,1.0,5.910204300020933e-12,1.974292539415022e-11,1.9742925393760438e-11
1340,"(1.0, 3.0, 3.0, 4.0, 7.0, 9.0, 13.0, 14.0)",40520844000.000015,1,-25.849582073764687,1.0,1.0,5.938395874848293e-12,2.467865674268778e-11,2.467865674207874e-11
1341,"(1.0, 3.0, 3.0, 4.0, 7.0, 11.0, 11.0, 12.0)",25325527500.00001,1,-25.69673607302399,1.0,1.0,6.919095430189862e-12,3.948585078830044e-11,3.948585078674131e-11
1342,"(1.0, 3.0, 3.0, 4.0, 7.0, 11.0, 11.0, 13.0)",25325527500.00001,1,-25.573908953228635,1.0,1.0,7.823344610716288e-12,3.948585078830044e-11,3.948585078674131e-11
1343,"(1.0, 3.0, 3.0, 4.0, 7.0, 11.0, 12.0, 14.0)",40520844000.000015,1,-25.601634663835853,2.0,4.0,7.60941618486273e-12,4.935731348537556e-11,9.871462696831497e-11
1344,"(1.0, 3.0, 3.0, 4.0, 7.0, 11.0, 14.0, 14.0)",20260422000.000008,1,-25.388464777664232,1.0,1.0,9.417374537889542e-12,4.935731348537556e-11,4.9357313482939414e-11
1345,"(1.0, 3.0, 3.0, 4.0, 8.0, 8.0, 8.0, 12.0)",6753474000.0,1,-25.04632158878963,1.0,1.0,1.3259304430218847e-11,1.4807194045612672e-10,1.4807194043420142e-10
1346,"(1.0, 3.0, 3.0, 4.0, 8.0, 8.0, 9.0, 9.0)",11094993000.0,1,-25.93445306201484,1.0,1.0,5.455193299324147e-12,9.013074636459887e-11,9.013074635647533e-11
1347,"(1.0, 3.0, 3.0, 4.0, 8.0, 8.0, 9.0, 11.0)",22189986000.0,1,-25.56367853229065,1.0,1.0,7.903791520461726e-12,4.506537318229944e-11,4.506537318026855e-11
1348,"(1.0, 3.0, 3.0, 4.0, 8.0, 8.0, 9.0, 14.0)",20260422000.0,1,-25.46857712310251,1.0,1.0,8.692355774594644e-12,4.935731348537558e-11,4.9357313482939434e-11
1349,"(1.0, 3.0, 3.0, 4.0, 8.0, 8.0, 11.0, 14.0)",20260422000.0,2,-25.09780259337832,2.0,2.0,1.2593974969244322e-11,9.871462697075115e-11,9.871462696100658e-11
1350,"(1.0, 3.0, 3.0, 4.0, 8.0, 8.0, 12.0, 12.0)",8441842500.0,1,-25.42904095653342,1.0,1.0,9.042902170070627e-12,1.1845755236490138e-10,1.184575523508692e-10
1351,"(1.0, 3.0, 3.0, 4.0, 8.0, 9.0, 9.0, 13.0)",20260422000.0,1,-26.19434530996327,1.0,1.0,4.206688699226508e-12,4.935731348537558e-11,4.9357313482939434e-11
1352,"(1.0, 3.0, 3.0, 4.0, 8.0, 11.0, 11.0, 13.0)",20260422000.0,1,-25.452796250514893,1.0,1.0,8.83061680408633e-12,4.935731348537558e-11,4.9357313482939434e-11
1353,"(1.0, 3.0, 3.0, 4.0, 8.0, 11.0, 12.0, 12.0)",16883685000.0,1,-25.69369184729373,1.0,1.0,6.940190811788848e-12,5.922877618245069e-11,5.922877617894264e-11
1354,"(1.0, 3.0, 3.0, 4.0, 8.0, 11.0, 13.0, 14.0)",33767370000.0,1,-25.357694841326754,1.0,1.0,9.711650765523758e-12,2.9614388091225344e-11,2.961438809034833e-11
1355,"(1.0, 3.0, 3.0, 4.0, 8.0, 12.0, 13.0, 13.0)",12831600600.000002,1,-25.5661060846865,1.0,1.0,7.88462792215036e-12,7.793260024006668e-11,7.793260023399319e-11
1356,"(1.0, 3.0, 3.0, 4.0, 9.0, 9.0, 11.0, 14.0)",20260422000.0,1,-26.36865343434732,1.0,1.0,3.5337784522990243e-12,4.935731348537558e-11,4.9357313482939434e-11
1357,"(1.0, 3.0, 3.0, 6.0, 6.0, 6.0, 7.0, 11.0)",13056716400.000006,1,-25.71341785699988,1.0,1.0,6.804629973386351e-12,7.65889347186862e-11,7.658893471282034e-11
1358,"(1.0, 3.0, 3.0, 6.0, 6.0, 6.0, 8.0, 12.0)",9792537300.000006,1,-25.71037363126962,1.0,1.0,6.825376365364434e-12,1.0211857962491493e-10,1.0211857961448672e-10
1359,"(1.0, 3.0, 3.0, 6.0, 6.0, 7.0, 8.0, 9.0)",34973347500.000015,1,-25.743826250933044,1.0,1.0,6.600826477099606e-12,2.8593202294976182e-11,2.859320229415861e-11
1360,"(1.0, 3.0, 3.0, 6.0, 6.0, 7.0, 8.0, 11.0)",34973347500.000015,2,-25.373051721208853,2.0,2.0,9.563649439187194e-12,5.7186404589952364e-11,5.718640458668208e-11
1361,"(1.0, 3.0, 3.0, 6.0, 6.0, 7.0, 9.0, 11.0)",34973347500.000015,1,-26.008477141693355,1.0,1.0,5.065961613319261e-12,2.8593202294976182e-11,2.859320229415861e-11
1362,"(1.0, 3.0, 3.0, 6.0, 6.0, 7.0, 11.0, 11.0)",17486673750.000008,2,-25.637702611969164,2.0,2.0,7.339850715702051e-12,1.1437280917990473e-10,1.1437280916682359e-10
1363,"(1.0, 3.0, 3.0, 6.0, 6.0, 8.0, 8.0, 9.0)",14471730000.000006,1,-25.622713548219306,1.0,1.0,7.450696870707923e-12,6.910023887952579e-11,6.910023887475094e-11
1364,"(1.0, 3.0, 3.0, 6.0, 6.0, 8.0, 8.0, 14.0)",12662763750.000006,1,-25.15683760930697,1.0,1.0,1.1872009737377492e-11,7.897170157660088e-11,7.897170157036435e-11
1365,"(1.0, 3.0, 3.0, 6.0, 6.0, 8.0, 9.0, 12.0)",25325527500.00001,1,-26.00543291596309,1.0,1.0,5.081407041768276e-12,3.948585078830044e-11,3.948585078674131e-11
1366,"(1.0, 3.0, 3.0, 6.0, 6.0, 8.0, 13.0, 13.0)",10130211000.000004,1,-25.50707262363167,1.0,1.0,8.36409794912334e-12,9.871462697075112e-11,9.871462696100654e-11
1367,"(1.0, 3.0, 3.0, 6.0, 6.0, 8.0, 13.0, 14.0)",20260422000.000008,1,-25.416729857255405,1.0,1.0,9.154918342768929e-12,4.935731348537556e-11,4.9357313482939414e-11
1368,"(1.0, 3.0, 3.0, 6.0, 6.0, 8.0, 14.0, 14.0)",10130211000.000004,1,-25.326387090879145,1.0,1.0,1.0020510325509876e-11,9.871462697075112e-11,9.871462696100654e-11
1369,"(1.0, 3.0, 3.0, 6.0, 7.0, 7.0, 7.0, 12.0)",10545809400.000002,1,-25.392979467828795,1.0,1.0,9.37495383989438e-12,9.482439536599247e-11,9.482439535700081e-11
1370,"(1.0, 3.0, 3.0, 6.0, 7.0, 7.0, 8.0, 9.0)",34973347500.000015,1,-25.524572817855763,1.0,1.0,8.218997952700142e-12,2.8593202294976182e-11,2.859320229415861e-11
1371,"(1.0, 3.0, 3.0, 6.0, 7.0, 7.0, 8.0, 12.0)",29377611900.00001,1,-25.271866765115053,1.0,1.0,1.0581999008800561e-11,3.4039526541638315e-11,3.403952654047963e-11
1372,"(1.0, 3.0, 3.0, 6.0, 7.0, 7.0, 9.0, 13.0)",29377611900.00001,2,-25.784465065804195,2.0,2.0,6.337954295931736e-12,6.807905308327663e-11,6.807905307864187e-11
1373,"(1.0, 3.0, 3.0, 6.0, 7.0, 7.0, 11.0, 12.0)",29377611900.00001,1,-25.536517655875365,2.0,4.0,8.12140736569118e-12,6.807905308327663e-11,1.3615810616191851e-10
1374,"(1.0, 3.0, 3.0, 6.0, 7.0, 7.0, 11.0, 13.0)",29377611900.00001,1,-25.413690536080004,1.0,1.0,9.182785406974567e-12,3.4039526541638315e-11,3.403952654047963e-11
1375,"(1.0, 3.0, 3.0, 6.0, 7.0, 8.0, 8.0, 8.0)",9647820000.000004,1,-24.76803469465752,1.0,1.0,1.751375235678565e-11,1.0365035831928866e-10,1.0365035830854527e-10
1376,"(1.0, 3.0, 3.0, 6.0, 7.0, 8.0, 8.0, 9.0)",28943460000.00001,1,-25.403460115142018,1.0,1.0,9.277211352092045e-12,3.455011943976289e-11,3.455011943856918e-11
1377,"(1.0, 3.0, 3.0, 6.0, 7.0, 8.0, 8.0, 11.0)",28943460000.00001,2,-25.03268558541783,2.0,2.0,1.3441346693852348e-11,6.910023887952579e-11,6.910023887475094e-11
1378,"(1.0, 3.0, 3.0, 6.0, 7.0, 8.0, 8.0, 14.0)",25325527500.00001,1,-24.93758417622969,1.0,1.0,1.4782394911374214e-11,3.948585078830044e-11,3.948585078674131e-11
1379,"(1.0, 3.0, 3.0, 6.0, 7.0, 8.0, 9.0, 13.0)",50651055000.00002,1,-25.663352363090453,1.0,1.0,7.1539793392869115e-12,1.974292539415022e-11,1.9742925393760438e-11
1380,"(1.0, 3.0, 3.0, 6.0, 7.0, 8.0, 11.0, 12.0)",50651055000.00002,1,-25.41540495316162,1.0,1.0,9.167055770247736e-12,1.974292539415022e-11,1.9742925393760438e-11
1381,"(1.0, 3.0, 3.0, 6.0, 7.0, 8.0, 11.0, 13.0)",50651055000.00002,3,-25.292577833366263,3.0,3.0,1.0365088483009308e-11,5.922877618245066e-11,5.922877617894261e-11
1382,"(1.0, 3.0, 3.0, 6.0, 7.0, 8.0, 13.0, 14.0)",40520844000.000015,1,-25.197476424178124,1.0,1.0,1.1399217261262868e-11,2.467865674268778e-11,2.467865674207874e-11
1383,"(1.0, 3.0, 3.0, 6.0, 7.0, 8.0, 14.0, 14.0)",20260422000.000008,1,-25.10713365780186,1.0,1.0,1.247700634702411e-11,4.935731348537556e-11,4.9357313482939414e-11
1384,"(1.0, 3.0, 3.0, 6.0, 7.0, 9.0, 11.0, 11.0)",28943460000.00001,1,-25.93276189666264,1.0,1.0,5.464426738657184e-12,3.455011943976289e-11,3.455011943856918e-11
1385,"(1.0, 3.0, 3.0, 6.0, 7.0, 11.0, 11.0, 14.0)",25325527500.00001,1,-25.466885957750307,1.0,1.0,8.7070684227635e-12,3.948585078830044e-11,3.948585078674131e-11
1386,"(1.0, 3.0, 3.0, 6.0, 7.0, 11.0, 12.0, 14.0)",40520844000.000015,1,-25.58495443473379,1.0,1.0,7.737407484689646e-12,2.467865674268778e-11,2.467865674207874e-11
1387,"(1.0, 3.0, 3.0, 6.0, 8.0, 8.0, 8.0, 8.0)",1849165500.0,1,-24.646921991943778,1.0,1.0,1.976868507781071e-11,5.407844781875933e-10,5.407844778951454e-10
1388,"(1.0, 3.0, 3.0, 6.0, 8.0, 8.0, 9.0, 13.0)",20260422000.0,1,-25.54223966037671,1.0,1.0,8.075069335825864e-12,4.935731348537558e-11,4.9357313482939434e-11
1389,"(1.0, 3.0, 3.0, 6.0, 8.0, 8.0, 11.0, 14.0)",20260422000.0,1,-25.08112236427625,1.0,1.0,1.2805807150208238e-11,4.935731348537558e-11,4.9357313482939434e-11
1390,"(1.0, 3.0, 3.0, 6.0, 8.0, 8.0, 13.0, 14.0)",16883685000.0,1,-25.076363721464386,1.0,1.0,1.2866890634327058e-11,5.922877618245069e-11,5.922877617894264e-11
1391,"(1.0, 3.0, 3.0, 6.0, 8.0, 9.0, 9.0, 11.0)",22189986000.0,1,-26.18242372367308,1.0,1.0,4.2571392292048076e-12,4.506537318229944e-11,4.506537318026855e-11
1392,"(1.0, 3.0, 3.0, 6.0, 8.0, 9.0, 11.0, 14.0)",40520844000.0,1,-25.71654778476076,1.0,1.0,6.783365268984321e-12,2.467865674268779e-11,2.467865674207875e-11
1393,"(1.0, 3.0, 3.0, 6.0, 8.0, 11.0, 11.0, 12.0)",20260422000.0,1,-25.558943141208182,1.0,1.0,7.94130782141868e-12,4.935731348537558e-11,4.9357313482939434e-11
1394,"(1.0, 3.0, 3.0, 6.0, 8.0, 11.0, 11.0, 14.0)",20260422000.0,1,-25.34577325503657,1.0,1.0,9.82812192921472e-12,4.935731348537558e-11,4.9357313482939434e-11
1395,"(1.0, 3.0, 3.0, 6.0, 8.0, 11.0, 12.0, 13.0)",33767370000.0,1,-25.55418449839631,1.0,1.0,7.979187725785747e-12,2.9614388091225344e-11,2.961438809034833e-11
1396,"(1.0, 3.0, 3.0, 6.0, 11.0, 11.0, 12.0, 12.0)",8441842500.0,1,-25.94166250895197,1.0,1.0,5.416005802524631e-12,1.1845755236490138e-10,1.184575523508692e-10
1397,"(1.0, 3.0, 3.0, 7.0, 7.0, 7.0, 8.0, 8.0)",5828891250.000003,1,-24.669893964293983,1.0,1.0,1.931973575927276e-11,1.7155921376985708e-10,1.7155921374042452e-10
1398,"(1.0, 3.0, 3.0, 7.0, 7.0, 7.0, 8.0, 14.0)",9792537300.000006,1,-24.839443445866152,2.0,4.0,1.6306726152052583e-11,2.0423715924982985e-10,4.084743184579469e-10
1399,"(1.0, 3.0, 3.0, 7.0, 7.0, 8.0, 8.0, 8.0)",4823910000.000002,1,-24.54878126158024,1.0,1.0,2.1807192669571277e-11,2.0730071663857733e-10,2.0730071659560375e-10
1400,"(1.0, 3.0, 3.0, 7.0, 7.0, 8.0, 8.0, 12.0)",12662763750.000006,1,-24.931500629324027,1.0,1.0,1.487259840458762e-11,7.897170157660088e-11,7.897170157036435e-11
1401,"(1.0, 3.0, 3.0, 7.0, 7.0, 8.0, 9.0, 13.0)",25325527500.00001,1,-25.44409893001317,1.0,1.0,8.907754467906333e-12,3.948585078830044e-11,3.948585078674131e-11
1402,"(1.0, 3.0, 3.0, 7.0, 7.0, 8.0, 9.0, 14.0)",25325527500.00001,1,-25.35375616363691,1.0,1.0,9.74997725602489e-12,3.948585078830044e-11,3.948585078674131e-11
1403,"(1.0, 3.0, 3.0, 7.0, 7.0, 9.0, 11.0, 13.0)",25325527500.00001,1,-25.70874982077348,2.0,4.0,6.8364684864606635e-12,7.897170157660088e-11,1.5794340314696524e-10
1404,"(1.0, 3.0, 3.0, 7.0, 7.0, 9.0, 13.0, 14.0)",20260422000.000008,1,-25.61364841158534,1.0,1.0,7.51854551986578e-12,4.935731348537556e-11,4.9357313482939414e-11
1405,"(1.0, 3.0, 3.0, 7.0, 8.0, 8.0, 8.0, 12.0)",6753474000.0,1,-24.81038792661029,1.0,1.0,1.678747695865002e-11,1.4807194045612672e-10,1.4807194043420142e-10
1406,"(1.0, 3.0, 3.0, 7.0, 8.0, 8.0, 8.0, 14.0)",6753474000.0,1,-24.597218040438666,1.0,1.0,2.0776095593285067e-11,1.4807194045612672e-10,1.4807194043420142e-10
1407,"(1.0, 3.0, 3.0, 7.0, 8.0, 8.0, 9.0, 11.0)",22189986000.0,2,-25.327744870111303,2.0,2.0,1.0006913917243478e-11,9.013074636459887e-11,9.013074635647533e-11
1408,"(1.0, 3.0, 3.0, 7.0, 8.0, 8.0, 11.0, 12.0)",20260422000.0,1,-25.075038817370597,1.0,1.0,1.2883949328474302e-11,4.935731348537558e-11,4.9357313482939434e-11
1409,"(1.0, 3.0, 3.0, 7.0, 8.0, 8.0, 11.0, 14.0)",20260422000.0,1,-24.861868931198977,1.0,1.0,1.5945109770023933e-11,4.935731348537558e-11,4.9357313482939434e-11
1410,"(1.0, 3.0, 3.0, 7.0, 8.0, 9.0, 9.0, 11.0)",22189986000.0,1,-25.9631702905958,1.0,1.0,5.300763280262437e-12,4.506537318229944e-11,4.506537318026855e-11
1411,"(1.0, 3.0, 3.0, 7.0, 8.0, 9.0, 12.0, 14.0)",33767370000.0,1,-25.61536282866696,1.0,1.0,7.505666640037872e-12,2.9614388091225344e-11,2.961438809034833e-11
1412,"(1.0, 3.0, 3.0, 7.0, 8.0, 9.0, 13.0, 14.0)",33767370000.0,1,-25.4925357088716,1.0,1.0,8.486574184533577e-12,2.9614388091225344e-11,2.961438809034833e-11
1413,"(1.0, 3.0, 3.0, 7.0, 8.0, 11.0, 13.0, 13.0)",16883685000.0,1,-25.212103945523676,1.0,1.0,1.1233688556211092e-11,5.922877618245069e-11,5.922877617894264e-11
1414,"(1.0, 3.0, 3.0, 7.0, 8.0, 12.0, 14.0, 14.0)",12831600600.000002,1,-25.149486889754627,1.0,1.0,1.1959599079431108e-11,7.793260024006668e-11,7.793260023399319e-11
1415,"(1.0, 3.0, 3.0, 7.0, 8.0, 14.0, 14.0, 14.0)",4277200200.000001,1,-24.936317003583007,1.0,1.0,1.4801138631114772e-11,2.3379780072020003e-10,2.3379780066553864e-10
1416,"(1.0, 3.0, 3.0, 7.0, 9.0, 9.0, 12.0, 13.0)",16883685000.0,1,-26.34113101552772,1.0,1.0,3.6323873359039135e-12,5.922877618245069e-11,5.922877617894264e-11
1417,"(1.0, 3.0, 3.0, 7.0, 12.0, 14.0, 14.0, 14.0)",2961138599.9999995,1,-25.3190363713268,1.0,1.0,1.0094439670740279e-11,3.377079343736224e-10,3.3770793425957576e-10
1418,"(1.0, 3.0, 3.0, 8.0, 8.0, 8.0, 11.0, 13.0)",5010642000.000001,1,-24.83109899486149,1.0,1.0,1.6443366129422034e-11,1.9957522409304033e-10,1.9957522405321005e-10
1419,"(1.0, 3.0, 3.0, 8.0, 8.0, 9.0, 11.0, 11.0)",7873866000.000002,1,-25.47128305815787,1.0,1.0,8.66886661878803e-12,1.2700241533193476e-10,1.2700241531580516e-10
1420,"(1.0, 3.0, 3.0, 8.0, 8.0, 9.0, 12.0, 14.0)",13071240000.000002,1,-25.49425012595321,1.0,1.0,8.472037121642359e-12,7.650383590233213e-11,7.65038358964793e-11
1421,"(1.0, 3.0, 3.0, 8.0, 9.0, 11.0, 12.0, 14.0)",26142480000.000004,1,-25.75890101671352,1.0,1.0,6.5020668235645995e-12,3.825191795116607e-11,3.8251917949702856e-11
1422,"(1.0, 3.0, 3.0, 8.0, 9.0, 11.0, 14.0, 14.0)",13071240000.000002,1,-25.545731130541903,1.0,1.0,8.046924633942595e-12,7.650383590233213e-11,7.65038358964793e-11
1423,"(1.0, 3.0, 3.0, 8.0, 11.0, 11.0, 11.0, 11.0)",1312311000.0000002,1,-25.365159419193983,1.0,1.0,9.639427286413918e-12,7.620144919916085e-10,7.620144914109424e-10
1424,"(1.0, 3.0, 3.0, 8.0, 11.0, 11.0, 12.0, 14.0)",13071240000.000002,1,-25.38812648698933,1.0,1.0,9.420560886803462e-12,7.650383590233213e-11,7.65038358964793e-11
1425,"(1.0, 3.0, 3.0, 8.0, 11.0, 11.0, 14.0, 14.0)",6535620000.000001,1,-25.174956600817712,1.0,1.0,1.1658837954546856e-11,1.5300767180466427e-10,1.530076717812529e-10
1426,"(1.0, 3.0, 4.0, 4.0, 4.0, 4.0, 4.0, 11.0)",1855428120.0,1,-26.238000020247743,1.0,1.0,4.026997639419556e-12,5.389591702426069e-10,5.389591699521299e-10
1427,"(1.0, 3.0, 4.0, 4.0, 4.0, 4.0, 6.0, 8.0)",9277140600.0,1,-25.95666890038537,1.0,1.0,5.335337880460781e-12,1.0779183404852138e-10,1.077918340369023e-10
1428,"(1.0, 3.0, 4.0, 4.0, 4.0, 4.0, 7.0, 12.0)",7493075099.999999,1,-26.12013483505188,1.0,1.0,4.530744527635898e-12,1.334565564410265e-10,1.3345655642321584e-10
1429,"(1.0, 3.0, 4.0, 4.0, 4.0, 4.0, 9.0, 11.0)",8589945000.000002,1,-26.516379075839158,1.0,1.0,3.048476751385218e-12,1.1641518077240305e-10,1.1641518075885056e-10
1430,"(1.0, 3.0, 4.0, 4.0, 4.0, 4.0, 11.0, 14.0)",7215553800.000004,1,-26.050503136926828,1.0,1.0,4.8574712278121756e-12,1.385895009195274e-10,1.3858950090032034e-10
1431,"(1.0, 3.0, 4.0, 4.0, 4.0, 6.0, 7.0, 9.0)",37108562400.0,1,-26.356160658690527,1.0,1.0,3.5782020630634593e-12,2.6947958512130344e-11,2.694795851140415e-11
1432,"(1.0, 3.0, 4.0, 4.0, 4.0, 6.0, 7.0, 12.0)",29972300400.0,2,-26.103454605949818,2.0,2.0,4.606952198130943e-12,6.672827822051323e-11,6.672827821606057e-11
1433,"(1.0, 3.0, 4.0, 4.0, 4.0, 6.0, 7.0, 13.0)",29972300400.0,1,-25.98062748615446,2.0,4.0,5.209029852922014e-12,6.672827822051323e-11,1.334565564365738e-10
1434,"(1.0, 3.0, 4.0, 4.0, 4.0, 6.0, 8.0, 11.0)",34359780000.00001,1,-25.864273426252595,1.0,1.0,5.851790540292446e-12,2.9103795193100763e-11,2.9103795192253733e-11
1435,"(1.0, 3.0, 4.0, 4.0, 4.0, 6.0, 9.0, 12.0)",28862215200.00001,1,-26.61776732372057,1.0,1.0,2.7545491800459776e-12,3.4647375229881856e-11,3.4647375228681416e-11
1436,"(1.0, 3.0, 4.0, 4.0, 4.0, 6.0, 11.0, 11.0)",17179890000.000004,1,-26.128924317012903,1.0,1.0,4.491096130030729e-12,5.8207590386201526e-11,5.82075903828134e-11
1437,"(1.0, 3.0, 4.0, 4.0, 4.0, 6.0, 13.0, 14.0)",22201704000.000004,1,-26.029064265012888,1.0,1.0,4.962734259856981e-12,4.5041587798846425e-11,4.504158779681768e-11
1438,"(1.0, 3.0, 4.0, 4.0, 4.0, 6.0, 14.0, 14.0)",11100852000.000002,1,-25.938721498636625,1.0,1.0,5.431957777421089e-12,9.008317559769285e-11,9.008317558957787e-11
1439,"(1.0, 3.0, 4.0, 4.0, 4.0, 7.0, 7.0, 8.0)",18554281200.0,1,-25.501481805128744,1.0,1.0,8.410991066004591e-12,5.389591702426069e-11,5.389591702135592e-11
1440,"(1.0, 3.0, 4.0, 4.0, 4.0, 7.0, 8.0, 8.0)",17179890000.000004,1,-25.380369102415003,2.0,4.0,9.493923985495987e-12,1.1641518077240305e-10,2.328303615312536e-10
1441,"(1.0, 3.0, 4.0, 4.0, 4.0, 7.0, 8.0, 12.0)",28862215200.00001,1,-25.76308847015879,1.0,1.0,6.474896648067249e-12,3.4647375229881856e-11,3.4647375228681416e-11
1442,"(1.0, 3.0, 4.0, 4.0, 4.0, 7.0, 11.0, 13.0)",28862215200.00001,1,-25.904912241123743,1.0,1.0,5.618748064717483e-12,3.4647375229881856e-11,3.4647375228681416e-11
1443,"(1.0, 3.0, 4.0, 4.0, 4.0, 7.0, 11.0, 14.0)",28862215200.00001,1,-25.81456947474748,1.0,1.0,6.149997290080848e-12,3.4647375229881856e-11,3.4647375228681416e-11
1444,"(1.0, 3.0, 4.0, 4.0, 4.0, 7.0, 12.0, 14.0)",22201704000.000004,1,-25.932637951730964,1.0,1.0,5.465104068630899e-12,4.5041587798846425e-11,4.504158779681768e-11
1445,"(1.0, 3.0, 4.0, 4.0, 4.0, 7.0, 13.0, 14.0)",22201704000.000004,1,-25.809810831935607,1.0,1.0,6.179332673426356e-12,4.5041587798846425e-11,4.504158779681768e-11
1446,"(1.0, 3.0, 4.0, 4.0, 4.0, 8.0, 8.0, 9.0)",14725620000.000008,1,-25.89468182018576,1.0,1.0,5.676525261164302e-12,6.790885545056843e-11,6.790885544595682e-11
1447,"(1.0, 3.0, 4.0, 4.0, 4.0, 8.0, 9.0, 11.0)",29451240000.00001,1,-26.159332710946067,1.0,1.0,4.356584614042355e-12,3.395442772528422e-11,3.395442772413132e-11
1448,"(1.0, 3.0, 4.0, 4.0, 4.0, 8.0, 9.0, 13.0)",25769835000.00001,1,-26.154574068134192,1.0,1.0,4.37736544917155e-12,3.880506025746768e-11,3.880506025596185e-11
1449,"(1.0, 3.0, 4.0, 4.0, 4.0, 8.0, 14.0, 14.0)",10307934000.000006,1,-25.5983553628456,1.0,1.0,7.634410710780931e-12,9.701265064366919e-11,9.701265063425773e-11
1450,"(1.0, 3.0, 4.0, 4.0, 4.0, 9.0, 13.0, 14.0)",20615868000.00001,1,-26.32412354970636,2.0,4.0,3.694693371405823e-12,9.701265064366919e-11,1.9402530127792692e-10
1451,"(1.0, 3.0, 4.0, 4.0, 6.0, 6.0, 6.0, 8.0)",18554281200.0,1,-25.923308442181245,1.0,1.0,5.5163293912449296e-12,5.389591702426069e-11,5.389591702135592e-11
1452,"(1.0, 3.0, 4.0, 4.0, 6.0, 6.0, 7.0, 8.0)",55662843600.0,1,-25.704055009103964,1.0,1.0,6.86863987871159e-12,1.796530567475356e-11,1.7965305674430808e-11
1453,"(1.0, 3.0, 4.0, 4.0, 6.0, 6.0, 7.0, 9.0)",55662843600.0,1,-26.339480429588463,1.0,1.0,3.638387854189708e-12,1.796530567475356e-11,1.7965305674430808e-11
1454,"(1.0, 3.0, 4.0, 4.0, 6.0, 6.0, 8.0, 8.0)",25769835000.000008,1,-25.582942306390223,1.0,1.0,7.752991815173878e-12,3.8805060257467686e-11,3.8805060255961855e-11
1455,"(1.0, 3.0, 4.0, 4.0, 6.0, 6.0, 8.0, 9.0)",51539670000.000015,1,-26.21836772687472,1.0,1.0,4.106837998799283e-12,1.9402530128733843e-11,1.9402530128357385e-11
1456,"(1.0, 3.0, 4.0, 4.0, 6.0, 6.0, 8.0, 11.0)",51539670000.000015,1,-25.84759319715053,1.0,1.0,5.950218364368729e-12,1.9402530128733843e-11,1.9402530128357385e-11
1457,"(1.0, 3.0, 4.0, 4.0, 6.0, 6.0, 11.0, 13.0)",43293322800.00002,1,-26.107485445098963,1.0,1.0,4.588419690723163e-12,2.3098250153254567e-11,2.309825015272104e-11
1458,"(1.0, 3.0, 4.0, 4.0, 6.0, 7.0, 7.0, 7.0)",18554281200.000004,1,-25.605914278740425,1.0,1.0,7.576920398266186e-12,5.3895917024260675e-11,5.389591702135591e-11
1459,"(1.0, 3.0, 4.0, 4.0, 6.0, 7.0, 7.0, 8.0)",55662843600.0,1,-25.484801576026683,2.0,4.0,8.552464952202564e-12,3.593061134950712e-11,7.186122269772323e-11
1460,"(1.0, 3.0, 4.0, 4.0, 6.0, 7.0, 7.0, 9.0)",55662843600.0,1,-26.12022699651118,1.0,1.0,4.530326986849381e-12,1.796530567475356e-11,1.7965305674430808e-11
1461,"(1.0, 3.0, 4.0, 4.0, 6.0, 7.0, 7.0, 11.0)",55662843600.0,1,-25.74945246678699,1.0,1.0,6.563793079159122e-12,1.796530567475356e-11,1.7965305674430808e-11
1462,"(1.0, 3.0, 4.0, 4.0, 6.0, 7.0, 8.0, 8.0)",51539670000.000015,1,-25.363688873312935,1.0,1.0,9.653612934272253e-12,1.9402530128733843e-11,1.9402530128357385e-11
1463,"(1.0, 3.0, 4.0, 4.0, 6.0, 7.0, 8.0, 9.0)",103079340000.00005,2,-25.99911429379744,2.0,2.0,5.113616184474213e-12,1.940253012873384e-11,1.9402530128357382e-11
1464,"(1.0, 3.0, 4.0, 4.0, 6.0, 7.0, 8.0, 11.0)",103079340000.00005,7,-25.62833976407325,8.0,10.0,7.408895344322713e-12,7.761012051493536e-11,9.701265063764586e-11
1465,"(1.0, 3.0, 4.0, 4.0, 6.0, 7.0, 8.0, 13.0)",86586645600.00005,1,-25.62358112126137,1.0,1.0,7.444235650153957e-12,1.1549125076627284e-11,1.15491250764939e-11
1466,"(1.0, 3.0, 4.0, 4.0, 6.0, 7.0, 9.0, 12.0)",86586645600.00005,1,-26.38183366154123,1.0,1.0,3.4875080465082073e-12,1.1549125076627284e-11,1.15491250764939e-11
1467,"(1.0, 3.0, 4.0, 4.0, 6.0, 7.0, 9.0, 13.0)",86586645600.00005,1,-26.25900654174587,1.0,1.0,3.943286742575118e-12,1.1549125076627284e-11,1.15491250764939e-11
1468,"(1.0, 3.0, 4.0, 4.0, 6.0, 7.0, 9.0, 14.0)",86586645600.00005,2,-26.16866377536961,2.0,2.0,4.31612211501923e-12,2.3098250153254567e-11,2.309825015272104e-11
1469,"(1.0, 3.0, 4.0, 4.0, 6.0, 7.0, 11.0, 12.0)",86586645600.00005,1,-26.01105913181704,1.0,1.0,5.052898222497198e-12,1.1549125076627284e-11,1.15491250764939e-11
1470,"(1.0, 3.0, 4.0, 4.0, 6.0, 8.0, 8.0, 9.0)",44176860000.00002,1,-25.87800159108369,1.0,1.0,5.772005102064871e-12,2.2636285150189478e-11,2.2636285149677075e-11
1471,"(1.0, 3.0, 4.0, 4.0, 6.0, 8.0, 8.0, 12.0)",38654752500.00002,2,-25.625295538342986,2.0,2.0,7.431484059291677e-12,5.174008034329023e-11,5.1740080340613196e-11
1472,"(1.0, 3.0, 4.0, 4.0, 6.0, 8.0, 9.0, 11.0)",88353720000.00005,2,-26.142652481844003,2.0,2.0,4.4298628937435576e-12,2.2636285150189478e-11,2.2636285149677075e-11
1473,"(1.0, 3.0, 4.0, 4.0, 6.0, 8.0, 11.0, 14.0)",77309505000.00005,2,-25.67677654293168,2.0,2.0,7.058584763598505e-12,2.5870040171645115e-11,2.5870040170975855e-11
1474,"(1.0, 3.0, 4.0, 4.0, 6.0, 8.0, 14.0, 14.0)",30923802000.00002,1,-25.581675133743538,1.0,1.0,7.762822421554351e-12,3.233755021455639e-11,3.233755021351067e-11
1475,"(1.0, 3.0, 4.0, 4.0, 6.0, 9.0, 9.0, 13.0)",38654752500.00002,1,-26.773319259516622,2.0,4.0,2.3577360468062174e-12,5.174008034329023e-11,1.0348016068390342e-10
1476,"(1.0, 3.0, 4.0, 4.0, 6.0, 9.0, 11.0, 12.0)",77309505000.00005,1,-26.525371849587792,1.0,1.0,3.021185386139278e-12,1.2935020085822558e-11,1.2935020085655243e-11
1477,"(1.0, 3.0, 4.0, 4.0, 6.0, 9.0, 13.0, 14.0)",61847604000.00004,1,-26.3074433206043,3.0,9.0,3.756838560416346e-12,4.8506325321834586e-11,1.455189759631509e-10
1478,"(1.0, 3.0, 4.0, 4.0, 6.0, 11.0, 11.0, 12.0)",38654752500.00002,1,-26.154597319863605,1.0,1.0,4.377263669037871e-12,2.5870040171645115e-11,2.5870040170975855e-11
1479,"(1.0, 3.0, 4.0, 4.0, 6.0, 11.0, 11.0, 13.0)",38654752500.00002,1,-26.031770200068244,1.0,1.0,4.94932357565591e-12,2.5870040171645115e-11,2.5870040170975855e-11
1480,"(1.0, 3.0, 4.0, 4.0, 6.0, 11.0, 13.0, 13.0)",30923802000.00002,1,-26.02701155725637,1.0,1.0,4.972931765634645e-12,3.233755021455639e-11,3.233755021351067e-11
1481,"(1.0, 3.0, 4.0, 4.0, 6.0, 12.0, 13.0, 13.0)",22598163000.000008,1,-26.145080034239854,1.0,1.0,4.41912221152157e-12,4.425138450412981e-11,4.425138450217163e-11
1482,"(1.0, 3.0, 4.0, 4.0, 7.0, 7.0, 8.0, 8.0)",25769835000.000008,4,-25.144435440235657,5.0,7.0,1.2020165235097376e-11,1.9402530128733842e-10,2.7163542176462794e-10
1483,"(1.0, 3.0, 4.0, 4.0, 7.0, 7.0, 8.0, 11.0)",51539670000.000015,1,-25.409086330995965,1.0,1.0,9.225162315358244e-12,1.9402530128733843e-11,1.9402530128357385e-11
1484,"(1.0, 3.0, 4.0, 4.0, 7.0, 7.0, 8.0, 13.0)",43293322800.00002,1,-25.40432768818409,1.0,1.0,9.269166184007462e-12,2.3098250153254567e-11,2.309825015272104e-11
1485,"(1.0, 3.0, 4.0, 4.0, 7.0, 7.0, 9.0, 9.0)",25769835000.000008,1,-26.41528628120465,1.0,1.0,3.3727715836019296e-12,3.8805060257467686e-11,3.8805060255961855e-11
1486,"(1.0, 3.0, 4.0, 4.0, 7.0, 7.0, 11.0, 13.0)",43293322800.00002,2,-25.6689785789444,2.0,2.0,7.113842522382398e-12,4.6196500306509135e-11,4.6196500304375015e-11
1487,"(1.0, 3.0, 4.0, 4.0, 7.0, 7.0, 11.0, 14.0)",43293322800.00002,1,-25.578635812568137,1.0,1.0,7.786452022905114e-12,2.3098250153254567e-11,2.309825015272104e-11
1488,"(1.0, 3.0, 4.0, 4.0, 7.0, 7.0, 13.0, 14.0)",33302556000.000008,1,-25.57387716975626,1.0,1.0,7.823593267725186e-12,3.0027725199230946e-11,3.002772519832928e-11
1489,"(1.0, 3.0, 4.0, 4.0, 7.0, 8.0, 8.0, 13.0)",38654752500.00002,2,-25.283214985470345,2.0,2.0,1.0462590968093774e-11,5.174008034329023e-11,5.1740080340613196e-11
1490,"(1.0, 3.0, 4.0, 4.0, 7.0, 8.0, 8.0, 14.0)",38654752500.00002,1,-25.192872219094085,2.0,4.0,1.1451822605297071e-11,5.174008034329023e-11,1.0348016068390342e-10
1491,"(1.0, 3.0, 4.0, 4.0, 7.0, 8.0, 11.0, 12.0)",77309505000.00005,1,-25.670692996026013,1.0,1.0,7.101656877869378e-12,1.2935020085822558e-11,1.2935020085655243e-11
1492,"(1.0, 3.0, 4.0, 4.0, 7.0, 8.0, 11.0, 13.0)",77309505000.00005,1,-25.547865876230656,1.0,1.0,8.029764818709995e-12,1.2935020085822558e-11,1.2935020085655243e-11
1493,"(1.0, 3.0, 4.0, 4.0, 7.0, 8.0, 11.0, 14.0)",77309505000.00005,2,-25.457523109854392,2.0,2.0,8.788974217432908e-12,2.5870040171645115e-11,2.5870040170975855e-11
1494,"(1.0, 3.0, 4.0, 4.0, 7.0, 8.0, 12.0, 13.0)",61847604000.00004,1,-25.665934353214137,1.0,1.0,7.135531661397612e-12,1.6168775107278195e-11,1.6168775107016768e-11
1495,"(1.0, 3.0, 4.0, 4.0, 7.0, 8.0, 12.0, 14.0)",61847604000.00004,1,-25.575591586837877,1.0,1.0,7.810191856873683e-12,1.6168775107278195e-11,1.6168775107016768e-11
1496,"(1.0, 3.0, 4.0, 4.0, 7.0, 8.0, 13.0, 14.0)",61847604000.00004,1,-25.45276446704252,1.0,1.0,8.830897476211902e-12,1.6168775107278195e-11,1.6168775107016768e-11
1497,"(1.0, 3.0, 4.0, 4.0, 7.0, 9.0, 11.0, 11.0)",44176860000.00002,2,-26.18804993952703,2.0,2.0,4.2332548971881655e-12,4.5272570300378955e-11,4.527257029832935e-11
1498,"(1.0, 3.0, 4.0, 4.0, 7.0, 9.0, 12.0, 13.0)",61847604000.00004,1,-26.30135977369864,1.0,1.0,3.779763124644259e-12,1.6168775107278195e-11,1.6168775107016768e-11
1499,"(1.0, 3.0, 4.0, 4.0, 7.0, 9.0, 13.0, 14.0)",61847604000.00004,1,-26.08818988752701,1.0,1.0,4.6778155044388654e-12,1.6168775107278195e-11,1.6168775107016768e-11
1500,"(1.0, 3.0, 4.0, 4.0, 7.0, 11.0, 12.0, 13.0)",61847604000.00004,1,-25.93058524397445,1.0,1.0,5.476333851931225e-12,1.6168775107278195e-11,1.6168775107016768e-11
1501,"(1.0, 3.0, 4.0, 4.0, 7.0, 11.0, 12.0, 14.0)",61847604000.00004,2,-25.84024247759818,2.0,2.0,5.994117899758264e-12,3.233755021455639e-11,3.233755021351067e-11
1502,"(1.0, 3.0, 4.0, 4.0, 8.0, 8.0, 9.0, 13.0)",31990140000.00001,1,-25.7975277032411,1.0,1.0,6.255702280568769e-12,3.1259631874071185e-11,3.125963187309402e-11
1503,"(1.0, 3.0, 4.0, 4.0, 8.0, 8.0, 11.0, 12.0)",31990140000.00001,2,-25.549580293312268,2.0,2.0,8.016010246649103e-12,6.251926374814237e-11,6.251926374423371e-11
1504,"(1.0, 3.0, 4.0, 4.0, 8.0, 8.0, 13.0, 14.0)",26658450000.00001,1,-25.33165176432877,1.0,1.0,9.967894235642146e-12,3.751155824888542e-11,3.75115582474783e-11
1505,"(1.0, 3.0, 4.0, 4.0, 8.0, 9.0, 9.0, 12.0)",31990140000.00001,1,-26.55578024352096,1.0,1.0,2.93069873998308e-12,3.1259631874071185e-11,3.125963187309402e-11
1506,"(1.0, 3.0, 4.0, 4.0, 8.0, 9.0, 9.0, 13.0)",31990140000.00001,1,-26.432953123725603,1.0,1.0,3.3137086233901672e-12,3.1259631874071185e-11,3.125963187309402e-11
1507,"(1.0, 3.0, 4.0, 4.0, 8.0, 9.0, 9.0, 14.0)",31990140000.00001,1,-26.342610357349336,1.0,1.0,3.6270177660994372e-12,3.1259631874071185e-11,3.125963187309402e-11
1508,"(1.0, 3.0, 4.0, 4.0, 8.0, 11.0, 11.0, 13.0)",31990140000.00001,2,-25.691404064277226,2.0,2.0,6.956086638627541e-12,6.251926374814237e-11,6.251926374423371e-11
1509,"(1.0, 3.0, 4.0, 4.0, 8.0, 11.0, 12.0, 12.0)",26658450000.00001,1,-25.93229966105606,1.0,1.0,5.466953175124804e-12,3.751155824888542e-11,3.75115582474783e-11
1510,"(1.0, 3.0, 4.0, 6.0, 6.0, 6.0, 7.0, 8.0)",37108562400.0,1,-25.6873747800019,2.0,4.0,6.98417123154627e-12,5.389591702426069e-11,1.077918340456166e-10
1511,"(1.0, 3.0, 4.0, 6.0, 6.0, 6.0, 7.0, 9.0)",37108562400.0,2,-26.3228002004864,2.0,2.0,3.699585977596137e-12,5.389591702426069e-11,5.389591702135592e-11
1512,"(1.0, 3.0, 4.0, 6.0, 6.0, 6.0, 8.0, 13.0)",28862215200.00001,1,-25.82615432523659,1.0,1.0,6.079161593672065e-12,3.4647375229881856e-11,3.4647375228681416e-11
1513,"(1.0, 3.0, 4.0, 6.0, 6.0, 6.0, 8.0, 14.0)",28862215200.00001,1,-25.735811558860327,1.0,1.0,6.653942639253505e-12,3.4647375229881856e-11,3.4647375228681416e-11
1514,"(1.0, 3.0, 4.0, 6.0, 6.0, 6.0, 9.0, 12.0)",28862215200.00001,1,-26.58440686551645,1.0,1.0,2.847992187554744e-12,3.4647375229881856e-11,3.4647375228681416e-11
1515,"(1.0, 3.0, 4.0, 6.0, 6.0, 6.0, 11.0, 14.0)",28862215200.00001,1,-26.000462449620635,1.0,1.0,5.106726878010303e-12,3.4647375229881856e-11,3.4647375228681416e-11
1516,"(1.0, 3.0, 4.0, 6.0, 6.0, 7.0, 7.0, 7.0)",18554281200.000004,1,-25.58923404963836,2.0,4.0,7.704365115035435e-12,1.0779183404852135e-10,2.1558366808542363e-10
1517,"(1.0, 3.0, 4.0, 6.0, 6.0, 7.0, 7.0, 8.0)",55662843600.0,1,-25.46812134692462,1.0,1.0,8.696318446263529e-12,1.796530567475356e-11,1.7965305674430808e-11
1518,"(1.0, 3.0, 4.0, 6.0, 6.0, 7.0, 7.0, 12.0)",44958450599.99999,1,-25.850840714668408,1.0,1.0,5.93092626865976e-12,2.224275940683775e-11,2.2242759406343007e-11
1519,"(1.0, 3.0, 4.0, 6.0, 6.0, 7.0, 8.0, 11.0)",103079340000.00005,2,-25.611659534971185,2.0,2.0,7.533513859378814e-12,1.940253012873384e-11,1.9402530128357382e-11
1520,"(1.0, 3.0, 4.0, 6.0, 6.0, 7.0, 8.0, 13.0)",86586645600.00005,2,-25.60690089215931,2.0,2.0,7.569448593424988e-12,2.3098250153254567e-11,2.309825015272104e-11
1521,"(1.0, 3.0, 4.0, 6.0, 6.0, 7.0, 8.0, 14.0)",86586645600.00005,1,-25.51655812578305,1.0,1.0,8.285135371932803e-12,1.1549125076627284e-11,1.15491250764939e-11
1522,"(1.0, 3.0, 4.0, 6.0, 6.0, 7.0, 9.0, 9.0)",51539670000.000015,1,-26.617859485179878,2.0,4.0,2.7542953284716575e-12,3.8805060257467686e-11,7.761012051342954e-11
1523,"(1.0, 3.0, 4.0, 6.0, 6.0, 7.0, 11.0, 11.0)",51539670000.000015,3,-25.876310425731493,3.0,3.0,5.781774775844625e-12,5.8207590386201526e-11,5.82075903828134e-11
1524,"(1.0, 3.0, 4.0, 6.0, 6.0, 7.0, 11.0, 12.0)",86586645600.00005,2,-25.99437890271497,2.0,2.0,5.13788858124209e-12,2.3098250153254567e-11,2.309825015272104e-11
1525,"(1.0, 3.0, 4.0, 6.0, 6.0, 7.0, 11.0, 14.0)",86586645600.00005,2,-25.781209016543357,2.0,2.0,6.35862462086836e-12,2.3098250153254567e-11,2.309825015272104e-11
1526,"(1.0, 3.0, 4.0, 6.0, 6.0, 8.0, 8.0, 8.0)",14725620000.000008,1,-25.22589594149713,1.0,1.0,1.1079817105193599e-11,6.790885545056843e-11,6.790885544595682e-11
1527,"(1.0, 3.0, 4.0, 6.0, 6.0, 8.0, 8.0, 11.0)",44176860000.00002,1,-25.49054683225744,1.0,1.0,8.503469729471257e-12,2.2636285150189478e-11,2.2636285149677075e-11
1528,"(1.0, 3.0, 4.0, 6.0, 6.0, 8.0, 8.0, 13.0)",38654752500.00002,1,-25.485788189445564,1.0,1.0,8.54403113665813e-12,2.5870040171645115e-11,2.5870040170975855e-11
1529,"(1.0, 3.0, 4.0, 6.0, 6.0, 8.0, 9.0, 13.0)",77309505000.00005,1,-26.121213609930063,1.0,1.0,4.5258595096511e-12,1.2935020085822558e-11,1.2935020085655243e-11
1530,"(1.0, 3.0, 4.0, 6.0, 6.0, 8.0, 9.0, 14.0)",77309505000.00005,1,-26.0308708435538,1.0,1.0,4.953776784266698e-12,1.2935020085822558e-11,1.2935020085655243e-11
1531,"(1.0, 3.0, 4.0, 6.0, 6.0, 8.0, 11.0, 13.0)",77309505000.00005,2,-25.750439080205872,3.0,5.0,6.557320346396015e-12,3.880506025746767e-11,6.467510042760695e-11
1532,"(1.0, 3.0, 4.0, 6.0, 6.0, 8.0, 12.0, 13.0)",61847604000.00004,1,-25.86850755718936,1.0,1.0,5.827065674029557e-12,1.6168775107278195e-11,1.6168775107016768e-11
1533,"(1.0, 3.0, 4.0, 6.0, 6.0, 9.0, 9.0, 12.0)",38654752500.00002,1,-26.87946615020992,1.0,1.0,2.1202944397585623e-12,2.5870040171645115e-11,2.5870040170975855e-11
1534,"(1.0, 3.0, 4.0, 6.0, 6.0, 11.0, 11.0, 14.0)",38654752500.00002,1,-25.92474720458992,1.0,1.0,5.508398410649428e-12,2.5870040171645115e-11,2.5870040170975855e-11
1535,"(1.0, 3.0, 4.0, 6.0, 6.0, 12.0, 13.0, 14.0)",45196326000.000015,1,-26.03805703876153,1.0,1.0,4.918305581421807e-12,2.2125692252064906e-11,2.212569225157536e-11
1536,"(1.0, 3.0, 4.0, 6.0, 7.0, 7.0, 8.0, 8.0)",51539670000.000015,1,-25.127755211133596,1.0,1.0,1.2222345866987976e-11,1.9402530128733843e-11,1.9402530128357385e-11
1537,"(1.0, 3.0, 4.0, 6.0, 7.0, 7.0, 8.0, 9.0)",103079340000.00005,2,-25.76318063161809,2.0,2.0,6.47429993964053e-12,1.940253012873384e-11,1.9402530128357382e-11
1538,"(1.0, 3.0, 4.0, 6.0, 7.0, 7.0, 8.0, 11.0)",103079340000.00005,1,-25.3924061018939,1.0,1.0,9.380330660362926e-12,9.70126506436692e-12,9.701265064272805e-12
1539,"(1.0, 3.0, 4.0, 6.0, 7.0, 7.0, 8.0, 12.0)",86586645600.00005,1,-25.510474578877385,1.0,1.0,8.335692007496586e-12,1.1549125076627284e-11,1.15491250764939e-11
1540,"(1.0, 3.0, 4.0, 6.0, 7.0, 7.0, 9.0, 9.0)",51539670000.000015,1,-26.39860605210259,1.0,1.0,3.4295020092373616e-12,1.9402530128733843e-11,1.9402530128357385e-11
1541,"(1.0, 3.0, 4.0, 6.0, 7.0, 7.0, 9.0, 11.0)",103079340000.00005,2,-26.0278315223784,2.0,2.0,4.9688558063331915e-12,1.940253012873384e-11,1.9402530128357382e-11
1542,"(1.0, 3.0, 4.0, 6.0, 7.0, 7.0, 9.0, 14.0)",86586645600.00005,1,-25.932730113190264,1.0,1.0,5.4646004198735686e-12,1.1549125076627284e-11,1.15491250764939e-11
1543,"(1.0, 3.0, 4.0, 6.0, 7.0, 7.0, 11.0, 11.0)",51539670000.000015,2,-25.65705699265421,2.0,2.0,7.199158349413369e-12,3.8805060257467686e-11,3.8805060255961855e-11
1544,"(1.0, 3.0, 4.0, 6.0, 7.0, 7.0, 11.0, 12.0)",86586645600.00005,2,-25.775125469637693,2.0,2.0,6.397425515870412e-12,2.3098250153254567e-11,2.309825015272104e-11
1545,"(1.0, 3.0, 4.0, 6.0, 7.0, 7.0, 11.0, 14.0)",86586645600.00005,1,-25.561955583466077,1.0,1.0,7.917421086922649e-12,1.1549125076627284e-11,1.15491250764939e-11
1546,"(1.0, 3.0, 4.0, 6.0, 7.0, 7.0, 13.0, 13.0)",33302556000.000008,1,-25.64753970703046,1.0,1.0,7.2680018777909765e-12,3.0027725199230946e-11,3.002772519832928e-11
1547,"(1.0, 3.0, 4.0, 6.0, 7.0, 7.0, 14.0, 14.0)",33302556000.000008,1,-25.46685417427793,1.0,1.0,8.707345168030137e-12,3.0027725199230946e-11,3.002772519832928e-11
1548,"(1.0, 3.0, 4.0, 6.0, 7.0, 8.0, 8.0, 8.0)",29451240000.00001,1,-25.00664250841985,1.0,1.0,1.3795998791940929e-11,3.395442772528422e-11,3.395442772413132e-11
1549,"(1.0, 3.0, 4.0, 6.0, 7.0, 8.0, 8.0, 9.0)",88353720000.00005,1,-25.64206792890435,1.0,1.0,7.307879773488621e-12,1.1318142575094739e-11,1.1318142574966639e-11
1550,"(1.0, 3.0, 4.0, 6.0, 7.0, 8.0, 8.0, 11.0)",88353720000.00005,1,-25.27129339918016,1.0,1.0,1.0588068106295905e-11,1.1318142575094739e-11,1.1318142574966639e-11
1551,"(1.0, 3.0, 4.0, 6.0, 7.0, 8.0, 8.0, 12.0)",77309505000.00005,1,-25.38936187616364,2.0,4.0,9.408930013674576e-12,2.5870040171645115e-11,5.174008034262097e-11
1552,"(1.0, 3.0, 4.0, 6.0, 7.0, 8.0, 8.0, 13.0)",77309505000.00005,1,-25.266534756368284,1.0,1.0,1.0638573012580616e-11,1.2935020085822558e-11,1.2935020085655243e-11
1553,"(1.0, 3.0, 4.0, 6.0, 7.0, 8.0, 9.0, 9.0)",88353720000.00005,2,-26.27749334938885,2.0,2.0,3.871057658758366e-12,2.2636285150189478e-11,2.2636285149677075e-11
1554,"(1.0, 3.0, 4.0, 6.0, 7.0, 8.0, 9.0, 11.0)",176707440000.0001,3,-25.906718819664658,3.0,3.0,5.608606518545069e-12,1.6977213862642107e-11,1.697721386235388e-11
1555,"(1.0, 3.0, 4.0, 6.0, 7.0, 8.0, 9.0, 12.0)",154619010000.0001,1,-26.02478729664814,1.0,1.0,4.984005172374246e-12,6.467510042911279e-12,6.4675100428694505e-12
1556,"(1.0, 3.0, 4.0, 6.0, 7.0, 8.0, 9.0, 13.0)",154619010000.0001,1,-25.901960176852786,1.0,1.0,5.635359477041652e-12,6.467510042911279e-12,6.4675100428694505e-12
1557,"(1.0, 3.0, 4.0, 6.0, 7.0, 8.0, 11.0, 12.0)",154619010000.0001,3,-25.654012766923948,3.0,3.0,7.221107604789983e-12,1.9402530128733837e-11,1.940253012835738e-11
1558,"(1.0, 3.0, 4.0, 6.0, 7.0, 8.0, 11.0, 13.0)",154619010000.0001,1,-25.53118564712859,2.0,4.0,8.164826433357333e-12,1.2935020085822558e-11,2.5870040171477802e-11
1559,"(1.0, 3.0, 4.0, 6.0, 7.0, 8.0, 12.0, 14.0)",123695208000.00008,1,-25.55891135773581,1.0,1.0,7.941560227767582e-12,8.084387553639098e-12,8.08438755357374e-12
1560,"(1.0, 3.0, 4.0, 6.0, 7.0, 9.0, 9.0, 11.0)",88353720000.00005,1,-26.54214424014916,1.0,1.0,2.9709354684979226e-12,1.1318142575094739e-11,1.1318142574966639e-11
1561,"(1.0, 3.0, 4.0, 6.0, 7.0, 9.0, 9.0, 12.0)",77309505000.00005,1,-26.66021271713264,1.0,1.0,2.6400778326707937e-12,1.2935020085822558e-11,1.2935020085655243e-11
1562,"(1.0, 3.0, 4.0, 6.0, 7.0, 9.0, 14.0, 14.0)",61847604000.00004,1,-25.98116689204869,1.0,1.0,5.206220829186217e-12,1.6168775107278195e-11,1.6168775107016768e-11
1563,"(1.0, 3.0, 4.0, 6.0, 7.0, 11.0, 11.0, 12.0)",77309505000.00005,1,-25.91866365768426,1.0,1.0,5.542011149426224e-12,1.2935020085822558e-11,1.2935020085655243e-11
1564,"(1.0, 3.0, 4.0, 6.0, 7.0, 11.0, 11.0, 14.0)",77309505000.00005,3,-25.70549377151264,3.0,3.0,6.8587646436173964e-12,3.880506025746767e-11,3.880506025596184e-11
1565,"(1.0, 3.0, 4.0, 6.0, 7.0, 11.0, 12.0, 12.0)",61847604000.00004,1,-26.03673213466774,1.0,1.0,4.924826183253327e-12,1.6168775107278195e-11,1.6168775107016768e-11
1566,"(1.0, 3.0, 4.0, 6.0, 7.0, 11.0, 13.0, 13.0)",61847604000.00004,1,-25.791077895077027,1.0,1.0,6.296180759095254e-12,1.6168775107278195e-11,1.6168775107016768e-11
1567,"(1.0, 3.0, 4.0, 6.0, 7.0, 12.0, 12.0, 14.0)",45196326000.000015,2,-25.9416307254796,3.0,5.0,5.416177944731033e-12,6.637707675619471e-11,1.1062846125591861e-10
1568,"(1.0, 3.0, 4.0, 6.0, 7.0, 12.0, 13.0, 14.0)",90392652000.00005,2,-25.818803605684245,2.0,2.0,6.124012446729503e-12,2.2125692252064903e-11,2.2125692251575357e-11
1569,"(1.0, 3.0, 4.0, 6.0, 7.0, 13.0, 13.0, 13.0)",15065442000.000006,1,-25.78631925226515,1.0,1.0,6.3262134351223965e-12,6.637707675619471e-11,6.63770767517888e-11
1570,"(1.0, 3.0, 4.0, 6.0, 8.0, 8.0, 8.0, 8.0)",5839470000.000003,1,-24.885529805706103,1.0,1.0,1.5572262864963442e-11,1.7124841809273779e-10,1.7124841806341178e-10
1571,"(1.0, 3.0, 4.0, 6.0, 8.0, 8.0, 8.0, 11.0)",23357880000.00001,1,-25.15018069646641,1.0,1.0,1.1951304307136638e-11,4.2812104523184446e-11,4.281210452135157e-11
1572,"(1.0, 3.0, 4.0, 6.0, 8.0, 8.0, 9.0, 14.0)",63980280000.00003,2,-25.690504707762777,2.0,2.0,6.962345454492604e-12,3.1259631874071185e-11,3.125963187309402e-11
1573,"(1.0, 3.0, 4.0, 6.0, 8.0, 8.0, 11.0, 13.0)",63980280000.00003,1,-25.41007294441485,1.0,1.0,9.216065134864634e-12,1.5629815937035592e-11,1.5629815936791303e-11
1574,"(1.0, 3.0, 4.0, 6.0, 8.0, 8.0, 11.0, 14.0)",63980280000.00003,1,-25.319730178038583,1.0,1.0,1.0087438509752111e-11,1.5629815937035592e-11,1.5629815936791303e-11
1575,"(1.0, 3.0, 4.0, 6.0, 8.0, 8.0, 12.0, 13.0)",53316900000.00002,2,-25.52814142139833,2.0,2.0,8.189719879478863e-12,3.751155824888542e-11,3.75115582474783e-11
1576,"(1.0, 3.0, 4.0, 6.0, 8.0, 8.0, 13.0, 13.0)",26658450000.00001,2,-25.40531430160297,2.0,2.0,9.260025610116366e-12,7.502311649777084e-11,7.502311649214237e-11
1577,"(1.0, 3.0, 4.0, 6.0, 8.0, 9.0, 11.0, 11.0)",70073640000.00003,1,-26.050257007711224,2.0,4.0,4.8586669405391785e-12,2.8541403015456298e-11,5.7082806030097984e-11
1578,"(1.0, 3.0, 4.0, 6.0, 8.0, 9.0, 12.0, 13.0)",106633800000.00005,1,-26.16356684188283,2.0,4.0,4.338177261420386e-12,1.875577912444271e-11,3.751155824853364e-11
1579,"(1.0, 3.0, 4.0, 6.0, 8.0, 11.0, 12.0, 13.0)",106633800000.00005,1,-25.79279231215864,2.0,4.0,6.28539572691628e-12,1.875577912444271e-11,3.751155824853364e-11
1580,"(1.0, 3.0, 4.0, 6.0, 8.0, 12.0, 14.0, 14.0)",40520844000.00002,1,-25.60734813659424,1.0,1.0,7.566063956602496e-12,2.4678656742687773e-11,2.4678656742078735e-11
1581,"(1.0, 3.0, 4.0, 6.0, 9.0, 9.0, 9.0, 11.0)",23357880000.00001,1,-27.056456957919917,1.0,1.0,1.7763561475720423e-12,4.2812104523184446e-11,4.281210452135157e-11
1582,"(1.0, 3.0, 4.0, 6.0, 9.0, 11.0, 12.0, 13.0)",106633800000.00005,1,-26.428217732643137,1.0,1.0,3.3294375415526613e-12,9.377889562221355e-12,9.37788956213341e-12
1583,"(1.0, 3.0, 4.0, 6.0, 9.0, 11.0, 12.0, 14.0)",106633800000.00005,1,-26.337874966266877,1.0,1.0,3.6442338439447e-12,9.377889562221355e-12,9.37788956213341e-12
1584,"(1.0, 3.0, 4.0, 6.0, 9.0, 11.0, 13.0, 13.0)",53316900000.00002,1,-26.30539061284778,1.0,1.0,3.7645581724123945e-12,1.875577912444271e-11,1.8755779124090932e-11
1585,"(1.0, 3.0, 4.0, 6.0, 9.0, 12.0, 13.0, 14.0)",81041688000.00005,1,-26.333116323455,1.0,1.0,3.661616777915317e-12,1.2339328371343886e-11,1.2339328371191627e-11
1586,"(1.0, 3.0, 4.0, 6.0, 9.0, 12.0, 14.0, 14.0)",40520844000.00002,1,-26.24277355707874,1.0,1.0,4.007820425852457e-12,2.4678656742687773e-11,2.4678656742078735e-11
1587,"(1.0, 3.0, 4.0, 6.0, 11.0, 11.0, 11.0, 12.0)",21326760000.00001,2,-26.062201845730826,2.0,2.0,4.800976190214501e-12,9.377889562221354e-11,9.377889561341906e-11
1588,"(1.0, 3.0, 4.0, 6.0, 11.0, 11.0, 13.0, 13.0)",26658450000.00001,1,-25.93461608312359,1.0,1.0,5.454304060148388e-12,3.751155824888542e-11,3.75115582474783e-11
1589,"(1.0, 3.0, 4.0, 7.0, 7.0, 7.0, 7.0, 9.0)",9277140600.0,1,-25.665039901254552,1.0,1.0,7.141916906896798e-12,1.0779183404852138e-10,1.077918340369023e-10
1590,"(1.0, 3.0, 4.0, 7.0, 7.0, 7.0, 7.0, 11.0)",9277140600.0,1,-25.294265371530365,1.0,1.0,1.0347611751093479e-11,1.0779183404852138e-10,1.077918340369023e-10
1591,"(1.0, 3.0, 4.0, 7.0, 7.0, 7.0, 7.0, 12.0)",7493075099.999999,1,-25.41233384851385,1.0,1.0,9.195252032504626e-12,1.334565564410265e-10,1.3345655642321584e-10
1592,"(1.0, 3.0, 4.0, 7.0, 7.0, 7.0, 8.0, 8.0)",17179890000.000004,1,-24.908501778056312,1.0,1.0,1.5218614821413624e-11,5.8207590386201526e-11,5.82075903828134e-11
1593,"(1.0, 3.0, 4.0, 7.0, 7.0, 7.0, 8.0, 9.0)",34359780000.00001,1,-25.54392719854081,1.0,1.0,8.061453839709715e-12,2.9103795193100763e-11,2.9103795192253733e-11
1594,"(1.0, 3.0, 4.0, 7.0, 7.0, 7.0, 8.0, 11.0)",34359780000.00001,1,-25.17315266881662,1.0,1.0,1.1679888686764802e-11,2.9103795193100763e-11,2.9103795192253733e-11
1595,"(1.0, 3.0, 4.0, 7.0, 7.0, 7.0, 8.0, 13.0)",28862215200.00001,1,-25.168394026004744,1.0,1.0,1.1735601558803296e-11,3.4647375229881856e-11,3.4647375228681416e-11
1596,"(1.0, 3.0, 4.0, 7.0, 7.0, 7.0, 8.0, 14.0)",28862215200.00001,1,-25.07805125962848,1.0,1.0,1.2845195576096333e-11,3.4647375229881856e-11,3.4647375228681416e-11
1597,"(1.0, 3.0, 4.0, 7.0, 7.0, 7.0, 9.0, 11.0)",34359780000.00001,1,-25.80857808930112,1.0,1.0,6.18695489742056e-12,2.9103795193100763e-11,2.9103795192253733e-11
1598,"(1.0, 3.0, 4.0, 7.0, 7.0, 7.0, 12.0, 13.0)",22201704000.000004,1,-25.551113393748537,1.0,1.0,8.003730313433537e-12,4.5041587798846425e-11,4.504158779681768e-11
1599,"(1.0, 3.0, 4.0, 7.0, 7.0, 8.0, 8.0, 8.0)",14725620000.000008,1,-24.787389075342567,1.0,1.0,1.7178043722221827e-11,6.790885545056843e-11,6.790885544595682e-11
1600,"(1.0, 3.0, 4.0, 7.0, 7.0, 8.0, 8.0, 9.0)",44176860000.00002,1,-25.42281449582707,1.0,1.0,9.099383100777032e-12,2.2636285150189478e-11,2.2636285149677075e-11
1601,"(1.0, 3.0, 4.0, 7.0, 7.0, 8.0, 8.0, 11.0)",44176860000.00002,2,-25.052039966102875,2.0,2.0,1.3183699100500201e-11,4.5272570300378955e-11,4.527257029832935e-11
1602,"(1.0, 3.0, 4.0, 7.0, 7.0, 8.0, 8.0, 12.0)",38654752500.00002,1,-25.17010844308636,1.0,1.0,1.1715499079968211e-11,2.5870040171645115e-11,2.5870040170975855e-11
1603,"(1.0, 3.0, 4.0, 7.0, 7.0, 8.0, 8.0, 13.0)",38654752500.00002,1,-25.047281323291003,1.0,1.0,1.3246585122848337e-11,2.5870040171645115e-11,2.5870040170975855e-11
1604,"(1.0, 3.0, 4.0, 7.0, 7.0, 8.0, 8.0, 14.0)",38654752500.00002,2,-24.95693855691474,2.0,2.0,1.4499041720682452e-11,5.174008034329023e-11,5.1740080340613196e-11
1605,"(1.0, 3.0, 4.0, 7.0, 7.0, 8.0, 9.0, 13.0)",77309505000.00005,2,-25.6827067437755,2.0,2.0,7.0168498089176365e-12,2.5870040171645115e-11,2.5870040170975855e-11
1606,"(1.0, 3.0, 4.0, 7.0, 7.0, 8.0, 9.0, 14.0)",77309505000.00005,2,-25.59236397739924,2.0,2.0,7.68028870714591e-12,2.5870040171645115e-11,2.5870040170975855e-11
1607,"(1.0, 3.0, 4.0, 7.0, 7.0, 8.0, 11.0, 11.0)",44176860000.00002,1,-25.316690856863183,1.0,1.0,1.0118144113679614e-11,2.2636285150189478e-11,2.2636285149677075e-11
1608,"(1.0, 3.0, 4.0, 7.0, 7.0, 8.0, 11.0, 12.0)",77309505000.00005,2,-25.434759333846667,2.0,2.0,8.991339012758704e-12,2.5870040171645115e-11,2.5870040170975855e-11
1609,"(1.0, 3.0, 4.0, 7.0, 7.0, 8.0, 11.0, 13.0)",77309505000.00005,1,-25.31193221405131,1.0,1.0,1.0166407490445424e-11,1.2935020085822558e-11,1.2935020085655243e-11
1610,"(1.0, 3.0, 4.0, 7.0, 7.0, 8.0, 11.0, 14.0)",77309505000.00005,1,-25.221589447675047,1.0,1.0,1.1127635159281829e-11,1.2935020085822558e-11,1.2935020085655243e-11
1611,"(1.0, 3.0, 4.0, 7.0, 7.0, 8.0, 13.0, 13.0)",30923802000.00002,1,-25.307173571239435,1.0,1.0,1.0214901082704414e-11,3.233755021455639e-11,3.233755021351067e-11
1612,"(1.0, 3.0, 4.0, 7.0, 7.0, 9.0, 9.0, 11.0)",44176860000.00002,1,-26.322890807071875,2.0,4.0,3.699250785928557e-12,4.5272570300378955e-11,9.05451405987083e-11
1613,"(1.0, 3.0, 4.0, 7.0, 7.0, 9.0, 9.0, 14.0)",38654752500.00002,1,-26.227789397883736,1.0,1.0,4.068326428840499e-12,2.5870040171645115e-11,2.5870040170975855e-11
1614,"(1.0, 3.0, 4.0, 7.0, 7.0, 9.0, 11.0, 12.0)",77309505000.00005,1,-26.07018475433117,1.0,1.0,4.762803005339636e-12,1.2935020085822558e-11,1.2935020085655243e-11
1615,"(1.0, 3.0, 4.0, 7.0, 7.0, 9.0, 11.0, 14.0)",77309505000.00005,1,-25.857014868159546,1.0,1.0,5.894420631203596e-12,1.2935020085822558e-11,1.2935020085655243e-11
1616,"(1.0, 3.0, 4.0, 7.0, 7.0, 11.0, 11.0, 13.0)",38654752500.00002,1,-25.57658310481162,1.0,1.0,7.80245174913131e-12,2.5870040171645115e-11,2.5870040170975855e-11
1617,"(1.0, 3.0, 4.0, 7.0, 7.0, 11.0, 12.0, 14.0)",61847604000.00004,1,-25.60430881541884,1.0,1.0,7.589094636087382e-12,1.6168775107278195e-11,1.6168775107016768e-11
1618,"(1.0, 3.0, 4.0, 7.0, 8.0, 8.0, 8.0, 13.0)",21326760000.00001,1,-24.926168620577258,1.0,1.0,1.4952111021973107e-11,4.688944781110677e-11,4.688944780890815e-11
1619,"(1.0, 3.0, 4.0, 7.0, 8.0, 8.0, 8.0, 14.0)",21326760000.00001,1,-24.835825854200998,2.0,4.0,1.6365824060265262e-11,9.377889562221354e-11,1.875577912356326e-10
1620,"(1.0, 3.0, 4.0, 7.0, 8.0, 8.0, 9.0, 12.0)",63980280000.00003,1,-25.684421160857116,1.0,1.0,7.004830307909023e-12,1.5629815937035592e-11,1.5629815936791303e-11
1621,"(1.0, 3.0, 4.0, 7.0, 8.0, 8.0, 11.0, 11.0)",35036820000.000015,1,-25.195578154149445,1.0,1.0,1.1420876604877747e-11,2.8541403015456298e-11,2.8541403014641686e-11
1622,"(1.0, 3.0, 4.0, 7.0, 8.0, 8.0, 11.0, 14.0)",63980280000.00003,2,-25.100476744961306,2.0,2.0,1.2560341761335135e-11,3.1259631874071185e-11,3.125963187309402e-11
1623,"(1.0, 3.0, 4.0, 7.0, 8.0, 8.0, 14.0, 14.0)",26658450000.00001,1,-25.005375335773167,1.0,1.0,1.3813491785224326e-11,3.751155824888542e-11,3.75115582474783e-11
1624,"(1.0, 3.0, 4.0, 7.0, 8.0, 9.0, 9.0, 12.0)",63980280000.00003,1,-26.31984658134161,1.0,1.0,3.710529298813219e-12,1.5629815937035592e-11,1.5629815936791303e-11
1625,"(1.0, 3.0, 4.0, 7.0, 8.0, 9.0, 9.0, 14.0)",63980280000.00003,1,-26.106676695169995,1.0,1.0,4.5921320758153514e-12,1.5629815937035592e-11,1.5629815936791303e-11
1626,"(1.0, 3.0, 4.0, 7.0, 8.0, 9.0, 11.0, 11.0)",70073640000.00003,1,-25.83100357463394,1.0,1.0,6.049753583992133e-12,1.4270701507728149e-11,1.4270701507524496e-11
1627,"(1.0, 3.0, 4.0, 7.0, 8.0, 9.0, 11.0, 14.0)",127960560000.00006,1,-25.735902165445804,1.0,1.0,6.6533397755431255e-12,7.814907968517796e-12,7.814907968456724e-12
1628,"(1.0, 3.0, 4.0, 7.0, 8.0, 9.0, 13.0, 13.0)",53316900000.00002,1,-25.82148628901019,1.0,1.0,6.107605677573488e-12,1.875577912444271e-11,1.8755779124090932e-11
1629,"(1.0, 3.0, 4.0, 7.0, 8.0, 11.0, 11.0, 12.0)",63980280000.00003,1,-25.578297521893237,1.0,1.0,7.789086552608313e-12,1.5629815937035592e-11,1.5629815936791303e-11
1630,"(1.0, 3.0, 4.0, 7.0, 8.0, 11.0, 12.0, 12.0)",53316900000.00002,1,-25.696365998876715,1.0,1.0,6.921656482391493e-12,1.875577912444271e-11,1.8755779124090932e-11
1631,"(1.0, 3.0, 4.0, 7.0, 8.0, 11.0, 13.0, 14.0)",106633800000.00005,2,-25.360368992909734,3.0,5.0,9.68571503275193e-12,2.8133668686664067e-11,4.6889447810315275e-11
1632,"(1.0, 3.0, 4.0, 7.0, 8.0, 12.0, 13.0, 14.0)",81041688000.00005,1,-25.47843746989322,1.0,1.0,8.607067310170499e-12,1.2339328371343886e-11,1.2339328371191627e-11
1633,"(1.0, 3.0, 4.0, 7.0, 8.0, 13.0, 13.0, 14.0)",40520844000.00002,1,-25.355610350097862,1.0,1.0,9.731915730095227e-12,2.4678656742687773e-11,2.4678656742078735e-11
1634,"(1.0, 3.0, 4.0, 7.0, 9.0, 9.0, 14.0, 14.0)",26658450000.00001,2,-26.276226176742163,2.0,2.0,3.8759660663804265e-12,7.502311649777084e-11,7.502311649214237e-11
1635,"(1.0, 3.0, 4.0, 7.0, 9.0, 11.0, 11.0, 13.0)",63980280000.00003,1,-26.09089582258237,1.0,1.0,4.665174749726604e-12,1.5629815937035592e-11,1.5629815936791303e-11
1636,"(1.0, 3.0, 4.0, 7.0, 9.0, 11.0, 12.0, 14.0)",106633800000.00005,1,-26.118621533189597,1.0,1.0,4.537606102274468e-12,9.377889562221355e-12,9.37788956213341e-12
1637,"(1.0, 3.0, 4.0, 7.0, 11.0, 14.0, 14.0, 14.0)",13506948000.000008,1,-25.439575708105647,1.0,1.0,8.948137479873156e-12,7.403597022806332e-11,7.4035970222582e-11
1638,"(1.0, 3.0, 4.0, 8.0, 8.0, 8.0, 8.0, 12.0)",4087629000.0,1,-24.927883037658876,1.0,1.0,1.4926498828694936e-11,2.4464059727533983e-10,2.4464059721549083e-10
1639,"(1.0, 3.0, 4.0, 8.0, 8.0, 8.0, 9.0, 9.0)",8564556000.000001,1,-25.81601451088408,1.0,1.0,6.141116739660126e-12,1.1676028506323035e-10,1.1676028504959738e-10
1640,"(1.0, 3.0, 4.0, 8.0, 8.0, 8.0, 9.0, 11.0)",17129112000.000002,1,-25.445239981159887,1.0,1.0,8.897596061189052e-12,5.838014253161518e-11,5.838014252820693e-11
1641,"(1.0, 3.0, 4.0, 8.0, 8.0, 9.0, 9.0, 11.0)",25693668000.000004,1,-26.08066540164439,1.0,1.0,4.713146417946836e-12,3.8920095021076785e-11,3.892009501956201e-11
1642,"(1.0, 3.0, 4.0, 8.0, 8.0, 9.0, 11.0, 14.0)",49051548000.0,1,-25.61478946273206,1.0,1.0,7.50997136758213e-12,2.0386716439611652e-11,2.0386716439196032e-11
1643,"(1.0, 3.0, 4.0, 8.0, 8.0, 11.0, 11.0, 12.0)",24525774000.0,1,-25.45718481917949,1.0,1.0,8.791947948417007e-12,4.0773432879223303e-11,4.077343287756083e-11
1644,"(1.0, 3.0, 4.0, 8.0, 8.0, 11.0, 13.0, 13.0)",21326760000.0,1,-25.329599056572256,1.0,1.0,9.98837642423748e-12,4.6889447811106797e-11,4.6889447808908176e-11
1645,"(1.0, 3.0, 4.0, 8.0, 8.0, 12.0, 12.0, 14.0)",16883685000.0,1,-25.48015188697483,1.0,1.0,8.592323848783581e-12,5.922877618245069e-11,5.922877617894264e-11
1646,"(1.0, 3.0, 4.0, 8.0, 9.0, 9.0, 9.0, 12.0)",16350516000.0,1,-26.83415929911237,1.0,1.0,2.2185677207002754e-12,6.116014931883496e-11,6.11601493150944e-11
1647,"(1.0, 3.0, 4.0, 8.0, 9.0, 11.0, 11.0, 11.0)",17129112000.000002,1,-25.974541762680506,1.0,1.0,5.240827225044133e-12,5.838014253161518e-11,5.838014252820693e-11
1648,"(1.0, 3.0, 4.0, 8.0, 9.0, 11.0, 11.0, 12.0)",49051548000.0,2,-26.09261023966399,2.0,2.0,4.657183546531895e-12,4.0773432879223303e-11,4.077343287756083e-11
1649,"(1.0, 3.0, 4.0, 8.0, 9.0, 11.0, 13.0, 13.0)",42653520000.0,1,-25.96502447705676,1.0,1.0,5.290943783158002e-12,2.3444723905553398e-11,2.3444723905003743e-11
1650,"(1.0, 3.0, 4.0, 8.0, 11.0, 11.0, 11.0, 12.0)",16350516000.0,1,-25.7218357099398,1.0,1.0,6.747590012781589e-12,6.116014931883496e-11,6.11601493150944e-11
1651,"(1.0, 3.0, 4.0, 8.0, 11.0, 11.0, 13.0, 14.0)",42653520000.0,1,-25.503907180956304,1.0,1.0,8.390615970207649e-12,2.3444723905553398e-11,2.3444723905003743e-11
1652,"(1.0, 3.0, 4.0, 9.0, 11.0, 11.0, 11.0, 12.0)",16350516000.0,1,-26.3572611304243,1.0,1.0,3.5742665187101694e-12,6.116014931883496e-11,6.11601493150944e-11
1653,"(1.0, 3.0, 4.0, 9.0, 11.0, 11.0, 12.0, 14.0)",42653520000.0,1,-26.26215972123616,1.0,1.0,3.9308724342511056e-12,2.3444723905553398e-11,2.3444723905003743e-11
1654,"(1.0, 3.0, 4.0, 9.0, 12.0, 13.0, 13.0, 14.0)",24312506400.000004,1,-26.252642435612408,1.0,1.0,3.968462262789642e-12,4.113109457114631e-11,4.113109456945454e-11
1655,"(1.0, 3.0, 4.0, 11.0, 13.0, 13.0, 13.0, 13.0)",2026042200.0,1,-25.849383552469124,1.0,1.0,5.939574889916858e-12,4.935731348537558e-10,4.935731346101414e-10
1656,"(1.0, 3.0, 6.0, 6.0, 6.0, 6.0, 7.0, 11.0)",9277140600.0,1,-25.935345441660147,1.0,1.0,5.450327367314865e-12,1.0779183404852138e-10,1.077918340369023e-10
1657,"(1.0, 3.0, 6.0, 6.0, 6.0, 7.0, 7.0, 12.0)",14986150199.999998,1,-25.834160485566343,1.0,1.0,6.0306851652507294e-12,6.672827822051325e-11,6.672827821606058e-11
1658,"(1.0, 3.0, 6.0, 6.0, 6.0, 7.0, 8.0, 13.0)",28862215200.00001,2,-25.590220663057245,4.0,10.0,7.696767633533839e-12,1.3858950091952742e-10,3.4647375227961154e-10
1659,"(1.0, 3.0, 6.0, 6.0, 6.0, 7.0, 8.0, 14.0)",28862215200.00001,1,-25.49987789668098,1.0,1.0,8.424492350146894e-12,3.4647375229881856e-11,3.4647375228681416e-11
1660,"(1.0, 3.0, 6.0, 6.0, 6.0, 7.0, 9.0, 13.0)",28862215200.00001,1,-26.225646083541744,1.0,1.0,4.077055482434596e-12,3.4647375229881856e-11,3.4647375228681416e-11
1661,"(1.0, 3.0, 6.0, 6.0, 6.0, 8.0, 8.0, 9.0)",14725620000.000008,1,-25.84464113287957,1.0,1.0,5.967809744073073e-12,6.790885545056843e-11,6.790885544595682e-11
1662,"(1.0, 3.0, 6.0, 6.0, 6.0, 8.0, 8.0, 11.0)",14725620000.000008,1,-25.47386660315538,1.0,1.0,8.64649911796478e-12,6.790885545056843e-11,6.790885544595682e-11
1663,"(1.0, 3.0, 6.0, 6.0, 7.0, 7.0, 7.0, 8.0)",18554281200.0,1,-25.232187684745277,1.0,1.0,1.1010324584524421e-11,5.389591702426069e-11,5.389591702135592e-11
1664,"(1.0, 3.0, 6.0, 6.0, 7.0, 7.0, 7.0, 11.0)",18554281200.0,1,-25.49683857550558,1.0,1.0,8.450136038100362e-12,5.389591702426069e-11,5.389591702135592e-11
1665,"(1.0, 3.0, 6.0, 6.0, 7.0, 7.0, 7.0, 14.0)",14986150199.999998,1,-25.40173716631744,1.0,1.0,9.293209290343394e-12,6.672827822051325e-11,6.672827821606058e-11
1666,"(1.0, 3.0, 6.0, 6.0, 7.0, 7.0, 8.0, 8.0)",25769835000.000008,2,-25.11107498203153,3.0,5.0,1.242792720154058e-11,1.1641518077240305e-10,1.9402530127378592e-10
1667,"(1.0, 3.0, 6.0, 6.0, 7.0, 7.0, 8.0, 11.0)",51539670000.000015,4,-25.37572587279184,4.0,4.0,9.53810895568264e-12,7.761012051493537e-11,7.761012050891204e-11
1668,"(1.0, 3.0, 6.0, 6.0, 7.0, 7.0, 8.0, 12.0)",43293322800.00002,1,-25.49379434977532,1.0,1.0,8.475899354430598e-12,2.3098250153254567e-11,2.309825015272104e-11
1669,"(1.0, 3.0, 6.0, 6.0, 7.0, 7.0, 9.0, 9.0)",25769835000.000008,1,-26.38192582300053,1.0,1.0,3.4871866474878504e-12,3.8805060257467686e-11,3.8805060255961855e-11
1670,"(1.0, 3.0, 6.0, 6.0, 7.0, 7.0, 14.0, 14.0)",16651278000.000004,1,-25.45017394517587,1.0,1.0,8.853803766038556e-12,6.005545039846189e-11,6.005545039485523e-11
1671,"(1.0, 3.0, 6.0, 6.0, 7.0, 8.0, 8.0, 9.0)",44176860000.00002,2,-25.625387699802285,2.0,2.0,7.430799194435567e-12,4.5272570300378955e-11,4.527257029832935e-11
1672,"(1.0, 3.0, 6.0, 6.0, 7.0, 8.0, 8.0, 11.0)",44176860000.00002,1,-25.25461317007809,2.0,4.0,1.0766160691411286e-11,4.5272570300378955e-11,9.05451405987083e-11
1673,"(1.0, 3.0, 6.0, 6.0, 7.0, 8.0, 8.0, 12.0)",38654752500.00002,1,-25.372681647061576,1.0,1.0,9.567189353573256e-12,2.5870040171645115e-11,2.5870040170975855e-11
1674,"(1.0, 3.0, 6.0, 6.0, 7.0, 8.0, 9.0, 9.0)",44176860000.00002,1,-26.260813120286784,1.0,1.0,3.936169316395786e-12,2.2636285150189478e-11,2.2636285149677075e-11
1675,"(1.0, 3.0, 6.0, 6.0, 7.0, 8.0, 9.0, 12.0)",77309505000.00005,1,-26.00810706754608,1.0,1.0,5.0678367416902955e-12,1.2935020085822558e-11,1.2935020085655243e-11
1676,"(1.0, 3.0, 6.0, 6.0, 7.0, 8.0, 9.0, 13.0)",77309505000.00005,2,-25.88527994775072,3.0,5.0,5.7301469044783744e-12,3.880506025746767e-11,6.467510042760695e-11
1677,"(1.0, 3.0, 6.0, 6.0, 7.0, 8.0, 9.0, 14.0)",77309505000.00005,3,-25.794937181374458,3.0,3.0,6.271928822649409e-12,3.880506025746767e-11,3.880506025596184e-11
1678,"(1.0, 3.0, 6.0, 6.0, 7.0, 8.0, 11.0, 12.0)",77309505000.00005,1,-25.637332537821884,1.0,1.0,7.342567507373006e-12,1.2935020085822558e-11,1.2935020085655243e-11
1679,"(1.0, 3.0, 6.0, 6.0, 7.0, 8.0, 11.0, 13.0)",77309505000.00005,1,-25.51450541802653,1.0,1.0,8.302159800685197e-12,1.2935020085822558e-11,1.2935020085655243e-11
1680,"(1.0, 3.0, 6.0, 6.0, 7.0, 8.0, 11.0, 14.0)",77309505000.00005,2,-25.424162651650263,2.0,2.0,9.087123979921596e-12,2.5870040171645115e-11,2.5870040170975855e-11
1681,"(1.0, 3.0, 6.0, 6.0, 7.0, 8.0, 13.0, 13.0)",30923802000.00002,1,-25.50974677521465,1.0,1.0,8.34176096290716e-12,3.233755021455639e-11,3.233755021351067e-11
1682,"(1.0, 3.0, 6.0, 6.0, 7.0, 9.0, 11.0, 13.0)",77309505000.00005,1,-26.149930838511025,1.0,1.0,4.397737822298127e-12,1.2935020085822558e-11,1.2935020085655243e-11
1683,"(1.0, 3.0, 6.0, 6.0, 7.0, 11.0, 11.0, 12.0)",38654752500.00002,2,-25.901983428582195,2.0,2.0,5.6352284467113136e-12,5.174008034329023e-11,5.1740080340613196e-11
1684,"(1.0, 3.0, 6.0, 6.0, 7.0, 11.0, 11.0, 13.0)",38654752500.00002,1,-25.77915630878684,1.0,1.0,6.37169042449879e-12,2.5870040171645115e-11,2.5870040170975855e-11
1685,"(1.0, 3.0, 6.0, 6.0, 7.0, 11.0, 12.0, 13.0)",61847604000.00004,1,-25.89722478577032,2.0,4.0,5.6621083913562545e-12,3.233755021455639e-11,6.467510042806707e-11
1686,"(1.0, 3.0, 6.0, 6.0, 7.0, 11.0, 13.0, 14.0)",61847604000.00004,1,-25.6840548995987,1.0,1.0,7.007396375769532e-12,1.6168775107278195e-11,1.6168775107016768e-11
1687,"(1.0, 3.0, 6.0, 6.0, 8.0, 8.0, 8.0, 11.0)",11678940000.000006,1,-25.13350046736435,1.0,1.0,1.2152326689897099e-11,8.562420904636889e-11,8.562420903903738e-11
1688,"(1.0, 3.0, 6.0, 6.0, 8.0, 8.0, 8.0, 13.0)",10663380000.000006,1,-25.12874182455248,1.0,1.0,1.2210293083242132e-11,9.377889562221354e-11,9.377889561341906e-11
1689,"(1.0, 3.0, 6.0, 6.0, 8.0, 8.0, 9.0, 14.0)",31990140000.00001,1,-25.673824478660716,2.0,4.0,7.0794529464362084e-12,6.251926374814237e-11,1.2503852749237608e-10
1690,"(1.0, 3.0, 6.0, 6.0, 8.0, 8.0, 11.0, 11.0)",17518410000.000008,1,-25.39815135812466,1.0,1.0,9.326592773967997e-12,5.7082806030912595e-11,5.708280602765415e-11
1691,"(1.0, 3.0, 6.0, 6.0, 8.0, 8.0, 11.0, 14.0)",31990140000.00001,2,-25.30304994893652,2.0,2.0,1.0257110444552529e-11,6.251926374814237e-11,6.251926374423371e-11
1692,"(1.0, 3.0, 6.0, 6.0, 8.0, 8.0, 12.0, 13.0)",26658450000.00001,1,-25.511461192296267,1.0,1.0,8.327471957578893e-12,3.751155824888542e-11,3.75115582474783e-11
1693,"(1.0, 3.0, 6.0, 6.0, 8.0, 8.0, 12.0, 14.0)",26658450000.00001,1,-25.421118425920003,1.0,1.0,9.114829385914021e-12,3.751155824888542e-11,3.75115582474783e-11
1694,"(1.0, 3.0, 6.0, 6.0, 8.0, 9.0, 9.0, 12.0)",31990140000.00001,1,-26.52241978531683,1.0,1.0,3.030117296874361e-12,3.1259631874071185e-11,3.125963187309402e-11
1695,"(1.0, 3.0, 6.0, 6.0, 8.0, 9.0, 11.0, 13.0)",63980280000.00003,1,-26.028818135797284,1.0,1.0,4.963955884080151e-12,1.5629815937035592e-11,1.5629815936791303e-11
1696,"(1.0, 3.0, 6.0, 6.0, 8.0, 9.0, 12.0, 13.0)",53316900000.00002,1,-26.146886612780765,1.0,1.0,4.411145927225959e-12,1.875577912444271e-11,1.8755779124090932e-11
1697,"(1.0, 3.0, 6.0, 6.0, 8.0, 9.0, 14.0, 14.0)",26658450000.00001,1,-25.84337396023288,1.0,1.0,5.975376782701036e-12,3.751155824888542e-11,3.75115582474783e-11
1698,"(1.0, 3.0, 6.0, 6.0, 8.0, 11.0, 11.0, 12.0)",31990140000.00001,1,-25.78087072586845,1.0,1.0,6.360776048166216e-12,3.1259631874071185e-11,3.125963187309402e-11
1699,"(1.0, 3.0, 6.0, 6.0, 8.0, 11.0, 11.0, 14.0)",31990140000.00001,1,-25.567700839696837,1.0,1.0,7.8720638932037e-12,3.1259631874071185e-11,3.125963187309402e-11
1700,"(1.0, 3.0, 6.0, 6.0, 8.0, 11.0, 12.0, 14.0)",53316900000.00002,1,-25.685769316680314,1.0,1.0,6.995393068003235e-12,1.875577912444271e-11,1.8755779124090932e-11
1701,"(1.0, 3.0, 6.0, 6.0, 8.0, 11.0, 13.0, 13.0)",26658450000.00001,2,-25.653284963261218,4.0,10.0,7.226365066321527e-12,1.5004623299554168e-10,3.7511558246634033e-10
1702,"(1.0, 3.0, 6.0, 6.0, 9.0, 9.0, 9.0, 9.0)",2919735000.0000014,1,-27.41055125854204,1.0,1.0,1.2466623465106141e-12,3.4249683618547557e-10,3.424968360681715e-10
1703,"(1.0, 3.0, 6.0, 7.0, 7.0, 7.0, 7.0, 8.0)",9277140600.0,1,-25.012934251667996,1.0,1.0,1.3709470402338633e-11,1.0779183404852138e-10,1.077918340369023e-10
1704,"(1.0, 3.0, 6.0, 7.0, 7.0, 7.0, 7.0, 12.0)",7493075099.999999,1,-25.39565361941178,1.0,1.0,9.349917282937087e-12,1.334565564410265e-10,1.3345655642321584e-10
1705,"(1.0, 3.0, 6.0, 7.0, 7.0, 7.0, 8.0, 9.0)",34359780000.00001,1,-25.527246969438742,1.0,1.0,8.197048467519912e-12,2.9103795193100763e-11,2.9103795192253733e-11
1706,"(1.0, 3.0, 6.0, 7.0, 7.0, 7.0, 8.0, 11.0)",34359780000.00001,2,-25.156472439714555,2.0,2.0,1.1876345825990088e-11,5.8207590386201526e-11,5.82075903828134e-11
1707,"(1.0, 3.0, 6.0, 7.0, 7.0, 7.0, 9.0, 11.0)",34359780000.00001,2,-25.79189786019905,3.0,5.0,6.291020226488354e-12,8.731138557930229e-11,1.4551897595788054e-10
1708,"(1.0, 3.0, 6.0, 7.0, 7.0, 7.0, 9.0, 14.0)",28862215200.00001,1,-25.69679645101092,1.0,1.0,6.918677681747966e-12,3.4647375229881856e-11,3.4647375228681416e-11
1709,"(1.0, 3.0, 6.0, 7.0, 7.0, 7.0, 11.0, 12.0)",28862215200.00001,1,-25.539191807458348,1.0,1.0,8.099718503905114e-12,3.4647375229881856e-11,3.4647375228681416e-11
1710,"(1.0, 3.0, 6.0, 7.0, 7.0, 7.0, 12.0, 12.0)",11100852000.000002,1,-25.65726028444183,1.0,1.0,7.197694968394863e-12,9.008317559769285e-11,9.008317558957787e-11
1711,"(1.0, 3.0, 6.0, 7.0, 7.0, 8.0, 8.0, 9.0)",44176860000.00002,1,-25.406134266725005,1.0,1.0,9.252435824192047e-12,2.2636285150189478e-11,2.2636285149677075e-11
1712,"(1.0, 3.0, 6.0, 7.0, 7.0, 8.0, 8.0, 12.0)",38654752500.00002,1,-25.15342821398429,1.0,1.0,1.1912555190310737e-11,2.5870040171645115e-11,2.5870040170975855e-11
1713,"(1.0, 3.0, 6.0, 7.0, 7.0, 8.0, 9.0, 11.0)",88353720000.00005,1,-25.670785157485312,1.0,1.0,7.1010024089669354e-12,1.1318142575094739e-11,1.1318142574966639e-11
1714,"(1.0, 3.0, 6.0, 7.0, 7.0, 8.0, 9.0, 12.0)",77309505000.00005,1,-25.788853634468797,1.0,1.0,6.310200692152311e-12,1.2935020085822558e-11,1.2935020085655243e-11
1715,"(1.0, 3.0, 6.0, 7.0, 7.0, 8.0, 11.0, 11.0)",44176860000.00002,2,-25.30001062776112,2.0,2.0,1.0288332520448825e-11,4.5272570300378955e-11,4.527257029832935e-11
1716,"(1.0, 3.0, 6.0, 7.0, 7.0, 8.0, 11.0, 13.0)",77309505000.00005,2,-25.29525198494925,2.0,2.0,1.0337407693044464e-11,2.5870040171645115e-11,2.5870040170975855e-11
1717,"(1.0, 3.0, 6.0, 7.0, 7.0, 8.0, 13.0, 14.0)",61847604000.00004,1,-25.200150575761107,1.0,1.0,1.1368774748467201e-11,1.6168775107278195e-11,1.6168775107016768e-11
1718,"(1.0, 3.0, 6.0, 7.0, 7.0, 9.0, 9.0, 11.0)",44176860000.00002,1,-26.30621057796981,1.0,1.0,3.761472631202129e-12,2.2636285150189478e-11,2.2636285149677075e-11
1719,"(1.0, 3.0, 6.0, 7.0, 7.0, 9.0, 9.0, 14.0)",38654752500.00002,1,-26.21110916878167,2.0,4.0,4.136756171030621e-12,5.174008034329023e-11,1.0348016068390342e-10
1720,"(1.0, 3.0, 6.0, 7.0, 7.0, 9.0, 12.0, 13.0)",61847604000.00004,1,-26.04874588241723,1.0,1.0,4.8660145452255805e-12,1.6168775107278195e-11,1.6168775107016768e-11
1721,"(1.0, 3.0, 6.0, 7.0, 7.0, 9.0, 12.0, 14.0)",61847604000.00004,1,-25.95840311604097,1.0,1.0,5.326093272369549e-12,1.6168775107278195e-11,1.6168775107016768e-11
1722,"(1.0, 3.0, 6.0, 7.0, 8.0, 8.0, 8.0, 9.0)",23357880000.00001,1,-25.28502156401126,1.0,1.0,1.0443706539006752e-11,4.2812104523184446e-11,4.281210452135157e-11
1723,"(1.0, 3.0, 6.0, 7.0, 8.0, 8.0, 8.0, 11.0)",23357880000.00001,1,-24.91424703428707,2.0,4.0,1.5131430667254058e-11,8.562420904636889e-11,1.7124841808540628e-10
1724,"(1.0, 3.0, 6.0, 7.0, 8.0, 8.0, 8.0, 12.0)",21326760000.00001,2,-25.032315511270557,2.0,2.0,1.3446321909310809e-11,9.377889562221354e-11,9.377889561341906e-11
1725,"(1.0, 3.0, 6.0, 7.0, 8.0, 8.0, 8.0, 14.0)",21326760000.00001,1,-24.819145625098933,1.0,1.0,1.6641099198767858e-11,4.688944781110677e-11,4.688944780890815e-11
1726,"(1.0, 3.0, 6.0, 7.0, 8.0, 8.0, 9.0, 9.0)",35036820000.000015,1,-25.92044698449576,1.0,1.0,5.5321367396206144e-12,2.8541403015456298e-11,2.8541403014641686e-11
1727,"(1.0, 3.0, 6.0, 7.0, 8.0, 8.0, 9.0, 11.0)",70073640000.00003,2,-25.549672454771567,3.0,5.0,8.015271513488897e-12,4.2812104523184446e-11,7.135350753680787e-11
1728,"(1.0, 3.0, 6.0, 7.0, 8.0, 8.0, 9.0, 14.0)",63980280000.00003,2,-25.45457104558343,2.0,2.0,8.814958168475175e-12,3.1259631874071185e-11,3.125963187309402e-11
1729,"(1.0, 3.0, 6.0, 7.0, 8.0, 8.0, 11.0, 11.0)",35036820000.000015,1,-25.17889792504738,1.0,1.0,1.1612977129584097e-11,2.8541403015456298e-11,2.8541403014641686e-11
1730,"(1.0, 3.0, 6.0, 7.0, 8.0, 8.0, 11.0, 12.0)",63980280000.00003,2,-25.29696640203086,3.0,5.0,1.0319700248026211e-11,4.688944781110678e-11,7.814907968297934e-11
1731,"(1.0, 3.0, 6.0, 7.0, 8.0, 8.0, 13.0, 14.0)",53316900000.00002,1,-25.07903787304737,2.0,4.0,1.2832528583512654e-11,3.751155824888542e-11,7.502311649636373e-11
1732,"(1.0, 3.0, 6.0, 7.0, 8.0, 9.0, 9.0, 14.0)",63980280000.00003,1,-26.08999646606793,1.0,1.0,4.6693722922894735e-12,1.5629815937035592e-11,1.5629815936791303e-11
1733,"(1.0, 3.0, 6.0, 7.0, 8.0, 9.0, 11.0, 11.0)",70073640000.00003,2,-25.81432334553188,3.0,5.0,6.151511170387245e-12,4.2812104523184446e-11,7.135350753680787e-11
1734,"(1.0, 3.0, 6.0, 7.0, 8.0, 9.0, 11.0, 12.0)",127960560000.00006,1,-25.93239182251536,2.0,4.0,5.466449355958972e-12,1.5629815937035592e-11,3.1259631873826895e-11
1735,"(1.0, 3.0, 6.0, 7.0, 8.0, 9.0, 11.0, 13.0)",127960560000.00006,1,-25.809564702720003,1.0,1.0,6.180853774916303e-12,7.814907968517796e-12,7.814907968456724e-12
1736,"(1.0, 3.0, 6.0, 7.0, 8.0, 9.0, 11.0, 14.0)",127960560000.00006,1,-25.71922193634374,1.0,1.0,6.765249754623505e-12,7.814907968517796e-12,7.814907968456724e-12
1737,"(1.0, 3.0, 6.0, 7.0, 8.0, 11.0, 12.0, 13.0)",106633800000.00005,1,-25.556858649979294,2.0,4.0,7.957878672815355e-12,1.875577912444271e-11,3.751155824853364e-11
1738,"(1.0, 3.0, 6.0, 7.0, 8.0, 11.0, 12.0, 14.0)",106633800000.00005,1,-25.46651588360303,1.0,1.0,8.710291279996626e-12,9.377889562221355e-12,9.37788956213341e-12
1739,"(1.0, 3.0, 6.0, 7.0, 8.0, 11.0, 13.0, 14.0)",106633800000.00005,1,-25.343688763807677,1.0,1.0,9.848629930120875e-12,9.377889562221355e-12,9.37788956213341e-12
1740,"(1.0, 3.0, 6.0, 7.0, 9.0, 9.0, 9.0, 11.0)",23357880000.00001,1,-26.820523295740568,1.0,1.0,2.2490273192430195e-12,4.2812104523184446e-11,4.281210452135157e-11
1741,"(1.0, 3.0, 6.0, 7.0, 9.0, 9.0, 11.0, 13.0)",63980280000.00003,1,-26.4449901232045,1.0,1.0,3.2740606146607903e-12,1.5629815937035592e-11,1.5629815936791303e-11
1742,"(1.0, 3.0, 6.0, 7.0, 9.0, 9.0, 11.0, 14.0)",63980280000.00003,1,-26.35464735682824,1.0,1.0,3.5836210621656803e-12,1.5629815937035592e-11,1.5629815936791303e-11
1743,"(1.0, 3.0, 6.0, 7.0, 9.0, 9.0, 12.0, 13.0)",53316900000.00002,1,-26.563058600187983,1.0,1.0,2.9094455073965906e-12,1.875577912444271e-11,1.8755779124090932e-11
1744,"(1.0, 3.0, 6.0, 7.0, 9.0, 11.0, 14.0, 14.0)",53316900000.00002,1,-25.888771417915912,1.0,1.0,5.710175153194678e-12,1.875577912444271e-11,1.8755779124090932e-11
1745,"(1.0, 3.0, 6.0, 7.0, 9.0, 12.0, 14.0, 14.0)",40520844000.00002,1,-26.006839894899397,1.0,1.0,5.0742626362863085e-12,2.4678656742687773e-11,2.4678656742078735e-11
1746,"(1.0, 3.0, 6.0, 7.0, 11.0, 11.0, 13.0, 14.0)",53316900000.00002,1,-25.608339654567985,1.0,1.0,7.558565786098728e-12,1.875577912444271e-11,1.8755779124090932e-11
1747,"(1.0, 3.0, 6.0, 8.0, 8.0, 8.0, 8.0, 11.0)",4282278000.000001,1,-24.793134331573327,1.0,1.0,1.707963442350355e-11,2.3352057012646066e-10,2.335205700719288e-10
1748,"(1.0, 3.0, 6.0, 8.0, 8.0, 8.0, 8.0, 13.0)",4087629000.0,1,-24.78837568876145,1.0,1.0,1.7161103991632153e-11,2.4464059727533983e-10,2.4464059721549083e-10
1749,"(1.0, 3.0, 6.0, 8.0, 8.0, 8.0, 11.0, 11.0)",8564556000.000001,1,-25.057785222333635,1.0,1.0,1.3108172538571925e-11,1.1676028506323035e-10,1.1676028504959738e-10
1750,"(1.0, 3.0, 6.0, 8.0, 8.0, 8.0, 11.0, 12.0)",16350516000.0,1,-25.17585369931712,2.0,4.0,1.164838351854355e-11,1.2232029863766992e-10,2.446405972603776e-10
1751,"(1.0, 3.0, 6.0, 8.0, 8.0, 11.0, 11.0, 12.0)",24525774000.0,1,-25.440504590077424,1.0,1.0,8.939829575415807e-12,4.0773432879223303e-11,4.077343287756083e-11
1752,"(1.0, 3.0, 6.0, 8.0, 8.0, 11.0, 12.0, 12.0)",21326760000.0,1,-25.55857306706091,1.0,1.0,7.944247238006422e-12,4.6889447811106797e-11,4.6889447808908176e-11
1753,"(1.0, 3.0, 6.0, 8.0, 9.0, 9.0, 11.0, 14.0)",49051548000.0,2,-26.233534654114496,2.0,2.0,4.045019866271833e-12,4.0773432879223303e-11,4.077343287756083e-11
1754,"(1.0, 3.0, 6.0, 8.0, 11.0, 11.0, 12.0, 12.0)",21326760000.0,1,-25.823223957821217,1.0,1.0,6.097001897274831e-12,4.6889447811106797e-11,4.6889447808908176e-11
1755,"(1.0, 3.0, 6.0, 8.0, 11.0, 12.0, 14.0, 14.0)",33767370000.0,1,-25.514952662461457,1.0,1.0,8.29844753612318e-12,2.9614388091225344e-11,2.961438809034833e-11
1756,"(1.0, 3.0, 6.0, 9.0, 9.0, 9.0, 9.0, 14.0)",4087629000.0,1,-27.239734604323186,1.0,1.0,1.4788821696235996e-12,2.4464059727533983e-10,2.4464059721549083e-10
1757,"(1.0, 3.0, 6.0, 9.0, 9.0, 11.0, 12.0, 13.0)",42653520000.0,1,-26.70659678823455,2.0,4.0,2.5204169084329134e-12,4.6889447811106797e-11,9.377889562001497e-11
1758,"(1.0, 3.0, 6.0, 9.0, 11.0, 11.0, 12.0, 13.0)",42653520000.0,1,-26.33582225851036,1.0,1.0,3.651722073967287e-12,2.3444723905553398e-11,2.3444723905003743e-11
1759,"(1.0, 3.0, 6.0, 9.0, 11.0, 12.0, 12.0, 12.0)",11255790000.0,1,-26.5767178552892,2.0,4.0,2.8699748327009874e-12,1.7768632854735206e-10,3.553726570631317e-10
1760,"(1.0, 3.0, 7.0, 7.0, 7.0, 7.0, 8.0, 12.0)",7215553800.000004,1,-25.05528748362076,1.0,1.0,1.3140954251610502e-11,1.385895009195274e-10,1.3858950090032034e-10
1761,"(1.0, 3.0, 7.0, 7.0, 7.0, 7.0, 8.0, 13.0)",7215553800.000004,1,-24.9324603638254,1.0,1.0,1.4858331506086144e-11,1.385895009195274e-10,1.3858950090032034e-10
1762,"(1.0, 3.0, 7.0, 7.0, 7.0, 7.0, 8.0, 14.0)",7215553800.000004,1,-24.842117597449136,2.0,4.0,1.6263177747968187e-11,2.771790018390548e-10,5.543580036012814e-10
1763,"(1.0, 3.0, 7.0, 7.0, 7.0, 8.0, 8.0, 14.0)",12884917500.000008,1,-24.721004894735398,1.0,1.0,1.8357096338608205e-11,7.761012051493535e-11,7.761012050891201e-11
1764,"(1.0, 3.0, 7.0, 7.0, 7.0, 8.0, 9.0, 12.0)",25769835000.00001,2,-25.569600201391516,2.0,2.0,7.857126187130982e-12,7.761012051493536e-11,7.761012050891202e-11
1765,"(1.0, 3.0, 7.0, 7.0, 7.0, 8.0, 11.0, 14.0)",25769835000.00001,1,-24.9856557854957,1.0,1.0,1.4088591134159891e-11,3.880506025746768e-11,3.880506025596185e-11
1766,"(1.0, 3.0, 7.0, 7.0, 7.0, 11.0, 13.0, 14.0)",20615868000.00001,1,-25.245548033444138,1.0,1.0,1.0864201112623376e-11,4.850632532183459e-11,4.850632531948173e-11
1767,"(1.0, 3.0, 7.0, 7.0, 8.0, 8.0, 8.0, 8.0)",2919735000.0000014,1,-24.43034271044948,1.0,1.0,2.4549178846639477e-11,3.4249683618547557e-10,3.424968360681715e-10
1768,"(1.0, 3.0, 7.0, 7.0, 8.0, 8.0, 8.0, 12.0)",10663380000.000006,1,-24.81306207819327,1.0,1.0,1.6742644671449328e-11,9.377889562221354e-11,9.377889561341906e-11
1769,"(1.0, 3.0, 7.0, 7.0, 8.0, 8.0, 8.0, 14.0)",10663380000.000006,1,-24.59989219202165,1.0,1.0,2.0720611384023447e-11,9.377889562221354e-11,9.377889561341906e-11
1770,"(1.0, 3.0, 7.0, 7.0, 8.0, 8.0, 9.0, 14.0)",31990140000.00001,1,-25.23531761250615,1.0,1.0,1.09759169387633e-11,3.1259631874071185e-11,3.125963187309402e-11
1771,"(1.0, 3.0, 7.0, 7.0, 8.0, 8.0, 11.0, 12.0)",31990140000.00001,1,-25.077712968953577,1.0,1.0,1.2849541721065754e-11,3.1259631874071185e-11,3.125963187309402e-11
1772,"(1.0, 3.0, 7.0, 7.0, 8.0, 9.0, 9.0, 12.0)",31990140000.00001,1,-26.083912919162263,1.0,1.0,4.697865218801305e-12,3.1259631874071185e-11,3.125963187309402e-11
1773,"(1.0, 3.0, 7.0, 7.0, 8.0, 9.0, 11.0, 12.0)",63980280000.00003,2,-25.71313838943808,2.0,2.0,6.806531912486726e-12,3.1259631874071185e-11,3.125963187309402e-11
1774,"(1.0, 3.0, 7.0, 7.0, 8.0, 9.0, 12.0, 14.0)",53316900000.00002,1,-25.61803698024994,1.0,1.0,7.485622162641558e-12,1.875577912444271e-11,1.8755779124090932e-11
1775,"(1.0, 3.0, 7.0, 7.0, 8.0, 11.0, 11.0, 13.0)",31990140000.00001,2,-25.21953673991853,3.0,5.0,1.1150500402086826e-11,9.377889562221357e-11,1.5629815936156144e-10
1776,"(1.0, 3.0, 7.0, 7.0, 8.0, 11.0, 11.0, 14.0)",31990140000.00001,1,-25.129193973542268,1.0,1.0,1.2204773459499728e-11,3.1259631874071185e-11,3.125963187309402e-11
1777,"(1.0, 3.0, 7.0, 7.0, 8.0, 11.0, 13.0, 14.0)",53316900000.00002,2,-25.124435330730392,2.0,2.0,1.2262990023051262e-11,3.751155824888542e-11,3.75115582474783e-11
1778,"(1.0, 3.0, 7.0, 7.0, 8.0, 11.0, 14.0, 14.0)",26658450000.00001,1,-25.03409256435413,1.0,1.0,1.3422448300117158e-11,3.751155824888542e-11,3.75115582474783e-11
1779,"(1.0, 3.0, 7.0, 7.0, 8.0, 12.0, 14.0, 14.0)",20260422000.00001,1,-25.15216104133761,1.0,1.0,1.1927660022593945e-11,4.9357313485375545e-11,4.93573134829394e-11
1780,"(1.0, 3.0, 7.0, 7.0, 8.0, 13.0, 13.0, 14.0)",20260422000.00001,1,-25.11967668791852,1.0,1.0,1.2321484278628994e-11,4.9357313485375545e-11,4.93573134829394e-11
1781,"(1.0, 3.0, 7.0, 7.0, 8.0, 13.0, 14.0, 14.0)",20260422000.00001,1,-25.029333921542253,1.0,1.0,1.3486473152120681e-11,4.9357313485375545e-11,4.93573134829394e-11
1782,"(1.0, 3.0, 7.0, 7.0, 9.0, 9.0, 11.0, 13.0)",31990140000.00001,1,-26.22573669012722,1.0,1.0,4.076686091093429e-12,3.1259631874071185e-11,3.125963187309402e-11
1783,"(1.0, 3.0, 7.0, 7.0, 9.0, 9.0, 11.0, 14.0)",31990140000.00001,1,-26.13539392375096,1.0,1.0,4.462134291119068e-12,3.1259631874071185e-11,3.125963187309402e-11
1784,"(1.0, 3.0, 7.0, 7.0, 9.0, 11.0, 13.0, 14.0)",53316900000.00002,1,-25.75986075121489,1.0,1.0,6.49582955924144e-12,1.875577912444271e-11,1.8755779124090932e-11
1785,"(1.0, 3.0, 7.0, 8.0, 8.0, 8.0, 11.0, 14.0)",16350516000.0,1,-24.74343038006821,1.0,1.0,1.7950011145626035e-11,6.116014931883496e-11,6.11601493150944e-11
1786,"(1.0, 3.0, 7.0, 8.0, 8.0, 8.0, 13.0, 14.0)",14217840000.0,1,-24.73867173725634,1.0,1.0,1.8035632396039e-11,7.03341717166602e-11,7.03341717117133e-11
1787,"(1.0, 3.0, 7.0, 8.0, 8.0, 9.0, 9.0, 14.0)",24525774000.0,1,-25.749630330276904,1.0,1.0,6.5626257238330184e-12,4.0773432879223303e-11,4.077343287756083e-11
1788,"(1.0, 3.0, 7.0, 8.0, 8.0, 9.0, 11.0, 11.0)",25693668000.000004,1,-25.473957209740853,1.0,1.0,8.645715723694278e-12,3.8920095021076785e-11,3.892009501956201e-11
1789,"(1.0, 3.0, 7.0, 8.0, 8.0, 9.0, 11.0, 12.0)",49051548000.0,1,-25.59202568672433,1.0,1.0,7.682887316714072e-12,2.0386716439611652e-11,2.0386716439196032e-11
1790,"(1.0, 3.0, 7.0, 8.0, 8.0, 9.0, 11.0, 13.0)",49051548000.0,1,-25.469198566928977,1.0,1.0,8.686955641874422e-12,2.0386716439611652e-11,2.0386716439196032e-11
1791,"(1.0, 3.0, 7.0, 8.0, 8.0, 9.0, 12.0, 14.0)",42653520000.0,1,-25.496924277536195,1.0,1.0,8.44941187531449e-12,2.3444723905553398e-11,2.3444723905003743e-11
1792,"(1.0, 3.0, 7.0, 8.0, 9.0, 9.0, 11.0, 11.0)",25693668000.000004,1,-26.10938263022535,1.0,1.0,4.57972286148838e-12,3.8920095021076785e-11,3.892009501956201e-11
1793,"(1.0, 3.0, 7.0, 8.0, 9.0, 11.0, 12.0, 12.0)",42653520000.0,1,-25.974745054468123,1.0,1.0,5.239761916196899e-12,2.3444723905553398e-11,2.3444723905003743e-11
1794,"(1.0, 3.0, 7.0, 8.0, 9.0, 11.0, 14.0, 14.0)",42653520000.0,1,-25.54840528212488,1.0,1.0,8.025434684192591e-12,2.3444723905553398e-11,2.3444723905003743e-11
1795,"(1.0, 3.0, 7.0, 8.0, 11.0, 12.0, 13.0, 14.0)",67534740000.0,1,-25.38604199576044,1.0,1.0,9.44021844422839e-12,1.4807194045612672e-11,1.4807194045393417e-11
1796,"(1.0, 3.0, 7.0, 8.0, 13.0, 13.0, 14.0, 14.0)",12156253200.000002,1,-25.168113466776944,1.0,1.0,1.1738894552032622e-11,8.226218914229262e-11,8.226218913552554e-11
1797,"(1.0, 3.0, 7.0, 8.0, 13.0, 14.0, 14.0, 14.0)",8104168800.000001,1,-25.07777070040068,1.0,1.0,1.2848799919840412e-11,1.2339328371343892e-10,1.23393283698213e-10
1798,"(1.0, 3.0, 7.0, 9.0, 11.0, 12.0, 13.0, 13.0)",33767370000.0,2,-26.1118101826212,2.0,2.0,4.56861882754877e-12,5.922877618245069e-11,5.922877617894264e-11
1799,"(1.0, 3.0, 7.0, 9.0, 11.0, 13.0, 13.0, 14.0)",33767370000.0,1,-25.89864029644958,1.0,1.0,5.65409928628533e-12,2.9614388091225344e-11,2.961438809034833e-11
1800,"(1.0, 3.0, 8.0, 8.0, 8.0, 8.0, 11.0, 12.0)",2900898000.0000005,1,-24.83548756352609,1.0,1.0,1.637136140249484e-11,3.447208416152515e-10,3.4472084149641904e-10
1801,"(1.0, 3.0, 8.0, 8.0, 8.0, 8.0, 12.0, 13.0)",2637180000.0000005,1,-24.83072892071421,1.0,1.0,1.6449452520259288e-11,3.7919292577677663e-10,3.791929256329894e-10
1802,"(1.0, 3.0, 8.0, 8.0, 8.0, 9.0, 11.0, 14.0)",11603592000.000002,1,-25.25774309783897,1.0,1.0,1.073251606627476e-11,8.618021040381287e-11,8.618021039638584e-11
1803,"(1.0, 3.0, 8.0, 8.0, 8.0, 11.0, 11.0, 14.0)",5801796000.000001,1,-24.88696856811478,1.0,1.0,1.5549874188390503e-11,1.7236042080762575e-10,1.7236042077791764e-10
1804,"(1.0, 3.0, 8.0, 8.0, 9.0, 11.0, 11.0, 14.0)",17405388000.000004,1,-25.52239398859928,1.0,1.0,8.236925269086984e-12,5.7453473602541914e-11,5.745347359924101e-11
1805,"(1.0, 3.0, 8.0, 8.0, 11.0, 11.0, 12.0, 13.0)",15823080000.000004,1,-25.360030702234837,1.0,1.0,9.688992174109144e-12,6.31988209627961e-11,6.319882095880201e-11
1806,"(1.0, 3.0, 8.0, 8.0, 11.0, 11.0, 12.0, 14.0)",15823080000.000004,1,-25.26968793585857,2.0,4.0,1.060508051403122e-11,1.263976419255922e-10,2.5279528383520803e-10
1807,"(1.0, 3.0, 8.0, 8.0, 12.0, 12.0, 14.0, 14.0)",4901715000.000001,1,-25.292655003653916,2.0,4.0,1.0364288637012092e-11,4.0802045814577135e-10,8.16040916125062e-10
1808,"(1.0, 3.0, 8.0, 9.0, 11.0, 14.0, 14.0, 14.0)",8714160000.000002,1,-25.596842060983317,1.0,1.0,7.645972624853552e-12,1.1475575385349819e-10,1.147557538403293e-10
1809,"(1.0, 3.0, 8.0, 9.0, 12.0, 12.0, 13.0, 13.0)",9803430000.000002,1,-26.10876595689094,1.0,1.0,4.58254792543732e-12,1.0200511453644284e-10,1.020051145260378e-10
1810,"(1.0, 3.0, 9.0, 9.0, 11.0, 12.0, 13.0, 14.0)",26142480000.000004,1,-26.535780134015692,1.0,1.0,2.9899031091555874e-12,3.825191795116607e-11,3.8251917949702856e-11
1811,"(1.0, 3.0, 9.0, 11.0, 11.0, 13.0, 13.0, 14.0)",13071240000.000002,1,-26.042178484496148,1.0,1.0,4.89807676647765e-12,7.650383590233213e-11,7.65038358964793e-11
1812,"(1.0, 3.0, 11.0, 11.0, 11.0, 12.0, 13.0, 14.0)",8714160000.000002,1,-25.794231074567318,1.0,1.0,6.276359038203589e-12,1.1475575385349819e-10,1.147557538403293e-10
1813,"(1.0, 4.0, 4.0, 4.0, 4.0, 7.0, 8.0, 9.0)",11596425750.0,1,-26.25440233666183,1.0,1.0,3.9614843039483534e-12,8.62334672388171e-11,8.623346723138089e-11
1814,"(1.0, 4.0, 4.0, 4.0, 4.0, 8.0, 9.0, 11.0)",10307934000.000002,1,-26.3979405247084,1.0,1.0,3.431785196450484e-12,9.701265064366921e-11,9.701265063425776e-11
1815,"(1.0, 4.0, 4.0, 4.0, 4.0, 9.0, 11.0, 14.0)",9019442250.000004,1,-26.567490006280565,1.0,1.0,2.8965810976129377e-12,1.1087160073562194e-10,1.1087160072332942e-10
1816,"(1.0, 4.0, 4.0, 4.0, 6.0, 6.0, 6.0, 9.0)",8040188520.000004,1,-26.797341676428072,1.0,1.0,2.3017724106713625e-12,1.243751931329092e-10,1.2437519311744003e-10
1817,"(1.0, 4.0, 4.0, 4.0, 6.0, 6.0, 7.0, 9.0)",24120565560.00001,1,-26.57808824335079,1.0,1.0,2.866044547076513e-12,4.145839771096974e-11,4.145839770925094e-11
1818,"(1.0, 4.0, 4.0, 4.0, 6.0, 6.0, 9.0, 14.0)",19481995260.000004,1,-26.62652502220922,1.0,1.0,2.73053099437974e-12,5.132944478501017e-11,5.132944478237546e-11
1819,"(1.0, 4.0, 4.0, 4.0, 6.0, 7.0, 7.0, 8.0)",24120565560.00001,1,-25.72340938978901,2.0,4.0,6.736979817063004e-12,8.291679542193948e-11,1.6583359083700377e-10
1820,"(1.0, 4.0, 4.0, 4.0, 6.0, 7.0, 8.0, 8.0)",23192851500.0,1,-25.602296687075267,1.0,1.0,7.604380241649623e-12,4.311673361940855e-11,4.31167336175495e-11
1821,"(1.0, 4.0, 4.0, 4.0, 6.0, 7.0, 8.0, 12.0)",38963990520.00001,1,-25.985016054819056,1.0,1.0,5.186219756183741e-12,2.5664722392505085e-11,2.5664722391846407e-11
1822,"(1.0, 4.0, 4.0, 4.0, 6.0, 7.0, 9.0, 11.0)",46385703000.0,2,-26.50237299832008,2.0,2.0,3.0914743641269028e-12,4.311673361940855e-11,4.31167336175495e-11
1823,"(1.0, 4.0, 4.0, 4.0, 6.0, 7.0, 11.0, 13.0)",38963990520.00001,1,-26.12683982578401,1.0,1.0,4.50046754444415e-12,2.5664722392505085e-11,2.5664722391846407e-11
1824,"(1.0, 4.0, 4.0, 4.0, 6.0, 8.0, 8.0, 11.0)",20615868000.000004,1,-25.745834875121837,1.0,1.0,6.587581204212682e-12,4.8506325321834606e-11,4.850632531948174e-11
1825,"(1.0, 4.0, 4.0, 4.0, 6.0, 8.0, 9.0, 12.0)",36077769000.000015,1,-26.499328772589813,1.0,1.0,3.1008998493038146e-12,2.7717900183905484e-11,2.77179001831372e-11
1826,"(1.0, 4.0, 4.0, 4.0, 6.0, 9.0, 11.0, 12.0)",36077769000.000015,1,-26.76397966335012,1.0,1.0,2.3798595005974446e-12,2.7717900183905484e-11,2.77179001831372e-11
1827,"(1.0, 4.0, 4.0, 4.0, 6.0, 11.0, 11.0, 14.0)",18038884500.000008,1,-26.180035247454317,1.0,1.0,4.267319457790966e-12,5.543580036781097e-11,5.543580036473784e-11
1828,"(1.0, 4.0, 4.0, 4.0, 6.0, 11.0, 12.0, 14.0)",28862215200.00001,1,-26.298103724437794,1.0,1.0,3.792090277590154e-12,3.4647375229881856e-11,3.4647375228681416e-11
1829,"(1.0, 4.0, 4.0, 4.0, 7.0, 7.0, 8.0, 13.0)",19481995260.000004,1,-25.64293550194642,1.0,1.0,7.301542403465662e-12,5.132944478501017e-11,5.132944478237546e-11
1830,"(1.0, 4.0, 4.0, 4.0, 7.0, 7.0, 13.0, 14.0)",14986150199.999998,1,-25.812484983518587,1.0,1.0,6.162830275966271e-12,6.672827822051325e-11,6.672827821606058e-11
1831,"(1.0, 4.0, 4.0, 4.0, 7.0, 8.0, 8.0, 8.0)",6871956000.000002,1,-25.26193055128424,1.0,1.0,1.0687668119773811e-11,1.455189759655038e-10,1.4551897594432804e-10
1832,"(1.0, 4.0, 4.0, 4.0, 7.0, 8.0, 8.0, 9.0)",20615868000.000004,1,-25.89735597176874,1.0,1.0,5.661365650733424e-12,4.8506325321834606e-11,4.850632531948174e-11
1833,"(1.0, 4.0, 4.0, 4.0, 7.0, 8.0, 8.0, 11.0)",20615868000.000004,1,-25.526581442044552,1.0,1.0,8.202505643575204e-12,4.8506325321834606e-11,4.850632531948174e-11
1834,"(1.0, 4.0, 4.0, 4.0, 7.0, 8.0, 8.0, 13.0)",18038884500.000008,1,-25.521822799232677,1.0,1.0,8.241631457148527e-12,5.543580036781097e-11,5.543580036473784e-11
1835,"(1.0, 4.0, 4.0, 4.0, 7.0, 8.0, 9.0, 11.0)",41231736000.00001,1,-26.162006862529047,1.0,1.0,4.3449500096815e-12,2.4253162660917303e-11,2.4253162660329087e-11
1836,"(1.0, 4.0, 4.0, 4.0, 7.0, 8.0, 11.0, 11.0)",20615868000.000004,1,-25.79123233280486,1.0,1.0,6.2952084663260695e-12,4.8506325321834606e-11,4.850632531948174e-11
1837,"(1.0, 4.0, 4.0, 4.0, 7.0, 9.0, 12.0, 13.0)",28862215200.00001,1,-26.539967587460964,1.0,1.0,2.9774092061551724e-12,3.4647375229881856e-11,3.4647375228681416e-11
1838,"(1.0, 4.0, 4.0, 4.0, 7.0, 11.0, 11.0, 13.0)",18038884500.000008,1,-26.05112458075329,1.0,1.0,4.854453520070483e-12,5.543580036781097e-11,5.543580036473784e-11
1839,"(1.0, 4.0, 4.0, 4.0, 7.0, 11.0, 12.0, 13.0)",28862215200.00001,1,-26.169193057736777,1.0,1.0,4.313838272141404e-12,3.4647375229881856e-11,3.4647375228681416e-11
1840,"(1.0, 4.0, 4.0, 4.0, 7.0, 12.0, 12.0, 14.0)",10545809400.000002,1,-26.19691876834399,2.0,4.0,4.195876878790303e-12,1.8964879073198494e-10,3.7929758142800325e-10
1841,"(1.0, 4.0, 4.0, 4.0, 8.0, 8.0, 11.0, 12.0)",15461901000.000002,1,-25.7881881070746,1.0,1.0,6.314401701364117e-12,6.467510042911282e-11,6.467510042492995e-11
1842,"(1.0, 4.0, 4.0, 4.0, 8.0, 9.0, 9.0, 13.0)",15461901000.000002,1,-26.67156093748793,1.0,1.0,2.610287003825472e-12,6.467510042911282e-11,6.467510042492995e-11
1843,"(1.0, 4.0, 4.0, 4.0, 8.0, 9.0, 9.0, 14.0)",15461901000.000002,1,-26.581218171111665,1.0,1.0,2.8570880585775265e-12,6.467510042911282e-11,6.467510042492995e-11
1844,"(1.0, 4.0, 4.0, 4.0, 8.0, 9.0, 11.0, 12.0)",30923802000.000004,1,-26.423613527559095,1.0,1.0,3.3448022989127205e-12,3.233755021455641e-11,3.233755021351069e-11
1845,"(1.0, 4.0, 4.0, 4.0, 8.0, 12.0, 13.0, 14.0)",19585074600.00001,1,-25.952978945834893,1.0,1.0,5.3550614018205886e-12,5.105928981245746e-11,5.105928980985041e-11
1846,"(1.0, 4.0, 4.0, 4.0, 11.0, 12.0, 12.0, 13.0)",9792537300.000006,1,-26.43079972276682,1.0,1.0,3.320852055293034e-12,1.0211857962491493e-10,1.0211857961448672e-10
1847,"(1.0, 4.0, 4.0, 4.0, 11.0, 12.0, 12.0, 14.0)",9792537300.000006,1,-26.34045695639056,1.0,1.0,3.6348366051607988e-12,1.0211857962491493e-10,1.0211857961448672e-10
1848,"(1.0, 4.0, 4.0, 6.0, 6.0, 6.0, 8.0, 11.0)",23192851500.0,1,-26.069520781810795,2.0,4.0,4.765966425751033e-12,8.62334672388171e-11,1.72466934470198e-10
1849,"(1.0, 4.0, 4.0, 6.0, 6.0, 6.0, 9.0, 9.0)",11596425750.0,1,-27.075720732019484,1.0,1.0,1.7424643144124077e-12,8.62334672388171e-11,8.623346723138089e-11
1850,"(1.0, 4.0, 4.0, 6.0, 6.0, 6.0, 9.0, 14.0)",19481995260.000004,1,-26.60984479310716,1.0,1.0,2.7764588556897075e-12,5.132944478501017e-11,5.132944478237546e-11
1851,"(1.0, 4.0, 4.0, 6.0, 6.0, 7.0, 7.0, 11.0)",36180848340.000015,1,-25.97138005144725,1.0,1.0,5.257423429731279e-12,2.763893180731316e-11,2.763893180654925e-11
1852,"(1.0, 4.0, 4.0, 6.0, 6.0, 7.0, 8.0, 8.0)",34789277250.0,2,-25.5856164579732,2.0,2.0,7.73228683630313e-12,5.74889781592114e-11,5.748897815590642e-11
1853,"(1.0, 4.0, 4.0, 6.0, 6.0, 7.0, 8.0, 11.0)",69578554500.0,1,-25.850267348733517,2.0,4.0,5.9343278348224505e-12,2.87444890796057e-11,5.7488978158385156e-11
1854,"(1.0, 4.0, 4.0, 6.0, 6.0, 7.0, 8.0, 13.0)",58445985780.00001,1,-25.84550870592164,1.0,1.0,5.962634478503959e-12,1.7109814928336722e-11,1.7109814928043978e-11
1855,"(1.0, 4.0, 4.0, 6.0, 6.0, 7.0, 8.0, 14.0)",58445985780.00001,1,-25.75516593954537,1.0,1.0,6.526397955945024e-12,1.7109814928336722e-11,1.7109814928043978e-11
1856,"(1.0, 4.0, 4.0, 6.0, 6.0, 7.0, 9.0, 11.0)",69578554500.0,1,-26.48569276921801,1.0,1.0,3.1434733365360462e-12,1.437224453980285e-11,1.4372244539596289e-11
1857,"(1.0, 4.0, 4.0, 6.0, 6.0, 7.0, 11.0, 14.0)",58445985780.00001,1,-26.01981683030569,1.0,1.0,5.008839670724104e-12,1.7109814928336722e-11,1.7109814928043978e-11
1858,"(1.0, 4.0, 4.0, 6.0, 6.0, 8.0, 8.0, 9.0)",30923802000.000008,1,-26.09992917574396,1.0,1.0,4.623222349357131e-12,3.2337550214556404e-11,3.2337550213510686e-11
1859,"(1.0, 4.0, 4.0, 6.0, 6.0, 8.0, 9.0, 12.0)",54116653500.00002,1,-26.482648543487752,1.0,1.0,3.153057359512669e-12,1.8478600122603657e-11,1.84786001222622e-11
1860,"(1.0, 4.0, 4.0, 6.0, 6.0, 8.0, 9.0, 13.0)",54116653500.00002,1,-26.359821423692395,1.0,1.0,3.5651270530526403e-12,1.8478600122603657e-11,1.84786001222622e-11
1861,"(1.0, 4.0, 4.0, 6.0, 6.0, 9.0, 11.0, 14.0)",54116653500.00002,2,-26.53412954807644,2.0,2.0,2.9948422763258585e-12,3.6957200245207314e-11,3.695720024384148e-11
1862,"(1.0, 4.0, 4.0, 6.0, 6.0, 9.0, 12.0, 14.0)",43293322800.000015,1,-26.65219802505992,1.0,1.0,2.6613222636137404e-12,2.309825015325457e-11,2.3098250152721042e-11
1863,"(1.0, 4.0, 4.0, 6.0, 6.0, 11.0, 13.0, 14.0)",43293322800.000015,1,-26.158596375540373,2.0,4.0,4.359793702879448e-12,4.619650030650914e-11,9.239300061088417e-11
1864,"(1.0, 4.0, 4.0, 6.0, 7.0, 7.0, 7.0, 13.0)",19481995260.000004,1,-25.7473679755581,1.0,1.0,6.577489518355208e-12,5.132944478501017e-11,5.132944478237546e-11
1865,"(1.0, 4.0, 4.0, 6.0, 7.0, 7.0, 8.0, 8.0)",34789277250.0,2,-25.36636302489592,2.0,2.0,9.627832196126744e-12,5.74889781592114e-11,5.748897815590642e-11
1866,"(1.0, 4.0, 4.0, 6.0, 7.0, 7.0, 8.0, 9.0)",69578554500.0,1,-26.00178844538042,1.0,1.0,5.099959867328931e-12,1.437224453980285e-11,1.4372244539596289e-11
1867,"(1.0, 4.0, 4.0, 6.0, 7.0, 7.0, 8.0, 11.0)",69578554500.0,2,-25.631013915656236,2.0,2.0,7.389109302338229e-12,2.87444890796057e-11,2.8744489078779453e-11
1868,"(1.0, 4.0, 4.0, 6.0, 7.0, 7.0, 8.0, 12.0)",58445985780.00001,1,-25.749082392639718,1.0,1.0,6.566222618812951e-12,1.7109814928336722e-11,1.7109814928043978e-11
1869,"(1.0, 4.0, 4.0, 6.0, 7.0, 7.0, 8.0, 13.0)",58445985780.00001,1,-25.626255272844357,1.0,1.0,7.424355229082926e-12,1.7109814928336722e-11,1.7109814928043978e-11
1870,"(1.0, 4.0, 4.0, 6.0, 7.0, 7.0, 9.0, 11.0)",69578554500.0,1,-26.266439336140728,2.0,4.0,3.914085759865276e-12,2.87444890796057e-11,5.7488978158385156e-11
1871,"(1.0, 4.0, 4.0, 6.0, 7.0, 7.0, 11.0, 11.0)",34789277250.0,2,-25.89566480641654,2.0,2.0,5.670948056600629e-12,5.74889781592114e-11,5.748897815590642e-11
1872,"(1.0, 4.0, 4.0, 6.0, 7.0, 7.0, 11.0, 12.0)",58445985780.00001,1,-26.013733283400025,1.0,1.0,5.0394040574797e-12,1.7109814928336722e-11,1.7109814928043978e-11
1873,"(1.0, 4.0, 4.0, 6.0, 7.0, 7.0, 11.0, 13.0)",58445985780.00001,3,-25.890906163604665,4.0,6.0,5.6979983831822824e-12,6.843925971334689e-11,1.026588895653364e-10
1874,"(1.0, 4.0, 4.0, 6.0, 7.0, 7.0, 11.0, 14.0)",58445985780.00001,1,-25.8005633972284,1.0,1.0,6.236740678142165e-12,1.7109814928336722e-11,1.7109814928043978e-11
1875,"(1.0, 4.0, 4.0, 6.0, 7.0, 7.0, 13.0, 13.0)",22479225300.0,1,-25.88614752079279,1.0,1.0,5.725177739365488e-12,4.448551881367549e-11,4.448551881169653e-11
1876,"(1.0, 4.0, 4.0, 6.0, 7.0, 8.0, 8.0, 8.0)",20615868000.000004,1,-25.24525032218218,1.0,1.0,1.086743598915247e-11,4.8506325321834606e-11,4.850632531948174e-11
1877,"(1.0, 4.0, 4.0, 6.0, 7.0, 8.0, 8.0, 9.0)",61847604000.000015,1,-25.88067574266668,3.0,9.0,5.7565905051544654e-12,4.8506325321834606e-11,1.4551897596315095e-10
1878,"(1.0, 4.0, 4.0, 6.0, 7.0, 8.0, 8.0, 11.0)",61847604000.000015,2,-25.509901212942488,2.0,2.0,8.340472779772494e-12,3.2337550214556404e-11,3.2337550213510686e-11
1879,"(1.0, 4.0, 4.0, 6.0, 7.0, 8.0, 8.0, 13.0)",54116653500.00002,1,-25.50514257013061,1.0,1.0,8.380256694258503e-12,1.8478600122603657e-11,1.84786001222622e-11
1880,"(1.0, 4.0, 4.0, 6.0, 7.0, 8.0, 8.0, 14.0)",54116653500.00002,1,-25.41479980375435,1.0,1.0,9.172604887466673e-12,1.8478600122603657e-11,1.84786001222622e-11
1881,"(1.0, 4.0, 4.0, 6.0, 7.0, 8.0, 9.0, 11.0)",123695208000.00005,1,-26.145326633426983,1.0,1.0,4.418032593931313e-12,8.0843875536391e-12,8.084387553573742e-12
1882,"(1.0, 4.0, 4.0, 6.0, 7.0, 8.0, 9.0, 12.0)",108233307000.00005,1,-26.26339511041047,1.0,1.0,3.926019275387427e-12,9.239300061301829e-12,9.239300061216464e-12
1883,"(1.0, 4.0, 4.0, 6.0, 7.0, 8.0, 9.0, 13.0)",108233307000.00005,2,-26.14056799061511,2.0,2.0,4.4391065348881575e-12,1.8478600122603657e-11,1.84786001222622e-11
1884,"(1.0, 4.0, 4.0, 6.0, 7.0, 8.0, 9.0, 14.0)",108233307000.00005,1,-26.05022522423885,1.0,1.0,4.858821368299766e-12,9.239300061301829e-12,9.239300061216464e-12
1885,"(1.0, 4.0, 4.0, 6.0, 7.0, 8.0, 11.0, 11.0)",61847604000.000015,1,-25.7745521037028,1.0,1.0,6.4010946335052475e-12,1.6168775107278202e-11,1.6168775107016774e-11
1886,"(1.0, 4.0, 4.0, 6.0, 7.0, 8.0, 11.0, 12.0)",108233307000.00005,1,-25.89262058068628,1.0,1.0,5.688238006492061e-12,9.239300061301829e-12,9.239300061216464e-12
1887,"(1.0, 4.0, 4.0, 6.0, 7.0, 8.0, 11.0, 13.0)",108233307000.00005,1,-25.769793460890924,1.0,1.0,6.431627746943809e-12,9.239300061301829e-12,9.239300061216464e-12
1888,"(1.0, 4.0, 4.0, 6.0, 7.0, 8.0, 11.0, 14.0)",108233307000.00005,1,-25.679450694514657,1.0,1.0,7.039734253773169e-12,9.239300061301829e-12,9.239300061216464e-12
1889,"(1.0, 4.0, 4.0, 6.0, 7.0, 8.0, 12.0, 13.0)",86586645600.00003,1,-25.887861937874405,1.0,1.0,5.715370805843077e-12,1.1549125076627285e-11,1.1549125076493902e-11
1890,"(1.0, 4.0, 4.0, 6.0, 7.0, 8.0, 14.0, 14.0)",43293322800.000015,1,-25.58434928532652,1.0,1.0,7.742091189270383e-12,2.309825015325457e-11,2.3098250152721042e-11
1891,"(1.0, 4.0, 4.0, 6.0, 7.0, 9.0, 9.0, 11.0)",61847604000.000015,1,-26.780752053911485,1.0,1.0,2.340276446723411e-12,1.6168775107278202e-11,1.6168775107016774e-11
1892,"(1.0, 4.0, 4.0, 6.0, 7.0, 9.0, 9.0, 12.0)",54116653500.00002,1,-26.89882053089497,1.0,1.0,2.0796520270565906e-12,1.8478600122603657e-11,1.84786001222622e-11
1893,"(1.0, 4.0, 4.0, 6.0, 7.0, 11.0, 12.0, 13.0)",86586645600.00003,1,-26.152512828634716,1.0,1.0,4.3863975532059244e-12,1.1549125076627285e-11,1.1549125076493902e-11
1894,"(1.0, 4.0, 4.0, 6.0, 7.0, 11.0, 12.0, 14.0)",86586645600.00003,1,-26.06217006225845,1.0,1.0,4.801128784333597e-12,1.1549125076627285e-11,1.1549125076493902e-11
1895,"(1.0, 4.0, 4.0, 6.0, 8.0, 8.0, 8.0, 9.0)",16934463000.000006,1,-25.759563039952937,1.0,1.0,6.497763728754697e-12,5.905117865266821e-11,5.905117864918117e-11
1896,"(1.0, 4.0, 4.0, 6.0, 8.0, 8.0, 8.0, 11.0)",16934463000.000006,1,-25.388788510228743,1.0,1.0,9.414326320509675e-12,5.905117865266821e-11,5.905117864918117e-11
1897,"(1.0, 4.0, 4.0, 6.0, 8.0, 8.0, 8.0, 13.0)",15461901000.000002,1,-25.38402986741687,1.0,1.0,9.45923249827292e-12,6.467510042911282e-11,6.467510042492995e-11
1898,"(1.0, 4.0, 4.0, 6.0, 8.0, 8.0, 8.0, 14.0)",15461901000.000002,1,-25.293687101040607,1.0,1.0,1.0353597200046061e-11,6.467510042911282e-11,6.467510042492995e-11
1899,"(1.0, 4.0, 4.0, 6.0, 8.0, 8.0, 9.0, 12.0)",46385703000.00001,1,-26.14228240769673,1.0,1.0,4.43150257485958e-12,2.155836680970427e-11,2.155836680923951e-11
1900,"(1.0, 4.0, 4.0, 6.0, 8.0, 8.0, 9.0, 13.0)",46385703000.00001,1,-26.01945528790137,1.0,1.0,5.010650906060973e-12,2.155836680970427e-11,2.155836680923951e-11
1901,"(1.0, 4.0, 4.0, 6.0, 8.0, 8.0, 11.0, 11.0)",25401694500.000008,1,-25.65343940098905,1.0,1.0,7.225249129093817e-12,3.936745243511214e-11,3.936745243356235e-11
1902,"(1.0, 4.0, 4.0, 6.0, 8.0, 8.0, 11.0, 12.0)",46385703000.00001,1,-25.77150787797253,1.0,1.0,6.420610701076182e-12,2.155836680970427e-11,2.155836680923951e-11
1903,"(1.0, 4.0, 4.0, 6.0, 8.0, 9.0, 9.0, 12.0)",46385703000.00001,1,-26.777707828181224,1.0,1.0,2.3474116315447303e-12,2.155836680970427e-11,2.155836680923951e-11
1904,"(1.0, 4.0, 4.0, 6.0, 8.0, 11.0, 11.0, 13.0)",46385703000.00001,1,-25.913331648937486,1.0,1.0,5.571640122123745e-12,2.155836680970427e-11,2.155836680923951e-11
1905,"(1.0, 4.0, 4.0, 6.0, 8.0, 11.0, 14.0, 14.0)",38654752500.000015,1,-25.727887473373087,1.0,1.0,6.7068785067321335e-12,2.587004017164512e-11,2.587004017097586e-11
1906,"(1.0, 4.0, 4.0, 6.0, 8.0, 12.0, 14.0, 14.0)",29377611900.00001,1,-25.84595595035657,1.0,1.0,5.959968319672737e-12,3.4039526541638315e-11,3.403952654047963e-11
1907,"(1.0, 4.0, 4.0, 6.0, 9.0, 9.0, 12.0, 13.0)",38654752500.000015,2,-27.037600076129657,3.0,5.0,1.810170500113257e-12,7.761012051493536e-11,1.2935020085220227e-10
1908,"(1.0, 4.0, 4.0, 6.0, 9.0, 11.0, 13.0, 13.0)",38654752500.000015,1,-26.54399842661011,1.0,1.0,2.965431904069978e-12,2.587004017164512e-11,2.587004017097586e-11
1909,"(1.0, 4.0, 4.0, 6.0, 9.0, 11.0, 13.0, 14.0)",77309505000.00003,1,-26.45365566023385,1.0,1.0,3.245811693973253e-12,1.293502008582256e-11,1.2935020085655244e-11
1910,"(1.0, 4.0, 4.0, 6.0, 11.0, 12.0, 13.0, 14.0)",58755223800.00003,1,-26.20094960749314,1.0,1.0,4.178998014848555e-12,1.7019763270819154e-11,1.7019763270529483e-11
1911,"(1.0, 4.0, 4.0, 7.0, 7.0, 7.0, 7.0, 9.0)",6030141390.000003,1,-25.90364771501688,1.0,1.0,5.625857612490219e-12,1.6583359084387896e-10,1.6583359081637818e-10
1912,"(1.0, 4.0, 4.0, 7.0, 7.0, 7.0, 8.0, 11.0)",23192851500.0,1,-25.41176048257895,1.0,1.0,9.200525788534446e-12,4.311673361940855e-11,4.31167336175495e-11
1913,"(1.0, 4.0, 4.0, 7.0, 7.0, 7.0, 8.0, 12.0)",19481995260.000004,1,-25.52982895956243,1.0,1.0,8.175911069353053e-12,5.132944478501017e-11,5.132944478237546e-11
1914,"(1.0, 4.0, 4.0, 7.0, 7.0, 7.0, 12.0, 14.0)",14986150199.999998,1,-25.6993784411346,1.0,1.0,6.900836766749556e-12,6.672827822051325e-11,6.672827821606058e-11
1915,"(1.0, 4.0, 4.0, 7.0, 7.0, 8.0, 8.0, 13.0)",27058326750.00001,1,-25.28588913705333,1.0,1.0,1.0434649790017906e-11,3.6957200245207314e-11,3.695720024384148e-11
1916,"(1.0, 4.0, 4.0, 7.0, 7.0, 8.0, 9.0, 9.0)",30923802000.000008,1,-26.296847730073893,1.0,1.0,3.796856113911476e-12,3.2337550214556404e-11,3.2337550213510686e-11
1917,"(1.0, 4.0, 4.0, 7.0, 7.0, 8.0, 9.0, 11.0)",61847604000.000015,1,-25.926073200349705,1.0,1.0,5.501099138185371e-12,1.6168775107278202e-11,1.6168775107016774e-11
1918,"(1.0, 4.0, 4.0, 7.0, 7.0, 8.0, 9.0, 14.0)",54116653500.00002,1,-25.830971791161566,2.0,4.0,6.0499458692237636e-12,3.6957200245207314e-11,7.39144004890488e-11
1919,"(1.0, 4.0, 4.0, 7.0, 7.0, 8.0, 11.0, 13.0)",54116653500.00002,1,-25.55054002781364,2.0,4.0,8.008320695605994e-12,3.6957200245207314e-11,7.39144004890488e-11
1920,"(1.0, 4.0, 4.0, 7.0, 7.0, 9.0, 9.0, 13.0)",27058326750.00001,1,-26.55673997802233,1.0,1.0,2.927887396576625e-12,3.6957200245207314e-11,3.695720024384148e-11
1921,"(1.0, 4.0, 4.0, 7.0, 7.0, 9.0, 11.0, 14.0)",54116653500.00002,1,-26.095622681921878,1.0,1.0,4.643175160334475e-12,1.8478600122603657e-11,1.84786001222622e-11
1922,"(1.0, 4.0, 4.0, 7.0, 7.0, 9.0, 12.0, 14.0)",43293322800.000015,1,-26.213691158905355,1.0,1.0,4.1260888847930636e-12,2.309825015325457e-11,2.3098250152721042e-11
1923,"(1.0, 4.0, 4.0, 7.0, 8.0, 8.0, 8.0, 9.0)",16934463000.000006,1,-25.540309606875653,1.0,1.0,8.09066970159628e-12,5.905117865266821e-11,5.905117864918117e-11
1924,"(1.0, 4.0, 4.0, 7.0, 8.0, 8.0, 8.0, 11.0)",16934463000.000006,1,-25.169535077151465,1.0,1.0,1.1722218274145398e-11,5.905117865266821e-11,5.905117864918117e-11
1925,"(1.0, 4.0, 4.0, 7.0, 8.0, 8.0, 8.0, 13.0)",15461901000.000002,1,-25.164776434339583,1.0,1.0,1.1778133057601834e-11,6.467510042911282e-11,6.467510042492995e-11
1926,"(1.0, 4.0, 4.0, 7.0, 8.0, 8.0, 11.0, 11.0)",25401694500.000008,1,-25.434185967911773,1.0,1.0,8.996495818484798e-12,3.936745243511214e-11,3.936745243356235e-11
1927,"(1.0, 4.0, 4.0, 7.0, 8.0, 8.0, 12.0, 13.0)",38654752500.000015,1,-25.547495802083372,1.0,1.0,8.032736977003723e-12,2.587004017164512e-11,2.587004017097586e-11
1928,"(1.0, 4.0, 4.0, 7.0, 8.0, 9.0, 9.0, 11.0)",50803389000.000015,1,-26.44038591812046,1.0,1.0,3.2891698174310968e-12,1.968372621755607e-11,1.968372621716862e-11
1929,"(1.0, 4.0, 4.0, 7.0, 8.0, 9.0, 9.0, 13.0)",46385703000.00001,1,-26.435627275308583,1.0,1.0,3.304859101983874e-12,2.155836680970427e-11,2.155836680923951e-11
1930,"(1.0, 4.0, 4.0, 7.0, 8.0, 9.0, 11.0, 12.0)",92771406000.00002,1,-26.18767986537975,1.0,1.0,4.234821805302673e-12,1.0779183404852136e-11,1.0779183404735944e-11
1931,"(1.0, 4.0, 4.0, 7.0, 8.0, 9.0, 11.0, 13.0)",92771406000.00002,1,-26.0648527455844,1.0,1.0,4.788266137116878e-12,1.0779183404852136e-11,1.0779183404735944e-11
1932,"(1.0, 4.0, 4.0, 7.0, 8.0, 9.0, 12.0, 12.0)",38654752500.000015,1,-26.305748342363238,1.0,1.0,3.7632117196887664e-12,2.587004017164512e-11,2.587004017097586e-11
1933,"(1.0, 4.0, 4.0, 7.0, 8.0, 11.0, 11.0, 11.0)",16934463000.000006,1,-25.69883685867208,1.0,1.0,6.9045751511494625e-12,5.905117865266821e-11,5.905117864918117e-11
1934,"(1.0, 4.0, 4.0, 7.0, 8.0, 11.0, 12.0, 13.0)",77309505000.00003,1,-25.812146692843687,1.0,1.0,6.16491545665833e-12,1.293502008582256e-11,1.2935020085655244e-11
1935,"(1.0, 4.0, 4.0, 7.0, 9.0, 9.0, 9.0, 13.0)",15461901000.000002,1,-27.071052695793085,1.0,1.0,1.750617215168646e-12,6.467510042911282e-11,6.467510042492995e-11
1936,"(1.0, 4.0, 4.0, 7.0, 9.0, 11.0, 13.0, 14.0)",77309505000.00003,1,-26.234402227156565,1.0,1.0,4.041512037949892e-12,1.293502008582256e-11,1.2935020085655244e-11
1937,"(1.0, 4.0, 4.0, 7.0, 11.0, 11.0, 13.0, 14.0)",38654752500.000015,1,-25.86362769743237,1.0,1.0,5.855570430354863e-12,2.587004017164512e-11,2.587004017097586e-11
1938,"(1.0, 4.0, 4.0, 8.0, 8.0, 8.0, 8.0, 9.0)",3211708500.0000014,1,-25.419196904161907,1.0,1.0,9.132360566779004e-12,3.1136076016861417e-10,3.1136076007166866e-10
1939,"(1.0, 4.0, 4.0, 8.0, 8.0, 8.0, 11.0, 13.0)",12262887000.000006,1,-25.308314622386156,1.0,1.0,1.0203252005470741e-11,8.154686575844657e-11,8.154686575179668e-11
1940,"(1.0, 4.0, 4.0, 8.0, 8.0, 8.0, 12.0, 13.0)",10663380000.000004,1,-25.426383099369637,1.0,1.0,9.066968881157292e-12,9.377889562221357e-11,9.377889561341909e-11
1941,"(1.0, 4.0, 4.0, 8.0, 8.0, 9.0, 9.0, 9.0)",6423417000.000003,1,-26.690047745130904,1.0,1.0,2.5624744426060638e-12,1.5568038008430709e-10,1.556803800600707e-10
1942,"(1.0, 4.0, 4.0, 8.0, 8.0, 11.0, 11.0, 11.0)",6423417000.000003,1,-25.577724155958336,1.0,1.0,7.793553830071551e-12,1.5568038008430709e-10,1.556803800600707e-10
1943,"(1.0, 4.0, 4.0, 8.0, 9.0, 9.0, 11.0, 14.0)",36788661000.000015,1,-26.48882269697889,1.0,1.0,3.133649873458915e-12,2.7182288586148857e-11,2.718228858540998e-11
1944,"(1.0, 4.0, 4.0, 8.0, 9.0, 9.0, 12.0, 14.0)",31990140000.00001,1,-26.606891173962367,1.0,1.0,2.7846715803804857e-12,3.1259631874071185e-11,3.125963187309402e-11
1945,"(1.0, 4.0, 4.0, 8.0, 9.0, 11.0, 11.0, 12.0)",36788661000.000015,1,-26.33121805342632,1.0,1.0,3.6685741166659675e-12,2.7182288586148857e-11,2.718228858540998e-11
1946,"(1.0, 4.0, 4.0, 8.0, 9.0, 11.0, 12.0, 14.0)",63980280000.00002,2,-26.23611664423818,2.0,2.0,4.034589136742184e-12,3.1259631874071185e-11,3.125963187309402e-11
1947,"(1.0, 4.0, 4.0, 11.0, 11.0, 14.0, 14.0, 14.0)",4220921250.0000014,1,-25.82172170991454,1.0,1.0,6.106167988759082e-12,2.369151047298027e-10,2.3691510467367395e-10
1948,"(1.0, 4.0, 6.0, 6.0, 6.0, 6.0, 7.0, 8.0)",12060282780.000006,1,-25.909302364662167,1.0,1.0,5.5941351330182755e-12,8.291679542193948e-11,8.291679541506429e-11
1949,"(1.0, 4.0, 6.0, 6.0, 6.0, 6.0, 12.0, 13.0)",7493075099.999999,1,-26.430801277640647,1.0,1.0,3.320846891791107e-12,1.334565564410265e-10,1.3345655642321584e-10
1950,"(1.0, 4.0, 6.0, 6.0, 6.0, 7.0, 7.0, 12.0)",19481995260.000004,1,-26.072768299328672,1.0,1.0,4.7505139709332546e-12,5.132944478501017e-11,5.132944478237546e-11
1951,"(1.0, 4.0, 6.0, 6.0, 6.0, 7.0, 8.0, 11.0)",46385703000.0,1,-25.83358711963145,1.0,1.0,6.034143946167377e-12,2.1558366809704275e-11,2.1558366809239512e-11
1952,"(1.0, 4.0, 6.0, 6.0, 6.0, 8.0, 9.0, 12.0)",36077769000.000015,1,-26.465968314385687,1.0,1.0,3.20609216534648e-12,2.7717900183905484e-11,2.77179001831372e-11
1953,"(1.0, 4.0, 6.0, 6.0, 6.0, 8.0, 12.0, 14.0)",28862215200.00001,2,-26.00009237547336,2.0,2.0,5.108617095343752e-12,6.929475045976371e-11,6.929475045496195e-11
1954,"(1.0, 4.0, 6.0, 6.0, 6.0, 12.0, 14.0, 14.0)",10545809400.000002,1,-26.169641857045526,1.0,1.0,4.3119026588902445e-12,9.482439536599247e-11,9.482439535700081e-11
1955,"(1.0, 4.0, 6.0, 6.0, 6.0, 14.0, 14.0, 14.0)",3515269800.0000005,1,-25.95647197087391,1.0,1.0,5.336388669405338e-12,2.8447318609797744e-10,2.8447318601705245e-10
1956,"(1.0, 4.0, 6.0, 6.0, 7.0, 7.0, 7.0, 11.0)",24120565560.00001,1,-25.73544638926791,1.0,1.0,6.656372900476791e-12,4.145839771096974e-11,4.145839770925094e-11
1957,"(1.0, 4.0, 6.0, 6.0, 7.0, 7.0, 7.0, 13.0)",19481995260.000004,1,-25.730687746456034,1.0,1.0,6.688123686943188e-12,5.132944478501017e-11,5.132944478237546e-11
1958,"(1.0, 4.0, 6.0, 6.0, 7.0, 7.0, 8.0, 8.0)",34789277250.0,2,-25.349682795793857,2.0,2.0,9.789773497188585e-12,5.74889781592114e-11,5.748897815590642e-11
1959,"(1.0, 4.0, 6.0, 6.0, 7.0, 7.0, 8.0, 9.0)",69578554500.0,2,-25.98510821627836,2.0,2.0,5.185741808627254e-12,2.87444890796057e-11,2.8744489078779453e-11
1960,"(1.0, 4.0, 6.0, 6.0, 7.0, 7.0, 8.0, 11.0)",69578554500.0,1,-25.61433368655417,1.0,1.0,7.513395013777036e-12,1.437224453980285e-11,1.4372244539596289e-11
1961,"(1.0, 4.0, 6.0, 6.0, 7.0, 7.0, 8.0, 13.0)",58445985780.00001,1,-25.60957504374229,1.0,1.0,7.549233781269047e-12,1.7109814928336722e-11,1.7109814928043978e-11
1962,"(1.0, 4.0, 6.0, 6.0, 7.0, 7.0, 9.0, 11.0)",69578554500.0,1,-26.249759107038663,1.0,1.0,3.979921155363258e-12,1.437224453980285e-11,1.4372244539596289e-11
1963,"(1.0, 4.0, 6.0, 6.0, 7.0, 7.0, 11.0, 11.0)",34789277250.0,1,-25.87898457731448,1.0,1.0,5.766334088246391e-12,2.87444890796057e-11,2.8744489078779453e-11
1964,"(1.0, 4.0, 6.0, 6.0, 7.0, 8.0, 8.0, 11.0)",61847604000.000015,2,-25.493220983840423,2.0,2.0,8.480760539873942e-12,3.2337550214556404e-11,3.2337550213510686e-11
1965,"(1.0, 4.0, 6.0, 6.0, 7.0, 8.0, 8.0, 13.0)",54116653500.00002,1,-25.488462341028548,1.0,1.0,8.52121362460946e-12,1.8478600122603657e-11,1.84786001222622e-11
1966,"(1.0, 4.0, 6.0, 6.0, 7.0, 8.0, 8.0, 14.0)",54116653500.00002,1,-25.398119574652284,2.0,4.0,9.326889210182657e-12,3.6957200245207314e-11,7.39144004890488e-11
1967,"(1.0, 4.0, 6.0, 6.0, 7.0, 8.0, 9.0, 9.0)",61847604000.000015,1,-26.499420934049112,1.0,1.0,3.100614079017266e-12,1.6168775107278202e-11,1.6168775107016774e-11
1968,"(1.0, 4.0, 6.0, 6.0, 7.0, 8.0, 9.0, 12.0)",108233307000.00005,1,-26.246714881308407,1.0,1.0,3.992055394058657e-12,9.239300061301829e-12,9.239300061216464e-12
1969,"(1.0, 4.0, 6.0, 6.0, 7.0, 8.0, 11.0, 12.0)",108233307000.00005,1,-25.87594035158421,1.0,1.0,5.783914857184548e-12,9.239300061301829e-12,9.239300061216464e-12
1970,"(1.0, 4.0, 6.0, 6.0, 7.0, 8.0, 11.0, 13.0)",108233307000.00005,2,-25.75311323178886,3.0,5.0,6.539808502909263e-12,2.7717900183905484e-11,4.619650030574086e-11
1971,"(1.0, 4.0, 6.0, 6.0, 7.0, 8.0, 11.0, 14.0)",108233307000.00005,4,-25.662770465412592,4.0,4.0,7.15814343467313e-12,3.6957200245207314e-11,3.695720024384148e-11
1972,"(1.0, 4.0, 6.0, 6.0, 7.0, 8.0, 12.0, 13.0)",86586645600.00003,1,-25.87118170877234,1.0,1.0,5.811504033499604e-12,1.1549125076627285e-11,1.1549125076493902e-11
1973,"(1.0, 4.0, 6.0, 6.0, 7.0, 8.0, 13.0, 14.0)",86586645600.00003,1,-25.65801182260072,1.0,1.0,7.1922876581245685e-12,1.1549125076627285e-11,1.1549125076493902e-11
1974,"(1.0, 4.0, 6.0, 6.0, 7.0, 9.0, 9.0, 11.0)",61847604000.000015,1,-26.76407182480942,1.0,1.0,2.3796401793795783e-12,1.6168775107278202e-11,1.6168775107016774e-11
1975,"(1.0, 4.0, 6.0, 6.0, 7.0, 11.0, 11.0, 14.0)",54116653500.00002,1,-25.927421356172903,1.0,1.0,5.493687796292627e-12,1.8478600122603657e-11,1.84786001222622e-11
1976,"(1.0, 4.0, 6.0, 6.0, 7.0, 11.0, 12.0, 12.0)",43293322800.000015,1,-26.258659719328005,1.0,1.0,3.9446546000056085e-12,2.309825015325457e-11,2.3098250152721042e-11
1977,"(1.0, 4.0, 6.0, 6.0, 7.0, 11.0, 12.0, 14.0)",86586645600.00003,1,-26.045489833156385,1.0,1.0,4.881884350702237e-12,1.1549125076627285e-11,1.1549125076493902e-11
1978,"(1.0, 4.0, 6.0, 6.0, 8.0, 8.0, 9.0, 9.0)",25401694500.000008,1,-26.378308231335367,2.0,4.0,3.499824710731967e-12,7.873490487022428e-11,1.574698097342494e-10
1979,"(1.0, 4.0, 6.0, 6.0, 8.0, 8.0, 9.0, 12.0)",46385703000.00001,1,-26.12560217859466,1.0,1.0,4.506040983715576e-12,2.155836680970427e-11,2.155836680923951e-11
1980,"(1.0, 4.0, 6.0, 6.0, 8.0, 9.0, 9.0, 11.0)",50803389000.000015,3,-26.64295912209568,3.0,3.0,2.686023894041956e-12,5.905117865266821e-11,5.905117864918117e-11
1981,"(1.0, 4.0, 6.0, 6.0, 8.0, 9.0, 11.0, 13.0)",92771406000.00002,1,-26.267425949559613,1.0,1.0,3.910225974702939e-12,1.0779183404852136e-11,1.0779183404735944e-11
1982,"(1.0, 4.0, 6.0, 6.0, 8.0, 9.0, 12.0, 13.0)",77309505000.00003,2,-26.385494426543094,2.0,2.0,3.4747644390156156e-12,2.587004017164512e-11,2.587004017097586e-11
1983,"(1.0, 4.0, 6.0, 6.0, 8.0, 9.0, 13.0, 13.0)",38654752500.000015,1,-26.262667306747737,1.0,1.0,3.928877686650938e-12,2.587004017164512e-11,2.587004017097586e-11
1984,"(1.0, 4.0, 6.0, 6.0, 8.0, 11.0, 11.0, 13.0)",46385703000.00001,1,-25.896651419835425,1.0,1.0,5.665355782310247e-12,2.155836680970427e-11,2.155836680923951e-11
1985,"(1.0, 4.0, 6.0, 6.0, 8.0, 13.0, 14.0, 14.0)",29377611900.00001,1,-25.706448601459147,1.0,1.0,6.8522188153133844e-12,3.4039526541638315e-11,3.403952654047963e-11
1986,"(1.0, 4.0, 6.0, 6.0, 9.0, 11.0, 11.0, 14.0)",46385703000.00001,1,-26.441734073943657,2.0,4.0,3.284738491718192e-12,4.311673361940854e-11,8.623346723695804e-11
1987,"(1.0, 4.0, 6.0, 6.0, 11.0, 11.0, 12.0, 12.0)",19327376250.000008,1,-26.40219790737457,1.0,1.0,3.4172058306320346e-12,5.174008034329024e-11,5.17400803406132e-11
1988,"(1.0, 4.0, 6.0, 7.0, 7.0, 7.0, 7.0, 9.0)",12060282780.000006,1,-25.88696748591482,1.0,1.0,5.720485217416866e-12,8.291679542193948e-11,8.291679541506429e-11
1989,"(1.0, 4.0, 6.0, 7.0, 7.0, 7.0, 8.0, 11.0)",46385703000.0,1,-25.395080253476884,1.0,1.0,9.355279744180629e-12,2.1558366809704275e-11,2.1558366809239512e-11
1990,"(1.0, 4.0, 6.0, 7.0, 7.0, 7.0, 8.0, 13.0)",38963990520.00001,1,-25.39032161066501,1.0,1.0,9.399904270770721e-12,2.5664722392505085e-11,2.5664722391846407e-11
1991,"(1.0, 4.0, 6.0, 7.0, 7.0, 7.0, 12.0, 13.0)",29972300400.0,1,-25.7730409784088,2.0,4.0,6.410774801646622e-12,6.672827822051323e-11,1.334565564365738e-10
1992,"(1.0, 4.0, 6.0, 7.0, 7.0, 8.0, 8.0, 11.0)",61847604000.000015,3,-25.273967550763142,3.0,3.0,1.0559791831581616e-11,4.8506325321834606e-11,4.850632531948174e-11
1993,"(1.0, 4.0, 6.0, 7.0, 7.0, 8.0, 8.0, 12.0)",54116653500.00002,1,-25.392036027746624,1.0,1.0,9.383802720653485e-12,1.8478600122603657e-11,1.84786001222622e-11
1994,"(1.0, 4.0, 6.0, 7.0, 7.0, 8.0, 8.0, 13.0)",54116653500.00002,2,-25.269208907951267,2.0,2.0,1.0610161860512859e-11,3.6957200245207314e-11,3.695720024384148e-11
1995,"(1.0, 4.0, 6.0, 7.0, 7.0, 8.0, 9.0, 9.0)",61847604000.000015,1,-26.28016750097183,1.0,1.0,3.860719692597305e-12,1.6168775107278202e-11,1.6168775107016774e-11
1996,"(1.0, 4.0, 6.0, 7.0, 7.0, 8.0, 9.0, 12.0)",108233307000.00005,2,-26.02746144823112,2.0,2.0,4.970694991705169e-12,1.8478600122603657e-11,1.84786001222622e-11
1997,"(1.0, 4.0, 6.0, 7.0, 7.0, 8.0, 9.0, 14.0)",108233307000.00005,2,-25.814291562059505,2.0,2.0,6.15170668987971e-12,1.8478600122603657e-11,1.84786001222622e-11
1998,"(1.0, 4.0, 6.0, 7.0, 7.0, 8.0, 11.0, 12.0)",108233307000.00005,1,-25.65668691850693,1.0,1.0,7.201823064841372e-12,9.239300061301829e-12,9.239300061216464e-12
1999,"(1.0, 4.0, 6.0, 7.0, 7.0, 8.0, 11.0, 13.0)",108233307000.00005,2,-25.53385979871157,2.0,2.0,8.143021617511231e-12,1.8478600122603657e-11,1.84786001222622e-11
2000,"(1.0, 4.0, 6.0, 7.0, 7.0, 8.0, 11.0, 14.0)",108233307000.00005,1,-25.443517032335315,1.0,1.0,8.912939377943355e-12,9.239300061301829e-12,9.239300061216464e-12
2001,"(1.0, 4.0, 6.0, 7.0, 7.0, 8.0, 12.0, 12.0)",43293322800.000015,1,-25.774755395490416,1.0,1.0,6.399793475796315e-12,2.309825015325457e-11,2.3098250152721042e-11
2002,"(1.0, 4.0, 6.0, 7.0, 7.0, 8.0, 13.0, 13.0)",43293322800.000015,1,-25.529101155899703,1.0,1.0,8.18186369328345e-12,2.309825015325457e-11,2.3098250152721042e-11
2003,"(1.0, 4.0, 6.0, 7.0, 7.0, 9.0, 9.0, 11.0)",61847604000.000015,1,-26.54481839173214,1.0,1.0,2.963001349957865e-12,1.6168775107278202e-11,1.6168775107016774e-11
2004,"(1.0, 4.0, 6.0, 7.0, 7.0, 9.0, 9.0, 13.0)",54116653500.00002,2,-26.540059748920264,2.0,2.0,2.9771348164220743e-12,3.6957200245207314e-11,3.695720024384148e-11
2005,"(1.0, 4.0, 6.0, 7.0, 7.0, 9.0, 9.0, 14.0)",54116653500.00002,1,-26.449716982544004,1.0,1.0,3.258621109597953e-12,1.8478600122603657e-11,1.84786001222622e-11
2006,"(1.0, 4.0, 6.0, 7.0, 7.0, 9.0, 11.0, 12.0)",108233307000.00005,1,-26.29211233899143,1.0,1.0,3.814878349985248e-12,9.239300061301829e-12,9.239300061216464e-12
2007,"(1.0, 4.0, 6.0, 7.0, 7.0, 9.0, 11.0, 14.0)",108233307000.00005,2,-26.078942452819813,2.0,2.0,4.721273927658763e-12,1.8478600122603657e-11,1.84786001222622e-11
2008,"(1.0, 4.0, 6.0, 7.0, 7.0, 9.0, 13.0, 14.0)",86586645600.00003,1,-26.074183810007938,1.0,1.0,4.743794324662922e-12,1.1549125076627285e-11,1.1549125076493902e-11
2009,"(1.0, 4.0, 6.0, 7.0, 7.0, 12.0, 13.0, 13.0)",31637428200.000004,1,-25.91182052364349,2.0,4.0,5.580065933065978e-12,6.321626357732831e-11,1.2643252715066034e-10
2010,"(1.0, 4.0, 6.0, 7.0, 8.0, 8.0, 8.0, 14.0)",30923802000.000004,1,-25.057753438861265,1.0,1.0,1.3108589168432557e-11,3.233755021455641e-11,3.233755021351069e-11
2011,"(1.0, 4.0, 6.0, 7.0, 8.0, 8.0, 9.0, 9.0)",50803389000.000015,1,-26.15905479825809,1.0,1.0,4.357795532439844e-12,1.968372621755607e-11,1.968372621716862e-11
2012,"(1.0, 4.0, 6.0, 7.0, 8.0, 8.0, 9.0, 11.0)",101606778000.00005,1,-25.788280268533896,1.0,1.0,6.313819783704339e-12,9.841863108778034e-12,9.841863108681171e-12
2013,"(1.0, 4.0, 6.0, 7.0, 8.0, 8.0, 11.0, 11.0)",50803389000.000015,2,-25.41750573880971,2.0,2.0,9.147817965377734e-12,3.936745243511214e-11,3.936745243356235e-11
2014,"(1.0, 4.0, 6.0, 7.0, 8.0, 8.0, 11.0, 12.0)",92771406000.00002,1,-25.53557421579319,1.0,1.0,8.12907304240839e-12,1.0779183404852136e-11,1.0779183404735944e-11
2015,"(1.0, 4.0, 6.0, 7.0, 8.0, 8.0, 11.0, 14.0)",92771406000.00002,1,-25.32240432962157,1.0,1.0,1.0060499206037584e-11,1.0779183404852136e-11,1.0779183404735944e-11
2016,"(1.0, 4.0, 6.0, 7.0, 8.0, 8.0, 12.0, 12.0)",38654752500.000015,1,-25.65364269277667,1.0,1.0,7.223780444573168e-12,2.587004017164512e-11,2.587004017097586e-11
2017,"(1.0, 4.0, 6.0, 7.0, 8.0, 8.0, 13.0, 13.0)",38654752500.000015,1,-25.40798845318596,1.0,1.0,9.235295978101817e-12,2.587004017164512e-11,2.587004017097586e-11
2018,"(1.0, 4.0, 6.0, 7.0, 8.0, 8.0, 13.0, 14.0)",77309505000.00003,1,-25.31764568680969,1.0,1.0,1.0108487617566273e-11,1.293502008582256e-11,1.2935020085655244e-11
2019,"(1.0, 4.0, 6.0, 7.0, 8.0, 8.0, 14.0, 14.0)",38654752500.000015,1,-25.22730292043343,1.0,1.0,1.1064238997513055e-11,2.587004017164512e-11,2.587004017097586e-11
2020,"(1.0, 4.0, 6.0, 7.0, 8.0, 9.0, 9.0, 11.0)",101606778000.00005,1,-26.4237056890184,1.0,1.0,3.344494051256255e-12,9.841863108778034e-12,9.841863108681171e-12
2021,"(1.0, 4.0, 6.0, 7.0, 8.0, 9.0, 9.0, 12.0)",92771406000.00002,1,-26.54177416600188,1.0,1.0,2.9720351383751982e-12,1.0779183404852136e-11,1.0779183404735944e-11
2022,"(1.0, 4.0, 6.0, 7.0, 8.0, 9.0, 11.0, 13.0)",185542812000.00003,1,-26.04817251648233,1.0,1.0,4.8688053522048995e-12,5.389591702426068e-12,5.3895917023970204e-12
2023,"(1.0, 4.0, 6.0, 7.0, 8.0, 9.0, 12.0, 12.0)",77309505000.00003,1,-26.28906811326117,1.0,1.0,3.826509395597874e-12,1.293502008582256e-11,1.2935020085655244e-11
2024,"(1.0, 4.0, 6.0, 7.0, 8.0, 9.0, 12.0, 14.0)",154619010000.00006,1,-26.075898227089557,1.0,1.0,4.735668450200339e-12,6.46751004291128e-12,6.467510042869451e-12
2025,"(1.0, 4.0, 6.0, 7.0, 8.0, 11.0, 11.0, 12.0)",92771406000.00002,1,-25.800225106553498,1.0,1.0,6.238850866263732e-12,1.0779183404852136e-11,1.0779183404735944e-11
2026,"(1.0, 4.0, 6.0, 7.0, 8.0, 11.0, 11.0, 14.0)",92771406000.00002,2,-25.58705522038188,2.0,2.0,7.721169911894082e-12,2.155836680970427e-11,2.155836680923951e-11
2027,"(1.0, 4.0, 6.0, 7.0, 8.0, 11.0, 12.0, 13.0)",154619010000.00006,2,-25.795466463741626,2.0,2.0,6.268610079668994e-12,1.293502008582256e-11,1.2935020085655244e-11
2028,"(1.0, 4.0, 6.0, 7.0, 8.0, 11.0, 12.0, 14.0)",154619010000.00006,1,-25.70512369736536,1.0,1.0,6.861303364822849e-12,6.46751004291128e-12,6.467510042869451e-12
2029,"(1.0, 4.0, 6.0, 7.0, 8.0, 12.0, 14.0, 14.0)",58755223800.00003,1,-25.610022288177223,1.0,1.0,7.545858183387311e-12,1.7019763270819154e-11,1.7019763270529483e-11
2030,"(1.0, 4.0, 6.0, 7.0, 9.0, 9.0, 11.0, 13.0)",92771406000.00002,1,-26.68359793696683,1.0,1.0,2.579055325462635e-12,1.0779183404852136e-11,1.0779183404735944e-11
2031,"(1.0, 4.0, 6.0, 7.0, 9.0, 11.0, 11.0, 11.0)",33868926000.00001,1,-26.317582050054515,1.0,1.0,3.718941429673977e-12,2.9525589326334106e-11,2.952558932546235e-11
2032,"(1.0, 4.0, 6.0, 7.0, 9.0, 11.0, 12.0, 13.0)",154619010000.00006,1,-26.43089188422612,1.0,1.0,3.3205460148242848e-12,6.46751004291128e-12,6.467510042869451e-12
2033,"(1.0, 4.0, 6.0, 7.0, 9.0, 11.0, 13.0, 14.0)",154619010000.00006,2,-26.2177219980545,3.0,5.0,4.109490758844717e-12,1.940253012873384e-11,3.233755021417994e-11
2034,"(1.0, 4.0, 6.0, 7.0, 9.0, 11.0, 14.0, 14.0)",77309505000.00003,1,-26.12737923167824,1.0,1.0,4.4980406203313155e-12,1.293502008582256e-11,1.2935020085655244e-11
2035,"(1.0, 4.0, 6.0, 7.0, 9.0, 12.0, 13.0, 13.0)",58755223800.00003,1,-26.42613324141425,1.0,1.0,3.3363849633094124e-12,1.7019763270819154e-11,1.7019763270529483e-11
2036,"(1.0, 4.0, 6.0, 7.0, 11.0, 11.0, 11.0, 12.0)",30923802000.000004,1,-26.06487599731381,1.0,1.0,4.788154802942679e-12,3.233755021455641e-11,3.233755021351069e-11
2037,"(1.0, 4.0, 6.0, 7.0, 11.0, 11.0, 11.0, 14.0)",30923802000.000004,1,-25.85170611114219,1.0,1.0,5.9257958862082316e-12,3.233755021455641e-11,3.233755021351069e-11
2038,"(1.0, 4.0, 6.0, 7.0, 11.0, 12.0, 13.0, 14.0)",117510447600.00006,1,-25.965015945313795,1.0,1.0,5.290988924322981e-12,8.509881635409577e-12,8.509881635337158e-12
2039,"(1.0, 4.0, 6.0, 8.0, 8.0, 8.0, 8.0, 12.0)",6131443500.000003,2,-25.149810622319137,2.0,2.0,1.1955727994382562e-11,3.2618746303378627e-10,3.26187462927388e-10
2040,"(1.0, 4.0, 6.0, 8.0, 8.0, 8.0, 9.0, 9.0)",12846834000.000006,1,-26.037942095544345,1.0,1.0,4.918870939779863e-12,7.784019004215354e-11,7.784019003609445e-11
2041,"(1.0, 4.0, 6.0, 8.0, 8.0, 8.0, 11.0, 12.0)",24525774000.00001,1,-25.414461513079445,1.0,1.0,9.175708419082986e-12,4.0773432879223284e-11,4.077343287756081e-11
2042,"(1.0, 4.0, 6.0, 8.0, 8.0, 8.0, 11.0, 14.0)",24525774000.00001,2,-25.201291626907825,2.0,2.0,1.1355809793248892e-11,8.154686575844657e-11,8.154686575179668e-11
2043,"(1.0, 4.0, 6.0, 8.0, 8.0, 9.0, 11.0, 11.0)",38540502000.000015,1,-25.931818456580466,1.0,1.0,5.469584530519759e-12,2.5946730014051182e-11,2.594673001337795e-11
2044,"(1.0, 4.0, 6.0, 8.0, 8.0, 9.0, 11.0, 13.0)",73577322000.00003,2,-25.927059813768587,2.0,2.0,5.495674356478299e-12,2.7182288586148857e-11,2.718228858540998e-11
2045,"(1.0, 4.0, 6.0, 8.0, 8.0, 9.0, 11.0, 14.0)",73577322000.00003,2,-25.836717047392327,2.0,2.0,6.015287037292648e-12,2.7182288586148857e-11,2.718228858540998e-11
2046,"(1.0, 4.0, 6.0, 8.0, 8.0, 9.0, 12.0, 14.0)",63980280000.00002,2,-25.954785524375808,2.0,2.0,5.345395796273384e-12,3.1259631874071185e-11,3.125963187309402e-11
2047,"(1.0, 4.0, 6.0, 8.0, 8.0, 11.0, 11.0, 12.0)",36788661000.000015,1,-25.67911240383976,1.0,1.0,7.042116133086036e-12,2.7182288586148857e-11,2.718228858540998e-11
2048,"(1.0, 4.0, 6.0, 8.0, 8.0, 11.0, 11.0, 14.0)",36788661000.000015,2,-25.465942517668136,2.0,2.0,8.715286896320835e-12,5.4364577172297714e-11,5.4364577169342204e-11
2049,"(1.0, 4.0, 6.0, 8.0, 8.0, 11.0, 12.0, 13.0)",63980280000.00002,1,-25.67435376102788,1.0,1.0,7.0757069082659155e-12,1.5629815937035592e-11,1.5629815936791303e-11
2050,"(1.0, 4.0, 6.0, 8.0, 8.0, 11.0, 13.0, 13.0)",31990140000.00001,1,-25.551526641232524,1.0,1.0,8.000423475337321e-12,3.1259631874071185e-11,3.125963187309402e-11
2051,"(1.0, 4.0, 6.0, 8.0, 9.0, 9.0, 9.0, 13.0)",24525774000.00001,1,-26.93325976397728,1.0,1.0,2.0092496661442096e-12,4.0773432879223284e-11,4.077343287756081e-11
2052,"(1.0, 4.0, 6.0, 8.0, 9.0, 9.0, 11.0, 12.0)",73577322000.00003,1,-26.685312354048445,1.0,1.0,2.5746375370063002e-12,1.3591144293074429e-11,1.3591144292889709e-11
2053,"(1.0, 4.0, 6.0, 8.0, 9.0, 9.0, 11.0, 13.0)",73577322000.00003,1,-26.56248523425309,1.0,1.0,2.9111141626692934e-12,1.3591144293074429e-11,1.3591144292889709e-11
2054,"(1.0, 4.0, 6.0, 8.0, 9.0, 9.0, 13.0, 13.0)",31990140000.00001,1,-26.557726591441213,1.0,1.0,2.9250001281252853e-12,3.1259631874071185e-11,3.125963187309402e-11
2055,"(1.0, 4.0, 6.0, 8.0, 9.0, 11.0, 11.0, 11.0)",25693668000.00001,1,-26.196469347340773,1.0,1.0,4.19776301779004e-12,3.892009502107677e-11,3.8920095019562e-11
2056,"(1.0, 4.0, 6.0, 8.0, 9.0, 11.0, 12.0, 12.0)",63980280000.00002,1,-26.432606301307736,1.0,1.0,3.314858091146111e-12,1.5629815937035592e-11,1.5629815936791303e-11
2057,"(1.0, 4.0, 6.0, 8.0, 9.0, 11.0, 12.0, 14.0)",127960560000.00005,1,-26.21943641513612,2.0,4.0,4.102451413602048e-12,1.5629815937035592e-11,3.1259631873826895e-11
2058,"(1.0, 4.0, 6.0, 8.0, 11.0, 11.0, 11.0, 14.0)",24525774000.00001,1,-25.730593408428444,2.0,4.0,6.688754661102057e-12,8.154686575844657e-11,1.6309373151024325e-10
2059,"(1.0, 4.0, 6.0, 8.0, 11.0, 11.0, 12.0, 13.0)",63980280000.00002,1,-25.93900465178819,1.0,1.0,5.430419919192227e-12,1.5629815937035592e-11,1.5629815936791303e-11
2060,"(1.0, 4.0, 6.0, 8.0, 11.0, 12.0, 12.0, 14.0)",50651055000.000015,1,-25.96673036239541,1.0,1.0,5.2819257337967074e-12,1.9742925394150224e-11,1.974292539376044e-11
2061,"(1.0, 4.0, 6.0, 8.0, 11.0, 13.0, 13.0, 14.0)",50651055000.000015,1,-25.721076122804693,1.0,1.0,6.752717342428567e-12,1.9742925394150224e-11,1.974292539376044e-11
2062,"(1.0, 4.0, 6.0, 8.0, 12.0, 13.0, 14.0, 14.0)",36468759600.000015,1,-25.748801833411918,1.0,1.0,6.568065091609736e-12,2.742072971409753e-11,2.7420729713345634e-11
2063,"(1.0, 4.0, 7.0, 7.0, 7.0, 7.0, 8.0, 11.0)",11596425750.0,1,-25.175826820399603,1.0,1.0,1.1648696618691224e-11,8.62334672388171e-11,8.623346723138089e-11
2064,"(1.0, 4.0, 7.0, 7.0, 7.0, 7.0, 9.0, 13.0)",9740997630.000002,1,-25.806493598072223,1.0,1.0,6.199865001462482e-12,1.0265888957002034e-10,1.0265888955948149e-10
2065,"(1.0, 4.0, 7.0, 7.0, 7.0, 7.0, 11.0, 11.0)",5798212875.0,1,-25.440477711159915,1.0,1.0,8.940069871586949e-12,1.724669344776342e-10,1.7246693444788935e-10
2066,"(1.0, 4.0, 7.0, 7.0, 7.0, 7.0, 11.0, 12.0)",9740997630.000002,1,-25.5585461881434,1.0,1.0,7.944460773642399e-12,1.0265888957002034e-10,1.0265888955948149e-10
2067,"(1.0, 4.0, 7.0, 7.0, 7.0, 7.0, 12.0, 14.0)",7493075099.999999,1,-25.463444778955257,1.0,1.0,8.737082614468713e-12,1.334565564410265e-10,1.3345655642321584e-10
2068,"(1.0, 4.0, 7.0, 7.0, 7.0, 8.0, 8.0, 8.0)",6871956000.000002,1,-24.79006322692555,1.0,1.0,1.7132168395536428e-11,1.455189759655038e-10,1.4551897594432804e-10
2069,"(1.0, 4.0, 7.0, 7.0, 7.0, 8.0, 8.0, 11.0)",20615868000.000004,2,-25.05471411768586,2.0,2.0,1.3148490987577782e-11,9.701265064366921e-11,9.701265063425776e-11
2070,"(1.0, 4.0, 7.0, 7.0, 7.0, 8.0, 8.0, 12.0)",18038884500.000008,1,-25.172782594669343,1.0,1.0,1.1684211911518363e-11,5.543580036781097e-11,5.543580036473784e-11
2071,"(1.0, 4.0, 7.0, 7.0, 7.0, 8.0, 9.0, 12.0)",36077769000.000015,2,-25.80820801515384,2.0,2.0,6.189244953197547e-12,5.543580036781097e-11,5.543580036473784e-11
2072,"(1.0, 4.0, 7.0, 7.0, 7.0, 8.0, 9.0, 13.0)",36077769000.000015,1,-25.685380895358485,1.0,1.0,6.998110755595164e-12,2.7717900183905484e-11,2.77179001831372e-11
2073,"(1.0, 4.0, 7.0, 7.0, 7.0, 8.0, 11.0, 12.0)",36077769000.000015,2,-25.43743348542965,2.0,2.0,8.967326929589077e-12,5.543580036781097e-11,5.543580036473784e-11
2074,"(1.0, 4.0, 7.0, 7.0, 7.0, 8.0, 11.0, 13.0)",36077769000.000015,1,-25.31460636563429,1.0,1.0,1.0139257293811734e-11,2.7717900183905484e-11,2.77179001831372e-11
2075,"(1.0, 4.0, 7.0, 7.0, 7.0, 8.0, 14.0, 14.0)",14431107600.000006,1,-25.12916219006989,1.0,1.0,1.220516137574447e-11,6.929475045976371e-11,6.929475045496195e-11
2076,"(1.0, 4.0, 7.0, 7.0, 7.0, 9.0, 11.0, 11.0)",20615868000.000004,1,-25.954790428930668,2.0,4.0,5.3453695795507435e-12,9.701265064366921e-11,1.9402530127792697e-10
2077,"(1.0, 4.0, 7.0, 7.0, 7.0, 9.0, 11.0, 12.0)",36077769000.000015,1,-26.07285890591415,1.0,1.0,4.750083562582297e-12,2.7717900183905484e-11,2.77179001831372e-11
2078,"(1.0, 4.0, 7.0, 7.0, 7.0, 9.0, 12.0, 13.0)",28862215200.00001,1,-26.068100263102277,1.0,1.0,4.77274138105911e-12,3.4647375229881856e-11,3.4647375228681416e-11
2079,"(1.0, 4.0, 7.0, 7.0, 8.0, 8.0, 8.0, 9.0)",16934463000.000006,1,-25.304375944696307,1.0,1.0,1.0243518572968919e-11,5.905117865266821e-11,5.905117864918117e-11
2080,"(1.0, 4.0, 7.0, 7.0, 8.0, 8.0, 8.0, 12.0)",15461901000.000002,1,-25.0516698919556,1.0,1.0,1.3188578949600033e-11,6.467510042911282e-11,6.467510042492995e-11
2081,"(1.0, 4.0, 7.0, 7.0, 8.0, 8.0, 9.0, 11.0)",50803389000.000015,1,-25.56902683545661,1.0,1.0,7.861632487389008e-12,1.968372621755607e-11,1.968372621716862e-11
2082,"(1.0, 4.0, 7.0, 7.0, 8.0, 8.0, 9.0, 14.0)",46385703000.00001,1,-25.47392542626848,1.0,1.0,8.645990518928078e-12,2.155836680970427e-11,2.155836680923951e-11
2083,"(1.0, 4.0, 7.0, 7.0, 8.0, 8.0, 11.0, 13.0)",46385703000.00001,1,-25.193493662920552,1.0,1.0,1.1444708151682805e-11,2.155836680970427e-11,2.155836680923951e-11
2084,"(1.0, 4.0, 7.0, 7.0, 8.0, 8.0, 12.0, 12.0)",19327376250.000008,1,-25.434389259699387,1.0,1.0,8.994667090656572e-12,5.174008034329024e-11,5.17400803406132e-11
2085,"(1.0, 4.0, 7.0, 7.0, 8.0, 8.0, 13.0, 13.0)",19327376250.000008,1,-25.188735020108677,1.0,1.0,1.1499299216535602e-11,5.174008034329024e-11,5.17400803406132e-11
2086,"(1.0, 4.0, 7.0, 7.0, 8.0, 9.0, 9.0, 11.0)",50803389000.000015,1,-26.204452255941117,1.0,1.0,4.1643860591486745e-12,1.968372621755607e-11,1.968372621716862e-11
2087,"(1.0, 4.0, 7.0, 7.0, 8.0, 9.0, 9.0, 14.0)",46385703000.00001,1,-26.10935084675297,1.0,1.0,4.579868423296675e-12,2.155836680970427e-11,2.155836680923951e-11
2088,"(1.0, 4.0, 7.0, 7.0, 8.0, 9.0, 11.0, 12.0)",92771406000.00002,2,-25.951746203200408,2.0,2.0,5.361666884914711e-12,2.155836680970427e-11,2.155836680923951e-11
2089,"(1.0, 4.0, 7.0, 7.0, 8.0, 9.0, 13.0, 14.0)",77309505000.00003,1,-25.733817674216912,1.0,1.0,6.667223068722486e-12,1.293502008582256e-11,1.2935020085655244e-11
2090,"(1.0, 4.0, 7.0, 7.0, 8.0, 11.0, 11.0, 11.0)",16934463000.000006,1,-25.462903196492736,1.0,1.0,8.741815746761337e-12,5.905117865266821e-11,5.905117864918117e-11
2091,"(1.0, 4.0, 7.0, 7.0, 8.0, 11.0, 11.0, 14.0)",46385703000.00001,1,-25.3678017873046,1.0,1.0,9.613989993294258e-12,2.155836680970427e-11,2.155836680923951e-11
2092,"(1.0, 4.0, 7.0, 7.0, 8.0, 11.0, 12.0, 13.0)",77309505000.00003,1,-25.57621303066434,1.0,1.0,7.805339769166855e-12,1.293502008582256e-11,1.2935020085655244e-11
2093,"(1.0, 4.0, 7.0, 7.0, 8.0, 12.0, 12.0, 13.0)",29377611900.00001,1,-25.694281507647823,1.0,1.0,6.936099662730051e-12,3.4039526541638315e-11,3.403952654047963e-11
2094,"(1.0, 4.0, 7.0, 7.0, 9.0, 9.0, 11.0, 14.0)",46385703000.00001,1,-26.37400173751329,1.0,1.0,3.5149291845448534e-12,2.155836680970427e-11,2.155836680923951e-11
2095,"(1.0, 4.0, 7.0, 7.0, 9.0, 11.0, 11.0, 13.0)",46385703000.00001,2,-26.09356997416536,2.0,2.0,4.6527160309604144e-12,4.311673361940854e-11,4.311673361754949e-11
2096,"(1.0, 4.0, 7.0, 7.0, 9.0, 11.0, 14.0, 14.0)",38654752500.000015,1,-25.90812579860096,1.0,1.0,5.600720876078756e-12,2.587004017164512e-11,2.587004017097586e-11
2097,"(1.0, 4.0, 7.0, 8.0, 8.0, 8.0, 8.0, 13.0)",6131443500.000003,1,-24.8077300694465,1.0,1.0,1.6832155022200915e-11,1.6309373151689314e-10,1.6309373149029357e-10
2098,"(1.0, 4.0, 7.0, 8.0, 8.0, 8.0, 11.0, 13.0)",24525774000.00001,1,-25.072380960206807,1.0,1.0,1.2918238573266831e-11,4.0773432879223284e-11,4.077343287756081e-11
2099,"(1.0, 4.0, 7.0, 8.0, 8.0, 9.0, 9.0, 14.0)",36788661000.000015,1,-25.988238144039236,1.0,1.0,5.169536185823829e-12,2.7182288586148857e-11,2.718228858540998e-11
2100,"(1.0, 4.0, 7.0, 8.0, 8.0, 9.0, 11.0, 12.0)",73577322000.00003,1,-25.830633500486663,3.0,9.0,6.051992855713695e-12,4.0773432879223284e-11,1.2232029863600739e-10
2101,"(1.0, 4.0, 7.0, 8.0, 8.0, 9.0, 11.0, 13.0)",73577322000.00003,2,-25.707806380691306,2.0,2.0,6.842921328307506e-12,2.7182288586148857e-11,2.718228858540998e-11
2102,"(1.0, 4.0, 7.0, 8.0, 8.0, 11.0, 11.0, 12.0)",36788661000.000015,1,-25.459858970762472,2.0,4.0,8.7684683548814e-12,5.4364577172297714e-11,1.0872915434163992e-10
2103,"(1.0, 4.0, 7.0, 8.0, 8.0, 11.0, 13.0, 14.0)",63980280000.00002,2,-25.241930441778976,2.0,2.0,1.090357453155323e-11,3.1259631874071185e-11,3.125963187309402e-11
2104,"(1.0, 4.0, 7.0, 8.0, 8.0, 12.0, 13.0, 13.0)",25325527500.000008,2,-25.450341685138724,2.0,2.0,8.85231875387514e-12,7.89717015766009e-11,7.897170157036437e-11
2105,"(1.0, 4.0, 7.0, 8.0, 8.0, 13.0, 13.0, 14.0)",25325527500.000008,1,-25.237171798967104,1.0,1.0,1.0955584398164931e-11,3.948585078830045e-11,3.9485850786741316e-11
2106,"(1.0, 4.0, 7.0, 8.0, 9.0, 9.0, 11.0, 13.0)",73577322000.00003,1,-26.343231801175804,1.0,1.0,3.624764478518551e-12,1.3591144293074429e-11,1.3591144292889709e-11
2107,"(1.0, 4.0, 7.0, 8.0, 9.0, 9.0, 11.0, 14.0)",73577322000.00003,2,-26.252889034799544,3.0,5.0,3.9674837638749355e-12,4.0773432879223284e-11,6.795572146370967e-11
2108,"(1.0, 4.0, 7.0, 8.0, 9.0, 9.0, 12.0, 14.0)",63980280000.00002,1,-26.370957511783025,1.0,1.0,3.5256457259178688e-12,1.5629815937035592e-11,1.5629815936791303e-11
2109,"(1.0, 4.0, 7.0, 8.0, 9.0, 9.0, 13.0, 13.0)",31990140000.00001,1,-26.33847315836393,1.0,1.0,3.64205454394445e-12,3.1259631874071185e-11,3.125963187309402e-11
2110,"(1.0, 4.0, 7.0, 8.0, 9.0, 11.0, 11.0, 12.0)",73577322000.00003,1,-26.09528439124697,1.0,1.0,4.644746168906971e-12,1.3591144293074429e-11,1.3591144292889709e-11
2111,"(1.0, 4.0, 7.0, 8.0, 9.0, 11.0, 11.0, 13.0)",73577322000.00003,1,-25.972457271451614,1.0,1.0,5.251763077311158e-12,1.3591144293074429e-11,1.3591144292889709e-11
2112,"(1.0, 4.0, 7.0, 8.0, 11.0, 11.0, 11.0, 13.0)",24525774000.00001,1,-25.601682741727423,1.0,1.0,7.609050348970861e-12,4.0773432879223284e-11,4.077343287756081e-11
2113,"(1.0, 4.0, 7.0, 8.0, 11.0, 11.0, 12.0, 12.0)",31990140000.00001,1,-25.842578338506264,1.0,1.0,5.980132814044124e-12,3.1259631874071185e-11,3.125963187309402e-11
2114,"(1.0, 4.0, 7.0, 8.0, 11.0, 11.0, 14.0, 14.0)",31990140000.00001,1,-25.416238566163024,1.0,1.0,9.159417177630461e-12,3.1259631874071185e-11,3.125963187309402e-11
2115,"(1.0, 4.0, 7.0, 8.0, 11.0, 12.0, 13.0, 14.0)",101302110000.00005,1,-25.62464980952277,1.0,1.0,7.436284332396294e-12,9.87146269707511e-12,9.871462696977665e-12
2116,"(1.0, 4.0, 7.0, 8.0, 12.0, 12.0, 12.0, 14.0)",12156253200.000006,1,-25.865545406301607,2.0,4.0,5.8443519113709224e-12,1.6452437828458518e-10,3.2904875654210206e-10
2117,"(1.0, 4.0, 7.0, 9.0, 11.0, 11.0, 13.0, 14.0)",63980280000.00002,1,-26.142006753023782,1.0,1.0,4.4327243076329555e-12,1.5629815937035592e-11,1.5629815936791303e-11
2118,"(1.0, 4.0, 7.0, 9.0, 11.0, 12.0, 13.0, 14.0)",101302110000.00005,2,-26.260075230007267,2.0,2.0,3.9390748493233045e-12,1.974292539415022e-11,1.9742925393760438e-11
2119,"(1.0, 4.0, 8.0, 8.0, 8.0, 8.0, 11.0, 13.0)",4496391900.0,1,-24.951268257493066,2.0,4.0,1.4581489158489434e-11,4.448010859551633e-10,8.896021717124786e-10
2120,"(1.0, 4.0, 8.0, 8.0, 8.0, 9.0, 11.0, 12.0)",17985567600.0,1,-25.70952079777292,1.0,1.0,6.83119975779549e-12,5.5600135744395415e-11,5.560013574130404e-11
2121,"(1.0, 4.0, 8.0, 8.0, 8.0, 9.0, 12.0, 14.0)",16350516000.0,1,-25.614419388584786,1.0,1.0,7.512751128159073e-12,6.116014931883496e-11,6.11601493150944e-11
2122,"(1.0, 4.0, 8.0, 8.0, 8.0, 9.0, 14.0, 14.0)",8175258000.0,1,-25.40124950241316,1.0,1.0,9.297742358286156e-12,1.2232029863766992e-10,1.2232029862270767e-10
2123,"(1.0, 4.0, 8.0, 8.0, 8.0, 11.0, 14.0, 14.0)",8175258000.0,1,-25.03047497268897,1.0,1.0,1.3471093172805519e-11,1.2232029863766992e-10,1.2232029862270767e-10
2124,"(1.0, 4.0, 8.0, 8.0, 8.0, 13.0, 14.0, 14.0)",6753474000.0,1,-25.025716329877092,1.0,1.0,1.353535006003135e-11,1.4807194045612672e-10,1.4807194043420142e-10
2125,"(1.0, 4.0, 8.0, 8.0, 9.0, 9.0, 11.0, 11.0)",13489175700.0,2,-26.22687774127394,2.0,2.0,4.072037036663245e-12,1.482670286517211e-10,1.48267028629738e-10
2126,"(1.0, 4.0, 8.0, 8.0, 9.0, 11.0, 13.0, 14.0)",49051548000.0,1,-25.756243159549733,1.0,1.0,6.519371374776825e-12,2.0386716439611652e-11,2.0386716439196032e-11
2127,"(1.0, 4.0, 8.0, 8.0, 9.0, 14.0, 14.0, 14.0)",6753474000.0,1,-25.57079898398533,1.0,1.0,7.84771284442345e-12,1.4807194045612672e-10,1.4807194043420142e-10
2128,"(1.0, 4.0, 8.0, 8.0, 11.0, 11.0, 11.0, 12.0)",8992783800.0,1,-25.60339715880904,2.0,4.0,7.59601643904906e-12,2.2240054297758166e-10,4.4480108590570133e-10
2129,"(1.0, 4.0, 8.0, 9.0, 9.0, 11.0, 12.0, 12.0)",24525774000.0,1,-26.72766558600121,1.0,1.0,2.4678702455572236e-12,4.0773432879223303e-11,4.077343287756083e-11
2130,"(1.0, 4.0, 8.0, 9.0, 9.0, 12.0, 13.0, 14.0)",40520844000.0,1,-26.509737057017716,1.0,1.0,3.068792184401927e-12,2.467865674268779e-11,2.467865674207875e-11
2131,"(1.0, 4.0, 8.0, 9.0, 11.0, 11.0, 11.0, 12.0)",17985567600.0,1,-26.238822579293537,1.0,1.0,4.023686558050517e-12,5.5600135744395415e-11,5.560013574130404e-11
2132,"(1.0, 4.0, 8.0, 9.0, 11.0, 11.0, 12.0, 13.0)",49051548000.0,1,-26.23406393648166,1.0,1.0,4.042879475067415e-12,2.0386716439611652e-11,2.0386716439196032e-11
2133,"(1.0, 4.0, 8.0, 9.0, 12.0, 13.0, 14.0, 14.0)",30390633000.0,1,-26.043861118105387,1.0,1.0,4.8898420278566146e-12,3.290487565691705e-11,3.2904875655834324e-11
2134,"(1.0, 4.0, 8.0, 11.0, 11.0, 11.0, 13.0, 14.0)",16350516000.0,1,-25.650119520585854,1.0,1.0,7.249275953108966e-12,6.116014931883496e-11,6.11601493150944e-11
2135,"(1.0, 4.0, 8.0, 11.0, 11.0, 13.0, 14.0, 14.0)",20260422000.0,1,-25.555018111397715,1.0,1.0,7.972538942797883e-12,4.935731348537558e-11,4.9357313482939434e-11
2136,"(1.0, 4.0, 9.0, 11.0, 11.0, 12.0, 13.0, 14.0)",40520844000.0,2,-26.403613418053837,2.0,2.0,3.4123721611480035e-12,4.935731348537558e-11,4.9357313482939434e-11
2137,"(1.0, 4.0, 11.0, 11.0, 11.0, 11.0, 12.0, 13.0)",4087629000.0,1,-26.12794029751778,1.0,1.0,4.4955176312420605e-12,2.4464059727533983e-10,2.4464059721549083e-10
2138,"(1.0, 6.0, 6.0, 6.0, 6.0, 7.0, 11.0, 12.0)",9740997630.000002,1,-26.199626258273177,1.0,1.0,4.18453194946815e-12,1.0265888957002034e-10,1.0265888955948149e-10
2139,"(1.0, 6.0, 6.0, 6.0, 6.0, 7.0, 11.0, 14.0)",9740997630.000002,1,-25.98645637210156,1.0,1.0,5.17875533109869e-12,1.0265888957002034e-10,1.0265888955948149e-10
2140,"(1.0, 6.0, 6.0, 6.0, 7.0, 7.0, 7.0, 8.0)",8040188520.000004,1,-25.454115269405538,1.0,1.0,8.818976732130725e-12,1.243751931329092e-10,1.2437519311744003e-10
2141,"(1.0, 6.0, 6.0, 6.0, 7.0, 7.0, 8.0, 9.0)",23192851500.0,1,-25.96842798717629,1.0,1.0,5.272966612544995e-12,4.311673361940855e-11,4.31167336175495e-11
2142,"(1.0, 6.0, 6.0, 6.0, 7.0, 7.0, 9.0, 11.0)",23192851500.0,1,-26.2330788779366,1.0,1.0,4.04686391016972e-12,4.311673361940855e-11,4.31167336175495e-11
2143,"(1.0, 6.0, 6.0, 6.0, 7.0, 7.0, 9.0, 12.0)",19481995260.000004,1,-26.351147354920087,1.0,1.0,3.5961857180547252e-12,5.132944478501017e-11,5.132944478237546e-11
2144,"(1.0, 6.0, 6.0, 6.0, 7.0, 8.0, 8.0, 11.0)",20615868000.000004,2,-25.47654075473836,2.0,2.0,8.623407957054065e-12,9.701265064366921e-11,9.701265063425776e-11
2145,"(1.0, 6.0, 6.0, 6.0, 7.0, 8.0, 8.0, 14.0)",18038884500.000008,1,-25.381439345550223,1.0,1.0,9.483768613851942e-12,5.543580036781097e-11,5.543580036473784e-11
2146,"(1.0, 6.0, 6.0, 6.0, 7.0, 8.0, 11.0, 12.0)",36077769000.000015,1,-25.85926012248215,1.0,1.0,5.881201004068142e-12,2.7717900183905484e-11,2.77179001831372e-11
2147,"(1.0, 6.0, 6.0, 6.0, 7.0, 9.0, 11.0, 14.0)",36077769000.000015,1,-26.28151565679503,1.0,1.0,3.8555183477614566e-12,2.7717900183905484e-11,2.77179001831372e-11
2148,"(1.0, 6.0, 6.0, 6.0, 8.0, 8.0, 12.0, 14.0)",12884917500.000006,1,-25.64304601058027,1.0,1.0,7.300735564571791e-12,7.761012051493536e-11,7.761012050891202e-11
2149,"(1.0, 6.0, 6.0, 6.0, 8.0, 8.0, 13.0, 13.0)",6442458750.000003,1,-25.610561657161178,1.0,1.0,7.541789278944944e-12,1.5522024102987072e-10,1.552202410057774e-10
2150,"(1.0, 6.0, 6.0, 6.0, 8.0, 9.0, 11.0, 14.0)",30923802000.000004,2,-26.160402954081288,2.0,2.0,4.351924503436676e-12,6.467510042911282e-11,6.467510042492995e-11
2151,"(1.0, 6.0, 6.0, 6.0, 9.0, 9.0, 11.0, 13.0)",15461901000.000002,1,-26.886171140942047,1.0,1.0,2.1061254397801955e-12,6.467510042911282e-11,6.467510042492995e-11
2152,"(1.0, 6.0, 6.0, 7.0, 7.0, 7.0, 9.0, 11.0)",23192851500.0,1,-26.01382544485932,1.0,1.0,5.038939640048803e-12,4.311673361940855e-11,4.31167336175495e-11
2153,"(1.0, 6.0, 6.0, 7.0, 7.0, 7.0, 11.0, 14.0)",19481995260.000004,1,-25.547949505946992,1.0,1.0,8.029093319834984e-12,5.132944478501017e-11,5.132944478237546e-11
2154,"(1.0, 6.0, 6.0, 7.0, 7.0, 8.0, 8.0, 11.0)",30923802000.000008,1,-25.25728732166108,1.0,1.0,1.0737408806339042e-11,3.2337550214556404e-11,3.2337550213510686e-11
2155,"(1.0, 6.0, 6.0, 7.0, 7.0, 8.0, 9.0, 9.0)",30923802000.000008,1,-26.263487271869767,1.0,1.0,3.925657464394554e-12,3.2337550214556404e-11,3.2337550213510686e-11
2156,"(1.0, 6.0, 6.0, 7.0, 7.0, 8.0, 9.0, 11.0)",61847604000.000015,2,-25.892712742145576,2.0,2.0,5.687713794333009e-12,3.2337550214556404e-11,3.2337550213510686e-11
2157,"(1.0, 6.0, 6.0, 7.0, 7.0, 8.0, 9.0, 13.0)",54116653500.00002,2,-25.887954099333705,2.0,2.0,5.714844093200848e-12,3.6957200245207314e-11,3.695720024384148e-11
2158,"(1.0, 6.0, 6.0, 7.0, 7.0, 8.0, 12.0, 13.0)",43293322800.000015,1,-25.635248046592995,1.0,1.0,7.357888988137996e-12,2.309825015325457e-11,2.3098250152721042e-11
2159,"(1.0, 6.0, 6.0, 7.0, 7.0, 9.0, 9.0, 14.0)",27058326750.00001,1,-26.43303675344194,1.0,1.0,3.313431510465572e-12,3.6957200245207314e-11,3.695720024384148e-11
2160,"(1.0, 6.0, 6.0, 7.0, 7.0, 9.0, 11.0, 12.0)",54116653500.00002,1,-26.27543210988937,1.0,1.0,3.879045064859825e-12,1.8478600122603657e-11,1.84786001222622e-11
2161,"(1.0, 6.0, 6.0, 7.0, 7.0, 9.0, 12.0, 14.0)",43293322800.000015,1,-26.18033070070123,4.0,16.0,4.266058850635954e-12,9.239300061301828e-11,3.695720024435367e-10
2162,"(1.0, 6.0, 6.0, 7.0, 7.0, 11.0, 11.0, 11.0)",10307934000.000002,1,-25.786589103181697,1.0,1.0,6.3245065309438526e-12,9.701265064366921e-11,9.701265063425776e-11
2163,"(1.0, 6.0, 6.0, 7.0, 8.0, 8.0, 8.0, 9.0)",16934463000.000006,1,-25.506949148671524,1.0,1.0,8.365130769546699e-12,5.905117865266821e-11,5.905117864918117e-11
2164,"(1.0, 6.0, 6.0, 7.0, 8.0, 8.0, 8.0, 11.0)",16934463000.000006,1,-25.136174618947337,1.0,1.0,1.211987293870736e-11,5.905117865266821e-11,5.905117864918117e-11
2165,"(1.0, 6.0, 6.0, 7.0, 8.0, 8.0, 8.0, 14.0)",15461901000.000002,1,-25.0410732097592,1.0,1.0,1.332907722241787e-11,6.467510042911282e-11,6.467510042492995e-11
2166,"(1.0, 6.0, 6.0, 7.0, 8.0, 8.0, 9.0, 9.0)",25401694500.000008,1,-26.142374569156026,1.0,1.0,4.431094179934831e-12,3.936745243511214e-11,3.936745243356235e-11
2167,"(1.0, 6.0, 6.0, 7.0, 8.0, 8.0, 9.0, 11.0)",50803389000.000015,3,-25.771600039431835,3.0,3.0,6.420018995490997e-12,5.905117865266821e-11,5.905117864918117e-11
2168,"(1.0, 6.0, 6.0, 7.0, 8.0, 8.0, 11.0, 12.0)",46385703000.00001,2,-25.51889398669113,2.0,2.0,8.265805033379699e-12,4.311673361940854e-11,4.311673361754949e-11
2169,"(1.0, 6.0, 6.0, 7.0, 8.0, 8.0, 11.0, 13.0)",46385703000.00001,1,-25.39606686689577,1.0,1.0,9.346054251393435e-12,2.155836680970427e-11,2.155836680923951e-11
2170,"(1.0, 6.0, 6.0, 7.0, 8.0, 8.0, 12.0, 14.0)",38654752500.000015,1,-25.423792577502983,1.0,1.0,9.090487511919428e-12,2.587004017164512e-11,2.587004017097586e-11
2171,"(1.0, 6.0, 6.0, 7.0, 8.0, 9.0, 9.0, 11.0)",50803389000.000015,2,-26.407025459916333,2.0,2.0,3.400748845380319e-12,3.936745243511214e-11,3.936745243356235e-11
2172,"(1.0, 6.0, 6.0, 7.0, 8.0, 9.0, 11.0, 12.0)",92771406000.00002,1,-26.154319407175624,2.0,4.0,4.378480335205786e-12,2.155836680970427e-11,4.311673361894378e-11
2173,"(1.0, 6.0, 6.0, 7.0, 8.0, 9.0, 11.0, 14.0)",92771406000.00002,2,-25.941149521004007,2.0,2.0,5.418784860978232e-12,2.155836680970427e-11,2.155836680923951e-11
2174,"(1.0, 6.0, 6.0, 7.0, 8.0, 11.0, 11.0, 12.0)",46385703000.00001,1,-25.783544877451437,1.0,1.0,6.343789091799048e-12,2.155836680970427e-11,2.155836680923951e-11
2175,"(1.0, 6.0, 6.0, 7.0, 8.0, 11.0, 11.0, 13.0)",46385703000.00001,1,-25.66071775765608,1.0,1.0,7.1728521023571155e-12,2.155836680970427e-11,2.155836680923951e-11
2176,"(1.0, 6.0, 6.0, 7.0, 8.0, 14.0, 14.0, 14.0)",9792537300.000006,1,-25.38017217290354,1.0,1.0,9.49579380341345e-12,1.0211857962491493e-10,1.0211857961448672e-10
2177,"(1.0, 6.0, 6.0, 7.0, 9.0, 9.0, 11.0, 12.0)",46385703000.00001,1,-26.78974482766012,1.0,1.0,2.3193252161604827e-12,2.155836680970427e-11,2.155836680923951e-11
2178,"(1.0, 6.0, 6.0, 7.0, 9.0, 11.0, 13.0, 14.0)",77309505000.00003,1,-26.20104176895244,1.0,1.0,4.178612890040201e-12,1.293502008582256e-11,1.2935020085655244e-11
2179,"(1.0, 6.0, 6.0, 7.0, 11.0, 12.0, 14.0, 14.0)",29377611900.00001,2,-25.857992949835467,2.0,2.0,5.88865822490543e-12,6.807905308327663e-11,6.807905307864187e-11
2180,"(1.0, 6.0, 6.0, 7.0, 11.0, 13.0, 13.0, 14.0)",29377611900.00001,1,-25.825508596416373,1.0,1.0,6.083088351189662e-12,3.4039526541638315e-11,3.403952654047963e-11
2181,"(1.0, 6.0, 6.0, 8.0, 8.0, 8.0, 8.0, 13.0)",3065721750.0000014,1,-25.01030327342172,1.0,1.0,1.3745587211170825e-11,3.2618746303378627e-10,3.26187462927388e-10
2182,"(1.0, 6.0, 6.0, 8.0, 8.0, 8.0, 9.0, 12.0)",12262887000.000006,1,-25.76855581370157,1.0,1.0,6.4395927608696105e-12,8.154686575844657e-11,8.154686575179668e-11
2183,"(1.0, 6.0, 6.0, 8.0, 8.0, 9.0, 11.0, 11.0)",19270251000.000008,1,-25.9151382274784,1.0,1.0,5.56158360332209e-12,5.1893460028102364e-11,5.189346002540943e-11
2184,"(1.0, 6.0, 6.0, 8.0, 8.0, 9.0, 11.0, 13.0)",36788661000.000015,1,-25.91037958466653,1.0,1.0,5.5881122633061665e-12,2.7182288586148857e-11,2.718228858540998e-11
2185,"(1.0, 6.0, 6.0, 8.0, 8.0, 9.0, 11.0, 14.0)",36788661000.000015,1,-25.820036818290266,1.0,1.0,6.1164648922069945e-12,2.7182288586148857e-11,2.718228858540998e-11
2186,"(1.0, 6.0, 6.0, 8.0, 8.0, 11.0, 12.0, 13.0)",31990140000.00001,1,-25.657673531925816,1.0,1.0,7.194721153561738e-12,3.1259631874071185e-11,3.125963187309402e-11
2187,"(1.0, 6.0, 6.0, 8.0, 8.0, 11.0, 12.0, 14.0)",31990140000.00001,1,-25.567330765549556,1.0,1.0,7.87497767966158e-12,3.1259631874071185e-11,3.125963187309402e-11
2188,"(1.0, 6.0, 6.0, 8.0, 9.0, 11.0, 14.0, 14.0)",31990140000.00001,1,-25.98958629986243,1.0,1.0,5.1625715412796136e-12,3.1259631874071185e-11,3.125963187309402e-11
2189,"(1.0, 6.0, 6.0, 8.0, 11.0, 11.0, 13.0, 14.0)",31990140000.00001,2,-25.709154536514504,2.0,2.0,6.833702219864758e-12,6.251926374814237e-11,6.251926374423371e-11
2190,"(1.0, 6.0, 6.0, 8.0, 12.0, 13.0, 14.0, 14.0)",18234379800.000008,1,-25.73212160430985,1.0,1.0,6.678540740200939e-12,5.484145942819506e-11,5.484145942518748e-11
2191,"(1.0, 6.0, 7.0, 7.0, 7.0, 7.0, 8.0, 14.0)",9740997630.000002,1,-25.064045182109403,1.0,1.0,1.3026372206267855e-11,1.0265888957002034e-10,1.0265888955948149e-10
2192,"(1.0, 6.0, 7.0, 7.0, 7.0, 7.0, 9.0, 14.0)",9740997630.000002,1,-25.6994706025939,1.0,1.0,6.9002008048687565e-12,1.0265888957002034e-10,1.0265888955948149e-10
2193,"(1.0, 6.0, 7.0, 7.0, 7.0, 8.0, 8.0, 11.0)",20615868000.000004,1,-25.0380338885838,1.0,1.0,1.3369650194983203e-11,4.8506325321834606e-11,4.850632531948174e-11
2194,"(1.0, 6.0, 7.0, 7.0, 7.0, 8.0, 9.0, 11.0)",41231736000.00001,1,-25.673459309068296,1.0,1.0,7.082038619459068e-12,2.4253162660917303e-11,2.4253162660329087e-11
2195,"(1.0, 6.0, 7.0, 7.0, 7.0, 8.0, 9.0, 12.0)",36077769000.000015,1,-25.79152778605178,1.0,1.0,6.293348801280219e-12,2.7717900183905484e-11,2.77179001831372e-11
2196,"(1.0, 6.0, 7.0, 7.0, 7.0, 8.0, 11.0, 11.0)",20615868000.000004,1,-25.302684779344105,1.0,1.0,1.0260856713363003e-11,4.8506325321834606e-11,4.850632531948174e-11
2197,"(1.0, 6.0, 7.0, 7.0, 7.0, 8.0, 11.0, 12.0)",36077769000.000015,1,-25.420753256327583,1.0,1.0,9.118158452245761e-12,2.7717900183905484e-11,2.77179001831372e-11
2198,"(1.0, 6.0, 7.0, 7.0, 7.0, 8.0, 11.0, 13.0)",36077769000.000015,1,-25.297926136532237,1.0,1.0,1.0309800826822222e-11,2.7717900183905484e-11,2.77179001831372e-11
2199,"(1.0, 6.0, 7.0, 7.0, 7.0, 8.0, 11.0, 14.0)",36077769000.000015,1,-25.20758337015597,1.0,1.0,1.1284586248737291e-11,2.7717900183905484e-11,2.77179001831372e-11
2200,"(1.0, 6.0, 7.0, 7.0, 7.0, 8.0, 12.0, 14.0)",28862215200.00001,1,-25.32565184713945,1.0,1.0,1.0027880552119714e-11,3.4647375229881856e-11,3.4647375228681416e-11
2201,"(1.0, 6.0, 7.0, 7.0, 7.0, 11.0, 11.0, 12.0)",18038884500.000008,1,-25.685404147087898,1.0,1.0,6.997948039309198e-12,5.543580036781097e-11,5.543580036473784e-11
2202,"(1.0, 6.0, 7.0, 7.0, 7.0, 11.0, 12.0, 13.0)",28862215200.00001,1,-25.680645504276026,1.0,1.0,7.0313281334266664e-12,3.4647375229881856e-11,3.4647375228681416e-11
2203,"(1.0, 6.0, 7.0, 7.0, 7.0, 11.0, 12.0, 14.0)",28862215200.00001,1,-25.59030273789976,1.0,1.0,7.696135948465535e-12,3.4647375229881856e-11,3.4647375228681416e-11
2204,"(1.0, 6.0, 7.0, 7.0, 7.0, 13.0, 13.0, 14.0)",10545809400.000002,1,-25.46271697529253,1.0,1.0,8.743443809766897e-12,9.482439536599247e-11,9.482439535700081e-11
2205,"(1.0, 6.0, 7.0, 7.0, 8.0, 8.0, 8.0, 11.0)",16934463000.000006,2,-24.91692118587005,2.0,2.0,1.509102098287429e-11,1.1810235730533642e-10,1.1810235729138825e-10
2206,"(1.0, 6.0, 7.0, 7.0, 8.0, 8.0, 8.0, 13.0)",15461901000.000002,1,-24.91216254305818,1.0,1.0,1.5163004898431687e-11,6.467510042911282e-11,6.467510042492995e-11
2207,"(1.0, 6.0, 7.0, 7.0, 8.0, 8.0, 9.0, 12.0)",46385703000.00001,1,-25.670415083338035,1.0,1.0,7.103630792696682e-12,2.155836680970427e-11,2.155836680923951e-11
2208,"(1.0, 6.0, 7.0, 7.0, 8.0, 8.0, 9.0, 13.0)",46385703000.00001,1,-25.54758796354268,2.0,4.0,8.031996702354614e-12,4.311673361940854e-11,8.623346723695804e-11
2209,"(1.0, 6.0, 7.0, 7.0, 8.0, 8.0, 13.0, 13.0)",19327376250.000008,1,-25.17205479100661,1.0,1.0,1.1692718819047449e-11,5.174008034329024e-11,5.17400803406132e-11
2210,"(1.0, 6.0, 7.0, 7.0, 8.0, 9.0, 9.0, 9.0)",16934463000.000006,1,-26.558546556563243,1.0,1.0,2.922602713070976e-12,5.905117865266821e-11,5.905117864918117e-11
2211,"(1.0, 6.0, 7.0, 7.0, 8.0, 9.0, 9.0, 14.0)",46385703000.00001,1,-26.092670617650917,1.0,1.0,4.6569023636533214e-12,2.155836680970427e-11,2.155836680923951e-11
2212,"(1.0, 6.0, 7.0, 7.0, 8.0, 9.0, 11.0, 14.0)",92771406000.00002,1,-25.721896087926723,1.0,1.0,6.747182619178962e-12,1.0779183404852136e-11,1.0779183404735944e-11
2213,"(1.0, 6.0, 7.0, 7.0, 8.0, 11.0, 12.0, 13.0)",77309505000.00003,2,-25.55953280156228,2.0,2.0,7.936626527359096e-12,2.587004017164512e-11,2.587004017097586e-11
2214,"(1.0, 6.0, 7.0, 7.0, 8.0, 11.0, 13.0, 14.0)",77309505000.00003,1,-25.346362915390657,2.0,4.0,9.82232838363786e-12,2.587004017164512e-11,5.174008034262098e-11
2215,"(1.0, 6.0, 7.0, 7.0, 9.0, 9.0, 9.0, 14.0)",15461901000.000002,1,-26.72809603813541,1.0,1.0,2.466808174144947e-12,6.467510042911282e-11,6.467510042492995e-11
2216,"(1.0, 6.0, 7.0, 7.0, 9.0, 11.0, 11.0, 13.0)",46385703000.00001,1,-26.07688974506329,1.0,1.0,4.730975276881662e-12,2.155836680970427e-11,2.155836680923951e-11
2217,"(1.0, 6.0, 7.0, 7.0, 9.0, 11.0, 11.0, 14.0)",46385703000.00001,2,-25.98654697868703,2.0,2.0,5.178286123018147e-12,4.311673361940854e-11,4.311673361754949e-11
2218,"(1.0, 6.0, 7.0, 7.0, 9.0, 12.0, 12.0, 14.0)",29377611900.00001,1,-26.222683932654,1.0,1.0,4.0891502403566036e-12,3.4039526541638315e-11,3.403952654047963e-11
2219,"(1.0, 6.0, 7.0, 8.0, 8.0, 8.0, 8.0, 11.0)",6423417000.000003,1,-24.79580848315631,1.0,1.0,1.7034021906646823e-11,1.5568038008430709e-10,1.556803800600707e-10
2220,"(1.0, 6.0, 7.0, 8.0, 8.0, 8.0, 9.0, 13.0)",24525774000.00001,1,-25.426475260828934,1.0,1.0,9.066133294578842e-12,4.0773432879223284e-11,4.077343287756081e-11
2221,"(1.0, 6.0, 7.0, 8.0, 8.0, 8.0, 11.0, 13.0)",24525774000.00001,1,-25.055700731104743,1.0,1.0,1.3135524907237599e-11,4.0773432879223284e-11,4.077343287756081e-11
2222,"(1.0, 6.0, 7.0, 8.0, 8.0, 9.0, 9.0, 9.0)",12846834000.000006,1,-26.437433853849495,1.0,1.0,3.298894004280617e-12,7.784019004215354e-11,7.784019003609445e-11
2223,"(1.0, 6.0, 7.0, 8.0, 8.0, 9.0, 9.0, 11.0)",38540502000.000015,1,-26.066659324125308,2.0,4.0,4.779623567356522e-12,5.1893460028102364e-11,1.037869200535118e-10
2224,"(1.0, 6.0, 7.0, 8.0, 8.0, 9.0, 11.0, 13.0)",73577322000.00003,2,-25.691126151589245,2.0,2.0,6.958020092016279e-12,2.7182288586148857e-11,2.718228858540998e-11
2225,"(1.0, 6.0, 7.0, 8.0, 8.0, 9.0, 11.0, 14.0)",73577322000.00003,1,-25.60078338521298,1.0,1.0,7.61589667615393e-12,1.3591144293074429e-11,1.3591144292889709e-11
2226,"(1.0, 6.0, 7.0, 8.0, 8.0, 9.0, 13.0, 13.0)",31990140000.00001,1,-25.68636750877737,1.0,1.0,6.991209730498626e-12,3.1259631874071185e-11,3.125963187309402e-11
2227,"(1.0, 6.0, 7.0, 8.0, 8.0, 9.0, 13.0, 14.0)",63980280000.00002,2,-25.596024742401102,3.0,5.0,7.652224374846648e-12,4.6889447811106784e-11,7.814907968297934e-11
2228,"(1.0, 6.0, 7.0, 8.0, 8.0, 11.0, 12.0, 13.0)",63980280000.00002,1,-25.438420098848532,1.0,1.0,8.95848400749896e-12,1.5629815937035592e-11,1.5629815936791303e-11
2229,"(1.0, 6.0, 7.0, 8.0, 8.0, 11.0, 13.0, 14.0)",63980280000.00002,1,-25.225250212676915,1.0,1.0,1.1086973972870297e-11,1.5629815937035592e-11,1.5629815936791303e-11
2230,"(1.0, 6.0, 7.0, 8.0, 8.0, 12.0, 14.0, 14.0)",25325527500.000008,1,-25.252975923284133,1.0,1.0,1.0783801991126499e-11,3.948585078830045e-11,3.9485850786741316e-11
2231,"(1.0, 6.0, 7.0, 8.0, 8.0, 13.0, 14.0, 14.0)",25325527500.000008,1,-25.130148803488776,1.0,1.0,1.219312553808729e-11,3.948585078830045e-11,3.9485850786741316e-11
2232,"(1.0, 6.0, 7.0, 8.0, 9.0, 9.0, 11.0, 11.0)",38540502000.000015,1,-26.33131021488562,2.0,4.0,3.668236031101295e-12,5.1893460028102364e-11,1.037869200535118e-10
2233,"(1.0, 6.0, 7.0, 8.0, 9.0, 9.0, 12.0, 14.0)",63980280000.00002,1,-26.35427728268096,1.0,1.0,3.584947513101899e-12,1.5629815937035592e-11,1.5629815936791303e-11
2234,"(1.0, 6.0, 7.0, 8.0, 9.0, 9.0, 13.0, 13.0)",31990140000.00001,1,-26.321792929261868,1.0,1.0,3.703314341515673e-12,3.1259631874071185e-11,3.125963187309402e-11
2235,"(1.0, 6.0, 7.0, 8.0, 9.0, 11.0, 11.0, 14.0)",73577322000.00003,3,-25.86543427597329,3.0,3.0,5.845001432207699e-12,4.0773432879223284e-11,4.077343287756081e-11
2236,"(1.0, 6.0, 7.0, 8.0, 9.0, 11.0, 12.0, 12.0)",63980280000.00002,1,-26.19667263912839,1.0,1.0,4.196909733777916e-12,1.5629815937035592e-11,1.5629815936791303e-11
2237,"(1.0, 6.0, 7.0, 8.0, 9.0, 11.0, 13.0, 14.0)",127960560000.00005,1,-25.860675633161414,1.0,1.0,5.872881990455348e-12,7.814907968517796e-12,7.814907968456724e-12
2238,"(1.0, 6.0, 7.0, 8.0, 9.0, 12.0, 14.0, 14.0)",50651055000.000015,1,-25.888401343768635,2.0,4.0,5.712288732461699e-12,3.948585078830045e-11,7.897170157504176e-11
2239,"(1.0, 6.0, 7.0, 8.0, 11.0, 11.0, 12.0, 13.0)",63980280000.00002,1,-25.703070989608843,1.0,1.0,6.87540208078089e-12,1.5629815937035592e-11,1.5629815936791303e-11
2240,"(1.0, 6.0, 7.0, 8.0, 11.0, 11.0, 13.0, 14.0)",63980280000.00002,1,-25.489901103437223,1.0,1.0,8.508962438156713e-12,1.5629815937035592e-11,1.5629815936791303e-11
2241,"(1.0, 6.0, 7.0, 8.0, 11.0, 12.0, 13.0, 13.0)",50651055000.000015,2,-25.698312346796968,2.0,2.0,6.90819763274311e-12,3.948585078830045e-11,3.9485850786741316e-11
2242,"(1.0, 6.0, 7.0, 8.0, 11.0, 12.0, 13.0, 14.0)",101302110000.00005,1,-25.607969580420708,2.0,4.0,7.561363533541724e-12,1.974292539415022e-11,3.948585078791066e-11
2243,"(1.0, 6.0, 7.0, 8.0, 11.0, 13.0, 13.0, 14.0)",50651055000.000015,1,-25.485142460625347,1.0,1.0,8.549550045471376e-12,1.9742925394150224e-11,1.974292539376044e-11
2244,"(1.0, 6.0, 7.0, 9.0, 9.0, 11.0, 11.0, 14.0)",36788661000.000015,1,-26.500859696457788,1.0,1.0,3.096156239691381e-12,2.7182288586148857e-11,2.718228858540998e-11
2245,"(1.0, 6.0, 7.0, 9.0, 11.0, 11.0, 13.0, 14.0)",63980280000.00002,1,-26.12532652392172,1.0,1.0,4.507283266181814e-12,1.5629815937035592e-11,1.5629815936791303e-11
2246,"(1.0, 6.0, 7.0, 9.0, 11.0, 12.0, 12.0, 13.0)",50651055000.000015,1,-26.456564887076823,1.0,1.0,3.236382613782836e-12,1.9742925394150224e-11,1.974292539376044e-11
2247,"(1.0, 6.0, 7.0, 9.0, 11.0, 12.0, 13.0, 14.0)",101302110000.00005,1,-26.243395000905203,1.0,1.0,4.005330564325901e-12,9.87146269707511e-12,9.871462696977665e-12
2248,"(1.0, 6.0, 7.0, 9.0, 11.0, 13.0, 13.0, 14.0)",50651055000.000015,1,-26.12056788110985,1.0,1.0,4.528782931339959e-12,1.9742925394150224e-11,1.974292539376044e-11
2249,"(1.0, 6.0, 7.0, 11.0, 11.0, 11.0, 11.0, 13.0)",6131443500.000003,1,-25.84965340338567,1.0,1.0,5.93797230642796e-12,1.6309373151689314e-10,1.6309373149029357e-10
2250,"(1.0, 6.0, 7.0, 11.0, 11.0, 12.0, 13.0, 14.0)",50651055000.000015,1,-25.872620471181012,1.0,1.0,5.803148672089641e-12,1.9742925394150224e-11,1.974292539376044e-11
2251,"(1.0, 6.0, 8.0, 8.0, 8.0, 9.0, 9.0, 9.0)",2997594600.0,1,-26.316321151135757,1.0,1.0,3.7236335964539284e-12,3.336008144663725e-10,3.33600814355083e-10
2252,"(1.0, 6.0, 8.0, 8.0, 8.0, 11.0, 12.0, 13.0)",16350516000.0,1,-25.317307396134797,1.0,1.0,1.0111907803140395e-11,6.116014931883496e-11,6.11601493150944e-11
2253,"(1.0, 6.0, 8.0, 8.0, 9.0, 9.0, 11.0, 12.0)",26978351400.0,1,-26.328265989155355,1.0,1.0,3.679419984213675e-12,3.706675716293027e-11,3.7066757161556325e-11
2254,"(1.0, 6.0, 8.0, 8.0, 9.0, 9.0, 12.0, 13.0)",24525774000.0,1,-26.323507346343483,1.0,1.0,3.696970755479886e-12,4.0773432879223303e-11,4.077343287756083e-11
2255,"(1.0, 6.0, 8.0, 8.0, 9.0, 11.0, 11.0, 14.0)",26978351400.0,1,-25.744321573259548,1.0,1.0,6.597557749975712e-12,3.706675716293027e-11,3.7066757161556325e-11
2256,"(1.0, 6.0, 8.0, 8.0, 11.0, 11.0, 12.0, 14.0)",24525774000.0,1,-25.49161552051884,1.0,1.0,8.49438702534427e-12,4.0773432879223303e-11,4.077343287756083e-11
2257,"(1.0, 6.0, 8.0, 9.0, 9.0, 9.0, 9.0, 14.0)",4496391900.0,1,-27.121296053192424,1.0,1.0,1.6648334072755202e-12,2.2240054297758166e-10,2.2240054292811965e-10
2258,"(1.0, 6.0, 8.0, 9.0, 11.0, 11.0, 11.0, 12.0)",17985567600.0,1,-26.22214235019148,1.0,1.0,4.091365452219197e-12,5.5600135744395415e-11,5.560013574130404e-11
2259,"(1.0, 6.0, 8.0, 9.0, 11.0, 11.0, 12.0, 12.0)",24525774000.0,1,-26.34021082717496,1.0,1.0,3.6357313547507538e-12,4.0773432879223303e-11,4.077343287756083e-11
2260,"(1.0, 6.0, 8.0, 11.0, 11.0, 11.0, 12.0, 14.0)",16350516000.0,1,-25.756266411279142,1.0,1.0,6.519219789880011e-12,6.116014931883496e-11,6.11601493150944e-11
2261,"(1.0, 6.0, 11.0, 11.0, 12.0, 12.0, 13.0, 14.0)",15195316500.0,1,-26.13422713621106,1.0,1.0,4.4673436923525334e-12,6.58097513138341e-11,6.580975130950318e-11
2262,"(1.0, 7.0, 7.0, 7.0, 7.0, 8.0, 11.0, 12.0)",9019442250.000004,1,-25.201499823250305,1.0,1.0,1.1353445801279812e-11,1.1087160073562194e-10,1.1087160072332942e-10
2263,"(1.0, 7.0, 7.0, 7.0, 7.0, 8.0, 11.0, 13.0)",9019442250.000004,1,-25.07867270345495,1.0,1.0,1.283721548845072e-11,1.1087160073562194e-10,1.1087160072332942e-10
2264,"(1.0, 7.0, 7.0, 7.0, 7.0, 8.0, 11.0, 14.0)",9019442250.000004,1,-24.988329937078685,1.0,1.0,1.4050966435371837e-11,1.1087160073562194e-10,1.1087160072332942e-10
2265,"(1.0, 7.0, 7.0, 7.0, 7.0, 8.0, 13.0, 14.0)",7215553800.000003,1,-24.98357129426681,1.0,1.0,1.4117989308279703e-11,1.3858950091952742e-10,1.3858950090032037e-10
2266,"(1.0, 7.0, 7.0, 7.0, 7.0, 9.0, 9.0, 13.0)",4509721125.000002,1,-26.08487265366364,1.0,1.0,4.693358678355078e-12,2.2174320147124387e-10,2.2174320142207383e-10
2267,"(1.0, 7.0, 7.0, 7.0, 7.0, 11.0, 13.0, 14.0)",7215553800.000003,1,-25.24822218502712,1.0,1.0,1.083518740283914e-11,1.3858950091952742e-10,1.3858950090032037e-10
2268,"(1.0, 7.0, 7.0, 7.0, 8.0, 8.0, 9.0, 13.0)",15461901000.000002,1,-25.328334530465398,1.0,1.0,1.0001014976196397e-11,6.467510042911282e-11,6.467510042492995e-11
2269,"(1.0, 7.0, 7.0, 7.0, 8.0, 9.0, 9.0, 9.0)",5644821000.000002,1,-26.33929312348596,3.0,9.0,3.639069410265887e-12,5.314606078740139e-10,1.5943818233395912e-09
2270,"(1.0, 7.0, 7.0, 7.0, 8.0, 9.0, 11.0, 12.0)",30923802000.000004,1,-25.71581254102106,1.0,1.0,6.788354529769066e-12,3.233755021455641e-11,3.233755021351069e-11
2271,"(1.0, 7.0, 7.0, 7.0, 8.0, 12.0, 13.0, 13.0)",9792537300.000006,1,-25.33552072567312,1.0,1.0,9.929403346055571e-12,1.0211857962491493e-10,1.0211857961448672e-10
2272,"(1.0, 7.0, 7.0, 7.0, 12.0, 13.0, 14.0, 14.0)",6779448900.000001,1,-25.41472744086903,1.0,1.0,9.17326866763846e-12,1.4750461501376606e-10,1.4750461499200844e-10
2273,"(1.0, 7.0, 7.0, 8.0, 8.0, 8.0, 13.0, 13.0)",5331690000.000002,1,-24.831688655215583,1.0,1.0,1.643367298643963e-11,1.8755779124442713e-10,1.875577912092492e-10
2274,"(1.0, 7.0, 7.0, 8.0, 8.0, 9.0, 9.0, 9.0)",6423417000.000003,1,-26.21818042077221,1.0,1.0,4.1076073066642615e-12,1.5568038008430709e-10,1.556803800600707e-10
2275,"(1.0, 7.0, 7.0, 8.0, 8.0, 9.0, 9.0, 11.0)",19270251000.000008,1,-25.847405891048027,1.0,1.0,5.951332980963592e-12,5.1893460028102364e-11,5.189346002540943e-11
2276,"(1.0, 7.0, 7.0, 8.0, 8.0, 9.0, 9.0, 14.0)",18394330500.000008,1,-25.752304481859888,1.0,1.0,6.545099711915527e-12,5.4364577172297714e-11,5.4364577169342204e-11
2277,"(1.0, 7.0, 7.0, 8.0, 8.0, 9.0, 11.0, 12.0)",36788661000.000015,1,-25.59469983830732,1.0,1.0,7.66236955746036e-12,2.7182288586148857e-11,2.718228858540998e-11
2278,"(1.0, 7.0, 7.0, 8.0, 8.0, 9.0, 11.0, 13.0)",36788661000.000015,2,-25.47187271851196,2.0,2.0,8.66375643861142e-12,5.4364577172297714e-11,5.4364577169342204e-11
2279,"(1.0, 7.0, 7.0, 8.0, 8.0, 11.0, 11.0, 13.0)",18394330500.000008,1,-25.10109818878777,1.0,1.0,1.2552538639341395e-11,5.4364577172297714e-11,5.4364577169342204e-11
2280,"(1.0, 7.0, 7.0, 8.0, 8.0, 11.0, 13.0, 13.0)",15995070000.000006,1,-25.09633954597589,1.0,1.0,1.2612414036935281e-11,6.251926374814237e-11,6.251926374423371e-11
2281,"(1.0, 7.0, 7.0, 8.0, 8.0, 12.0, 13.0, 14.0)",25325527500.000008,1,-25.12406525658312,1.0,1.0,1.2267529078468794e-11,3.948585078830045e-11,3.9485850786741316e-11
2282,"(1.0, 7.0, 7.0, 8.0, 9.0, 11.0, 11.0, 11.0)",12846834000.000006,1,-25.741282252084144,1.0,1.0,6.617640350227894e-12,7.784019004215354e-11,7.784019003609445e-11
2283,"(1.0, 7.0, 7.0, 8.0, 9.0, 11.0, 12.0, 12.0)",31990140000.00001,1,-25.97741920605111,1.0,1.0,5.225768716881159e-12,3.1259631874071185e-11,3.125963187309402e-11
2284,"(1.0, 7.0, 7.0, 8.0, 9.0, 11.0, 12.0, 13.0)",63980280000.00002,1,-25.85459208625575,1.0,1.0,5.908718840569639e-12,1.5629815937035592e-11,1.5629815936791303e-11
2285,"(1.0, 7.0, 7.0, 8.0, 9.0, 12.0, 13.0, 13.0)",25325527500.000008,1,-25.84983344344388,1.0,1.0,5.93690332978045e-12,3.948585078830045e-11,3.9485850786741316e-11
2286,"(1.0, 7.0, 7.0, 8.0, 11.0, 12.0, 14.0, 14.0)",25325527500.000008,1,-25.29837338096716,1.0,1.0,1.0305190856745833e-11,3.948585078830045e-11,3.9485850786741316e-11
2287,"(1.0, 7.0, 7.0, 9.0, 9.0, 12.0, 13.0, 14.0)",25325527500.000008,1,-26.394916097552112,1.0,1.0,3.44218009217198e-12,3.948585078830045e-11,3.9485850786741316e-11
2288,"(1.0, 7.0, 7.0, 9.0, 11.0, 11.0, 13.0, 13.0)",15995070000.000006,1,-25.996415857220704,1.0,1.0,5.127433587734612e-12,6.251926374814237e-11,6.251926374423371e-11
2289,"(1.0, 7.0, 7.0, 9.0, 11.0, 13.0, 13.0, 14.0)",25325527500.000008,1,-25.901314448032565,1.0,1.0,5.638999566197037e-12,3.948585078830045e-11,3.9485850786741316e-11
2290,"(1.0, 7.0, 7.0, 11.0, 11.0, 11.0, 13.0, 14.0)",10663380000.000004,1,-25.53529856112025,1.0,1.0,8.131314168253415e-12,9.377889562221357e-11,9.377889561341909e-11
2291,"(1.0, 7.0, 7.0, 11.0, 11.0, 12.0, 13.0, 14.0)",25325527500.000008,1,-25.65336703810373,1.0,1.0,7.225771987885507e-12,3.948585078830045e-11,3.9485850786741316e-11
2292,"(1.0, 7.0, 8.0, 8.0, 8.0, 11.0, 11.0, 14.0)",8992783800.0,1,-24.889642719697765,1.0,1.0,1.5508347017436427e-11,1.1120027148879083e-10,1.1120027147642533e-10
2293,"(1.0, 7.0, 8.0, 8.0, 9.0, 9.0, 11.0, 12.0)",26978351400.0,1,-26.109012556078078,1.0,1.0,4.581418012167468e-12,3.706675716293027e-11,3.7066757161556325e-11
2294,"(1.0, 7.0, 8.0, 8.0, 9.0, 11.0, 12.0, 13.0)",49051548000.0,1,-25.733479383542008,1.0,1.0,6.669478909657601e-12,2.0386716439611652e-11,2.0386716439196032e-11
2295,"(1.0, 7.0, 8.0, 8.0, 9.0, 11.0, 12.0, 14.0)",49051548000.0,1,-25.643136617165744,1.0,1.0,7.300074099817824e-12,2.0386716439611652e-11,2.0386716439196032e-11
2296,"(1.0, 7.0, 8.0, 8.0, 11.0, 11.0, 12.0, 14.0)",24525774000.0,1,-25.27236208744156,1.0,1.0,1.0576758806334197e-11,4.0773432879223303e-11,4.077343287756083e-11
2297,"(1.0, 7.0, 8.0, 9.0, 9.0, 11.0, 14.0, 14.0)",24525774000.0,1,-26.065392151478623,1.0,1.0,4.785684014608067e-12,4.0773432879223303e-11,4.077343287756083e-11
2298,"(1.0, 7.0, 8.0, 9.0, 9.0, 13.0, 13.0, 14.0)",20260422000.0,1,-26.15097627504301,1.0,1.0,4.393142668909733e-12,4.935731348537558e-11,4.9357313482939434e-11
2299,"(1.0, 7.0, 8.0, 9.0, 11.0, 11.0, 12.0, 14.0)",49051548000.0,1,-25.90778750792605,1.0,1.0,5.602615868234929e-12,2.0386716439611652e-11,2.0386716439196032e-11
2300,"(1.0, 7.0, 8.0, 9.0, 11.0, 11.0, 13.0, 14.0)",49051548000.0,1,-25.784960388130692,1.0,1.0,6.334815743026476e-12,2.0386716439611652e-11,2.0386716439196032e-11
2301,"(1.0, 7.0, 9.0, 9.0, 9.0, 13.0, 13.0, 13.0)",2251158000.0,1,-26.876744461903773,1.0,1.0,2.1260730806033043e-12,4.442158213683802e-10,4.442158211710525e-10
2302,"(1.0, 7.0, 9.0, 11.0, 12.0, 12.0, 12.0, 14.0)",10130211000.0,1,-26.40857535265333,1.0,1.0,3.3954821319192806e-12,9.871462697075115e-11,9.871462696100658e-11
2303,"(1.0, 7.0, 11.0, 11.0, 12.0, 12.0, 12.0, 14.0)",5065105500.0,1,-26.037800822929132,2.0,4.0,4.919565890629028e-12,3.948585078830046e-10,7.89717015610096e-10
2304,"(1.0, 8.0, 8.0, 8.0, 8.0, 9.0, 12.0, 13.0)",2900898000.0000005,1,-25.347715790067955,1.0,1.0,9.8090489889993e-12,3.447208416152515e-10,3.4472084149641904e-10
2305,"(1.0, 8.0, 8.0, 9.0, 11.0, 12.0, 13.0, 14.0)",30063852000.000004,1,-25.781916162400435,1.0,1.0,6.354129735268173e-12,3.3262537348840056e-11,3.326253734773366e-11
2306,"(1.0, 8.0, 9.0, 9.0, 11.0, 11.0, 13.0, 13.0)",8702694000.000002,1,-26.38961587227772,1.0,1.0,3.4604728571592503e-12,1.1490694720508383e-10,1.1490694719188022e-10
2307,"(1.0, 8.0, 9.0, 11.0, 11.0, 11.0, 12.0, 14.0)",11603592000.000002,1,-26.051325695972626,1.0,1.0,4.853477313754297e-12,8.618021040381287e-11,8.618021039638584e-11
2308,"(1.0, 8.0, 11.0, 11.0, 12.0, 14.0, 14.0, 14.0)",3921372000.000001,1,-25.490348347872157,1.0,1.0,8.505157702945932e-12,2.550127863411071e-10,2.5501278627607554e-10
2309,"(1.0, 9.0, 11.0, 11.0, 12.0, 13.0, 13.0, 14.0)",11764116000.000002,1,-26.30645930110918,1.0,1.0,3.760537182259371e-12,8.500426211370237e-11,8.500426210647665e-11
2310,"(2.0, 2.0, 2.0, 2.0, 2.0, 2.0, 6.0, 13.0)",35325863.99999999,1,-26.31620802337291,1.0,1.0,3.724054866620588e-12,2.8307870969553645e-08,2.8307870168218086e-08
2311,"(2.0, 2.0, 2.0, 2.0, 3.0, 6.0, 7.0, 9.0)",2460194100.0000014,1,-26.260661522956877,1.0,1.0,3.93676607438653e-12,4.064719934089751e-10,4.064719932437556e-10
2312,"(2.0, 2.0, 2.0, 2.0, 6.0, 7.0, 7.0, 9.0)",2098400850.000001,1,-26.263335674539857,1.0,1.0,3.926252628695819e-12,4.765533715829363e-10,4.765533713558332e-10
2313,"(2.0, 2.0, 2.0, 2.0, 6.0, 7.0, 8.0, 11.0)",3617932500.0000014,1,-25.771448442101924,1.0,1.0,6.420992327004054e-12,2.7640095551810314e-10,2.7640095544170567e-10
2314,"(2.0, 2.0, 2.0, 3.0, 3.0, 4.0, 11.0, 13.0)",3444271740.0000005,1,-25.828469855301897,1.0,1.0,6.065101396916404e-12,2.9033713814926804e-10,2.903371380649724e-10
2315,"(2.0, 2.0, 2.0, 3.0, 3.0, 6.0, 7.0, 7.0)",2744062650.0000005,1,-25.529471892918576,1.0,1.0,8.17883093574146e-12,3.644231665045985e-10,3.6442316637179426e-10
2316,"(2.0, 2.0, 2.0, 3.0, 3.0, 6.0, 9.0, 11.0)",4100323500.0,1,-26.1873227987359,1.0,1.0,4.236334188906798e-12,2.438831960453852e-10,2.438831959859062e-10
2317,"(2.0, 2.0, 2.0, 3.0, 3.0, 7.0, 8.0, 8.0)",2050161750.0,1,-25.067993054413808,1.0,1.0,1.2975047131290272e-11,4.877663920907704e-10,4.877663918528543e-10
2318,"(2.0, 2.0, 2.0, 3.0, 4.0, 6.0, 6.0, 11.0)",8393603400.000004,1,-26.130871327804755,1.0,1.0,4.4823604244145146e-12,1.1913834289573409e-10,1.1913834288154013e-10
2319,"(2.0, 2.0, 2.0, 3.0, 4.0, 6.0, 9.0, 14.0)",12156253200.000008,1,-26.33082920331009,1.0,1.0,3.670000919525885e-12,8.226218914229258e-11,8.22621891355255e-11
2320,"(2.0, 2.0, 2.0, 3.0, 4.0, 7.0, 11.0, 11.0)",7235865000.000003,1,-25.83590264969676,1.0,1.0,6.020187868535959e-12,1.3820047775905157e-10,1.382004777399522e-10
2321,"(2.0, 2.0, 2.0, 3.0, 4.0, 7.0, 11.0, 12.0)",12156253200.000008,1,-25.95397112668024,1.0,1.0,5.349750847422869e-12,8.226218914229258e-11,8.22621891355255e-11
2322,"(2.0, 2.0, 2.0, 3.0, 4.0, 8.0, 13.0, 14.0)",8104168800.0,1,-25.614929894983,1.0,1.0,7.5089167994479e-12,1.2339328371343895e-10,1.2339328369821304e-10
2323,"(2.0, 2.0, 2.0, 3.0, 4.0, 8.0, 14.0, 14.0)",4052084400.0,1,-25.524587128606736,1.0,1.0,8.2188803335088e-12,2.467865674268779e-10,2.467865673659743e-10
2324,"(2.0, 2.0, 2.0, 3.0, 4.0, 9.0, 12.0, 12.0)",4052084400.0,1,-26.586352321434475,1.0,1.0,2.842456930344242e-12,2.467865674268779e-10,2.467865673659743e-10
2325,"(2.0, 2.0, 2.0, 3.0, 6.0, 6.0, 6.0, 11.0)",2797867800.0000014,1,-26.11419109870269,1.0,1.0,4.557754268446176e-12,3.5741502868720226e-10,3.574150285594568e-10
2326,"(2.0, 2.0, 2.0, 3.0, 6.0, 7.0, 8.0, 9.0)",14471730000.000006,1,-25.92534605955857,1.0,1.0,5.505100666425715e-12,6.910023887952579e-11,6.910023887475094e-11
2327,"(2.0, 2.0, 2.0, 3.0, 6.0, 8.0, 11.0, 11.0)",5788692000.0,1,-25.698109717880943,1.0,1.0,6.909597575170737e-12,1.7275059719881451e-10,1.7275059716897175e-10
2328,"(2.0, 2.0, 2.0, 3.0, 7.0, 7.0, 11.0, 14.0)",6078126600.000004,1,-25.50486757832927,1.0,1.0,8.382561513031133e-12,1.6452437828458515e-10,1.6452437825751688e-10
2329,"(2.0, 2.0, 2.0, 3.0, 8.0, 11.0, 13.0, 14.0)",6535620000.000001,1,-25.522534420850217,1.0,1.0,8.235768620347938e-12,1.5300767180466427e-10,1.530076717812529e-10
2330,"(2.0, 2.0, 2.0, 4.0, 4.0, 4.0, 4.0, 8.0)",1088059700.0000005,1,-26.138188709010898,1.0,1.0,4.4496809942255635e-12,9.190672166242345e-10,9.190672157795499e-10
2331,"(2.0, 2.0, 2.0, 4.0, 4.0, 6.0, 8.0, 12.0)",9792537300.000006,1,-26.14718148275954,1.0,1.0,4.409845404472012e-12,1.0211857962491493e-10,1.0211857961448672e-10
2332,"(2.0, 2.0, 2.0, 4.0, 4.0, 7.0, 7.0, 9.0)",6528358200.000003,1,-26.30174680513671,1.0,1.0,3.778300520541707e-12,1.531778694373724e-10,1.5317786941390894e-10
2333,"(2.0, 2.0, 2.0, 4.0, 4.0, 7.0, 7.0, 13.0)",5272904700.000001,1,-25.926213632600643,1.0,1.0,5.500326660692413e-12,1.8964879073198494e-10,1.8964879069601828e-10
2334,"(2.0, 2.0, 2.0, 4.0, 4.0, 7.0, 8.0, 13.0)",9792537300.000006,1,-25.805100929886898,1.0,1.0,6.208505371390965e-12,1.0211857962491493e-10,1.0211857961448672e-10
2335,"(2.0, 2.0, 2.0, 4.0, 4.0, 7.0, 11.0, 14.0)",9792537300.000006,1,-25.979409054270945,1.0,1.0,5.215380569148888e-12,1.0211857962491493e-10,1.0211857961448672e-10
2336,"(2.0, 2.0, 2.0, 4.0, 4.0, 9.0, 11.0, 11.0)",4823910000.000002,1,-26.58882318122984,1.0,1.0,2.835442287463317e-12,2.0730071663857733e-10,2.0730071659560375e-10
2337,"(2.0, 2.0, 2.0, 4.0, 4.0, 9.0, 11.0, 13.0)",8441842500.000004,1,-26.58406453841796,1.0,1.0,2.848967299350906e-12,1.1845755236490132e-10,1.1845755235086914e-10
2338,"(2.0, 2.0, 2.0, 4.0, 6.0, 6.0, 8.0, 14.0)",9792537300.000006,1,-25.91733136748585,1.0,1.0,5.5493996372721674e-12,1.0211857962491493e-10,1.0211857961448672e-10
2339,"(2.0, 2.0, 2.0, 4.0, 6.0, 6.0, 13.0, 13.0)",3766360500.0000014,1,-26.26756638181055,1.0,1.0,3.909676891423041e-12,2.6550830702477885e-10,2.655083069542842e-10
2340,"(2.0, 2.0, 2.0, 4.0, 6.0, 8.0, 9.0, 13.0)",16883685000.000008,1,-26.30273341855559,1.0,1.0,3.77457463685323e-12,5.922877618245066e-11,5.922877617894261e-11
2341,"(2.0, 2.0, 2.0, 4.0, 6.0, 8.0, 11.0, 12.0)",16883685000.000008,1,-26.05478600862676,1.0,1.0,4.8367117884974265e-12,5.922877618245066e-11,5.922877617894261e-11
2342,"(2.0, 2.0, 2.0, 4.0, 6.0, 8.0, 12.0, 13.0)",13506948000.000006,1,-26.050027365814884,1.0,1.0,4.859782822150767e-12,7.403597022806333e-11,7.403597022258201e-11
2343,"(2.0, 2.0, 2.0, 4.0, 6.0, 8.0, 13.0, 14.0)",13506948000.000006,1,-25.836857479643264,1.0,1.0,6.014442356305581e-12,7.403597022806333e-11,7.403597022258201e-11
2344,"(2.0, 2.0, 2.0, 4.0, 6.0, 11.0, 12.0, 12.0)",6753474000.000003,1,-26.43750537637055,1.0,1.0,3.2986580675022375e-12,1.4807194045612667e-10,1.4807194043420137e-10
2345,"(2.0, 2.0, 2.0, 4.0, 7.0, 7.0, 9.0, 11.0)",11657782500.000006,1,-26.209351331003926,1.0,1.0,4.1440343123271234e-12,8.577960688492854e-11,8.577960687757039e-11
2346,"(2.0, 2.0, 2.0, 4.0, 7.0, 7.0, 9.0, 12.0)",9792537300.000006,1,-26.32741980798741,1.0,1.0,3.682534757758777e-12,1.0211857962491493e-10,1.0211857961448672e-10
2347,"(2.0, 2.0, 2.0, 4.0, 7.0, 8.0, 9.0, 11.0)",19295640000.000008,1,-26.088238628290185,1.0,1.0,4.67758750969756e-12,5.182517915964433e-11,5.1825179156958483e-11
2348,"(2.0, 2.0, 2.0, 4.0, 7.0, 8.0, 9.0, 13.0)",16883685000.000008,1,-26.08347998547831,1.0,1.0,4.699899523224876e-12,5.922877618245066e-11,5.922877617894261e-11
2349,"(2.0, 2.0, 2.0, 4.0, 7.0, 8.0, 12.0, 13.0)",13506948000.000006,1,-25.8307739327376,1.0,1.0,6.05114302040785e-12,7.403597022806333e-11,7.403597022258201e-11
2350,"(2.0, 2.0, 2.0, 4.0, 8.0, 8.0, 11.0, 12.0)",6753474000.0,1,-25.71441987283573,1.0,1.0,6.797815041301045e-12,1.4807194045612672e-10,1.4807194043420142e-10
2351,"(2.0, 2.0, 2.0, 4.0, 8.0, 9.0, 11.0, 12.0)",13506948000.0,1,-26.349845293320232,1.0,1.0,3.6008712231302985e-12,7.403597022806336e-11,7.403597022258203e-11
2352,"(2.0, 2.0, 2.0, 4.0, 8.0, 9.0, 11.0, 14.0)",13506948000.0,1,-26.13667540714861,1.0,1.0,4.456419802400162e-12,7.403597022806336e-11,7.403597022258203e-11
2353,"(2.0, 2.0, 2.0, 4.0, 8.0, 11.0, 13.0, 13.0)",5627895000.0,1,-25.85148500098881,1.0,1.0,5.927106284711395e-12,1.7768632854735206e-10,1.7768632851577964e-10
2354,"(2.0, 2.0, 2.0, 6.0, 6.0, 7.0, 8.0, 14.0)",9792537300.000006,1,-25.68139770530651,1.0,1.0,7.0260411498455705e-12,1.0211857962491493e-10,1.0211857961448672e-10
2355,"(2.0, 2.0, 2.0, 6.0, 6.0, 8.0, 9.0, 12.0)",8441842500.000004,1,-26.40888030924889,1.0,1.0,3.3944468151194125e-12,1.1845755236490132e-10,1.1845755235086914e-10
2356,"(2.0, 2.0, 2.0, 6.0, 7.0, 7.0, 8.0, 13.0)",9792537300.000006,1,-25.55248703860549,1.0,1.0,7.992743578115843e-12,1.0211857962491493e-10,1.0211857961448672e-10
2357,"(2.0, 2.0, 2.0, 6.0, 7.0, 7.0, 8.0, 14.0)",9792537300.000006,1,-25.462144272229228,1.0,1.0,8.748452640970142e-12,1.0211857962491493e-10,1.0211857961448672e-10
2358,"(2.0, 2.0, 2.0, 6.0, 7.0, 7.0, 9.0, 13.0)",9792537300.000006,1,-26.18791245908999,1.0,1.0,4.233836926929468e-12,1.0211857962491493e-10,1.0211857961448672e-10
2359,"(2.0, 2.0, 2.0, 6.0, 7.0, 7.0, 11.0, 14.0)",9792537300.000006,1,-25.726795162989536,1.0,1.0,6.71420850235261e-12,1.0211857962491493e-10,1.0211857961448672e-10
2360,"(2.0, 2.0, 2.0, 6.0, 7.0, 8.0, 11.0, 13.0)",16883685000.000008,1,-25.69602522665205,1.0,1.0,6.9240155926061485e-12,5.922877618245066e-11,5.922877617894261e-11
2361,"(2.0, 2.0, 2.0, 6.0, 7.0, 8.0, 12.0, 14.0)",13506948000.000006,1,-25.723750937259275,1.0,1.0,6.734679211554606e-12,7.403597022806333e-11,7.403597022258201e-11
2362,"(2.0, 2.0, 2.0, 6.0, 8.0, 8.0, 11.0, 13.0)",6753474000.0,1,-25.574912523938316,1.0,1.0,7.815497269552724e-12,1.4807194045612672e-10,1.4807194043420142e-10
2363,"(2.0, 2.0, 2.0, 6.0, 8.0, 11.0, 11.0, 12.0)",6753474000.0,1,-25.962390534493977,1.0,1.0,5.304898194677411e-12,1.4807194045612672e-10,1.4807194043420142e-10
2364,"(2.0, 2.0, 2.0, 6.0, 8.0, 11.0, 12.0, 14.0)",11255790000.0,1,-25.86728912530584,1.0,1.0,5.834169883753075e-12,8.884316427367603e-11,8.884316426578292e-11
2365,"(2.0, 2.0, 2.0, 6.0, 8.0, 11.0, 13.0, 14.0)",11255790000.0,1,-25.744462005510485,1.0,1.0,6.596631305143083e-12,8.884316427367603e-11,8.884316426578292e-11
2366,"(2.0, 2.0, 2.0, 6.0, 11.0, 14.0, 14.0, 14.0)",1425733400.0000002,1,-25.82366872070639,1.0,1.0,6.094290780066937e-12,7.013934021606001e-10,7.013934016686474e-10
2367,"(2.0, 2.0, 2.0, 7.0, 7.0, 8.0, 11.0, 13.0)",8441842500.000004,1,-25.476771793574773,1.0,1.0,8.621415845050222e-12,1.1845755236490132e-10,1.1845755235086914e-10
2368,"(2.0, 2.0, 2.0, 7.0, 8.0, 9.0, 12.0, 14.0)",11255790000.0,1,-26.018810221952748,1.0,1.0,5.013884149056266e-12,8.884316427367603e-11,8.884316426578292e-11
2369,"(2.0, 2.0, 2.0, 8.0, 8.0, 9.0, 11.0, 12.0)",5010642000.000001,1,-25.992798928427145,1.0,1.0,5.1460127293767065e-12,1.9957522409304033e-10,1.9957522405321005e-10
2370,"(2.0, 2.0, 3.0, 3.0, 3.0, 4.0, 4.0, 14.0)",1987079850.0,1,-25.613645650790872,1.0,1.0,7.518566277053323e-12,5.032510394587313e-10,5.032510392054697e-10
2371,"(2.0, 2.0, 3.0, 3.0, 3.0, 6.0, 6.0, 9.0)",2460194100.0000014,1,-26.046161131499076,1.0,1.0,4.8786082495720566e-12,4.064719934089751e-10,4.064719932437556e-10
2372,"(2.0, 2.0, 3.0, 3.0, 3.0, 6.0, 6.0, 14.0)",1987079850.0,1,-25.580285192586743,2.0,4.0,7.773619790046066e-12,1.0065020789174627e-09,2.013004156821879e-09
2373,"(2.0, 2.0, 3.0, 3.0, 3.0, 7.0, 9.0, 14.0)",3444271740.0000005,1,-25.65609104420293,1.0,1.0,7.206115724963586e-12,2.9033713814926804e-10,2.903371380649724e-10
2374,"(2.0, 2.0, 3.0, 3.0, 4.0, 4.0, 6.0, 7.0)",13558897800.000002,1,-25.78713645659271,2.0,4.0,6.321045737946005e-12,1.4750461501376606e-10,2.9500923000577453e-10
2375,"(2.0, 2.0, 3.0, 3.0, 4.0, 4.0, 6.0, 14.0)",10169173350.000002,1,-25.835573235451136,1.0,1.0,6.022171330853619e-12,9.833641000917738e-11,9.833640999950733e-11
2376,"(2.0, 2.0, 3.0, 3.0, 4.0, 4.0, 7.0, 9.0)",12590405100.000006,1,-26.082195741286185,1.0,1.0,4.705939219283341e-12,7.942556193048939e-11,7.942556192418098e-11
2377,"(2.0, 2.0, 3.0, 3.0, 4.0, 6.0, 6.0, 9.0)",12590405100.000006,1,-26.2847689452614,1.0,1.0,3.842995615464004e-12,7.942556193048939e-11,7.942556192418098e-11
2378,"(2.0, 2.0, 3.0, 3.0, 4.0, 6.0, 7.0, 7.0)",13558897800.000002,2,-25.551202794413364,3.0,5.0,8.003014806606293e-12,2.212569225206491e-10,3.6876153748546054e-10
2379,"(2.0, 2.0, 3.0, 3.0, 4.0, 6.0, 8.0, 8.0)",10853797500.000004,1,-25.30897738898588,1.0,1.0,1.0196491871275977e-11,9.213365183936771e-11,9.213365183087911e-11
2380,"(2.0, 2.0, 3.0, 3.0, 4.0, 6.0, 8.0, 11.0)",21707595000.000008,1,-25.57362827974619,1.0,1.0,7.825540724273562e-12,4.606682591968386e-11,4.6066825917561706e-11
2381,"(2.0, 2.0, 3.0, 3.0, 4.0, 6.0, 8.0, 14.0)",18234379800.00001,1,-25.47852687055805,1.0,1.0,8.606297867025608e-12,5.484145942819505e-11,5.4841459425187466e-11
2382,"(2.0, 2.0, 3.0, 3.0, 4.0, 6.0, 11.0, 14.0)",18234379800.00001,1,-25.74317776131836,1.0,1.0,6.605108432770161e-12,5.484145942819505e-11,5.4841459425187466e-11
2383,"(2.0, 2.0, 3.0, 3.0, 4.0, 6.0, 13.0, 14.0)",14026446000.000004,1,-25.73841911850648,1.0,1.0,6.636614688590267e-12,7.12938972566536e-11,7.129389725157078e-11
2384,"(2.0, 2.0, 3.0, 3.0, 4.0, 7.0, 8.0, 13.0)",18234379800.00001,1,-25.34961620385703,1.0,1.0,9.790425438873667e-12,5.484145942819505e-11,5.4841459425187466e-11
2385,"(2.0, 2.0, 3.0, 3.0, 4.0, 8.0, 9.0, 13.0)",15195316500.0,1,-25.863928921627785,1.0,1.0,5.85380685649218e-12,6.58097513138341e-11,6.580975130950318e-11
2386,"(2.0, 2.0, 3.0, 3.0, 4.0, 11.0, 12.0, 13.0)",12156253200.0,1,-25.875873759647384,1.0,1.0,5.78430003210195e-12,8.226218914229263e-11,8.226218913552556e-11
2387,"(2.0, 2.0, 3.0, 3.0, 6.0, 6.0, 7.0, 7.0)",6779448900.000001,1,-25.5345225653113,1.0,1.0,8.137626482817309e-12,1.4750461501376606e-10,1.4750461499200844e-10
2388,"(2.0, 2.0, 3.0, 3.0, 6.0, 6.0, 7.0, 11.0)",12590405100.000006,1,-25.678060753357865,1.0,1.0,7.049525873456557e-12,7.942556193048939e-11,7.942556192418098e-11
2389,"(2.0, 2.0, 3.0, 3.0, 6.0, 6.0, 8.0, 9.0)",10853797500.000004,1,-25.92772258036831,1.0,1.0,5.492033213819017e-12,9.213365183936771e-11,9.213365183087911e-11
2390,"(2.0, 2.0, 3.0, 3.0, 6.0, 7.0, 8.0, 8.0)",10853797500.000004,2,-25.07304372680653,2.0,2.0,1.290967963281643e-11,1.8426730367873543e-10,1.8426730364478098e-10
2391,"(2.0, 2.0, 3.0, 3.0, 6.0, 7.0, 8.0, 11.0)",21707595000.000008,1,-25.33769461756684,1.0,1.0,9.907841341836694e-12,4.606682591968386e-11,4.6066825917561706e-11
2392,"(2.0, 2.0, 3.0, 3.0, 6.0, 7.0, 11.0, 12.0)",18234379800.00001,1,-25.720413985310632,1.0,1.0,6.7571900503781866e-12,5.484145942819505e-11,5.4841459425187466e-11
2393,"(2.0, 2.0, 3.0, 3.0, 6.0, 11.0, 11.0, 12.0)",7597658250.0,1,-25.8639521733572,1.0,1.0,5.853670746941494e-12,1.316195026276682e-10,1.316195026103445e-10
2394,"(2.0, 2.0, 3.0, 3.0, 6.0, 11.0, 14.0, 14.0)",6078126600.0,1,-25.55568087799744,1.0,1.0,7.96725676089182e-12,1.6452437828458526e-10,1.64524378257517e-10
2395,"(2.0, 2.0, 3.0, 3.0, 7.0, 7.0, 7.0, 8.0)",4196801700.000002,1,-24.974902996442992,1.0,1.0,1.4240900188716323e-11,2.3827668579146817e-10,2.382766857346924e-10
2396,"(2.0, 2.0, 3.0, 3.0, 7.0, 7.0, 7.0, 11.0)",4196801700.000002,1,-25.2395538872033,1.0,1.0,1.0929518287662678e-11,2.3827668579146817e-10,2.382766857346924e-10
2397,"(2.0, 2.0, 3.0, 3.0, 7.0, 7.0, 12.0, 14.0)",7013223000.000002,1,-25.40605914304521,2.0,4.0,9.253130927327264e-12,2.851755890266144e-10,5.703511779719037e-10
2398,"(2.0, 2.0, 3.0, 3.0, 8.0, 8.0, 9.0, 11.0)",6442254000.000001,1,-25.51164119954657,1.0,1.0,8.325973087157647e-12,1.5522517429458694e-10,1.5522517427049208e-10
2399,"(2.0, 2.0, 3.0, 3.0, 8.0, 9.0, 11.0, 14.0)",11764116000.000002,1,-25.681190681118743,1.0,1.0,7.027495860882818e-12,8.500426211370237e-11,8.500426210647665e-11
2400,"(2.0, 2.0, 3.0, 3.0, 8.0, 13.0, 14.0, 14.0)",3725303400.000001,1,-25.210556099394537,1.0,1.0,1.1251090041495346e-11,2.6843451193800746e-10,2.6843451186595036e-10
2401,"(2.0, 2.0, 3.0, 4.0, 4.0, 4.0, 7.0, 7.0)",6779448899.999999,1,-25.80649083727776,1.0,1.0,6.199882118039073e-12,1.475046150137661e-10,1.475046149920085e-10
2402,"(2.0, 2.0, 3.0, 4.0, 4.0, 4.0, 7.0, 11.0)",13056716400.000006,1,-25.95002902532432,1.0,1.0,5.370881730168325e-12,7.65889347186862e-11,7.658893471282034e-11
2403,"(2.0, 2.0, 3.0, 4.0, 4.0, 4.0, 7.0, 14.0)",10545809400.000002,1,-25.854927616136184,1.0,1.0,5.906736621409017e-12,9.482439536599247e-11,9.482439535700081e-11
2404,"(2.0, 2.0, 3.0, 4.0, 4.0, 4.0, 9.0, 9.0)",5828891250.000003,1,-26.835116272819267,1.0,1.0,2.216445625281302e-12,1.7155921376985708e-10,1.7155921374042452e-10
2405,"(2.0, 2.0, 3.0, 4.0, 4.0, 6.0, 7.0, 11.0)",39170149200.000015,1,-25.93334879622226,1.0,1.0,5.461220609940497e-12,2.5529644906228738e-11,2.5529644905576974e-11
2406,"(2.0, 2.0, 3.0, 4.0, 4.0, 6.0, 8.0, 11.0)",34973347500.000015,2,-25.81223609350852,2.0,2.0,6.164364333753604e-12,5.7186404589952364e-11,5.718640458668208e-11
2407,"(2.0, 2.0, 3.0, 4.0, 4.0, 6.0, 9.0, 11.0)",34973347500.000015,1,-26.44766151399301,1.0,1.0,3.2653259912844154e-12,2.8593202294976182e-11,2.859320229415861e-11
2408,"(2.0, 2.0, 3.0, 4.0, 4.0, 6.0, 11.0, 11.0)",17486673750.000008,1,-26.076886984268825,1.0,1.0,4.730988338150054e-12,5.7186404589952364e-11,5.718640458668208e-11
2409,"(2.0, 2.0, 3.0, 4.0, 4.0, 7.0, 8.0, 9.0)",34973347500.000015,1,-25.963757190155423,1.0,1.0,5.297653177375872e-12,2.8593202294976182e-11,2.859320229415861e-11
2410,"(2.0, 2.0, 3.0, 4.0, 4.0, 7.0, 8.0, 11.0)",34973347500.000015,1,-25.592982660431232,1.0,1.0,7.67553851242596e-12,2.8593202294976182e-11,2.859320229415861e-11
2411,"(2.0, 2.0, 3.0, 4.0, 4.0, 7.0, 9.0, 11.0)",34973347500.000015,1,-26.22840808091573,1.0,1.0,4.06581020276381e-12,2.8593202294976182e-11,2.859320229415861e-11
2412,"(2.0, 2.0, 3.0, 4.0, 4.0, 7.0, 11.0, 13.0)",29377611900.00001,1,-25.85287490837967,1.0,1.0,5.918873878346403e-12,3.4039526541638315e-11,3.403952654047963e-11
2413,"(2.0, 2.0, 3.0, 4.0, 4.0, 8.0, 9.0, 13.0)",25325527500.00001,1,-26.102536735390117,2.0,4.0,4.611182725164649e-12,7.897170157660088e-11,1.5794340314696524e-10
2414,"(2.0, 2.0, 3.0, 4.0, 4.0, 8.0, 11.0, 12.0)",25325527500.00001,1,-25.85458932546128,2.0,4.0,5.908735153350454e-12,7.897170157660088e-11,1.5794340314696524e-10
2415,"(2.0, 2.0, 3.0, 4.0, 4.0, 11.0, 14.0, 14.0)",10130211000.000004,1,-25.810968920861832,1.0,1.0,6.172180598854327e-12,9.871462697075112e-11,9.871462696100654e-11
2416,"(2.0, 2.0, 3.0, 4.0, 6.0, 6.0, 6.0, 8.0)",13056716400.000006,1,-25.871271109437167,1.0,1.0,5.810984504398836e-12,7.65889347186862e-11,7.658893471282034e-11
2417,"(2.0, 2.0, 3.0, 4.0, 6.0, 6.0, 7.0, 7.0)",20338346700.0,1,-25.773130379073628,1.0,1.0,6.410201699735529e-12,4.9168205004588695e-11,4.916820500217118e-11
2418,"(2.0, 2.0, 3.0, 4.0, 6.0, 6.0, 7.0, 11.0)",39170149200.000015,1,-25.916668567120198,1.0,1.0,5.553079000587885e-12,2.5529644906228738e-11,2.5529644905576974e-11
2419,"(2.0, 2.0, 3.0, 4.0, 6.0, 6.0, 7.0, 12.0)",31637428200.000004,1,-26.034737044103675,1.0,1.0,4.934661465378127e-12,3.160813178866416e-11,3.1608131787665085e-11
2420,"(2.0, 2.0, 3.0, 4.0, 6.0, 6.0, 7.0, 13.0)",31637428200.000004,1,-25.91190992430832,1.0,1.0,5.579567093760401e-12,3.160813178866416e-11,3.1608131787665085e-11
2421,"(2.0, 2.0, 3.0, 4.0, 6.0, 6.0, 8.0, 9.0)",34973347500.000015,1,-26.16633039413064,1.0,1.0,4.326205032457865e-12,2.8593202294976182e-11,2.859320229415861e-11
2422,"(2.0, 2.0, 3.0, 4.0, 6.0, 6.0, 8.0, 14.0)",29377611900.00001,1,-25.700454455218317,1.0,1.0,6.893415362682785e-12,3.4039526541638315e-11,3.403952654047963e-11
2423,"(2.0, 2.0, 3.0, 4.0, 6.0, 6.0, 9.0, 11.0)",34973347500.000015,1,-26.43098128489095,1.0,1.0,3.3202491690722614e-12,2.8593202294976182e-11,2.859320229415861e-11
2424,"(2.0, 2.0, 3.0, 4.0, 6.0, 7.0, 7.0, 8.0)",39170149200.000015,1,-25.432764243282605,1.0,1.0,9.00929545478924e-12,2.5529644906228738e-11,2.5529644905576974e-11
2425,"(2.0, 2.0, 3.0, 4.0, 6.0, 7.0, 7.0, 13.0)",31637428200.000004,1,-25.69265649123104,1.0,1.0,6.9473801015171945e-12,3.160813178866416e-11,3.1608131787665085e-11
2426,"(2.0, 2.0, 3.0, 4.0, 6.0, 7.0, 8.0, 8.0)",34973347500.000015,1,-25.31165154056886,1.0,1.0,1.0169261331919854e-11,2.8593202294976182e-11,2.859320229415861e-11
2427,"(2.0, 2.0, 3.0, 4.0, 6.0, 7.0, 8.0, 9.0)",69946695000.00003,2,-25.94707696105336,2.0,2.0,5.386760344040428e-12,2.8593202294976182e-11,2.859320229415861e-11
2428,"(2.0, 2.0, 3.0, 4.0, 6.0, 7.0, 8.0, 11.0)",69946695000.00003,2,-25.576302431329168,2.0,2.0,7.80464199779337e-12,2.8593202294976182e-11,2.859320229415861e-11
2429,"(2.0, 2.0, 3.0, 4.0, 6.0, 7.0, 8.0, 13.0)",58755223800.00003,1,-25.571543788517296,1.0,1.0,7.841870008486804e-12,1.7019763270819154e-11,1.7019763270529483e-11
2430,"(2.0, 2.0, 3.0, 4.0, 6.0, 7.0, 9.0, 11.0)",69946695000.00003,2,-26.21172785181367,4.0,10.0,4.134197621727221e-12,5.7186404589952364e-11,1.4296601147161064e-10
2431,"(2.0, 2.0, 3.0, 4.0, 6.0, 7.0, 13.0, 14.0)",45196326000.000015,1,-25.741093270089465,1.0,1.0,6.6188910832806394e-12,2.2125692252064906e-11,2.212569225157536e-11
2432,"(2.0, 2.0, 3.0, 4.0, 6.0, 7.0, 14.0, 14.0)",22598163000.000008,1,-25.6507505037132,2.0,4.0,7.24470322510589e-12,8.850276900825962e-11,1.7700553800868652e-10
2433,"(2.0, 2.0, 3.0, 4.0, 6.0, 8.0, 9.0, 11.0)",57886920000.00002,2,-26.090615149099925,2.0,2.0,4.666484324342669e-12,3.455011943976289e-11,3.455011943856918e-11
2434,"(2.0, 2.0, 3.0, 4.0, 6.0, 8.0, 9.0, 14.0)",50651055000.00002,1,-25.995513739911782,1.0,1.0,5.132061221344807e-12,1.974292539415022e-11,1.9742925393760438e-11
2435,"(2.0, 2.0, 3.0, 4.0, 6.0, 8.0, 11.0, 11.0)",28943460000.00001,1,-25.71984061937573,1.0,1.0,6.7610655038890694e-12,3.455011943976289e-11,3.455011943856918e-11
2436,"(2.0, 2.0, 3.0, 4.0, 6.0, 8.0, 11.0, 13.0)",50651055000.00002,2,-25.71508197656386,5.0,13.0,6.7933156723079345e-12,9.87146269707511e-11,2.566580301142083e-10
2437,"(2.0, 2.0, 3.0, 4.0, 6.0, 8.0, 12.0, 13.0)",40520844000.000015,1,-25.83315045354734,1.0,1.0,6.036779427546091e-12,2.467865674268778e-11,2.467865674207874e-11
2438,"(2.0, 2.0, 3.0, 4.0, 6.0, 8.0, 13.0, 14.0)",40520844000.000015,1,-25.61998056737572,1.0,1.0,7.471087333206959e-12,2.467865674268778e-11,2.467865674207874e-11
2439,"(2.0, 2.0, 3.0, 4.0, 6.0, 9.0, 12.0, 14.0)",40520844000.000015,1,-26.37823310765557,1.0,1.0,3.5000876403188737e-12,2.467865674268778e-11,2.467865674207874e-11
2440,"(2.0, 2.0, 3.0, 4.0, 7.0, 7.0, 7.0, 7.0)",3389724449.9999995,1,-25.334623512919062,1.0,1.0,9.93831613111216e-12,2.950092300275322e-10,2.9500922994050176e-10
2441,"(2.0, 2.0, 3.0, 4.0, 7.0, 7.0, 8.0, 11.0)",34973347500.000015,3,-25.357048998251887,4.0,6.0,9.717924993781546e-12,1.1437280917990473e-10,1.7155921375677597e-10
2442,"(2.0, 2.0, 3.0, 4.0, 7.0, 7.0, 8.0, 14.0)",29377611900.00001,2,-25.261947589063748,2.0,2.0,1.068748602719217e-11,6.807905308327663e-11,6.807905307864187e-11
2443,"(2.0, 2.0, 3.0, 4.0, 7.0, 7.0, 9.0, 11.0)",34973347500.000015,1,-25.992474418736386,1.0,1.0,5.14768293135987e-12,2.8593202294976182e-11,2.859320229415861e-11
2444,"(2.0, 2.0, 3.0, 4.0, 7.0, 7.0, 11.0, 11.0)",17486673750.000008,1,-25.6216998890122,1.0,1.0,7.458253167298074e-12,5.7186404589952364e-11,5.718640458668208e-11
2445,"(2.0, 2.0, 3.0, 4.0, 7.0, 8.0, 8.0, 9.0)",28943460000.00001,1,-25.606710825262333,1.0,1.0,7.570887431764402e-12,3.455011943976289e-11,3.455011943856918e-11
2446,"(2.0, 2.0, 3.0, 4.0, 7.0, 8.0, 8.0, 13.0)",25325527500.00001,1,-25.231177652726267,1.0,1.0,1.102145098295793e-11,3.948585078830044e-11,3.948585078674131e-11
2447,"(2.0, 2.0, 3.0, 4.0, 7.0, 8.0, 9.0, 13.0)",50651055000.00002,1,-25.86660307321077,1.0,1.0,5.838173801515879e-12,1.974292539415022e-11,1.9742925393760438e-11
2448,"(2.0, 2.0, 3.0, 4.0, 7.0, 8.0, 9.0, 14.0)",50651055000.00002,1,-25.776260306834505,2.0,4.0,6.390169597352999e-12,3.948585078830044e-11,7.897170157504175e-11
2449,"(2.0, 2.0, 3.0, 4.0, 7.0, 8.0, 12.0, 12.0)",20260422000.000008,1,-25.736724140265416,1.0,1.0,6.647873144805505e-12,4.935731348537556e-11,4.9357313482939414e-11
2450,"(2.0, 2.0, 3.0, 4.0, 7.0, 8.0, 14.0, 14.0)",20260422000.000008,1,-25.310384367922172,1.0,1.0,1.0182155709692689e-11,4.935731348537556e-11,4.9357313482939414e-11
2451,"(2.0, 2.0, 3.0, 4.0, 7.0, 11.0, 11.0, 14.0)",25325527500.00001,1,-25.670136667870626,1.0,1.0,7.105608828729272e-12,3.948585078830044e-11,3.948585078674131e-11
2452,"(2.0, 2.0, 3.0, 4.0, 8.0, 8.0, 8.0, 9.0)",7396662000.0,1,-25.48559812254859,1.0,1.0,8.545655228482076e-12,1.3519611954689832e-10,1.3519611952862031e-10
2453,"(2.0, 2.0, 3.0, 4.0, 8.0, 8.0, 8.0, 14.0)",6753474000.0,1,-25.01972218363626,1.0,1.0,1.3616726575425657e-11,1.4807194045612672e-10,1.4807194043420142e-10
2454,"(2.0, 2.0, 3.0, 4.0, 8.0, 8.0, 9.0, 12.0)",20260422000.0,1,-25.868317490292384,1.0,1.0,5.828173311579981e-12,4.935731348537558e-11,4.9357313482939434e-11
2455,"(2.0, 2.0, 3.0, 4.0, 8.0, 9.0, 9.0, 14.0)",20260422000.0,1,-26.29057302460526,1.0,1.0,3.820755169086547e-12,4.935731348537558e-11,4.9357313482939434e-11
2456,"(2.0, 2.0, 3.0, 4.0, 8.0, 9.0, 11.0, 13.0)",40520844000.0,2,-26.01014126125733,2.0,2.0,5.0575382581671295e-12,4.935731348537558e-11,4.9357313482939434e-11
2457,"(2.0, 2.0, 3.0, 4.0, 8.0, 11.0, 11.0, 12.0)",20260422000.0,1,-25.7621938513285,1.0,1.0,6.480691804374265e-12,4.935731348537558e-11,4.9357313482939434e-11
2458,"(2.0, 2.0, 3.0, 4.0, 9.0, 9.0, 11.0, 13.0)",20260422000.0,1,-26.645566681741837,1.0,1.0,2.679029050226843e-12,4.935731348537558e-11,4.9357313482939434e-11
2459,"(2.0, 2.0, 3.0, 6.0, 6.0, 6.0, 7.0, 8.0)",13056716400.000006,1,-25.635337447257825,1.0,1.0,7.35723121737372e-12,7.65889347186862e-11,7.658893471282034e-11
2460,"(2.0, 2.0, 3.0, 6.0, 6.0, 6.0, 8.0, 12.0)",9792537300.000006,1,-25.89694411228787,1.0,1.0,5.663697818081e-12,1.0211857962491493e-10,1.0211857961448672e-10
2461,"(2.0, 2.0, 3.0, 6.0, 6.0, 6.0, 9.0, 9.0)",5828891250.000003,1,-26.78507558551308,1.0,1.0,2.3301800293669103e-12,1.7155921376985708e-10,1.7155921374042452e-10
2462,"(2.0, 2.0, 3.0, 6.0, 6.0, 6.0, 11.0, 13.0)",9792537300.000006,2,-26.038767883252824,2.0,2.0,4.914810673308005e-12,2.0423715924982985e-10,2.0423715920811704e-10
2463,"(2.0, 2.0, 3.0, 6.0, 6.0, 6.0, 11.0, 14.0)",9792537300.000006,1,-25.94842511687656,1.0,1.0,5.379503044798729e-12,1.0211857962491493e-10,1.0211857961448672e-10
2464,"(2.0, 2.0, 3.0, 6.0, 6.0, 6.0, 12.0, 14.0)",7532721000.000003,1,-26.06649359386004,2.0,4.0,4.780415761281653e-12,2.6550830702477885e-10,5.31016613979063e-10
2465,"(2.0, 2.0, 3.0, 6.0, 6.0, 6.0, 13.0, 14.0)",7532721000.000003,1,-25.943666474064685,1.0,1.0,5.405163183589707e-12,1.3275415351238942e-10,1.3275415349476575e-10
2466,"(2.0, 2.0, 3.0, 6.0, 6.0, 7.0, 7.0, 11.0)",19585074600.000008,1,-25.68073490494085,2.0,4.0,7.0306995561149824e-12,1.0211857962491495e-10,2.042371592394017e-10
2467,"(2.0, 2.0, 3.0, 6.0, 6.0, 7.0, 7.0, 14.0)",15818714100.000002,1,-25.585633495752717,1.0,1.0,7.732155096427125e-12,6.321626357732831e-11,6.321626357333202e-11
2468,"(2.0, 2.0, 3.0, 6.0, 6.0, 7.0, 8.0, 11.0)",34973347500.000015,1,-25.559622202227107,1.0,1.0,7.935917019386783e-12,2.8593202294976182e-11,2.859320229415861e-11
2469,"(2.0, 2.0, 3.0, 6.0, 6.0, 7.0, 8.0, 12.0)",29377611900.00001,1,-25.67769067921059,1.0,1.0,7.052135203525903e-12,3.4039526541638315e-11,3.403952654047963e-11
2470,"(2.0, 2.0, 3.0, 6.0, 6.0, 7.0, 9.0, 11.0)",34973347500.000015,1,-26.19504762271161,1.0,1.0,4.203735325342212e-12,2.8593202294976182e-11,2.859320229415861e-11
2471,"(2.0, 2.0, 3.0, 6.0, 6.0, 7.0, 11.0, 13.0)",29377611900.00001,1,-25.81951445017554,1.0,1.0,6.119660773081989e-12,3.4039526541638315e-11,3.403952654047963e-11
2472,"(2.0, 2.0, 3.0, 6.0, 6.0, 8.0, 9.0, 14.0)",25325527500.00001,1,-25.978833510809725,1.0,1.0,5.218383111297105e-12,3.948585078830044e-11,3.948585078674131e-11
2473,"(2.0, 2.0, 3.0, 6.0, 6.0, 8.0, 13.0, 13.0)",10130211000.000004,1,-25.69364310464992,1.0,1.0,6.9405291032821234e-12,9.871462697075112e-11,9.871462696100654e-11
2474,"(2.0, 2.0, 3.0, 6.0, 6.0, 11.0, 11.0, 13.0)",12662763750.000006,1,-25.963052638222106,1.0,1.0,5.301386964332995e-12,7.897170157660088e-11,7.897170157036435e-11
2475,"(2.0, 2.0, 3.0, 6.0, 7.0, 7.0, 8.0, 8.0)",17486673750.000008,2,-25.075717878389515,2.0,2.0,1.2875203310591613e-11,1.1437280917990473e-10,1.1437280916682359e-10
2476,"(2.0, 2.0, 3.0, 6.0, 7.0, 7.0, 8.0, 11.0)",34973347500.000015,1,-25.340368769149823,1.0,1.0,9.881381666587652e-12,2.8593202294976182e-11,2.859320229415861e-11
2477,"(2.0, 2.0, 3.0, 6.0, 7.0, 7.0, 11.0, 13.0)",29377611900.00001,1,-25.60026101709826,1.0,1.0,7.619876016992477e-12,3.4039526541638315e-11,3.403952654047963e-11
2478,"(2.0, 2.0, 3.0, 6.0, 7.0, 7.0, 11.0, 14.0)",29377611900.00001,1,-25.509918250721995,1.0,1.0,8.340330677846839e-12,3.4039526541638315e-11,3.403952654047963e-11
2479,"(2.0, 2.0, 3.0, 6.0, 7.0, 7.0, 13.0, 13.0)",11299081500.000004,1,-25.595502374286383,1.0,1.0,7.65622269707385e-12,8.850276900825962e-11,8.850276900042688e-11
2480,"(2.0, 2.0, 3.0, 6.0, 7.0, 8.0, 8.0, 9.0)",28943460000.00001,1,-25.590030596160272,1.0,1.0,7.69823067330798e-12,3.455011943976289e-11,3.455011943856918e-11
2481,"(2.0, 2.0, 3.0, 6.0, 7.0, 8.0, 8.0, 12.0)",25325527500.00001,1,-25.33732454341956,1.0,1.0,9.91150865631995e-12,3.948585078830044e-11,3.948585078674131e-11
2482,"(2.0, 2.0, 3.0, 6.0, 7.0, 8.0, 9.0, 14.0)",50651055000.00002,2,-25.759580077732444,2.0,2.0,6.497653022232096e-12,3.948585078830044e-11,3.948585078674131e-11
2483,"(2.0, 2.0, 3.0, 6.0, 7.0, 8.0, 11.0, 14.0)",50651055000.00002,1,-25.38880554800825,1.0,1.0,9.414165922660032e-12,1.974292539415022e-11,1.9742925393760438e-11
2484,"(2.0, 2.0, 3.0, 6.0, 7.0, 8.0, 13.0, 14.0)",40520844000.000015,1,-25.384046905196374,1.0,1.0,9.459071335328274e-12,2.467865674268778e-11,2.467865674207874e-11
2485,"(2.0, 2.0, 3.0, 6.0, 7.0, 9.0, 11.0, 13.0)",50651055000.00002,1,-26.11457373486901,1.0,1.0,4.556010640434722e-12,1.974292539415022e-11,1.9742925393760438e-11
2486,"(2.0, 2.0, 3.0, 6.0, 7.0, 11.0, 11.0, 14.0)",25325527500.00001,1,-25.65345643876856,1.0,1.0,7.225126027940933e-12,3.948585078830044e-11,3.948585078674131e-11
2487,"(2.0, 2.0, 3.0, 6.0, 7.0, 11.0, 13.0, 14.0)",40520844000.000015,1,-25.64869779595669,1.0,1.0,7.259589757232506e-12,2.467865674268778e-11,2.467865674207874e-11
2488,"(2.0, 2.0, 3.0, 6.0, 8.0, 8.0, 9.0, 11.0)",22189986000.0,2,-25.73356878420684,3.0,5.0,6.668882680461024e-12,1.3519611954689832e-10,2.253268658932192e-10
2489,"(2.0, 2.0, 3.0, 6.0, 8.0, 9.0, 11.0, 14.0)",40520844000.0,1,-25.903118265779007,1.0,1.0,5.62883700716506e-12,2.467865674268779e-11,2.467865674207875e-11
2490,"(2.0, 2.0, 3.0, 6.0, 8.0, 11.0, 11.0, 11.0)",7396662000.0,1,-25.627445145242955,1.0,1.0,7.415526447321965e-12,1.3519611954689832e-10,1.3519611952862031e-10
2491,"(2.0, 2.0, 3.0, 6.0, 8.0, 11.0, 11.0, 14.0)",20260422000.0,1,-25.53234373605482,1.0,1.0,8.155376311377279e-12,4.935731348537558e-11,4.9357313482939434e-11
2492,"(2.0, 2.0, 3.0, 6.0, 8.0, 11.0, 12.0, 13.0)",33767370000.0,1,-25.74075497941456,1.0,1.0,6.621130571189898e-12,2.9614388091225344e-11,2.961438809034833e-11
2493,"(2.0, 2.0, 3.0, 6.0, 8.0, 13.0, 13.0, 14.0)",12831600600.000002,1,-25.52282645043107,1.0,1.0,8.233363883433994e-12,7.793260024006668e-11,7.793260023399319e-11
2494,"(2.0, 2.0, 3.0, 6.0, 9.0, 13.0, 13.0, 14.0)",12831600600.000002,1,-26.158251870915564,2.0,4.0,4.361295930720667e-12,1.5586520048013336e-10,3.1173040093597274e-10
2495,"(2.0, 2.0, 3.0, 7.0, 7.0, 8.0, 8.0, 9.0)",14471730000.000006,1,-25.37077716308299,1.0,1.0,9.585427273818177e-12,6.910023887952579e-11,6.910023887475094e-11
2496,"(2.0, 2.0, 3.0, 7.0, 7.0, 8.0, 9.0, 11.0)",28943460000.00001,1,-25.6354280538433,1.0,1.0,7.356564633973453e-12,3.455011943976289e-11,3.455011943856918e-11
2497,"(2.0, 2.0, 3.0, 7.0, 7.0, 8.0, 11.0, 13.0)",25325527500.00001,1,-25.259894881307236,1.0,1.0,1.070944684451664e-11,3.948585078830044e-11,3.948585078674131e-11
2498,"(2.0, 2.0, 3.0, 7.0, 7.0, 8.0, 11.0, 14.0)",25325527500.00001,1,-25.16955211493097,1.0,1.0,1.1722018555276536e-11,3.948585078830044e-11,3.948585078674131e-11
2499,"(2.0, 2.0, 3.0, 7.0, 7.0, 8.0, 12.0, 14.0)",20260422000.000008,1,-25.28762059191445,1.0,1.0,1.0416598297097259e-11,4.935731348537556e-11,4.9357313482939414e-11
2500,"(2.0, 2.0, 3.0, 7.0, 7.0, 9.0, 11.0, 13.0)",25325527500.00001,1,-25.89532030179173,1.0,1.0,5.672902060995633e-12,3.948585078830044e-11,3.948585078674131e-11
2501,"(2.0, 2.0, 3.0, 7.0, 8.0, 8.0, 11.0, 11.0)",11094993000.0,1,-25.143540821405367,1.0,1.0,1.203092351282129e-11,9.013074636459887e-11,9.013074635647533e-11
2502,"(2.0, 2.0, 3.0, 7.0, 8.0, 8.0, 12.0, 14.0)",16883685000.0,1,-25.16650788920071,1.0,1.0,1.1757757396723209e-11,5.922877618245069e-11,5.922877617894264e-11
2503,"(2.0, 2.0, 3.0, 7.0, 8.0, 9.0, 9.0, 11.0)",22189986000.0,1,-26.14974077161405,1.0,1.0,4.398573766119836e-12,4.506537318229944e-11,4.506537318026855e-11
2504,"(2.0, 2.0, 3.0, 7.0, 8.0, 11.0, 13.0, 13.0)",16883685000.0,1,-25.398674426541923,1.0,1.0,9.321715603505383e-12,5.922877618245069e-11,5.922877617894264e-11
2505,"(2.0, 2.0, 3.0, 7.0, 8.0, 12.0, 14.0, 14.0)",12831600600.000002,1,-25.33605737077288,1.0,1.0,9.92407620992496e-12,7.793260024006668e-11,7.793260023399319e-11
2506,"(2.0, 2.0, 3.0, 8.0, 8.0, 8.0, 8.0, 8.0)",262462200.0000001,1,-24.493126337171,3.0,9.0,2.3055279269186092e-11,1.1430217379874127e-08,3.429065200897251e-08
2507,"(2.0, 2.0, 3.0, 8.0, 8.0, 9.0, 11.0, 11.0)",7873866000.000002,1,-25.65785353917612,1.0,1.0,7.193426168147061e-12,1.2700241533193476e-10,1.2700241531580516e-10
2508,"(2.0, 2.0, 3.0, 8.0, 8.0, 9.0, 13.0, 14.0)",13071240000.000002,1,-25.557993487176105,1.0,1.0,7.948852898450625e-12,7.650383590233213e-11,7.65038358964793e-11
2509,"(2.0, 2.0, 3.0, 8.0, 9.0, 12.0, 14.0, 14.0)",10348065000.000002,1,-25.850370088543634,1.0,1.0,5.93371817442626e-12,9.663642429768269e-11,9.663642428834409e-11
2510,"(2.0, 2.0, 3.0, 8.0, 11.0, 12.0, 12.0, 13.0)",10348065000.000002,1,-25.783108211367328,1.0,1.0,6.3465598142364115e-12,9.663642429768269e-11,9.663642428834409e-11
2511,"(2.0, 2.0, 3.0, 8.0, 11.0, 12.0, 13.0, 13.0)",10348065000.000002,1,-25.66028109157197,1.0,1.0,7.175984927546021e-12,9.663642429768269e-11,9.663642428834409e-11
2512,"(2.0, 2.0, 3.0, 9.0, 9.0, 11.0, 12.0, 13.0)",13071240000.000002,1,-26.671239684592532,2.0,4.0,2.611125700792969e-12,1.5300767180466427e-10,3.060153435859172e-10
2513,"(2.0, 2.0, 4.0, 4.0, 4.0, 6.0, 7.0, 14.0)",14986150199.999998,1,-26.076855200796448,1.0,1.0,4.7311387077768355e-12,6.672827822051325e-11,6.672827821606058e-11
2514,"(2.0, 2.0, 4.0, 4.0, 4.0, 7.0, 7.0, 8.0)",9277140600.0,1,-25.688052286146995,2.0,4.0,6.979441015174766e-12,2.1558366809704275e-10,4.311673361476092e-10
2515,"(2.0, 2.0, 4.0, 4.0, 4.0, 7.0, 8.0, 11.0)",17179890000.000004,1,-25.83159047419356,1.0,1.0,6.046204027996181e-12,5.8207590386201526e-11,5.82075903828134e-11
2516,"(2.0, 2.0, 4.0, 4.0, 4.0, 7.0, 8.0, 13.0)",14431107600.000008,1,-25.82683183138169,1.0,1.0,6.075044319232161e-12,6.92947504597637e-11,6.929475045496194e-11
2517,"(2.0, 2.0, 4.0, 4.0, 4.0, 7.0, 9.0, 9.0)",8589945000.000002,1,-26.83779042440225,1.0,1.0,2.2105264316417686e-12,1.1641518077240305e-10,1.1641518075885056e-10
2518,"(2.0, 2.0, 4.0, 4.0, 4.0, 7.0, 13.0, 14.0)",11100852000.000002,1,-25.996381312953854,1.0,1.0,5.127610714228056e-12,9.008317559769285e-11,9.008317558957787e-11
2519,"(2.0, 2.0, 4.0, 4.0, 4.0, 8.0, 8.0, 9.0)",7362810000.000004,1,-26.08125230120401,1.0,1.0,4.710381085955151e-12,1.3581771090113685e-10,1.3581771088269041e-10
2520,"(2.0, 2.0, 4.0, 4.0, 4.0, 8.0, 8.0, 14.0)",6442458750.000004,1,-25.61537636229168,1.0,1.0,7.505565061849652e-12,1.552202410298707e-10,1.5522024100577738e-10
2521,"(2.0, 2.0, 4.0, 4.0, 6.0, 6.0, 7.0, 8.0)",27831421800.0,1,-25.89062549012221,1.0,1.0,5.699597884689835e-12,3.593061134950712e-11,3.593061134821611e-11
2522,"(2.0, 2.0, 4.0, 4.0, 6.0, 6.0, 7.0, 11.0)",27831421800.0,1,-26.155276380882523,1.0,1.0,4.374292248912674e-12,3.593061134950712e-11,3.593061134821611e-11
2523,"(2.0, 2.0, 4.0, 4.0, 6.0, 6.0, 8.0, 9.0)",25769835000.000008,1,-26.404938207892968,3.0,9.0,3.407854478332462e-12,1.1641518077240305e-10,3.492455423036567e-10
2524,"(2.0, 2.0, 4.0, 4.0, 6.0, 7.0, 7.0, 11.0)",27831421800.0,1,-25.93602294780524,1.0,1.0,5.446635987638135e-12,3.593061134950712e-11,3.593061134821611e-11
2525,"(2.0, 2.0, 4.0, 4.0, 6.0, 7.0, 7.0, 13.0)",22479225300.0,1,-25.93126430499337,1.0,1.0,5.472616349434148e-12,4.448551881367549e-11,4.448551881169653e-11
2526,"(2.0, 2.0, 4.0, 4.0, 6.0, 7.0, 9.0, 13.0)",43293322800.00002,1,-26.44557702276412,1.0,1.0,3.272139633694465e-12,2.3098250153254567e-11,2.309825015272104e-11
2527,"(2.0, 2.0, 4.0, 4.0, 6.0, 7.0, 11.0, 13.0)",43293322800.00002,1,-26.07480249303993,1.0,1.0,4.7408603273077736e-12,2.3098250153254567e-11,2.309825015272104e-11
2528,"(2.0, 2.0, 4.0, 4.0, 6.0, 7.0, 13.0, 14.0)",33302556000.000008,1,-25.979701083851797,1.0,1.0,5.213857746112807e-12,3.0027725199230946e-11,3.002772519832928e-11
2529,"(2.0, 2.0, 4.0, 4.0, 6.0, 8.0, 8.0, 14.0)",19327376250.00001,1,-25.598696133189616,1.0,1.0,7.631809573237086e-12,5.174008034329023e-11,5.1740080340613196e-11
2530,"(2.0, 2.0, 4.0, 4.0, 6.0, 8.0, 9.0, 9.0)",22088430000.00001,1,-26.699997492586444,1.0,1.0,2.5371048886613977e-12,4.5272570300378955e-11,4.527257029832935e-11
2531,"(2.0, 2.0, 4.0, 4.0, 6.0, 14.0, 14.0, 14.0)",3766360500.0000014,1,-25.93779509633396,1.0,1.0,5.436992287244751e-12,2.6550830702477885e-10,2.655083069542842e-10
2532,"(2.0, 2.0, 4.0, 4.0, 7.0, 7.0, 7.0, 11.0)",9277140600.0,1,-25.71676951472796,1.0,1.0,6.781861360362682e-12,1.0779183404852138e-10,1.077918340369023e-10
2533,"(2.0, 2.0, 4.0, 4.0, 7.0, 7.0, 7.0, 12.0)",7493075099.999999,1,-25.83483799171144,1.0,1.0,6.026600722765814e-12,1.334565564410265e-10,1.3345655642321584e-10
2534,"(2.0, 2.0, 4.0, 4.0, 7.0, 7.0, 7.0, 14.0)",7493075099.999999,1,-25.621668105539825,1.0,1.0,7.458490220248732e-12,1.334565564410265e-10,1.3345655642321584e-10
2535,"(2.0, 2.0, 4.0, 4.0, 7.0, 7.0, 8.0, 13.0)",21646661400.00001,1,-25.59089816920234,1.0,1.0,7.691554792230156e-12,4.6196500306509135e-11,4.6196500304375015e-11
2536,"(2.0, 2.0, 4.0, 4.0, 7.0, 7.0, 11.0, 11.0)",12884917500.000004,1,-25.860307702774527,1.0,1.0,5.875043199761142e-12,7.761012051493537e-11,7.761012050891204e-11
2537,"(2.0, 2.0, 4.0, 4.0, 7.0, 7.0, 11.0, 13.0)",21646661400.00001,1,-25.855549059962648,1.0,1.0,5.903067056733346e-12,4.6196500306509135e-11,4.6196500304375015e-11
2538,"(2.0, 2.0, 4.0, 4.0, 7.0, 7.0, 12.0, 14.0)",16651278000.000004,1,-25.88327477056987,1.0,1.0,5.741648391700322e-12,6.005545039846189e-11,6.005545039485523e-11
2539,"(2.0, 2.0, 4.0, 4.0, 7.0, 8.0, 8.0, 9.0)",22088430000.00001,1,-25.84531863902466,1.0,1.0,5.963767885645293e-12,4.5272570300378955e-11,4.527257029832935e-11
2540,"(2.0, 2.0, 4.0, 4.0, 7.0, 8.0, 11.0, 11.0)",22088430000.00001,2,-25.739195000060786,2.0,2.0,6.6314674587489265e-12,9.054514060075791e-11,9.054514059255949e-11
2541,"(2.0, 2.0, 4.0, 4.0, 7.0, 8.0, 11.0, 12.0)",38654752500.00002,1,-25.857263477044263,1.0,1.0,5.892955408005714e-12,2.5870040171645115e-11,2.5870040170975855e-11
2542,"(2.0, 2.0, 4.0, 4.0, 7.0, 11.0, 11.0, 13.0)",19327376250.00001,1,-25.99908724800921,3.0,9.0,5.113754488124883e-12,1.552202410298707e-10,4.656607230655187e-10
2543,"(2.0, 2.0, 4.0, 4.0, 7.0, 11.0, 12.0, 13.0)",30923802000.00002,1,-26.1171557249927,1.0,1.0,4.54426223961203e-12,3.233755021455639e-11,3.233755021351067e-11
2544,"(2.0, 2.0, 4.0, 4.0, 7.0, 11.0, 13.0, 14.0)",30923802000.00002,1,-25.90398583882108,1.0,1.0,5.6239556976718636e-12,3.233755021455639e-11,3.233755021351067e-11
2545,"(2.0, 2.0, 4.0, 4.0, 8.0, 8.0, 11.0, 13.0)",15995070000.000008,1,-25.613323654535165,1.0,1.0,7.520987617053104e-12,6.251926374814237e-11,6.251926374423371e-11
2546,"(2.0, 2.0, 4.0, 4.0, 8.0, 9.0, 9.0, 9.0)",5839470000.000003,1,-26.99505677727992,1.0,1.0,1.888842747539878e-12,1.7124841809273779e-10,1.7124841806341178e-10
2547,"(2.0, 2.0, 4.0, 4.0, 9.0, 11.0, 13.0, 14.0)",26658450000.00001,1,-26.418298556591832,1.0,1.0,3.3626271533535495e-12,3.751155824888542e-11,3.75115582474783e-11
2548,"(2.0, 2.0, 4.0, 6.0, 6.0, 6.0, 6.0, 8.0)",4638570300.0,1,-26.093198694097435,1.0,1.0,4.654443812409979e-12,2.1558366809704275e-10,2.1558366805056645e-10
2549,"(2.0, 2.0, 4.0, 6.0, 6.0, 6.0, 8.0, 8.0)",8589945000.000002,1,-25.75283255830641,1.0,1.0,6.541644311355656e-12,1.1641518077240305e-10,1.1641518075885056e-10
2550,"(2.0, 2.0, 4.0, 6.0, 6.0, 7.0, 7.0, 8.0)",27831421800.0,1,-25.65469182794287,1.0,1.0,7.216205696637871e-12,3.593061134950712e-11,3.593061134821611e-11
2551,"(2.0, 2.0, 4.0, 6.0, 6.0, 7.0, 9.0, 11.0)",51539670000.000015,1,-26.43365543647393,1.0,1.0,3.3113821806205513e-12,1.9402530128733843e-11,1.9402530128357385e-11
2552,"(2.0, 2.0, 4.0, 6.0, 6.0, 7.0, 13.0, 14.0)",33302556000.000008,1,-25.96302085474973,1.0,1.0,5.301555463496865e-12,3.0027725199230946e-11,3.002772519832928e-11
2553,"(2.0, 2.0, 4.0, 6.0, 6.0, 8.0, 8.0, 11.0)",22088430000.00001,1,-25.67711731327569,1.0,1.0,7.0561798170308946e-12,4.5272570300378955e-11,4.527257029832935e-11
2554,"(2.0, 2.0, 4.0, 6.0, 6.0, 8.0, 8.0, 14.0)",19327376250.00001,1,-25.582015904087555,1.0,1.0,7.760177532562672e-12,5.174008034329023e-11,5.1740080340613196e-11
2555,"(2.0, 2.0, 4.0, 6.0, 6.0, 9.0, 11.0, 11.0)",22088430000.00001,2,-26.5771936245205,3.0,5.0,2.8686097117480044e-12,1.3581771090113685e-10,2.2636285148344832e-10
2556,"(2.0, 2.0, 4.0, 6.0, 6.0, 9.0, 11.0, 12.0)",38654752500.00002,1,-26.69526210150398,1.0,1.0,2.5491475634100793e-12,2.5870040171645115e-11,2.5870040170975855e-11
2557,"(2.0, 2.0, 4.0, 6.0, 7.0, 7.0, 7.0, 7.0)",4638570300.000001,1,-25.55655109757933,1.0,1.0,7.960326513900202e-12,2.155836680970427e-10,2.155836680505664e-10
2558,"(2.0, 2.0, 4.0, 6.0, 7.0, 7.0, 9.0, 12.0)",43293322800.00002,1,-26.33247048038013,1.0,1.0,3.663982371573066e-12,2.3098250153254567e-11,2.309825015272104e-11
2559,"(2.0, 2.0, 4.0, 6.0, 7.0, 7.0, 9.0, 13.0)",43293322800.00002,1,-26.209643360584774,1.0,1.0,4.142824308410943e-12,2.3098250153254567e-11,2.309825015272104e-11
2560,"(2.0, 2.0, 4.0, 6.0, 7.0, 8.0, 8.0, 14.0)",38654752500.00002,1,-25.36276247101027,1.0,1.0,9.662560207270848e-12,2.5870040171645115e-11,2.5870040170975855e-11
2561,"(2.0, 2.0, 4.0, 6.0, 7.0, 8.0, 9.0, 9.0)",44176860000.00002,1,-26.4640638304071,1.0,1.0,3.212203934545208e-12,2.2636285150189478e-11,2.2636285149677075e-11
2562,"(2.0, 2.0, 4.0, 6.0, 7.0, 8.0, 11.0, 14.0)",77309505000.00005,1,-25.62741336177058,1.0,1.0,7.415762142247544e-12,1.2935020085822558e-11,1.2935020085655243e-11
2563,"(2.0, 2.0, 4.0, 6.0, 7.0, 9.0, 9.0, 12.0)",38654752500.00002,1,-26.846783198150888,1.0,1.0,2.1907367828591922e-12,2.5870040171645115e-11,2.5870040170975855e-11
2564,"(2.0, 2.0, 4.0, 6.0, 7.0, 9.0, 11.0, 13.0)",77309505000.00005,2,-26.35318154863134,2.0,2.0,3.588877815047703e-12,2.5870040171645115e-11,2.5870040170975855e-11
2565,"(2.0, 2.0, 4.0, 6.0, 7.0, 9.0, 13.0, 14.0)",61847604000.00004,1,-26.258080139443205,1.0,1.0,3.94694150512234e-12,1.6168775107278195e-11,1.6168775107016768e-11
2566,"(2.0, 2.0, 4.0, 6.0, 7.0, 11.0, 11.0, 12.0)",38654752500.00002,1,-26.10523413870251,1.0,1.0,4.5987612659818415e-12,2.5870040171645115e-11,2.5870040170975855e-11
2567,"(2.0, 2.0, 4.0, 6.0, 7.0, 11.0, 11.0, 14.0)",38654752500.00002,2,-25.89206425253089,2.0,2.0,5.691403413870617e-12,5.174008034329023e-11,5.1740080340613196e-11
2568,"(2.0, 2.0, 4.0, 6.0, 7.0, 11.0, 14.0, 14.0)",30923802000.00002,1,-25.79696284334275,1.0,1.0,6.259236874104174e-12,3.233755021455639e-11,3.233755021351067e-11
2569,"(2.0, 2.0, 4.0, 6.0, 8.0, 8.0, 8.0, 11.0)",11678940000.000006,1,-25.336751177484665,1.0,1.0,9.917193207255091e-12,8.562420904636889e-11,8.562420903903738e-11
2570,"(2.0, 2.0, 4.0, 6.0, 8.0, 8.0, 9.0, 14.0)",31990140000.00001,1,-25.877075188781028,2.0,4.0,5.777354778476083e-12,6.251926374814237e-11,1.2503852749237608e-10
2571,"(2.0, 2.0, 4.0, 6.0, 8.0, 9.0, 11.0, 14.0)",63980280000.00003,1,-26.141726079541336,1.0,1.0,4.433968630417141e-12,1.5629815937035592e-11,1.5629815936791303e-11
2572,"(2.0, 2.0, 4.0, 6.0, 8.0, 11.0, 12.0, 13.0)",53316900000.00002,1,-25.97936279317689,1.0,1.0,5.21562184394071e-12,1.875577912444271e-11,1.8755779124090932e-11
2573,"(2.0, 2.0, 4.0, 6.0, 11.0, 11.0, 11.0, 13.0)",10663380000.000006,1,-26.12594520695372,1.0,1.0,4.504495548950213e-12,9.377889562221354e-11,9.377889561341906e-11
2574,"(2.0, 2.0, 4.0, 7.0, 7.0, 7.0, 12.0, 14.0)",11100852000.000002,1,-25.647341108390524,1.0,1.0,7.26944543641861e-12,9.008317559769285e-11,9.008317558957787e-11
2575,"(2.0, 2.0, 4.0, 7.0, 7.0, 8.0, 8.0, 9.0)",22088430000.00001,1,-25.60938497684532,1.0,1.0,7.550668777076632e-12,4.5272570300378955e-11,4.527257029832935e-11
2576,"(2.0, 2.0, 4.0, 7.0, 7.0, 8.0, 8.0, 13.0)",19327376250.00001,1,-25.233851804309253,1.0,1.0,1.0992017324936853e-11,5.174008034329023e-11,5.1740080340613196e-11
2577,"(2.0, 2.0, 4.0, 7.0, 7.0, 8.0, 9.0, 11.0)",44176860000.00002,1,-25.874035867605627,1.0,1.0,5.794940726326477e-12,2.2636285150189478e-11,2.2636285149677075e-11
2578,"(2.0, 2.0, 4.0, 7.0, 7.0, 8.0, 9.0, 13.0)",38654752500.00002,1,-25.869277224793752,1.0,1.0,5.822582495851415e-12,2.5870040171645115e-11,2.5870040170975855e-11
2579,"(2.0, 2.0, 4.0, 7.0, 7.0, 8.0, 11.0, 12.0)",38654752500.00002,1,-25.62132981486492,1.0,1.0,7.461013784764208e-12,2.5870040171645115e-11,2.5870040170975855e-11
2580,"(2.0, 2.0, 4.0, 7.0, 7.0, 9.0, 9.0, 14.0)",19327376250.00001,1,-26.414359878901987,1.0,1.0,3.3758975747024484e-12,5.174008034329023e-11,5.1740080340613196e-11
2581,"(2.0, 2.0, 4.0, 7.0, 8.0, 8.0, 8.0, 13.0)",10663380000.000006,1,-25.11273910159551,1.0,1.0,1.2407262843494836e-11,9.377889562221354e-11,9.377889561341906e-11
2582,"(2.0, 2.0, 4.0, 7.0, 8.0, 8.0, 9.0, 11.0)",35036820000.000015,1,-25.75292316489188,1.0,1.0,6.541051622152422e-12,2.8541403015456298e-11,2.8541403014641686e-11
2583,"(2.0, 2.0, 4.0, 7.0, 8.0, 8.0, 11.0, 13.0)",31990140000.00001,1,-25.377389992355816,1.0,1.0,9.52224960155682e-12,3.1259631874071185e-11,3.125963187309402e-11
2584,"(2.0, 2.0, 4.0, 7.0, 8.0, 8.0, 13.0, 14.0)",26658450000.00001,1,-25.28228858316768,1.0,1.0,1.0472288027453988e-11,3.751155824888542e-11,3.75115582474783e-11
2585,"(2.0, 2.0, 4.0, 7.0, 8.0, 9.0, 9.0, 9.0)",11678940000.000006,1,-26.75912311510057,1.0,1.0,2.3914455143342505e-12,8.562420904636889e-11,8.562420903903738e-11
2586,"(2.0, 2.0, 4.0, 7.0, 8.0, 9.0, 13.0, 13.0)",26658450000.00001,1,-26.00805677002844,1.0,1.0,5.068091647708736e-12,3.751155824888542e-11,3.75115582474783e-11
2587,"(2.0, 2.0, 4.0, 7.0, 8.0, 11.0, 11.0, 12.0)",31990140000.00001,1,-25.764868002911484,1.0,1.0,6.463384603479878e-12,3.1259631874071185e-11,3.125963187309402e-11
2588,"(2.0, 2.0, 4.0, 7.0, 9.0, 9.0, 12.0, 14.0)",26658450000.00001,1,-26.675966543932034,1.0,1.0,2.598812401431138e-12,3.751155824888542e-11,3.75115582474783e-11
2589,"(2.0, 2.0, 4.0, 7.0, 9.0, 11.0, 11.0, 14.0)",31990140000.00001,1,-26.18712353722436,1.0,1.0,4.237178411368396e-12,3.1259631874071185e-11,3.125963187309402e-11
2590,"(2.0, 2.0, 4.0, 8.0, 8.0, 9.0, 9.0, 11.0)",12846834000.000002,2,-26.26723588266264,2.0,2.0,3.9109692498541785e-12,1.5568038008430714e-10,1.5568038006007075e-10
2591,"(2.0, 2.0, 4.0, 8.0, 8.0, 9.0, 11.0, 12.0)",24525774000.0,1,-26.01452982992193,1.0,1.0,5.035391535997417e-12,4.0773432879223303e-11,4.077343287756083e-11
2592,"(2.0, 2.0, 4.0, 8.0, 8.0, 9.0, 11.0, 13.0)",24525774000.0,1,-25.891702710126573,1.0,1.0,5.6934614695595886e-12,4.0773432879223303e-11,4.077343287756083e-11
2593,"(2.0, 2.0, 4.0, 8.0, 8.0, 11.0, 11.0, 14.0)",12262887000.0,2,-25.43058541402612,2.0,2.0,9.028946571746599e-12,1.6309373151689321e-10,1.6309373149029364e-10
2594,"(2.0, 2.0, 4.0, 8.0, 8.0, 11.0, 12.0, 13.0)",21326760000.0,1,-25.638996657385867,1.0,1.0,7.330358758360625e-12,4.6889447811106797e-11,4.6889447808908176e-11
2595,"(2.0, 2.0, 4.0, 8.0, 8.0, 12.0, 12.0, 13.0)",8441842500.0,1,-25.75706513436935,1.0,1.0,6.5140148174462525e-12,1.1845755236490138e-10,1.184575523508692e-10
2596,"(2.0, 2.0, 4.0, 8.0, 9.0, 9.0, 9.0, 12.0)",8175258000.0,1,-27.02072978013062,1.0,1.0,1.840967660444052e-12,1.2232029863766992e-10,1.2232029862270767e-10
2597,"(2.0, 2.0, 4.0, 8.0, 11.0, 11.0, 11.0, 12.0)",8175258000.0,1,-25.908406190958047,1.0,1.0,5.599150696894333e-12,1.2232029863766992e-10,1.2232029862270767e-10
2598,"(2.0, 2.0, 4.0, 8.0, 11.0, 12.0, 13.0, 14.0)",33767370000.0,2,-25.80854613895804,2.0,2.0,6.187152575910077e-12,5.922877618245069e-11,5.922877617894264e-11
2599,"(2.0, 2.0, 4.0, 9.0, 9.0, 9.0, 9.0, 14.0)",2043814500.0,1,-27.442985314443497,1.0,1.0,1.2068767225551006e-12,4.892811945506797e-10,4.892811943112836e-10
2600,"(2.0, 2.0, 4.0, 9.0, 9.0, 11.0, 13.0, 14.0)",21326760000.0,1,-26.696677612183244,1.0,1.0,2.545541770432359e-12,4.6889447811106797e-11,4.6889447808908176e-11
2601,"(2.0, 2.0, 6.0, 6.0, 6.0, 6.0, 11.0, 12.0)",3607776900.000002,1,-26.383522587708445,1.0,1.0,3.481622874119848e-12,2.771790018390548e-10,2.771790017622266e-10
2602,"(2.0, 2.0, 6.0, 6.0, 6.0, 6.0, 11.0, 14.0)",3607776900.000002,1,-26.170352701536824,1.0,1.0,4.308838655782045e-12,2.771790018390548e-10,2.771790017622266e-10
2603,"(2.0, 2.0, 6.0, 6.0, 6.0, 7.0, 7.0, 8.0)",9277140600.0,1,-25.638011598840805,1.0,1.0,7.33758314853338e-12,1.0779183404852138e-10,1.077918340369023e-10
2604,"(2.0, 2.0, 6.0, 6.0, 6.0, 8.0, 11.0, 11.0)",7362810000.000004,1,-25.925087974933938,1.0,1.0,5.506521631621525e-12,1.3581771090113685e-10,1.3581771088269041e-10
2605,"(2.0, 2.0, 6.0, 6.0, 6.0, 9.0, 11.0, 12.0)",12884917500.000008,1,-26.67858187240192,1.0,1.0,2.59202453349097e-12,7.761012051493535e-11,7.761012050891201e-11
2606,"(2.0, 2.0, 6.0, 6.0, 6.0, 13.0, 13.0, 14.0)",3766360500.0000014,1,-26.085120170882355,1.0,1.0,4.692197135025502e-12,2.6550830702477885e-10,2.655083069542842e-10
2607,"(2.0, 2.0, 6.0, 6.0, 7.0, 7.0, 8.0, 8.0)",12884917500.000004,3,-25.297645463049783,3.0,3.0,1.031269492065239e-11,2.328303615448061e-10,2.3283036149059612e-10
2608,"(2.0, 2.0, 6.0, 6.0, 7.0, 7.0, 8.0, 12.0)",21646661400.00001,2,-25.68036483079357,2.0,2.0,7.033301917761655e-12,9.239300061301827e-11,9.23930006044818e-11
2609,"(2.0, 2.0, 6.0, 6.0, 7.0, 7.0, 9.0, 11.0)",25769835000.000008,1,-26.19772177429459,1.0,1.0,4.192508917116268e-12,3.8805060257467686e-11,3.8805060255961855e-11
2610,"(2.0, 2.0, 6.0, 6.0, 7.0, 8.0, 8.0, 9.0)",22088430000.00001,1,-25.811958180820536,1.0,1.0,6.166077726891132e-12,4.5272570300378955e-11,4.527257029832935e-11
2611,"(2.0, 2.0, 6.0, 6.0, 7.0, 8.0, 11.0, 12.0)",38654752500.00002,1,-25.823903018840134,1.0,1.0,6.092863066372531e-12,2.5870040171645115e-11,2.5870040170975855e-11
2612,"(2.0, 2.0, 6.0, 6.0, 7.0, 11.0, 12.0, 14.0)",30923802000.00002,1,-25.993452500412307,1.0,1.0,5.14265053845808e-12,3.233755021455639e-11,3.233755021351067e-11
2613,"(2.0, 2.0, 6.0, 6.0, 8.0, 8.0, 8.0, 8.0)",1459867500.0000007,1,-25.055420057622293,1.0,1.0,1.3139212218198124e-11,6.849936723709511e-10,6.849936719017348e-10
2614,"(2.0, 2.0, 6.0, 6.0, 8.0, 8.0, 8.0, 11.0)",5839470000.000003,1,-25.320070948382604,1.0,1.0,1.0084001595493338e-11,1.7124841809273779e-10,1.7124841806341178e-10
2615,"(2.0, 2.0, 6.0, 6.0, 8.0, 8.0, 9.0, 12.0)",15995070000.000008,1,-26.073564845850584,1.0,1.0,4.7467314722205075e-12,6.251926374814237e-11,6.251926374423371e-11
2616,"(2.0, 2.0, 6.0, 6.0, 8.0, 8.0, 9.0, 14.0)",15995070000.000008,1,-25.860394959678963,1.0,1.0,5.874530584043058e-12,6.251926374814237e-11,6.251926374423371e-11
2617,"(2.0, 2.0, 6.0, 6.0, 8.0, 9.0, 9.0, 13.0)",15995070000.000008,1,-26.586163146539725,1.0,1.0,2.842994702699782e-12,6.251926374814237e-11,6.251926374423371e-11
2618,"(2.0, 2.0, 6.0, 6.0, 8.0, 11.0, 11.0, 11.0)",5839470000.000003,1,-25.849372729903223,1.0,1.0,5.9396391717053754e-12,1.7124841809273779e-10,1.7124841806341178e-10
2619,"(2.0, 2.0, 6.0, 6.0, 8.0, 11.0, 13.0, 13.0)",13329225000.000006,1,-25.839855444279472,1.0,1.0,5.996438272103483e-12,7.502311649777084e-11,7.502311649214237e-11
2620,"(2.0, 2.0, 6.0, 6.0, 9.0, 9.0, 12.0, 13.0)",13329225000.000006,1,-26.96888251428352,1.0,1.0,1.938934512126489e-12,7.502311649777084e-11,7.502311649214237e-11
2621,"(2.0, 2.0, 6.0, 6.0, 9.0, 9.0, 12.0, 14.0)",13329225000.000006,1,-26.87853974790725,1.0,1.0,2.122259595531767e-12,7.502311649777084e-11,7.502311649214237e-11
2622,"(2.0, 2.0, 6.0, 6.0, 12.0, 12.0, 13.0, 14.0)",7013223000.000002,1,-26.25030052263048,1.0,1.0,3.9777669472091126e-12,1.425877945133072e-10,1.4258779449297592e-10
2623,"(2.0, 2.0, 6.0, 7.0, 7.0, 7.0, 8.0, 9.0)",17179890000.000004,1,-25.713817450457,1.0,1.0,6.8019114309629084e-12,5.8207590386201526e-11,5.82075903828134e-11
2624,"(2.0, 2.0, 6.0, 7.0, 7.0, 7.0, 9.0, 11.0)",17179890000.000004,1,-25.978468341217308,1.0,1.0,5.220289054105933e-12,5.8207590386201526e-11,5.82075903828134e-11
2625,"(2.0, 2.0, 6.0, 7.0, 7.0, 8.0, 8.0, 11.0)",22088430000.00001,1,-25.221930218019065,1.0,1.0,1.1123843837242247e-11,4.5272570300378955e-11,4.527257029832935e-11
2626,"(2.0, 2.0, 6.0, 7.0, 7.0, 8.0, 8.0, 13.0)",19327376250.00001,1,-25.21717157520719,1.0,1.0,1.1176904384726978e-11,5.174008034329023e-11,5.1740080340613196e-11
2627,"(2.0, 2.0, 6.0, 7.0, 7.0, 8.0, 13.0, 14.0)",30923802000.00002,1,-25.38672105677936,1.0,1.0,9.433810135935242e-12,3.233755021455639e-11,3.233755021351067e-11
2628,"(2.0, 2.0, 6.0, 7.0, 8.0, 8.0, 11.0, 12.0)",31990140000.00001,1,-25.483536883049112,1.0,1.0,8.56328803706567e-12,3.1259631874071185e-11,3.125963187309402e-11
2629,"(2.0, 2.0, 6.0, 7.0, 8.0, 9.0, 11.0, 13.0)",63980280000.00003,1,-25.996135183738254,1.0,1.0,5.128872924358077e-12,1.5629815937035592e-11,1.5629815936791303e-11
2630,"(2.0, 2.0, 6.0, 7.0, 8.0, 11.0, 11.0, 13.0)",31990140000.00001,2,-25.625360654014063,2.0,2.0,7.431000168974649e-12,6.251926374814237e-11,6.251926374423371e-11
2631,"(2.0, 2.0, 6.0, 7.0, 8.0, 11.0, 12.0, 14.0)",53316900000.00002,1,-25.65308636462128,1.0,1.0,7.2278003551138694e-12,1.875577912444271e-11,1.8755779124090932e-11
2632,"(2.0, 2.0, 6.0, 7.0, 8.0, 11.0, 13.0, 13.0)",26658450000.00001,1,-25.620602011202187,1.0,1.0,7.466445914446627e-12,3.751155824888542e-11,3.75115582474783e-11
2633,"(2.0, 2.0, 6.0, 7.0, 9.0, 9.0, 11.0, 12.0)",31990140000.00001,1,-26.75438772401811,1.0,1.0,2.402796799272066e-12,3.1259631874071185e-11,3.125963187309402e-11
2634,"(2.0, 2.0, 6.0, 7.0, 9.0, 9.0, 12.0, 13.0)",26658450000.00001,1,-26.74962908120624,1.0,1.0,2.4142580994781068e-12,3.751155824888542e-11,3.75115582474783e-11
2635,"(2.0, 2.0, 6.0, 7.0, 11.0, 11.0, 13.0, 14.0)",26658450000.00001,1,-25.794910135586235,1.0,1.0,6.272098454201991e-12,3.751155824888542e-11,3.75115582474783e-11
2636,"(2.0, 2.0, 6.0, 8.0, 8.0, 8.0, 9.0, 14.0)",8175258000.0,1,-25.52002882388794,1.0,1.0,8.25643001093446e-12,1.2232029863766992e-10,1.2232029862270767e-10
2637,"(2.0, 2.0, 6.0, 8.0, 8.0, 9.0, 11.0, 11.0)",12846834000.000002,1,-25.879781123836388,1.0,1.0,5.7617427637287885e-12,7.784019004215357e-11,7.784019003609447e-11
2638,"(2.0, 2.0, 6.0, 8.0, 8.0, 9.0, 11.0, 13.0)",24525774000.0,1,-25.87502248102451,1.0,1.0,5.789226179532085e-12,4.0773432879223303e-11,4.077343287756083e-11
2639,"(2.0, 2.0, 6.0, 8.0, 8.0, 11.0, 13.0, 14.0)",21326760000.0,1,-25.409146542112182,1.0,1.0,9.224606874759967e-12,4.6889447811106797e-11,4.6889447808908176e-11
2640,"(2.0, 2.0, 6.0, 8.0, 9.0, 11.0, 11.0, 13.0)",24525774000.0,1,-26.13967337178482,1.0,1.0,4.44307962011738e-12,4.0773432879223303e-11,4.077343287756083e-11
2641,"(2.0, 2.0, 6.0, 8.0, 9.0, 12.0, 13.0, 14.0)",33767370000.0,1,-26.16264043958016,1.0,1.0,4.342198020957649e-12,2.9614388091225344e-11,2.961438809034833e-11
2642,"(2.0, 2.0, 7.0, 7.0, 7.0, 7.0, 7.0, 8.0)",927714060.0,1,-24.98025129960896,3.0,9.0,1.4164938850352646e-11,3.2337550214556414e-09,9.701265053909753e-09
2643,"(2.0, 2.0, 7.0, 7.0, 7.0, 7.0, 8.0, 14.0)",3607776900.000002,1,-25.028688078467383,1.0,1.0,1.3495186110709533e-11,2.771790018390548e-10,2.771790017622266e-10
2644,"(2.0, 2.0, 7.0, 7.0, 7.0, 7.0, 9.0, 11.0)",4294972500.000001,1,-25.759214908140024,1.0,1.0,6.5000262008178715e-12,2.328303615448061e-10,2.3283036149059612e-10
2645,"(2.0, 2.0, 7.0, 7.0, 7.0, 11.0, 13.0, 13.0)",5153967000.000003,1,-25.522461280838648,1.0,1.0,8.23637100658911e-12,1.9402530128733837e-10,1.9402530124969255e-10
2646,"(2.0, 2.0, 7.0, 7.0, 8.0, 8.0, 8.0, 14.0)",5331690000.000003,1,-24.7864626730399,1.0,1.0,1.7193964875039074e-11,1.8755779124442708e-10,1.8755779120924916e-10
2647,"(2.0, 2.0, 7.0, 7.0, 8.0, 8.0, 11.0, 12.0)",15995070000.000008,1,-25.264283449971828,1.0,1.0,1.0662550680464213e-11,6.251926374814237e-11,6.251926374423371e-11
2648,"(2.0, 2.0, 7.0, 7.0, 8.0, 11.0, 11.0, 11.0)",5839470000.000003,1,-25.410865863748658,1.0,1.0,9.208760435039144e-12,1.7124841809273779e-10,1.7124841806341178e-10
2649,"(2.0, 2.0, 7.0, 7.0, 8.0, 13.0, 13.0, 13.0)",3376737000.000002,1,-25.39658993531303,1.0,1.0,9.3411669039085e-12,2.961438809122533e-10,2.961438808245521e-10
2650,"(2.0, 2.0, 7.0, 7.0, 11.0, 11.0, 11.0, 12.0)",5331690000.000003,1,-25.793585231492447,1.0,1.0,6.280413890482003e-12,1.8755779124442708e-10,1.8755779120924916e-10
2651,"(2.0, 2.0, 7.0, 8.0, 8.0, 8.0, 11.0, 11.0)",4282278000.000001,1,-25.025102270274605,1.0,1.0,1.354366412411293e-11,2.3352057012646066e-10,2.335205700719288e-10
2652,"(2.0, 2.0, 7.0, 8.0, 8.0, 9.0, 11.0, 12.0)",24525774000.0,1,-25.778596167742585,1.0,1.0,6.375260469597881e-12,4.0773432879223303e-11,4.077343287756083e-11
2653,"(2.0, 2.0, 7.0, 8.0, 8.0, 9.0, 12.0, 13.0)",21326760000.0,1,-25.77383752493071,1.0,1.0,6.4056703545103335e-12,4.6889447811106797e-11,4.6889447808908176e-11
2654,"(2.0, 2.0, 7.0, 8.0, 8.0, 9.0, 14.0, 14.0)",10663380000.0,1,-25.470324872382825,1.0,1.0,8.677176984269075e-12,9.377889562221359e-11,9.377889561341911e-11
2655,"(2.0, 2.0, 7.0, 8.0, 9.0, 9.0, 9.0, 12.0)",8175258000.0,1,-26.784796117951277,1.0,1.0,2.3308313301027557e-12,1.2232029863766992e-10,1.2232029862270767e-10
2656,"(2.0, 2.0, 7.0, 8.0, 9.0, 9.0, 9.0, 13.0)",8175258000.0,1,-26.66196899815592,1.0,1.0,2.635445183381103e-12,1.2232029863766992e-10,1.2232029862270767e-10
2657,"(2.0, 2.0, 7.0, 8.0, 9.0, 9.0, 11.0, 11.0)",12846834000.000002,2,-26.2959531112436,2.0,2.0,3.8002543727334175e-12,1.5568038008430714e-10,1.5568038006007075e-10
2658,"(2.0, 2.0, 7.0, 8.0, 9.0, 9.0, 11.0, 13.0)",24525774000.0,1,-26.291194468431726,1.0,1.0,3.818381521994829e-12,4.0773432879223303e-11,4.077343287756083e-11
2659,"(2.0, 2.0, 7.0, 8.0, 9.0, 11.0, 11.0, 13.0)",24525774000.0,1,-25.920419938707536,1.0,1.0,5.532286362642637e-12,4.0773432879223303e-11,4.077343287756083e-11
2660,"(2.0, 2.0, 7.0, 8.0, 9.0, 12.0, 13.0, 14.0)",33767370000.0,1,-25.94338700650288,1.0,1.0,5.406673962462785e-12,2.9614388091225344e-11,2.961438809034833e-11
2661,"(2.0, 2.0, 7.0, 8.0, 11.0, 11.0, 13.0, 13.0)",10663380000.0,1,-25.544886766171476,1.0,1.0,8.05372203973478e-12,9.377889562221359e-11,9.377889561341911e-11
2662,"(2.0, 2.0, 7.0, 8.0, 12.0, 13.0, 13.0, 14.0)",12156253200.000002,1,-25.56785383396681,1.0,1.0,7.870859604662138e-12,8.226218914229262e-11,8.226218913552554e-11
2663,"(2.0, 2.0, 7.0, 9.0, 9.0, 11.0, 11.0, 13.0)",12262887000.0,1,-26.555845359192038,1.0,1.0,2.930507911780921e-12,8.154686575844661e-11,8.154686575179672e-11
2664,"(2.0, 2.0, 7.0, 9.0, 11.0, 11.0, 11.0, 14.0)",8175258000.0,1,-26.094728063091583,1.0,1.0,4.6473308908855e-12,1.2232029863766992e-10,1.2232029862270767e-10
2665,"(2.0, 2.0, 7.0, 9.0, 11.0, 11.0, 14.0, 14.0)",10663380000.0,1,-25.999626653903444,1.0,1.0,5.110996842624306e-12,9.377889562221359e-11,9.377889561341911e-11
2666,"(2.0, 2.0, 7.0, 9.0, 11.0, 12.0, 13.0, 14.0)",33767370000.0,1,-26.20803789726319,1.0,1.0,4.149480802834925e-12,2.9614388091225344e-11,2.961438809034833e-11
2667,"(2.0, 2.0, 8.0, 8.0, 9.0, 11.0, 13.0, 13.0)",7911540000.000002,1,-25.79454859318192,2.0,4.0,6.274366493728762e-12,2.527952838511844e-10,5.055905676384633e-10
2668,"(2.0, 2.0, 8.0, 9.0, 11.0, 11.0, 12.0, 14.0)",15823080000.000004,1,-26.091683837361323,3.0,9.0,4.6614999711574995e-12,1.8959646288838832e-10,5.687893886292181e-10
2669,"(2.0, 2.0, 8.0, 9.0, 11.0, 11.0, 13.0, 14.0)",15823080000.000004,1,-25.968856717565963,1.0,1.0,5.270706416056554e-12,6.31988209627961e-11,6.319882095880201e-11
2670,"(2.0, 3.0, 3.0, 3.0, 3.0, 4.0, 8.0, 13.0)",1722135870.0000002,1,-25.130065140006504,1.0,1.0,1.2194145700104143e-11,5.806742762985361e-10,5.806742759613535e-10
2671,"(2.0, 3.0, 3.0, 3.0, 3.0, 6.0, 8.0, 8.0)",1025080875.0,1,-24.853492662956008,1.0,1.0,1.607923122106337e-11,9.755327841815407e-10,9.755327832298764e-10
2672,"(2.0, 3.0, 3.0, 3.0, 3.0, 7.0, 8.0, 9.0)",2050161750.0,1,-25.269664650363225,1.0,1.0,1.06053274614593e-11,4.877663920907704e-10,4.877663918528543e-10
2673,"(2.0, 3.0, 3.0, 3.0, 4.0, 6.0, 7.0, 7.0)",9039265200.000002,1,-25.334325882145823,1.0,1.0,9.941274520058919e-12,1.1062846126032454e-10,1.1062846124808588e-10
2674,"(2.0, 3.0, 3.0, 3.0, 4.0, 6.0, 7.0, 11.0)",16787206800.000008,1,-25.47786407019239,1.0,1.0,8.61200401520851e-12,5.956917144786704e-11,5.956917144431855e-11
2675,"(2.0, 3.0, 3.0, 3.0, 4.0, 7.0, 7.0, 8.0)",8393603400.000004,1,-24.9939597463548,1.0,1.0,1.3972084427869738e-11,1.1913834289573409e-10,1.1913834288154013e-10
2676,"(2.0, 3.0, 3.0, 3.0, 4.0, 7.0, 7.0, 9.0)",8393603400.000004,1,-25.629385166839292,3.0,9.0,7.401154111694452e-12,3.574150286872023e-10,1.0722450859338615e-09
2677,"(2.0, 3.0, 3.0, 3.0, 4.0, 7.0, 7.0, 11.0)",8393603400.000004,1,-25.258610637115105,1.0,1.0,1.0723209224664535e-11,1.1913834289573409e-10,1.1913834288154013e-10
2678,"(2.0, 3.0, 3.0, 3.0, 4.0, 7.0, 8.0, 12.0)",12156253200.000008,1,-25.255566411384844,1.0,1.0,1.0755902832209394e-11,8.226218914229258e-11,8.22621891355255e-11
2679,"(2.0, 3.0, 3.0, 3.0, 4.0, 7.0, 8.0, 14.0)",12156253200.000008,1,-25.042396525213224,1.0,1.0,1.3311450314093974e-11,8.226218914229258e-11,8.22621891355255e-11
2680,"(2.0, 3.0, 3.0, 3.0, 4.0, 7.0, 9.0, 11.0)",14471730000.000006,1,-25.77292335488586,1.0,1.0,6.411528903912776e-12,6.910023887952579e-11,6.910023887475094e-11
2681,"(2.0, 3.0, 3.0, 3.0, 4.0, 7.0, 13.0, 14.0)",9350964000.000002,1,-25.302288773161656,1.0,1.0,1.0264920880723303e-11,1.069408458849804e-10,1.0694084587354406e-10
2682,"(2.0, 3.0, 3.0, 3.0, 4.0, 9.0, 11.0, 11.0)",5788692000.0,1,-25.916461542932428,1.0,1.0,5.554228741265561e-12,1.7275059719881451e-10,1.7275059716897175e-10
2683,"(2.0, 3.0, 3.0, 3.0, 4.0, 9.0, 11.0, 13.0)",10130211000.0,1,-25.911702900120552,1.0,1.0,5.5807223186816974e-12,9.871462697075115e-11,9.871462696100658e-11
2684,"(2.0, 3.0, 3.0, 3.0, 4.0, 9.0, 11.0, 14.0)",10130211000.0,1,-25.82136013374429,1.0,1.0,6.108376232795529e-12,9.871462697075115e-11,9.871462696100658e-11
2685,"(2.0, 3.0, 3.0, 3.0, 4.0, 11.0, 12.0, 14.0)",8104168800.0,1,-25.56865408100358,2.0,4.0,7.864563492145384e-12,2.467865674268779e-10,4.935731347928521e-10
2686,"(2.0, 3.0, 3.0, 3.0, 6.0, 6.0, 7.0, 8.0)",8393603400.000004,1,-25.196532950330017,1.0,1.0,1.1409977199699863e-11,1.1913834289573409e-10,1.1913834288154013e-10
2687,"(2.0, 3.0, 3.0, 3.0, 6.0, 6.0, 8.0, 8.0)",3617932500.0000014,1,-25.07542024761627,1.0,1.0,1.287903593763419e-11,2.7640095551810314e-10,2.7640095544170567e-10
2688,"(2.0, 3.0, 3.0, 3.0, 6.0, 6.0, 11.0, 12.0)",6078126600.000004,1,-25.72279050612037,1.0,1.0,6.7411505143028245e-12,1.6452437828458515e-10,1.6452437825751688e-10
2689,"(2.0, 3.0, 3.0, 3.0, 6.0, 6.0, 14.0, 14.0)",2337741000.0000005,1,-25.414519210760613,1.0,1.0,9.175179017256908e-12,4.277633835399216e-10,4.277633833569401e-10
2690,"(2.0, 3.0, 3.0, 3.0, 6.0, 7.0, 11.0, 11.0)",7235865000.000003,1,-25.38546859605961,1.0,1.0,9.445633014868318e-12,1.3820047775905157e-10,1.382004777399522e-10
2691,"(2.0, 3.0, 3.0, 3.0, 6.0, 8.0, 8.0, 11.0)",5788692000.0,1,-24.99970500258556,1.0,1.0,1.3892041376844054e-11,1.7275059719881451e-10,1.7275059716897175e-10
2692,"(2.0, 3.0, 3.0, 3.0, 6.0, 8.0, 11.0, 11.0)",5788692000.0,1,-25.264355893345865,1.0,1.0,1.066177827729516e-11,1.7275059719881451e-10,1.7275059716897175e-10
2693,"(2.0, 3.0, 3.0, 3.0, 6.0, 8.0, 13.0, 13.0)",4052084400.0,1,-25.254838607722117,1.0,1.0,1.0763733867068864e-11,2.467865674268779e-10,2.467865673659743e-10
2694,"(2.0, 3.0, 3.0, 3.0, 6.0, 11.0, 11.0, 14.0)",5065105500.0,1,-25.433905374918037,1.0,1.0,8.999020526370747e-12,1.974292539415023e-10,1.97429253902524e-10
2695,"(2.0, 3.0, 3.0, 3.0, 7.0, 7.0, 8.0, 12.0)",6078126600.000004,1,-25.0196327492055,1.0,1.0,1.3617944434074214e-11,1.6452437828458515e-10,1.6452437825751688e-10
2696,"(2.0, 3.0, 3.0, 3.0, 7.0, 7.0, 12.0, 14.0)",4675482000.000001,1,-25.189182230777668,1.0,1.0,1.1494157756983519e-11,2.138816917699608e-10,2.138816917242154e-10
2697,"(2.0, 3.0, 3.0, 3.0, 7.0, 8.0, 8.0, 12.0)",5065105500.0,1,-24.898520046491758,1.0,1.0,1.5371283631290707e-11,1.974292539415023e-10,1.97429253902524e-10
2698,"(2.0, 3.0, 3.0, 3.0, 7.0, 8.0, 9.0, 9.0)",5788692000.0,1,-25.78665151971696,1.0,1.0,6.3241117894782804e-12,1.7275059719881451e-10,1.7275059716897175e-10
2699,"(2.0, 3.0, 3.0, 3.0, 7.0, 8.0, 14.0, 14.0)",4052084400.0,1,-24.854899641892302,1.0,1.0,1.6056623989102526e-11,2.467865674268779e-10,2.467865673659743e-10
2700,"(2.0, 3.0, 3.0, 3.0, 7.0, 9.0, 9.0, 11.0)",5788692000.0,1,-26.05130241047727,1.0,1.0,4.853590330693569e-12,1.7275059719881451e-10,1.7275059716897175e-10
2701,"(2.0, 3.0, 3.0, 3.0, 8.0, 8.0, 11.0, 11.0)",2147418000.0,1,-24.92398975755484,1.0,1.0,1.4984725141732952e-11,4.656755228837609e-10,4.656755226669072e-10
2702,"(2.0, 3.0, 3.0, 3.0, 8.0, 9.0, 11.0, 14.0)",7842744000.000001,1,-25.4643137688512,1.0,1.0,8.729493475876683e-12,1.2750639317055357e-10,1.275063931542957e-10
2703,"(2.0, 3.0, 3.0, 3.0, 9.0, 11.0, 12.0, 14.0)",6535620000.000001,1,-25.84703313659499,1.0,1.0,5.953551780341727e-12,1.5300767180466427e-10,1.530076717812529e-10
2704,"(2.0, 3.0, 3.0, 4.0, 4.0, 4.0, 6.0, 7.0)",13558897799.999998,1,-25.808867358087497,1.0,1.0,6.185165463312199e-12,7.375230750688306e-11,7.375230750144366e-11
2705,"(2.0, 3.0, 3.0, 4.0, 4.0, 4.0, 6.0, 8.0)",13056716400.000006,1,-25.68775465537375,1.0,1.0,6.98151862076526e-12,7.65889347186862e-11,7.658893471282034e-11
2706,"(2.0, 3.0, 3.0, 4.0, 4.0, 6.0, 6.0, 7.0)",20338346700.0,1,-25.792187128985432,1.0,1.0,6.289200693882015e-12,4.9168205004588695e-11,4.916820500217118e-11
2707,"(2.0, 3.0, 3.0, 4.0, 4.0, 6.0, 6.0, 11.0)",19585074600.000008,1,-25.935725317032,1.0,1.0,5.448257315385257e-12,5.1059289812457475e-11,5.105928980985042e-11
2708,"(2.0, 3.0, 3.0, 4.0, 4.0, 6.0, 6.0, 14.0)",15818714100.000002,1,-25.84062390784386,1.0,1.0,5.991831997878907e-12,6.321626357732831e-11,6.321626357333202e-11
2709,"(2.0, 3.0, 3.0, 4.0, 4.0, 6.0, 7.0, 14.0)",31637428200.000004,1,-25.62137047476658,1.0,1.0,7.460710426844752e-12,3.160813178866416e-11,3.1608131787665085e-11
2710,"(2.0, 3.0, 3.0, 4.0, 4.0, 6.0, 8.0, 14.0)",29377611900.00001,1,-25.500257772052837,1.0,1.0,8.421292700755166e-12,3.4039526541638315e-11,3.403952654047963e-11
2711,"(2.0, 3.0, 3.0, 4.0, 4.0, 7.0, 7.0, 11.0)",19585074600.000008,1,-25.497218450877437,1.0,1.0,8.446926649153163e-12,5.1059289812457475e-11,5.105928980985042e-11
2712,"(2.0, 3.0, 3.0, 4.0, 4.0, 7.0, 7.0, 12.0)",15818714100.000002,1,-25.615286927860915,1.0,1.0,7.506236347806127e-12,6.321626357732831e-11,6.321626357333202e-11
2713,"(2.0, 3.0, 3.0, 4.0, 4.0, 7.0, 8.0, 8.0)",17486673750.000008,1,-25.11145485740338,1.0,1.0,1.242320703466788e-11,5.7186404589952364e-11,5.718640458668208e-11
2714,"(2.0, 3.0, 3.0, 4.0, 4.0, 7.0, 9.0, 9.0)",17486673750.000008,1,-26.38230569837238,1.0,1.0,3.485862202741316e-12,5.7186404589952364e-11,5.718640458668208e-11
2715,"(2.0, 3.0, 3.0, 4.0, 4.0, 8.0, 9.0, 12.0)",25325527500.00001,1,-26.00848694291793,1.0,1.0,5.065911960935127e-12,3.948585078830044e-11,3.948585078674131e-11
2716,"(2.0, 3.0, 3.0, 4.0, 4.0, 8.0, 11.0, 11.0)",14471730000.000006,1,-25.519643936210255,1.0,1.0,8.259608420733495e-12,6.910023887952579e-11,6.910023887475094e-11
2717,"(2.0, 3.0, 3.0, 4.0, 4.0, 9.0, 12.0, 13.0)",20260422000.000008,1,-26.26837919086636,1.0,1.0,3.906500361771323e-12,4.935731348537556e-11,4.9357313482939414e-11
2718,"(2.0, 3.0, 3.0, 4.0, 6.0, 6.0, 6.0, 8.0)",13056716400.000006,1,-25.654394197169623,1.0,1.0,7.218353781171442e-12,7.65889347186862e-11,7.658893471282034e-11
2719,"(2.0, 3.0, 3.0, 4.0, 6.0, 6.0, 7.0, 11.0)",39170149200.000015,3,-25.699791654852653,3.0,3.0,6.897985835394016e-12,7.65889347186862e-11,7.658893471282034e-11
2720,"(2.0, 3.0, 3.0, 4.0, 6.0, 6.0, 7.0, 12.0)",31637428200.000004,1,-25.81786013183613,1.0,1.0,6.12979301879901e-12,3.160813178866416e-11,3.1608131787665085e-11
2721,"(2.0, 3.0, 3.0, 4.0, 6.0, 6.0, 8.0, 9.0)",34973347500.000015,1,-25.9494534818631,1.0,1.0,5.3739737957528215e-12,2.8593202294976182e-11,2.859320229415861e-11
2722,"(2.0, 3.0, 3.0, 4.0, 6.0, 6.0, 8.0, 12.0)",29377611900.00001,1,-25.69674742912239,1.0,1.0,6.919016856707479e-12,3.4039526541638315e-11,3.403952654047963e-11
2723,"(2.0, 3.0, 3.0, 4.0, 6.0, 6.0, 8.0, 14.0)",29377611900.00001,1,-25.483577542950773,1.0,1.0,8.562939861694626e-12,3.4039526541638315e-11,3.403952654047963e-11
2724,"(2.0, 3.0, 3.0, 4.0, 6.0, 6.0, 9.0, 13.0)",29377611900.00001,1,-26.20934572981153,1.0,1.0,4.144057523925605e-12,3.4039526541638315e-11,3.403952654047963e-11
2725,"(2.0, 3.0, 3.0, 4.0, 6.0, 6.0, 11.0, 11.0)",17486673750.000008,1,-25.84332984289922,1.0,1.0,5.9756404062074545e-12,5.7186404589952364e-11,5.718640458668208e-11
2726,"(2.0, 3.0, 3.0, 4.0, 6.0, 7.0, 7.0, 8.0)",39170149200.000015,2,-25.21588733101506,2.0,2.0,1.1191267480155908e-11,5.1059289812457475e-11,5.105928980985042e-11
2727,"(2.0, 3.0, 3.0, 4.0, 6.0, 7.0, 7.0, 12.0)",31637428200.000004,1,-25.598606698758854,1.0,1.0,7.632492150304447e-12,3.160813178866416e-11,3.1608131787665085e-11
2728,"(2.0, 3.0, 3.0, 4.0, 6.0, 7.0, 7.0, 13.0)",31637428200.000004,2,-25.475779578963497,2.0,2.0,8.629974385073652e-12,6.321626357732831e-11,6.321626357333202e-11
2729,"(2.0, 3.0, 3.0, 4.0, 6.0, 7.0, 7.0, 14.0)",31637428200.000004,2,-25.385436812587237,2.0,2.0,9.445933234655281e-12,6.321626357732831e-11,6.321626357333202e-11
2730,"(2.0, 3.0, 3.0, 4.0, 6.0, 7.0, 8.0, 8.0)",34973347500.000015,3,-25.09477462830132,3.0,3.0,1.2632166878334834e-11,8.577960688492855e-11,8.57796068775704e-11
2731,"(2.0, 3.0, 3.0, 4.0, 6.0, 7.0, 8.0, 11.0)",69946695000.00003,3,-25.359425519061627,3.0,3.0,9.69485756377683e-12,4.2889803442464276e-11,4.288980344062474e-11
2732,"(2.0, 3.0, 3.0, 4.0, 6.0, 7.0, 8.0, 12.0)",58755223800.00003,3,-25.47749399604511,3.0,3.0,8.615191685051533e-12,5.105928981245747e-11,5.1059289809850415e-11
2733,"(2.0, 3.0, 3.0, 4.0, 6.0, 7.0, 8.0, 13.0)",58755223800.00003,1,-25.354666876249752,1.0,1.0,9.741101870838949e-12,1.7019763270819154e-11,1.7019763270529483e-11
2734,"(2.0, 3.0, 3.0, 4.0, 6.0, 7.0, 8.0, 14.0)",58755223800.00003,2,-25.26432410987349,2.0,2.0,1.0662117151015785e-11,3.403952654163831e-11,3.403952654047962e-11
2735,"(2.0, 3.0, 3.0, 4.0, 6.0, 7.0, 9.0, 11.0)",69946695000.00003,1,-25.99485093954613,1.0,1.0,5.135463880916305e-12,1.4296601147488091e-11,1.4296601147283698e-11
2736,"(2.0, 3.0, 3.0, 4.0, 6.0, 7.0, 11.0, 12.0)",58755223800.00003,1,-25.74214488680542,1.0,1.0,6.611934205402042e-12,1.7019763270819154e-11,1.7019763270529483e-11
2737,"(2.0, 3.0, 3.0, 4.0, 6.0, 7.0, 11.0, 14.0)",58755223800.00003,1,-25.5289750006338,1.0,1.0,8.182895943583795e-12,1.7019763270819154e-11,1.7019763270529483e-11
2738,"(2.0, 3.0, 3.0, 4.0, 6.0, 7.0, 13.0, 14.0)",45196326000.000015,1,-25.524216357821924,1.0,1.0,8.221928219218905e-12,2.2125692252064906e-11,2.212569225157536e-11
2739,"(2.0, 3.0, 3.0, 4.0, 6.0, 8.0, 8.0, 12.0)",25325527500.00001,2,-25.356381293331367,2.0,2.0,9.724415866869938e-12,7.897170157660088e-11,7.897170157036435e-11
2740,"(2.0, 3.0, 3.0, 4.0, 6.0, 8.0, 9.0, 13.0)",50651055000.00002,1,-25.86897959402051,1.0,1.0,5.8243157335015635e-12,1.974292539415022e-11,1.9742925393760438e-11
2741,"(2.0, 3.0, 3.0, 4.0, 6.0, 8.0, 11.0, 12.0)",50651055000.00002,1,-25.621032184091675,1.0,1.0,7.46323474256247e-12,1.974292539415022e-11,1.9742925393760438e-11
2742,"(2.0, 3.0, 3.0, 4.0, 6.0, 8.0, 11.0, 14.0)",50651055000.00002,1,-25.40786229792005,1.0,1.0,9.236461132815351e-12,1.974292539415022e-11,1.9742925393760438e-11
2743,"(2.0, 3.0, 3.0, 4.0, 6.0, 9.0, 9.0, 11.0)",28943460000.00001,1,-26.509163657316883,1.0,1.0,3.0705523335086425e-12,3.455011943976289e-11,3.455011943856918e-11
2744,"(2.0, 3.0, 3.0, 4.0, 6.0, 9.0, 11.0, 14.0)",50651055000.00002,1,-26.043287718404557,1.0,1.0,4.892646665824935e-12,1.974292539415022e-11,1.9742925393760438e-11
2745,"(2.0, 3.0, 3.0, 4.0, 6.0, 9.0, 14.0, 14.0)",20260422000.000008,1,-25.948186309216418,1.0,1.0,5.380787864739904e-12,4.935731348537556e-11,4.9357313482939414e-11
2746,"(2.0, 3.0, 3.0, 4.0, 6.0, 11.0, 12.0, 12.0)",20260422000.000008,1,-26.003751551835464,2.0,4.0,5.089957923844935e-12,9.871462697075112e-11,1.9742925393175766e-10
2747,"(2.0, 3.0, 3.0, 4.0, 7.0, 7.0, 7.0, 11.0)",13056716400.000006,2,-25.26128478869809,2.0,2.0,1.0694572044887093e-11,1.531778694373724e-10,1.5317786941390894e-10
2748,"(2.0, 3.0, 3.0, 4.0, 7.0, 7.0, 7.0, 12.0)",10545809400.000002,2,-25.37935326568157,2.0,2.0,9.503573162389278e-12,1.8964879073198494e-10,1.8964879069601828e-10
2749,"(2.0, 3.0, 3.0, 4.0, 7.0, 7.0, 8.0, 8.0)",17486673750.000008,1,-24.87552119522404,1.0,1.0,1.5728902141481615e-11,5.7186404589952364e-11,5.718640458668208e-11
2750,"(2.0, 3.0, 3.0, 4.0, 7.0, 7.0, 8.0, 9.0)",34973347500.000015,2,-25.510946615708537,2.0,2.0,8.331758182384125e-12,5.7186404589952364e-11,5.718640458668208e-11
2751,"(2.0, 3.0, 3.0, 4.0, 7.0, 7.0, 8.0, 12.0)",29377611900.00001,1,-25.258240562967828,1.0,1.0,1.0727178341562901e-11,3.4039526541638315e-11,3.403952654047963e-11
2752,"(2.0, 3.0, 3.0, 4.0, 7.0, 7.0, 8.0, 14.0)",29377611900.00001,1,-25.045070676796207,1.0,1.0,1.3275901031434649e-11,3.4039526541638315e-11,3.403952654047963e-11
2753,"(2.0, 3.0, 3.0, 4.0, 7.0, 7.0, 11.0, 11.0)",17486673750.000008,1,-25.40482297674465,1.0,1.0,9.264576408755998e-12,5.7186404589952364e-11,5.718640458668208e-11
2754,"(2.0, 3.0, 3.0, 4.0, 7.0, 7.0, 12.0, 14.0)",22598163000.000008,1,-25.42779004454,1.0,1.0,9.054221122881432e-12,4.425138450412981e-11,4.425138450217163e-11
2755,"(2.0, 3.0, 3.0, 4.0, 7.0, 7.0, 14.0, 14.0)",11299081500.000004,1,-25.214620158368376,1.0,1.0,1.1205457737042378e-11,8.850276900825962e-11,8.850276900042688e-11
2756,"(2.0, 3.0, 3.0, 4.0, 7.0, 8.0, 8.0, 8.0)",9647820000.000004,1,-24.754408492510294,1.0,1.0,1.775403161585649e-11,1.0365035831928866e-10,1.0365035830854527e-10
2757,"(2.0, 3.0, 3.0, 4.0, 7.0, 8.0, 8.0, 9.0)",28943460000.00001,1,-25.389833912994792,2.0,4.0,9.404489700244582e-12,6.910023887952579e-11,1.3820047775427672e-10
2758,"(2.0, 3.0, 3.0, 4.0, 7.0, 8.0, 8.0, 11.0)",28943460000.00001,1,-25.0190593832706,1.0,1.0,1.362575473838329e-11,3.455011943976289e-11,3.455011943856918e-11
2759,"(2.0, 3.0, 3.0, 4.0, 7.0, 8.0, 9.0, 13.0)",50651055000.00002,1,-25.649726160943224,1.0,1.0,7.252128086627536e-12,1.974292539415022e-11,1.9742925393760438e-11
2760,"(2.0, 3.0, 3.0, 4.0, 7.0, 8.0, 11.0, 12.0)",50651055000.00002,1,-25.401778751014398,1.0,1.0,9.292822843086483e-12,1.974292539415022e-11,1.9742925393760438e-11
2761,"(2.0, 3.0, 3.0, 4.0, 7.0, 8.0, 11.0, 14.0)",50651055000.00002,1,-25.188608864842774,1.0,1.0,1.1500750005196352e-11,1.974292539415022e-11,1.9742925393760438e-11
2762,"(2.0, 3.0, 3.0, 4.0, 7.0, 8.0, 13.0, 14.0)",40520844000.000015,1,-25.183850222030895,1.0,1.0,1.1555608388745227e-11,2.467865674268778e-11,2.467865674207874e-11
2763,"(2.0, 3.0, 3.0, 4.0, 7.0, 9.0, 9.0, 11.0)",28943460000.00001,1,-26.2899102242396,2.0,4.0,3.8232884064322964e-12,6.910023887952579e-11,1.3820047775427672e-10
2764,"(2.0, 3.0, 3.0, 4.0, 7.0, 9.0, 11.0, 12.0)",50651055000.00002,1,-26.03720417149889,1.0,1.0,4.922502032493364e-12,1.974292539415022e-11,1.9742925393760438e-11
2765,"(2.0, 3.0, 3.0, 4.0, 7.0, 9.0, 12.0, 14.0)",40520844000.000015,1,-25.942102762310757,1.0,1.0,5.4136219125751494e-12,2.467865674268778e-11,2.467865674207874e-11
2766,"(2.0, 3.0, 3.0, 4.0, 7.0, 9.0, 14.0, 14.0)",20260422000.000008,1,-25.728932876139133,1.0,1.0,6.699870780975817e-12,4.935731348537556e-11,4.9357313482939414e-11
2767,"(2.0, 3.0, 3.0, 4.0, 7.0, 11.0, 12.0, 13.0)",40520844000.000015,1,-25.661670998962823,1.0,1.0,7.166017901284876e-12,2.467865674268778e-11,2.467865674207874e-11
2768,"(2.0, 3.0, 3.0, 4.0, 7.0, 12.0, 14.0, 14.0)",14805693000.000004,1,-25.476226823398427,1.0,1.0,8.626115540044142e-12,6.754158687472445e-11,6.754158687016259e-11
2769,"(2.0, 3.0, 3.0, 4.0, 8.0, 8.0, 8.0, 9.0)",7396662000.0,1,-25.26872121028105,1.0,1.0,1.061533767374629e-11,1.3519611954689832e-10,1.3519611952862031e-10
2770,"(2.0, 3.0, 3.0, 4.0, 8.0, 8.0, 8.0, 11.0)",7396662000.0,1,-24.89794668055686,1.0,1.0,1.5380099528826687e-11,1.3519611954689832e-10,1.3519611952862031e-10
2771,"(2.0, 3.0, 3.0, 4.0, 8.0, 8.0, 13.0, 13.0)",8441842500.0,1,-25.153080285693417,1.0,1.0,1.1916700626393483e-11,1.1845755236490138e-10,1.184575523508692e-10
2772,"(2.0, 3.0, 3.0, 4.0, 8.0, 9.0, 11.0, 11.0)",22189986000.0,1,-25.798022991801663,1.0,1.0,6.2526046699598e-12,4.506537318229944e-11,4.506537318026855e-11
2773,"(2.0, 3.0, 3.0, 4.0, 8.0, 12.0, 13.0, 13.0)",12831600600.000002,1,-25.53579965343721,1.0,1.0,8.127240649886536e-12,7.793260024006668e-11,7.793260023399319e-11
2774,"(2.0, 3.0, 3.0, 4.0, 9.0, 9.0, 11.0, 14.0)",20260422000.0,1,-26.33834700309803,1.0,1.0,3.642514037287005e-12,4.935731348537558e-11,4.9357313482939434e-11
2775,"(2.0, 3.0, 3.0, 6.0, 6.0, 6.0, 7.0, 7.0)",6779448899.999999,1,-25.539573237704023,1.0,1.0,8.09662961542147e-12,1.475046150137661e-10,1.475046149920085e-10
2776,"(2.0, 3.0, 3.0, 6.0, 6.0, 6.0, 7.0, 12.0)",10545809400.000002,1,-25.80117990273407,1.0,1.0,6.232896878160336e-12,9.482439536599247e-11,9.482439535700081e-11
2777,"(2.0, 3.0, 3.0, 6.0, 6.0, 6.0, 9.0, 12.0)",9792537300.000006,1,-26.315492620504827,1.0,1.0,3.726720019368352e-12,1.0211857962491493e-10,1.0211857961448672e-10
2778,"(2.0, 3.0, 3.0, 6.0, 6.0, 6.0, 9.0, 13.0)",9792537300.000006,1,-26.19266550070947,1.0,1.0,4.213761072287142e-12,1.0211857962491493e-10,1.0211857961448672e-10
2779,"(2.0, 3.0, 3.0, 6.0, 6.0, 6.0, 9.0, 14.0)",9792537300.000006,1,-26.102322734333207,1.0,1.0,4.61216962873688e-12,1.0211857962491493e-10,1.0211857961448672e-10
2780,"(2.0, 3.0, 3.0, 6.0, 6.0, 7.0, 8.0, 8.0)",17486673750.000008,2,-25.07809439919925,2.0,2.0,1.2844641451825142e-11,1.1437280917990473e-10,1.1437280916682359e-10
2781,"(2.0, 3.0, 3.0, 6.0, 6.0, 7.0, 8.0, 9.0)",34973347500.000015,1,-25.713519819683757,1.0,1.0,6.803936190422053e-12,2.8593202294976182e-11,2.859320229415861e-11
2782,"(2.0, 3.0, 3.0, 6.0, 6.0, 7.0, 8.0, 11.0)",34973347500.000015,1,-25.342745289959566,1.0,1.0,9.857926239622524e-12,2.8593202294976182e-11,2.859320229415861e-11
2783,"(2.0, 3.0, 3.0, 6.0, 6.0, 7.0, 8.0, 14.0)",29377611900.00001,1,-25.247643880771427,1.0,1.0,1.0841455250012102e-11,3.4039526541638315e-11,3.403952654047963e-11
2784,"(2.0, 3.0, 3.0, 6.0, 6.0, 7.0, 9.0, 11.0)",34973347500.000015,1,-25.97817071044406,1.0,1.0,5.221843004013863e-12,2.8593202294976182e-11,2.859320229415861e-11
2785,"(2.0, 3.0, 3.0, 6.0, 6.0, 7.0, 11.0, 11.0)",17486673750.000008,1,-25.607396180719878,1.0,1.0,7.56570046040718e-12,5.7186404589952364e-11,5.718640458668208e-11
2786,"(2.0, 3.0, 3.0, 6.0, 6.0, 7.0, 11.0, 14.0)",29377611900.00001,1,-25.51229477153173,1.0,1.0,8.320533242257427e-12,3.4039526541638315e-11,3.403952654047963e-11
2787,"(2.0, 3.0, 3.0, 6.0, 6.0, 8.0, 8.0, 9.0)",14471730000.000006,1,-25.59240711697001,1.0,1.0,7.679957389934208e-12,6.910023887952579e-11,6.910023887475094e-11
2788,"(2.0, 3.0, 3.0, 6.0, 6.0, 8.0, 9.0, 11.0)",28943460000.00001,1,-25.85705800773032,1.0,1.0,5.894166353912349e-12,3.455011943976289e-11,3.455011943856918e-11
2789,"(2.0, 3.0, 3.0, 6.0, 6.0, 8.0, 11.0, 12.0)",25325527500.00001,1,-25.60435195498961,1.0,1.0,7.58876725286388e-12,3.948585078830044e-11,3.948585078674131e-11
2790,"(2.0, 3.0, 3.0, 6.0, 6.0, 8.0, 11.0, 14.0)",25325527500.00001,1,-25.39118206881799,1.0,1.0,9.39181952529509e-12,3.948585078830044e-11,3.948585078674131e-11
2791,"(2.0, 3.0, 3.0, 6.0, 6.0, 9.0, 9.0, 13.0)",12662763750.000006,1,-26.487724785402943,1.0,1.0,3.1370922332875145e-12,7.897170157660088e-11,7.897170157036435e-11
2792,"(2.0, 3.0, 3.0, 6.0, 6.0, 13.0, 13.0, 14.0)",7402846500.000002,1,-25.64631567395455,1.0,1.0,7.276903599374575e-12,1.350831737494489e-10,1.3508317373120143e-10
2793,"(2.0, 3.0, 3.0, 6.0, 7.0, 7.0, 7.0, 8.0)",13056716400.000006,2,-24.97995366883572,2.0,2.0,1.4169155399511836e-11,1.531778694373724e-10,1.5317786941390894e-10
2794,"(2.0, 3.0, 3.0, 6.0, 7.0, 7.0, 7.0, 9.0)",13056716400.000006,1,-25.61537908932021,1.0,1.0,7.505544593987502e-12,7.65889347186862e-11,7.658893471282034e-11
2795,"(2.0, 3.0, 3.0, 6.0, 7.0, 7.0, 8.0, 9.0)",34973347500.000015,1,-25.494266386606476,1.0,1.0,8.471899361904312e-12,2.8593202294976182e-11,2.859320229415861e-11
2796,"(2.0, 3.0, 3.0, 6.0, 7.0, 7.0, 8.0, 11.0)",34973347500.000015,1,-25.12349185688228,1.0,1.0,1.2274565293061327e-11,2.8593202294976182e-11,2.859320229415861e-11
2797,"(2.0, 3.0, 3.0, 6.0, 7.0, 7.0, 9.0, 11.0)",34973347500.000015,1,-25.75891727736678,1.0,1.0,6.501961096570098e-12,2.8593202294976182e-11,2.859320229415861e-11
2798,"(2.0, 3.0, 3.0, 6.0, 7.0, 7.0, 11.0, 12.0)",29377611900.00001,1,-25.50621122462607,1.0,1.0,8.371305878785486e-12,3.4039526541638315e-11,3.403952654047963e-11
2799,"(2.0, 3.0, 3.0, 6.0, 7.0, 8.0, 8.0, 9.0)",28943460000.00001,1,-25.37315368389273,1.0,1.0,9.562674353534723e-12,3.455011943976289e-11,3.455011943856918e-11
2800,"(2.0, 3.0, 3.0, 6.0, 7.0, 8.0, 8.0, 14.0)",25325527500.00001,1,-24.9072777449804,1.0,1.0,1.5237254314675485e-11,3.948585078830044e-11,3.948585078674131e-11
2801,"(2.0, 3.0, 3.0, 6.0, 7.0, 8.0, 9.0, 9.0)",28943460000.00001,1,-26.008579104377223,1.0,1.0,5.065445100609755e-12,3.455011943976289e-11,3.455011943856918e-11
2802,"(2.0, 3.0, 3.0, 6.0, 7.0, 8.0, 9.0, 12.0)",50651055000.00002,1,-25.75587305163652,1.0,1.0,6.521784692278207e-12,1.974292539415022e-11,1.9742925393760438e-11
2803,"(2.0, 3.0, 3.0, 6.0, 7.0, 8.0, 11.0, 13.0)",50651055000.00002,1,-25.262271402116973,1.0,1.0,1.068402583996754e-11,1.974292539415022e-11,1.9742925393760438e-11
2804,"(2.0, 3.0, 3.0, 6.0, 7.0, 11.0, 11.0, 13.0)",25325527500.00001,2,-25.52692229287728,2.0,2.0,8.199710289122643e-12,7.897170157660088e-11,7.897170157036435e-11
2805,"(2.0, 3.0, 3.0, 6.0, 7.0, 11.0, 11.0, 14.0)",25325527500.00001,1,-25.43657952650102,1.0,1.0,8.974987929110453e-12,3.948585078830044e-11,3.948585078674131e-11
2806,"(2.0, 3.0, 3.0, 6.0, 7.0, 13.0, 14.0, 14.0)",14805693000.000004,1,-25.33671947450101,1.0,1.0,9.917507616853082e-12,6.754158687472445e-11,6.754158687016259e-11
2807,"(2.0, 3.0, 3.0, 6.0, 8.0, 8.0, 8.0, 13.0)",6753474000.0,1,-24.87650780864292,1.0,1.0,1.571339144835173e-11,1.4807194045612672e-10,1.4807194043420142e-10
2808,"(2.0, 3.0, 3.0, 6.0, 8.0, 9.0, 9.0, 12.0)",20260422000.0,1,-26.27018576940728,1.0,1.0,3.899449333083921e-12,4.935731348537558e-11,4.9357313482939434e-11
2809,"(2.0, 3.0, 3.0, 6.0, 8.0, 9.0, 11.0, 12.0)",40520844000.0,1,-25.899411239683083,1.0,1.0,5.649741976534074e-12,2.467865674268779e-11,2.467865674207875e-11
2810,"(2.0, 3.0, 3.0, 6.0, 8.0, 9.0, 11.0, 13.0)",40520844000.0,2,-25.77658411988773,2.0,2.0,6.388100712009174e-12,4.935731348537558e-11,4.9357313482939434e-11
2811,"(2.0, 3.0, 3.0, 6.0, 8.0, 9.0, 13.0, 14.0)",33767370000.0,1,-25.68148271069959,1.0,1.0,7.0254439238398936e-12,2.9614388091225344e-11,2.961438809034833e-11
2812,"(2.0, 3.0, 3.0, 6.0, 8.0, 11.0, 13.0, 14.0)",33767370000.0,1,-25.3107081809754,1.0,1.0,1.01788591285307e-11,2.9614388091225344e-11,2.961438809034833e-11
2813,"(2.0, 3.0, 3.0, 6.0, 9.0, 9.0, 9.0, 11.0)",7396662000.0,1,-26.78754271290829,1.0,1.0,2.3244382641262237e-12,1.3519611954689832e-10,1.3519611952862031e-10
2814,"(2.0, 3.0, 3.0, 6.0, 9.0, 13.0, 14.0, 14.0)",12831600600.000002,1,-25.85103219227176,1.0,1.0,5.929790737830013e-12,7.793260024006668e-11,7.793260023399319e-11
2815,"(2.0, 3.0, 3.0, 6.0, 11.0, 11.0, 13.0, 14.0)",16883685000.0,1,-25.575359071735708,1.0,1.0,7.812008055569876e-12,5.922877618245069e-11,5.922877617894264e-11
2816,"(2.0, 3.0, 3.0, 7.0, 7.0, 7.0, 9.0, 11.0)",11657782500.000006,1,-25.5396638442895,3.0,9.0,8.095896040691996e-12,2.5733882065478566e-10,7.720164618981337e-10
2817,"(2.0, 3.0, 3.0, 7.0, 7.0, 8.0, 8.0, 13.0)",12662763750.000006,1,-24.77836707827938,1.0,1.0,1.7333725205184382e-11,7.897170157660088e-11,7.897170157036435e-11
2818,"(2.0, 3.0, 3.0, 7.0, 7.0, 8.0, 9.0, 11.0)",28943460000.00001,1,-25.418551141575755,1.0,1.0,9.138259808105954e-12,3.455011943976289e-11,3.455011943856918e-11
2819,"(2.0, 3.0, 3.0, 7.0, 7.0, 8.0, 9.0, 13.0)",25325527500.00001,1,-25.413792498763883,1.0,1.0,9.181849153261276e-12,3.948585078830044e-11,3.948585078674131e-11
2820,"(2.0, 3.0, 3.0, 7.0, 7.0, 9.0, 11.0, 13.0)",25325527500.00001,1,-25.67844338952419,1.0,1.0,7.046828985898191e-12,3.948585078830044e-11,3.948585078674131e-11
2821,"(2.0, 3.0, 3.0, 7.0, 7.0, 9.0, 12.0, 13.0)",20260422000.000008,2,-25.79651186650767,3.0,5.0,6.262060281537492e-12,1.4807194045612667e-10,2.467865674049525e-10
2822,"(2.0, 3.0, 3.0, 7.0, 7.0, 11.0, 12.0, 14.0)",20260422000.000008,1,-25.335394570407217,1.0,1.0,9.930656071592252e-12,4.935731348537556e-11,4.9357313482939414e-11
2823,"(2.0, 3.0, 3.0, 7.0, 8.0, 8.0, 8.0, 11.0)",7396662000.0,1,-24.662013018377515,1.0,1.0,1.94725950988412e-11,1.3519611954689832e-10,1.3519611952862031e-10
2824,"(2.0, 3.0, 3.0, 7.0, 8.0, 8.0, 9.0, 13.0)",20260422000.0,1,-25.292679796050137,1.0,1.0,1.0364031684646896e-11,4.935731348537558e-11,4.9357313482939434e-11
2825,"(2.0, 3.0, 3.0, 7.0, 8.0, 8.0, 11.0, 11.0)",11094993000.0,1,-24.926663909137822,2.0,4.0,1.4944707246081733e-11,1.8026149272919775e-10,3.605229854259013e-10
2826,"(2.0, 3.0, 3.0, 7.0, 8.0, 8.0, 11.0, 12.0)",20260422000.0,1,-25.044732386121304,1.0,1.0,1.328039290469111e-11,4.935731348537558e-11,4.9357313482939434e-11
2827,"(2.0, 3.0, 3.0, 7.0, 8.0, 8.0, 13.0, 13.0)",8441842500.0,1,-24.91714662351407,1.0,1.0,1.5087619282108124e-11,1.1845755236490138e-10,1.184575523508692e-10
2828,"(2.0, 3.0, 3.0, 7.0, 8.0, 8.0, 13.0, 14.0)",16883685000.0,1,-24.82680385713781,1.0,1.0,1.651414454429747e-11,5.922877618245069e-11,5.922877617894264e-11
2829,"(2.0, 3.0, 3.0, 7.0, 8.0, 9.0, 11.0, 11.0)",22189986000.0,1,-25.56208932962232,1.0,1.0,7.916362233095298e-12,4.506537318229944e-11,4.506537318026855e-11
2830,"(2.0, 3.0, 3.0, 7.0, 8.0, 9.0, 11.0, 13.0)",40520844000.0,2,-25.557330686810445,2.0,2.0,7.954123147426834e-12,4.935731348537558e-11,4.9357313482939434e-11
2831,"(2.0, 3.0, 3.0, 7.0, 8.0, 9.0, 11.0, 14.0)",40520844000.0,1,-25.466987920434185,1.0,1.0,8.7061806719579e-12,2.467865674268779e-11,2.467865674207875e-11
2832,"(2.0, 3.0, 3.0, 7.0, 8.0, 9.0, 13.0, 14.0)",33767370000.0,1,-25.462229277622303,1.0,1.0,8.7477090069215e-12,2.9614388091225344e-11,2.961438809034833e-11
2833,"(2.0, 3.0, 3.0, 7.0, 8.0, 11.0, 12.0, 13.0)",33767370000.0,1,-25.30462463406974,1.0,1.0,1.0240971435489407e-11,2.9614388091225344e-11,2.961438809034833e-11
2834,"(2.0, 3.0, 3.0, 7.0, 9.0, 11.0, 12.0, 14.0)",33767370000.0,2,-25.84970728817797,2.0,2.0,5.937652348644045e-12,5.922877618245069e-11,5.922877617894264e-11
2835,"(2.0, 3.0, 3.0, 7.0, 11.0, 11.0, 13.0, 14.0)",16883685000.0,1,-25.356105638658427,1.0,1.0,9.727096817036498e-12,5.922877618245069e-11,5.922877617894264e-11
2836,"(2.0, 3.0, 3.0, 8.0, 8.0, 8.0, 11.0, 13.0)",5010642000.000001,1,-24.800792563612205,1.0,1.0,1.6949334191480596e-11,1.9957522409304033e-10,1.9957522405321005e-10
2837,"(2.0, 3.0, 3.0, 8.0, 8.0, 9.0, 11.0, 14.0)",15031926000.000002,1,-25.34587521772044,1.0,1.0,9.827119878612156e-12,6.652507469768011e-11,6.652507469325453e-11
2838,"(2.0, 3.0, 3.0, 8.0, 8.0, 14.0, 14.0, 14.0)",1724677500.0000002,1,-24.78489786961997,2.0,4.0,1.722089111171696e-11,1.1596370915721924e-09,2.3192741817996266e-09
2839,"(2.0, 3.0, 4.0, 4.0, 4.0, 6.0, 6.0, 8.0)",18554281200.0,1,-25.90968224003402,2.0,4.0,5.592010462434994e-12,1.0779183404852138e-10,2.1558366808542368e-10
2840,"(2.0, 3.0, 4.0, 4.0, 4.0, 6.0, 7.0, 8.0)",37108562400.0,1,-25.69042880695674,2.0,4.0,6.962873922179826e-12,5.389591702426069e-11,1.077918340456166e-10
2841,"(2.0, 3.0, 4.0, 4.0, 4.0, 6.0, 7.0, 12.0)",29972300400.0,1,-26.073148174700528,2.0,4.0,4.74870971039081e-12,6.672827822051323e-11,1.334565564365738e-10
2842,"(2.0, 3.0, 4.0, 4.0, 4.0, 6.0, 8.0, 9.0)",34359780000.00001,2,-26.20474152472749,5.0,17.0,4.1631816064610445e-12,1.455189759655038e-10,4.947645182615372e-10
2843,"(2.0, 3.0, 4.0, 4.0, 4.0, 6.0, 11.0, 13.0)",28862215200.00001,1,-26.093859242951737,1.0,1.0,4.651370340083342e-12,3.4647375229881856e-11,3.4647375228681416e-11
2844,"(2.0, 3.0, 4.0, 4.0, 4.0, 6.0, 12.0, 14.0)",22201704000.000004,1,-26.121584953558955,1.0,1.0,4.5241791725674764e-12,4.5041587798846425e-11,4.504158779681768e-11
2845,"(2.0, 3.0, 4.0, 4.0, 4.0, 7.0, 7.0, 13.0)",14986150199.999998,1,-25.73106762182789,1.0,1.0,6.685583515975337e-12,6.672827822051325e-11,6.672827821606058e-11
2846,"(2.0, 3.0, 4.0, 4.0, 4.0, 7.0, 8.0, 14.0)",28862215200.00001,1,-25.51961215273788,1.0,1.0,8.259870943941475e-12,3.4647375229881856e-11,3.4647375228681416e-11
2847,"(2.0, 3.0, 4.0, 4.0, 4.0, 7.0, 9.0, 13.0)",28862215200.00001,1,-26.245380339598643,1.0,1.0,3.997386515000114e-12,3.4647375229881856e-11,3.4647375228681416e-11
2848,"(2.0, 3.0, 4.0, 4.0, 4.0, 7.0, 11.0, 12.0)",28862215200.00001,1,-25.997432929669813,1.0,1.0,5.1222212674009125e-12,3.4647375229881856e-11,3.4647375228681416e-11
2849,"(2.0, 3.0, 4.0, 4.0, 4.0, 8.0, 8.0, 12.0)",12884917500.000008,1,-25.61166933619576,1.0,1.0,7.533440022079488e-12,7.761012051493535e-11,7.761012050891201e-11
2850,"(2.0, 3.0, 4.0, 4.0, 4.0, 8.0, 8.0, 13.0)",12884917500.000008,1,-25.4888422164004,1.0,1.0,8.517977240165471e-12,7.761012051493535e-11,7.761012050891201e-11
2851,"(2.0, 3.0, 4.0, 4.0, 4.0, 8.0, 9.0, 11.0)",29451240000.00001,1,-26.12902627969677,1.0,1.0,4.490638229160601e-12,3.395442772528422e-11,3.395442772413132e-11
2852,"(2.0, 3.0, 4.0, 4.0, 4.0, 8.0, 11.0, 12.0)",25769835000.00001,1,-25.876320226956068,1.0,1.0,5.781718107649314e-12,3.880506025746768e-11,3.880506025596185e-11
2853,"(2.0, 3.0, 4.0, 4.0, 4.0, 8.0, 13.0, 14.0)",20615868000.00001,1,-25.65839169797257,1.0,1.0,7.1895560040528995e-12,4.850632532183459e-11,4.850632531948173e-11
2854,"(2.0, 3.0, 4.0, 4.0, 4.0, 11.0, 11.0, 14.0)",12884917500.000008,1,-25.927801231544755,1.0,1.0,5.491601275932111e-12,7.761012051493535e-11,7.761012050891201e-11
2855,"(2.0, 3.0, 4.0, 4.0, 4.0, 11.0, 14.0, 14.0)",10307934000.000006,1,-25.83269982235662,1.0,1.0,6.0395004016795015e-12,9.701265064366919e-11,9.701265063425773e-11
2856,"(2.0, 3.0, 4.0, 4.0, 6.0, 6.0, 7.0, 7.0)",27831421800.000008,3,-25.79486128056842,3.0,3.0,6.272404885169e-12,1.0779183404852134e-10,1.0779183403690225e-10
2857,"(2.0, 3.0, 4.0, 4.0, 6.0, 6.0, 7.0, 8.0)",55662843600.0,3,-25.673748577854678,4.0,6.0,7.079990303013795e-12,7.186122269901424e-11,1.0779183404335734e-10
2858,"(2.0, 3.0, 4.0, 4.0, 6.0, 6.0, 7.0, 11.0)",55662843600.0,1,-25.938399468614985,1.0,1.0,5.433707312587999e-12,1.796530567475356e-11,1.7965305674430808e-11
2859,"(2.0, 3.0, 4.0, 4.0, 6.0, 6.0, 7.0, 12.0)",44958450599.99999,1,-26.056467945598463,2.0,4.0,4.82858358160089e-12,4.44855188136755e-11,8.897103762537203e-11
2860,"(2.0, 3.0, 4.0, 4.0, 6.0, 6.0, 7.0, 14.0)",44958450599.99999,1,-25.843298059426843,1.0,1.0,5.9758303358275335e-12,2.224275940683775e-11,2.2242759406343007e-11
2861,"(2.0, 3.0, 4.0, 4.0, 6.0, 6.0, 8.0, 11.0)",51539670000.000015,1,-25.81728676590124,1.0,1.0,6.1333086410766335e-12,1.9402530128733843e-11,1.9402530128357385e-11
2862,"(2.0, 3.0, 4.0, 4.0, 6.0, 6.0, 8.0, 14.0)",43293322800.00002,1,-25.7221853567131,2.0,4.0,6.7452311521141e-12,4.6196500306509135e-11,9.239300061088416e-11
2863,"(2.0, 3.0, 4.0, 4.0, 6.0, 6.0, 9.0, 12.0)",43293322800.00002,1,-26.57078066336922,1.0,1.0,2.8870651080074675e-12,2.3098250153254567e-11,2.309825015272104e-11
2864,"(2.0, 3.0, 4.0, 4.0, 6.0, 6.0, 9.0, 13.0)",43293322800.00002,1,-26.447953543573863,1.0,1.0,3.2643725587258564e-12,2.3098250153254567e-11,2.309825015272104e-11
2865,"(2.0, 3.0, 4.0, 4.0, 6.0, 6.0, 12.0, 13.0)",33302556000.000008,1,-26.195247490833157,1.0,1.0,4.202895216617523e-12,3.0027725199230946e-11,3.002772519832928e-11
2866,"(2.0, 3.0, 4.0, 4.0, 6.0, 7.0, 7.0, 8.0)",55662843600.0,2,-25.45449514477739,2.0,2.0,8.81562725629722e-12,3.593061134950712e-11,3.593061134821611e-11
2867,"(2.0, 3.0, 4.0, 4.0, 6.0, 7.0, 7.0, 11.0)",55662843600.0,2,-25.7191460355377,2.0,2.0,6.765763262020499e-12,3.593061134950712e-11,3.593061134821611e-11
2868,"(2.0, 3.0, 4.0, 4.0, 6.0, 7.0, 7.0, 13.0)",44958450599.99999,3,-25.714387392725826,3.0,3.0,6.798035838666441e-12,6.672827822051325e-11,6.672827821606058e-11
2869,"(2.0, 3.0, 4.0, 4.0, 6.0, 7.0, 8.0, 8.0)",51539670000.000015,2,-25.333382442063648,2.0,2.0,9.950657942561493e-12,3.8805060257467686e-11,3.8805060255961855e-11
2870,"(2.0, 3.0, 4.0, 4.0, 6.0, 7.0, 8.0, 11.0)",103079340000.00005,3,-25.59803333282396,3.0,3.0,7.636869616126747e-12,2.9103795193100756e-11,2.9103795192253727e-11
2871,"(2.0, 3.0, 4.0, 4.0, 6.0, 7.0, 8.0, 14.0)",86586645600.00005,1,-25.50293192363582,1.0,1.0,8.398802971423487e-12,1.1549125076627284e-11,1.15491250764939e-11
2872,"(2.0, 3.0, 4.0, 4.0, 6.0, 7.0, 9.0, 11.0)",103079340000.00005,2,-26.23345875330845,2.0,2.0,4.045326898191992e-12,1.940253012873384e-11,1.9402530128357382e-11
2873,"(2.0, 3.0, 4.0, 4.0, 6.0, 7.0, 12.0, 12.0)",33302556000.000008,1,-26.09882117755123,1.0,1.0,4.628347710285778e-12,3.0027725199230946e-11,3.002772519832928e-11
2874,"(2.0, 3.0, 4.0, 4.0, 6.0, 7.0, 13.0, 14.0)",66605112000.000015,1,-25.762824171584253,1.0,1.0,6.476608180189406e-12,1.5013862599615473e-11,1.5013862599390056e-11
2875,"(2.0, 3.0, 4.0, 4.0, 6.0, 8.0, 8.0, 11.0)",44176860000.00002,1,-25.47692063011021,1.0,1.0,8.620132758872697e-12,2.2636285150189478e-11,2.2636285149677075e-11
2876,"(2.0, 3.0, 4.0, 4.0, 6.0, 8.0, 8.0, 14.0)",38654752500.00002,2,-25.381819220922075,2.0,2.0,9.480166647915587e-12,5.174008034329023e-11,5.1740080340613196e-11
2877,"(2.0, 3.0, 4.0, 4.0, 6.0, 8.0, 9.0, 11.0)",88353720000.00005,3,-26.112346050594716,4.0,6.0,4.566171306868416e-12,4.5272570300378955e-11,6.790885544851881e-11
2878,"(2.0, 3.0, 4.0, 4.0, 6.0, 8.0, 9.0, 13.0)",77309505000.00005,1,-26.10758740778284,1.0,1.0,4.587951866987424e-12,1.2935020085822558e-11,1.2935020085655243e-11
2879,"(2.0, 3.0, 4.0, 4.0, 6.0, 8.0, 9.0, 14.0)",77309505000.00005,1,-26.01724464140657,1.0,1.0,5.0217399363701415e-12,1.2935020085822558e-11,1.2935020085655243e-11
2880,"(2.0, 3.0, 4.0, 4.0, 6.0, 8.0, 11.0, 12.0)",77309505000.00005,1,-25.859639997854003,1.0,1.0,5.87896730494029e-12,1.2935020085822558e-11,1.2935020085655243e-11
2881,"(2.0, 3.0, 4.0, 4.0, 6.0, 8.0, 11.0, 13.0)",77309505000.00005,1,-25.736812878058647,1.0,1.0,6.647283253386174e-12,1.2935020085822558e-11,1.2935020085655243e-11
2882,"(2.0, 3.0, 4.0, 4.0, 6.0, 8.0, 11.0, 14.0)",77309505000.00005,1,-25.646470111682383,1.0,1.0,7.275779857693319e-12,1.2935020085822558e-11,1.2935020085655243e-11
2883,"(2.0, 3.0, 4.0, 4.0, 6.0, 9.0, 9.0, 13.0)",38654752500.00002,1,-26.743012828267336,1.0,1.0,2.430284400291678e-12,2.5870040171645115e-11,2.5870040170975855e-11
2884,"(2.0, 3.0, 4.0, 4.0, 6.0, 9.0, 11.0, 11.0)",44176860000.00002,2,-26.37699694135502,2.0,2.0,3.504417006065518e-12,4.5272570300378955e-11,4.527257029832935e-11
2885,"(2.0, 3.0, 4.0, 4.0, 6.0, 9.0, 11.0, 13.0)",77309505000.00005,1,-26.372238298543145,2.0,4.0,3.5211330160776415e-12,2.5870040171645115e-11,5.174008034262097e-11
2886,"(2.0, 3.0, 4.0, 4.0, 6.0, 11.0, 13.0, 14.0)",61847604000.00004,1,-25.90636235963082,1.0,1.0,5.610606118982103e-12,1.6168775107278195e-11,1.6168775107016768e-11
2887,"(2.0, 3.0, 4.0, 4.0, 7.0, 7.0, 8.0, 11.0)",51539670000.000015,1,-25.378779899746675,1.0,1.0,9.509023749941656e-12,1.9402530128733843e-11,1.9402530128357385e-11
2888,"(2.0, 3.0, 4.0, 4.0, 7.0, 7.0, 9.0, 14.0)",43293322800.00002,1,-25.91910391104304,2.0,4.0,5.5395717974091405e-12,4.6196500306509135e-11,9.239300061088416e-11
2889,"(2.0, 3.0, 4.0, 4.0, 7.0, 7.0, 12.0, 14.0)",33302556000.000008,1,-25.66639785830233,1.0,1.0,7.132225072535181e-12,3.0027725199230946e-11,3.002772519832928e-11
2890,"(2.0, 3.0, 4.0, 4.0, 7.0, 8.0, 8.0, 8.0)",14725620000.000008,1,-24.993016306272622,1.0,1.0,1.3985272472437293e-11,6.790885545056843e-11,6.790885544595682e-11
2891,"(2.0, 3.0, 4.0, 4.0, 7.0, 8.0, 8.0, 13.0)",38654752500.00002,1,-25.252908554221055,1.0,1.0,1.0784528510235244e-11,2.5870040171645115e-11,2.5870040170975855e-11
2892,"(2.0, 3.0, 4.0, 4.0, 7.0, 8.0, 8.0, 14.0)",38654752500.00002,1,-25.162565787844795,1.0,1.0,1.1804199147000027e-11,2.5870040171645115e-11,2.5870040170975855e-11
2893,"(2.0, 3.0, 4.0, 4.0, 7.0, 8.0, 9.0, 11.0)",88353720000.00005,1,-25.893092617517432,1.0,1.0,5.685553582272036e-12,1.1318142575094739e-11,1.1318142574966639e-11
2894,"(2.0, 3.0, 4.0, 4.0, 7.0, 8.0, 9.0, 13.0)",77309505000.00005,2,-25.88833397470556,2.0,2.0,5.712673576964779e-12,2.5870040171645115e-11,2.5870040170975855e-11
2895,"(2.0, 3.0, 4.0, 4.0, 7.0, 8.0, 11.0, 12.0)",77309505000.00005,1,-25.640386564776723,1.0,1.0,7.320177315814959e-12,1.2935020085822558e-11,1.2935020085655243e-11
2896,"(2.0, 3.0, 4.0, 4.0, 7.0, 8.0, 12.0, 13.0)",61847604000.00004,1,-25.635627921964847,1.0,1.0,7.355094438146547e-12,1.6168775107278195e-11,1.6168775107016768e-11
2897,"(2.0, 3.0, 4.0, 4.0, 7.0, 8.0, 12.0, 14.0)",61847604000.00004,1,-25.545285155588584,3.0,9.0,8.050514161140696e-12,4.8506325321834586e-11,1.455189759631509e-10
2898,"(2.0, 3.0, 4.0, 4.0, 7.0, 9.0, 11.0, 11.0)",44176860000.00002,1,-26.15774350827774,1.0,1.0,4.363513614270308e-12,2.2636285150189478e-11,2.2636285149677075e-11
2899,"(2.0, 3.0, 4.0, 4.0, 7.0, 9.0, 11.0, 12.0)",77309505000.00005,1,-26.27581198526122,1.0,1.0,3.877571791021321e-12,1.2935020085822558e-11,1.2935020085655243e-11
2900,"(2.0, 3.0, 4.0, 4.0, 7.0, 11.0, 11.0, 11.0)",14725620000.000008,1,-25.78696897855355,1.0,1.0,6.322104462945753e-12,6.790885545056843e-11,6.790885544595682e-11
2901,"(2.0, 3.0, 4.0, 4.0, 7.0, 11.0, 11.0, 13.0)",38654752500.00002,1,-25.782210335741677,1.0,1.0,6.352260794603002e-12,2.5870040171645115e-11,2.5870040170975855e-11
2902,"(2.0, 3.0, 4.0, 4.0, 7.0, 11.0, 12.0, 12.0)",30923802000.00002,1,-26.023105932520515,1.0,1.0,4.992392148687702e-12,3.233755021455639e-11,3.233755021351067e-11
2903,"(2.0, 3.0, 4.0, 4.0, 8.0, 8.0, 11.0, 11.0)",17518410000.000008,1,-25.4012053850795,1.0,1.0,9.298152558936492e-12,5.7082806030912595e-11,5.708280602765415e-11
2904,"(2.0, 3.0, 4.0, 4.0, 8.0, 8.0, 11.0, 12.0)",31990140000.00001,1,-25.51927386206298,1.0,1.0,8.262665653943204e-12,3.1259631874071185e-11,3.125963187309402e-11
2905,"(2.0, 3.0, 4.0, 4.0, 8.0, 9.0, 11.0, 12.0)",63980280000.00003,1,-26.15469928254748,1.0,1.0,4.376817374239243e-12,1.5629815937035592e-11,1.5629815936791303e-11
2906,"(2.0, 3.0, 4.0, 4.0, 8.0, 9.0, 13.0, 13.0)",26658450000.00001,1,-26.027113519940244,1.0,1.0,4.972424738014482e-12,3.751155824888542e-11,3.75115582474783e-11
2907,"(2.0, 3.0, 4.0, 4.0, 8.0, 9.0, 13.0, 14.0)",53316900000.00002,1,-25.936770753563984,1.0,1.0,5.442564484417322e-12,1.875577912444271e-11,1.8755779124090932e-11
2908,"(2.0, 3.0, 4.0, 4.0, 8.0, 9.0, 14.0, 14.0)",26658450000.00001,1,-25.84642798718772,1.0,1.0,5.957155659005295e-12,3.751155824888542e-11,3.75115582474783e-11
2909,"(2.0, 3.0, 4.0, 4.0, 9.0, 11.0, 12.0, 14.0)",53316900000.00002,2,-26.32424876411965,2.0,2.0,3.694230771505736e-12,3.751155824888542e-11,3.75115582474783e-11
2910,"(2.0, 3.0, 4.0, 4.0, 11.0, 14.0, 14.0, 14.0)",6753474000.000004,1,-25.645202939035705,1.0,1.0,7.285005370836719e-12,1.4807194045612664e-10,1.4807194043420134e-10
2911,"(2.0, 3.0, 4.0, 6.0, 6.0, 6.0, 7.0, 13.0)",29972300400.0,2,-25.916960596701045,2.0,2.0,5.551457574018712e-12,6.672827822051323e-11,6.672827821606057e-11
2912,"(2.0, 3.0, 4.0, 6.0, 6.0, 6.0, 8.0, 9.0)",34359780000.00001,1,-26.171381066523367,1.0,1.0,4.304409874567845e-12,2.9103795193100763e-11,2.9103795192253733e-11
2913,"(2.0, 3.0, 4.0, 6.0, 6.0, 6.0, 8.0, 12.0)",28862215200.00001,1,-25.918675013782657,1.0,1.0,5.54194821415964e-12,3.4647375229881856e-11,3.4647375228681416e-11
2914,"(2.0, 3.0, 4.0, 6.0, 6.0, 6.0, 11.0, 12.0)",28862215200.00001,1,-26.183325904542965,1.0,1.0,4.2533002516182345e-12,3.4647375229881856e-11,3.4647375228681416e-11
2915,"(2.0, 3.0, 4.0, 6.0, 6.0, 7.0, 7.0, 7.0)",18554281200.000004,1,-25.55892761838907,1.0,1.0,7.941431093860268e-12,5.3895917024260675e-11,5.389591702135591e-11
2916,"(2.0, 3.0, 4.0, 6.0, 6.0, 7.0, 7.0, 8.0)",55662843600.0,3,-25.43781491567533,5.0,11.0,8.963907172116175e-12,8.982652837376782e-11,1.9761836241422037e-10
2917,"(2.0, 3.0, 4.0, 6.0, 6.0, 7.0, 7.0, 11.0)",55662843600.0,2,-25.70246580643564,2.0,2.0,6.879564217729776e-12,3.593061134950712e-11,3.593061134821611e-11
2918,"(2.0, 3.0, 4.0, 6.0, 6.0, 7.0, 8.0, 9.0)",103079340000.00005,2,-25.95212763344608,2.0,2.0,5.35962217297987e-12,1.940253012873384e-11,1.9402530128357382e-11
2919,"(2.0, 3.0, 4.0, 6.0, 6.0, 7.0, 8.0, 11.0)",103079340000.00005,2,-25.58135310372189,2.0,2.0,7.765322685985298e-12,1.940253012873384e-11,1.9402530128357382e-11
2920,"(2.0, 3.0, 4.0, 6.0, 6.0, 7.0, 8.0, 12.0)",86586645600.00005,1,-25.699421580705376,1.0,1.0,6.900539074034645e-12,1.1549125076627284e-11,1.15491250764939e-11
2921,"(2.0, 3.0, 4.0, 6.0, 6.0, 7.0, 8.0, 13.0)",86586645600.00005,1,-25.57659446091002,1.0,1.0,7.80236314422458e-12,1.1549125076627284e-11,1.15491250764939e-11
2922,"(2.0, 3.0, 4.0, 6.0, 6.0, 7.0, 8.0, 14.0)",86586645600.00005,1,-25.48625169453376,1.0,1.0,8.540071852397677e-12,1.1549125076627284e-11,1.15491250764939e-11
2923,"(2.0, 3.0, 4.0, 6.0, 6.0, 7.0, 9.0, 13.0)",86586645600.00005,1,-26.21201988139452,1.0,1.0,4.132990489996257e-12,1.1549125076627284e-11,1.15491250764939e-11
2924,"(2.0, 3.0, 4.0, 6.0, 6.0, 7.0, 9.0, 14.0)",86586645600.00005,3,-26.12167711501825,3.0,3.0,4.523762236825814e-12,3.464737522988185e-11,3.464737522868141e-11
2925,"(2.0, 3.0, 4.0, 6.0, 6.0, 7.0, 11.0, 11.0)",51539670000.000015,1,-25.846003994482203,1.0,1.0,5.959681985084413e-12,1.9402530128733843e-11,1.9402530128357385e-11
2926,"(2.0, 3.0, 4.0, 6.0, 6.0, 7.0, 11.0, 12.0)",86586645600.00005,1,-25.964072471465684,1.0,1.0,5.2959831896125995e-12,1.1549125076627284e-11,1.15491250764939e-11
2927,"(2.0, 3.0, 4.0, 6.0, 6.0, 7.0, 11.0, 13.0)",86586645600.00005,2,-25.841245351670327,2.0,2.0,5.9881095676350385e-12,2.3098250153254567e-11,2.309825015272104e-11
2928,"(2.0, 3.0, 4.0, 6.0, 6.0, 8.0, 8.0, 9.0)",44176860000.00002,1,-25.83101493073234,2.0,4.0,6.04968488278522e-12,4.5272570300378955e-11,9.05451405987083e-11
2929,"(2.0, 3.0, 4.0, 6.0, 6.0, 8.0, 8.0, 11.0)",44176860000.00002,1,-25.46024040100815,1.0,1.0,8.765124433619472e-12,2.2636285150189478e-11,2.2636285149677075e-11
2930,"(2.0, 3.0, 4.0, 6.0, 6.0, 8.0, 8.0, 14.0)",38654752500.00002,2,-25.36513899182001,2.0,2.0,9.639624196611144e-12,5.174008034329023e-11,5.1740080340613196e-11
2931,"(2.0, 3.0, 4.0, 6.0, 6.0, 8.0, 9.0, 9.0)",44176860000.00002,2,-26.46644035121684,2.0,2.0,3.204579128892931e-12,4.5272570300378955e-11,4.527257029832935e-11
2932,"(2.0, 3.0, 4.0, 6.0, 6.0, 8.0, 9.0, 12.0)",77309505000.00005,1,-26.213734298476133,1.0,1.0,4.125910890928899e-12,1.2935020085822558e-11,1.2935020085655243e-11
2933,"(2.0, 3.0, 4.0, 6.0, 6.0, 8.0, 11.0, 11.0)",44176860000.00002,1,-25.724891291768454,1.0,1.0,6.727003667000537e-12,2.2636285150189478e-11,2.2636285149677075e-11
2934,"(2.0, 3.0, 4.0, 6.0, 6.0, 8.0, 12.0, 12.0)",30923802000.00002,1,-25.961028245735424,1.0,1.0,5.312129922585702e-12,3.233755021455639e-11,3.233755021351067e-11
2935,"(2.0, 3.0, 4.0, 6.0, 6.0, 9.0, 11.0, 12.0)",77309505000.00005,1,-26.47838518923644,2.0,4.0,3.166528656060949e-12,2.5870040171645115e-11,5.174008034262097e-11
2936,"(2.0, 3.0, 4.0, 6.0, 6.0, 9.0, 14.0, 14.0)",30923802000.00002,1,-26.17011389387668,1.0,1.0,4.3098677623337375e-12,3.233755021455639e-11,3.233755021351067e-11
2937,"(2.0, 3.0, 4.0, 6.0, 6.0, 11.0, 11.0, 14.0)",38654752500.00002,1,-25.89444077334063,1.0,1.0,5.677893734596279e-12,2.5870040171645115e-11,2.5870040170975855e-11
2938,"(2.0, 3.0, 4.0, 6.0, 6.0, 11.0, 12.0, 13.0)",61847604000.00004,1,-26.10285201670037,1.0,1.0,4.60972913459025e-12,1.6168775107278195e-11,1.6168775107016768e-11
2939,"(2.0, 3.0, 4.0, 6.0, 7.0, 7.0, 7.0, 7.0)",9277140600.000002,1,-25.33967418531179,1.0,1.0,9.8882474987627e-12,1.0779183404852135e-10,1.0779183403690227e-10
2940,"(2.0, 3.0, 4.0, 6.0, 7.0, 7.0, 7.0, 11.0)",37108562400.0,2,-25.48321237335836,2.0,2.0,8.566067357952294e-12,5.389591702426069e-11,5.389591702135592e-11
2941,"(2.0, 3.0, 4.0, 6.0, 7.0, 7.0, 7.0, 13.0)",29972300400.0,1,-25.47845373054648,1.0,1.0,8.606927354771259e-12,3.3364139110256616e-11,3.336413910914345e-11
2942,"(2.0, 3.0, 4.0, 6.0, 7.0, 7.0, 7.0, 14.0)",29972300400.0,2,-25.388110964170217,2.0,2.0,9.420707121601026e-12,6.672827822051323e-11,6.672827821606057e-11
2943,"(2.0, 3.0, 4.0, 6.0, 7.0, 7.0, 8.0, 8.0)",51539670000.000015,3,-25.097448779884303,4.0,6.0,1.2598431675906723e-11,7.761012051493537e-11,1.1641518076637972e-10
2944,"(2.0, 3.0, 4.0, 6.0, 7.0, 7.0, 8.0, 9.0)",103079340000.00005,1,-25.7328742003688,1.0,1.0,6.673516387651428e-12,9.70126506436692e-12,9.701265064272805e-12
2945,"(2.0, 3.0, 4.0, 6.0, 7.0, 7.0, 8.0, 11.0)",103079340000.00005,2,-25.36209967064461,3.0,5.0,9.66896667858067e-12,2.9103795193100756e-11,4.8506325320987566e-11
2946,"(2.0, 3.0, 4.0, 6.0, 7.0, 7.0, 8.0, 12.0)",86586645600.00005,1,-25.48016814762809,1.0,1.0,8.592184133120735e-12,1.1549125076627284e-11,1.15491250764939e-11
2947,"(2.0, 3.0, 4.0, 6.0, 7.0, 7.0, 8.0, 14.0)",86586645600.00005,1,-25.26699826145647,1.0,1.0,1.0633643122461061e-11,1.1549125076627284e-11,1.15491250764939e-11
2948,"(2.0, 3.0, 4.0, 6.0, 7.0, 7.0, 9.0, 12.0)",86586645600.00005,1,-26.115593568112597,1.0,1.0,4.551366637782108e-12,1.1549125076627284e-11,1.15491250764939e-11
2949,"(2.0, 3.0, 4.0, 6.0, 7.0, 7.0, 9.0, 14.0)",86586645600.00005,1,-25.902423681940974,1.0,1.0,5.632748064498528e-12,1.1549125076627284e-11,1.15491250764939e-11
2950,"(2.0, 3.0, 4.0, 6.0, 7.0, 7.0, 11.0, 11.0)",51539670000.000015,1,-25.62675056140492,1.0,1.0,7.4206789413552e-12,1.9402530128733843e-11,1.9402530128357385e-11
2951,"(2.0, 3.0, 4.0, 6.0, 7.0, 7.0, 12.0, 12.0)",33302556000.000008,2,-25.862887515371884,3.0,5.0,5.859906222981332e-12,9.008317559769284e-11,1.5013862598803975e-10
2952,"(2.0, 3.0, 4.0, 6.0, 7.0, 7.0, 12.0, 13.0)",66605112000.000015,1,-25.740060395576528,1.0,1.0,6.625731099015332e-12,1.5013862599615473e-11,1.5013862599390056e-11
2953,"(2.0, 3.0, 4.0, 6.0, 7.0, 7.0, 14.0, 14.0)",33302556000.000008,1,-25.436547743028644,1.0,1.0,8.975273189924644e-12,3.0027725199230946e-11,3.002772519832928e-11
2954,"(2.0, 3.0, 4.0, 6.0, 7.0, 8.0, 8.0, 8.0)",29451240000.00001,1,-24.97633607717056,1.0,1.0,1.4220506445543045e-11,3.395442772528422e-11,3.395442772413132e-11
2955,"(2.0, 3.0, 4.0, 6.0, 7.0, 8.0, 8.0, 9.0)",88353720000.00005,2,-25.61176149765506,2.0,2.0,7.532745761246044e-12,2.2636285150189478e-11,2.2636285149677075e-11
2956,"(2.0, 3.0, 4.0, 6.0, 7.0, 8.0, 8.0, 11.0)",88353720000.00005,4,-25.24098696793087,4.0,4.0,1.0913866623370919e-11,4.5272570300378955e-11,4.527257029832935e-11
2957,"(2.0, 3.0, 4.0, 6.0, 7.0, 8.0, 8.0, 12.0)",77309505000.00005,2,-25.35905544491435,2.0,2.0,9.69844604388362e-12,2.5870040171645115e-11,2.5870040170975855e-11
2958,"(2.0, 3.0, 4.0, 6.0, 7.0, 8.0, 8.0, 13.0)",77309505000.00005,1,-25.236228325118997,1.0,1.0,1.0965925583087e-11,1.2935020085822558e-11,1.2935020085655243e-11
2959,"(2.0, 3.0, 4.0, 6.0, 7.0, 8.0, 9.0, 9.0)",88353720000.00005,3,-26.24718691813956,3.0,3.0,3.990171441563128e-12,3.395442772528421e-11,3.395442772413131e-11
2960,"(2.0, 3.0, 4.0, 6.0, 7.0, 8.0, 9.0, 11.0)",176707440000.0001,3,-25.876412388415368,3.0,3.0,5.7811852806246884e-12,1.6977213862642107e-11,1.697721386235388e-11
2961,"(2.0, 3.0, 4.0, 6.0, 7.0, 8.0, 9.0, 13.0)",154619010000.0001,1,-25.87165374560349,1.0,1.0,5.808761436905654e-12,6.467510042911279e-12,6.4675100428694505e-12
2962,"(2.0, 3.0, 4.0, 6.0, 7.0, 8.0, 9.0, 14.0)",154619010000.0001,1,-25.78131097922723,1.0,1.0,6.357976311488531e-12,6.467510042911279e-12,6.4675100428694505e-12
2963,"(2.0, 3.0, 4.0, 6.0, 7.0, 8.0, 11.0, 11.0)",88353720000.00005,2,-25.505637858691177,2.0,2.0,8.376107076697094e-12,2.2636285150189478e-11,2.2636285149677075e-11
2964,"(2.0, 3.0, 4.0, 6.0, 7.0, 8.0, 11.0, 12.0)",154619010000.0001,1,-25.623706335674655,1.0,1.0,7.443303582910018e-12,6.467510042911279e-12,6.4675100428694505e-12
2965,"(2.0, 3.0, 4.0, 6.0, 7.0, 8.0, 11.0, 13.0)",154619010000.0001,1,-25.5008792158793,1.0,1.0,8.416060966178382e-12,6.467510042911279e-12,6.4675100428694505e-12
2966,"(2.0, 3.0, 4.0, 6.0, 7.0, 8.0, 11.0, 14.0)",154619010000.0001,3,-25.41053644950304,3.0,3.0,9.211794431604322e-12,1.9402530128733837e-11,1.940253012835738e-11
2967,"(2.0, 3.0, 4.0, 6.0, 7.0, 8.0, 13.0, 14.0)",123695208000.00008,2,-25.40577780669116,2.0,2.0,9.255734535673568e-12,1.6168775107278195e-11,1.6168775107016768e-11
2968,"(2.0, 3.0, 4.0, 6.0, 7.0, 9.0, 9.0, 14.0)",77309505000.00005,1,-26.416736399711727,1.0,1.0,3.367884209600601e-12,1.2935020085822558e-11,1.2935020085655243e-11
2969,"(2.0, 3.0, 4.0, 6.0, 7.0, 9.0, 11.0, 12.0)",154619010000.0001,2,-26.25913175615916,2.0,2.0,3.942793017150622e-12,1.2935020085822558e-11,1.2935020085655243e-11
2970,"(2.0, 3.0, 4.0, 6.0, 7.0, 9.0, 11.0, 13.0)",154619010000.0001,1,-26.1363046363638,1.0,1.0,4.458072419019783e-12,6.467510042911279e-12,6.4675100428694505e-12
2971,"(2.0, 3.0, 4.0, 6.0, 7.0, 11.0, 11.0, 12.0)",77309505000.00005,1,-25.88835722643497,1.0,1.0,5.712540748968809e-12,1.2935020085822558e-11,1.2935020085655243e-11
2972,"(2.0, 3.0, 4.0, 6.0, 7.0, 11.0, 11.0, 14.0)",77309505000.00005,1,-25.67518734026335,1.0,1.0,7.069811203520838e-12,1.2935020085822558e-11,1.2935020085655243e-11
2973,"(2.0, 3.0, 4.0, 6.0, 7.0, 11.0, 12.0, 14.0)",123695208000.00008,1,-25.79325581724683,1.0,1.0,6.28248308907893e-12,8.084387553639098e-12,8.08438755357374e-12
2974,"(2.0, 3.0, 4.0, 6.0, 7.0, 11.0, 13.0, 13.0)",61847604000.00004,1,-25.760771463827737,1.0,1.0,6.4899164183256414e-12,1.6168775107278195e-11,1.6168775107016768e-11
2975,"(2.0, 3.0, 4.0, 6.0, 7.0, 11.0, 14.0, 14.0)",61847604000.00004,1,-25.58008593107521,1.0,1.0,7.775168927612133e-12,1.6168775107278195e-11,1.6168775107016768e-11
2976,"(2.0, 3.0, 4.0, 6.0, 7.0, 12.0, 12.0, 14.0)",45196326000.000015,2,-25.91132429423031,2.0,2.0,5.5828356130509515e-12,4.425138450412981e-11,4.425138450217163e-11
2977,"(2.0, 3.0, 4.0, 6.0, 8.0, 8.0, 8.0, 8.0)",5839470000.000003,1,-24.855223374456816,1.0,1.0,1.6051426778339673e-11,1.7124841809273779e-10,1.7124841806341178e-10
2978,"(2.0, 3.0, 4.0, 6.0, 8.0, 8.0, 9.0, 11.0)",70073640000.00003,1,-25.755299685701623,1.0,1.0,6.525525133673863e-12,1.4270701507728149e-11,1.4270701507524496e-11
2979,"(2.0, 3.0, 4.0, 6.0, 8.0, 8.0, 9.0, 12.0)",63980280000.00003,1,-25.873368162685107,1.0,1.0,5.7988113288299334e-12,1.5629815937035592e-11,1.5629815936791303e-11
2980,"(2.0, 3.0, 4.0, 6.0, 8.0, 8.0, 9.0, 13.0)",63980280000.00003,1,-25.75054104288975,2.0,4.0,6.556651778499514e-12,3.1259631874071185e-11,6.251926374716521e-11
2981,"(2.0, 3.0, 4.0, 6.0, 8.0, 8.0, 11.0, 11.0)",35036820000.000015,2,-25.384525155977435,3.0,5.0,9.454548608659028e-12,8.562420904636889e-11,1.4270701506995e-10
2982,"(2.0, 3.0, 4.0, 6.0, 8.0, 8.0, 11.0, 12.0)",63980280000.00003,1,-25.50259363296092,1.0,1.0,8.401644688785186e-12,1.5629815937035592e-11,1.5629815936791303e-11
2983,"(2.0, 3.0, 4.0, 6.0, 8.0, 8.0, 11.0, 13.0)",63980280000.00003,1,-25.37976651316556,1.0,1.0,9.499646646058375e-12,1.5629815937035592e-11,1.5629815936791303e-11
2984,"(2.0, 3.0, 4.0, 6.0, 8.0, 8.0, 11.0, 14.0)",63980280000.00003,1,-25.289423746789296,2.0,4.0,1.0397832481019452e-11,3.1259631874071185e-11,6.251926374716521e-11
2985,"(2.0, 3.0, 4.0, 6.0, 8.0, 8.0, 12.0, 14.0)",53316900000.00002,1,-25.407492223772778,1.0,1.0,9.239879940860118e-12,1.875577912444271e-11,1.8755779124090932e-11
2986,"(2.0, 3.0, 4.0, 6.0, 8.0, 8.0, 13.0, 14.0)",53316900000.00002,1,-25.28466510397742,1.0,1.0,1.044742996658018e-11,1.875577912444271e-11,1.8755779124090932e-11
2987,"(2.0, 3.0, 4.0, 6.0, 8.0, 9.0, 9.0, 12.0)",63980280000.00003,1,-26.50879358316961,1.0,1.0,3.071688875834619e-12,1.5629815937035592e-11,1.5629815936791303e-11
2988,"(2.0, 3.0, 4.0, 6.0, 8.0, 9.0, 9.0, 14.0)",63980280000.00003,1,-26.295623696997986,1.0,1.0,3.801506436873307e-12,1.5629815937035592e-11,1.5629815936791303e-11
2989,"(2.0, 3.0, 4.0, 6.0, 8.0, 9.0, 11.0, 11.0)",70073640000.00003,2,-26.01995057646193,2.0,2.0,5.008169802468069e-12,2.8541403015456298e-11,2.8541403014641686e-11
2990,"(2.0, 3.0, 4.0, 6.0, 8.0, 9.0, 11.0, 14.0)",127960560000.00006,1,-25.924849167273795,1.0,1.0,5.50783678819638e-12,7.814907968517796e-12,7.814907968456724e-12
2991,"(2.0, 3.0, 4.0, 6.0, 8.0, 9.0, 12.0, 12.0)",53316900000.00002,1,-26.256087530428896,1.0,1.0,3.954814057198689e-12,1.875577912444271e-11,1.8755779124090932e-11
2992,"(2.0, 3.0, 4.0, 6.0, 8.0, 9.0, 12.0, 13.0)",106633800000.00005,1,-26.13326041063354,1.0,1.0,4.471664475933002e-12,9.377889562221355e-12,9.37788956213341e-12
2993,"(2.0, 3.0, 4.0, 6.0, 8.0, 11.0, 11.0, 12.0)",63980280000.00003,1,-25.767244523721224,1.0,1.0,6.448042473135207e-12,1.5629815937035592e-11,1.5629815936791303e-11
2994,"(2.0, 3.0, 4.0, 6.0, 9.0, 9.0, 11.0, 14.0)",63980280000.00003,1,-26.560274587758293,1.0,1.0,2.9175567254796836e-12,1.5629815937035592e-11,1.5629815936791303e-11
2995,"(2.0, 3.0, 4.0, 6.0, 9.0, 9.0, 12.0, 12.0)",26658450000.00001,1,-26.891512950913395,1.0,1.0,2.0949049135459298e-12,3.751155824888542e-11,3.75115582474783e-11
2996,"(2.0, 3.0, 4.0, 6.0, 9.0, 9.0, 12.0, 13.0)",53316900000.00002,1,-26.76868583111804,1.0,1.0,2.36868579581115e-12,1.875577912444271e-11,1.8755779124090932e-11
2997,"(2.0, 3.0, 4.0, 6.0, 9.0, 9.0, 14.0, 14.0)",26658450000.00001,1,-26.465173178570154,1.0,1.0,3.2086424578351296e-12,3.751155824888542e-11,3.75115582474783e-11
2998,"(2.0, 3.0, 4.0, 6.0, 9.0, 11.0, 11.0, 13.0)",63980280000.00003,1,-26.27984282441037,2.0,4.0,3.861973381302522e-12,3.1259631874071185e-11,6.251926374716521e-11
2999,"(2.0, 3.0, 4.0, 6.0, 9.0, 11.0, 11.0, 14.0)",63980280000.00003,1,-26.189500058034103,1.0,1.0,4.2271206247025775e-12,1.5629815937035592e-11,1.5629815936791303e-11
3000,"(2.0, 3.0, 4.0, 6.0, 9.0, 11.0, 13.0, 14.0)",106633800000.00005,1,-26.184741415222227,1.0,1.0,4.24728391878621e-12,9.377889562221355e-12,9.37788956213341e-12
3001,"(2.0, 3.0, 4.0, 6.0, 9.0, 12.0, 13.0, 14.0)",81041688000.00005,1,-26.30280989220571,1.0,1.0,3.7742859923900944e-12,1.2339328371343886e-11,1.2339328371191627e-11
3002,"(2.0, 3.0, 4.0, 6.0, 9.0, 13.0, 13.0, 14.0)",40520844000.00002,1,-26.17998277241035,1.0,1.0,4.26754339144254e-12,2.4678656742687773e-11,2.4678656742078735e-11
3003,"(2.0, 3.0, 4.0, 7.0, 7.0, 7.0, 7.0, 9.0)",9277140600.0,1,-25.634733470005266,1.0,1.0,7.361676159857788e-12,1.0779183404852138e-10,1.077918340369023e-10
3004,"(2.0, 3.0, 4.0, 7.0, 7.0, 7.0, 7.0, 14.0)",7493075099.999999,1,-25.168857531092936,1.0,1.0,1.1730163308193576e-11,1.334565564410265e-10,1.3345655642321584e-10
3005,"(2.0, 3.0, 4.0, 7.0, 7.0, 7.0, 8.0, 8.0)",17179890000.000004,4,-24.878195346807026,5.0,7.0,1.568689686219532e-11,2.910379519310076e-10,4.074531326187076e-10
3006,"(2.0, 3.0, 4.0, 7.0, 7.0, 7.0, 8.0, 14.0)",28862215200.00001,1,-25.04774482837919,1.0,1.0,1.3240446685951045e-11,3.4647375229881856e-11,3.4647375228681416e-11
3007,"(2.0, 3.0, 4.0, 7.0, 7.0, 7.0, 9.0, 14.0)",28862215200.00001,1,-25.68317024886369,1.0,1.0,7.013598216951076e-12,3.4647375229881856e-11,3.4647375228681416e-11
3008,"(2.0, 3.0, 4.0, 7.0, 7.0, 7.0, 11.0, 12.0)",28862215200.00001,1,-25.52556560531112,1.0,1.0,8.210842283729895e-12,3.4647375229881856e-11,3.4647375228681416e-11
3009,"(2.0, 3.0, 4.0, 7.0, 7.0, 7.0, 11.0, 14.0)",28862215200.00001,1,-25.312395719139506,1.0,1.0,1.0161696400736304e-11,3.4647375229881856e-11,3.4647375228681416e-11
3010,"(2.0, 3.0, 4.0, 7.0, 7.0, 8.0, 8.0, 11.0)",44176860000.00002,2,-25.02173353485359,2.0,2.0,1.358936608085818e-11,4.5272570300378955e-11,4.527257029832935e-11
3011,"(2.0, 3.0, 4.0, 7.0, 7.0, 8.0, 8.0, 12.0)",38654752500.00002,1,-25.13980201183707,1.0,1.0,1.2075989037978374e-11,2.5870040171645115e-11,2.5870040170975855e-11
3012,"(2.0, 3.0, 4.0, 7.0, 7.0, 8.0, 9.0, 9.0)",44176860000.00002,2,-26.02793348506228,2.0,2.0,4.968349194287557e-12,4.5272570300378955e-11,4.527257029832935e-11
3013,"(2.0, 3.0, 4.0, 7.0, 7.0, 8.0, 9.0, 11.0)",88353720000.00005,2,-25.657158955338083,2.0,2.0,7.198424341327776e-12,2.2636285150189478e-11,2.2636285149677075e-11
3014,"(2.0, 3.0, 4.0, 7.0, 7.0, 8.0, 9.0, 12.0)",77309505000.00005,1,-25.775227432321568,1.0,1.0,6.3967732504488564e-12,1.2935020085822558e-11,1.2935020085655243e-11
3015,"(2.0, 3.0, 4.0, 7.0, 7.0, 8.0, 9.0, 14.0)",77309505000.00005,1,-25.562057546149948,1.0,1.0,7.916613846574183e-12,1.2935020085822558e-11,1.2935020085655243e-11
3016,"(2.0, 3.0, 4.0, 7.0, 7.0, 8.0, 11.0, 12.0)",77309505000.00005,3,-25.404452902597377,3.0,3.0,9.268005623463034e-12,3.880506025746767e-11,3.880506025596184e-11
3017,"(2.0, 3.0, 4.0, 7.0, 7.0, 8.0, 11.0, 13.0)",77309505000.00005,1,-25.28162578280202,1.0,1.0,1.0479231364556882e-11,1.2935020085822558e-11,1.2935020085655243e-11
3018,"(2.0, 3.0, 4.0, 7.0, 7.0, 8.0, 11.0, 14.0)",77309505000.00005,1,-25.19128301642576,1.0,1.0,1.147003634116407e-11,1.2935020085822558e-11,1.2935020085655243e-11
3019,"(2.0, 3.0, 4.0, 7.0, 7.0, 8.0, 12.0, 12.0)",30923802000.00002,1,-25.52252137958086,1.0,1.0,8.235876025925242e-12,3.233755021455639e-11,3.233755021351067e-11
3020,"(2.0, 3.0, 4.0, 7.0, 7.0, 9.0, 11.0, 11.0)",44176860000.00002,1,-25.921809846098395,1.0,1.0,5.5246023382170495e-12,2.2636285150189478e-11,2.2636285149677075e-11
3021,"(2.0, 3.0, 4.0, 7.0, 7.0, 9.0, 11.0, 12.0)",77309505000.00005,1,-26.03987832308188,1.0,1.0,4.909356100831853e-12,1.2935020085822558e-11,1.2935020085655243e-11
3022,"(2.0, 3.0, 4.0, 7.0, 7.0, 9.0, 13.0, 14.0)",61847604000.00004,1,-25.82194979409838,1.0,1.0,6.104775427233651e-12,1.6168775107278195e-11,1.6168775107016768e-11
3023,"(2.0, 3.0, 4.0, 7.0, 7.0, 11.0, 11.0, 12.0)",38654752500.00002,3,-25.669103793357685,3.0,3.0,7.112951822530155e-12,7.761012051493535e-11,7.761012050891201e-11
3024,"(2.0, 3.0, 4.0, 7.0, 7.0, 11.0, 11.0, 13.0)",38654752500.00002,1,-25.54627667356233,1.0,1.0,8.042535887606468e-12,2.5870040171645115e-11,2.5870040170975855e-11
3025,"(2.0, 3.0, 4.0, 7.0, 7.0, 11.0, 12.0, 13.0)",61847604000.00004,1,-25.664345150545813,1.0,1.0,7.146880482753891e-12,1.6168775107278195e-11,1.6168775107016768e-11
3026,"(2.0, 3.0, 4.0, 7.0, 7.0, 12.0, 13.0, 13.0)",22598163000.000008,1,-25.65958650773393,1.0,1.0,7.1809709821147166e-12,4.425138450412981e-11,4.425138450217163e-11
3027,"(2.0, 3.0, 4.0, 7.0, 7.0, 12.0, 14.0, 14.0)",22598163000.000008,1,-25.47890097498141,1.0,1.0,8.603078815093115e-12,4.425138450412981e-11,4.425138450217163e-11
3028,"(2.0, 3.0, 4.0, 7.0, 7.0, 13.0, 13.0, 14.0)",22598163000.000008,1,-25.446416621562317,1.0,1.0,8.887132947047533e-12,4.425138450412981e-11,4.425138450217163e-11
3029,"(2.0, 3.0, 4.0, 7.0, 8.0, 8.0, 8.0, 11.0)",23357880000.00001,1,-24.900620832139843,1.0,1.0,1.5339025754551323e-11,4.2812104523184446e-11,4.281210452135157e-11
3030,"(2.0, 3.0, 4.0, 7.0, 8.0, 8.0, 9.0, 11.0)",70073640000.00003,1,-25.53604625262434,1.0,1.0,8.125236726041795e-12,1.4270701507728149e-11,1.4270701507524496e-11
3031,"(2.0, 3.0, 4.0, 7.0, 8.0, 8.0, 9.0, 12.0)",63980280000.00003,2,-25.654114729607823,2.0,2.0,7.220371358813495e-12,3.1259631874071185e-11,3.125963187309402e-11
3032,"(2.0, 3.0, 4.0, 7.0, 8.0, 8.0, 9.0, 13.0)",63980280000.00003,2,-25.531287609812463,2.0,2.0,8.163993968181759e-12,3.1259631874071185e-11,3.125963187309402e-11
3033,"(2.0, 3.0, 4.0, 7.0, 8.0, 8.0, 9.0, 14.0)",63980280000.00003,2,-25.44094484343621,2.0,2.0,8.935894651663512e-12,3.1259631874071185e-11,3.125963187309402e-11
3034,"(2.0, 3.0, 4.0, 7.0, 8.0, 8.0, 11.0, 13.0)",63980280000.00003,1,-25.16051308008828,1.0,1.0,1.1828454604314295e-11,1.5629815937035592e-11,1.5629815936791303e-11
3035,"(2.0, 3.0, 4.0, 7.0, 8.0, 8.0, 11.0, 14.0)",63980280000.00003,2,-25.07017031371201,2.0,2.0,1.2946827820804858e-11,3.1259631874071185e-11,3.125963187309402e-11
3036,"(2.0, 3.0, 4.0, 7.0, 8.0, 8.0, 12.0, 14.0)",53316900000.00002,1,-25.188238790695497,1.0,1.0,1.1505006923086616e-11,1.875577912444271e-11,1.8755779124090932e-11
3037,"(2.0, 3.0, 4.0, 7.0, 8.0, 9.0, 11.0, 12.0)",127960560000.00006,1,-25.91876562036813,1.0,1.0,5.541446099902857e-12,7.814907968517796e-12,7.814907968456724e-12
3038,"(2.0, 3.0, 4.0, 7.0, 8.0, 9.0, 11.0, 13.0)",127960560000.00006,2,-25.79593850057277,2.0,2.0,6.265651763103425e-12,1.5629815937035592e-11,1.5629815936791303e-11
3039,"(2.0, 3.0, 4.0, 7.0, 8.0, 9.0, 11.0, 14.0)",127960560000.00006,1,-25.705595734196518,1.0,1.0,6.858065341218225e-12,7.814907968517796e-12,7.814907968456724e-12
3040,"(2.0, 3.0, 4.0, 7.0, 8.0, 9.0, 12.0, 13.0)",106633800000.00005,1,-25.91400697755626,2.0,4.0,5.56787870433527e-12,1.875577912444271e-11,3.751155824853364e-11
3041,"(2.0, 3.0, 4.0, 7.0, 8.0, 9.0, 13.0, 14.0)",106633800000.00005,1,-25.70083709138464,1.0,1.0,6.890778197225163e-12,9.377889562221355e-12,9.37788956213341e-12
3042,"(2.0, 3.0, 4.0, 7.0, 8.0, 11.0, 11.0, 12.0)",63980280000.00003,1,-25.547991090643944,1.0,1.0,8.028759439364688e-12,1.5629815937035592e-11,1.5629815936791303e-11
3043,"(2.0, 3.0, 4.0, 7.0, 8.0, 11.0, 13.0, 14.0)",106633800000.00005,1,-25.330062561660448,1.0,1.0,9.983747833712569e-12,9.377889562221355e-12,9.37788956213341e-12
3044,"(2.0, 3.0, 4.0, 7.0, 8.0, 11.0, 14.0, 14.0)",53316900000.00002,3,-25.239719795284184,3.0,3.0,1.0927705142670444e-11,5.6267337373328134e-11,5.626733737016212e-11
3045,"(2.0, 3.0, 4.0, 7.0, 9.0, 9.0, 11.0, 12.0)",63980280000.00003,1,-26.554191040852636,1.0,1.0,2.9353599170372118e-12,1.5629815937035592e-11,1.5629815936791303e-11
3046,"(2.0, 3.0, 4.0, 7.0, 9.0, 9.0, 11.0, 13.0)",63980280000.00003,1,-26.43136392105728,1.0,1.0,3.3189789646875178e-12,1.5629815937035592e-11,1.5629815936791303e-11
3047,"(2.0, 3.0, 4.0, 7.0, 9.0, 9.0, 13.0, 14.0)",53316900000.00002,1,-26.336262511869137,1.0,1.0,3.6501147449008685e-12,1.875577912444271e-11,1.8755779124090932e-11
3048,"(2.0, 3.0, 4.0, 7.0, 9.0, 11.0, 12.0, 13.0)",106633800000.00005,2,-26.178657868316566,2.0,2.0,4.2732012243676365e-12,1.875577912444271e-11,1.8755779124090932e-11
3049,"(2.0, 3.0, 4.0, 7.0, 11.0, 11.0, 13.0, 14.0)",53316900000.00002,2,-25.59471345242076,2.0,2.0,7.662265241802081e-12,3.751155824888542e-11,3.75115582474783e-11
3050,"(2.0, 3.0, 4.0, 7.0, 11.0, 12.0, 12.0, 13.0)",40520844000.00002,1,-25.925951815575857,1.0,1.0,5.501766928389139e-12,2.4678656742687773e-11,2.4678656742078735e-11
3051,"(2.0, 3.0, 4.0, 7.0, 11.0, 12.0, 13.0, 13.0)",40520844000.00002,1,-25.8031246957805,1.0,1.0,6.220786963108729e-12,2.4678656742687773e-11,2.4678656742078735e-11
3052,"(2.0, 3.0, 4.0, 7.0, 11.0, 13.0, 13.0, 14.0)",40520844000.00002,1,-25.58995480960888,1.0,1.0,7.69881411777087e-12,2.4678656742687773e-11,2.4678656742078735e-11
3053,"(2.0, 3.0, 4.0, 8.0, 8.0, 8.0, 9.0, 12.0)",16350516000.0,1,-25.53300202689408,1.0,1.0,8.150009468526319e-12,6.116014931883496e-11,6.11601493150944e-11
3054,"(2.0, 3.0, 4.0, 8.0, 8.0, 8.0, 11.0, 14.0)",16350516000.0,1,-24.94905761099827,2.0,4.0,1.461375933221785e-11,1.2232029863766992e-10,2.446405972603776e-10
3055,"(2.0, 3.0, 4.0, 8.0, 8.0, 8.0, 12.0, 13.0)",14217840000.0,1,-25.15746885435801,1.0,1.0,1.1864517954808946e-11,7.03341717166602e-11,7.03341717117133e-11
3056,"(2.0, 3.0, 4.0, 8.0, 8.0, 8.0, 13.0, 13.0)",7108920000.0,1,-25.03464173456266,1.0,1.0,1.3415079115038866e-11,1.406683434333204e-10,1.4066834341353281e-10
3057,"(2.0, 3.0, 4.0, 8.0, 8.0, 9.0, 9.0, 11.0)",25693668000.000004,1,-26.0503589703951,1.0,1.0,4.858171563073305e-12,3.8920095021076785e-11,3.892009501956201e-11
3058,"(2.0, 3.0, 4.0, 8.0, 8.0, 9.0, 9.0, 14.0)",24525774000.0,1,-25.95525756120696,1.0,1.0,5.3428731680140256e-12,4.0773432879223303e-11,4.077343287756083e-11
3059,"(2.0, 3.0, 4.0, 8.0, 8.0, 9.0, 13.0, 13.0)",21326760000.0,1,-25.67006715504716,2.0,4.0,7.106102776829061e-12,9.377889562221359e-11,1.875577912356327e-10
3060,"(2.0, 3.0, 4.0, 8.0, 8.0, 11.0, 11.0, 11.0)",8564556000.000001,1,-25.30880991094672,1.0,1.0,1.0198199702749027e-11,1.1676028506323035e-10,1.1676028504959738e-10
3061,"(2.0, 3.0, 4.0, 8.0, 8.0, 11.0, 14.0, 14.0)",21326760000.0,1,-25.118607092570443,1.0,1.0,1.233467033150813e-11,4.6889447811106797e-11,4.6889447808908176e-11
3062,"(2.0, 3.0, 4.0, 8.0, 9.0, 9.0, 11.0, 12.0)",49051548000.0,1,-26.433078338138888,1.0,1.0,3.313293725285248e-12,2.0386716439611652e-11,2.0386716439196032e-11
3063,"(2.0, 3.0, 4.0, 8.0, 9.0, 11.0, 11.0, 12.0)",49051548000.0,1,-26.062303808414697,1.0,1.0,4.800486694752505e-12,2.0386716439611652e-11,2.0386716439196032e-11
3064,"(2.0, 3.0, 4.0, 8.0, 9.0, 11.0, 13.0, 14.0)",85307040000.0,1,-25.844375279431205,1.0,1.0,5.969396517788008e-12,1.1722361952776699e-11,1.1722361952639285e-11
3065,"(2.0, 3.0, 4.0, 8.0, 9.0, 11.0, 14.0, 14.0)",42653520000.0,1,-25.75403251305494,1.0,1.0,6.533799341946507e-12,2.3444723905553398e-11,2.3444723905003743e-11
3066,"(2.0, 3.0, 4.0, 8.0, 11.0, 13.0, 14.0, 14.0)",33767370000.0,1,-25.378499340518875,1.0,1.0,9.511691968581251e-12,2.9614388091225344e-11,2.961438809034833e-11
3067,"(2.0, 3.0, 4.0, 9.0, 9.0, 12.0, 12.0, 14.0)",16883685000.0,1,-26.72069629669454,1.0,1.0,2.485129620198701e-12,5.922877618245069e-11,5.922877617894264e-11
3068,"(2.0, 3.0, 4.0, 11.0, 11.0, 11.0, 12.0, 14.0)",14217840000.0,1,-25.86107876026268,1.0,1.0,5.870514949703658e-12,7.03341717166602e-11,7.03341717117133e-11
3069,"(2.0, 3.0, 6.0, 6.0, 6.0, 6.0, 11.0, 14.0)",7215553800.000004,1,-25.953475789269284,1.0,1.0,5.352401435570436e-12,1.385895009195274e-10,1.3858950090032034e-10
3070,"(2.0, 3.0, 6.0, 6.0, 6.0, 7.0, 8.0, 13.0)",28862215200.00001,1,-25.559914231807955,1.0,1.0,7.933599835225594e-12,3.4647375229881856e-11,3.4647375228681416e-11
3071,"(2.0, 3.0, 6.0, 6.0, 6.0, 7.0, 8.0, 14.0)",28862215200.00001,1,-25.46957146543169,1.0,1.0,8.683716893022248e-12,3.4647375229881856e-11,3.4647375228681416e-11
3072,"(2.0, 3.0, 6.0, 6.0, 6.0, 7.0, 9.0, 12.0)",28862215200.00001,1,-26.31816677208781,2.0,4.0,3.716767518308387e-12,6.929475045976371e-11,1.3858950091472567e-10
3073,"(2.0, 3.0, 6.0, 6.0, 6.0, 7.0, 12.0, 13.0)",22201704000.000004,1,-25.942633599551748,1.0,1.0,5.4107489230676874e-12,4.5041587798846425e-11,4.504158779681768e-11
3074,"(2.0, 3.0, 6.0, 6.0, 6.0, 8.0, 11.0, 14.0)",25769835000.00001,1,-25.613109653478254,1.0,1.0,7.522597288581727e-12,3.880506025746768e-11,3.880506025596185e-11
3075,"(2.0, 3.0, 6.0, 6.0, 6.0, 9.0, 13.0, 14.0)",20615868000.00001,1,-26.24377643115088,1.0,1.0,4.00380310143352e-12,4.850632532183459e-11,4.850632531948173e-11
3076,"(2.0, 3.0, 6.0, 6.0, 7.0, 7.0, 7.0, 8.0)",18554281200.0,1,-25.201881253495984,1.0,1.0,1.1349116079454459e-11,5.389591702426069e-11,5.389591702135592e-11
3077,"(2.0, 3.0, 6.0, 6.0, 7.0, 7.0, 7.0, 11.0)",18554281200.0,2,-25.46653214425629,2.0,2.0,8.710149646121852e-12,1.0779183404852138e-10,1.077918340369023e-10
3078,"(2.0, 3.0, 6.0, 6.0, 7.0, 7.0, 7.0, 12.0)",14986150199.999998,1,-25.584600621239773,1.0,1.0,7.740145568223316e-12,6.672827822051325e-11,6.672827821606058e-11
3079,"(2.0, 3.0, 6.0, 6.0, 7.0, 7.0, 7.0, 14.0)",14986150199.999998,1,-25.371430735068152,1.0,1.0,9.579164553878291e-12,6.672827822051325e-11,6.672827821606058e-11
3080,"(2.0, 3.0, 6.0, 6.0, 7.0, 7.0, 8.0, 13.0)",43293322800.00002,2,-25.340660798730674,2.0,2.0,9.87849643214873e-12,4.6196500306509135e-11,4.6196500304375015e-11
3081,"(2.0, 3.0, 6.0, 6.0, 7.0, 7.0, 8.0, 14.0)",43293322800.00002,1,-25.25031803235441,1.0,1.0,1.0812502284856003e-11,2.3098250153254567e-11,2.309825015272104e-11
3082,"(2.0, 3.0, 6.0, 6.0, 7.0, 7.0, 9.0, 12.0)",43293322800.00002,1,-26.09891333901053,1.0,1.0,4.627921174662027e-12,2.3098250153254567e-11,2.309825015272104e-11
3083,"(2.0, 3.0, 6.0, 6.0, 7.0, 7.0, 11.0, 11.0)",25769835000.000008,1,-25.610070332302858,1.0,1.0,7.545495657937409e-12,3.8805060257467686e-11,3.8805060255961855e-11
3084,"(2.0, 3.0, 6.0, 6.0, 7.0, 7.0, 11.0, 13.0)",43293322800.00002,1,-25.605311689490986,1.0,1.0,7.581487544960588e-12,2.3098250153254567e-11,2.309825015272104e-11
3085,"(2.0, 3.0, 6.0, 6.0, 7.0, 8.0, 8.0, 9.0)",44176860000.00002,2,-25.595081268552995,2.0,2.0,7.65944745528211e-12,4.5272570300378955e-11,4.527257029832935e-11
3086,"(2.0, 3.0, 6.0, 6.0, 7.0, 8.0, 8.0, 11.0)",44176860000.00002,1,-25.224306738828805,1.0,1.0,1.1097439178916196e-11,2.2636285150189478e-11,2.2636285149677075e-11
3087,"(2.0, 3.0, 6.0, 6.0, 7.0, 8.0, 9.0, 9.0)",44176860000.00002,1,-26.23050668903749,1.0,1.0,4.057286607422233e-12,2.2636285150189478e-11,2.2636285149677075e-11
3088,"(2.0, 3.0, 6.0, 6.0, 7.0, 8.0, 11.0, 11.0)",44176860000.00002,1,-25.48895762958912,1.0,1.0,8.516994209979157e-12,2.2636285150189478e-11,2.2636285149677075e-11
3089,"(2.0, 3.0, 6.0, 6.0, 7.0, 8.0, 11.0, 12.0)",77309505000.00005,1,-25.6070261065726,1.0,1.0,7.568500848697312e-12,1.2935020085822558e-11,1.2935020085655243e-11
3090,"(2.0, 3.0, 6.0, 6.0, 7.0, 8.0, 11.0, 13.0)",77309505000.00005,1,-25.48419898677724,1.0,1.0,8.557620128709975e-12,1.2935020085822558e-11,1.2935020085655243e-11
3091,"(2.0, 3.0, 6.0, 6.0, 7.0, 8.0, 11.0, 14.0)",77309505000.00005,3,-25.393856220400977,3.0,3.0,9.366737927188756e-12,3.880506025746767e-11,3.880506025596184e-11
3092,"(2.0, 3.0, 6.0, 6.0, 7.0, 8.0, 12.0, 12.0)",30923802000.00002,2,-25.72509458355608,2.0,2.0,6.725636261395592e-12,6.467510042911278e-11,6.467510042492991e-11
3093,"(2.0, 3.0, 6.0, 6.0, 7.0, 8.0, 12.0, 13.0)",61847604000.00004,1,-25.60226746376072,1.0,1.0,7.604602470092455e-12,1.6168775107278195e-11,1.6168775107016768e-11
3094,"(2.0, 3.0, 6.0, 6.0, 7.0, 8.0, 13.0, 13.0)",30923802000.00002,1,-25.479440343965365,1.0,1.0,8.598439832387897e-12,3.233755021455639e-11,3.233755021351067e-11
3095,"(2.0, 3.0, 6.0, 6.0, 7.0, 9.0, 12.0, 14.0)",61847604000.00004,1,-26.14735011786896,1.0,1.0,4.409101812409324e-12,1.6168775107278195e-11,1.6168775107016768e-11
3096,"(2.0, 3.0, 6.0, 6.0, 7.0, 9.0, 13.0, 13.0)",30923802000.00002,1,-26.11486576444986,1.0,1.0,4.554680344809331e-12,3.233755021455639e-11,3.233755021351067e-11
3097,"(2.0, 3.0, 6.0, 6.0, 7.0, 11.0, 11.0, 13.0)",38654752500.00002,1,-25.74884987753755,1.0,1.0,6.567749542245531e-12,2.5870040171645115e-11,2.5870040170975855e-11
3098,"(2.0, 3.0, 6.0, 6.0, 8.0, 8.0, 8.0, 9.0)",11678940000.000006,1,-25.47396856583925,1.0,1.0,8.645617542653278e-12,8.562420904636889e-11,8.562420903903738e-11
3099,"(2.0, 3.0, 6.0, 6.0, 8.0, 8.0, 8.0, 11.0)",11678940000.000006,1,-25.103194036115063,1.0,1.0,1.2526257984523444e-11,8.562420904636889e-11,8.562420903903738e-11
3100,"(2.0, 3.0, 6.0, 6.0, 8.0, 8.0, 9.0, 12.0)",31990140000.00001,1,-25.856687933583043,1.0,1.0,5.896348036166882e-12,3.1259631874071185e-11,3.125963187309402e-11
3101,"(2.0, 3.0, 6.0, 6.0, 8.0, 8.0, 9.0, 14.0)",31990140000.00001,1,-25.643518047411423,2.0,4.0,7.297290161733308e-12,6.251926374814237e-11,1.2503852749237608e-10
3102,"(2.0, 3.0, 6.0, 6.0, 8.0, 8.0, 11.0, 13.0)",31990140000.00001,1,-25.363086284063492,1.0,1.0,9.659431850676885e-12,3.1259631874071185e-11,3.125963187309402e-11
3103,"(2.0, 3.0, 6.0, 6.0, 8.0, 9.0, 9.0, 14.0)",31990140000.00001,1,-26.27894346789592,1.0,1.0,3.86544823455336e-12,3.1259631874071185e-11,3.125963187309402e-11
3104,"(2.0, 3.0, 6.0, 6.0, 8.0, 9.0, 12.0, 12.0)",26658450000.00001,1,-26.239407301326832,1.0,1.0,4.0213345075798315e-12,3.751155824888542e-11,3.75115582474783e-11
3105,"(2.0, 3.0, 6.0, 6.0, 8.0, 9.0, 12.0, 14.0)",53316900000.00002,1,-26.02623741515521,1.0,1.0,4.9767830119942435e-12,1.875577912444271e-11,1.8755779124090932e-11
3106,"(2.0, 3.0, 6.0, 6.0, 8.0, 11.0, 11.0, 11.0)",11678940000.000006,1,-25.63249581763568,1.0,1.0,7.37816747599622e-12,8.562420904636889e-11,8.562420903903738e-11
3107,"(2.0, 3.0, 6.0, 6.0, 8.0, 11.0, 12.0, 14.0)",53316900000.00002,1,-25.65546288543102,1.0,1.0,7.21064373177233e-12,1.875577912444271e-11,1.8755779124090932e-11
3108,"(2.0, 3.0, 6.0, 6.0, 8.0, 11.0, 13.0, 14.0)",53316900000.00002,2,-25.532635765635668,2.0,2.0,8.15299504796801e-12,3.751155824888542e-11,3.75115582474783e-11
3109,"(2.0, 3.0, 6.0, 6.0, 11.0, 11.0, 12.0, 12.0)",13329225000.000006,1,-26.133283662362956,1.0,1.0,4.471560503209344e-12,7.502311649777084e-11,7.502311649214237e-11
3110,"(2.0, 3.0, 6.0, 7.0, 7.0, 7.0, 7.0, 11.0)",9277140600.0,1,-25.24727871117901,1.0,1.0,1.0845414942742643e-11,1.0779183404852138e-10,1.077918340369023e-10
3111,"(2.0, 3.0, 6.0, 7.0, 7.0, 7.0, 8.0, 9.0)",34359780000.00001,1,-25.496940538189456,1.0,1.0,8.449274483474768e-12,2.9103795193100763e-11,2.9103795192253733e-11
3112,"(2.0, 3.0, 6.0, 7.0, 7.0, 7.0, 8.0, 12.0)",28862215200.00001,1,-25.24423448544875,1.0,1.0,1.0878481138913062e-11,3.4647375229881856e-11,3.4647375228681416e-11
3113,"(2.0, 3.0, 6.0, 7.0, 7.0, 7.0, 9.0, 9.0)",17179890000.000004,1,-26.132365958673955,1.0,1.0,4.475665954284404e-12,5.8207590386201526e-11,5.82075903828134e-11
3114,"(2.0, 3.0, 6.0, 7.0, 7.0, 7.0, 9.0, 11.0)",34359780000.00001,1,-25.761591428949764,1.0,1.0,6.484597094345849e-12,2.9103795193100763e-11,2.9103795192253733e-11
3115,"(2.0, 3.0, 6.0, 7.0, 7.0, 7.0, 11.0, 11.0)",17179890000.000004,1,-25.390816899225577,1.0,1.0,9.39524975847347e-12,5.8207590386201526e-11,5.82075903828134e-11
3116,"(2.0, 3.0, 6.0, 7.0, 7.0, 7.0, 11.0, 12.0)",28862215200.00001,1,-25.508885376209054,1.0,1.0,8.34894964322207e-12,3.4647375229881856e-11,3.4647375228681416e-11
3117,"(2.0, 3.0, 6.0, 7.0, 7.0, 7.0, 11.0, 14.0)",28862215200.00001,1,-25.29571549003744,1.0,1.0,1.033261736223714e-11,3.4647375229881856e-11,3.4647375228681416e-11
3118,"(2.0, 3.0, 6.0, 7.0, 7.0, 8.0, 8.0, 9.0)",44176860000.00002,1,-25.375827835475715,1.0,1.0,9.537136474073688e-12,2.2636285150189478e-11,2.2636285149677075e-11
3119,"(2.0, 3.0, 6.0, 7.0, 7.0, 8.0, 8.0, 14.0)",38654752500.00002,1,-24.909951896563385,1.0,1.0,1.5196562019861378e-11,2.5870040171645115e-11,2.5870040170975855e-11
3120,"(2.0, 3.0, 6.0, 7.0, 7.0, 8.0, 9.0, 14.0)",77309505000.00005,1,-25.545377317047883,1.0,1.0,8.049772248195908e-12,1.2935020085822558e-11,1.2935020085655243e-11
3121,"(2.0, 3.0, 6.0, 7.0, 7.0, 8.0, 11.0, 14.0)",77309505000.00005,3,-25.174602787323693,3.0,3.0,1.166296373857575e-11,3.880506025746767e-11,3.880506025596184e-11
3122,"(2.0, 3.0, 6.0, 7.0, 7.0, 8.0, 12.0, 12.0)",30923802000.00002,1,-25.505841150478798,2.0,4.0,8.374404455986437e-12,6.467510042911278e-11,1.293502008540427e-10
3123,"(2.0, 3.0, 6.0, 7.0, 7.0, 9.0, 11.0, 13.0)",77309505000.00005,2,-25.90037097418445,3.0,5.0,5.6443223253644725e-12,3.880506025746767e-11,6.467510042760695e-11
3124,"(2.0, 3.0, 6.0, 7.0, 7.0, 11.0, 11.0, 11.0)",14725620000.000008,2,-25.53435508727214,3.0,5.0,8.138989470676146e-12,2.0372656635170528e-10,3.395442772113376e-10
3125,"(2.0, 3.0, 6.0, 7.0, 7.0, 11.0, 11.0, 12.0)",38654752500.00002,1,-25.652423564255624,1.0,1.0,7.232592531784922e-12,2.5870040171645115e-11,2.5870040170975855e-11
3126,"(2.0, 3.0, 6.0, 7.0, 8.0, 8.0, 8.0, 9.0)",23357880000.00001,2,-25.25471513276197,2.0,2.0,1.0765063000734818e-11,8.562420904636889e-11,8.562420903903738e-11
3127,"(2.0, 3.0, 6.0, 7.0, 8.0, 8.0, 9.0, 9.0)",35036820000.000015,1,-25.890140553246468,1.0,1.0,5.702362500158846e-12,2.8541403015456298e-11,2.8541403014641686e-11
3128,"(2.0, 3.0, 6.0, 7.0, 8.0, 8.0, 9.0, 11.0)",70073640000.00003,1,-25.51936602352228,1.0,1.0,8.261904189708198e-12,1.4270701507728149e-11,1.4270701507524496e-11
3129,"(2.0, 3.0, 6.0, 7.0, 8.0, 8.0, 9.0, 12.0)",63980280000.00003,1,-25.63743450050576,1.0,1.0,7.341818877650218e-12,1.5629815937035592e-11,1.5629815936791303e-11
3130,"(2.0, 3.0, 6.0, 7.0, 8.0, 8.0, 9.0, 13.0)",63980280000.00003,2,-25.5146073807104,2.0,2.0,8.301313333344765e-12,3.1259631874071185e-11,3.125963187309402e-11
3131,"(2.0, 3.0, 6.0, 7.0, 8.0, 8.0, 9.0, 14.0)",63980280000.00003,1,-25.42426461433414,1.0,1.0,9.0861974796069e-12,1.5629815937035592e-11,1.5629815936791303e-11
3132,"(2.0, 3.0, 6.0, 7.0, 8.0, 8.0, 11.0, 11.0)",35036820000.000015,1,-25.148591493798087,1.0,1.0,1.1970312451728019e-11,2.8541403015456298e-11,2.8541403014641686e-11
3133,"(2.0, 3.0, 6.0, 7.0, 8.0, 8.0, 11.0, 13.0)",63980280000.00003,1,-25.14383285098621,1.0,1.0,1.2027410640226991e-11,1.5629815937035592e-11,1.5629815936791303e-11
3134,"(2.0, 3.0, 6.0, 7.0, 8.0, 8.0, 11.0, 14.0)",63980280000.00003,2,-25.05349008460995,2.0,2.0,1.3164595029374131e-11,3.1259631874071185e-11,3.125963187309402e-11
3135,"(2.0, 3.0, 6.0, 7.0, 8.0, 8.0, 12.0, 13.0)",53316900000.00002,1,-25.261901327969696,1.0,1.0,1.068798045342472e-11,1.875577912444271e-11,1.8755779124090932e-11
3136,"(2.0, 3.0, 6.0, 7.0, 8.0, 8.0, 13.0, 14.0)",53316900000.00002,1,-25.04873144179808,1.0,1.0,1.3227389925625212e-11,1.875577912444271e-11,1.8755779124090932e-11
3137,"(2.0, 3.0, 6.0, 7.0, 8.0, 8.0, 14.0, 14.0)",26658450000.00001,2,-24.95838867542181,2.0,2.0,1.4478031629191518e-11,7.502311649777084e-11,7.502311649214237e-11
3138,"(2.0, 3.0, 6.0, 7.0, 8.0, 9.0, 9.0, 11.0)",70073640000.00003,1,-26.154791444006776,1.0,1.0,4.376414018950152e-12,1.4270701507728149e-11,1.4270701507524496e-11
3139,"(2.0, 3.0, 6.0, 7.0, 8.0, 9.0, 9.0, 14.0)",63980280000.00003,2,-26.05969003481864,2.0,2.0,4.813050492432e-12,3.1259631874071185e-11,3.125963187309402e-11
3140,"(2.0, 3.0, 6.0, 7.0, 8.0, 9.0, 11.0, 11.0)",70073640000.00003,2,-25.78401691428259,2.0,2.0,6.340795296345109e-12,2.8541403015456298e-11,2.8541403014641686e-11
3141,"(2.0, 3.0, 6.0, 7.0, 8.0, 9.0, 11.0, 14.0)",127960560000.00006,1,-25.68891550509445,1.0,1.0,6.9734188290543584e-12,7.814907968517796e-12,7.814907968456724e-12
3142,"(2.0, 3.0, 6.0, 7.0, 8.0, 9.0, 14.0, 14.0)",53316900000.00002,1,-25.59381409590631,1.0,1.0,7.669159449673416e-12,1.875577912444271e-11,1.8755779124090932e-11
3143,"(2.0, 3.0, 6.0, 7.0, 8.0, 11.0, 11.0, 11.0)",23357880000.00001,1,-25.4132423845584,1.0,1.0,9.186901608499353e-12,4.2812104523184446e-11,4.281210452135157e-11
3144,"(2.0, 3.0, 6.0, 7.0, 8.0, 11.0, 11.0, 14.0)",63980280000.00003,1,-25.31814097537026,1.0,1.0,1.0103482238940357e-11,1.5629815937035592e-11,1.5629815936791303e-11
3145,"(2.0, 3.0, 6.0, 7.0, 8.0, 11.0, 12.0, 12.0)",53316900000.00002,1,-25.64937933852536,1.0,1.0,7.254643723439604e-12,1.875577912444271e-11,1.8755779124090932e-11
3146,"(2.0, 3.0, 6.0, 7.0, 8.0, 11.0, 13.0, 13.0)",53316900000.00002,1,-25.403725098934647,1.0,1.0,9.274753367120417e-12,1.875577912444271e-11,1.8755779124090932e-11
3147,"(2.0, 3.0, 6.0, 7.0, 8.0, 11.0, 13.0, 14.0)",106633800000.00005,2,-25.313382332558383,2.0,2.0,1.015167567881099e-11,1.875577912444271e-11,1.8755779124090932e-11
3148,"(2.0, 3.0, 6.0, 7.0, 9.0, 9.0, 12.0, 14.0)",53316900000.00002,1,-26.44240940256243,2.0,4.0,3.2825209626742437e-12,3.751155824888542e-11,7.502311649636373e-11
3149,"(2.0, 3.0, 6.0, 7.0, 9.0, 11.0, 11.0, 11.0)",23357880000.00001,1,-26.048667805042896,1.0,1.0,4.8663944856969215e-12,4.2812104523184446e-11,4.281210452135157e-11
3150,"(2.0, 3.0, 6.0, 7.0, 9.0, 11.0, 11.0, 12.0)",63980280000.00003,1,-26.166736282026378,2.0,4.0,4.324449434512789e-12,3.1259631874071185e-11,6.251926374716521e-11
3151,"(2.0, 3.0, 6.0, 7.0, 11.0, 11.0, 11.0, 13.0)",21326760000.00001,1,-25.67313463250683,1.0,1.0,7.0843383647226896e-12,4.688944781110677e-11,4.688944780890815e-11
3152,"(2.0, 3.0, 6.0, 7.0, 11.0, 11.0, 13.0, 14.0)",53316900000.00002,1,-25.57803322331869,1.0,1.0,7.791145469153553e-12,1.875577912444271e-11,1.8755779124090932e-11
3153,"(2.0, 3.0, 6.0, 7.0, 11.0, 12.0, 13.0, 14.0)",81041688000.00005,2,-25.696101700302176,2.0,2.0,6.923486108106321e-12,2.4678656742687773e-11,2.4678656742078735e-11
3154,"(2.0, 3.0, 6.0, 7.0, 11.0, 14.0, 14.0, 14.0)",13506948000.000008,1,-25.39258904775429,1.0,1.0,9.378614724665995e-12,7.403597022806332e-11,7.4035970222582e-11
3155,"(2.0, 3.0, 6.0, 8.0, 8.0, 8.0, 9.0, 9.0)",8564556000.000001,1,-25.769027850532726,1.0,1.0,6.436553753227037e-12,1.1676028506323035e-10,1.1676028504959738e-10
3156,"(2.0, 3.0, 6.0, 8.0, 8.0, 8.0, 11.0, 13.0)",16350516000.0,1,-25.02272014827247,1.0,1.0,1.3575965241739604e-11,6.116014931883496e-11,6.11601493150944e-11
3157,"(2.0, 3.0, 6.0, 8.0, 8.0, 9.0, 9.0, 13.0)",24525774000.0,1,-26.02892009848116,2.0,4.0,4.963449771618306e-12,8.154686575844661e-11,1.6309373151024333e-10
3158,"(2.0, 3.0, 6.0, 8.0, 8.0, 9.0, 11.0, 11.0)",25693668000.000004,1,-25.662904211568843,1.0,1.0,7.15718612452255e-12,3.8920095021076785e-11,3.892009501956201e-11
3159,"(2.0, 3.0, 6.0, 8.0, 8.0, 9.0, 11.0, 12.0)",49051548000.0,1,-25.780972688552325,1.0,1.0,6.360127519432245e-12,2.0386716439611652e-11,2.0386716439196032e-11
3160,"(2.0, 3.0, 6.0, 8.0, 8.0, 9.0, 11.0, 13.0)",49051548000.0,1,-25.658145568756968,1.0,1.0,7.191325781620742e-12,2.0386716439611652e-11,2.0386716439196032e-11
3161,"(2.0, 3.0, 6.0, 8.0, 8.0, 11.0, 12.0, 14.0)",42653520000.0,1,-25.31509674964,1.0,1.0,1.0134286383132248e-11,2.3444723905553398e-11,2.3444723905003743e-11
3162,"(2.0, 3.0, 6.0, 8.0, 8.0, 11.0, 13.0, 14.0)",42653520000.0,1,-25.19226962984464,1.0,1.0,1.145872543006071e-11,2.3444723905553398e-11,2.3444723905003743e-11
3163,"(2.0, 3.0, 6.0, 8.0, 9.0, 9.0, 11.0, 13.0)",49051548000.0,1,-26.293570989241463,2.0,4.0,3.809317833136751e-12,4.0773432879223303e-11,8.154686575678413e-11
3164,"(2.0, 3.0, 6.0, 8.0, 9.0, 9.0, 12.0, 13.0)",42653520000.0,1,-26.41163946622495,1.0,1.0,3.3850939125064465e-12,2.3444723905553398e-11,2.3444723905003743e-11
3165,"(2.0, 3.0, 6.0, 8.0, 9.0, 11.0, 11.0, 13.0)",49051548000.0,1,-25.92279645951728,1.0,1.0,5.5191543793727365e-12,2.0386716439611652e-11,2.0386716439196032e-11
3166,"(2.0, 3.0, 6.0, 8.0, 9.0, 11.0, 12.0, 14.0)",85307040000.0,1,-25.950522170124497,1.0,1.0,5.368233760740564e-12,1.1722361952776699e-11,1.1722361952639285e-11
3167,"(2.0, 3.0, 6.0, 8.0, 9.0, 12.0, 12.0, 14.0)",33767370000.0,1,-26.06859064710798,1.0,1.0,4.770401478794705e-12,2.9614388091225344e-11,2.961438809034833e-11
3168,"(2.0, 3.0, 6.0, 8.0, 9.0, 12.0, 14.0, 14.0)",33767370000.0,1,-25.85542076093636,1.0,1.0,5.903824463075038e-12,2.9614388091225344e-11,2.961438809034833e-11
3169,"(2.0, 3.0, 6.0, 8.0, 11.0, 11.0, 11.0, 14.0)",16350516000.0,1,-25.461679163416825,1.0,1.0,8.752522569794856e-12,6.116014931883496e-11,6.11601493150944e-11
3170,"(2.0, 3.0, 6.0, 8.0, 11.0, 12.0, 13.0, 13.0)",33767370000.0,1,-25.66533176396469,1.0,1.0,7.139832751831133e-12,2.9614388091225344e-11,2.961438809034833e-11
3171,"(2.0, 3.0, 6.0, 9.0, 11.0, 11.0, 11.0, 13.0)",16350516000.0,1,-26.187447350277587,1.0,1.0,4.235806579810407e-12,6.116014931883496e-11,6.11601493150944e-11
3172,"(2.0, 3.0, 6.0, 9.0, 11.0, 12.0, 13.0, 13.0)",33767370000.0,1,-26.300757184449196,1.0,1.0,3.782041455648554e-12,2.9614388091225344e-11,2.961438809034833e-11
3173,"(2.0, 3.0, 7.0, 7.0, 7.0, 7.0, 7.0, 13.0)",1498615019.9999998,1,-25.02326663528985,1.0,1.0,1.3568548179835187e-11,6.672827822051324e-10,6.67282781759866e-10
3174,"(2.0, 3.0, 7.0, 7.0, 7.0, 7.0, 8.0, 9.0)",8589945000.000002,1,-25.27768710511217,1.0,1.0,1.052058706927178e-11,1.1641518077240305e-10,1.1641518075885056e-10
3175,"(2.0, 3.0, 7.0, 7.0, 7.0, 7.0, 8.0, 12.0)",7215553800.000004,1,-25.024981052371466,1.0,1.0,1.3545305958186707e-11,1.385895009195274e-10,1.3858950090032034e-10
3176,"(2.0, 3.0, 7.0, 7.0, 7.0, 7.0, 8.0, 14.0)",7215553800.000004,3,-24.81181116619985,4.0,6.0,1.676360135121873e-11,5.543580036781096e-10,8.315370052098517e-10
3177,"(2.0, 3.0, 7.0, 7.0, 7.0, 8.0, 8.0, 8.0)",4908540000.000003,1,-24.52114898191393,1.0,1.0,2.2418177695091694e-11,2.0372656635170528e-10,2.0372656631020077e-10
3178,"(2.0, 3.0, 7.0, 7.0, 7.0, 8.0, 8.0, 9.0)",14725620000.000008,1,-25.156574402398437,1.0,1.0,1.1875134943628418e-11,6.790885545056843e-11,6.790885544595682e-11
3179,"(2.0, 3.0, 7.0, 7.0, 7.0, 8.0, 8.0, 14.0)",12884917500.000008,1,-24.690698463486104,1.0,1.0,1.8921950540987787e-11,7.761012051493535e-11,7.761012050891201e-11
3180,"(2.0, 3.0, 7.0, 7.0, 7.0, 8.0, 9.0, 11.0)",29451240000.00001,1,-25.42122529315874,1.0,1.0,9.113855361312565e-12,3.395442772528422e-11,3.395442772413132e-11
3181,"(2.0, 3.0, 7.0, 7.0, 7.0, 8.0, 9.0, 13.0)",25769835000.00001,2,-25.416466650346862,2.0,2.0,9.157328297668362e-12,7.761012051493536e-11,7.761012050891202e-11
3182,"(2.0, 3.0, 7.0, 7.0, 7.0, 9.0, 11.0, 12.0)",25769835000.00001,2,-25.80394466090253,2.0,2.0,6.215688225446599e-12,7.761012051493536e-11,7.761012050891202e-11
3183,"(2.0, 3.0, 7.0, 7.0, 7.0, 11.0, 11.0, 13.0)",12884917500.000008,1,-25.310343011382983,1.0,1.0,1.0182576817122036e-11,7.761012051493535e-11,7.761012050891201e-11
3184,"(2.0, 3.0, 7.0, 7.0, 7.0, 12.0, 12.0, 12.0)",2510907000.000001,1,-25.669307085145302,1.0,1.0,7.111505964809398e-12,3.9826246053716827e-10,3.982624603785553e-10
3185,"(2.0, 3.0, 7.0, 7.0, 7.0, 13.0, 13.0, 14.0)",7532721000.000003,1,-25.21048295938297,1.0,1.0,1.1251912976445514e-11,1.3275415351238942e-10,1.3275415349476575e-10
3186,"(2.0, 3.0, 7.0, 7.0, 8.0, 8.0, 8.0, 9.0)",11678940000.000006,1,-25.03546169968469,1.0,1.0,1.340408372658883e-11,8.562420904636889e-11,8.562420903903738e-11
3187,"(2.0, 3.0, 7.0, 7.0, 8.0, 8.0, 11.0, 11.0)",17518410000.000008,1,-24.92933806072081,1.0,1.0,1.490479622139121e-11,5.7082806030912595e-11,5.708280602765415e-11
3188,"(2.0, 3.0, 7.0, 7.0, 8.0, 8.0, 13.0, 13.0)",13329225000.000006,1,-24.919820775097055,1.0,1.0,1.5047326599503278e-11,7.502311649777084e-11,7.502311649214237e-11
3189,"(2.0, 3.0, 7.0, 7.0, 8.0, 9.0, 9.0, 13.0)",31990140000.00001,1,-25.93077936811762,1.0,1.0,5.475270866493408e-12,3.1259631874071185e-11,3.125963187309402e-11
3190,"(2.0, 3.0, 7.0, 7.0, 8.0, 9.0, 11.0, 11.0)",35036820000.000015,1,-25.564763481205304,1.0,1.0,7.895220960580466e-12,2.8541403015456298e-11,2.8541403014641686e-11
3191,"(2.0, 3.0, 7.0, 7.0, 8.0, 11.0, 13.0, 14.0)",53316900000.00002,1,-25.094128899481102,1.0,1.0,1.264032646670713e-11,1.875577912444271e-11,1.8755779124090932e-11
3192,"(2.0, 3.0, 7.0, 7.0, 9.0, 11.0, 11.0, 12.0)",31990140000.00001,1,-25.947482848949097,1.0,1.0,5.384574366880386e-12,3.1259631874071185e-11,3.125963187309402e-11
3193,"(2.0, 3.0, 7.0, 7.0, 9.0, 11.0, 12.0, 12.0)",26658450000.00001,2,-26.065551325932574,3.0,5.0,4.784922316591297e-12,1.1253467474665627e-10,1.8755779123176305e-10
3194,"(2.0, 3.0, 7.0, 7.0, 9.0, 11.0, 13.0, 14.0)",53316900000.00002,1,-25.7295543199656,1.0,1.0,6.6957084810925845e-12,1.875577912444271e-11,1.8755779124090932e-11
3195,"(2.0, 3.0, 7.0, 7.0, 11.0, 13.0, 14.0, 14.0)",20260422000.00001,1,-25.263678381053275,1.0,1.0,1.0669004210691843e-11,4.9357313485375545e-11,4.93573134829394e-11
3196,"(2.0, 3.0, 7.0, 8.0, 8.0, 8.0, 8.0, 14.0)",4087629000.0,1,-24.448473058058617,1.0,1.0,2.4108104201007295e-11,2.4464059727533983e-10,2.4464059721549083e-10
3197,"(2.0, 3.0, 7.0, 8.0, 8.0, 8.0, 9.0, 11.0)",17129112000.000002,1,-25.17899988773125,1.0,1.0,1.1611793099632692e-11,5.838014253161518e-11,5.838014252820693e-11
3198,"(2.0, 3.0, 7.0, 8.0, 8.0, 8.0, 9.0, 12.0)",16350516000.0,1,-25.297068364714736,1.0,1.0,1.0318648077334125e-11,6.116014931883496e-11,6.11601493150944e-11
3199,"(2.0, 3.0, 7.0, 8.0, 8.0, 8.0, 13.0, 13.0)",7108920000.0,1,-24.798708072383317,1.0,1.0,1.6984701778844742e-11,1.406683434333204e-10,1.4066834341353281e-10
3200,"(2.0, 3.0, 7.0, 8.0, 8.0, 9.0, 9.0, 9.0)",8564556000.000001,1,-26.18519983793994,1.0,1.0,4.2453373135673775e-12,1.1676028506323035e-10,1.1676028504959738e-10
3201,"(2.0, 3.0, 7.0, 8.0, 8.0, 9.0, 9.0, 11.0)",25693668000.000004,1,-25.814425308215757,1.0,1.0,6.15088397777407e-12,3.8920095021076785e-11,3.892009501956201e-11
3202,"(2.0, 3.0, 7.0, 8.0, 8.0, 9.0, 11.0, 11.0)",25693668000.000004,1,-25.443650778491563,1.0,1.0,8.911747386274615e-12,3.8920095021076785e-11,3.892009501956201e-11
3203,"(2.0, 3.0, 7.0, 8.0, 8.0, 9.0, 11.0, 12.0)",49051548000.0,1,-25.561719255475044,1.0,1.0,7.919292416257323e-12,2.0386716439611652e-11,2.0386716439196032e-11
3204,"(2.0, 3.0, 7.0, 8.0, 8.0, 9.0, 12.0, 13.0)",42653520000.0,1,-25.55696061266317,1.0,1.0,7.957067307513121e-12,2.3444723905553398e-11,2.3444723905003743e-11
3205,"(2.0, 3.0, 7.0, 8.0, 8.0, 11.0, 11.0, 14.0)",24525774000.0,1,-24.977774839579236,1.0,1.0,1.4200061226869771e-11,4.0773432879223303e-11,4.077343287756083e-11
3206,"(2.0, 3.0, 7.0, 8.0, 8.0, 11.0, 13.0, 13.0)",21326760000.0,1,-25.06335896314362,1.0,1.0,1.3035314217669147e-11,4.6889447811106797e-11,4.6889447808908176e-11
3207,"(2.0, 3.0, 7.0, 8.0, 9.0, 11.0, 11.0, 12.0)",49051548000.0,1,-25.826370146235355,1.0,1.0,6.0778497245148136e-12,2.0386716439611652e-11,2.0386716439196032e-11
3208,"(2.0, 3.0, 7.0, 8.0, 9.0, 11.0, 12.0, 14.0)",85307040000.0,1,-25.731268737047216,1.0,1.0,6.68423907857814e-12,1.1722361952776699e-11,1.1722361952639285e-11
3209,"(2.0, 3.0, 7.0, 8.0, 9.0, 11.0, 13.0, 14.0)",85307040000.0,1,-25.608441617251856,1.0,1.0,7.557795133734519e-12,1.1722361952776699e-11,1.1722361952639285e-11
3210,"(2.0, 3.0, 7.0, 8.0, 9.0, 12.0, 13.0, 14.0)",67534740000.0,1,-25.726510094235337,1.0,1.0,6.7161227862441034e-12,1.4807194045612672e-11,1.4807194045393417e-11
3211,"(2.0, 3.0, 7.0, 8.0, 11.0, 11.0, 11.0, 14.0)",16350516000.0,1,-25.24242573033954,2.0,4.0,1.0898175452979787e-11,1.2232029863766992e-10,2.446405972603776e-10
3212,"(2.0, 3.0, 7.0, 8.0, 11.0, 11.0, 12.0, 14.0)",42653520000.0,1,-25.360494207323026,1.0,1.0,9.684502317553093e-12,2.3444723905553398e-11,2.3444723905003743e-11
3213,"(2.0, 3.0, 7.0, 8.0, 11.0, 11.0, 14.0, 14.0)",21326760000.0,1,-25.147324321151405,1.0,1.0,1.1985490518823818e-11,4.6889447811106797e-11,4.6889447808908176e-11
3214,"(2.0, 3.0, 7.0, 8.0, 11.0, 12.0, 13.0, 13.0)",33767370000.0,1,-25.44607833088741,1.0,1.0,8.890139889831856e-12,2.9614388091225344e-11,2.961438809034833e-11
3215,"(2.0, 3.0, 7.0, 8.0, 11.0, 12.0, 13.0, 14.0)",67534740000.0,1,-25.35573556451115,1.0,1.0,9.73069723026538e-12,1.4807194045612672e-11,1.4807194045393417e-11
3216,"(2.0, 3.0, 8.0, 8.0, 8.0, 8.0, 11.0, 14.0)",2900898000.0000005,1,-24.59201124610518,1.0,1.0,2.0884554566843427e-11,3.447208416152515e-10,3.4472084149641904e-10
3217,"(2.0, 3.0, 8.0, 8.0, 8.0, 11.0, 11.0, 13.0)",5801796000.000001,1,-24.947004903241755,1.0,1.0,1.4643787918763144e-11,1.7236042080762575e-10,1.7236042077791764e-10
3218,"(2.0, 3.0, 8.0, 8.0, 9.0, 9.0, 11.0, 14.0)",17405388000.000004,1,-25.86286208707418,1.0,1.0,5.860055232315805e-12,5.7453473602541914e-11,5.745347359924101e-11
3219,"(2.0, 3.0, 8.0, 8.0, 9.0, 11.0, 13.0, 14.0)",31646160000.000008,1,-25.487328914538114,2.0,4.0,8.530877269343164e-12,6.31988209627961e-11,1.263976419215981e-10
3220,"(2.0, 3.0, 8.0, 8.0, 9.0, 13.0, 14.0, 14.0)",13071240000.000002,1,-25.39222750534998,1.0,1.0,9.382006104609534e-12,7.650383590233213e-11,7.65038358964793e-11
3221,"(2.0, 3.0, 8.0, 8.0, 11.0, 11.0, 12.0, 14.0)",15823080000.000004,1,-25.239381504609284,1.0,1.0,1.0931402508775247e-11,6.31988209627961e-11,6.319882095880201e-11
3222,"(2.0, 3.0, 8.0, 8.0, 12.0, 13.0, 13.0, 14.0)",9803430000.000002,1,-25.229864218985533,1.0,1.0,1.1035936439311936e-11,1.0200511453644284e-10,1.020051145260378e-10
3223,"(2.0, 3.0, 8.0, 9.0, 9.0, 9.0, 11.0, 11.0)",5801796000.000001,1,-26.593388916746814,1.0,1.0,2.822525916709287e-12,1.7236042080762575e-10,1.7236042077791764e-10
3224,"(2.0, 3.0, 8.0, 9.0, 9.0, 12.0, 14.0, 14.0)",13071240000.000002,1,-26.150480045629838,1.0,1.0,4.39532321649949e-12,7.650383590233213e-11,7.65038358964793e-11
3225,"(2.0, 3.0, 8.0, 9.0, 11.0, 11.0, 11.0, 12.0)",11603592000.000002,1,-25.96990833428192,1.0,1.0,5.2651665664942624e-12,8.618021040381287e-11,8.618021039638584e-11
3226,"(2.0, 3.0, 8.0, 9.0, 11.0, 12.0, 14.0, 14.0)",26142480000.000004,1,-25.77970551590564,1.0,1.0,6.368192007524544e-12,3.825191795116607e-11,3.8251917949702856e-11
3227,"(2.0, 3.0, 9.0, 9.0, 11.0, 11.0, 11.0, 13.0)",5801796000.000001,1,-26.48250663497106,1.0,1.0,3.1535048369552824e-12,1.7236042080762575e-10,1.7236042077791764e-10
3228,"(2.0, 4.0, 4.0, 4.0, 4.0, 6.0, 6.0, 8.0)",6030141390.000003,1,-26.148290053796348,1.0,1.0,4.40495948627388e-12,1.6583359084387896e-10,1.6583359081637818e-10
3229,"(2.0, 4.0, 4.0, 4.0, 4.0, 6.0, 7.0, 8.0)",12060282780.000006,1,-25.929036620719067,1.0,1.0,5.484821200044669e-12,8.291679542193948e-11,8.291679541506429e-11
3230,"(2.0, 4.0, 4.0, 4.0, 4.0, 6.0, 9.0, 12.0)",9740997630.000002,1,-26.826068706233613,1.0,1.0,2.2365900562841068e-12,1.0265888957002034e-10,1.0265888955948149e-10
3231,"(2.0, 4.0, 4.0, 4.0, 4.0, 7.0, 7.0, 11.0)",6030141390.000003,1,-25.97443407840209,1.0,1.0,5.241391610129315e-12,1.6583359084387896e-10,1.6583359081637818e-10
3232,"(2.0, 4.0, 4.0, 4.0, 4.0, 7.0, 8.0, 8.0)",5798212875.0,1,-25.58867048492804,1.0,1.0,7.708708247032696e-12,1.724669344776342e-10,1.7246693444788935e-10
3233,"(2.0, 4.0, 4.0, 4.0, 4.0, 7.0, 8.0, 12.0)",9740997630.000002,1,-25.97138985267183,1.0,1.0,5.2573719007960625e-12,1.0265888957002034e-10,1.0265888955948149e-10
3234,"(2.0, 4.0, 4.0, 4.0, 6.0, 6.0, 6.0, 12.0)",6493998420.000001,1,-26.51432919243808,1.0,1.0,3.0547321825382434e-12,1.539883343550305e-10,1.539883343313181e-10
3235,"(2.0, 4.0, 4.0, 4.0, 6.0, 6.0, 7.0, 11.0)",24120565560.00001,1,-26.17700728237731,1.0,1.0,4.280260334455443e-12,4.145839771096974e-11,4.145839770925094e-11
3236,"(2.0, 4.0, 4.0, 4.0, 6.0, 6.0, 8.0, 8.0)",11596425750.0,1,-25.791243688903258,1.0,1.0,6.295136977725209e-12,8.62334672388171e-11,8.623346723138089e-11
3237,"(2.0, 4.0, 4.0, 4.0, 6.0, 6.0, 13.0, 13.0)",7493075099.999999,1,-26.31102818480013,1.0,1.0,3.7433949155894e-12,1.334565564410265e-10,1.3345655642321584e-10
3238,"(2.0, 4.0, 4.0, 4.0, 6.0, 7.0, 7.0, 8.0)",24120565560.00001,1,-25.69310295853972,1.0,1.0,6.944279015739135e-12,4.145839771096974e-11,4.145839770925094e-11
3239,"(2.0, 4.0, 4.0, 4.0, 6.0, 7.0, 8.0, 11.0)",46385703000.0,1,-25.836641146586288,1.0,1.0,6.0157436197546e-12,2.1558366809704275e-11,2.1558366809239512e-11
3240,"(2.0, 4.0, 4.0, 4.0, 6.0, 7.0, 8.0, 14.0)",38963990520.00001,2,-25.74153973739815,2.0,2.0,6.615936624375947e-12,5.132944478501017e-11,5.132944478237546e-11
3241,"(2.0, 4.0, 4.0, 4.0, 6.0, 8.0, 8.0, 8.0)",6871956000.000002,2,-25.450877553112235,2.0,2.0,8.847576350528147e-12,2.910379519310076e-10,2.9103795184630453e-10
3242,"(2.0, 4.0, 4.0, 4.0, 6.0, 8.0, 11.0, 11.0)",20615868000.000004,1,-25.98017933463285,2.0,4.0,5.211364810745084e-12,9.701265064366921e-11,1.9402530127792697e-10
3243,"(2.0, 4.0, 4.0, 4.0, 6.0, 8.0, 11.0, 14.0)",36077769000.000015,2,-25.885077925444712,2.0,2.0,5.731304638909942e-12,5.543580036781097e-11,5.543580036473784e-11
3244,"(2.0, 4.0, 4.0, 4.0, 7.0, 7.0, 8.0, 8.0)",11596425750.0,1,-25.352736822748696,1.0,1.0,9.759920873608095e-12,8.62334672388171e-11,8.623346723138089e-11
3245,"(2.0, 4.0, 4.0, 4.0, 7.0, 7.0, 8.0, 9.0)",23192851500.0,1,-25.988162243233194,1.0,1.0,5.169928572678248e-12,4.311673361940855e-11,4.31167336175495e-11
3246,"(2.0, 4.0, 4.0, 4.0, 7.0, 7.0, 8.0, 11.0)",23192851500.0,2,-25.617387713509004,2.0,2.0,7.490483906260405e-12,8.62334672388171e-11,8.623346723138089e-11
3247,"(2.0, 4.0, 4.0, 4.0, 7.0, 7.0, 9.0, 12.0)",19481995260.000004,1,-26.370881610976987,1.0,1.0,3.525913335426032e-12,5.132944478501017e-11,5.132944478237546e-11
3248,"(2.0, 4.0, 4.0, 4.0, 7.0, 8.0, 9.0, 11.0)",41231736000.00001,1,-26.13170043127976,1.0,1.0,4.47864562400017e-12,2.4253162660917303e-11,2.4253162660329087e-11
3249,"(2.0, 4.0, 4.0, 4.0, 7.0, 8.0, 11.0, 12.0)",36077769000.000015,1,-25.87899437853905,1.0,1.0,5.766277571388006e-12,2.7717900183905484e-11,2.77179001831372e-11
3250,"(2.0, 4.0, 4.0, 4.0, 7.0, 9.0, 12.0, 12.0)",14431107600.000006,1,-26.63248827600703,1.0,1.0,2.7142965980785942e-12,6.929475045976371e-11,6.929475045496195e-11
3251,"(2.0, 4.0, 4.0, 4.0, 7.0, 11.0, 12.0, 14.0)",28862215200.00001,1,-26.048543860111224,1.0,1.0,4.866997688010107e-12,3.4647375229881856e-11,3.4647375228681416e-11
3252,"(2.0, 4.0, 4.0, 4.0, 8.0, 8.0, 8.0, 11.0)",5644821000.000002,1,-25.37516230808152,1.0,1.0,9.543485812254239e-12,1.7715353595800464e-10,1.7715353592662125e-10
3253,"(2.0, 4.0, 4.0, 4.0, 8.0, 8.0, 11.0, 14.0)",15461901000.000002,1,-25.54471178965369,1.0,1.0,8.055131375269233e-12,6.467510042911282e-11,6.467510042492995e-11
3254,"(2.0, 4.0, 4.0, 4.0, 8.0, 9.0, 11.0, 13.0)",30923802000.000004,1,-26.27047997651445,1.0,1.0,3.8983022561234466e-12,3.233755021455641e-11,3.233755021351069e-11
3255,"(2.0, 4.0, 4.0, 4.0, 8.0, 9.0, 12.0, 13.0)",25769835000.00001,1,-26.388548453497933,1.0,1.0,3.4641686029772647e-12,3.880506025746768e-11,3.880506025596185e-11
3256,"(2.0, 4.0, 4.0, 4.0, 8.0, 11.0, 13.0, 13.0)",12884917500.000006,1,-25.894946803978385,1.0,1.0,5.675021273246675e-12,7.761012051493536e-11,7.761012050891202e-11
3257,"(2.0, 4.0, 4.0, 4.0, 8.0, 11.0, 14.0, 14.0)",12884917500.000006,1,-25.71426127122586,1.0,1.0,6.798893271212448e-12,7.761012051493536e-11,7.761012050891202e-11
3258,"(2.0, 4.0, 4.0, 4.0, 9.0, 12.0, 13.0, 14.0)",19585074600.00001,1,-26.5580979350701,1.0,1.0,2.9239141496112887e-12,5.105928981245746e-11,5.105928980985041e-11
3259,"(2.0, 4.0, 4.0, 6.0, 6.0, 6.0, 7.0, 8.0)",24120565560.00001,1,-25.89567616251494,2.0,4.0,5.6708836571221546e-12,8.291679542193948e-11,1.6583359083700377e-10
3260,"(2.0, 4.0, 4.0, 6.0, 6.0, 6.0, 11.0, 11.0)",11596425750.0,1,-26.30386524132181,1.0,1.0,3.770304904092622e-12,8.62334672388171e-11,8.623346723138089e-11
3261,"(2.0, 4.0, 4.0, 6.0, 6.0, 6.0, 11.0, 13.0)",19481995260.000004,1,-26.299106598509937,2.0,4.0,3.788289194893757e-12,1.0265888957002034e-10,2.0531777912950183e-10
3262,"(2.0, 4.0, 4.0, 6.0, 6.0, 7.0, 7.0, 8.0)",36180848340.000015,1,-25.676422729437657,1.0,1.0,7.061082627999578e-12,2.763893180731316e-11,2.763893180654925e-11
3263,"(2.0, 4.0, 4.0, 6.0, 6.0, 7.0, 8.0, 9.0)",69578554500.0,1,-26.19073544720841,1.0,1.0,4.221901710003439e-12,1.437224453980285e-11,1.4372244539596289e-11
3264,"(2.0, 4.0, 4.0, 6.0, 6.0, 7.0, 8.0, 11.0)",69578554500.0,1,-25.819960917484224,1.0,1.0,6.116929154441157e-12,1.437224453980285e-11,1.4372244539596289e-11
3265,"(2.0, 4.0, 4.0, 6.0, 6.0, 7.0, 8.0, 12.0)",58445985780.00001,1,-25.938029394467705,1.0,1.0,5.435718559320533e-12,1.7109814928336722e-11,1.7109814928043978e-11
3266,"(2.0, 4.0, 4.0, 6.0, 6.0, 7.0, 8.0, 13.0)",58445985780.00001,1,-25.815202274672348,1.0,1.0,6.146106803337424e-12,1.7109814928336722e-11,1.7109814928043978e-11
3267,"(2.0, 4.0, 4.0, 6.0, 6.0, 7.0, 9.0, 9.0)",34789277250.0,1,-26.826160867692916,1.0,1.0,2.2363839383788657e-12,2.87444890796057e-11,2.8744489078779453e-11
3268,"(2.0, 4.0, 4.0, 6.0, 6.0, 7.0, 9.0, 11.0)",69578554500.0,1,-26.45538633796872,1.0,1.0,3.240199098141161e-12,1.437224453980285e-11,1.4372244539596289e-11
3269,"(2.0, 4.0, 4.0, 6.0, 6.0, 7.0, 11.0, 11.0)",34789277250.0,1,-26.08461180824453,1.0,1.0,4.6945830791492936e-12,2.87444890796057e-11,2.8744489078779453e-11
3270,"(2.0, 4.0, 4.0, 6.0, 6.0, 7.0, 11.0, 13.0)",58445985780.00001,1,-26.079853165432656,1.0,1.0,4.71697616125624e-12,1.7109814928336722e-11,1.7109814928043978e-11
3271,"(2.0, 4.0, 4.0, 6.0, 6.0, 7.0, 11.0, 14.0)",58445985780.00001,1,-25.989510399056392,1.0,1.0,5.162963399491817e-12,1.7109814928336722e-11,1.7109814928043978e-11
3272,"(2.0, 4.0, 4.0, 6.0, 6.0, 7.0, 12.0, 12.0)",22479225300.0,1,-26.32074876221149,1.0,1.0,3.707183239864845e-12,4.448551881367549e-11,4.448551881169653e-11
3273,"(2.0, 4.0, 4.0, 6.0, 6.0, 8.0, 8.0, 8.0)",10307934000.000002,1,-25.43419732401017,1.0,1.0,8.996393653973144e-12,9.701265064366921e-11,9.701265063425776e-11
3274,"(2.0, 4.0, 4.0, 6.0, 6.0, 8.0, 8.0, 11.0)",30923802000.000008,1,-25.69884821477048,1.0,1.0,6.904496742559861e-12,3.2337550214556404e-11,3.2337550213510686e-11
3275,"(2.0, 4.0, 4.0, 6.0, 6.0, 8.0, 8.0, 14.0)",27058326750.00001,2,-25.60374680558234,2.0,2.0,7.593360980674508e-12,7.391440049041463e-11,7.39144004849513e-11
3276,"(2.0, 4.0, 4.0, 6.0, 6.0, 8.0, 11.0, 14.0)",54116653500.00002,1,-25.86839769634265,1.0,1.0,5.827705875564236e-12,1.8478600122603657e-11,1.84786001222622e-11
3277,"(2.0, 4.0, 4.0, 6.0, 6.0, 8.0, 12.0, 14.0)",43293322800.000015,1,-25.98646617332613,1.0,1.0,5.178704573203452e-12,2.309825015325457e-11,2.3098250152721042e-11
3278,"(2.0, 4.0, 4.0, 6.0, 7.0, 7.0, 7.0, 11.0)",24120565560.00001,2,-25.721820187120684,3.0,5.0,6.747694755213769e-12,1.243751931329092e-10,2.072919885393795e-10
3279,"(2.0, 4.0, 4.0, 6.0, 7.0, 7.0, 7.0, 14.0)",19481995260.000004,1,-25.626718777932545,1.0,1.0,7.420914800047506e-12,5.132944478501017e-11,5.132944478237546e-11
3280,"(2.0, 4.0, 4.0, 6.0, 7.0, 7.0, 8.0, 14.0)",58445985780.00001,1,-25.5056060752188,1.0,1.0,8.37637330269576e-12,1.7109814928336722e-11,1.7109814928043978e-11
3281,"(2.0, 4.0, 4.0, 6.0, 7.0, 7.0, 9.0, 11.0)",69578554500.0,1,-26.23613290489144,1.0,1.0,4.034523532220568e-12,1.437224453980285e-11,1.4372244539596289e-11
3282,"(2.0, 4.0, 4.0, 6.0, 7.0, 7.0, 9.0, 12.0)",58445985780.00001,1,-26.354201381874923,1.0,1.0,3.58521962383433e-12,1.7109814928336722e-11,1.7109814928043978e-11
3283,"(2.0, 4.0, 4.0, 6.0, 7.0, 7.0, 11.0, 13.0)",58445985780.00001,2,-25.86059973235537,2.0,2.0,5.873327763849279e-12,3.4219629856673445e-11,3.421962985550246e-11
3284,"(2.0, 4.0, 4.0, 6.0, 7.0, 7.0, 11.0, 14.0)",58445985780.00001,1,-25.77025696597911,1.0,1.0,6.428647345526739e-12,1.7109814928336722e-11,1.7109814928043978e-11
3285,"(2.0, 4.0, 4.0, 6.0, 7.0, 8.0, 9.0, 11.0)",123695208000.00005,1,-26.115020202177696,1.0,1.0,4.5539769846399296e-12,8.0843875536391e-12,8.084387553573742e-12
3286,"(2.0, 4.0, 4.0, 6.0, 7.0, 8.0, 11.0, 13.0)",108233307000.00005,2,-25.73948702964163,2.0,2.0,6.6295311568290446e-12,1.8478600122603657e-11,1.84786001222622e-11
3287,"(2.0, 4.0, 4.0, 6.0, 7.0, 8.0, 12.0, 13.0)",86586645600.00003,1,-25.85755550662511,2.0,4.0,5.891234741962879e-12,2.309825015325457e-11,4.619650030597561e-11
3288,"(2.0, 4.0, 4.0, 6.0, 7.0, 9.0, 9.0, 13.0)",54116653500.00002,1,-26.74568697985032,1.0,1.0,2.423794133262168e-12,1.8478600122603657e-11,1.84786001222622e-11
3289,"(2.0, 4.0, 4.0, 6.0, 7.0, 9.0, 11.0, 11.0)",61847604000.000015,1,-26.379671092938004,1.0,1.0,3.4950581828144657e-12,1.6168775107278202e-11,1.6168775107016774e-11
3290,"(2.0, 4.0, 4.0, 6.0, 7.0, 9.0, 11.0, 13.0)",108233307000.00005,2,-26.37491245012613,2.0,2.0,3.511729551397531e-12,1.8478600122603657e-11,1.84786001222622e-11
3291,"(2.0, 4.0, 4.0, 6.0, 7.0, 9.0, 11.0, 14.0)",108233307000.00005,1,-26.284569683749865,1.0,1.0,3.843761452877595e-12,9.239300061301829e-12,9.239300061216464e-12
3292,"(2.0, 4.0, 4.0, 6.0, 7.0, 11.0, 13.0, 14.0)",86586645600.00003,1,-25.9090365112138,1.0,1.0,5.595622550842846e-12,1.1549125076627285e-11,1.1549125076493902e-11
3293,"(2.0, 4.0, 4.0, 6.0, 8.0, 9.0, 9.0, 11.0)",50803389000.000015,1,-26.629332919948453,1.0,1.0,2.7228746966546194e-12,1.968372621755607e-11,1.968372621716862e-11
3294,"(2.0, 4.0, 4.0, 6.0, 8.0, 9.0, 11.0, 12.0)",92771406000.00002,1,-26.376626867207744,1.0,1.0,3.5057141402038414e-12,1.0779183404852136e-11,1.0779183404735944e-11
3295,"(2.0, 4.0, 4.0, 6.0, 8.0, 11.0, 11.0, 14.0)",46385703000.00001,1,-25.792682451311933,1.0,1.0,6.286086283744606e-12,2.155836680970427e-11,2.155836680923951e-11
3296,"(2.0, 4.0, 4.0, 6.0, 8.0, 11.0, 13.0, 13.0)",38654752500.000015,1,-25.87826657487632,1.0,1.0,5.770475816888692e-12,2.587004017164512e-11,2.587004017097586e-11
3297,"(2.0, 4.0, 4.0, 6.0, 8.0, 13.0, 13.0, 14.0)",29377611900.00001,1,-25.78316516568818,1.0,1.0,6.346198360525704e-12,3.4039526541638315e-11,3.403952654047963e-11
3298,"(2.0, 4.0, 4.0, 6.0, 9.0, 11.0, 11.0, 12.0)",46385703000.00001,1,-26.64127775796805,1.0,1.0,2.6905438770671783e-12,2.155836680970427e-11,2.155836680923951e-11
3299,"(2.0, 4.0, 4.0, 6.0, 9.0, 11.0, 13.0, 14.0)",77309505000.00003,2,-26.42334922898456,2.0,2.0,3.3456864422261877e-12,2.587004017164512e-11,2.587004017097586e-11
3300,"(2.0, 4.0, 4.0, 7.0, 7.0, 7.0, 8.0, 8.0)",11596425750.0,1,-25.11680316056935,1.0,1.0,1.2356941319676719e-11,8.62334672388171e-11,8.623346723138089e-11
3301,"(2.0, 4.0, 4.0, 7.0, 7.0, 7.0, 8.0, 9.0)",23192851500.0,1,-25.75222858105385,1.0,1.0,6.545596509112679e-12,4.311673361940855e-11,4.31167336175495e-11
3302,"(2.0, 4.0, 4.0, 7.0, 7.0, 7.0, 8.0, 11.0)",23192851500.0,3,-25.38145405132966,4.0,6.0,9.483629148667968e-12,1.724669344776342e-10,2.5870040168670644e-10
3303,"(2.0, 4.0, 4.0, 7.0, 7.0, 7.0, 9.0, 11.0)",23192851500.0,1,-26.01687947181416,1.0,1.0,5.023574057958229e-12,4.311673361940855e-11,4.31167336175495e-11
3304,"(2.0, 4.0, 4.0, 7.0, 7.0, 7.0, 9.0, 12.0)",19481995260.000004,1,-26.13494794879764,1.0,1.0,4.464124735062335e-12,5.132944478501017e-11,5.132944478237546e-11
3305,"(2.0, 4.0, 4.0, 7.0, 7.0, 8.0, 8.0, 8.0)",10307934000.000002,1,-24.99569045785561,1.0,1.0,1.394792369432071e-11,9.701265064366921e-11,9.701265063425776e-11
3306,"(2.0, 4.0, 4.0, 7.0, 7.0, 8.0, 8.0, 11.0)",30923802000.000008,1,-25.26034134861592,1.0,1.0,1.0704666493821033e-11,3.2337550214556404e-11,3.2337550213510686e-11
3307,"(2.0, 4.0, 4.0, 7.0, 7.0, 8.0, 9.0, 13.0)",54116653500.00002,1,-25.89100812628854,1.0,1.0,5.697417429592716e-12,1.8478600122603657e-11,1.84786001222622e-11
3308,"(2.0, 4.0, 4.0, 7.0, 7.0, 8.0, 11.0, 12.0)",54116653500.00002,2,-25.643060716359702,2.0,2.0,7.300628202354315e-12,3.6957200245207314e-11,3.695720024384148e-11
3309,"(2.0, 4.0, 4.0, 7.0, 7.0, 8.0, 11.0, 14.0)",54116653500.00002,2,-25.42989083018809,2.0,2.0,9.035220110606895e-12,3.6957200245207314e-11,3.695720024384148e-11
3310,"(2.0, 4.0, 4.0, 7.0, 7.0, 8.0, 13.0, 13.0)",21646661400.000008,1,-25.515474953752477,1.0,1.0,8.294114460908302e-12,4.619650030650914e-11,4.619650030437502e-11
3311,"(2.0, 4.0, 4.0, 7.0, 7.0, 8.0, 13.0, 14.0)",43293322800.000015,1,-25.42513218737621,1.0,1.0,9.078317958143119e-12,2.309825015325457e-11,2.3098250152721042e-11
3312,"(2.0, 4.0, 4.0, 7.0, 8.0, 8.0, 9.0, 11.0)",50803389000.000015,1,-25.77465406638667,1.0,1.0,6.400441993989706e-12,1.968372621755607e-11,1.968372621716862e-11
3313,"(2.0, 4.0, 4.0, 7.0, 8.0, 8.0, 11.0, 11.0)",25401694500.000008,1,-25.40387953666248,1.0,1.0,9.273321105884621e-12,3.936745243511214e-11,3.936745243356235e-11
3314,"(2.0, 4.0, 4.0, 7.0, 8.0, 8.0, 11.0, 12.0)",46385703000.00001,1,-25.52194801364596,1.0,1.0,8.240599550707245e-12,2.155836680970427e-11,2.155836680923951e-11
3315,"(2.0, 4.0, 4.0, 7.0, 8.0, 8.0, 11.0, 13.0)",46385703000.00001,1,-25.399120893850608,1.0,1.0,9.317554691152352e-12,2.155836680970427e-11,2.155836680923951e-11
3316,"(2.0, 4.0, 4.0, 7.0, 8.0, 8.0, 11.0, 14.0)",46385703000.00001,2,-25.30877812747434,4.0,8.0,1.0198523842098716e-11,8.623346723881709e-11,1.7246693447019797e-10
3317,"(2.0, 4.0, 4.0, 7.0, 8.0, 8.0, 13.0, 14.0)",38654752500.000015,1,-25.30401948466247,1.0,1.0,1.024717062881337e-11,2.587004017164512e-11,2.587004017097586e-11
3318,"(2.0, 4.0, 4.0, 7.0, 8.0, 9.0, 9.0, 13.0)",46385703000.00001,1,-26.405320844059297,1.0,1.0,3.406550759400381e-12,2.155836680970427e-11,2.155836680923951e-11
3319,"(2.0, 4.0, 4.0, 7.0, 8.0, 11.0, 11.0, 12.0)",46385703000.00001,1,-25.786598904406272,1.0,1.0,6.324444543338794e-12,2.155836680970427e-11,2.155836680923951e-11
3320,"(2.0, 4.0, 4.0, 7.0, 8.0, 11.0, 11.0, 14.0)",46385703000.00001,2,-25.57342901823465,3.0,5.0,7.82710020871435e-12,6.467510042911281e-11,1.0779183404433848e-10
3321,"(2.0, 4.0, 4.0, 7.0, 8.0, 11.0, 12.0, 14.0)",77309505000.00003,1,-25.691497495218133,1.0,1.0,6.9554367552679396e-12,1.293502008582256e-11,1.2935020085655244e-11
3322,"(2.0, 4.0, 4.0, 7.0, 9.0, 9.0, 11.0, 14.0)",46385703000.00001,1,-26.57962896844334,1.0,1.0,2.8616321603368066e-12,2.155836680970427e-11,2.155836680923951e-11
3323,"(2.0, 4.0, 4.0, 7.0, 9.0, 11.0, 13.0, 13.0)",38654752500.000015,1,-26.29443856228354,1.0,1.0,3.8060144048658835e-12,2.587004017164512e-11,2.587004017097586e-11
3324,"(2.0, 4.0, 4.0, 7.0, 11.0, 11.0, 12.0, 14.0)",38654752500.000015,1,-25.956148385978445,1.0,1.0,5.338115723584343e-12,2.587004017164512e-11,2.587004017097586e-11
3325,"(2.0, 4.0, 4.0, 8.0, 8.0, 8.0, 11.0, 11.0)",6423417000.000003,1,-25.282766833948735,1.0,1.0,1.0467280844965344e-11,1.5568038008430709e-10,1.556803800600707e-10
3326,"(2.0, 4.0, 4.0, 8.0, 8.0, 8.0, 13.0, 14.0)",10663380000.000004,1,-25.182906781948724,1.0,1.0,1.1566515557193969e-11,9.377889562221357e-11,9.377889561341909e-11
3327,"(2.0, 4.0, 4.0, 8.0, 8.0, 9.0, 11.0, 11.0)",19270251000.000008,1,-25.91819225443324,1.0,1.0,5.544624287371719e-12,5.1893460028102364e-11,5.189346002540943e-11
3328,"(2.0, 4.0, 4.0, 8.0, 8.0, 9.0, 14.0, 14.0)",15995070000.000006,1,-25.72798943605696,1.0,1.0,6.706194690261663e-12,6.251926374814237e-11,6.251926374423371e-11
3329,"(2.0, 4.0, 4.0, 8.0, 8.0, 11.0, 11.0, 12.0)",18394330500.000008,1,-25.665486201692527,1.0,1.0,7.1387301774255435e-12,5.4364577172297714e-11,5.4364577169342204e-11
3330,"(2.0, 4.0, 4.0, 8.0, 8.0, 11.0, 11.0, 14.0)",18394330500.000008,1,-25.45231631552091,1.0,1.0,8.834855943283318e-12,5.4364577172297714e-11,5.4364577169342204e-11
3331,"(2.0, 4.0, 4.0, 8.0, 9.0, 9.0, 11.0, 11.0)",19270251000.000008,1,-26.55361767491773,1.0,1.0,2.9370434350101328e-12,5.1893460028102364e-11,5.189346002540943e-11
3332,"(2.0, 4.0, 4.0, 8.0, 9.0, 9.0, 11.0, 14.0)",36788661000.000015,1,-26.4585162657296,1.0,1.0,3.230073363708109e-12,2.7182288586148857e-11,2.718228858540998e-11
3333,"(2.0, 4.0, 4.0, 8.0, 9.0, 11.0, 12.0, 14.0)",63980280000.00002,1,-26.205810212988887,1.0,1.0,4.158734839675103e-12,1.5629815937035592e-11,1.5629815936791303e-11
3334,"(2.0, 4.0, 4.0, 8.0, 9.0, 11.0, 13.0, 14.0)",63980280000.00002,1,-26.082983093193533,1.0,1.0,4.702235447340462e-12,1.5629815937035592e-11,1.5629815936791303e-11
3335,"(2.0, 4.0, 4.0, 8.0, 11.0, 11.0, 11.0, 14.0)",12262887000.000006,1,-25.71696720628122,1.0,1.0,6.780520776171827e-12,8.154686575844657e-11,8.154686575179668e-11
3336,"(2.0, 4.0, 4.0, 8.0, 11.0, 11.0, 12.0, 13.0)",31990140000.00001,1,-25.925378449640963,1.0,1.0,5.5049223586492696e-12,3.1259631874071185e-11,3.125963187309402e-11
3337,"(2.0, 4.0, 4.0, 8.0, 11.0, 11.0, 14.0, 14.0)",15995070000.000006,1,-25.62186579709308,1.0,1.0,7.457015885468731e-12,6.251926374814237e-11,6.251926374423371e-11
3338,"(2.0, 4.0, 4.0, 8.0, 12.0, 13.0, 14.0, 14.0)",18234379800.000008,1,-25.735175631264685,1.0,1.0,6.6581754107230714e-12,5.484145942819506e-11,5.484145942518748e-11
3339,"(2.0, 4.0, 4.0, 9.0, 9.0, 11.0, 12.0, 14.0)",31990140000.00001,1,-26.84123563347339,2.0,4.0,2.202923809758344e-12,6.251926374814237e-11,1.2503852749237608e-10
3340,"(2.0, 4.0, 4.0, 9.0, 9.0, 12.0, 14.0, 14.0)",12662763750.000004,1,-26.74613422428525,1.0,1.0,2.4227103472013577e-12,7.89717015766009e-11,7.897170157036437e-11
3341,"(2.0, 4.0, 4.0, 11.0, 11.0, 11.0, 14.0, 14.0)",5331690000.000002,1,-25.886516687853387,1.0,1.0,5.723064582406019e-12,1.8755779124442713e-10,1.875577912092492e-10
3342,"(2.0, 4.0, 6.0, 6.0, 6.0, 6.0, 7.0, 8.0)",12060282780.000006,1,-25.878995933412877,1.0,1.0,5.766268605560906e-12,8.291679542193948e-11,8.291679541506429e-11
3343,"(2.0, 4.0, 6.0, 6.0, 6.0, 6.0, 7.0, 9.0)",12060282780.000006,1,-26.514421353897376,1.0,1.0,3.0544506669351855e-12,8.291679542193948e-11,8.291679541506429e-11
3344,"(2.0, 4.0, 6.0, 6.0, 6.0, 6.0, 7.0, 13.0)",9740997630.000002,1,-26.13888818136131,1.0,1.0,4.446569653677147e-12,1.0265888957002034e-10,1.0265888955948149e-10
3345,"(2.0, 4.0, 6.0, 6.0, 6.0, 7.0, 8.0, 8.0)",23192851500.0,1,-25.53862979762185,1.0,1.0,8.104271904785352e-12,4.311673361940855e-11,4.31167336175495e-11
3346,"(2.0, 4.0, 6.0, 6.0, 6.0, 7.0, 8.0, 12.0)",38963990520.00001,1,-25.92134916536564,1.0,1.0,5.5271480023945925e-12,2.5664722392505085e-11,2.5664722391846407e-11
3347,"(2.0, 4.0, 6.0, 6.0, 6.0, 7.0, 8.0, 14.0)",38963990520.00001,1,-25.70817927919402,1.0,1.0,6.840370088896229e-12,2.5664722392505085e-11,2.5664722391846407e-11
3348,"(2.0, 4.0, 6.0, 6.0, 6.0, 7.0, 11.0, 12.0)",38963990520.00001,1,-26.18600005612595,2.0,4.0,4.24194147632989e-12,5.132944478501017e-11,1.0265888956738563e-10
3349,"(2.0, 4.0, 6.0, 6.0, 6.0, 7.0, 13.0, 14.0)",29972300400.0,1,-25.968071527142456,1.0,1.0,5.274846549443393e-12,3.3364139110256616e-11,3.336413910914345e-11
3350,"(2.0, 4.0, 6.0, 6.0, 6.0, 8.0, 8.0, 9.0)",20615868000.000004,1,-26.052942515392605,1.0,1.0,4.845636457711219e-12,4.8506325321834606e-11,4.850632531948174e-11
3351,"(2.0, 4.0, 6.0, 6.0, 6.0, 8.0, 8.0, 11.0)",20615868000.000004,1,-25.68216798566841,1.0,1.0,7.020631212177793e-12,4.8506325321834606e-11,4.850632531948174e-11
3352,"(2.0, 4.0, 6.0, 6.0, 6.0, 9.0, 12.0, 14.0)",28862215200.00001,2,-26.60521136470857,2.0,2.0,2.7893532285070453e-12,6.929475045976371e-11,6.929475045496195e-11
3353,"(2.0, 4.0, 6.0, 6.0, 6.0, 9.0, 13.0, 13.0)",14431107600.000006,1,-26.572727011289476,1.0,1.0,2.8814513397841114e-12,6.929475045976371e-11,6.929475045496195e-11
3354,"(2.0, 4.0, 6.0, 6.0, 6.0, 9.0, 13.0, 14.0)",28862215200.00001,1,-26.48238424491321,1.0,1.0,3.153890818214361e-12,3.4647375229881856e-11,3.4647375228681416e-11
3355,"(2.0, 4.0, 6.0, 6.0, 6.0, 11.0, 11.0, 13.0)",18038884500.000008,1,-26.20671112437716,2.0,4.0,4.1549898752910535e-12,1.1087160073562194e-10,2.2174320145895135e-10
3356,"(2.0, 4.0, 6.0, 6.0, 7.0, 7.0, 7.0, 12.0)",19481995260.000004,1,-25.8232084350021,1.0,1.0,6.0970965406669934e-12,5.132944478501017e-11,5.132944478237546e-11
3357,"(2.0, 4.0, 6.0, 6.0, 7.0, 7.0, 7.0, 13.0)",19481995260.000004,1,-25.700381315206744,1.0,1.0,6.893919565600665e-12,5.132944478501017e-11,5.132944478237546e-11
3358,"(2.0, 4.0, 6.0, 6.0, 7.0, 7.0, 8.0, 8.0)",34789277250.0,2,-25.319376364544567,2.0,2.0,1.0091008213084281e-11,5.74889781592114e-11,5.748897815590642e-11
3359,"(2.0, 4.0, 6.0, 6.0, 7.0, 7.0, 8.0, 9.0)",69578554500.0,1,-25.95480178502907,1.0,1.0,5.345308877352478e-12,1.437224453980285e-11,1.4372244539596289e-11
3360,"(2.0, 4.0, 6.0, 6.0, 7.0, 7.0, 9.0, 11.0)",69578554500.0,1,-26.219452675789377,1.0,1.0,4.102384705604464e-12,1.437224453980285e-11,1.4372244539596289e-11
3361,"(2.0, 4.0, 6.0, 6.0, 7.0, 7.0, 9.0, 13.0)",58445985780.00001,1,-26.2146940329775,1.0,1.0,4.121953011457842e-12,1.7109814928336722e-11,1.7109814928043978e-11
3362,"(2.0, 4.0, 6.0, 6.0, 7.0, 7.0, 9.0, 14.0)",58445985780.00001,1,-26.12435126660124,1.0,1.0,4.511681171378673e-12,1.7109814928336722e-11,1.7109814928043978e-11
3363,"(2.0, 4.0, 6.0, 6.0, 7.0, 7.0, 11.0, 12.0)",58445985780.00001,2,-25.966746623048667,2.0,2.0,5.2818398469321074e-12,3.4219629856673445e-11,3.421962985550246e-11
3364,"(2.0, 4.0, 6.0, 6.0, 7.0, 7.0, 11.0, 14.0)",58445985780.00001,1,-25.753576736877047,2.0,4.0,6.536777970780176e-12,3.4219629856673445e-11,6.843925971217591e-11
3365,"(2.0, 4.0, 6.0, 6.0, 7.0, 8.0, 8.0, 11.0)",61847604000.000015,1,-25.462914552591133,1.0,1.0,8.741716474405217e-12,1.6168775107278202e-11,1.6168775107016774e-11
3366,"(2.0, 4.0, 6.0, 6.0, 7.0, 8.0, 8.0, 14.0)",54116653500.00002,2,-25.367813143402994,2.0,2.0,9.613880816497845e-12,3.6957200245207314e-11,3.695720024384148e-11
3367,"(2.0, 4.0, 6.0, 6.0, 7.0, 8.0, 9.0, 11.0)",123695208000.00005,1,-26.098339973075632,1.0,1.0,4.63057542786944e-12,8.0843875536391e-12,8.084387553573742e-12
3368,"(2.0, 4.0, 6.0, 6.0, 7.0, 8.0, 11.0, 14.0)",108233307000.00005,1,-25.632464034163306,1.0,1.0,7.37840198350507e-12,9.239300061301829e-12,9.239300061216464e-12
3369,"(2.0, 4.0, 6.0, 6.0, 7.0, 8.0, 13.0, 14.0)",86586645600.00003,1,-25.627705391351427,1.0,1.0,7.413596836519525e-12,1.1549125076627285e-11,1.1549125076493902e-11
3370,"(2.0, 4.0, 6.0, 6.0, 7.0, 9.0, 9.0, 12.0)",54116653500.00002,1,-26.85183387054361,1.0,1.0,2.179699984159263e-12,1.8478600122603657e-11,1.84786001222622e-11
3371,"(2.0, 4.0, 6.0, 6.0, 7.0, 9.0, 9.0, 14.0)",54116653500.00002,1,-26.638663984371995,1.0,1.0,2.6975855482702723e-12,1.8478600122603657e-11,1.84786001222622e-11
3372,"(2.0, 4.0, 6.0, 6.0, 7.0, 9.0, 11.0, 12.0)",108233307000.00005,1,-26.48105934081942,2.0,4.0,3.158072190417695e-12,1.8478600122603657e-11,3.6957200244865857e-11
3373,"(2.0, 4.0, 6.0, 6.0, 7.0, 11.0, 11.0, 11.0)",20615868000.000004,1,-25.992216334111752,1.0,1.0,5.1490116406292814e-12,4.8506325321834606e-11,4.850632531948174e-11
3374,"(2.0, 4.0, 6.0, 6.0, 8.0, 8.0, 8.0, 9.0)",16934463000.000006,1,-25.71257637960158,1.0,1.0,6.8103583255141585e-12,5.905117865266821e-11,5.905117864918117e-11
3375,"(2.0, 4.0, 6.0, 6.0, 8.0, 8.0, 8.0, 13.0)",15461901000.000002,1,-25.337043207065516,1.0,1.0,9.914297516313837e-12,6.467510042911282e-11,6.467510042492995e-11
3376,"(2.0, 4.0, 6.0, 6.0, 8.0, 8.0, 11.0, 11.0)",25401694500.000008,1,-25.6064527406377,1.0,1.0,7.57284161356666e-12,3.936745243511214e-11,3.936745243356235e-11
3377,"(2.0, 4.0, 6.0, 6.0, 8.0, 8.0, 11.0, 14.0)",46385703000.00001,2,-25.51135133144956,3.0,5.0,8.328386870954732e-12,6.467510042911281e-11,1.0779183404433848e-10
3378,"(2.0, 4.0, 6.0, 6.0, 8.0, 9.0, 9.0, 11.0)",50803389000.000015,1,-26.61265269084639,2.0,4.0,2.768673778111607e-12,3.936745243511214e-11,7.873490486867448e-11
3379,"(2.0, 4.0, 6.0, 6.0, 8.0, 9.0, 11.0, 12.0)",92771406000.00002,1,-26.35994663810568,1.0,1.0,3.5646806757074306e-12,1.0779183404852136e-11,1.0779183404735944e-11
3380,"(2.0, 4.0, 6.0, 6.0, 8.0, 9.0, 11.0, 14.0)",92771406000.00002,1,-26.14677675193406,2.0,4.0,4.411630566073398e-12,2.155836680970427e-11,4.311673361894378e-11
3381,"(2.0, 4.0, 6.0, 6.0, 8.0, 9.0, 13.0, 13.0)",38654752500.000015,1,-26.232360875498447,1.0,1.0,4.049770611708613e-12,2.587004017164512e-11,2.587004017097586e-11
3382,"(2.0, 4.0, 6.0, 6.0, 8.0, 9.0, 13.0, 14.0)",77309505000.00003,1,-26.142018109122183,1.0,1.0,4.432673969465356e-12,1.293502008582256e-11,1.2935020085655244e-11
3383,"(2.0, 4.0, 6.0, 6.0, 8.0, 11.0, 11.0, 12.0)",46385703000.00001,2,-25.98917210838149,2.0,2.0,5.164710277324316e-12,4.311673361940854e-11,4.311673361754949e-11
3384,"(2.0, 4.0, 6.0, 6.0, 8.0, 11.0, 11.0, 13.0)",46385703000.00001,1,-25.86634498858613,1.0,1.0,5.8396807388603426e-12,2.155836680970427e-11,2.155836680923951e-11
3385,"(2.0, 4.0, 6.0, 6.0, 8.0, 11.0, 13.0, 14.0)",77309505000.00003,1,-25.771243579398,1.0,1.0,6.4223078836036816e-12,1.293502008582256e-11,1.2935020085655244e-11
3386,"(2.0, 4.0, 6.0, 6.0, 9.0, 9.0, 11.0, 12.0)",46385703000.00001,1,-26.995372058590178,1.0,1.0,1.888247324591359e-12,2.155836680970427e-11,2.155836680923951e-11
3387,"(2.0, 4.0, 6.0, 6.0, 9.0, 11.0, 13.0, 14.0)",77309505000.00003,1,-26.40666899988249,1.0,1.0,3.401961292510466e-12,1.293502008582256e-11,1.2935020085655244e-11
3388,"(2.0, 4.0, 6.0, 6.0, 11.0, 11.0, 12.0, 13.0)",38654752500.000015,1,-26.249064356329924,1.0,1.0,3.98268716914043e-12,2.587004017164512e-11,2.587004017097586e-11
3389,"(2.0, 4.0, 6.0, 7.0, 7.0, 7.0, 8.0, 8.0)",23192851500.0,3,-25.100122931467286,4.0,6.0,1.2564786566009359e-11,1.724669344776342e-10,2.5870040168670644e-10
3390,"(2.0, 4.0, 6.0, 7.0, 7.0, 7.0, 9.0, 14.0)",38963990520.00001,2,-25.90509783352396,2.0,2.0,5.6177053645395395e-12,5.132944478501017e-11,5.132944478237546e-11
3391,"(2.0, 4.0, 6.0, 7.0, 7.0, 7.0, 11.0, 11.0)",23192851500.0,1,-25.629424712987905,1.0,1.0,7.400861430341288e-12,4.311673361940855e-11,4.31167336175495e-11
3392,"(2.0, 4.0, 6.0, 7.0, 7.0, 8.0, 8.0, 8.0)",20615868000.000004,1,-24.979010228753545,1.0,1.0,1.4182529456464993e-11,4.8506325321834606e-11,4.850632531948174e-11
3393,"(2.0, 4.0, 6.0, 7.0, 7.0, 8.0, 8.0, 9.0)",61847604000.000015,1,-25.614435649238043,2.0,4.0,7.512628966911182e-12,3.2337550214556404e-11,6.46751004280671e-11
3394,"(2.0, 4.0, 6.0, 7.0, 7.0, 8.0, 8.0, 11.0)",61847604000.000015,3,-25.24366111951385,3.0,3.0,1.0884720277905534e-11,4.8506325321834606e-11,4.850632531948174e-11
3395,"(2.0, 4.0, 6.0, 7.0, 7.0, 8.0, 9.0, 14.0)",108233307000.00005,1,-25.78398513081021,1.0,1.0,6.340996832040014e-12,9.239300061301829e-12,9.239300061216464e-12
3396,"(2.0, 4.0, 6.0, 7.0, 7.0, 8.0, 11.0, 11.0)",61847604000.000015,2,-25.50831201027416,2.0,2.0,8.35373801915428e-12,3.2337550214556404e-11,3.2337550213510686e-11
3397,"(2.0, 4.0, 6.0, 7.0, 7.0, 8.0, 11.0, 13.0)",108233307000.00005,1,-25.503553367462285,1.0,1.0,8.393585208608373e-12,9.239300061301829e-12,9.239300061216464e-12
3398,"(2.0, 4.0, 6.0, 7.0, 7.0, 8.0, 11.0, 14.0)",108233307000.00005,1,-25.41321060108602,1.0,1.0,9.187193604773189e-12,9.239300061301829e-12,9.239300061216464e-12
3399,"(2.0, 4.0, 6.0, 7.0, 7.0, 8.0, 12.0, 12.0)",43293322800.000015,1,-25.744448964241123,1.0,1.0,6.5967173341497794e-12,2.309825015325457e-11,2.3098250152721042e-11
3400,"(2.0, 4.0, 6.0, 7.0, 7.0, 8.0, 14.0, 14.0)",43293322800.000015,1,-25.31810919189788,1.0,1.0,1.010380336779231e-11,2.309825015325457e-11,2.3098250152721042e-11
3401,"(2.0, 4.0, 6.0, 7.0, 7.0, 9.0, 9.0, 12.0)",54116653500.00002,2,-26.63258043746633,2.0,2.0,2.7140464560700465e-12,3.6957200245207314e-11,3.695720024384148e-11
3402,"(2.0, 4.0, 6.0, 7.0, 7.0, 9.0, 9.0, 13.0)",54116653500.00002,1,-26.50975331767097,1.0,1.0,3.0687422842420133e-12,1.8478600122603657e-11,1.84786001222622e-11
3403,"(2.0, 4.0, 6.0, 7.0, 7.0, 9.0, 11.0, 11.0)",61847604000.000015,1,-26.14373743075866,1.0,1.0,4.425059325089411e-12,1.6168775107278202e-11,1.6168775107016774e-11
3404,"(2.0, 4.0, 6.0, 7.0, 7.0, 9.0, 11.0, 12.0)",108233307000.00005,1,-26.26180590774214,2.0,4.0,3.932263476031777e-12,1.8478600122603657e-11,3.6957200244865857e-11
3405,"(2.0, 4.0, 6.0, 7.0, 7.0, 9.0, 12.0, 14.0)",86586645600.00003,1,-26.166704498554004,1.0,1.0,4.324586882716199e-12,1.1549125076627285e-11,1.1549125076493902e-11
3406,"(2.0, 4.0, 6.0, 7.0, 7.0, 9.0, 13.0, 14.0)",86586645600.00003,1,-26.043877378758644,1.0,1.0,4.88976251647737e-12,1.1549125076627285e-11,1.1549125076493902e-11
3407,"(2.0, 4.0, 6.0, 7.0, 7.0, 11.0, 11.0, 12.0)",54116653500.00002,1,-25.891031378017956,1.0,1.0,5.697284956324392e-12,1.8478600122603657e-11,1.84786001222622e-11
3408,"(2.0, 4.0, 6.0, 7.0, 7.0, 11.0, 11.0, 14.0)",54116653500.00002,2,-25.677861491846333,2.0,2.0,7.050930712598228e-12,3.6957200245207314e-11,3.695720024384148e-11
3409,"(2.0, 4.0, 6.0, 7.0, 7.0, 11.0, 12.0, 13.0)",86586645600.00003,1,-25.88627273520608,1.0,1.0,5.724460909473519e-12,1.1549125076627285e-11,1.1549125076493902e-11
3410,"(2.0, 4.0, 6.0, 7.0, 7.0, 11.0, 13.0, 13.0)",43293322800.000015,2,-25.76344561541072,2.0,2.0,6.47258458236888e-12,4.619650030650914e-11,4.619650030437502e-11
3411,"(2.0, 4.0, 6.0, 7.0, 7.0, 11.0, 13.0, 14.0)",86586645600.00003,1,-25.673102849034457,2.0,4.0,7.084563533173685e-12,2.309825015325457e-11,4.619650030597561e-11
3412,"(2.0, 4.0, 6.0, 7.0, 8.0, 8.0, 8.0, 8.0)",8467231500.000003,1,-24.8578975260398,1.0,1.0,1.6008560171458793e-11,1.1810235730533642e-10,1.1810235729138825e-10
3413,"(2.0, 4.0, 6.0, 7.0, 8.0, 8.0, 8.0, 11.0)",33868926000.00001,1,-25.122548416800107,1.0,1.0,1.2286151074335891e-11,2.9525589326334106e-11,2.952558932546235e-11
3414,"(2.0, 4.0, 6.0, 7.0, 8.0, 8.0, 9.0, 11.0)",101606778000.00005,1,-25.75797383728461,1.0,1.0,6.5080982018216515e-12,9.841863108778034e-12,9.841863108681171e-12
3415,"(2.0, 4.0, 6.0, 7.0, 8.0, 8.0, 9.0, 13.0)",92771406000.00002,1,-25.75321519447273,1.0,1.0,6.539141720476344e-12,1.0779183404852136e-11,1.0779183404735944e-11
3416,"(2.0, 4.0, 6.0, 7.0, 8.0, 8.0, 9.0, 14.0)",92771406000.00002,2,-25.66287242809647,2.0,2.0,7.157413608365101e-12,2.155836680970427e-11,2.155836680923951e-11
3417,"(2.0, 4.0, 6.0, 7.0, 8.0, 8.0, 11.0, 12.0)",92771406000.00002,1,-25.5052677845439,1.0,1.0,8.379207431026111e-12,1.0779183404852136e-11,1.0779183404735944e-11
3418,"(2.0, 4.0, 6.0, 7.0, 8.0, 8.0, 11.0, 13.0)",92771406000.00002,2,-25.382440664748543,2.0,2.0,9.474277087083506e-12,2.155836680970427e-11,2.155836680923951e-11
3419,"(2.0, 4.0, 6.0, 7.0, 8.0, 8.0, 11.0, 14.0)",92771406000.00002,4,-25.29209789837228,5.0,7.0,1.0370064245613825e-11,5.3895917024260675e-11,7.545428383106017e-11
3420,"(2.0, 4.0, 6.0, 7.0, 8.0, 8.0, 12.0, 13.0)",77309505000.00003,1,-25.500509141732024,1.0,1.0,8.419176109145257e-12,1.293502008582256e-11,1.2935020085655244e-11
3421,"(2.0, 4.0, 6.0, 7.0, 8.0, 8.0, 13.0, 13.0)",38654752500.000015,1,-25.377682021936668,1.0,1.0,9.519469228992191e-12,2.587004017164512e-11,2.587004017097586e-11
3422,"(2.0, 4.0, 6.0, 7.0, 8.0, 9.0, 9.0, 11.0)",101606778000.00005,1,-26.393399257769104,1.0,1.0,3.447405289768013e-12,9.841863108778034e-12,9.841863108681171e-12
3423,"(2.0, 4.0, 6.0, 7.0, 8.0, 9.0, 11.0, 11.0)",101606778000.00005,2,-26.02262472804492,2.0,2.0,4.9947950882398384e-12,1.9683726217556068e-11,1.9683726217168617e-11
3424,"(2.0, 4.0, 6.0, 7.0, 8.0, 9.0, 11.0, 12.0)",185542812000.00003,2,-26.1406932050284,2.0,2.0,4.438550729566015e-12,1.0779183404852136e-11,1.0779183404735944e-11
3425,"(2.0, 4.0, 6.0, 7.0, 8.0, 9.0, 11.0, 14.0)",185542812000.00003,2,-25.927523318856775,2.0,2.0,5.493127673696853e-12,1.0779183404852136e-11,1.0779183404735944e-11
3426,"(2.0, 4.0, 6.0, 7.0, 8.0, 9.0, 12.0, 12.0)",77309505000.00003,1,-26.25876168201188,2.0,4.0,3.944252412940018e-12,2.587004017164512e-11,5.174008034262098e-11
3427,"(2.0, 4.0, 6.0, 7.0, 8.0, 9.0, 12.0, 13.0)",154619010000.00006,1,-26.135934562216523,1.0,1.0,4.459722541683787e-12,6.46751004291128e-12,6.467510042869451e-12
3428,"(2.0, 4.0, 6.0, 7.0, 8.0, 9.0, 12.0, 14.0)",154619010000.00006,1,-26.04559179584026,1.0,1.0,4.881386606047594e-12,6.46751004291128e-12,6.467510042869451e-12
3429,"(2.0, 4.0, 6.0, 7.0, 8.0, 9.0, 13.0, 14.0)",154619010000.00006,1,-25.922764676044903,1.0,1.0,5.51932980005122e-12,6.46751004291128e-12,6.467510042869451e-12
3430,"(2.0, 4.0, 6.0, 7.0, 8.0, 11.0, 11.0, 14.0)",92771406000.00002,2,-25.556748789132588,2.0,2.0,7.958752980129527e-12,2.155836680970427e-11,2.155836680923951e-11
3431,"(2.0, 4.0, 6.0, 7.0, 8.0, 11.0, 12.0, 13.0)",154619010000.00006,1,-25.76516003249233,1.0,1.0,6.461497379559305e-12,6.46751004291128e-12,6.467510042869451e-12
3432,"(2.0, 4.0, 6.0, 7.0, 8.0, 11.0, 13.0, 13.0)",77309505000.00003,1,-25.642332912696972,1.0,1.0,7.305943560334098e-12,1.293502008582256e-11,1.2935020085655244e-11
3433,"(2.0, 4.0, 6.0, 7.0, 8.0, 11.0, 14.0, 14.0)",77309505000.00003,1,-25.46164737994445,1.0,1.0,8.752800759775078e-12,1.293502008582256e-11,1.2935020085655244e-11
3434,"(2.0, 4.0, 6.0, 7.0, 8.0, 12.0, 12.0, 14.0)",58755223800.00003,1,-25.79288574309955,1.0,1.0,6.2848085039123414e-12,1.7019763270819154e-11,1.7019763270529483e-11
3435,"(2.0, 4.0, 6.0, 7.0, 8.0, 13.0, 13.0, 14.0)",58755223800.00003,1,-25.54723150350884,1.0,1.0,8.0348602985194e-12,1.7019763270819154e-11,1.7019763270529483e-11
3436,"(2.0, 4.0, 6.0, 7.0, 9.0, 9.0, 11.0, 12.0)",92771406000.00002,1,-26.776118625512897,1.0,1.0,2.3511451102146144e-12,1.0779183404852136e-11,1.0779183404735944e-11
3437,"(2.0, 4.0, 6.0, 7.0, 9.0, 9.0, 13.0, 14.0)",77309505000.00003,1,-26.5581900965294,1.0,1.0,2.9236446898334875e-12,1.293502008582256e-11,1.2935020085655244e-11
3438,"(2.0, 4.0, 6.0, 7.0, 9.0, 11.0, 11.0, 11.0)",33868926000.00001,1,-26.287275618805225,1.0,1.0,3.833374543506722e-12,2.9525589326334106e-11,2.952558932546235e-11
3439,"(2.0, 4.0, 6.0, 7.0, 9.0, 11.0, 12.0, 14.0)",154619010000.00006,1,-26.310242686600567,2.0,4.0,3.746336500709505e-12,1.293502008582256e-11,2.5870040171477805e-11
3440,"(2.0, 4.0, 6.0, 7.0, 9.0, 11.0, 13.0, 14.0)",154619010000.00006,1,-26.18741556680521,2.0,4.0,4.235941210591335e-12,1.293502008582256e-11,2.5870040171477805e-11
3441,"(2.0, 4.0, 6.0, 7.0, 11.0, 11.0, 11.0, 11.0)",8467231500.000003,1,-25.916501089081034,1.0,1.0,5.554009097253431e-12,1.1810235730533642e-10,1.1810235729138825e-10
3442,"(2.0, 4.0, 6.0, 7.0, 11.0, 11.0, 11.0, 13.0)",30923802000.000004,1,-25.91174244626916,1.0,1.0,5.580501626971333e-12,3.233755021455641e-11,3.233755021351069e-11
3443,"(2.0, 4.0, 6.0, 7.0, 11.0, 12.0, 12.0, 12.0)",19585074600.00001,1,-26.27070652003148,1.0,1.0,3.89741922104661e-12,5.105928981245746e-11,5.105928980985041e-11
3444,"(2.0, 4.0, 6.0, 7.0, 11.0, 14.0, 14.0, 14.0)",19585074600.00001,1,-25.63119686151662,1.0,1.0,7.387757619025641e-12,5.105928981245746e-11,5.105928980985041e-11
3445,"(2.0, 4.0, 6.0, 7.0, 12.0, 13.0, 13.0, 14.0)",40676693400.00001,1,-25.92995087125263,1.0,1.0,5.479808990892606e-12,2.4584102502294344e-11,2.4584102501689966e-11
3446,"(2.0, 4.0, 6.0, 8.0, 8.0, 8.0, 8.0, 9.0)",6423417000.000003,1,-25.37221024381056,1.0,1.0,9.571700420919982e-12,1.5568038008430709e-10,1.556803800600707e-10
3447,"(2.0, 4.0, 6.0, 8.0, 8.0, 8.0, 9.0, 12.0)",24525774000.00001,2,-25.754929611554346,2.0,2.0,6.527940508729607e-12,8.154686575844657e-11,8.154686575179668e-11
3448,"(2.0, 4.0, 6.0, 8.0, 8.0, 8.0, 9.0, 14.0)",24525774000.00001,1,-25.541759725382725,1.0,1.0,8.078945774323803e-12,4.0773432879223284e-11,4.077343287756081e-11
3449,"(2.0, 4.0, 6.0, 8.0, 8.0, 8.0, 13.0, 13.0)",10663380000.000004,3,-25.256569319222923,3.0,3.0,1.0745121060418797e-11,2.813366868666407e-10,2.8133668678749036e-10
3450,"(2.0, 4.0, 6.0, 8.0, 8.0, 9.0, 11.0, 11.0)",38540502000.000015,1,-25.90151202533117,1.0,1.0,5.63788553795289e-12,2.5946730014051182e-11,2.594673001337795e-11
3451,"(2.0, 4.0, 6.0, 8.0, 8.0, 9.0, 11.0, 13.0)",73577322000.00003,1,-25.896753382519297,1.0,1.0,5.664778156878218e-12,1.3591144293074429e-11,1.3591144292889709e-11
3452,"(2.0, 4.0, 6.0, 8.0, 8.0, 9.0, 11.0, 14.0)",73577322000.00003,1,-25.806410616143037,1.0,1.0,6.200379499567723e-12,1.3591144293074429e-11,1.3591144292889709e-11
3453,"(2.0, 4.0, 6.0, 8.0, 8.0, 9.0, 12.0, 14.0)",63980280000.00002,1,-25.92447909312652,1.0,1.0,5.509875473408171e-12,1.5629815937035592e-11,1.5629815936791303e-11
3454,"(2.0, 4.0, 6.0, 8.0, 8.0, 11.0, 12.0, 13.0)",63980280000.00002,2,-25.64404732977859,2.0,2.0,7.293428856673078e-12,3.1259631874071185e-11,3.125963187309402e-11
3455,"(2.0, 4.0, 6.0, 8.0, 8.0, 11.0, 13.0, 14.0)",63980280000.00002,1,-25.43087744360697,1.0,1.0,9.026310237226289e-12,1.5629815937035592e-11,1.5629815936791303e-11
3456,"(2.0, 4.0, 6.0, 8.0, 9.0, 9.0, 11.0, 13.0)",73577322000.00003,2,-26.532178803003795,2.0,2.0,3.0006901521427543e-12,2.7182288586148857e-11,2.718228858540998e-11
3457,"(2.0, 4.0, 6.0, 8.0, 9.0, 11.0, 11.0, 11.0)",25693668000.00001,1,-26.16616291609148,1.0,1.0,4.326929637469723e-12,3.892009502107677e-11,3.8920095019562e-11
3458,"(2.0, 4.0, 6.0, 8.0, 9.0, 11.0, 11.0, 12.0)",73577322000.00003,1,-26.284231393074965,1.0,1.0,3.845061981499594e-12,1.3591144293074429e-11,1.3591144292889709e-11
3459,"(2.0, 4.0, 6.0, 8.0, 9.0, 11.0, 12.0, 14.0)",127960560000.00005,1,-26.189129983886826,1.0,1.0,4.228685262261299e-12,7.814907968517796e-12,7.814907968456724e-12
3460,"(2.0, 4.0, 6.0, 8.0, 9.0, 11.0, 14.0, 14.0)",63980280000.00002,2,-25.975960097715205,2.0,2.0,5.233399245107359e-12,3.1259631874071185e-11,3.125963187309402e-11
3461,"(2.0, 4.0, 6.0, 8.0, 9.0, 12.0, 12.0, 14.0)",50651055000.000015,1,-26.307198460870307,1.0,1.0,3.757758571539146e-12,1.9742925394150224e-11,1.974292539376044e-11
3462,"(2.0, 4.0, 6.0, 8.0, 11.0, 11.0, 12.0, 14.0)",63980280000.00002,1,-25.818355454162635,1.0,1.0,6.126757547290416e-12,1.5629815937035592e-11,1.5629815936791303e-11
3463,"(2.0, 4.0, 6.0, 8.0, 11.0, 12.0, 12.0, 12.0)",16883685000.000006,1,-26.149593817317736,1.0,1.0,4.399220202929583e-12,5.922877618245067e-11,5.922877617894263e-11
3464,"(2.0, 4.0, 6.0, 8.0, 11.0, 13.0, 13.0, 13.0)",16883685000.000006,1,-25.781112457931663,1.0,1.0,6.35923863047752e-12,5.922877618245067e-11,5.922877617894263e-11
3465,"(2.0, 4.0, 6.0, 9.0, 9.0, 11.0, 11.0, 13.0)",36788661000.000015,1,-26.796829693764103,1.0,1.0,2.302951179971003e-12,2.7182288586148857e-11,2.718228858540998e-11
3466,"(2.0, 4.0, 6.0, 9.0, 9.0, 11.0, 12.0, 14.0)",63980280000.00002,1,-26.824555404371324,1.0,1.0,2.2399772544617003e-12,1.5629815937035592e-11,1.5629815936791303e-11
3467,"(2.0, 4.0, 6.0, 9.0, 9.0, 11.0, 13.0, 14.0)",63980280000.00002,1,-26.701728284575967,1.0,1.0,2.532717485779661e-12,1.5629815937035592e-11,1.5629815936791303e-11
3468,"(2.0, 4.0, 6.0, 9.0, 11.0, 11.0, 13.0, 14.0)",63980280000.00002,1,-26.330953754851777,1.0,1.0,3.6695438437187e-12,1.5629815937035592e-11,1.5629815936791303e-11
3469,"(2.0, 4.0, 6.0, 11.0, 12.0, 12.0, 13.0, 14.0)",36468759600.000015,1,-26.196316179094552,1.0,1.0,4.198406031032877e-12,2.742072971409753e-11,2.7420729713345634e-11
3470,"(2.0, 4.0, 7.0, 7.0, 7.0, 7.0, 8.0, 11.0)",11596425750.0,1,-25.145520389150317,2.0,4.0,1.2007131041866991e-11,1.724669344776342e-10,3.4493386892552355e-10
3471,"(2.0, 4.0, 7.0, 7.0, 7.0, 7.0, 8.0, 14.0)",9740997630.000002,1,-25.05041897996217,1.0,1.0,1.3205087024105964e-11,1.0265888957002034e-10,1.0265888955948149e-10
3472,"(2.0, 4.0, 7.0, 7.0, 7.0, 7.0, 9.0, 12.0)",9740997630.000002,1,-25.899014286618296,1.0,1.0,5.65198510410564e-12,1.0265888957002034e-10,1.0265888955948149e-10
3473,"(2.0, 4.0, 7.0, 7.0, 7.0, 7.0, 12.0, 12.0)",3746537550.0,1,-25.646308233877583,1.0,1.0,7.276957740298842e-12,2.6691311288205293e-10,2.6691311281081035e-10
3474,"(2.0, 4.0, 7.0, 7.0, 7.0, 8.0, 8.0, 11.0)",20615868000.000004,1,-25.024407686436568,2.0,4.0,1.3553074602125968e-11,9.701265064366921e-11,1.9402530127792697e-10
3475,"(2.0, 4.0, 7.0, 7.0, 7.0, 8.0, 8.0, 12.0)",18038884500.000008,1,-25.14247616342005,1.0,1.0,1.2043739152535996e-11,5.543580036781097e-11,5.543580036473784e-11
3476,"(2.0, 4.0, 7.0, 7.0, 7.0, 8.0, 8.0, 13.0)",18038884500.000008,1,-25.019649043624696,1.0,1.0,1.3617722539386831e-11,5.543580036781097e-11,5.543580036473784e-11
3477,"(2.0, 4.0, 7.0, 7.0, 7.0, 8.0, 9.0, 12.0)",36077769000.000015,1,-25.77790158390455,1.0,1.0,6.379690160701149e-12,2.7717900183905484e-11,2.77179001831372e-11
3478,"(2.0, 4.0, 7.0, 7.0, 7.0, 8.0, 11.0, 11.0)",20615868000.000004,1,-25.28905857719688,1.0,1.0,1.0401630146622365e-11,4.8506325321834606e-11,4.850632531948174e-11
3479,"(2.0, 4.0, 7.0, 7.0, 7.0, 8.0, 11.0, 14.0)",36077769000.000015,1,-25.19395716800874,1.0,1.0,1.1439404700404947e-11,2.7717900183905484e-11,2.77179001831372e-11
3480,"(2.0, 4.0, 7.0, 7.0, 7.0, 8.0, 12.0, 12.0)",14431107600.000006,1,-25.52519553116384,1.0,1.0,8.213881466513305e-12,6.929475045976371e-11,6.929475045496195e-11
3481,"(2.0, 4.0, 7.0, 7.0, 7.0, 11.0, 11.0, 12.0)",18038884500.000008,1,-25.671777944940672,1.0,1.0,7.093956121166653e-12,5.543580036781097e-11,5.543580036473784e-11
3482,"(2.0, 4.0, 7.0, 7.0, 7.0, 11.0, 13.0, 14.0)",28862215200.00001,1,-25.453849415957173,1.0,1.0,8.821321599187698e-12,3.4647375229881856e-11,3.4647375228681416e-11
3483,"(2.0, 4.0, 7.0, 7.0, 7.0, 12.0, 13.0, 14.0)",21091618800.000004,1,-25.57191789294065,1.0,1.0,7.838936878911844e-12,4.7412197682996236e-11,4.741219768074832e-11
3484,"(2.0, 4.0, 7.0, 7.0, 8.0, 8.0, 8.0, 8.0)",4233615750.0000014,1,-24.63864409296252,1.0,1.0,1.9933007439503303e-11,2.3620471461067285e-10,2.362047145548802e-10
3485,"(2.0, 4.0, 7.0, 7.0, 8.0, 8.0, 8.0, 13.0)",15461901000.000002,1,-24.89853634091095,1.0,1.0,1.5371033167192265e-11,6.467510042911282e-11,6.467510042492995e-11
3486,"(2.0, 4.0, 7.0, 7.0, 8.0, 8.0, 8.0, 14.0)",15461901000.000002,1,-24.808193574534688,1.0,1.0,1.6824355040508198e-11,6.467510042911282e-11,6.467510042492995e-11
3487,"(2.0, 4.0, 7.0, 7.0, 8.0, 8.0, 9.0, 11.0)",50803389000.000015,1,-25.538720404207325,1.0,1.0,8.10353763764553e-12,1.968372621755607e-11,1.968372621716862e-11
3488,"(2.0, 4.0, 7.0, 7.0, 8.0, 8.0, 11.0, 12.0)",46385703000.00001,1,-25.28601435146662,1.0,1.0,1.043334330326378e-11,2.155836680970427e-11,2.155836680923951e-11
3489,"(2.0, 4.0, 7.0, 7.0, 8.0, 8.0, 11.0, 14.0)",46385703000.00001,1,-25.072844465295,1.0,1.0,1.2912252291400874e-11,2.155836680970427e-11,2.155836680923951e-11
3490,"(2.0, 4.0, 7.0, 7.0, 8.0, 9.0, 11.0, 13.0)",92771406000.00002,1,-25.79861265215576,3.0,9.0,6.248918843675688e-12,3.2337550214556404e-11,9.701265064262351e-11
3491,"(2.0, 4.0, 7.0, 7.0, 8.0, 9.0, 11.0, 14.0)",92771406000.00002,2,-25.708269885779497,2.0,2.0,6.839750334396418e-12,2.155836680970427e-11,2.155836680923951e-11
3492,"(2.0, 4.0, 7.0, 7.0, 8.0, 9.0, 12.0, 14.0)",77309505000.00003,1,-25.82633836276298,1.0,1.0,6.078042902753563e-12,1.293502008582256e-11,1.2935020085655244e-11
3493,"(2.0, 4.0, 7.0, 7.0, 8.0, 11.0, 12.0, 14.0)",77309505000.00003,2,-25.455563833038788,2.0,2.0,8.806211131278866e-12,2.587004017164512e-11,2.587004017097586e-11
3494,"(2.0, 4.0, 7.0, 7.0, 8.0, 11.0, 13.0, 14.0)",77309505000.00003,1,-25.33273671324343,1.0,1.0,9.957085444163303e-12,1.293502008582256e-11,1.2935020085655244e-11
3495,"(2.0, 4.0, 7.0, 7.0, 8.0, 12.0, 13.0, 13.0)",29377611900.00001,1,-25.541147956603176,2.0,4.0,8.083889733245871e-12,6.807905308327663e-11,1.3615810616191851e-10
3496,"(2.0, 4.0, 7.0, 7.0, 8.0, 12.0, 13.0, 14.0)",58755223800.00003,1,-25.450805190226912,1.0,1.0,8.848216609846214e-12,1.7019763270819154e-11,1.7019763270529483e-11
3497,"(2.0, 4.0, 7.0, 7.0, 9.0, 9.0, 9.0, 13.0)",15461901000.000002,1,-26.80481260236445,1.0,1.0,2.2846401162065033e-12,6.467510042911282e-11,6.467510042492995e-11
3498,"(2.0, 4.0, 7.0, 7.0, 9.0, 11.0, 11.0, 12.0)",46385703000.00001,1,-26.186090662711425,1.0,1.0,4.241557145908623e-12,2.155836680970427e-11,2.155836680923951e-11
3499,"(2.0, 4.0, 7.0, 7.0, 11.0, 11.0, 12.0, 13.0)",38654752500.000015,1,-25.81055749017536,1.0,1.0,6.174720545825383e-12,2.587004017164512e-11,2.587004017097586e-11
3500,"(2.0, 4.0, 7.0, 8.0, 8.0, 8.0, 8.0, 14.0)",6131443500.000003,1,-24.687080871820942,1.0,1.0,1.899052639648761e-11,1.6309373151689314e-10,1.6309373149029357e-10
3501,"(2.0, 4.0, 7.0, 8.0, 8.0, 8.0, 9.0, 11.0)",25693668000.00001,1,-25.41760770149358,1.0,1.0,9.14688527685694e-12,3.892009502107677e-11,3.8920095019562e-11
3502,"(2.0, 4.0, 7.0, 8.0, 8.0, 8.0, 9.0, 14.0)",24525774000.00001,1,-25.322506292305444,1.0,1.0,1.005947346283207e-11,4.0773432879223284e-11,4.077343287756081e-11
3503,"(2.0, 4.0, 7.0, 8.0, 8.0, 8.0, 11.0, 11.0)",12846834000.000006,1,-25.046833171769396,1.0,1.0,1.3252522930546628e-11,7.784019004215354e-11,7.784019003609445e-11
3504,"(2.0, 4.0, 7.0, 8.0, 8.0, 8.0, 11.0, 14.0)",24525774000.00001,2,-24.95173176258125,2.0,2.0,1.4574732130150645e-11,8.154686575844657e-11,8.154686575179668e-11
3505,"(2.0, 4.0, 7.0, 8.0, 8.0, 8.0, 14.0, 14.0)",10663380000.000004,1,-24.856630353393115,1.0,1.0,1.602885863913623e-11,9.377889562221357e-11,9.377889561341909e-11
3506,"(2.0, 4.0, 7.0, 8.0, 8.0, 9.0, 9.0, 13.0)",36788661000.000015,1,-26.048274479166206,1.0,1.0,4.868308941052062e-12,2.7182288586148857e-11,2.718228858540998e-11
3507,"(2.0, 4.0, 7.0, 8.0, 8.0, 9.0, 11.0, 14.0)",73577322000.00003,1,-25.587157183065752,1.0,1.0,7.72038268082202e-12,1.3591144293074429e-11,1.3591144292889709e-11
3508,"(2.0, 4.0, 7.0, 8.0, 8.0, 9.0, 12.0, 14.0)",63980280000.00002,1,-25.70522566004924,1.0,1.0,6.8606038035820215e-12,1.5629815937035592e-11,1.5629815936791303e-11
3509,"(2.0, 4.0, 7.0, 8.0, 8.0, 11.0, 11.0, 13.0)",36788661000.000015,1,-25.306725419717825,1.0,1.0,1.0219479932100251e-11,2.7182288586148857e-11,2.718228858540998e-11
3510,"(2.0, 4.0, 7.0, 8.0, 8.0, 11.0, 12.0, 13.0)",63980280000.00002,1,-25.42479389670131,1.0,1.0,9.08138958797471e-12,1.5629815937035592e-11,1.5629815936791303e-11
3511,"(2.0, 4.0, 7.0, 8.0, 8.0, 11.0, 12.0, 14.0)",63980280000.00002,2,-25.334451130325043,2.0,2.0,9.940029471497816e-12,3.1259631874071185e-11,3.125963187309402e-11
3512,"(2.0, 4.0, 7.0, 8.0, 8.0, 13.0, 14.0, 14.0)",25325527500.000008,1,-25.11652260134155,2.0,4.0,1.2360408659965752e-11,7.89717015766009e-11,1.5794340314696526e-10
3513,"(2.0, 4.0, 7.0, 8.0, 9.0, 9.0, 11.0, 11.0)",38540502000.000015,1,-26.31768401273839,2.0,4.0,3.7185622557557585e-12,5.1893460028102364e-11,1.037869200535118e-10
3514,"(2.0, 4.0, 7.0, 8.0, 9.0, 9.0, 11.0, 12.0)",73577322000.00003,1,-26.43575248972187,1.0,1.0,3.3044453118972025e-12,1.3591144293074429e-11,1.3591144292889709e-11
3515,"(2.0, 4.0, 7.0, 8.0, 9.0, 9.0, 11.0, 13.0)",73577322000.00003,2,-26.312925369926518,3.0,5.0,3.736299734997037e-12,4.0773432879223284e-11,6.795572146370967e-11
3516,"(2.0, 4.0, 7.0, 8.0, 9.0, 9.0, 11.0, 14.0)",73577322000.00003,1,-26.22258260355025,1.0,1.0,4.089564611279119e-12,1.3591144293074429e-11,1.3591144292889709e-11
3517,"(2.0, 4.0, 7.0, 8.0, 9.0, 11.0, 11.0, 11.0)",25693668000.00001,1,-25.9469094830142,1.0,1.0,5.387662583650823e-12,3.892009502107677e-11,3.8920095019562e-11
3518,"(2.0, 4.0, 7.0, 8.0, 9.0, 11.0, 11.0, 13.0)",73577322000.00003,1,-25.942150840202324,1.0,1.0,5.413361643304503e-12,1.3591144293074429e-11,1.3591144292889709e-11
3519,"(2.0, 4.0, 7.0, 8.0, 9.0, 11.0, 11.0, 14.0)",73577322000.00003,1,-25.851808073826064,1.0,1.0,5.925191706957972e-12,1.3591144293074429e-11,1.3591144292889709e-11
3520,"(2.0, 4.0, 7.0, 8.0, 9.0, 11.0, 12.0, 13.0)",127960560000.00005,1,-26.060219317185805,1.0,1.0,4.810503703718717e-12,7.814907968517796e-12,7.814907968456724e-12
3521,"(2.0, 4.0, 7.0, 8.0, 9.0, 11.0, 13.0, 14.0)",127960560000.00005,1,-25.847049431014185,1.0,1.0,5.953454771463682e-12,7.814907968517796e-12,7.814907968456724e-12
3522,"(2.0, 4.0, 7.0, 8.0, 9.0, 12.0, 13.0, 14.0)",101302110000.00005,1,-25.96511790799767,2.0,4.0,5.290449468394559e-12,1.974292539415022e-11,3.948585078791066e-11
3523,"(2.0, 4.0, 7.0, 8.0, 11.0, 11.0, 11.0, 12.0)",24525774000.00001,1,-25.69420343027349,1.0,1.0,6.936641236321875e-12,4.0773432879223284e-11,4.077343287756081e-11
3524,"(2.0, 4.0, 7.0, 8.0, 11.0, 11.0, 11.0, 13.0)",24525774000.00001,1,-25.571376310478136,1.0,1.0,7.843183459483199e-12,4.0773432879223284e-11,4.077343287756081e-11
3525,"(2.0, 4.0, 7.0, 8.0, 11.0, 11.0, 11.0, 14.0)",24525774000.00001,1,-25.481033544101876,1.0,1.0,8.584751703732739e-12,4.0773432879223284e-11,4.077343287756081e-11
3526,"(2.0, 4.0, 7.0, 8.0, 11.0, 11.0, 12.0, 14.0)",63980280000.00002,1,-25.599102021085358,1.0,1.0,7.628712542674831e-12,1.5629815937035592e-11,1.5629815936791303e-11
3527,"(2.0, 4.0, 7.0, 8.0, 11.0, 11.0, 13.0, 13.0)",31990140000.00001,1,-25.566617667666257,1.0,1.0,7.880595312298894e-12,3.1259631874071185e-11,3.125963187309402e-11
3528,"(2.0, 4.0, 7.0, 8.0, 11.0, 11.0, 13.0, 14.0)",63980280000.00002,3,-25.47627490129,3.0,3.0,8.625700824565909e-12,4.6889447811106784e-11,4.6889447808908164e-11
3529,"(2.0, 4.0, 7.0, 8.0, 11.0, 11.0, 14.0, 14.0)",31990140000.00001,1,-25.38593213491373,1.0,1.0,9.441255611590795e-12,3.1259631874071185e-11,3.125963187309402e-11
3530,"(2.0, 4.0, 7.0, 9.0, 9.0, 11.0, 12.0, 13.0)",63980280000.00002,1,-26.695644737670307,1.0,1.0,2.5481723539461226e-12,1.5629815937035592e-11,1.5629815936791303e-11
3531,"(2.0, 4.0, 7.0, 9.0, 11.0, 12.0, 13.0, 14.0)",101302110000.00005,1,-26.229768798757977,1.0,1.0,4.060281544602675e-12,9.87146269707511e-12,9.871462696977665e-12
3532,"(2.0, 4.0, 7.0, 11.0, 12.0, 13.0, 14.0, 14.0)",36468759600.000015,1,-25.763892859845647,1.0,1.0,6.469690402186056e-12,2.742072971409753e-11,2.7420729713345634e-11
3533,"(2.0, 4.0, 8.0, 8.0, 8.0, 8.0, 11.0, 13.0)",4496391900.0,1,-24.920961826243776,2.0,4.0,1.5030166622299514e-11,4.448010859551633e-10,8.896021717124786e-10
3534,"(2.0, 4.0, 8.0, 8.0, 8.0, 9.0, 13.0, 13.0)",8175258000.0,1,-25.5516286039164,1.0,1.0,7.999607772273985e-12,1.2232029863766992e-10,1.2232029862270767e-10
3535,"(2.0, 4.0, 8.0, 8.0, 8.0, 11.0, 11.0, 14.0)",8992783800.0,1,-25.09526995062782,1.0,1.0,1.2625911433406577e-11,1.1120027148879083e-10,1.1120027147642533e-10
3536,"(2.0, 4.0, 8.0, 8.0, 8.0, 11.0, 13.0, 13.0)",8175258000.0,1,-25.180854074192208,1.0,1.0,1.1590282618464165e-11,1.2232029863766992e-10,1.2232029862270767e-10
3537,"(2.0, 4.0, 8.0, 8.0, 9.0, 9.0, 11.0, 12.0)",26978351400.0,1,-26.31463978700813,1.0,1.0,3.729899646687306e-12,3.706675716293027e-11,3.7066757161556325e-11
3538,"(2.0, 4.0, 8.0, 8.0, 9.0, 11.0, 12.0, 14.0)",49051548000.0,1,-25.8487638480958,1.0,1.0,5.943256811185352e-12,2.0386716439611652e-11,2.0386716439196032e-11
3539,"(2.0, 4.0, 8.0, 8.0, 9.0, 11.0, 14.0, 14.0)",24525774000.0,1,-25.63559396192418,1.0,1.0,7.355344221694085e-12,4.0773432879223303e-11,4.077343287756083e-11
3540,"(2.0, 4.0, 8.0, 8.0, 11.0, 11.0, 11.0, 12.0)",8992783800.0,1,-25.573090727559748,1.0,1.0,7.829748491645922e-12,1.1120027148879083e-10,1.1120027147642533e-10
3541,"(2.0, 4.0, 8.0, 8.0, 11.0, 11.0, 14.0, 14.0)",12262887000.0,1,-25.264819432199992,1.0,1.0,1.06568372740715e-11,8.154686575844661e-11,8.154686575179672e-11
3542,"(2.0, 4.0, 8.0, 8.0, 11.0, 12.0, 12.0, 13.0)",20260422000.0,1,-25.686400561731357,1.0,1.0,6.9909786541839815e-12,4.935731348537558e-11,4.9357313482939434e-11
3543,"(2.0, 4.0, 8.0, 9.0, 9.0, 12.0, 13.0, 14.0)",40520844000.0,1,-26.479430625768423,1.0,1.0,3.1632199811305064e-12,2.467865674268779e-11,2.467865674207875e-11
3544,"(2.0, 4.0, 8.0, 9.0, 11.0, 11.0, 11.0, 12.0)",17985567600.0,1,-26.208516148044247,1.0,1.0,4.147496784866874e-12,5.5600135744395415e-11,5.560013574130404e-11
3545,"(2.0, 4.0, 8.0, 11.0, 11.0, 11.0, 14.0, 14.0)",8175258000.0,1,-25.5294703229603,1.0,1.0,8.17884377617485e-12,1.2232029863766992e-10,1.2232029862270767e-10
3546,"(2.0, 4.0, 8.0, 11.0, 11.0, 13.0, 13.0, 14.0)",20260422000.0,1,-25.615054446524688,1.0,1.0,7.507981610524941e-12,4.935731348537558e-11,4.9357313482939434e-11
3547,"(2.0, 4.0, 9.0, 9.0, 11.0, 11.0, 11.0, 12.0)",8992783800.0,1,-26.843941568528745,1.0,1.0,2.196970898724872e-12,1.1120027148879083e-10,1.1120027147642533e-10
3548,"(2.0, 4.0, 9.0, 9.0, 11.0, 11.0, 14.0, 14.0)",12262887000.0,1,-26.53567027316899,1.0,1.0,2.9902316004865555e-12,8.154686575844661e-11,8.154686575179672e-11
3549,"(2.0, 4.0, 9.0, 11.0, 11.0, 12.0, 12.0, 13.0)",20260422000.0,1,-26.586476872976164,1.0,1.0,2.8421029199981098e-12,4.935731348537558e-11,4.9357313482939434e-11
3550,"(2.0, 6.0, 6.0, 6.0, 6.0, 6.0, 7.0, 14.0)",1948199526.0,1,-26.031865185882985,1.0,1.0,4.9488534824501075e-12,5.132944478501018e-10,5.132944475866306e-10
3551,"(2.0, 6.0, 6.0, 6.0, 6.0, 6.0, 11.0, 14.0)",1948199526.0,1,-26.175403373929548,1.0,1.0,4.287130988641736e-12,5.132944478501018e-10,5.132944475866306e-10
3552,"(2.0, 6.0, 6.0, 6.0, 6.0, 7.0, 8.0, 8.0)",5798212875.0,1,-25.521949568519787,1.0,1.0,8.240586737624654e-12,1.724669344776342e-10,1.7246693444788935e-10
3553,"(2.0, 6.0, 6.0, 6.0, 6.0, 7.0, 8.0, 9.0)",11596425750.0,1,-26.157374989004285,1.0,1.0,4.365121949470205e-12,8.62334672388171e-11,8.623346723138089e-11
3554,"(2.0, 6.0, 6.0, 6.0, 6.0, 7.0, 8.0, 11.0)",11596425750.0,1,-25.78660045928009,1.0,1.0,6.324434709633199e-12,8.62334672388171e-11,8.623346723138089e-11
3555,"(2.0, 6.0, 6.0, 6.0, 6.0, 8.0, 8.0, 8.0)",1717989000.0000005,1,-25.40083686580604,1.0,1.0,9.301579738814177e-12,5.820759038620152e-10,5.820759035232029e-10
3556,"(2.0, 6.0, 6.0, 6.0, 6.0, 8.0, 11.0, 11.0)",5153967000.000001,1,-25.93013864732666,1.0,1.0,5.4787801104764366e-12,1.9402530128733842e-10,1.940253012496926e-10
3557,"(2.0, 6.0, 6.0, 6.0, 7.0, 7.0, 8.0, 8.0)",11596425750.0,1,-25.302696135442503,1.0,1.0,1.0260740190726145e-11,8.62334672388171e-11,8.623346723138089e-11
3558,"(2.0, 6.0, 6.0, 6.0, 7.0, 7.0, 8.0, 11.0)",23192851500.0,1,-25.56734702620281,1.0,1.0,7.874849628421248e-12,4.311673361940855e-11,4.31167336175495e-11
3559,"(2.0, 6.0, 6.0, 6.0, 7.0, 7.0, 8.0, 13.0)",19481995260.000004,1,-25.56258838339094,1.0,1.0,7.912412528328629e-12,5.132944478501017e-11,5.132944478237546e-11
3560,"(2.0, 6.0, 6.0, 6.0, 7.0, 7.0, 9.0, 9.0)",11596425750.0,1,-26.573546976411503,3.0,9.0,2.8790896185815023e-12,2.587004017164513e-10,7.76101205082428e-10
3561,"(2.0, 6.0, 6.0, 6.0, 7.0, 8.0, 9.0, 11.0)",41231736000.00001,1,-26.081659743973567,1.0,1.0,4.708462266170989e-12,2.4253162660917303e-11,2.4253162660329087e-11
3562,"(2.0, 6.0, 6.0, 6.0, 7.0, 8.0, 9.0, 12.0)",36077769000.000015,1,-26.19972822095705,1.0,1.0,4.1841053051111096e-12,2.7717900183905484e-11,2.77179001831372e-11
3563,"(2.0, 6.0, 6.0, 6.0, 7.0, 8.0, 9.0, 13.0)",36077769000.000015,1,-26.076901101161692,1.0,1.0,4.730921551765938e-12,2.7717900183905484e-11,2.77179001831372e-11
3564,"(2.0, 6.0, 6.0, 6.0, 7.0, 8.0, 11.0, 11.0)",20615868000.000004,2,-25.71088521424938,2.0,2.0,6.821885511992165e-12,9.701265064366921e-11,9.701265063425776e-11
3565,"(2.0, 6.0, 6.0, 6.0, 7.0, 12.0, 12.0, 14.0)",10545809400.000002,1,-26.11657164978851,2.0,4.0,4.5469172057819914e-12,1.8964879073198494e-10,3.7929758142800325e-10
3566,"(2.0, 6.0, 6.0, 6.0, 8.0, 8.0, 8.0, 12.0)",5153967000.000001,1,-25.44319009775881,1.0,1.0,8.91585380239141e-12,1.9402530128733842e-10,1.940253012496926e-10
3567,"(2.0, 6.0, 6.0, 6.0, 8.0, 8.0, 11.0, 12.0)",15461901000.000002,1,-25.70784098851912,1.0,1.0,6.842684513762273e-12,6.467510042911282e-11,6.467510042492995e-11
3568,"(2.0, 6.0, 6.0, 6.0, 8.0, 8.0, 11.0, 14.0)",15461901000.000002,1,-25.494671102347496,1.0,1.0,8.468471344609285e-12,6.467510042911282e-11,6.467510042492995e-11
3569,"(2.0, 6.0, 6.0, 6.0, 8.0, 9.0, 11.0, 12.0)",30923802000.000004,1,-26.34326640900362,1.0,1.0,3.62463903546428e-12,3.233755021455641e-11,3.233755021351069e-11
3570,"(2.0, 6.0, 6.0, 6.0, 8.0, 9.0, 11.0, 14.0)",30923802000.000004,2,-26.130096522832,2.0,2.0,4.485834725340031e-12,6.467510042911282e-11,6.467510042492995e-11
3571,"(2.0, 6.0, 6.0, 6.0, 9.0, 11.0, 13.0, 14.0)",25769835000.00001,1,-26.38998877078043,1.0,1.0,3.4591826925773143e-12,3.880506025746768e-11,3.880506025596185e-11
3572,"(2.0, 6.0, 6.0, 7.0, 7.0, 7.0, 7.0, 9.0)",6030141390.000003,1,-25.839980825563465,1.0,1.0,5.9956864781049725e-12,1.6583359084387896e-10,1.6583359081637818e-10
3573,"(2.0, 6.0, 6.0, 7.0, 7.0, 7.0, 8.0, 14.0)",19481995260.000004,1,-25.252992183937398,1.0,1.0,1.0783626640887105e-11,5.132944478501017e-11,5.132944478237546e-11
3574,"(2.0, 6.0, 6.0, 7.0, 7.0, 8.0, 8.0, 9.0)",30923802000.000008,1,-25.59775542013598,1.0,1.0,7.638992294035422e-12,3.2337550214556404e-11,3.2337550213510686e-11
3575,"(2.0, 6.0, 6.0, 7.0, 7.0, 8.0, 8.0, 11.0)",30923802000.000008,1,-25.226980890411788,1.0,1.0,1.1067802588397711e-11,3.2337550214556404e-11,3.2337550213510686e-11
3576,"(2.0, 6.0, 6.0, 7.0, 7.0, 8.0, 8.0, 14.0)",27058326750.00001,1,-25.13187948122365,1.0,1.0,1.2172041417371829e-11,3.6957200245207314e-11,3.695720024384148e-11
3577,"(2.0, 6.0, 6.0, 7.0, 7.0, 8.0, 9.0, 9.0)",30923802000.000008,1,-26.23318084062048,1.0,1.0,4.046451302099805e-12,3.2337550214556404e-11,3.2337550213510686e-11
3578,"(2.0, 6.0, 6.0, 7.0, 7.0, 8.0, 9.0, 11.0)",61847604000.000015,1,-25.862406310896286,1.0,1.0,5.862726714644595e-12,1.6168775107278202e-11,1.6168775107016774e-11
3579,"(2.0, 6.0, 6.0, 7.0, 7.0, 8.0, 9.0, 12.0)",54116653500.00002,1,-25.98047478787977,1.0,1.0,5.209825323525311e-12,1.8478600122603657e-11,1.84786001222622e-11
3580,"(2.0, 6.0, 6.0, 7.0, 7.0, 8.0, 9.0, 13.0)",54116653500.00002,1,-25.85764766808441,1.0,1.0,5.8906918221905066e-12,1.8478600122603657e-11,1.84786001222622e-11
3581,"(2.0, 6.0, 6.0, 7.0, 7.0, 8.0, 12.0, 13.0)",43293322800.000015,1,-25.604941615343705,1.0,1.0,7.584293776723793e-12,2.309825015325457e-11,2.3098250152721042e-11
3582,"(2.0, 6.0, 6.0, 7.0, 7.0, 9.0, 11.0, 11.0)",30923802000.000008,1,-26.1270572016566,1.0,1.0,4.499489357705559e-12,3.2337550214556404e-11,3.2337550213510686e-11
3583,"(2.0, 6.0, 6.0, 7.0, 7.0, 9.0, 11.0, 12.0)",54116653500.00002,1,-26.24512567864008,1.0,1.0,3.9984046229124416e-12,1.8478600122603657e-11,1.84786001222622e-11
3584,"(2.0, 6.0, 6.0, 7.0, 7.0, 11.0, 11.0, 14.0)",27058326750.00001,1,-25.661181262744268,2.0,4.0,7.169528219288718e-12,7.391440049041463e-11,1.478288009753659e-10
3585,"(2.0, 6.0, 6.0, 7.0, 7.0, 11.0, 14.0, 14.0)",21646661400.000008,2,-25.56607985355613,2.0,2.0,7.884834747565926e-12,9.239300061301828e-11,9.239300060448182e-11
3586,"(2.0, 6.0, 6.0, 7.0, 7.0, 12.0, 13.0, 14.0)",31637428200.000004,1,-25.774491096915877,1.0,1.0,6.401485155633749e-12,3.160813178866416e-11,3.1608131787665085e-11
3587,"(2.0, 6.0, 6.0, 7.0, 8.0, 8.0, 9.0, 9.0)",25401694500.000008,1,-26.11206813790673,1.0,1.0,4.567440480161633e-12,3.936745243511214e-11,3.936745243356235e-11
3588,"(2.0, 6.0, 6.0, 7.0, 8.0, 8.0, 9.0, 11.0)",50803389000.000015,1,-25.741293608182545,1.0,1.0,6.6175652000796e-12,1.968372621755607e-11,1.968372621716862e-11
3589,"(2.0, 6.0, 6.0, 7.0, 8.0, 8.0, 9.0, 14.0)",46385703000.00001,1,-25.64619219899441,1.0,1.0,7.277802170230816e-12,2.155836680970427e-11,2.155836680923951e-11
3590,"(2.0, 6.0, 6.0, 7.0, 8.0, 8.0, 11.0, 11.0)",25401694500.000008,1,-25.370519078458354,1.0,1.0,9.587901444477092e-12,3.936745243511214e-11,3.936745243356235e-11
3591,"(2.0, 6.0, 6.0, 7.0, 8.0, 8.0, 11.0, 13.0)",46385703000.00001,1,-25.36576043564648,1.0,1.0,9.633635572654113e-12,2.155836680970427e-11,2.155836680923951e-11
3592,"(2.0, 6.0, 6.0, 7.0, 8.0, 8.0, 12.0, 13.0)",38654752500.000015,1,-25.48382891262996,1.0,1.0,8.560787668758049e-12,2.587004017164512e-11,2.587004017097586e-11
3593,"(2.0, 6.0, 6.0, 7.0, 8.0, 9.0, 11.0, 13.0)",92771406000.00002,1,-26.001185856130977,1.0,1.0,5.103033974436499e-12,1.0779183404852136e-11,1.0779183404735944e-11
3594,"(2.0, 6.0, 6.0, 7.0, 8.0, 9.0, 11.0, 14.0)",92771406000.00002,1,-25.910843089754717,1.0,1.0,5.585522745012571e-12,1.0779183404852136e-11,1.0779183404735944e-11
3595,"(2.0, 6.0, 6.0, 7.0, 8.0, 11.0, 11.0, 14.0)",46385703000.00001,1,-25.540068560030527,1.0,1.0,8.092620167070135e-12,2.155836680970427e-11,2.155836680923951e-11
3596,"(2.0, 6.0, 6.0, 7.0, 8.0, 11.0, 12.0, 14.0)",77309505000.00003,1,-25.658137037014008,1.0,1.0,7.191387136425584e-12,1.293502008582256e-11,1.2935020085655244e-11
3597,"(2.0, 6.0, 6.0, 7.0, 8.0, 11.0, 13.0, 14.0)",77309505000.00003,1,-25.535309917218648,1.0,1.0,8.131221828773928e-12,1.293502008582256e-11,1.2935020085655244e-11
3598,"(2.0, 6.0, 6.0, 7.0, 8.0, 12.0, 13.0, 13.0)",29377611900.00001,1,-25.7437211605784,1.0,1.0,6.601520196746013e-12,3.4039526541638315e-11,3.403952654047963e-11
3599,"(2.0, 6.0, 6.0, 7.0, 9.0, 9.0, 11.0, 12.0)",46385703000.00001,1,-26.759438396410832,1.0,1.0,2.390691655104181e-12,2.155836680970427e-11,2.155836680923951e-11
3600,"(2.0, 6.0, 6.0, 7.0, 9.0, 11.0, 11.0, 11.0)",16934463000.000006,1,-26.27059538970316,1.0,1.0,3.8978523665916074e-12,5.905117865266821e-11,5.905117864918117e-11
3601,"(2.0, 6.0, 6.0, 7.0, 9.0, 11.0, 11.0, 12.0)",46385703000.00001,1,-26.38866386668664,1.0,1.0,3.463768815303398e-12,2.155836680970427e-11,2.155836680923951e-11
3602,"(2.0, 6.0, 6.0, 7.0, 9.0, 11.0, 11.0, 14.0)",46385703000.00001,1,-26.17549398051502,1.0,1.0,4.286742563938561e-12,2.155836680970427e-11,2.155836680923951e-11
3603,"(2.0, 6.0, 6.0, 7.0, 9.0, 12.0, 14.0, 14.0)",29377611900.00001,1,-26.198461048310367,1.0,1.0,4.189410649588371e-12,3.4039526541638315e-11,3.403952654047963e-11
3604,"(2.0, 6.0, 6.0, 7.0, 11.0, 11.0, 14.0, 14.0)",19327376250.000008,1,-25.709618041602692,1.0,1.0,6.830535498067216e-12,5.174008034329024e-11,5.17400803406132e-11
3605,"(2.0, 6.0, 6.0, 7.0, 12.0, 12.0, 14.0, 14.0)",10169173350.000002,1,-25.945754995569654,1.0,1.0,5.393886164290692e-12,9.833641000917738e-11,9.833640999950733e-11
3606,"(2.0, 6.0, 6.0, 8.0, 8.0, 8.0, 11.0, 13.0)",12262887000.000006,1,-25.244647732932734,1.0,1.0,1.0873986562702962e-11,8.154686575844657e-11,8.154686575179668e-11
3607,"(2.0, 6.0, 6.0, 8.0, 8.0, 9.0, 9.0, 11.0)",19270251000.000008,1,-26.2556063259533,2.0,4.0,3.956717589380542e-12,1.0378692005620473e-10,2.0757384010163773e-10
3608,"(2.0, 6.0, 6.0, 8.0, 8.0, 9.0, 12.0, 14.0)",31990140000.00001,1,-25.907798864024453,1.0,1.0,5.602552244739063e-12,3.1259631874071185e-11,3.125963187309402e-11
3609,"(2.0, 6.0, 6.0, 8.0, 8.0, 9.0, 14.0, 14.0)",15995070000.000006,1,-25.694628977852837,1.0,1.0,6.933689993426631e-12,6.251926374814237e-11,6.251926374423371e-11
3610,"(2.0, 6.0, 6.0, 8.0, 8.0, 11.0, 12.0, 13.0)",31990140000.00001,1,-25.627367100676526,1.0,1.0,7.416105211452793e-12,3.1259631874071185e-11,3.125963187309402e-11
3611,"(2.0, 6.0, 6.0, 8.0, 8.0, 11.0, 12.0, 14.0)",31990140000.00001,2,-25.537024334300263,2.0,2.0,8.11729346609927e-12,6.251926374814237e-11,6.251926374423371e-11
3612,"(2.0, 6.0, 6.0, 8.0, 9.0, 11.0, 11.0, 13.0)",36788661000.000015,1,-26.144724044177543,1.0,1.0,4.420695655161539e-12,2.7182288586148857e-11,2.718228858540998e-11
3613,"(2.0, 6.0, 6.0, 8.0, 9.0, 11.0, 11.0, 14.0)",36788661000.000015,1,-26.05438127780128,1.0,1.0,4.838669751049365e-12,2.7182288586148857e-11,2.718228858540998e-11
3614,"(2.0, 6.0, 6.0, 8.0, 9.0, 12.0, 12.0, 13.0)",25325527500.000008,2,-26.380860998144502,2.0,2.0,3.4909018681863298e-12,7.89717015766009e-11,7.897170157036437e-11
3615,"(2.0, 6.0, 6.0, 8.0, 9.0, 12.0, 12.0, 14.0)",25325527500.000008,1,-26.29051823176825,1.0,1.0,3.820964524837323e-12,3.948585078830045e-11,3.9485850786741316e-11
3616,"(2.0, 6.0, 6.0, 8.0, 11.0, 12.0, 13.0, 14.0)",50651055000.000015,1,-25.7969165822487,1.0,1.0,6.259526439947668e-12,1.9742925394150224e-11,1.974292539376044e-11
3617,"(2.0, 6.0, 6.0, 9.0, 9.0, 9.0, 9.0, 13.0)",3065721750.0000014,1,-27.52169852411042,1.0,1.0,1.1155221506227461e-12,3.2618746303378627e-10,3.26187462927388e-10
3618,"(2.0, 6.0, 6.0, 9.0, 11.0, 11.0, 12.0, 12.0)",15995070000.000006,1,-26.65027053171669,1.0,1.0,2.6664568914518446e-12,6.251926374814237e-11,6.251926374423371e-11
3619,"(2.0, 6.0, 6.0, 9.0, 11.0, 11.0, 12.0, 13.0)",31990140000.00001,1,-26.52744341192133,1.0,1.0,3.0149332903296502e-12,3.1259631874071185e-11,3.125963187309402e-11
3620,"(2.0, 6.0, 6.0, 12.0, 12.0, 13.0, 14.0, 14.0)",5961239550.000001,1,-26.08453454080435,1.0,1.0,4.694945831580841e-12,1.6775034648624377e-10,1.677503464581036e-10
3621,"(2.0, 6.0, 7.0, 7.0, 7.0, 7.0, 8.0, 13.0)",9740997630.000002,1,-25.124081517236377,1.0,1.0,1.2267329602053933e-11,1.0265888957002034e-10,1.0265888955948149e-10
3622,"(2.0, 6.0, 7.0, 7.0, 7.0, 7.0, 9.0, 13.0)",9740997630.000002,1,-25.75950693772087,1.0,1.0,6.498128278029232e-12,1.0265888957002034e-10,1.0265888955948149e-10
3623,"(2.0, 6.0, 7.0, 7.0, 7.0, 7.0, 12.0, 12.0)",3746537550.0,1,-25.62962800477552,1.0,1.0,7.39935704891061e-12,2.6691311288205293e-10,2.6691311281081035e-10
3624,"(2.0, 6.0, 7.0, 7.0, 7.0, 8.0, 8.0, 8.0)",6871956000.000002,2,-24.7430765665742,2.0,2.0,1.795636322544654e-11,2.910379519310076e-10,2.9103795184630453e-10
3625,"(2.0, 6.0, 7.0, 7.0, 7.0, 8.0, 9.0, 13.0)",36077769000.000015,1,-25.63839423500713,1.0,1.0,7.334776060928203e-12,2.7717900183905484e-11,2.77179001831372e-11
3626,"(2.0, 6.0, 7.0, 7.0, 7.0, 8.0, 11.0, 14.0)",36077769000.000015,1,-25.17727693890668,1.0,1.0,1.1631816869917144e-11,2.7717900183905484e-11,2.77179001831372e-11
3627,"(2.0, 6.0, 7.0, 7.0, 7.0, 8.0, 12.0, 12.0)",14431107600.000006,1,-25.508515302061777,1.0,1.0,8.35203994542715e-12,6.929475045976371e-11,6.929475045496195e-11
3628,"(2.0, 6.0, 7.0, 7.0, 7.0, 9.0, 13.0, 13.0)",14431107600.000006,1,-25.89828648295556,1.0,1.0,5.656100136852455e-12,6.929475045976371e-11,6.929475045496195e-11
3629,"(2.0, 6.0, 7.0, 7.0, 8.0, 8.0, 8.0, 11.0)",16934463000.000006,4,-24.88661475462076,5.0,7.0,1.555537691712115e-11,2.9525589326334106e-10,4.1335825048150144e-10
3630,"(2.0, 6.0, 7.0, 7.0, 8.0, 8.0, 8.0, 12.0)",15461901000.000002,1,-25.004683231604247,1.0,1.0,1.3823055469627382e-11,6.467510042911282e-11,6.467510042492995e-11
3631,"(2.0, 6.0, 7.0, 7.0, 8.0, 8.0, 8.0, 13.0)",15461901000.000002,1,-24.881856111808887,1.0,1.0,1.562957580265295e-11,6.467510042911282e-11,6.467510042492995e-11
3632,"(2.0, 6.0, 7.0, 7.0, 8.0, 8.0, 8.0, 14.0)",15461901000.000002,1,-24.791513345432627,1.0,1.0,1.7107342725511866e-11,6.467510042911282e-11,6.467510042492995e-11
3633,"(2.0, 6.0, 7.0, 7.0, 8.0, 8.0, 9.0, 11.0)",50803389000.000015,1,-25.52204017510526,1.0,1.0,8.239840120022805e-12,1.968372621755607e-11,1.968372621716862e-11
3634,"(2.0, 6.0, 7.0, 7.0, 8.0, 8.0, 11.0, 13.0)",46385703000.00001,1,-25.146507002569194,2.0,4.0,1.1995290487244373e-11,4.311673361940854e-11,8.623346723695804e-11
3635,"(2.0, 6.0, 7.0, 7.0, 8.0, 8.0, 11.0, 14.0)",46385703000.00001,1,-25.05616423619293,1.0,1.0,1.3129437935387261e-11,2.155836680970427e-11,2.155836680923951e-11
3636,"(2.0, 6.0, 7.0, 7.0, 8.0, 8.0, 13.0, 14.0)",38654752500.000015,1,-25.05140559338106,1.0,1.0,1.3192065132892997e-11,2.587004017164512e-11,2.587004017097586e-11
3637,"(2.0, 6.0, 7.0, 7.0, 8.0, 9.0, 11.0, 13.0)",92771406000.00002,1,-25.781932423053696,1.0,1.0,6.354026413807811e-12,1.0779183404852136e-11,1.0779183404735944e-11
3638,"(2.0, 6.0, 7.0, 7.0, 8.0, 9.0, 11.0, 14.0)",92771406000.00002,1,-25.691589656677436,2.0,4.0,6.954795761604392e-12,2.155836680970427e-11,4.311673361894378e-11
3639,"(2.0, 6.0, 7.0, 7.0, 8.0, 11.0, 11.0, 13.0)",46385703000.00001,1,-25.411157893329506,1.0,1.0,9.206071597218371e-12,2.155836680970427e-11,2.155836680923951e-11
3640,"(2.0, 6.0, 7.0, 7.0, 8.0, 11.0, 12.0, 13.0)",77309505000.00003,1,-25.529226370312987,1.0,1.0,8.180839270159134e-12,1.293502008582256e-11,1.2935020085655244e-11
3641,"(2.0, 6.0, 7.0, 7.0, 8.0, 11.0, 12.0, 14.0)",77309505000.00003,2,-25.438883603936723,2.0,2.0,8.954332666737107e-12,2.587004017164512e-11,2.587004017097586e-11
3642,"(2.0, 6.0, 7.0, 7.0, 8.0, 11.0, 13.0, 14.0)",77309505000.00003,1,-25.316056484141367,1.0,1.0,1.0124564824647357e-11,1.293502008582256e-11,1.2935020085655244e-11
3643,"(2.0, 6.0, 7.0, 7.0, 8.0, 11.0, 14.0, 14.0)",38654752500.000015,2,-25.225713717765103,2.0,2.0,1.1081836294783212e-11,5.174008034329024e-11,5.17400803406132e-11
3644,"(2.0, 6.0, 7.0, 7.0, 8.0, 12.0, 13.0, 13.0)",29377611900.00001,1,-25.52446772750111,1.0,1.0,8.219861735496696e-12,3.4039526541638315e-11,3.403952654047963e-11
3645,"(2.0, 6.0, 7.0, 7.0, 9.0, 9.0, 11.0, 13.0)",46385703000.00001,1,-26.417357843538195,1.0,1.0,3.3657919089412863e-12,2.155836680970427e-11,2.155836680923951e-11
3646,"(2.0, 6.0, 7.0, 7.0, 9.0, 9.0, 11.0, 14.0)",46385703000.00001,1,-26.32701507716193,1.0,1.0,3.684025494744398e-12,2.155836680970427e-11,2.155836680923951e-11
3647,"(2.0, 6.0, 7.0, 7.0, 9.0, 9.0, 13.0, 14.0)",38654752500.000015,1,-26.322256434350056,1.0,1.0,3.701598234218177e-12,2.587004017164512e-11,2.587004017097586e-11
3648,"(2.0, 6.0, 7.0, 7.0, 9.0, 11.0, 12.0, 13.0)",77309505000.00003,1,-26.164651790797485,1.0,1.0,4.3334731130508e-12,1.293502008582256e-11,1.2935020085655244e-11
3649,"(2.0, 6.0, 7.0, 7.0, 9.0, 13.0, 14.0, 14.0)",29377611900.00001,1,-25.85638049543773,1.0,1.0,5.8981610771559415e-12,3.4039526541638315e-11,3.403952654047963e-11
3650,"(2.0, 6.0, 7.0, 7.0, 11.0, 11.0, 12.0, 14.0)",38654752500.000015,1,-25.703534494697035,1.0,1.0,6.872216035364256e-12,2.587004017164512e-11,2.587004017097586e-11
3651,"(2.0, 6.0, 7.0, 7.0, 11.0, 12.0, 13.0, 13.0)",29377611900.00001,1,-25.78911861826142,2.0,4.0,6.3085288127609526e-12,6.807905308327663e-11,1.3615810616191851e-10
3652,"(2.0, 6.0, 7.0, 7.0, 11.0, 12.0, 13.0, 14.0)",58755223800.00003,1,-25.69877585188516,1.0,1.0,6.904996389943576e-12,1.7019763270819154e-11,1.7019763270529483e-11
3653,"(2.0, 6.0, 7.0, 7.0, 12.0, 13.0, 14.0, 14.0)",20338346700.000004,1,-25.60367444269702,1.0,1.0,7.59391047806571e-12,4.916820500458869e-11,4.9168205002171176e-11
3654,"(2.0, 6.0, 7.0, 8.0, 8.0, 8.0, 8.0, 12.0)",6131443500.000003,1,-24.883570528890505,1.0,1.0,1.560280314722489e-11,1.6309373151689314e-10,1.6309373149029357e-10
3655,"(2.0, 6.0, 7.0, 8.0, 8.0, 8.0, 9.0, 11.0)",25693668000.00001,1,-25.40092747239152,1.0,1.0,9.300736992614222e-12,3.892009502107677e-11,3.8920095019562e-11
3656,"(2.0, 6.0, 7.0, 8.0, 8.0, 8.0, 9.0, 14.0)",24525774000.00001,1,-25.30582606320338,1.0,1.0,1.0228675022163719e-11,4.0773432879223284e-11,4.077343287756081e-11
3657,"(2.0, 6.0, 7.0, 8.0, 8.0, 8.0, 11.0, 11.0)",12846834000.000006,1,-25.03015294266733,1.0,1.0,1.3475431967805135e-11,7.784019004215354e-11,7.784019003609445e-11
3658,"(2.0, 6.0, 7.0, 8.0, 8.0, 8.0, 11.0, 12.0)",24525774000.00001,1,-25.14822141965081,1.0,1.0,1.1974743174698676e-11,4.0773432879223284e-11,4.077343287756081e-11
3659,"(2.0, 6.0, 7.0, 8.0, 8.0, 8.0, 12.0, 14.0)",21326760000.000008,1,-25.05312001046267,1.0,1.0,1.3169467807242864e-11,4.6889447811106784e-11,4.6889447808908164e-11
3660,"(2.0, 6.0, 7.0, 8.0, 8.0, 9.0, 9.0, 11.0)",38540502000.000015,1,-26.036352892876018,1.0,1.0,4.926694237358693e-12,2.5946730014051182e-11,2.594673001337795e-11
3661,"(2.0, 6.0, 7.0, 8.0, 8.0, 9.0, 9.0, 13.0)",36788661000.000015,1,-26.031594250064146,1.0,1.0,4.950194485775407e-12,2.7182288586148857e-11,2.718228858540998e-11
3662,"(2.0, 6.0, 7.0, 8.0, 8.0, 9.0, 11.0, 12.0)",73577322000.00003,1,-25.783646840135308,1.0,1.0,6.343142295012464e-12,1.3591144293074429e-11,1.3591144292889709e-11
3663,"(2.0, 6.0, 7.0, 8.0, 8.0, 9.0, 11.0, 13.0)",73577322000.00003,1,-25.66081972033995,1.0,1.0,7.172120776390361e-12,1.3591144293074429e-11,1.3591144292889709e-11
3664,"(2.0, 6.0, 7.0, 8.0, 8.0, 9.0, 11.0, 14.0)",73577322000.00003,1,-25.57047695396369,1.0,1.0,7.850240450521237e-12,1.3591144293074429e-11,1.3591144292889709e-11
3665,"(2.0, 6.0, 7.0, 8.0, 8.0, 11.0, 11.0, 12.0)",36788661000.000015,2,-25.41287231041112,3.0,5.0,9.190302072451356e-12,8.154686575844657e-11,1.359114429240944e-10
3666,"(2.0, 6.0, 7.0, 8.0, 8.0, 11.0, 11.0, 14.0)",36788661000.000015,2,-25.1997024242395,3.0,5.0,1.1373870823991235e-11,8.154686575844657e-11,1.359114429240944e-10
3667,"(2.0, 6.0, 7.0, 8.0, 8.0, 11.0, 12.0, 12.0)",31990140000.00001,1,-25.5309407873946,1.0,1.0,8.16682591537223e-12,3.1259631874071185e-11,3.125963187309402e-11
3668,"(2.0, 6.0, 7.0, 8.0, 8.0, 11.0, 12.0, 14.0)",63980280000.00002,1,-25.317770901222985,1.0,1.0,1.0107221968460351e-11,1.5629815937035592e-11,1.5629815936791303e-11
3669,"(2.0, 6.0, 7.0, 8.0, 8.0, 11.0, 14.0, 14.0)",31990140000.00001,1,-25.10460101505136,1.0,1.0,1.2508646196001662e-11,3.1259631874071185e-11,3.125963187309402e-11
3670,"(2.0, 6.0, 7.0, 8.0, 9.0, 9.0, 11.0, 13.0)",73577322000.00003,1,-26.29624514082445,1.0,1.0,3.799144748071317e-12,1.3591144293074429e-11,1.3591144292889709e-11
3671,"(2.0, 6.0, 7.0, 8.0, 9.0, 9.0, 11.0, 14.0)",73577322000.00003,1,-26.20590237444819,1.0,1.0,4.1583515822644755e-12,1.3591144293074429e-11,1.3591144292889709e-11
3672,"(2.0, 6.0, 7.0, 8.0, 9.0, 11.0, 11.0, 11.0)",25693668000.00001,2,-25.930229253912135,2.0,2.0,5.478283719406555e-12,7.784019004215354e-11,7.784019003609445e-11
3673,"(2.0, 6.0, 7.0, 8.0, 9.0, 11.0, 11.0, 12.0)",73577322000.00003,1,-26.04829773089562,1.0,1.0,4.868195745765864e-12,1.3591144293074429e-11,1.3591144292889709e-11
3674,"(2.0, 6.0, 7.0, 8.0, 9.0, 11.0, 11.0, 13.0)",73577322000.00003,1,-25.92547061110026,1.0,1.0,5.504415040349341e-12,1.3591144293074429e-11,1.3591144292889709e-11
3675,"(2.0, 6.0, 7.0, 8.0, 9.0, 11.0, 11.0, 14.0)",73577322000.00003,2,-25.835127844724,2.0,2.0,6.024854147528096e-12,2.7182288586148857e-11,2.718228858540998e-11
3676,"(2.0, 6.0, 7.0, 8.0, 9.0, 11.0, 12.0, 13.0)",127960560000.00005,1,-26.043539088083744,1.0,1.0,4.891416957364356e-12,7.814907968517796e-12,7.814907968456724e-12
3677,"(2.0, 6.0, 7.0, 8.0, 9.0, 11.0, 13.0, 14.0)",127960560000.00005,1,-25.830369201912124,1.0,1.0,6.05359260019436e-12,7.814907968517796e-12,7.814907968456724e-12
3678,"(2.0, 6.0, 7.0, 8.0, 11.0, 11.0, 11.0, 13.0)",24525774000.00001,1,-25.554696081376072,1.0,1.0,7.975106753119995e-12,4.0773432879223284e-11,4.077343287756081e-11
3679,"(2.0, 6.0, 7.0, 8.0, 11.0, 11.0, 12.0, 13.0)",63980280000.00002,1,-25.672764558359557,1.0,1.0,7.086960580379195e-12,1.5629815937035592e-11,1.5629815936791303e-11
3680,"(2.0, 6.0, 7.0, 8.0, 11.0, 11.0, 13.0, 14.0)",63980280000.00002,1,-25.459594672187933,1.0,1.0,8.770786154850607e-12,1.5629815937035592e-11,1.5629815936791303e-11
3681,"(2.0, 6.0, 7.0, 8.0, 11.0, 12.0, 13.0, 14.0)",101302110000.00005,1,-25.57766314917141,1.0,1.0,7.794029304252882e-12,9.87146269707511e-12,9.871462696977665e-12
3682,"(2.0, 6.0, 7.0, 8.0, 12.0, 12.0, 12.0, 13.0)",12156253200.000006,1,-25.90890151232652,1.0,1.0,5.596378004652412e-12,8.226218914229259e-11,8.226218913552552e-11
3683,"(2.0, 6.0, 7.0, 8.0, 12.0, 13.0, 13.0, 14.0)",36468759600.000015,1,-25.57290450635954,1.0,1.0,7.831206692577126e-12,2.742072971409753e-11,2.7420729713345634e-11
3684,"(2.0, 6.0, 7.0, 9.0, 9.0, 11.0, 11.0, 13.0)",36788661000.000015,1,-26.56089603158476,1.0,1.0,2.915744191116742e-12,2.7182288586148857e-11,2.718228858540998e-11
3685,"(2.0, 6.0, 7.0, 9.0, 11.0, 11.0, 12.0, 12.0)",31990140000.00001,1,-26.43101709863941,1.0,1.0,3.3201302606329953e-12,3.1259631874071185e-11,3.125963187309402e-11
3686,"(2.0, 6.0, 8.0, 8.0, 8.0, 9.0, 11.0, 11.0)",8992783800.0,1,-25.544465660438085,3.0,9.0,8.057114222444517e-12,3.336008144663725e-10,1.0008024432878279e-09
3687,"(2.0, 6.0, 8.0, 8.0, 8.0, 9.0, 11.0, 13.0)",17985567600.0,1,-25.53970701762621,1.0,1.0,8.095546521391273e-12,5.5600135744395415e-11,5.560013574130404e-11
3688,"(2.0, 6.0, 8.0, 8.0, 8.0, 9.0, 12.0, 12.0)",8175258000.0,1,-25.780602614405048,1.0,1.0,6.362481673779535e-12,1.2232029863766992e-10,1.2232029862270767e-10
3689,"(2.0, 6.0, 8.0, 8.0, 8.0, 9.0, 13.0, 14.0)",16350516000.0,1,-25.44460560843807,1.0,1.0,8.903242244122876e-12,6.116014931883496e-11,6.11601493150944e-11
3690,"(2.0, 6.0, 8.0, 8.0, 9.0, 9.0, 11.0, 11.0)",13489175700.0,2,-26.179891080922584,2.0,2.0,4.267934706785083e-12,1.482670286517211e-10,1.48267028629738e-10
3691,"(2.0, 6.0, 8.0, 8.0, 9.0, 9.0, 12.0, 13.0)",24525774000.0,1,-26.29320091509419,1.0,1.0,3.810727824070046e-12,4.0773432879223303e-11,4.077343287756083e-11
3692,"(2.0, 6.0, 8.0, 8.0, 9.0, 12.0, 13.0, 14.0)",40520844000.0,1,-25.827324976181863,1.0,1.0,6.0720491812943534e-12,2.467865674268779e-11,2.467865674207875e-11
3693,"(2.0, 6.0, 8.0, 8.0, 11.0, 12.0, 13.0, 13.0)",20260422000.0,1,-25.546893212833936,1.0,1.0,8.037578876641431e-12,4.935731348537558e-11,4.9357313482939434e-11
3694,"(2.0, 6.0, 8.0, 8.0, 11.0, 13.0, 14.0, 14.0)",20260422000.0,1,-25.24338056028605,1.0,1.0,1.0887774515048697e-11,4.935731348537558e-11,4.9357313482939434e-11
3695,"(2.0, 6.0, 8.0, 9.0, 9.0, 11.0, 11.0, 11.0)",8992783800.0,1,-26.44454197168289,1.0,1.0,3.275528218737031e-12,1.1120027148879083e-10,1.1120027147642533e-10
3696,"(2.0, 6.0, 8.0, 9.0, 9.0, 11.0, 11.0, 13.0)",26978351400.0,1,-26.439783328871016,1.0,1.0,3.2911524330941218e-12,3.706675716293027e-11,3.7066757161556325e-11
3697,"(2.0, 6.0, 8.0, 9.0, 11.0, 11.0, 11.0, 14.0)",17985567600.0,1,-25.978666032770565,2.0,4.0,5.219257149057191e-12,1.1120027148879083e-10,2.2240054296521616e-10
3698,"(2.0, 6.0, 9.0, 9.0, 12.0, 13.0, 13.0, 14.0)",15195316500.0,1,-26.722642644614798,1.0,1.0,2.480297397449689e-12,6.58097513138341e-11,6.580975130950318e-11
3699,"(2.0, 6.0, 9.0, 11.0, 11.0, 12.0, 12.0, 13.0)",20260422000.0,1,-26.5697966438741,1.0,1.0,2.889907434580459e-12,4.935731348537558e-11,4.9357313482939434e-11
3700,"(2.0, 6.0, 9.0, 11.0, 12.0, 13.0, 14.0, 14.0)",30390633000.0,1,-26.26152534851434,1.0,1.0,3.933366863611665e-12,3.290487565691705e-11,3.2904875655834324e-11
3701,"(2.0, 7.0, 7.0, 7.0, 7.0, 7.0, 8.0, 8.0)",1159642575.0,1,-24.64493583621066,1.0,1.0,1.9807987782740404e-11,8.62334672388171e-10,8.623346716445499e-10
3702,"(2.0, 7.0, 7.0, 7.0, 7.0, 8.0, 9.0, 12.0)",9019442250.000004,1,-25.54196792172521,1.0,1.0,8.077263942444158e-12,1.1087160073562194e-10,1.1087160072332942e-10
3703,"(2.0, 7.0, 7.0, 7.0, 7.0, 8.0, 9.0, 13.0)",9019442250.000004,1,-25.41914080192985,1.0,1.0,9.132872926962901e-12,1.1087160073562194e-10,1.1087160072332942e-10
3704,"(2.0, 7.0, 7.0, 7.0, 7.0, 9.0, 9.0, 11.0)",5153967000.000001,1,-26.059324865226223,1.0,1.0,4.814808393064998e-12,1.9402530128733842e-10,1.940253012496926e-10
3705,"(2.0, 7.0, 7.0, 7.0, 8.0, 8.0, 8.0, 8.0)",1411205250.0000005,1,-24.402710430783173,1.0,1.0,2.5236987721967498e-11,7.086141438320185e-10,7.086141433298846e-10
3706,"(2.0, 7.0, 7.0, 7.0, 8.0, 8.0, 8.0, 11.0)",5644821000.000002,1,-24.66736132154348,2.0,4.0,1.9368727761417268e-11,3.543070719160093e-10,7.08614143706485e-10
3707,"(2.0, 7.0, 7.0, 7.0, 8.0, 8.0, 8.0, 12.0)",5153967000.000001,1,-24.78542979852696,1.0,1.0,1.7211733257810096e-11,1.9402530128733842e-10,1.940253012496926e-10
3708,"(2.0, 7.0, 7.0, 7.0, 8.0, 8.0, 11.0, 12.0)",15461901000.000002,1,-25.05008068928727,1.0,1.0,1.320955493759159e-11,6.467510042911282e-11,6.467510042492995e-11
3709,"(2.0, 7.0, 7.0, 7.0, 8.0, 8.0, 11.0, 14.0)",15461901000.000002,1,-24.83691080311565,1.0,1.0,1.6348077605952662e-11,6.467510042911282e-11,6.467510042492995e-11
3710,"(2.0, 7.0, 7.0, 7.0, 8.0, 9.0, 9.0, 11.0)",16934463000.000006,1,-25.93821216251248,1.0,1.0,5.434725174449759e-12,5.905117865266821e-11,5.905117864918117e-11
3711,"(2.0, 7.0, 7.0, 7.0, 8.0, 11.0, 11.0, 14.0)",15461901000.000002,2,-25.10156169387596,3.0,5.0,1.2546721821978698e-11,1.9402530128733845e-10,3.2337550210791825e-10
3712,"(2.0, 7.0, 7.0, 7.0, 8.0, 12.0, 14.0, 14.0)",9792537300.000006,1,-25.124528761671304,1.0,1.0,1.2261844333877269e-11,1.0211857962491493e-10,1.0211857961448672e-10
3713,"(2.0, 7.0, 7.0, 7.0, 9.0, 9.0, 12.0, 13.0)",12884917500.000006,1,-26.316172887444395,1.0,1.0,3.724185717044924e-12,7.761012051493536e-11,7.761012050891202e-11
3714,"(2.0, 7.0, 7.0, 7.0, 9.0, 9.0, 13.0, 14.0)",12884917500.000006,1,-26.10300300127277,1.0,1.0,4.6090331891478185e-12,7.761012051493536e-11,7.761012050891202e-11
3715,"(2.0, 7.0, 7.0, 7.0, 11.0, 12.0, 13.0, 14.0)",19585074600.00001,1,-25.479522418807875,1.0,1.0,8.59773414575278e-12,5.105928981245746e-11,5.105928980985041e-11
3716,"(2.0, 7.0, 7.0, 8.0, 8.0, 8.0, 8.0, 13.0)",3065721750.0000014,1,-24.541489976017864,2.0,4.0,2.1966776216251462e-11,6.523749260675725e-10,1.304749851709552e-09
3717,"(2.0, 7.0, 7.0, 8.0, 8.0, 8.0, 11.0, 14.0)",12262887000.000006,1,-24.71579810040191,1.0,1.0,1.8452927233179282e-11,8.154686575844657e-11,8.154686575179668e-11
3718,"(2.0, 7.0, 7.0, 8.0, 8.0, 9.0, 9.0, 14.0)",18394330500.000008,1,-25.7219980506106,1.0,1.0,6.746494693402468e-12,5.4364577172297714e-11,5.4364577169342204e-11
3719,"(2.0, 7.0, 7.0, 8.0, 8.0, 9.0, 11.0, 14.0)",36788661000.000015,1,-25.351223520886407,1.0,1.0,9.774701761193488e-12,2.7182288586148857e-11,2.718228858540998e-11
3720,"(2.0, 7.0, 7.0, 8.0, 8.0, 11.0, 11.0, 13.0)",18394330500.000008,1,-25.07079175753848,2.0,4.0,1.2938784594048892e-11,1.0872915434459543e-10,2.1745830867736882e-10
3721,"(2.0, 7.0, 7.0, 8.0, 8.0, 11.0, 12.0, 12.0)",15995070000.000006,1,-25.31168735431732,1.0,1.0,1.016889713907407e-11,6.251926374814237e-11,6.251926374423371e-11
3722,"(2.0, 7.0, 7.0, 8.0, 8.0, 11.0, 12.0, 13.0)",31990140000.00001,1,-25.18886023452196,1.0,1.0,1.1497859428674e-11,3.1259631874071185e-11,3.125963187309402e-11
3723,"(2.0, 7.0, 7.0, 8.0, 8.0, 11.0, 12.0, 14.0)",31990140000.00001,1,-25.0985174681457,1.0,1.0,1.2584975071600912e-11,3.1259631874071185e-11,3.125963187309402e-11
3724,"(2.0, 7.0, 7.0, 8.0, 8.0, 11.0, 13.0, 14.0)",31990140000.00001,1,-24.97569034835034,1.0,1.0,1.4229692001763084e-11,3.1259631874071185e-11,3.125963187309402e-11
3725,"(2.0, 7.0, 7.0, 8.0, 9.0, 11.0, 12.0, 13.0)",63980280000.00002,1,-25.824285655006463,1.0,1.0,6.090532162579334e-12,1.5629815937035592e-11,1.5629815936791303e-11
3726,"(2.0, 7.0, 7.0, 8.0, 11.0, 13.0, 13.0, 14.0)",25325527500.000008,1,-25.235582596298777,1.0,1.0,1.0973008883976032e-11,3.948585078830045e-11,3.9485850786741316e-11
3727,"(2.0, 7.0, 7.0, 8.0, 11.0, 13.0, 14.0, 14.0)",25325527500.000008,1,-25.145239829922517,1.0,1.0,1.2010500225885924e-11,3.948585078830045e-11,3.9485850786741316e-11
3728,"(2.0, 7.0, 7.0, 9.0, 9.0, 9.0, 11.0, 13.0)",12262887000.000006,1,-26.712417128231667,1.0,1.0,2.505789833658169e-12,8.154686575844657e-11,8.154686575179668e-11
3729,"(2.0, 7.0, 7.0, 9.0, 9.0, 11.0, 13.0, 13.0)",15995070000.000006,1,-26.336883955695605,1.0,1.0,3.647847108304111e-12,6.251926374814237e-11,6.251926374423371e-11
3730,"(2.0, 7.0, 7.0, 9.0, 11.0, 11.0, 14.0, 14.0)",15995070000.000006,1,-25.785423893218887,1.0,1.0,6.331880204067981e-12,6.251926374814237e-11,6.251926374423371e-11
3731,"(2.0, 7.0, 7.0, 9.0, 11.0, 13.0, 13.0, 14.0)",25325527500.000008,1,-25.871008016783275,1.0,1.0,5.812513532863083e-12,3.948585078830045e-11,3.9485850786741316e-11
3732,"(2.0, 7.0, 7.0, 9.0, 12.0, 12.0, 13.0, 13.0)",9117189900.000004,1,-26.202246379938376,1.0,1.0,4.173582317596613e-12,1.0968291885639012e-10,1.0968291884435978e-10
3733,"(2.0, 7.0, 7.0, 13.0, 13.0, 13.0, 14.0, 14.0)",1987079850.0,1,-25.40037343505907,1.0,1.0,9.305891375855945e-12,5.032510394587313e-10,5.032510392054697e-10
3734,"(2.0, 7.0, 8.0, 8.0, 8.0, 8.0, 8.0, 8.0)",149879730.0,1,-24.160485025355683,1.0,1.0,3.215397526818475e-11,6.67201628932745e-09,6.672016244811648e-09
3735,"(2.0, 7.0, 8.0, 8.0, 8.0, 8.0, 9.0, 11.0)",4496391900.0,1,-25.060561336600493,1.0,1.0,1.3071833218166423e-11,2.2240054297758166e-10,2.2240054292811965e-10
3736,"(2.0, 7.0, 8.0, 8.0, 9.0, 9.0, 9.0, 13.0)",8992783800.0,1,-26.326653534757614,1.0,1.0,3.685357666983199e-12,1.1120027148879083e-10,1.1120027147642533e-10
3737,"(2.0, 7.0, 8.0, 8.0, 9.0, 9.0, 11.0, 13.0)",26978351400.0,2,-25.955879005033424,2.0,2.0,5.339553903943087e-12,7.413351432586054e-11,7.413351432036477e-11
3738,"(2.0, 7.0, 8.0, 8.0, 9.0, 11.0, 13.0, 14.0)",49051548000.0,1,-25.490003066121098,1.0,1.0,8.508094885739268e-12,2.0386716439611652e-11,2.0386716439196032e-11
3739,"(2.0, 7.0, 8.0, 8.0, 11.0, 11.0, 11.0, 13.0)",8992783800.0,1,-25.21432994558505,1.0,1.0,1.1208710176047553e-11,1.1120027148879083e-10,1.1120027147642533e-10
3740,"(2.0, 7.0, 8.0, 9.0, 9.0, 11.0, 13.0, 14.0)",49051548000.0,1,-26.1254284866056,1.0,1.0,4.506823714911933e-12,2.0386716439611652e-11,2.0386716439196032e-11
3741,"(2.0, 7.0, 8.0, 9.0, 9.0, 12.0, 14.0, 14.0)",20260422000.0,1,-26.15315419721281,1.0,1.0,4.383585157631752e-12,4.935731348537558e-11,4.9357313482939434e-11
3742,"(2.0, 7.0, 8.0, 9.0, 11.0, 11.0, 12.0, 12.0)",24525774000.0,1,-26.090650962848382,1.0,1.0,4.666317203039534e-12,4.0773432879223303e-11,4.077343287756083e-11
3743,"(2.0, 7.0, 8.0, 9.0, 11.0, 11.0, 12.0, 14.0)",49051548000.0,2,-25.87748107667677,2.0,2.0,5.775010295932825e-12,4.0773432879223303e-11,4.077343287756083e-11
3744,"(2.0, 7.0, 8.0, 9.0, 12.0, 13.0, 14.0, 14.0)",30390633000.0,1,-25.77762102467675,1.0,1.0,6.38148029275353e-12,3.290487565691705e-11,3.2904875655834324e-11
3745,"(2.0, 7.0, 8.0, 11.0, 11.0, 11.0, 11.0, 12.0)",4496391900.0,1,-25.60180795614071,1.0,1.0,7.608097645843064e-12,2.2240054297758166e-10,2.2240054292811965e-10
3746,"(2.0, 7.0, 8.0, 11.0, 11.0, 11.0, 12.0, 13.0)",16350516000.0,1,-25.59704931332884,1.0,1.0,7.644388143292685e-12,6.116014931883496e-11,6.11601493150944e-11
3747,"(2.0, 7.0, 8.0, 11.0, 12.0, 12.0, 13.0, 13.0)",15195316500.0,1,-25.710359147500444,1.0,1.0,6.825475223256152e-12,6.58097513138341e-11,6.580975130950318e-11
3748,"(2.0, 7.0, 9.0, 11.0, 13.0, 13.0, 14.0, 14.0)",15195316500.0,1,-25.919444795641702,1.0,1.0,5.537683764519179e-12,6.58097513138341e-11,6.580975130950318e-11
3749,"(2.0, 8.0, 9.0, 9.0, 11.0, 13.0, 13.0, 14.0)",15031926000.000002,1,-26.264208031840287,1.0,1.0,3.9228290270708935e-12,6.652507469768011e-11,6.652507469325453e-11
3750,"(2.0, 8.0, 9.0, 11.0, 11.0, 11.0, 12.0, 14.0)",11603592000.000002,1,-26.02101926472333,2.0,4.0,5.002820489072418e-12,1.7236042080762575e-10,3.4472084158554336e-10
3751,"(2.0, 8.0, 9.0, 11.0, 13.0, 13.0, 14.0, 14.0)",11764116000.000002,1,-25.79833209292796,1.0,1.0,6.250672281481132e-12,8.500426211370237e-11,8.500426210647665e-11
3752,"(3.0, 3.0, 3.0, 3.0, 3.0, 4.0, 6.0, 6.0)",274406265.00000006,1,-25.33402825137258,1.0,1.0,9.94423378964435e-12,3.644231665045985e-09,3.6442316517655604e-09
3753,"(3.0, 3.0, 3.0, 3.0, 3.0, 4.0, 6.0, 12.0)",397415970.00000006,1,-25.376381483325343,1.0,1.0,9.531857720393357e-12,2.5162551972936564e-09,2.516255190962116e-09
3754,"(3.0, 3.0, 3.0, 3.0, 3.0, 6.0, 6.0, 12.0)",198707985.00000003,1,-25.35970125422328,1.0,1.0,9.692184719174855e-12,5.032510394587313e-09,5.032510369261152e-09
3755,"(3.0, 3.0, 3.0, 3.0, 4.0, 6.0, 8.0, 11.0)",3617932500.0000014,1,-25.139874455211103,1.0,1.0,1.2075114244274555e-11,2.7640095551810314e-10,2.7640095544170567e-10
3756,"(3.0, 3.0, 3.0, 3.0, 4.0, 6.0, 11.0, 11.0)",1808966250.0000007,1,-25.40452534597141,1.0,1.0,9.267334242183964e-12,5.528019110362063e-10,5.528019107306163e-10
3757,"(3.0, 3.0, 3.0, 3.0, 4.0, 6.0, 12.0, 14.0)",2337741000.0000005,1,-25.42749241376676,1.0,1.0,9.056916338785018e-12,4.277633835399216e-10,4.277633833569401e-10
3758,"(3.0, 3.0, 3.0, 3.0, 4.0, 7.0, 8.0, 9.0)",3617932500.0000014,1,-25.29139555185801,1.0,1.0,1.037735018241614e-11,2.7640095551810314e-10,2.7640095544170567e-10
3759,"(3.0, 3.0, 3.0, 3.0, 6.0, 6.0, 8.0, 9.0)",1808966250.0000007,1,-25.49396875583323,1.0,1.0,8.474421235137189e-12,5.528019110362063e-10,5.528019107306163e-10
3760,"(3.0, 3.0, 3.0, 3.0, 6.0, 11.0, 13.0, 13.0)",1013021100.0,1,-25.30261258621488,1.0,1.0,1.0261597503457316e-11,9.871462697075116e-10,9.871462687330538e-10
3761,"(3.0, 3.0, 3.0, 3.0, 7.0, 7.0, 8.0, 12.0)",1519531650.000001,1,-24.802755836937955,1.0,1.0,1.691609065952096e-11,6.580975131383406e-10,6.580975127052483e-10
3762,"(3.0, 3.0, 3.0, 3.0, 7.0, 7.0, 13.0, 14.0)",1168870500.0000002,1,-24.84947819871477,1.0,1.0,1.6143910459207472e-11,8.555267670798432e-10,8.555267663479172e-10
3763,"(3.0, 3.0, 3.0, 3.0, 8.0, 9.0, 11.0, 12.0)",1960686000.0,1,-25.46060674275528,1.0,1.0,8.761913990716171e-12,5.100255726822143e-10,5.100255724220882e-10
3764,"(3.0, 3.0, 3.0, 4.0, 4.0, 6.0, 7.0, 8.0)",13056716400.000006,1,-25.234944080926866,1.0,1.0,1.0980017556158907e-11,7.65889347186862e-11,7.658893471282034e-11
3765,"(3.0, 3.0, 3.0, 4.0, 4.0, 6.0, 7.0, 11.0)",13056716400.000006,1,-25.499594971687173,3.0,9.0,8.426876186800479e-12,2.2976680415605862e-10,6.893004124153832e-10
3766,"(3.0, 3.0, 3.0, 4.0, 4.0, 6.0, 9.0, 12.0)",9792537300.000006,1,-26.13197616644141,1.0,1.0,4.477410874164855e-12,1.0211857962491493e-10,1.0211857961448672e-10
3767,"(3.0, 3.0, 3.0, 4.0, 4.0, 7.0, 11.0, 14.0)",9792537300.000006,1,-25.32877831746832,1.0,1.0,9.99657764042273e-12,1.0211857962491493e-10,1.0211857961448672e-10
3768,"(3.0, 3.0, 3.0, 4.0, 6.0, 6.0, 6.0, 11.0)",4352238800.000002,1,-25.702168175662397,2.0,4.0,6.881612092487631e-12,4.5953360831211725e-10,9.190672164130633e-10
3769,"(3.0, 3.0, 3.0, 4.0, 6.0, 6.0, 7.0, 11.0)",13056716400.000006,1,-25.482914742585116,1.0,1.0,8.568617262649925e-12,7.65889347186862e-11,7.658893471282034e-11
3770,"(3.0, 3.0, 3.0, 4.0, 6.0, 6.0, 11.0, 13.0)",9792537300.000006,1,-25.6216942878198,1.0,1.0,7.458294942526018e-12,1.0211857962491493e-10,1.0211857961448672e-10
3771,"(3.0, 3.0, 3.0, 4.0, 6.0, 7.0, 7.0, 8.0)",13056716400.000006,1,-24.99901041874752,1.0,1.0,1.3901693916122617e-11,7.65889347186862e-11,7.658893471282034e-11
3772,"(3.0, 3.0, 3.0, 4.0, 6.0, 7.0, 11.0, 13.0)",19585074600.00001,1,-25.40244085474252,1.0,1.0,9.286672066887929e-12,5.105928981245746e-11,5.105928980985041e-11
3773,"(3.0, 3.0, 3.0, 4.0, 6.0, 8.0, 9.0, 11.0)",19295640000.000008,1,-25.656861324564844,1.0,1.0,7.200567132795115e-12,5.182517915964433e-11,5.1825179156958483e-11
3774,"(3.0, 3.0, 3.0, 4.0, 6.0, 8.0, 9.0, 14.0)",16883685000.000008,1,-25.561759915376705,1.0,1.0,7.918970425152563e-12,5.922877618245066e-11,5.922877617894261e-11
3775,"(3.0, 3.0, 3.0, 4.0, 6.0, 8.0, 14.0, 14.0)",6753474000.000003,1,-25.09588397646437,1.0,1.0,1.2618161177248723e-11,1.4807194045612667e-10,1.4807194043420137e-10
3776,"(3.0, 3.0, 3.0, 4.0, 7.0, 7.0, 7.0, 8.0)",4352238800.000002,1,-24.77975698567024,1.0,1.0,1.730964966767019e-11,2.2976680415605862e-10,2.2976680410326584e-10
3777,"(3.0, 3.0, 3.0, 4.0, 7.0, 7.0, 8.0, 9.0)",11657782500.000006,1,-25.294069703441,1.0,1.0,1.0349636646611563e-11,8.577960688492854e-11,8.577960687757039e-11
3778,"(3.0, 3.0, 3.0, 4.0, 7.0, 7.0, 8.0, 11.0)",11657782500.000006,2,-24.9232951737168,3.0,5.0,1.4995136905136576e-11,2.5733882065478566e-10,4.2889803435841946e-10
3779,"(3.0, 3.0, 3.0, 4.0, 7.0, 7.0, 9.0, 11.0)",11657782500.000006,1,-25.558720594201304,1.0,1.0,7.943075332374874e-12,8.577960688492854e-11,8.577960687757039e-11
3780,"(3.0, 3.0, 3.0, 4.0, 7.0, 7.0, 11.0, 13.0)",9792537300.000006,1,-25.18318742166524,1.0,1.0,1.156326998898587e-11,1.0211857962491493e-10,1.0211857961448672e-10
3781,"(3.0, 3.0, 3.0, 4.0, 7.0, 7.0, 13.0, 14.0)",7532721000.000003,1,-25.0880860124771,1.0,1.0,1.2716941786957316e-11,1.3275415351238942e-10,1.3275415349476575e-10
3782,"(3.0, 3.0, 3.0, 4.0, 7.0, 8.0, 8.0, 11.0)",9647820000.000004,1,-24.80218247100306,1.0,1.0,1.6925792550757887e-11,1.0365035831928866e-10,1.0365035830854527e-10
3783,"(3.0, 3.0, 3.0, 4.0, 7.0, 9.0, 9.0, 11.0)",9647820000.000004,1,-26.073033311972058,1.0,1.0,4.749255191471981e-12,1.0365035831928866e-10,1.0365035830854527e-10
3784,"(3.0, 3.0, 3.0, 4.0, 7.0, 9.0, 9.0, 14.0)",8441842500.000004,1,-25.97793190278392,1.0,1.0,5.223090169033637e-12,1.1845755236490132e-10,1.1845755235086914e-10
3785,"(3.0, 3.0, 3.0, 4.0, 8.0, 8.0, 8.0, 14.0)",2251158000.0,1,-24.58596835910118,1.0,1.0,2.1011139654707624e-11,4.442158213683802e-10,4.442158211710525e-10
3786,"(3.0, 3.0, 3.0, 4.0, 8.0, 9.0, 12.0, 13.0)",11255790000.0,1,-25.69445591370573,1.0,1.0,6.9348900704137934e-12,8.884316427367603e-11,8.884316426578292e-11
3787,"(3.0, 3.0, 3.0, 4.0, 8.0, 11.0, 13.0, 14.0)",11255790000.0,1,-25.110511497809924,1.0,1.0,1.2434932115819889e-11,8.884316427367603e-11,8.884316426578292e-11
3788,"(3.0, 3.0, 3.0, 4.0, 8.0, 11.0, 14.0, 14.0)",5627895000.0,1,-25.02016873143366,1.0,1.0,1.3610647413584803e-11,1.7768632854735206e-10,1.7768632851577964e-10
3789,"(3.0, 3.0, 3.0, 4.0, 11.0, 11.0, 12.0, 14.0)",5627895000.0,1,-25.49798950836559,1.0,1.0,8.440416093437396e-12,1.7768632854735206e-10,1.7768632851577964e-10
3790,"(3.0, 3.0, 3.0, 6.0, 6.0, 6.0, 8.0, 9.0)",3885927500.000002,2,-25.715896340493494,3.0,5.0,6.78778569307521e-12,7.720164619643569e-10,1.2866941026779187e-09
3791,"(3.0, 3.0, 3.0, 6.0, 6.0, 7.0, 7.0, 7.0)",2259816299.9999995,1,-25.1034428923592,1.0,1.0,1.2523141134848151e-11,4.4251384504129836e-10,4.4251384484547984e-10
3792,"(3.0, 3.0, 3.0, 6.0, 6.0, 7.0, 7.0, 13.0)",5272904700.000001,1,-25.24222243759389,1.0,1.0,1.0900391198205022e-11,1.8964879073198494e-10,1.8964879069601828e-10
3793,"(3.0, 3.0, 3.0, 6.0, 6.0, 7.0, 8.0, 8.0)",5828891250.000003,2,-24.861217486931714,2.0,2.0,1.5955500504499222e-11,3.4311842753971416e-10,3.431184274219839e-10
3794,"(3.0, 3.0, 3.0, 6.0, 6.0, 7.0, 8.0, 11.0)",11657782500.000006,1,-25.125868377692026,1.0,1.0,1.2245429168228296e-11,8.577960688492854e-11,8.577960687757039e-11
3795,"(3.0, 3.0, 3.0, 6.0, 6.0, 7.0, 8.0, 12.0)",9792537300.000006,1,-25.243936854675503,1.0,1.0,1.0881719391544099e-11,1.0211857962491493e-10,1.0211857961448672e-10
3796,"(3.0, 3.0, 3.0, 6.0, 6.0, 7.0, 8.0, 13.0)",9792537300.000006,1,-25.12110973488015,1.0,1.0,1.2303839658824754e-11,1.0211857962491493e-10,1.0211857961448672e-10
3797,"(3.0, 3.0, 3.0, 6.0, 6.0, 7.0, 9.0, 13.0)",9792537300.000006,1,-25.756535155364645,1.0,1.0,6.5174680235183565e-12,1.0211857962491493e-10,1.0211857961448672e-10
3798,"(3.0, 3.0, 3.0, 6.0, 6.0, 7.0, 9.0, 14.0)",9792537300.000006,1,-25.666192388988385,1.0,1.0,7.133690676490889e-12,1.0211857962491493e-10,1.0211857961448672e-10
3799,"(3.0, 3.0, 3.0, 6.0, 6.0, 8.0, 9.0, 11.0)",9647820000.000004,2,-25.64018109546278,2.0,2.0,7.321681542156869e-12,2.0730071663857733e-10,2.0730071659560375e-10
3800,"(3.0, 3.0, 3.0, 6.0, 7.0, 7.0, 8.0, 8.0)",5828891250.000003,2,-24.641964053854437,2.0,2.0,1.9866940365080867e-11,3.4311842753971416e-10,3.431184274219839e-10
3801,"(3.0, 3.0, 3.0, 6.0, 7.0, 7.0, 8.0, 11.0)",11657782500.000006,1,-24.90661494461474,1.0,1.0,1.524735692004233e-11,8.577960688492854e-11,8.577960687757039e-11
3802,"(3.0, 3.0, 3.0, 6.0, 7.0, 7.0, 8.0, 13.0)",9792537300.000006,1,-24.901856301802862,1.0,1.0,1.5320086555383358e-11,1.0211857962491493e-10,1.0211857961448672e-10
3803,"(3.0, 3.0, 3.0, 6.0, 7.0, 8.0, 8.0, 9.0)",9647820000.000004,1,-25.156276771625187,1.0,1.0,1.1878669875250263e-11,1.0365035831928866e-10,1.0365035830854527e-10
3804,"(3.0, 3.0, 3.0, 6.0, 7.0, 8.0, 9.0, 13.0)",16883685000.000008,1,-25.416169019573623,1.0,1.0,9.160054206007387e-12,5.922877618245066e-11,5.922877617894261e-11
3805,"(3.0, 3.0, 3.0, 6.0, 7.0, 8.0, 11.0, 12.0)",16883685000.000008,1,-25.16822160964479,1.0,1.0,1.1737625142950446e-11,5.922877618245066e-11,5.922877617894261e-11
3806,"(3.0, 3.0, 3.0, 6.0, 7.0, 8.0, 11.0, 13.0)",16883685000.000008,1,-25.045394489849432,1.0,1.0,1.3271602817333826e-11,5.922877618245066e-11,5.922877617894261e-11
3807,"(3.0, 3.0, 3.0, 6.0, 7.0, 9.0, 13.0, 14.0)",13506948000.000006,1,-25.58571850114579,1.0,1.0,7.731497849479001e-12,7.403597022806333e-11,7.403597022258201e-11
3808,"(3.0, 3.0, 3.0, 6.0, 8.0, 8.0, 8.0, 13.0)",2251158000.0,1,-24.65963089637538,1.0,1.0,1.951903648863205e-11,4.442158213683802e-10,4.442158211710525e-10
3809,"(3.0, 3.0, 3.0, 7.0, 7.0, 7.0, 11.0, 11.0)",1942963750.000001,1,-24.95201240229777,1.0,1.0,1.4570642455346746e-11,5.146776413095713e-10,5.146776410446782e-10
3810,"(3.0, 3.0, 3.0, 7.0, 7.0, 8.0, 9.0, 11.0)",9647820000.000004,1,-25.20167422930821,4.0,16.0,1.13514658642155e-11,4.1460143327715466e-10,1.6584057329367243e-09
3811,"(3.0, 3.0, 3.0, 7.0, 7.0, 8.0, 11.0, 13.0)",8441842500.000004,1,-24.82614105677215,1.0,1.0,1.6525093753509094e-11,1.1845755236490132e-10,1.1845755235086914e-10
3812,"(3.0, 3.0, 3.0, 7.0, 7.0, 8.0, 11.0, 14.0)",8441842500.000004,1,-24.735798290395884,1.0,1.0,1.8087531356066107e-11,1.1845755236490132e-10,1.1845755235086914e-10
3813,"(3.0, 3.0, 3.0, 7.0, 7.0, 8.0, 12.0, 13.0)",6753474000.000003,1,-24.944209533755632,1.0,1.0,1.4684779983963648e-11,1.4807194045612667e-10,1.4807194043420137e-10
3814,"(3.0, 3.0, 3.0, 7.0, 7.0, 9.0, 11.0, 14.0)",8441842500.000004,1,-25.371223710880383,1.0,1.0,9.58114787793051e-12,1.1845755236490132e-10,1.1845755235086914e-10
3815,"(3.0, 3.0, 3.0, 7.0, 8.0, 8.0, 8.0, 8.0)",616388500.0,1,-24.180485215349663,2.0,4.0,3.1517277911319295e-11,3.2447068691255596e-09,6.489413727722997e-09
3816,"(3.0, 3.0, 3.0, 7.0, 8.0, 8.0, 8.0, 11.0)",2465554000.0,1,-24.44513610610997,1.0,1.0,2.4188686160587558e-11,4.0558835864069495e-10,4.0558835847619303e-10
3817,"(3.0, 3.0, 3.0, 7.0, 8.0, 8.0, 11.0, 11.0)",3698331000.0,1,-24.70978699687028,1.0,1.0,1.856418374142852e-11,2.7039223909379664e-10,2.703922390206847e-10
3818,"(3.0, 3.0, 3.0, 7.0, 8.0, 8.0, 13.0, 14.0)",5627895000.0,1,-24.609926944870267,1.0,1.0,2.0513724933168356e-11,1.7768632854735206e-10,1.7768632851577964e-10
3819,"(3.0, 3.0, 3.0, 7.0, 8.0, 9.0, 9.0, 11.0)",7396662000.0,1,-25.71598694707897,1.0,1.0,6.787170702852114e-12,1.3519611954689832e-10,1.3519611952862031e-10
3820,"(3.0, 3.0, 3.0, 7.0, 8.0, 9.0, 11.0, 11.0)",7396662000.0,1,-25.34521241735478,1.0,1.0,9.833635456286193e-12,1.3519611954689832e-10,1.3519611952862031e-10
3821,"(3.0, 3.0, 3.0, 7.0, 8.0, 11.0, 12.0, 14.0)",11255790000.0,1,-24.99740495542593,1.0,1.0,1.3924030501299285e-11,8.884316427367603e-11,8.884316426578292e-11
3822,"(3.0, 3.0, 3.0, 7.0, 9.0, 9.0, 11.0, 13.0)",6753474000.0,1,-25.975879195027403,1.0,1.0,5.233822658300032e-12,1.4807194045612672e-10,1.4807194043420142e-10
3823,"(3.0, 3.0, 3.0, 8.0, 8.0, 8.0, 9.0, 11.0)",1749748000.0000005,1,-24.959448823880727,1.0,1.0,1.4462690899433965e-11,5.715108689937063e-10,5.715108686670816e-10
3824,"(3.0, 3.0, 3.0, 8.0, 8.0, 9.0, 11.0, 14.0)",5010642000.000001,1,-25.1289983054529,1.0,1.0,1.2207161777854947e-11,1.9957522409304033e-10,1.9957522405321005e-10
3825,"(3.0, 3.0, 4.0, 4.0, 4.0, 4.0, 7.0, 8.0)",4638570300.0,1,-25.49023212379126,3.0,9.0,8.506146264529067e-12,6.467510042911282e-10,1.940253012455098e-09
3826,"(3.0, 3.0, 4.0, 4.0, 4.0, 4.0, 7.0, 9.0)",4638570300.0,1,-26.12565754427576,3.0,9.0,4.5057915105936395e-12,6.467510042911282e-10,1.940253012455098e-09
3827,"(3.0, 3.0, 4.0, 4.0, 4.0, 6.0, 6.0, 14.0)",7493075099.999999,1,-25.862354809338647,1.0,1.0,5.863028661977723e-12,1.334565564410265e-10,1.3345655642321584e-10
3828,"(3.0, 3.0, 4.0, 4.0, 4.0, 6.0, 7.0, 11.0)",18554281200.0,1,-25.738202785449506,1.0,1.0,6.638050563041775e-12,5.389591702426069e-11,5.389591702135592e-11
3829,"(3.0, 3.0, 4.0, 4.0, 4.0, 7.0, 7.0, 8.0)",9277140600.0,1,-25.254298461611917,1.0,1.0,1.076954942653291e-11,1.0779183404852138e-10,1.077918340369023e-10
3830,"(3.0, 3.0, 4.0, 4.0, 4.0, 8.0, 8.0, 12.0)",6442458750.000004,1,-25.394792423928216,2.0,4.0,9.35797285768729e-12,3.104404820597414e-10,6.208809640231095e-10
3831,"(3.0, 3.0, 4.0, 4.0, 4.0, 8.0, 11.0, 12.0)",12884917500.000008,1,-25.659443314688524,1.0,1.0,7.1819993208423426e-12,7.761012051493535e-11,7.761012050891201e-11
3832,"(3.0, 3.0, 4.0, 4.0, 4.0, 8.0, 11.0, 14.0)",12884917500.000008,1,-25.446273428516903,1.0,1.0,8.888405613795557e-12,7.761012051493535e-11,7.761012050891201e-11
3833,"(3.0, 3.0, 4.0, 4.0, 4.0, 8.0, 14.0, 14.0)",5153967000.000003,1,-25.351172019328768,1.0,1.0,9.775205186523128e-12,1.9402530128733837e-10,1.9402530124969255e-10
3834,"(3.0, 3.0, 4.0, 4.0, 4.0, 11.0, 11.0, 13.0)",6442458750.000004,1,-25.80126708565348,1.0,1.0,6.2323534997011315e-12,1.552202410298707e-10,1.5522024100577738e-10
3835,"(3.0, 3.0, 4.0, 4.0, 6.0, 6.0, 6.0, 11.0)",9277140600.0,1,-25.94077598942472,1.0,1.0,5.4208093263225085e-12,1.0779183404852138e-10,1.077918340369023e-10
3836,"(3.0, 3.0, 4.0, 4.0, 6.0, 6.0, 7.0, 9.0)",27831421800.0,1,-26.092297086071632,1.0,1.0,4.658642188667357e-12,3.593061134950712e-11,3.593061134821611e-11
3837,"(3.0, 3.0, 4.0, 4.0, 6.0, 6.0, 7.0, 11.0)",27831421800.0,1,-25.72152255634744,1.0,1.0,6.749703375720182e-12,3.593061134950712e-11,3.593061134821611e-11
3838,"(3.0, 3.0, 4.0, 4.0, 6.0, 6.0, 8.0, 9.0)",25769835000.000008,1,-25.971184383357887,1.0,1.0,5.258452240378181e-12,3.8805060257467686e-11,3.8805060255961855e-11
3839,"(3.0, 3.0, 4.0, 4.0, 6.0, 6.0, 11.0, 13.0)",21646661400.00001,1,-25.86030210158213,2.0,4.0,5.875076107100615e-12,9.239300061301827e-11,1.8478600121750006e-10
3840,"(3.0, 3.0, 4.0, 4.0, 6.0, 7.0, 7.0, 7.0)",9277140600.000002,1,-25.35873093522359,2.0,4.0,9.701593794320308e-12,2.155836680970427e-10,4.3116733614760907e-10
3841,"(3.0, 3.0, 4.0, 4.0, 6.0, 7.0, 7.0, 8.0)",27831421800.0,3,-25.23761823250985,4.0,6.0,1.0950694549386688e-11,1.4372244539802848e-10,2.155836680763866e-10
3842,"(3.0, 3.0, 4.0, 4.0, 6.0, 7.0, 7.0, 11.0)",27831421800.0,1,-25.50226912327016,1.0,1.0,8.404371546326937e-12,3.593061134950712e-11,3.593061134821611e-11
3843,"(3.0, 3.0, 4.0, 4.0, 6.0, 7.0, 7.0, 12.0)",22479225300.0,2,-25.62033760025364,3.0,5.0,7.468420385517512e-12,1.3345655644102646e-10,2.2242759405056679e-10
3844,"(3.0, 3.0, 4.0, 4.0, 6.0, 7.0, 7.0, 14.0)",22479225300.0,1,-25.40716771408202,1.0,1.0,9.242878858004872e-12,4.448551881367549e-11,4.448551881169653e-11
3845,"(3.0, 3.0, 4.0, 4.0, 6.0, 7.0, 8.0, 8.0)",25769835000.000008,1,-25.116505529796108,1.0,1.0,1.236061967304504e-11,3.8805060257467686e-11,3.8805060255961855e-11
3846,"(3.0, 3.0, 4.0, 4.0, 6.0, 7.0, 8.0, 9.0)",51539670000.000015,1,-25.75193095028061,1.0,1.0,6.54754497000958e-12,1.9402530128733843e-11,1.9402530128357385e-11
3847,"(3.0, 3.0, 4.0, 4.0, 6.0, 7.0, 8.0, 11.0)",51539670000.000015,3,-25.38115642055641,4.0,6.0,9.486452188635616e-12,7.761012051493537e-11,1.1641518076637972e-10
3848,"(3.0, 3.0, 4.0, 4.0, 6.0, 7.0, 9.0, 11.0)",51539670000.000015,1,-26.016581841040917,1.0,1.0,5.025069450715955e-12,1.9402530128733843e-11,1.9402530128357385e-11
3849,"(3.0, 3.0, 4.0, 4.0, 6.0, 7.0, 9.0, 13.0)",43293322800.00002,1,-26.01182319822904,1.0,1.0,5.049038947241168e-12,2.3098250153254567e-11,2.309825015272104e-11
3850,"(3.0, 3.0, 4.0, 4.0, 6.0, 7.0, 9.0, 14.0)",43293322800.00002,1,-25.92148043185277,1.0,1.0,5.526422520709224e-12,2.3098250153254567e-11,2.309825015272104e-11
3851,"(3.0, 3.0, 4.0, 4.0, 6.0, 7.0, 13.0, 14.0)",33302556000.000008,1,-25.545947259316712,1.0,1.0,8.04518564990949e-12,3.0027725199230946e-11,3.002772519832928e-11
3852,"(3.0, 3.0, 4.0, 4.0, 6.0, 8.0, 8.0, 9.0)",22088430000.00001,1,-25.63081824756686,1.0,1.0,7.390555256696554e-12,4.5272570300378955e-11,4.527257029832935e-11
3853,"(3.0, 3.0, 4.0, 4.0, 6.0, 8.0, 8.0, 11.0)",22088430000.00001,2,-25.26004371784267,2.0,2.0,1.0707853006165519e-11,9.054514060075791e-11,9.054514059255949e-11
3854,"(3.0, 3.0, 4.0, 4.0, 6.0, 8.0, 8.0, 14.0)",19327376250.00001,1,-25.16494230865453,1.0,1.0,1.1776179529874048e-11,5.174008034329023e-11,5.1740080340613196e-11
3855,"(3.0, 3.0, 4.0, 4.0, 6.0, 8.0, 11.0, 13.0)",38654752500.00002,1,-25.519935965791102,1.0,1.0,8.257196722909111e-12,2.5870040171645115e-11,2.5870040170975855e-11
3856,"(3.0, 3.0, 4.0, 4.0, 6.0, 11.0, 11.0, 12.0)",19327376250.00001,1,-25.90741397634677,1.0,1.0,5.604709013091794e-12,5.174008034329023e-11,5.1740080340613196e-11
3857,"(3.0, 3.0, 4.0, 4.0, 7.0, 7.0, 8.0, 9.0)",25769835000.000008,1,-25.532677517203325,1.0,1.0,8.152654654749679e-12,3.8805060257467686e-11,3.8805060255961855e-11
3858,"(3.0, 3.0, 4.0, 4.0, 7.0, 7.0, 8.0, 13.0)",21646661400.00001,1,-25.15714434466726,1.0,1.0,1.1868368730634634e-11,4.6196500306509135e-11,4.6196500304375015e-11
3859,"(3.0, 3.0, 4.0, 4.0, 7.0, 7.0, 9.0, 11.0)",25769835000.000008,1,-25.797328407963636,1.0,1.0,6.256949136732659e-12,3.8805060257467686e-11,3.8805060255961855e-11
3860,"(3.0, 3.0, 4.0, 4.0, 7.0, 8.0, 8.0, 8.0)",7362810000.000004,2,-24.77613939400508,3.0,5.0,1.737238231416931e-11,4.0745313270341056e-10,6.790885543396662e-10
3861,"(3.0, 3.0, 4.0, 4.0, 7.0, 8.0, 8.0, 12.0)",19327376250.00001,1,-25.15885876174887,1.0,1.0,1.1848038828497229e-11,5.174008034329023e-11,5.1740080340613196e-11
3862,"(3.0, 3.0, 4.0, 4.0, 7.0, 8.0, 8.0, 13.0)",19327376250.00001,2,-25.036031641953517,2.0,2.0,1.3396446349336927e-11,1.0348016068658046e-10,1.0348016067587232e-10
3863,"(3.0, 3.0, 4.0, 4.0, 7.0, 8.0, 9.0, 9.0)",22088430000.00001,1,-26.04699023497408,1.0,1.0,4.874565054864165e-12,4.5272570300378955e-11,4.527257029832935e-11
3864,"(3.0, 3.0, 4.0, 4.0, 7.0, 8.0, 11.0, 12.0)",38654752500.00002,1,-25.423509652509185,1.0,1.0,9.093059801907761e-12,2.5870040171645115e-11,2.5870040170975855e-11
3865,"(3.0, 3.0, 4.0, 4.0, 7.0, 8.0, 11.0, 13.0)",38654752500.00002,1,-25.30068253271382,1.0,1.0,1.0281422060719352e-11,2.5870040171645115e-11,2.5870040170975855e-11
3866,"(3.0, 3.0, 4.0, 4.0, 7.0, 8.0, 12.0, 12.0)",15461901000.00001,1,-25.541578129492663,1.0,1.0,8.080413010890489e-12,6.467510042911278e-11,6.467510042492991e-11
3867,"(3.0, 3.0, 4.0, 4.0, 7.0, 9.0, 11.0, 11.0)",22088430000.00001,1,-25.9408665960102,2.0,4.0,5.420318187549448e-12,9.054514060075791e-11,1.810902811933174e-10
3868,"(3.0, 3.0, 4.0, 4.0, 7.0, 9.0, 11.0, 12.0)",38654752500.00002,1,-26.05893507299368,1.0,1.0,4.816685533801469e-12,2.5870040171645115e-11,2.5870040170975855e-11
3869,"(3.0, 3.0, 4.0, 4.0, 7.0, 11.0, 11.0, 14.0)",19327376250.00001,1,-25.47499065709787,1.0,1.0,8.636785446910381e-12,5.174008034329023e-11,5.1740080340613196e-11
3870,"(3.0, 3.0, 4.0, 4.0, 7.0, 11.0, 12.0, 14.0)",30923802000.00002,1,-25.59305913408135,3.0,9.0,7.674951558422836e-12,9.701265064366917e-11,2.9103795192159606e-10
3871,"(3.0, 3.0, 4.0, 4.0, 8.0, 8.0, 12.0, 14.0)",13329225000.000006,1,-25.207295540607294,1.0,1.0,1.1287834753589668e-11,7.502311649777084e-11,7.502311649214237e-11
3872,"(3.0, 3.0, 4.0, 4.0, 8.0, 8.0, 14.0, 14.0)",6664612500.000003,1,-24.99412565443568,1.0,1.0,1.3969766538440017e-11,1.5004623299554168e-10,1.5004623297302782e-10
3873,"(3.0, 3.0, 4.0, 4.0, 8.0, 9.0, 12.0, 12.0)",13329225000.000006,1,-26.055890847263417,1.0,1.0,4.831370953362908e-12,7.502311649777084e-11,7.502311649214237e-11
3874,"(3.0, 3.0, 4.0, 4.0, 9.0, 11.0, 12.0, 14.0)",26658450000.00001,1,-26.107371851852108,1.0,1.0,4.588940933818053e-12,3.751155824888542e-11,3.75115582474783e-11
3875,"(3.0, 3.0, 4.0, 6.0, 6.0, 6.0, 7.0, 8.0)",18554281200.0,2,-25.44019143648507,2.0,2.0,8.942629553551113e-12,1.0779183404852138e-10,1.077918340369023e-10
3876,"(3.0, 3.0, 4.0, 6.0, 6.0, 6.0, 8.0, 8.0)",8589945000.000002,1,-25.319078733771327,1.0,1.0,1.0094012054657179e-11,1.1641518077240305e-10,1.1641518075885056e-10
3877,"(3.0, 3.0, 4.0, 6.0, 6.0, 6.0, 8.0, 13.0)",14431107600.000008,1,-25.57897098171976,1.0,1.0,7.783842681696218e-12,6.92947504597637e-11,6.929475045496194e-11
3878,"(3.0, 3.0, 4.0, 6.0, 6.0, 6.0, 11.0, 11.0)",8589945000.000002,1,-25.848380515291943,2.0,4.0,5.945535493201705e-12,2.328303615448061e-10,4.6566072303540225e-10
3879,"(3.0, 3.0, 4.0, 6.0, 6.0, 6.0, 12.0, 13.0)",11100852000.000002,1,-25.96169034946355,1.0,1.0,5.308613905672074e-12,9.008317559769285e-11,9.008317558957787e-11
3880,"(3.0, 3.0, 4.0, 6.0, 6.0, 7.0, 7.0, 13.0)",22479225300.0,1,-25.48083025135622,1.0,1.0,8.58649709888444e-12,4.448551881367549e-11,4.448551881169653e-11
3881,"(3.0, 3.0, 4.0, 6.0, 6.0, 7.0, 8.0, 8.0)",25769835000.000008,4,-25.099825300694043,5.0,7.0,1.2568526789725864e-11,1.9402530128733842e-10,2.7163542176462794e-10
3882,"(3.0, 3.0, 4.0, 6.0, 6.0, 7.0, 8.0, 9.0)",51539670000.000015,1,-25.73525072117854,2.0,4.0,6.657675467675613e-12,3.8805060257467686e-11,7.761012051342954e-11
3883,"(3.0, 3.0, 4.0, 6.0, 6.0, 7.0, 8.0, 11.0)",51539670000.000015,2,-25.36447619145435,2.0,2.0,9.646015460885657e-12,3.8805060257467686e-11,3.8805060255961855e-11
3884,"(3.0, 3.0, 4.0, 6.0, 6.0, 7.0, 9.0, 11.0)",51539670000.000015,1,-25.999901611938853,1.0,1.0,5.109591726156364e-12,1.9402530128733843e-11,1.9402530128357385e-11
3885,"(3.0, 3.0, 4.0, 6.0, 6.0, 7.0, 11.0, 11.0)",25769835000.000008,1,-25.629127082214666,1.0,1.0,7.403064482283203e-12,3.8805060257467686e-11,3.8805060255961855e-11
3886,"(3.0, 3.0, 4.0, 6.0, 6.0, 7.0, 11.0, 12.0)",43293322800.00002,1,-25.747195559198143,1.0,1.0,6.578623682927062e-12,2.3098250153254567e-11,2.309825015272104e-11
3887,"(3.0, 3.0, 4.0, 6.0, 6.0, 7.0, 11.0, 14.0)",43293322800.00002,1,-25.534025673026523,1.0,1.0,8.141671011397315e-12,2.3098250153254567e-11,2.309825015272104e-11
3888,"(3.0, 3.0, 4.0, 6.0, 6.0, 8.0, 8.0, 11.0)",22088430000.00001,1,-25.24336348874061,1.0,1.0,1.0887960387772629e-11,4.5272570300378955e-11,4.527257029832935e-11
3889,"(3.0, 3.0, 4.0, 6.0, 6.0, 8.0, 9.0, 11.0)",44176860000.00002,1,-25.878788909225108,1.0,1.0,5.767462486212256e-12,2.2636285150189478e-11,2.2636285149677075e-11
3890,"(3.0, 3.0, 4.0, 6.0, 6.0, 8.0, 9.0, 13.0)",38654752500.00002,1,-25.874030266413232,1.0,1.0,5.794973184995307e-12,2.5870040171645115e-11,2.5870040170975855e-11
3891,"(3.0, 3.0, 4.0, 6.0, 6.0, 8.0, 9.0, 14.0)",38654752500.00002,1,-25.78368750003697,1.0,1.0,6.342884388713787e-12,2.5870040171645115e-11,2.5870040170975855e-11
3892,"(3.0, 3.0, 4.0, 6.0, 6.0, 8.0, 11.0, 13.0)",38654752500.00002,1,-25.50325573668904,2.0,4.0,8.39608376967018e-12,5.174008034329023e-11,1.0348016068390342e-10
3893,"(3.0, 3.0, 4.0, 6.0, 6.0, 8.0, 11.0, 14.0)",38654752500.00002,1,-25.41291297031278,1.0,1.0,9.189928403269587e-12,2.5870040171645115e-11,2.5870040170975855e-11
3894,"(3.0, 3.0, 4.0, 6.0, 6.0, 9.0, 9.0, 11.0)",22088430000.00001,1,-26.514214329709606,1.0,1.0,3.0550830775634797e-12,4.5272570300378955e-11,4.527257029832935e-11
3895,"(3.0, 3.0, 4.0, 6.0, 6.0, 9.0, 11.0, 11.0)",22088430000.00001,1,-26.143439799985416,1.0,1.0,4.426376554932329e-12,4.5272570300378955e-11,4.527257029832935e-11
3896,"(3.0, 3.0, 4.0, 6.0, 7.0, 7.0, 8.0, 8.0)",25769835000.000008,1,-24.88057186761676,1.0,1.0,1.5649660888920123e-11,3.8805060257467686e-11,3.8805060255961855e-11
3897,"(3.0, 3.0, 4.0, 6.0, 7.0, 7.0, 8.0, 13.0)",43293322800.00002,2,-25.140464115565194,2.0,2.0,1.2067996126975615e-11,4.6196500306509135e-11,4.6196500304375015e-11
3898,"(3.0, 3.0, 4.0, 6.0, 7.0, 7.0, 8.0, 14.0)",43293322800.00002,1,-25.05012134918893,1.0,1.0,1.3209017849305899e-11,2.3098250153254567e-11,2.309825015272104e-11
3899,"(3.0, 3.0, 4.0, 6.0, 7.0, 7.0, 9.0, 14.0)",43293322800.00002,1,-25.68554676967343,1.0,1.0,6.9969500450363674e-12,2.3098250153254567e-11,2.309825015272104e-11
3900,"(3.0, 3.0, 4.0, 6.0, 7.0, 7.0, 11.0, 11.0)",25769835000.000008,1,-25.40987364913738,1.0,1.0,9.217902036159652e-12,3.8805060257467686e-11,3.8805060255961855e-11
3901,"(3.0, 3.0, 4.0, 6.0, 7.0, 7.0, 11.0, 13.0)",43293322800.00002,2,-25.405115006325502,3.0,5.0,9.261871273399579e-12,6.92947504597637e-11,1.1549125076147108e-10
3902,"(3.0, 3.0, 4.0, 6.0, 7.0, 7.0, 11.0, 14.0)",43293322800.00002,1,-25.31477223994924,1.0,1.0,1.0137575590933549e-11,2.3098250153254567e-11,2.309825015272104e-11
3903,"(3.0, 3.0, 4.0, 6.0, 7.0, 7.0, 14.0, 14.0)",16651278000.000004,1,-25.219670830761103,1.0,1.0,1.1149005322333306e-11,6.005545039846189e-11,6.005545039485523e-11
3904,"(3.0, 3.0, 4.0, 6.0, 7.0, 8.0, 8.0, 8.0)",14725620000.000008,1,-24.759459164903017,1.0,1.0,1.766458788414508e-11,6.790885545056843e-11,6.790885544595682e-11
3905,"(3.0, 3.0, 4.0, 6.0, 7.0, 8.0, 8.0, 9.0)",44176860000.00002,2,-25.39488458538752,2.0,2.0,9.357110452993453e-12,4.5272570300378955e-11,4.527257029832935e-11
3906,"(3.0, 3.0, 4.0, 6.0, 7.0, 8.0, 8.0, 13.0)",38654752500.00002,1,-25.01935141285145,1.0,1.0,1.3621776195892625e-11,2.5870040171645115e-11,2.5870040170975855e-11
3907,"(3.0, 3.0, 4.0, 6.0, 7.0, 8.0, 9.0, 11.0)",88353720000.00005,3,-25.659535476147823,3.0,3.0,7.181337447804306e-12,3.395442772528421e-11,3.395442772413131e-11
3908,"(3.0, 3.0, 4.0, 6.0, 7.0, 8.0, 9.0, 13.0)",77309505000.00005,1,-25.65477683333595,1.0,1.0,7.2155923063071816e-12,1.2935020085822558e-11,1.2935020085655243e-11
3909,"(3.0, 3.0, 4.0, 6.0, 7.0, 9.0, 9.0, 11.0)",44176860000.00002,1,-26.294960896632325,1.0,1.0,3.804026911923348e-12,2.2636285150189478e-11,2.2636285149677075e-11
3910,"(3.0, 3.0, 4.0, 6.0, 7.0, 9.0, 9.0, 14.0)",38654752500.00002,2,-26.199859487444183,2.0,2.0,4.183556108352261e-12,5.174008034329023e-11,5.1740080340613196e-11
3911,"(3.0, 3.0, 4.0, 6.0, 7.0, 9.0, 11.0, 12.0)",77309505000.00005,1,-26.042254843891616,1.0,1.0,4.8977027665761906e-12,1.2935020085822558e-11,1.2935020085655243e-11
3912,"(3.0, 3.0, 4.0, 6.0, 7.0, 11.0, 11.0, 12.0)",38654752500.00002,1,-25.671480314167425,2.0,4.0,7.096067815049327e-12,5.174008034329023e-11,1.0348016068390342e-10
3913,"(3.0, 3.0, 4.0, 6.0, 7.0, 11.0, 12.0, 13.0)",61847604000.00004,1,-25.666721671355557,1.0,1.0,7.129915938842126e-12,1.6168775107278195e-11,1.6168775107016768e-11
3914,"(3.0, 3.0, 4.0, 6.0, 7.0, 12.0, 12.0, 14.0)",22598163000.000008,1,-25.694447381962767,1.0,1.0,6.934949237365754e-12,4.425138450412981e-11,4.425138450217163e-11
3915,"(3.0, 3.0, 4.0, 6.0, 8.0, 8.0, 8.0, 9.0)",11678940000.000006,1,-25.27377188267377,1.0,1.0,1.0561858248032755e-11,8.562420904636889e-11,8.562420903903738e-11
3916,"(3.0, 3.0, 4.0, 6.0, 8.0, 8.0, 9.0, 11.0)",35036820000.000015,1,-25.53842277343408,1.0,1.0,8.10594985877647e-12,2.8541403015456298e-11,2.8541403014641686e-11
3917,"(3.0, 3.0, 4.0, 6.0, 8.0, 8.0, 11.0, 12.0)",31990140000.00001,1,-25.28571672069337,1.0,1.0,1.043644904945861e-11,3.1259631874071185e-11,3.125963187309402e-11
3918,"(3.0, 3.0, 4.0, 6.0, 8.0, 8.0, 11.0, 13.0)",31990140000.00001,1,-25.16288960089802,1.0,1.0,1.1800377412030594e-11,3.1259631874071185e-11,3.125963187309402e-11
3919,"(3.0, 3.0, 4.0, 6.0, 8.0, 8.0, 13.0, 13.0)",13329225000.000006,2,-25.15813095808614,3.0,5.0,1.185666501325644e-11,2.2506934949331254e-10,3.75115582438198e-10
3920,"(3.0, 3.0, 4.0, 6.0, 8.0, 9.0, 9.0, 11.0)",35036820000.000015,1,-26.17384819391858,1.0,1.0,4.2938034361433375e-12,2.8541403015456298e-11,2.8541403014641686e-11
3921,"(3.0, 3.0, 4.0, 6.0, 8.0, 9.0, 11.0, 14.0)",63980280000.00003,1,-25.70797225500625,1.0,1.0,6.8417863575538024e-12,1.5629815937035592e-11,1.5629815936791303e-11
3922,"(3.0, 3.0, 4.0, 6.0, 8.0, 11.0, 11.0, 14.0)",31990140000.00001,1,-25.337197725282063,1.0,1.0,9.912765695093488e-12,3.1259631874071185e-11,3.125963187309402e-11
3923,"(3.0, 3.0, 4.0, 6.0, 8.0, 11.0, 13.0, 13.0)",26658450000.00001,1,-25.42278184884645,1.0,1.0,9.099680173009984e-12,3.751155824888542e-11,3.75115582474783e-11
3924,"(3.0, 3.0, 4.0, 6.0, 8.0, 11.0, 13.0, 14.0)",53316900000.00002,1,-25.332439082470188,1.0,1.0,9.960049420266668e-12,1.875577912444271e-11,1.8755779124090932e-11
3925,"(3.0, 3.0, 4.0, 6.0, 9.0, 9.0, 11.0, 12.0)",31990140000.00001,1,-26.556567561662373,1.0,1.0,2.9283922557856452e-12,3.1259631874071185e-11,3.125963187309402e-11
3926,"(3.0, 3.0, 4.0, 7.0, 7.0, 7.0, 8.0, 9.0)",17179890000.000004,1,-25.296743855023976,1.0,1.0,1.0321997122000095e-11,5.8207590386201526e-11,5.82075903828134e-11
3927,"(3.0, 3.0, 4.0, 7.0, 7.0, 7.0, 8.0, 12.0)",14431107600.000008,1,-25.04403780228327,1.0,1.0,1.3289620455248197e-11,6.92947504597637e-11,6.929475045496194e-11
3928,"(3.0, 3.0, 4.0, 7.0, 7.0, 7.0, 8.0, 13.0)",14431107600.000008,1,-24.92121068248791,1.0,1.0,1.50264267368514e-11,6.92947504597637e-11,6.929475045496194e-11
3929,"(3.0, 3.0, 4.0, 7.0, 7.0, 7.0, 9.0, 11.0)",17179890000.000004,1,-25.561394745784284,1.0,1.0,7.921862720412106e-12,5.8207590386201526e-11,5.82075903828134e-11
3930,"(3.0, 3.0, 4.0, 7.0, 7.0, 8.0, 8.0, 9.0)",22088430000.00001,1,-25.175631152310235,2.0,4.0,1.1650976119907788e-11,9.054514060075791e-11,1.810902811933174e-10
3931,"(3.0, 3.0, 4.0, 7.0, 7.0, 8.0, 8.0, 11.0)",22088430000.00001,1,-24.804856622586044,1.0,1.0,1.6880590880810404e-11,4.5272570300378955e-11,4.527257029832935e-11
3932,"(3.0, 3.0, 4.0, 7.0, 7.0, 8.0, 8.0, 12.0)",19327376250.00001,1,-24.922925099569525,1.0,1.0,1.5000687244595216e-11,5.174008034329023e-11,5.1740080340613196e-11
3933,"(3.0, 3.0, 4.0, 7.0, 7.0, 8.0, 8.0, 14.0)",19327376250.00001,2,-24.709755213397905,2.0,2.0,1.856477378502643e-11,1.0348016068658046e-10,1.0348016067587232e-10
3934,"(3.0, 3.0, 4.0, 7.0, 7.0, 8.0, 9.0, 13.0)",38654752500.00002,2,-25.435523400258667,2.0,2.0,8.984471656512371e-12,5.174008034329023e-11,5.1740080340613196e-11
3935,"(3.0, 3.0, 4.0, 7.0, 7.0, 8.0, 12.0, 13.0)",30923802000.00002,1,-25.18281734751796,1.0,1.0,1.15675500481876e-11,3.233755021455639e-11,3.233755021351067e-11
3936,"(3.0, 3.0, 4.0, 7.0, 7.0, 8.0, 13.0, 13.0)",15461901000.00001,1,-25.0599902277226,2.0,4.0,1.3079300790363063e-11,1.2935020085822556e-10,2.5870040169971964e-10
3937,"(3.0, 3.0, 4.0, 7.0, 7.0, 8.0, 13.0, 14.0)",30923802000.00002,1,-24.96964746134634,2.0,4.0,1.4315940755910961e-11,6.467510042911278e-11,1.293502008540427e-10
3938,"(3.0, 3.0, 4.0, 7.0, 7.0, 9.0, 9.0, 11.0)",22088430000.00001,1,-26.07570746355504,1.0,1.0,4.73657192922488e-12,4.5272570300378955e-11,4.527257029832935e-11
3939,"(3.0, 3.0, 4.0, 7.0, 7.0, 11.0, 12.0, 12.0)",15461901000.00001,1,-25.570295358073626,1.0,1.0,7.85166615136987e-12,6.467510042911278e-11,6.467510042492991e-11
3940,"(3.0, 3.0, 4.0, 7.0, 7.0, 11.0, 12.0, 13.0)",30923802000.00002,1,-25.44746823827827,1.0,1.0,8.877792001891413e-12,3.233755021455639e-11,3.233755021351067e-11
3941,"(3.0, 3.0, 4.0, 7.0, 7.0, 11.0, 12.0, 14.0)",30923802000.00002,1,-25.357125471902005,1.0,1.0,9.71718185700125e-12,3.233755021455639e-11,3.233755021351067e-11
3942,"(3.0, 3.0, 4.0, 7.0, 8.0, 8.0, 8.0, 11.0)",11678940000.000006,1,-24.6837439198723,1.0,1.0,1.9054002720371434e-11,8.562420904636889e-11,8.562420903903738e-11
3943,"(3.0, 3.0, 4.0, 7.0, 8.0, 8.0, 8.0, 14.0)",10663380000.000006,1,-24.588642510684164,1.0,1.0,2.095502774165868e-11,9.377889562221354e-11,9.377889561341906e-11
3944,"(3.0, 3.0, 4.0, 7.0, 8.0, 8.0, 9.0, 9.0)",17518410000.000008,3,-25.689943870080988,3.0,3.0,6.966251295346101e-12,1.7124841809273779e-10,1.7124841806341178e-10
3945,"(3.0, 3.0, 4.0, 7.0, 8.0, 8.0, 11.0, 14.0)",31990140000.00001,3,-24.85329340144447,3.0,3.0,1.6082435512216166e-11,9.377889562221357e-11,9.377889561341909e-11
3946,"(3.0, 3.0, 4.0, 7.0, 8.0, 9.0, 9.0, 13.0)",31990140000.00001,1,-25.949836118029424,1.0,1.0,5.371917912374434e-12,3.1259631874071185e-11,3.125963187309402e-11
3947,"(3.0, 3.0, 4.0, 7.0, 8.0, 11.0, 11.0, 11.0)",11678940000.000006,1,-25.21304570139292,1.0,1.0,1.1223114144118871e-11,8.562420904636889e-11,8.562420903903738e-11
3948,"(3.0, 3.0, 4.0, 7.0, 8.0, 11.0, 11.0, 12.0)",31990140000.00001,1,-25.3311141783764,1.0,1.0,9.973254276170119e-12,3.1259631874071185e-11,3.125963187309402e-11
3949,"(3.0, 3.0, 4.0, 7.0, 8.0, 11.0, 11.0, 13.0)",31990140000.00001,3,-25.208287058581043,3.0,3.0,1.1276648209293115e-11,9.377889562221357e-11,9.377889561341909e-11
3950,"(3.0, 3.0, 4.0, 7.0, 8.0, 11.0, 13.0, 13.0)",26658450000.00001,1,-25.203528415769167,1.0,1.0,1.1330437631055273e-11,3.751155824888542e-11,3.75115582474783e-11
3951,"(3.0, 3.0, 4.0, 7.0, 8.0, 11.0, 13.0, 14.0)",53316900000.00002,1,-25.113185649392904,1.0,1.0,1.2401723644450982e-11,1.875577912444271e-11,1.8755779124090932e-11
3952,"(3.0, 3.0, 4.0, 7.0, 8.0, 11.0, 14.0, 14.0)",26658450000.00001,1,-25.022842883016644,1.0,1.0,1.357429910136749e-11,3.751155824888542e-11,3.75115582474783e-11
3953,"(3.0, 3.0, 4.0, 7.0, 8.0, 12.0, 13.0, 13.0)",20260422000.00001,1,-25.32159689275265,1.0,1.0,1.0068625704391979e-11,4.9357313485375545e-11,4.93573134829394e-11
3954,"(3.0, 3.0, 4.0, 7.0, 9.0, 11.0, 13.0, 14.0)",53316900000.00002,2,-25.74861106987741,2.0,2.0,6.569318158437421e-12,3.751155824888542e-11,3.75115582474783e-11
3955,"(3.0, 3.0, 4.0, 7.0, 11.0, 11.0, 11.0, 14.0)",10663380000.000006,1,-25.38259518296509,1.0,1.0,9.472813251782459e-12,9.377889562221354e-11,9.377889561341906e-11
3956,"(3.0, 3.0, 4.0, 7.0, 11.0, 11.0, 12.0, 13.0)",26658450000.00001,1,-25.591006426324835,1.0,1.0,7.690722171710202e-12,3.751155824888542e-11,3.75115582474783e-11
3957,"(3.0, 3.0, 4.0, 7.0, 11.0, 11.0, 13.0, 14.0)",26658450000.00001,1,-25.37783654015321,1.0,1.0,9.51799841122148e-12,3.751155824888542e-11,3.75115582474783e-11
3958,"(3.0, 3.0, 4.0, 8.0, 9.0, 11.0, 11.0, 11.0)",8564556000.000001,1,-25.727358419163675,1.0,1.0,6.710427747825822e-12,1.1676028506323035e-10,1.1676028504959738e-10
3959,"(3.0, 3.0, 4.0, 8.0, 9.0, 11.0, 11.0, 12.0)",24525774000.0,1,-25.84542689614716,1.0,1.0,5.963122300239984e-12,4.0773432879223303e-11,4.077343287756083e-11
3960,"(3.0, 3.0, 4.0, 8.0, 9.0, 11.0, 11.0, 13.0)",24525774000.0,1,-25.7225997763518,1.0,1.0,6.742436375002365e-12,4.0773432879223303e-11,4.077343287756083e-11
3961,"(3.0, 3.0, 4.0, 8.0, 9.0, 11.0, 12.0, 14.0)",42653520000.0,1,-25.750325486959017,1.0,1.0,6.558065256012381e-12,2.3444723905553398e-11,2.3444723905003743e-11
3962,"(3.0, 3.0, 4.0, 8.0, 9.0, 11.0, 13.0, 14.0)",42653520000.0,2,-25.62749836716366,2.0,2.0,7.415131789263722e-12,4.6889447811106797e-11,4.6889447808908176e-11
3963,"(3.0, 3.0, 4.0, 8.0, 11.0, 11.0, 12.0, 13.0)",21326760000.0,1,-25.469893723611094,1.0,1.0,8.68091894508088e-12,4.6889447811106797e-11,4.6889447808908176e-11
3964,"(3.0, 3.0, 4.0, 8.0, 11.0, 14.0, 14.0, 14.0)",5627895000.0,1,-25.07127966187507,1.0,1.0,1.293247324472779e-11,1.7768632854735206e-10,1.7768632851577964e-10
3965,"(3.0, 3.0, 4.0, 9.0, 11.0, 12.0, 13.0, 14.0)",33767370000.0,1,-26.010217734907453,1.0,1.0,5.057151504544316e-12,2.9614388091225344e-11,2.961438809034833e-11
3966,"(3.0, 3.0, 4.0, 9.0, 12.0, 12.0, 13.0, 13.0)",6078126600.000001,1,-26.2186289782672,1.0,1.0,4.1057652217917516e-12,1.6452437828458523e-10,1.6452437825751696e-10
3967,"(3.0, 3.0, 6.0, 6.0, 6.0, 7.0, 7.0, 14.0)",7493075099.999999,1,-25.37380725587789,1.0,1.0,9.55642649940768e-12,1.334565564410265e-10,1.3345655642321584e-10
3968,"(3.0, 3.0, 6.0, 6.0, 6.0, 7.0, 8.0, 12.0)",14431107600.000008,1,-25.46586443933577,1.0,1.0,8.715967397953652e-12,6.92947504597637e-11,6.929475045496194e-11
3969,"(3.0, 3.0, 6.0, 6.0, 6.0, 7.0, 11.0, 14.0)",14431107600.000008,1,-25.51734544392446,1.0,1.0,8.278614901729511e-12,6.92947504597637e-11,6.929475045496194e-11
3970,"(3.0, 3.0, 6.0, 6.0, 6.0, 8.0, 8.0, 13.0)",6442458750.000004,1,-25.22192461682667,1.0,1.0,1.112390614420625e-11,1.552202410298707e-10,1.5522024100577738e-10
3971,"(3.0, 3.0, 6.0, 6.0, 6.0, 8.0, 11.0, 11.0)",7362810000.000004,1,-25.491334150398856,1.0,1.0,8.496777428319009e-12,1.3581771090113685e-10,1.3581771088269041e-10
3972,"(3.0, 3.0, 6.0, 6.0, 6.0, 11.0, 12.0, 14.0)",10307934000.000006,1,-25.778952108954503,1.0,1.0,6.372991655466218e-12,9.701265064366919e-11,9.701265063425773e-11
3973,"(3.0, 3.0, 6.0, 6.0, 7.0, 7.0, 7.0, 8.0)",9277140600.0,1,-24.98500434122844,2.0,4.0,1.4097772056192875e-11,2.1558366809704275e-10,4.311673361476092e-10
3974,"(3.0, 3.0, 6.0, 6.0, 7.0, 7.0, 8.0, 9.0)",25769835000.000008,1,-25.4993170589992,1.0,1.0,8.429218448069763e-12,3.8805060257467686e-11,3.8805060255961855e-11
3975,"(3.0, 3.0, 6.0, 6.0, 7.0, 7.0, 8.0, 11.0)",25769835000.000008,2,-25.12854252927501,3.0,5.0,1.2212726779494202e-11,1.1641518077240305e-10,1.9402530127378592e-10
3976,"(3.0, 3.0, 6.0, 6.0, 7.0, 7.0, 9.0, 11.0)",25769835000.000008,1,-25.763967949759504,1.0,1.0,6.469204611930279e-12,3.8805060257467686e-11,3.8805060255961855e-11
3977,"(3.0, 3.0, 6.0, 6.0, 7.0, 8.0, 8.0, 9.0)",22088430000.00001,1,-25.37820435628545,1.0,1.0,9.51449818161912e-12,4.5272570300378955e-11,4.527257029832935e-11
3978,"(3.0, 3.0, 6.0, 6.0, 7.0, 8.0, 11.0, 12.0)",38654752500.00002,1,-25.390149194305053,1.0,1.0,9.40152510777441e-12,2.5870040171645115e-11,2.5870040170975855e-11
3979,"(3.0, 3.0, 6.0, 6.0, 7.0, 8.0, 11.0, 13.0)",38654752500.00002,1,-25.267322074509696,1.0,1.0,1.0630200367449266e-11,2.5870040171645115e-11,2.5870040170975855e-11
3980,"(3.0, 3.0, 6.0, 6.0, 7.0, 8.0, 14.0, 14.0)",15461901000.00001,1,-25.081877898945294,1.0,1.0,1.2796135573007186e-11,6.467510042911278e-11,6.467510042492991e-11
3981,"(3.0, 3.0, 6.0, 6.0, 7.0, 11.0, 11.0, 11.0)",7362810000.000004,1,-25.53673160808188,1.0,1.0,8.119669958532958e-12,1.3581771090113685e-10,1.3581771088269041e-10
3982,"(3.0, 3.0, 6.0, 6.0, 8.0, 8.0, 8.0, 8.0)",1459867500.0000007,1,-24.62166623308721,1.0,1.0,2.0274316396102825e-11,6.849936723709511e-10,6.849936719017348e-10
3983,"(3.0, 3.0, 6.0, 6.0, 8.0, 8.0, 8.0, 9.0)",5839470000.000003,1,-25.25709165357171,2.0,4.0,1.0739509980164614e-11,3.4249683618547557e-10,6.849936722536471e-10
3984,"(3.0, 3.0, 6.0, 6.0, 8.0, 8.0, 11.0, 14.0)",15995070000.000008,1,-25.05586660541969,1.0,1.0,1.3133346241739442e-11,6.251926374814237e-11,6.251926374423371e-11
3985,"(3.0, 3.0, 6.0, 6.0, 8.0, 9.0, 11.0, 13.0)",31990140000.00001,1,-25.781634792280453,1.0,1.0,6.355917849063266e-12,3.1259631874071185e-11,3.125963187309402e-11
3986,"(3.0, 3.0, 6.0, 6.0, 9.0, 11.0, 11.0, 13.0)",15995070000.000008,1,-26.04628568304076,1.0,1.0,4.8780006492328615e-12,6.251926374814237e-11,6.251926374423371e-11
3987,"(3.0, 3.0, 6.0, 6.0, 9.0, 13.0, 13.0, 14.0)",10130211000.000006,1,-25.946425631040743,1.0,1.0,5.39027004558617e-12,9.871462697075109e-11,9.871462696100651e-11
3988,"(3.0, 3.0, 6.0, 7.0, 7.0, 7.0, 7.0, 9.0)",4638570300.0,1,-25.401176328635657,1.0,1.0,9.29842273410931e-12,2.1558366809704275e-10,2.1558366805056645e-10
3989,"(3.0, 3.0, 6.0, 7.0, 7.0, 7.0, 7.0, 11.0)",4638570300.0,2,-25.03040179891147,2.0,2.0,1.3472078939645747e-11,4.311673361940855e-10,4.3116733600818023e-10
3990,"(3.0, 3.0, 6.0, 7.0, 7.0, 7.0, 7.0, 14.0)",3746537550.0,1,-24.93530038972333,1.0,1.0,1.481619332489473e-11,2.6691311288205293e-10,2.6691311281081035e-10
3991,"(3.0, 3.0, 6.0, 7.0, 7.0, 7.0, 8.0, 12.0)",14431107600.000008,1,-25.02735757318121,1.0,1.0,1.3513153477355322e-11,6.92947504597637e-11,6.929475045496194e-11
3992,"(3.0, 3.0, 6.0, 7.0, 7.0, 7.0, 11.0, 13.0)",14431107600.000008,1,-25.16918134414616,1.0,1.0,1.1726365543114064e-11,6.92947504597637e-11,6.929475045496194e-11
3993,"(3.0, 3.0, 6.0, 7.0, 7.0, 7.0, 11.0, 14.0)",14431107600.000008,1,-25.078838577769893,1.0,1.0,1.2835086300719432e-11,6.92947504597637e-11,6.929475045496194e-11
3994,"(3.0, 3.0, 6.0, 7.0, 7.0, 8.0, 8.0, 13.0)",19327376250.00001,2,-24.783417750672108,3.0,5.0,1.7246398951612307e-11,1.552202410298707e-10,2.587004016923578e-10
3995,"(3.0, 3.0, 6.0, 7.0, 7.0, 8.0, 11.0, 11.0)",22088430000.00001,1,-25.05282728424429,1.0,1.0,1.3173323420044096e-11,4.5272570300378955e-11,4.527257029832935e-11
3996,"(3.0, 3.0, 6.0, 7.0, 7.0, 8.0, 11.0, 13.0)",38654752500.00002,1,-25.048068641432412,1.0,1.0,1.323615995057155e-11,2.5870040171645115e-11,2.5870040170975855e-11
3997,"(3.0, 3.0, 6.0, 7.0, 7.0, 8.0, 12.0, 12.0)",15461901000.00001,1,-25.288964238211253,1.0,1.0,1.0402611472147155e-11,6.467510042911278e-11,6.467510042492991e-11
3998,"(3.0, 3.0, 6.0, 7.0, 7.0, 9.0, 9.0, 9.0)",7362810000.000004,1,-26.42980176417717,1.0,1.0,3.324167782330527e-12,1.3581771090113685e-10,1.3581771088269041e-10
3999,"(3.0, 3.0, 6.0, 7.0, 7.0, 9.0, 9.0, 14.0)",19327376250.00001,1,-25.96392582526484,2.0,4.0,5.296759882375214e-12,1.0348016068658046e-10,2.0696032136245279e-10
4000,"(3.0, 3.0, 6.0, 7.0, 7.0, 9.0, 11.0, 12.0)",38654752500.00002,1,-25.80632118171227,1.0,1.0,6.200934051776461e-12,2.5870040171645115e-11,2.5870040170975855e-11
4001,"(3.0, 3.0, 6.0, 7.0, 7.0, 11.0, 11.0, 13.0)",19327376250.00001,1,-25.312719532192723,1.0,1.0,1.0158406443493211e-11,5.174008034329023e-11,5.1740080340613196e-11
4002,"(3.0, 3.0, 6.0, 7.0, 7.0, 11.0, 12.0, 14.0)",30923802000.00002,2,-25.340445242799944,3.0,5.0,9.880626030156868e-12,9.701265064366917e-11,1.616877510633705e-10
4003,"(3.0, 3.0, 6.0, 7.0, 7.0, 12.0, 12.0, 14.0)",11299081500.000004,1,-25.458513719783426,1.0,1.0,8.780272083228997e-12,8.850276900825962e-11,8.850276900042688e-11
4004,"(3.0, 3.0, 6.0, 7.0, 7.0, 13.0, 13.0, 14.0)",11299081500.000004,1,-25.212859480192712,1.0,1.0,1.1225204320516416e-11,8.850276900825962e-11,8.850276900042688e-11
4005,"(3.0, 3.0, 6.0, 7.0, 8.0, 8.0, 9.0, 11.0)",35036820000.000015,1,-25.302489111254737,1.0,1.0,1.0262864632027788e-11,2.8541403015456298e-11,2.8541403014641686e-11
4006,"(3.0, 3.0, 6.0, 7.0, 8.0, 8.0, 9.0, 12.0)",31990140000.00001,1,-25.420557588238218,1.0,1.0,9.119942759448937e-12,3.1259631874071185e-11,3.125963187309402e-11
4007,"(3.0, 3.0, 6.0, 7.0, 8.0, 9.0, 9.0, 12.0)",31990140000.00001,1,-26.05598300872272,1.0,1.0,4.830925707682971e-12,3.1259631874071185e-11,3.125963187309402e-11
4008,"(3.0, 3.0, 6.0, 7.0, 8.0, 9.0, 11.0, 12.0)",63980280000.00003,1,-25.68520847899853,1.0,1.0,6.99931744840201e-12,1.5629815937035592e-11,1.5629815936791303e-11
4009,"(3.0, 3.0, 6.0, 7.0, 8.0, 9.0, 11.0, 13.0)",63980280000.00003,2,-25.56238135920317,3.0,5.0,7.914050758676406e-12,4.688944781110678e-11,7.814907968297934e-11
4010,"(3.0, 3.0, 6.0, 7.0, 8.0, 9.0, 11.0, 14.0)",63980280000.00003,3,-25.47203859282691,3.0,3.0,8.662319463129242e-12,4.688944781110678e-11,4.688944780890816e-11
4011,"(3.0, 3.0, 6.0, 7.0, 8.0, 9.0, 12.0, 14.0)",53316900000.00002,1,-25.59010706981039,1.0,1.0,7.697641984018836e-12,1.875577912444271e-11,1.8755779124090932e-11
4012,"(3.0, 3.0, 6.0, 7.0, 8.0, 9.0, 13.0, 13.0)",26658450000.00001,1,-25.557622716391293,1.0,1.0,7.951800647313952e-12,3.751155824888542e-11,3.75115582474783e-11
4013,"(3.0, 3.0, 6.0, 7.0, 8.0, 11.0, 11.0, 13.0)",31990140000.00001,2,-25.19160682947898,2.0,2.0,1.1466322794955698e-11,6.251926374814237e-11,6.251926374423371e-11
4014,"(3.0, 3.0, 6.0, 7.0, 8.0, 11.0, 12.0, 13.0)",53316900000.00002,1,-25.309675306462463,1.0,1.0,1.0189378044120087e-11,1.875577912444271e-11,1.8755779124090932e-11
4015,"(3.0, 3.0, 6.0, 7.0, 8.0, 11.0, 13.0, 13.0)",26658450000.00001,1,-25.186848186667103,1.0,1.0,1.1521016961292385e-11,3.751155824888542e-11,3.75115582474783e-11
4016,"(3.0, 3.0, 6.0, 7.0, 8.0, 11.0, 14.0, 14.0)",26658450000.00001,1,-25.00616265391458,1.0,1.0,1.3802620452705788e-11,3.751155824888542e-11,3.75115582474783e-11
4017,"(3.0, 3.0, 6.0, 7.0, 8.0, 13.0, 14.0, 14.0)",20260422000.00001,1,-25.001404011102704,1.0,1.0,1.3868458719465033e-11,4.9357313485375545e-11,4.93573134829394e-11
4018,"(3.0, 3.0, 6.0, 7.0, 9.0, 9.0, 11.0, 13.0)",31990140000.00001,1,-26.197806779687667,1.0,1.0,4.1921525463947155e-12,3.1259631874071185e-11,3.125963187309402e-11
4019,"(3.0, 3.0, 6.0, 7.0, 9.0, 9.0, 14.0, 14.0)",13329225000.000006,1,-26.01236260412327,1.0,1.0,5.046316200271747e-12,7.502311649777084e-11,7.502311649214237e-11
4020,"(3.0, 3.0, 6.0, 7.0, 11.0, 11.0, 11.0, 12.0)",10663380000.000006,1,-25.57908484003465,1.0,1.0,7.782956476936957e-12,9.377889562221354e-11,9.377889561341906e-11
4021,"(3.0, 3.0, 6.0, 7.0, 11.0, 11.0, 12.0, 14.0)",26658450000.00001,1,-25.483983430846507,1.0,1.0,8.559464973308136e-12,3.751155824888542e-11,3.75115582474783e-11
4022,"(3.0, 3.0, 6.0, 8.0, 8.0, 8.0, 9.0, 11.0)",8564556000.000001,1,-25.18137640854099,1.0,1.0,1.1584230196571964e-11,1.1676028506323035e-10,1.1676028504959738e-10
4023,"(3.0, 3.0, 6.0, 8.0, 8.0, 9.0, 9.0, 9.0)",4282278000.000001,1,-26.18757635874968,1.0,1.0,4.235260160122605e-12,2.3352057012646066e-10,2.335205700719288e-10
4024,"(3.0, 3.0, 6.0, 8.0, 8.0, 13.0, 14.0, 14.0)",8441842500.0,1,-24.88029130838896,1.0,1.0,1.5654052161671693e-11,1.1845755236490138e-10,1.184575523508692e-10
4025,"(3.0, 3.0, 6.0, 8.0, 9.0, 9.0, 9.0, 11.0)",8564556000.000001,1,-26.452227249509992,1.0,1.0,3.2504513590893685e-12,1.1676028506323035e-10,1.1676028504959738e-10
4026,"(3.0, 3.0, 6.0, 8.0, 9.0, 11.0, 11.0, 14.0)",24525774000.0,1,-25.615576780873475,2.0,4.0,7.504060957874617e-12,8.154686575844661e-11,1.6309373151024333e-10
4027,"(3.0, 3.0, 6.0, 8.0, 11.0, 12.0, 12.0, 14.0)",16883685000.0,1,-25.480939205116247,1.0,1.0,8.585561618703028e-12,5.922877618245069e-11,5.922877617894264e-11
4028,"(3.0, 3.0, 6.0, 8.0, 11.0, 12.0, 14.0, 14.0)",16883685000.0,1,-25.267769318944627,2.0,4.0,1.0625447132500899e-11,1.1845755236490138e-10,2.3691510471577056e-10
4029,"(3.0, 3.0, 6.0, 11.0, 11.0, 11.0, 13.0, 14.0)",7108920000.0,1,-25.50469449909772,1.0,1.0,8.384012485899251e-12,1.406683434333204e-10,1.4066834341353281e-10
4030,"(3.0, 3.0, 6.0, 11.0, 11.0, 13.0, 14.0, 14.0)",8441842500.0,1,-25.409593089909578,1.0,1.0,9.22048856645739e-12,1.1845755236490138e-10,1.184575523508692e-10
4031,"(3.0, 3.0, 7.0, 7.0, 7.0, 7.0, 7.0, 13.0)",749307509.9999999,1,-24.80638972302231,1.0,1.0,1.6854731067477232e-11,1.3345655644102648e-09,1.3345655626291995e-09
4032,"(3.0, 3.0, 7.0, 7.0, 7.0, 8.0, 8.0, 12.0)",6442458750.000004,1,-24.68699143739018,1.0,1.0,1.8992224879356056e-11,1.552202410298707e-10,1.5522024100577738e-10
4033,"(3.0, 3.0, 7.0, 7.0, 7.0, 8.0, 9.0, 11.0)",14725620000.000008,1,-25.2043483808912,1.0,1.0,1.1321150875308657e-11,6.790885545056843e-11,6.790885544595682e-11
4034,"(3.0, 3.0, 7.0, 7.0, 7.0, 8.0, 11.0, 13.0)",12884917500.000008,1,-24.82881520835513,1.0,1.0,1.648096218144496e-11,7.761012051493535e-11,7.761012050891201e-11
4035,"(3.0, 3.0, 7.0, 7.0, 7.0, 8.0, 12.0, 14.0)",10307934000.000006,1,-24.856540918962352,1.0,1.0,1.6030292235089857e-11,9.701265064366919e-11,9.701265063425773e-11
4036,"(3.0, 3.0, 7.0, 7.0, 8.0, 8.0, 8.0, 9.0)",5839470000.000003,1,-24.818584787417144,1.0,1.0,1.6650434771890808e-11,1.7124841809273779e-10,1.7124841806341178e-10
4037,"(3.0, 3.0, 7.0, 7.0, 8.0, 8.0, 9.0, 11.0)",17518410000.000008,1,-25.08323567817745,1.0,1.0,1.2778773035787959e-11,5.7082806030912595e-11,5.708280602765415e-11
4038,"(3.0, 3.0, 7.0, 7.0, 8.0, 8.0, 9.0, 12.0)",15995070000.000008,1,-25.201304155160937,1.0,1.0,1.1355667525680693e-11,6.251926374814237e-11,6.251926374423371e-11
4039,"(3.0, 3.0, 7.0, 7.0, 8.0, 8.0, 9.0, 14.0)",15995070000.000008,1,-24.98813426898932,1.0,1.0,1.405371603012318e-11,6.251926374814237e-11,6.251926374423371e-11
4040,"(3.0, 3.0, 7.0, 7.0, 8.0, 8.0, 11.0, 12.0)",15995070000.000008,1,-24.830529625436743,1.0,1.0,1.6452731145159898e-11,6.251926374814237e-11,6.251926374423371e-11
4041,"(3.0, 3.0, 7.0, 7.0, 8.0, 8.0, 11.0, 14.0)",15995070000.000008,1,-24.61735973926513,1.0,1.0,2.0361815887188856e-11,6.251926374814237e-11,6.251926374423371e-11
4042,"(3.0, 3.0, 7.0, 7.0, 8.0, 8.0, 13.0, 13.0)",6664612500.000003,1,-24.702943862829517,1.0,1.0,1.8691656598606277e-11,1.5004623299554168e-10,1.5004623297302782e-10
4043,"(3.0, 3.0, 7.0, 7.0, 8.0, 9.0, 9.0, 14.0)",15995070000.000008,1,-25.62355968947381,1.0,1.0,7.444395195140611e-12,6.251926374814237e-11,6.251926374423371e-11
4044,"(3.0, 3.0, 7.0, 7.0, 8.0, 9.0, 11.0, 14.0)",31990140000.00001,1,-25.252785159749628,1.0,1.0,1.0785859343537398e-11,3.1259631874071185e-11,3.125963187309402e-11
4045,"(3.0, 3.0, 7.0, 7.0, 8.0, 9.0, 12.0, 14.0)",26658450000.00001,2,-25.37085363673311,2.0,2.0,9.584694269234731e-12,7.502311649777084e-11,7.502311649214237e-11
4046,"(3.0, 3.0, 7.0, 7.0, 8.0, 11.0, 11.0, 13.0)",15995070000.000008,1,-24.9723533964017,1.0,1.0,1.427725511399135e-11,6.251926374814237e-11,6.251926374423371e-11
4047,"(3.0, 3.0, 7.0, 7.0, 8.0, 11.0, 12.0, 14.0)",26658450000.00001,1,-25.000079107008915,1.0,1.0,1.388684527471855e-11,3.751155824888542e-11,3.75115582474783e-11
4048,"(3.0, 3.0, 7.0, 7.0, 8.0, 11.0, 13.0, 13.0)",13329225000.000006,1,-24.96759475358982,1.0,1.0,1.434535738007961e-11,7.502311649777084e-11,7.502311649214237e-11
4049,"(3.0, 3.0, 7.0, 7.0, 8.0, 11.0, 13.0, 14.0)",26658450000.00001,1,-24.87725198721356,1.0,1.0,1.57017022291365e-11,3.751155824888542e-11,3.75115582474783e-11
4050,"(3.0, 3.0, 7.0, 7.0, 8.0, 13.0, 13.0, 14.0)",10130211000.000006,1,-24.872493344401683,1.0,1.0,1.5776599083938693e-11,9.871462697075109e-11,9.871462696100651e-11
4051,"(3.0, 3.0, 7.0, 7.0, 9.0, 9.0, 13.0, 14.0)",13329225000.000006,1,-25.88345193742225,1.0,1.0,5.74063125203166e-12,7.502311649777084e-11,7.502311649214237e-11
4052,"(3.0, 3.0, 7.0, 7.0, 9.0, 11.0, 12.0, 13.0)",26658450000.00001,1,-25.72584729386968,1.0,1.0,6.720575710419491e-12,3.751155824888542e-11,3.75115582474783e-11
4053,"(3.0, 3.0, 7.0, 7.0, 11.0, 13.0, 13.0, 14.0)",10130211000.000006,1,-25.137144235161998,1.0,1.0,1.210812700882864e-11,9.871462697075109e-11,9.871462696100651e-11
4054,"(3.0, 3.0, 7.0, 8.0, 8.0, 8.0, 8.0, 11.0)",2141139000.0,1,-24.32669755497921,1.0,1.0,2.7230115843846187e-11,4.670411402529214e-10,4.67041140034794e-10
4055,"(3.0, 3.0, 7.0, 8.0, 8.0, 9.0, 11.0, 11.0)",12846834000.000002,1,-25.226773866224026,1.0,1.0,1.1070094128432813e-11,7.784019004215357e-11,7.784019003609447e-11
4056,"(3.0, 3.0, 7.0, 8.0, 8.0, 9.0, 11.0, 14.0)",24525774000.0,1,-25.131672457035883,1.0,1.0,1.2174561585218567e-11,4.0773432879223303e-11,4.077343287756083e-11
4057,"(3.0, 3.0, 7.0, 8.0, 8.0, 11.0, 11.0, 12.0)",12262887000.0,1,-24.974067813483316,1.0,1.0,1.4252798913999044e-11,8.154686575844661e-11,8.154686575179672e-11
4058,"(3.0, 3.0, 7.0, 8.0, 9.0, 9.0, 9.0, 14.0)",8175258000.0,1,-26.13787240724457,1.0,1.0,4.4510886587952965e-12,1.2232029863766992e-10,1.2232029862270767e-10
4059,"(3.0, 3.0, 7.0, 8.0, 9.0, 9.0, 11.0, 11.0)",12846834000.000002,1,-25.86219928670852,1.0,1.0,5.8639405665248024e-12,7.784019004215357e-11,7.784019003609447e-11
4060,"(3.0, 3.0, 7.0, 8.0, 9.0, 9.0, 11.0, 13.0)",24525774000.0,1,-25.857440643896645,2.0,4.0,5.89191146412371e-12,8.154686575844661e-11,1.6309373151024333e-10
4061,"(3.0, 3.0, 7.0, 8.0, 9.0, 11.0, 11.0, 14.0)",24525774000.0,1,-25.39632334779619,1.0,1.0,9.34365747436055e-12,4.0773432879223303e-11,4.077343287756083e-11
4062,"(3.0, 3.0, 7.0, 8.0, 9.0, 11.0, 13.0, 14.0)",42653520000.0,1,-25.391564704984315,1.0,1.0,9.388226562919626e-12,2.3444723905553398e-11,2.3444723905003743e-11
4063,"(3.0, 3.0, 7.0, 8.0, 9.0, 13.0, 14.0, 14.0)",16883685000.0,1,-25.29646329579618,1.0,1.0,1.0324893459820114e-11,5.922877618245069e-11,5.922877617894264e-11
4064,"(3.0, 3.0, 7.0, 8.0, 11.0, 11.0, 12.0, 14.0)",21326760000.0,1,-25.143617295055485,1.0,1.0,1.2030003499364814e-11,4.6889447811106797e-11,4.6889447808908176e-11
4065,"(3.0, 3.0, 7.0, 8.0, 11.0, 11.0, 14.0, 14.0)",10663380000.0,1,-24.930447408883865,1.0,1.0,1.4888270781010515e-11,9.377889562221359e-11,9.377889561341911e-11
4066,"(3.0, 3.0, 8.0, 8.0, 9.0, 11.0, 12.0, 14.0)",15823080000.000004,1,-25.393279122065927,2.0,4.0,9.37214501611233e-12,1.263976419255922e-10,2.5279528383520803e-10
4067,"(3.0, 3.0, 8.0, 8.0, 11.0, 11.0, 11.0, 13.0)",2900898000.0000005,1,-24.99477888173452,1.0,1.0,1.396064408542078e-11,3.447208416152515e-10,3.4472084149641904e-10
4068,"(3.0, 3.0, 8.0, 8.0, 11.0, 11.0, 13.0, 14.0)",7911540000.000002,1,-24.899677472546383,1.0,1.0,1.535350279910702e-11,1.263976419255922e-10,1.2639764190961583e-10
4069,"(3.0, 3.0, 8.0, 8.0, 11.0, 13.0, 13.0, 13.0)",2178540000.0000005,1,-24.985261596110767,1.0,1.0,1.4094145801957273e-11,4.5902301541399275e-10,4.590230152032906e-10
4070,"(3.0, 3.0, 8.0, 8.0, 12.0, 13.0, 14.0, 14.0)",4901715000.000001,1,-24.92264454034173,1.0,1.0,1.5004896416258344e-11,2.0401022907288567e-10,2.040102290312655e-10
4071,"(3.0, 3.0, 8.0, 9.0, 11.0, 14.0, 14.0, 14.0)",4357080000.000001,1,-25.34965871746648,1.0,1.0,9.79000922139772e-12,2.2951150770699638e-10,2.2951150765432084e-10
4072,"(3.0, 4.0, 4.0, 4.0, 4.0, 4.0, 12.0, 13.0)",1498615019.9999998,1,-26.250338850532067,1.0,1.0,3.977614490670706e-12,6.672827822051324e-10,6.67282781759866e-10
4073,"(3.0, 4.0, 4.0, 4.0, 4.0, 6.0, 7.0, 14.0)",9740997630.000002,1,-25.88170919002369,1.0,1.0,5.750644444910834e-12,1.0265888957002034e-10,1.0265888955948149e-10
4074,"(3.0, 4.0, 4.0, 4.0, 4.0, 7.0, 11.0, 11.0)",5798212875.0,1,-25.90109535418112,1.0,1.0,5.640235171682133e-12,1.724669344776342e-10,1.7246693444788935e-10
4075,"(3.0, 4.0, 4.0, 4.0, 4.0, 7.0, 11.0, 13.0)",9740997630.000002,1,-25.89633671136924,1.0,1.0,5.667138998320759e-12,1.0265888957002034e-10,1.0265888955948149e-10
4076,"(3.0, 4.0, 4.0, 4.0, 4.0, 7.0, 12.0, 12.0)",3746537550.0,1,-26.13723230814808,1.0,1.0,4.453938708684056e-12,2.6691311288205293e-10,2.6691311281081035e-10
4077,"(3.0, 4.0, 4.0, 4.0, 4.0, 8.0, 8.0, 14.0)",4509721125.000002,2,-25.420230351518924,2.0,2.0,9.122927627950334e-12,4.4348640294248774e-10,4.4348640274580756e-10
4078,"(3.0, 4.0, 4.0, 4.0, 4.0, 8.0, 11.0, 14.0)",9019442250.000004,1,-25.684881242279232,1.0,1.0,7.0016082568790265e-12,1.1087160073562194e-10,1.1087160072332942e-10
4079,"(3.0, 4.0, 4.0, 4.0, 6.0, 6.0, 7.0, 13.0)",19481995260.000004,1,-25.95537172729789,1.0,1.0,5.342263227887994e-12,5.132944478501017e-11,5.132944478237546e-11
4080,"(3.0, 4.0, 4.0, 4.0, 6.0, 6.0, 8.0, 11.0)",23192851500.0,1,-25.839017667396025,1.0,1.0,6.001464054419038e-12,4.311673361940855e-11,4.31167336175495e-11
4081,"(3.0, 4.0, 4.0, 4.0, 6.0, 6.0, 9.0, 13.0)",19481995260.000004,1,-26.46968444506865,1.0,1.0,3.1942000179508446e-12,5.132944478501017e-11,5.132944478237546e-11
4082,"(3.0, 4.0, 4.0, 4.0, 6.0, 7.0, 7.0, 12.0)",19481995260.000004,1,-25.85894541401597,1.0,1.0,5.883052159087236e-12,5.132944478501017e-11,5.132944478237546e-11
4083,"(3.0, 4.0, 4.0, 4.0, 6.0, 7.0, 8.0, 8.0)",23192851500.0,1,-25.35511334355844,1.0,1.0,9.736753758020363e-12,4.311673361940855e-11,4.31167336175495e-11
4084,"(3.0, 4.0, 4.0, 4.0, 6.0, 7.0, 8.0, 9.0)",46385703000.0,1,-25.99053876404293,1.0,1.0,5.157656717775502e-12,2.1558366809704275e-11,2.1558366809239512e-11
4085,"(3.0, 4.0, 4.0, 4.0, 6.0, 7.0, 8.0, 11.0)",46385703000.0,1,-25.619764234318744,1.0,1.0,7.472703751204704e-12,2.1558366809704275e-11,2.1558366809239512e-11
4086,"(3.0, 4.0, 4.0, 4.0, 6.0, 7.0, 9.0, 13.0)",38963990520.00001,2,-26.250431011991367,2.0,2.0,3.977247924806596e-12,5.132944478501017e-11,5.132944478237546e-11
4087,"(3.0, 4.0, 4.0, 4.0, 6.0, 7.0, 11.0, 14.0)",38963990520.00001,1,-25.789313715890916,1.0,1.0,6.307298153797195e-12,2.5664722392505085e-11,2.5664722391846407e-11
4088,"(3.0, 4.0, 4.0, 4.0, 6.0, 8.0, 8.0, 8.0)",6871956000.000002,1,-25.23400064084469,1.0,1.0,1.099038143290401e-11,1.455189759655038e-10,1.4551897594432804e-10
4089,"(3.0, 4.0, 4.0, 4.0, 6.0, 8.0, 8.0, 9.0)",20615868000.000004,1,-25.86942606132919,1.0,1.0,5.821715947334072e-12,4.8506325321834606e-11,4.850632531948174e-11
4090,"(3.0, 4.0, 4.0, 4.0, 6.0, 8.0, 8.0, 13.0)",18038884500.000008,1,-25.493892888793127,1.0,1.0,8.475064188782067e-12,5.543580036781097e-11,5.543580036473784e-11
4091,"(3.0, 4.0, 4.0, 4.0, 6.0, 8.0, 9.0, 11.0)",41231736000.00001,1,-26.1340769520895,1.0,1.0,4.468014666824264e-12,2.4253162660917303e-11,2.4253162660329087e-11
4092,"(3.0, 4.0, 4.0, 4.0, 6.0, 8.0, 11.0, 13.0)",36077769000.000015,1,-25.758543779553435,1.0,1.0,6.504390018392385e-12,2.7717900183905484e-11,2.77179001831372e-11
4093,"(3.0, 4.0, 4.0, 4.0, 6.0, 9.0, 9.0, 11.0)",20615868000.000004,1,-26.769502372574,1.0,1.0,2.3667524550965728e-12,4.8506325321834606e-11,4.850632531948174e-11
4094,"(3.0, 4.0, 4.0, 4.0, 7.0, 7.0, 7.0, 9.0)",8040188520.000004,1,-25.892398033679395,1.0,1.0,5.689504047706472e-12,1.243751931329092e-10,1.2437519311744003e-10
4095,"(3.0, 4.0, 4.0, 4.0, 7.0, 7.0, 8.0, 11.0)",23192851500.0,1,-25.40051080124146,1.0,1.0,9.3046131488785e-12,4.311673361940855e-11,4.31167336175495e-11
4096,"(3.0, 4.0, 4.0, 4.0, 7.0, 7.0, 8.0, 12.0)",19481995260.000004,1,-25.51857927822494,1.0,1.0,8.268406761575036e-12,5.132944478501017e-11,5.132944478237546e-11
4097,"(3.0, 4.0, 4.0, 4.0, 7.0, 7.0, 11.0, 11.0)",11596425750.0,1,-25.66516169200177,1.0,1.0,7.141047140465959e-12,8.62334672388171e-11,8.623346723138089e-11
4098,"(3.0, 4.0, 4.0, 4.0, 7.0, 7.0, 11.0, 12.0)",19481995260.000004,1,-25.78323016898525,1.0,1.0,6.345785850115844e-12,5.132944478501017e-11,5.132944478237546e-11
4099,"(3.0, 4.0, 4.0, 4.0, 7.0, 8.0, 8.0, 8.0)",6871956000.000002,1,-25.01474720776741,1.0,1.0,1.368463825095468e-11,1.455189759655038e-10,1.4551897594432804e-10
4100,"(3.0, 4.0, 4.0, 4.0, 7.0, 8.0, 8.0, 12.0)",18038884500.000008,1,-25.3974665755112,1.0,1.0,9.332981649788328e-12,5.543580036781097e-11,5.543580036473784e-11
4101,"(3.0, 4.0, 4.0, 4.0, 7.0, 8.0, 8.0, 14.0)",18038884500.000008,2,-25.18429668933958,2.0,2.0,1.1550450338903688e-11,1.1087160073562194e-10,1.1087160072332942e-10
4102,"(3.0, 4.0, 4.0, 4.0, 7.0, 8.0, 9.0, 14.0)",36077769000.000015,1,-25.81972210982408,1.0,1.0,6.1183900984151504e-12,2.7717900183905484e-11,2.77179001831372e-11
4103,"(3.0, 4.0, 4.0, 4.0, 7.0, 9.0, 11.0, 12.0)",36077769000.000015,1,-26.297542886756005,1.0,1.0,3.7942176212020404e-12,2.7717900183905484e-11,2.77179001831372e-11
4104,"(3.0, 4.0, 4.0, 4.0, 8.0, 8.0, 9.0, 11.0)",16934463000.000006,1,-25.79371081629847,1.0,1.0,6.2796252154456496e-12,5.905117865266821e-11,5.905117864918117e-11
4105,"(3.0, 4.0, 4.0, 4.0, 8.0, 11.0, 11.0, 12.0)",15461901000.000002,1,-25.805655654318077,1.0,1.0,6.205062316841876e-12,6.467510042911282e-11,6.467510042492995e-11
4106,"(3.0, 4.0, 4.0, 4.0, 9.0, 9.0, 11.0, 11.0)",8467231500.000003,1,-26.69378712754328,1.0,1.0,2.5529102639485888e-12,1.1810235730533642e-10,1.1810235729138825e-10
4107,"(3.0, 4.0, 4.0, 6.0, 6.0, 6.0, 6.0, 14.0)",4870498815.000001,1,-26.06760216489685,1.0,1.0,4.775119267137211e-12,2.0531777914004068e-10,2.0531777909788528e-10
4108,"(3.0, 4.0, 4.0, 6.0, 6.0, 6.0, 7.0, 14.0)",19481995260.000004,1,-25.84834873181957,1.0,1.0,5.945724465967885e-12,5.132944478501017e-11,5.132944478237546e-11
4109,"(3.0, 4.0, 4.0, 6.0, 6.0, 6.0, 9.0, 9.0)",11596425750.0,1,-26.828537388502653,1.0,1.0,2.231075435792649e-12,8.62334672388171e-11,8.623346723138089e-11
4110,"(3.0, 4.0, 4.0, 6.0, 6.0, 6.0, 11.0, 12.0)",19481995260.000004,1,-26.205056806037756,1.0,1.0,4.161869240002455e-12,5.132944478501017e-11,5.132944478237546e-11
4111,"(3.0, 4.0, 4.0, 6.0, 6.0, 7.0, 7.0, 7.0)",11596425750.000002,1,-25.58065851988386,2.0,4.0,7.770718227231048e-12,1.7246693447763417e-10,3.449338689255235e-10
4112,"(3.0, 4.0, 4.0, 6.0, 6.0, 7.0, 7.0, 12.0)",29222992890.000004,1,-25.842265184913902,1.0,1.0,5.9820058073696335e-12,3.4219629856673445e-11,3.421962985550246e-11
4113,"(3.0, 4.0, 4.0, 6.0, 6.0, 7.0, 7.0, 13.0)",29222992890.000004,1,-25.71943806511855,1.0,1.0,6.7637877474793554e-12,3.4219629856673445e-11,3.421962985550246e-11
4114,"(3.0, 4.0, 4.0, 6.0, 6.0, 7.0, 8.0, 11.0)",69578554500.0,2,-25.60308400521668,2.0,2.0,7.598395531375802e-12,2.87444890796057e-11,2.8744489078779453e-11
4115,"(3.0, 4.0, 4.0, 6.0, 6.0, 7.0, 11.0, 13.0)",58445985780.00001,1,-25.862976253165115,1.0,1.0,5.859386250905493e-12,1.7109814928336722e-11,1.7109814928043978e-11
4116,"(3.0, 4.0, 4.0, 6.0, 6.0, 7.0, 11.0, 14.0)",58445985780.00001,2,-25.77263348678885,3.0,5.0,6.413387670980721e-12,5.132944478501017e-11,8.55490746390489e-11
4117,"(3.0, 4.0, 4.0, 6.0, 6.0, 7.0, 12.0, 13.0)",44958450599.99999,1,-25.9810447301486,1.0,1.0,5.206856869864181e-12,2.224275940683775e-11,2.2242759406343007e-11
4118,"(3.0, 4.0, 4.0, 6.0, 6.0, 8.0, 8.0, 8.0)",10307934000.000002,1,-25.217320411742627,1.0,1.0,1.1175240976792446e-11,9.701265064366921e-11,9.701265063425776e-11
4119,"(3.0, 4.0, 4.0, 6.0, 6.0, 8.0, 9.0, 11.0)",61847604000.000015,1,-26.11739672298744,1.0,1.0,4.543167213479558e-12,1.6168775107278202e-11,1.6168775107016774e-11
4120,"(3.0, 4.0, 4.0, 6.0, 6.0, 8.0, 9.0, 12.0)",54116653500.00002,2,-26.23546519997092,2.0,2.0,4.03721830299072e-12,3.6957200245207314e-11,3.695720024384148e-11
4121,"(3.0, 4.0, 4.0, 6.0, 6.0, 8.0, 14.0, 14.0)",21646661400.000008,1,-25.55641937488697,1.0,1.0,7.961375138602987e-12,4.619650030650914e-11,4.619650030437502e-11
4122,"(3.0, 4.0, 4.0, 6.0, 6.0, 9.0, 9.0, 13.0)",27058326750.00001,1,-26.74806350066006,1.0,1.0,2.4180407752612943e-12,3.6957200245207314e-11,3.695720024384148e-11
4123,"(3.0, 4.0, 4.0, 6.0, 6.0, 11.0, 12.0, 14.0)",43293322800.000015,1,-26.0342401518189,1.0,1.0,4.937114069877918e-12,2.309825015325457e-11,2.3098250152721042e-11
4124,"(3.0, 4.0, 4.0, 6.0, 7.0, 7.0, 7.0, 9.0)",24120565560.00001,1,-25.87571780457733,1.0,1.0,5.785202193365145e-12,4.145839771096974e-11,4.145839770925094e-11
4125,"(3.0, 4.0, 4.0, 6.0, 7.0, 7.0, 7.0, 11.0)",24120565560.00001,1,-25.50494327485314,1.0,1.0,8.381927006278762e-12,4.145839771096974e-11,4.145839770925094e-11
4126,"(3.0, 4.0, 4.0, 6.0, 7.0, 7.0, 7.0, 13.0)",19481995260.000004,1,-25.500184632041268,1.0,1.0,8.421908656725964e-12,5.132944478501017e-11,5.132944478237546e-11
4127,"(3.0, 4.0, 4.0, 6.0, 7.0, 7.0, 9.0, 9.0)",34789277250.0,1,-26.390030522348088,1.0,1.0,3.4590382692920563e-12,2.87444890796057e-11,2.8744489078779453e-11
4128,"(3.0, 4.0, 4.0, 6.0, 7.0, 7.0, 11.0, 14.0)",58445985780.00001,1,-25.55338005371157,1.0,1.0,7.985609123423601e-12,1.7109814928336722e-11,1.7109814928043978e-11
4129,"(3.0, 4.0, 4.0, 6.0, 7.0, 7.0, 12.0, 13.0)",44958450599.99999,1,-25.761791297071312,1.0,1.0,6.483301159617938e-12,2.224275940683775e-11,2.2242759406343007e-11
4130,"(3.0, 4.0, 4.0, 6.0, 7.0, 8.0, 8.0, 8.0)",20615868000.000004,3,-24.998066978665346,3.0,3.0,1.3914815520123516e-11,1.4551897596550384e-10,1.4551897594432807e-10
4131,"(3.0, 4.0, 4.0, 6.0, 7.0, 8.0, 8.0, 9.0)",61847604000.000015,2,-25.633492399149844,2.0,2.0,7.37081819336909e-12,3.2337550214556404e-11,3.2337550213510686e-11
4132,"(3.0, 4.0, 4.0, 6.0, 7.0, 8.0, 8.0, 11.0)",61847604000.000015,3,-25.262717869425657,3.0,3.0,1.067925683638617e-11,4.8506325321834606e-11,4.850632531948174e-11
4133,"(3.0, 4.0, 4.0, 6.0, 7.0, 8.0, 9.0, 9.0)",61847604000.000015,1,-26.268917819634343,1.0,1.0,3.904396774871401e-12,1.6168775107278202e-11,1.6168775107016774e-11
4134,"(3.0, 4.0, 4.0, 6.0, 7.0, 8.0, 9.0, 11.0)",123695208000.00005,1,-25.898143289910152,1.0,1.0,5.6569101090459854e-12,8.0843875536391e-12,8.084387553573742e-12
4135,"(3.0, 4.0, 4.0, 6.0, 7.0, 8.0, 9.0, 13.0)",108233307000.00005,1,-25.89338464709828,1.0,1.0,5.6838934748545514e-12,9.239300061301829e-12,9.239300061216464e-12
4136,"(3.0, 4.0, 4.0, 6.0, 7.0, 8.0, 11.0, 11.0)",61847604000.000015,2,-25.527368760185965,2.0,2.0,8.19605020365292e-12,3.2337550214556404e-11,3.2337550213510686e-11
4137,"(3.0, 4.0, 4.0, 6.0, 7.0, 8.0, 11.0, 12.0)",108233307000.00005,1,-25.64543723716945,1.0,1.0,7.283298707615827e-12,9.239300061301829e-12,9.239300061216464e-12
4138,"(3.0, 4.0, 4.0, 6.0, 7.0, 8.0, 11.0, 14.0)",108233307000.00005,3,-25.432267350997822,3.0,3.0,9.013773216582569e-12,2.7717900183905484e-11,2.77179001831372e-11
4139,"(3.0, 4.0, 4.0, 6.0, 7.0, 8.0, 12.0, 12.0)",43293322800.000015,1,-25.763505714152927,1.0,1.0,6.4721955998654496e-12,2.309825015325457e-11,2.3098250152721042e-11
4140,"(3.0, 4.0, 4.0, 6.0, 7.0, 8.0, 12.0, 14.0)",86586645600.00003,1,-25.550335827981307,1.0,1.0,8.009956160324426e-12,1.1549125076627285e-11,1.1549125076493902e-11
4141,"(3.0, 4.0, 4.0, 6.0, 7.0, 8.0, 13.0, 13.0)",43293322800.000015,1,-25.51785147456221,3.0,9.0,8.274426728712391e-12,6.929475045976371e-11,2.078842513744894e-10
4142,"(3.0, 4.0, 4.0, 6.0, 7.0, 9.0, 9.0, 11.0)",61847604000.000015,1,-26.53356871039465,1.0,1.0,2.996522367810706e-12,1.6168775107278202e-11,1.6168775107016774e-11
4143,"(3.0, 4.0, 4.0, 6.0, 7.0, 9.0, 9.0, 12.0)",54116653500.00002,1,-26.65163718737813,1.0,1.0,2.662815252045511e-12,1.8478600122603657e-11,1.84786001222622e-11
4144,"(3.0, 4.0, 4.0, 6.0, 7.0, 9.0, 12.0, 12.0)",43293322800.000015,2,-26.398931134637422,2.0,2.0,3.42838731922393e-12,4.619650030650914e-11,4.619650030437502e-11
4145,"(3.0, 4.0, 4.0, 6.0, 7.0, 11.0, 12.0, 14.0)",86586645600.00003,1,-25.81498671874161,1.0,1.0,6.147431775907543e-12,1.1549125076627285e-11,1.1549125076493902e-11
4146,"(3.0, 4.0, 4.0, 6.0, 7.0, 12.0, 14.0, 14.0)",31637428200.000004,1,-25.71988530955348,1.0,1.0,6.76076335742147e-12,3.160813178866416e-11,3.1608131787665085e-11
4147,"(3.0, 4.0, 4.0, 6.0, 8.0, 8.0, 9.0, 12.0)",46385703000.00001,2,-25.89509906417989,2.0,2.0,5.674157259143207e-12,4.311673361940854e-11,4.311673361754949e-11
4148,"(3.0, 4.0, 4.0, 6.0, 8.0, 8.0, 9.0, 13.0)",46385703000.00001,1,-25.77227194438453,1.0,1.0,6.415706801785905e-12,2.155836680970427e-11,2.155836680923951e-11
4149,"(3.0, 4.0, 4.0, 6.0, 8.0, 8.0, 11.0, 11.0)",25401694500.000008,1,-25.40625605747222,1.0,1.0,9.251309031737298e-12,3.936745243511214e-11,3.936745243356235e-11
4150,"(3.0, 4.0, 4.0, 6.0, 8.0, 8.0, 13.0, 14.0)",38654752500.000015,1,-25.30639600547221,1.0,1.0,1.0222846928910584e-11,2.587004017164512e-11,2.587004017097586e-11
4151,"(3.0, 4.0, 4.0, 6.0, 8.0, 9.0, 9.0, 14.0)",46385703000.00001,1,-26.31735459849277,1.0,1.0,3.7197874049157425e-12,2.155836680970427e-11,2.155836680923951e-11
4152,"(3.0, 4.0, 4.0, 6.0, 8.0, 9.0, 11.0, 12.0)",92771406000.00002,2,-26.159749954940203,2.0,2.0,4.354767234448928e-12,2.155836680970427e-11,2.155836680923951e-11
4153,"(3.0, 4.0, 4.0, 6.0, 8.0, 9.0, 11.0, 13.0)",92771406000.00002,1,-26.036922835144843,1.0,1.0,4.9238871060946125e-12,1.0779183404852136e-11,1.0779183404735944e-11
4154,"(3.0, 4.0, 4.0, 6.0, 8.0, 9.0, 11.0, 14.0)",92771406000.00002,2,-25.946580068768583,2.0,2.0,5.389437648806274e-12,2.155836680970427e-11,2.155836680923951e-11
4155,"(3.0, 4.0, 4.0, 6.0, 8.0, 11.0, 12.0, 14.0)",77309505000.00003,1,-25.693874016027877,1.0,1.0,6.938926641163614e-12,1.293502008582256e-11,1.2935020085655244e-11
4156,"(3.0, 4.0, 4.0, 6.0, 8.0, 11.0, 13.0, 14.0)",77309505000.00003,1,-25.57104689623252,1.0,1.0,7.845767541439072e-12,1.293502008582256e-11,1.2935020085655244e-11
4157,"(3.0, 4.0, 4.0, 6.0, 8.0, 13.0, 14.0, 14.0)",29377611900.00001,1,-25.475945487044378,1.0,1.0,8.628542721350949e-12,3.4039526541638315e-11,3.403952654047963e-11
4158,"(3.0, 4.0, 4.0, 6.0, 9.0, 9.0, 12.0, 14.0)",38654752500.000015,1,-26.70007396623656,1.0,1.0,2.5369108744084217e-12,2.587004017164512e-11,2.587004017097586e-11
4159,"(3.0, 4.0, 4.0, 6.0, 9.0, 11.0, 11.0, 13.0)",46385703000.00001,1,-26.301573725905158,1.0,1.0,3.7789545224878165e-12,2.155836680970427e-11,2.155836680923951e-11
4160,"(3.0, 4.0, 4.0, 6.0, 9.0, 11.0, 12.0, 13.0)",77309505000.00003,2,-26.419642202888635,2.0,2.0,3.3581120058912987e-12,2.587004017164512e-11,2.587004017097586e-11
4161,"(3.0, 4.0, 4.0, 6.0, 9.0, 11.0, 12.0, 14.0)",77309505000.00003,2,-26.32929943651237,3.0,5.0,3.675619461513968e-12,3.880506025746768e-11,6.467510042760696e-11
4162,"(3.0, 4.0, 4.0, 6.0, 11.0, 11.0, 13.0, 13.0)",19327376250.000008,1,-25.926040553369088,1.0,1.0,5.501278735393949e-12,5.174008034329024e-11,5.17400803406132e-11
4163,"(3.0, 4.0, 4.0, 6.0, 11.0, 11.0, 14.0, 14.0)",19327376250.000008,1,-25.745355020616564,1.0,1.0,6.590743043283061e-12,5.174008034329024e-11,5.17400803406132e-11
4164,"(3.0, 4.0, 4.0, 7.0, 7.0, 7.0, 7.0, 8.0)",6030141390.000003,1,-25.02103895101555,1.0,1.0,1.359880831373867e-11,1.6583359084387896e-10,1.6583359081637818e-10
4165,"(3.0, 4.0, 4.0, 7.0, 7.0, 7.0, 8.0, 13.0)",19481995260.000004,2,-25.15981849625024,2.0,2.0,1.1836673311671672e-11,1.0265888957002034e-10,1.0265888955948149e-10
4166,"(3.0, 4.0, 4.0, 7.0, 7.0, 7.0, 9.0, 9.0)",11596425750.0,1,-26.170777089270807,1.0,1.0,4.3070104254755195e-12,8.62334672388171e-11,8.623346723138089e-11
4167,"(3.0, 4.0, 4.0, 7.0, 7.0, 7.0, 9.0, 11.0)",23192851500.0,1,-25.800002559546613,2.0,4.0,6.240239458358197e-12,8.62334672388171e-11,1.72466934470198e-10
4168,"(3.0, 4.0, 4.0, 7.0, 7.0, 7.0, 9.0, 13.0)",19481995260.000004,1,-25.79524391673474,1.0,1.0,6.270005295324329e-12,5.132944478501017e-11,5.132944478237546e-11
4169,"(3.0, 4.0, 4.0, 7.0, 7.0, 7.0, 11.0, 13.0)",19481995260.000004,1,-25.42446938701055,1.0,1.0,9.084337065118156e-12,5.132944478501017e-11,5.132944478237546e-11
4170,"(3.0, 4.0, 4.0, 7.0, 7.0, 7.0, 12.0, 13.0)",14986150199.999998,1,-25.54253786399403,1.0,1.0,8.072661679943477e-12,6.672827822051325e-11,6.672827821606058e-11
4171,"(3.0, 4.0, 4.0, 7.0, 7.0, 7.0, 14.0, 14.0)",7493075099.999999,1,-25.239025211446148,1.0,1.0,1.0935297986677479e-11,1.334565564410265e-10,1.3345655642321584e-10
4172,"(3.0, 4.0, 4.0, 7.0, 7.0, 8.0, 8.0, 11.0)",30923802000.000008,3,-25.043464436348373,4.0,6.0,1.329724245579388e-11,1.2935020085822562e-10,1.9402530127060694e-10
4173,"(3.0, 4.0, 4.0, 7.0, 7.0, 8.0, 8.0, 13.0)",27058326750.00001,1,-25.038705793536497,1.0,1.0,1.3360670078031747e-11,3.6957200245207314e-11,3.695720024384148e-11
4174,"(3.0, 4.0, 4.0, 7.0, 7.0, 8.0, 11.0, 12.0)",54116653500.00002,1,-25.42618380409216,1.0,1.0,9.068776065311978e-12,1.8478600122603657e-11,1.84786001222622e-11
4175,"(3.0, 4.0, 4.0, 7.0, 7.0, 8.0, 13.0, 14.0)",43293322800.000015,1,-25.20825527510867,1.0,1.0,1.127700662602577e-11,2.309825015325457e-11,2.3098250152721042e-11
4176,"(3.0, 4.0, 4.0, 7.0, 7.0, 9.0, 9.0, 9.0)",10307934000.000002,1,-26.68508980704156,1.0,1.0,2.5752105786459607e-12,9.701265064366921e-11,9.701265063425776e-11
4177,"(3.0, 4.0, 4.0, 7.0, 7.0, 11.0, 14.0, 14.0)",21646661400.000008,1,-25.382563399492717,1.0,1.0,9.47311433546546e-12,4.619650030650914e-11,4.619650030437502e-11
4178,"(3.0, 4.0, 4.0, 7.0, 8.0, 8.0, 8.0, 8.0)",4233615750.0000014,1,-24.65770084287432,1.0,1.0,1.9556745651989733e-11,2.3620471461067285e-10,2.362047145548802e-10
4179,"(3.0, 4.0, 4.0, 7.0, 8.0, 8.0, 8.0, 11.0)",16934463000.000006,1,-24.922351733634628,1.0,1.0,1.5009290593859324e-11,5.905117865266821e-11,5.905117864918117e-11
4180,"(3.0, 4.0, 4.0, 7.0, 8.0, 8.0, 9.0, 13.0)",46385703000.00001,1,-25.55301851130725,1.0,1.0,7.988496781720054e-12,2.155836680970427e-11,2.155836680923951e-11
4181,"(3.0, 4.0, 4.0, 7.0, 8.0, 8.0, 11.0, 12.0)",46385703000.00001,2,-25.30507110137842,2.0,2.0,1.0236400197064518e-11,4.311673361940854e-11,4.311673361754949e-11
4182,"(3.0, 4.0, 4.0, 7.0, 8.0, 8.0, 11.0, 13.0)",46385703000.00001,1,-25.182243981583063,1.0,1.0,1.1574184389106243e-11,2.155836680970427e-11,2.155836680923951e-11
4183,"(3.0, 4.0, 4.0, 7.0, 8.0, 8.0, 12.0, 12.0)",19327376250.000008,1,-25.4231395783619,1.0,1.0,9.096425531006404e-12,5.174008034329024e-11,5.17400803406132e-11
4184,"(3.0, 4.0, 4.0, 7.0, 8.0, 8.0, 13.0, 13.0)",19327376250.000008,1,-25.177485338771188,1.0,1.0,1.1629393053427754e-11,5.174008034329024e-11,5.17400803406132e-11
4185,"(3.0, 4.0, 4.0, 7.0, 8.0, 9.0, 9.0, 9.0)",16934463000.000006,1,-26.56397710432782,1.0,1.0,2.9067743965543927e-12,5.905117865266821e-11,5.905117864918117e-11
4186,"(3.0, 4.0, 4.0, 7.0, 8.0, 9.0, 9.0, 11.0)",50803389000.000015,1,-26.193202574603628,1.0,1.0,4.211498578836466e-12,1.968372621755607e-11,1.968372621716862e-11
4187,"(3.0, 4.0, 4.0, 7.0, 8.0, 9.0, 11.0, 12.0)",92771406000.00002,1,-25.94049652186292,2.0,4.0,5.422324478395984e-12,2.155836680970427e-11,4.311673361894378e-11
4188,"(3.0, 4.0, 4.0, 7.0, 8.0, 11.0, 11.0, 14.0)",46385703000.00001,5,-25.35655210596711,6.0,8.0,9.722754955620998e-12,1.2935020085822562e-10,1.7246693446090269e-10
4189,"(3.0, 4.0, 4.0, 7.0, 8.0, 11.0, 12.0, 12.0)",38654752500.000015,1,-25.687790469122213,1.0,1.0,6.98126859089078e-12,2.587004017164512e-11,2.587004017097586e-11
4190,"(3.0, 4.0, 4.0, 7.0, 8.0, 11.0, 12.0, 14.0)",77309505000.00003,1,-25.474620582950596,1.0,1.0,8.639982289417726e-12,1.293502008582256e-11,1.2935020085655244e-11
4191,"(3.0, 4.0, 4.0, 7.0, 8.0, 11.0, 13.0, 14.0)",77309505000.00003,2,-25.351793463155232,2.0,2.0,9.76913233277172e-12,2.587004017164512e-11,2.587004017097586e-11
4192,"(3.0, 4.0, 4.0, 7.0, 8.0, 11.0, 14.0, 14.0)",38654752500.000015,1,-25.26145069677897,1.0,1.0,1.069279787614186e-11,2.587004017164512e-11,2.587004017097586e-11
4193,"(3.0, 4.0, 4.0, 7.0, 8.0, 12.0, 12.0, 13.0)",29377611900.00001,1,-25.683031826310334,1.0,1.0,7.0145691243206646e-12,3.4039526541638315e-11,3.403952654047963e-11
4194,"(3.0, 4.0, 4.0, 7.0, 9.0, 9.0, 11.0, 12.0)",46385703000.00001,1,-26.575921942347417,1.0,1.0,2.872259992086256e-12,2.155836680970427e-11,2.155836680923951e-11
4195,"(3.0, 4.0, 4.0, 7.0, 9.0, 11.0, 11.0, 12.0)",46385703000.00001,1,-26.205147412623223,1.0,1.0,4.161492164324489e-12,2.155836680970427e-11,2.155836680923951e-11
4196,"(3.0, 4.0, 4.0, 7.0, 9.0, 11.0, 12.0, 12.0)",38654752500.000015,1,-26.323215889606708,1.0,1.0,3.69804841955083e-12,2.587004017164512e-11,2.587004017097586e-11
4197,"(3.0, 4.0, 4.0, 7.0, 9.0, 11.0, 12.0, 13.0)",77309505000.00003,2,-26.200388769811354,2.0,2.0,4.181342411759002e-12,2.587004017164512e-11,2.587004017097586e-11
4198,"(3.0, 4.0, 4.0, 7.0, 9.0, 11.0, 12.0, 14.0)",77309505000.00003,1,-26.110046003435087,1.0,1.0,4.576685803496881e-12,1.293502008582256e-11,1.2935020085655244e-11
4199,"(3.0, 4.0, 4.0, 7.0, 9.0, 11.0, 14.0, 14.0)",38654752500.000015,1,-25.89687611726347,1.0,1.0,5.664082934445177e-12,2.587004017164512e-11,2.587004017097586e-11
4200,"(3.0, 4.0, 4.0, 7.0, 9.0, 12.0, 13.0, 14.0)",58755223800.00003,1,-26.105287360623212,2.0,4.0,4.598516517587465e-12,3.403952654163831e-11,6.807905308211793e-11
4201,"(3.0, 4.0, 4.0, 7.0, 11.0, 11.0, 11.0, 12.0)",15461901000.000002,1,-25.83437288289904,1.0,1.0,6.029404399827696e-12,6.467510042911282e-11,6.467510042492995e-11
4202,"(3.0, 4.0, 4.0, 7.0, 11.0, 11.0, 12.0, 12.0)",19327376250.000008,1,-25.95244135988252,1.0,1.0,5.3579409815457535e-12,5.174008034329024e-11,5.17400803406132e-11
4203,"(3.0, 4.0, 4.0, 7.0, 11.0, 11.0, 12.0, 13.0)",38654752500.000015,1,-25.829614240087164,1.0,1.0,6.0581645571206824e-12,2.587004017164512e-11,2.587004017097586e-11
4204,"(3.0, 4.0, 4.0, 8.0, 8.0, 8.0, 9.0, 9.0)",6423417000.000003,1,-25.80743898112957,1.0,1.0,6.194006523821333e-12,1.5568038008430709e-10,1.556803800600707e-10
4205,"(3.0, 4.0, 4.0, 8.0, 8.0, 8.0, 9.0, 13.0)",12262887000.000006,1,-25.43190580859351,2.0,4.0,9.017032667002493e-12,1.6309373151689314e-10,3.2618746300718673e-10
4206,"(3.0, 4.0, 4.0, 8.0, 8.0, 8.0, 11.0, 12.0)",12262887000.000006,1,-25.18395839866468,1.0,1.0,1.1554358409538895e-11,8.154686575844657e-11,8.154686575179668e-11
4207,"(3.0, 4.0, 4.0, 8.0, 8.0, 9.0, 11.0, 13.0)",36788661000.000015,1,-25.69655669935382,1.0,1.0,6.920336645048746e-12,2.7182288586148857e-11,2.718228858540998e-11
4208,"(3.0, 4.0, 4.0, 8.0, 8.0, 9.0, 11.0, 14.0)",36788661000.000015,1,-25.60621393297756,1.0,1.0,7.574650282106357e-12,2.7182288586148857e-11,2.718228858540998e-11
4209,"(3.0, 4.0, 4.0, 8.0, 8.0, 9.0, 12.0, 13.0)",31990140000.00001,1,-25.8146251763373,2.0,4.0,6.149654734994907e-12,6.251926374814237e-11,1.2503852749237608e-10
4210,"(3.0, 4.0, 4.0, 8.0, 8.0, 9.0, 12.0, 14.0)",31990140000.00001,1,-25.72428240996104,1.0,1.0,6.731100864379663e-12,3.1259631874071185e-11,3.125963187309402e-11
4211,"(3.0, 4.0, 4.0, 8.0, 8.0, 9.0, 13.0, 13.0)",15995070000.000006,1,-25.69179805654194,1.0,1.0,6.953346534124665e-12,6.251926374814237e-11,6.251926374423371e-11
4212,"(3.0, 4.0, 4.0, 8.0, 9.0, 11.0, 11.0, 12.0)",36788661000.000015,1,-26.084034709909485,1.0,1.0,4.697293097126227e-12,2.7182288586148857e-11,2.718228858540998e-11
4213,"(3.0, 4.0, 4.0, 8.0, 11.0, 11.0, 13.0, 14.0)",31990140000.00001,1,-25.4953316512018,1.0,1.0,8.462879352660176e-12,3.1259631874071185e-11,3.125963187309402e-11
4214,"(3.0, 4.0, 4.0, 9.0, 9.0, 11.0, 12.0, 13.0)",31990140000.00001,1,-26.714701487582108,1.0,1.0,2.5000722422244808e-12,3.1259631874071185e-11,3.125963187309402e-11
4215,"(3.0, 4.0, 4.0, 9.0, 11.0, 11.0, 11.0, 13.0)",12262887000.000006,1,-26.22585848087444,1.0,1.0,4.076189618681705e-12,8.154686575844657e-11,8.154686575179668e-11
4216,"(3.0, 4.0, 4.0, 11.0, 11.0, 12.0, 12.0, 14.0)",12662763750.000004,1,-26.000878138740948,1.0,1.0,5.1046045083602515e-12,7.89717015766009e-11,7.897170157036437e-11
4217,"(3.0, 4.0, 4.0, 11.0, 12.0, 13.0, 13.0, 14.0)",18234379800.000008,1,-25.873292376133715,1.0,1.0,5.799250817396169e-12,5.484145942819506e-11,5.484145942518748e-11
4218,"(3.0, 4.0, 6.0, 6.0, 6.0, 6.0, 6.0, 14.0)",1948199526.0,1,-26.050921935794783,1.0,1.0,4.855437350283376e-12,5.132944478501018e-10,5.132944475866306e-10
4219,"(3.0, 4.0, 6.0, 6.0, 6.0, 6.0, 9.0, 11.0)",11596425750.0,1,-26.4410826296764,2.0,4.0,3.2868790129174876e-12,1.724669344776342e-10,3.4493386892552355e-10
4220,"(3.0, 4.0, 6.0, 6.0, 6.0, 7.0, 7.0, 9.0)",24120565560.00001,1,-26.07829100855255,1.0,1.0,4.724350576516937e-12,4.145839771096974e-11,4.145839770925094e-11
4221,"(3.0, 4.0, 6.0, 6.0, 6.0, 7.0, 8.0, 11.0)",46385703000.0,1,-25.58640377611462,1.0,1.0,7.726201462479197e-12,2.1558366809704275e-11,2.1558366809239512e-11
4222,"(3.0, 4.0, 6.0, 6.0, 6.0, 7.0, 9.0, 11.0)",46385703000.0,1,-26.22182919659912,1.0,1.0,4.092646878639382e-12,2.1558366809704275e-11,2.1558366809239512e-11
4223,"(3.0, 4.0, 6.0, 6.0, 6.0, 7.0, 9.0, 13.0)",38963990520.00001,1,-26.21707055378724,1.0,1.0,4.1121687352223924e-12,2.5664722392505085e-11,2.5664722391846407e-11
4224,"(3.0, 4.0, 6.0, 6.0, 6.0, 7.0, 11.0, 13.0)",38963990520.00001,1,-25.84629602406305,1.0,1.0,5.957941835752228e-12,2.5664722392505085e-11,2.5664722391846407e-11
4225,"(3.0, 4.0, 6.0, 6.0, 6.0, 7.0, 11.0, 14.0)",38963990520.00001,1,-25.755953257686787,1.0,1.0,6.52126162666414e-12,2.5664722392505085e-11,2.5664722391846407e-11
4226,"(3.0, 4.0, 6.0, 6.0, 6.0, 7.0, 14.0, 14.0)",14986150199.999998,2,-25.66085184849865,2.0,2.0,7.171890353057421e-12,1.334565564410265e-10,1.3345655642321584e-10
4227,"(3.0, 4.0, 6.0, 6.0, 6.0, 8.0, 9.0, 14.0)",36077769000.000015,1,-26.005615084697236,1.0,1.0,5.0804814525890634e-12,2.7717900183905484e-11,2.77179001831372e-11
4228,"(3.0, 4.0, 6.0, 6.0, 6.0, 9.0, 12.0, 12.0)",14431107600.000006,1,-26.60150433861265,1.0,1.0,2.799712623125688e-12,6.929475045976371e-11,6.929475045496195e-11
4229,"(3.0, 4.0, 6.0, 6.0, 6.0, 11.0, 11.0, 14.0)",18038884500.000008,3,-25.899491445733357,4.0,6.0,5.649288851217007e-12,2.2174320147124387e-10,3.3261480215769575e-10
4230,"(3.0, 4.0, 6.0, 6.0, 6.0, 11.0, 13.0, 14.0)",28862215200.00001,1,-25.89473280292148,1.0,1.0,5.6762358637542915e-12,3.4647375229881856e-11,3.4647375228681416e-11
4231,"(3.0, 4.0, 6.0, 6.0, 7.0, 7.0, 8.0, 9.0)",69578554500.0,1,-25.737924872761525,1.0,1.0,6.639895617886904e-12,1.437224453980285e-11,1.4372244539596289e-11
4232,"(3.0, 4.0, 6.0, 6.0, 7.0, 7.0, 8.0, 11.0)",69578554500.0,2,-25.36715034303733,2.0,2.0,9.620255012394802e-12,2.87444890796057e-11,2.8744489078779453e-11
4233,"(3.0, 4.0, 6.0, 6.0, 7.0, 7.0, 8.0, 12.0)",58445985780.00001,2,-25.48521882002082,2.0,2.0,8.54889723192289e-12,3.4219629856673445e-11,3.421962985550246e-11
4234,"(3.0, 4.0, 6.0, 6.0, 7.0, 7.0, 8.0, 13.0)",58445985780.00001,1,-25.36239170022546,1.0,1.0,9.66614346654507e-12,1.7109814928336722e-11,1.7109814928043978e-11
4235,"(3.0, 4.0, 6.0, 6.0, 7.0, 7.0, 8.0, 14.0)",58445985780.00001,2,-25.2720489338492,2.0,2.0,1.0580071475009927e-11,3.4219629856673445e-11,3.421962985550246e-11
4236,"(3.0, 4.0, 6.0, 6.0, 7.0, 7.0, 9.0, 11.0)",69578554500.0,1,-26.002575763521836,1.0,1.0,5.095946156645838e-12,1.437224453980285e-11,1.4372244539596289e-11
4237,"(3.0, 4.0, 6.0, 6.0, 7.0, 7.0, 9.0, 14.0)",58445985780.00001,2,-25.907474354333697,2.0,2.0,5.604370622260055e-12,3.4219629856673445e-11,3.421962985550246e-11
4238,"(3.0, 4.0, 6.0, 6.0, 7.0, 7.0, 11.0, 12.0)",58445985780.00001,1,-25.749869710781127,1.0,1.0,6.561054947192377e-12,1.7109814928336722e-11,1.7109814928043978e-11
4239,"(3.0, 4.0, 6.0, 6.0, 7.0, 8.0, 8.0, 8.0)",20615868000.000004,1,-24.981386749563285,1.0,1.0,1.4148864398776632e-11,4.8506325321834606e-11,4.850632531948174e-11
4240,"(3.0, 4.0, 6.0, 6.0, 7.0, 8.0, 8.0, 9.0)",61847604000.000015,1,-25.616812170047783,2.0,4.0,7.494796246144504e-12,3.2337550214556404e-11,6.46751004280671e-11
4241,"(3.0, 4.0, 6.0, 6.0, 7.0, 8.0, 8.0, 11.0)",61847604000.000015,1,-25.246037640323596,1.0,1.0,1.0858883226961747e-11,1.6168775107278202e-11,1.6168775107016774e-11
4242,"(3.0, 4.0, 6.0, 6.0, 7.0, 8.0, 8.0, 13.0)",54116653500.00002,2,-25.24127899751172,2.0,2.0,1.0910679916804366e-11,3.6957200245207314e-11,3.695720024384148e-11
4243,"(3.0, 4.0, 6.0, 6.0, 7.0, 8.0, 8.0, 14.0)",54116653500.00002,1,-25.150936231135454,1.0,1.0,1.1942278092630678e-11,1.8478600122603657e-11,1.84786001222622e-11
4244,"(3.0, 4.0, 6.0, 6.0, 7.0, 8.0, 9.0, 11.0)",123695208000.00005,1,-25.88146306080809,1.0,1.0,5.752060020717393e-12,8.0843875536391e-12,8.084387553573742e-12
4245,"(3.0, 4.0, 6.0, 6.0, 7.0, 8.0, 9.0, 12.0)",108233307000.00005,2,-25.99953153779157,2.0,2.0,5.111483003892304e-12,1.8478600122603657e-11,1.84786001222622e-11
4246,"(3.0, 4.0, 6.0, 6.0, 7.0, 8.0, 9.0, 14.0)",108233307000.00005,1,-25.786361651619952,1.0,1.0,6.325945213440671e-12,9.239300061301829e-12,9.239300061216464e-12
4247,"(3.0, 4.0, 6.0, 6.0, 7.0, 8.0, 11.0, 11.0)",61847604000.000015,1,-25.5106885310839,1.0,1.0,8.333908758570576e-12,1.6168775107278202e-11,1.6168775107016774e-11
4248,"(3.0, 4.0, 6.0, 6.0, 7.0, 8.0, 11.0, 12.0)",108233307000.00005,1,-25.62875700806738,1.0,1.0,7.405804672064198e-12,9.239300061301829e-12,9.239300061216464e-12
4249,"(3.0, 4.0, 6.0, 6.0, 7.0, 8.0, 11.0, 13.0)",108233307000.00005,3,-25.505929888272025,3.0,3.0,8.373661362786134e-12,2.7717900183905484e-11,2.77179001831372e-11
4250,"(3.0, 4.0, 6.0, 6.0, 7.0, 8.0, 11.0, 14.0)",108233307000.00005,3,-25.41558712189576,3.0,3.0,9.16538597139945e-12,2.7717900183905484e-11,2.77179001831372e-11
4251,"(3.0, 4.0, 6.0, 6.0, 7.0, 8.0, 12.0, 13.0)",86586645600.00003,2,-25.623998365255503,2.0,2.0,7.441130235440898e-12,2.309825015325457e-11,2.3098250152721042e-11
4252,"(3.0, 4.0, 6.0, 6.0, 7.0, 8.0, 12.0, 14.0)",86586645600.00003,1,-25.533655598879243,1.0,1.0,8.144684590943843e-12,1.1549125076627285e-11,1.1549125076493902e-11
4253,"(3.0, 4.0, 6.0, 6.0, 7.0, 8.0, 13.0, 13.0)",43293322800.000015,1,-25.50117124546015,2.0,4.0,8.413603586253317e-12,4.619650030650914e-11,9.239300061088417e-11
4254,"(3.0, 4.0, 6.0, 6.0, 7.0, 9.0, 11.0, 11.0)",61847604000.000015,1,-26.1461139515684,1.0,1.0,4.414555565664068e-12,1.6168775107278202e-11,1.6168775107016774e-11
4255,"(3.0, 4.0, 6.0, 6.0, 7.0, 9.0, 11.0, 12.0)",108233307000.00005,2,-26.26418242855188,2.0,2.0,3.922929465679618e-12,1.8478600122603657e-11,1.84786001222622e-11
4256,"(3.0, 4.0, 6.0, 6.0, 7.0, 9.0, 11.0, 13.0)",108233307000.00005,2,-26.141355308756523,2.0,2.0,4.435612921254739e-12,1.8478600122603657e-11,1.84786001222622e-11
4257,"(3.0, 4.0, 6.0, 6.0, 7.0, 9.0, 14.0, 14.0)",43293322800.000015,1,-25.955911133192124,1.0,1.0,5.339382356663635e-12,2.309825015325457e-11,2.3098250152721042e-11
4258,"(3.0, 4.0, 6.0, 6.0, 7.0, 11.0, 11.0, 12.0)",54116653500.00002,1,-25.893407898827693,1.0,1.0,5.6837613160379286e-12,1.8478600122603657e-11,1.84786001222622e-11
4259,"(3.0, 4.0, 6.0, 6.0, 7.0, 11.0, 11.0, 13.0)",54116653500.00002,2,-25.770580779032336,2.0,2.0,6.42656600260287e-12,3.6957200245207314e-11,3.695720024384148e-11
4260,"(3.0, 4.0, 6.0, 6.0, 7.0, 11.0, 11.0, 14.0)",54116653500.00002,2,-25.680238012656076,2.0,2.0,7.034193924571435e-12,3.6957200245207314e-11,3.695720024384148e-11
4261,"(3.0, 4.0, 6.0, 6.0, 7.0, 11.0, 13.0, 13.0)",43293322800.000015,2,-25.76582213622046,2.0,2.0,6.457220614042418e-12,4.619650030650914e-11,4.619650030437502e-11
4262,"(3.0, 4.0, 6.0, 6.0, 8.0, 8.0, 8.0, 11.0)",16934463000.000006,1,-25.124924937609848,2.0,4.0,1.2256987448344132e-11,1.1810235730533642e-10,2.3620471459672467e-10
4263,"(3.0, 4.0, 6.0, 6.0, 8.0, 8.0, 9.0, 9.0)",25401694500.000008,1,-26.131124887818537,1.0,1.0,4.48122402112283e-12,3.936745243511214e-11,3.936745243356235e-11
4264,"(3.0, 4.0, 6.0, 6.0, 8.0, 8.0, 9.0, 11.0)",50803389000.000015,2,-25.760350358094342,2.0,2.0,6.492649934847996e-12,3.936745243511214e-11,3.936745243356235e-11
4265,"(3.0, 4.0, 6.0, 6.0, 8.0, 8.0, 11.0, 11.0)",25401694500.000008,1,-25.389575828370155,1.0,1.0,9.406917167671305e-12,3.936745243511214e-11,3.936745243356235e-11
4266,"(3.0, 4.0, 6.0, 6.0, 8.0, 8.0, 11.0, 13.0)",46385703000.00001,2,-25.384817185558283,2.0,2.0,9.451788003900478e-12,4.311673361940854e-11,4.311673361754949e-11
4267,"(3.0, 4.0, 6.0, 6.0, 8.0, 8.0, 13.0, 13.0)",19327376250.000008,1,-25.380058542746408,1.0,1.0,9.49687287326169e-12,5.174008034329024e-11,5.17400803406132e-11
4268,"(3.0, 4.0, 6.0, 6.0, 8.0, 9.0, 9.0, 13.0)",46385703000.00001,2,-26.391017135766973,3.0,5.0,3.45562721868998e-12,6.467510042911281e-11,1.0779183404433848e-10
4269,"(3.0, 4.0, 6.0, 6.0, 8.0, 9.0, 11.0, 12.0)",92771406000.00002,1,-26.14306972583814,1.0,1.0,4.428014945605739e-12,1.0779183404852136e-11,1.0779183404735944e-11
4270,"(3.0, 4.0, 6.0, 6.0, 8.0, 9.0, 12.0, 14.0)",77309505000.00003,1,-26.04796831665,1.0,1.0,4.869799662957067e-12,1.293502008582256e-11,1.2935020085655244e-11
4271,"(3.0, 4.0, 6.0, 6.0, 8.0, 11.0, 11.0, 13.0)",46385703000.00001,1,-25.64946807631859,1.0,1.0,7.253999990927034e-12,2.155836680970427e-11,2.155836680923951e-11
4272,"(3.0, 4.0, 6.0, 6.0, 8.0, 11.0, 12.0, 14.0)",77309505000.00003,1,-25.67719378692581,2.0,4.0,7.055640225836913e-12,2.587004017164512e-11,5.174008034262098e-11
4273,"(3.0, 4.0, 6.0, 6.0, 9.0, 9.0, 11.0, 13.0)",46385703000.00001,1,-26.65566802652728,1.0,1.0,2.652103475308572e-12,2.155836680970427e-11,2.155836680923951e-11
4274,"(3.0, 4.0, 6.0, 6.0, 9.0, 12.0, 12.0, 12.0)",9792537300.000006,1,-26.64385757056541,1.0,1.0,2.6836117237523086e-12,1.0211857962491493e-10,1.0211857961448672e-10
4275,"(3.0, 4.0, 6.0, 6.0, 11.0, 11.0, 13.0, 14.0)",38654752500.000015,1,-25.81901755789076,1.0,1.0,6.122702340908813e-12,2.587004017164512e-11,2.587004017097586e-11
4276,"(3.0, 4.0, 6.0, 6.0, 11.0, 13.0, 13.0, 14.0)",29377611900.00001,2,-25.814258915078888,2.0,2.0,6.151907527807137e-12,6.807905308327663e-11,6.807905307864187e-11
4277,"(3.0, 4.0, 6.0, 6.0, 11.0, 13.0, 14.0, 14.0)",29377611900.00001,1,-25.723916148702624,1.0,1.0,6.733566657387443e-12,3.4039526541638315e-11,3.403952654047963e-11
4278,"(3.0, 4.0, 6.0, 7.0, 7.0, 7.0, 7.0, 11.0)",12060282780.000006,1,-25.2690096126738,1.0,1.0,1.0612276626389264e-11,8.291679542193948e-11,8.291679541506429e-11
4279,"(3.0, 4.0, 6.0, 7.0, 7.0, 7.0, 8.0, 11.0)",46385703000.0,2,-25.147896909960053,2.0,2.0,1.1978629725480773e-11,4.311673361940855e-11,4.31167336175495e-11
4280,"(3.0, 4.0, 6.0, 7.0, 7.0, 7.0, 8.0, 13.0)",38963990520.00001,3,-25.143138267148174,5.0,9.0,1.2035767587235307e-11,1.2832361196252543e-10,2.3098250151607881e-10
4281,"(3.0, 4.0, 6.0, 7.0, 7.0, 7.0, 8.0, 14.0)",38963990520.00001,1,-25.052795500771914,1.0,1.0,1.317374212065897e-11,2.5664722392505085e-11,2.5664722391846407e-11
4282,"(3.0, 4.0, 6.0, 7.0, 7.0, 7.0, 9.0, 12.0)",38963990520.00001,1,-25.90139080742804,1.0,1.0,5.6385689920384776e-12,2.5664722392505085e-11,2.5664722391846407e-11
4283,"(3.0, 4.0, 6.0, 7.0, 7.0, 7.0, 9.0, 14.0)",38963990520.00001,2,-25.688220921256416,2.0,2.0,6.978264135609868e-12,5.132944478501017e-11,5.132944478237546e-11
4284,"(3.0, 4.0, 6.0, 7.0, 7.0, 7.0, 14.0, 14.0)",14986150199.999998,1,-25.222344982344087,1.0,1.0,1.1119231020343513e-11,6.672827822051325e-11,6.672827821606058e-11
4285,"(3.0, 4.0, 6.0, 7.0, 7.0, 8.0, 8.0, 12.0)",54116653500.00002,1,-25.14485268422979,1.0,1.0,1.201515093950966e-11,1.8478600122603657e-11,1.84786001222622e-11
4286,"(3.0, 4.0, 6.0, 7.0, 7.0, 8.0, 8.0, 13.0)",54116653500.00002,1,-25.02202556443444,1.0,1.0,1.3585398163380388e-11,1.8478600122603657e-11,1.84786001222622e-11
4287,"(3.0, 4.0, 6.0, 7.0, 7.0, 8.0, 8.0, 14.0)",54116653500.00002,1,-24.931682798058173,1.0,1.0,1.4869889328924736e-11,1.8478600122603657e-11,1.84786001222622e-11
4288,"(3.0, 4.0, 6.0, 7.0, 7.0, 8.0, 9.0, 9.0)",61847604000.000015,3,-26.032984157455,4.0,6.0,4.943318953157127e-12,6.467510042911281e-11,9.701265063948634e-11
4289,"(3.0, 4.0, 6.0, 7.0, 7.0, 8.0, 9.0, 11.0)",123695208000.00005,2,-25.66220962773081,2.0,2.0,7.162159117210679e-12,1.61687751072782e-11,1.616877510701677e-11
4290,"(3.0, 4.0, 6.0, 7.0, 7.0, 8.0, 9.0, 14.0)",108233307000.00005,1,-25.56710821854267,1.0,1.0,7.876730427400623e-12,9.239300061301829e-12,9.239300061216464e-12
4291,"(3.0, 4.0, 6.0, 7.0, 7.0, 8.0, 11.0, 11.0)",61847604000.000015,3,-25.29143509800662,4.0,6.0,1.03769398062981e-11,6.467510042911281e-11,9.701265063948634e-11
4292,"(3.0, 4.0, 6.0, 7.0, 7.0, 8.0, 11.0, 12.0)",108233307000.00005,2,-25.4095035749901,2.0,2.0,9.22131397469158e-12,1.8478600122603657e-11,1.84786001222622e-11
4293,"(3.0, 4.0, 6.0, 7.0, 7.0, 8.0, 11.0, 13.0)",108233307000.00005,2,-25.286676455194744,2.0,2.0,1.042643763415279e-11,1.8478600122603657e-11,1.84786001222622e-11
4294,"(3.0, 4.0, 6.0, 7.0, 7.0, 8.0, 11.0, 14.0)",108233307000.00005,2,-25.19633368881848,2.0,2.0,1.1412250995535743e-11,1.8478600122603657e-11,1.84786001222622e-11
4295,"(3.0, 4.0, 6.0, 7.0, 7.0, 9.0, 9.0, 11.0)",61847604000.000015,1,-26.29763504821531,1.0,1.0,3.7938679566822e-12,1.6168775107278202e-11,1.6168775107016774e-11
4296,"(3.0, 4.0, 6.0, 7.0, 7.0, 9.0, 9.0, 12.0)",54116653500.00002,1,-26.41570352519879,1.0,1.0,3.371364608461444e-12,1.8478600122603657e-11,1.84786001222622e-11
4297,"(3.0, 4.0, 6.0, 7.0, 7.0, 9.0, 11.0, 13.0)",108233307000.00005,1,-25.922101875679243,1.0,1.0,5.522989226461508e-12,9.239300061301829e-12,9.239300061216464e-12
4298,"(3.0, 4.0, 6.0, 7.0, 7.0, 9.0, 11.0, 14.0)",108233307000.00005,1,-25.83175910930298,1.0,1.0,6.0451845116838955e-12,9.239300061301829e-12,9.239300061216464e-12
4299,"(3.0, 4.0, 6.0, 7.0, 7.0, 9.0, 12.0, 12.0)",43293322800.000015,1,-26.16299747245808,1.0,1.0,4.340647990224152e-12,2.309825015325457e-11,2.3098250152721042e-11
4300,"(3.0, 4.0, 6.0, 7.0, 7.0, 11.0, 11.0, 13.0)",54116653500.00002,5,-25.55132734595505,5.0,5.0,8.002018080847158e-12,9.239300061301828e-11,9.239300060448182e-11
4301,"(3.0, 4.0, 6.0, 7.0, 8.0, 8.0, 8.0, 11.0)",33868926000.00001,1,-24.905671504532567,2.0,4.0,1.526174867551992e-11,5.905117865266821e-11,1.181023573018494e-10
4302,"(3.0, 4.0, 6.0, 7.0, 8.0, 8.0, 8.0, 12.0)",30923802000.000004,1,-25.023739981516048,1.0,1.0,1.3562127078581198e-11,3.233755021455641e-11,3.233755021351069e-11
4303,"(3.0, 4.0, 6.0, 7.0, 8.0, 8.0, 8.0, 13.0)",30923802000.000004,1,-24.90091286172069,1.0,1.0,1.5334546959291787e-11,3.233755021455641e-11,3.233755021351069e-11
4304,"(3.0, 4.0, 6.0, 7.0, 8.0, 8.0, 8.0, 14.0)",30923802000.000004,1,-24.810570095344428,1.0,1.0,1.678441908375614e-11,3.233755021455641e-11,3.233755021351069e-11
4305,"(3.0, 4.0, 6.0, 7.0, 8.0, 8.0, 9.0, 9.0)",50803389000.000015,1,-25.911871454741256,2.0,4.0,5.579781741419569e-12,3.936745243511214e-11,7.873490486867448e-11
4306,"(3.0, 4.0, 6.0, 7.0, 8.0, 8.0, 9.0, 14.0)",92771406000.00002,2,-25.44599551582893,2.0,2.0,8.890876157773345e-12,2.155836680970427e-11,2.155836680923951e-11
4307,"(3.0, 4.0, 6.0, 7.0, 8.0, 8.0, 11.0, 11.0)",50803389000.000015,1,-25.17032239529288,1.0,1.0,1.171299279121211e-11,1.968372621755607e-11,1.968372621716862e-11
4308,"(3.0, 4.0, 6.0, 7.0, 8.0, 8.0, 11.0, 13.0)",92771406000.00002,2,-25.165563752481,2.0,2.0,1.1768863569270555e-11,2.155836680970427e-11,2.155836680923951e-11
4309,"(3.0, 4.0, 6.0, 7.0, 8.0, 8.0, 13.0, 13.0)",38654752500.000015,2,-25.160805109669127,2.0,2.0,1.1825000849997876e-11,5.174008034329024e-11,5.17400803406132e-11
4310,"(3.0, 4.0, 6.0, 7.0, 8.0, 8.0, 13.0, 14.0)",77309505000.00003,1,-25.07046234329286,1.0,1.0,1.2943047516110256e-11,1.293502008582256e-11,1.2935020085655244e-11
4311,"(3.0, 4.0, 6.0, 7.0, 8.0, 8.0, 14.0, 14.0)",38654752500.000015,1,-24.9801195769166,1.0,1.0,1.41668048171275e-11,2.587004017164512e-11,2.587004017097586e-11
4312,"(3.0, 4.0, 6.0, 7.0, 8.0, 9.0, 9.0, 11.0)",101606778000.00005,2,-26.176522345501564,2.0,2.0,4.282336493891867e-12,1.9683726217556068e-11,1.9683726217168617e-11
4313,"(3.0, 4.0, 6.0, 7.0, 8.0, 9.0, 11.0, 12.0)",185542812000.00003,1,-25.92381629276085,1.0,1.0,5.513528631410239e-12,5.389591702426068e-12,5.3895917023970204e-12
4314,"(3.0, 4.0, 6.0, 7.0, 8.0, 9.0, 11.0, 13.0)",185542812000.00003,1,-25.8009891729655,1.0,1.0,6.234085790516307e-12,5.389591702426068e-12,5.3895917023970204e-12
4315,"(3.0, 4.0, 6.0, 7.0, 8.0, 9.0, 11.0, 14.0)",185542812000.00003,1,-25.71064640658924,2.0,4.0,6.823514825047497e-12,1.0779183404852136e-11,2.1558366809588082e-11
4316,"(3.0, 4.0, 6.0, 7.0, 8.0, 9.0, 12.0, 14.0)",154619010000.00006,1,-25.82871488357272,1.0,1.0,6.063615457664757e-12,6.46751004291128e-12,6.467510042869451e-12
4317,"(3.0, 4.0, 6.0, 7.0, 8.0, 9.0, 13.0, 14.0)",154619010000.00006,2,-25.70588776377736,2.0,2.0,6.856062875675067e-12,1.293502008582256e-11,1.2935020085655244e-11
4318,"(3.0, 4.0, 6.0, 7.0, 8.0, 11.0, 11.0, 12.0)",92771406000.00002,1,-25.553041763036667,3.0,9.0,7.988311037513887e-12,3.2337550214556404e-11,9.701265064262351e-11
4319,"(3.0, 4.0, 6.0, 7.0, 8.0, 11.0, 11.0, 13.0)",92771406000.00002,2,-25.43021464324131,2.0,2.0,9.032294862038753e-12,2.155836680970427e-11,2.155836680923951e-11
4320,"(3.0, 4.0, 6.0, 7.0, 8.0, 11.0, 11.0, 14.0)",92771406000.00002,3,-25.339871876865047,3.0,3.0,9.886292868968941e-12,3.2337550214556404e-11,3.2337550213510686e-11
4321,"(3.0, 4.0, 6.0, 7.0, 8.0, 11.0, 12.0, 12.0)",77309505000.00003,1,-25.67111024002015,1.0,1.0,7.098694372275487e-12,1.293502008582256e-11,1.2935020085655244e-11
4322,"(3.0, 4.0, 6.0, 7.0, 8.0, 11.0, 12.0, 13.0)",154619010000.00006,2,-25.54828312022479,2.0,2.0,8.026415146428984e-12,1.293502008582256e-11,1.2935020085655244e-11
4323,"(3.0, 4.0, 6.0, 7.0, 8.0, 11.0, 13.0, 13.0)",77309505000.00003,2,-25.425456000429435,2.0,2.0,9.07537875618861e-12,2.587004017164512e-11,2.587004017097586e-11
4324,"(3.0, 4.0, 6.0, 7.0, 8.0, 11.0, 14.0, 14.0)",77309505000.00003,1,-25.244770467676908,2.0,4.0,1.0872652028642558e-11,2.587004017164512e-11,5.174008034262098e-11
4325,"(3.0, 4.0, 6.0, 7.0, 8.0, 12.0, 13.0, 13.0)",58755223800.00003,1,-25.54352447741292,1.0,1.0,8.0647010113009e-12,1.7019763270819154e-11,1.7019763270529483e-11
4326,"(3.0, 4.0, 6.0, 7.0, 9.0, 9.0, 11.0, 11.0)",50803389000.000015,1,-26.441173236261875,1.0,1.0,3.2865812135247595e-12,1.968372621755607e-11,1.968372621716862e-11
4327,"(3.0, 4.0, 6.0, 7.0, 9.0, 9.0, 11.0, 13.0)",92771406000.00002,1,-26.43641459345,1.0,1.0,3.3022581504805635e-12,1.0779183404852136e-11,1.0779183404735944e-11
4328,"(3.0, 4.0, 6.0, 7.0, 9.0, 9.0, 12.0, 14.0)",77309505000.00003,1,-26.464140304057217,1.0,1.0,3.211958294978006e-12,1.293502008582256e-11,1.2935020085655244e-11
4329,"(3.0, 4.0, 6.0, 7.0, 9.0, 11.0, 11.0, 11.0)",33868926000.00001,2,-26.070398706537684,3.0,5.0,4.761784102129629e-12,8.857676797900232e-11,1.476279466238247e-10
4330,"(3.0, 4.0, 6.0, 7.0, 11.0, 11.0, 11.0, 12.0)",30923802000.000004,1,-25.81769265379697,1.0,1.0,6.1308197104860084e-12,3.233755021455641e-11,3.233755021351069e-11
4331,"(3.0, 4.0, 6.0, 7.0, 11.0, 12.0, 13.0, 14.0)",117510447600.00006,2,-25.717832601796964,2.0,2.0,6.774655482163323e-12,1.7019763270819154e-11,1.7019763270529483e-11
4332,"(3.0, 4.0, 6.0, 7.0, 11.0, 13.0, 14.0, 14.0)",58755223800.00003,1,-25.504662715625344,1.0,1.0,8.384278963163267e-12,1.7019763270819154e-11,1.7019763270529483e-11
4333,"(3.0, 4.0, 6.0, 8.0, 8.0, 8.0, 9.0, 11.0)",25693668000.00001,1,-25.41998422230332,1.0,1.0,9.125173323325699e-12,3.892009502107677e-11,3.8920095019562e-11
4334,"(3.0, 4.0, 6.0, 8.0, 8.0, 8.0, 11.0, 13.0)",24525774000.00001,1,-25.044451049767257,1.0,1.0,1.3284129687633013e-11,4.0773432879223284e-11,4.077343287756081e-11
4335,"(3.0, 4.0, 6.0, 8.0, 8.0, 8.0, 11.0, 14.0)",24525774000.00001,1,-24.954108283390998,1.0,1.0,1.4540136101320843e-11,4.0773432879223284e-11,4.077343287756081e-11
4336,"(3.0, 4.0, 6.0, 8.0, 8.0, 8.0, 12.0, 14.0)",21326760000.000008,1,-25.072176760374475,1.0,1.0,1.292087674476544e-11,4.6889447811106784e-11,4.6889447808908164e-11
4337,"(3.0, 4.0, 6.0, 8.0, 8.0, 8.0, 13.0, 13.0)",10663380000.000004,2,-25.039692406955385,2.0,2.0,1.334749476218787e-11,1.8755779124442713e-10,1.875577912092492e-10
4338,"(3.0, 4.0, 6.0, 8.0, 8.0, 9.0, 11.0, 13.0)",73577322000.00003,2,-25.67987647025176,3.0,5.0,7.036737543740743e-12,4.0773432879223284e-11,6.795572146370967e-11
4339,"(3.0, 4.0, 6.0, 8.0, 8.0, 9.0, 11.0, 14.0)",73577322000.00003,1,-25.58953370387549,1.0,1.0,7.702056815247509e-12,1.3591144293074429e-11,1.3591144292889709e-11
4340,"(3.0, 4.0, 6.0, 8.0, 8.0, 9.0, 12.0, 13.0)",63980280000.00002,1,-25.79794494723524,1.0,1.0,6.253092670822935e-12,1.5629815937035592e-11,1.5629815936791303e-11
4341,"(3.0, 4.0, 6.0, 8.0, 8.0, 9.0, 13.0, 14.0)",63980280000.00002,1,-25.584775061063617,1.0,1.0,7.738795496350439e-12,1.5629815937035592e-11,1.5629815936791303e-11
4342,"(3.0, 4.0, 6.0, 8.0, 8.0, 11.0, 11.0, 13.0)",36788661000.000015,1,-25.309101940527565,2.0,4.0,1.019522196157988e-11,5.4364577172297714e-11,1.0872915434163992e-10
4343,"(3.0, 4.0, 6.0, 8.0, 8.0, 11.0, 12.0, 12.0)",31990140000.00001,1,-25.549997537306403,1.0,1.0,8.012666312183557e-12,3.1259631874071185e-11,3.125963187309402e-11
4344,"(3.0, 4.0, 6.0, 8.0, 8.0, 11.0, 14.0, 14.0)",31990140000.00001,1,-25.123657764963166,1.0,1.0,1.2272529012412202e-11,3.1259631874071185e-11,3.125963187309402e-11
4345,"(3.0, 4.0, 6.0, 8.0, 9.0, 9.0, 11.0, 11.0)",38540502000.000015,1,-26.32006053354813,2.0,4.0,3.709735507802083e-12,5.1893460028102364e-11,1.037869200535118e-10
4346,"(3.0, 4.0, 6.0, 8.0, 9.0, 9.0, 11.0, 12.0)",73577322000.00003,1,-26.43812901053161,1.0,1.0,3.2966015529686886e-12,1.3591144293074429e-11,1.3591144292889709e-11
4347,"(3.0, 4.0, 6.0, 8.0, 9.0, 11.0, 11.0, 13.0)",73577322000.00003,1,-25.944527361012064,1.0,1.0,5.400511951536246e-12,1.3591144293074429e-11,1.3591144292889709e-11
4348,"(3.0, 4.0, 6.0, 8.0, 9.0, 11.0, 11.0, 14.0)",73577322000.00003,1,-25.854184594635804,1.0,1.0,5.911127084618096e-12,1.3591144293074429e-11,1.3591144292889709e-11
4349,"(3.0, 4.0, 6.0, 8.0, 9.0, 11.0, 12.0, 14.0)",127960560000.00005,1,-25.972253071619285,1.0,1.0,5.252835595951311e-12,7.814907968517796e-12,7.814907968456724e-12
4350,"(3.0, 4.0, 6.0, 8.0, 9.0, 12.0, 13.0, 14.0)",101302110000.00005,1,-25.96749442880741,1.0,1.0,5.2778915331477075e-12,9.87146269707511e-12,9.871462696977665e-12
4351,"(3.0, 4.0, 6.0, 8.0, 11.0, 11.0, 12.0, 14.0)",63980280000.00002,1,-25.60147854189509,1.0,1.0,7.610604274426587e-12,1.5629815937035592e-11,1.5629815936791303e-11
4352,"(3.0, 4.0, 6.0, 8.0, 11.0, 11.0, 13.0, 14.0)",63980280000.00002,1,-25.478651422099738,1.0,1.0,8.605226006110391e-12,1.5629815937035592e-11,1.5629815936791303e-11
4353,"(3.0, 4.0, 6.0, 8.0, 11.0, 13.0, 13.0, 14.0)",50651055000.000015,1,-25.473892779287866,1.0,1.0,8.646272789020545e-12,1.9742925394150224e-11,1.974292539376044e-11
4354,"(3.0, 4.0, 6.0, 8.0, 13.0, 14.0, 14.0, 14.0)",12156253200.000006,1,-25.28844860372346,1.0,1.0,1.0407976800540615e-11,8.226218914229259e-11,8.226218913552552e-11
4355,"(3.0, 4.0, 6.0, 9.0, 11.0, 11.0, 12.0, 13.0)",63980280000.00002,1,-26.327246728755856,1.0,1.0,3.6831721832057856e-12,1.5629815937035592e-11,1.5629815936791303e-11
4356,"(3.0, 4.0, 6.0, 11.0, 11.0, 13.0, 13.0, 14.0)",25325527500.000008,1,-25.73854367004817,1.0,1.0,6.635788139474264e-12,3.948585078830045e-11,3.9485850786741316e-11
4357,"(3.0, 4.0, 7.0, 7.0, 7.0, 7.0, 9.0, 11.0)",11596425750.0,1,-25.56406889736727,1.0,1.0,7.900706758410091e-12,8.62334672388171e-11,8.623346723138089e-11
4358,"(3.0, 4.0, 7.0, 7.0, 7.0, 7.0, 11.0, 14.0)",9740997630.000002,1,-25.09819295845494,1.0,1.0,1.2589059680681386e-11,1.0265888957002034e-10,1.0265888955948149e-10
4359,"(3.0, 4.0, 7.0, 7.0, 7.0, 8.0, 8.0, 11.0)",20615868000.000004,2,-24.807530774169027,2.0,2.0,1.6835509925503606e-11,9.701265064366921e-11,9.701265063425776e-11
4360,"(3.0, 4.0, 7.0, 7.0, 7.0, 8.0, 8.0, 13.0)",18038884500.000008,1,-24.802772131357152,1.0,1.0,1.6915815023894245e-11,5.543580036781097e-11,5.543580036473784e-11
4361,"(3.0, 4.0, 7.0, 7.0, 7.0, 8.0, 9.0, 11.0)",41231736000.00001,2,-25.44295619465353,2.0,2.0,8.917939492197158e-12,4.8506325321834606e-11,4.850632531948174e-11
4362,"(3.0, 4.0, 7.0, 7.0, 7.0, 8.0, 9.0, 14.0)",36077769000.000015,1,-25.347854785465387,1.0,1.0,9.807685671086299e-12,2.7717900183905484e-11,2.77179001831372e-11
4363,"(3.0, 4.0, 7.0, 7.0, 7.0, 9.0, 9.0, 14.0)",18038884500.000008,1,-25.98328020594989,1.0,1.0,5.19523006788999e-12,5.543580036781097e-11,5.543580036473784e-11
4364,"(3.0, 4.0, 7.0, 7.0, 7.0, 9.0, 14.0, 14.0)",14431107600.000006,1,-25.51740426703756,1.0,1.0,8.27812794215121e-12,6.929475045976371e-11,6.929475045496195e-11
4365,"(3.0, 4.0, 7.0, 7.0, 7.0, 11.0, 11.0, 11.0)",6871956000.000002,1,-25.336832555689647,1.0,1.0,9.916386196710407e-12,1.455189759655038e-10,1.4551897594432804e-10
4366,"(3.0, 4.0, 7.0, 7.0, 7.0, 12.0, 12.0, 14.0)",10545809400.000002,1,-25.47786810046847,1.0,1.0,8.611969306524663e-12,9.482439536599247e-11,9.482439535700081e-11
4367,"(3.0, 4.0, 7.0, 7.0, 8.0, 8.0, 8.0, 8.0)",4233615750.0000014,1,-24.42176718069497,2.0,4.0,2.4760606315872948e-11,4.724094292213457e-10,9.448188582195208e-10
4368,"(3.0, 4.0, 7.0, 7.0, 8.0, 8.0, 8.0, 11.0)",16934463000.000006,2,-24.68641807145529,2.0,2.0,1.900311749655907e-11,1.1810235730533642e-10,1.1810235729138825e-10
4369,"(3.0, 4.0, 7.0, 7.0, 8.0, 8.0, 9.0, 9.0)",25401694500.000008,1,-25.69261802166397,2.0,4.0,6.9476473693627745e-12,7.873490487022428e-11,1.574698097342494e-10
4370,"(3.0, 4.0, 7.0, 7.0, 8.0, 8.0, 9.0, 12.0)",46385703000.00001,2,-25.439911968923266,4.0,10.0,8.945129077680243e-12,8.623346723881709e-11,2.155836680896065e-10
4371,"(3.0, 4.0, 7.0, 7.0, 8.0, 8.0, 9.0, 13.0)",46385703000.00001,1,-25.31708484912791,1.0,1.0,1.0114158428381586e-11,2.155836680970427e-11,2.155836680923951e-11
4372,"(3.0, 4.0, 7.0, 7.0, 8.0, 8.0, 9.0, 14.0)",46385703000.00001,1,-25.226742082751645,1.0,1.0,1.1070445980055295e-11,2.155836680970427e-11,2.155836680923951e-11
4373,"(3.0, 4.0, 7.0, 7.0, 8.0, 8.0, 11.0, 11.0)",25401694500.000008,1,-24.951068962215597,3.0,9.0,1.458439547001464e-11,1.1810235730533642e-10,3.543070719020611e-10
4374,"(3.0, 4.0, 7.0, 7.0, 8.0, 8.0, 11.0, 12.0)",46385703000.00001,1,-25.069137439199075,1.0,1.0,1.2960207177693213e-11,2.155836680970427e-11,2.155836680923951e-11
4375,"(3.0, 4.0, 7.0, 7.0, 8.0, 8.0, 13.0, 14.0)",38654752500.000015,1,-24.85120891021558,1.0,1.0,1.6115994172195477e-11,2.587004017164512e-11,2.587004017097586e-11
4376,"(3.0, 4.0, 7.0, 7.0, 8.0, 9.0, 9.0, 11.0)",50803389000.000015,2,-25.957268912424283,2.0,2.0,5.3321375737081415e-12,3.936745243511214e-11,3.936745243356235e-11
4377,"(3.0, 4.0, 7.0, 7.0, 8.0, 9.0, 9.0, 12.0)",46385703000.00001,1,-26.075337389407764,1.0,1.0,4.738325136430925e-12,2.155836680970427e-11,2.155836680923951e-11
4378,"(3.0, 4.0, 7.0, 7.0, 8.0, 9.0, 9.0, 13.0)",46385703000.00001,1,-25.952510269612407,1.0,1.0,5.357571780000902e-12,2.155836680970427e-11,2.155836680923951e-11
4379,"(3.0, 4.0, 7.0, 7.0, 8.0, 9.0, 11.0, 11.0)",50803389000.000015,1,-25.58649438270009,1.0,1.0,7.725501449459402e-12,1.968372621755607e-11,1.968372621716862e-11
4380,"(3.0, 4.0, 7.0, 7.0, 8.0, 9.0, 11.0, 12.0)",92771406000.00002,2,-25.704562859683573,2.0,2.0,6.865152521571184e-12,2.155836680970427e-11,2.155836680923951e-11
4381,"(3.0, 4.0, 7.0, 7.0, 8.0, 9.0, 12.0, 14.0)",77309505000.00003,1,-25.60946145049544,1.0,1.0,7.550091371952808e-12,1.293502008582256e-11,1.2935020085655244e-11
4382,"(3.0, 4.0, 7.0, 7.0, 8.0, 9.0, 14.0, 14.0)",38654752500.000015,1,-25.396291564323818,1.0,1.0,9.34395445295923e-12,2.587004017164512e-11,2.587004017097586e-11
4383,"(3.0, 4.0, 7.0, 7.0, 8.0, 11.0, 11.0, 13.0)",46385703000.00001,1,-25.210961210164022,2.0,4.0,1.1246533026861267e-11,4.311673361940854e-11,8.623346723695804e-11
4384,"(3.0, 4.0, 7.0, 7.0, 8.0, 11.0, 11.0, 14.0)",46385703000.00001,2,-25.12061844378776,2.0,2.0,1.2309885910764592e-11,4.311673361940854e-11,4.311673361754949e-11
4385,"(3.0, 4.0, 7.0, 7.0, 8.0, 11.0, 12.0, 13.0)",77309505000.00003,2,-25.32902968714751,3.0,5.0,9.994065119707244e-12,3.880506025746768e-11,6.467510042760696e-11
4386,"(3.0, 4.0, 7.0, 7.0, 9.0, 9.0, 9.0, 11.0)",16934463000.000006,1,-26.59269433290878,1.0,1.0,2.8244870786102966e-12,5.905117865266821e-11,5.905117864918117e-11
4387,"(3.0, 4.0, 7.0, 7.0, 9.0, 9.0, 11.0, 12.0)",46385703000.00001,1,-26.339988280168072,1.0,1.0,3.636540565922027e-12,2.155836680970427e-11,2.155836680923951e-11
4388,"(3.0, 4.0, 7.0, 7.0, 9.0, 11.0, 13.0, 14.0)",77309505000.00003,1,-25.751285221460385,1.0,1.0,6.55177427384316e-12,1.293502008582256e-11,1.2935020085655244e-11
4389,"(3.0, 4.0, 7.0, 7.0, 11.0, 11.0, 11.0, 13.0)",15461901000.000002,1,-25.475612100924337,1.0,1.0,8.631419837299035e-12,6.467510042911282e-11,6.467510042492995e-11
4390,"(3.0, 4.0, 7.0, 7.0, 11.0, 11.0, 11.0, 14.0)",15461901000.000002,1,-25.385269334548077,1.0,1.0,9.447515353512836e-12,6.467510042911282e-11,6.467510042492995e-11
4391,"(3.0, 4.0, 7.0, 7.0, 11.0, 12.0, 14.0, 14.0)",29377611900.00001,1,-25.408236402343416,1.0,1.0,9.233006378109128e-12,3.4039526541638315e-11,3.403952654047963e-11
4392,"(3.0, 4.0, 7.0, 7.0, 12.0, 13.0, 14.0, 14.0)",20338346700.000004,1,-25.40347775953154,1.0,1.0,9.277047662805366e-12,4.916820500458869e-11,4.9168205002171176e-11
4393,"(3.0, 4.0, 7.0, 7.0, 12.0, 14.0, 14.0, 14.0)",6779448900.000001,1,-25.31313499315528,1.0,1.0,1.01541868987629e-11,1.4750461501376606e-10,1.4750461499200844e-10
4394,"(3.0, 4.0, 7.0, 7.0, 13.0, 13.0, 14.0, 14.0)",10169173350.000002,1,-25.280650639736184,1.0,1.0,1.0489455098348739e-11,9.833641000917738e-11,9.833640999950733e-11
4395,"(3.0, 4.0, 7.0, 8.0, 8.0, 8.0, 8.0, 8.0)",1284683400.0000005,1,-24.300654477981237,1.0,1.0,2.7948586837502608e-11,7.784019004215355e-10,7.78401899815626e-10
4396,"(3.0, 4.0, 7.0, 8.0, 8.0, 8.0, 8.0, 14.0)",6131443500.000003,1,-24.4702039595534,1.0,1.0,2.358986466350994e-11,1.6309373151689314e-10,1.6309373149029357e-10
4397,"(3.0, 4.0, 7.0, 8.0, 8.0, 8.0, 9.0, 11.0)",25693668000.00001,1,-25.20073078922604,1.0,1.0,1.1362180345544043e-11,3.892009502107677e-11,3.8920095019562e-11
4398,"(3.0, 4.0, 7.0, 8.0, 8.0, 8.0, 11.0, 12.0)",24525774000.00001,1,-24.94802473648533,1.0,1.0,1.4628861309651534e-11,4.0773432879223284e-11,4.077343287756081e-11
4399,"(3.0, 4.0, 7.0, 8.0, 8.0, 8.0, 11.0, 13.0)",24525774000.00001,1,-24.825197616689977,1.0,1.0,1.65406915459522e-11,4.0773432879223284e-11,4.077343287756081e-11
4400,"(3.0, 4.0, 7.0, 8.0, 8.0, 8.0, 14.0, 14.0)",10663380000.000004,1,-24.63975344112557,2.0,4.0,1.991090705509311e-11,1.8755779124442713e-10,3.7511558245367635e-10
4401,"(3.0, 4.0, 7.0, 8.0, 8.0, 9.0, 9.0, 13.0)",36788661000.000015,1,-25.831397566898666,1.0,1.0,6.047370497366216e-12,2.7182288586148857e-11,2.718228858540998e-11
4402,"(3.0, 4.0, 7.0, 8.0, 8.0, 9.0, 11.0, 11.0)",38540502000.000015,2,-25.46538167998635,4.0,8.0,8.720176128524535e-12,1.0378692005620473e-10,2.0757384010163773e-10
4403,"(3.0, 4.0, 7.0, 8.0, 8.0, 9.0, 12.0, 14.0)",63980280000.00002,2,-25.488348747781693,2.0,2.0,8.522181631910729e-12,3.1259631874071185e-11,3.125963187309402e-11
4404,"(3.0, 4.0, 7.0, 8.0, 8.0, 11.0, 11.0, 12.0)",36788661000.000015,1,-25.21267562724564,1.0,1.0,1.1227268297140496e-11,2.7182288586148857e-11,2.718228858540998e-11
4405,"(3.0, 4.0, 7.0, 8.0, 8.0, 11.0, 12.0, 13.0)",63980280000.00002,1,-25.20791698443377,1.0,1.0,1.1280822177554506e-11,1.5629815937035592e-11,1.5629815936791303e-11
4406,"(3.0, 4.0, 7.0, 8.0, 8.0, 11.0, 12.0, 14.0)",63980280000.00002,2,-25.117574218057506,2.0,2.0,1.2347417079881567e-11,3.1259631874071185e-11,3.125963187309402e-11
4407,"(3.0, 4.0, 7.0, 8.0, 8.0, 12.0, 13.0, 13.0)",25325527500.000008,2,-25.20315834162189,2.0,2.0,1.1334631509074912e-11,7.89717015766009e-11,7.897170157036437e-11
4408,"(3.0, 4.0, 7.0, 8.0, 8.0, 12.0, 13.0, 14.0)",50651055000.000015,1,-25.112815575245627,1.0,1.0,1.2406314051096488e-11,1.9742925394150224e-11,1.974292539376044e-11
4409,"(3.0, 4.0, 7.0, 8.0, 9.0, 9.0, 9.0, 12.0)",24525774000.00001,1,-26.58965010717852,1.0,1.0,2.8330985558396335e-12,4.0773432879223284e-11,4.077343287756081e-11
4410,"(3.0, 4.0, 7.0, 8.0, 9.0, 9.0, 9.0, 13.0)",24525774000.00001,1,-26.46682298738316,1.0,1.0,3.203353175582372e-12,4.0773432879223284e-11,4.077343287756081e-11
4411,"(3.0, 4.0, 7.0, 8.0, 9.0, 9.0, 11.0, 13.0)",73577322000.00003,1,-26.096048457658974,1.0,1.0,4.641198629817347e-12,1.3591144293074429e-11,1.3591144292889709e-11
4412,"(3.0, 4.0, 7.0, 8.0, 9.0, 9.0, 12.0, 14.0)",63980280000.00002,1,-26.12377416826619,1.0,1.0,4.514285606506258e-12,1.5629815937035592e-11,1.5629815936791303e-11
4413,"(3.0, 4.0, 7.0, 8.0, 9.0, 9.0, 13.0, 14.0)",63980280000.00002,1,-26.000947048470834,1.0,1.0,5.104252763561861e-12,1.5629815937035592e-11,1.5629815936791303e-11
4414,"(3.0, 4.0, 7.0, 8.0, 9.0, 9.0, 14.0, 14.0)",31990140000.00001,1,-25.91060428209457,1.0,1.0,5.586856769911344e-12,3.1259631874071185e-11,3.125963187309402e-11
4415,"(3.0, 4.0, 7.0, 8.0, 9.0, 11.0, 11.0, 11.0)",25693668000.00001,1,-25.73003257074666,1.0,1.0,6.6925070188936885e-12,3.892009502107677e-11,3.8920095019562e-11
4416,"(3.0, 4.0, 7.0, 8.0, 9.0, 11.0, 12.0, 14.0)",127960560000.00005,1,-25.752999638542,1.0,1.0,6.540551423185506e-12,7.814907968517796e-12,7.814907968456724e-12
4417,"(3.0, 4.0, 7.0, 8.0, 9.0, 11.0, 13.0, 14.0)",127960560000.00005,2,-25.630172518746644,2.0,2.0,7.395329092358968e-12,1.5629815937035592e-11,1.5629815936791303e-11
4418,"(3.0, 4.0, 7.0, 8.0, 9.0, 13.0, 14.0, 14.0)",50651055000.000015,1,-25.53507110955851,1.0,1.0,8.133163858709513e-12,1.9742925394150224e-11,1.974292539376044e-11
4419,"(3.0, 4.0, 7.0, 8.0, 11.0, 11.0, 11.0, 11.0)",6423417000.000003,1,-25.359258041022468,1.0,1.0,9.69648137548415e-12,1.5568038008430709e-10,1.556803800600707e-10
4420,"(3.0, 4.0, 7.0, 8.0, 11.0, 11.0, 11.0, 13.0)",24525774000.00001,1,-25.354499398210592,1.0,1.0,9.742733428100724e-12,4.0773432879223284e-11,4.077343287756081e-11
4421,"(3.0, 4.0, 7.0, 8.0, 11.0, 11.0, 13.0, 14.0)",63980280000.00002,1,-25.259397989022453,1.0,1.0,1.0714769608338597e-11,1.5629815937035592e-11,1.5629815936791303e-11
4422,"(3.0, 4.0, 7.0, 8.0, 11.0, 12.0, 13.0, 14.0)",101302110000.00005,1,-25.37746646600593,1.0,1.0,9.521521428215878e-12,9.87146269707511e-12,9.871462696977665e-12
4423,"(3.0, 4.0, 7.0, 8.0, 11.0, 13.0, 14.0, 14.0)",50651055000.000015,1,-25.164296579834318,1.0,1.0,1.1783786204048556e-11,1.9742925394150224e-11,1.974292539376044e-11
4424,"(3.0, 4.0, 7.0, 9.0, 9.0, 9.0, 9.0, 12.0)",6131443500.000003,1,-27.22507552766302,1.0,1.0,1.5007208934096673e-12,1.6309373151689314e-10,1.6309373149029357e-10
4425,"(3.0, 4.0, 7.0, 9.0, 9.0, 11.0, 11.0, 12.0)",36788661000.000015,1,-26.48352646821464,1.0,1.0,3.1502904272482956e-12,2.7182288586148857e-11,2.718228858540998e-11
4426,"(3.0, 4.0, 7.0, 9.0, 9.0, 11.0, 14.0, 14.0)",31990140000.00001,2,-26.17525517285488,2.0,2.0,4.287766393144152e-12,6.251926374814237e-11,6.251926374423371e-11
4427,"(3.0, 4.0, 7.0, 9.0, 11.0, 11.0, 11.0, 13.0)",24525774000.00001,1,-25.98992481869509,1.0,1.0,5.160824209357005e-12,4.0773432879223284e-11,4.077343287756081e-11
4428,"(3.0, 4.0, 7.0, 9.0, 11.0, 11.0, 12.0, 13.0)",63980280000.00002,1,-26.107993295678572,1.0,1.0,4.58609005072832e-12,1.5629815937035592e-11,1.5629815936791303e-11
4429,"(3.0, 4.0, 7.0, 11.0, 11.0, 14.0, 14.0, 14.0)",8441842500.000003,1,-25.33860470421836,1.0,1.0,9.898828449564678e-12,1.1845755236490135e-10,1.1845755235086916e-10
4430,"(3.0, 4.0, 8.0, 8.0, 8.0, 8.0, 8.0, 9.0)",899278380.0,1,-24.81496719575199,1.0,1.0,1.671077832930847e-11,1.1120027148879082e-09,1.1120027136513582e-09
4431,"(3.0, 4.0, 8.0, 8.0, 8.0, 9.0, 9.0, 11.0)",8992783800.0,1,-25.7150435069968,1.0,1.0,6.793577013247547e-12,1.1120027148879083e-10,1.1120027147642533e-10
4432,"(3.0, 4.0, 8.0, 8.0, 8.0, 9.0, 11.0, 14.0)",17985567600.0,1,-25.249167568084463,1.0,1.0,1.0824948840689522e-11,5.5600135744395415e-11,5.560013574130404e-11
4433,"(3.0, 4.0, 8.0, 8.0, 8.0, 11.0, 11.0, 14.0)",8992783800.0,1,-24.87839303836028,3.0,9.0,1.568379600170596e-11,3.336008144663725e-10,1.0008024432878279e-09
4434,"(3.0, 4.0, 8.0, 8.0, 9.0, 9.0, 9.0, 12.0)",8992783800.0,1,-26.468537404464776,1.0,1.0,3.1978659971799035e-12,1.1120027148879083e-10,1.1120027147642533e-10
4435,"(3.0, 4.0, 8.0, 8.0, 9.0, 9.0, 12.0, 13.0)",24525774000.0,1,-26.09300423192871,1.0,1.0,4.655349013658796e-12,4.0773432879223303e-11,4.077343287756083e-11
4436,"(3.0, 4.0, 8.0, 8.0, 9.0, 11.0, 12.0, 14.0)",49051548000.0,1,-25.631886935828256,1.0,1.0,7.382661275902146e-12,2.0386716439611652e-11,2.0386716439196032e-11
4437,"(3.0, 4.0, 8.0, 8.0, 11.0, 11.0, 11.0, 13.0)",8992783800.0,2,-25.233386695496847,2.0,2.0,1.0997130998175862e-11,2.2240054297758166e-10,2.2240054292811965e-10
4438,"(3.0, 4.0, 8.0, 8.0, 12.0, 12.0, 12.0, 13.0)",5065105500.0,1,-25.58759212644729,1.0,1.0,7.717025481620763e-12,1.974292539415023e-10,1.97429253902524e-10
4439,"(3.0, 4.0, 8.0, 9.0, 11.0, 11.0, 11.0, 12.0)",17985567600.0,1,-25.991639235776702,1.0,1.0,5.1519839842590295e-12,5.5600135744395415e-11,5.560013574130404e-11
4440,"(3.0, 4.0, 8.0, 9.0, 11.0, 11.0, 11.0, 13.0)",17985567600.0,1,-25.86881211598135,1.0,1.0,5.825291260167424e-12,5.5600135744395415e-11,5.560013574130404e-11
4441,"(3.0, 4.0, 8.0, 9.0, 11.0, 11.0, 12.0, 12.0)",24525774000.0,1,-26.109707712760187,1.0,1.0,4.578234315534976e-12,4.0773432879223303e-11,4.077343287756083e-11
4442,"(3.0, 4.0, 8.0, 9.0, 11.0, 12.0, 13.0, 13.0)",40520844000.0,3,-25.982121950152955,3.0,3.0,5.2012509594256775e-12,7.403597022806336e-11,7.403597022258203e-11
4443,"(3.0, 4.0, 8.0, 9.0, 11.0, 12.0, 13.0, 14.0)",81041688000.0,1,-25.89177918377669,1.0,1.0,5.693026086427085e-12,1.2339328371343894e-11,1.2339328371191635e-11
4444,"(3.0, 4.0, 8.0, 9.0, 11.0, 13.0, 14.0, 14.0)",40520844000.0,1,-25.67860929760507,1.0,1.0,7.0456599570031975e-12,2.467865674268779e-11,2.467865674207875e-11
4445,"(3.0, 4.0, 8.0, 11.0, 11.0, 12.0, 13.0, 14.0)",40520844000.0,1,-25.521004654052504,1.0,1.0,8.248377067269886e-12,2.467865674268779e-11,2.467865674207875e-11
4446,"(3.0, 4.0, 9.0, 11.0, 11.0, 11.0, 12.0, 14.0)",16350516000.0,1,-26.16118871734888,1.0,1.0,4.348506264157843e-12,6.116014931883496e-11,6.11601493150944e-11
4447,"(3.0, 4.0, 9.0, 11.0, 11.0, 12.0, 13.0, 13.0)",20260422000.0,1,-26.246772840913263,2.0,4.0,3.991824022810612e-12,9.871462697075115e-11,1.9742925393175773e-10
4448,"(3.0, 6.0, 6.0, 6.0, 6.0, 6.0, 7.0, 7.0)",1159642575.0000002,1,-25.76655149475701,1.0,1.0,6.452512702151749e-12,8.623346723881708e-10,8.623346716445497e-10
4449,"(3.0, 6.0, 6.0, 6.0, 6.0, 7.0, 8.0, 8.0)",5798212875.0,1,-25.305072656252243,1.0,1.0,1.0236384280766188e-11,1.724669344776342e-10,1.7246693444788935e-10
4450,"(3.0, 6.0, 6.0, 6.0, 6.0, 7.0, 8.0, 11.0)",11596425750.0,1,-25.569723547012558,1.0,1.0,7.856157104789089e-12,8.62334672388171e-11,8.623346723138089e-11
4451,"(3.0, 6.0, 6.0, 6.0, 6.0, 8.0, 9.0, 12.0)",9019442250.000004,1,-26.202104741766792,1.0,1.0,4.174173498030903e-12,1.1087160073562194e-10,1.1087160072332942e-10
4452,"(3.0, 6.0, 6.0, 6.0, 6.0, 8.0, 11.0, 14.0)",9019442250.000004,1,-25.61816032587098,1.0,1.0,7.484698900868345e-12,1.1087160073562194e-10,1.1087160072332942e-10
4453,"(3.0, 6.0, 6.0, 6.0, 7.0, 7.0, 7.0, 7.0)",1932737625.0000005,1,-25.32804462860245,1.0,1.0,1.0003914709368094e-11,5.174008034329025e-10,5.174008031651989e-10
4454,"(3.0, 6.0, 6.0, 6.0, 7.0, 7.0, 8.0, 8.0)",11596425750.0,1,-25.08581922317496,1.0,1.0,1.2745801111202267e-11,8.62334672388171e-11,8.623346723138089e-11
4455,"(3.0, 6.0, 6.0, 6.0, 7.0, 7.0, 11.0, 12.0)",19481995260.000004,1,-25.733189481679062,4.0,16.0,6.671412684307281e-12,2.0531777914004068e-10,8.212711165180073e-10
4456,"(3.0, 6.0, 6.0, 6.0, 7.0, 8.0, 8.0, 11.0)",20615868000.000004,1,-25.229357411221528,1.0,1.0,1.1041530955134722e-11,4.8506325321834606e-11,4.850632531948174e-11
4457,"(3.0, 6.0, 6.0, 6.0, 7.0, 8.0, 9.0, 11.0)",41231736000.00001,1,-25.864782831706027,1.0,1.0,5.848810365401996e-12,2.4253162660917303e-11,2.4253162660329087e-11
4458,"(3.0, 6.0, 6.0, 6.0, 7.0, 8.0, 11.0, 13.0)",36077769000.000015,1,-25.489249659169964,1.0,1.0,8.51450735886468e-12,2.7717900183905484e-11,2.77179001831372e-11
4459,"(3.0, 6.0, 6.0, 6.0, 7.0, 9.0, 13.0, 14.0)",28862215200.00001,1,-26.029573670466323,1.0,1.0,4.960206859751412e-12,3.4647375229881856e-11,3.4647375228681416e-11
4460,"(3.0, 6.0, 6.0, 6.0, 8.0, 8.0, 8.0, 14.0)",5153967000.000001,1,-25.013143299319648,2.0,4.0,1.3706604769283005e-11,3.8805060257467685e-10,7.761012049987704e-10
4461,"(3.0, 6.0, 6.0, 6.0, 8.0, 8.0, 9.0, 12.0)",15461901000.000002,1,-25.861738605975766,1.0,1.0,5.8666425932998665e-12,6.467510042911282e-11,6.467510042492995e-11
4462,"(3.0, 6.0, 6.0, 6.0, 8.0, 8.0, 9.0, 13.0)",15461901000.000002,1,-25.73891148618041,1.0,1.0,6.633347838365009e-12,6.467510042911282e-11,6.467510042492995e-11
4463,"(3.0, 6.0, 6.0, 6.0, 8.0, 8.0, 11.0, 13.0)",15461901000.000002,3,-25.36813695645622,3.0,3.0,9.610768220374142e-12,1.9402530128733845e-10,1.9402530124969263e-10
4464,"(3.0, 6.0, 6.0, 6.0, 8.0, 8.0, 14.0, 14.0)",6442458750.000003,1,-25.18269278089182,1.0,1.0,1.1568991068619484e-11,1.5522024102987072e-10,1.552202410057774e-10
4465,"(3.0, 6.0, 6.0, 6.0, 8.0, 9.0, 9.0, 14.0)",15461901000.000002,1,-26.283994140288645,1.0,1.0,3.845974341393963e-12,6.467510042911282e-11,6.467510042492995e-11
4466,"(3.0, 6.0, 6.0, 6.0, 9.0, 9.0, 9.0, 11.0)",5644821000.000002,1,-27.01452096996128,1.0,1.0,1.8524334367567927e-12,1.7715353595800464e-10,1.7715353592662125e-10
4467,"(3.0, 6.0, 6.0, 7.0, 7.0, 7.0, 8.0, 9.0)",23192851500.0,1,-25.501991210582183,1.0,1.0,8.406707552401965e-12,4.311673361940855e-11,4.31167336175495e-11
4468,"(3.0, 6.0, 6.0, 7.0, 7.0, 7.0, 8.0, 11.0)",23192851500.0,1,-25.13121668085799,1.0,1.0,1.21801117250801e-11,4.311673361940855e-11,4.31167336175495e-11
4469,"(3.0, 6.0, 6.0, 7.0, 7.0, 7.0, 9.0, 11.0)",23192851500.0,1,-25.76664210134249,1.0,1.0,6.45192808849336e-12,4.311673361940855e-11,4.31167336175495e-11
4470,"(3.0, 6.0, 6.0, 7.0, 7.0, 7.0, 9.0, 14.0)",19481995260.000004,1,-25.671540692154352,1.0,1.0,7.095639381693662e-12,5.132944478501017e-11,5.132944478237546e-11
4471,"(3.0, 6.0, 6.0, 7.0, 7.0, 7.0, 11.0, 11.0)",11596425750.0,1,-25.3958675716183,1.0,1.0,9.347917061487164e-12,8.62334672388171e-11,8.623346723138089e-11
4472,"(3.0, 6.0, 6.0, 7.0, 7.0, 7.0, 11.0, 13.0)",19481995260.000004,1,-25.391108928806425,1.0,1.0,9.39250646820499e-12,5.132944478501017e-11,5.132944478237546e-11
4473,"(3.0, 6.0, 6.0, 7.0, 7.0, 7.0, 11.0, 14.0)",19481995260.000004,1,-25.30076616243016,1.0,1.0,1.0280562264261614e-11,5.132944478501017e-11,5.132944478237546e-11
4474,"(3.0, 6.0, 6.0, 7.0, 7.0, 8.0, 8.0, 9.0)",30923802000.000008,1,-25.38087850786844,1.0,1.0,9.48908896044186e-12,3.2337550214556404e-11,3.2337550213510686e-11
4475,"(3.0, 6.0, 6.0, 7.0, 7.0, 8.0, 8.0, 11.0)",30923802000.000008,1,-25.010103978144247,1.0,1.0,1.3748326914784021e-11,3.2337550214556404e-11,3.2337550213510686e-11
4476,"(3.0, 6.0, 6.0, 7.0, 7.0, 8.0, 9.0, 13.0)",54116653500.00002,1,-25.64077075581687,1.0,1.0,7.317365509447923e-12,1.8478600122603657e-11,1.84786001222622e-11
4477,"(3.0, 6.0, 6.0, 7.0, 7.0, 8.0, 11.0, 11.0)",30923802000.000008,1,-25.27475486890456,1.0,1.0,1.0551481187892598e-11,3.2337550214556404e-11,3.2337550213510686e-11
4478,"(3.0, 6.0, 6.0, 7.0, 7.0, 8.0, 11.0, 13.0)",54116653500.00002,1,-25.26999622609268,1.0,1.0,1.0601811575193653e-11,1.8478600122603657e-11,1.84786001222622e-11
4479,"(3.0, 6.0, 6.0, 7.0, 7.0, 8.0, 13.0, 13.0)",21646661400.000008,1,-25.265237583280808,1.0,1.0,1.0652382037593167e-11,4.619650030650914e-11,4.619650030437502e-11
4480,"(3.0, 6.0, 6.0, 7.0, 7.0, 9.0, 13.0, 13.0)",21646661400.000008,1,-25.900663003765303,1.0,1.0,5.6426742569356835e-12,4.619650030650914e-11,4.619650030437502e-11
4481,"(3.0, 6.0, 6.0, 7.0, 7.0, 11.0, 11.0, 13.0)",27058326750.00001,1,-25.53464711685299,1.0,1.0,8.136612992010392e-12,3.6957200245207314e-11,3.695720024384148e-11
4482,"(3.0, 6.0, 6.0, 7.0, 7.0, 11.0, 11.0, 14.0)",27058326750.00001,2,-25.444304350476727,2.0,2.0,8.905924820784186e-12,7.391440049041463e-11,7.39144004849513e-11
4483,"(3.0, 6.0, 6.0, 7.0, 7.0, 12.0, 12.0, 13.0)",15818714100.000002,1,-25.770784070819957,1.0,1.0,6.425259667300057e-12,6.321626357732831e-11,6.321626357333202e-11
4484,"(3.0, 6.0, 6.0, 7.0, 8.0, 8.0, 11.0, 11.0)",25401694500.000008,1,-25.153642166190814,1.0,1.0,1.1910006745474873e-11,3.936745243511214e-11,3.936745243356235e-11
4485,"(3.0, 6.0, 6.0, 7.0, 8.0, 8.0, 11.0, 12.0)",46385703000.00001,1,-25.27171064317429,1.0,1.0,1.058365121999281e-11,2.155836680970427e-11,2.155836680923951e-11
4486,"(3.0, 6.0, 6.0, 7.0, 8.0, 8.0, 11.0, 14.0)",46385703000.00001,1,-25.058540757002675,1.0,1.0,1.3098272600115579e-11,2.155836680970427e-11,2.155836680923951e-11
4487,"(3.0, 6.0, 6.0, 7.0, 8.0, 8.0, 13.0, 14.0)",38654752500.000015,1,-25.0537821141908,1.0,1.0,1.3160751139497761e-11,2.587004017164512e-11,2.587004017097586e-11
4488,"(3.0, 6.0, 6.0, 7.0, 8.0, 9.0, 9.0, 14.0)",46385703000.00001,1,-26.064740707211364,1.0,1.0,4.788802636718254e-12,2.155836680970427e-11,2.155836680923951e-11
4489,"(3.0, 6.0, 6.0, 7.0, 8.0, 9.0, 11.0, 11.0)",50803389000.000015,3,-25.789067586675312,3.0,3.0,6.308850755206817e-12,5.905117865266821e-11,5.905117864918117e-11
4490,"(3.0, 6.0, 6.0, 7.0, 8.0, 9.0, 11.0, 14.0)",92771406000.00002,2,-25.693966177487173,2.0,2.0,6.9382871690262106e-12,2.155836680970427e-11,2.155836680923951e-11
4491,"(3.0, 6.0, 6.0, 7.0, 8.0, 11.0, 13.0, 14.0)",77309505000.00003,1,-25.31843300495111,1.0,1.0,1.0100532154033974e-11,1.293502008582256e-11,1.2935020085655244e-11
4492,"(3.0, 6.0, 6.0, 7.0, 8.0, 12.0, 12.0, 14.0)",29377611900.00001,1,-25.559328601729945,1.0,1.0,7.938247350645582e-12,3.4039526541638315e-11,3.403952654047963e-11
4493,"(3.0, 6.0, 6.0, 7.0, 9.0, 11.0, 11.0, 11.0)",16934463000.000006,1,-26.05371847743562,1.0,1.0,4.841877886188795e-12,5.905117865266821e-11,5.905117864918117e-11
4494,"(3.0, 6.0, 6.0, 7.0, 9.0, 11.0, 11.0, 13.0)",46385703000.00001,1,-26.048959834623744,1.0,1.0,4.864973562040991e-12,2.155836680970427e-11,2.155836680923951e-11
4495,"(3.0, 6.0, 6.0, 7.0, 9.0, 11.0, 12.0, 14.0)",77309505000.00003,1,-26.07668554523097,1.0,1.0,4.731941439881721e-12,1.293502008582256e-11,1.2935020085655244e-11
4496,"(3.0, 6.0, 6.0, 7.0, 9.0, 11.0, 13.0, 13.0)",38654752500.000015,1,-26.044201191811872,1.0,1.0,4.888179403877444e-12,2.587004017164512e-11,2.587004017097586e-11
4497,"(3.0, 6.0, 6.0, 7.0, 11.0, 12.0, 12.0, 14.0)",29377611900.00001,1,-25.823979492490256,2.0,4.0,6.092397140709899e-12,6.807905308327663e-11,1.3615810616191851e-10
4498,"(3.0, 6.0, 6.0, 7.0, 12.0, 12.0, 13.0, 14.0)",20338346700.000004,1,-25.81922084967838,1.0,1.0,6.121457772314434e-12,4.916820500458869e-11,4.9168205002171176e-11
4499,"(3.0, 6.0, 6.0, 8.0, 8.0, 8.0, 11.0, 13.0)",12262887000.000006,1,-25.0277708206652,1.0,1.0,1.3507570354365244e-11,8.154686575844657e-11,8.154686575179668e-11
4500,"(3.0, 6.0, 6.0, 8.0, 8.0, 9.0, 11.0, 12.0)",36788661000.000015,1,-25.78602336094505,1.0,1.0,6.328085583729551e-12,2.7182288586148857e-11,2.718228858540998e-11
4501,"(3.0, 6.0, 6.0, 8.0, 8.0, 9.0, 13.0, 13.0)",15995070000.000006,1,-25.65843759833782,1.0,1.0,7.189226008379841e-12,6.251926374814237e-11,6.251926374423371e-11
4502,"(3.0, 6.0, 6.0, 8.0, 8.0, 11.0, 11.0, 13.0)",18394330500.000008,1,-25.292421711425504,1.0,1.0,1.036670682706563e-11,5.4364577172297714e-11,5.4364577169342204e-11
4503,"(3.0, 6.0, 6.0, 8.0, 8.0, 11.0, 14.0, 14.0)",15995070000.000006,1,-25.106977535861105,1.0,1.0,1.2478954433535384e-11,6.251926374814237e-11,6.251926374423371e-11
4504,"(3.0, 6.0, 6.0, 8.0, 8.0, 12.0, 12.0, 13.0)",12662763750.000004,1,-25.528558665392467,1.0,1.0,8.18630348083097e-12,7.89717015766009e-11,7.897170157036437e-11
4505,"(3.0, 6.0, 6.0, 8.0, 9.0, 9.0, 9.0, 14.0)",12262887000.000006,1,-26.57905342498212,1.0,1.0,2.8632796280642684e-12,8.154686575844657e-11,8.154686575179668e-11
4506,"(3.0, 6.0, 6.0, 8.0, 9.0, 9.0, 11.0, 11.0)",19270251000.000008,1,-26.303380304446065,1.0,1.0,3.772133707364646e-12,5.1893460028102364e-11,5.189346002540943e-11
4507,"(3.0, 6.0, 6.0, 8.0, 9.0, 9.0, 11.0, 12.0)",36788661000.000015,1,-26.42144878142955,1.0,1.0,3.352050789483726e-12,2.7182288586148857e-11,2.718228858540998e-11
4508,"(3.0, 6.0, 6.0, 8.0, 9.0, 9.0, 11.0, 13.0)",36788661000.000015,1,-26.298621661634197,1.0,1.0,3.79012672152653e-12,2.7182288586148857e-11,2.718228858540998e-11
4509,"(3.0, 6.0, 6.0, 8.0, 9.0, 12.0, 14.0, 14.0)",25325527500.000008,1,-25.86047143332908,1.0,1.0,5.874081354423898e-12,3.948585078830045e-11,3.9485850786741316e-11
4510,"(3.0, 6.0, 6.0, 8.0, 11.0, 11.0, 11.0, 13.0)",12262887000.000006,1,-25.55707260218581,1.0,1.0,7.956176249239262e-12,8.154686575844657e-11,8.154686575179668e-11
4511,"(3.0, 6.0, 6.0, 11.0, 11.0, 11.0, 11.0, 12.0)",3065721750.0000014,1,-25.94455061274148,1.0,1.0,5.4003863817535005e-12,3.2618746303378627e-10,3.26187462927388e-10
4512,"(3.0, 6.0, 7.0, 7.0, 7.0, 7.0, 8.0, 13.0)",9740997630.000002,1,-24.907204604968832,1.0,1.0,1.5238368808388884e-11,1.0265888957002034e-10,1.0265888955948149e-10
4513,"(3.0, 6.0, 7.0, 7.0, 7.0, 7.0, 9.0, 13.0)",9740997630.000002,1,-25.54263002545333,1.0,1.0,8.07191772594509e-12,1.0265888957002034e-10,1.0265888955948149e-10
4514,"(3.0, 6.0, 7.0, 7.0, 7.0, 7.0, 9.0, 14.0)",9740997630.000002,1,-25.452287259077067,1.0,1.0,8.835112656508464e-12,1.0265888957002034e-10,1.0265888955948149e-10
4515,"(3.0, 6.0, 7.0, 7.0, 7.0, 7.0, 13.0, 14.0)",7493075099.999999,1,-25.076754086541,1.0,1.0,1.2861868829811109e-11,1.334565564410265e-10,1.3345655642321584e-10
4516,"(3.0, 6.0, 7.0, 7.0, 7.0, 8.0, 9.0, 11.0)",41231736000.00001,1,-25.42627596555146,2.0,4.0,9.067940312188441e-12,4.8506325321834606e-11,9.701265064131635e-11
4517,"(3.0, 6.0, 7.0, 7.0, 7.0, 8.0, 9.0, 14.0)",36077769000.000015,3,-25.33117455636333,3.0,3.0,9.972652129332172e-12,8.315370055171645e-11,8.315370054480192e-11
4518,"(3.0, 6.0, 7.0, 7.0, 7.0, 8.0, 11.0, 11.0)",20615868000.000004,1,-25.055501435827274,1.0,1.0,1.3138143016198392e-11,4.8506325321834606e-11,4.850632531948174e-11
4519,"(3.0, 6.0, 7.0, 7.0, 7.0, 8.0, 11.0, 12.0)",36077769000.000015,1,-25.17356991281076,1.0,1.0,1.1675016339907452e-11,2.7717900183905484e-11,2.77179001831372e-11
4520,"(3.0, 6.0, 7.0, 7.0, 7.0, 8.0, 11.0, 14.0)",36077769000.000015,3,-24.96040002663913,3.0,3.0,1.4448940488707545e-11,8.315370055171645e-11,8.315370054480192e-11
4521,"(3.0, 6.0, 7.0, 7.0, 7.0, 8.0, 12.0, 14.0)",28862215200.00001,1,-25.078468503622616,1.0,1.0,1.2839837113359646e-11,3.4647375229881856e-11,3.4647375228681416e-11
4522,"(3.0, 6.0, 7.0, 7.0, 7.0, 8.0, 14.0, 14.0)",14431107600.000006,1,-24.865298617451,1.0,1.0,1.589051671829186e-11,6.929475045976371e-11,6.929475045496195e-11
4523,"(3.0, 6.0, 7.0, 7.0, 7.0, 9.0, 9.0, 9.0)",6871956000.000002,1,-26.43247591576015,1.0,1.0,3.3152903289116595e-12,1.455189759655038e-10,1.4551897594432804e-10
4524,"(3.0, 6.0, 7.0, 7.0, 7.0, 9.0, 9.0, 11.0)",20615868000.000004,1,-26.061701386035963,1.0,1.0,4.8033794866200295e-12,4.8506325321834606e-11,4.850632531948174e-11
4525,"(3.0, 6.0, 7.0, 7.0, 7.0, 9.0, 9.0, 14.0)",18038884500.000008,1,-25.966599976847824,1.0,1.0,5.282614465475167e-12,5.543580036781097e-11,5.543580036473784e-11
4526,"(3.0, 6.0, 7.0, 7.0, 7.0, 9.0, 11.0, 12.0)",36077769000.000015,1,-25.80899533329525,1.0,1.0,6.1843739661241296e-12,2.7717900183905484e-11,2.77179001831372e-11
4527,"(3.0, 6.0, 7.0, 7.0, 7.0, 11.0, 12.0, 13.0)",28862215200.00001,1,-25.43346216075919,1.0,1.0,9.00300990369273e-12,3.4647375229881856e-11,3.4647375228681416e-11
4528,"(3.0, 6.0, 7.0, 7.0, 8.0, 8.0, 8.0, 11.0)",16934463000.000006,1,-24.66973784235322,1.0,1.0,1.9322752229376964e-11,5.905117865266821e-11,5.905117864918117e-11
4529,"(3.0, 6.0, 7.0, 7.0, 8.0, 8.0, 8.0, 12.0)",15461901000.000002,1,-24.787806319336703,1.0,1.0,1.717087778172451e-11,6.467510042911282e-11,6.467510042492995e-11
4530,"(3.0, 6.0, 7.0, 7.0, 8.0, 8.0, 9.0, 13.0)",46385703000.00001,1,-25.300404620025844,1.0,1.0,1.028427979544245e-11,2.155836680970427e-11,2.155836680923951e-11
4531,"(3.0, 6.0, 7.0, 7.0, 8.0, 8.0, 9.0, 14.0)",46385703000.00001,1,-25.210061853649584,1.0,1.0,1.125665221930257e-11,2.155836680970427e-11,2.155836680923951e-11
4532,"(3.0, 6.0, 7.0, 7.0, 8.0, 8.0, 11.0, 14.0)",46385703000.00001,3,-24.83928732392539,6.0,12.0,1.6309272188527822e-11,1.2935020085822562e-10,2.5870040169971975e-10
4533,"(3.0, 6.0, 7.0, 7.0, 8.0, 8.0, 12.0, 13.0)",38654752500.000015,1,-25.04769856728514,1.0,1.0,1.3241059217668565e-11,2.587004017164512e-11,2.587004017097586e-11
4534,"(3.0, 6.0, 7.0, 7.0, 8.0, 9.0, 11.0, 11.0)",50803389000.000015,2,-25.56981415359803,2.0,2.0,7.855445317465676e-12,3.936745243511214e-11,3.936745243356235e-11
4535,"(3.0, 6.0, 7.0, 7.0, 8.0, 9.0, 11.0, 12.0)",92771406000.00002,2,-25.687882630581512,4.0,10.0,6.980625216637291e-12,4.311673361940854e-11,1.077918340466623e-10
4536,"(3.0, 6.0, 7.0, 7.0, 8.0, 9.0, 11.0, 14.0)",92771406000.00002,3,-25.47471274440989,3.0,3.0,8.639186052733403e-12,3.2337550214556404e-11,3.2337550213510686e-11
4537,"(3.0, 6.0, 7.0, 7.0, 8.0, 9.0, 13.0, 13.0)",38654752500.000015,1,-25.56029686797428,1.0,1.0,7.930564733706322e-12,2.587004017164512e-11,2.587004017097586e-11
4538,"(3.0, 6.0, 7.0, 7.0, 8.0, 11.0, 11.0, 12.0)",46385703000.00001,1,-25.31710810085732,1.0,1.0,1.0113923259440621e-11,2.155836680970427e-11,2.155836680923951e-11
4539,"(3.0, 6.0, 7.0, 7.0, 8.0, 11.0, 13.0, 13.0)",38654752500.000015,2,-25.18952233825009,2.0,2.0,1.1490249172748206e-11,5.174008034329024e-11,5.17400803406132e-11
4540,"(3.0, 6.0, 7.0, 7.0, 8.0, 12.0, 12.0, 14.0)",29377611900.00001,1,-25.340075168652664,1.0,1.0,9.884283271092996e-12,3.4039526541638315e-11,3.403952654047963e-11
4541,"(3.0, 6.0, 7.0, 7.0, 9.0, 9.0, 11.0, 13.0)",46385703000.00001,1,-26.20048093127065,1.0,1.0,4.180957070897579e-12,2.155836680970427e-11,2.155836680923951e-11
4542,"(3.0, 6.0, 7.0, 7.0, 9.0, 11.0, 12.0, 13.0)",77309505000.00003,1,-25.947774878529945,1.0,1.0,5.38300214146432e-12,1.293502008582256e-11,1.2935020085655244e-11
4543,"(3.0, 6.0, 7.0, 7.0, 9.0, 11.0, 14.0, 14.0)",38654752500.000015,1,-25.64426222598206,2.0,4.0,7.291861694896087e-12,5.174008034329024e-11,1.0348016068390343e-10
4544,"(3.0, 6.0, 7.0, 7.0, 9.0, 13.0, 14.0, 14.0)",29377611900.00001,1,-25.63950358317019,2.0,4.0,7.326643752193447e-12,6.807905308327663e-11,1.3615810616191851e-10
4545,"(3.0, 6.0, 7.0, 7.0, 11.0, 11.0, 13.0, 13.0)",19327376250.000008,1,-25.4541732290104,1.0,1.0,8.818465602536612e-12,5.174008034329024e-11,5.17400803406132e-11
4546,"(3.0, 6.0, 7.0, 7.0, 11.0, 11.0, 13.0, 14.0)",38654752500.000015,2,-25.363830462634134,2.0,2.0,9.652246182530779e-12,5.174008034329024e-11,5.17400803406132e-11
4547,"(3.0, 6.0, 7.0, 7.0, 11.0, 13.0, 13.0, 14.0)",29377611900.00001,2,-25.359071819822255,2.0,2.0,9.698287234023088e-12,6.807905308327663e-11,6.807905307864187e-11
4548,"(3.0, 6.0, 7.0, 8.0, 8.0, 8.0, 8.0, 11.0)",6423417000.000003,1,-24.54862513963948,1.0,1.0,2.1810597516592092e-11,1.5568038008430709e-10,1.556803800600707e-10
4549,"(3.0, 6.0, 7.0, 8.0, 8.0, 8.0, 9.0, 9.0)",12846834000.000006,1,-25.554825089848165,1.0,1.0,7.974077963145732e-12,7.784019004215354e-11,7.784019003609445e-11
4550,"(3.0, 6.0, 7.0, 8.0, 8.0, 8.0, 9.0, 11.0)",25693668000.00001,1,-25.18405056012398,1.0,1.0,1.1553293592074921e-11,3.892009502107677e-11,3.8920095019562e-11
4551,"(3.0, 6.0, 7.0, 8.0, 8.0, 8.0, 9.0, 12.0)",24525774000.00001,1,-25.30211903710746,1.0,1.0,1.0266663355766475e-11,4.0773432879223284e-11,4.077343287756081e-11
4552,"(3.0, 6.0, 7.0, 8.0, 8.0, 8.0, 11.0, 12.0)",24525774000.00001,1,-24.93134450738327,1.0,1.0,1.4874920524776902e-11,4.0773432879223284e-11,4.077343287756081e-11
4553,"(3.0, 6.0, 7.0, 8.0, 8.0, 8.0, 11.0, 13.0)",24525774000.00001,1,-24.808517387587912,1.0,1.0,1.6818907976696774e-11,4.0773432879223284e-11,4.077343287756081e-11
4554,"(3.0, 6.0, 7.0, 8.0, 8.0, 8.0, 11.0, 14.0)",24525774000.00001,1,-24.71817462121165,1.0,1.0,1.8409125536046835e-11,4.0773432879223284e-11,4.077343287756081e-11
4555,"(3.0, 6.0, 7.0, 8.0, 8.0, 9.0, 9.0, 9.0)",12846834000.000006,1,-26.190250510332667,2.0,4.0,4.223949562327805e-12,1.5568038008430709e-10,3.113607601443778e-10
4556,"(3.0, 6.0, 7.0, 8.0, 8.0, 9.0, 9.0, 14.0)",36788661000.000015,2,-25.724374571420334,2.0,2.0,6.73048054488657e-12,5.4364577172297714e-11,5.4364577169342204e-11
4557,"(3.0, 6.0, 7.0, 8.0, 8.0, 9.0, 11.0, 11.0)",38540502000.000015,1,-25.44870145088429,1.0,1.0,8.866850544839091e-12,2.5946730014051182e-11,2.594673001337795e-11
4558,"(3.0, 6.0, 7.0, 8.0, 8.0, 9.0, 13.0, 13.0)",31990140000.00001,1,-25.43918416526053,1.0,1.0,8.95164174507072e-12,3.1259631874071185e-11,3.125963187309402e-11
4559,"(3.0, 6.0, 7.0, 8.0, 8.0, 11.0, 11.0, 12.0)",36788661000.000015,1,-25.195995398143577,1.0,1.0,1.1416112306713153e-11,2.7182288586148857e-11,2.718228858540998e-11
4560,"(3.0, 6.0, 7.0, 8.0, 8.0, 11.0, 12.0, 12.0)",31990140000.00001,1,-25.31406387512706,1.0,1.0,1.0144759236884988e-11,3.1259631874071185e-11,3.125963187309402e-11
4561,"(3.0, 6.0, 7.0, 8.0, 8.0, 11.0, 12.0, 13.0)",63980280000.00002,1,-25.1912367553317,1.0,1.0,1.1470566969867752e-11,1.5629815937035592e-11,1.5629815936791303e-11
4562,"(3.0, 6.0, 7.0, 8.0, 8.0, 11.0, 12.0, 14.0)",63980280000.00002,1,-25.10089398895544,2.0,4.0,1.255510212734985e-11,3.1259631874071185e-11,6.251926374716521e-11
4563,"(3.0, 6.0, 7.0, 8.0, 8.0, 11.0, 13.0, 13.0)",31990140000.00001,1,-25.068409635536344,1.0,1.0,1.2969643097278786e-11,3.1259631874071185e-11,3.125963187309402e-11
4564,"(3.0, 6.0, 7.0, 8.0, 8.0, 11.0, 14.0, 14.0)",31990140000.00001,1,-24.88772410278382,1.0,1.0,1.5538130156412282e-11,3.1259631874071185e-11,3.125963187309402e-11
4565,"(3.0, 6.0, 7.0, 8.0, 8.0, 12.0, 14.0, 14.0)",25325527500.000008,2,-25.005792579767306,2.0,2.0,1.3807729390984642e-11,7.89717015766009e-11,7.897170157036437e-11
4566,"(3.0, 6.0, 7.0, 8.0, 9.0, 9.0, 9.0, 12.0)",24525774000.00001,1,-26.572969878076456,1.0,1.0,2.8807516159286603e-12,4.0773432879223284e-11,4.077343287756081e-11
4567,"(3.0, 6.0, 7.0, 8.0, 9.0, 9.0, 11.0, 11.0)",38540502000.000015,1,-26.084126871368785,1.0,1.0,4.696860207687805e-12,2.5946730014051182e-11,2.594673001337795e-11
4568,"(3.0, 6.0, 7.0, 8.0, 9.0, 9.0, 11.0, 12.0)",73577322000.00003,1,-26.202195348352262,2.0,4.0,4.17379530755662e-12,2.7182288586148857e-11,5.4364577171558835e-11
4569,"(3.0, 6.0, 7.0, 8.0, 9.0, 9.0, 11.0, 13.0)",73577322000.00003,1,-26.07936822855691,1.0,1.0,4.719264151659473e-12,1.3591144293074429e-11,1.3591144292889709e-11
4570,"(3.0, 6.0, 7.0, 8.0, 9.0, 9.0, 12.0, 13.0)",63980280000.00002,2,-26.19743670554039,2.0,2.0,4.193704240776856e-12,3.1259631874071185e-11,3.125963187309402e-11
4571,"(3.0, 6.0, 7.0, 8.0, 9.0, 9.0, 14.0, 14.0)",31990140000.00001,1,-25.89392405299251,1.0,1.0,5.680828375952564e-12,3.1259631874071185e-11,3.125963187309402e-11
4572,"(3.0, 6.0, 7.0, 8.0, 9.0, 11.0, 12.0, 14.0)",127960560000.00005,1,-25.736319409439936,1.0,1.0,6.650564288548765e-12,7.814907968517796e-12,7.814907968456724e-12
4573,"(3.0, 6.0, 7.0, 8.0, 9.0, 11.0, 14.0, 14.0)",63980280000.00002,2,-25.52314952326832,3.0,5.0,8.23070433684082e-12,4.6889447811106784e-11,7.814907968297934e-11
4574,"(3.0, 6.0, 7.0, 8.0, 9.0, 12.0, 12.0, 13.0)",50651055000.000015,1,-25.944730652799684,1.0,1.0,5.399414183394956e-12,1.9742925394150224e-11,1.974292539376044e-11
4575,"(3.0, 6.0, 7.0, 8.0, 9.0, 12.0, 12.0, 14.0)",50651055000.000015,1,-25.85438788642342,1.0,1.0,5.9099255231641585e-12,1.9742925394150224e-11,1.974292539376044e-11
4576,"(3.0, 6.0, 7.0, 8.0, 9.0, 13.0, 13.0, 13.0)",16883685000.000006,1,-25.69907641320897,1.0,1.0,6.902921326945162e-12,5.922877618245067e-11,5.922877617894263e-11
4577,"(3.0, 6.0, 7.0, 8.0, 9.0, 13.0, 13.0, 14.0)",50651055000.000015,1,-25.608733646832704,1.0,1.0,7.555588356227318e-12,1.9742925394150224e-11,1.974292539376044e-11
4578,"(3.0, 6.0, 7.0, 8.0, 11.0, 11.0, 11.0, 11.0)",6423417000.000003,1,-25.342577811920407,1.0,1.0,9.859577364038995e-12,1.5568038008430709e-10,1.556803800600707e-10
4579,"(3.0, 6.0, 7.0, 8.0, 11.0, 11.0, 11.0, 13.0)",24525774000.00001,1,-25.337819169108528,1.0,1.0,9.906607381770174e-12,4.0773432879223284e-11,4.077343287756081e-11
4580,"(3.0, 6.0, 7.0, 8.0, 11.0, 12.0, 12.0, 13.0)",50651055000.000015,1,-25.573956123075494,1.0,1.0,7.82297559345239e-12,1.9742925394150224e-11,1.974292539376044e-11
4581,"(3.0, 6.0, 7.0, 8.0, 11.0, 12.0, 14.0, 14.0)",50651055000.000015,2,-25.27044347052761,2.0,2.0,1.059707103413579e-11,3.948585078830045e-11,3.9485850786741316e-11
4582,"(3.0, 6.0, 7.0, 8.0, 11.0, 14.0, 14.0, 14.0)",16883685000.000006,1,-25.05727358435599,2.0,4.0,1.3114880893438406e-11,1.1845755236490135e-10,2.369151047157705e-10
4583,"(3.0, 6.0, 7.0, 9.0, 9.0, 11.0, 11.0, 11.0)",12846834000.000006,2,-26.34877776212909,2.0,2.0,3.604717318024154e-12,1.5568038008430709e-10,1.556803800600707e-10
4584,"(3.0, 6.0, 7.0, 9.0, 9.0, 11.0, 11.0, 13.0)",36788661000.000015,1,-26.344019119317217,1.0,1.0,3.621911758832605e-12,2.7182288586148857e-11,2.718228858540998e-11
4585,"(3.0, 6.0, 7.0, 9.0, 9.0, 11.0, 14.0, 14.0)",31990140000.00001,1,-26.158574943752814,1.0,1.0,4.359887142053169e-12,3.1259631874071185e-11,3.125963187309402e-11
4586,"(3.0, 6.0, 7.0, 9.0, 11.0, 11.0, 11.0, 14.0)",24525774000.00001,1,-25.882901823216766,1.0,1.0,5.743790123622257e-12,4.0773432879223284e-11,4.077343287756081e-11
4587,"(3.0, 6.0, 7.0, 9.0, 11.0, 11.0, 12.0, 12.0)",31990140000.00001,1,-26.214140186371868,1.0,1.0,4.124236573454977e-12,3.1259631874071185e-11,3.125963187309402e-11
4588,"(3.0, 6.0, 7.0, 9.0, 12.0, 13.0, 13.0, 14.0)",36468759600.000015,1,-25.991453014576496,1.0,1.0,5.15294348223668e-12,2.742072971409753e-11,2.7420729713345634e-11
4589,"(3.0, 6.0, 7.0, 11.0, 11.0, 11.0, 11.0, 11.0)",1284683400.0000005,1,-25.607228702680715,1.0,1.0,7.566967655195872e-12,7.784019004215355e-10,7.78401899815626e-10
4590,"(3.0, 6.0, 7.0, 11.0, 11.0, 11.0, 12.0, 13.0)",21326760000.000008,1,-25.72053853685232,1.0,1.0,6.756348484350193e-12,4.6889447811106784e-11,4.6889447808908164e-11
4591,"(3.0, 6.0, 7.0, 11.0, 11.0, 12.0, 12.0, 14.0)",25325527500.000008,1,-25.748264247459534,1.0,1.0,6.571596940388409e-12,3.948585078830045e-11,3.9485850786741316e-11
4592,"(3.0, 6.0, 7.0, 11.0, 12.0, 12.0, 13.0, 13.0)",18234379800.000008,1,-25.83384837102393,1.0,1.0,6.032567723563154e-12,5.484145942819506e-11,5.484145942518748e-11
4593,"(3.0, 6.0, 7.0, 11.0, 12.0, 13.0, 14.0, 14.0)",36468759600.000015,1,-25.53033571847605,1.0,1.0,8.17176890317016e-12,2.742072971409753e-11,2.7420729713345634e-11
4594,"(3.0, 6.0, 8.0, 8.0, 8.0, 8.0, 11.0, 11.0)",2248195950.0,1,-24.69216332768605,1.0,1.0,1.88942527447551e-11,4.448010859551633e-10,4.448010857573153e-10
4595,"(3.0, 6.0, 8.0, 8.0, 8.0, 9.0, 11.0, 14.0)",17985567600.0,1,-25.23248733898241,1.0,1.0,1.1007025788384272e-11,5.5600135744395415e-11,5.560013574130404e-11
4596,"(3.0, 6.0, 8.0, 8.0, 8.0, 11.0, 14.0, 14.0)",8175258000.0,1,-24.76661140007008,1.0,1.0,1.7538697333534958e-11,1.2232029863766992e-10,1.2232029862270767e-10
4597,"(3.0, 6.0, 8.0, 8.0, 8.0, 12.0, 12.0, 13.0)",6753474000.0,1,-25.18819252960144,1.0,1.0,1.1505539169605059e-11,1.4807194045612672e-10,1.4807194043420142e-10
4598,"(3.0, 6.0, 8.0, 8.0, 9.0, 9.0, 11.0, 12.0)",26978351400.0,1,-26.081082645638524,1.0,1.0,4.711180296115252e-12,3.706675716293027e-11,3.7066757161556325e-11
4599,"(3.0, 6.0, 8.0, 8.0, 9.0, 9.0, 14.0, 14.0)",12262887000.0,1,-25.772811350278765,1.0,1.0,6.412247064906467e-12,8.154686575844661e-11,8.154686575179672e-11
4600,"(3.0, 6.0, 8.0, 8.0, 9.0, 11.0, 11.0, 13.0)",26978351400.0,1,-25.587480996118977,1.0,1.0,7.717883124850345e-12,3.706675716293027e-11,3.7066757161556325e-11
4601,"(3.0, 6.0, 8.0, 8.0, 9.0, 11.0, 13.0, 13.0)",24525774000.0,1,-25.5827223533071,1.0,1.0,7.754697297183177e-12,4.0773432879223303e-11,4.077343287756083e-11
4602,"(3.0, 6.0, 8.0, 8.0, 11.0, 11.0, 11.0, 12.0)",8992783800.0,1,-25.339533586190143,1.0,1.0,9.889637875416226e-12,1.1120027148879083e-10,1.1120027147642533e-10
4603,"(3.0, 6.0, 8.0, 8.0, 11.0, 11.0, 11.0, 13.0)",8992783800.0,1,-25.216706466394783,1.0,1.0,1.1182104070567856e-11,1.1120027148879083e-10,1.1120027147642533e-10
4604,"(3.0, 6.0, 8.0, 8.0, 11.0, 13.0, 14.0, 14.0)",20260422000.0,1,-25.02650364801851,1.0,1.0,1.3524697627355628e-11,4.935731348537558e-11,4.9357313482939434e-11
4605,"(3.0, 6.0, 8.0, 8.0, 12.0, 12.0, 13.0, 14.0)",15195316500.0,1,-25.357742011173613,1.0,1.0,9.711192679248416e-12,6.58097513138341e-11,6.580975130950318e-11
4606,"(3.0, 6.0, 8.0, 8.0, 13.0, 14.0, 14.0, 14.0)",5065105500.0,1,-24.931402238830373,1.0,1.0,1.4874061798877437e-11,1.974292539415023e-10,1.97429253902524e-10
4607,"(3.0, 6.0, 8.0, 9.0, 9.0, 11.0, 13.0, 14.0)",49051548000.0,1,-26.127805007415336,1.0,1.0,4.496125871426447e-12,2.0386716439611652e-11,2.0386716439196032e-11
4608,"(3.0, 6.0, 8.0, 9.0, 11.0, 11.0, 14.0, 14.0)",24525774000.0,1,-25.66668771131489,1.0,1.0,7.130158075188822e-12,4.0773432879223303e-11,4.077343287756083e-11
4609,"(3.0, 6.0, 8.0, 9.0, 11.0, 12.0, 13.0, 13.0)",40520844000.0,1,-25.96544172105089,1.0,1.0,5.288736629134109e-12,2.467865674268779e-11,2.467865674207875e-11
4610,"(3.0, 6.0, 8.0, 9.0, 11.0, 13.0, 14.0, 14.0)",40520844000.0,1,-25.661929068503007,1.0,1.0,7.164168808947609e-12,2.467865674268779e-11,2.467865674207875e-11
4611,"(3.0, 6.0, 11.0, 11.0, 11.0, 12.0, 13.0, 14.0)",13506948000.0,1,-25.768975315710748,1.0,1.0,6.436891905314922e-12,7.403597022806336e-11,7.403597022258203e-11
4612,"(3.0, 7.0, 7.0, 7.0, 7.0, 8.0, 8.0, 8.0)",1717989000.0000005,1,-24.30694622122937,1.0,1.0,2.7773293533467407e-11,5.820759038620152e-10,5.820759035232029e-10
4613,"(3.0, 7.0, 7.0, 7.0, 7.0, 8.0, 9.0, 11.0)",10307934000.000002,1,-25.20702253247418,1.0,1.0,1.1290916844981506e-11,9.701265064366921e-11,9.701265063425776e-11
4614,"(3.0, 7.0, 7.0, 7.0, 7.0, 8.0, 9.0, 14.0)",9019442250.000004,1,-25.111921123286045,1.0,1.0,1.2417415867291138e-11,1.1087160073562194e-10,1.1087160072332942e-10
4615,"(3.0, 7.0, 7.0, 7.0, 8.0, 8.0, 8.0, 13.0)",5153967000.000001,1,-24.445725766464065,1.0,1.0,2.417442725570962e-11,1.9402530128733842e-10,1.940253012496926e-10
4616,"(3.0, 7.0, 7.0, 7.0, 8.0, 8.0, 11.0, 11.0)",8467231500.000003,1,-24.71513530003625,1.0,1.0,1.8465161894217944e-11,1.1810235730533642e-10,1.1810235729138825e-10
4617,"(3.0, 7.0, 7.0, 7.0, 8.0, 8.0, 11.0, 12.0)",15461901000.000002,2,-24.83320377701973,2.0,2.0,1.640879282317415e-11,1.2935020085822564e-10,1.2935020084149416e-10
4618,"(3.0, 7.0, 7.0, 7.0, 8.0, 8.0, 11.0, 13.0)",15461901000.000002,1,-24.710376657224373,1.0,1.0,1.855324040501303e-11,6.467510042911282e-11,6.467510042492995e-11
4619,"(3.0, 7.0, 7.0, 7.0, 8.0, 8.0, 12.0, 13.0)",12884917500.000006,2,-24.82844513420785,2.0,2.0,1.6487062488183906e-11,1.5522024102987072e-10,1.552202410057774e-10
4620,"(3.0, 7.0, 7.0, 7.0, 9.0, 11.0, 12.0, 14.0)",25769835000.00001,1,-25.6381786790764,1.0,1.0,7.33635728582379e-12,3.880506025746768e-11,3.880506025596185e-11
4621,"(3.0, 7.0, 7.0, 7.0, 9.0, 11.0, 13.0, 14.0)",25769835000.00001,1,-25.515351559281044,2.0,4.0,8.295137971924719e-12,7.761012051493536e-11,1.552202410238474e-10
4622,"(3.0, 7.0, 7.0, 7.0, 11.0, 12.0, 14.0, 14.0)",9792537300.000006,1,-25.17230274016407,1.0,1.0,1.1689819978665193e-11,1.0211857962491493e-10,1.0211857961448672e-10
4623,"(3.0, 7.0, 7.0, 8.0, 8.0, 8.0, 8.0, 11.0)",3211708500.0000014,1,-24.329371706562195,1.0,1.0,2.7157395662187586e-11,3.1136076016861417e-10,3.1136076007166866e-10
4624,"(3.0, 7.0, 7.0, 8.0, 8.0, 8.0, 9.0, 11.0)",12846834000.000006,1,-24.96479712704669,2.0,4.0,1.4385546523551678e-11,1.5568038008430709e-10,3.113607601443778e-10
4625,"(3.0, 7.0, 7.0, 8.0, 8.0, 8.0, 9.0, 13.0)",12262887000.000006,1,-24.960038484234826,1.0,1.0,1.4454165337836855e-11,8.154686575844657e-11,8.154686575179668e-11
4626,"(3.0, 7.0, 7.0, 8.0, 8.0, 8.0, 11.0, 11.0)",6423417000.000003,1,-24.594022597322507,1.0,1.0,2.0842590608868276e-11,1.5568038008430709e-10,1.556803800600707e-10
4627,"(3.0, 7.0, 7.0, 8.0, 8.0, 9.0, 11.0, 12.0)",36788661000.000015,1,-25.347516494790487,1.0,1.0,9.811004080953091e-12,2.7182288586148857e-11,2.718228858540998e-11
4628,"(3.0, 7.0, 7.0, 8.0, 8.0, 9.0, 11.0, 13.0)",36788661000.000015,2,-25.22468937499513,2.0,2.0,1.1093193709619598e-11,5.4364577172297714e-11,5.4364577169342204e-11
4629,"(3.0, 7.0, 7.0, 8.0, 8.0, 11.0, 11.0, 11.0)",6423417000.000003,1,-24.85867348808281,1.0,1.0,1.5996142954669982e-11,1.5568038008430709e-10,1.556803800600707e-10
4630,"(3.0, 7.0, 7.0, 8.0, 8.0, 11.0, 11.0, 12.0)",18394330500.000008,1,-24.976741965066296,1.0,1.0,1.4214735685325671e-11,5.4364577172297714e-11,5.4364577169342204e-11
4631,"(3.0, 7.0, 7.0, 8.0, 8.0, 11.0, 11.0, 14.0)",18394330500.000008,1,-24.76357207889468,1.0,1.0,1.759208415648384e-11,5.4364577172297714e-11,5.4364577169342204e-11
4632,"(3.0, 7.0, 7.0, 8.0, 8.0, 11.0, 12.0, 12.0)",15995070000.000006,1,-25.094810442049777,1.0,1.0,1.2631714481188847e-11,6.251926374814237e-11,6.251926374423371e-11
4633,"(3.0, 7.0, 7.0, 8.0, 8.0, 11.0, 13.0, 14.0)",31990140000.00001,1,-24.7588134360828,1.0,1.0,1.7675998101195655e-11,3.1259631874071185e-11,3.125963187309402e-11
4634,"(3.0, 7.0, 7.0, 8.0, 9.0, 9.0, 9.0, 11.0)",12846834000.000006,1,-26.23564796801569,1.0,1.0,4.036480495921006e-12,7.784019004215354e-11,7.784019003609445e-11
4635,"(3.0, 7.0, 7.0, 8.0, 9.0, 11.0, 11.0, 13.0)",36788661000.000015,1,-25.48934026575544,1.0,1.0,8.513735923374969e-12,2.7182288586148857e-11,2.718228858540998e-11
4636,"(3.0, 7.0, 7.0, 8.0, 9.0, 11.0, 12.0, 14.0)",63980280000.00002,1,-25.51706597636265,1.0,1.0,8.280928829370034e-12,1.5629815937035592e-11,1.5629815936791303e-11
4637,"(3.0, 7.0, 7.0, 8.0, 11.0, 11.0, 11.0, 12.0)",12262887000.000006,1,-25.241392855826604,1.0,1.0,1.0909437715893603e-11,8.154686575844657e-11,8.154686575179668e-11
4638,"(3.0, 7.0, 7.0, 8.0, 11.0, 11.0, 14.0, 14.0)",15995070000.000006,1,-24.933121560466848,1.0,1.0,1.4848510474371174e-11,6.251926374814237e-11,6.251926374423371e-11
4639,"(3.0, 7.0, 7.0, 8.0, 11.0, 12.0, 12.0, 14.0)",25325527500.000008,1,-25.26435992362195,1.0,1.0,1.0661735307471742e-11,3.948585078830045e-11,3.9485850786741316e-11
4640,"(3.0, 7.0, 7.0, 9.0, 9.0, 9.0, 11.0, 11.0)",6423417000.000003,1,-26.500298858776,1.0,1.0,3.0978931678011457e-12,1.5568038008430709e-10,1.556803800600707e-10
4641,"(3.0, 7.0, 7.0, 9.0, 9.0, 11.0, 11.0, 11.0)",6423417000.000003,1,-26.12952432905181,1.0,1.0,4.4884022265528925e-12,1.5568038008430709e-10,1.556803800600707e-10
4642,"(3.0, 7.0, 7.0, 9.0, 9.0, 11.0, 14.0, 14.0)",15995070000.000006,1,-25.939321510675533,1.0,1.0,5.428699514955896e-12,6.251926374814237e-11,6.251926374423371e-11
4643,"(3.0, 7.0, 7.0, 9.0, 11.0, 12.0, 13.0, 13.0)",25325527500.000008,1,-25.867300990687355,1.0,1.0,5.83410065951228e-12,3.948585078830045e-11,3.9485850786741316e-11
4644,"(3.0, 7.0, 7.0, 9.0, 11.0, 13.0, 14.0, 14.0)",25325527500.000008,1,-25.56378833813947,1.0,1.0,7.90292368557245e-12,3.948585078830045e-11,3.9485850786741316e-11
4645,"(3.0, 7.0, 8.0, 8.0, 8.0, 8.0, 9.0, 11.0)",4496391900.0,1,-24.843684424332952,1.0,1.0,1.6237716116049986e-11,2.2240054297758166e-10,2.2240054292811965e-10
4646,"(3.0, 7.0, 8.0, 8.0, 8.0, 8.0, 11.0, 13.0)",4496391900.0,1,-24.46815125179689,1.0,1.0,2.363833749493786e-11,2.2240054297758166e-10,2.2240054292811965e-10
4647,"(3.0, 7.0, 8.0, 8.0, 8.0, 9.0, 14.0, 14.0)",8175258000.0,1,-24.918132496716986,1.0,1.0,1.5072752132328575e-11,1.2232029863766992e-10,1.2232029862270767e-10
4648,"(3.0, 7.0, 8.0, 8.0, 9.0, 9.0, 12.0, 12.0)",12262887000.0,1,-25.979897689544725,1.0,1.0,5.212832772758906e-12,8.154686575844661e-11,8.154686575179672e-11
4649,"(3.0, 7.0, 8.0, 8.0, 9.0, 11.0, 11.0, 13.0)",26978351400.0,1,-25.36822756304169,1.0,1.0,9.609897460930817e-12,3.706675716293027e-11,3.7066757161556325e-11
4650,"(3.0, 7.0, 8.0, 8.0, 9.0, 12.0, 14.0, 14.0)",20260422000.0,2,-25.30085186446077,2.0,2.0,1.0279681236953209e-11,9.871462697075115e-11,9.871462696100658e-11
4651,"(3.0, 7.0, 8.0, 8.0, 11.0, 11.0, 11.0, 14.0)",8992783800.0,1,-24.90711026694124,1.0,1.0,1.523980643385633e-11,1.1120027148879083e-10,1.1120027147642533e-10
4652,"(3.0, 7.0, 8.0, 8.0, 11.0, 11.0, 12.0, 13.0)",24525774000.0,1,-25.115521510300987,1.0,1.0,1.2372788750097684e-11,4.0773432879223303e-11,4.077343287756083e-11
4653,"(3.0, 7.0, 8.0, 8.0, 11.0, 11.0, 13.0, 14.0)",24525774000.0,1,-24.902351624129366,1.0,1.0,1.531250005350549e-11,4.0773432879223303e-11,4.077343287756083e-11
4654,"(3.0, 7.0, 8.0, 8.0, 11.0, 11.0, 14.0, 14.0)",12262887000.0,1,-24.812008857753103,1.0,1.0,1.6760287656385012e-11,8.154686575844661e-11,8.154686575179672e-11
4655,"(3.0, 7.0, 8.0, 8.0, 11.0, 12.0, 12.0, 13.0)",20260422000.0,1,-25.233589987284468,1.0,1.0,1.0994895598983393e-11,4.935731348537558e-11,4.9357313482939434e-11
4656,"(3.0, 7.0, 8.0, 8.0, 11.0, 13.0, 13.0, 14.0)",20260422000.0,1,-24.89759298131749,1.0,1.0,1.5385540420494355e-11,4.935731348537558e-11,4.9357313482939434e-11
4657,"(3.0, 7.0, 8.0, 8.0, 11.0, 13.0, 14.0, 14.0)",20260422000.0,1,-24.807250214941227,1.0,1.0,1.6840233945820684e-11,4.935731348537558e-11,4.9357313482939434e-11
4658,"(3.0, 7.0, 8.0, 9.0, 9.0, 9.0, 11.0, 13.0)",17985567600.0,1,-26.37442751325038,1.0,1.0,3.5134329315371942e-12,5.5600135744395415e-11,5.560013574130404e-11
4659,"(3.0, 7.0, 8.0, 9.0, 9.0, 11.0, 11.0, 11.0)",8992783800.0,1,-26.008411626338063,1.0,1.0,5.066293522466707e-12,1.1120027148879083e-10,1.1120027147642533e-10
4660,"(3.0, 7.0, 8.0, 9.0, 9.0, 12.0, 12.0, 14.0)",20260422000.0,1,-26.149447171116893,1.0,1.0,4.39986537916418e-12,4.935731348537558e-11,4.9357313482939434e-11
4661,"(3.0, 7.0, 8.0, 9.0, 11.0, 11.0, 12.0, 12.0)",24525774000.0,1,-25.87377405058084,1.0,1.0,5.796458139099854e-12,4.0773432879223303e-11,4.077343287756083e-11
4662,"(3.0, 7.0, 8.0, 9.0, 11.0, 11.0, 13.0, 14.0)",49051548000.0,1,-25.537777044613865,1.0,1.0,8.111185794530864e-12,2.0386716439611652e-11,2.0386716439196032e-11
4663,"(3.0, 7.0, 8.0, 9.0, 12.0, 13.0, 13.0, 14.0)",30390633000.0,1,-25.65108687878547,2.0,4.0,7.242266697351551e-12,6.58097513138341e-11,1.316195026233373e-10
4664,"(3.0, 7.0, 8.0, 11.0, 11.0, 11.0, 12.0, 13.0)",16350516000.0,1,-25.38017240106129,1.0,1.0,9.495791636874726e-12,6.116014931883496e-11,6.11601493150944e-11
4665,"(3.0, 7.0, 8.0, 11.0, 11.0, 12.0, 12.0, 13.0)",20260422000.0,1,-25.498240878044776,1.0,1.0,8.438294695390525e-12,4.935731348537558e-11,4.9357313482939434e-11
4666,"(3.0, 7.0, 9.0, 11.0, 11.0, 11.0, 13.0, 13.0)",8175258000.0,1,-25.89277070175044,1.0,1.0,5.687384146242144e-12,1.2232029863766992e-10,1.2232029862270767e-10
4667,"(3.0, 7.0, 9.0, 11.0, 11.0, 13.0, 13.0, 14.0)",20260422000.0,1,-25.797669292562297,1.0,1.0,6.254816602632011e-12,4.935731348537558e-11,4.9357313482939434e-11
4668,"(3.0, 7.0, 9.0, 11.0, 13.0, 13.0, 13.0, 13.0)",2532552750.0,1,-25.883253416126685,1.0,1.0,5.7417710027138276e-12,3.948585078830046e-10,3.9485850772709136e-10
4669,"(3.0, 8.0, 8.0, 8.0, 9.0, 9.0, 12.0, 14.0)",5801796000.000001,1,-25.64561510065936,1.0,1.0,7.282003389887917e-12,1.7236042080762575e-10,1.7236042077791764e-10
4670,"(3.0, 8.0, 8.0, 8.0, 9.0, 9.0, 14.0, 14.0)",2900898000.0000005,1,-25.43244521448774,1.0,1.0,9.012170137989752e-12,3.447208416152515e-10,3.4472084149641904e-10
4671,"(3.0, 8.0, 8.0, 8.0, 9.0, 11.0, 12.0, 14.0)",11603592000.000002,2,-25.27484057093517,2.0,2.0,1.0550576943277206e-11,1.7236042080762575e-10,1.7236042077791764e-10
4672,"(3.0, 8.0, 8.0, 8.0, 9.0, 11.0, 13.0, 14.0)",11603592000.000002,1,-25.15201345113981,1.0,1.0,1.1929420558211698e-11,8.618021040381287e-11,8.618021039638584e-11
4673,"(3.0, 8.0, 8.0, 8.0, 9.0, 12.0, 13.0, 14.0)",10021284000.000002,1,-25.270081928123297,1.0,1.0,1.0600903017346622e-11,9.978761204652016e-11,9.97876120365626e-11
4674,"(3.0, 8.0, 8.0, 8.0, 11.0, 11.0, 13.0, 13.0)",2900898000.0000005,1,-24.871581687791885,1.0,1.0,1.5790988482872418e-11,3.447208416152515e-10,3.4472084149641904e-10
4675,"(3.0, 8.0, 8.0, 9.0, 9.0, 11.0, 13.0, 14.0)",17405388000.000004,1,-25.78743887162431,1.0,1.0,6.319134447715423e-12,5.7453473602541914e-11,5.745347359924101e-11
4676,"(3.0, 8.0, 8.0, 12.0, 12.0, 12.0, 14.0, 14.0)",1388819250.0000002,1,-25.309752476750116,1.0,1.0,1.0188591757224796e-11,7.200361026101848e-10,7.200361020917328e-10
4677,"(3.0, 8.0, 8.0, 13.0, 14.0, 14.0, 14.0, 14.0)",694409625.0000001,1,-24.76058558461152,1.0,1.0,1.7644701346606428e-11,1.4400722052203696e-09,1.4400722031465616e-09
4678,"(3.0, 8.0, 9.0, 9.0, 11.0, 11.0, 14.0, 14.0)",8702694000.000002,1,-25.96174699600836,1.0,1.0,5.3083131995536515e-12,1.1490694720508383e-10,1.1490694719188022e-10
4679,"(4.0, 4.0, 4.0, 4.0, 6.0, 6.0, 8.0, 11.0)",7178739750.000003,1,-26.07762548115836,1.0,1.0,4.727495807748048e-12,1.3930021630885833e-10,1.3930021628945378e-10
4680,"(4.0, 4.0, 4.0, 4.0, 6.0, 8.0, 8.0, 12.0)",5798212875.0,1,-25.85532782235081,1.0,1.0,5.904373181668158e-12,1.724669344776342e-10,1.7246693444788935e-10
4681,"(4.0, 4.0, 4.0, 4.0, 7.0, 7.0, 8.0, 9.0)",7178739750.000003,1,-26.009893144727982,1.0,1.0,5.058793272695281e-12,1.3930021630885833e-10,1.3930021628945378e-10
4682,"(4.0, 4.0, 4.0, 4.0, 7.0, 7.0, 11.0, 11.0)",3589369875.0000014,1,-25.9037695057641,1.0,1.0,5.6251724768102866e-12,2.7860043261771665e-10,2.7860043254009847e-10
4683,"(4.0, 4.0, 4.0, 4.0, 7.0, 8.0, 13.0, 14.0)",9277140600.000002,1,-25.682796751050343,1.0,1.0,7.016218269810342e-12,1.0779183404852135e-10,1.0779183403690227e-10
4684,"(4.0, 4.0, 4.0, 4.0, 8.0, 8.0, 8.0, 11.0)",1881607000.0000007,1,-25.396893209576305,1.0,1.0,9.338334397932388e-12,5.314606078740139e-10,5.314606075915635e-10
4685,"(4.0, 4.0, 4.0, 6.0, 6.0, 6.0, 11.0, 13.0)",8040188520.000005,1,-26.320837500004725,1.0,1.0,3.706854287200507e-12,1.243751931329092e-10,1.2437519311744003e-10
4686,"(4.0, 4.0, 4.0, 6.0, 6.0, 7.0, 7.0, 8.0)",14357479500.000006,1,-25.698153630932445,1.0,1.0,6.90929416031854e-12,6.965010815442916e-11,6.965010814957802e-11
4687,"(4.0, 4.0, 4.0, 6.0, 6.0, 7.0, 7.0, 9.0)",14357479500.000006,1,-26.333579051416944,1.0,1.0,3.659922837393294e-12,6.965010815442916e-11,6.965010814957802e-11
4688,"(4.0, 4.0, 4.0, 6.0, 6.0, 7.0, 7.0, 11.0)",14357479500.000006,1,-25.962804521692757,1.0,1.0,5.302702489262312e-12,6.965010815442916e-11,6.965010814957802e-11
4689,"(4.0, 4.0, 4.0, 6.0, 6.0, 7.0, 8.0, 12.0)",24120565560.00001,1,-25.95976029596249,1.0,1.0,5.318869708466871e-12,4.145839771096974e-11,4.145839770925094e-11
4690,"(4.0, 4.0, 4.0, 6.0, 6.0, 7.0, 9.0, 11.0)",28714959000.00001,1,-26.47711723946351,1.0,1.0,3.1705462018362576e-12,3.482505407721458e-11,3.48250540760018e-11
4691,"(4.0, 4.0, 4.0, 6.0, 6.0, 7.0, 11.0, 11.0)",14357479500.000006,1,-26.10634270973932,1.0,1.0,4.5936660371705235e-12,6.965010815442916e-11,6.965010814957802e-11
4692,"(4.0, 4.0, 4.0, 6.0, 6.0, 8.0, 8.0, 11.0)",13253058000.0,1,-25.720579116265267,1.0,1.0,6.756074321257763e-12,7.545428383396496e-11,7.54542838282716e-11
4693,"(4.0, 4.0, 4.0, 6.0, 6.0, 8.0, 8.0, 12.0)",11596425750.0,1,-25.838647593248748,2.0,4.0,6.003685452126969e-12,1.724669344776342e-10,3.4493386892552355e-10
4694,"(4.0, 4.0, 4.0, 6.0, 6.0, 8.0, 9.0, 11.0)",26506116000.0,1,-26.356004536749765,1.0,1.0,3.5787607425239093e-12,3.772714191698248e-11,3.772714191555914e-11
4695,"(4.0, 4.0, 4.0, 6.0, 6.0, 8.0, 12.0, 13.0)",18554281200.000004,1,-26.09853984119718,1.0,1.0,4.629650015940237e-12,5.3895917024260675e-11,5.389591702135591e-11
4696,"(4.0, 4.0, 4.0, 6.0, 6.0, 9.0, 12.0, 13.0)",18554281200.000004,1,-26.73396526168168,1.0,1.0,2.452372330561871e-12,5.3895917024260675e-11,5.389591702135591e-11
4697,"(4.0, 4.0, 4.0, 6.0, 6.0, 11.0, 11.0, 12.0)",11596425750.0,1,-26.367949374769367,1.0,1.0,3.536267318917106e-12,8.62334672388171e-11,8.623346723138089e-11
4698,"(4.0, 4.0, 4.0, 6.0, 6.0, 12.0, 12.0, 13.0)",6779448899.999999,1,-26.481259208940973,1.0,1.0,3.157441055535244e-12,1.475046150137661e-10,1.475046149920085e-10
4699,"(4.0, 4.0, 4.0, 6.0, 7.0, 7.0, 8.0, 9.0)",28714959000.00001,1,-25.99321291562592,1.0,1.0,5.143882786896886e-12,3.482505407721458e-11,3.48250540760018e-11
4700,"(4.0, 4.0, 4.0, 6.0, 7.0, 7.0, 8.0, 11.0)",28714959000.00001,1,-25.622438385901727,1.0,1.0,7.452747303814466e-12,3.482505407721458e-11,3.48250540760018e-11
4701,"(4.0, 4.0, 4.0, 6.0, 7.0, 7.0, 9.0, 11.0)",28714959000.00001,1,-26.257863806386226,1.0,1.0,3.947795451408937e-12,3.482505407721458e-11,3.48250540760018e-11
4702,"(4.0, 4.0, 4.0, 6.0, 7.0, 7.0, 9.0, 12.0)",24120565560.00001,1,-26.375932283369707,1.0,1.0,3.5081499984423552e-12,4.145839771096974e-11,4.145839770925094e-11
4703,"(4.0, 4.0, 4.0, 6.0, 7.0, 7.0, 12.0, 13.0)",18554281200.000004,1,-26.00039911083364,1.0,1.0,5.10705034214007e-12,5.3895917024260675e-11,5.389591702135591e-11
4704,"(4.0, 4.0, 4.0, 6.0, 7.0, 8.0, 8.0, 14.0)",23192851500.0,1,-25.406224273999847,1.0,1.0,9.251603075135158e-12,4.311673361940855e-11,4.31167336175495e-11
4705,"(4.0, 4.0, 4.0, 6.0, 7.0, 8.0, 9.0, 14.0)",46385703000.0,2,-26.041649694484345,2.0,2.0,4.900667505466888e-12,4.311673361940855e-11,4.31167336175495e-11
4706,"(4.0, 4.0, 4.0, 6.0, 7.0, 8.0, 11.0, 11.0)",26506116000.0,2,-25.765976573948294,3.0,5.0,6.456223452564328e-12,1.1318142575094745e-10,1.8863570957210236e-10
4707,"(4.0, 4.0, 4.0, 6.0, 7.0, 8.0, 11.0, 12.0)",46385703000.0,1,-25.88404505093177,2.0,4.0,5.7372274156133724e-12,4.311673361940855e-11,8.623346723695805e-11
4708,"(4.0, 4.0, 4.0, 6.0, 7.0, 8.0, 11.0, 13.0)",46385703000.0,1,-25.761217931136414,1.0,1.0,6.487019529540002e-12,2.1558366809704275e-11,2.1558366809239512e-11
4709,"(4.0, 4.0, 4.0, 6.0, 7.0, 8.0, 11.0, 14.0)",46385703000.0,1,-25.670875164760155,2.0,4.0,7.100363295854303e-12,4.311673361940855e-11,8.623346723695805e-11
4710,"(4.0, 4.0, 4.0, 6.0, 7.0, 8.0, 12.0, 13.0)",37108562400.00001,1,-25.8792864081199,1.0,1.0,5.7645938936196025e-12,2.6947958512130338e-11,2.6947958511404144e-11
4711,"(4.0, 4.0, 4.0, 6.0, 7.0, 9.0, 9.0, 11.0)",26506116000.0,1,-26.772176524156983,1.0,1.0,2.3604318551600053e-12,3.772714191698248e-11,3.772714191555914e-11
4712,"(4.0, 4.0, 4.0, 6.0, 7.0, 9.0, 9.0, 12.0)",23192851500.0,1,-26.890245001140464,4.0,16.0,2.0975628324531156e-12,1.724669344776342e-10,6.89867737880792e-10
4713,"(4.0, 4.0, 4.0, 6.0, 7.0, 11.0, 11.0, 12.0)",23192851500.0,1,-26.148695941692083,1.0,1.0,4.403171929335604e-12,4.311673361940855e-11,4.31167336175495e-11
4714,"(4.0, 4.0, 4.0, 6.0, 7.0, 11.0, 11.0, 13.0)",23192851500.0,1,-26.02586882189673,1.0,1.0,4.978617758778269e-12,4.311673361940855e-11,4.31167336175495e-11
4715,"(4.0, 4.0, 4.0, 6.0, 7.0, 11.0, 14.0, 14.0)",18554281200.000004,1,-25.840424646332327,1.0,1.0,5.99302605834085e-12,5.3895917024260675e-11,5.389591702135591e-11
4716,"(4.0, 4.0, 4.0, 6.0, 8.0, 8.0, 9.0, 14.0)",20615868000.000008,1,-25.920536991770604,2.0,4.0,5.53163882947673e-12,9.70126506436692e-11,1.9402530127792694e-10
4717,"(4.0, 4.0, 4.0, 6.0, 8.0, 8.0, 11.0, 13.0)",20615868000.000008,1,-25.64010522842268,1.0,1.0,7.322237037535649e-12,4.85063253218346e-11,4.8506325319481736e-11
4718,"(4.0, 4.0, 4.0, 6.0, 8.0, 9.0, 13.0, 14.0)",34359780000.00001,1,-26.18042923971904,1.0,1.0,4.265638498097798e-12,2.9103795193100763e-11,2.9103795192253733e-11
4719,"(4.0, 4.0, 4.0, 6.0, 8.0, 11.0, 11.0, 13.0)",20615868000.000008,1,-25.904756119182984,1.0,1.0,5.619625343049395e-12,4.85063253218346e-11,4.8506325319481736e-11
4720,"(4.0, 4.0, 4.0, 6.0, 8.0, 11.0, 11.0, 14.0)",20615868000.000008,1,-25.81441335280672,1.0,1.0,6.150957514547538e-12,4.85063253218346e-11,4.8506325319481736e-11
4721,"(4.0, 4.0, 4.0, 6.0, 8.0, 12.0, 12.0, 13.0)",13056716400.000006,1,-26.140893073149947,1.0,1.0,4.4376636934173775e-12,7.65889347186862e-11,7.658893471282034e-11
4722,"(4.0, 4.0, 4.0, 6.0, 9.0, 11.0, 11.0, 13.0)",20615868000.000008,1,-26.540181539667483,1.0,1.0,2.9767722510272143e-12,4.85063253218346e-11,4.8506325319481736e-11
4723,"(4.0, 4.0, 4.0, 6.0, 9.0, 11.0, 12.0, 13.0)",34359780000.00001,1,-26.658250016650964,1.0,1.0,2.645264603077993e-12,2.9103795193100763e-11,2.9103795192253733e-11
4724,"(4.0, 4.0, 4.0, 7.0, 7.0, 7.0, 8.0, 14.0)",8040188520.000005,1,-25.308083543636307,1.0,1.0,1.0205610032623047e-11,1.243751931329092e-10,1.2437519311744003e-10
4725,"(4.0, 4.0, 4.0, 7.0, 7.0, 8.0, 8.0, 9.0)",13253058000.0,1,-25.65284677983489,1.0,1.0,7.2295322335756176e-12,7.545428383396496e-11,7.54542838282716e-11
4726,"(4.0, 4.0, 4.0, 7.0, 7.0, 8.0, 9.0, 14.0)",23192851500.0,1,-25.822396261407064,1.0,1.0,6.1020504529297684e-12,4.311673361940855e-11,4.31167336175495e-11
4727,"(4.0, 4.0, 4.0, 7.0, 7.0, 8.0, 11.0, 13.0)",23192851500.0,1,-25.541964498059137,1.0,1.0,8.077291596346015e-12,4.311673361940855e-11,4.31167336175495e-11
4728,"(4.0, 4.0, 4.0, 7.0, 7.0, 8.0, 12.0, 13.0)",18554281200.000004,1,-25.66003297504262,1.0,1.0,7.177765628922516e-12,5.3895917024260675e-11,5.389591702135591e-11
4729,"(4.0, 4.0, 4.0, 7.0, 7.0, 8.0, 14.0, 14.0)",9277140600.000002,1,-25.35652032249473,1.0,1.0,9.723063983445551e-12,1.0779183404852135e-10,1.0779183403690227e-10
4730,"(4.0, 4.0, 4.0, 7.0, 7.0, 11.0, 11.0, 13.0)",11596425750.0,1,-25.806615388819445,1.0,1.0,6.199109961250665e-12,8.62334672388171e-11,8.623346723138089e-11
4731,"(4.0, 4.0, 4.0, 7.0, 8.0, 8.0, 8.0, 9.0)",7526428000.000003,1,-25.53173407712115,1.0,1.0,8.1603498253225e-12,1.3286515196850347e-10,1.3286515195085032e-10
4732,"(4.0, 4.0, 4.0, 7.0, 8.0, 8.0, 9.0, 12.0)",20615868000.000008,1,-25.91445344486494,1.0,1.0,5.5653933833636505e-12,4.85063253218346e-11,4.8506325319481736e-11
4733,"(4.0, 4.0, 4.0, 7.0, 8.0, 8.0, 11.0, 14.0)",20615868000.000008,1,-25.33050902896913,1.0,1.0,9.979291411584127e-12,4.85063253218346e-11,4.8506325319481736e-11
4734,"(4.0, 4.0, 4.0, 7.0, 8.0, 9.0, 9.0, 11.0)",22579284000.000008,1,-26.43181038836596,1.0,1.0,3.3174974798234744e-12,4.428838398950116e-11,4.42883839875397e-11
4735,"(4.0, 4.0, 4.0, 7.0, 8.0, 9.0, 11.0, 14.0)",41231736000.000015,1,-25.965934449453627,1.0,1.0,5.286131360280031e-12,2.42531626609173e-11,2.4253162660329084e-11
4736,"(4.0, 4.0, 4.0, 7.0, 8.0, 11.0, 11.0, 14.0)",20615868000.000008,1,-25.59515991972944,1.0,1.0,7.658845054418917e-12,4.85063253218346e-11,4.8506325319481736e-11
4737,"(4.0, 4.0, 4.0, 7.0, 8.0, 11.0, 12.0, 14.0)",34359780000.00001,1,-25.71322839671292,1.0,1.0,6.80591930266824e-12,2.9103795193100763e-11,2.9103795192253733e-11
4738,"(4.0, 4.0, 4.0, 7.0, 8.0, 12.0, 14.0, 14.0)",13056716400.000006,1,-25.618126987524786,2.0,4.0,7.484948432510935e-12,1.531778694373724e-10,3.0635573885128137e-10
4739,"(4.0, 4.0, 4.0, 7.0, 9.0, 11.0, 12.0, 13.0)",34359780000.00001,1,-26.438996583573683,1.0,1.0,3.29374275062012e-12,2.9103795193100763e-11,2.9103795192253733e-11
4740,"(4.0, 4.0, 4.0, 7.0, 11.0, 12.0, 14.0, 14.0)",13056716400.000006,1,-25.88277787828509,1.0,1.0,5.744502081417561e-12,7.65889347186862e-11,7.658893471282034e-11
4741,"(4.0, 4.0, 4.0, 8.0, 8.0, 8.0, 11.0, 14.0)",5644821000.000003,1,-25.209396326255387,1.0,1.0,1.1264146323210579e-11,1.771535359580046e-10,1.7715353592662122e-10
4742,"(4.0, 4.0, 4.0, 8.0, 8.0, 11.0, 13.0, 14.0)",14725620000.000006,1,-25.46928857420382,1.0,1.0,8.686173787857224e-12,6.790885545056844e-11,6.790885544595683e-11
4743,"(4.0, 4.0, 4.0, 8.0, 9.0, 12.0, 13.0, 14.0)",23315565000.00001,1,-26.2227824716718,1.0,1.0,4.088747319360333e-12,4.288980344246427e-11,4.2889803440624736e-11
4744,"(4.0, 4.0, 4.0, 8.0, 11.0, 11.0, 11.0, 13.0)",5644821000.000003,1,-25.829040874152263,1.0,1.0,6.061639098302351e-12,1.771535359580046e-10,1.7715353592662122e-10
4745,"(4.0, 4.0, 6.0, 6.0, 6.0, 6.0, 7.0, 12.0)",5798212875.000001,1,-26.28344620265145,1.0,1.0,3.84808227294207e-12,1.7246693447763417e-10,1.7246693444788933e-10
4746,"(4.0, 4.0, 6.0, 6.0, 6.0, 7.0, 8.0, 9.0)",28714959000.00001,1,-26.195786119601134,1.0,1.0,4.200632025909588e-12,3.482505407721458e-11,3.48250540760018e-11
4747,"(4.0, 4.0, 6.0, 6.0, 6.0, 7.0, 8.0, 11.0)",28714959000.00001,1,-25.825011589876947,1.0,1.0,6.08611243731315e-12,3.482505407721458e-11,3.48250540760018e-11
4748,"(4.0, 4.0, 6.0, 6.0, 6.0, 7.0, 8.0, 14.0)",24120565560.00001,1,-25.729910180688808,1.0,1.0,6.693326165341562e-12,4.145839771096974e-11,4.145839770925094e-11
4749,"(4.0, 4.0, 6.0, 6.0, 7.0, 7.0, 7.0, 14.0)",11596425750.000002,1,-25.63176945032527,1.0,1.0,7.38352868252838e-12,8.623346723881709e-11,8.623346723138087e-11
4750,"(4.0, 4.0, 6.0, 6.0, 7.0, 7.0, 8.0, 12.0)",36180848340.00002,1,-25.723826633783148,1.0,1.0,6.734169439043145e-12,2.7638931807313154e-11,2.7638931806549243e-11
4751,"(4.0, 4.0, 6.0, 6.0, 7.0, 7.0, 8.0, 13.0)",36180848340.00002,1,-25.600999513987787,1.0,1.0,7.61425083959899e-12,2.7638931807313154e-11,2.7638931806549243e-11
4752,"(4.0, 4.0, 6.0, 6.0, 7.0, 7.0, 9.0, 9.0)",21536219250.000008,1,-26.61195810700836,1.0,1.0,2.770597522194092e-12,4.6433405436286116e-11,4.6433405434130056e-11
4753,"(4.0, 4.0, 6.0, 6.0, 7.0, 7.0, 11.0, 12.0)",36180848340.00002,1,-25.988477524543452,1.0,1.0,5.1682988477483225e-12,2.7638931807313154e-11,2.7638931806549243e-11
4754,"(4.0, 4.0, 6.0, 6.0, 7.0, 7.0, 11.0, 13.0)",36180848340.00002,1,-25.8656504047481,1.0,1.0,5.843738295714385e-12,2.7638931807313154e-11,2.7638931806549243e-11
4755,"(4.0, 4.0, 6.0, 6.0, 7.0, 8.0, 8.0, 8.0)",13253058000.0,1,-25.219994563325614,1.0,1.0,1.114539661040887e-11,7.545428383396496e-11,7.54542838282716e-11
4756,"(4.0, 4.0, 6.0, 6.0, 7.0, 8.0, 8.0, 11.0)",39759174000.0,3,-25.48464545408592,3.0,3.0,8.553800283863773e-12,7.545428383396496e-11,7.54542838282716e-11
4757,"(4.0, 4.0, 6.0, 6.0, 7.0, 8.0, 9.0, 11.0)",79518348000.0,1,-26.12007087457042,1.0,1.0,4.531034325504959e-12,1.2575713972327493e-11,1.2575713972169345e-11
4758,"(4.0, 4.0, 6.0, 6.0, 7.0, 8.0, 11.0, 11.0)",39759174000.0,1,-25.74929634484623,1.0,1.0,6.5648179112707085e-12,2.5151427944654985e-11,2.5151427944022393e-11
4759,"(4.0, 4.0, 6.0, 6.0, 7.0, 8.0, 11.0, 12.0)",69578554500.0,1,-25.86736482182971,1.0,1.0,5.833728274087585e-12,1.437224453980285e-11,1.4372244539596289e-11
4760,"(4.0, 4.0, 6.0, 6.0, 7.0, 8.0, 11.0, 13.0)",69578554500.0,2,-25.74453770203436,2.0,2.0,6.596131981982746e-12,2.87444890796057e-11,2.8744489078779453e-11
4761,"(4.0, 4.0, 6.0, 6.0, 7.0, 9.0, 9.0, 11.0)",39759174000.0,1,-26.75549629505492,1.0,1.0,2.4001346042218475e-12,2.5151427944654985e-11,2.5151427944022393e-11
4762,"(4.0, 4.0, 6.0, 6.0, 7.0, 9.0, 9.0, 14.0)",34789277250.0,1,-26.66039488586678,1.0,1.0,2.6395969368374122e-12,2.87444890796057e-11,2.8744489078779453e-11
4763,"(4.0, 4.0, 6.0, 6.0, 7.0, 11.0, 11.0, 14.0)",34789277250.0,1,-25.9188458264184,1.0,1.0,5.541001660222009e-12,2.87444890796057e-11,2.8744489078779453e-11
4764,"(4.0, 4.0, 6.0, 6.0, 7.0, 12.0, 14.0, 14.0)",20338346700.0,1,-25.941812894213744,1.0,1.0,5.415191376314642e-12,4.9168205004588695e-11,4.916820500217118e-11
4765,"(4.0, 4.0, 6.0, 6.0, 7.0, 14.0, 14.0, 14.0)",6779448899.999999,1,-25.728643008042127,1.0,1.0,6.701813141269827e-12,1.475046150137661e-10,1.475046149920085e-10
4766,"(4.0, 4.0, 6.0, 6.0, 8.0, 8.0, 9.0, 12.0)",30923802000.00001,1,-26.11702664884016,1.0,1.0,4.544848833354868e-12,3.23375502145564e-11,3.233755021351068e-11
4767,"(4.0, 4.0, 6.0, 6.0, 8.0, 8.0, 12.0, 12.0)",12884917500.000004,1,-25.86432059609945,1.0,1.0,5.8515145187388306e-12,7.761012051493537e-11,7.761012050891204e-11
4768,"(4.0, 4.0, 6.0, 6.0, 8.0, 9.0, 9.0, 14.0)",30923802000.00001,1,-26.53928218315304,1.0,1.0,2.979450634773587e-12,3.23375502145564e-11,3.233755021351068e-11
4769,"(4.0, 4.0, 6.0, 7.0, 7.0, 7.0, 8.0, 8.0)",14357479500.000006,1,-25.121853832962078,2.0,4.0,1.2294687800696587e-11,1.3930021630885833e-10,2.786004325983121e-10
4770,"(4.0, 4.0, 6.0, 7.0, 7.0, 7.0, 8.0, 11.0)",28714959000.00001,1,-25.386504723722386,1.0,1.0,9.435851201687915e-12,3.482505407721458e-11,3.48250540760018e-11
4771,"(4.0, 4.0, 6.0, 7.0, 7.0, 7.0, 8.0, 12.0)",24120565560.00001,1,-25.504573200705863,1.0,1.0,8.38502951481184e-12,4.145839771096974e-11,4.145839770925094e-11
4772,"(4.0, 4.0, 6.0, 7.0, 7.0, 7.0, 11.0, 11.0)",14357479500.000006,1,-25.65115561448269,1.0,1.0,7.24176891220866e-12,6.965010815442916e-11,6.965010814957802e-11
4773,"(4.0, 4.0, 6.0, 7.0, 7.0, 8.0, 8.0, 11.0)",39759174000.0,2,-25.26539202100864,2.0,2.0,1.0650737034943779e-11,5.030285588930997e-11,5.030285588677959e-11
4774,"(4.0, 4.0, 6.0, 7.0, 7.0, 8.0, 8.0, 13.0)",34789277250.0,1,-25.260633378196765,1.0,1.0,1.0701540870961143e-11,2.87444890796057e-11,2.8744489078779453e-11
4775,"(4.0, 4.0, 6.0, 7.0, 7.0, 8.0, 9.0, 11.0)",79518348000.0,3,-25.90081744149314,3.0,3.0,5.641802882432803e-12,3.772714191698248e-11,3.772714191555914e-11
4776,"(4.0, 4.0, 6.0, 7.0, 7.0, 8.0, 11.0, 11.0)",39759174000.0,1,-25.53004291176895,1.0,1.0,8.17416200225452e-12,2.5151427944654985e-11,2.5151427944022393e-11
4777,"(4.0, 4.0, 6.0, 7.0, 7.0, 8.0, 11.0, 13.0)",69578554500.0,1,-25.525284268957076,1.0,1.0,8.21315261713677e-12,1.437224453980285e-11,1.4372244539596289e-11
4778,"(4.0, 4.0, 6.0, 7.0, 7.0, 8.0, 11.0, 14.0)",69578554500.0,4,-25.43494150258081,4.0,4.0,8.989701221094256e-12,5.74889781592114e-11,5.748897815590642e-11
4779,"(4.0, 4.0, 6.0, 7.0, 7.0, 8.0, 12.0, 13.0)",55662843600.00001,1,-25.643352745940557,1.0,1.0,7.298496514233547e-12,1.796530567475356e-11,1.7965305674430808e-11
4780,"(4.0, 4.0, 6.0, 7.0, 7.0, 8.0, 13.0, 13.0)",27831421800.000004,1,-25.5205256261452,1.0,1.0,8.252329216594406e-12,3.593061134950712e-11,3.593061134821611e-11
4781,"(4.0, 4.0, 6.0, 7.0, 7.0, 9.0, 9.0, 11.0)",39759174000.0,1,-26.53624286197764,1.0,1.0,2.9885199174288876e-12,2.5151427944654985e-11,2.5151427944022393e-11
4782,"(4.0, 4.0, 6.0, 7.0, 7.0, 9.0, 9.0, 13.0)",34789277250.0,1,-26.53148421916576,1.0,1.0,3.002775107029549e-12,2.87444890796057e-11,2.8744489078779453e-11
4783,"(4.0, 4.0, 6.0, 7.0, 7.0, 9.0, 11.0, 11.0)",39759174000.0,1,-26.165468332253447,1.0,1.0,4.329936096862397e-12,2.5151427944654985e-11,2.5151427944022393e-11
4784,"(4.0, 4.0, 6.0, 7.0, 7.0, 11.0, 11.0, 11.0)",13253058000.0,1,-25.794693802529256,1.0,1.0,6.273455463211925e-12,7.545428383396496e-11,7.54542838282716e-11
4785,"(4.0, 4.0, 6.0, 7.0, 7.0, 11.0, 11.0, 12.0)",34789277250.0,1,-25.91276227951274,2.0,4.0,5.574813346937836e-12,5.74889781592114e-11,1.1497795631511781e-10
4786,"(4.0, 4.0, 6.0, 7.0, 7.0, 11.0, 11.0, 13.0)",34789277250.0,1,-25.78993515971738,1.0,1.0,6.303379739960998e-12,2.87444890796057e-11,2.8744489078779453e-11
4787,"(4.0, 4.0, 6.0, 7.0, 7.0, 12.0, 12.0, 13.0)",20338346700.0,1,-26.026072113684343,1.0,1.0,4.977605749544311e-12,4.9168205004588695e-11,4.916820500217118e-11
4788,"(4.0, 4.0, 6.0, 7.0, 8.0, 8.0, 8.0, 13.0)",20615868000.000008,1,-25.13952067548302,3.0,9.0,1.2079386930658821e-11,1.455189759655038e-10,4.3655692787533564e-10
4789,"(4.0, 4.0, 6.0, 7.0, 8.0, 8.0, 9.0, 11.0)",67737852000.00002,2,-25.779704738779397,2.0,2.0,6.368196956415593e-12,2.9525589326334106e-11,2.952558932546235e-11
4790,"(4.0, 4.0, 6.0, 7.0, 8.0, 8.0, 9.0, 12.0)",61847604000.00002,1,-25.897773215762875,1.0,1.0,5.65900397264931e-12,1.61687751072782e-11,1.616877510701677e-11
4791,"(4.0, 4.0, 6.0, 7.0, 8.0, 8.0, 11.0, 11.0)",33868926000.00001,2,-25.408930209055207,2.0,2.0,9.22660267803591e-12,5.905117865266821e-11,5.905117864918117e-11
4792,"(4.0, 4.0, 6.0, 7.0, 8.0, 8.0, 11.0, 13.0)",61847604000.00002,2,-25.404171566243328,2.0,2.0,9.270613417190842e-12,3.23375502145564e-11,3.233755021351068e-11
4793,"(4.0, 4.0, 6.0, 7.0, 8.0, 8.0, 13.0, 14.0)",51539670000.000015,1,-25.30907015705519,1.0,1.0,1.0195546006285075e-11,1.9402530128733843e-11,1.9402530128357385e-11
4794,"(4.0, 4.0, 6.0, 7.0, 8.0, 9.0, 9.0, 12.0)",61847604000.00002,2,-26.533198636247377,2.0,2.0,2.997631508490246e-12,3.23375502145564e-11,3.233755021351068e-11
4795,"(4.0, 4.0, 6.0, 7.0, 8.0, 9.0, 11.0, 13.0)",123695208000.00005,1,-26.03959698672783,1.0,1.0,4.910737475484335e-12,8.0843875536391e-12,8.084387553573742e-12
4796,"(4.0, 4.0, 6.0, 7.0, 8.0, 9.0, 11.0, 14.0)",123695208000.00005,2,-25.94925422035157,2.0,2.0,5.375044728588585e-12,1.61687751072782e-11,1.616877510701677e-11
4797,"(4.0, 4.0, 6.0, 7.0, 8.0, 9.0, 12.0, 14.0)",103079340000.00005,1,-26.067322697335047,1.0,1.0,4.776453944566955e-12,9.70126506436692e-12,9.701265064272805e-12
4798,"(4.0, 4.0, 6.0, 7.0, 8.0, 9.0, 13.0, 14.0)",103079340000.00005,1,-25.94449557753969,1.0,1.0,5.400683601286456e-12,9.70126506436692e-12,9.701265064272805e-12
4799,"(4.0, 4.0, 6.0, 7.0, 8.0, 11.0, 12.0, 14.0)",103079340000.00005,1,-25.696548167610857,1.0,1.0,6.920395687834092e-12,9.70126506436692e-12,9.701265064272805e-12
4800,"(4.0, 4.0, 6.0, 7.0, 8.0, 11.0, 14.0, 14.0)",51539670000.000015,1,-25.48337828143924,1.0,1.0,8.564646296042328e-12,1.9402530128733843e-11,1.9402530128357385e-11
4801,"(4.0, 4.0, 6.0, 7.0, 8.0, 13.0, 13.0, 14.0)",39170149200.000015,1,-25.568962405003624,1.0,1.0,7.86213903224967e-12,2.5529644906228738e-11,2.5529644905576974e-11
4802,"(4.0, 4.0, 6.0, 7.0, 9.0, 9.0, 11.0, 12.0)",61847604000.00002,1,-26.797849527007685,1.0,1.0,2.300603750995831e-12,1.61687751072782e-11,1.616877510701677e-11
4803,"(4.0, 4.0, 6.0, 7.0, 9.0, 9.0, 11.0, 13.0)",61847604000.00002,1,-26.675022407212325,1.0,1.0,2.6012671942946585e-12,1.61687751072782e-11,1.616877510701677e-11
4804,"(4.0, 4.0, 6.0, 7.0, 9.0, 11.0, 11.0, 11.0)",22579284000.000008,1,-26.309006520300013,1.0,1.0,3.750970459223796e-12,4.428838398950116e-11,4.42883839875397e-11
4805,"(4.0, 4.0, 6.0, 7.0, 9.0, 11.0, 11.0, 13.0)",61847604000.00002,1,-26.304247877488137,1.0,1.0,3.768862525049022e-12,1.61687751072782e-11,1.616877510701677e-11
4806,"(4.0, 4.0, 6.0, 7.0, 9.0, 11.0, 12.0, 14.0)",103079340000.00005,1,-26.331973588095355,1.0,1.0,3.6658034285421654e-12,9.70126506436692e-12,9.701265064272805e-12
4807,"(4.0, 4.0, 6.0, 7.0, 9.0, 12.0, 12.0, 13.0)",39170149200.000015,1,-26.5403848314551,1.0,1.0,2.9761671591821594e-12,2.5529644906228738e-11,2.5529644905576974e-11
4808,"(4.0, 4.0, 6.0, 7.0, 9.0, 12.0, 14.0, 14.0)",39170149200.000015,1,-26.23687217890722,1.0,1.0,4.031542016021667e-12,2.5529644906228738e-11,2.5529644905576974e-11
4809,"(4.0, 4.0, 6.0, 7.0, 11.0, 13.0, 13.0, 13.0)",13056716400.000006,1,-25.9239560621402,1.0,1.0,5.512758062787609e-12,7.65889347186862e-11,7.658893471282034e-11
4810,"(4.0, 4.0, 6.0, 8.0, 8.0, 8.0, 9.0, 11.0)",17740866000.00001,1,-25.65859203606565,1.0,1.0,7.188115806380999e-12,5.6367034168456e-11,5.636703416527876e-11
4811,"(4.0, 4.0, 6.0, 8.0, 8.0, 8.0, 11.0, 14.0)",16934463000.000008,1,-25.192716097153323,1.0,1.0,1.1453610625638442e-11,5.90511786526682e-11,5.905117864918116e-11
4812,"(4.0, 4.0, 6.0, 8.0, 8.0, 9.0, 9.0, 9.0)",8870433000.000006,1,-26.664791986274334,1.0,1.0,2.6280158443434643e-12,1.12734068336912e-10,1.1273406832420303e-10
4813,"(4.0, 4.0, 6.0, 8.0, 8.0, 9.0, 11.0, 14.0)",50803389000.00002,2,-25.82814151763782,3.0,5.0,6.0670931251032485e-12,5.90511786526682e-11,9.84186310842933e-11
4814,"(4.0, 4.0, 6.0, 8.0, 8.0, 9.0, 12.0, 12.0)",22088430000.000008,1,-26.159379880792923,1.0,1.0,4.356379119459911e-12,4.527257030037896e-11,4.5272570298329357e-11
4815,"(4.0, 4.0, 6.0, 8.0, 8.0, 11.0, 11.0, 13.0)",25401694500.00001,2,-25.54770975428989,2.0,2.0,8.031018539041463e-12,7.873490487022427e-11,7.873490486402508e-11
4816,"(4.0, 4.0, 6.0, 8.0, 8.0, 11.0, 11.0, 14.0)",25401694500.00001,1,-25.45736698791363,1.0,1.0,8.79034647626211e-12,3.9367452435112135e-11,3.936745243356234e-11
4817,"(4.0, 4.0, 6.0, 8.0, 8.0, 13.0, 13.0, 14.0)",17486673750.000008,1,-25.44784970228988,1.0,1.0,8.874406089583032e-12,5.7186404589952364e-11,5.718640458668208e-11
4818,"(4.0, 4.0, 6.0, 8.0, 9.0, 11.0, 11.0, 14.0)",50803389000.00002,1,-26.09279240839813,1.0,1.0,4.6563352305712416e-12,1.9683726217556068e-11,1.9683726217168617e-11
4819,"(4.0, 4.0, 6.0, 8.0, 9.0, 11.0, 12.0, 14.0)",88353720000.00003,1,-26.210860885381614,1.0,1.0,4.137783386432965e-12,1.131814257509474e-11,1.131814257496664e-11
4820,"(4.0, 4.0, 6.0, 8.0, 11.0, 11.0, 12.0, 13.0)",44176860000.000015,1,-25.930429122033686,1.0,1.0,5.477188894544169e-12,2.263628515018948e-11,2.2636285149677078e-11
4821,"(4.0, 4.0, 6.0, 9.0, 9.0, 9.0, 12.0, 14.0)",14725620000.000006,1,-27.217060835590303,1.0,1.0,1.5127970379043965e-12,6.790885545056844e-11,6.790885544595683e-11
4822,"(4.0, 4.0, 6.0, 9.0, 9.0, 11.0, 11.0, 14.0)",25401694500.00001,1,-26.728217828882627,1.0,1.0,2.4665077580284955e-12,3.9367452435112135e-11,3.936745243356234e-11
4823,"(4.0, 4.0, 6.0, 9.0, 11.0, 12.0, 14.0, 14.0)",34973347500.000015,1,-26.380410366953782,1.0,1.0,3.4924753319511753e-12,2.8593202294976182e-11,2.859320229415861e-11
4824,"(4.0, 4.0, 6.0, 9.0, 11.0, 13.0, 14.0, 14.0)",34973347500.000015,1,-26.257583247158426,1.0,1.0,3.948903197239189e-12,2.8593202294976182e-11,2.859320229415861e-11
4825,"(4.0, 4.0, 6.0, 11.0, 12.0, 12.0, 12.0, 13.0)",8393603400.000004,1,-26.43121696676096,1.0,1.0,3.3194667387451406e-12,1.1913834289573409e-10,1.1913834288154013e-10
4826,"(4.0, 4.0, 7.0, 7.0, 7.0, 7.0, 8.0, 11.0)",7178739750.000003,1,-25.1672512906451,3.0,9.0,1.174901991102381e-11,4.17900648926575e-10,1.253701946605084e-09
4827,"(4.0, 4.0, 7.0, 7.0, 7.0, 7.0, 8.0, 14.0)",6030141390.000004,1,-25.07214988145696,1.0,1.0,1.292122404861326e-11,1.6583359084387894e-10,1.6583359081637815e-10
4828,"(4.0, 4.0, 7.0, 7.0, 7.0, 8.0, 8.0, 9.0)",13253058000.0,1,-25.416913117655547,1.0,1.0,9.153240762491877e-12,7.545428383396496e-11,7.54542838282716e-11
4829,"(4.0, 4.0, 7.0, 7.0, 7.0, 8.0, 9.0, 12.0)",23192851500.0,1,-25.79963248539934,1.0,1.0,6.242549237022854e-12,4.311673361940855e-11,4.31167336175495e-11
4830,"(4.0, 4.0, 7.0, 7.0, 7.0, 8.0, 11.0, 11.0)",13253058000.0,1,-25.310789478691667,2.0,4.0,1.0178031644166092e-11,1.5090856766792992e-10,3.018171353130864e-10
4831,"(4.0, 4.0, 7.0, 7.0, 7.0, 8.0, 12.0, 14.0)",18554281200.000004,1,-25.33375654648701,1.0,1.0,9.946936053640788e-12,5.3895917024260675e-11,5.389591702135591e-11
4832,"(4.0, 4.0, 7.0, 7.0, 7.0, 8.0, 14.0, 14.0)",9277140600.000002,1,-25.12058666031539,1.0,1.0,1.2310277167901031e-11,1.0779183404852135e-10,1.0779183403690227e-10
4833,"(4.0, 4.0, 7.0, 7.0, 8.0, 8.0, 8.0, 9.0)",11289642000.000004,2,-25.2958004149418,3.0,5.0,1.0331739902955459e-11,2.6573030393700693e-10,4.42883839824399e-10
4834,"(4.0, 4.0, 7.0, 7.0, 8.0, 8.0, 8.0, 11.0)",11289642000.000004,4,-24.92502588521761,4.0,4.0,1.4969207094222013e-11,3.543070719160093e-10,3.543070717904758e-10
4835,"(4.0, 4.0, 7.0, 7.0, 8.0, 8.0, 8.0, 13.0)",10307934000.000004,1,-24.92026724240574,1.0,1.0,1.5040609959585148e-11,9.70126506436692e-11,9.701265063425774e-11
4836,"(4.0, 4.0, 7.0, 7.0, 8.0, 8.0, 9.0, 13.0)",30923802000.00001,2,-25.55569266289024,2.0,2.0,7.967162868178226e-12,6.46751004291128e-11,6.467510042492992e-11
4837,"(4.0, 4.0, 7.0, 7.0, 8.0, 8.0, 11.0, 12.0)",30923802000.00001,1,-25.307745252961404,1.0,1.0,1.0209063079362614e-11,3.23375502145564e-11,3.233755021351068e-11
4838,"(4.0, 4.0, 7.0, 7.0, 8.0, 8.0, 11.0, 14.0)",30923802000.00001,1,-25.094575366789783,1.0,1.0,1.2634684233798688e-11,3.23375502145564e-11,3.233755021351068e-11
4839,"(4.0, 4.0, 7.0, 7.0, 8.0, 9.0, 14.0, 14.0)",25769835000.000008,1,-25.634899378086143,2.0,4.0,7.360454899605341e-12,7.761012051493537e-11,1.5522024102384742e-10
4840,"(4.0, 4.0, 7.0, 7.0, 8.0, 11.0, 12.0, 13.0)",51539670000.000015,1,-25.56763750090984,1.0,1.0,7.872562515972777e-12,1.9402530128733843e-11,1.9402530128357385e-11
4841,"(4.0, 4.0, 7.0, 7.0, 8.0, 11.0, 13.0, 14.0)",51539670000.000015,1,-25.35446761473822,1.0,1.0,9.743043090920529e-12,1.9402530128733843e-11,1.9402530128357385e-11
4842,"(4.0, 4.0, 7.0, 7.0, 8.0, 13.0, 14.0, 14.0)",19585074600.000008,1,-25.25936620555008,1.0,1.0,1.0715110166334458e-11,5.1059289812457475e-11,5.105928980985042e-11
4843,"(4.0, 4.0, 7.0, 7.0, 9.0, 9.0, 9.0, 12.0)",10307934000.000004,1,-26.94937062365459,1.0,1.0,1.9771382922015694e-12,9.70126506436692e-11,9.701265063425774e-11
4844,"(4.0, 4.0, 7.0, 7.0, 9.0, 9.0, 11.0, 11.0)",16934463000.000006,1,-26.46052761694692,1.0,1.0,3.2235830810230272e-12,5.905117865266821e-11,5.905117864918117e-11
4845,"(4.0, 4.0, 7.0, 7.0, 9.0, 9.0, 12.0, 14.0)",25769835000.000008,1,-26.483494684742265,1.0,1.0,3.15039055600828e-12,3.8805060257467686e-11,3.8805060255961855e-11
4846,"(4.0, 4.0, 7.0, 7.0, 11.0, 13.0, 13.0, 13.0)",6528358200.000003,1,-25.704702629062915,1.0,1.0,6.864193050518059e-12,1.531778694373724e-10,1.5317786941390894e-10
4847,"(4.0, 4.0, 7.0, 8.0, 8.0, 8.0, 9.0, 11.0)",17740866000.00001,1,-25.439338602988368,1.0,1.0,8.950259380606568e-12,5.6367034168456e-11,5.636703416527876e-11
4848,"(4.0, 4.0, 7.0, 8.0, 8.0, 8.0, 9.0, 14.0)",16934463000.000008,1,-25.344237193800232,1.0,1.0,9.843230126923973e-12,5.90511786526682e-11,5.905117864918116e-11
4849,"(4.0, 4.0, 7.0, 8.0, 8.0, 8.0, 11.0, 12.0)",16934463000.000008,1,-25.186632550247666,1.0,1.0,1.1523501580015707e-11,5.90511786526682e-11,5.905117864918116e-11
4850,"(4.0, 4.0, 7.0, 8.0, 8.0, 8.0, 11.0, 14.0)",16934463000.000008,1,-24.97346266407604,2.0,4.0,1.4261426597069206e-11,1.181023573053364e-10,2.362047145967246e-10
4851,"(4.0, 4.0, 7.0, 8.0, 8.0, 8.0, 13.0, 13.0)",7362810000.000003,1,-25.05904678764043,1.0,1.0,1.309164614961314e-11,1.3581771090113688e-10,1.3581771088269044e-10
4852,"(4.0, 4.0, 7.0, 8.0, 8.0, 9.0, 9.0, 14.0)",25401694500.00001,1,-25.97966261428473,1.0,1.0,5.2140583248211076e-12,3.9367452435112135e-11,3.936745243356234e-11
4853,"(4.0, 4.0, 7.0, 8.0, 8.0, 9.0, 12.0, 12.0)",22088430000.000008,1,-25.94012644771564,1.0,1.0,5.424331511856278e-12,4.527257030037896e-11,4.5272570298329357e-11
4854,"(4.0, 4.0, 7.0, 8.0, 8.0, 9.0, 13.0, 13.0)",22088430000.000008,1,-25.694472208124928,1.0,1.0,6.93477707132853e-12,4.527257030037896e-11,4.5272570298329357e-11
4855,"(4.0, 4.0, 7.0, 8.0, 8.0, 11.0, 11.0, 11.0)",8870433000.000006,1,-25.33321496402449,1.0,1.0,9.952324598802326e-12,1.12734068336912e-10,1.1273406832420303e-10
4856,"(4.0, 4.0, 7.0, 8.0, 8.0, 13.0, 13.0, 14.0)",17486673750.000008,1,-25.2285962692126,1.0,1.0,1.1049938327383782e-11,5.7186404589952364e-11,5.718640458668208e-11
4857,"(4.0, 4.0, 7.0, 8.0, 9.0, 9.0, 11.0, 12.0)",50803389000.00002,1,-26.45748339121666,1.0,1.0,3.2334113477229632e-12,1.9683726217556068e-11,1.9683726217168617e-11
4858,"(4.0, 4.0, 7.0, 8.0, 9.0, 11.0, 11.0, 14.0)",50803389000.00002,1,-25.873538975320848,1.0,1.0,5.7978209031737096e-12,1.9683726217556068e-11,1.9683726217168617e-11
4859,"(4.0, 4.0, 7.0, 8.0, 11.0, 11.0, 12.0, 14.0)",44176860000.000015,1,-25.620832922580146,1.0,1.0,7.46472202617244e-12,2.263628515018948e-11,2.2636285149677078e-11
4860,"(4.0, 4.0, 7.0, 8.0, 11.0, 12.0, 13.0, 13.0)",34973347500.000015,1,-25.70641704614453,1.0,1.0,6.85243504264547e-12,2.8593202294976182e-11,2.859320229415861e-11
4861,"(4.0, 4.0, 7.0, 9.0, 9.0, 11.0, 11.0, 13.0)",25401694500.00001,2,-26.59930716218161,2.0,2.0,2.8058708485913822e-12,7.873490487022427e-11,7.873490486402508e-11
4862,"(4.0, 4.0, 7.0, 9.0, 11.0, 13.0, 13.0, 14.0)",34973347500.000015,1,-26.12867258045741,1.0,1.0,4.492226845416124e-12,2.8593202294976182e-11,2.859320229415861e-11
4863,"(4.0, 4.0, 7.0, 11.0, 11.0, 11.0, 12.0, 12.0)",7362810000.000003,1,-26.09865369951207,1.0,1.0,4.629122921798486e-12,1.3581771090113688e-10,1.3581771088269044e-10
4864,"(4.0, 4.0, 7.0, 12.0, 12.0, 13.0, 14.0, 14.0)",8232187950.000002,1,-25.90369223832392,1.0,1.0,5.625607136280434e-12,1.2147438883486618e-10,1.2147438882011015e-10
4865,"(4.0, 4.0, 8.0, 8.0, 8.0, 9.0, 12.0, 12.0)",5839470000.000003,1,-25.819013745001897,1.0,1.0,6.122725686136889e-12,1.7124841809273779e-10,1.7124841806341178e-10
4866,"(4.0, 4.0, 8.0, 8.0, 8.0, 11.0, 12.0, 13.0)",11678940000.000006,1,-25.325412095482356,1.0,1.0,1.0030285041327848e-11,8.562420904636889e-11,8.562420903903738e-11
4867,"(4.0, 4.0, 8.0, 8.0, 9.0, 9.0, 9.0, 12.0)",6423417000.000004,1,-26.707145218227105,1.0,1.0,2.5190350151770756e-12,1.5568038008430706e-10,1.5568038006007067e-10
4868,"(4.0, 4.0, 8.0, 8.0, 9.0, 11.0, 11.0, 14.0)",19270251000.00001,1,-25.752426272607103,1.0,1.0,6.544302627870731e-12,5.189346002810235e-11,5.189346002540942e-11
4869,"(4.0, 4.0, 8.0, 8.0, 9.0, 12.0, 14.0, 14.0)",14471730000.000006,1,-25.77539334040245,1.0,1.0,6.39571206210734e-12,6.910023887952579e-11,6.910023887475094e-11
4870,"(4.0, 4.0, 8.0, 8.0, 11.0, 11.0, 11.0, 11.0)",1605854250.0000007,1,-25.47675315207105,1.0,1.0,8.62157656270379e-12,6.227215203372283e-10,6.227215199494463e-10
4871,"(4.0, 4.0, 8.0, 8.0, 11.0, 11.0, 12.0, 13.0)",17518410000.000008,1,-25.59006298624266,1.0,1.0,7.697981331020355e-12,5.7082806030912595e-11,5.708280602765415e-11
4872,"(4.0, 4.0, 8.0, 9.0, 9.0, 11.0, 13.0, 13.0)",17518410000.000008,1,-26.473435816655996,1.0,1.0,3.182239834331802e-12,5.7082806030912595e-11,5.708280602765415e-11
4873,"(4.0, 4.0, 8.0, 9.0, 11.0, 11.0, 11.0, 14.0)",12846834000.000008,1,-26.01707716336741,1.0,1.0,5.022581037958911e-12,7.784019004215353e-11,7.784019003609443e-11
4874,"(4.0, 4.0, 8.0, 9.0, 11.0, 11.0, 12.0, 14.0)",35036820000.000015,1,-26.1351456403509,1.0,1.0,4.4632423025371285e-12,2.8541403015456298e-11,2.8541403014641686e-11
4875,"(4.0, 4.0, 8.0, 9.0, 13.0, 14.0, 14.0, 14.0)",7235865000.000003,1,-25.822115702179264,1.0,1.0,6.103762679672115e-12,1.3820047775905157e-10,1.382004777399522e-10
4876,"(4.0, 4.0, 8.0, 11.0, 11.0, 11.0, 12.0, 13.0)",11678940000.000006,1,-25.85471387700297,1.0,1.0,5.9079992571071324e-12,8.562420904636889e-11,8.562420903903738e-11
4877,"(4.0, 4.0, 8.0, 11.0, 11.0, 12.0, 13.0, 14.0)",28943460000.00001,1,-25.759612467814836,1.0,1.0,6.497442566123714e-12,3.455011943976289e-11,3.455011943856918e-11
4878,"(4.0, 4.0, 8.0, 11.0, 11.0, 13.0, 14.0, 14.0)",14471730000.000006,1,-25.546442581643213,1.0,1.0,8.041201676593168e-12,6.910023887952579e-11,6.910023887475094e-11
4879,"(4.0, 4.0, 9.0, 11.0, 11.0, 13.0, 13.0, 14.0)",14471730000.000006,1,-26.27221076850397,1.0,1.0,3.891560941395466e-12,6.910023887952579e-11,6.910023887475094e-11
4880,"(4.0, 4.0, 9.0, 11.0, 12.0, 13.0, 13.0, 14.0)",21707595000.000008,1,-26.390279245487456,1.0,1.0,3.4581780334192424e-12,4.606682591968386e-11,4.6066825917561706e-11
4881,"(4.0, 4.0, 11.0, 11.0, 11.0, 11.0, 12.0, 13.0)",2919735000.0000014,1,-26.11936476776328,1.0,1.0,4.534234849508498e-12,3.4249683618547557e-10,3.424968360681715e-10
4882,"(4.0, 4.0, 11.0, 11.0, 11.0, 12.0, 14.0, 14.0)",4823910000.000002,1,-25.93392059219888,1.0,1.0,5.4580987985729325e-12,2.0730071663857733e-10,2.0730071659560375e-10
4883,"(4.0, 6.0, 6.0, 6.0, 6.0, 8.0, 9.0, 11.0)",13253058000.0,1,-26.32264407854564,1.0,1.0,3.700163609228288e-12,7.545428383396496e-11,7.54542838282716e-11
4884,"(4.0, 6.0, 6.0, 6.0, 6.0, 9.0, 13.0, 14.0)",9277140600.000002,1,-26.487434917305933,1.0,1.0,3.138001708050813e-12,1.0779183404852135e-10,1.0779183403690227e-10
4885,"(4.0, 6.0, 6.0, 6.0, 6.0, 12.0, 13.0, 13.0)",3389724449.9999995,1,-26.325071630941487,1.0,1.0,3.691192161928608e-12,2.950092300275322e-10,2.9500922994050176e-10
4886,"(4.0, 6.0, 6.0, 6.0, 7.0, 7.0, 7.0, 7.0)",2208843000.0,1,-25.566652442364777,1.0,1.0,7.880321271737619e-12,4.527257030037898e-10,4.527257027988292e-10
4887,"(4.0, 6.0, 6.0, 6.0, 7.0, 7.0, 7.0, 8.0)",9571653000.000004,1,-25.44553973965104,1.0,1.0,8.894929330926352e-12,1.0447516223164375e-10,1.0447516222072868e-10
4888,"(4.0, 6.0, 6.0, 6.0, 7.0, 7.0, 8.0, 14.0)",24120565560.00001,1,-25.493976518509463,1.0,1.0,8.474355451204205e-12,4.145839771096974e-11,4.145839770925094e-11
4889,"(4.0, 6.0, 6.0, 6.0, 7.0, 7.0, 9.0, 9.0)",14357479500.000006,1,-26.59527787790629,2.0,4.0,2.817199307343964e-12,1.3930021630885833e-10,2.786004325983121e-10
4890,"(4.0, 6.0, 6.0, 6.0, 7.0, 7.0, 9.0, 14.0)",24120565560.00001,1,-26.12940193899396,1.0,1.0,4.488951595979048e-12,4.145839771096974e-11,4.145839770925094e-11
4891,"(4.0, 6.0, 6.0, 6.0, 7.0, 8.0, 8.0, 9.0)",26506116000.0,1,-25.838739754708048,1.0,1.0,6.0031321692105965e-12,3.772714191698248e-11,3.772714191555914e-11
4892,"(4.0, 6.0, 6.0, 6.0, 7.0, 8.0, 8.0, 11.0)",26506116000.0,3,-25.467965224983857,3.0,3.0,8.697676238364655e-12,1.1318142575094745e-10,1.1318142573813742e-10
4893,"(4.0, 6.0, 6.0, 6.0, 7.0, 8.0, 9.0, 9.0)",26506116000.0,1,-26.474165175192542,1.0,1.0,3.179919686755869e-12,3.772714191698248e-11,3.772714191555914e-11
4894,"(4.0, 6.0, 6.0, 6.0, 7.0, 8.0, 9.0, 12.0)",46385703000.0,1,-26.22145912245184,1.0,1.0,4.09416174173166e-12,2.1558366809704275e-11,2.1558366809239512e-11
4895,"(4.0, 6.0, 6.0, 6.0, 7.0, 8.0, 9.0, 14.0)",46385703000.0,1,-26.00828923628022,1.0,1.0,5.066913624370351e-12,2.1558366809704275e-11,2.1558366809239512e-11
4896,"(4.0, 6.0, 6.0, 6.0, 7.0, 8.0, 11.0, 11.0)",26506116000.0,1,-25.732616115744165,1.0,1.0,6.6752389418961636e-12,3.772714191698248e-11,3.772714191555914e-11
4897,"(4.0, 6.0, 6.0, 6.0, 7.0, 8.0, 11.0, 13.0)",46385703000.0,1,-25.727857472932293,1.0,1.0,6.707079719061907e-12,2.1558366809704275e-11,2.1558366809239512e-11
4898,"(4.0, 6.0, 6.0, 6.0, 7.0, 8.0, 11.0, 14.0)",46385703000.0,1,-25.63751470655603,1.0,1.0,7.341230042970608e-12,2.1558366809704275e-11,2.1558366809239512e-11
4899,"(4.0, 6.0, 6.0, 6.0, 7.0, 8.0, 14.0, 14.0)",18554281200.000004,1,-25.54241329736789,1.0,1.0,8.073667326806644e-12,5.3895917024260675e-11,5.389591702135591e-11
4900,"(4.0, 6.0, 6.0, 6.0, 7.0, 11.0, 11.0, 12.0)",23192851500.0,1,-26.11533548348796,1.0,1.0,4.552541427123416e-12,4.311673361940855e-11,4.31167336175495e-11
4901,"(4.0, 6.0, 6.0, 6.0, 7.0, 11.0, 13.0, 14.0)",37108562400.00001,1,-25.89740695450446,1.0,1.0,5.661077026182124e-12,2.6947958512130338e-11,2.6947958511404144e-11
4902,"(4.0, 6.0, 6.0, 6.0, 8.0, 9.0, 13.0, 14.0)",34359780000.00001,1,-26.14706878151491,1.0,1.0,4.410342427544747e-12,2.9103795193100763e-11,2.9103795192253733e-11
4903,"(4.0, 6.0, 6.0, 6.0, 9.0, 11.0, 11.0, 13.0)",20615868000.000008,1,-26.50682108146336,1.0,1.0,3.077753766920854e-12,4.85063253218346e-11,4.8506325319481736e-11
4904,"(4.0, 6.0, 6.0, 7.0, 7.0, 7.0, 8.0, 8.0)",14357479500.000006,1,-25.10517360386001,1.0,1.0,1.250148593531669e-11,6.965010815442916e-11,6.965010814957802e-11
4905,"(4.0, 6.0, 6.0, 7.0, 7.0, 7.0, 8.0, 13.0)",24120565560.00001,1,-25.36506585180845,1.0,1.0,9.640329264620364e-12,4.145839771096974e-11,4.145839770925094e-11
4906,"(4.0, 6.0, 6.0, 7.0, 7.0, 7.0, 8.0, 14.0)",24120565560.00001,1,-25.274723085432186,1.0,1.0,1.0551816555932982e-11,4.145839771096974e-11,4.145839770925094e-11
4907,"(4.0, 6.0, 6.0, 7.0, 7.0, 7.0, 9.0, 11.0)",28714959000.00001,1,-26.00524991510482,1.0,1.0,5.082337028709755e-12,3.482505407721458e-11,3.48250540760018e-11
4908,"(4.0, 6.0, 6.0, 7.0, 7.0, 7.0, 11.0, 11.0)",14357479500.000006,1,-25.63447538538063,1.0,1.0,7.363576340479357e-12,6.965010815442916e-11,6.965010814957802e-11
4909,"(4.0, 6.0, 6.0, 7.0, 7.0, 8.0, 8.0, 12.0)",34789277250.0,1,-25.366780268890057,2.0,4.0,9.623815878916748e-12,5.74889781592114e-11,1.1497795631511781e-10
4910,"(4.0, 6.0, 6.0, 7.0, 7.0, 8.0, 8.0, 14.0)",34789277250.0,1,-25.15361038271844,1.0,1.0,1.1910385292860974e-11,2.87444890796057e-11,2.8744489078779453e-11
4911,"(4.0, 6.0, 6.0, 7.0, 7.0, 8.0, 9.0, 9.0)",39759174000.0,1,-26.254911742115265,1.0,1.0,3.959466816143496e-12,2.5151427944654985e-11,2.5151427944022393e-11
4912,"(4.0, 6.0, 6.0, 7.0, 7.0, 8.0, 9.0, 11.0)",79518348000.0,1,-25.884137212391074,1.0,1.0,5.7366986887268894e-12,1.2575713972327493e-11,1.2575713972169345e-11
4913,"(4.0, 6.0, 6.0, 7.0, 7.0, 8.0, 9.0, 12.0)",69578554500.0,1,-26.00220568937456,1.0,1.0,5.097832383574711e-12,1.437224453980285e-11,1.4372244539596289e-11
4914,"(4.0, 6.0, 6.0, 7.0, 7.0, 8.0, 11.0, 12.0)",69578554500.0,1,-25.63143115965037,1.0,1.0,7.386026883964838e-12,1.437224453980285e-11,1.4372244539596289e-11
4915,"(4.0, 6.0, 6.0, 7.0, 7.0, 8.0, 11.0, 13.0)",69578554500.0,1,-25.50860403985501,1.0,1.0,8.35129883671608e-12,1.437224453980285e-11,1.4372244539596289e-11
4916,"(4.0, 6.0, 6.0, 7.0, 7.0, 8.0, 11.0, 14.0)",69578554500.0,2,-25.41826127347875,2.0,2.0,9.140909082037925e-12,2.87444890796057e-11,2.8744489078779453e-11
4917,"(4.0, 6.0, 6.0, 7.0, 7.0, 8.0, 13.0, 14.0)",55662843600.00001,1,-25.41350263066687,1.0,1.0,9.184511064185284e-12,1.796530567475356e-11,1.7965305674430808e-11
4918,"(4.0, 6.0, 6.0, 7.0, 7.0, 9.0, 9.0, 13.0)",34789277250.0,1,-26.514803990063697,1.0,1.0,3.053282147214981e-12,2.87444890796057e-11,2.8744489078779453e-11
4919,"(4.0, 6.0, 6.0, 7.0, 7.0, 9.0, 9.0, 14.0)",34789277250.0,1,-26.42446122368744,1.0,1.0,3.3419681243829534e-12,2.87444890796057e-11,2.8744489078779453e-11
4920,"(4.0, 6.0, 6.0, 7.0, 7.0, 9.0, 11.0, 12.0)",69578554500.0,3,-26.266856580134863,3.0,3.0,3.9124529717486455e-12,4.311673361940855e-11,4.31167336175495e-11
4921,"(4.0, 6.0, 6.0, 7.0, 7.0, 9.0, 11.0, 14.0)",69578554500.0,1,-26.053686693963247,1.0,1.0,4.842031780326457e-12,1.437224453980285e-11,1.4372244539596289e-11
4922,"(4.0, 6.0, 6.0, 7.0, 7.0, 11.0, 11.0, 12.0)",34789277250.0,1,-25.89608205041068,1.0,1.0,5.668582381149195e-12,2.87444890796057e-11,2.8744489078779453e-11
4923,"(4.0, 6.0, 6.0, 7.0, 7.0, 11.0, 11.0, 14.0)",34789277250.0,1,-25.682912164239056,2.0,4.0,7.015408552414051e-12,5.74889781592114e-11,1.1497795631511781e-10
4924,"(4.0, 6.0, 6.0, 7.0, 7.0, 11.0, 12.0, 12.0)",27831421800.000004,1,-26.01415052739416,1.0,1.0,5.037301835003044e-12,3.593061134950712e-11,3.593061134821611e-11
4925,"(4.0, 6.0, 6.0, 7.0, 7.0, 11.0, 12.0, 14.0)",55662843600.00001,1,-25.800980641222537,1.0,1.0,6.234138978360777e-12,1.796530567475356e-11,1.7965305674430808e-11
4926,"(4.0, 6.0, 6.0, 7.0, 7.0, 11.0, 13.0, 14.0)",55662843600.00001,1,-25.67815352142718,1.0,1.0,7.0488719328845595e-12,1.796530567475356e-11,1.7965305674430808e-11
4927,"(4.0, 6.0, 6.0, 7.0, 7.0, 12.0, 13.0, 14.0)",40676693399.99999,1,-25.79622199841066,1.0,1.0,6.263875716140237e-12,2.4584102502294354e-11,2.4584102501689976e-11
4928,"(4.0, 6.0, 6.0, 7.0, 8.0, 8.0, 9.0, 9.0)",33868926000.00001,1,-26.133799039401524,1.0,1.0,4.469256557350817e-12,2.9525589326334106e-11,2.952558932546235e-11
4929,"(4.0, 6.0, 6.0, 7.0, 8.0, 8.0, 9.0, 13.0)",61847604000.00002,1,-25.758265866865457,1.0,1.0,6.5061979221141045e-12,1.61687751072782e-11,1.616877510701677e-11
4930,"(4.0, 6.0, 6.0, 7.0, 8.0, 8.0, 9.0, 14.0)",61847604000.00002,1,-25.667923100489197,1.0,1.0,7.12135499382693e-12,1.61687751072782e-11,1.616877510701677e-11
4931,"(4.0, 6.0, 6.0, 7.0, 8.0, 8.0, 11.0, 13.0)",61847604000.00002,1,-25.387491337141267,1.0,1.0,9.426546255221078e-12,1.61687751072782e-11,1.616877510701677e-11
4932,"(4.0, 6.0, 6.0, 7.0, 8.0, 8.0, 11.0, 14.0)",61847604000.00002,2,-25.297148570765003,2.0,2.0,1.0317820492516844e-11,3.23375502145564e-11,3.233755021351068e-11
4933,"(4.0, 6.0, 6.0, 7.0, 8.0, 8.0, 13.0, 14.0)",51539670000.000015,1,-25.292389927953128,1.0,1.0,1.0367036322241928e-11,1.9402530128733843e-11,1.9402530128357385e-11
4934,"(4.0, 6.0, 6.0, 7.0, 8.0, 8.0, 14.0, 14.0)",25769835000.000008,1,-25.202047161576864,1.0,1.0,1.1347233325572386e-11,3.8805060257467686e-11,3.8805060255961855e-11
4935,"(4.0, 6.0, 6.0, 7.0, 8.0, 9.0, 9.0, 11.0)",67737852000.00002,2,-26.39844993016183,2.0,2.0,3.4300374715444986e-12,2.9525589326334106e-11,2.952558932546235e-11
4936,"(4.0, 6.0, 6.0, 7.0, 8.0, 9.0, 9.0, 13.0)",61847604000.00002,1,-26.39369128734996,1.0,1.0,3.4463986924314573e-12,1.61687751072782e-11,1.616877510701677e-11
4937,"(4.0, 6.0, 6.0, 7.0, 8.0, 9.0, 9.0, 14.0)",61847604000.00002,1,-26.30334852097369,1.0,1.0,3.77225360077744e-12,1.61687751072782e-11,1.616877510701677e-11
4938,"(4.0, 6.0, 6.0, 7.0, 8.0, 9.0, 11.0, 11.0)",67737852000.00002,2,-26.02767540043764,2.0,2.0,4.9696316143037726e-12,2.9525589326334106e-11,2.952558932546235e-11
4939,"(4.0, 6.0, 6.0, 7.0, 8.0, 9.0, 11.0, 13.0)",123695208000.00005,1,-26.022916757625765,1.0,1.0,4.9933366732843344e-12,8.0843875536391e-12,8.084387553573742e-12
4940,"(4.0, 6.0, 6.0, 7.0, 8.0, 9.0, 11.0, 14.0)",123695208000.00005,2,-25.9325739912495,3.0,5.0,5.4654536304973236e-12,2.42531626609173e-11,4.0421937767607286e-11
4941,"(4.0, 6.0, 6.0, 7.0, 8.0, 9.0, 12.0, 14.0)",103079340000.00005,2,-26.050642468232983,2.0,2.0,4.8567944771487665e-12,1.940253012873384e-11,1.9402530128357382e-11
4942,"(4.0, 6.0, 6.0, 7.0, 8.0, 9.0, 14.0, 14.0)",51539670000.000015,1,-25.83747258206137,1.0,1.0,6.0107439958205045e-12,1.9402530128733843e-11,1.9402530128357385e-11
4943,"(4.0, 6.0, 6.0, 7.0, 8.0, 11.0, 11.0, 13.0)",61847604000.00002,1,-25.65214222790157,1.0,1.0,7.234627609255382e-12,1.61687751072782e-11,1.616877510701677e-11
4944,"(4.0, 6.0, 6.0, 7.0, 8.0, 11.0, 12.0, 13.0)",103079340000.00005,2,-25.77021070488506,2.0,2.0,6.428944748665264e-12,1.940253012873384e-11,1.9402530128357382e-11
4945,"(4.0, 6.0, 6.0, 7.0, 8.0, 11.0, 13.0, 13.0)",51539670000.000015,2,-25.6473835850897,2.0,2.0,7.269136660929567e-12,3.8805060257467686e-11,3.8805060255961855e-11
4946,"(4.0, 6.0, 6.0, 7.0, 8.0, 11.0, 13.0, 14.0)",103079340000.00005,1,-25.55704081871344,1.0,1.0,7.956429128165911e-12,9.70126506436692e-12,9.701265064272805e-12
4947,"(4.0, 6.0, 6.0, 7.0, 8.0, 12.0, 12.0, 13.0)",39170149200.000015,1,-25.88827918186854,1.0,1.0,5.712986599132636e-12,2.5529644906228738e-11,2.5529644905576974e-11
4948,"(4.0, 6.0, 6.0, 7.0, 8.0, 13.0, 13.0, 14.0)",39170149200.000015,1,-25.55228217590156,1.0,1.0,7.99438116091118e-12,2.5529644906228738e-11,2.5529644905576974e-11
4949,"(4.0, 6.0, 6.0, 7.0, 9.0, 9.0, 11.0, 14.0)",61847604000.00002,1,-26.567999411734,1.0,1.0,2.8951059391642747e-12,1.61687751072782e-11,1.616877510701677e-11
4950,"(4.0, 6.0, 6.0, 7.0, 9.0, 9.0, 13.0, 13.0)",25769835000.000008,1,-26.653583535298388,1.0,1.0,2.65763752757884e-12,3.8805060257467686e-11,3.8805060255961855e-11
4951,"(4.0, 6.0, 6.0, 7.0, 9.0, 9.0, 13.0, 14.0)",51539670000.000015,1,-26.563240768922128,1.0,1.0,2.9089155456641373e-12,1.9402530128733843e-11,1.9402530128357385e-11
4952,"(4.0, 6.0, 6.0, 7.0, 11.0, 12.0, 13.0, 13.0)",39170149200.000015,1,-26.03010295283349,1.0,1.0,4.957582204376217e-12,2.5529644906228738e-11,2.5529644905576974e-11
4953,"(4.0, 6.0, 6.0, 8.0, 8.0, 8.0, 9.0, 13.0)",16934463000.000008,1,-25.637153164151712,1.0,1.0,7.343884688785585e-12,5.90511786526682e-11,5.905117864918116e-11
4954,"(4.0, 6.0, 6.0, 8.0, 8.0, 8.0, 9.0, 14.0)",16934463000.000008,1,-25.54681039777545,1.0,1.0,8.038244536769157e-12,5.90511786526682e-11,5.905117864918116e-11
4955,"(4.0, 6.0, 6.0, 8.0, 8.0, 8.0, 13.0, 13.0)",7362810000.000003,1,-25.26161999161565,1.0,1.0,1.0690987793894868e-11,1.3581771090113688e-10,1.3581771088269044e-10
4956,"(4.0, 6.0, 6.0, 8.0, 8.0, 8.0, 13.0, 14.0)",14725620000.000006,1,-25.171277225239383,1.0,1.0,1.1701814212602012e-11,6.790885545056844e-11,6.790885544595683e-11
4957,"(4.0, 6.0, 6.0, 8.0, 8.0, 11.0, 12.0, 12.0)",22088430000.000008,2,-25.77192512196667,3.0,5.0,6.417932298634976e-12,1.3581771090113688e-10,2.2636285148344838e-10
4958,"(4.0, 6.0, 6.0, 8.0, 8.0, 13.0, 14.0, 14.0)",17486673750.000008,1,-25.340826706811555,1.0,1.0,9.8768576457114e-12,5.7186404589952364e-11,5.718640458668208e-11
4959,"(4.0, 6.0, 6.0, 8.0, 9.0, 9.0, 9.0, 11.0)",17740866000.00001,1,-26.91276264793259,1.0,1.0,2.0508584631294876e-12,5.6367034168456e-11,5.636703416527876e-11
4960,"(4.0, 6.0, 6.0, 8.0, 9.0, 9.0, 11.0, 14.0)",50803389000.00002,1,-26.44688670902026,1.0,1.0,3.2678569624780276e-12,1.9683726217556068e-11,1.9683726217168617e-11
4961,"(4.0, 6.0, 6.0, 8.0, 9.0, 11.0, 13.0, 13.0)",44176860000.000015,1,-26.161696302860456,1.0,1.0,4.346299585467611e-12,2.263628515018948e-11,2.2636285149677078e-11
4962,"(4.0, 6.0, 6.0, 8.0, 11.0, 11.0, 12.0, 13.0)",44176860000.000015,1,-25.913748892931626,1.0,1.0,5.569315873668357e-12,2.263628515018948e-11,2.2636285149677078e-11
4963,"(4.0, 6.0, 6.0, 8.0, 11.0, 11.0, 13.0, 14.0)",44176860000.000015,2,-25.70057900676,2.0,2.0,6.892556830638744e-12,4.527257030037896e-11,4.5272570298329357e-11
4964,"(4.0, 6.0, 6.0, 8.0, 12.0, 12.0, 13.0, 14.0)",25180810200.00001,1,-25.936715960726964,1.0,1.0,5.442862706136218e-12,3.9712780965244695e-11,3.971278096366759e-11
4965,"(4.0, 6.0, 6.0, 9.0, 9.0, 11.0, 12.0, 13.0)",44176860000.000015,1,-26.91994884314031,1.0,1.0,2.0361734218529406e-12,2.263628515018948e-11,2.2636285149677078e-11
4966,"(4.0, 6.0, 6.0, 9.0, 11.0, 11.0, 11.0, 12.0)",16934463000.000008,1,-26.553932956228,1.0,1.0,2.936117586066732e-12,5.90511786526682e-11,5.905117864918116e-11
4967,"(4.0, 6.0, 6.0, 9.0, 11.0, 12.0, 12.0, 13.0)",34973347500.000015,1,-26.667242790399605,1.0,1.0,2.6215829783380275e-12,2.8593202294976182e-11,2.859320229415861e-11
4968,"(4.0, 6.0, 6.0, 9.0, 11.0, 12.0, 12.0, 14.0)",34973347500.000015,1,-26.576900024023335,1.0,1.0,2.8694520606365237e-12,2.8593202294976182e-11,2.859320229415861e-11
4969,"(4.0, 6.0, 6.0, 9.0, 11.0, 13.0, 13.0, 13.0)",11657782500.000006,1,-26.421588550808888,1.0,1.0,3.351582308165805e-12,8.577960688492854e-11,8.577960687757039e-11
4970,"(4.0, 6.0, 6.0, 11.0, 13.0, 14.0, 14.0, 14.0)",8393603400.000004,1,-25.775027079144035,1.0,1.0,6.39805499269182e-12,1.1913834289573409e-10,1.1913834288154013e-10
4971,"(4.0, 6.0, 7.0, 7.0, 7.0, 7.0, 8.0, 8.0)",7178739750.000003,2,-24.88592017078273,2.0,2.0,1.556618518371135e-11,2.7860043261771665e-10,2.7860043254009847e-10
4972,"(4.0, 6.0, 7.0, 7.0, 7.0, 7.0, 8.0, 14.0)",12060282780.000008,1,-25.055469652354898,1.0,1.0,1.3138560598640103e-11,8.291679542193947e-11,8.291679541506428e-11
4973,"(4.0, 6.0, 7.0, 7.0, 7.0, 8.0, 8.0, 8.0)",8835372000.0,1,-24.764807468068984,1.0,1.0,1.757036450503695e-11,1.1318142575094745e-10,1.1318142573813742e-10
4974,"(4.0, 6.0, 7.0, 7.0, 7.0, 8.0, 8.0, 11.0)",26506116000.0,1,-25.02945835882929,1.0,1.0,1.3484795036402166e-11,3.772714191698248e-11,3.772714191555914e-11
4975,"(4.0, 6.0, 7.0, 7.0, 7.0, 8.0, 8.0, 13.0)",23192851500.0,1,-25.024699716017416,3.0,9.0,1.3549117281286204e-11,1.2935020085822564e-10,3.8805060255794546e-10
4976,"(4.0, 6.0, 7.0, 7.0, 7.0, 8.0, 9.0, 12.0)",46385703000.0,1,-25.782952256297275,1.0,1.0,6.34754966960131e-12,2.1558366809704275e-11,2.1558366809239512e-11
4977,"(4.0, 6.0, 7.0, 7.0, 7.0, 8.0, 11.0, 13.0)",46385703000.0,1,-25.289350606777727,1.0,1.0,1.0398593006419485e-11,2.1558366809704275e-11,2.1558366809239512e-11
4978,"(4.0, 6.0, 7.0, 7.0, 7.0, 8.0, 11.0, 14.0)",46385703000.0,1,-25.199007840401464,1.0,1.0,1.1381773675120107e-11,2.1558366809704275e-11,2.1558366809239512e-11
4979,"(4.0, 6.0, 7.0, 7.0, 7.0, 8.0, 12.0, 13.0)",37108562400.00001,1,-25.40741908376121,1.0,1.0,9.240555770500682e-12,2.6947958512130338e-11,2.6947958511404144e-11
4980,"(4.0, 6.0, 7.0, 7.0, 7.0, 9.0, 9.0, 14.0)",23192851500.0,1,-26.205207790610157,1.0,1.0,4.161240909390176e-12,4.311673361940855e-11,4.31167336175495e-11
4981,"(4.0, 6.0, 7.0, 7.0, 7.0, 9.0, 11.0, 11.0)",26506116000.0,1,-25.9295346700741,1.0,1.0,5.482090168534204e-12,3.772714191698248e-11,3.772714191555914e-11
4982,"(4.0, 6.0, 7.0, 7.0, 7.0, 9.0, 12.0, 14.0)",37108562400.00001,1,-25.952501737869447,1.0,1.0,5.35761748962121e-12,2.6947958512130338e-11,2.6947958511404144e-11
4983,"(4.0, 6.0, 7.0, 7.0, 7.0, 11.0, 11.0, 14.0)",23192851500.0,1,-25.46365873116177,1.0,1.0,8.73521349632295e-12,4.311673361940855e-11,4.31167336175495e-11
4984,"(4.0, 6.0, 7.0, 7.0, 7.0, 11.0, 13.0, 13.0)",18554281200.000004,1,-25.54924285472616,1.0,1.0,8.018715614234995e-12,5.3895917024260675e-11,5.389591702135591e-11
4985,"(4.0, 6.0, 7.0, 7.0, 7.0, 12.0, 13.0, 13.0)",13558897799.999998,1,-25.66731133170964,1.0,1.0,7.125712949374949e-12,7.375230750688306e-11,7.375230750144366e-11
4986,"(4.0, 6.0, 7.0, 7.0, 8.0, 8.0, 8.0, 9.0)",22579284000.000008,1,-25.27912018583974,1.0,1.0,1.050552101671333e-11,4.428838398950116e-11,4.42883839875397e-11
4987,"(4.0, 6.0, 7.0, 7.0, 8.0, 8.0, 8.0, 11.0)",22579284000.000008,1,-24.90834565611555,1.0,1.0,1.5220990966574624e-11,4.428838398950116e-11,4.42883839875397e-11
4988,"(4.0, 6.0, 7.0, 7.0, 8.0, 8.0, 8.0, 12.0)",20615868000.000008,1,-25.02641413309903,2.0,4.0,1.352590834376252e-11,9.70126506436692e-11,1.9402530127792694e-10
4989,"(4.0, 6.0, 7.0, 7.0, 8.0, 8.0, 8.0, 14.0)",20615868000.000008,1,-24.81324424692741,1.0,1.0,1.6739594962852554e-11,4.85063253218346e-11,4.8506325319481736e-11
4990,"(4.0, 6.0, 7.0, 7.0, 8.0, 8.0, 9.0, 11.0)",67737852000.00002,3,-25.54377107660005,3.0,3.0,8.062712507778827e-12,4.428838398950116e-11,4.42883839875397e-11
4991,"(4.0, 6.0, 7.0, 7.0, 8.0, 8.0, 9.0, 12.0)",61847604000.00002,1,-25.661839553583533,1.0,1.0,7.16481013764545e-12,1.61687751072782e-11,1.616877510701677e-11
4992,"(4.0, 6.0, 7.0, 7.0, 8.0, 8.0, 9.0, 13.0)",61847604000.00002,1,-25.539012433788173,1.0,1.0,8.101171510452205e-12,1.61687751072782e-11,1.616877510701677e-11
4993,"(4.0, 6.0, 7.0, 7.0, 8.0, 8.0, 11.0, 11.0)",33868926000.00001,1,-25.172996546875854,2.0,4.0,1.168171231600507e-11,5.905117865266821e-11,1.181023573018494e-10
4994,"(4.0, 6.0, 7.0, 7.0, 8.0, 8.0, 11.0, 12.0)",61847604000.00002,1,-25.29106502385934,1.0,1.0,1.0380780754122205e-11,1.61687751072782e-11,1.616877510701677e-11
4995,"(4.0, 6.0, 7.0, 7.0, 8.0, 8.0, 11.0, 14.0)",61847604000.00002,2,-25.07789513768772,2.0,2.0,1.2847201149512074e-11,3.23375502145564e-11,3.233755021351068e-11
4996,"(4.0, 6.0, 7.0, 7.0, 8.0, 8.0, 12.0, 13.0)",51539670000.000015,1,-25.286306381047467,1.0,1.0,1.0430296903233197e-11,1.9402530128733843e-11,1.9402530128357385e-11
4997,"(4.0, 6.0, 7.0, 7.0, 8.0, 8.0, 13.0, 14.0)",51539670000.000015,1,-25.073136494875847,1.0,1.0,1.2908482082309499e-11,1.9402530128733843e-11,1.9402530128357385e-11
4998,"(4.0, 6.0, 7.0, 7.0, 8.0, 8.0, 14.0, 14.0)",25769835000.000008,1,-24.982793728499583,1.0,1.0,1.4128971242502627e-11,3.8805060257467686e-11,3.8805060255961855e-11
4999,"(4.0, 6.0, 7.0, 7.0, 8.0, 9.0, 9.0, 11.0)",67737852000.00002,1,-26.179196497084547,1.0,1.0,4.270900175018143e-12,1.4762794663167053e-11,1.4762794662949114e-11
5000,"(4.0, 6.0, 7.0, 7.0, 8.0, 9.0, 9.0, 13.0)",61847604000.00002,1,-26.174437854272675,1.0,1.0,4.2912722968183635e-12,1.61687751072782e-11,1.616877510701677e-11
5001,"(4.0, 6.0, 7.0, 7.0, 8.0, 9.0, 11.0, 11.0)",67737852000.00002,2,-25.80842196736036,2.0,2.0,6.18792089223106e-12,2.9525589326334106e-11,2.952558932546235e-11
5002,"(4.0, 6.0, 7.0, 7.0, 8.0, 9.0, 11.0, 12.0)",123695208000.00005,1,-25.92649044434384,1.0,1.0,5.498804316392417e-12,8.0843875536391e-12,8.084387553573742e-12
5003,"(4.0, 6.0, 7.0, 7.0, 8.0, 9.0, 11.0, 13.0)",123695208000.00005,1,-25.80366332454848,1.0,1.0,6.217437170519235e-12,8.0843875536391e-12,8.084387553573742e-12
5004,"(4.0, 6.0, 7.0, 7.0, 8.0, 9.0, 11.0, 14.0)",123695208000.00005,3,-25.71332055817222,3.0,3.0,6.805292088116378e-12,2.42531626609173e-11,2.4253162660329084e-11
5005,"(4.0, 6.0, 7.0, 7.0, 8.0, 9.0, 13.0, 14.0)",103079340000.00005,1,-25.708561915360345,1.0,1.0,6.83775321659609e-12,9.70126506436692e-12,9.701265064272805e-12
5006,"(4.0, 6.0, 7.0, 7.0, 8.0, 9.0, 14.0, 14.0)",51539670000.000015,1,-25.61821914898408,1.0,1.0,7.484258640527272e-12,1.9402530128733843e-11,1.9402530128357385e-11
5007,"(4.0, 6.0, 7.0, 7.0, 8.0, 11.0, 11.0, 14.0)",61847604000.00002,1,-25.34254602844803,1.0,1.0,9.859890740623863e-12,1.61687751072782e-11,1.616877510701677e-11
5008,"(4.0, 6.0, 7.0, 7.0, 8.0, 11.0, 12.0, 13.0)",103079340000.00005,2,-25.55095727180777,2.0,2.0,8.004979968890214e-12,1.940253012873384e-11,1.9402530128357382e-11
5009,"(4.0, 6.0, 7.0, 7.0, 8.0, 11.0, 14.0, 14.0)",51539670000.000015,1,-25.24744461925989,2.0,4.0,1.0843615750017573e-11,3.8805060257467686e-11,7.761012051342954e-11
5010,"(4.0, 6.0, 7.0, 7.0, 8.0, 12.0, 12.0, 13.0)",39170149200.000015,1,-25.669025748791256,1.0,1.0,7.113506971434071e-12,2.5529644906228738e-11,2.5529644905576974e-11
5011,"(4.0, 6.0, 7.0, 7.0, 9.0, 11.0, 11.0, 14.0)",61847604000.00002,1,-25.97797144893253,1.0,1.0,5.222883620017745e-12,1.61687751072782e-11,1.616877510701677e-11
5012,"(4.0, 6.0, 7.0, 7.0, 9.0, 11.0, 12.0, 14.0)",103079340000.00005,1,-26.09603992591601,1.0,1.0,4.641238227500019e-12,9.70126506436692e-12,9.701265064272805e-12
5013,"(4.0, 6.0, 7.0, 7.0, 9.0, 11.0, 13.0, 13.0)",51539670000.000015,1,-26.06355557249692,1.0,1.0,4.794481377335297e-12,1.9402530128733843e-11,1.9402530128357385e-11
5014,"(4.0, 6.0, 7.0, 7.0, 9.0, 11.0, 13.0, 14.0)",103079340000.00005,1,-25.973212806120653,1.0,1.0,5.24779668679412e-12,9.70126506436692e-12,9.701265064272805e-12
5015,"(4.0, 6.0, 7.0, 7.0, 9.0, 13.0, 14.0, 14.0)",39170149200.000015,1,-25.87811139693252,1.0,1.0,5.771371336941385e-12,2.5529644906228738e-11,2.5529644905576974e-11
5016,"(4.0, 6.0, 7.0, 7.0, 11.0, 11.0, 11.0, 11.0)",5644821000.000002,1,-25.70229832839648,1.0,1.0,6.880716490142703e-12,1.7715353595800464e-10,1.7715353592662125e-10
5017,"(4.0, 6.0, 7.0, 7.0, 11.0, 11.0, 13.0, 13.0)",25769835000.000008,1,-25.69278104277273,1.0,1.0,6.946514848500273e-12,3.8805060257467686e-11,3.8805060255961855e-11
5018,"(4.0, 6.0, 7.0, 7.0, 11.0, 11.0, 14.0, 14.0)",25769835000.000008,1,-25.5120955100202,1.0,1.0,8.32219136948302e-12,3.8805060257467686e-11,3.8805060255961855e-11
5019,"(4.0, 6.0, 7.0, 7.0, 11.0, 12.0, 13.0, 13.0)",39170149200.000015,1,-25.810849519756207,1.0,1.0,6.172917608040928e-12,2.5529644906228738e-11,2.5529644905576974e-11
5020,"(4.0, 6.0, 7.0, 7.0, 11.0, 12.0, 14.0, 14.0)",39170149200.000015,1,-25.630163987003684,1.0,1.0,7.395392187675045e-12,2.5529644906228738e-11,2.5529644905576974e-11
5021,"(4.0, 6.0, 7.0, 7.0, 11.0, 13.0, 14.0, 14.0)",39170149200.000015,1,-25.507336867208323,1.0,1.0,8.36188808195026e-12,2.5529644906228738e-11,2.5529644905576974e-11
5022,"(4.0, 6.0, 7.0, 7.0, 12.0, 12.0, 12.0, 13.0)",9039265200.000002,1,-26.051745116535045,1.0,1.0,4.851442092406348e-12,1.1062846126032454e-10,1.1062846124808588e-10
5023,"(4.0, 6.0, 7.0, 8.0, 8.0, 8.0, 8.0, 8.0)",1774086600.000001,1,-24.522582062641497,2.0,4.0,2.2386073646031106e-11,1.1273406833691202e-09,2.2546813654673435e-09
5024,"(4.0, 6.0, 7.0, 8.0, 8.0, 8.0, 9.0, 9.0)",17740866000.00001,2,-25.79343290361049,2.0,2.0,6.281370645496131e-12,1.12734068336912e-10,1.1273406832420303e-10
5025,"(4.0, 6.0, 7.0, 8.0, 8.0, 8.0, 9.0, 11.0)",35481732000.00002,1,-25.422658373886307,1.0,1.0,9.10080382502669e-12,2.8183517084228e-11,2.818351708343369e-11
5026,"(4.0, 6.0, 7.0, 8.0, 8.0, 8.0, 9.0, 13.0)",33868926000.00001,1,-25.41789973107443,1.0,1.0,9.144214505774503e-12,2.9525589326334106e-11,2.952558932546235e-11
5027,"(4.0, 6.0, 7.0, 8.0, 8.0, 8.0, 11.0, 14.0)",33868926000.00001,3,-24.956782434973977,3.0,3.0,1.4501305515924528e-11,8.857676797900232e-11,8.857676797115647e-11
5028,"(4.0, 6.0, 7.0, 8.0, 8.0, 8.0, 12.0, 13.0)",29451240000.00001,1,-25.16519367833372,1.0,1.0,1.1773219727421453e-11,3.395442772528422e-11,3.395442772413132e-11
5029,"(4.0, 6.0, 7.0, 8.0, 8.0, 8.0, 13.0, 13.0)",14725620000.000006,1,-25.042366558538365,1.0,1.0,1.3311849219974349e-11,6.790885545056844e-11,6.790885544595683e-11
5030,"(4.0, 6.0, 7.0, 8.0, 8.0, 9.0, 9.0, 9.0)",17740866000.00001,1,-26.428858324095,1.0,1.0,3.3273054153078675e-12,5.6367034168456e-11,5.636703416527876e-11
5031,"(4.0, 6.0, 7.0, 8.0, 8.0, 9.0, 9.0, 14.0)",50803389000.00002,1,-25.962982385182663,1.0,1.0,5.301759415963279e-12,1.9683726217556068e-11,1.9683726217168617e-11
5032,"(4.0, 6.0, 7.0, 8.0, 8.0, 9.0, 11.0, 11.0)",53222598000.00003,1,-25.68730926464661,1.0,1.0,6.9846288169951725e-12,1.8789011389485334e-11,1.8789011389132306e-11
5033,"(4.0, 6.0, 7.0, 8.0, 8.0, 9.0, 11.0, 12.0)",101606778000.00005,1,-25.805377741630096,1.0,1.0,6.206787022037066e-12,9.841863108778034e-12,9.841863108681171e-12
5034,"(4.0, 6.0, 7.0, 8.0, 8.0, 9.0, 11.0, 13.0)",101606778000.00005,3,-25.68255062183474,3.0,3.0,7.0179453786468505e-12,2.95255893263341e-11,2.952558932546234e-11
5035,"(4.0, 6.0, 7.0, 8.0, 8.0, 9.0, 13.0, 13.0)",44176860000.000015,1,-25.677791979022864,1.0,1.0,7.051420859735703e-12,2.263628515018948e-11,2.2636285149677078e-11
5036,"(4.0, 6.0, 7.0, 8.0, 8.0, 11.0, 11.0, 12.0)",50803389000.00002,1,-25.434603211905905,1.0,1.0,8.992742867638847e-12,1.9683726217556068e-11,1.9683726217168617e-11
5037,"(4.0, 6.0, 7.0, 8.0, 8.0, 11.0, 11.0, 14.0)",50803389000.00002,1,-25.22143332573429,1.0,1.0,1.1129372562898831e-11,1.9683726217556068e-11,1.9683726217168617e-11
5038,"(4.0, 6.0, 7.0, 8.0, 8.0, 11.0, 12.0, 13.0)",88353720000.00003,1,-25.42984456909403,1.0,1.0,9.035638099442517e-12,1.131814257509474e-11,1.131814257496664e-11
5039,"(4.0, 6.0, 7.0, 8.0, 8.0, 11.0, 13.0, 13.0)",44176860000.000015,1,-25.307017449298677,1.0,1.0,1.0216495977381888e-11,2.263628515018948e-11,2.2636285149677078e-11
5040,"(4.0, 6.0, 7.0, 8.0, 8.0, 12.0, 13.0, 14.0)",69946695000.00003,1,-25.33474315990589,1.0,1.0,9.93712711266558e-12,1.4296601147488091e-11,1.4296601147283698e-11
5041,"(4.0, 6.0, 7.0, 8.0, 8.0, 12.0, 14.0, 14.0)",34973347500.000015,1,-25.24440039352963,1.0,1.0,1.0876676460693897e-11,2.8593202294976182e-11,2.859320229415861e-11
5042,"(4.0, 6.0, 7.0, 8.0, 9.0, 9.0, 11.0, 11.0)",53222598000.00003,4,-26.322734685131117,4.0,4.0,3.6998283652258354e-12,7.515604555794134e-11,7.515604555229291e-11
5043,"(4.0, 6.0, 7.0, 8.0, 9.0, 9.0, 11.0, 14.0)",101606778000.00005,2,-26.227633275942978,2.0,2.0,4.068961633441605e-12,1.9683726217556068e-11,1.9683726217168617e-11
5044,"(4.0, 6.0, 7.0, 8.0, 9.0, 9.0, 13.0, 13.0)",44176860000.000015,1,-26.31321739950736,1.0,1.0,3.7352087842542276e-12,2.263628515018948e-11,2.2636285149677078e-11
5045,"(4.0, 6.0, 7.0, 8.0, 9.0, 11.0, 11.0, 12.0)",101606778000.00005,1,-26.070028632390404,1.0,1.0,4.763546641435758e-12,9.841863108778034e-12,9.841863108681171e-12
5046,"(4.0, 6.0, 7.0, 8.0, 9.0, 11.0, 11.0, 13.0)",101606778000.00005,1,-25.947201512595047,1.0,1.0,5.3860894565157774e-12,9.841863108778034e-12,9.841863108681171e-12
5047,"(4.0, 6.0, 7.0, 8.0, 9.0, 11.0, 11.0, 14.0)",101606778000.00005,1,-25.856858746218784,1.0,1.0,5.895340951431428e-12,9.841863108778034e-12,9.841863108681171e-12
5048,"(4.0, 6.0, 7.0, 8.0, 9.0, 11.0, 12.0, 12.0)",88353720000.00003,1,-26.188097109373885,1.0,1.0,4.233055219912377e-12,1.131814257509474e-11,1.131814257496664e-11
5049,"(4.0, 6.0, 7.0, 8.0, 9.0, 11.0, 13.0, 13.0)",88353720000.00003,1,-25.94244286978317,1.0,1.0,5.411781012379557e-12,1.131814257509474e-11,1.131814257496664e-11
5050,"(4.0, 6.0, 7.0, 8.0, 9.0, 11.0, 13.0, 14.0)",176707440000.00006,2,-25.85210010340691,2.0,2.0,5.923461628336708e-12,1.131814257509474e-11,1.131814257496664e-11
5051,"(4.0, 6.0, 7.0, 8.0, 9.0, 11.0, 14.0, 14.0)",88353720000.00003,2,-25.761757337030648,2.0,2.0,6.483521336527543e-12,2.263628515018948e-11,2.2636285149677078e-11
5052,"(4.0, 6.0, 7.0, 8.0, 9.0, 12.0, 12.0, 14.0)",69946695000.00003,1,-26.09299570018575,1.0,1.0,4.6553887320694035e-12,1.4296601147488091e-11,1.4296601147283698e-11
5053,"(4.0, 6.0, 7.0, 8.0, 9.0, 12.0, 13.0, 14.0)",139893390000.00006,1,-25.970168580390396,1.0,1.0,5.263796505669092e-12,7.1483005737440455e-12,7.148300573692947e-12
5054,"(4.0, 6.0, 7.0, 8.0, 11.0, 11.0, 12.0, 12.0)",44176860000.000015,1,-25.817322579649694,2.0,4.0,6.1330889882370905e-12,4.527257030037896e-11,9.054514059870831e-11
5055,"(4.0, 6.0, 7.0, 8.0, 11.0, 11.0, 12.0, 13.0)",88353720000.00003,1,-25.69449545985434,1.0,1.0,6.934615827643133e-12,1.131814257509474e-11,1.131814257496664e-11
5056,"(4.0, 6.0, 7.0, 8.0, 11.0, 12.0, 12.0, 13.0)",69946695000.00003,2,-25.812563936837822,2.0,2.0,6.162343719267985e-12,2.8593202294976182e-11,2.859320229415861e-11
5057,"(4.0, 6.0, 7.0, 8.0, 12.0, 12.0, 13.0, 13.0)",25180810200.00001,1,-25.807805294025947,1.0,1.0,6.191737994872498e-12,3.9712780965244695e-11,3.971278096366759e-11
5058,"(4.0, 6.0, 7.0, 8.0, 12.0, 13.0, 14.0, 14.0)",50361620400.00002,1,-25.504292641478063,1.0,1.0,8.387382342255889e-12,1.9856390482622348e-11,1.985639048222807e-11
5059,"(4.0, 6.0, 7.0, 9.0, 9.0, 9.0, 11.0, 13.0)",33868926000.00001,1,-26.953401462803736,1.0,1.0,1.969184806150358e-12,2.9525589326334106e-11,2.952558932546235e-11
5060,"(4.0, 6.0, 7.0, 9.0, 9.0, 11.0, 11.0, 11.0)",17740866000.00001,1,-26.587385575891425,2.0,4.0,2.8395214658543232e-12,1.12734068336912e-10,2.2546813666111504e-10
5061,"(4.0, 6.0, 7.0, 9.0, 11.0, 11.0, 11.0, 13.0)",33868926000.00001,1,-26.21185240335536,1.0,1.0,4.133682733105542e-12,2.9525589326334106e-11,2.952558932546235e-11
5062,"(4.0, 6.0, 7.0, 9.0, 11.0, 11.0, 14.0, 14.0)",44176860000.000015,1,-26.02640822779096,1.0,1.0,4.975932987169977e-12,2.263628515018948e-11,2.2636285149677078e-11
5063,"(4.0, 6.0, 7.0, 9.0, 13.0, 13.0, 13.0, 13.0)",4196801700.000002,1,-26.19757647491973,1.0,1.0,4.193118130299084e-12,2.3827668579146817e-10,2.382766857346924e-10
5064,"(4.0, 6.0, 8.0, 8.0, 8.0, 8.0, 9.0, 13.0)",6423417000.000004,1,-25.296787028360686,1.0,1.0,1.0321551496562464e-11,1.5568038008430706e-10,1.5568038006007067e-10
5065,"(4.0, 6.0, 8.0, 8.0, 8.0, 9.0, 12.0, 12.0)",11678940000.000006,1,-25.80233351589984,1.0,1.0,6.225710672108729e-12,8.562420904636889e-11,8.562420903903738e-11
5066,"(4.0, 6.0, 8.0, 8.0, 8.0, 9.0, 12.0, 13.0)",23357880000.00001,1,-25.67950639610448,1.0,1.0,7.0393421403040795e-12,4.2812104523184446e-11,4.281210452135157e-11
5067,"(4.0, 6.0, 8.0, 8.0, 8.0, 11.0, 11.0, 14.0)",12846834000.000008,1,-25.100320623020544,1.0,1.0,1.256230285934878e-11,7.784019004215353e-11,7.784019003609443e-11
5068,"(4.0, 6.0, 8.0, 8.0, 9.0, 9.0, 11.0, 11.0)",19270251000.000008,1,-26.20162198241737,1.0,1.0,4.176189105800783e-12,5.1893460028102364e-11,5.189346002540943e-11
5069,"(4.0, 6.0, 8.0, 8.0, 9.0, 9.0, 12.0, 14.0)",35036820000.000015,1,-26.224589050212717,2.0,4.0,4.081367344453273e-12,5.7082806030912595e-11,1.1416561205856674e-10
5070,"(4.0, 6.0, 8.0, 8.0, 9.0, 11.0, 11.0, 13.0)",38540502000.00002,1,-25.826088809881306,1.0,1.0,6.07955988515067e-12,2.5946730014051176e-11,2.5946730013377944e-11
5071,"(4.0, 6.0, 8.0, 8.0, 9.0, 11.0, 11.0, 14.0)",38540502000.00002,1,-25.73574604350504,1.0,1.0,6.654378588950128e-12,2.5946730014051176e-11,2.5946730013377944e-11
5072,"(4.0, 6.0, 8.0, 8.0, 9.0, 11.0, 12.0, 13.0)",70073640000.00003,1,-25.944157286864787,1.0,1.0,5.4025109112504115e-12,1.4270701507728149e-11,1.4270701507524496e-11
5073,"(4.0, 6.0, 8.0, 8.0, 9.0, 11.0, 14.0, 14.0)",35036820000.000015,1,-25.640644634316903,1.0,1.0,7.318288444761553e-12,2.8541403015456298e-11,2.8541403014641686e-11
5074,"(4.0, 6.0, 8.0, 8.0, 9.0, 12.0, 13.0, 14.0)",57886920000.00002,1,-25.849055877676648,1.0,1.0,5.941521457789505e-12,1.7275059719881446e-11,1.7275059719583018e-11
5075,"(4.0, 6.0, 8.0, 8.0, 11.0, 11.0, 12.0, 14.0)",35036820000.000015,1,-25.483039990764333,1.0,1.0,8.567544126144976e-12,2.8541403015456298e-11,2.8541403014641686e-11
5076,"(4.0, 6.0, 8.0, 8.0, 11.0, 12.0, 13.0, 13.0)",28943460000.00001,1,-25.56862411432872,1.0,1.0,7.864799170493691e-12,3.455011943976289e-11,3.455011943856918e-11
5077,"(4.0, 6.0, 8.0, 9.0, 9.0, 11.0, 11.0, 12.0)",38540502000.00002,1,-26.58434135016116,1.0,1.0,2.848178780887068e-12,2.5946730014051176e-11,2.5946730013377944e-11
5078,"(4.0, 6.0, 8.0, 9.0, 9.0, 11.0, 11.0, 13.0)",38540502000.00002,1,-26.461514230365804,1.0,1.0,3.2204042191101706e-12,2.5946730014051176e-11,2.5946730013377944e-11
5079,"(4.0, 6.0, 8.0, 9.0, 9.0, 11.0, 11.0, 14.0)",38540502000.00002,1,-26.37117146398954,1.0,1.0,3.524891486923844e-12,2.5946730014051176e-11,2.5946730013377944e-11
5080,"(4.0, 6.0, 8.0, 9.0, 11.0, 11.0, 13.0, 13.0)",35036820000.000015,1,-26.085981057829738,1.0,1.0,4.688159422013999e-12,2.8541403015456298e-11,2.8541403014641686e-11
5081,"(4.0, 6.0, 8.0, 9.0, 11.0, 11.0, 13.0, 14.0)",70073640000.00003,1,-25.995638291453474,1.0,1.0,5.131422055013033e-12,1.4270701507728149e-11,1.4270701507524496e-11
5082,"(4.0, 6.0, 8.0, 11.0, 11.0, 12.0, 13.0, 14.0)",57886920000.00002,1,-25.74293223871277,1.0,1.0,6.606730335301514e-12,1.7275059719881446e-11,1.7275059719583018e-11
5083,"(4.0, 6.0, 8.0, 11.0, 13.0, 13.0, 13.0, 14.0)",14471730000.000006,1,-25.615346476105536,1.0,1.0,7.505789377916169e-12,6.910023887952579e-11,6.910023887475094e-11
5084,"(4.0, 6.0, 9.0, 9.0, 9.0, 13.0, 14.0, 14.0)",9647820000.000004,1,-26.906736832474028,1.0,1.0,2.063253866459565e-12,1.0365035831928866e-10,1.0365035830854527e-10
5085,"(4.0, 6.0, 9.0, 9.0, 11.0, 11.0, 13.0, 13.0)",17518410000.000008,1,-26.72140647831424,1.0,1.0,2.4833653533689567e-12,5.7082806030912595e-11,5.708280602765415e-11
5086,"(4.0, 6.0, 9.0, 11.0, 13.0, 13.0, 14.0, 14.0)",21707595000.000008,1,-26.16042913021377,1.0,1.0,4.3518105883752526e-12,4.606682591968386e-11,4.6066825917561706e-11
5087,"(4.0, 6.0, 11.0, 11.0, 11.0, 11.0, 13.0, 14.0)",5839470000.000003,1,-25.889514652489595,1.0,1.0,5.705932730351996e-12,1.7124841809273779e-10,1.7124841806341178e-10
5088,"(4.0, 7.0, 7.0, 7.0, 7.0, 8.0, 12.0, 14.0)",9277140600.000002,1,-25.097822884307664,1.0,1.0,1.259371942838063e-11,1.0779183404852135e-10,1.0779183403690227e-10
5089,"(4.0, 7.0, 7.0, 7.0, 7.0, 11.0, 11.0, 12.0)",5798212875.0,1,-25.45757518425611,1.0,1.0,8.788516548775328e-12,1.724669344776342e-10,1.7246693444788935e-10
5090,"(4.0, 7.0, 7.0, 7.0, 8.0, 8.0, 8.0, 8.0)",1881607000.0000007,1,-24.42444133227796,1.0,1.0,2.469448115505485e-11,5.314606078740139e-10,5.314606075915635e-10
5091,"(4.0, 7.0, 7.0, 7.0, 8.0, 8.0, 8.0, 13.0)",6871956000.000003,1,-24.684333580226397,1.0,1.0,1.9042770642261378e-11,1.4551897596550379e-10,1.4551897594432801e-10
5092,"(4.0, 7.0, 7.0, 7.0, 8.0, 8.0, 9.0, 12.0)",20615868000.000008,1,-25.44258612050625,1.0,1.0,8.921240401803212e-12,4.85063253218346e-11,4.8506325319481736e-11
5093,"(4.0, 7.0, 7.0, 7.0, 8.0, 8.0, 9.0, 14.0)",20615868000.000008,1,-25.22941623433463,1.0,1.0,1.1040881477012894e-11,4.85063253218346e-11,4.8506325319481736e-11
5094,"(4.0, 7.0, 7.0, 7.0, 8.0, 8.0, 11.0, 12.0)",20615868000.000008,1,-25.07181159078206,1.0,1.0,1.2925595917656776e-11,4.85063253218346e-11,4.8506325319481736e-11
5095,"(4.0, 7.0, 7.0, 7.0, 8.0, 8.0, 11.0, 13.0)",20615868000.000008,1,-24.9489844709867,1.0,1.0,1.4614828221833297e-11,4.85063253218346e-11,4.8506325319481736e-11
5096,"(4.0, 7.0, 7.0, 7.0, 8.0, 8.0, 13.0, 14.0)",17179890000.000004,1,-24.85388306179856,1.0,1.0,1.6072955132974026e-11,5.8207590386201526e-11,5.82075903828134e-11
5097,"(4.0, 7.0, 7.0, 7.0, 8.0, 8.0, 14.0, 14.0)",8589945000.000002,1,-24.763540295422303,1.0,1.0,1.7592643302890436e-11,1.1641518077240305e-10,1.1641518075885056e-10
5098,"(4.0, 7.0, 7.0, 7.0, 8.0, 9.0, 9.0, 14.0)",20615868000.000008,1,-25.864841654819127,1.0,1.0,5.848466330287076e-12,4.85063253218346e-11,4.8506325319481736e-11
5099,"(4.0, 7.0, 7.0, 7.0, 8.0, 9.0, 11.0, 11.0)",22579284000.000008,1,-25.589168534283075,1.0,1.0,7.704869885788128e-12,4.428838398950116e-11,4.42883839875397e-11
5100,"(4.0, 7.0, 7.0, 7.0, 8.0, 9.0, 11.0, 13.0)",41231736000.000015,1,-25.5844098914712,1.0,1.0,7.741621985190118e-12,2.42531626609173e-11,2.4253162660329084e-11
5101,"(4.0, 7.0, 7.0, 7.0, 8.0, 9.0, 12.0, 12.0)",17179890000.000004,1,-25.82530548825004,1.0,1.0,6.084324001591402e-12,5.8207590386201526e-11,5.82075903828134e-11
5102,"(4.0, 7.0, 7.0, 7.0, 8.0, 9.0, 12.0, 13.0)",34359780000.00001,1,-25.702478368454685,2.0,4.0,6.879477797055865e-12,5.8207590386201526e-11,1.1641518076901493e-10
5103,"(4.0, 7.0, 7.0, 7.0, 8.0, 11.0, 12.0, 12.0)",17179890000.000004,1,-25.45453095852585,1.0,1.0,8.81531154129364e-12,5.8207590386201526e-11,5.82075903828134e-11
5104,"(4.0, 7.0, 7.0, 7.0, 8.0, 11.0, 12.0, 14.0)",34359780000.00001,1,-25.24136107235423,1.0,1.0,1.0909784461216208e-11,2.9103795193100763e-11,2.9103795192253733e-11
5105,"(4.0, 7.0, 7.0, 7.0, 9.0, 11.0, 11.0, 14.0)",20615868000.000008,1,-25.758718015855248,2.0,4.0,6.503256816255372e-12,9.70126506436692e-11,1.9402530127792694e-10
5106,"(4.0, 7.0, 7.0, 7.0, 9.0, 11.0, 14.0, 14.0)",17179890000.000004,1,-25.66361660666711,1.0,1.0,7.152089195939097e-12,5.8207590386201526e-11,5.82075903828134e-11
5107,"(4.0, 7.0, 7.0, 7.0, 11.0, 12.0, 13.0, 14.0)",26113432800.00001,1,-25.501253320302663,2.0,4.0,8.412913069401422e-12,7.65889347186862e-11,1.5317786943150653e-10
5108,"(4.0, 7.0, 7.0, 8.0, 8.0, 8.0, 9.0, 14.0)",16934463000.000008,1,-25.108303531620887,4.0,16.0,1.2462418358675482e-11,2.362047146106728e-10,9.448188583868985e-10
5109,"(4.0, 7.0, 7.0, 8.0, 8.0, 8.0, 13.0, 13.0)",7362810000.000003,1,-24.823113125461084,1.0,1.0,1.657520643289153e-11,1.3581771090113688e-10,1.3581771088269044e-10
5110,"(4.0, 7.0, 7.0, 8.0, 8.0, 9.0, 12.0, 13.0)",44176860000.000015,1,-25.58136566574094,1.0,1.0,7.7652251384665e-12,2.263628515018948e-11,2.2636285149677078e-11
5111,"(4.0, 7.0, 7.0, 8.0, 8.0, 11.0, 11.0, 11.0)",8870433000.000006,2,-25.097281301845143,2.0,2.0,1.260054181323619e-11,2.25468136673824e-10,2.2546813662298811e-10
5112,"(4.0, 7.0, 7.0, 8.0, 8.0, 11.0, 11.0, 12.0)",25401694500.00001,1,-25.215349778828624,1.0,1.0,1.1197284987676123e-11,3.9367452435112135e-11,3.936745243356234e-11
5113,"(4.0, 7.0, 7.0, 8.0, 8.0, 11.0, 11.0, 14.0)",25401694500.00001,1,-25.002179892657004,1.0,1.0,1.3857702611430521e-11,3.9367452435112135e-11,3.936745243356234e-11
5114,"(4.0, 7.0, 7.0, 8.0, 8.0, 11.0, 14.0, 14.0)",22088430000.000008,1,-24.907078483468865,1.0,1.0,1.5240290815520717e-11,4.527257030037896e-11,4.5272570298329357e-11
5115,"(4.0, 7.0, 7.0, 8.0, 9.0, 11.0, 11.0, 13.0)",50803389000.00002,1,-25.72794807951777,1.0,1.0,6.706472041000272e-12,1.9683726217556068e-11,1.9683726217168617e-11
5116,"(4.0, 7.0, 7.0, 8.0, 9.0, 11.0, 11.0, 14.0)",50803389000.00002,1,-25.637605313141503,1.0,1.0,7.340564909316437e-12,1.9683726217556068e-11,1.9683726217168617e-11
5117,"(4.0, 7.0, 7.0, 8.0, 9.0, 11.0, 13.0, 14.0)",88353720000.00003,2,-25.632846670329627,2.0,2.0,7.375579280125162e-12,2.263628515018948e-11,2.2636285149677078e-11
5118,"(4.0, 7.0, 7.0, 8.0, 9.0, 11.0, 14.0, 14.0)",44176860000.000015,1,-25.542503903953367,1.0,1.0,8.072935832517485e-12,2.263628515018948e-11,2.2636285149677078e-11
5119,"(4.0, 7.0, 7.0, 8.0, 9.0, 14.0, 14.0, 14.0)",11657782500.000006,1,-25.447402494765228,1.0,1.0,8.87837567831192e-12,8.577960688492854e-11,8.577960687757039e-11
5120,"(4.0, 7.0, 7.0, 8.0, 11.0, 11.0, 13.0, 13.0)",22088430000.000008,1,-25.3524149069817,1.0,1.0,9.763063251785348e-12,4.527257030037896e-11,4.5272570298329357e-11
5121,"(4.0, 7.0, 7.0, 8.0, 11.0, 11.0, 13.0, 14.0)",44176860000.000015,1,-25.26207214060544,1.0,1.0,1.068615496722518e-11,2.263628515018948e-11,2.2636285149677078e-11
5122,"(4.0, 7.0, 7.0, 8.0, 11.0, 13.0, 13.0, 14.0)",34973347500.000015,1,-25.25731349779356,1.0,1.0,1.0737127746182193e-11,2.8593202294976182e-11,2.859320229415861e-11
5123,"(4.0, 7.0, 7.0, 9.0, 9.0, 11.0, 11.0, 13.0)",25401694500.00001,1,-26.363373500002265,1.0,1.0,3.5524859141422043e-12,3.9367452435112135e-11,3.936745243356234e-11
5124,"(4.0, 7.0, 7.0, 9.0, 12.0, 13.0, 13.0, 14.0)",25180810200.00001,1,-26.010807395261544,1.0,1.0,5.0541703818087755e-12,3.9712780965244695e-11,3.971278096366759e-11
5125,"(4.0, 7.0, 7.0, 11.0, 11.0, 11.0, 14.0, 14.0)",7362810000.000003,1,-25.436380264989484,1.0,1.0,8.976776476959683e-12,1.3581771090113688e-10,1.3581771088269044e-10
5126,"(4.0, 7.0, 7.0, 11.0, 11.0, 12.0, 12.0, 13.0)",17486673750.000008,1,-25.85796139452085,1.0,1.0,5.888844046300202e-12,5.7186404589952364e-11,5.718640458668208e-11
5127,"(4.0, 7.0, 7.0, 11.0, 12.0, 12.0, 14.0, 14.0)",12590405100.000006,1,-25.672517218956447,1.0,1.0,7.088713681775599e-12,7.942556193048939e-11,7.942556192418098e-11
5128,"(4.0, 7.0, 8.0, 8.0, 8.0, 8.0, 8.0, 12.0)",1284683400.0000007,1,-24.564935294594264,1.0,1.0,2.1457748623571593e-11,7.784019004215354e-10,7.784018998156259e-10
5129,"(4.0, 7.0, 8.0, 8.0, 8.0, 8.0, 12.0, 13.0)",5839470000.000003,1,-24.8248275425427,1.0,1.0,1.6546813961075345e-11,1.7124841809273779e-10,1.7124841806341178e-10
5130,"(4.0, 7.0, 8.0, 8.0, 8.0, 9.0, 9.0, 9.0)",4282278000.000002,1,-26.08849218830397,1.0,1.0,4.6764016108987305e-12,2.335205701264606e-10,2.335205700719287e-10
5131,"(4.0, 7.0, 8.0, 8.0, 8.0, 9.0, 9.0, 11.0)",12846834000.000006,1,-25.71771765857978,1.0,1.0,6.775434227614654e-12,7.784019004215354e-11,7.784019003609445e-11
5132,"(4.0, 7.0, 8.0, 8.0, 8.0, 9.0, 12.0, 14.0)",23357880000.00001,1,-25.36991019665093,1.0,1.0,9.593741120893953e-12,4.2812104523184446e-11,4.281210452135157e-11
5133,"(4.0, 7.0, 8.0, 8.0, 8.0, 11.0, 12.0, 13.0)",23357880000.00001,1,-25.089478433303007,1.0,1.0,1.2699246774682073e-11,4.2812104523184446e-11,4.281210452135157e-11
5134,"(4.0, 7.0, 8.0, 8.0, 8.0, 11.0, 12.0, 14.0)",23357880000.00001,1,-24.999135666926744,1.0,1.0,1.3899952863305622e-11,4.2812104523184446e-11,4.281210452135157e-11
5135,"(4.0, 7.0, 8.0, 8.0, 8.0, 12.0, 12.0, 12.0)",3215940000.0000014,1,-25.330374030081845,1.0,1.0,9.980638695759452e-12,3.10951074957866e-10,3.109510748611754e-10
5136,"(4.0, 7.0, 8.0, 8.0, 9.0, 9.0, 11.0, 13.0)",38540502000.00002,1,-25.97760990652821,1.0,1.0,5.224772255309512e-12,2.5946730014051176e-11,2.5946730013377944e-11
5137,"(4.0, 7.0, 8.0, 8.0, 9.0, 11.0, 11.0, 11.0)",12846834000.000006,1,-25.6115940196159,1.0,1.0,7.534007436384115e-12,7.784019004215354e-11,7.784019003609445e-11
5138,"(4.0, 7.0, 8.0, 8.0, 9.0, 11.0, 12.0, 12.0)",35036820000.000015,1,-25.847730973582863,3.0,9.0,5.949398620982845e-12,8.562420904636889e-11,2.5687262713177516e-10
5139,"(4.0, 7.0, 8.0, 8.0, 9.0, 14.0, 14.0, 14.0)",9647820000.000004,1,-25.326289792051483,1.0,1.0,1.0021485356851052e-11,1.0365035831928866e-10,1.0365035830854527e-10
5140,"(4.0, 7.0, 8.0, 8.0, 11.0, 11.0, 11.0, 12.0)",12846834000.000008,1,-25.35888796687519,1.0,1.0,9.700070456632878e-12,7.784019004215353e-11,7.784019003609443e-11
5141,"(4.0, 7.0, 8.0, 8.0, 11.0, 11.0, 12.0, 14.0)",35036820000.000015,1,-25.26378655768705,1.0,1.0,1.0667850136153654e-11,2.8541403015456298e-11,2.8541403014641686e-11
5142,"(4.0, 7.0, 8.0, 8.0, 11.0, 12.0, 12.0, 13.0)",28943460000.00001,1,-25.4721978010468,1.0,1.0,8.660940460444583e-12,3.455011943976289e-11,3.455011943856918e-11
5143,"(4.0, 7.0, 8.0, 8.0, 11.0, 13.0, 13.0, 14.0)",28943460000.00001,2,-25.13620079507982,2.0,2.0,1.211955569145981e-11,6.910023887952579e-11,6.910023887475094e-11
5144,"(4.0, 7.0, 8.0, 9.0, 11.0, 11.0, 12.0, 12.0)",35036820000.000015,1,-26.11238186434317,1.0,1.0,4.566007778086141e-12,2.8541403015456298e-11,2.8541403014641686e-11
5145,"(4.0, 7.0, 8.0, 9.0, 11.0, 11.0, 12.0, 13.0)",70073640000.00003,1,-25.989554744547814,1.0,1.0,5.162734450419144e-12,1.4270701507728149e-11,1.4270701507524496e-11
5146,"(4.0, 7.0, 8.0, 9.0, 11.0, 12.0, 12.0, 13.0)",57886920000.00002,1,-26.1076232215313,1.0,1.0,4.587787558175599e-12,1.7275059719881446e-11,1.7275059719583018e-11
5147,"(4.0, 7.0, 8.0, 9.0, 11.0, 12.0, 14.0, 14.0)",57886920000.00002,1,-25.80411056898341,1.0,1.0,6.214657078081968e-12,1.7275059719881446e-11,1.7275059719583018e-11
5148,"(4.0, 7.0, 8.0, 9.0, 11.0, 13.0, 13.0, 14.0)",57886920000.00002,1,-25.77162621556432,1.0,1.0,6.419850946422652e-12,1.7275059719881446e-11,1.7275059719583018e-11
5149,"(4.0, 7.0, 8.0, 11.0, 11.0, 11.0, 12.0, 13.0)",23357880000.00001,1,-25.618780214823623,1.0,1.0,7.480060656452609e-12,4.2812104523184446e-11,4.281210452135157e-11
5150,"(4.0, 7.0, 8.0, 11.0, 11.0, 11.0, 13.0, 14.0)",23357880000.00001,1,-25.405610328652003,1.0,1.0,9.257284797758355e-12,4.2812104523184446e-11,4.281210452135157e-11
5151,"(4.0, 7.0, 8.0, 11.0, 11.0, 12.0, 14.0, 14.0)",28943460000.00001,1,-25.433336039259224,1.0,1.0,9.004145448412802e-12,3.455011943976289e-11,3.455011943856918e-11
5152,"(4.0, 7.0, 8.0, 11.0, 13.0, 13.0, 14.0, 14.0)",21707595000.000008,1,-25.30575027665199,1.0,1.0,1.0229450247544378e-11,4.606682591968386e-11,4.6066825917561706e-11
5153,"(4.0, 7.0, 9.0, 11.0, 12.0, 12.0, 12.0, 14.0)",14471730000.000006,1,-26.39999982289882,1.0,1.0,3.4247253990144416e-12,6.910023887952579e-11,6.910023887475094e-11
5154,"(4.0, 8.0, 8.0, 8.0, 8.0, 8.0, 12.0, 12.0)",428227800.00000006,1,-24.82654195962431,1.0,1.0,1.6518470124095775e-11,2.335205701264607e-09,2.3352056958114214e-09
5155,"(4.0, 8.0, 8.0, 8.0, 8.0, 11.0, 12.0, 12.0)",2141139000.0,1,-25.09119285038462,1.0,1.0,1.2677493621404853e-11,4.670411402529214e-10,4.67041140034794e-10
5156,"(4.0, 8.0, 8.0, 8.0, 11.0, 11.0, 12.0, 13.0)",8564556000.000001,1,-25.23301662134957,1.0,1.0,1.1001201505200757e-11,1.1676028506323035e-10,1.1676028504959738e-10
5157,"(4.0, 8.0, 8.0, 9.0, 11.0, 11.0, 11.0, 11.0)",2141139000.0,1,-25.755132207662463,1.0,1.0,6.526618107349727e-12,4.670411402529214e-10,4.67041140034794e-10
5158,"(4.0, 8.0, 8.0, 9.0, 11.0, 11.0, 12.0, 14.0)",25693668000.000004,1,-25.77809927545781,1.0,1.0,6.378429074501131e-12,3.8920095021076785e-11,3.892009501956201e-11
5159,"(4.0, 8.0, 8.0, 9.0, 11.0, 11.0, 13.0, 14.0)",25693668000.000004,2,-25.65527215566245,2.0,2.0,7.212019147344727e-12,7.784019004215357e-11,7.784019003609447e-11
5160,"(4.0, 8.0, 8.0, 9.0, 12.0, 13.0, 13.0, 13.0)",5788692000.0,1,-25.85892475621032,1.0,1.0,5.8831736912906525e-12,1.7275059719881451e-10,1.7275059716897175e-10
5161,"(4.0, 8.0, 8.0, 11.0, 11.0, 11.0, 13.0, 13.0)",4282278000.000001,1,-25.374840392314525,1.0,1.0,9.546558505356948e-12,2.3352057012646066e-10,2.335205700719288e-10
5162,"(4.0, 8.0, 9.0, 11.0, 12.0, 13.0, 13.0, 14.0)",34732152000.0,1,-26.033232880594365,1.0,1.0,4.942089588240307e-12,2.879176619980242e-11,2.8791766198973456e-11
5163,"(4.0, 8.0, 11.0, 11.0, 13.0, 13.0, 14.0, 14.0)",8683038000.0,1,-25.449288464698554,1.0,1.0,8.861647108474182e-12,1.1516706479920968e-10,1.1516706478594623e-10
5164,"(4.0, 9.0, 9.0, 11.0, 11.0, 11.0, 11.0, 13.0)",2248195950.0,1,-26.6504498760954,1.0,1.0,2.665978720277224e-12,4.448010859551633e-10,4.448010857573153e-10
5165,"(4.0, 9.0, 9.0, 11.0, 11.0, 11.0, 13.0, 14.0)",8564556000.000001,1,-26.555348466907255,1.0,1.0,2.931964420386757e-12,1.1676028506323035e-10,1.1676028504959738e-10
5166,"(6.0, 6.0, 6.0, 6.0, 6.0, 8.0, 11.0, 13.0)",2319285150.0,1,-25.93043067690751,1.0,1.0,5.4771803782131565e-12,4.311673361940855e-10,4.3116733600818023e-10
5167,"(6.0, 6.0, 6.0, 6.0, 7.0, 7.0, 11.0, 14.0)",6030141390.000004,2,-25.741947180167703,2.0,2.0,6.613241557914476e-12,3.3166718168775787e-10,3.3166718157775474e-10
5168,"(6.0, 6.0, 6.0, 6.0, 7.0, 8.0, 8.0, 8.0)",2208843000.0,1,-25.186634105121485,1.0,1.0,1.1523483662438726e-11,4.527257030037898e-10,4.527257027988292e-10
5169,"(6.0, 6.0, 6.0, 6.0, 7.0, 8.0, 8.0, 14.0)",5798212875.0,1,-25.356183586693657,1.0,1.0,9.726338638500766e-12,1.724669344776342e-10,1.7246693444788935e-10
5170,"(6.0, 6.0, 6.0, 6.0, 7.0, 9.0, 9.0, 12.0)",5798212875.0,1,-26.840204313834278,2.0,4.0,2.205196900286789e-12,3.449338689552684e-10,6.898677377915574e-10
5171,"(6.0, 6.0, 6.0, 6.0, 8.0, 8.0, 9.0, 14.0)",5153967000.000002,1,-25.87049630446441,1.0,1.0,5.815488628773111e-12,1.940253012873384e-10,1.9402530124969258e-10
5172,"(6.0, 6.0, 6.0, 6.0, 8.0, 9.0, 11.0, 12.0)",10307934000.000004,2,-26.34831708139634,2.0,2.0,3.606378324407023e-12,1.940253012873384e-10,1.9402530124969258e-10
5173,"(6.0, 6.0, 6.0, 7.0, 7.0, 7.0, 13.0, 13.0)",3092380200.000001,1,-25.608277870654813,1.0,1.0,7.559032798297728e-12,3.23375502145564e-10,3.233755020409923e-10
5174,"(6.0, 6.0, 6.0, 7.0, 7.0, 8.0, 8.0, 8.0)",4417686000.0,1,-24.967380672044204,1.0,1.0,1.4348428785113817e-11,2.263628515018949e-10,2.2636285145065475e-10
5175,"(6.0, 6.0, 6.0, 7.0, 7.0, 8.0, 9.0, 9.0)",13253058000.0,1,-26.2382315130132,1.0,1.0,4.026065526492376e-12,7.545428383396496e-11,7.54542838282716e-11
5176,"(6.0, 6.0, 6.0, 7.0, 7.0, 8.0, 9.0, 12.0)",23192851500.0,1,-25.98552546027249,2.0,4.0,5.183578540339219e-12,8.62334672388171e-11,1.72466934470198e-10
5177,"(6.0, 6.0, 6.0, 7.0, 7.0, 8.0, 9.0, 13.0)",23192851500.0,1,-25.862698340477134,1.0,1.0,5.8610148749855654e-12,4.311673361940855e-11,4.31167336175495e-11
5178,"(6.0, 6.0, 6.0, 7.0, 7.0, 8.0, 9.0, 14.0)",23192851500.0,1,-25.772355574100875,1.0,1.0,6.415170280480806e-12,4.311673361940855e-11,4.31167336175495e-11
5179,"(6.0, 6.0, 6.0, 7.0, 7.0, 8.0, 11.0, 11.0)",13253058000.0,1,-25.496682453564823,1.0,1.0,8.451455392725726e-12,7.545428383396496e-11,7.54542838282716e-11
5180,"(6.0, 6.0, 6.0, 7.0, 7.0, 8.0, 11.0, 13.0)",23192851500.0,2,-25.491923810752944,2.0,2.0,8.491768692403648e-12,8.62334672388171e-11,8.623346723138089e-11
5181,"(6.0, 6.0, 6.0, 7.0, 7.0, 9.0, 9.0, 11.0)",13253058000.0,1,-26.502882403773512,1.0,1.0,3.089899951267966e-12,7.545428383396496e-11,7.54542838282716e-11
5182,"(6.0, 6.0, 6.0, 7.0, 7.0, 9.0, 11.0, 12.0)",23192851500.0,1,-26.250176351032803,1.0,1.0,3.97826090355317e-12,4.311673361940855e-11,4.31167336175495e-11
5183,"(6.0, 6.0, 6.0, 7.0, 8.0, 8.0, 8.0, 11.0)",7526428000.000003,2,-25.11091886009077,2.0,2.0,1.2429867625122296e-11,2.6573030393700693e-10,2.6573030386639435e-10
5184,"(6.0, 6.0, 6.0, 7.0, 8.0, 11.0, 11.0, 14.0)",20615868000.000008,1,-25.54511923242325,1.0,1.0,8.051850038756332e-12,4.85063253218346e-11,4.8506325319481736e-11
5185,"(6.0, 6.0, 6.0, 7.0, 8.0, 11.0, 13.0, 14.0)",34359780000.00001,1,-25.54036058961137,1.0,1.0,8.090257227635711e-12,2.9103795193100763e-11,2.9103795192253733e-11
5186,"(6.0, 6.0, 6.0, 7.0, 8.0, 11.0, 14.0, 14.0)",17179890000.000004,1,-25.45001782323511,1.0,1.0,8.855186146972793e-12,5.8207590386201526e-11,5.82075903828134e-11
5187,"(6.0, 6.0, 6.0, 7.0, 9.0, 11.0, 14.0, 14.0)",17179890000.000004,1,-26.08544324371961,2.0,4.0,4.6906814584342845e-12,1.1641518077240305e-10,2.328303615312536e-10
5188,"(6.0, 6.0, 6.0, 7.0, 11.0, 11.0, 11.0, 11.0)",1881607000.0000007,1,-25.904871532371697,1.0,1.0,5.618976801595021e-12,5.314606078740139e-10,5.314606075915635e-10
5189,"(6.0, 6.0, 6.0, 7.0, 11.0, 14.0, 14.0, 14.0)",4352238800.000002,1,-25.619567304807283,1.0,1.0,7.474175492013561e-12,2.2976680415605862e-10,2.2976680410326584e-10
5190,"(6.0, 6.0, 6.0, 8.0, 8.0, 8.0, 9.0, 13.0)",5644821000.000003,1,-25.620472935049648,1.0,1.0,7.467409716759017e-12,1.771535359580046e-10,1.7715353592662122e-10
5191,"(6.0, 6.0, 6.0, 8.0, 8.0, 9.0, 11.0, 13.0)",16934463000.000008,1,-25.88512382580996,2.0,4.0,5.731041575971061e-12,1.181023573053364e-10,2.362047145967246e-10
5192,"(6.0, 6.0, 6.0, 8.0, 8.0, 9.0, 13.0, 13.0)",7362810000.000003,1,-25.880365182998084,1.0,1.0,5.7583785476265506e-12,1.3581771090113688e-10,1.3581771088269044e-10
5193,"(6.0, 6.0, 7.0, 7.0, 7.0, 7.0, 11.0, 11.0)",3589369875.0000014,1,-25.398541723201284,1.0,1.0,9.322952708388623e-12,2.7860043261771665e-10,2.7860043254009847e-10
5194,"(6.0, 6.0, 7.0, 7.0, 7.0, 8.0, 8.0, 9.0)",13253058000.0,2,-25.38355265945142,2.0,2.0,9.463747596602893e-12,1.5090856766792992e-10,1.5090856764515653e-10
5195,"(6.0, 6.0, 7.0, 7.0, 7.0, 8.0, 11.0, 11.0)",13253058000.0,2,-25.27742902048754,2.0,2.0,1.0523302621442533e-11,1.5090856766792992e-10,1.5090856764515653e-10
5196,"(6.0, 6.0, 7.0, 7.0, 7.0, 8.0, 11.0, 13.0)",23192851500.0,1,-25.272670377675663,1.0,1.0,1.0573498597456853e-11,4.311673361940855e-11,4.31167336175495e-11
5197,"(6.0, 6.0, 7.0, 7.0, 7.0, 8.0, 12.0, 12.0)",9277140600.000002,1,-25.5135659744545,1.0,1.0,8.309962876044521e-12,1.0779183404852135e-10,1.0779183403690227e-10
5198,"(6.0, 6.0, 7.0, 7.0, 7.0, 8.0, 13.0, 13.0)",9277140600.000002,1,-25.267911734863787,1.0,1.0,1.0623934007430138e-11,1.0779183404852135e-10,1.0779183403690227e-10
5199,"(6.0, 6.0, 7.0, 7.0, 7.0, 9.0, 11.0, 12.0)",23192851500.0,1,-26.03092291795552,1.0,1.0,4.953518826020961e-12,4.311673361940855e-11,4.31167336175495e-11
5200,"(6.0, 6.0, 7.0, 7.0, 7.0, 9.0, 12.0, 13.0)",18554281200.000004,1,-26.02616427514365,2.0,4.0,4.9771470272731605e-12,1.0779183404852135e-10,2.1558366808542363e-10
5201,"(6.0, 6.0, 7.0, 7.0, 8.0, 8.0, 9.0, 9.0)",16934463000.000006,1,-25.89786537722217,1.0,1.0,5.658482454617328e-12,5.905117865266821e-11,5.905117864918117e-11
5202,"(6.0, 6.0, 7.0, 7.0, 8.0, 8.0, 11.0, 11.0)",16934463000.000006,1,-25.1563163177738,1.0,1.0,1.1878200128894437e-11,5.905117865266821e-11,5.905117864918117e-11
5203,"(6.0, 6.0, 7.0, 7.0, 8.0, 8.0, 11.0, 12.0)",30923802000.00001,2,-25.27438479475728,2.0,2.0,1.0555386740923247e-11,6.46751004291128e-11,6.467510042492992e-11
5204,"(6.0, 6.0, 7.0, 7.0, 8.0, 8.0, 11.0, 14.0)",30923802000.00001,1,-25.061214908585654,1.0,1.0,1.3063292625430418e-11,3.23375502145564e-11,3.233755021351068e-11
5205,"(6.0, 6.0, 7.0, 7.0, 8.0, 9.0, 9.0, 11.0)",33868926000.00001,1,-26.16251626798249,2.0,4.0,4.342737232099968e-12,5.905117865266821e-11,1.181023573018494e-10
5206,"(6.0, 6.0, 7.0, 7.0, 8.0, 9.0, 9.0, 12.0)",30923802000.00001,1,-26.280584744965967,1.0,1.0,3.859109166507062e-12,3.23375502145564e-11,3.233755021351068e-11
5207,"(6.0, 6.0, 7.0, 7.0, 8.0, 9.0, 11.0, 11.0)",33868926000.00001,1,-25.791741738258292,1.0,1.0,6.292002469448308e-12,2.9525589326334106e-11,2.952558932546235e-11
5208,"(6.0, 6.0, 7.0, 7.0, 8.0, 9.0, 11.0, 13.0)",61847604000.00002,1,-25.78698309544642,1.0,1.0,6.322015215104285e-12,1.61687751072782e-11,1.616877510701677e-11
5209,"(6.0, 6.0, 7.0, 7.0, 8.0, 9.0, 12.0, 14.0)",51539670000.000015,1,-25.81470880605364,1.0,1.0,6.14914046261836e-12,1.9402530128733843e-11,1.9402530128357385e-11
5210,"(6.0, 6.0, 7.0, 7.0, 8.0, 9.0, 13.0, 14.0)",51539670000.000015,2,-25.69188168625828,2.0,2.0,6.9527650520413356e-12,3.8805060257467686e-11,3.8805060255961855e-11
5211,"(6.0, 6.0, 7.0, 7.0, 8.0, 11.0, 11.0, 12.0)",30923802000.00001,1,-25.539035685517582,1.0,1.0,8.100983146394249e-12,3.23375502145564e-11,3.233755021351068e-11
5212,"(6.0, 6.0, 7.0, 7.0, 8.0, 11.0, 11.0, 14.0)",30923802000.00001,1,-25.32586579934597,1.0,1.0,1.0025735294448373e-11,3.23375502145564e-11,3.233755021351068e-11
5213,"(6.0, 6.0, 7.0, 7.0, 8.0, 11.0, 12.0, 14.0)",51539670000.000015,1,-25.44393427632945,1.0,1.0,8.909221283248094e-12,1.9402530128733843e-11,1.9402530128357385e-11
5214,"(6.0, 6.0, 7.0, 7.0, 8.0, 12.0, 14.0, 14.0)",19585074600.000008,1,-25.34883286714131,2.0,4.0,9.798097643149759e-12,1.0211857962491495e-10,2.042371592394017e-10
5215,"(6.0, 6.0, 7.0, 7.0, 9.0, 11.0, 11.0, 13.0)",30923802000.00001,2,-26.051633986206728,2.0,2.0,4.851981264717534e-12,6.46751004291128e-11,6.467510042492992e-11
5216,"(6.0, 6.0, 7.0, 7.0, 9.0, 12.0, 13.0, 14.0)",39170149200.000015,1,-26.074601054002077,1.0,1.0,4.741815417843727e-12,2.5529644906228738e-11,2.5529644905576974e-11
5217,"(6.0, 6.0, 7.0, 7.0, 11.0, 11.0, 13.0, 13.0)",12884917500.000004,1,-25.676100813670665,1.0,1.0,7.063356067737984e-12,7.761012051493537e-11,7.761012050891204e-11
5218,"(6.0, 6.0, 7.0, 8.0, 8.0, 8.0, 9.0, 12.0)",16934463000.000008,1,-25.524046621767724,1.0,1.0,8.223323895317679e-12,5.90511786526682e-11,5.905117864918116e-11
5219,"(6.0, 6.0, 7.0, 8.0, 8.0, 8.0, 9.0, 13.0)",16934463000.000008,1,-25.401219501972367,1.0,1.0,9.298021298839449e-12,5.90511786526682e-11,5.905117864918116e-11
5220,"(6.0, 6.0, 7.0, 8.0, 8.0, 8.0, 11.0, 14.0)",16934463000.000008,1,-24.94010220587192,1.0,1.0,1.4745219227184244e-11,5.90511786526682e-11,5.905117864918116e-11
5221,"(6.0, 6.0, 7.0, 8.0, 8.0, 9.0, 9.0, 14.0)",25401694500.00001,1,-25.94630215608061,1.0,1.0,5.390935650057056e-12,3.9367452435112135e-11,3.936745243356234e-11
5222,"(6.0, 6.0, 7.0, 8.0, 8.0, 9.0, 12.0, 14.0)",44176860000.000015,1,-25.693596103339896,1.0,1.0,6.94085532490859e-12,2.263628515018948e-11,2.2636285149677078e-11
5223,"(6.0, 6.0, 7.0, 8.0, 8.0, 11.0, 12.0, 13.0)",44176860000.000015,1,-25.41316433999197,1.0,1.0,9.187618624231474e-12,2.263628515018948e-11,2.2636285149677078e-11
5224,"(6.0, 6.0, 7.0, 8.0, 8.0, 11.0, 14.0, 14.0)",22088430000.000008,1,-25.109651687444085,1.0,1.0,1.2445628397079364e-11,4.527257030037896e-11,4.5272570298329357e-11
5225,"(6.0, 6.0, 7.0, 8.0, 9.0, 9.0, 9.0, 12.0)",16934463000.000008,1,-26.79489746273672,1.0,1.0,2.3074053155191433e-12,5.90511786526682e-11,5.905117864918116e-11
5226,"(6.0, 6.0, 7.0, 8.0, 11.0, 11.0, 11.0, 12.0)",16934463000.000008,1,-25.682573873564152,1.0,1.0,7.017782201176958e-12,5.90511786526682e-11,5.905117864918116e-11
5227,"(6.0, 6.0, 7.0, 8.0, 11.0, 11.0, 12.0, 14.0)",44176860000.000015,1,-25.587472464376013,1.0,1.0,7.717948972126287e-12,2.263628515018948e-11,2.2636285149677078e-11
5228,"(6.0, 6.0, 7.0, 8.0, 11.0, 13.0, 14.0, 14.0)",34973347500.000015,1,-25.36954393539252,2.0,4.0,9.5972555801556e-12,5.7186404589952364e-11,1.1437280917663444e-10
5229,"(6.0, 6.0, 7.0, 8.0, 12.0, 13.0, 14.0, 14.0)",25180810200.00001,1,-25.487612412376,1.0,1.0,8.528459126867326e-12,3.9712780965244695e-11,3.971278096366759e-11
5230,"(6.0, 6.0, 7.0, 9.0, 9.0, 12.0, 12.0, 13.0)",17486673750.000008,1,-26.802083657944447,2.0,4.0,2.2908832868617226e-12,1.1437280917990473e-10,2.2874561834672832e-10
5231,"(6.0, 6.0, 7.0, 11.0, 11.0, 12.0, 12.0, 13.0)",17486673750.000008,1,-26.06053459849607,1.0,1.0,4.808987280870429e-12,5.7186404589952364e-11,5.718640458668208e-11
5232,"(6.0, 6.0, 7.0, 11.0, 11.0, 13.0, 13.0, 14.0)",17486673750.000008,1,-25.72453759252909,1.0,1.0,6.729383423915061e-12,5.7186404589952364e-11,5.718640458668208e-11
5233,"(6.0, 6.0, 7.0, 11.0, 12.0, 12.0, 13.0, 14.0)",25180810200.00001,1,-25.96543318930793,1.0,1.0,5.288781751468098e-12,3.9712780965244695e-11,3.971278096366759e-11
5234,"(6.0, 6.0, 7.0, 13.0, 13.0, 13.0, 13.0, 14.0)",1372031325.0000002,1,-25.71502030690534,1.0,1.0,6.793734626683902e-12,7.28846333009197e-10,7.288463324779801e-10
5235,"(6.0, 6.0, 8.0, 8.0, 8.0, 9.0, 11.0, 14.0)",12846834000.000008,1,-25.45441492364267,1.0,1.0,8.816334484285924e-12,7.784019004215353e-11,7.784019003609443e-11
5236,"(6.0, 6.0, 8.0, 8.0, 8.0, 9.0, 12.0, 12.0)",5839470000.000003,1,-25.78565328679777,1.0,1.0,6.330427877990411e-12,1.7124841809273779e-10,1.7124841806341178e-10
5237,"(6.0, 6.0, 8.0, 8.0, 8.0, 11.0, 12.0, 12.0)",5839470000.000003,1,-25.41487875707358,1.0,1.0,9.17188070845335e-12,1.7124841809273779e-10,1.7124841806341178e-10
5238,"(6.0, 6.0, 8.0, 8.0, 8.0, 11.0, 12.0, 14.0)",11678940000.000006,1,-25.20170887090196,1.0,1.0,1.1351072638157593e-11,8.562420904636889e-11,8.562420903903738e-11
5239,"(6.0, 6.0, 8.0, 8.0, 9.0, 9.0, 11.0, 12.0)",19270251000.00001,1,-26.30301023029879,1.0,1.0,3.77352993486773e-12,5.189346002810235e-11,5.189346002540942e-11
5240,"(6.0, 6.0, 8.0, 8.0, 9.0, 12.0, 14.0, 14.0)",14471730000.000006,1,-25.742032882198323,1.0,1.0,6.6126748139698784e-12,6.910023887952579e-11,6.910023887475094e-11
5241,"(6.0, 6.0, 8.0, 9.0, 9.0, 11.0, 11.0, 14.0)",19270251000.00001,1,-26.35449123488748,1.0,1.0,3.584180587716832e-12,5.189346002810235e-11,5.189346002540942e-11
5242,"(6.0, 6.0, 8.0, 9.0, 9.0, 11.0, 13.0, 14.0)",35036820000.000015,1,-26.349732592075604,1.0,1.0,3.6012770686681102e-12,2.8541403015456298e-11,2.8541403014641686e-11
5243,"(6.0, 6.0, 8.0, 9.0, 9.0, 12.0, 14.0, 14.0)",14471730000.000006,1,-26.37745830268282,1.0,1.0,3.5028005764901504e-12,6.910023887952579e-11,6.910023887475094e-11
5244,"(6.0, 6.0, 8.0, 9.0, 11.0, 11.0, 11.0, 13.0)",12846834000.000008,1,-26.07405947153955,2.0,4.0,4.744384197454783e-12,1.5568038008430706e-10,3.1136076014437773e-10
5245,"(6.0, 6.0, 8.0, 9.0, 11.0, 12.0, 13.0, 13.0)",28943460000.00001,1,-26.18736930571116,1.0,1.0,4.236137174398779e-12,3.455011943976289e-11,3.455011943856918e-11
5246,"(6.0, 6.0, 8.0, 9.0, 11.0, 13.0, 13.0, 14.0)",28943460000.00001,1,-25.974199419539534,1.0,1.0,5.242621693442091e-12,3.455011943976289e-11,3.455011943856918e-11
5247,"(6.0, 6.0, 8.0, 11.0, 11.0, 11.0, 14.0, 14.0)",5839470000.000003,1,-25.51784076625096,1.0,1.0,8.274515334323635e-12,1.7124841809273779e-10,1.7124841806341178e-10
5248,"(6.0, 6.0, 8.0, 11.0, 11.0, 13.0, 14.0, 14.0)",14471730000.000006,1,-25.513082123439084,1.0,1.0,8.313984632907283e-12,6.910023887952579e-11,6.910023887475094e-11
5249,"(6.0, 6.0, 9.0, 11.0, 11.0, 11.0, 12.0, 14.0)",11678940000.000006,1,-26.36643607290708,1.0,1.0,3.541622810051673e-12,8.562420904636889e-11,8.562420903903738e-11
5250,"(6.0, 6.0, 9.0, 11.0, 13.0, 13.0, 14.0, 14.0)",10853797500.000004,1,-26.143748901111707,1.0,1.0,4.425008568387794e-12,9.213365183936771e-11,9.213365183087911e-11
5251,"(6.0, 7.0, 7.0, 7.0, 7.0, 7.0, 8.0, 9.0)",2871495900.000001,1,-25.28541192908788,1.0,1.0,1.0439630476331487e-11,3.4825054077214584e-10,3.482505406508674e-10
5252,"(6.0, 7.0, 7.0, 7.0, 7.0, 8.0, 9.0, 13.0)",11596425750.0,2,-25.424191474322573,2.0,2.0,9.0868620684994e-12,1.724669344776342e-10,1.7246693444788935e-10
5253,"(6.0, 7.0, 7.0, 7.0, 8.0, 8.0, 9.0, 14.0)",20615868000.000008,1,-25.212736005232564,1.0,1.0,1.1226590437746168e-11,4.85063253218346e-11,4.8506325319481736e-11
5254,"(6.0, 7.0, 7.0, 7.0, 8.0, 9.0, 11.0, 11.0)",22579284000.000008,1,-25.57248830518101,1.0,1.0,7.834466728400185e-12,4.428838398950116e-11,4.42883839875397e-11
5255,"(6.0, 7.0, 7.0, 7.0, 8.0, 9.0, 12.0, 12.0)",17179890000.000004,1,-25.808625259147977,1.0,1.0,6.1866630665883894e-12,5.8207590386201526e-11,5.82075903828134e-11
5256,"(6.0, 7.0, 7.0, 7.0, 8.0, 9.0, 13.0, 13.0)",17179890000.000004,2,-25.56297101955726,2.0,2.0,7.909385532288447e-12,1.1641518077240305e-10,1.1641518075885056e-10
5257,"(6.0, 7.0, 7.0, 7.0, 8.0, 11.0, 11.0, 13.0)",20615868000.000008,1,-25.19695513264495,1.0,1.0,1.1405161125814523e-11,4.85063253218346e-11,4.8506325319481736e-11
5258,"(6.0, 7.0, 7.0, 7.0, 8.0, 11.0, 12.0, 13.0)",34359780000.00001,1,-25.31502360962843,1.0,1.0,1.0135027632062702e-11,2.9103795193100763e-11,2.9103795192253733e-11
5259,"(6.0, 7.0, 7.0, 7.0, 8.0, 11.0, 12.0, 14.0)",34359780000.00001,1,-25.22468084325217,1.0,1.0,1.1093288354300676e-11,2.9103795193100763e-11,2.9103795192253733e-11
5260,"(6.0, 7.0, 7.0, 7.0, 8.0, 11.0, 14.0, 14.0)",17179890000.000004,1,-25.011510957080542,1.0,1.0,1.3728996910049162e-11,5.8207590386201526e-11,5.82075903828134e-11
5261,"(6.0, 7.0, 7.0, 7.0, 8.0, 12.0, 12.0, 13.0)",13056716400.000006,1,-25.43309208661191,1.0,1.0,9.0063423014849e-12,7.65889347186862e-11,7.658893471282034e-11
5262,"(6.0, 7.0, 7.0, 7.0, 9.0, 9.0, 11.0, 11.0)",11289642000.000004,1,-26.207913725665517,1.0,1.0,4.1499960824866114e-12,8.857676797900232e-11,8.857676797115647e-11
5263,"(6.0, 7.0, 7.0, 7.0, 9.0, 11.0, 11.0, 14.0)",20615868000.000008,2,-25.742037786753183,2.0,2.0,6.612642381823014e-12,9.70126506436692e-11,9.701265063425774e-11
5264,"(6.0, 7.0, 7.0, 7.0, 11.0, 11.0, 12.0, 13.0)",17179890000.000004,1,-25.579674500388737,1.0,1.0,7.778368528863398e-12,5.8207590386201526e-11,5.82075903828134e-11
5265,"(6.0, 7.0, 7.0, 7.0, 11.0, 12.0, 12.0, 14.0)",13056716400.000006,1,-25.607400210995955,1.0,1.0,7.56566996860705e-12,7.65889347186862e-11,7.658893471282034e-11
5266,"(6.0, 7.0, 7.0, 8.0, 8.0, 8.0, 9.0, 11.0)",17740866000.00001,1,-25.18672471170696,2.0,4.0,1.152243960623117e-11,1.12734068336912e-10,2.2546813666111504e-10
5267,"(6.0, 7.0, 7.0, 8.0, 8.0, 8.0, 9.0, 14.0)",16934463000.000008,1,-25.091623302518823,1.0,1.0,1.2672037741550974e-11,5.90511786526682e-11,5.905117864918116e-11
5268,"(6.0, 7.0, 7.0, 8.0, 8.0, 8.0, 11.0, 12.0)",16934463000.000008,1,-24.93401865896625,1.0,1.0,1.483519587105456e-11,5.90511786526682e-11,5.905117864918116e-11
5269,"(6.0, 7.0, 7.0, 8.0, 8.0, 8.0, 11.0, 13.0)",16934463000.000008,1,-24.811191539170892,1.0,1.0,1.677399175047228e-11,5.90511786526682e-11,5.905117864918116e-11
5270,"(6.0, 7.0, 7.0, 8.0, 8.0, 8.0, 11.0, 14.0)",16934463000.000008,1,-24.720848772794632,1.0,1.0,1.835996250784554e-11,5.90511786526682e-11,5.905117864918116e-11
5271,"(6.0, 7.0, 7.0, 8.0, 8.0, 9.0, 11.0, 13.0)",50803389000.00002,3,-25.446616959655397,3.0,3.0,8.885352694112164e-12,5.90511786526682e-11,5.905117864918116e-11
5272,"(6.0, 7.0, 7.0, 8.0, 8.0, 9.0, 13.0, 13.0)",22088430000.000008,1,-25.44185831684352,1.0,1.0,8.927735676599426e-12,4.527257030037896e-11,4.5272570298329357e-11
5273,"(6.0, 7.0, 7.0, 8.0, 8.0, 11.0, 11.0, 11.0)",8870433000.000006,1,-25.08060107274308,1.0,1.0,1.2812484449309606e-11,1.12734068336912e-10,1.1273406832420303e-10
5274,"(6.0, 7.0, 7.0, 8.0, 8.0, 11.0, 11.0, 12.0)",25401694500.00001,1,-25.19866954972656,2.0,4.0,1.1385624674360105e-11,7.873490487022427e-11,1.5746980973424936e-10
5275,"(6.0, 7.0, 7.0, 8.0, 8.0, 11.0, 12.0, 13.0)",44176860000.000015,1,-25.193910906914688,1.0,1.0,1.1439933912022557e-11,2.263628515018948e-11,2.2636285149677078e-11
5276,"(6.0, 7.0, 7.0, 8.0, 8.0, 11.0, 13.0, 13.0)",22088430000.000008,1,-25.071083787119328,1.0,1.0,1.2935006637871538e-11,4.527257030037896e-11,4.5272570298329357e-11
5277,"(6.0, 7.0, 7.0, 8.0, 8.0, 11.0, 13.0, 14.0)",44176860000.000015,1,-24.980741020743068,3.0,9.0,1.415800367872293e-11,6.790885545056844e-11,2.0372656634709372e-10
5278,"(6.0, 7.0, 7.0, 8.0, 9.0, 9.0, 9.0, 14.0)",16934463000.000008,1,-26.36247414348782,1.0,1.0,3.5556823026225157e-12,5.90511786526682e-11,5.905117864918116e-11
5279,"(6.0, 7.0, 7.0, 8.0, 9.0, 9.0, 11.0, 13.0)",50803389000.00002,1,-26.08204238013989,1.0,1.0,4.70666098286024e-12,1.9683726217556068e-11,1.9683726217168617e-11
5280,"(6.0, 7.0, 7.0, 8.0, 11.0, 11.0, 13.0, 13.0)",22088430000.000008,1,-25.33573467787964,1.0,1.0,9.927279155545997e-12,4.527257030037896e-11,4.5272570298329357e-11
5281,"(6.0, 7.0, 7.0, 8.0, 11.0, 12.0, 12.0, 14.0)",34973347500.000015,1,-25.486287508282214,1.0,1.0,8.539766005889362e-12,2.8593202294976182e-11,2.859320229415861e-11
5282,"(6.0, 7.0, 7.0, 8.0, 11.0, 13.0, 13.0, 14.0)",34973347500.000015,1,-25.2406332686915,1.0,1.0,1.0917727532454234e-11,2.8593202294976182e-11,2.859320229415861e-11
5283,"(6.0, 7.0, 7.0, 8.0, 12.0, 12.0, 13.0, 14.0)",25180810200.00001,1,-25.481528865470334,1.0,1.0,8.580500545702596e-12,3.9712780965244695e-11,3.971278096366759e-11
5284,"(6.0, 7.0, 7.0, 9.0, 9.0, 11.0, 13.0, 13.0)",22088430000.000008,1,-26.341934628088328,1.0,1.0,3.629469476387088e-12,4.527257030037896e-11,4.5272570298329357e-11
5285,"(6.0, 7.0, 7.0, 9.0, 9.0, 11.0, 13.0, 14.0)",44176860000.000015,1,-26.251591861712065,1.0,1.0,3.972633616441402e-12,2.263628515018948e-11,2.2636285149677078e-11
5286,"(6.0, 7.0, 7.0, 9.0, 11.0, 11.0, 12.0, 13.0)",44176860000.000015,1,-26.09398721815949,1.0,1.0,4.650775118085372e-12,2.263628515018948e-11,2.2636285149677078e-11
5287,"(6.0, 7.0, 7.0, 9.0, 11.0, 11.0, 13.0, 14.0)",44176860000.000015,1,-25.880817331987878,1.0,1.0,5.755775491112424e-12,2.263628515018948e-11,2.2636285149677078e-11
5288,"(6.0, 7.0, 7.0, 11.0, 11.0, 11.0, 11.0, 14.0)",4233615750.000002,1,-25.51480144507556,1.0,1.0,8.299702500550436e-12,2.362047146106728e-10,2.3620471455488014e-10
5289,"(6.0, 7.0, 7.0, 11.0, 11.0, 11.0, 13.0, 14.0)",14725620000.000006,1,-25.510042802263683,1.0,1.0,8.339291941492173e-12,6.790885545056844e-11,6.790885544595683e-11
5290,"(6.0, 7.0, 7.0, 11.0, 11.0, 12.0, 14.0, 14.0)",17486673750.000008,1,-25.537768512870905,1.0,1.0,8.111254997378374e-12,5.7186404589952364e-11,5.718640458668208e-11
5291,"(6.0, 7.0, 7.0, 11.0, 11.0, 13.0, 14.0, 14.0)",17486673750.000008,1,-25.414941393075544,1.0,1.0,9.171306236506785e-12,5.7186404589952364e-11,5.718640458668208e-11
5292,"(6.0, 7.0, 7.0, 12.0, 12.0, 12.0, 13.0, 14.0)",5488125300.000001,1,-25.864248233214127,1.0,1.0,5.851937966533683e-12,1.8221158325229926e-10,1.822115832190982e-10
5293,"(6.0, 7.0, 8.0, 8.0, 8.0, 8.0, 8.0, 9.0)",1284683400.0000005,1,-24.80096111823291,1.0,1.0,1.6946477543642132e-11,7.784019004215355e-10,7.78401899815626e-10
5294,"(6.0, 7.0, 8.0, 8.0, 8.0, 8.0, 8.0, 11.0)",1284683400.0000005,1,-24.43018658850872,1.0,1.0,2.4553011811282193e-11,7.784019004215355e-10,7.78401899815626e-10
5295,"(6.0, 7.0, 8.0, 8.0, 8.0, 8.0, 11.0, 12.0)",6423417000.000004,1,-24.812905956252507,1.0,1.0,1.6745258769682658e-11,1.5568038008430706e-10,1.5568038006007067e-10
5296,"(6.0, 7.0, 8.0, 8.0, 8.0, 8.0, 11.0, 14.0)",6423417000.000004,1,-24.59973607008089,1.0,1.0,2.072384657862228e-11,1.5568038008430706e-10,1.5568038006007067e-10
5297,"(6.0, 7.0, 8.0, 8.0, 8.0, 8.0, 13.0, 14.0)",5839470000.000003,1,-24.59497742726901,1.0,1.0,2.082269897726623e-11,1.7124841809273779e-10,1.7124841806341178e-10
5298,"(6.0, 7.0, 8.0, 8.0, 8.0, 9.0, 11.0, 14.0)",25693668000.00001,1,-25.23516149056539,1.0,1.0,1.0977630653988215e-11,3.892009502107677e-11,3.8920095019562e-11
5299,"(6.0, 7.0, 8.0, 8.0, 8.0, 11.0, 11.0, 12.0)",12846834000.000008,1,-25.07755684701282,1.0,1.0,1.2851547973063005e-11,7.784019004215353e-11,7.784019003609443e-11
5300,"(6.0, 7.0, 8.0, 8.0, 8.0, 11.0, 12.0, 12.0)",11678940000.000006,1,-25.1956253239963,2.0,4.0,1.1420337896582837e-11,1.7124841809273779e-10,3.4249683615614954e-10
5301,"(6.0, 7.0, 8.0, 8.0, 9.0, 9.0, 11.0, 13.0)",38540502000.00002,1,-25.96092967742615,1.0,1.0,5.312653556057218e-12,2.5946730014051176e-11,2.5946730013377944e-11
5302,"(6.0, 7.0, 8.0, 8.0, 9.0, 9.0, 12.0, 13.0)",35036820000.000015,1,-26.078998154409632,1.0,1.0,4.721010952519157e-12,2.8541403015456298e-11,2.8541403014641686e-11
5303,"(6.0, 7.0, 8.0, 8.0, 9.0, 9.0, 12.0, 14.0)",35036820000.000015,1,-25.98865538803337,1.0,1.0,5.167379677824137e-12,2.8541403015456298e-11,2.8541403014641686e-11
5304,"(6.0, 7.0, 8.0, 8.0, 9.0, 12.0, 14.0, 14.0)",28943460000.00001,1,-25.52277944912104,2.0,4.0,8.233750871416867e-12,6.910023887952579e-11,1.3820047775427672e-10
5305,"(6.0, 7.0, 8.0, 8.0, 11.0, 11.0, 13.0, 13.0)",17518410000.000008,1,-25.21462197516589,1.0,1.0,1.1205437379013108e-11,5.7082806030912595e-11,5.708280602765415e-11
5306,"(6.0, 7.0, 8.0, 8.0, 11.0, 12.0, 14.0, 14.0)",28943460000.00001,1,-25.15200491939685,1.0,1.0,1.192952233739574e-11,3.455011943976289e-11,3.455011943856918e-11
5307,"(6.0, 7.0, 8.0, 9.0, 9.0, 9.0, 11.0, 12.0)",25693668000.00001,1,-26.71918221770601,2.0,4.0,2.4888951526778717e-12,7.784019004215354e-11,1.55680380078248e-10
5308,"(6.0, 7.0, 8.0, 9.0, 9.0, 9.0, 13.0, 14.0)",23357880000.00001,1,-26.50125368872251,1.0,1.0,3.094936618359032e-12,4.2812104523184446e-11,4.281210452135157e-11
5309,"(6.0, 7.0, 8.0, 9.0, 9.0, 11.0, 11.0, 12.0)",38540502000.00002,2,-26.348407687981812,2.0,2.0,3.6060515775840533e-12,5.189346002810235e-11,5.189346002540942e-11
5310,"(6.0, 7.0, 8.0, 9.0, 11.0, 11.0, 11.0, 13.0)",25693668000.00001,1,-25.854806038462268,1.0,1.0,5.9074547923637745e-12,3.892009502107677e-11,3.8920095019562e-11
5311,"(6.0, 7.0, 8.0, 9.0, 11.0, 11.0, 11.0, 14.0)",25693668000.00001,1,-25.764463272086005,1.0,1.0,6.4660010639112165e-12,3.892009502107677e-11,3.8920095019562e-11
5312,"(6.0, 7.0, 8.0, 9.0, 11.0, 11.0, 13.0, 13.0)",35036820000.000015,3,-25.850047395650392,3.0,3.0,5.935633252086006e-12,8.562420904636889e-11,8.562420903903738e-11
5313,"(6.0, 7.0, 8.0, 9.0, 11.0, 12.0, 14.0, 14.0)",57886920000.00002,2,-25.78743033988135,3.0,5.0,6.319188361176249e-12,5.182517915964433e-11,8.637529859672136e-11
5314,"(6.0, 7.0, 8.0, 9.0, 11.0, 13.0, 13.0, 13.0)",19295640000.000008,1,-25.84528875283852,1.0,1.0,5.963946122585823e-12,5.182517915964433e-11,5.1825179156958483e-11
5315,"(6.0, 7.0, 8.0, 9.0, 11.0, 14.0, 14.0, 14.0)",19295640000.000008,1,-25.57426045370973,1.0,1.0,7.820595184562465e-12,5.182517915964433e-11,5.1825179156958483e-11
5316,"(6.0, 7.0, 8.0, 9.0, 13.0, 14.0, 14.0, 14.0)",14471730000.000006,1,-25.56950181089785,1.0,1.0,7.85789929168777e-12,6.910023887952579e-11,6.910023887475094e-11
5317,"(6.0, 7.0, 8.0, 11.0, 11.0, 11.0, 12.0, 13.0)",23357880000.00001,1,-25.60209998572156,1.0,1.0,7.60587618065906e-12,4.2812104523184446e-11,4.281210452135157e-11
5318,"(6.0, 7.0, 9.0, 9.0, 11.0, 11.0, 13.0, 14.0)",35036820000.000015,1,-26.39513004975863,1.0,1.0,3.4414437089242453e-12,2.8541403015456298e-11,2.8541403014641686e-11
5319,"(6.0, 7.0, 11.0, 11.0, 11.0, 12.0, 13.0, 14.0)",19295640000.000008,1,-25.77164946729373,1.0,1.0,6.419701675521007e-12,5.182517915964433e-11,5.1825179156958483e-11
5320,"(6.0, 8.0, 8.0, 8.0, 8.0, 8.0, 11.0, 11.0)",428227800.0,1,-24.573724776555284,1.0,1.0,2.1269972565144675e-11,2.3352057012646075e-09,2.3352056958114218e-09
5321,"(6.0, 8.0, 8.0, 8.0, 8.0, 9.0, 11.0, 13.0)",4496391900.0,1,-25.204391554227907,1.0,1.0,1.1320662114000816e-11,2.2240054297758166e-10,2.2240054292811965e-10
5322,"(6.0, 8.0, 8.0, 8.0, 9.0, 11.0, 11.0, 12.0)",8992783800.0,1,-25.59186956478357,1.0,1.0,7.684086877629065e-12,1.1120027148879083e-10,1.1120027147642533e-10
5323,"(6.0, 8.0, 8.0, 8.0, 9.0, 11.0, 11.0, 13.0)",8992783800.0,1,-25.46904244498822,1.0,1.0,8.688311972122215e-12,1.1120027148879083e-10,1.1120027147642533e-10
5324,"(6.0, 8.0, 8.0, 8.0, 11.0, 12.0, 13.0, 14.0)",14793324000.0,1,-25.12123498305937,1.0,1.0,1.2302298721811864e-11,6.759805977344916e-11,6.759805976887966e-11
5325,"(6.0, 8.0, 8.0, 8.0, 11.0, 13.0, 13.0, 13.0)",2465554000.0,1,-25.088750629640277,1.0,1.0,1.2708492697198612e-11,4.0558835864069495e-10,4.0558835847619303e-10
5326,"(6.0, 8.0, 8.0, 9.0, 9.0, 11.0, 12.0, 14.0)",25693668000.000004,1,-26.13219357607993,1.0,1.0,4.4764375476943104e-12,3.8920095021076785e-11,3.892009501956201e-11
5327,"(6.0, 8.0, 8.0, 9.0, 11.0, 11.0, 12.0, 13.0)",25693668000.000004,1,-25.851761812732008,1.0,1.0,5.925465819149143e-12,3.8920095021076785e-11,3.892009501956201e-11
5328,"(6.0, 8.0, 8.0, 9.0, 11.0, 13.0, 13.0, 14.0)",22189986000.0,1,-25.633833283748512,1.0,1.0,7.368306023171782e-12,4.506537318229944e-11,4.506537318026855e-11
5329,"(6.0, 8.0, 8.0, 9.0, 13.0, 13.0, 14.0, 14.0)",8683038000.0,1,-25.538731874560373,1.0,1.0,8.103444687740976e-12,1.1516706479920968e-10,1.1516706478594623e-10
5330,"(6.0, 8.0, 8.0, 11.0, 13.0, 14.0, 14.0, 14.0)",5788692000.0,1,-25.07761457845992,1.0,1.0,1.2850806056017222e-11,1.7275059719881451e-10,1.7275059716897175e-10
5331,"(6.0, 8.0, 9.0, 9.0, 13.0, 13.0, 13.0, 14.0)",5788692000.0,1,-26.26450006142114,1.0,1.0,3.921683612210017e-12,1.7275059719881451e-10,1.7275059716897175e-10
5332,"(6.0, 8.0, 9.0, 11.0, 11.0, 11.0, 13.0, 14.0)",17129112000.000002,1,-25.90324281732069,1.0,1.0,5.6281359704964305e-12,5.838014253161518e-11,5.838014252820693e-11
5333,"(6.0, 8.0, 11.0, 12.0, 12.0, 13.0, 14.0, 14.0)",12300970500.0,1,-25.67350383237533,1.0,1.0,7.081723310698521e-12,8.129439868179507e-11,8.129439867518628e-11
5334,"(6.0, 9.0, 11.0, 11.0, 11.0, 11.0, 13.0, 14.0)",4282278000.000001,1,-26.167893708081003,1.0,1.0,4.3194470995402314e-12,2.3352057012646066e-10,2.335205700719288e-10
5335,"(7.0, 7.0, 7.0, 7.0, 7.0, 8.0, 8.0, 8.0)",441768600.0,1,-24.30962037281236,1.0,1.0,2.7699122752755485e-11,2.2636285150189487e-09,2.2636285098949346e-09
5336,"(7.0, 7.0, 7.0, 7.0, 8.0, 8.0, 11.0, 12.0)",5153967000.000002,1,-24.835877928602716,1.0,1.0,1.636497184195826e-11,1.940253012873384e-10,1.9402530124969258e-10
5337,"(7.0, 7.0, 7.0, 7.0, 8.0, 8.0, 12.0, 12.0)",2147486250.0000005,1,-24.953946405586198,1.0,1.0,1.4542490017152639e-11,4.656607230896122e-10,4.656607228727723e-10
5338,"(7.0, 7.0, 7.0, 7.0, 8.0, 9.0, 9.0, 14.0)",5153967000.000002,1,-25.628907992639785,2.0,4.0,7.404686594220858e-12,3.880506025746768e-10,7.761012049987703e-10
5339,"(7.0, 7.0, 7.0, 8.0, 8.0, 9.0, 13.0, 13.0)",7362810000.000003,1,-25.22260488376624,1.0,1.0,1.1116341491900604e-11,1.3581771090113688e-10,1.3581771088269044e-10
5340,"(7.0, 7.0, 7.0, 8.0, 8.0, 11.0, 12.0, 13.0)",14725620000.000006,1,-24.974657473837404,1.0,1.0,1.4244397080902058e-11,6.790885545056844e-11,6.790885544595683e-11
5341,"(7.0, 7.0, 7.0, 8.0, 8.0, 11.0, 12.0, 14.0)",14725620000.000006,1,-24.88431470746114,1.0,1.0,1.5591196194839175e-11,6.790885545056844e-11,6.790885544595683e-11
5342,"(7.0, 7.0, 7.0, 8.0, 9.0, 9.0, 11.0, 14.0)",16934463000.000008,1,-25.772446180686348,2.0,4.0,6.414589050138507e-12,1.181023573053364e-10,2.362047145967246e-10
5343,"(7.0, 7.0, 7.0, 8.0, 9.0, 11.0, 11.0, 11.0)",5913622000.000004,1,-25.496773060150296,1.0,1.0,8.450689669900598e-12,1.69101102505368e-10,1.691011024767728e-10
5344,"(7.0, 7.0, 7.0, 8.0, 9.0, 11.0, 12.0, 12.0)",14725620000.000006,1,-25.73291001411726,1.0,1.0,6.6732773882939505e-12,6.790885545056844e-11,6.790885544595683e-11
5345,"(7.0, 7.0, 7.0, 8.0, 9.0, 14.0, 14.0, 14.0)",3885927500.000002,1,-25.211468832585883,1.0,1.0,1.1240825483289743e-11,2.5733882065478566e-10,2.573388205885624e-10
5346,"(7.0, 7.0, 7.0, 8.0, 11.0, 11.0, 12.0, 13.0)",14725620000.000006,1,-25.23930836459771,1.0,1.0,1.0932202060920514e-11,6.790885545056844e-11,6.790885544595683e-11
5347,"(7.0, 7.0, 7.0, 8.0, 11.0, 11.0, 12.0, 14.0)",14725620000.000006,1,-25.14896559822145,1.0,1.0,1.1965835142433591e-11,6.790885545056844e-11,6.790885544595683e-11
5348,"(7.0, 7.0, 7.0, 8.0, 12.0, 13.0, 14.0, 14.0)",8393603400.000004,1,-25.04910554622144,1.0,1.0,1.322244242604295e-11,1.1913834289573409e-10,1.1913834288154013e-10
5349,"(7.0, 7.0, 7.0, 9.0, 11.0, 11.0, 11.0, 13.0)",5644821000.000003,1,-25.75666530809873,2.0,4.0,6.516619812435486e-12,3.543070719160092e-10,7.086141437064849e-10
5350,"(7.0, 7.0, 7.0, 9.0, 11.0, 11.0, 12.0, 13.0)",14725620000.000006,1,-25.874733785082213,1.0,1.0,5.790897746914896e-12,6.790885545056844e-11,6.790885544595683e-11
5351,"(7.0, 7.0, 7.0, 9.0, 11.0, 11.0, 14.0, 14.0)",7362810000.000003,1,-25.57122113253433,2.0,4.0,7.844400643002916e-12,2.7163542180227376e-10,5.432708435307618e-10
5352,"(7.0, 7.0, 7.0, 11.0, 11.0, 13.0, 13.0, 14.0)",5828891250.000003,1,-25.286030726374527,1.0,1.0,1.0433172459626796e-11,1.7155921376985708e-10,1.7155921374042452e-10
5353,"(7.0, 7.0, 8.0, 8.0, 8.0, 8.0, 13.0, 13.0)",1459867500.0000007,1,-24.466066760567998,1.0,1.0,2.3687662793327285e-11,6.849936723709511e-10,6.849936719017348e-10
5354,"(7.0, 7.0, 8.0, 8.0, 8.0, 9.0, 11.0, 12.0)",12846834000.000008,1,-25.229077943659725,1.0,1.0,1.1044617136092977e-11,7.784019004215353e-11,7.784019003609443e-11
5355,"(7.0, 7.0, 8.0, 8.0, 8.0, 9.0, 11.0, 14.0)",12846834000.000008,1,-25.015908057488105,1.0,1.0,1.3668761659414589e-11,7.784019004215353e-11,7.784019003609443e-11
5356,"(7.0, 7.0, 8.0, 8.0, 8.0, 9.0, 13.0, 14.0)",11678940000.000006,1,-25.011149414676236,1.0,1.0,1.3733961421987448e-11,8.562420904636889e-11,8.562420903903738e-11
5357,"(7.0, 7.0, 8.0, 8.0, 8.0, 11.0, 14.0, 14.0)",5839470000.000003,1,-24.55003211857578,1.0,1.0,2.1779932043194487e-11,1.7124841809273779e-10,1.7124841806341178e-10
5358,"(7.0, 7.0, 8.0, 8.0, 9.0, 9.0, 11.0, 13.0)",19270251000.00001,1,-25.741676244348863,1.0,1.0,6.615033564679602e-12,5.189346002810235e-11,5.189346002540942e-11
5359,"(7.0, 7.0, 8.0, 8.0, 9.0, 9.0, 11.0, 14.0)",19270251000.00001,1,-25.651333477972607,1.0,1.0,7.240480980458177e-12,5.189346002810235e-11,5.189346002540942e-11
5360,"(7.0, 7.0, 8.0, 8.0, 9.0, 9.0, 13.0, 13.0)",8759205000.000004,1,-25.736917601536994,1.0,1.0,6.6465871632114454e-12,1.1416561206182519e-10,1.1416561204879141e-10
5361,"(7.0, 7.0, 8.0, 8.0, 9.0, 9.0, 14.0, 14.0)",8759205000.000004,1,-25.556232068784468,1.0,1.0,7.962866492416245e-12,1.1416561206182519e-10,1.1416561204879141e-10
5362,"(7.0, 7.0, 8.0, 8.0, 9.0, 11.0, 11.0, 12.0)",19270251000.00001,1,-25.49372883442004,1.0,1.0,8.476454674178919e-12,5.189346002810235e-11,5.189346002540942e-11
5363,"(7.0, 7.0, 8.0, 8.0, 9.0, 11.0, 12.0, 13.0)",35036820000.000015,1,-25.48897019160816,1.0,1.0,8.516887220007725e-12,2.8541403015456298e-11,2.8541403014641686e-11
5364,"(7.0, 7.0, 8.0, 8.0, 9.0, 11.0, 14.0, 14.0)",17518410000.000008,1,-25.18545753906028,1.0,1.0,1.153704978137538e-11,5.7082806030912595e-11,5.708280602765415e-11
5365,"(7.0, 7.0, 8.0, 8.0, 11.0, 11.0, 12.0, 14.0)",17518410000.000008,1,-25.027852895507703,1.0,1.0,1.3506461768149957e-11,5.7082806030912595e-11,5.708280602765415e-11
5366,"(7.0, 7.0, 8.0, 8.0, 11.0, 13.0, 13.0, 14.0)",14471730000.000006,1,-24.900267132900478,1.0,1.0,1.5344452115886682e-11,6.910023887952579e-11,6.910023887475094e-11
5367,"(7.0, 7.0, 8.0, 9.0, 9.0, 11.0, 11.0, 13.0)",19270251000.00001,1,-26.006327135109174,1.0,1.0,5.076865181314423e-12,5.189346002810235e-11,5.189346002540942e-11
5368,"(7.0, 7.0, 8.0, 9.0, 9.0, 11.0, 14.0, 14.0)",17518410000.000008,1,-25.82088295954477,1.0,1.0,6.111291687869413e-12,5.7082806030912595e-11,5.708280602765415e-11
5369,"(7.0, 7.0, 8.0, 9.0, 12.0, 12.0, 13.0, 14.0)",21707595000.000008,1,-25.77658815016381,1.0,1.0,6.388074966251554e-12,4.606682591968386e-11,4.6066825917561706e-11
5370,"(7.0, 7.0, 8.0, 9.0, 12.0, 14.0, 14.0, 14.0)",7235865000.000003,1,-25.47307549761593,1.0,1.0,8.653342117724459e-12,1.3820047775905157e-10,1.382004777399522e-10
5371,"(7.0, 7.0, 8.0, 11.0, 11.0, 11.0, 14.0, 14.0)",5839470000.000003,1,-25.079333900096398,1.0,1.0,1.2828730370159186e-11,1.7124841809273779e-10,1.7124841806341178e-10
5372,"(7.0, 7.0, 8.0, 11.0, 12.0, 12.0, 13.0, 14.0)",21707595000.000008,1,-25.405813620439623,1.0,1.0,9.255403059060797e-12,4.606682591968386e-11,4.6066825917561706e-11
5373,"(7.0, 7.0, 8.0, 11.0, 12.0, 14.0, 14.0, 14.0)",7235865000.000003,1,-25.10230096789174,1.0,1.0,1.2537449784263074e-11,1.3820047775905157e-10,1.382004777399522e-10
5374,"(7.0, 7.0, 8.0, 12.0, 12.0, 12.0, 13.0, 14.0)",4920388200.000002,1,-25.523882097423105,1.0,1.0,8.224676943593785e-12,2.0323599670448758e-10,2.032359966631827e-10
5375,"(7.0, 7.0, 9.0, 9.0, 11.0, 11.0, 13.0, 14.0)",17518410000.000008,1,-26.175876616681347,1.0,1.0,4.285102614969775e-12,5.7082806030912595e-11,5.708280602765415e-11
5376,"(7.0, 7.0, 9.0, 11.0, 11.0, 11.0, 12.0, 13.0)",11678940000.000006,1,-26.018271973128776,3.0,9.0,5.016583592724044e-12,2.5687262713910666e-10,7.706178813513365e-10
5377,"(7.0, 8.0, 8.0, 8.0, 8.0, 11.0, 12.0, 14.0)",4282278000.000001,1,-24.642089302033654,1.0,1.0,1.9864452222794436e-11,2.3352057012646066e-10,2.335205700719288e-10
5378,"(7.0, 8.0, 8.0, 8.0, 9.0, 9.0, 14.0, 14.0)",4282278000.000001,1,-25.43511936607072,1.0,1.0,8.988102423649888e-12,2.3352057012646066e-10,2.335205700719288e-10
5379,"(7.0, 8.0, 8.0, 8.0, 9.0, 12.0, 12.0, 14.0)",7396662000.0,1,-25.39558319950164,1.0,1.0,9.350575726455477e-12,1.3519611954689832e-10,1.3519611952862031e-10
5380,"(7.0, 8.0, 8.0, 8.0, 11.0, 13.0, 14.0, 14.0)",7396662000.0,1,-24.68881166381047,1.0,1.0,1.8957686173519228e-11,1.3519611954689832e-10,1.3519611952862031e-10
5381,"(7.0, 8.0, 8.0, 9.0, 9.0, 9.0, 13.0, 14.0)",8564556000.000001,1,-26.160887552931484,2.0,4.0,4.349816076738008e-12,2.335205701264607e-10,4.670411401983895e-10
5382,"(7.0, 8.0, 8.0, 9.0, 9.0, 12.0, 13.0, 14.0)",22189986000.0,1,-25.90818150019078,1.0,1.0,5.6004089157102526e-12,4.506537318229944e-11,4.506537318026855e-11
5383,"(7.0, 8.0, 8.0, 9.0, 11.0, 11.0, 13.0, 14.0)",25693668000.000004,1,-25.419338493483107,1.0,1.0,9.131067613581752e-12,3.8920095021076785e-11,3.892009501956201e-11
5384,"(7.0, 8.0, 8.0, 11.0, 11.0, 13.0, 13.0, 14.0)",11094993000.0,1,-25.04380532094704,1.0,1.0,1.3292710403133313e-11,9.013074636459887e-11,9.013074635647533e-11
5385,"(7.0, 8.0, 8.0, 11.0, 11.0, 13.0, 14.0, 14.0)",11094993000.0,1,-24.953462554570777,1.0,1.0,1.4549528118273063e-11,9.013074636459887e-11,9.013074635647533e-11
5386,"(7.0, 8.0, 9.0, 9.0, 9.0, 9.0, 13.0, 14.0)",4282278000.000001,1,-26.796312973415983,1.0,1.0,2.3041414692032705e-12,2.3352057012646066e-10,2.335205700719288e-10
5387,"(7.0, 8.0, 9.0, 9.0, 11.0, 11.0, 12.0, 14.0)",25693668000.000004,1,-26.17759103376296,1.0,1.0,4.277762455695298e-12,3.8920095021076785e-11,3.892009501956201e-11
5388,"(7.0, 8.0, 9.0, 9.0, 11.0, 11.0, 13.0, 14.0)",25693668000.000004,1,-26.054763913967605,1.0,1.0,4.83681865517641e-12,3.8920095021076785e-11,3.892009501956201e-11
5389,"(7.0, 8.0, 9.0, 11.0, 11.0, 12.0, 12.0, 14.0)",22189986000.0,1,-25.92488498102225,1.0,1.0,5.5076395354473225e-12,4.506537318229944e-11,4.506537318026855e-11
5390,"(7.0, 8.0, 9.0, 12.0, 12.0, 12.0, 12.0, 13.0)",2050161750.0,1,-26.25136470136548,1.0,1.0,3.973536143775905e-12,4.877663920907704e-10,4.877663918528543e-10
5391,"(7.0, 9.0, 9.0, 11.0, 11.0, 11.0, 13.0, 14.0)",8564556000.000001,1,-26.319414804727916,1.0,1.0,3.712131764517589e-12,1.1676028506323035e-10,1.1676028504959738e-10
5392,"(7.0, 9.0, 9.0, 11.0, 13.0, 14.0, 14.0, 14.0)",5788692000.0,1,-26.129211986351635,1.0,1.0,4.489804365186298e-12,1.7275059719881451e-10,1.7275059716897175e-10
5393,"(8.0, 8.0, 8.0, 9.0, 11.0, 13.0, 13.0, 14.0)",5249244000.000001,1,-25.29346714795749,1.0,1.0,1.0355874756140131e-11,1.9050362299790213e-10,1.9050362296161051e-10
5394,"(8.0, 8.0, 8.0, 11.0, 12.0, 13.0, 13.0, 14.0)",4294836000.000001,1,-25.04076109521678,1.0,1.0,1.3333238070552869e-11,2.328377614418804e-10,2.3283776138766697e-10
5395,"(8.0, 8.0, 8.0, 13.0, 13.0, 14.0, 14.0, 14.0)",529074000.0000001,1,-24.73248979985702,1.0,1.0,1.8147472885743757e-11,1.890094769351735e-09,1.8900947657792766e-09
5396,"(8.0, 8.0, 9.0, 11.0, 11.0, 11.0, 11.0, 13.0)",1450449000.0000002,1,-25.65797809071781,1.0,1.0,7.192530271621602e-12,6.89441683230503e-10,6.894416827551732e-10
5397,"(8.0, 8.0, 9.0, 11.0, 12.0, 13.0, 13.0, 14.0)",12884508000.000002,1,-25.676186515701275,1.0,1.0,7.062750749718919e-12,7.761258714729347e-11,7.761258714126976e-11
5398,"(8.0, 8.0, 11.0, 11.0, 13.0, 14.0, 14.0, 14.0)",2147418000.0,1,-25.001899333429204,1.0,1.0,1.3861591063219277e-11,4.656755228837609e-10,4.656755226669072e-10
5399,"(8.0, 9.0, 9.0, 9.0, 11.0, 12.0, 13.0, 13.0)",5249244000.000001,1,-26.777487875098103,1.0,1.0,2.3479280087577413e-12,1.9050362299790213e-10,1.9050362296161051e-10
5400,"(8.0, 9.0, 9.0, 11.0, 11.0, 11.0, 11.0, 14.0)",1450449000.0000002,1,-26.203060744826047,1.0,1.0,4.170184882265144e-12,6.89441683230503e-10,6.894416827551732e-10
